Source League ID,League Name,League Level,Players,Total G,Total PA,Total AB,Average Age,FGPts_per_game,BB_K_ratio,Speed_score,HR_IFFB_ratio,LD%,2B_3B_pct,wRC+
2,International League,AAA,639.0,28578.0,112040.0,97315.0,26.2531506604784,6.473791028063546,0.4649207389979558,4.852013392312967,0.8213632419455237,0.2368690656226169,0.05496583260545651,100.05670945413681
4,Pacific Coast League,AAA,319.0,14363.0,59443.0,51169.0,26.748599498679408,7.5268397966998535,0.5198042870456664,5.152239791922292,0.8937851806473934,0.24754571914240533,0.0627137524673142,99.58655549580126
5,Eastern League,AA,324.0,15640.0,60309.0,52638.0,23.43917159959542,5.609526854219949,0.42375590770086186,4.977234708939081,0.49173940209004835,0.22795073067756055,0.0538394315893461,100.04653251895428
