Metric,wRC+ Correlation,N
FGPts_per_game,0.7924963809424062,1282
BB_K_ratio,0.42195905824635027,1228
Speed_score,0.2997830672402457,1282
HR_IFFB_ratio,0.4070085195863191,1075
LD%,0.33444258532687676,1249
2B_3B_pct,0.5301544169210078,1249
