Player,Fantasy Roster,Team,League,Level,Highest League,Age,Draft Class,G,FP/G,AB/G,Age+,FG/G+,Approach+,Speed+,LD%+,HR/FB+,wRC+,5 Tool+,Hitter+,Hitter+_Previous_League,Est FB,AB,H,HR,R,RBI,SB,CS,BA,OBP,SLP,OPS,BABIP,BB%,K%,LD%,GB%,FB%,IFFB%,HR/FB%
Juan Tomas,Available,CHC,Carolina League,A,Yes,18.0,,3.0,12.2,4.0,112.7,176.1,73.1,113.5,212.3,838.2,227.0,129.5,138.4,113.7,0.9,12.0,5.0,1.0,4.0,1.0,1.0,0.0,0.417,0.5,0.75,1.25,0.571,0.143,0.286,0.5,0.375,0.125,0.0,1.0
Yostin Pena,Hand Foot Mouth Disease Guys (MINORS),NYY,Florida State League,A,Yes,18.0,,24.0,12.4,4.0,116.3,178.8,117.9,163.4,114.1,191.3,141.0,123.2,118.5,125.5,21.1,96.0,31.0,6.0,22.0,23.0,10.0,2.0,0.323,0.389,0.552,0.941,0.333,0.083,0.148,0.269,0.449,0.282,0.273,0.273
Brailyn Antunez,Lászlaró Tóth (MINORS),MIL,Carolina League,A,Yes,18.0,,34.0,11.3,3.6,112.7,163.9,75.3,115.2,129.5,244.7,168.0,120.9,124.0,108.8,23.4,124.0,42.0,7.0,27.0,33.0,10.0,4.0,0.339,0.45,0.573,1.022,0.438,0.113,0.247,0.305,0.402,0.293,0.042,0.292
Miguel Hernández,Bobby and the NitWitts (MINORS),STL,Florida State League,A,Yes,18.0,,25.0,7.8,3.2,116.3,111.5,109.8,127.1,144.2,100.2,163.0,120.6,119.3,127.1,14.0,79.0,24.0,2.0,16.0,8.0,7.0,3.0,0.304,0.466,0.494,0.96,0.44,0.194,0.262,0.34,0.38,0.28,0.214,0.143
Ronald Ramirez,Available,DET,Florida State League,A,Yes,19.0,,13.0,4.5,2.5,110.2,64.1,66.6,128.9,127.2,233.3,139.0,119.3,121.1,102.4,3.1,32.0,10.0,1.0,5.0,2.0,1.0,0.0,0.312,0.389,0.531,0.92,0.429,0.111,0.278,0.3,0.55,0.15,0.333,0.333
Jaiden Lo Re,Available,BAL,Carolina League,A,No,19.0,,56.0,10.0,3.6,106.8,145.0,355.7,111.8,120.6,29.3,147.0,118.8,125.0,117.6,58.3,203.0,66.0,2.0,38.0,37.0,16.0,4.0,0.325,0.439,0.443,0.882,0.356,0.166,0.089,0.284,0.392,0.324,0.263,0.035
Chase Davis,Available,STL,Florida State League,A,No,24.0,,4.0,10.5,3.0,87.2,150.9,181.9,20.0,159.0,350.3,175.0,118.5,151.1,63.2,1.8,12.0,3.0,1.0,3.0,4.0,0.0,0.0,0.25,0.5,0.5,1.0,0.286,0.333,0.222,0.375,0.375,0.25,0.5,0.5
Wilder Dalis,Available,COL,California League,A,No,19.0,,71.0,12.2,3.9,110.6,157.6,104.4,134.2,111.9,211.4,144.0,118.1,118.0,89.5,54.2,277.0,86.0,16.0,64.0,68.0,23.0,3.0,0.31,0.409,0.574,0.983,0.378,0.134,0.241,0.253,0.455,0.293,0.121,0.276
Sebastian Dos Santos,Daddy Yankee (MINORS),STL,Florida State League,A,Yes,18.0,,55.0,9.9,3.6,116.3,142.8,118.3,108.9,123.8,145.7,129.0,118.0,117.6,126.3,46.2,199.0,49.0,10.0,47.0,36.0,18.0,4.0,0.246,0.4,0.437,0.837,0.295,0.173,0.235,0.292,0.358,0.35,0.167,0.208
Rylan Mills,Available,MIL,Carolina League,A,Yes,19.0,,62.0,6.8,3.4,106.8,98.7,54.6,80.8,142.7,260.7,118.0,117.8,127.7,122.7,41.1,209.0,49.0,14.0,35.0,32.0,5.0,2.0,0.234,0.356,0.483,0.839,0.33,0.16,0.36,0.336,0.276,0.388,0.2,0.311
Victor Leal,Available,MIN,Florida State League,A,Yes,19.0,,2.0,5.0,1.5,110.2,71.9,54.5,136.1,424.0,100.0,78.0,117.7,117.3,81.2,0.0,3.0,0.0,0.0,2.0,0.0,1.0,0.0,0.0,0.4,0.0,0.4,0.0,0.2,0.4,1.0,0.0,0.0,0.0,0.0
Luis Fragoza,Available,MIN,Florida State League,A,No,19.0,,59.0,10.4,3.6,110.2,149.1,53.6,107.1,123.8,251.5,157.0,116.9,120.1,85.4,36.0,211.0,68.0,14.0,43.0,51.0,15.0,2.0,0.322,0.398,0.607,1.005,0.406,0.082,0.269,0.292,0.438,0.271,0.077,0.359
Boston Baro,Available,NYM,Florida State League,A,Yes,21.0,,9.0,6.5,3.2,99.7,93.4,206.6,112.5,169.6,0.0,76.0,116.2,125.5,96.3,5.0,29.0,7.0,0.0,4.0,3.0,3.0,0.0,0.241,0.333,0.31,0.644,0.28,0.121,0.121,0.4,0.4,0.2,0.4,0.0
Luis Escudero,Available,NYY,Florida State League,A,Yes,20.0,,52.0,9.7,2.9,104.7,140.0,219.7,108.9,101.3,152.0,164.0,115.9,122.1,96.4,43.2,153.0,44.0,10.0,45.0,28.0,14.0,2.0,0.288,0.455,0.556,1.011,0.309,0.223,0.168,0.239,0.368,0.393,0.326,0.217
Dax Kilby,Hand Foot Mouth Disease Guys (MINORS),NYY,Florida State League,A,Yes,19.0,,32.0,11.4,3.6,110.2,163.9,187.2,137.9,103.5,100.2,143.0,115.9,114.1,81.8,27.3,115.0,30.0,4.0,26.0,26.0,12.0,3.0,0.261,0.448,0.435,0.883,0.325,0.253,0.201,0.244,0.415,0.341,0.214,0.143
Roberto Campos,Available,DET,Florida State League,A,No,23.0,,6.0,2.1,2.3,91.0,29.9,288.6,10.9,176.8,100.0,71.0,115.4,144.4,120.2,0.0,14.0,3.0,0.0,1.0,0.0,0.0,0.0,0.214,0.353,0.214,0.567,0.25,0.176,0.118,0.417,0.583,0.0,0.0,0.0
Angel De Los Santos,Available,DET,Florida State League,A,Yes,18.0,,24.0,8.2,3.9,116.3,118.6,67.2,121.6,123.0,123.3,81.0,114.1,109.2,104.7,17.3,94.0,22.0,3.0,18.0,12.0,10.0,3.0,0.234,0.314,0.362,0.676,0.302,0.105,0.267,0.29,0.435,0.274,0.118,0.176
Josue Briceño,Hand Foot Mouth Disease Guys (MINORS),DET,Florida State League,A,No,21.0,,7.0,6.2,2.9,99.7,89.3,163.5,1.8,169.6,175.1,160.0,113.9,137.2,66.8,3.7,20.0,6.0,1.0,2.0,3.0,0.0,0.0,0.3,0.44,0.55,0.99,0.357,0.2,0.2,0.4,0.333,0.267,0.5,0.25
Ricson Gonzalez,Available,KC,Carolina League,A,No,21.0,,19.0,5.3,3.0,96.6,76.2,251.0,68.8,152.9,0.0,111.0,113.4,129.2,104.6,14.0,57.0,17.0,0.0,9.0,5.0,1.0,0.0,0.298,0.403,0.351,0.754,0.34,0.134,0.104,0.36,0.36,0.28,0.214,0.0
Jake Rucker,Available,MIN,Florida State League,A,No,26.0,,3.0,13.7,4.0,80.5,196.4,599.4,16.3,154.3,140.1,317.0,113.2,147.3,119.5,4.5,12.0,7.0,1.0,3.0,1.0,0.0,0.0,0.583,0.667,1.0,1.667,0.6,0.2,0.067,0.364,0.182,0.455,0.0,0.2
Arjun Nimmala,Cant Park Here (MINORS),LAA,Florida State League,A,No,20.0,,3.0,5.3,3.0,104.7,76.7,136.3,36.3,169.6,100.0,99.0,112.7,126.9,120.1,0.0,9.0,2.0,0.0,2.0,1.0,0.0,0.0,0.222,0.417,0.222,0.639,0.333,0.25,0.25,0.4,0.6,0.0,0.0,0.0
Pablo Guerrero,Available,TEX,Carolina League,A,Yes,19.0,,37.0,9.6,3.4,106.8,138.8,115.9,60.2,118.1,217.1,174.0,112.7,122.1,134.9,25.5,127.0,42.0,7.0,24.0,31.0,2.0,0.0,0.331,0.455,0.567,1.022,0.412,0.167,0.224,0.278,0.422,0.3,0.296,0.259
Taitn Gray,Hand Foot Mouth Disease Guys (MINORS),TB,Carolina League,A,Yes,18.0,,76.0,8.2,3.4,112.7,118.1,98.5,111.8,110.4,142.5,131.0,112.4,110.3,117.8,45.8,260.0,77.0,8.0,37.0,52.0,13.0,3.0,0.296,0.389,0.462,0.851,0.361,0.128,0.218,0.26,0.5,0.24,0.106,0.17
Ricardo Paez,Available,MIN,Florida State League,A,Yes,19.0,,25.0,4.4,3.1,110.2,63.2,83.1,88.9,166.2,39.2,76.0,112.2,114.9,91.4,17.6,77.0,16.0,1.0,11.0,5.0,3.0,0.0,0.208,0.333,0.286,0.619,0.3,0.161,0.29,0.392,0.255,0.353,0.278,0.056
Franklin Primera,Lászlaró Tóth (MINORS),BOS,Carolina League,A,Yes,19.0,,46.0,8.7,3.6,106.8,126.2,220.7,77.4,100.2,116.5,159.0,112.0,118.5,118.4,35.0,164.0,54.0,5.0,36.0,24.0,2.0,1.0,0.329,0.466,0.494,0.96,0.36,0.126,0.112,0.236,0.507,0.257,0.222,0.139
Cole Mathis,Skrrt vs The World (MINORS),NYM,Carolina League,A,No,22.0,,14.0,14.1,3.6,92.2,204.2,81.8,99.7,115.9,367.1,203.0,111.8,125.1,68.0,13.1,51.0,15.0,7.0,14.0,17.0,3.0,0.0,0.294,0.439,0.765,1.204,0.296,0.152,0.273,0.273,0.242,0.485,0.25,0.438
Tyler Rodriguez,Available,MIL,Carolina League,A,No,20.0,,25.0,7.7,2.8,101.4,110.9,301.5,87.7,92.6,83.8,128.0,111.8,120.4,49.6,20.0,69.0,15.0,2.0,19.0,9.0,7.0,5.0,0.217,0.439,0.362,0.801,0.236,0.255,0.133,0.218,0.418,0.364,0.45,0.1
Cruzmel Arias,Available,COL,California League,A,Yes,22.0,,6.0,8.8,4.2,95.5,113.3,46.7,109.1,116.3,382.9,102.0,111.5,121.2,82.2,2.0,25.0,7.0,1.0,7.0,4.0,0.0,1.0,0.28,0.333,0.48,0.813,0.316,0.037,0.185,0.263,0.632,0.105,0.5,0.5
Kellon Lindsey,Available,LAD,California League,A,Yes,20.0,,61.0,9.7,3.8,105.0,125.7,113.7,142.6,103.0,140.1,136.0,111.2,109.3,106.5,58.0,229.0,66.0,11.0,55.0,26.0,18.0,1.0,0.288,0.421,0.507,0.928,0.379,0.172,0.259,0.233,0.367,0.4,0.25,0.183
Conor Essenburg,Je suis Charlie Morton (MINORS),ATL,Carolina League,A,No,19.0,,59.0,9.9,3.7,106.8,143.1,78.1,108.3,101.1,225.5,161.0,111.0,112.6,105.2,48.4,220.0,63.0,14.0,48.0,44.0,6.0,2.0,0.286,0.427,0.564,0.99,0.405,0.197,0.315,0.238,0.362,0.4,0.058,0.269
Enrique Jimenez,Available,MIN,Florida State League,A,No,20.0,,11.0,9.6,3.2,104.7,138.5,253.3,38.1,97.9,140.1,170.0,110.9,123.7,113.6,10.0,35.0,11.0,2.0,9.0,8.0,0.0,1.0,0.314,0.49,0.514,1.004,0.346,0.265,0.163,0.231,0.385,0.385,0.3,0.2
Juan Martinez,The Hot and Steamy Boys (MINORS),COL,California League,A,Yes,19.0,,24.0,8.1,3.8,110.6,105.0,164.4,99.0,119.4,36.8,109.0,110.9,111.0,131.2,21.0,90.0,25.0,1.0,14.0,16.0,2.0,2.0,0.278,0.365,0.456,0.821,0.324,0.115,0.154,0.27,0.446,0.284,0.286,0.048
Cris Rodriguez,Bobby and the NitWitts (MINORS),DET,Florida State League,A,Yes,18.0,,8.0,10.9,4.0,116.3,157.2,12.1,116.2,89.5,262.7,188.0,110.8,104.4,115.6,6.7,32.0,11.0,3.0,7.0,9.0,0.0,1.0,0.344,0.364,0.812,1.176,0.5,0.03,0.394,0.211,0.368,0.421,0.0,0.375
Reiner Herrera,Available,CLE,Carolina League,A,Yes,20.0,,39.0,9.0,3.1,101.4,130.4,169.1,92.8,99.4,172.7,144.0,110.5,117.5,107.1,32.2,121.0,33.0,7.0,20.0,30.0,8.0,4.0,0.273,0.414,0.496,0.91,0.292,0.17,0.17,0.234,0.404,0.362,0.235,0.206
David Guzman,Available,TOR,Florida State League,A,No,20.0,,3.0,4.0,3.3,104.7,57.5,102.2,38.1,159.0,100.0,127.0,110.4,122.9,114.9,0.0,10.0,3.0,0.0,0.0,1.0,0.0,1.0,0.3,0.417,0.4,0.817,0.375,0.083,0.167,0.375,0.625,0.0,0.0,0.0
Alexander Frias,Lászlaró Tóth (MINORS),STL,Florida State League,A,Yes,18.0,,25.0,7.2,3.7,116.3,102.9,71.9,136.1,113.2,66.6,101.0,110.4,100.9,124.5,21.7,93.0,23.0,2.0,15.0,11.0,6.0,1.0,0.247,0.355,0.376,0.731,0.339,0.118,0.273,0.267,0.383,0.35,0.19,0.095
Jaxson West,Available,TOR,Florida State League,A,No,22.0,,9.0,9.9,3.8,95.2,142.1,71.2,78.0,160.7,140.1,173.0,110.0,123.1,133.4,4.8,34.0,15.0,1.0,9.0,6.0,1.0,1.0,0.441,0.459,0.588,1.048,0.5,0.054,0.162,0.379,0.448,0.172,0.2,0.2
Matthew Miura,Available,STL,Florida State League,A,Yes,22.0,,60.0,8.7,3.5,95.2,124.9,257.7,112.5,103.5,52.5,119.0,109.7,117.8,62.8,41.7,208.0,58.0,3.0,36.0,31.0,22.0,5.0,0.279,0.403,0.375,0.778,0.314,0.162,0.123,0.244,0.518,0.238,0.2,0.075
Michael Dattalo,Available,STL,Florida State League,A,No,22.0,,31.0,8.8,3.7,95.2,126.6,268.1,67.2,117.9,44.1,157.0,109.1,123.2,119.2,16.5,114.0,42.0,1.0,15.0,21.0,3.0,0.0,0.368,0.463,0.474,0.937,0.41,0.132,0.103,0.278,0.557,0.165,0.188,0.063
Aidan Redahan,Available,COL,California League,A,Yes,24.0,,12.0,6.9,3.0,87.5,89.6,184.5,65.4,130.9,153.2,143.0,108.9,128.4,62.1,5.2,36.0,11.0,1.0,8.0,5.0,1.0,1.0,0.306,0.457,0.444,0.901,0.357,0.13,0.152,0.296,0.519,0.185,0.2,0.2
Pablo Nunez,Available,CIN,Florida State League,A,Yes,19.0,,14.0,6.1,3.2,110.2,87.3,434.4,47.2,100.5,0.0,88.0,108.9,115.2,116.6,8.2,45.0,8.0,0.0,11.0,4.0,0.0,0.0,0.178,0.403,0.178,0.581,0.205,0.222,0.095,0.237,0.553,0.211,0.125,0.0
Ethan Conrad,Ben the Hen (MINORS),CHC,Carolina League,A,No,21.0,,29.0,7.5,3.8,96.6,108.3,92.0,65.3,144.8,140.0,106.0,108.4,121.3,137.6,22.8,110.0,27.0,4.0,14.0,21.0,0.0,0.0,0.245,0.325,0.436,0.762,0.284,0.106,0.203,0.341,0.376,0.282,0.167,0.167
Jose Silva,Available,CHC,Carolina League,A,Yes,19.0,,37.0,5.9,2.5,106.8,86.0,137.5,118.6,100.6,93.0,135.0,108.4,106.7,104.8,17.4,92.0,19.0,2.0,25.0,12.0,3.0,0.0,0.207,0.451,0.315,0.766,0.298,0.286,0.248,0.237,0.458,0.305,0.278,0.111
Felix Cotes,Available,TB,Carolina League,A,No,20.0,,20.0,6.5,3.5,101.4,93.3,116.1,123.8,141.4,0.0,112.0,108.3,109.5,88.7,10.2,69.0,19.0,0.0,12.0,5.0,6.0,4.0,0.275,0.383,0.362,0.745,0.365,0.148,0.21,0.333,0.471,0.196,0.3,0.0
Hedbert Perez,Available,TOR,Florida State League,A,No,23.0,,3.0,15.2,3.7,91.0,218.0,39.8,79.9,181.9,175.1,234.0,108.2,122.8,110.8,3.4,11.0,5.0,1.0,2.0,4.0,2.0,1.0,0.455,0.5,0.818,1.318,0.667,0.083,0.333,0.429,0.0,0.571,0.0,0.25
Ronny Ugarte,Available,COL,California League,A,Yes,21.0,,29.0,6.8,3.6,100.0,87.8,127.0,43.6,130.4,153.2,107.0,108.2,121.6,126.0,10.2,104.0,32.0,2.0,21.0,15.0,0.0,1.0,0.308,0.388,0.394,0.783,0.375,0.124,0.198,0.295,0.577,0.128,0.1,0.2
Manuel Campos,Available,ATL,Carolina League,A,Yes,18.0,,25.0,7.7,4.3,112.7,111.1,28.2,146.2,118.1,76.3,82.0,108.2,98.4,104.8,22.9,107.0,28.0,2.0,16.0,13.0,8.0,3.0,0.262,0.292,0.402,0.694,0.347,0.044,0.274,0.278,0.417,0.306,0.318,0.091
Jack Lines,Available,TB,Carolina League,A,Yes,20.0,,22.0,5.4,3.0,101.4,77.9,42.9,106.6,125.3,167.6,105.0,108.0,111.4,133.4,9.3,66.0,13.0,2.0,11.0,8.0,4.0,2.0,0.197,0.346,0.379,0.724,0.268,0.074,0.284,0.295,0.477,0.227,0.2,0.2
Justin Barry,Available,BOS,Carolina League,A,Yes,19.0,,20.0,7.1,3.1,106.8,102.7,79.8,94.6,129.9,83.8,96.0,107.9,109.3,58.5,10.3,63.0,13.0,1.0,9.0,6.0,11.0,3.0,0.206,0.375,0.317,0.692,0.324,0.2,0.313,0.306,0.417,0.278,0.4,0.1
Jake Cook,Available,TOR,Florida State League,A,Yes,22.0,,72.0,8.4,3.8,95.2,120.3,78.9,154.3,131.0,65.9,102.0,107.2,107.9,80.9,52.7,272.0,68.0,5.0,56.0,40.0,21.0,4.0,0.25,0.367,0.371,0.738,0.356,0.143,0.284,0.309,0.393,0.298,0.321,0.094
Christofer Reyes,Available,NYY,Florida State League,A,Yes,18.0,,12.0,2.2,2.8,116.3,31.7,28.0,74.4,156.0,0.0,45.0,107.2,104.3,72.7,5.0,34.0,7.0,0.0,4.0,1.0,1.0,1.0,0.206,0.27,0.265,0.535,0.368,0.081,0.405,0.368,0.368,0.263,0.6,0.0
Kevin Verde,Available,NYY,Florida State League,A,No,20.0,,12.0,4.9,2.8,104.7,70.1,39.8,112.5,127.2,117.0,29.0,107.1,106.9,122.6,6.0,33.0,5.0,1.0,4.0,6.0,3.0,1.0,0.152,0.222,0.273,0.495,0.2,0.083,0.333,0.3,0.4,0.3,0.5,0.167
Marco Vargas,Available,NYM,Florida State League,A,No,21.0,,8.0,8.2,3.4,99.7,117.7,81.5,99.8,121.3,140.1,124.0,106.9,111.9,95.9,5.4,27.0,7.0,1.0,7.0,5.0,1.0,0.0,0.259,0.412,0.407,0.819,0.4,0.206,0.324,0.286,0.357,0.357,0.2,0.2
Javier Herrera,Available,LAD,California League,A,Yes,21.0,,68.0,7.5,3.4,100.0,97.1,124.6,144.3,111.9,54.4,100.0,106.9,105.4,88.7,42.5,229.0,61.0,3.0,53.0,30.0,14.0,2.0,0.266,0.376,0.384,0.76,0.345,0.145,0.221,0.253,0.494,0.253,0.167,0.071
Cristian Arguelles,Cant Park Here (MINORS),COL,California League,A,Yes,19.0,,35.0,7.8,4.1,110.6,100.5,197.9,94.0,87.5,49.8,80.0,106.9,105.0,114.2,31.5,142.0,35.0,2.0,19.0,22.0,5.0,2.0,0.246,0.327,0.366,0.693,0.268,0.099,0.117,0.198,0.545,0.256,0.194,0.065
Cristofer Lebrón,Available,STL,Florida State League,A,Yes,19.0,,15.0,4.4,3.5,110.2,62.8,25.3,99.8,169.6,0.0,51.0,106.8,104.4,109.1,3.7,53.0,13.0,0.0,5.0,2.0,7.0,2.0,0.245,0.293,0.245,0.538,0.419,0.069,0.397,0.4,0.48,0.12,0.333,0.0
Kelvin Alcantara,Available,SEA,California League,A,Yes,20.0,,4.0,9.4,3.5,105.0,121.4,26.6,33.6,110.5,382.9,154.0,106.6,116.8,103.3,1.8,14.0,5.0,1.0,3.0,4.0,0.0,0.0,0.357,0.4,0.643,1.043,0.571,0.067,0.4,0.25,0.5,0.25,0.0,0.5
Randy Guzman,Available,NYM,Florida State League,A,No,21.0,,60.0,8.3,3.5,99.7,118.9,71.7,116.2,102.2,191.3,128.0,106.6,109.0,100.0,41.5,208.0,57.0,12.0,43.0,41.0,5.0,1.0,0.274,0.377,0.514,0.891,0.338,0.113,0.267,0.241,0.447,0.312,0.182,0.273
Samil Dishmey,Available,LAA,California League,A,Yes,20.0,,26.0,4.8,3.2,105.0,61.8,30.9,114.1,135.3,85.0,88.0,106.6,105.6,115.7,17.2,82.0,21.0,2.0,9.0,8.0,4.0,2.0,0.256,0.322,0.439,0.761,0.404,0.067,0.367,0.306,0.327,0.367,0.167,0.111
J.P. Cabrera,Not in Fantrax,STL,Florida State League,A,Yes,19.0,,25.0,5.5,3.6,110.2,79.3,61.6,87.1,134.4,49.7,61.0,106.4,105.5,108.1,14.7,89.0,19.0,1.0,14.0,13.0,1.0,0.0,0.213,0.278,0.315,0.593,0.273,0.07,0.22,0.317,0.46,0.222,0.286,0.071
Victor Rodriguez,Available,LAA,California League,A,Yes,20.0,,22.0,3.8,3.6,105.0,48.6,29.5,77.2,137.5,127.9,51.0,106.3,110.3,130.9,11.7,79.0,15.0,2.0,10.0,5.0,0.0,0.0,0.19,0.247,0.392,0.639,0.295,0.071,0.388,0.311,0.422,0.267,0.167,0.167
Sam Shaw,Available,TOR,Florida State League,A,No,21.0,,6.0,6.8,3.3,99.7,98.2,87.2,92.6,163.2,0.0,133.0,106.2,111.6,82.6,5.0,20.0,6.0,0.0,6.0,2.0,0.0,0.0,0.3,0.417,0.45,0.867,0.462,0.16,0.28,0.385,0.231,0.385,0.6,0.0
Brent Iredale,Available,PIT,Florida State League,A,No,22.0,,70.0,7.4,3.2,95.2,106.5,79.4,99.8,109.0,204.6,124.0,106.0,113.5,90.8,44.9,227.0,55.0,14.0,41.0,40.0,7.0,0.0,0.242,0.379,0.485,0.863,0.313,0.159,0.297,0.257,0.4,0.343,0.146,0.292
Jeffery Heard,Available,LAA,California League,A,Yes,23.0,,28.0,10.2,3.2,91.3,131.6,133.0,157.7,105.2,95.7,134.0,106.0,108.0,89.9,23.6,90.0,25.0,3.0,21.0,18.0,12.0,0.0,0.278,0.42,0.5,0.92,0.355,0.161,0.223,0.238,0.381,0.381,0.375,0.125
Luis Arana,Waivers,MIA,Florida State League,A,Yes,18.0,,65.0,7.9,3.7,116.3,113.8,118.1,118.0,92.0,33.6,91.0,105.7,95.8,106.5,43.3,241.0,61.0,2.0,47.0,23.0,30.0,10.0,0.253,0.354,0.328,0.681,0.317,0.121,0.191,0.217,0.55,0.233,0.119,0.048
Shotaro Morii,Bobby and the NitWitts (MINORS),ATH,California League,A,Yes,19.0,,63.0,4.9,2.8,110.6,63.9,67.1,120.8,107.4,75.0,75.0,105.6,99.2,108.8,40.7,176.0,40.0,4.0,32.0,24.0,5.0,3.0,0.227,0.325,0.369,0.695,0.316,0.111,0.295,0.243,0.4,0.357,0.073,0.098
Josuar Gonzalez,The Hot and Steamy Boys (MINORS),SF,California League,A,Yes,18.0,,31.0,14.0,4.2,116.7,181.1,140.0,140.9,57.9,88.1,151.0,105.4,91.7,95.3,25.8,129.0,46.0,3.0,32.0,35.0,13.0,4.0,0.357,0.444,0.566,1.01,0.439,0.137,0.196,0.131,0.606,0.263,0.154,0.115
Luis Cova,Available,MIA,Florida State League,A,Yes,19.0,,62.0,6.2,3.3,110.2,89.0,120.0,114.3,103.0,32.9,70.0,105.3,99.8,113.3,65.2,207.0,38.0,3.0,26.0,22.0,20.0,4.0,0.184,0.318,0.285,0.603,0.232,0.165,0.227,0.243,0.324,0.432,0.234,0.047
Louis Andujar,Available,BOS,Carolina League,A,Yes,18.0,,63.0,7.5,3.7,112.7,109.2,72.8,120.4,89.6,111.5,103.0,105.2,97.1,101.3,59.2,233.0,57.0,8.0,45.0,29.0,14.0,4.0,0.245,0.352,0.412,0.764,0.299,0.095,0.227,0.211,0.428,0.361,0.267,0.133
Romeli Espinosa,Available,PHI,Florida State League,A,No,18.0,,6.0,2.2,2.2,116.3,32.3,20.6,92.6,141.2,0.0,60.0,105.1,98.3,82.1,2.3,13.0,2.0,0.0,2.0,1.0,0.0,0.0,0.154,0.294,0.308,0.602,0.286,0.059,0.412,0.333,0.333,0.333,0.0,0.0
Jesmaylin Arias,Available,SD,California League,A,Yes,19.0,,22.0,4.8,3.3,110.6,62.7,75.0,129.2,118.9,0.0,58.0,105.0,96.9,105.5,18.3,72.0,15.0,0.0,12.0,6.0,3.0,1.0,0.208,0.296,0.306,0.602,0.283,0.086,0.235,0.269,0.385,0.346,0.167,0.0
Johan De Los Santos,Hand Foot Mouth Disease Guys (MINORS),PIT,Florida State League,A,Yes,17.0,,21.0,8.7,4.1,123.1,125.2,84.5,161.5,67.8,33.6,46.0,104.9,83.5,112.1,20.7,87.0,19.0,1.0,16.0,9.0,13.0,2.0,0.218,0.258,0.31,0.568,0.243,0.054,0.14,0.16,0.56,0.28,0.429,0.048
Victor Cardoza,Available,PHI,Florida State League,A,Yes,20.0,,64.0,5.5,3.2,104.7,78.6,39.9,119.8,139.1,22.4,79.0,104.8,102.0,107.0,32.5,202.0,53.0,1.0,38.0,26.0,9.0,3.0,0.262,0.327,0.351,0.679,0.397,0.075,0.314,0.328,0.424,0.248,0.194,0.032
Joephillip Guzman,Available,BAL,Carolina League,A,Yes,19.0,,4.0,4.5,3.2,106.8,65.1,42.7,77.4,182.2,0.0,114.0,104.7,106.4,89.8,2.0,13.0,3.0,0.0,2.0,1.0,0.0,0.0,0.231,0.375,0.385,0.76,0.429,0.125,0.375,0.429,0.286,0.286,0.5,0.0
Brody Donay,Available,TB,Carolina League,A,Yes,22.0,,40.0,5.6,3.0,92.2,80.5,64.4,116.9,116.4,167.6,106.0,104.6,110.8,99.6,20.3,120.0,24.0,4.0,21.0,14.0,6.0,1.0,0.2,0.374,0.333,0.708,0.317,0.186,0.346,0.274,0.403,0.323,0.4,0.2
Truitt Madonna,Available,SD,California League,A,Yes,19.0,,99.0,5.9,3.5,110.6,76.1,74.3,110.7,112.8,43.7,74.0,104.6,98.8,51.9,69.6,342.0,70.0,4.0,52.0,45.0,16.0,6.0,0.205,0.328,0.325,0.652,0.313,0.146,0.317,0.255,0.415,0.33,0.171,0.057
Merphy Hernandez,Available,MIN,Florida State League,A,Yes,19.0,,61.0,9.7,3.4,110.2,140.1,79.0,159.7,84.8,70.1,103.0,104.6,92.2,90.5,39.8,210.0,56.0,4.0,45.0,24.0,51.0,11.0,0.267,0.364,0.376,0.74,0.349,0.103,0.236,0.2,0.533,0.267,0.275,0.1
Caden Merritt,Available,ATL,Carolina League,A,Yes,19.0,,44.0,7.3,3.4,106.8,105.9,60.6,135.8,96.4,109.0,92.0,104.5,97.8,91.3,22.2,151.0,31.0,3.0,25.0,26.0,15.0,7.0,0.205,0.348,0.325,0.672,0.329,0.162,0.341,0.227,0.511,0.261,0.13,0.13
Hayden Jatczak,Available,SF,California League,A,No,24.0,,67.0,9.9,3.8,87.5,127.7,163.3,99.0,119.4,93.4,122.0,104.4,116.3,74.8,73.3,254.0,75.0,9.0,60.0,52.0,6.0,3.0,0.295,0.395,0.5,0.895,0.333,0.142,0.177,0.27,0.36,0.37,0.135,0.122
Brendan Summerhill,Available,TB,Carolina League,A,No,22.0,,65.0,7.5,3.8,92.2,109.2,187.0,115.2,105.3,57.8,98.0,104.4,110.7,102.7,58.0,245.0,58.0,4.0,39.0,30.0,14.0,5.0,0.237,0.348,0.351,0.699,0.267,0.135,0.135,0.248,0.465,0.287,0.103,0.069
Lisbel Diaz,Available,SF,California League,A,No,20.0,,6.0,11.8,4.0,105.0,152.2,162.6,36.9,52.2,328.5,130.0,104.2,112.3,58.5,6.6,24.0,6.0,3.0,6.0,6.0,0.0,0.0,0.25,0.357,0.625,0.982,0.188,0.143,0.179,0.118,0.471,0.412,0.286,0.429
Eduardo Rojas,Available,LAD,California League,A,No,19.0,,1.0,11.5,4.0,110.6,149.0,0.0,43.6,147.2,100.0,26.0,104.2,107.6,109.6,1.0,4.0,1.0,0.0,1.0,2.0,0.0,0.0,0.25,0.25,0.25,0.5,0.333,0.0,0.25,0.333,0.333,0.333,1.0,0.0
Marco Argudin,Available,TEX,Carolina League,A,Yes,20.0,,64.0,8.2,3.6,101.4,119.2,108.7,118.6,98.5,102.3,117.0,104.2,103.5,108.9,49.3,233.0,61.0,6.0,55.0,37.0,10.0,7.0,0.262,0.379,0.408,0.787,0.325,0.14,0.213,0.232,0.476,0.292,0.122,0.122
Dawson Willis,Available,SD,California League,A,Yes,22.0,,49.0,8.8,3.3,95.5,114.6,49.8,162.7,105.7,124.1,113.0,104.1,101.2,115.2,35.0,163.0,42.0,6.0,35.0,26.0,23.0,3.0,0.258,0.365,0.485,0.849,0.414,0.119,0.368,0.239,0.359,0.402,0.189,0.162
Miguel Rodríguez,Available,BAL,Carolina League,A,Yes,20.0,,63.0,7.1,3.1,101.4,103.4,275.9,65.3,82.4,31.8,122.0,104.0,110.6,93.5,53.9,194.0,53.0,2.0,30.0,38.0,5.0,1.0,0.273,0.412,0.351,0.763,0.304,0.163,0.11,0.194,0.485,0.321,0.321,0.038
Yovanny Duran,Available,MIN,Florida State League,A,Yes,18.0,,19.0,6.2,3.6,116.3,89.3,81.8,99.8,84.8,100.2,46.0,104.0,95.4,89.6,7.0,69.0,10.0,1.0,9.0,9.0,7.0,3.0,0.145,0.277,0.232,0.509,0.2,0.157,0.289,0.2,0.644,0.156,0.143,0.143
Bohan Adderley,Available,NYM,Florida State League,A,Yes,19.0,,13.0,8.5,3.5,110.2,122.2,69.4,132.5,77.2,140.1,114.0,104.0,95.1,99.0,5.0,45.0,14.0,1.0,9.0,4.0,7.0,0.0,0.311,0.38,0.422,0.802,0.394,0.08,0.22,0.182,0.667,0.152,0.2,0.2
Jacob Reimer,Third Degree Burnes (MINORS),NYM,Florida State League,A,No,22.0,,1.0,19.0,3.0,95.2,273.1,100.0,47.2,141.2,100.0,230.0,103.8,117.1,98.0,0.0,3.0,1.0,0.0,2.0,2.0,0.0,0.0,0.333,0.6,0.667,1.267,0.333,0.2,0.0,0.333,0.667,0.0,0.0,0.0
Michael Martinez,Available,ATL,Carolina League,A,Yes,19.0,,35.0,6.4,3.6,106.8,92.2,27.5,58.5,83.7,308.4,104.0,103.8,107.6,142.7,18.0,126.0,31.0,7.0,22.0,21.0,1.0,1.0,0.246,0.321,0.444,0.766,0.358,0.071,0.371,0.197,0.535,0.268,0.053,0.368
Luis De Leon,Available,HOU,Carolina League,A,Yes,19.0,,13.0,4.1,3.3,106.8,59.6,95.4,70.5,137.6,0.0,41.0,103.8,105.8,136.9,13.4,43.0,9.0,0.0,6.0,4.0,1.0,1.0,0.209,0.277,0.209,0.486,0.257,0.085,0.17,0.324,0.294,0.382,0.385,0.0
Abel Lorenzo,Available,LAD,California League,A,Yes,20.0,,33.0,5.3,3.8,105.0,69.1,31.1,129.2,129.1,36.8,39.0,103.8,98.9,98.1,21.2,124.0,26.0,1.0,15.0,14.0,7.0,2.0,0.21,0.256,0.298,0.554,0.278,0.038,0.256,0.292,0.472,0.236,0.286,0.048
Yairo Padilla,Available,STL,Florida State League,A,No,19.0,,29.0,9.4,3.9,110.2,135.8,104.8,130.7,69.1,123.3,118.0,103.7,94.8,137.3,17.2,114.0,32.0,3.0,15.0,23.0,10.0,6.0,0.281,0.354,0.474,0.828,0.333,0.102,0.188,0.163,0.64,0.198,0.118,0.176
Junior Aybar,Available,BAL,Carolina League,A,Yes,19.0,,60.0,5.6,3.1,106.8,81.5,35.0,146.2,110.8,56.2,85.0,103.6,94.8,105.4,30.5,189.0,46.0,2.0,32.0,26.0,13.0,6.0,0.243,0.31,0.365,0.675,0.376,0.081,0.341,0.261,0.478,0.261,0.3,0.067
Nolan McCarthy,Available,DET,Florida State League,A,No,24.0,,15.0,7.3,2.5,87.2,105.4,191.3,114.3,125.5,0.0,124.0,103.5,112.7,91.5,8.0,37.0,9.0,0.0,9.0,6.0,5.0,0.0,0.243,0.44,0.324,0.764,0.333,0.26,0.2,0.296,0.407,0.296,0.125,0.0
Arnaldo Lantigua,Available,CIN,Florida State League,A,Yes,20.0,,94.0,7.4,3.6,104.7,106.6,108.7,69.0,104.3,118.4,110.0,103.5,107.0,136.1,70.4,342.0,86.0,12.0,60.0,58.0,4.0,3.0,0.251,0.371,0.418,0.789,0.311,0.152,0.234,0.246,0.458,0.296,0.155,0.169
Brandon Forrester,Available,HOU,Carolina League,A,No,22.0,,20.0,4.0,3.0,92.2,58.2,77.5,130.7,144.8,0.0,44.0,103.0,106.2,96.4,10.2,61.0,11.0,0.0,6.0,4.0,5.0,2.0,0.18,0.271,0.23,0.501,0.244,0.114,0.243,0.341,0.432,0.227,0.1,0.0
Alejandro Blasco,Available,CLE,Carolina League,A,Yes,19.0,,25.0,7.4,3.6,106.8,107.1,94.5,132.4,96.4,44.4,99.0,102.9,95.6,103.2,19.3,90.0,23.0,1.0,14.0,12.0,8.0,4.0,0.256,0.356,0.356,0.711,0.328,0.114,0.21,0.227,0.485,0.288,0.211,0.053
Trey Snyder,Available,NYM,Florida State League,A,No,20.0,,36.0,10.0,4.1,104.7,144.1,74.4,152.5,95.0,60.9,107.0,102.9,94.3,116.4,22.8,147.0,45.0,2.0,23.0,26.0,17.0,2.0,0.306,0.358,0.435,0.793,0.374,0.074,0.198,0.224,0.578,0.198,0.217,0.087
Alexander Frias,Lászlaró Tóth (MINORS),STL,Carolina League,A,Yes,18.0,,29.0,9.8,3.8,112.7,141.2,88.5,141.0,56.9,140.0,92.0,102.9,90.3,124.5,23.7,111.0,26.0,4.0,19.0,28.0,7.0,2.0,0.234,0.325,0.414,0.74,0.272,0.103,0.206,0.134,0.573,0.293,0.292,0.167
Brady Marget,Available,TB,Carolina League,A,Yes,23.0,,51.0,9.4,3.6,88.2,136.5,157.2,49.9,129.1,104.8,147.0,102.8,120.0,126.8,31.8,182.0,60.0,4.0,35.0,46.0,1.0,0.0,0.33,0.429,0.473,0.901,0.381,0.147,0.165,0.304,0.48,0.216,0.125,0.125
Jose Ramos,Available,SFG,California League,A,No,23.0,,13.0,6.4,3.8,91.3,82.7,69.8,132.5,128.2,69.7,52.0,102.8,106.2,111.6,11.4,49.0,9.0,1.0,10.0,6.0,1.0,0.0,0.184,0.286,0.306,0.592,0.25,0.103,0.276,0.29,0.355,0.355,0.364,0.091
Jirvin Morillo,Available,CIN,Florida State League,A,Yes,19.0,,22.0,8.0,3.5,110.2,115.3,123.2,67.2,88.2,107.9,116.0,102.7,102.1,109.2,13.0,77.0,20.0,2.0,14.0,16.0,1.0,0.0,0.26,0.394,0.403,0.796,0.34,0.181,0.234,0.208,0.547,0.245,0.462,0.154
Tyson Moran,Available,KC,Carolina League,A,Yes,20.0,,16.0,6.0,3.6,101.4,86.4,130.1,122.1,97.2,49.5,78.0,102.7,100.5,120.2,16.6,57.0,14.0,1.0,7.0,6.0,2.0,0.0,0.246,0.317,0.351,0.668,0.277,0.095,0.143,0.229,0.417,0.354,0.294,0.059
Jesus Freitez,Available,COL,California League,A,Yes,20.0,,49.0,6.4,3.3,105.0,83.5,135.1,105.7,101.3,26.0,71.0,102.7,100.2,62.5,29.8,161.0,40.0,1.0,20.0,25.0,10.0,2.0,0.248,0.318,0.329,0.648,0.289,0.08,0.139,0.229,0.55,0.221,0.241,0.034
Yimy Tovar,Available,SD,California League,A,No,20.0,,50.0,7.5,3.3,105.0,96.9,187.1,124.2,74.3,30.6,79.0,102.5,97.3,122.7,50.7,167.0,40.0,2.0,25.0,32.0,10.0,2.0,0.24,0.333,0.353,0.687,0.273,0.128,0.148,0.168,0.467,0.365,0.16,0.04
Drew Davies,Available,CIN,Florida State League,A,Yes,20.0,,101.0,7.0,3.1,104.7,100.7,128.9,76.2,105.2,59.5,125.0,102.4,104.1,54.5,79.8,316.0,88.0,7.0,56.0,57.0,5.0,4.0,0.278,0.414,0.415,0.829,0.355,0.17,0.22,0.248,0.402,0.35,0.146,0.085
Dashyll Tejeda,Available,WSH,Carolina League,A,Yes,20.0,,78.0,7.8,3.2,101.4,112.6,90.5,130.7,99.8,69.6,94.0,102.4,98.7,101.9,59.7,249.0,56.0,5.0,47.0,44.0,30.0,10.0,0.225,0.351,0.345,0.696,0.302,0.156,0.258,0.235,0.412,0.353,0.35,0.083
Waner Luciano,Available,HOU,Carolina League,A,Yes,21.0,,70.0,8.8,3.5,96.6,127.7,162.5,80.8,96.4,102.3,126.0,102.3,109.0,159.9,72.4,245.0,64.0,9.0,36.0,44.0,21.0,6.0,0.261,0.384,0.445,0.829,0.289,0.158,0.168,0.227,0.392,0.381,0.203,0.122
Yosneiker Rivas,Available,SF,California League,A,Yes,20.0,,10.0,6.3,4.1,105.0,81.6,0.0,47.0,152.1,85.0,62.0,102.3,107.8,99.4,8.7,41.0,12.0,1.0,5.0,7.0,0.0,1.0,0.293,0.286,0.39,0.676,0.355,0.0,0.238,0.344,0.375,0.281,0.556,0.111
Oliver Tejada,Available,SF,California League,A,Yes,19.0,,45.0,7.3,3.5,110.6,94.0,66.1,90.6,91.1,121.8,82.0,102.3,97.8,108.1,41.1,158.0,34.0,7.0,28.0,31.0,4.0,0.0,0.215,0.326,0.399,0.725,0.27,0.102,0.283,0.206,0.383,0.411,0.386,0.159
Luis Hernández,Third Degree Burnes (MINORS),SFG,California League,A,Yes,17.0,,20.0,5.8,4.5,123.6,75.5,39.9,43.6,79.6,170.0,48.0,102.3,95.4,96.9,9.0,91.0,21.0,2.0,16.0,9.0,0.0,0.0,0.231,0.276,0.319,0.594,0.311,0.061,0.296,0.18,0.672,0.148,0.0,0.222
Elian Soto,Available,WSH,Carolina League,A,Yes,20.0,,45.0,6.5,3.4,101.4,93.7,69.2,106.6,108.3,96.4,115.0,102.2,101.7,131.3,25.8,153.0,40.0,3.0,25.0,22.0,4.0,1.0,0.261,0.383,0.399,0.781,0.398,0.158,0.311,0.255,0.468,0.277,0.192,0.115
Fernando Gonzalez,Available,SF,California League,A,No,24.0,,42.0,6.2,3.3,87.5,80.2,341.8,60.4,97.7,36.8,79.0,102.1,117.7,128.0,42.7,138.0,32.0,2.0,23.0,22.0,1.0,0.0,0.232,0.357,0.304,0.661,0.242,0.119,0.083,0.221,0.434,0.344,0.286,0.048
Noah Franklin,Available,TEX,Carolina League,A,Yes,19.0,,21.0,5.2,3.5,106.8,75.1,96.5,68.8,110.8,69.6,113.0,102.1,103.2,84.3,12.5,73.0,18.0,1.0,10.0,4.0,2.0,0.0,0.247,0.402,0.329,0.731,0.354,0.174,0.261,0.261,0.478,0.261,0.417,0.083
Nixon Chirinos,Available,MIA,Florida State League,A,Yes,20.0,,31.0,4.0,3.0,104.7,56.8,117.9,25.4,132.7,41.3,89.0,102.0,110.6,66.9,17.3,93.0,21.0,1.0,10.0,8.0,0.0,1.0,0.226,0.363,0.29,0.653,0.308,0.177,0.239,0.313,0.422,0.266,0.235,0.059
John Wimmer,Available,LAA,California League,A,Yes,21.0,,55.0,8.6,3.3,100.0,111.5,60.4,94.0,101.3,159.3,123.0,102.0,104.3,111.3,44.9,184.0,50.0,10.0,38.0,38.0,12.0,3.0,0.272,0.384,0.516,0.9,0.392,0.123,0.332,0.229,0.33,0.44,0.167,0.208
Cam Maldonado,Available,SF,California League,A,No,22.0,,70.0,9.3,4.0,95.5,121.0,77.1,122.5,99.0,135.5,100.0,101.9,103.2,79.1,76.2,281.0,74.0,14.0,45.0,53.0,17.0,4.0,0.263,0.341,0.484,0.825,0.317,0.105,0.26,0.224,0.372,0.403,0.177,0.177
Jemone Nuel,Available,BAL,Carolina League,A,Yes,19.0,,33.0,4.6,3.2,106.8,66.7,78.0,79.1,130.4,0.0,54.0,101.8,101.2,99.6,20.3,106.0,20.0,0.0,8.0,11.0,8.0,2.0,0.189,0.293,0.226,0.519,0.263,0.121,0.25,0.307,0.427,0.267,0.3,0.0
Daniel Lopez,Available,KC,Carolina League,A,Yes,20.0,,56.0,6.2,2.9,101.4,89.9,60.8,166.8,96.4,52.8,79.0,101.7,92.5,118.6,16.2,160.0,36.0,1.0,29.0,14.0,26.0,4.0,0.225,0.326,0.331,0.657,0.313,0.091,0.253,0.227,0.627,0.145,0.375,0.063
Jalen Hairston,Available,CIN,Florida State League,A,Yes,22.0,,57.0,9.1,3.5,95.2,131.1,120.6,88.9,109.0,92.5,149.0,101.5,107.6,89.6,51.2,199.0,63.0,7.0,44.0,40.0,5.0,3.0,0.317,0.428,0.528,0.956,0.392,0.148,0.213,0.257,0.385,0.358,0.321,0.132
Broedy Poppell,Available,SF,California League,A,Yes,24.0,,77.0,7.5,3.4,87.5,96.6,79.5,130.9,114.5,113.3,96.0,101.4,106.7,75.2,53.4,260.0,64.0,8.0,56.0,41.0,15.0,1.0,0.246,0.359,0.408,0.767,0.333,0.123,0.277,0.259,0.424,0.318,0.37,0.148
Billy Carlson,Third Degree Burnes (MINORS),CHW,Carolina League,A,Yes,19.0,,57.0,7.1,3.6,106.8,102.1,111.2,120.4,101.1,0.0,105.0,101.4,94.9,64.1,47.0,207.0,53.0,0.0,36.0,20.0,13.0,2.0,0.256,0.388,0.338,0.726,0.351,0.16,0.226,0.238,0.45,0.311,0.17,0.0
Andreimi Antunez,Available,TB,Carolina League,A,Yes,19.0,,30.0,6.2,3.8,106.8,89.7,67.1,134.1,87.9,81.3,82.0,101.4,93.0,103.0,31.0,114.0,25.0,3.0,18.0,13.0,2.0,0.0,0.219,0.28,0.404,0.684,0.253,0.072,0.2,0.207,0.437,0.356,0.194,0.097
Aidan Smith,Third Degree Burnes (MINORS),NYM,Carolina League,A,No,21.0,,3.0,3.5,4.0,96.6,50.7,39.4,87.7,159.2,0.0,49.0,101.1,106.0,97.7,2.0,12.0,2.0,0.0,2.0,0.0,0.0,0.0,0.167,0.231,0.333,0.564,0.25,0.077,0.308,0.375,0.375,0.25,0.5,0.0
Brendan Tunink,Available,LAD,California League,A,Yes,20.0,,80.0,5.5,3.7,105.0,71.8,56.7,114.1,110.1,49.0,62.0,101.1,96.4,81.4,47.1,299.0,59.0,3.0,42.0,28.0,17.0,0.0,0.197,0.312,0.294,0.607,0.324,0.131,0.355,0.249,0.48,0.272,0.191,0.064
Andrew Salas,Available,MIA,Florida State League,A,Yes,18.0,,43.0,4.9,3.7,116.3,70.4,71.5,105.3,91.6,29.4,45.0,101.1,89.8,119.4,48.0,159.0,27.0,2.0,20.0,16.0,6.0,4.0,0.17,0.268,0.252,0.519,0.225,0.109,0.261,0.216,0.351,0.432,0.438,0.042
Angel Abreu,Available,CLE,Carolina League,A,Yes,17.0,,8.0,5.4,2.8,119.4,78.7,117.7,87.7,84.9,0.0,120.0,101.0,90.1,98.7,6.0,22.0,6.0,0.0,5.0,1.0,2.0,1.0,0.273,0.429,0.318,0.747,0.4,0.214,0.25,0.2,0.4,0.4,0.0,0.0
Heriberto Rincon,Available,NYM,Florida State League,A,No,20.0,,1.0,3.5,4.0,104.7,50.3,0.0,47.2,141.2,100.0,30.0,100.8,105.5,88.2,0.0,4.0,1.0,0.0,1.0,0.0,0.0,0.0,0.25,0.25,0.25,0.5,0.333,0.0,0.25,0.333,0.667,0.0,0.0,0.0
Efren Teran,Available,CHW,Carolina League,A,Yes,19.0,,73.0,5.3,3.3,106.8,76.1,148.6,65.3,107.9,0.0,87.0,100.8,101.6,100.7,53.9,241.0,66.0,0.0,25.0,26.0,6.0,4.0,0.274,0.356,0.311,0.668,0.322,0.104,0.136,0.254,0.483,0.263,0.241,0.0
Juan Martinez,The Hot and Steamy Boys (MINORS),MIL,Carolina League,A,Yes,19.0,,19.0,6.8,3.6,106.8,98.6,184.9,82.5,77.3,40.2,70.0,100.8,99.1,131.2,21.4,68.0,15.0,1.0,8.0,8.0,6.0,2.0,0.221,0.329,0.279,0.609,0.25,0.139,0.139,0.182,0.436,0.382,0.286,0.048
Jake Bold,Available,SD,California League,A,No,22.0,,4.0,1.6,1.5,95.5,21.0,200.1,1.7,110.5,100.0,101.0,100.7,118.1,91.7,0.0,6.0,1.0,0.0,0.0,0.0,0.0,0.0,0.167,0.444,0.167,0.611,0.25,0.333,0.222,0.25,0.75,0.0,0.0,0.0
Alex Birge,Available,STL,Florida State League,A,No,23.0,,44.0,5.9,3.4,91.0,85.1,43.9,112.5,125.1,107.9,71.0,100.7,105.7,114.0,26.3,149.0,26.0,4.0,24.0,30.0,3.0,1.0,0.174,0.301,0.309,0.61,0.278,0.119,0.375,0.295,0.372,0.333,0.154,0.154
DJ Newman,Available,HOU,Carolina League,A,No,22.0,,28.0,8.7,3.1,92.2,125.3,93.7,141.0,83.7,147.5,128.0,100.7,100.9,102.4,16.2,86.0,23.0,3.0,16.0,17.0,11.0,1.0,0.267,0.381,0.465,0.846,0.345,0.162,0.257,0.197,0.525,0.279,0.059,0.176
Derek Bernard,Available,COL,California League,A,No,20.0,,75.0,8.2,3.8,105.0,106.4,96.9,95.6,80.5,127.9,105.0,100.7,98.3,99.7,47.4,284.0,77.0,8.0,58.0,51.0,8.0,4.0,0.271,0.368,0.423,0.791,0.352,0.132,0.251,0.182,0.576,0.242,0.083,0.167
Nick Monistere,Available,HOU,Carolina League,A,No,22.0,,25.0,9.1,3.2,92.2,131.7,89.0,159.9,108.3,36.0,123.0,100.7,98.3,94.7,22.6,80.0,20.0,1.0,17.0,11.0,15.0,3.0,0.25,0.392,0.412,0.805,0.352,0.154,0.26,0.255,0.327,0.418,0.217,0.043
Brayden Corn,Available,SEA,California League,A,No,22.0,,25.0,4.6,2.9,95.5,60.1,44.9,97.3,124.7,95.7,49.0,100.6,104.5,108.6,8.0,72.0,14.0,1.0,10.0,11.0,4.0,0.0,0.194,0.298,0.25,0.548,0.333,0.118,0.388,0.282,0.513,0.205,0.125,0.125
Derik Alcantara,Available,CHC,Carolina League,A,Yes,21.0,,46.0,3.7,3.2,96.6,54.1,149.6,75.7,115.9,21.8,51.0,100.5,106.6,113.5,38.3,148.0,26.0,1.0,9.0,10.0,5.0,2.0,0.176,0.276,0.236,0.513,0.205,0.124,0.153,0.273,0.413,0.314,0.237,0.026
Bryan Acuña,Available,MIN,Florida State League,A,Yes,20.0,,43.0,5.5,3.2,104.7,79.4,102.9,105.3,109.4,0.0,98.0,100.5,96.8,63.4,26.0,137.0,36.0,0.0,19.0,15.0,6.0,1.0,0.263,0.383,0.307,0.69,0.371,0.162,0.251,0.258,0.474,0.268,0.308,0.0
Sam Robertson,Available,NYM,Florida State League,A,Yes,21.0,,41.0,8.0,3.3,99.7,115.3,89.6,137.9,109.8,0.0,96.0,100.3,95.4,56.4,25.4,135.0,34.0,0.0,22.0,17.0,24.0,5.0,0.252,0.386,0.304,0.689,0.378,0.163,0.277,0.259,0.459,0.282,0.125,0.0
Clayton Gray,Available,COL,California League,A,No,24.0,,49.0,7.6,3.2,87.5,98.5,123.9,72.1,125.6,85.0,130.0,100.2,113.0,111.7,27.0,155.0,49.0,3.0,37.0,28.0,4.0,2.0,0.316,0.431,0.432,0.863,0.422,0.16,0.234,0.284,0.468,0.248,0.111,0.111
Jake Casey,Available,TOR,Florida State League,A,No,23.0,,4.0,8.0,3.8,91.0,115.0,51.9,92.6,302.7,0.0,126.0,100.1,107.5,69.7,1.1,15.0,4.0,0.0,5.0,2.0,0.0,0.0,0.267,0.389,0.467,0.856,0.5,0.167,0.389,0.714,0.143,0.143,0.0,0.0
Adolfo Sanchez,Available,CIN,Florida State League,A,Yes,19.0,,26.0,5.4,3.7,110.2,77.9,75.9,18.2,106.0,127.5,71.0,100.1,104.7,106.4,21.0,97.0,17.0,4.0,11.0,12.0,0.0,0.0,0.175,0.296,0.351,0.646,0.213,0.139,0.287,0.25,0.406,0.344,0.318,0.182
Ashly Andujar,Available,COL,California League,A,Yes,18.0,,80.0,5.9,4.1,116.7,76.4,78.9,100.7,80.9,43.7,63.0,100.0,88.3,84.5,53.8,327.0,79.0,3.0,47.0,33.0,6.0,4.0,0.242,0.301,0.324,0.625,0.298,0.072,0.199,0.183,0.606,0.211,0.34,0.057
Yorger Bautista,Available,SEA,California League,A,Yes,18.0,,21.0,5.3,4.4,116.7,69.1,24.9,70.5,114.1,32.2,44.0,99.9,92.5,94.5,23.6,92.0,21.0,1.0,8.0,11.0,3.0,1.0,0.228,0.265,0.304,0.57,0.328,0.041,0.316,0.258,0.355,0.387,0.417,0.042
Owen Gregg,Available,TOR,Florida State League,A,Yes,19.0,,9.0,2.4,2.6,110.2,35.1,18.2,112.5,121.3,0.0,63.0,99.9,91.1,99.5,3.0,23.0,6.0,0.0,5.0,0.0,1.0,0.0,0.261,0.32,0.261,0.581,0.429,0.04,0.36,0.286,0.5,0.214,0.333,0.0
Nick Becker,Available,SEA,California League,A,Yes,19.0,,29.0,7.3,3.4,110.6,94.9,89.8,114.1,95.9,0.0,65.0,99.9,90.6,106.7,22.0,98.0,17.0,0.0,19.0,13.0,14.0,2.0,0.173,0.346,0.214,0.561,0.283,0.188,0.313,0.217,0.417,0.367,0.091,0.0
Jeremy Almonte,Available,MIA,Florida State League,A,Yes,20.0,,40.0,6.0,3.2,104.7,85.7,103.7,56.3,102.6,84.1,126.0,99.8,102.6,67.6,24.8,129.0,41.0,3.0,20.0,16.0,1.0,0.0,0.318,0.401,0.426,0.828,0.388,0.101,0.189,0.242,0.505,0.253,0.24,0.12
Juan Ortega,Available,BAL,Carolina League,A,Yes,20.0,,56.0,5.8,3.0,101.4,84.0,82.5,137.6,93.8,46.9,88.0,99.8,93.5,92.4,36.3,169.0,36.0,2.0,26.0,21.0,13.0,7.0,0.213,0.335,0.32,0.655,0.276,0.106,0.221,0.221,0.484,0.295,0.306,0.056
Owen Carapellotti,Available,TOR,Florida State League,A,Yes,23.0,,22.0,6.9,3.3,91.0,99.0,73.9,23.6,117.5,213.0,123.0,99.7,116.6,108.3,19.6,72.0,16.0,7.0,13.0,11.0,0.0,0.0,0.222,0.341,0.542,0.883,0.225,0.141,0.294,0.277,0.234,0.489,0.261,0.304
Sebastian De Andrade,Available,SEA,California League,A,No,20.0,,10.0,3.9,2.9,105.0,50.5,101.8,77.2,116.3,0.0,80.0,99.6,99.1,96.8,7.4,29.0,6.0,0.0,6.0,1.0,1.0,1.0,0.207,0.361,0.276,0.637,0.3,0.139,0.25,0.263,0.368,0.368,0.143,0.0
Cristhian Vaquero,Available,WSH,Carolina League,A,No,21.0,,23.0,9.0,3.7,96.6,130.2,64.1,137.6,81.5,145.8,131.0,99.6,96.6,98.3,21.7,84.0,22.0,4.0,17.0,15.0,6.0,1.0,0.262,0.38,0.488,0.868,0.367,0.139,0.307,0.192,0.365,0.442,0.261,0.174
Johan Rodriguez,Available,CLE,Carolina League,A,Yes,18.0,,51.0,4.7,3.6,112.7,67.7,80.6,41.3,106.2,57.8,52.0,99.5,98.6,91.5,57.9,182.0,32.0,4.0,16.0,22.0,2.0,2.0,0.176,0.269,0.291,0.56,0.206,0.096,0.212,0.25,0.324,0.426,0.362,0.069
Jose Monzon,Available,TB,Carolina League,A,Yes,20.0,,30.0,6.0,3.2,101.4,86.8,110.7,111.8,106.2,0.0,77.0,99.5,96.6,76.9,19.5,96.0,20.0,0.0,18.0,8.0,9.0,1.0,0.208,0.339,0.25,0.589,0.286,0.154,0.222,0.25,0.471,0.279,0.211,0.0
Eddinson Paulino,Available,NYM,Florida State League,A,No,23.0,,7.0,6.4,3.6,91.0,91.4,338.5,134.3,57.7,0.0,83.0,99.3,100.3,68.4,5.2,25.0,6.0,0.0,3.0,2.0,2.0,1.0,0.24,0.345,0.32,0.665,0.261,0.103,0.069,0.136,0.636,0.227,0.2,0.0
Ismael Munguia,Available,TOR,Florida State League,A,No,27.0,,4.0,4.9,2.8,77.5,70.1,100.0,108.9,176.8,0.0,57.0,99.2,113.1,126.0,4.0,11.0,3.0,0.0,1.0,1.0,1.0,0.0,0.273,0.308,0.273,0.58,0.25,0.0,0.0,0.417,0.25,0.333,0.0,0.0
Ty Harvey,Available,SD,California League,A,Yes,19.0,,46.0,6.7,3.7,110.6,86.9,76.3,100.7,87.1,55.9,66.0,99.2,91.3,103.8,39.9,170.0,37.0,3.0,19.0,28.0,9.0,1.0,0.218,0.31,0.329,0.639,0.298,0.122,0.284,0.197,0.453,0.35,0.146,0.073
Angel Guzman,Available,SFG,California League,A,Yes,20.0,,36.0,7.4,3.4,105.0,96.1,125.8,55.4,82.2,117.9,110.0,99.1,101.3,109.7,25.4,123.0,32.0,4.0,23.0,23.0,0.0,0.0,0.26,0.397,0.415,0.812,0.333,0.158,0.23,0.186,0.512,0.302,0.231,0.154
Slater de Brun,Available,TB,Carolina League,A,Yes,19.0,,30.0,8.7,3.3,106.8,126.4,190.6,123.8,62.0,0.0,125.0,99.1,90.6,88.4,8.9,100.0,26.0,0.0,23.0,4.0,21.0,3.0,0.26,0.444,0.28,0.724,0.321,0.15,0.143,0.146,0.744,0.11,0.333,0.0
Steele Hall,Ben the Hen (MINORS),CIN,Florida State League,A,Yes,18.0,,28.0,6.7,3.4,116.3,95.7,80.5,103.5,78.4,35.0,83.0,99.1,86.8,102.5,20.7,95.0,18.0,1.0,18.0,12.0,7.0,1.0,0.189,0.355,0.284,0.64,0.304,0.198,0.322,0.185,0.444,0.37,0.15,0.05
Hector Campusano,Available,BAL,Carolina League,A,Yes,19.0,,15.0,2.6,2.7,106.8,38.1,82.0,41.3,130.8,0.0,54.0,99.0,101.8,97.5,5.0,40.0,7.0,0.0,7.0,1.0,0.0,0.0,0.175,0.312,0.175,0.487,0.269,0.16,0.28,0.308,0.5,0.192,0.4,0.0
Luis Merejo,Available,CLE,Carolina League,A,Yes,20.0,,3.0,-0.5,2.7,101.4,-7.2,0.0,1.7,318.5,100.0,-37.0,98.9,111.0,68.0,0.0,8.0,1.0,0.0,0.0,0.0,0.0,0.0,0.125,0.125,0.125,0.25,0.25,0.0,0.5,0.75,0.25,0.0,0.0,0.0
Juan Sierra,Available,HOU,Carolina League,A,Yes,20.0,,67.0,6.9,3.5,101.4,99.7,52.7,86.0,90.5,155.1,91.0,98.9,99.2,58.0,53.0,237.0,56.0,10.0,35.0,46.0,7.0,6.0,0.236,0.305,0.414,0.718,0.286,0.083,0.263,0.213,0.457,0.329,0.278,0.185
Gabriel Rodriguez,Available,CLE,Carolina League,A,Yes,19.0,,64.0,6.5,3.5,106.8,94.3,129.0,91.1,82.0,46.1,65.0,98.9,94.7,97.1,55.1,223.0,43.0,3.0,29.0,27.0,21.0,5.0,0.193,0.316,0.251,0.567,0.234,0.152,0.197,0.193,0.485,0.322,0.455,0.055
Jhomnardo Reyes,Available,BAL,Florida State League,A,Yes,18.0,,7.0,5.7,3.0,116.3,82.1,151.5,119.8,56.4,0.0,35.0,98.9,84.1,102.2,5.0,21.0,2.0,0.0,4.0,2.0,3.0,1.0,0.095,0.296,0.095,0.392,0.133,0.222,0.222,0.133,0.533,0.333,0.4,0.0
Mason Neville,Available,CIN,Florida State League,A,No,22.0,,33.0,3.8,3.5,95.2,54.9,32.1,132.5,117.0,56.0,41.0,98.6,96.6,136.2,24.6,116.0,18.0,2.0,15.0,10.0,3.0,0.0,0.155,0.256,0.267,0.523,0.281,0.112,0.433,0.276,0.293,0.431,0.24,0.08
Facundo Velásquez,Available,STL,Florida State League,A,Yes,20.0,,20.0,5.0,3.1,104.7,72.6,38.5,112.5,70.8,175.1,70.0,98.6,92.7,95.5,11.6,63.0,10.0,3.0,9.0,11.0,2.0,3.0,0.159,0.274,0.365,0.639,0.241,0.137,0.425,0.167,0.433,0.4,0.167,0.25
Yeiker Reyes,Available,COL,California League,A,Yes,20.0,,32.0,6.6,3.5,105.0,85.6,94.9,135.9,80.0,36.8,82.0,98.6,89.2,80.3,21.3,113.0,30.0,1.0,23.0,13.0,5.0,1.0,0.265,0.344,0.345,0.689,0.345,0.113,0.233,0.181,0.566,0.253,0.095,0.048
Kyle Sinzza,Available,ARI,California League,A,Yes,19.0,,16.0,5.1,3.3,110.6,66.4,64.2,109.1,99.9,0.0,41.0,98.6,89.0,84.6,8.8,53.0,10.0,0.0,9.0,6.0,3.0,0.0,0.189,0.283,0.226,0.51,0.294,0.113,0.306,0.226,0.516,0.258,0.5,0.0
Luis Puello,Available,NYY,Florida State League,A,Yes,20.0,,73.0,7.9,3.9,104.7,113.5,52.3,112.5,72.5,150.6,106.0,98.5,92.5,76.7,63.0,283.0,72.0,14.0,46.0,51.0,8.0,5.0,0.254,0.327,0.481,0.808,0.32,0.085,0.282,0.171,0.481,0.348,0.185,0.215
Seong-Jun Kim,Available,TEX,Carolina League,A,Yes,19.0,,9.0,3.4,2.8,106.8,49.8,17.5,34.4,106.2,167.6,61.0,98.3,101.8,114.1,4.7,25.0,5.0,1.0,3.0,3.0,0.0,0.0,0.2,0.231,0.4,0.631,0.267,0.038,0.346,0.25,0.438,0.313,0.6,0.2
Hyun Seung Lee,Available,MIA,Florida State League,A,Yes,18.0,,15.0,3.4,3.4,116.3,48.9,49.8,47.2,78.4,140.1,46.0,98.3,93.3,112.0,5.0,51.0,8.0,1.0,9.0,3.0,0.0,0.0,0.157,0.283,0.235,0.519,0.259,0.15,0.383,0.185,0.63,0.185,0.0,0.2
Walker Janek,Available,HOU,Carolina League,A,No,23.0,,1.0,12.5,4.0,88.2,180.9,100.0,44.7,212.3,0.0,234.0,98.2,113.1,116.5,2.0,4.0,2.0,0.0,1.0,1.0,0.0,0.0,0.5,0.5,0.75,1.25,0.5,0.0,0.0,0.5,0.0,0.5,0.5,0.0
Luis Leon,Available,MIA,Florida State League,A,Yes,19.0,,19.0,3.7,3.0,110.2,52.9,19.2,121.6,92.9,58.1,21.0,98.2,86.9,103.0,12.0,57.0,9.0,1.0,6.0,6.0,5.0,1.0,0.158,0.226,0.211,0.436,0.25,0.048,0.387,0.219,0.406,0.375,0.083,0.083
Moises Alcala,Available,ARI,California League,A,Yes,23.0,,7.0,6.1,2.4,91.3,78.6,102.5,43.6,68.1,306.3,124.0,98.1,110.9,104.2,4.2,17.0,4.0,2.0,4.0,3.0,0.0,0.0,0.235,0.316,0.647,0.963,0.182,0.105,0.211,0.154,0.462,0.385,0.0,0.4
Fredderick Ovalle,Available,PIT,Florida State League,A,Yes,19.0,,39.0,4.0,3.2,110.2,57.5,227.1,70.8,53.9,20.3,57.0,98.1,93.9,108.7,34.6,126.0,22.0,1.0,17.0,4.0,3.0,1.0,0.175,0.316,0.222,0.538,0.202,0.163,0.137,0.127,0.539,0.333,0.235,0.029
Omar Alfonzo,Available,NYY,Florida State League,A,No,22.0,,1.0,8.0,3.0,95.2,115.0,100.0,47.2,141.2,0.0,197.0,98.0,107.6,56.4,2.0,3.0,1.0,0.0,1.0,0.0,0.0,0.0,0.333,0.5,0.667,1.167,0.333,0.25,0.0,0.333,0.0,0.667,0.5,0.0
Yamvier Carrero,Available,ATL,Carolina League,A,Yes,19.0,,31.0,6.2,3.3,106.8,89.4,79.3,82.5,77.7,119.9,109.0,98.0,94.5,98.9,20.7,103.0,29.0,3.0,15.0,10.0,7.0,1.0,0.282,0.373,0.379,0.752,0.371,0.127,0.254,0.183,0.521,0.296,0.286,0.143
Jean Joseph,Available,TOR,Florida State League,A,No,21.0,,18.0,4.5,3.2,99.7,65.1,115.2,63.5,120.0,0.0,89.0,97.9,102.0,124.1,11.0,58.0,16.0,0.0,10.0,4.0,1.0,1.0,0.276,0.358,0.328,0.686,0.348,0.119,0.194,0.283,0.478,0.239,0.545,0.0
Ryan Cermak,Available,TB,Carolina League,A,No,25.0,,7.0,8.4,3.9,81.2,122.0,23.4,99.7,90.9,335.3,133.0,97.8,109.6,104.4,4.6,27.0,7.0,2.0,5.0,5.0,1.0,0.0,0.259,0.355,0.519,0.873,0.385,0.065,0.387,0.214,0.429,0.357,0.0,0.4
D'Andre Smith,Available,NYM,Florida State League,A,No,25.0,,3.0,4.5,3.7,83.7,64.7,60.6,94.4,159.0,0.0,68.0,97.8,108.5,111.0,2.0,11.0,3.0,0.0,1.0,0.0,1.0,0.0,0.273,0.333,0.273,0.606,0.375,0.083,0.25,0.375,0.375,0.25,0.0,0.0
Isael Arias,Available,NYY,Florida State League,A,Yes,20.0,,16.0,5.1,2.8,104.7,72.8,43.8,110.7,114.1,0.0,62.0,97.8,91.6,82.2,5.0,45.0,10.0,0.0,6.0,3.0,8.0,2.0,0.222,0.314,0.267,0.58,0.385,0.118,0.373,0.269,0.538,0.192,0.2,0.0
Owen Carapellotti,Available,TOR,California League,A,Yes,23.0,,20.0,11.5,3.8,91.3,148.6,120.4,70.5,60.6,255.0,140.0,97.6,106.2,108.3,21.2,75.0,20.0,8.0,19.0,20.0,1.0,0.0,0.267,0.389,0.627,1.016,0.267,0.167,0.244,0.137,0.392,0.471,0.125,0.333
Dean Moss,Available,TB,Carolina League,A,Yes,20.0,,71.0,6.8,3.7,101.4,99.0,115.6,73.9,91.3,68.7,95.0,97.5,98.6,83.8,60.1,261.0,67.0,5.0,32.0,34.0,15.0,7.0,0.257,0.338,0.364,0.702,0.294,0.1,0.163,0.215,0.5,0.285,0.131,0.082
Mitch Jebb,Available,PIT,Florida State League,A,No,24.0,,4.0,11.1,3.8,87.2,159.9,112.2,118.0,121.3,0.0,107.0,97.4,102.0,82.3,4.0,15.0,5.0,0.0,2.0,4.0,2.0,0.0,0.333,0.353,0.467,0.82,0.357,0.059,0.118,0.286,0.429,0.286,0.0,0.0
Adriel Radney,Available,ARI,California League,A,Yes,19.0,,31.0,3.5,3.2,110.6,46.0,96.1,33.6,113.6,0.0,58.0,97.3,97.5,89.2,17.3,99.0,21.0,0.0,11.0,8.0,0.0,1.0,0.212,0.328,0.222,0.55,0.296,0.12,0.239,0.257,0.5,0.243,0.118,0.0
Wyatt Vincent,Available,NYM,Florida State League,A,Yes,19.0,,17.0,3.5,3.4,110.2,50.7,46.0,67.2,116.6,0.0,58.0,97.1,92.7,106.9,15.0,58.0,13.0,0.0,8.0,3.0,1.0,2.0,0.224,0.303,0.276,0.579,0.325,0.075,0.284,0.275,0.35,0.375,0.467,0.0
Brock Tibbitts,Available,TOR,Florida State League,A,Yes,23.0,,30.0,5.0,3.3,91.0,72.3,86.3,128.9,116.2,0.0,81.0,97.0,97.3,107.5,22.3,100.0,22.0,0.0,14.0,7.0,5.0,0.0,0.22,0.347,0.29,0.637,0.319,0.14,0.264,0.274,0.403,0.323,0.15,0.0
Christian Gonzalez,Available,CHW,Carolina League,A,Yes,19.0,,38.0,5.2,3.0,106.8,75.0,110.9,84.3,87.9,23.5,79.0,97.0,92.5,97.2,36.0,115.0,22.0,1.0,17.0,16.0,1.0,2.0,0.191,0.34,0.296,0.636,0.256,0.181,0.242,0.207,0.354,0.439,0.25,0.028
Félix Amparo,Available,BAL,Carolina League,A,No,20.0,,67.0,5.2,2.9,101.4,75.7,55.2,132.4,97.2,24.3,85.0,96.9,89.4,91.6,34.4,194.0,52.0,1.0,34.0,23.0,12.0,4.0,0.268,0.333,0.325,0.658,0.329,0.055,0.191,0.229,0.549,0.222,0.265,0.029
Derek Cerda,Available,CHW,Carolina League,A,No,23.0,,32.0,7.5,3.6,88.2,109.0,111.6,72.2,103.6,115.7,111.0,96.8,106.9,90.4,28.7,114.0,31.0,4.0,16.0,19.0,5.0,2.0,0.272,0.364,0.421,0.785,0.303,0.098,0.165,0.244,0.433,0.322,0.345,0.138
Jesus Castillo,Available,PIT,Florida State League,A,No,22.0,,2.0,5.0,2.5,95.2,71.9,0.0,47.2,141.2,100.0,157.0,96.8,105.5,113.1,0.0,5.0,2.0,0.0,1.0,1.0,0.0,0.0,0.4,0.5,0.4,0.9,0.667,0.0,0.333,0.333,0.667,0.0,0.0,0.0
David McCann,Available,NYY,Florida State League,A,No,22.0,,35.0,7.3,3.2,95.2,105.3,65.2,72.6,99.2,134.5,129.0,96.7,101.8,130.3,24.3,111.0,32.0,5.0,18.0,26.0,0.0,0.0,0.288,0.377,0.514,0.89,0.375,0.108,0.277,0.234,0.429,0.338,0.192,0.192
Ian Petrutz,Available,STL,Florida State League,A,No,23.0,,11.0,8.5,3.6,91.0,121.5,109.0,61.7,89.9,155.5,107.0,96.4,105.6,116.7,8.7,40.0,10.0,2.0,7.0,10.0,0.0,1.0,0.25,0.333,0.45,0.783,0.25,0.067,0.133,0.212,0.515,0.273,0.333,0.222
Josue Brito,Available,BOS,Carolina League,A,Yes,19.0,,18.0,6.5,3.6,106.8,94.1,100.5,56.7,79.0,98.9,99.0,96.4,95.4,108.0,16.6,65.0,14.0,2.0,9.0,8.0,2.0,1.0,0.215,0.362,0.369,0.732,0.286,0.188,0.263,0.186,0.419,0.395,0.176,0.118
Vladi Gomez,Available,NYM,Florida State League,A,Yes,20.0,,33.0,5.7,3.3,104.7,81.4,84.5,118.0,91.2,0.0,58.0,96.4,88.4,92.7,24.3,109.0,23.0,0.0,16.0,7.0,12.0,2.0,0.211,0.302,0.275,0.577,0.288,0.117,0.242,0.215,0.481,0.304,0.208,0.0
TJayy Walton,Available,PHI,Florida State League,A,No,21.0,,22.0,8.6,2.9,99.7,123.8,163.5,72.6,70.8,77.8,133.0,96.3,97.9,98.4,17.6,63.0,15.0,2.0,13.0,16.0,5.0,3.0,0.238,0.455,0.365,0.82,0.317,0.273,0.227,0.167,0.405,0.429,0.222,0.111
Alexander Albertus,Available,CHW,Carolina League,A,Yes,21.0,,85.0,6.9,3.4,96.6,99.3,139.9,84.3,79.4,79.6,115.0,96.2,98.3,83.2,61.9,287.0,78.0,6.0,47.0,43.0,6.0,5.0,0.272,0.387,0.397,0.784,0.326,0.144,0.179,0.187,0.533,0.28,0.175,0.095
Jaeden Calderon,Available,PHI,Florida State League,A,Yes,20.0,,44.0,4.7,3.0,104.7,67.8,75.6,159.7,66.1,35.7,30.0,96.2,82.0,107.3,39.0,130.0,18.0,2.0,15.0,18.0,9.0,0.0,0.138,0.245,0.238,0.483,0.178,0.119,0.265,0.156,0.411,0.433,0.256,0.051
Alan Roden,Available,MIN,Florida State League,A,No,26.0,,3.0,10.2,2.7,80.5,146.1,222.8,14.5,84.8,175.1,247.0,96.0,119.0,89.8,4.0,8.0,3.0,1.0,2.0,2.0,0.0,0.0,0.375,0.545,0.875,1.42,0.4,0.273,0.182,0.2,0.0,0.8,0.25,0.25
Raymond Mola,Available,PIT,Florida State League,A,Yes,20.0,,23.0,2.2,2.5,104.7,30.9,46.0,65.3,123.0,0.0,25.0,96.0,94.9,92.4,14.0,57.0,8.0,0.0,4.0,4.0,3.0,2.0,0.14,0.265,0.158,0.423,0.258,0.147,0.397,0.29,0.258,0.452,0.071,0.0
Dominic Fletcher,Available,CIN,Florida State League,A,No,28.0,,3.0,9.3,4.3,74.8,134.1,22.7,29.0,181.9,175.1,117.0,95.9,120.8,109.6,3.4,13.0,3.0,1.0,2.0,3.0,0.0,0.0,0.231,0.286,0.615,0.901,0.333,0.071,0.429,0.429,0.0,0.571,0.5,0.25
Brady Cerkownyk,Available,WSH,Carolina League,A,No,23.0,,11.0,5.5,2.9,88.2,80.3,175.2,37.8,98.1,93.0,127.0,95.9,110.2,105.1,8.7,32.0,9.0,1.0,7.0,3.0,0.0,0.0,0.281,0.395,0.438,0.832,0.32,0.158,0.158,0.231,0.423,0.346,0.556,0.111
Jeremy Rodriguez,Available,NYM,Florida State League,A,Yes,19.0,,61.0,4.7,3.2,110.2,67.5,125.3,83.5,77.2,0.0,63.0,95.8,88.2,104.9,30.5,194.0,42.0,0.0,33.0,16.0,8.0,5.0,0.216,0.328,0.242,0.57,0.28,0.139,0.2,0.182,0.615,0.203,0.267,0.0
Curley Martha,Available,TEX,Carolina League,A,Yes,19.0,,61.0,4.3,2.7,106.8,62.7,53.4,91.1,88.3,58.7,47.0,95.7,89.4,80.2,44.4,167.0,32.0,3.0,24.0,27.0,5.0,2.0,0.192,0.261,0.269,0.53,0.234,0.065,0.223,0.208,0.433,0.358,0.302,0.07
Joswa Lugo,Available,LAA,California League,A,Yes,19.0,,26.0,6.0,4.0,110.6,77.5,56.3,70.5,76.5,99.6,66.0,95.6,89.5,101.7,22.4,103.0,24.0,3.0,16.0,12.0,1.0,0.0,0.233,0.302,0.359,0.661,0.288,0.069,0.25,0.173,0.52,0.307,0.217,0.13
Gabriel Lara,Available,NYY,Florida State League,A,No,20.0,,27.0,5.0,2.7,104.7,72.1,97.8,110.7,60.6,91.1,79.0,95.6,88.0,105.6,22.5,73.0,12.0,3.0,13.0,7.0,5.0,1.0,0.164,0.315,0.342,0.657,0.188,0.146,0.247,0.143,0.388,0.469,0.13,0.13
Givian Sirvania,Available,BOS,Carolina League,A,No,18.0,,42.0,4.7,2.8,112.7,68.2,42.5,118.6,74.3,37.7,60.0,95.6,81.2,88.3,22.6,118.0,26.0,1.0,17.0,11.0,12.0,2.0,0.22,0.301,0.288,0.589,0.305,0.067,0.269,0.175,0.55,0.275,0.364,0.045
James Quinn-Irons,Available,TB,Carolina League,A,Yes,23.0,,6.0,8.1,3.0,88.2,117.0,99.6,115.2,115.9,0.0,95.0,95.5,98.7,56.4,3.5,18.0,4.0,0.0,3.0,1.0,5.0,0.0,0.222,0.375,0.278,0.653,0.308,0.167,0.25,0.273,0.455,0.273,0.333,0.0
Oswaldo Osorio,Available,LAD,California League,A,Yes,21.0,,55.0,7.8,3.4,100.0,101.4,96.1,65.4,64.6,177.7,116.0,95.5,97.4,92.9,51.7,188.0,48.0,13.0,32.0,39.0,1.0,0.0,0.255,0.363,0.511,0.874,0.292,0.135,0.256,0.146,0.423,0.431,0.179,0.232
Elvin Garcia,Available,BAL,Carolina League,A,Yes,19.0,,62.0,3.5,3.5,106.8,51.1,39.0,48.1,100.6,89.7,78.0,95.4,94.9,96.6,28.0,217.0,46.0,3.0,21.0,18.0,0.0,2.0,0.212,0.319,0.3,0.618,0.364,0.115,0.381,0.237,0.525,0.237,0.179,0.107
Edward Duran,Available,TOR,Florida State League,A,No,22.0,,6.0,6.3,3.5,95.2,91.0,109.0,116.2,97.9,0.0,85.0,95.4,93.6,56.4,5.8,21.0,5.0,0.0,4.0,1.0,2.0,0.0,0.238,0.36,0.286,0.646,0.333,0.16,0.24,0.231,0.385,0.385,0.4,0.0
Sebastian Baquera,Available,TEX,Carolina League,A,Yes,19.0,,42.0,6.0,3.2,106.8,86.1,80.4,51.6,93.0,59.5,102.0,95.2,94.2,111.3,28.3,136.0,36.0,2.0,24.0,21.0,1.0,1.0,0.265,0.366,0.353,0.719,0.351,0.117,0.239,0.219,0.49,0.292,0.357,0.071
Jay McQueen,Available,TEX,Carolina League,A,Yes,19.0,,27.0,5.5,3.1,106.8,79.3,124.3,56.7,92.1,0.0,121.0,95.2,93.3,101.7,8.4,84.0,26.0,0.0,16.0,8.0,2.0,2.0,0.31,0.431,0.333,0.765,0.413,0.157,0.206,0.217,0.65,0.133,0.0,0.0
Kenni Gomez,Available,HOU,Carolina League,A,No,21.0,,35.0,4.2,3.2,96.6,60.2,93.0,96.3,106.2,0.0,55.0,95.0,94.6,107.5,29.8,111.0,21.0,0.0,16.0,5.0,8.0,2.0,0.189,0.305,0.207,0.513,0.256,0.13,0.229,0.25,0.388,0.363,0.207,0.0
Marcelo Alcala,Available,CHW,Carolina League,A,Yes,20.0,,37.0,4.0,3.2,101.4,58.1,29.9,120.4,78.1,109.0,65.0,95.0,87.9,70.5,22.0,117.0,16.0,3.0,14.0,12.0,6.0,3.0,0.137,0.303,0.274,0.577,0.277,0.13,0.459,0.184,0.347,0.469,0.391,0.13
Wilberson De Pena,The Hot and Steamy Boys (MINORS),NYY,Florida State League,A,Yes,19.0,,21.0,5.9,3.9,110.2,85.2,50.1,116.2,39.9,164.6,66.0,94.9,82.2,112.4,16.4,82.0,15.0,4.0,12.0,10.0,2.0,2.0,0.183,0.272,0.366,0.638,0.216,0.087,0.293,0.094,0.585,0.321,0.294,0.235
Ty Doucette,Available,CIN,Florida State League,A,No,22.0,,47.0,7.8,3.6,95.2,111.6,121.8,10.9,97.5,128.9,125.0,94.8,107.2,86.9,46.7,168.0,46.0,9.0,20.0,34.0,0.0,0.0,0.274,0.379,0.488,0.867,0.308,0.136,0.202,0.23,0.381,0.389,0.122,0.184
Matt Klein,Available,COL,California League,A,Yes,22.0,,46.0,5.7,3.2,95.5,73.6,142.6,26.8,90.2,105.7,90.0,94.8,104.9,105.2,28.4,146.0,27.0,4.0,23.0,21.0,0.0,1.0,0.185,0.376,0.295,0.671,0.24,0.222,0.247,0.204,0.5,0.296,0.069,0.138
Ricardo Pena,Available,MIN,Florida State League,A,No,21.0,,15.0,3.2,2.6,99.7,45.5,88.0,50.8,80.6,140.1,72.0,94.8,98.5,79.7,4.8,39.0,3.0,1.0,5.0,3.0,1.0,1.0,0.077,0.345,0.179,0.525,0.1,0.232,0.321,0.19,0.571,0.238,0.2,0.2
Andrew Tess,Available,BAL,Carolina League,A,Yes,19.0,,6.0,6.4,2.8,106.8,92.9,43.2,86.0,47.1,209.5,110.0,94.6,88.3,57.6,3.6,17.0,4.0,1.0,4.0,4.0,1.0,2.0,0.235,0.35,0.412,0.762,0.375,0.15,0.4,0.111,0.444,0.444,0.25,0.25
Enderson Delgado,Available,DET,Florida State League,A,No,21.0,,16.0,5.1,3.1,99.7,73.7,79.2,87.1,106.0,0.0,76.0,94.5,92.9,101.2,13.7,50.0,12.0,0.0,7.0,7.0,1.0,0.0,0.24,0.321,0.32,0.641,0.316,0.089,0.214,0.25,0.389,0.361,0.231,0.0
Kenly Hunter,Available,STL,Florida State League,A,Yes,18.0,,3.0,5.5,4.3,116.3,79.0,0.0,99.8,94.1,0.0,48.0,94.5,79.6,112.9,3.3,13.0,3.0,0.0,2.0,1.0,1.0,1.0,0.231,0.286,0.231,0.516,0.3,0.0,0.214,0.222,0.444,0.333,0.667,0.0
Ludwing Espinoza,Available,CHC,Carolina League,A,Yes,20.0,,18.0,5.5,3.3,101.4,80.0,87.3,134.1,59.5,76.3,100.0,94.4,84.9,109.1,10.8,59.0,13.0,1.0,8.0,5.0,3.0,0.0,0.22,0.356,0.339,0.695,0.286,0.123,0.233,0.14,0.605,0.256,0.364,0.091
Tytus Cissell,Available,ARI,California League,A,Yes,20.0,,59.0,5.7,3.3,105.0,74.3,58.1,122.5,81.8,19.9,59.0,94.3,83.9,82.5,39.1,193.0,42.0,1.0,29.0,15.0,24.0,2.0,0.218,0.314,0.264,0.578,0.306,0.077,0.262,0.185,0.523,0.292,0.289,0.026
Jose Gonzalez,Available,LAD,California League,A,Yes,21.0,,5.0,8.2,3.6,100.0,106.2,24.8,159.4,40.2,191.5,78.0,94.2,82.0,95.1,3.6,18.0,4.0,1.0,5.0,3.0,1.0,0.0,0.222,0.263,0.5,0.763,0.3,0.053,0.368,0.091,0.545,0.364,0.0,0.25
Bo Walker,Available,ARI,California League,A,Yes,20.0,,25.0,4.8,3.5,105.0,62.2,81.4,55.4,80.5,90.4,66.0,94.1,92.9,90.8,16.7,88.0,17.0,2.0,11.0,8.0,2.0,1.0,0.193,0.317,0.295,0.613,0.278,0.152,0.305,0.182,0.509,0.309,0.176,0.118
Camilo Diaz,Available,HOU,Carolina League,A,Yes,20.0,,55.0,4.5,3.4,101.4,65.5,24.9,120.4,60.7,162.6,48.0,94.1,86.4,56.4,30.7,185.0,31.0,6.0,21.0,17.0,18.0,7.0,0.168,0.249,0.286,0.535,0.278,0.087,0.432,0.143,0.516,0.341,0.194,0.194
Austin Green,Available,NYY,Florida State League,A,Yes,24.0,,25.0,5.0,3.0,87.2,72.4,176.4,112.5,76.3,30.1,71.0,93.7,96.8,113.1,22.6,74.0,15.0,1.0,12.0,9.0,1.0,0.0,0.203,0.326,0.284,0.61,0.233,0.146,0.157,0.18,0.443,0.377,0.304,0.043
Sebastian Blanco,Available,COL,California League,A,Yes,18.0,,24.0,4.7,3.3,116.7,61.3,62.9,53.7,70.7,59.0,75.0,93.7,84.4,100.0,12.7,79.0,18.0,1.0,8.0,9.0,2.0,1.0,0.228,0.333,0.316,0.65,0.347,0.115,0.313,0.16,0.58,0.26,0.154,0.077
Juan Cabada,Available,CHC,Carolina League,A,Yes,18.0,,17.0,6.3,3.8,112.7,91.1,30.6,41.3,79.8,111.5,78.0,93.6,88.8,89.7,14.4,65.0,14.0,2.0,5.0,13.0,1.0,1.0,0.215,0.297,0.338,0.636,0.261,0.041,0.243,0.188,0.5,0.313,0.333,0.133
Alcides Hernandez,Available,SD,California League,A,Yes,21.0,,15.0,5.1,2.5,100.0,66.1,134.2,36.9,102.1,0.0,99.0,93.4,98.0,134.3,6.2,38.0,10.0,0.0,9.0,6.0,0.0,0.0,0.263,0.412,0.289,0.701,0.37,0.216,0.255,0.231,0.538,0.231,0.5,0.0
AJ Salgado,Available,NYM,Florida State League,A,No,24.0,,58.0,7.2,3.5,87.2,103.6,80.3,136.1,71.2,124.7,94.0,93.4,92.8,118.5,44.1,203.0,48.0,8.0,37.0,31.0,9.0,3.0,0.236,0.332,0.419,0.751,0.286,0.111,0.243,0.168,0.517,0.315,0.2,0.178
Brailer Guerrero,Available,TB,Carolina League,A,Yes,20.0,,50.0,5.5,3.4,101.4,79.2,68.5,67.1,68.8,144.2,89.0,93.3,92.5,107.5,28.2,172.0,37.0,5.0,20.0,20.0,6.0,1.0,0.215,0.33,0.343,0.673,0.296,0.146,0.301,0.162,0.577,0.261,0.207,0.172
Deniel Ortiz,Available,STL,Florida State League,A,No,21.0,,4.0,7.8,3.0,99.7,111.4,136.3,136.1,60.6,0.0,79.0,93.1,83.8,81.3,1.0,12.0,0.0,0.0,3.0,1.0,3.0,0.0,0.0,0.4,0.0,0.4,0.0,0.25,0.25,0.143,0.714,0.143,0.0,0.0
Michael Oliveto,Available,DET,Florida State League,A,Yes,19.0,,22.0,7.0,3.4,110.2,100.3,128.3,27.2,72.9,46.9,131.0,93.0,91.6,99.1,14.8,75.0,24.0,1.0,12.0,12.0,0.0,0.0,0.32,0.414,0.44,0.854,0.404,0.138,0.195,0.172,0.569,0.259,0.333,0.067
Enmanuel Bonilla,Available,TOR,Florida State League,A,Yes,20.0,,38.0,3.8,2.9,104.7,53.9,34.7,47.2,89.0,110.7,81.0,92.9,92.4,69.7,18.7,112.0,27.0,3.0,11.0,13.0,3.0,6.0,0.241,0.323,0.348,0.671,0.393,0.094,0.386,0.21,0.484,0.306,0.105,0.158
Jhomnardo Reyes,Available,BAL,Carolina League,A,Yes,18.0,,28.0,5.3,3.8,112.7,76.8,89.6,113.5,58.2,0.0,70.0,92.9,77.5,102.2,28.5,106.0,23.0,0.0,16.0,6.0,7.0,3.0,0.217,0.325,0.245,0.57,0.299,0.13,0.236,0.137,0.493,0.37,0.259,0.0
Ramon Landaeta,Available,ATH,California League,A,Yes,20.0,,30.0,6.0,3.7,105.0,77.9,58.4,62.1,80.9,85.0,81.0,92.8,89.9,120.2,17.8,110.0,28.0,2.0,14.0,19.0,0.0,1.0,0.255,0.336,0.382,0.718,0.371,0.104,0.312,0.183,0.563,0.254,0.167,0.111
Cam Hassert,Not in Fantrax,COL,California League,A,Yes,24.0,,16.0,6.7,3.0,87.5,86.6,104.1,110.7,84.9,69.7,146.0,92.7,95.1,144.4,11.0,48.0,11.0,1.0,16.0,3.0,1.0,1.0,0.229,0.464,0.438,0.901,0.385,0.214,0.3,0.192,0.385,0.423,0.091,0.091
Mike Tauchman,Available,NYM,Florida State League,A,No,35.0,,4.0,7.2,3.8,59.8,104.2,186.4,47.2,212.0,0.0,127.0,92.6,123.1,134.9,3.0,15.0,4.0,0.0,4.0,1.0,0.0,0.0,0.267,0.421,0.4,0.821,0.333,0.158,0.158,0.5,0.25,0.25,0.333,0.0
Giaconino Lasaracina,Available,TOR,Florida State League,A,Yes,22.0,,36.0,7.6,3.5,95.2,109.2,90.5,16.3,71.7,215.8,124.0,92.6,102.9,133.8,24.2,126.0,33.0,8.0,18.0,25.0,0.0,0.0,0.262,0.365,0.5,0.865,0.301,0.128,0.243,0.169,0.539,0.292,0.115,0.308
Bryan Arendt,Available,ATH,California League,A,No,23.0,,28.0,8.3,3.5,91.3,107.6,73.1,100.7,78.7,114.9,81.0,92.6,93.7,111.0,38.9,99.0,22.0,6.0,21.0,21.0,3.0,0.0,0.222,0.308,0.455,0.762,0.225,0.076,0.22,0.178,0.274,0.548,0.275,0.15
Jose Monserrate,Available,MIA,Florida State League,A,Yes,21.0,,42.0,4.7,2.7,99.7,68.1,68.7,152.5,66.1,28.0,62.0,92.5,80.5,54.8,26.0,112.0,24.0,1.0,22.0,11.0,9.0,0.0,0.214,0.297,0.295,0.592,0.288,0.102,0.258,0.156,0.519,0.325,0.32,0.04
Ryland Zaborowski,Available,LAA,California League,A,No,24.0,,45.0,9.9,3.8,87.5,128.4,84.8,20.1,95.5,180.0,116.0,92.3,107.1,133.5,47.3,169.0,48.0,12.0,27.0,50.0,0.0,0.0,0.284,0.356,0.544,0.9,0.31,0.098,0.232,0.216,0.376,0.408,0.118,0.235
Pedro Dalmagro,Available,CLE,Carolina League,A,Yes,20.0,,22.0,4.7,3.3,101.4,67.8,38.4,101.4,76.4,83.8,41.0,92.2,85.9,94.9,19.6,73.0,12.0,2.0,9.0,9.0,3.0,1.0,0.164,0.228,0.301,0.529,0.204,0.063,0.278,0.18,0.42,0.4,0.2,0.1
Bralyn Brazoban,Available,PIT,Florida State League,A,Yes,19.0,,60.0,4.5,3.5,110.2,64.9,47.5,59.9,80.6,53.9,67.0,92.1,85.5,93.1,38.0,209.0,43.0,3.0,23.0,24.0,5.0,3.0,0.206,0.311,0.297,0.608,0.339,0.124,0.365,0.19,0.488,0.322,0.256,0.077
Landyn Vidourek,Available,COL,California League,A,Yes,22.0,,96.0,5.9,3.4,95.5,76.0,67.9,109.1,74.7,82.7,67.0,92.0,88.6,105.9,79.7,330.0,52.0,9.0,61.0,41.0,16.0,7.0,0.158,0.319,0.294,0.613,0.251,0.186,0.367,0.169,0.365,0.466,0.289,0.108
Aidan West,Available,LAD,California League,A,Yes,19.0,,14.0,5.6,3.9,110.6,72.6,29.4,35.2,88.4,76.6,81.0,91.9,88.3,106.0,10.0,55.0,16.0,1.0,4.0,8.0,1.0,1.0,0.291,0.328,0.382,0.709,0.429,0.052,0.328,0.2,0.514,0.286,0.3,0.1
Colton Vincent,Available,SD,California League,A,No,26.0,,3.0,6.5,2.3,80.8,84.2,224.9,72.1,88.4,0.0,80.0,91.8,103.7,117.3,2.0,7.0,1.0,0.0,0.0,2.0,1.0,0.0,0.143,0.4,0.143,0.543,0.2,0.3,0.2,0.2,0.4,0.4,0.0,0.0
Andres Torres,Available,TB,Carolina League,A,Yes,19.0,,12.0,3.3,3.1,106.8,47.6,79.9,48.1,67.1,100.0,52.0,91.8,89.0,96.9,0.0,37.0,5.0,0.0,4.0,3.0,1.0,1.0,0.135,0.319,0.135,0.454,0.227,0.213,0.319,0.158,0.842,0.0,0.0,0.0
Jose Ramos,Available,OAK,California League,A,Yes,19.0,,11.0,3.1,3.5,110.6,40.6,55.6,60.4,88.4,0.0,12.0,91.5,84.0,108.0,4.0,39.0,6.0,0.0,2.0,3.0,2.0,1.0,0.154,0.244,0.179,0.424,0.24,0.111,0.333,0.2,0.64,0.16,0.0,0.0
Manuel Cabrera,Available,WSH,Carolina League,A,Yes,20.0,,70.0,5.6,3.0,101.4,80.4,69.4,80.8,75.2,64.5,79.0,91.3,87.2,77.0,62.8,210.0,46.0,5.0,34.0,36.0,6.0,1.0,0.219,0.325,0.324,0.649,0.289,0.123,0.274,0.177,0.381,0.442,0.231,0.077
Luis Sanchez,Available,ATL,Carolina League,A,No,22.0,,15.0,4.5,3.1,92.2,65.1,235.2,75.7,57.3,0.0,66.0,91.1,94.1,92.5,10.5,46.0,9.0,0.0,7.0,4.0,2.0,1.0,0.196,0.339,0.196,0.535,0.231,0.161,0.125,0.135,0.595,0.27,0.7,0.0
Nick McLain,Available,CHW,Carolina League,A,No,23.0,,31.0,5.9,3.4,88.2,85.4,150.1,82.5,76.9,47.8,91.0,90.9,95.6,87.8,34.6,106.0,24.0,2.0,12.0,13.0,2.0,0.0,0.226,0.356,0.33,0.686,0.268,0.174,0.189,0.181,0.398,0.422,0.171,0.057
Junior Tilien,Available,ATL,Carolina League,A,No,23.0,,19.0,5.3,3.1,88.2,76.9,165.3,72.2,70.9,59.5,93.0,90.5,96.4,93.8,13.7,58.0,14.0,1.0,9.0,7.0,1.0,0.0,0.241,0.343,0.345,0.688,0.277,0.134,0.149,0.167,0.542,0.292,0.286,0.071
Canon Reeder,Available,PIT,Florida State League,A,Yes,23.0,,57.0,3.7,2.8,91.0,53.7,88.9,79.9,103.9,0.0,75.0,90.5,93.3,112.1,26.6,157.0,29.0,0.0,24.0,5.0,10.0,6.0,0.185,0.36,0.217,0.577,0.302,0.191,0.299,0.245,0.479,0.277,0.385,0.0
Edgardo De Leon,Available,MIA,Florida State League,A,Yes,19.0,,34.0,4.7,3.9,110.2,67.4,28.2,90.8,56.8,90.4,35.0,90.5,78.5,132.2,29.5,131.0,21.0,4.0,16.0,17.0,2.0,0.0,0.16,0.228,0.282,0.51,0.218,0.062,0.352,0.134,0.488,0.378,0.355,0.129
Logan Maxwell,Available,NYY,Florida State League,A,Yes,23.0,,29.0,10.4,3.4,91.0,149.2,141.5,114.3,42.4,106.5,119.0,90.3,88.2,121.2,31.0,100.0,27.0,5.0,24.0,24.0,9.0,1.0,0.27,0.379,0.46,0.839,0.293,0.152,0.192,0.1,0.488,0.413,0.152,0.152
Victor Santana,Available,ARI,California League,A,Yes,18.0,,30.0,4.8,3.6,116.7,62.2,102.8,16.8,72.1,0.0,57.0,90.2,83.8,91.9,26.0,109.0,28.0,0.0,9.0,15.0,0.0,0.0,0.257,0.306,0.294,0.599,0.304,0.074,0.164,0.163,0.554,0.283,0.038,0.0
Adrian Gil,Available,CHW,Carolina League,A,Yes,20.0,,47.0,4.4,3.0,101.4,63.7,78.5,75.7,65.8,74.6,69.0,90.1,86.0,113.1,44.5,140.0,21.0,4.0,22.0,15.0,3.0,0.0,0.15,0.322,0.257,0.579,0.205,0.18,0.303,0.155,0.31,0.536,0.333,0.089
Anthuan Valencia,Available,CIN,Florida State League,A,Yes,21.0,,49.0,3.4,2.3,99.7,48.8,55.7,110.7,83.5,0.0,54.0,90.1,82.4,127.3,20.6,114.0,23.0,0.0,20.0,10.0,8.0,2.0,0.202,0.314,0.219,0.533,0.315,0.117,0.321,0.197,0.521,0.282,0.25,0.0
Francisco Loreto,Available,PIT,Florida State League,A,Yes,19.0,,3.0,3.0,3.0,110.2,43.1,0.0,47.2,106.0,0.0,-4.0,90.0,83.7,109.1,4.0,9.0,1.0,0.0,0.0,1.0,0.0,0.0,0.111,0.111,0.333,0.444,0.125,0.0,0.111,0.25,0.25,0.5,0.0,0.0
Yilber Herrera,Available,MIN,Florida State League,A,No,21.0,,14.0,4.4,2.1,99.7,63.6,59.8,92.6,56.4,117.0,98.0,89.9,84.6,92.9,5.6,30.0,5.0,1.0,4.0,3.0,4.0,1.0,0.167,0.366,0.333,0.699,0.286,0.22,0.39,0.133,0.467,0.4,0.5,0.167
Reylin Perez,Available,HOU,Carolina League,A,No,21.0,,7.0,8.0,3.1,96.6,115.8,99.3,115.2,70.9,0.0,44.0,89.7,83.0,64.0,3.5,22.0,2.0,0.0,3.0,5.0,4.0,0.0,0.091,0.31,0.091,0.401,0.143,0.207,0.276,0.167,0.583,0.25,0.667,0.0
Luis Corobo,Available,MIL,Carolina League,A,Yes,19.0,,7.0,4.3,3.1,106.8,62.0,68.6,1.7,106.2,0.0,99.0,89.6,91.7,90.0,4.3,22.0,6.0,0.0,1.0,3.0,0.0,0.0,0.273,0.407,0.273,0.68,0.462,0.185,0.333,0.25,0.417,0.333,0.25,0.0
Ivan Cespedes,Available,CHC,Carolina League,A,Yes,20.0,,31.0,3.8,2.9,101.4,55.1,58.2,15.5,79.0,125.7,85.0,89.3,93.1,107.7,19.0,90.0,19.0,3.0,9.0,10.0,0.0,0.0,0.211,0.317,0.333,0.651,0.286,0.115,0.298,0.186,0.475,0.339,0.3,0.15
Jack Barker,Available,PHI,Florida State League,A,Yes,21.0,,12.0,2.6,3.4,99.7,37.7,26.1,181.5,60.6,0.0,-22.0,89.3,70.9,103.9,9.0,41.0,3.0,0.0,5.0,1.0,3.0,0.0,0.073,0.156,0.146,0.302,0.143,0.087,0.435,0.143,0.429,0.429,0.333,0.0
Logan Driscoll,Available,MIA,Carolina League,A,No,28.0,,16.0,6.7,3.7,72.5,96.8,49.2,84.3,117.6,104.8,81.0,89.2,103.5,103.1,7.8,59.0,13.0,1.0,8.0,12.0,0.0,0.0,0.22,0.292,0.373,0.665,0.261,0.046,0.185,0.277,0.553,0.17,0.375,0.125
Adriander Mejía,Available,BAL,Carolina League,A,Yes,19.0,,24.0,4.2,3.3,106.8,60.9,65.8,67.1,79.0,0.0,84.0,89.2,81.9,95.0,19.0,80.0,20.0,0.0,10.0,6.0,1.0,0.0,0.25,0.326,0.325,0.651,0.339,0.09,0.236,0.186,0.492,0.322,0.211,0.0
Yovanny Rodriguez,Available,NYM,Florida State League,A,Yes,19.0,,25.0,6.8,3.6,110.2,98.0,44.9,70.8,31.4,168.1,91.0,89.2,79.0,100.4,22.7,89.0,20.0,6.0,15.0,15.0,2.0,1.0,0.225,0.304,0.461,0.765,0.286,0.108,0.353,0.074,0.463,0.463,0.32,0.24
Ian Francis,Available,CIN,Florida State League,A,Yes,23.0,,33.0,4.0,2.9,91.0,58.1,72.7,32.7,100.5,73.6,71.0,88.9,97.3,133.4,20.3,95.0,18.0,2.0,13.0,11.0,0.0,0.0,0.189,0.325,0.284,0.609,0.254,0.119,0.271,0.237,0.441,0.322,0.263,0.105
Anielson Buten,Available,CIN,Florida State League,A,Yes,20.0,,63.0,4.9,3.6,104.7,70.7,29.8,125.2,70.4,0.0,65.0,88.9,74.8,90.0,33.0,226.0,59.0,0.0,30.0,16.0,14.0,2.0,0.261,0.307,0.305,0.612,0.383,0.049,0.295,0.166,0.621,0.214,0.194,0.0
Jurdrick Profar,Available,CHW,Carolina League,A,Yes,19.0,,21.0,4.3,3.8,106.8,62.7,45.6,46.4,80.3,40.2,53.0,88.6,83.9,94.0,21.0,79.0,15.0,1.0,5.0,10.0,0.0,0.0,0.19,0.273,0.291,0.564,0.264,0.08,0.284,0.189,0.415,0.396,0.238,0.048
Slate Alford,Available,LAA,California League,A,No,23.0,,43.0,6.4,3.5,91.3,83.4,118.9,65.4,63.7,92.7,79.0,88.4,91.6,119.3,33.0,152.0,35.0,4.0,28.0,24.0,0.0,1.0,0.23,0.333,0.362,0.695,0.279,0.13,0.215,0.144,0.559,0.297,0.182,0.121
Yunior Amparo,Available,NYM,Florida State League,A,Yes,19.0,,3.0,1.0,4.3,110.2,14.4,12.2,1.8,84.8,100.0,2.0,88.3,87.3,87.5,1.0,13.0,2.0,0.0,0.0,1.0,0.0,0.0,0.154,0.214,0.154,0.368,0.4,0.071,0.571,0.2,0.6,0.2,1.0,0.0
Jan Luis Reyes,Available,CHC,Carolina League,A,Yes,20.0,,25.0,2.7,3.2,101.4,39.1,22.5,108.3,83.2,0.0,0.0,88.3,78.4,91.7,14.0,79.0,11.0,0.0,7.0,10.0,1.0,1.0,0.139,0.181,0.177,0.358,0.216,0.048,0.337,0.196,0.529,0.275,0.143,0.0
Francisco Espinoza,Available,LAD,California League,A,Yes,19.0,,32.0,5.4,3.6,110.6,69.6,119.7,36.9,60.1,0.0,94.0,88.1,81.7,103.3,20.4,115.0,34.0,0.0,18.0,11.0,0.0,1.0,0.296,0.383,0.33,0.714,0.378,0.113,0.195,0.136,0.636,0.227,0.4,0.0
Bryan Gonzalez Garcia,Not in Fantrax,LAD,California League,A,No,20.0,,23.0,4.8,3.4,105.0,62.8,57.0,62.1,81.8,0.0,63.0,88.0,81.9,113.8,25.0,79.0,18.0,0.0,9.0,12.0,0.0,0.0,0.228,0.303,0.329,0.632,0.333,0.09,0.292,0.185,0.352,0.463,0.32,0.0
Cade Doughty,Available,ATL,Florida State League,A,No,25.0,,3.0,5.8,3.0,83.7,83.8,100.0,99.8,94.1,0.0,95.0,87.9,91.2,95.3,2.0,9.0,2.0,0.0,1.0,0.0,1.0,0.0,0.222,0.364,0.333,0.697,0.222,0.182,0.0,0.222,0.556,0.222,0.0,0.0
Cole Mathis,Skrrt vs The World (MINORS),NYM,Florida State League,A,No,22.0,,5.0,4.5,3.2,95.2,64.7,306.6,47.2,30.1,0.0,42.0,87.9,90.7,68.0,4.3,16.0,3.0,0.0,4.0,1.0,0.0,0.0,0.188,0.3,0.188,0.487,0.2,0.15,0.1,0.071,0.643,0.286,0.75,0.0
Kaden Hopson,Available,LAA,California League,A,No,25.0,,4.0,1.4,1.8,84.0,17.8,224.9,43.6,73.8,0.0,12.0,87.7,98.7,91.3,3.0,7.0,1.0,0.0,1.0,0.0,0.0,0.0,0.143,0.25,0.143,0.393,0.167,0.125,0.125,0.167,0.333,0.5,0.667,0.0
D'Angelo Tejada,Available,CHW,Carolina League,A,Yes,20.0,,28.0,0.9,3.2,101.4,12.7,18.9,37.8,92.1,64.5,-21.0,87.7,87.2,68.9,12.7,90.0,8.0,1.0,5.0,5.0,0.0,1.0,0.089,0.153,0.144,0.298,0.156,0.071,0.455,0.217,0.5,0.283,0.231,0.077
Luis Almeyda,Available,BAL,Carolina League,A,Yes,20.0,,23.0,3.5,3.7,101.4,51.0,48.1,55.0,93.4,0.0,27.0,87.7,84.9,104.0,18.9,84.0,15.0,0.0,8.0,9.0,1.0,2.0,0.179,0.233,0.214,0.448,0.242,0.067,0.244,0.22,0.475,0.305,0.167,0.0
Fernando Cruz,Available,CHC,Carolina League,A,Yes,19.0,,16.0,2.5,3.3,106.8,35.7,15.9,60.2,76.0,56.2,44.0,87.7,80.5,102.4,15.0,53.0,10.0,1.0,5.0,3.0,1.0,1.0,0.189,0.241,0.283,0.524,0.321,0.052,0.431,0.179,0.286,0.536,0.333,0.067
Moises Polanco,Available,MIL,Carolina League,A,Yes,19.0,,9.0,4.4,3.3,106.8,63.5,53.2,72.2,73.9,0.0,94.0,87.7,78.7,106.5,9.4,30.0,10.0,0.0,3.0,2.0,1.0,0.0,0.333,0.364,0.367,0.73,0.417,0.061,0.212,0.174,0.435,0.391,0.222,0.0
Angel Ramirez,Available,KCR,Carolina League,A,Yes,21.0,,33.0,5.2,3.3,96.6,75.4,90.6,63.6,67.5,54.5,68.0,87.1,86.0,94.9,31.0,108.0,25.0,2.0,18.0,11.0,2.0,2.0,0.231,0.312,0.315,0.627,0.28,0.109,0.209,0.159,0.463,0.378,0.226,0.065
Jared Jones,Lászlaró Tóth (ACTIVE),PIT,Florida State League,A,No,22.0,,5.0,7.9,3.8,95.2,113.5,132.8,12.7,90.7,0.0,159.0,86.9,93.8,56.4,4.0,19.0,7.0,0.0,2.0,3.0,0.0,0.0,0.368,0.478,0.474,0.952,0.5,0.174,0.217,0.214,0.5,0.286,0.0,0.0
Manolfi Jimenez,Available,PHI,Florida State League,A,No,21.0,,32.0,4.0,3.3,99.7,57.7,49.8,45.4,81.4,53.9,51.0,86.9,86.1,100.0,26.3,105.0,23.0,2.0,11.0,12.0,1.0,2.0,0.219,0.274,0.314,0.588,0.284,0.077,0.274,0.192,0.452,0.356,0.462,0.077
Newremberg Rondon,Available,DET,Florida State League,A,Yes,22.0,,21.0,3.7,3.0,95.2,53.4,61.4,27.2,90.7,63.8,49.0,86.8,91.6,84.4,10.7,63.0,12.0,1.0,7.0,8.0,0.0,0.0,0.19,0.282,0.254,0.536,0.268,0.113,0.296,0.214,0.524,0.262,0.364,0.091
Juan Alvarez,Available,ARI,California League,A,Yes,20.0,,3.0,6.0,4.0,105.0,77.7,0.0,1.7,49.1,255.0,-18.0,86.7,88.3,94.3,2.7,12.0,1.0,1.0,1.0,3.0,0.0,0.0,0.083,0.083,0.333,0.417,0.0,0.0,0.25,0.111,0.556,0.333,0.0,0.333
Steven Lancia,Available,CHW,Carolina League,A,Yes,23.0,,37.0,6.8,3.2,88.2,97.8,83.3,86.0,71.8,67.1,98.0,86.6,87.9,120.4,25.3,118.0,33.0,2.0,21.0,25.0,2.0,2.0,0.28,0.357,0.381,0.738,0.344,0.107,0.221,0.169,0.551,0.281,0.12,0.08
Braylin Morel,Available,TEX,Carolina League,A,Yes,20.0,,21.0,4.4,3.7,101.4,64.1,12.2,67.1,59.5,129.1,29.0,86.5,81.2,100.1,13.0,77.0,14.0,2.0,6.0,12.0,1.0,0.0,0.182,0.198,0.312,0.509,0.24,0.025,0.333,0.14,0.6,0.26,0.231,0.154
Pedro León,Available,PHI,Florida State League,A,No,28.0,,2.0,19.5,3.0,74.8,280.3,340.7,1.8,0.0,350.3,299.0,86.4,108.7,58.5,2.4,6.0,2.0,2.0,2.0,4.0,0.0,0.0,0.333,0.5,1.333,1.833,0.0,0.25,0.125,0.0,0.2,0.8,0.0,0.5
Carlos Pacheco,Available,ATH,California League,A,No,21.0,,13.0,6.7,3.6,100.0,87.2,116.6,104.0,45.5,0.0,34.0,86.1,76.2,55.6,14.4,47.0,9.0,0.0,4.0,7.0,5.0,0.0,0.191,0.278,0.234,0.512,0.225,0.074,0.148,0.103,0.538,0.359,0.357,0.0
Reed Trimble,Available,BAL,Carolina League,A,No,26.0,,2.0,10.5,2.0,78.0,152.0,256.2,1.7,0.0,838.2,252.0,85.6,105.1,90.6,0.7,4.0,1.0,1.0,1.0,2.0,0.0,0.0,0.25,0.5,1.0,1.5,0.0,0.333,0.167,0.0,0.667,0.333,0.0,1.0
Jhonayker Ugarte,Available,KC,Carolina League,A,Yes,19.0,,15.0,3.5,3.6,106.8,51.1,62.9,60.2,65.4,0.0,23.0,85.6,76.9,106.7,10.2,54.0,9.0,0.0,8.0,5.0,0.0,1.0,0.167,0.25,0.185,0.435,0.225,0.082,0.23,0.154,0.59,0.256,0.4,0.0
Henniel Alcala,Available,CHC,Carolina League,A,Yes,20.0,,9.0,5.5,3.3,101.4,79.6,41.1,44.7,63.7,93.0,56.0,85.5,82.6,127.4,8.6,30.0,6.0,1.0,5.0,6.0,0.0,0.0,0.2,0.265,0.3,0.565,0.263,0.088,0.324,0.15,0.4,0.45,0.333,0.111
Angel Brachi,Available,MIA,Florida State League,A,Yes,19.0,,6.0,2.5,2.8,110.2,35.9,27.8,128.9,38.6,0.0,-21.0,84.7,63.5,114.2,2.0,17.0,2.0,0.0,3.0,1.0,1.0,0.0,0.118,0.167,0.118,0.284,0.182,0.056,0.333,0.091,0.727,0.182,0.0,0.0
Anyelo Encarnación,Available,STL,Florida State League,A,No,22.0,,2.0,2.5,3.5,95.2,35.9,0.0,54.5,106.0,0.0,55.0,84.3,83.7,92.6,2.0,7.0,2.0,0.0,0.0,0.0,1.0,1.0,0.286,0.286,0.286,0.571,0.5,0.0,0.429,0.25,0.25,0.5,0.5,0.0
Athanael Duarte,Available,LAA,California League,A,Yes,21.0,,19.0,3.1,2.8,100.0,39.5,63.2,63.8,55.3,54.4,33.0,84.1,78.6,90.8,13.6,54.0,8.0,1.0,8.0,4.0,1.0,1.0,0.148,0.27,0.222,0.492,0.226,0.141,0.344,0.125,0.438,0.438,0.214,0.071
Jorgelys Mota,Available,WSH,Carolina League,A,No,21.0,,7.0,7.8,2.3,96.6,112.7,73.1,43.0,0.0,419.1,200.0,84.0,83.8,128.0,3.2,16.0,5.0,2.0,2.0,6.0,1.0,2.0,0.312,0.476,0.688,1.164,0.375,0.143,0.286,0.0,0.6,0.4,0.0,0.5
Gabriel Silva,Available,KC,Carolina League,A,Yes,22.0,,23.0,1.8,2.8,92.2,26.7,15.5,30.9,80.3,114.0,4.0,83.4,87.4,128.2,20.2,65.0,6.0,3.0,3.0,6.0,0.0,1.0,0.092,0.157,0.262,0.419,0.088,0.042,0.394,0.189,0.216,0.595,0.409,0.136
Eric Martinez,Available,MIL,Carolina League,A,Yes,22.0,,9.0,1.3,2.1,92.2,19.3,38.9,75.7,84.9,0.0,37.0,83.2,80.9,75.3,2.0,19.0,3.0,0.0,1.0,0.0,1.0,0.0,0.158,0.273,0.211,0.483,0.3,0.136,0.409,0.2,0.6,0.2,0.5,0.0
Everett Cooper III,Available,WSH,Carolina League,A,Yes,22.0,,7.0,2.3,3.3,92.2,33.1,136.7,27.5,70.9,0.0,0.0,83.0,87.4,88.1,5.0,23.0,2.0,0.0,2.0,1.0,0.0,0.0,0.087,0.222,0.087,0.309,0.111,0.148,0.185,0.167,0.556,0.278,0.4,0.0
Eliezer Rivero,Available,LAA,California League,A,Yes,21.0,,14.0,2.0,2.4,100.0,25.9,10.8,75.5,77.8,0.0,29.0,83.0,75.2,102.7,5.3,33.0,7.0,0.0,2.0,3.0,1.0,0.0,0.212,0.257,0.242,0.5,0.389,0.029,0.429,0.176,0.529,0.294,0.2,0.0
Angel Guzman,Available,TOR,Florida State League,A,Yes,19.0,,2.0,6.8,1.5,110.2,97.0,100.0,136.1,0.0,0.0,31.0,82.3,58.5,98.7,3.0,3.0,1.0,0.0,1.0,1.0,1.0,0.0,0.333,0.25,0.333,0.583,0.25,0.0,0.0,0.0,0.25,0.75,0.333,0.0
Kendrick Herrera,Available,PIT,Florida State League,A,Yes,19.0,,10.0,4.5,2.8,110.2,64.7,50.1,88.9,35.2,0.0,78.0,82.2,64.9,85.7,2.3,28.0,6.0,0.0,3.0,4.0,2.0,0.0,0.214,0.371,0.214,0.586,0.429,0.171,0.4,0.083,0.75,0.167,0.0,0.0
Cobb Hightower,Available,BAL,Carolina League,A,Yes,21.0,,14.0,4.9,3.7,96.6,70.8,66.7,51.6,70.9,0.0,104.0,82.0,79.2,130.3,10.2,52.0,17.0,0.0,3.0,4.0,1.0,0.0,0.327,0.364,0.365,0.729,0.395,0.055,0.164,0.167,0.595,0.238,0.2,0.0
Ezequiel Pena,Available,CHC,Carolina League,A,Yes,19.0,,8.0,4.7,3.6,106.8,67.8,63.0,123.8,21.2,0.0,27.0,81.7,61.5,95.0,7.3,29.0,5.0,0.0,4.0,1.0,3.0,0.0,0.172,0.25,0.172,0.422,0.238,0.094,0.25,0.05,0.6,0.35,0.143,0.0
Judah Morris,Available,ATH,California League,A,Yes,24.0,,7.0,8.1,4.0,87.5,105.5,26.6,78.9,88.4,0.0,32.0,81.4,80.7,98.9,4.3,28.0,5.0,0.0,3.0,10.0,0.0,0.0,0.179,0.233,0.321,0.555,0.313,0.067,0.4,0.2,0.533,0.267,0.0,0.0
Juan Rosas,Available,TOR,Florida State League,A,Yes,20.0,,17.0,2.8,2.1,104.7,40.2,56.9,20.0,42.4,87.6,65.0,81.1,76.6,46.8,7.6,36.0,6.0,1.0,4.0,5.0,0.0,0.0,0.167,0.318,0.25,0.568,0.263,0.159,0.364,0.1,0.5,0.4,0.0,0.125
Landon Hodge,Available,CHW,Carolina League,A,Yes,19.0,,4.0,3.8,3.5,106.8,54.3,0.0,1.7,60.7,100.0,52.0,81.0,77.5,73.0,0.0,14.0,4.0,0.0,0.0,3.0,0.0,0.0,0.286,0.286,0.286,0.571,0.571,0.0,0.5,0.143,0.857,0.0,0.0,0.0
Lenyn Sosa,Available,TOR,Florida State League,A,No,26.0,,6.0,1.5,2.7,80.5,21.6,27.8,1.8,127.2,0.0,28.0,80.1,94.3,46.8,5.0,16.0,2.0,0.0,0.0,1.0,0.0,0.0,0.125,0.222,0.25,0.472,0.2,0.056,0.333,0.3,0.2,0.5,0.8,0.0
John Cristino,Available,NYY,Florida State League,A,No,26.0,,10.0,5.8,3.0,80.5,82.6,61.4,41.7,50.0,175.1,76.0,79.8,88.1,117.7,4.0,30.0,5.0,1.0,5.0,7.0,0.0,0.0,0.167,0.324,0.3,0.624,0.235,0.135,0.324,0.118,0.647,0.235,0.75,0.25
Yeycol Soriano,Available,CIN,Florida State League,A,Yes,20.0,,9.0,1.2,3.2,104.7,16.8,36.2,54.5,53.0,0.0,20.0,79.8,69.5,89.0,5.3,29.0,5.0,0.0,3.0,0.0,0.0,1.0,0.172,0.25,0.172,0.422,0.294,0.094,0.375,0.125,0.563,0.313,0.0,0.0
Gabriel Flores,Not in Fantrax,PHI,Florida State League,A,No,18.0,,2.0,0.0,1.0,116.3,0.0,100.0,1.8,0.0,100.0,-100.0,79.3,68.0,75.9,0.0,2.0,0.0,0.0,0.0,0.0,0.0,0.0,0.0,0.0,0.0,0.0,0.0,0.0,0.0,0.0,1.0,0.0,0.0,0.0
TJ Ford,Available,LAA,California League,A,Yes,20.0,,20.0,2.4,2.9,105.0,31.4,18.2,115.8,28.7,0.0,-21.0,78.8,58.9,110.5,15.0,57.0,7.0,0.0,4.0,2.0,7.0,0.0,0.123,0.18,0.123,0.303,0.226,0.049,0.426,0.065,0.452,0.484,0.467,0.0
Branden Boissiere,Available,WSH,Carolina League,A,No,26.0,,4.0,9.9,4.0,78.0,142.9,45.2,18.9,35.2,279.1,162.0,78.6,91.0,141.6,5.0,16.0,5.0,2.0,3.0,3.0,0.0,0.0,0.312,0.353,0.688,1.04,0.3,0.059,0.235,0.083,0.417,0.5,0.333,0.333
Jhocsuanth Vargas,Available,TEX,Carolina League,A,Yes,19.0,,13.0,1.0,2.8,106.8,15.0,11.3,41.3,55.2,0.0,-32.0,78.3,67.3,99.2,6.3,36.0,4.0,0.0,1.0,4.0,0.0,1.0,0.111,0.128,0.139,0.267,0.167,0.026,0.359,0.13,0.609,0.261,0.333,0.0
C.J. Stubbs,Available,TOR,Florida State League,A,No,29.0,,2.0,3.2,3.5,72.2,46.7,50.5,47.2,106.0,0.0,56.0,77.6,89.6,127.2,2.0,7.0,1.0,0.0,2.0,0.0,0.0,0.0,0.143,0.333,0.143,0.476,0.25,0.111,0.333,0.25,0.25,0.5,0.5,0.0
Javier Rivas,Available,PIT,Florida State League,A,No,23.0,,3.0,3.8,3.0,91.0,55.1,54.5,34.5,70.8,0.0,218.0,77.4,77.8,56.4,2.0,9.0,5.0,0.0,1.0,0.0,0.0,1.0,0.556,0.6,0.556,1.156,0.833,0.1,0.3,0.167,0.5,0.333,0.0,0.0
Malvin Fernandez,Available,ATL,Carolina League,A,No,17.0,,2.0,1.5,2.0,119.4,21.7,0.0,43.0,0.0,100.0,-100.0,77.1,56.4,94.9,1.0,4.0,0.0,0.0,0.0,0.0,1.0,0.0,0.0,0.0,0.0,0.0,0.0,0.0,0.5,0.0,0.5,0.5,1.0,0.0
Jackson Hauge,Available,NYM,Florida State League,A,Yes,25.0,,27.0,3.3,2.8,83.7,47.4,87.0,18.2,58.1,73.6,48.0,76.8,84.2,56.4,19.0,76.0,12.0,2.0,5.0,9.0,0.0,1.0,0.158,0.278,0.263,0.541,0.196,0.144,0.267,0.137,0.49,0.373,0.158,0.105
Erasmi Rodriguez,Not in Fantrax,CHW,Carolina League,A,Yes,22.0,,7.0,2.9,3.0,92.2,41.3,0.0,1.7,56.5,140.0,2.0,76.3,79.8,91.6,5.6,21.0,3.0,1.0,1.0,3.0,0.0,0.0,0.143,0.143,0.286,0.429,0.143,0.0,0.286,0.133,0.467,0.4,0.5,0.167
Carl Calixte,Available,PIT,Florida State League,A,Yes,19.0,,7.0,1.6,3.4,110.2,23.6,12.9,47.2,35.2,0.0,6.0,76.1,60.6,100.3,1.1,24.0,4.0,0.0,3.0,1.0,0.0,0.0,0.167,0.2,0.208,0.408,0.308,0.04,0.44,0.083,0.833,0.083,0.0,0.0
Daniel Rojas,Available,STL,Florida State League,A,Yes,20.0,,5.0,1.6,4.2,104.7,23.0,0.0,14.5,60.6,0.0,38.0,75.5,67.9,99.3,2.0,21.0,5.0,0.0,1.0,0.0,0.0,0.0,0.238,0.238,0.286,0.524,0.357,0.0,0.333,0.143,0.714,0.143,0.5,0.0
Alexander Mambel,Available,BOS,Carolina League,A,Yes,19.0,,1.0,2.0,0.0,106.8,28.9,100.0,1.7,0.0,100.0,345.0,75.3,68.0,103.8,,0.0,0.0,0.0,0.0,0.0,0.0,0.0,,1.0,,,0.0,1.0,0.0,0.0,0.0,0.0,0.0,0.0
Gleyber Torres,Je suis Charlie Morton (ACTIVE),DET,Florida State League,A,No,29.0,,2.0,11.5,3.0,72.2,165.3,194.6,1.8,0.0,233.3,126.0,75.1,91.7,111.0,2.4,6.0,1.0,1.0,1.0,3.0,0.0,0.0,0.167,0.286,0.667,0.952,0.0,0.143,0.143,0.0,0.4,0.6,0.0,0.333
Tony Blanco Jr.,Ben the Hen (MINORS),PIT,Florida State League,A,No,21.0,,2.0,0.8,3.5,99.7,10.8,0.0,1.8,70.8,0.0,-31.0,74.4,71.5,58.6,4.0,7.0,1.0,0.0,0.0,0.0,0.0,0.0,0.143,0.143,0.143,0.286,0.167,0.0,0.143,0.167,0.167,0.667,0.25,0.0
Charlie Saum,Available,TOR,Florida State League,A,No,22.0,,7.0,0.9,2.6,95.2,13.3,24.1,1.8,70.8,0.0,-2.0,74.2,74.3,49.7,4.0,18.0,2.0,0.0,0.0,1.0,0.0,0.0,0.111,0.19,0.167,0.357,0.167,0.048,0.333,0.167,0.5,0.333,0.25,0.0
Jesús Sánchez,Available,TOR,Florida State League,A,No,28.0,,2.0,4.5,2.0,74.8,64.7,311.3,47.2,0.0,0.0,20.0,73.1,80.2,111.6,2.0,4.0,0.0,0.0,1.0,1.0,0.0,0.0,0.0,0.286,0.0,0.286,0.0,0.286,0.143,0.0,0.5,0.5,0.0,0.0
Franyerber Montilla,Available,DET,Florida State League,A,Yes,21.0,,1.0,2.0,0.0,99.7,28.7,100.0,1.8,0.0,100.0,349.0,72.4,68.0,72.3,,0.0,0.0,0.0,0.0,0.0,0.0,0.0,,1.0,,,0.0,1.0,0.0,0.0,0.0,0.0,0.0,0.0
Yael Romero,Available,CIN,Florida State League,A,Yes,20.0,,3.0,1.7,3.0,104.7,24.0,34.1,29.0,0.0,100.0,3.0,72.1,60.3,105.3,0.0,9.0,0.0,0.0,1.0,1.0,0.0,0.0,0.0,0.25,0.0,0.25,0.0,0.25,0.5,0.0,1.0,0.0,0.0,0.0
Jo Oyama,Available,SEA,California League,A,No,25.0,,14.0,0.3,1.9,84.0,4.2,60.0,43.6,52.2,0.0,-33.0,71.7,71.9,101.1,6.0,26.0,1.0,0.0,2.0,0.0,0.0,0.0,0.038,0.167,0.038,0.205,0.059,0.1,0.3,0.118,0.529,0.353,0.333,0.0
Guillermo Rosario,Available,PHI,Florida State League,A,No,21.0,,7.0,0.3,3.1,99.7,4.1,15.7,14.5,47.1,0.0,4.0,71.7,65.0,97.6,4.0,22.0,3.0,0.0,1.0,0.0,0.0,0.0,0.136,0.208,0.182,0.39,0.333,0.083,0.542,0.111,0.444,0.444,0.0,0.0
Leandro Alsinois,Available,CHW,Carolina League,A,Yes,21.0,,13.0,1.9,2.9,96.6,27.3,28.7,73.9,19.1,0.0,-8.0,70.4,56.8,78.2,7.3,38.0,5.0,0.0,2.0,3.0,1.0,0.0,0.132,0.195,0.132,0.327,0.217,0.073,0.366,0.045,0.636,0.318,0.286,0.0
Tommy Pham,Available,CHW,Florida State League,A,No,38.0,,5.0,4.1,2.4,55.1,58.9,176.6,47.2,60.6,0.0,76.0,69.8,88.5,131.2,5.7,12.0,2.0,0.0,3.0,1.0,0.0,0.0,0.167,0.353,0.25,0.603,0.2,0.176,0.176,0.143,0.286,0.571,0.0,0.0
Jayden Kim,Available,PIT,Florida State League,A,Yes,19.0,,9.0,0.3,1.0,110.2,4.0,0.0,1.8,0.0,100.0,-8.0,69.8,56.4,112.8,1.0,9.0,1.0,0.0,0.0,1.0,0.0,0.0,0.111,0.2,0.111,0.311,0.25,0.0,0.5,0.0,0.75,0.25,1.0,0.0
Maylerson Casanova,Not in Fantrax,PHI,Florida State League,A,Yes,19.0,,1.0,-1.0,4.0,110.2,-14.4,0.0,1.8,0.0,100.0,-100.0,69.8,56.4,85.1,0.0,4.0,0.0,0.0,0.0,0.0,0.0,0.0,0.0,0.0,0.0,0.0,0.0,0.0,0.25,0.0,1.0,0.0,0.0,0.0
Cesar Mujica,Available,PHI,Florida State League,A,Yes,19.0,,3.0,0.8,2.0,110.2,12.0,77.8,1.8,0.0,0.0,33.0,69.5,55.9,110.4,2.0,6.0,1.0,0.0,0.0,0.0,0.0,0.0,0.167,0.286,0.167,0.452,0.25,0.143,0.286,0.0,0.5,0.5,0.0,0.0
John Estevez,Available,ATL,Carolina League,A,No,20.0,,6.0,3.0,3.5,101.4,43.4,19.5,13.8,30.2,0.0,11.0,69.1,59.6,86.8,5.0,21.0,4.0,0.0,1.0,3.0,0.0,0.0,0.19,0.217,0.19,0.408,0.286,0.043,0.348,0.071,0.571,0.357,0.0,0.0
Josh Owens,Available,TEX,Carolina League,A,Yes,19.0,,9.0,1.7,2.4,106.8,24.9,37.4,27.5,0.0,0.0,34.0,67.4,51.2,95.9,8.2,22.0,4.0,0.0,2.0,1.0,0.0,0.0,0.182,0.25,0.227,0.477,0.286,0.083,0.333,0.0,0.417,0.583,0.571,0.0
Tommy Takayoshi,Available,ATH,California League,A,Yes,25.0,,9.0,2.7,2.7,84.0,34.5,76.5,18.5,34.0,0.0,68.0,67.0,67.6,122.5,4.0,24.0,4.0,0.0,1.0,3.0,0.0,1.0,0.167,0.375,0.167,0.542,0.308,0.188,0.344,0.077,0.615,0.308,0.0,0.0
Darell Morel,Available,PIT,Florida State League,A,Yes,18.0,,2.0,2.2,4.0,116.3,32.3,0.0,1.8,0.0,0.0,-41.0,66.6,46.8,84.9,2.0,8.0,1.0,0.0,0.0,1.0,0.0,0.0,0.125,0.125,0.125,0.25,0.167,0.0,0.25,0.0,0.667,0.333,0.5,0.0
Jack Brannigan,Available,PIT,Florida State League,A,No,25.0,,5.0,0.3,3.0,83.7,4.3,4.0,74.4,0.0,100.0,14.0,65.1,56.9,140.1,0.0,15.0,1.0,0.0,0.0,0.0,1.0,0.0,0.067,0.263,0.067,0.33,1.0,0.211,0.737,0.0,1.0,0.0,0.0,0.0
Rubel Cespedes,Available,LAA,California League,A,Yes,25.0,,6.0,2.7,3.3,84.0,34.5,33.3,26.8,0.0,109.5,14.0,63.8,61.2,122.6,6.5,20.0,3.0,1.0,2.0,1.0,0.0,0.0,0.15,0.19,0.3,0.49,0.154,0.048,0.286,0.0,0.5,0.5,0.286,0.143
Alejandro Rios,Available,ARI,California League,A,Yes,21.0,,9.0,-0.4,3.3,100.0,-5.0,12.1,13.4,0.0,0.0,-8.0,61.6,48.2,103.6,5.0,30.0,3.0,0.0,1.0,0.0,0.0,0.0,0.1,0.206,0.1,0.306,0.273,0.059,0.559,0.0,0.545,0.455,0.2,0.0
Raider Tello,Available,PHI,Florida State League,A,No,25.0,,1.0,-1.0,3.0,83.7,-14.4,0.0,1.8,0.0,100.0,-100.0,58.7,56.4,91.3,1.0,3.0,0.0,0.0,0.0,0.0,0.0,0.0,0.0,0.0,0.0,0.0,0.0,0.0,0.333,0.0,0.5,0.5,0.0,0.0
Blake Penso,Available,COL,California League,A,No,24.0,,2.0,-0.5,2.5,87.5,-6.5,33.3,1.7,0.0,0.0,-35.0,56.9,50.7,64.1,2.0,5.0,0.0,0.0,0.0,0.0,0.0,0.0,0.0,0.167,0.0,0.167,0.0,0.167,0.5,0.0,0.0,1.0,0.5,0.0
Andy Ibáñez,Available,SEA,Florida State League,A,No,33.0,,1.0,2.5,4.0,63.4,35.9,100.0,1.8,0.0,0.0,30.0,51.5,58.5,68.0,3.0,4.0,1.0,0.0,0.0,0.0,0.0,0.0,0.25,0.25,0.25,0.5,0.25,0.0,0.0,0.0,0.25,0.75,0.0,0.0
Douglas Hodo III,Available,BAL,South Atlantic League,A+,No,25.0,,3.0,33.5,4.7,87.9,449.7,479.6,129.4,165.3,381.6,419.0,135.4,163.3,93.6,3.9,14.0,9.0,3.0,8.0,7.0,2.0,0.0,0.643,0.688,1.5,2.188,0.6,0.125,0.063,0.385,0.231,0.385,0.4,0.6
Eddie King Jr.,Available,PIT,South Atlantic League,A+,Yes,23.0,,6.0,13.2,3.0,95.5,177.9,419.0,86.8,165.3,318.0,201.0,135.0,163.3,103.4,2.0,18.0,6.0,1.0,7.0,5.0,1.0,0.0,0.333,0.613,0.5,1.113,0.385,0.355,0.129,0.385,0.462,0.154,0.5,0.5
JoJo Parker,Third Degree Burnes (MINORS),TOR,Northwest League,A+,Yes,19.0,,21.0,8.6,3.8,118.1,120.8,185.3,151.4,150.4,0.0,140.0,124.2,120.7,114.6,10.0,79.0,25.0,0.0,17.0,7.0,6.0,1.0,0.316,0.443,0.418,0.861,0.41,0.175,0.186,0.344,0.492,0.164,0.3,0.0
Jose Alpuria,Available,ARI,Northwest League,A+,Yes,21.0,,6.0,8.3,2.8,106.8,116.8,687.9,105.0,93.6,223.3,160.0,123.7,134.1,102.6,3.0,17.0,4.0,1.0,5.0,1.0,2.0,1.0,0.235,0.48,0.471,0.951,0.214,0.28,0.08,0.214,0.571,0.214,0.0,0.333
Wyatt Sanford,Lászlaró Tóth (MINORS),PIT,South Atlantic League,A+,Yes,20.0,,72.0,11.3,3.8,109.9,151.9,80.2,154.2,124.9,251.2,147.0,122.8,123.6,103.6,39.5,274.0,80.0,17.0,73.0,42.0,33.0,1.0,0.292,0.423,0.551,0.974,0.399,0.141,0.293,0.291,0.459,0.25,0.047,0.395
Eli Willits,Bobby and the NitWitts (MINORS),WSH,South Atlantic League,A+,Yes,18.0,,64.0,9.9,3.5,122.1,133.0,180.6,157.7,111.2,64.2,118.0,121.6,112.6,109.2,67.0,226.0,52.0,7.0,51.0,33.0,31.0,8.0,0.23,0.392,0.42,0.813,0.273,0.187,0.19,0.259,0.335,0.406,0.101,0.101
Justyn-Henry Malloy,Available,TB,South Atlantic League,A+,No,26.0,,5.0,16.7,3.8,84.5,224.2,298.2,31.9,143.0,272.9,287.0,121.4,156.0,112.3,5.6,19.0,9.0,3.0,6.0,6.0,0.0,1.0,0.474,0.615,1.0,1.615,0.5,0.269,0.154,0.333,0.2,0.467,0.143,0.429
Vahn Lackey,Available,MIN,Midwest League,A+,Yes,20.0,2026,10.0,14.8,3.8,110.2,201.1,280.2,109.2,107.3,93.5,170.0,120.4,125.7,103.6,14.5,38.0,12.0,2.0,10.0,7.0,8.0,1.0,0.316,0.5,0.5,1.0,0.357,0.269,0.154,0.241,0.241,0.517,0.4,0.133
Ramiro Dominguez,Available,MIN,Midwest League,A+,Yes,19.0,,9.0,11.4,3.3,116.0,154.2,93.8,147.4,101.1,234.2,152.0,119.8,115.3,106.9,8.2,30.0,8.0,3.0,7.0,10.0,1.0,0.0,0.267,0.378,0.667,1.045,0.25,0.108,0.216,0.227,0.364,0.409,0.111,0.333
DJ Layton,Available,BAL,South Atlantic League,A+,Yes,19.0,,23.0,9.1,3.1,115.6,122.3,67.3,115.2,134.8,181.9,127.0,119.1,118.9,97.2,7.0,72.0,19.0,2.0,19.0,10.0,13.0,4.0,0.264,0.418,0.431,0.848,0.486,0.204,0.376,0.314,0.486,0.2,0.0,0.286
Nehomar Ochoa Jr.,Available,HOU,South Atlantic League,A+,Yes,20.0,,28.0,12.3,4.2,109.9,165.7,27.1,161.3,141.2,181.9,112.0,119.1,116.5,105.3,20.1,118.0,36.0,6.0,29.0,30.0,11.0,1.0,0.305,0.333,0.576,0.91,0.411,0.048,0.325,0.329,0.395,0.276,0.286,0.286
Byron Chourio,Available,MIN,Midwest League,A+,Yes,21.0,,26.0,9.4,2.9,105.0,126.8,123.9,138.3,140.3,132.2,140.0,118.8,122.6,102.4,16.0,76.0,23.0,3.0,11.0,17.0,12.0,0.0,0.303,0.419,0.5,0.919,0.37,0.149,0.213,0.315,0.389,0.296,0.25,0.188
Alfredo Velásquez,Available,BAL,South Atlantic League,A+,No,21.0,,20.0,5.9,2.5,104.6,78.9,343.3,134.7,109.9,49.0,117.0,118.7,123.1,107.6,13.6,49.0,16.0,1.0,9.0,6.0,4.0,2.0,0.327,0.377,0.449,0.826,0.333,0.073,0.055,0.256,0.442,0.302,0.308,0.077
Tyler Howard,Available,CLE,Midwest League,A+,Yes,22.0,,29.0,7.8,3.4,100.2,106.0,272.8,54.6,150.1,68.2,137.0,118.6,137.2,107.7,29.8,98.0,29.0,3.0,18.0,16.0,0.0,0.0,0.296,0.43,0.459,0.889,0.325,0.174,0.124,0.337,0.289,0.373,0.226,0.097
John Smith III,Available,NYM,South Atlantic League,A+,Yes,22.0,,5.0,10.5,3.6,99.9,141.0,107.3,104.6,122.8,636.0,231.0,118.6,130.5,99.3,0.9,18.0,8.0,1.0,5.0,2.0,1.0,0.0,0.444,0.545,0.722,1.268,0.538,0.091,0.182,0.286,0.643,0.071,0.0,1.0
Erick Brito,Available,PHI,South Atlantic League,A+,No,24.0,,3.0,4.8,3.0,91.6,64.9,258.2,67.3,214.6,100.0,53.0,118.3,141.0,79.4,0.0,9.0,1.0,0.0,0.0,0.0,2.0,1.0,0.111,0.333,0.111,0.444,0.143,0.25,0.167,0.5,0.5,0.0,0.0,0.0
Walker Jenkins,Daddy Yankee (MINORS),MIN,Midwest League,A+,No,21.0,,3.0,10.7,3.7,105.0,144.4,104.1,36.4,247.6,234.2,214.0,118.2,135.9,141.5,2.7,11.0,5.0,1.0,3.0,2.0,0.0,0.0,0.455,0.5,0.727,1.227,0.5,0.083,0.167,0.556,0.111,0.333,0.333,0.333
Damian Bravo,Available,SF,Northwest League,A+,Yes,22.0,,17.0,9.2,3.9,102.0,129.0,67.0,127.2,178.9,167.6,125.0,118.2,125.3,100.6,14.6,66.0,17.0,4.0,15.0,10.0,4.0,1.0,0.258,0.347,0.53,0.877,0.325,0.107,0.293,0.409,0.227,0.364,0.063,0.25
Ty Southisene,Available,TOR,Midwest League,A+,Yes,20.0,,44.0,10.7,3.9,110.2,144.9,225.7,143.8,126.9,0.0,130.0,118.2,117.2,112.5,28.3,172.0,56.0,0.0,39.0,27.0,20.0,4.0,0.326,0.451,0.372,0.823,0.384,0.141,0.127,0.285,0.521,0.194,0.107,0.0
Kayson Cunningham,Bobby and the NitWitts (MINORS),ARI,Northwest League,A+,Yes,20.0,,63.0,8.9,3.8,112.2,124.4,124.2,147.4,133.4,73.1,100.0,117.8,114.6,122.9,45.2,238.0,60.0,5.0,50.0,36.0,20.0,4.0,0.252,0.36,0.391,0.751,0.316,0.138,0.219,0.305,0.435,0.26,0.065,0.109
Jared Davis,Available,ATH,Midwest League,A+,Yes,22.0,,13.0,11.0,3.8,100.2,149.4,235.0,149.2,138.0,0.0,146.0,117.5,122.2,106.6,11.0,49.0,18.0,0.0,10.0,8.0,5.0,1.0,0.367,0.456,0.531,0.987,0.429,0.138,0.121,0.31,0.429,0.262,0.455,0.0
Enddy Azocar,Je suis Charlie Morton (MINORS),BAL,South Atlantic League,A+,Yes,19.0,,71.0,10.8,4.3,115.6,144.5,65.0,154.2,127.9,122.1,122.0,117.4,110.5,106.4,74.2,305.0,90.0,15.0,67.0,60.0,13.0,1.0,0.295,0.349,0.541,0.89,0.346,0.069,0.223,0.298,0.36,0.342,0.269,0.192
Javier Mogollon,Available,CHW,South Atlantic League,A+,Yes,20.0,,34.0,10.6,4.1,109.9,142.7,87.8,113.4,143.0,134.8,122.0,117.0,119.6,89.7,31.6,138.0,37.0,7.0,35.0,22.0,13.0,3.0,0.268,0.385,0.457,0.841,0.349,0.147,0.282,0.333,0.3,0.367,0.152,0.212
Eric Snow,Available,TOR,Northwest League,A+,No,22.0,,37.0,9.4,4.0,102.0,131.5,281.2,109.0,113.7,65.0,112.0,116.7,125.3,98.3,31.3,147.0,45.0,3.0,29.0,25.0,8.0,2.0,0.306,0.371,0.422,0.793,0.318,0.102,0.09,0.26,0.504,0.237,0.161,0.097
Dameury Pena,Available,TOR,Northwest League,A+,Yes,20.0,,10.0,8.2,4.5,112.2,114.9,183.9,107.0,106.7,134.1,93.0,116.5,118.1,123.5,5.0,45.0,12.0,1.0,5.0,5.0,2.0,0.0,0.267,0.327,0.4,0.727,0.268,0.041,0.061,0.244,0.634,0.122,0.4,0.2
Tai Peete,Available,STL,Midwest League,A+,No,20.0,,42.0,11.6,4.3,110.2,157.0,59.9,142.0,128.7,167.4,141.0,116.5,114.5,84.8,39.2,180.0,54.0,10.0,37.0,39.0,11.0,6.0,0.3,0.37,0.611,0.981,0.389,0.1,0.285,0.289,0.364,0.347,0.119,0.238
Josiah Hartshorn,Third Degree Burnes (MINORS),CHC,Midwest League,A+,Yes,19.0,,83.0,11.0,3.6,116.0,148.8,121.4,125.6,105.5,158.3,142.0,116.5,112.8,128.3,74.4,300.0,89.0,18.0,64.0,85.0,12.0,3.0,0.297,0.405,0.56,0.965,0.335,0.146,0.214,0.237,0.412,0.351,0.163,0.225
Dauri Fernández,Available,CLE,Midwest League,A+,Yes,19.0,,15.0,10.6,4.1,116.0,143.1,78.0,167.4,111.3,117.5,90.0,115.8,105.8,101.2,11.8,62.0,14.0,2.0,10.0,11.0,8.0,2.0,0.226,0.284,0.5,0.784,0.255,0.075,0.194,0.25,0.5,0.25,0.583,0.167
Caden Bodine,Je suis Charlie Morton (MINORS),TB,South Atlantic League,A+,No,22.0,,32.0,10.7,4.1,99.9,144.1,279.7,76.2,123.6,72.5,133.0,115.5,129.3,124.3,33.6,132.0,45.0,4.0,26.0,30.0,3.0,1.0,0.341,0.411,0.477,0.888,0.342,0.073,0.066,0.288,0.432,0.28,0.114,0.114
Alejandro Urias,Not in Fantrax,NYM,South Atlantic League,A+,Yes,24.0,,3.0,15.3,4.0,91.6,205.8,113.5,14.2,257.6,318.0,194.0,115.1,143.1,122.6,1.8,12.0,5.0,1.0,2.0,6.0,0.0,0.0,0.417,0.462,0.667,1.128,0.444,0.077,0.154,0.6,0.2,0.2,0.0,0.5
Dameury Pena,Available,TOR,Midwest League,A+,Yes,20.0,,25.0,7.1,3.9,110.2,95.6,166.9,125.6,136.3,0.0,72.0,114.6,113.6,123.5,15.3,98.0,24.0,0.0,15.0,16.0,1.0,0.0,0.245,0.321,0.316,0.637,0.276,0.073,0.1,0.306,0.518,0.176,0.4,0.0
Félix Amparo,Available,BAL,South Atlantic League,A+,No,20.0,,6.0,6.6,2.8,109.9,88.4,161.2,78.0,171.7,0.0,121.0,114.4,120.2,89.4,3.6,17.0,5.0,0.0,3.0,2.0,2.0,1.0,0.294,0.455,0.294,0.749,0.417,0.227,0.227,0.4,0.3,0.3,0.0,0.0
Jonah Advincula,Available,CLE,Midwest League,A+,No,25.0,,19.0,12.8,3.5,88.2,173.2,291.2,171.1,107.3,33.8,122.0,113.5,120.8,51.8,21.4,67.0,16.0,1.0,16.0,14.0,15.0,3.0,0.239,0.414,0.418,0.832,0.273,0.195,0.126,0.241,0.37,0.389,0.333,0.048
Jack O'Dowd,Available,COL,Northwest League,A+,No,25.0,,34.0,11.9,3.8,89.7,167.0,164.1,76.7,148.7,154.9,175.0,113.2,132.4,128.5,35.6,128.0,46.0,9.0,26.0,38.0,1.0,1.0,0.359,0.451,0.664,1.115,0.394,0.137,0.176,0.34,0.282,0.379,0.103,0.231
Adrian Santana,Available,MIA,South Atlantic League,A+,No,20.0,,51.0,9.7,4.2,109.9,130.4,201.5,124.1,106.0,46.4,109.0,113.0,111.6,95.4,41.0,215.0,68.0,3.0,40.0,23.0,23.0,5.0,0.316,0.381,0.4,0.781,0.342,0.079,0.095,0.247,0.537,0.216,0.146,0.073
Austin Smith,Available,TOR,Northwest League,A+,Yes,23.0,,26.0,9.0,3.9,97.5,125.6,150.0,117.1,121.6,145.5,128.0,112.6,120.4,88.9,23.0,102.0,30.0,5.0,21.0,13.0,4.0,1.0,0.294,0.357,0.529,0.886,0.278,0.043,0.078,0.278,0.467,0.256,0.304,0.217
Nico Perez,Available,LAD,Midwest League,A+,Yes,21.0,,83.0,10.3,3.6,105.0,139.0,103.5,167.4,118.9,80.9,117.0,112.5,107.9,92.5,76.1,300.0,81.0,9.0,65.0,62.0,35.0,6.0,0.27,0.38,0.45,0.83,0.34,0.134,0.229,0.267,0.373,0.359,0.256,0.115
Randy Guzman,Available,NYM,South Atlantic League,A+,Yes,21.0,,7.0,9.1,4.0,104.6,121.8,60.6,19.5,163.6,211.8,157.0,112.4,128.7,109.0,3.0,28.0,11.0,1.0,4.0,6.0,0.0,0.0,0.393,0.438,0.536,0.973,0.476,0.063,0.219,0.381,0.476,0.143,0.333,0.333
Derek Bernard,Available,COL,Northwest League,A+,Yes,20.0,,15.0,5.8,3.3,112.2,81.8,117.8,92.9,105.8,167.6,85.0,112.4,113.3,98.3,4.0,50.0,11.0,1.0,7.0,5.0,2.0,0.0,0.22,0.361,0.34,0.701,0.303,0.18,0.262,0.242,0.636,0.121,0.0,0.25
Reylin Perez,Available,HOU,South Atlantic League,A+,No,21.0,,9.0,4.1,3.2,104.6,54.4,40.2,85.1,151.5,159.0,42.0,112.3,119.4,83.0,3.8,29.0,5.0,1.0,2.0,2.0,2.0,0.0,0.172,0.273,0.31,0.583,0.25,0.091,0.364,0.353,0.412,0.235,0.25,0.25
Korbyn Dickerson,Available,SEA,Northwest League,A+,Yes,22.0,,30.0,9.9,3.8,102.0,139.2,86.6,137.3,121.6,154.9,111.0,112.3,114.0,114.2,24.3,115.0,31.0,6.0,25.0,17.0,14.0,2.0,0.27,0.368,0.47,0.838,0.338,0.12,0.263,0.278,0.392,0.329,0.192,0.231
Jacob Reimer,Third Degree Burnes (MINORS),NYM,South Atlantic League,A+,No,22.0,,4.0,10.5,3.8,99.9,141.0,98.5,46.1,171.7,159.0,186.0,112.2,128.1,117.1,4.0,15.0,5.0,1.0,6.0,2.0,0.0,0.0,0.333,0.444,0.667,1.111,0.4,0.111,0.222,0.4,0.2,0.4,0.0,0.25
Alex Lodise,Available,ATL,South Atlantic League,A+,No,22.0,,17.0,10.9,4.1,99.9,146.1,290.8,56.7,102.2,106.2,164.0,111.8,125.9,99.6,23.2,70.0,24.0,4.0,19.0,13.0,0.0,1.0,0.343,0.434,0.571,1.005,0.328,0.084,0.072,0.238,0.381,0.381,0.167,0.167
Max Kepler,Available,ARI,Northwest League,A+,No,33.0,,2.0,18.0,3.0,68.0,252.3,219.3,2.0,174.9,670.6,290.0,111.6,155.4,108.7,0.8,6.0,3.0,1.0,1.0,5.0,0.0,0.0,0.5,0.571,1.0,1.571,0.5,0.143,0.143,0.4,0.4,0.2,0.0,1.0
Jared Jones,Lászlaró Tóth (ACTIVE),PIT,South Atlantic League,A+,Yes,22.0,,83.0,9.3,3.7,99.9,125.4,79.7,33.7,127.1,304.7,145.0,111.6,128.8,93.8,42.9,305.0,95.0,23.0,69.0,67.0,0.0,0.0,0.311,0.411,0.567,0.978,0.404,0.14,0.293,0.296,0.462,0.241,0.146,0.479
Brady Day,Available,PHI,South Atlantic League,A+,Yes,24.0,,32.0,9.4,4.0,91.6,126.5,176.1,134.7,129.2,85.9,126.0,111.6,120.4,71.5,36.3,128.0,37.0,5.0,18.0,15.0,11.0,0.0,0.289,0.381,0.477,0.858,0.317,0.122,0.149,0.301,0.34,0.359,0.162,0.135
Carlos Virahonda,Available,ARI,Northwest League,A+,Yes,20.0,,50.0,8.2,3.5,112.2,115.2,141.9,92.9,108.5,114.0,127.0,111.6,111.9,101.2,44.9,173.0,47.0,8.0,34.0,34.0,3.0,3.0,0.272,0.393,0.468,0.862,0.298,0.108,0.169,0.248,0.409,0.343,0.234,0.17
Conor Essenburg,Je suis Charlie Morton (MINORS),ATL,South Atlantic League,A+,Yes,19.0,,29.0,9.0,3.5,115.6,121.3,144.4,106.3,107.3,70.6,128.0,111.6,107.7,112.6,25.9,102.0,24.0,3.0,27.0,17.0,5.0,0.0,0.235,0.412,0.392,0.804,0.304,0.206,0.235,0.25,0.375,0.375,0.148,0.111
Ryan Sprock,Available,TOR,Northwest League,A+,Yes,21.0,,31.0,9.3,3.7,106.8,130.2,174.8,103.0,105.8,106.0,150.0,111.5,114.1,125.9,36.4,114.0,35.0,6.0,27.0,20.0,2.0,2.0,0.307,0.41,0.553,0.963,0.333,0.144,0.173,0.242,0.341,0.418,0.105,0.158
DJ Newman,Available,HOU,South Atlantic League,A+,Yes,22.0,,21.0,9.4,3.4,99.9,126.6,50.2,93.9,127.1,238.5,161.0,111.2,119.6,100.9,7.7,72.0,30.0,3.0,12.0,15.0,5.0,0.0,0.417,0.447,0.611,1.058,0.519,0.053,0.224,0.296,0.556,0.148,0.125,0.375
Roynier Hernandez,Available,COL,Northwest League,A+,No,21.0,,92.0,7.0,3.7,106.8,97.8,207.5,68.6,114.6,79.1,102.0,111.2,118.3,129.0,50.9,340.0,96.0,6.0,54.0,42.0,4.0,2.0,0.282,0.389,0.391,0.78,0.327,0.149,0.153,0.262,0.553,0.185,0.118,0.118
Emil Morales,Je suis Charlie Morton (MINORS),LAD,Midwest League,A+,Yes,19.0,,81.0,10.2,3.9,116.0,137.8,88.4,60.1,117.1,158.3,132.0,111.1,112.9,106.5,83.2,313.0,88.0,20.0,51.0,84.0,7.0,3.0,0.281,0.38,0.534,0.914,0.335,0.13,0.253,0.263,0.327,0.41,0.202,0.225
Hayden Alvarez,Lászlaró Tóth (MINORS),LAA,Northwest League,A+,Yes,19.0,,22.0,8.1,4.0,118.1,113.4,163.9,113.1,101.5,28.2,105.0,110.9,103.9,100.6,24.0,89.0,23.0,1.0,15.0,8.0,7.0,1.0,0.258,0.371,0.36,0.731,0.319,0.143,0.181,0.232,0.42,0.348,0.167,0.042
Jean Carlos Sió,Available,SF,Northwest League,A+,No,22.0,,16.0,9.4,3.6,102.0,132.3,77.7,100.9,122.0,191.8,144.0,110.8,116.6,60.5,13.0,58.0,18.0,4.0,13.0,13.0,1.0,0.0,0.31,0.385,0.552,0.936,0.35,0.077,0.215,0.279,0.395,0.326,0.286,0.286
Ryan Cermak,Available,TB,South Atlantic League,A+,Yes,25.0,,25.0,12.5,3.7,87.9,168.3,45.3,122.3,125.4,286.2,138.0,110.6,123.0,109.6,17.1,92.0,24.0,9.0,27.0,25.0,13.0,3.0,0.261,0.376,0.576,0.952,0.366,0.119,0.385,0.292,0.292,0.417,0.25,0.45
Cam Maldonado,Available,SF,Northwest League,A+,Yes,22.0,,22.0,12.0,3.7,102.0,168.8,85.1,151.4,93.1,206.5,154.0,110.4,108.8,103.2,22.6,81.0,23.0,8.0,17.0,25.0,5.0,2.0,0.284,0.368,0.654,1.023,0.283,0.094,0.229,0.213,0.361,0.426,0.192,0.308
Luis Peña,Cant Park Here (MINORS),MIL,Midwest League,A+,No,19.0,,51.0,9.4,3.7,116.0,126.8,101.4,171.1,98.0,37.3,110.0,110.4,96.2,105.6,38.9,188.0,56.0,2.0,40.0,23.0,27.0,6.0,0.298,0.384,0.42,0.804,0.375,0.11,0.205,0.22,0.511,0.27,0.237,0.053
Wilder Dalis,Available,COL,Northwest League,A+,Yes,19.0,,16.0,7.6,3.7,118.1,106.4,39.4,115.1,104.5,154.9,106.0,110.3,102.5,118.0,12.5,59.0,19.0,3.0,9.0,7.0,4.0,0.0,0.322,0.344,0.492,0.836,0.364,0.033,0.197,0.239,0.478,0.283,0.154,0.231
Murf Gray,Daddy Yankee (MINORS),PIT,South Atlantic League,A+,No,22.0,,43.0,10.7,4.0,99.9,143.8,107.7,76.2,124.5,187.0,142.0,110.2,120.5,117.8,45.9,172.0,52.0,15.0,37.0,36.0,3.0,0.0,0.302,0.381,0.61,0.991,0.314,0.112,0.208,0.29,0.321,0.389,0.255,0.294
Aiden Taurek,Available,SEA,Northwest League,A+,Yes,22.0,,30.0,9.5,3.6,102.0,132.9,138.5,111.0,115.0,116.7,134.0,110.2,114.1,103.0,22.1,109.0,32.0,4.0,21.0,26.0,2.0,2.0,0.294,0.415,0.505,0.919,0.364,0.163,0.222,0.263,0.45,0.287,0.13,0.174
Jesus Castillo,Available,PIT,South Atlantic League,A+,No,22.0,,3.0,13.7,4.3,99.9,183.5,116.1,117.0,156.3,0.0,133.0,110.1,114.7,105.5,3.0,13.0,5.0,0.0,3.0,4.0,1.0,0.0,0.385,0.429,0.462,0.89,0.455,0.071,0.143,0.364,0.364,0.273,0.333,0.0
Luiyin Alastre,Available,MIL,Midwest League,A+,Yes,20.0,,76.0,5.0,2.9,110.2,67.4,209.4,78.3,115.3,15.5,75.0,110.1,112.8,84.0,46.1,220.0,43.0,1.0,28.0,28.0,6.0,8.0,0.195,0.349,0.277,0.626,0.236,0.186,0.161,0.259,0.483,0.259,0.244,0.022
Dylan Palmer,Available,PIT,South Atlantic League,A+,Yes,22.0,,60.0,7.4,3.4,99.9,99.9,216.4,132.9,115.5,0.0,108.0,110.0,112.1,100.9,38.4,204.0,64.0,0.0,44.0,20.0,16.0,8.0,0.314,0.397,0.392,0.789,0.362,0.119,0.123,0.269,0.514,0.217,0.237,0.0
Welbyn Francisca,Available,CLE,Midwest League,A+,Yes,20.0,,65.0,9.7,3.9,110.2,130.7,92.7,105.6,98.9,175.8,123.0,110.0,108.8,99.4,63.0,253.0,70.0,17.0,46.0,49.0,11.0,2.0,0.277,0.356,0.538,0.894,0.303,0.111,0.221,0.222,0.418,0.36,0.206,0.25
Woody Hadeen,Available,DET,Midwest League,A+,No,23.0,,57.0,9.4,3.7,95.9,126.7,158.0,131.0,142.9,0.0,134.0,109.8,114.9,134.9,43.8,212.0,67.0,0.0,58.0,27.0,16.0,2.0,0.316,0.437,0.396,0.833,0.399,0.152,0.179,0.321,0.418,0.261,0.14,0.0
Cole Mathis,Skrrt vs The World (MINORS),NYM,Midwest League,A+,Yes,22.0,,25.0,10.2,3.8,100.2,138.4,114.1,140.1,127.3,66.1,119.0,109.8,110.7,125.1,31.5,96.0,25.0,3.0,22.0,22.0,4.0,2.0,0.26,0.371,0.49,0.86,0.319,0.147,0.224,0.286,0.257,0.457,0.313,0.094
Alexey Lumpuy,Available,CHC,Midwest League,A+,Yes,22.0,,25.0,10.2,3.6,100.2,138.1,43.7,163.8,122.9,132.2,142.0,109.8,107.3,104.4,15.7,91.0,31.0,3.0,17.0,16.0,13.0,2.0,0.341,0.4,0.549,0.949,0.491,0.08,0.31,0.276,0.448,0.276,0.25,0.188
Jack Moss,Available,HOU,Midwest League,A+,Yes,24.0,,12.0,4.0,2.5,91.9,54.2,173.7,20.0,140.7,175.8,111.0,109.5,132.7,63.2,4.2,30.0,6.0,1.0,5.0,1.0,0.0,0.0,0.2,0.415,0.333,0.748,0.25,0.268,0.22,0.316,0.474,0.211,0.0,0.25
Payton Eeles,Available,BAL,South Atlantic League,A+,No,26.0,,7.0,7.0,3.3,84.5,94.0,464.2,125.8,122.8,0.0,66.0,109.4,122.9,112.3,4.0,23.0,4.0,0.0,6.0,2.0,2.0,0.0,0.174,0.321,0.261,0.582,0.19,0.143,0.071,0.286,0.524,0.19,0.25,0.0
Jhonny Level,Hand Foot Mouth Disease Guys (MINORS),SF,Northwest League,A+,Yes,19.0,,69.0,9.1,4.3,118.1,127.2,98.5,117.1,101.0,77.8,119.0,109.4,100.8,101.2,67.6,298.0,90.0,8.0,53.0,40.0,15.0,7.0,0.302,0.363,0.473,0.836,0.352,0.079,0.181,0.231,0.479,0.29,0.217,0.116
José Mejía,Available,ARI,Northwest League,A+,Yes,20.0,,81.0,7.0,3.6,112.2,97.8,148.6,121.1,104.1,39.6,79.0,109.3,104.1,128.3,67.6,292.0,68.0,4.0,51.0,39.0,14.0,4.0,0.233,0.334,0.332,0.666,0.278,0.126,0.181,0.238,0.468,0.294,0.191,0.059
Jancel Villarroel,Available,SF,Northwest League,A+,No,21.0,,46.0,7.6,3.8,106.8,107.1,71.5,103.0,118.1,146.9,127.0,109.2,110.2,46.8,31.4,177.0,54.0,7.0,30.0,27.0,1.0,0.0,0.305,0.376,0.48,0.856,0.351,0.056,0.182,0.27,0.496,0.234,0.156,0.219
Sam Shaw,Available,TOR,Northwest League,A+,Yes,21.0,,21.0,11.5,3.4,106.8,161.5,186.4,94.9,77.0,167.6,153.0,109.1,111.3,111.6,21.2,71.0,17.0,6.0,17.0,22.0,3.0,0.0,0.239,0.427,0.535,0.962,0.244,0.25,0.219,0.176,0.353,0.471,0.208,0.25
Xavier Neyens,Hand Foot Mouth Disease Guys (MINORS),HOU,South Atlantic League,A+,Yes,19.0,,35.0,6.9,3.6,115.6,93.2,64.3,56.7,109.0,190.8,105.0,109.1,110.4,122.1,19.0,125.0,27.0,6.0,27.0,17.0,3.0,5.0,0.216,0.391,0.416,0.807,0.375,0.217,0.391,0.254,0.407,0.339,0.05,0.3
Brady Ebel,Cant Park Here (MINORS),MIL,Midwest League,A+,Yes,18.0,,10.0,4.9,3.3,122.5,66.3,96.1,65.5,133.6,0.0,79.0,109.1,104.5,112.2,6.0,33.0,5.0,0.0,5.0,3.0,1.0,1.0,0.152,0.364,0.242,0.606,0.25,0.205,0.295,0.3,0.4,0.3,0.0,0.0
Tate Southisene,Third Degree Burnes (MINORS),ATL,South Atlantic League,A+,No,19.0,,38.0,8.1,3.8,115.6,108.1,119.1,125.8,94.0,77.0,121.0,109.1,100.7,115.7,31.7,145.0,37.0,4.0,26.0,16.0,9.0,3.0,0.255,0.379,0.428,0.806,0.327,0.158,0.237,0.219,0.467,0.314,0.121,0.121
Demetrio Crisantes,Hand Foot Mouth Disease Guys (MINORS),ARI,Northwest League,A+,No,21.0,,4.0,10.5,3.2,106.8,147.2,92.0,2.0,109.3,670.6,196.0,109.0,124.0,123.3,1.5,13.0,4.0,2.0,2.0,4.0,0.0,0.0,0.308,0.438,0.769,1.207,0.333,0.188,0.313,0.25,0.5,0.25,0.0,1.0
Jaxson West,Available,TOR,Northwest League,A+,Yes,22.0,,23.0,8.3,3.5,102.0,116.4,224.8,113.1,102.8,33.5,114.0,109.0,111.9,123.1,20.3,81.0,25.0,1.0,15.0,13.0,5.0,0.0,0.309,0.402,0.37,0.772,0.348,0.134,0.134,0.235,0.471,0.294,0.35,0.05
Angel Cepeda,Available,CHC,Midwest League,A+,Yes,20.0,,68.0,8.7,3.7,110.2,117.5,86.1,105.6,105.5,143.5,119.0,109.0,107.2,94.9,51.2,251.0,67.0,11.0,45.0,48.0,12.0,2.0,0.267,0.389,0.442,0.831,0.35,0.144,0.271,0.237,0.444,0.32,0.185,0.204
JD Dix,Third Degree Burnes (MINORS),ARI,Northwest League,A+,Yes,20.0,,57.0,7.0,3.9,112.2,97.6,68.9,155.5,112.8,47.6,85.0,108.9,98.6,110.2,41.7,223.0,56.0,3.0,31.0,24.0,17.0,4.0,0.251,0.331,0.372,0.703,0.353,0.104,0.283,0.258,0.464,0.278,0.071,0.071
Aiden Robbins,Available,NYM,South Atlantic League,A+,Yes,21.0,,6.0,5.4,3.2,104.6,72.7,55.4,19.5,156.3,159.0,138.0,108.8,122.8,105.9,3.6,19.0,6.0,1.0,3.0,2.0,0.0,0.0,0.316,0.409,0.474,0.883,0.5,0.136,0.364,0.364,0.273,0.364,0.0,0.25
Clayton Gray,Available,COL,Northwest League,A+,Yes,24.0,,22.0,5.9,3.1,93.5,82.8,137.1,155.5,113.7,95.9,92.0,108.8,111.5,113.0,13.4,68.0,15.0,2.0,13.0,7.0,2.0,0.0,0.221,0.346,0.412,0.757,0.271,0.16,0.222,0.26,0.46,0.28,0.071,0.143
Bryce Rainer,Third Degree Burnes (MINORS),DET,Midwest League,A+,Yes,20.0,,95.0,8.5,3.8,110.2,114.4,58.0,89.2,91.7,248.3,128.0,108.8,109.2,80.9,47.6,362.0,98.0,18.0,64.0,67.0,13.0,4.0,0.271,0.38,0.483,0.863,0.41,0.147,0.352,0.206,0.55,0.244,0.098,0.353
JP Smith II,Available,MIN,Midwest League,A+,Yes,21.0,,29.0,8.6,3.4,105.0,116.0,160.0,52.8,106.9,159.0,136.0,108.7,117.8,105.4,28.9,100.0,27.0,7.0,18.0,19.0,2.0,1.0,0.27,0.403,0.51,0.913,0.286,0.177,0.194,0.24,0.347,0.413,0.29,0.226
Edward Florentino,Ben the Hen (MINORS),PIT,South Atlantic League,A+,Yes,19.0,,94.0,9.3,3.8,115.6,125.2,98.0,102.8,96.6,119.6,110.0,108.7,103.2,130.0,117.6,359.0,82.0,24.0,75.0,75.0,10.0,8.0,0.228,0.354,0.49,0.844,0.259,0.149,0.264,0.225,0.25,0.525,0.211,0.188
Bryan Gonzalez Garcia,Not in Fantrax,LAD,Midwest League,A+,Yes,20.0,,2.0,2.8,2.5,110.2,37.2,52.7,29.1,222.6,100.0,100.0,108.6,117.1,81.9,1.0,5.0,1.0,0.0,1.0,0.0,0.0,0.0,0.2,0.429,0.2,0.629,0.5,0.286,0.429,0.5,0.0,0.5,0.0,0.0
Mark Kolozsvary,Available,PHI,South Atlantic League,A+,No,30.0,,4.0,13.0,3.0,73.2,174.5,108.9,65.6,143.0,636.0,244.0,108.5,137.7,101.8,1.3,12.0,4.0,2.0,3.0,3.0,1.0,0.0,0.333,0.579,0.833,1.412,0.5,0.368,0.316,0.333,0.333,0.333,0.0,1.0
Jake Casey,Available,TOR,Northwest League,A+,Yes,23.0,,57.0,9.6,3.6,97.5,134.3,81.5,151.4,95.8,201.2,129.0,108.5,108.8,107.5,36.8,205.0,50.0,12.0,36.0,52.0,10.0,2.0,0.244,0.373,0.502,0.875,0.302,0.123,0.278,0.219,0.489,0.292,0.175,0.3
Will Verdung,Available,ATL,South Atlantic League,A+,No,23.0,,32.0,6.5,3.2,95.5,86.6,187.6,60.3,134.8,75.1,138.0,108.4,122.7,95.4,16.6,103.0,33.0,2.0,13.0,15.0,1.0,3.0,0.32,0.419,0.447,0.866,0.369,0.137,0.153,0.314,0.488,0.198,0.059,0.118
Jose Ramos,Available,SFG,Northwest League,A+,Yes,23.0,,31.0,9.0,3.2,97.5,126.8,185.5,113.1,118.1,46.3,136.0,108.4,113.9,106.2,28.6,99.0,29.0,2.0,19.0,16.0,13.0,2.0,0.293,0.437,0.414,0.851,0.37,0.198,0.198,0.27,0.338,0.392,0.138,0.069
Yosweld Vasquez,Available,HOU,South Atlantic League,A+,Yes,21.0,,13.0,5.5,2.6,104.6,73.8,75.7,109.9,154.5,0.0,93.0,108.4,109.4,89.3,8.0,34.0,11.0,0.0,7.0,5.0,2.0,0.0,0.324,0.385,0.382,0.767,0.44,0.103,0.256,0.36,0.32,0.32,0.0,0.0
Nazzan Zanetello,Available,BOS,South Atlantic League,A+,Yes,21.0,,31.0,7.0,3.6,104.6,93.8,40.1,131.2,117.6,146.9,101.0,108.4,106.4,132.9,23.5,111.0,26.0,6.0,18.0,15.0,7.0,2.0,0.234,0.331,0.468,0.799,0.357,0.102,0.386,0.274,0.306,0.419,0.115,0.231
Eddinson Paulino,Available,NYM,South Atlantic League,A+,No,23.0,,10.0,7.3,2.7,95.5,98.0,175.4,120.5,112.9,79.5,130.0,108.3,114.1,100.3,7.6,27.0,6.0,1.0,5.0,6.0,1.0,0.0,0.222,0.417,0.407,0.824,0.278,0.25,0.222,0.263,0.316,0.421,0.25,0.125
Yilber Herrera,Available,MIN,Midwest League,A+,Yes,21.0,,4.0,5.2,3.0,105.0,71.1,62.4,112.8,167.0,0.0,106.0,108.3,108.7,84.6,2.0,12.0,3.0,0.0,2.0,2.0,0.0,1.0,0.25,0.375,0.417,0.792,0.375,0.125,0.313,0.375,0.375,0.25,0.0,0.0
Rafael Ramirez Jr.,Available,WSH,South Atlantic League,A+,Yes,20.0,,3.0,13.0,3.3,109.9,174.5,196.7,86.8,53.7,211.8,224.0,108.1,108.6,105.8,2.6,10.0,4.0,1.0,2.0,3.0,1.0,0.0,0.4,0.5,0.8,1.3,0.429,0.167,0.167,0.125,0.5,0.375,0.333,0.333
José Pirela,Available,CLE,Midwest League,A+,Yes,20.0,,23.0,9.5,3.7,110.2,128.6,83.0,65.5,111.3,167.4,148.0,108.0,111.2,90.6,19.2,85.0,26.0,5.0,13.0,22.0,0.0,1.0,0.306,0.398,0.588,0.986,0.382,0.122,0.255,0.25,0.4,0.35,0.286,0.238
Jose Astudillo,Available,SF,Northwest League,A+,No,22.0,,15.0,10.1,4.2,102.0,141.1,357.3,121.1,83.1,0.0,115.0,108.0,109.1,116.0,10.0,63.0,21.0,0.0,11.0,8.0,7.0,1.0,0.333,0.4,0.381,0.781,0.362,0.099,0.07,0.19,0.638,0.172,0.3,0.0
Carson Rucker,Available,DET,Midwest League,A+,Yes,21.0,,18.0,7.4,3.3,105.0,100.0,80.1,83.7,105.5,201.2,105.0,107.9,112.0,117.0,13.2,60.0,13.0,4.0,12.0,12.0,1.0,0.0,0.217,0.338,0.433,0.771,0.25,0.141,0.282,0.237,0.395,0.368,0.143,0.286
Ty Doucette,Available,CIN,Midwest League,A+,Yes,22.0,,25.0,9.8,3.7,100.2,133.2,137.7,89.2,96.6,189.2,155.0,107.8,114.5,107.2,23.4,92.0,27.0,7.0,16.0,20.0,1.0,0.0,0.293,0.42,0.598,1.017,0.323,0.161,0.205,0.217,0.406,0.377,0.077,0.269
Yerald Nin,Available,ARI,Northwest League,A+,Yes,20.0,,71.0,6.2,3.3,112.2,87.4,93.7,167.6,96.2,40.9,73.0,107.8,95.1,97.8,49.8,237.0,57.0,3.0,35.0,25.0,22.0,6.0,0.241,0.318,0.333,0.652,0.307,0.1,0.222,0.22,0.497,0.283,0.163,0.061
Sammy Stafura,Available,NYM,South Atlantic League,A+,Yes,21.0,,68.0,10.7,3.9,104.6,144.0,66.2,124.1,105.6,155.2,133.0,107.6,106.1,103.1,78.0,268.0,76.0,21.0,56.0,56.0,18.0,2.0,0.284,0.362,0.582,0.945,0.331,0.1,0.278,0.246,0.284,0.47,0.209,0.244
Edian Espinal,Available,DET,Midwest League,A+,Yes,21.0,,24.0,8.1,4.3,105.0,109.7,72.2,162.0,130.0,0.0,96.0,107.5,100.4,117.6,25.6,103.0,32.0,0.0,18.0,9.0,7.0,0.0,0.311,0.345,0.379,0.724,0.352,0.036,0.118,0.292,0.427,0.281,0.2,0.0
Owen Carey,Available,ATL,South Atlantic League,A+,No,19.0,,53.0,8.3,3.8,115.6,111.8,103.5,115.2,93.2,86.5,120.0,107.5,99.5,90.0,56.4,202.0,55.0,8.0,35.0,37.0,3.0,1.0,0.272,0.347,0.48,0.827,0.305,0.084,0.178,0.217,0.416,0.366,0.322,0.136
Irvin Nunez,Available,MIN,Midwest League,A+,Yes,20.0,,16.0,6.6,3.0,110.2,88.8,86.2,30.9,127.3,140.7,145.0,107.2,114.6,101.6,9.7,48.0,16.0,2.0,9.0,8.0,0.0,0.0,0.333,0.431,0.5,0.931,0.412,0.103,0.224,0.286,0.429,0.286,0.2,0.2
Kevyn Castillo,Available,LAA,Northwest League,A+,Yes,21.0,,27.0,7.1,3.4,106.8,99.2,124.7,96.9,112.4,77.1,101.0,107.2,107.8,107.9,25.2,93.0,23.0,3.0,16.0,13.0,4.0,1.0,0.247,0.349,0.387,0.736,0.294,0.126,0.207,0.257,0.371,0.371,0.192,0.115
John Spikerman,Available,NYM,South Atlantic League,A+,Yes,23.0,,52.0,9.7,3.3,95.5,129.6,127.4,163.1,111.2,63.6,113.0,107.2,106.4,80.2,30.3,173.0,42.0,3.0,44.0,23.0,31.0,5.0,0.243,0.396,0.358,0.755,0.333,0.19,0.248,0.259,0.483,0.259,0.133,0.1
Ronny Cruz,Hand Foot Mouth Disease Guys (MINORS),WSH,South Atlantic League,A+,Yes,19.0,,104.0,7.8,3.9,115.6,104.9,81.1,132.9,93.2,82.0,77.0,107.2,96.5,102.4,90.8,409.0,90.0,12.0,60.0,54.0,37.0,7.0,0.22,0.302,0.367,0.669,0.266,0.093,0.23,0.217,0.473,0.31,0.28,0.129
Luke Cantwell,Available,SD,Midwest League,A+,Yes,23.0,,41.0,5.7,3.1,95.9,77.6,94.5,38.2,153.6,128.0,110.0,107.1,123.5,99.5,21.5,128.0,32.0,4.0,23.0,17.0,0.0,1.0,0.25,0.386,0.391,0.777,0.341,0.165,0.272,0.345,0.393,0.262,0.045,0.182
Marcos Torres,Available,TEX,South Atlantic League,A+,Yes,21.0,,21.0,8.0,3.6,104.6,107.1,55.5,150.6,109.5,106.2,124.0,107.1,101.5,99.4,11.8,75.0,23.0,2.0,12.0,7.0,8.0,1.0,0.307,0.366,0.507,0.873,0.389,0.06,0.226,0.255,0.527,0.218,0.167,0.167
Carter Beck,Available,ATL,South Atlantic League,A+,Yes,21.0,,18.0,8.0,3.8,104.6,107.0,170.1,138.2,91.0,45.2,94.0,106.7,102.6,119.8,13.7,69.0,14.0,1.0,13.0,8.0,5.0,1.0,0.203,0.353,0.319,0.672,0.255,0.188,0.2,0.212,0.519,0.269,0.214,0.071
Davis Diaz,Available,ATH,Midwest League,A+,No,23.0,,29.0,9.1,3.7,95.9,123.3,238.6,65.5,103.7,84.4,125.0,106.6,118.7,112.7,24.2,106.0,32.0,3.0,21.0,21.0,1.0,0.0,0.302,0.417,0.491,0.908,0.333,0.15,0.126,0.233,0.489,0.278,0.24,0.12
John Estevez,Available,ATL,South Atlantic League,A+,Yes,20.0,,5.0,3.4,3.2,109.9,45.6,60.0,1.8,190.6,100.0,87.0,106.6,118.0,59.6,1.0,16.0,4.0,0.0,0.0,2.0,0.0,0.0,0.25,0.368,0.25,0.618,0.444,0.158,0.368,0.444,0.444,0.111,0.0,0.0
Anyelo Encarnación,Available,STL,Midwest League,A+,Yes,22.0,,70.0,6.9,3.1,100.2,92.8,66.0,140.1,103.7,154.7,99.0,106.6,105.4,83.7,39.4,218.0,51.0,9.0,38.0,34.0,18.0,3.0,0.234,0.354,0.413,0.766,0.328,0.141,0.319,0.233,0.459,0.308,0.268,0.22
Braylon Whitaker,Available,BAL,South Atlantic League,A+,Yes,20.0,,22.0,6.3,3.0,109.9,84.2,186.2,140.0,79.4,25.4,72.0,106.6,98.5,114.6,24.5,66.0,13.0,1.0,8.0,8.0,7.0,1.0,0.197,0.316,0.318,0.635,0.226,0.152,0.165,0.185,0.352,0.463,0.12,0.04
Carter Johnson,Available,MIA,Midwest League,A+,Yes,20.0,,50.0,6.7,3.9,110.2,91.1,58.2,101.9,113.5,108.3,84.0,106.5,103.4,93.5,37.7,194.0,46.0,6.0,26.0,26.0,8.0,4.0,0.237,0.308,0.392,0.7,0.294,0.075,0.243,0.255,0.468,0.277,0.359,0.154
Aidan Smith,Third Degree Burnes (MINORS),NYM,South Atlantic League,A+,Yes,21.0,,70.0,9.7,4.1,104.6,130.3,56.6,138.2,94.4,164.7,96.0,106.3,102.0,106.0,54.9,284.0,70.0,15.0,60.0,50.0,25.0,3.0,0.246,0.323,0.444,0.767,0.32,0.104,0.315,0.22,0.462,0.319,0.293,0.259
Calvin Harris,Available,CHW,South Atlantic League,A+,No,24.0,,9.0,12.7,4.0,91.6,170.8,287.9,44.3,97.0,106.2,194.0,106.2,124.1,63.9,11.6,36.0,14.0,2.0,10.0,9.0,0.0,0.0,0.389,0.463,0.694,1.158,0.4,0.122,0.098,0.226,0.387,0.387,0.0,0.167
Jamari Baylor,Available,NYM,South Atlantic League,A+,No,25.0,,31.0,7.7,2.9,87.9,103.3,165.4,124.1,107.3,127.2,137.0,106.2,115.5,113.2,14.7,90.0,23.0,3.0,15.0,15.0,9.0,2.0,0.256,0.427,0.422,0.85,0.317,0.186,0.203,0.25,0.516,0.234,0.067,0.2
Anthony Huezo,Available,HOU,South Atlantic League,A+,Yes,20.0,,38.0,9.9,3.9,109.9,132.7,65.4,111.7,90.6,159.0,96.0,105.7,101.1,104.8,31.0,149.0,37.0,8.0,25.0,28.0,16.0,2.0,0.248,0.337,0.477,0.814,0.315,0.107,0.29,0.211,0.453,0.337,0.188,0.25
Jack Gurevitch,Available,STL,Midwest League,A+,No,22.0,,59.0,9.4,4.1,100.2,127.4,56.6,91.0,99.7,234.2,135.0,105.6,110.5,121.5,46.7,242.0,73.0,17.0,41.0,43.0,7.0,2.0,0.302,0.375,0.566,0.941,0.371,0.088,0.275,0.224,0.467,0.309,0.039,0.333
Jose Escobar,Available,CHC,Midwest League,A+,Yes,21.0,,78.0,7.7,3.7,105.0,104.7,147.6,91.0,109.5,54.2,108.0,105.6,107.3,112.8,64.7,292.0,86.0,5.0,38.0,50.0,7.0,3.0,0.295,0.366,0.435,0.801,0.328,0.093,0.135,0.246,0.492,0.262,0.185,0.077
Max Williams,Available,MIA,Midwest League,A+,No,21.0,,23.0,9.2,4.1,105.0,124.8,66.2,91.0,94.8,205.4,133.0,105.6,107.1,128.2,22.1,95.0,29.0,7.0,19.0,14.0,2.0,0.0,0.305,0.353,0.568,0.921,0.319,0.059,0.186,0.213,0.467,0.32,0.333,0.292
Jaiden Lo Re,Available,BAL,South Atlantic League,A+,Yes,19.0,,12.0,8.1,3.2,115.6,109.1,127.4,101.0,85.9,70.6,99.0,105.5,98.2,125.0,9.3,38.0,10.0,1.0,5.0,9.0,3.0,0.0,0.263,0.356,0.395,0.75,0.29,0.089,0.156,0.2,0.5,0.3,0.333,0.111
Victor Ortega,Available,MIA,Midwest League,A+,Yes,22.0,,11.0,8.2,3.2,100.2,111.4,130.4,45.5,202.6,0.0,156.0,105.4,116.6,128.7,6.3,35.0,11.0,0.0,9.0,7.0,0.0,1.0,0.314,0.49,0.429,0.918,0.478,0.265,0.265,0.455,0.273,0.273,0.0,0.0
Filippo Di Turi,Available,MIL,Midwest League,A+,Yes,20.0,,4.0,5.0,2.8,110.2,67.7,88.8,29.1,222.6,0.0,83.0,105.3,111.8,99.6,1.0,11.0,2.0,0.0,2.0,2.0,0.0,0.0,0.182,0.4,0.182,0.582,0.333,0.267,0.333,0.5,0.333,0.167,1.0,0.0
Tyson Lewis,Lászlaró Tóth (MINORS),CIN,Midwest League,A+,Yes,20.0,,51.0,7.1,4.2,110.2,96.1,29.3,111.0,94.8,175.8,87.0,105.2,100.0,107.6,27.5,212.0,58.0,7.0,27.0,22.0,14.0,5.0,0.274,0.314,0.429,0.743,0.37,0.048,0.3,0.213,0.589,0.199,0.143,0.25
Ricardo Cova,Available,SEA,Northwest League,A+,Yes,22.0,,23.0,7.3,4.0,102.0,101.8,31.1,187.8,128.1,0.0,93.0,105.2,95.0,97.4,22.6,93.0,29.0,0.0,13.0,6.0,8.0,0.0,0.312,0.326,0.452,0.778,0.377,0.021,0.168,0.293,0.413,0.293,0.455,0.0
Emilio Barreras,Available,MIA,Midwest League,A+,Yes,22.0,,59.0,5.7,3.4,100.2,76.9,151.6,80.1,119.3,54.9,77.0,105.1,111.2,123.5,50.7,199.0,45.0,4.0,23.0,26.0,5.0,3.0,0.226,0.322,0.327,0.648,0.252,0.109,0.148,0.268,0.421,0.311,0.196,0.078
Tony Blanco Jr.,Ben the Hen (MINORS),PIT,South Atlantic League,A+,Yes,21.0,,80.0,8.3,3.7,104.6,111.5,62.0,56.7,103.9,220.7,122.0,105.0,111.2,71.5,64.2,295.0,76.0,25.0,48.0,60.0,1.0,0.0,0.258,0.341,0.576,0.918,0.295,0.102,0.293,0.242,0.387,0.371,0.236,0.347
Yordalin Peña,Available,STL,Midwest League,A+,Yes,21.0,,19.0,6.7,3.8,105.0,90.5,21.2,94.6,123.3,140.7,96.0,105.0,105.6,101.7,18.3,72.0,18.0,4.0,12.0,9.0,2.0,1.0,0.25,0.299,0.5,0.799,0.326,0.039,0.325,0.277,0.298,0.426,0.3,0.2
Hayden Jatczak,Available,SF,Northwest League,A+,Yes,24.0,,35.0,7.9,3.7,93.5,110.9,138.2,90.9,128.1,69.1,100.0,104.9,114.1,116.3,29.0,129.0,34.0,3.0,22.0,25.0,3.0,0.0,0.264,0.364,0.372,0.736,0.313,0.13,0.195,0.293,0.414,0.293,0.172,0.103
Daniel Bucciero,Available,ATH,Midwest League,A+,Yes,21.0,,45.0,6.6,3.5,105.0,88.9,101.8,114.7,104.6,80.9,75.0,104.9,102.8,113.3,26.8,158.0,34.0,3.0,30.0,23.0,4.0,3.0,0.215,0.354,0.335,0.69,0.295,0.167,0.26,0.235,0.51,0.255,0.115,0.115
Yordany De Los Santos,Available,PIT,South Atlantic League,A+,Yes,21.0,,87.0,10.6,4.1,104.6,141.8,49.0,129.4,100.9,136.7,102.0,104.8,100.7,101.2,77.1,360.0,94.0,17.0,77.0,63.0,45.0,16.0,0.261,0.333,0.481,0.813,0.338,0.077,0.292,0.235,0.427,0.338,0.177,0.215
Griffin Burkholder,Available,PHI,South Atlantic League,A+,Yes,20.0,,29.0,4.8,3.6,109.9,65.0,68.9,122.3,124.5,0.0,46.0,104.8,98.1,103.0,13.2,103.0,17.0,0.0,14.0,4.0,12.0,1.0,0.165,0.304,0.165,0.469,0.25,0.112,0.288,0.29,0.516,0.194,0.083,0.0
Carlos Pacheco,Available,ATH,Midwest League,A+,No,21.0,,30.0,6.0,3.2,105.0,80.8,43.5,172.9,109.1,47.1,51.0,104.8,94.3,76.2,15.6,96.0,20.0,1.0,19.0,5.0,15.0,3.0,0.208,0.303,0.312,0.615,0.345,0.11,0.367,0.245,0.472,0.283,0.2,0.067
Cesar Quintas,Available,SEA,Northwest League,A+,Yes,23.0,,20.0,9.1,3.6,97.5,127.6,145.5,88.8,125.1,39.6,130.0,104.6,111.0,93.2,16.7,73.0,23.0,1.0,14.0,15.0,3.0,1.0,0.315,0.433,0.438,0.872,0.4,0.144,0.2,0.286,0.411,0.304,0.294,0.059
Arjun Nimmala,Cant Park Here (MINORS),LAA,Northwest League,A+,No,20.0,,23.0,9.4,3.8,112.2,131.6,126.7,78.7,84.8,116.7,119.0,104.6,102.2,126.9,22.3,87.0,21.0,4.0,16.0,20.0,2.0,1.0,0.241,0.362,0.483,0.845,0.283,0.152,0.229,0.194,0.435,0.371,0.304,0.174
Roberto Campos,Available,DET,Midwest League,A+,No,23.0,,11.0,7.6,3.8,95.9,102.8,138.1,81.9,143.8,0.0,137.0,104.4,112.9,144.4,4.0,42.0,14.0,0.0,7.0,7.0,0.0,1.0,0.333,0.451,0.381,0.832,0.452,0.176,0.216,0.323,0.548,0.129,0.25,0.0
Max Viera,Available,TOR,Northwest League,A+,Yes,25.0,,17.0,7.4,3.4,89.7,103.5,74.8,157.5,115.9,112.0,100.0,104.4,106.5,111.8,11.6,57.0,11.0,2.0,10.0,11.0,3.0,1.0,0.193,0.333,0.421,0.754,0.273,0.145,0.319,0.265,0.382,0.353,0.417,0.167
Rylan Galvan,Available,CHW,South Atlantic League,A+,Yes,23.0,,13.0,8.2,3.1,95.5,110.5,104.8,90.4,93.2,211.8,138.0,104.3,111.6,115.6,5.5,40.0,9.0,2.0,13.0,8.0,0.0,0.0,0.225,0.436,0.425,0.861,0.333,0.232,0.304,0.217,0.522,0.261,0.333,0.333
Luis Pino,Available,STL,Midwest League,A+,No,22.0,,42.0,6.2,3.3,100.2,84.5,105.7,111.0,112.7,76.0,103.0,104.3,105.6,78.4,36.3,139.0,34.0,4.0,23.0,14.0,6.0,1.0,0.245,0.358,0.424,0.782,0.309,0.145,0.236,0.253,0.374,0.374,0.351,0.108
Lisbel Diaz,Available,SF,Northwest League,A+,No,20.0,,87.0,8.9,3.9,112.2,125.1,53.0,103.0,91.8,140.8,112.0,104.3,98.4,112.3,95.2,341.0,97.0,21.0,54.0,71.0,9.0,7.0,0.284,0.312,0.531,0.843,0.289,0.036,0.167,0.21,0.428,0.362,0.28,0.21
Esmil Valencia,Available,MIA,Midwest League,A+,Yes,20.0,,52.0,6.0,3.5,110.2,81.1,42.2,112.8,113.1,75.3,63.0,104.3,98.3,85.7,54.0,182.0,38.0,6.0,22.0,29.0,8.0,4.0,0.209,0.26,0.385,0.645,0.241,0.05,0.235,0.254,0.341,0.406,0.375,0.107
Breyson Guedez,Available,ATH,Midwest League,A+,Yes,18.0,,29.0,7.0,4.2,122.5,94.8,33.1,47.3,118.0,73.9,56.0,104.2,98.8,108.3,18.8,123.0,33.0,2.0,20.0,21.0,0.0,0.0,0.268,0.308,0.341,0.65,0.32,0.03,0.194,0.265,0.541,0.194,0.263,0.105
Harry Genth,Available,MIN,Midwest League,A+,No,23.0,,7.0,1.3,1.9,95.9,17.4,27.8,136.5,222.6,0.0,53.0,104.1,104.7,100.2,2.0,13.0,0.0,0.0,2.0,0.0,1.0,0.0,0.0,0.35,0.0,0.35,0.0,0.1,0.45,0.5,0.0,0.5,0.0,0.0
Ivan Luciano,Available,ARI,Northwest League,A+,Yes,19.0,,12.0,8.1,3.6,118.1,113.3,72.2,42.4,109.3,95.9,122.0,104.1,102.4,105.7,6.8,43.0,12.0,1.0,8.0,10.0,0.0,0.0,0.279,0.38,0.465,0.845,0.407,0.118,0.294,0.25,0.5,0.25,0.286,0.143
Beau Ankeney,Available,DET,Midwest League,A+,Yes,23.0,,27.0,9.6,3.6,95.9,129.9,98.0,51.0,95.3,263.8,161.0,104.0,116.5,109.7,20.9,97.0,28.0,9.0,16.0,23.0,0.0,0.0,0.289,0.391,0.649,1.041,0.311,0.139,0.243,0.214,0.443,0.343,0.25,0.375
Isaiah Barkett,Available,SF,Northwest League,A+,Yes,22.0,,10.0,6.5,3.7,102.0,91.8,248.8,68.6,79.6,67.1,114.0,104.0,109.8,126.1,9.7,37.0,11.0,1.0,6.0,3.0,1.0,1.0,0.297,0.381,0.405,0.786,0.313,0.095,0.095,0.182,0.515,0.303,0.2,0.1
Tyler Pettorini,Available,PHI,South Atlantic League,A+,Yes,23.0,,53.0,7.9,3.8,95.5,106.0,108.7,120.5,123.6,47.7,104.0,104.0,107.0,97.0,39.2,202.0,55.0,3.0,34.0,23.0,16.0,3.0,0.272,0.365,0.386,0.751,0.34,0.107,0.201,0.288,0.455,0.256,0.125,0.075
Enmanuel Tejeda,Available,NYY,South Atlantic League,A+,Yes,21.0,,87.0,6.4,3.4,104.6,85.8,134.7,97.5,101.3,61.7,79.0,103.9,103.6,106.3,71.0,295.0,65.0,7.0,44.0,32.0,26.0,8.0,0.22,0.328,0.325,0.653,0.257,0.121,0.184,0.236,0.45,0.314,0.097,0.097
Cody Miller,Available,ATL,South Atlantic League,A+,Yes,21.0,,82.0,7.8,3.6,104.6,105.1,65.0,127.6,110.8,68.7,81.0,103.9,99.5,103.4,72.8,295.0,59.0,8.0,44.0,53.0,31.0,6.0,0.2,0.314,0.329,0.643,0.267,0.105,0.288,0.258,0.361,0.381,0.23,0.108
Enrique Bradfield Jr.,Available,BAL,South Atlantic League,A+,No,24.0,,5.0,17.6,4.4,91.6,236.3,124.0,125.8,107.3,106.2,154.0,103.8,108.7,90.5,6.0,22.0,8.0,1.0,10.0,4.0,5.0,1.0,0.364,0.444,0.545,0.99,0.438,0.148,0.222,0.25,0.375,0.375,0.5,0.167
Jo Oyama,Available,SEA,Northwest League,A+,Yes,25.0,,3.0,16.2,3.0,89.7,226.6,410.0,181.7,62.5,0.0,235.0,103.7,102.0,71.9,4.0,9.0,3.0,0.0,6.0,2.0,1.0,0.0,0.333,0.6,0.778,1.378,0.429,0.333,0.133,0.143,0.286,0.571,0.0,0.0
Victor Acosta,Available,CIN,Midwest League,A+,Yes,22.0,,48.0,6.0,2.9,100.2,81.5,70.7,143.8,100.6,104.1,103.0,103.7,100.0,56.4,27.0,140.0,36.0,4.0,29.0,18.0,5.0,2.0,0.257,0.35,0.443,0.793,0.302,0.066,0.193,0.226,0.519,0.255,0.185,0.148
Slate Alford,Available,LAA,Northwest League,A+,Yes,23.0,,10.0,7.5,3.4,97.5,105.1,96.0,34.3,139.1,112.0,150.0,103.6,117.0,91.6,5.7,34.0,11.0,1.0,7.0,6.0,0.0,0.0,0.324,0.439,0.471,0.91,0.476,0.171,0.293,0.318,0.409,0.273,0.167,0.167
Ethan Conrad,Ben the Hen (MINORS),CHC,Midwest League,A+,Yes,21.0,,2.0,-0.5,3.5,105.0,-6.8,46.3,1.8,222.6,100.0,-57.0,103.6,116.4,121.3,1.0,7.0,0.0,0.0,0.0,0.0,0.0,0.0,0.0,0.125,0.0,0.125,0.0,0.125,0.375,0.5,0.25,0.25,0.0,0.0
Jared Sprague-Lott,Available,ATH,Midwest League,A+,No,24.0,,68.0,8.0,3.7,91.9,108.2,163.1,118.3,109.5,54.9,81.0,103.6,109.1,100.8,63.4,252.0,63.0,5.0,50.0,32.0,17.0,3.0,0.25,0.365,0.357,0.723,0.294,0.149,0.172,0.246,0.432,0.322,0.172,0.078
Boston Smith,Available,SEA,South Atlantic League,A+,No,23.0,,48.0,10.4,3.4,95.5,139.8,127.8,115.2,82.9,171.1,166.0,103.5,106.8,83.8,45.3,163.0,47.0,14.0,41.0,35.0,7.0,3.0,0.288,0.449,0.595,1.044,0.347,0.222,0.264,0.193,0.33,0.477,0.192,0.269
Ian Petrutz,Available,STL,Midwest League,A+,No,23.0,,51.0,7.6,3.5,95.9,102.3,110.7,114.7,118.0,62.6,102.0,103.5,106.7,105.6,44.7,180.0,50.0,4.0,35.0,29.0,8.0,5.0,0.278,0.355,0.422,0.777,0.315,0.077,0.15,0.265,0.429,0.306,0.311,0.089
Bradley Frye,Available,SD,Midwest League,A+,Yes,23.0,,18.0,8.0,3.4,95.9,108.7,66.6,167.4,102.9,93.5,112.0,103.5,99.3,101.9,15.0,61.0,17.0,2.0,13.0,9.0,5.0,0.0,0.279,0.362,0.459,0.821,0.385,0.114,0.286,0.231,0.385,0.385,0.133,0.133
Jack Moss,Available,HOU,South Atlantic League,A+,Yes,24.0,,69.0,8.4,3.7,91.6,113.2,164.4,81.5,127.9,38.2,112.0,103.3,114.1,63.2,66.6,257.0,87.0,4.0,34.0,48.0,8.0,1.0,0.339,0.403,0.455,0.859,0.382,0.113,0.15,0.298,0.394,0.307,0.045,0.06
Jadyn Fielder,Available,HOU,South Atlantic League,A+,Yes,21.0,,5.0,6.0,3.8,104.6,80.5,0.0,115.2,95.3,211.8,38.0,103.3,100.2,95.2,3.3,19.0,4.0,1.0,2.0,2.0,2.0,0.0,0.211,0.211,0.421,0.632,0.3,0.0,0.421,0.222,0.444,0.333,0.667,0.333
Nick McLain,Available,CHW,South Atlantic League,A+,Yes,23.0,,26.0,9.5,3.5,95.5,127.0,151.8,40.8,120.6,106.2,168.0,103.1,116.6,95.6,23.6,91.0,30.0,4.0,17.0,19.0,2.0,3.0,0.33,0.462,0.571,1.033,0.413,0.197,0.222,0.281,0.344,0.375,0.125,0.167
Jake Reinisch,Available,ATH,Midwest League,A+,Yes,24.0,,47.0,8.7,3.4,91.9,118.1,138.2,78.3,114.4,117.5,136.0,103.1,113.9,109.2,34.8,162.0,49.0,6.0,23.0,36.0,2.0,2.0,0.302,0.449,0.5,0.949,0.394,0.2,0.229,0.257,0.425,0.319,0.139,0.167
Tyler Rodriguez,Available,MIL,Midwest League,A+,Yes,20.0,,41.0,5.5,3.4,110.2,75.1,128.7,71.0,103.7,44.3,97.0,103.0,102.1,120.4,32.0,140.0,34.0,2.0,20.0,10.0,7.0,5.0,0.243,0.38,0.336,0.716,0.311,0.146,0.205,0.233,0.456,0.311,0.469,0.063
Reed Trimble,Available,BAL,South Atlantic League,A+,No,26.0,,9.0,11.9,3.9,84.5,160.4,126.1,46.1,122.8,199.1,168.0,102.9,123.2,105.1,13.1,35.0,10.0,5.0,11.0,7.0,0.0,0.0,0.286,0.366,0.771,1.137,0.217,0.122,0.195,0.286,0.143,0.571,0.25,0.313
Jesus Hernandez,Available,MIA,Midwest League,A+,Yes,22.0,,72.0,7.6,3.1,100.2,103.4,151.2,112.8,95.7,53.5,123.0,102.8,102.8,84.7,65.3,220.0,66.0,5.0,37.0,35.0,22.0,6.0,0.3,0.4,0.423,0.823,0.359,0.146,0.18,0.215,0.401,0.384,0.242,0.076
Anson Aroz,Available,LAD,Midwest League,A+,Yes,23.0,,19.0,3.2,2.8,95.9,43.8,61.7,96.5,134.9,70.3,61.0,102.5,107.6,116.5,9.7,53.0,9.0,1.0,9.0,2.0,1.0,0.0,0.17,0.302,0.283,0.585,0.25,0.127,0.317,0.303,0.394,0.303,0.3,0.1
TJayy Walton,Available,PHI,South Atlantic League,A+,Yes,21.0,,21.0,7.2,3.5,104.6,96.5,142.7,76.2,109.5,28.6,101.0,102.4,104.2,97.9,21.6,74.0,19.0,1.0,11.0,10.0,5.0,2.0,0.257,0.385,0.324,0.709,0.333,0.176,0.22,0.255,0.345,0.4,0.182,0.045
Josh Tate,Available,PIT,South Atlantic League,A+,Yes,22.0,,59.0,7.0,3.5,99.9,93.6,73.6,117.0,118.1,55.3,100.0,102.4,101.7,88.3,45.1,205.0,58.0,4.0,26.0,31.0,13.0,8.0,0.283,0.353,0.439,0.792,0.37,0.094,0.249,0.275,0.416,0.309,0.109,0.087
RJ Austin,Available,BAL,South Atlantic League,A+,Yes,22.0,,62.0,9.4,3.8,99.9,126.8,124.5,170.1,77.3,61.7,102.0,102.3,94.1,163.3,73.5,234.0,60.0,7.0,51.0,27.0,31.0,5.0,0.256,0.354,0.415,0.769,0.291,0.102,0.175,0.18,0.416,0.404,0.208,0.097
Ty Southisene,Available,TOR,Northwest League,A+,Yes,20.0,,11.0,8.4,3.8,112.2,117.9,165.8,171.6,38.5,61.0,119.0,102.3,85.3,112.5,10.7,42.0,11.0,1.0,9.0,4.0,3.0,1.0,0.262,0.38,0.429,0.809,0.303,0.12,0.16,0.088,0.588,0.324,0.182,0.091
Pedro Roque,Not in Fantrax,KCR,Midwest League,A+,Yes,20.0,,5.0,2.0,2.2,110.2,27.1,35.5,136.5,89.1,100.0,32.0,102.2,91.5,117.9,0.0,11.0,1.0,0.0,2.0,1.0,0.0,1.0,0.091,0.231,0.273,0.503,0.2,0.154,0.462,0.2,0.8,0.0,0.0,0.0
Robert Hipwell,Available,SF,Northwest League,A+,Yes,23.0,,64.0,6.0,3.2,97.5,84.3,59.8,90.9,120.3,114.0,103.0,102.1,106.5,82.4,43.5,205.0,43.0,8.0,32.0,36.0,2.0,0.0,0.21,0.352,0.395,0.747,0.347,0.163,0.381,0.275,0.294,0.431,0.149,0.17
Keaton Anthony,Available,PHI,South Atlantic League,A+,No,25.0,,4.0,9.9,3.0,87.9,132.6,285.0,35.4,117.2,0.0,160.0,101.9,120.7,137.5,3.0,12.0,5.0,0.0,4.0,3.0,0.0,0.0,0.417,0.526,0.417,0.943,0.455,0.263,0.158,0.273,0.455,0.273,0.0,0.0
Alexis Hernandez,Available,TOR,Northwest League,A+,No,23.0,,73.0,9.4,3.8,97.5,132.2,115.6,125.2,86.6,116.0,134.0,101.9,101.5,100.0,77.8,275.0,78.0,14.0,55.0,53.0,11.0,3.0,0.284,0.382,0.513,0.894,0.322,0.109,0.201,0.198,0.411,0.391,0.259,0.173
Jonny McGill,Available,LAA,Northwest League,A+,Yes,24.0,,12.0,6.6,3.8,93.5,92.3,101.5,145.4,77.0,167.6,103.0,101.9,101.4,117.0,3.9,46.0,11.0,1.0,7.0,5.0,1.0,0.0,0.239,0.34,0.413,0.753,0.303,0.113,0.226,0.176,0.706,0.118,0.0,0.25
Andrés Nolaya,Available,BAL,South Atlantic League,A+,No,21.0,,21.0,4.7,2.1,104.6,63.3,135.6,86.8,80.7,115.8,106.0,101.8,101.7,107.3,10.3,45.0,10.0,2.0,10.0,6.0,3.0,2.0,0.222,0.386,0.356,0.742,0.267,0.175,0.228,0.188,0.469,0.344,0.364,0.182
Jackson Lovich,Available,NYY,South Atlantic League,A+,Yes,22.0,,34.0,11.6,3.8,99.9,155.8,61.4,164.8,71.7,159.0,134.0,101.8,94.1,101.0,22.9,129.0,41.0,6.0,27.0,28.0,20.0,2.0,0.318,0.388,0.519,0.907,0.438,0.109,0.306,0.167,0.548,0.286,0.125,0.25
Esteban Mejia,Available,TEX,South Atlantic League,A+,Yes,21.0,,41.0,5.9,3.4,104.6,79.7,73.7,99.3,111.2,60.4,82.0,101.7,99.8,109.7,21.0,141.0,37.0,2.0,22.0,16.0,7.0,1.0,0.262,0.331,0.348,0.679,0.324,0.07,0.204,0.259,0.546,0.194,0.286,0.095
Gabriel Rincones Jr.,Available,PHI,South Atlantic League,A+,No,25.0,,3.0,2.7,3.0,87.9,35.8,147.6,81.5,143.0,0.0,6.0,101.6,113.7,126.5,2.0,9.0,0.0,0.0,0.0,0.0,1.0,0.0,0.0,0.25,0.0,0.25,0.0,0.25,0.25,0.333,0.333,0.333,0.5,0.0
Derek Cerda,Available,CHW,South Atlantic League,A+,Yes,23.0,,26.0,8.7,3.5,95.5,117.0,123.4,129.4,110.3,21.6,133.0,101.5,101.6,106.9,29.8,91.0,29.0,1.0,20.0,17.0,4.0,1.0,0.319,0.411,0.462,0.873,0.389,0.102,0.176,0.257,0.329,0.414,0.31,0.034
Yasser Mercedes,Available,MIN,Midwest League,A+,Yes,21.0,,88.0,8.5,3.9,105.0,115.4,56.6,123.8,95.7,95.0,88.0,101.5,95.8,117.4,85.8,345.0,80.0,12.0,47.0,48.0,41.0,6.0,0.232,0.32,0.409,0.728,0.309,0.099,0.294,0.215,0.395,0.39,0.27,0.135
Carlos Caro,Available,PIT,South Atlantic League,A+,No,21.0,,61.0,6.4,3.0,104.6,85.9,100.2,134.7,81.1,77.6,101.0,101.3,94.1,103.0,41.3,181.0,48.0,5.0,43.0,18.0,14.0,2.0,0.265,0.377,0.387,0.763,0.35,0.139,0.25,0.189,0.475,0.336,0.22,0.122
Enrique Jimenez,Available,MIN,Midwest League,A+,Yes,20.0,,24.0,6.3,3.7,110.2,85.5,95.8,43.7,90.4,140.7,91.0,101.2,102.8,123.7,18.6,88.0,18.0,4.0,19.0,9.0,0.0,0.0,0.205,0.34,0.375,0.715,0.255,0.17,0.274,0.203,0.458,0.339,0.15,0.2
Quinn McDaniel,Available,MIN,Midwest League,A+,No,23.0,,42.0,7.7,3.6,95.9,104.6,92.1,140.1,106.4,49.9,112.0,101.2,99.3,95.2,40.9,153.0,44.0,3.0,24.0,22.0,8.0,1.0,0.288,0.364,0.451,0.815,0.36,0.104,0.214,0.239,0.402,0.359,0.262,0.071
Jose Ortiz,Available,SF,Northwest League,A+,Yes,21.0,,12.0,2.4,4.1,106.8,33.9,37.1,94.9,134.7,0.0,2.0,101.2,98.0,75.3,4.6,49.0,7.0,0.0,4.0,1.0,2.0,1.0,0.143,0.208,0.163,0.371,0.233,0.074,0.352,0.308,0.538,0.154,0.0,0.0
Caden Kendle,Available,MIN,Midwest League,A+,No,24.0,,32.0,9.3,3.2,91.9,126.3,190.9,81.9,89.9,103.4,137.0,101.1,110.2,66.8,32.8,104.0,30.0,5.0,16.0,24.0,8.0,2.0,0.288,0.406,0.51,0.916,0.309,0.156,0.156,0.202,0.393,0.405,0.412,0.147
Yohairo Cuevas,Available,NYM,South Atlantic League,A+,No,22.0,,48.0,4.7,3.2,99.9,62.5,52.8,125.8,94.4,131.7,66.0,101.1,98.4,112.8,28.0,153.0,23.0,6.0,18.0,19.0,5.0,0.0,0.15,0.282,0.32,0.602,0.215,0.138,0.376,0.22,0.427,0.354,0.138,0.207
Luis Fragoza,Available,MIN,Midwest League,A+,Yes,19.0,,14.0,5.5,3.1,116.0,74.5,74.2,96.5,102.9,0.0,122.0,101.1,91.2,120.1,7.0,44.0,13.0,0.0,6.0,1.0,5.0,0.0,0.295,0.446,0.318,0.765,0.5,0.155,0.31,0.231,0.5,0.269,0.143,0.0
Yeremy Cabrera,Available,WSH,South Atlantic League,A+,Yes,20.0,,85.0,7.2,3.8,109.9,96.1,68.2,138.2,89.7,37.5,66.0,101.0,89.5,124.1,85.3,320.0,71.0,5.0,39.0,41.0,34.0,4.0,0.222,0.299,0.319,0.618,0.299,0.1,0.271,0.209,0.405,0.386,0.306,0.059
Hector Osorio,Available,TEX,South Atlantic League,A+,Yes,21.0,,34.0,8.4,3.9,104.6,113.3,162.0,28.4,94.4,98.0,121.0,100.6,107.9,117.3,48.7,131.0,36.0,8.0,23.0,22.0,0.0,0.0,0.275,0.37,0.489,0.859,0.275,0.11,0.148,0.22,0.303,0.477,0.25,0.154
Stephen Hrustich,Available,DET,Midwest League,A+,No,24.0,,48.0,7.5,3.3,91.9,102.0,128.2,98.3,106.4,85.8,113.0,100.6,106.9,109.0,48.6,157.0,36.0,6.0,29.0,29.0,6.0,3.0,0.229,0.376,0.408,0.783,0.278,0.178,0.228,0.239,0.312,0.45,0.306,0.122
Ali Camarillo,Available,ATH,Midwest League,A+,No,23.0,,86.0,8.7,4.0,95.9,118.3,122.7,103.7,110.9,40.1,84.0,100.6,103.5,100.9,86.9,342.0,97.0,5.0,52.0,58.0,20.0,1.0,0.284,0.355,0.395,0.75,0.323,0.082,0.144,0.249,0.446,0.305,0.195,0.057
Myles Naylor,Available,ATH,Midwest League,A+,Yes,21.0,,73.0,5.8,3.7,105.0,77.9,51.8,107.4,104.2,78.1,66.0,100.6,96.5,113.0,53.0,267.0,59.0,6.0,38.0,35.0,7.0,2.0,0.221,0.325,0.352,0.677,0.342,0.124,0.35,0.234,0.424,0.342,0.259,0.111
Edwin Amparo,Available,BAL,South Atlantic League,A+,Yes,21.0,,37.0,4.9,2.9,104.6,65.7,39.0,118.7,94.4,115.8,63.0,100.6,95.3,100.2,11.0,108.0,23.0,2.0,22.0,9.0,11.0,3.0,0.213,0.303,0.296,0.6,0.356,0.098,0.385,0.22,0.593,0.186,0.091,0.182
David Mershon,Available,LAA,Northwest League,A+,No,23.0,,62.0,6.7,3.5,97.5,93.9,96.7,159.5,95.8,31.5,81.0,100.6,94.4,97.5,44.3,216.0,52.0,2.0,34.0,20.0,21.0,2.0,0.241,0.333,0.31,0.644,0.313,0.102,0.22,0.219,0.503,0.277,0.209,0.047
Brayden Smith,Available,STL,Midwest League,A+,Yes,22.0,,24.0,6.5,3.8,100.2,88.3,40.0,120.1,99.7,123.8,98.0,100.5,98.0,104.8,16.4,92.0,24.0,3.0,13.0,10.0,4.0,2.0,0.261,0.327,0.457,0.783,0.375,0.079,0.327,0.224,0.483,0.293,0.176,0.176
Skylar King,Available,BOS,South Atlantic League,A+,Yes,22.0,,12.0,3.8,3.8,99.9,50.9,0.0,131.2,143.0,0.0,17.0,100.5,96.5,96.2,7.2,45.0,8.0,0.0,5.0,3.0,2.0,0.0,0.178,0.196,0.289,0.485,0.258,0.0,0.304,0.333,0.433,0.233,0.429,0.0
Juneiker Caceres,Je suis Charlie Morton (MINORS),CLE,Midwest League,A+,Yes,18.0,,22.0,6.0,3.7,122.5,80.6,94.1,67.3,82.8,31.7,105.0,100.4,89.6,125.2,21.6,82.0,21.0,1.0,12.0,9.0,0.0,0.0,0.256,0.39,0.354,0.744,0.345,0.12,0.23,0.186,0.441,0.373,0.364,0.045
Jacob Walsh,Available,WSH,South Atlantic League,A+,Yes,23.0,,69.0,8.3,3.7,95.5,112.1,42.3,53.2,109.9,211.8,123.0,100.3,110.2,103.9,51.2,256.0,69.0,19.0,43.0,57.0,2.0,1.0,0.27,0.33,0.562,0.892,0.34,0.077,0.324,0.256,0.396,0.348,0.228,0.333
Zach MacDonald,Available,DET,Midwest League,A+,Yes,22.0,,4.0,6.4,4.0,100.2,86.3,21.0,123.8,98.9,140.7,89.0,100.3,97.1,96.6,4.4,16.0,4.0,1.0,3.0,1.0,1.0,0.0,0.25,0.294,0.438,0.732,0.375,0.059,0.412,0.222,0.222,0.556,0.6,0.2
Elian Peña,Bobby and the NitWitts (MINORS),NYM,South Atlantic League,A+,Yes,18.0,,16.0,5.1,4.2,122.1,68.0,63.2,147.1,70.0,0.0,38.0,100.3,78.5,102.1,18.4,67.0,11.0,0.0,10.0,6.0,2.0,0.0,0.164,0.26,0.224,0.484,0.25,0.117,0.312,0.163,0.419,0.419,0.389,0.0
Luis Lameda,Available,MIL,Midwest League,A+,Yes,20.0,,13.0,4.6,3.7,110.2,62.5,133.4,81.9,96.2,0.0,35.0,100.2,95.8,113.7,11.0,48.0,7.0,0.0,6.0,5.0,0.0,0.0,0.146,0.268,0.229,0.497,0.189,0.143,0.196,0.216,0.486,0.297,0.091,0.0
Roldy Brito,Je suis Charlie Morton (MINORS),COL,Northwest League,A+,Yes,19.0,,38.0,7.7,4.3,118.1,108.5,43.8,137.3,76.5,42.2,61.0,100.2,82.6,100.2,31.8,165.0,43.0,2.0,22.0,9.0,23.0,2.0,0.261,0.299,0.352,0.65,0.345,0.051,0.251,0.175,0.558,0.267,0.25,0.063
Cameron Decker,Available,LAD,Midwest League,A+,Yes,22.0,,45.0,6.0,3.3,100.2,80.6,60.3,118.3,106.9,68.9,81.0,100.1,97.6,109.9,39.7,150.0,33.0,4.0,26.0,20.0,6.0,2.0,0.22,0.324,0.367,0.691,0.312,0.122,0.315,0.24,0.333,0.427,0.366,0.098
Jackson Appel,Available,CHW,South Atlantic League,A+,Yes,24.0,,19.0,4.9,3.1,91.6,65.4,199.6,83.3,97.5,45.2,68.0,100.0,108.2,151.8,14.9,58.0,11.0,1.0,11.0,5.0,1.0,0.0,0.19,0.329,0.259,0.587,0.213,0.162,0.162,0.227,0.455,0.318,0.071,0.071
Jean Joseph,Available,TOR,Northwest League,A+,Yes,21.0,,20.0,8.1,3.5,106.8,112.8,152.1,70.7,69.5,112.0,62.0,100.0,99.4,102.0,22.5,70.0,13.0,4.0,9.0,20.0,0.0,0.0,0.186,0.247,0.414,0.661,0.153,0.086,0.136,0.159,0.46,0.381,0.167,0.167
Luis Guanipa,Available,ATL,South Atlantic League,A+,Yes,20.0,,31.0,7.1,4.5,109.9,95.3,44.1,120.5,98.3,44.5,51.0,100.0,90.4,100.5,42.6,138.0,30.0,3.0,16.0,19.0,5.0,1.0,0.217,0.233,0.355,0.588,0.231,0.027,0.151,0.229,0.407,0.364,0.302,0.07
Emmanuel Rodriguez,Lászlaró Tóth (MINORS),MIN,Midwest League,A+,No,23.0,,6.0,7.9,3.2,95.9,107.2,586.2,1.8,104.6,0.0,201.0,99.9,116.6,105.5,6.0,19.0,8.0,0.0,1.0,3.0,0.0,0.0,0.421,0.593,0.474,1.066,0.471,0.222,0.074,0.235,0.412,0.353,0.333,0.0
Ethan Frey,Available,HOU,South Atlantic League,A+,Yes,22.0,,64.0,9.2,3.9,99.9,124.0,74.7,108.1,92.3,117.0,98.0,99.9,98.8,130.5,48.2,250.0,69.0,9.0,41.0,48.0,19.0,5.0,0.276,0.364,0.452,0.816,0.375,0.127,0.292,0.215,0.485,0.301,0.184,0.184
Anthony Martinez,Available,CLE,Midwest League,A+,Yes,22.0,,40.0,9.1,3.9,100.2,122.7,117.6,32.8,110.4,106.2,132.0,99.8,109.1,116.2,50.0,155.0,45.0,8.0,28.0,31.0,0.0,0.0,0.29,0.381,0.535,0.917,0.314,0.099,0.171,0.248,0.328,0.424,0.208,0.151
Juan Hernandez,Available,DET,Midwest League,A+,Yes,20.0,,80.0,4.0,3.4,110.2,54.1,35.0,76.4,113.1,57.0,52.0,99.7,95.7,115.9,37.4,272.0,58.0,3.0,39.0,32.0,1.0,1.0,0.213,0.274,0.279,0.553,0.322,0.071,0.334,0.254,0.527,0.219,0.135,0.081
Brayden Corn,Available,SEA,Northwest League,A+,Yes,22.0,,4.0,4.6,3.0,102.0,64.8,30.8,100.9,109.3,100.0,62.0,99.6,98.0,104.5,0.0,12.0,2.0,0.0,0.0,1.0,2.0,0.0,0.167,0.333,0.25,0.583,0.5,0.2,0.533,0.25,0.75,0.0,0.0,0.0
Givian Sirvania,Available,BOS,South Atlantic League,A+,Yes,18.0,,5.0,8.0,3.6,122.1,107.4,76.8,46.1,33.1,254.4,50.0,99.6,91.5,81.2,4.2,18.0,2.0,2.0,3.0,5.0,0.0,0.0,0.111,0.2,0.444,0.644,0.0,0.1,0.25,0.077,0.538,0.385,0.2,0.4
Justin DeCriscio,Available,SD,Midwest League,A+,No,23.0,,73.0,8.0,4.0,95.9,107.9,129.3,91.0,98.0,78.1,100.0,99.5,103.4,101.3,79.9,290.0,75.0,9.0,42.0,39.0,13.0,7.0,0.259,0.355,0.403,0.759,0.288,0.097,0.155,0.22,0.431,0.349,0.358,0.111
Robert Phelps,Available,PHI,South Atlantic League,A+,Yes,22.0,,25.0,6.0,4.0,99.9,80.0,122.7,90.4,99.6,50.9,42.0,99.5,100.6,105.6,24.7,100.0,19.0,2.0,10.0,8.0,9.0,4.0,0.19,0.261,0.26,0.521,0.21,0.09,0.162,0.232,0.463,0.305,0.4,0.08
Luke Dickerson,Available,WSH,South Atlantic League,A+,Yes,20.0,,25.0,3.3,3.2,109.9,44.0,42.8,117.0,109.9,0.0,33.0,99.5,90.0,105.8,16.0,81.0,11.0,0.0,12.0,2.0,6.0,0.0,0.136,0.271,0.173,0.444,0.282,0.156,0.438,0.256,0.333,0.41,0.188,0.0
Henry Godbout,Available,BOS,South Atlantic League,A+,No,22.0,,34.0,7.6,3.8,99.9,102.7,167.2,40.8,88.4,108.8,134.0,99.4,107.4,134.9,39.0,130.0,36.0,7.0,21.0,14.0,2.0,3.0,0.277,0.41,0.492,0.902,0.299,0.137,0.168,0.206,0.392,0.402,0.341,0.171
Alex Birge,Available,STL,Midwest League,A+,Yes,23.0,,7.0,6.6,3.1,95.9,89.9,77.1,112.8,127.3,0.0,83.0,99.4,100.1,105.7,6.0,22.0,5.0,0.0,4.0,3.0,2.0,0.0,0.227,0.357,0.318,0.675,0.357,0.179,0.321,0.286,0.286,0.429,0.167,0.0
Jordan Sanchez,Available,BAL,South Atlantic League,A+,Yes,20.0,,22.0,4.5,2.9,109.9,60.7,81.1,111.7,67.0,115.8,74.0,99.4,90.6,97.5,10.7,63.0,13.0,2.0,9.0,8.0,2.0,3.0,0.206,0.306,0.349,0.655,0.25,0.097,0.236,0.156,0.6,0.244,0.182,0.182
Logan Wagner,Available,LAD,Midwest League,A+,No,22.0,,58.0,9.0,4.0,100.2,122.4,45.7,87.4,97.5,151.9,111.0,99.3,100.6,108.9,68.1,231.0,60.0,16.0,47.0,46.0,4.0,2.0,0.26,0.312,0.55,0.862,0.299,0.071,0.28,0.219,0.319,0.463,0.23,0.216
Yasmil Bucce,Available,BAL,South Atlantic League,A+,Yes,21.0,,58.0,7.3,3.0,104.6,97.6,90.2,40.8,79.0,199.7,128.0,99.2,103.9,77.1,31.6,175.0,40.0,11.0,27.0,41.0,2.0,1.0,0.229,0.397,0.463,0.86,0.312,0.201,0.317,0.184,0.476,0.34,0.086,0.314
Kyle Henley,Available,CIN,Midwest League,A+,Yes,21.0,,16.0,7.5,3.4,105.0,102.0,27.9,134.7,83.7,117.5,137.0,99.2,90.4,84.4,5.8,54.0,19.0,1.0,11.0,11.0,1.0,0.0,0.352,0.397,0.537,0.934,0.581,0.069,0.379,0.188,0.625,0.188,0.333,0.167
Stanley Tucker,Available,BOS,South Atlantic League,A+,No,24.0,,49.0,6.7,3.2,91.6,89.3,107.3,122.3,109.0,42.6,62.0,99.1,101.3,106.9,44.6,155.0,34.0,3.0,26.0,19.0,19.0,4.0,0.219,0.303,0.31,0.613,0.256,0.091,0.182,0.254,0.377,0.369,0.267,0.067
Jakey Josepha,Available,ARI,Northwest League,A+,No,22.0,,58.0,8.0,3.7,102.0,112.3,73.0,171.6,81.3,36.9,89.0,99.1,87.1,97.8,55.8,215.0,58.0,3.0,33.0,30.0,24.0,8.0,0.27,0.331,0.395,0.726,0.348,0.08,0.232,0.186,0.462,0.353,0.2,0.055
Andy Ibáñez,Available,SEA,South Atlantic League,A+,No,33.0,,5.0,12.8,4.0,66.6,171.8,127.6,28.4,143.0,211.8,282.0,98.9,131.6,58.5,2.8,20.0,12.0,1.0,5.0,4.0,0.0,0.0,0.6,0.636,0.8,1.436,0.647,0.045,0.091,0.333,0.5,0.167,0.333,0.333
James Taussig,Available,CHW,South Atlantic League,A+,No,23.0,,51.0,9.8,3.9,95.5,131.9,58.9,76.2,95.3,185.1,156.0,98.8,104.5,95.8,48.5,197.0,58.0,16.0,39.0,43.0,1.0,0.0,0.294,0.382,0.645,1.027,0.378,0.107,0.311,0.222,0.341,0.437,0.236,0.291
Maximus Martin,Available,BOS,South Atlantic League,A+,Yes,22.0,,29.0,5.1,3.9,99.9,68.5,15.3,85.1,121.5,98.0,34.0,98.8,100.2,112.0,24.6,113.0,18.0,4.0,15.0,20.0,1.0,0.0,0.159,0.218,0.336,0.554,0.28,0.056,0.492,0.283,0.226,0.491,0.385,0.154
Chase Harlan,Hand Foot Mouth Disease Guys (MINORS),LAD,Midwest League,A+,Yes,19.0,,29.0,7.5,3.9,116.0,101.3,77.0,71.0,73.5,100.6,89.0,98.8,90.9,108.4,28.0,113.0,27.0,4.0,19.0,20.0,1.0,0.0,0.239,0.331,0.389,0.72,0.291,0.1,0.238,0.165,0.481,0.354,0.214,0.143
Ben Newton,Available,ATH,Midwest League,A+,Yes,24.0,,13.0,3.8,3.1,91.9,51.0,52.5,74.6,155.8,0.0,76.0,98.7,107.1,87.8,6.0,40.0,9.0,0.0,6.0,3.0,0.0,0.0,0.225,0.38,0.275,0.655,0.45,0.18,0.4,0.35,0.35,0.3,0.0,0.0
Tanner Thach,Available,COL,Northwest League,A+,Yes,22.0,,52.0,7.0,4.0,102.0,98.5,87.6,74.7,105.0,69.1,68.0,98.7,100.1,118.9,56.9,207.0,50.0,6.0,23.0,35.0,3.0,0.0,0.242,0.304,0.382,0.686,0.268,0.065,0.174,0.24,0.413,0.347,0.103,0.103
Nicandro Aybar,Available,TB,South Atlantic League,A+,No,21.0,,30.0,6.1,3.7,104.6,81.7,114.3,67.3,111.2,0.0,106.0,98.4,98.8,101.8,17.2,111.0,35.0,0.0,14.0,14.0,1.0,1.0,0.315,0.392,0.36,0.752,0.407,0.111,0.198,0.259,0.541,0.2,0.294,0.0
Yairo Padilla,Available,STL,Midwest League,A+,Yes,19.0,,4.0,3.9,3.5,116.0,52.5,62.4,1.8,49.4,351.7,52.0,98.2,99.7,94.8,1.8,14.0,2.0,1.0,1.0,1.0,0.0,0.0,0.143,0.25,0.357,0.607,0.125,0.125,0.313,0.111,0.667,0.222,0.0,0.5
Logan Sauve,Available,ATH,Midwest League,A+,No,22.0,,23.0,4.8,3.1,100.2,65.3,167.4,30.9,115.3,0.0,90.0,98.1,106.4,101.5,17.3,72.0,19.0,0.0,11.0,5.0,0.0,0.0,0.264,0.396,0.333,0.729,0.322,0.141,0.163,0.259,0.448,0.293,0.294,0.0
Gio Cueto,Available,LAD,Midwest League,A+,Yes,22.0,,23.0,6.5,3.0,100.2,88.0,90.8,40.0,103.7,122.4,107.0,98.1,105.2,126.1,23.0,68.0,16.0,4.0,12.0,14.0,0.0,1.0,0.235,0.361,0.426,0.788,0.279,0.141,0.259,0.233,0.233,0.535,0.348,0.174
Bryce Martin-Grudzielanek,Available,NYY,South Atlantic League,A+,Yes,23.0,,28.0,5.4,3.6,95.5,72.9,63.5,154.2,103.0,25.4,40.0,98.1,92.5,107.6,25.3,100.0,19.0,1.0,15.0,7.0,10.0,2.0,0.19,0.257,0.27,0.527,0.237,0.071,0.23,0.24,0.427,0.333,0.2,0.04
Juan Villavicencio,Available,PHI,South Atlantic League,A+,Yes,21.0,,33.0,6.2,3.7,104.6,82.6,103.5,134.7,78.6,26.7,82.0,98.1,88.7,108.1,24.3,122.0,26.0,1.0,17.0,8.0,10.0,3.0,0.213,0.338,0.311,0.649,0.301,0.159,0.262,0.183,0.524,0.293,0.333,0.042
Brandon Nigh,Available,HOU,South Atlantic League,A+,Yes,22.0,,16.0,3.4,3.2,99.9,45.3,52.7,70.9,137.8,0.0,58.0,98.0,100.9,92.1,5.0,52.0,11.0,0.0,4.0,3.0,2.0,0.0,0.212,0.349,0.231,0.58,0.393,0.143,0.381,0.321,0.5,0.179,0.0,0.0
Abrahan Ramirez,Available,MIA,Midwest League,A+,Yes,21.0,,43.0,6.8,3.3,105.0,91.6,118.1,92.8,88.2,31.7,73.0,98.0,94.2,103.7,43.2,143.0,33.0,2.0,15.0,23.0,13.0,3.0,0.231,0.315,0.322,0.637,0.272,0.109,0.182,0.198,0.422,0.379,0.205,0.045
Cesar Hernandez,Available,HOU,South Atlantic League,A+,Yes,23.0,,37.0,7.1,3.5,95.5,94.9,89.1,104.6,103.9,55.3,93.0,97.6,98.6,109.1,23.0,130.0,38.0,2.0,18.0,19.0,9.0,5.0,0.292,0.373,0.4,0.773,0.379,0.107,0.233,0.242,0.516,0.242,0.043,0.087
Stone Russell,Available,KC,Midwest League,A+,No,22.0,,17.0,5.1,3.0,100.2,68.5,51.8,76.4,111.3,78.1,77.0,97.5,99.0,92.9,9.0,51.0,11.0,1.0,6.0,8.0,2.0,1.0,0.216,0.317,0.353,0.67,0.313,0.098,0.311,0.25,0.469,0.281,0.333,0.111
Adonys Guzman,Available,BOS,South Atlantic League,A+,Yes,22.0,,22.0,5.6,3.4,99.9,75.1,106.8,19.5,107.3,106.2,94.0,97.2,106.7,112.5,17.3,74.0,17.0,3.0,10.0,9.0,0.0,0.0,0.23,0.356,0.378,0.734,0.28,0.144,0.244,0.25,0.404,0.346,0.333,0.167
Luis Durango,Available,NYY,South Atlantic League,A+,No,23.0,,32.0,7.7,3.0,95.5,103.6,129.4,159.5,81.6,0.0,125.0,97.2,90.2,84.0,11.4,95.0,33.0,0.0,16.0,6.0,18.0,3.0,0.347,0.398,0.442,0.84,0.402,0.065,0.121,0.19,0.671,0.139,0.364,0.0
Miguel Briceno,Available,MIN,Midwest League,A+,No,22.0,,49.0,5.9,3.1,100.2,79.6,115.5,36.4,105.1,74.6,103.0,97.1,103.9,108.9,45.5,154.0,44.0,5.0,24.0,23.0,0.0,1.0,0.286,0.358,0.416,0.774,0.328,0.104,0.179,0.236,0.382,0.382,0.17,0.106
Marshall Toole,Available,TB,South Atlantic League,A+,Yes,23.0,,38.0,8.4,3.3,95.5,112.9,73.4,125.8,82.4,111.9,107.0,97.1,94.7,89.9,17.0,127.0,32.0,3.0,31.0,14.0,20.0,3.0,0.252,0.391,0.354,0.745,0.397,0.151,0.321,0.192,0.575,0.233,0.176,0.176
Brady Cerkownyk,Available,WSH,South Atlantic League,A+,Yes,23.0,,8.0,3.3,2.6,95.5,44.5,85.6,39.0,143.0,0.0,86.0,96.9,106.5,110.2,5.0,21.0,4.0,0.0,3.0,2.0,0.0,1.0,0.19,0.379,0.238,0.617,0.333,0.241,0.345,0.333,0.25,0.417,0.2,0.0
David McCann,Available,NYY,South Atlantic League,A+,Yes,22.0,,23.0,8.6,3.9,99.9,115.3,33.3,74.4,83.3,195.9,101.0,96.8,98.4,101.8,23.5,89.0,20.0,8.0,12.0,20.0,2.0,0.0,0.225,0.296,0.506,0.802,0.214,0.041,0.255,0.194,0.387,0.419,0.154,0.308
Willy Montero,Available,NYY,South Atlantic League,A+,Yes,21.0,,20.0,6.7,3.4,104.6,89.6,39.9,120.5,96.2,37.5,57.0,96.7,88.5,92.8,16.7,68.0,16.0,1.0,9.0,11.0,7.0,0.0,0.235,0.284,0.309,0.593,0.313,0.054,0.27,0.224,0.429,0.347,0.118,0.059
Diosfran Cabeza,Available,ARI,Northwest League,A+,Yes,23.0,,17.0,4.2,2.9,97.5,59.0,162.0,30.3,115.0,0.0,80.0,96.5,105.7,113.1,7.0,49.0,12.0,0.0,7.0,5.0,0.0,0.0,0.245,0.367,0.265,0.632,0.316,0.167,0.2,0.263,0.553,0.184,0.429,0.0
Dylan Fien,Available,ATH,Midwest League,A+,Yes,20.0,,71.0,5.0,3.9,110.2,68.0,57.9,80.1,96.2,29.5,36.0,96.5,89.8,75.7,71.4,275.0,55.0,3.0,27.0,37.0,1.0,1.0,0.2,0.275,0.295,0.569,0.272,0.088,0.271,0.216,0.411,0.374,0.338,0.042
Graham Brown,Available,MIN,Midwest League,A+,No,24.0,,33.0,6.5,2.8,91.9,88.6,87.2,129.2,69.5,150.5,105.0,96.3,95.5,123.7,25.4,94.0,20.0,6.0,15.0,16.0,6.0,1.0,0.213,0.339,0.457,0.797,0.241,0.143,0.268,0.156,0.406,0.438,0.214,0.214
Blake Penso,Available,COL,Northwest League,A+,Yes,24.0,,6.0,7.0,3.0,93.5,98.1,111.6,26.2,93.6,167.6,159.0,96.0,108.4,50.7,3.7,18.0,6.0,1.0,3.0,3.0,0.0,0.0,0.333,0.455,0.556,1.01,0.385,0.091,0.182,0.214,0.5,0.286,0.25,0.25
Mairo Martinus,Not in Fantrax,LAD,Midwest League,A+,Yes,21.0,,29.0,7.4,4.0,105.0,100.6,16.8,92.8,79.7,150.5,88.0,96.0,90.9,105.8,26.9,115.0,31.0,6.0,16.0,23.0,2.0,4.0,0.27,0.288,0.47,0.758,0.333,0.025,0.288,0.179,0.462,0.359,0.214,0.214
Robbie Burnett,Available,NYY,South Atlantic League,A+,Yes,23.0,,43.0,5.7,2.9,95.5,76.3,96.8,81.5,100.5,61.7,96.0,95.9,98.9,136.5,29.8,123.0,26.0,3.0,17.0,19.0,6.0,0.0,0.211,0.368,0.333,0.701,0.311,0.2,0.303,0.234,0.364,0.403,0.194,0.097
Mathieu Vallee,Not in Fantrax,TOR,Northwest League,A+,No,25.0,,21.0,7.2,2.8,89.7,100.5,161.2,117.1,93.1,0.0,117.0,95.9,98.0,90.6,6.1,58.0,18.0,0.0,9.0,10.0,7.0,2.0,0.31,0.394,0.397,0.79,0.375,0.103,0.147,0.213,0.66,0.128,0.0,0.0
Patrick Lee,Available,DET,Midwest League,A+,No,26.0,,21.0,11.9,3.2,84.8,160.9,94.7,167.4,62.3,156.1,154.0,95.9,94.4,113.5,16.8,68.0,19.0,4.0,18.0,19.0,10.0,0.0,0.279,0.433,0.529,0.963,0.375,0.189,0.289,0.14,0.442,0.419,0.0,0.222
Brendan Summerhill,Available,TB,South Atlantic League,A+,Yes,22.0,,15.0,9.2,4.0,99.9,123.5,61.7,125.8,91.4,40.1,82.0,95.9,89.6,110.7,15.6,60.0,17.0,1.0,12.0,9.0,7.0,0.0,0.283,0.343,0.333,0.677,0.348,0.06,0.209,0.213,0.447,0.34,0.125,0.063
Hayden Friese,Available,ATL,South Atlantic League,A+,Yes,21.0,,8.0,3.5,3.0,104.6,47.0,65.7,19.5,134.4,0.0,59.0,95.8,101.2,88.3,8.0,24.0,5.0,0.0,2.0,3.0,0.0,0.0,0.208,0.296,0.25,0.546,0.313,0.111,0.296,0.313,0.188,0.5,0.75,0.0
Jaron Elkins,Available,LAD,Midwest League,A+,Yes,21.0,,32.0,6.8,3.7,105.0,91.8,101.5,101.9,88.2,0.0,90.0,95.8,89.3,107.0,25.2,118.0,30.0,0.0,19.0,14.0,7.0,0.0,0.254,0.378,0.288,0.666,0.353,0.14,0.238,0.198,0.506,0.296,0.125,0.0
Yimy Tovar,Available,SD,Midwest League,A+,Yes,20.0,,10.0,6.0,3.7,110.2,81.2,73.0,43.7,85.5,87.9,62.0,95.6,93.4,97.3,8.0,37.0,8.0,1.0,6.0,6.0,0.0,0.0,0.216,0.293,0.324,0.617,0.269,0.098,0.244,0.192,0.5,0.308,0.25,0.125
Trey Snyder,Available,NYM,South Atlantic League,A+,Yes,20.0,,33.0,8.5,3.9,109.9,114.7,61.1,109.9,75.6,43.9,82.0,95.6,84.4,94.3,29.3,129.0,34.0,2.0,19.0,25.0,11.0,0.0,0.264,0.324,0.341,0.665,0.348,0.083,0.262,0.176,0.505,0.319,0.241,0.069
Yoiber Ocopio,Available,SD,Midwest League,A+,Yes,21.0,,16.0,4.1,3.4,105.0,55.0,42.3,41.9,117.1,49.9,75.0,95.5,97.2,97.8,14.4,54.0,14.0,1.0,8.0,4.0,0.0,0.0,0.259,0.322,0.333,0.655,0.333,0.051,0.237,0.263,0.368,0.368,0.357,0.071
Jake McCutcheon,Available,MIA,Midwest League,A+,Yes,22.0,,17.0,3.9,3.9,100.2,52.6,28.1,162.0,96.6,0.0,4.0,95.5,83.7,94.4,12.3,67.0,10.0,0.0,6.0,4.0,5.0,1.0,0.149,0.197,0.194,0.391,0.213,0.042,0.282,0.217,0.522,0.261,0.25,0.0
Kerrington Cross,Available,SD,Midwest League,A+,Yes,24.0,,52.0,5.7,3.4,91.9,76.9,100.0,49.1,110.4,87.9,103.0,95.4,105.3,115.2,46.4,176.0,42.0,6.0,27.0,18.0,3.0,4.0,0.239,0.365,0.392,0.757,0.308,0.152,0.251,0.248,0.355,0.397,0.167,0.125
Abdias De La Cruz,Available,ARI,Northwest League,A+,Yes,21.0,,18.0,6.5,2.8,106.8,90.7,98.8,52.5,66.5,134.1,117.0,95.4,94.2,101.2,18.8,50.0,11.0,4.0,12.0,9.0,0.0,0.0,0.22,0.328,0.54,0.868,0.226,0.138,0.259,0.152,0.242,0.606,0.2,0.2
Michael Dattalo,Available,STL,Midwest League,A+,Yes,22.0,,50.0,4.9,3.5,100.2,65.8,80.5,47.3,118.4,19.7,60.0,95.2,99.3,123.2,36.3,175.0,41.0,1.0,20.0,23.0,1.0,1.0,0.234,0.31,0.286,0.595,0.286,0.071,0.183,0.266,0.475,0.259,0.083,0.028
JT Benson,Available,NYM,South Atlantic League,A+,No,24.0,,46.0,7.8,3.6,91.6,104.3,60.9,145.3,85.9,81.4,110.0,95.2,91.5,114.7,46.1,166.0,41.0,6.0,27.0,27.0,11.0,4.0,0.247,0.332,0.47,0.801,0.324,0.091,0.278,0.2,0.373,0.427,0.255,0.128
Hyungchan Um,Available,KC,Midwest League,A+,No,22.0,,10.0,8.8,2.9,100.2,118.5,71.3,151.1,52.5,117.5,127.0,95.1,84.6,97.7,5.6,29.0,7.0,1.0,7.0,9.0,1.0,0.0,0.241,0.389,0.483,0.872,0.375,0.162,0.324,0.118,0.529,0.353,0.167,0.167
Kenni Gomez,Available,HOU,South Atlantic League,A+,No,21.0,,12.0,6.7,4.0,104.6,90.1,0.0,132.9,91.0,57.9,31.0,95.1,84.0,94.6,11.0,48.0,11.0,1.0,9.0,5.0,4.0,0.0,0.229,0.229,0.354,0.583,0.303,0.0,0.292,0.212,0.455,0.333,0.182,0.091
Connor Rasmussen,Available,KC,Midwest League,A+,Yes,22.0,,10.0,5.8,3.2,100.2,79.2,149.6,16.4,111.3,0.0,93.0,94.8,102.9,107.4,6.0,32.0,7.0,0.0,3.0,6.0,0.0,0.0,0.219,0.359,0.344,0.703,0.292,0.179,0.205,0.25,0.5,0.25,0.333,0.0
Logan Poteet,Available,CHC,Midwest League,A+,Yes,22.0,,37.0,7.3,3.6,100.2,99.0,50.2,40.0,91.3,159.0,112.0,94.8,99.6,119.1,29.4,133.0,34.0,7.0,26.0,24.0,0.0,0.0,0.256,0.342,0.504,0.846,0.365,0.118,0.349,0.205,0.397,0.397,0.065,0.226
Jack Penney,Available,DET,Midwest League,A+,Yes,23.0,,1.0,5.5,4.0,95.9,74.5,0.0,1.8,148.3,100.0,228.0,94.7,107.9,107.9,1.0,4.0,2.0,0.0,0.0,0.0,0.0,0.0,0.5,0.5,0.75,1.25,0.667,0.0,0.25,0.333,0.333,0.333,0.0,0.0
Luke Davis,Available,PHI,South Atlantic League,A+,Yes,23.0,,45.0,5.8,3.2,95.5,78.0,124.4,70.9,87.6,68.7,100.0,94.6,98.3,56.4,35.5,146.0,30.0,4.0,14.0,23.0,2.0,0.0,0.205,0.37,0.342,0.712,0.277,0.207,0.261,0.204,0.418,0.378,0.27,0.108
Jacob Friend,Available,CIN,Midwest League,A+,Yes,23.0,,70.0,8.2,3.1,95.9,111.6,72.9,101.9,68.6,151.2,116.0,94.5,93.6,113.6,58.1,218.0,45.0,14.0,48.0,46.0,15.0,2.0,0.206,0.382,0.45,0.832,0.282,0.189,0.339,0.154,0.317,0.528,0.292,0.215
Nate Rombach,Available,WSH,South Atlantic League,A+,No,25.0,,31.0,4.8,3.3,87.9,64.3,77.0,62.0,110.3,106.2,69.0,94.3,104.3,72.0,17.5,103.0,22.0,3.0,13.0,13.0,1.0,0.0,0.214,0.302,0.32,0.622,0.264,0.095,0.241,0.257,0.5,0.243,0.333,0.167
Peyton Williams,Available,TOR,Northwest League,A+,No,25.0,,75.0,7.7,3.7,89.7,108.0,113.0,62.6,94.5,105.3,116.0,94.2,102.9,107.2,67.1,279.0,74.0,11.0,40.0,52.0,1.0,0.0,0.265,0.355,0.47,0.824,0.309,0.114,0.21,0.216,0.455,0.329,0.214,0.157
Mason Neville,Available,CIN,Midwest League,A+,Yes,22.0,,38.0,5.9,3.1,100.2,79.8,35.5,58.2,73.0,206.8,90.0,94.2,96.1,96.6,28.4,116.0,21.0,10.0,19.0,22.0,1.0,0.0,0.181,0.297,0.483,0.78,0.239,0.137,0.446,0.164,0.218,0.618,0.235,0.294
Ivan Brethowr,Available,PIT,South Atlantic League,A+,No,23.0,,7.0,9.3,3.3,95.5,124.7,88.6,90.4,85.9,79.5,146.0,94.0,94.6,69.3,7.5,23.0,6.0,1.0,6.0,6.0,0.0,0.0,0.261,0.414,0.565,0.979,0.357,0.133,0.267,0.2,0.267,0.533,0.0,0.125
Ricardo Gonzalez,Available,TB,South Atlantic League,A+,Yes,21.0,,32.0,4.8,3.3,104.6,64.2,74.8,78.0,89.3,35.6,83.0,94.0,90.0,96.9,18.0,105.0,29.0,1.0,12.0,6.0,6.0,2.0,0.276,0.339,0.343,0.682,0.364,0.085,0.231,0.208,0.558,0.234,0.056,0.056
Grae Kessinger,Available,PIT,South Atlantic League,A+,No,28.0,,6.0,8.3,3.3,78.5,111.9,95.1,46.1,195.3,0.0,117.0,93.9,112.5,119.1,3.0,20.0,3.0,0.0,6.0,5.0,0.0,0.0,0.15,0.414,0.3,0.714,0.273,0.207,0.31,0.455,0.273,0.273,0.333,0.0
Yannic Walther,Available,MIL,Midwest League,A+,Yes,22.0,,31.0,4.9,3.3,100.2,65.9,57.6,29.1,116.7,58.4,83.0,93.9,99.7,97.6,23.2,101.0,24.0,2.0,15.0,12.0,0.0,0.0,0.238,0.342,0.356,0.698,0.373,0.14,0.347,0.262,0.344,0.393,0.167,0.083
Kaleb Freeman,Available,CHW,South Atlantic League,A+,Yes,23.0,,75.0,7.4,3.1,95.5,99.4,109.7,58.5,82.0,111.3,143.0,93.8,98.7,127.6,54.5,231.0,57.0,10.0,53.0,42.0,1.0,2.0,0.247,0.444,0.442,0.886,0.362,0.22,0.29,0.191,0.39,0.419,0.158,0.175
Wes Kath,Available,CHW,South Atlantic League,A+,Yes,23.0,,20.0,5.8,3.9,95.5,77.2,34.9,95.7,109.9,45.2,79.0,93.8,93.4,88.9,14.0,78.0,19.0,1.0,13.0,10.0,2.0,0.0,0.244,0.326,0.333,0.659,0.419,0.09,0.393,0.256,0.419,0.326,0.214,0.071
Nate Nankil,Available,ATH,Midwest League,A+,No,23.0,,48.0,5.1,3.5,95.9,69.1,133.0,71.0,83.7,52.8,59.0,93.7,96.4,94.2,39.8,167.0,35.0,3.0,20.0,17.0,2.0,1.0,0.21,0.327,0.305,0.632,0.252,0.131,0.187,0.188,0.5,0.313,0.35,0.075
Mason Lytle,Available,HOU,South Atlantic League,A+,No,25.0,,8.0,12.7,3.0,87.9,170.3,101.9,132.9,67.8,115.8,160.0,93.7,93.3,122.6,9.8,24.0,8.0,2.0,7.0,8.0,4.0,0.0,0.333,0.414,0.708,1.122,0.353,0.103,0.207,0.158,0.263,0.579,0.182,0.182
Tom Poole,Available,TB,South Atlantic League,A+,Yes,23.0,,30.0,7.0,3.4,95.5,94.0,47.7,62.0,66.5,234.1,102.0,93.6,97.9,102.1,16.7,102.0,23.0,7.0,17.0,21.0,1.0,0.0,0.225,0.325,0.471,0.795,0.314,0.119,0.373,0.155,0.517,0.328,0.211,0.368
Cameron Nelson,Available,COL,Northwest League,A+,Yes,22.0,,10.0,7.8,3.9,102.0,109.3,56.5,115.1,62.5,112.0,92.0,93.6,85.8,98.5,5.8,39.0,11.0,1.0,6.0,6.0,2.0,0.0,0.282,0.349,0.41,0.759,0.37,0.07,0.256,0.143,0.643,0.214,0.167,0.167
Felix Cotes,Available,TB,South Atlantic League,A+,Yes,20.0,,11.0,1.6,3.1,109.9,21.4,27.0,78.0,102.2,0.0,3.0,93.5,85.5,109.5,4.0,34.0,4.0,0.0,2.0,1.0,1.0,1.0,0.118,0.189,0.206,0.395,0.19,0.054,0.351,0.238,0.571,0.19,0.25,0.0
Ryan Weingartner,Available,STL,Midwest League,A+,Yes,21.0,,15.0,3.5,2.9,105.0,47.8,101.8,78.3,86.4,0.0,51.0,93.4,88.7,104.5,11.0,44.0,8.0,0.0,2.0,2.0,3.0,0.0,0.182,0.308,0.227,0.535,0.258,0.154,0.25,0.194,0.452,0.355,0.364,0.0
Ryan Wideman,Available,SD,Midwest League,A+,Yes,22.0,,44.0,6.6,4.2,100.2,89.5,44.8,103.7,104.6,0.0,50.0,93.4,88.4,98.5,35.0,187.0,46.0,0.0,21.0,15.0,22.0,9.0,0.246,0.292,0.267,0.559,0.319,0.05,0.223,0.235,0.522,0.243,0.212,0.0
Luke Heyman,Available,BOS,South Atlantic League,A+,Yes,22.0,,64.0,7.5,3.8,99.9,101.3,95.6,39.0,81.6,117.0,101.0,93.3,97.5,103.5,70.8,240.0,58.0,14.0,35.0,45.0,0.0,0.0,0.242,0.337,0.463,0.799,0.272,0.122,0.24,0.19,0.374,0.437,0.158,0.184
Jayson Bass,Available,MIN,Midwest League,A+,Yes,20.0,,20.0,4.2,3.8,110.2,56.5,24.2,78.3,65.0,132.2,41.0,93.3,84.9,105.2,15.0,76.0,14.0,3.0,7.0,6.0,3.0,1.0,0.184,0.244,0.303,0.547,0.244,0.049,0.341,0.146,0.521,0.333,0.313,0.188
Juan Ortuno,Available,MIL,Midwest League,A+,Yes,19.0,,6.0,10.8,3.7,116.0,146.7,83.3,125.6,24.9,87.9,79.0,93.0,73.6,107.8,7.5,22.0,4.0,1.0,3.0,5.0,4.0,0.0,0.182,0.321,0.364,0.685,0.176,0.071,0.179,0.056,0.5,0.444,0.25,0.125
Dariel Ramon,Available,TOR,Northwest League,A+,Yes,20.0,,16.0,5.0,3.0,112.2,70.5,120.6,175.7,24.5,0.0,54.0,93.0,69.4,100.7,15.0,48.0,8.0,0.0,8.0,6.0,2.0,0.0,0.167,0.293,0.25,0.543,0.222,0.138,0.224,0.056,0.528,0.417,0.333,0.0
Braden Holcomb,Available,CHW,South Atlantic League,A+,Yes,21.0,,2.0,10.0,4.0,104.6,134.2,54.7,46.1,85.9,100.0,66.0,92.9,92.6,129.1,1.0,8.0,2.0,0.0,2.0,3.0,0.0,0.0,0.25,0.333,0.25,0.583,0.4,0.111,0.333,0.2,0.6,0.2,1.0,0.0
Cameron Nickens,Available,STL,Midwest League,A+,Yes,22.0,,42.0,5.1,3.4,100.2,68.5,48.5,65.5,85.0,112.5,66.0,92.8,92.8,111.8,25.0,143.0,31.0,4.0,20.0,20.0,3.0,3.0,0.217,0.299,0.343,0.641,0.303,0.098,0.323,0.191,0.528,0.281,0.08,0.16
Adrian Rodriguez,Available,ARI,Northwest League,A+,Yes,22.0,,44.0,4.2,3.0,102.0,59.6,103.9,90.9,74.8,30.2,36.0,92.7,87.8,91.5,43.6,130.0,24.0,2.0,16.0,15.0,4.0,2.0,0.185,0.257,0.262,0.518,0.212,0.086,0.185,0.171,0.41,0.419,0.318,0.045
Luis Sanchez,Available,ATL,South Atlantic League,A+,Yes,22.0,,11.0,2.9,3.1,99.9,39.1,41.3,46.1,125.4,0.0,41.0,92.5,95.2,94.1,9.4,34.0,6.0,0.0,5.0,2.0,0.0,0.0,0.176,0.256,0.235,0.492,0.24,0.05,0.25,0.292,0.333,0.375,0.333,0.0
Luis De La Cruz,Available,CLE,Midwest League,A+,Yes,19.0,,14.0,6.4,4.1,116.0,86.6,47.3,40.0,81.0,44.3,88.0,92.5,84.7,116.7,16.0,57.0,16.0,1.0,5.0,9.0,0.0,2.0,0.281,0.311,0.439,0.75,0.341,0.049,0.213,0.182,0.455,0.364,0.313,0.063
Jack Brannigan,Available,PIT,South Atlantic League,A+,No,25.0,,4.0,9.1,3.5,87.9,122.5,50.7,19.5,85.9,254.4,196.0,92.3,106.9,56.9,4.0,14.0,5.0,2.0,3.0,2.0,0.0,0.0,0.357,0.438,0.786,1.223,0.375,0.063,0.25,0.2,0.3,0.5,0.0,0.4
Jhostynxon Garcia,Available,PIT,South Atlantic League,A+,No,23.0,,3.0,1.0,3.7,95.5,13.4,43.1,1.8,122.8,100.0,15.0,92.3,104.1,125.4,0.0,11.0,2.0,0.0,0.0,0.0,0.0,0.0,0.182,0.25,0.182,0.432,0.286,0.083,0.333,0.286,0.714,0.0,0.0,0.0
Raider Tello,Available,PHI,South Atlantic League,A+,No,25.0,,36.0,5.8,3.7,87.9,77.8,73.7,65.6,116.3,45.2,91.0,92.1,100.2,56.4,14.2,134.0,38.0,1.0,22.0,15.0,1.0,0.0,0.284,0.349,0.351,0.7,0.381,0.093,0.247,0.271,0.583,0.146,0.071,0.071
Dallas Macias,Available,ATL,South Atlantic League,A+,Yes,22.0,,28.0,6.4,3.7,99.9,85.8,95.8,56.7,80.7,72.5,60.0,92.0,93.0,102.6,34.2,103.0,21.0,4.0,13.0,18.0,1.0,1.0,0.204,0.259,0.35,0.608,0.205,0.062,0.15,0.188,0.4,0.412,0.429,0.114
Nathan Humphreys,Available,PHI,South Atlantic League,A+,Yes,23.0,,28.0,4.2,3.2,95.5,56.1,103.2,83.3,83.3,45.2,63.0,92.0,92.1,116.9,27.6,91.0,16.0,2.0,9.0,8.0,2.0,2.0,0.176,0.292,0.297,0.589,0.212,0.113,0.217,0.194,0.388,0.418,0.107,0.071
Maikol Hernández,Available,BAL,South Atlantic League,A+,No,22.0,,20.0,3.2,3.0,99.9,43.0,62.9,69.1,94.4,42.6,14.0,91.9,91.1,117.5,14.6,61.0,8.0,1.0,5.0,7.0,1.0,0.0,0.131,0.221,0.197,0.417,0.175,0.101,0.29,0.22,0.415,0.366,0.333,0.067
Kendrey Maduro,Available,LAA,Northwest League,A+,Yes,22.0,,28.0,7.4,4.1,102.0,104.1,29.7,86.8,86.6,70.4,123.0,91.9,87.1,106.1,36.7,115.0,36.0,4.0,17.0,16.0,0.0,0.0,0.313,0.341,0.522,0.863,0.386,0.032,0.242,0.198,0.36,0.442,0.158,0.105
Daniel Rogers,Available,SF,Northwest League,A+,Yes,24.0,,35.0,4.5,3.3,93.5,63.7,64.5,36.3,115.4,55.7,84.0,91.8,99.8,125.3,23.6,116.0,27.0,2.0,18.0,11.0,0.0,0.0,0.233,0.333,0.345,0.678,0.352,0.13,0.333,0.264,0.403,0.333,0.125,0.083
Hans Montero,Available,NYY,South Atlantic League,A+,Yes,22.0,,17.0,6.6,3.1,99.9,89.2,104.1,85.1,65.3,70.6,120.0,91.7,88.4,96.7,8.7,52.0,14.0,1.0,6.0,5.0,7.0,1.0,0.269,0.424,0.346,0.77,0.406,0.197,0.288,0.152,0.576,0.273,0.222,0.111
Angel Mateo,Available,TB,South Atlantic League,A+,Yes,21.0,,32.0,5.3,3.4,104.6,71.7,55.1,88.6,79.0,38.8,48.0,91.6,84.4,111.2,33.9,110.0,22.0,2.0,13.0,17.0,4.0,1.0,0.2,0.262,0.309,0.571,0.256,0.074,0.262,0.184,0.382,0.434,0.364,0.061
Jorgelys Mota,Available,WSH,South Atlantic League,A+,Yes,21.0,,24.0,5.4,3.0,104.6,72.4,69.1,117.0,73.4,0.0,81.0,91.6,80.4,83.8,4.2,71.0,15.0,0.0,11.0,5.0,10.0,1.0,0.211,0.364,0.239,0.603,0.349,0.136,0.318,0.171,0.732,0.098,0.5,0.0
Kevin Villavicencio,Available,NYM,South Atlantic League,A+,No,22.0,,22.0,5.7,3.2,99.9,76.9,27.8,163.1,56.7,79.5,48.0,91.6,77.4,81.4,23.1,70.0,13.0,3.0,8.0,10.0,5.0,0.0,0.186,0.208,0.386,0.594,0.196,0.027,0.219,0.132,0.415,0.453,0.333,0.125
Alex Stone,Available,TOR,Northwest League,A+,No,24.0,,12.0,6.2,3.8,93.5,87.6,36.5,40.4,106.3,112.0,79.0,91.5,98.7,114.2,12.0,46.0,11.0,2.0,6.0,6.0,0.0,0.0,0.239,0.271,0.435,0.706,0.243,0.021,0.146,0.243,0.432,0.324,0.25,0.167
Ty Head,Available,BAL,South Atlantic League,A+,Yes,21.0,,6.0,6.9,3.0,104.6,92.9,69.1,104.6,78.1,0.0,88.0,91.5,82.0,98.2,2.0,18.0,5.0,0.0,2.0,1.0,4.0,0.0,0.278,0.381,0.278,0.659,0.455,0.136,0.318,0.182,0.636,0.182,0.0,0.0
Cannon Peebles,Available,CLE,Midwest League,A+,Yes,22.0,,24.0,7.2,3.0,100.2,98.2,128.2,23.7,70.8,100.6,150.0,91.2,96.0,101.3,26.1,73.0,17.0,4.0,16.0,10.0,0.0,0.0,0.233,0.462,0.466,0.927,0.317,0.269,0.269,0.159,0.205,0.636,0.393,0.143
Antonio Jimenez,Available,NYM,South Atlantic League,A+,Yes,22.0,,54.0,3.8,3.5,99.9,51.6,68.8,120.5,67.0,47.7,52.0,91.2,82.7,107.6,52.9,187.0,30.0,4.0,23.0,8.0,8.0,4.0,0.16,0.269,0.273,0.541,0.213,0.111,0.287,0.156,0.41,0.434,0.453,0.075
Daniel Guilarte,Available,MIL,Midwest League,A+,No,22.0,,33.0,5.1,3.3,100.2,68.9,50.3,152.9,62.8,31.7,49.0,91.0,77.5,102.7,22.4,109.0,20.0,1.0,13.0,12.0,9.0,1.0,0.183,0.286,0.275,0.561,0.292,0.119,0.349,0.141,0.516,0.344,0.0,0.045
Dante Nori,Available,PHI,South Atlantic League,A+,No,21.0,,4.0,1.2,4.0,104.6,16.8,121.5,1.8,99.2,0.0,-15.0,90.9,95.4,111.0,5.4,16.0,2.0,0.0,0.0,0.0,0.0,0.0,0.125,0.176,0.125,0.301,0.143,0.059,0.118,0.231,0.385,0.385,0.6,0.0
Edward Duran,Available,TOR,Northwest League,A+,No,22.0,,44.0,4.8,3.8,102.0,67.5,53.6,82.8,86.1,30.2,60.0,90.9,85.9,93.6,44.3,169.0,39.0,2.0,19.0,18.0,0.0,1.0,0.231,0.276,0.331,0.608,0.278,0.044,0.193,0.197,0.47,0.333,0.455,0.045
Parker Coddou,Available,COL,Northwest League,A+,No,24.0,,5.0,10.4,3.4,93.5,145.8,130.5,151.4,27.5,112.0,42.0,90.9,82.3,106.8,5.6,17.0,3.0,1.0,6.0,3.0,3.0,0.0,0.176,0.25,0.353,0.603,0.133,0.05,0.1,0.063,0.563,0.375,0.167,0.167
Jose D. Hernandez,Not in Fantrax,LAD,Midwest League,A+,Yes,23.0,,35.0,5.3,3.1,95.9,71.8,140.5,61.9,72.6,47.1,89.0,90.8,92.9,87.8,43.4,108.0,26.0,3.0,18.0,12.0,2.0,2.0,0.241,0.344,0.361,0.705,0.277,0.128,0.176,0.163,0.314,0.523,0.4,0.067
Geuri Lubo,Available,CHC,Midwest League,A+,Yes,22.0,,19.0,4.2,3.3,100.2,56.3,24.4,71.0,68.6,156.1,33.0,90.7,88.4,98.0,8.8,63.0,12.0,2.0,6.0,9.0,1.0,0.0,0.19,0.229,0.317,0.546,0.263,0.057,0.371,0.154,0.615,0.231,0.222,0.222
Juan Castillo,Available,COL,Northwest League,A+,Yes,23.0,,49.0,3.5,3.4,97.5,48.9,39.2,64.6,99.7,46.3,39.0,90.2,90.5,110.7,29.6,168.0,36.0,2.0,18.0,16.0,0.0,1.0,0.214,0.277,0.28,0.556,0.33,0.079,0.351,0.228,0.485,0.287,0.241,0.069
Sam Biller,Available,NYM,South Atlantic League,A+,No,23.0,,47.0,3.3,2.9,95.5,44.7,56.1,120.5,85.9,0.0,70.0,89.8,83.2,107.7,26.3,135.0,26.0,0.0,15.0,7.0,7.0,4.0,0.193,0.317,0.274,0.591,0.329,0.13,0.354,0.2,0.467,0.333,0.36,0.0
Luis Hernandez,Third Degree Burnes (MINORS),MIN,Midwest League,A+,No,23.0,,26.0,2.8,2.7,95.9,38.3,77.7,101.9,85.0,0.0,67.0,89.7,85.4,82.2,24.0,70.0,12.0,0.0,6.0,4.0,1.0,0.0,0.171,0.337,0.229,0.566,0.255,0.122,0.267,0.191,0.298,0.511,0.375,0.0
Santiago Gomez,Available,NYY,South Atlantic League,A+,No,22.0,,9.0,1.1,2.1,99.9,14.9,38.7,33.7,117.2,0.0,41.0,89.6,92.1,95.0,3.0,19.0,4.0,0.0,1.0,1.0,0.0,1.0,0.211,0.286,0.211,0.496,0.364,0.095,0.381,0.273,0.455,0.273,0.667,0.0
Carlos Sanchez,Available,MIA,Midwest League,A+,Yes,21.0,,35.0,5.0,3.3,105.0,67.9,75.4,61.9,56.5,97.8,55.0,89.6,84.6,108.5,33.7,116.0,18.0,5.0,16.0,16.0,1.0,0.0,0.155,0.268,0.319,0.587,0.176,0.138,0.29,0.127,0.418,0.456,0.139,0.139
Casey Cook,Available,TEX,South Atlantic League,A+,Yes,23.0,,41.0,5.0,3.6,95.5,67.0,56.2,129.4,63.1,67.4,56.0,89.6,81.7,106.1,46.5,149.0,23.0,5.0,24.0,13.0,4.0,0.0,0.154,0.281,0.295,0.576,0.191,0.09,0.292,0.147,0.358,0.495,0.255,0.106
Cristhian Vaquero,Available,WSH,South Atlantic League,A+,Yes,21.0,,18.0,3.5,2.7,104.6,47.4,67.2,115.2,65.3,0.0,53.0,89.6,77.3,96.6,15.0,48.0,11.0,0.0,8.0,1.0,4.0,0.0,0.229,0.309,0.229,0.538,0.333,0.107,0.286,0.152,0.394,0.455,0.4,0.0
Adrian Placencia,Available,LAA,Northwest League,A+,Yes,23.0,,52.0,5.2,2.9,97.5,72.9,88.9,64.6,59.5,120.0,97.0,89.5,89.3,134.4,36.1,150.0,22.0,7.0,24.0,21.0,3.0,1.0,0.147,0.361,0.313,0.675,0.2,0.233,0.342,0.136,0.383,0.481,0.282,0.179
Henry Kusiak,Available,MIN,Midwest League,A+,No,25.0,,25.0,5.7,3.3,88.2,77.7,44.8,45.5,107.3,91.4,89.0,89.3,98.1,100.1,22.2,82.0,19.0,3.0,14.0,13.0,0.0,0.0,0.232,0.3,0.451,0.751,0.308,0.078,0.3,0.241,0.333,0.426,0.348,0.13
Richard Ramirez,Available,PIT,South Atlantic League,A+,Yes,20.0,,8.0,3.7,4.1,109.9,49.5,32.3,7.1,89.3,70.6,37.0,89.3,88.4,100.3,9.4,33.0,7.0,1.0,2.0,2.0,0.0,0.0,0.212,0.235,0.333,0.569,0.24,0.029,0.206,0.208,0.417,0.375,0.333,0.111
Brandon Butterworth,Available,BAL,South Atlantic League,A+,No,23.0,,3.0,8.7,3.7,95.5,116.3,31.8,132.9,85.9,0.0,107.0,89.1,80.4,120.2,1.2,11.0,3.0,0.0,2.0,0.0,3.0,0.0,0.273,0.385,0.364,0.748,0.5,0.077,0.385,0.2,0.6,0.2,0.0,0.0
Juan Sulbaran,Available,TEX,South Atlantic League,A+,Yes,20.0,,3.0,5.5,3.0,109.9,73.8,121.1,46.1,61.4,0.0,76.0,88.9,82.3,104.5,2.0,9.0,2.0,0.0,2.0,1.0,0.0,0.0,0.222,0.333,0.333,0.667,0.286,0.154,0.231,0.143,0.571,0.286,0.5,0.0
Alberto Hernandez,Available,HOU,South Atlantic League,A+,No,22.0,,10.0,7.4,4.0,99.9,99.3,24.8,117.0,71.7,49.0,70.0,88.9,79.3,108.1,13.0,40.0,10.0,1.0,8.0,7.0,0.0,1.0,0.25,0.268,0.475,0.743,0.3,0.024,0.22,0.167,0.4,0.433,0.154,0.077
Carlos Franco,Available,ATH,Midwest League,A+,Yes,23.0,,42.0,5.3,3.3,95.9,71.4,175.8,49.1,57.4,39.4,35.0,88.6,91.0,144.4,53.6,139.0,24.0,3.0,14.0,23.0,1.0,0.0,0.173,0.276,0.281,0.557,0.183,0.129,0.147,0.129,0.405,0.466,0.37,0.056
Nick Monistere,Available,HOU,South Atlantic League,A+,Yes,22.0,,26.0,2.9,3.6,99.9,39.0,33.3,108.1,75.6,31.8,-14.0,88.6,80.0,98.3,19.6,94.0,10.0,1.0,9.0,7.0,4.0,0.0,0.106,0.198,0.16,0.358,0.18,0.093,0.411,0.176,0.431,0.392,0.3,0.05
Ricardo Pena,Available,MIN,Midwest League,A+,Yes,21.0,,6.0,1.1,3.2,105.0,14.7,52.0,29.1,98.9,0.0,7.0,88.4,87.3,98.5,3.0,19.0,1.0,0.0,2.0,0.0,0.0,0.0,0.053,0.25,0.053,0.303,0.111,0.208,0.417,0.222,0.444,0.333,0.333,0.0
Keduar Trujillo,Available,HOU,South Atlantic League,A+,Yes,22.0,,14.0,3.9,2.5,99.9,52.7,92.8,67.3,61.4,63.6,54.0,88.2,85.0,46.8,9.5,35.0,5.0,1.0,4.0,5.0,1.0,0.0,0.143,0.333,0.229,0.562,0.2,0.2,0.311,0.143,0.381,0.476,0.2,0.1
Dalton McIntyre,Available,ATL,South Atlantic League,A+,No,22.0,,18.0,5.1,3.0,99.9,69.0,109.4,76.2,60.1,35.6,74.0,88.2,83.9,104.1,18.0,54.0,13.0,1.0,8.0,8.0,1.0,0.0,0.241,0.312,0.315,0.627,0.279,0.109,0.203,0.14,0.442,0.419,0.056,0.056
Christian Martin,Not in Fantrax,STL,Midwest League,A+,Yes,23.0,,31.0,4.8,3.2,95.9,64.6,64.8,101.9,82.4,0.0,73.0,88.2,83.0,112.4,25.0,100.0,23.0,0.0,19.0,6.0,6.0,3.0,0.23,0.342,0.28,0.622,0.354,0.119,0.297,0.185,0.431,0.385,0.24,0.0
Wyatt Hoffman,Available,SD,Midwest League,A+,No,27.0,,4.0,3.1,3.2,81.7,42.3,83.3,83.7,111.3,0.0,37.0,88.1,95.2,104.3,3.4,13.0,2.0,0.0,2.0,1.0,0.0,1.0,0.154,0.267,0.231,0.497,0.222,0.133,0.267,0.25,0.375,0.375,0.0,0.0
Riley Nelson,Available,CLE,Midwest League,A+,Yes,22.0,,15.0,4.0,3.5,100.2,54.6,99.5,32.8,89.1,0.0,33.0,88.0,89.4,108.7,20.0,53.0,7.0,0.0,7.0,5.0,0.0,0.0,0.132,0.292,0.17,0.462,0.2,0.185,0.277,0.2,0.229,0.571,0.3,0.0
J.D. Gonzalez,Available,TB,South Atlantic League,A+,Yes,20.0,,27.0,4.7,3.2,109.9,62.9,48.3,78.0,46.8,75.1,56.0,87.8,75.9,91.0,16.4,86.0,18.0,2.0,10.0,12.0,2.0,0.0,0.209,0.281,0.314,0.595,0.302,0.092,0.327,0.109,0.582,0.309,0.118,0.118
Noah Myers,Available,TB,South Atlantic League,A+,No,26.0,,30.0,7.7,3.4,84.5,102.7,102.5,95.7,85.9,24.2,97.0,87.7,90.9,95.6,26.3,101.0,27.0,1.0,17.0,20.0,6.0,2.0,0.267,0.366,0.366,0.732,0.321,0.089,0.185,0.2,0.475,0.325,0.231,0.038
Gavin Turley,Available,ATH,Midwest League,A+,Yes,22.0,,8.0,1.4,3.4,100.2,18.6,24.7,87.4,89.1,0.0,-17.0,87.4,80.7,96.8,1.0,27.0,3.0,0.0,2.0,1.0,1.0,1.0,0.111,0.2,0.148,0.348,0.2,0.067,0.4,0.2,0.733,0.067,0.0,0.0
John Peck,Available,DET,Midwest League,A+,No,23.0,,3.0,1.8,2.7,95.9,24.8,97.1,47.3,89.1,0.0,43.0,87.3,89.1,59.4,3.6,8.0,1.0,0.0,1.0,0.0,0.0,0.0,0.125,0.3,0.125,0.425,0.167,0.1,0.2,0.2,0.2,0.6,0.0,0.0
Nolan McCarthy,Available,DET,Midwest League,A+,Yes,24.0,,24.0,6.3,3.2,91.9,85.2,85.1,81.9,68.1,64.0,90.0,87.0,86.5,112.7,22.0,78.0,20.0,2.0,11.0,14.0,2.0,0.0,0.256,0.33,0.385,0.714,0.305,0.099,0.22,0.153,0.475,0.373,0.182,0.091
Brayden Smith,Available,STL,South Atlantic League,A+,Yes,22.0,,1.0,8.0,3.0,99.9,107.4,147.6,132.9,0.0,100.0,3.0,86.8,73.6,104.8,0.0,3.0,0.0,0.0,1.0,0.0,1.0,0.0,0.0,0.25,0.0,0.25,0.0,0.25,0.25,0.0,1.0,0.0,0.0,0.0
Alirio Ferrebus,Available,PHI,South Atlantic League,A+,Yes,20.0,,5.0,2.6,3.8,109.9,34.9,126.5,106.3,25.3,0.0,-11.0,86.8,70.4,100.1,4.0,19.0,2.0,0.0,1.0,0.0,1.0,0.0,0.105,0.19,0.105,0.296,0.118,0.048,0.095,0.059,0.706,0.235,0.25,0.0
Hunter Hines,Available,WSH,South Atlantic League,A+,Yes,23.0,,32.0,5.1,3.7,95.5,68.8,34.3,49.6,85.9,77.0,49.0,86.7,88.0,96.3,32.1,118.0,22.0,4.0,15.0,20.0,0.0,1.0,0.186,0.242,0.339,0.581,0.247,0.063,0.328,0.2,0.36,0.44,0.212,0.121
Matt Scannell,Available,ATL,Northwest League,A+,No,24.0,,46.0,4.2,2.7,93.5,58.5,87.8,78.7,62.5,70.4,79.0,86.7,85.5,102.7,18.7,124.0,20.0,2.0,22.0,12.0,5.0,5.0,0.161,0.348,0.258,0.606,0.261,0.211,0.335,0.143,0.586,0.271,0.368,0.105
Junior Tilien,Available,ATL,Midwest League,A+,Yes,23.0,,49.0,4.0,3.6,95.9,53.6,77.7,32.8,91.7,17.6,47.0,86.2,89.4,96.4,40.0,174.0,34.0,1.0,19.0,16.0,0.0,0.0,0.195,0.271,0.264,0.535,0.252,0.089,0.219,0.206,0.489,0.305,0.275,0.025
Enderson Delgado,Available,DET,Midwest League,A+,Yes,21.0,,6.0,4.2,3.7,105.0,57.5,25.9,111.0,63.7,0.0,20.0,86.2,72.0,92.9,4.3,22.0,4.0,0.0,2.0,3.0,1.0,0.0,0.182,0.217,0.227,0.445,0.267,0.043,0.304,0.143,0.571,0.286,0.75,0.0
Dylan Grego,Available,SD,Midwest League,A+,No,22.0,,44.0,3.3,3.1,100.2,44.2,41.3,76.4,76.6,19.0,26.0,86.1,80.1,89.8,37.0,135.0,22.0,1.0,12.0,15.0,1.0,2.0,0.163,0.233,0.252,0.485,0.241,0.077,0.316,0.172,0.402,0.425,0.27,0.027
Jack Moroknek,Available,WSH,South Atlantic League,A+,Yes,23.0,,41.0,3.5,3.5,95.5,46.5,49.5,60.3,66.5,98.0,31.0,85.8,85.1,107.1,25.1,142.0,20.0,4.0,12.0,14.0,2.0,0.0,0.141,0.237,0.239,0.477,0.198,0.113,0.356,0.155,0.536,0.31,0.154,0.154
Jose Perez,Available,TBR,South Atlantic League,A+,Yes,22.0,,22.0,2.3,3.0,99.9,31.1,79.7,46.1,79.8,0.0,16.0,85.7,83.9,105.1,16.4,67.0,8.0,0.0,11.0,2.0,0.0,0.0,0.119,0.244,0.149,0.393,0.182,0.141,0.295,0.186,0.442,0.372,0.125,0.0
Dario Laverde,Available,LAA,Northwest League,A+,Yes,21.0,,2.0,1.5,1.5,106.8,21.0,245.7,2.0,0.0,100.0,75.0,85.5,85.0,137.0,1.0,3.0,0.0,0.0,0.0,0.0,0.0,0.0,0.0,0.4,0.0,0.4,0.0,0.4,0.2,0.0,0.5,0.5,0.0,0.0
Bryce Eblin,Available,CHW,South Atlantic League,A+,Yes,24.0,,43.0,5.6,3.0,91.6,74.6,82.9,109.9,51.9,59.8,81.0,85.4,80.2,101.5,31.3,129.0,26.0,3.0,25.0,20.0,3.0,2.0,0.202,0.327,0.333,0.66,0.258,0.108,0.248,0.121,0.527,0.352,0.094,0.094
Cal Stark,Available,TEX,South Atlantic League,A+,Yes,23.0,,41.0,2.5,3.1,95.5,33.1,24.2,46.1,80.7,87.8,8.0,85.2,86.1,84.9,27.7,127.0,14.0,4.0,9.0,14.0,1.0,1.0,0.11,0.191,0.22,0.412,0.152,0.063,0.408,0.188,0.391,0.42,0.276,0.138
Arxy Hernandez,Available,CHW,South Atlantic League,A+,Yes,22.0,,51.0,5.9,3.7,99.9,78.6,61.8,28.4,72.1,64.2,89.0,85.0,85.2,94.6,65.5,190.0,47.0,7.0,26.0,25.0,0.0,0.0,0.247,0.318,0.405,0.723,0.308,0.08,0.255,0.168,0.328,0.504,0.203,0.101
Victor Izturis,Available,CLE,Midwest League,A+,Yes,21.0,,6.0,2.2,3.3,105.0,29.3,54.3,47.3,74.4,0.0,29.0,85.0,79.0,96.8,3.0,20.0,3.0,0.0,3.0,0.0,0.0,0.0,0.15,0.261,0.2,0.461,0.25,0.13,0.348,0.167,0.583,0.25,0.333,0.0
Eddie Park,Available,CHW,South Atlantic League,A+,No,24.0,,8.0,5.8,3.5,91.6,77.2,104.7,60.3,78.1,0.0,118.0,84.8,86.2,84.9,4.0,28.0,9.0,0.0,1.0,3.0,1.0,0.0,0.321,0.387,0.429,0.816,0.409,0.097,0.194,0.182,0.636,0.182,0.0,0.0
Esmith Pineda,Available,CIN,Midwest League,A+,Yes,21.0,,62.0,3.2,3.1,105.0,43.9,41.6,40.0,68.1,45.0,40.0,84.8,79.7,125.9,46.6,195.0,38.0,3.0,23.0,18.0,0.0,1.0,0.195,0.267,0.267,0.534,0.285,0.083,0.326,0.153,0.468,0.379,0.255,0.064
Chase Meggers,Available,NYM,South Atlantic League,A+,Yes,23.0,,20.0,4.9,3.1,95.5,65.4,138.9,42.5,65.3,0.0,108.0,84.7,85.7,97.7,18.0,62.0,16.0,0.0,10.0,6.0,0.0,1.0,0.258,0.387,0.339,0.725,0.348,0.16,0.213,0.152,0.457,0.391,0.278,0.0
Heriberto Caraballo,Available,STL,Midwest League,A+,Yes,21.0,,3.0,0.0,3.7,105.0,0.0,0.0,47.3,89.1,0.0,-45.0,84.3,77.8,98.5,3.0,11.0,1.0,0.0,1.0,0.0,0.0,0.0,0.091,0.091,0.182,0.273,0.2,0.0,0.545,0.2,0.2,0.6,0.333,0.0
Narbe Cruz,Available,HOU,South Atlantic League,A+,Yes,25.0,,18.0,4.4,3.3,87.9,58.5,56.7,47.9,85.9,63.6,83.0,84.1,89.4,59.1,10.0,60.0,17.0,1.0,9.0,4.0,0.0,1.0,0.283,0.353,0.383,0.736,0.356,0.059,0.221,0.2,0.578,0.222,0.1,0.1
Tanner Smith,Available,ATL,South Atlantic League,A+,Yes,23.0,,10.0,3.9,3.4,95.5,51.7,18.5,46.1,42.9,211.8,57.0,84.0,84.1,102.4,4.8,34.0,4.0,2.0,6.0,4.0,0.0,0.0,0.118,0.25,0.324,0.574,0.25,0.15,0.6,0.1,0.3,0.6,0.167,0.333
Caleb Shpur,Available,DET,Midwest League,A+,Yes,24.0,,51.0,3.6,2.9,91.9,49.4,72.3,76.4,69.9,29.5,58.0,84.0,82.4,78.8,23.7,149.0,30.0,1.0,13.0,9.0,11.0,6.0,0.201,0.304,0.242,0.546,0.287,0.116,0.272,0.157,0.608,0.235,0.292,0.042
Manolfi Jimenez,Available,PHI,South Atlantic League,A+,Yes,21.0,,14.0,1.5,3.2,104.6,20.6,0.0,46.1,88.9,0.0,-22.0,84.0,77.7,86.1,12.0,45.0,6.0,0.0,3.0,4.0,0.0,0.0,0.133,0.149,0.156,0.304,0.207,0.0,0.362,0.207,0.379,0.414,0.417,0.0
Larry Martinez,Available,TB,South Atlantic League,A+,Yes,20.0,,20.0,3.1,3.4,109.9,42.0,10.6,30.1,71.7,35.6,27.0,84.0,76.4,99.8,18.0,68.0,14.0,1.0,6.0,5.0,0.0,0.0,0.206,0.225,0.279,0.505,0.271,0.014,0.27,0.167,0.458,0.375,0.167,0.056
Hemmanuel Rosario,Available,HOU,South Atlantic League,A+,No,25.0,,6.0,8.5,3.7,87.9,114.1,0.0,19.5,80.7,181.9,86.0,83.5,92.3,123.8,6.6,22.0,6.0,2.0,3.0,6.0,0.0,0.0,0.273,0.273,0.545,0.818,0.267,0.0,0.227,0.188,0.375,0.438,0.429,0.286
Hector Salas,Available,HOU,South Atlantic League,A+,No,22.0,,8.0,3.1,3.1,99.9,42.0,21.1,113.4,61.4,0.0,-20.0,83.4,70.6,88.5,4.6,25.0,4.0,0.0,5.0,1.0,1.0,0.0,0.16,0.192,0.16,0.352,0.25,0.036,0.321,0.143,0.571,0.286,0.25,0.0
Aaron Graeber,Available,LAA,Northwest League,A+,Yes,23.0,,42.0,2.8,3.5,97.5,38.7,15.9,40.4,65.6,112.0,30.0,83.2,82.2,91.2,23.4,145.0,26.0,4.0,15.0,11.0,0.0,0.0,0.179,0.212,0.29,0.502,0.282,0.04,0.417,0.15,0.55,0.3,0.167,0.167
Brandon Crabtree,Available,TEX,South Atlantic League,A+,Yes,22.0,,6.0,5.1,3.3,99.9,68.2,100.0,90.4,42.9,0.0,64.0,83.1,73.4,106.1,4.0,20.0,4.0,0.0,4.0,1.0,0.0,0.0,0.2,0.304,0.3,0.604,0.2,0.087,0.0,0.1,0.7,0.2,0.5,0.0
Juanfel Peguero,Available,TB,South Atlantic League,A+,Yes,21.0,,25.0,2.8,2.8,104.6,37.9,44.2,117.0,39.9,0.0,9.0,82.8,65.9,102.8,10.0,71.0,10.0,0.0,11.0,7.0,1.0,1.0,0.141,0.225,0.169,0.394,0.233,0.099,0.358,0.093,0.674,0.233,0.4,0.0
Conner Westenburg,Available,SD,Midwest League,A+,Yes,22.0,,23.0,2.7,2.9,100.2,37.1,37.8,121.9,45.9,0.0,43.0,82.2,67.2,83.9,10.5,67.0,12.0,0.0,6.0,2.0,3.0,3.0,0.179,0.267,0.269,0.535,0.293,0.077,0.333,0.103,0.641,0.256,0.5,0.0
Gabriel Flores,Not in Fantrax,PHI,South Atlantic League,A+,No,18.0,,1.0,0.0,3.0,122.1,0.0,100.0,1.8,0.0,100.0,-100.0,81.7,68.0,68.0,0.0,3.0,0.0,0.0,0.0,0.0,0.0,0.0,0.0,0.0,0.0,0.0,0.0,0.0,0.0,0.0,1.0,0.0,0.0,0.0
Malvin Fernandez,Available,ATL,South Atlantic League,A+,Yes,17.0,,4.0,0.5,3.0,129.3,6.7,84.3,46.1,0.0,0.0,-39.0,81.6,56.6,56.4,2.0,12.0,0.0,0.0,1.0,0.0,0.0,0.0,0.0,0.143,0.0,0.143,0.0,0.143,0.286,0.0,0.75,0.25,0.5,0.0
Luke Scherrer,Available,PIT,South Atlantic League,A+,Yes,21.0,,2.0,2.5,1.0,104.6,33.6,147.6,46.1,0.0,100.0,112.0,81.5,73.6,93.7,1.0,2.0,0.0,0.0,1.0,0.0,0.0,0.0,0.0,0.5,0.0,0.5,0.0,0.5,0.25,0.0,0.0,1.0,1.0,0.0
Michael Carico,Available,CHC,Midwest League,A+,Yes,23.0,,24.0,4.7,3.0,95.9,64.0,91.9,69.2,43.6,31.7,90.0,81.1,75.7,107.9,21.5,73.0,12.0,1.0,10.0,6.0,2.0,0.0,0.164,0.384,0.26,0.644,0.275,0.253,0.323,0.098,0.366,0.537,0.273,0.045
Bryan Arendt,Available,ATH,Midwest League,A+,Yes,23.0,,31.0,4.4,3.5,95.9,59.2,63.5,54.6,54.3,44.3,25.0,80.8,77.3,93.7,31.5,109.0,18.0,2.0,9.0,15.0,2.0,1.0,0.165,0.264,0.248,0.512,0.219,0.104,0.28,0.122,0.446,0.432,0.375,0.063
Luis Parababire,Available,ATL,South Atlantic League,A+,Yes,20.0,,1.0,3.0,2.0,109.9,40.3,98.6,46.1,0.0,100.0,48.0,80.3,67.9,109.8,0.0,2.0,0.0,0.0,1.0,0.0,0.0,0.0,0.0,0.333,0.0,0.333,0.0,0.333,0.333,0.0,1.0,0.0,0.0,0.0
Raimundo De Los Santos,Available,TOR,Northwest League,A+,No,21.0,,6.0,2.8,3.5,106.8,39.7,59.4,32.3,51.6,0.0,65.0,80.1,71.7,96.3,7.0,21.0,6.0,0.0,1.0,1.0,0.0,1.0,0.286,0.318,0.286,0.604,0.353,0.045,0.182,0.118,0.471,0.412,0.143,0.0
Scott Mudler,Available,PHI,South Atlantic League,A+,Yes,23.0,,25.0,3.2,2.9,95.5,42.4,96.5,19.5,66.1,0.0,50.0,79.9,81.0,101.2,15.0,72.0,13.0,0.0,6.0,7.0,0.0,0.0,0.181,0.294,0.222,0.516,0.25,0.129,0.247,0.154,0.558,0.288,0.267,0.0
Gabriel Lara,Available,NYY,South Atlantic League,A+,Yes,20.0,,5.0,2.0,2.4,109.9,26.8,36.9,28.4,53.7,0.0,49.0,79.9,69.8,88.0,2.0,12.0,2.0,0.0,1.0,1.0,0.0,0.0,0.167,0.312,0.167,0.479,0.25,0.063,0.313,0.125,0.625,0.25,0.5,0.0
Caleb Hobson,Available,COL,Northwest League,A+,Yes,24.0,,32.0,3.9,2.5,93.5,54.1,55.2,141.3,31.0,0.0,25.0,79.1,64.0,61.5,12.3,80.0,12.0,0.0,15.0,5.0,10.0,2.0,0.15,0.284,0.163,0.447,0.279,0.144,0.381,0.071,0.643,0.286,0.25,0.0
Pedro León,Available,PHI,South Atlantic League,A+,No,28.0,,6.0,7.9,4.0,78.5,106.3,23.6,138.2,53.7,57.9,111.0,78.4,73.8,108.7,10.3,24.0,6.0,1.0,2.0,4.0,1.0,0.0,0.25,0.28,0.583,0.863,0.333,0.04,0.32,0.125,0.188,0.688,0.455,0.091
Hunter Dobbins,Available,DET,Midwest League,A+,Yes,23.0,,21.0,2.1,3.4,95.9,28.4,29.3,23.7,61.9,54.2,29.0,78.0,76.9,91.9,13.0,72.0,11.0,1.0,6.0,4.0,0.0,0.0,0.153,0.237,0.222,0.46,0.278,0.1,0.438,0.139,0.5,0.361,0.231,0.077
Heriberto Rincon,Available,NYM,South Atlantic League,A+,Yes,20.0,,8.0,3.0,3.8,109.9,40.3,19.0,39.0,45.1,0.0,54.0,77.8,64.7,105.5,5.3,30.0,8.0,0.0,1.0,2.0,1.0,1.0,0.267,0.29,0.267,0.557,0.4,0.032,0.323,0.105,0.632,0.263,0.6,0.0
Chase Heath,Available,STL,Midwest League,A+,No,22.0,,3.0,2.7,3.0,100.2,36.1,256.0,1.8,0.0,0.0,-9.0,77.7,76.6,100.3,4.0,9.0,0.0,0.0,0.0,1.0,0.0,0.0,0.0,0.231,0.0,0.231,0.0,0.231,0.154,0.0,0.5,0.5,0.25,0.0
Cole Mathis,Skrrt vs The World (MINORS),NYM,South Atlantic League,A+,Yes,22.0,,7.0,3.1,3.4,99.9,41.2,82.7,67.3,30.5,0.0,30.0,77.4,67.1,125.1,7.0,24.0,2.0,0.0,1.0,2.0,1.0,0.0,0.083,0.267,0.125,0.392,0.143,0.2,0.333,0.071,0.429,0.5,0.286,0.0
Romeli Espinosa,Available,PHI,South Atlantic League,A+,Yes,18.0,,4.0,2.5,2.8,122.1,33.6,0.0,88.6,0.0,0.0,-6.0,76.3,46.8,98.3,2.3,11.0,2.0,0.0,0.0,1.0,1.0,0.0,0.182,0.182,0.182,0.364,0.286,0.0,0.364,0.0,0.667,0.333,0.0,0.0
Sebastian De Andrade,Available,SEA,Northwest League,A+,Yes,20.0,,2.0,2.0,1.5,112.2,28.0,76.9,2.0,0.0,100.0,110.0,76.0,65.3,99.1,0.0,3.0,0.0,0.0,0.0,0.0,0.0,0.0,0.0,0.5,0.0,0.5,0.0,0.5,0.333,0.0,1.0,0.0,0.0,0.0
Angel Mata,Available,PHI,South Atlantic League,A+,Yes,21.0,,10.0,1.6,2.9,104.6,22.2,50.7,1.8,50.7,0.0,56.0,75.8,70.3,87.2,6.0,29.0,6.0,0.0,0.0,1.0,0.0,0.0,0.207,0.303,0.241,0.544,0.353,0.121,0.364,0.118,0.529,0.353,0.333,0.0
Alexi Quiroz,Available,HOU,South Atlantic League,A+,Yes,19.0,,2.0,6.0,3.5,115.6,80.5,0.0,1.8,0.0,159.0,45.0,75.4,62.0,111.0,3.2,7.0,1.0,1.0,1.0,1.0,0.0,0.0,0.143,0.143,0.571,0.714,0.0,0.0,0.286,0.0,0.2,0.8,0.5,0.25
Austin Machado,Available,ATL,South Atlantic League,A+,No,25.0,,8.0,3.3,2.9,87.9,44.5,55.2,46.1,53.7,0.0,44.0,73.5,71.9,122.8,3.0,23.0,4.0,0.0,5.0,2.0,0.0,0.0,0.174,0.269,0.217,0.487,0.25,0.077,0.269,0.125,0.688,0.188,0.333,0.0
Gavin Dugas,Available,WSN,South Atlantic League,A+,Yes,26.0,,10.0,3.5,2.8,84.5,47.7,23.9,14.2,0.0,318.0,39.0,73.1,78.1,63.2,3.6,28.0,3.0,2.0,3.0,5.0,0.0,0.0,0.107,0.219,0.321,0.54,0.111,0.125,0.531,0.0,0.6,0.4,0.0,0.5
Brent Iredale,Available,PIT,South Atlantic League,A+,Yes,22.0,,1.0,0.0,2.0,99.9,0.0,100.0,1.8,0.0,100.0,-100.0,72.5,68.0,113.5,0.0,2.0,0.0,0.0,0.0,0.0,0.0,0.0,0.0,0.0,0.0,0.0,0.0,0.0,0.0,0.0,1.0,0.0,0.0,0.0
Ryland Zaborowski,Available,LAA,Northwest League,A+,Yes,24.0,,10.0,6.5,3.7,93.5,90.4,50.2,28.3,19.7,95.9,101.0,72.4,68.7,107.1,13.4,37.0,8.0,2.0,5.0,6.0,0.0,0.0,0.216,0.31,0.459,0.769,0.286,0.095,0.333,0.045,0.318,0.636,0.286,0.143
Yolfran Castillo,Je suis Charlie Morton (MINORS),TEX,South Atlantic League,A+,Yes,19.0,,1.0,2.0,5.0,115.6,26.8,0.0,1.8,0.0,100.0,115.0,72.1,56.4,110.6,0.0,5.0,2.0,0.0,0.0,0.0,0.0,0.0,0.4,0.4,0.4,0.8,1.0,0.0,0.6,0.0,1.0,0.0,0.0,0.0
Cade Doughty,Available,ATL,South Atlantic League,A+,No,25.0,,16.0,4.9,3.6,87.9,66.3,52.5,46.1,34.8,37.5,71.0,71.5,68.6,91.2,17.0,58.0,12.0,1.0,10.0,6.0,0.0,0.0,0.207,0.281,0.345,0.626,0.297,0.094,0.313,0.081,0.459,0.459,0.294,0.059
Jack Goodman,Available,DET,Midwest League,A+,No,22.0,,2.0,6.8,4.5,100.2,91.4,0.0,136.5,0.0,0.0,41.0,71.2,46.8,97.5,2.0,9.0,2.0,0.0,1.0,1.0,1.0,0.0,0.222,0.222,0.333,0.556,0.4,0.0,0.444,0.0,0.6,0.4,0.5,0.0
Jonathan Rivero,Available,PIT,South Atlantic League,A+,Yes,20.0,,2.0,0.5,1.0,109.9,6.7,0.0,1.8,0.0,100.0,-100.0,69.6,56.4,102.6,0.0,2.0,0.0,0.0,0.0,0.0,0.0,0.0,0.0,0.0,0.0,0.0,0.0,0.0,0.333,0.0,1.0,0.0,0.0,0.0
AJ Salgado,Available,NYM,South Atlantic League,A+,Yes,24.0,,4.0,1.6,3.2,91.6,21.8,0.0,28.4,47.7,0.0,49.0,68.4,63.4,92.8,3.0,13.0,3.0,0.0,1.0,0.0,0.0,0.0,0.231,0.286,0.231,0.516,0.333,0.0,0.286,0.111,0.556,0.333,0.333,0.0
Ryan Sprock,Available,TOR,Midwest League,A+,Yes,21.0,,2.0,2.0,3.5,105.0,27.1,86.7,1.8,0.0,0.0,-56.0,67.9,56.9,125.9,1.2,7.0,0.0,0.0,0.0,1.0,0.0,0.0,0.0,0.125,0.0,0.125,0.0,0.125,0.25,0.0,0.75,0.25,0.0,0.0
Wady Mendez,Available,TEX,South Atlantic League,A+,Yes,21.0,,2.0,-1.0,1.5,104.6,-13.4,0.0,1.8,0.0,100.0,-100.0,67.5,56.4,104.8,0.0,3.0,0.0,0.0,0.0,0.0,0.0,0.0,0.0,0.0,0.0,0.0,0.0,0.0,0.667,0.0,1.0,0.0,0.0,0.0
Adrian De Leon,Available,ARI,Northwest League,A+,No,22.0,,4.0,2.5,2.8,102.0,35.0,87.7,2.0,0.0,0.0,-45.0,66.8,57.0,92.2,4.0,11.0,0.0,0.0,0.0,2.0,0.0,0.0,0.0,0.154,0.0,0.154,0.0,0.143,0.286,0.0,0.429,0.571,0.25,0.0
Taylor Darden,Available,NYM,South Atlantic League,A+,Yes,26.0,,1.0,2.0,3.0,84.5,26.8,100.0,1.8,0.0,100.0,8.0,66.0,68.0,98.3,0.0,3.0,0.0,0.0,0.0,0.0,0.0,0.0,0.0,0.25,0.0,0.25,0.0,0.25,0.0,0.0,1.0,0.0,0.0,0.0
Ricson Gonzalez,Available,KC,Midwest League,A+,Yes,21.0,,2.0,-0.5,3.0,105.0,-6.8,39.6,1.8,0.0,0.0,-47.0,64.6,51.4,129.2,2.0,6.0,0.0,0.0,0.0,0.0,0.0,0.0,0.0,0.143,0.0,0.143,0.0,0.143,0.429,0.0,0.333,0.667,1.0,0.0
Spencer Packard,Available,SEA,Northwest League,A+,No,28.0,,1.0,2.0,2.0,80.1,28.0,100.0,2.0,0.0,100.0,32.0,64.2,68.0,130.2,0.0,2.0,0.0,0.0,0.0,0.0,0.0,0.0,0.0,0.333,0.0,0.333,0.0,0.333,0.0,0.0,1.0,0.0,0.0,0.0
Jacob Jarrell,Available,ATL,South Atlantic League,A+,Yes,23.0,,1.0,-3.0,4.0,95.5,-40.3,0.0,1.8,0.0,100.0,-100.0,63.7,56.4,94.6,0.0,4.0,0.0,0.0,0.0,0.0,0.0,0.0,0.0,0.0,0.0,0.0,0.0,0.0,0.75,0.0,1.0,0.0,0.0,0.0
Francisco Toledo,Available,NYM,South Atlantic League,A+,Yes,21.0,,1.0,1.5,4.0,104.6,20.1,0.0,1.8,0.0,0.0,35.0,61.7,46.8,82.4,2.0,4.0,1.0,0.0,0.0,0.0,0.0,0.0,0.25,0.25,0.25,0.5,0.333,0.0,0.25,0.0,0.333,0.667,0.0,0.0
Nathan Archer,Available,CHW,South Atlantic League,A+,Yes,23.0,,2.0,1.8,2.0,95.5,23.5,0.0,46.1,0.0,0.0,31.0,61.7,46.8,90.5,2.0,4.0,1.0,0.0,1.0,0.0,0.0,0.0,0.25,0.25,0.25,0.5,0.333,0.0,0.25,0.0,0.333,0.667,0.5,0.0
Brendan Donovan,Je suis Charlie Morton (INJURED_RESERVE),SEA,Northwest League,A+,No,29.0,,5.0,0.8,4.2,77.4,11.2,0.0,2.0,51.6,0.0,-52.0,61.1,64.8,56.4,4.0,21.0,2.0,0.0,0.0,1.0,0.0,0.0,0.095,0.13,0.095,0.226,0.118,0.0,0.217,0.118,0.647,0.235,0.5,0.0
D'Andre Smith,Available,NYM,South Atlantic League,A+,No,25.0,,2.0,1.5,3.0,87.9,20.1,0.0,1.8,0.0,0.0,-47.0,54.7,46.8,108.5,4.0,6.0,0.0,0.0,0.0,1.0,0.0,0.0,0.0,0.125,0.0,0.125,0.0,0.0,0.25,0.0,0.2,0.8,0.0,0.0
Carlos Colmenarez,Available,TB,Southern League,AA,No,22.0,,2.0,10.5,2.5,107.6,152.1,232.2,131.0,430.6,100.0,209.0,128.5,138.0,121.4,0.0,5.0,2.0,0.0,2.0,1.0,1.0,0.0,0.4,0.625,0.4,1.025,0.5,0.125,0.125,1.0,0.0,0.0,0.0,0.0
Stephen Hrustich,Available,DET,Eastern League,AA,Yes,24.0,,6.0,9.2,3.3,98.0,146.8,162.0,111.0,155.1,274.7,148.0,127.6,145.8,106.9,3.0,20.0,6.0,1.0,4.0,3.0,2.0,0.0,0.3,0.417,0.5,0.917,0.357,0.167,0.208,0.357,0.429,0.214,0.0,0.333
Edgardo Figueroa,Available,WSH,Eastern League,AA,Yes,18.0,,1.0,12.0,1.0,130.7,192.1,100.0,99.3,434.5,100.0,891.0,126.3,122.6,69.4,0.0,1.0,1.0,0.0,1.0,1.0,0.0,0.0,1.0,1.0,3.0,4.0,1.0,0.0,0.0,1.0,0.0,0.0,0.0,0.0
Stanley Tucker,Available,BOS,Eastern League,AA,Yes,24.0,,6.0,11.5,2.3,98.0,184.1,247.6,146.1,118.6,206.2,251.0,124.9,136.6,101.3,4.0,14.0,6.0,1.0,5.0,4.0,3.0,0.0,0.429,0.529,0.857,1.387,0.455,0.118,0.118,0.273,0.364,0.364,0.0,0.25
Theo Gillen,The Hot and Steamy Boys (MINORS),TB,Southern League,AA,Yes,20.0,,55.0,10.6,3.8,118.3,153.8,146.9,142.0,123.6,160.5,142.0,124.5,122.2,116.7,35.3,211.0,62.0,9.0,42.0,43.0,16.0,5.0,0.294,0.402,0.512,0.914,0.346,0.143,0.198,0.287,0.481,0.231,0.054,0.243
Sebastian Walcott,Skrrt vs The World (MINORS),TEX,Texas League,AA,Yes,20.0,,32.0,11.2,4.1,119.3,153.1,104.9,123.6,144.6,153.7,151.0,124.4,124.0,138.7,30.3,130.0,41.0,8.0,39.0,18.0,8.0,0.0,0.315,0.399,0.6,0.999,0.371,0.115,0.223,0.351,0.309,0.34,0.424,0.242
Kevin Rivas,Available,CLE,Eastern League,AA,No,23.0,,5.0,4.9,2.2,102.3,78.5,32.4,146.1,173.8,274.7,82.0,123.7,131.5,80.2,3.0,11.0,2.0,1.0,2.0,2.0,1.0,0.0,0.182,0.25,0.455,0.705,0.2,0.083,0.417,0.4,0.0,0.6,0.333,0.333
Mitch Voit,Third Degree Burnes (MINORS),NYM,Eastern League,AA,Yes,21.0,,26.0,11.4,4.0,112.0,182.9,145.4,149.9,155.5,63.5,170.0,123.5,123.9,103.1,25.7,104.0,37.0,2.0,31.0,17.0,7.0,1.0,0.356,0.446,0.548,0.994,0.438,0.115,0.18,0.358,0.321,0.321,0.308,0.077
Jonah Advincula,Available,CLE,Eastern League,AA,Yes,25.0,,9.0,12.9,3.1,94.1,207.3,245.6,146.1,108.6,225.2,201.0,122.2,134.7,120.8,9.6,28.0,9.0,3.0,10.0,7.0,4.0,0.0,0.321,0.424,0.75,1.174,0.286,0.121,0.121,0.25,0.292,0.458,0.182,0.273
George Lombard Jr.,Third Degree Burnes (ACTIVE),NYY,Eastern League,AA,No,21.0,,20.0,9.4,3.9,112.0,151.3,134.2,93.5,142.5,174.1,157.0,121.6,128.6,86.9,18.0,77.0,24.0,4.0,18.0,10.0,4.0,3.0,0.312,0.4,0.571,0.971,0.364,0.133,0.211,0.328,0.345,0.328,0.105,0.211
Cam Cannarella,Ben the Hen (MINORS),MIA,Southern League,AA,No,22.0,,34.0,11.0,3.6,107.6,158.9,254.2,83.0,101.2,219.9,177.0,121.2,132.6,124.9,25.2,122.0,42.0,9.0,29.0,23.0,8.0,4.0,0.344,0.453,0.607,1.06,0.347,0.153,0.133,0.235,0.5,0.265,0.0,0.333
Owen Carey,Available,ATL,Southern League,AA,Yes,19.0,,30.0,7.0,3.7,124.6,102.1,79.1,142.0,145.6,52.8,98.0,120.8,111.7,99.5,24.7,112.0,28.0,2.0,19.0,17.0,3.0,0.0,0.25,0.344,0.384,0.727,0.329,0.099,0.252,0.338,0.35,0.313,0.08,0.08
Victor Figueroa,Available,BAL,Eastern League,AA,Yes,22.0,,32.0,7.0,3.8,106.9,111.6,45.1,111.0,159.9,217.0,106.0,120.2,127.4,105.3,18.5,122.0,35.0,5.0,18.0,18.0,3.0,1.0,0.287,0.341,0.467,0.808,0.405,0.076,0.326,0.368,0.382,0.25,0.0,0.263
Gleider Figuereo,Available,TEX,Texas League,AA,Yes,22.0,,4.0,14.0,4.0,108.5,191.6,41.0,48.0,187.5,317.6,217.0,119.9,134.7,97.0,1.8,16.0,7.0,1.0,6.0,5.0,0.0,0.0,0.438,0.5,0.75,1.25,0.6,0.056,0.278,0.455,0.364,0.182,0.0,0.5
Mitch Jebb,Available,PIT,Eastern League,AA,No,24.0,,14.0,6.0,3.8,98.0,96.6,230.1,146.1,158.1,0.0,71.0,119.9,128.2,102.0,10.0,53.0,12.0,0.0,7.0,3.0,4.0,1.0,0.226,0.339,0.264,0.603,0.273,0.145,0.145,0.364,0.409,0.227,0.1,0.0
Reyli Mariano,Available,LAD,Texas League,AA,Yes,19.0,,2.0,1.0,2.0,125.6,13.7,204.9,1.8,137.2,100.0,45.0,119.1,127.9,94.1,1.0,4.0,0.0,0.0,0.0,0.0,0.0,0.0,0.0,0.333,0.0,0.333,0.0,0.167,0.167,0.333,0.333,0.333,1.0,0.0
Kane Kepley,Cant Park Here (MINORS),CHC,Southern League,AA,Yes,22.0,,26.0,10.1,3.3,107.6,146.2,230.8,175.2,100.8,66.0,128.0,118.5,115.0,115.8,30.5,87.0,18.0,3.0,19.0,13.0,14.0,1.0,0.207,0.4,0.402,0.802,0.231,0.191,0.165,0.234,0.297,0.469,0.333,0.1
Devin Taylor,Lászlaró Tóth (MINORS),ATH,Texas League,AA,No,22.0,,68.0,9.7,4.1,108.5,132.8,79.8,84.9,150.4,189.3,142.0,118.1,126.5,117.1,43.6,279.0,90.0,14.0,52.0,54.0,6.0,2.0,0.323,0.409,0.534,0.943,0.434,0.126,0.286,0.365,0.386,0.249,0.128,0.298
Josiah Ragsdale,Cant Park Here (MINORS),STL,Texas League,AA,Yes,22.0,,25.0,9.3,3.8,108.5,127.0,127.6,140.3,117.8,167.0,127.0,118.0,118.6,119.9,17.9,96.0,26.0,5.0,22.0,13.0,5.0,0.0,0.271,0.395,0.49,0.885,0.318,0.151,0.227,0.286,0.443,0.271,0.053,0.263
Justin Gonzales,Daddy Yankee (MINORS),BOS,Eastern League,AA,Yes,19.0,,14.0,8.9,4.1,123.8,141.8,97.7,122.7,111.2,137.8,114.0,117.8,110.0,111.8,11.7,57.0,15.0,2.0,12.0,11.0,1.0,1.0,0.263,0.368,0.439,0.806,0.342,0.132,0.265,0.256,0.436,0.308,0.083,0.167
Caden Bodine,Je suis Charlie Morton (MINORS),TB,Southern League,AA,No,22.0,,37.0,10.4,4.1,107.6,150.3,423.6,71.9,117.6,73.3,127.0,117.6,128.1,129.3,45.0,152.0,48.0,5.0,25.0,33.0,4.0,1.0,0.316,0.397,0.447,0.844,0.309,0.112,0.067,0.273,0.403,0.324,0.111,0.111
Trent Youngblood,Available,ARI,Texas League,AA,Yes,24.0,,39.0,8.6,3.7,99.4,117.4,182.7,116.3,136.0,127.0,108.0,117.6,127.5,111.6,24.8,146.0,40.0,5.0,32.0,20.0,5.0,4.0,0.274,0.398,0.445,0.843,0.315,0.146,0.169,0.33,0.446,0.223,0.12,0.2
Wade Meckler,Available,LAA,Southern League,AA,No,26.0,,28.0,9.2,3.6,91.0,134.0,199.4,119.9,141.7,139.4,165.0,117.4,132.6,155.8,18.6,101.0,35.0,4.0,19.0,13.0,6.0,0.0,0.347,0.45,0.525,0.975,0.403,0.157,0.165,0.329,0.43,0.241,0.105,0.211
Ryan Cesarini,Available,CLE,Eastern League,AA,Yes,23.0,,35.0,13.6,3.9,102.3,218.0,178.6,128.5,97.3,223.6,180.0,117.0,122.8,92.6,42.6,136.0,45.0,13.0,34.0,34.0,13.0,1.0,0.331,0.404,0.684,1.088,0.311,0.102,0.14,0.224,0.362,0.414,0.229,0.271
Khadim Diaw,Available,MIN,Texas League,AA,Yes,22.0,,45.0,8.1,3.8,108.5,110.2,286.4,99.7,109.2,37.5,133.0,116.5,121.7,107.7,50.7,172.0,55.0,3.0,22.0,14.0,11.0,2.0,0.32,0.436,0.442,0.878,0.347,0.118,0.1,0.265,0.397,0.338,0.216,0.059
Arjun Nimmala,Cant Park Here (MINORS),LAA,Eastern League,AA,Yes,20.0,,33.0,6.5,3.7,117.6,104.1,88.7,85.7,141.6,113.8,115.0,116.5,117.3,102.2,28.4,122.0,34.0,4.0,21.0,11.0,4.0,2.0,0.279,0.355,0.451,0.806,0.345,0.094,0.232,0.326,0.348,0.326,0.138,0.138
Sam Praytor,Available,MIA,Southern League,AA,Yes,27.0,,4.0,8.9,3.2,87.7,128.5,35.4,114.4,161.5,330.2,190.0,116.4,134.0,91.2,1.8,13.0,5.0,1.0,3.0,2.0,1.0,0.0,0.385,0.429,0.692,1.121,0.571,0.071,0.357,0.375,0.375,0.25,0.0,0.5
Kevin Bazzell,Available,WSH,Eastern League,AA,Yes,23.0,,10.0,6.6,3.6,102.3,105.7,361.6,95.4,131.6,0.0,86.0,116.1,126.0,106.3,10.3,36.0,9.0,0.0,5.0,4.0,2.0,1.0,0.25,0.333,0.333,0.667,0.265,0.093,0.07,0.303,0.394,0.303,0.3,0.0
Braylon Payne,Cant Park Here (MINORS),MIL,Southern League,AA,Yes,19.0,,20.0,6.2,3.9,124.6,90.2,50.1,142.0,127.5,73.3,105.0,116.1,104.0,93.1,17.3,78.0,21.0,2.0,12.0,6.0,2.0,0.0,0.269,0.321,0.474,0.796,0.365,0.071,0.282,0.296,0.37,0.333,0.222,0.111
Adrian Santana,Available,MIA,Southern League,AA,Yes,20.0,,26.0,8.4,4.1,118.3,121.2,191.6,119.9,119.3,0.0,94.0,115.7,110.6,111.6,19.7,107.0,29.0,0.0,22.0,12.0,6.0,0.0,0.271,0.355,0.346,0.701,0.319,0.107,0.131,0.277,0.506,0.217,0.222,0.0
Roderick Arias,Available,NYY,Eastern League,AA,Yes,21.0,,30.0,8.2,3.9,112.0,132.1,50.2,146.1,129.0,143.5,115.0,115.6,111.2,103.2,21.8,116.0,31.0,4.0,25.0,19.0,7.0,4.0,0.267,0.346,0.448,0.794,0.386,0.085,0.323,0.297,0.392,0.311,0.13,0.174
Luis Peña,Cant Park Here (MINORS),MIL,Southern League,AA,Yes,19.0,,16.0,5.8,3.5,124.6,84.6,84.9,99.6,136.9,41.6,81.0,115.2,108.3,96.2,16.0,56.0,15.0,1.0,5.0,3.0,6.0,0.0,0.268,0.328,0.339,0.667,0.318,0.066,0.18,0.318,0.318,0.364,0.313,0.063
Wehiwa Aloy,Third Degree Burnes (MINORS),BAL,Eastern League,AA,Yes,22.0,,35.0,7.7,3.6,106.9,123.5,65.4,105.2,106.0,309.3,107.0,115.1,119.8,102.8,22.6,125.0,31.0,9.0,24.0,20.0,6.0,2.0,0.248,0.321,0.512,0.833,0.286,0.093,0.286,0.244,0.463,0.293,0.208,0.375
Mike Sirota,Third Degree Burnes (MINORS),LAD,Texas League,AA,Yes,23.0,,69.0,9.2,3.7,103.7,125.9,153.7,107.0,131.8,111.2,154.0,114.8,121.2,140.3,54.4,252.0,75.0,10.0,59.0,40.0,5.0,0.0,0.298,0.449,0.496,0.945,0.382,0.195,0.226,0.32,0.36,0.32,0.175,0.175
Arjun Nimmala,Cant Park Here (MINORS),LAA,Southern League,AA,Yes,20.0,,22.0,7.1,3.6,118.3,103.4,150.1,44.3,109.8,176.3,122.0,114.5,119.3,102.2,14.2,80.0,17.0,4.0,13.0,11.0,1.0,3.0,0.212,0.376,0.425,0.801,0.25,0.208,0.238,0.255,0.473,0.273,0.2,0.267
Dante Nori,Available,PHI,Eastern League,AA,Yes,21.0,,62.0,6.9,4.1,112.0,110.5,129.5,140.2,125.6,47.8,74.0,114.4,110.1,95.4,51.5,253.0,60.0,3.0,30.0,24.0,17.0,7.0,0.237,0.313,0.348,0.661,0.282,0.092,0.17,0.289,0.456,0.255,0.212,0.058
Tai Peete,Available,STL,Texas League,AA,Yes,20.0,,18.0,11.2,4.4,119.3,153.6,68.9,136.6,116.6,106.1,125.0,114.4,105.5,114.5,17.4,80.0,26.0,3.0,21.0,15.0,4.0,2.0,0.325,0.372,0.512,0.885,0.397,0.07,0.221,0.283,0.417,0.3,0.167,0.167
Drew Brutcher,Available,HOU,Texas League,AA,Yes,24.0,,29.0,12.1,3.4,99.4,165.6,173.6,125.5,112.9,149.3,185.0,114.2,120.5,116.7,16.1,100.0,35.0,4.0,24.0,31.0,5.0,0.0,0.35,0.492,0.59,1.082,0.449,0.203,0.211,0.274,0.493,0.233,0.118,0.235
Jaison Chourio,Bobby and the NitWitts (MINORS),CLE,Eastern League,AA,Yes,21.0,,87.0,8.8,3.9,112.0,140.6,135.8,144.1,109.9,87.4,109.0,114.2,109.2,129.7,64.7,338.0,88.0,7.0,63.0,46.0,29.0,5.0,0.26,0.361,0.393,0.755,0.327,0.136,0.212,0.253,0.486,0.261,0.091,0.106
Justin Thomas Jr.,Available,HOU,Texas League,AA,Yes,22.0,,15.0,7.9,3.4,108.5,108.6,98.3,103.3,137.2,115.6,120.0,114.0,117.0,116.2,10.3,51.0,12.0,2.0,11.0,7.0,4.0,1.0,0.235,0.403,0.392,0.795,0.323,0.164,0.284,0.333,0.333,0.333,0.182,0.182
Jared Thomas,Skrrt vs The World (MINORS),COL,Eastern League,AA,Yes,22.0,,23.0,7.7,4.0,106.9,123.2,33.0,134.4,128.6,190.6,86.0,113.9,113.6,60.4,12.8,91.0,23.0,3.0,16.0,12.0,8.0,1.0,0.253,0.32,0.374,0.694,0.377,0.059,0.347,0.296,0.463,0.241,0.077,0.231
Carlos Caro,Available,PIT,Eastern League,AA,No,21.0,,3.0,4.7,2.3,112.0,74.7,129.6,138.3,108.6,100.0,24.0,113.7,109.2,94.1,0.0,7.0,0.0,0.0,3.0,0.0,1.0,0.0,0.0,0.3,0.0,0.3,0.0,0.3,0.3,0.25,0.75,0.0,0.0,0.0
Boston Smith,Available,SEA,Southern League,AA,Yes,23.0,,23.0,10.8,3.1,102.9,156.8,127.9,75.6,97.8,311.1,197.0,113.6,124.2,106.8,14.3,72.0,22.0,8.0,24.0,18.0,2.0,1.0,0.306,0.485,0.667,1.151,0.378,0.237,0.278,0.227,0.386,0.386,0.176,0.471
Rainiel Rodriguez,Cant Park Here (MINORS),STL,Texas League,AA,Yes,19.0,,82.0,9.8,4.0,125.6,133.9,118.2,62.7,107.1,128.3,142.0,113.6,110.1,103.3,93.9,324.0,102.0,20.0,67.0,61.0,6.0,6.0,0.315,0.398,0.565,0.963,0.346,0.106,0.193,0.26,0.344,0.396,0.232,0.202
Colby Shade,Available,MIA,Southern League,AA,Yes,24.0,,28.0,8.4,3.0,98.6,122.3,85.2,129.1,138.7,149.9,107.0,113.4,119.3,99.4,21.3,83.0,20.0,5.0,15.0,13.0,15.0,0.0,0.241,0.326,0.47,0.796,0.263,0.095,0.232,0.322,0.305,0.373,0.227,0.227
Kevin Verde,Available,NYY,Eastern League,AA,Yes,20.0,,40.0,3.5,2.6,117.6,55.6,45.9,33.1,139.0,193.9,65.0,113.1,119.0,106.9,16.1,103.0,22.0,4.0,10.0,14.0,0.0,1.0,0.214,0.255,0.369,0.623,0.254,0.054,0.261,0.32,0.453,0.227,0.412,0.235
Émilien Pitre,Available,NYM,Southern League,AA,No,23.0,,37.0,8.5,3.5,102.9,123.7,388.9,116.2,88.7,68.0,155.0,113.1,117.6,120.8,30.1,130.0,42.0,3.0,25.0,10.0,11.0,7.0,0.323,0.451,0.492,0.943,0.351,0.184,0.104,0.206,0.523,0.271,0.034,0.103
Tre Richardson III,Available,STL,Texas League,AA,Yes,24.0,,54.0,8.7,3.6,99.4,119.4,92.7,131.0,137.2,130.2,113.0,113.0,117.8,105.1,37.8,192.0,53.0,8.0,47.0,21.0,22.0,2.0,0.276,0.371,0.448,0.819,0.352,0.122,0.253,0.333,0.371,0.295,0.231,0.205
Carson DeMartini,Available,PHI,Eastern League,AA,Yes,23.0,,49.0,8.8,3.5,102.3,140.2,137.5,146.1,108.6,137.8,128.0,113.0,113.7,119.7,40.2,171.0,46.0,7.0,34.0,23.0,17.0,5.0,0.269,0.396,0.468,0.864,0.339,0.169,0.237,0.25,0.4,0.35,0.143,0.167
Josh Adamczewski,Cant Park Here (MINORS),MIL,Southern League,AA,Yes,21.0,,61.0,7.7,3.7,112.7,112.2,128.7,107.0,120.1,86.5,116.0,113.0,111.8,128.7,60.0,226.0,62.0,8.0,38.0,31.0,8.0,1.0,0.274,0.365,0.451,0.817,0.32,0.115,0.192,0.279,0.366,0.355,0.148,0.131
Luke Pelzer,Available,KC,Texas League,AA,Yes,23.0,,38.0,7.9,3.9,103.7,107.5,122.2,140.3,150.0,0.0,116.0,112.8,113.2,96.9,28.0,149.0,50.0,0.0,29.0,10.0,13.0,4.0,0.336,0.412,0.396,0.808,0.424,0.106,0.188,0.364,0.398,0.237,0.214,0.0
Bennett Thompson,Available,CLE,Eastern League,AA,Yes,23.0,,45.0,8.4,3.8,102.3,134.5,151.9,101.3,135.1,84.1,116.0,112.7,119.5,129.3,47.9,170.0,46.0,5.0,35.0,31.0,3.0,1.0,0.271,0.373,0.406,0.779,0.318,0.128,0.187,0.311,0.318,0.371,0.265,0.102
Dean Curley,Available,CLE,Eastern League,AA,Yes,22.0,,40.0,7.0,3.7,106.9,112.1,64.6,62.3,151.2,152.6,124.0,112.6,121.5,112.7,25.8,149.0,41.0,5.0,27.0,23.0,3.0,4.0,0.275,0.379,0.43,0.809,0.424,0.126,0.339,0.348,0.348,0.303,0.222,0.185
Ryan Burrowes,Available,CHW,Southern League,AA,Yes,21.0,,33.0,5.9,3.5,112.7,84.9,100.9,81.2,145.1,60.1,71.0,112.5,114.8,106.6,21.8,117.0,26.0,2.0,10.0,13.0,9.0,2.0,0.222,0.321,0.282,0.603,0.282,0.116,0.232,0.337,0.407,0.256,0.091,0.091
Dom Krupinski,Available,CHC,Southern League,AA,Yes,22.0,,21.0,5.3,3.2,107.6,77.2,65.2,160.5,121.4,110.3,92.0,112.5,107.2,121.0,11.7,68.0,12.0,2.0,10.0,5.0,5.0,0.0,0.176,0.333,0.338,0.672,0.263,0.131,0.333,0.282,0.41,0.308,0.25,0.167
Robert Hassell III,Available,PIT,Eastern League,AA,No,24.0,,5.0,7.7,3.6,98.0,123.3,283.4,93.5,124.3,0.0,107.0,112.4,123.0,79.8,2.0,18.0,4.0,0.0,3.0,2.0,1.0,0.0,0.222,0.417,0.278,0.694,0.286,0.25,0.167,0.286,0.571,0.143,0.0,0.0
Colin Tuft,Available,BAL,Eastern League,AA,Yes,23.0,,16.0,4.5,2.2,102.3,72.6,72.8,95.4,103.4,309.3,77.0,112.4,119.7,107.4,7.2,36.0,6.0,3.0,5.0,6.0,2.0,0.0,0.167,0.286,0.417,0.702,0.158,0.143,0.333,0.238,0.381,0.381,0.125,0.375
Kendall George,Available,LAD,Texas League,AA,Yes,21.0,,55.0,10.6,4.1,113.6,145.4,133.9,156.9,115.8,0.0,125.0,112.0,102.7,90.8,20.4,223.0,74.0,0.0,63.0,20.0,33.0,5.0,0.332,0.418,0.399,0.817,0.425,0.121,0.191,0.281,0.602,0.117,0.1,0.0
Dixon Williams,Available,ATL,Southern League,AA,Yes,22.0,,6.0,7.7,3.5,107.6,111.0,87.8,48.0,134.8,188.9,118.0,111.9,121.9,97.8,6.1,21.0,4.0,2.0,5.0,3.0,0.0,0.0,0.19,0.292,0.571,0.863,0.143,0.083,0.208,0.313,0.25,0.438,0.143,0.286
Jared Triolo,Available,PIT,Eastern League,AA,Yes,28.0,,3.0,11.7,4.3,84.0,186.8,77.2,38.9,192.9,412.5,173.0,111.5,138.9,68.0,2.0,13.0,5.0,1.0,3.0,3.0,0.0,0.0,0.385,0.429,0.615,1.044,0.444,0.071,0.214,0.444,0.333,0.222,0.0,0.5
Vance Honeycutt,Available,BAL,Eastern League,AA,Yes,23.0,,16.0,12.2,3.5,102.3,196.1,109.7,179.2,82.6,190.6,175.0,111.5,106.5,85.8,12.1,56.0,19.0,3.0,12.0,11.0,10.0,1.0,0.339,0.431,0.661,1.091,0.41,0.108,0.215,0.19,0.5,0.31,0.231,0.231
Won-Bin Cho,Available,STL,Texas League,AA,Yes,22.0,,51.0,8.6,3.4,108.5,117.7,145.1,72.0,93.5,217.9,131.0,111.4,117.0,106.5,32.2,174.0,47.0,12.0,32.0,34.0,6.0,2.0,0.27,0.389,0.511,0.901,0.297,0.159,0.212,0.227,0.5,0.273,0.229,0.343
Jake Cunningham,Available,SD,Texas League,AA,Yes,23.0,,39.0,7.7,3.7,103.7,105.5,65.2,112.6,140.1,120.7,122.0,111.4,114.6,118.2,20.8,146.0,44.0,4.0,25.0,26.0,4.0,3.0,0.301,0.37,0.459,0.829,0.404,0.091,0.273,0.34,0.45,0.21,0.143,0.19
Hector Salas,Available,HOU,Texas League,AA,Yes,22.0,,15.0,6.1,2.7,108.5,83.9,170.9,105.2,96.0,127.0,115.0,111.3,112.2,70.6,5.0,41.0,11.0,1.0,8.0,3.0,4.0,0.0,0.268,0.415,0.341,0.757,0.333,0.185,0.204,0.233,0.6,0.167,0.0,0.2
Woody Hadeen,Available,DET,Eastern League,AA,Yes,23.0,,21.0,8.5,4.0,102.3,136.9,135.9,181.1,108.6,52.0,105.0,111.0,105.4,114.9,16.2,83.0,22.0,1.0,18.0,8.0,8.0,1.0,0.265,0.351,0.398,0.749,0.323,0.106,0.181,0.25,0.5,0.25,0.0,0.063
Aaron Walton,Available,CLE,Eastern League,AA,Yes,22.0,,40.0,9.2,3.6,106.9,147.7,105.4,153.8,94.7,144.4,128.0,110.9,105.8,102.6,37.2,144.0,35.0,7.0,30.0,27.0,10.0,0.0,0.243,0.373,0.465,0.838,0.298,0.136,0.254,0.218,0.386,0.396,0.25,0.175
Josue Briceño,Hand Foot Mouth Disease Guys (MINORS),DET,Eastern League,AA,No,21.0,,17.0,11.6,3.8,112.0,186.0,122.3,46.7,88.6,264.0,166.0,110.7,117.1,137.2,21.4,64.0,19.0,8.0,15.0,19.0,0.0,1.0,0.297,0.382,0.672,1.053,0.262,0.118,0.211,0.204,0.286,0.51,0.16,0.32
Henry Godbout,Available,BOS,Eastern League,AA,Yes,22.0,,19.0,11.0,4.1,106.9,176.1,49.9,97.4,102.5,264.0,139.0,110.7,113.5,107.4,21.8,77.0,22.0,8.0,14.0,18.0,4.0,1.0,0.286,0.333,0.623,0.957,0.292,0.06,0.262,0.236,0.309,0.455,0.24,0.32
John Gil,Daddy Yankee (MINORS),ATL,Southern League,AA,Yes,20.0,,30.0,9.1,4.0,118.3,131.1,130.9,151.2,92.2,39.0,129.0,110.6,97.8,105.0,33.3,121.0,39.0,2.0,21.0,10.0,14.0,4.0,0.322,0.399,0.446,0.845,0.385,0.101,0.174,0.214,0.439,0.347,0.412,0.059
Ethan Anderson,Available,BAL,Eastern League,AA,Yes,22.0,,78.0,8.1,3.6,106.9,128.9,131.0,85.7,95.1,203.8,122.0,110.4,114.6,113.6,72.7,284.0,76.0,19.0,57.0,40.0,6.0,1.0,0.268,0.364,0.507,0.871,0.288,0.121,0.202,0.219,0.414,0.367,0.234,0.247
Josiah Ragsdale,Cant Park Here (MINORS),STL,Southern League,AA,Yes,22.0,,26.0,12.5,3.7,107.6,180.8,104.4,105.1,86.1,233.1,184.0,110.3,111.2,119.9,27.8,96.0,28.0,12.0,28.0,21.0,7.0,1.0,0.292,0.429,0.698,1.126,0.327,0.193,0.294,0.2,0.233,0.567,0.059,0.353
Jancel Villarroel,Available,SF,Eastern League,AA,Yes,21.0,,31.0,5.6,3.4,112.0,89.9,121.4,118.8,114.3,58.6,72.0,110.3,106.3,110.2,28.7,106.0,22.0,2.0,12.0,14.0,3.0,0.0,0.208,0.298,0.33,0.628,0.244,0.097,0.185,0.263,0.388,0.35,0.107,0.071
Logan Sauve,Available,ATH,Texas League,AA,Yes,22.0,,8.0,5.0,3.1,108.5,68.4,123.2,73.8,154.5,0.0,106.0,110.2,114.9,106.4,6.0,25.0,6.0,0.0,1.0,1.0,2.0,0.0,0.24,0.406,0.32,0.726,0.375,0.212,0.273,0.375,0.25,0.375,0.0,0.0
Deniel Ortiz,Available,STL,Texas League,AA,Yes,21.0,,57.0,8.3,3.4,113.6,113.7,167.0,73.8,101.8,100.4,119.0,110.2,111.2,83.8,54.4,196.0,52.0,9.0,33.0,37.0,9.0,4.0,0.265,0.385,0.464,0.85,0.293,0.155,0.188,0.247,0.383,0.37,0.105,0.158
Murf Gray,Daddy Yankee (MINORS),PIT,Eastern League,AA,Yes,22.0,,39.0,8.0,3.5,106.9,127.5,134.1,66.2,107.3,178.2,129.0,110.1,116.8,120.5,34.3,135.0,33.0,8.0,28.0,24.0,1.0,0.0,0.244,0.393,0.467,0.86,0.278,0.156,0.231,0.247,0.371,0.381,0.216,0.216
Jose Cordoba,Available,STL,Texas League,AA,Yes,23.0,,9.0,10.9,3.7,103.7,149.0,79.7,131.0,76.2,282.0,135.0,109.9,109.5,91.3,7.7,33.0,9.0,4.0,8.0,7.0,2.0,0.0,0.273,0.314,0.667,0.981,0.217,0.056,0.167,0.185,0.481,0.333,0.333,0.444
Hayden Gilliland,Available,LAD,Texas League,AA,Yes,24.0,,13.0,9.0,3.4,99.4,122.6,68.1,22.1,127.7,317.6,143.0,109.7,127.6,94.3,5.6,44.0,13.0,3.0,7.0,13.0,0.0,0.0,0.295,0.38,0.568,0.948,0.37,0.1,0.28,0.31,0.483,0.207,0.0,0.5
Santiago Gomez,Available,NYY,Eastern League,AA,Yes,22.0,,7.0,2.9,1.1,106.9,46.9,194.4,38.9,144.7,0.0,202.0,109.6,119.7,92.1,3.0,8.0,3.0,0.0,2.0,1.0,0.0,0.0,0.375,0.5,0.625,1.125,0.5,0.2,0.2,0.333,0.167,0.5,0.333,0.0
Trevor Cohen,Available,SF,Eastern League,AA,Yes,22.0,,44.0,9.9,4.4,106.9,158.7,187.3,153.8,83.4,60.2,100.0,109.4,103.4,120.8,40.7,192.0,58.0,3.0,33.0,25.0,20.0,4.0,0.302,0.345,0.396,0.74,0.322,0.063,0.092,0.192,0.57,0.238,0.146,0.073
Jackson Holliday,Lászlaró Tóth (ACTIVE),BAL,Eastern League,AA,No,22.0,,3.0,2.3,2.0,106.9,37.4,129.6,21.4,144.7,100.0,65.0,109.3,121.8,101.2,1.0,6.0,0.0,0.0,1.0,0.0,0.0,0.0,0.0,0.4,0.0,0.4,0.0,0.4,0.3,0.333,0.333,0.333,0.0,0.0
Brandon Butterworth,Available,BAL,Eastern League,AA,No,23.0,,52.0,8.3,3.7,102.3,133.6,117.6,132.4,103.0,137.8,123.0,109.3,109.5,80.4,56.6,193.0,52.0,10.0,31.0,23.0,12.0,1.0,0.269,0.377,0.497,0.875,0.321,0.13,0.229,0.237,0.331,0.432,0.233,0.167
Jared Sprague-Lott,Available,ATH,Texas League,AA,Yes,24.0,,16.0,8.6,3.9,99.4,117.6,102.6,151.3,119.1,90.8,111.0,109.3,108.8,109.1,7.2,63.0,18.0,1.0,10.0,10.0,4.0,0.0,0.286,0.375,0.429,0.804,0.37,0.111,0.222,0.289,0.556,0.156,0.0,0.143
Charlie Saum,Available,TOR,Eastern League,AA,Yes,22.0,,4.0,2.8,2.2,106.9,44.0,53.9,50.6,217.2,100.0,-28.0,109.1,117.3,74.3,1.0,9.0,0.0,0.0,1.0,2.0,0.0,0.0,0.0,0.182,0.0,0.182,0.0,0.167,0.417,0.5,0.25,0.25,1.0,0.0
Cole Gabrielson,Available,NYY,Eastern League,AA,No,25.0,,32.0,7.8,3.2,94.1,124.6,98.7,130.5,120.8,152.6,132.0,109.0,114.9,99.4,25.9,101.0,28.0,5.0,24.0,13.0,9.0,1.0,0.277,0.378,0.475,0.853,0.333,0.109,0.235,0.278,0.347,0.375,0.074,0.185
Alex Lodise,Available,ATL,Southern League,AA,Yes,22.0,,18.0,8.2,4.2,107.6,118.7,35.6,92.2,136.1,132.1,120.0,109.0,110.9,125.9,14.2,75.0,23.0,3.0,15.0,11.0,1.0,0.0,0.307,0.346,0.493,0.839,0.37,0.037,0.235,0.316,0.421,0.263,0.133,0.2
Jake Bold,Available,SD,Texas League,AA,Yes,22.0,,2.0,0.0,1.0,108.5,0.0,100.0,1.8,206.0,100.0,-100.0,108.8,122.6,118.1,1.0,2.0,0.0,0.0,0.0,0.0,0.0,0.0,0.0,0.0,0.0,0.0,0.0,0.0,0.0,0.5,0.0,0.5,1.0,0.0
Austin Machado,Available,ATL,Southern League,AA,Yes,25.0,,3.0,5.0,3.3,94.7,72.4,120.3,1.8,123.2,660.4,70.0,108.7,132.1,71.9,0.9,10.0,1.0,1.0,1.0,1.0,0.0,0.0,0.1,0.25,0.4,0.65,0.0,0.167,0.25,0.286,0.571,0.143,0.0,1.0
Justin Riemer,Available,ATH,Texas League,AA,No,24.0,,31.0,7.0,2.9,99.4,96.0,241.6,96.0,104.6,42.6,147.0,108.6,115.4,113.3,15.0,90.0,30.0,1.0,18.0,9.0,6.0,0.0,0.333,0.487,0.389,0.876,0.408,0.176,0.151,0.254,0.535,0.211,0.267,0.067
Caleb Bonemer,Third Degree Burnes (MINORS),CHW,Southern League,AA,Yes,20.0,,65.0,9.2,3.7,118.3,133.8,107.7,107.0,81.4,135.4,137.0,108.6,100.6,100.2,79.7,242.0,61.0,18.0,45.0,48.0,7.0,2.0,0.252,0.371,0.541,0.912,0.281,0.144,0.251,0.189,0.29,0.521,0.205,0.205
John Peck,Available,DET,Eastern League,AA,No,23.0,,58.0,9.9,4.1,102.3,158.6,49.3,167.5,96.5,179.0,118.0,108.5,103.2,89.1,45.4,235.0,67.0,10.0,46.0,44.0,19.0,6.0,0.285,0.328,0.511,0.839,0.345,0.055,0.25,0.222,0.503,0.275,0.109,0.217
Alfredo Duno,Je suis Charlie Morton (MINORS),CIN,Southern League,AA,Yes,20.0,,27.0,7.8,3.7,118.3,112.9,170.1,77.5,89.6,70.7,132.0,108.4,104.5,108.6,27.7,99.0,31.0,3.0,18.0,12.0,2.0,0.0,0.313,0.409,0.475,0.883,0.368,0.139,0.174,0.208,0.429,0.364,0.393,0.107
Lonnie White Jr.,Available,PIT,Eastern League,AA,Yes,23.0,,86.0,7.6,3.6,102.3,121.7,75.0,112.9,101.2,203.8,127.0,108.1,110.2,105.4,69.5,312.0,83.0,18.0,53.0,46.0,11.0,2.0,0.266,0.367,0.503,0.87,0.361,0.134,0.318,0.233,0.381,0.386,0.26,0.247
Carter Cunningham,Available,TOR,Eastern League,AA,Yes,25.0,,70.0,7.1,3.2,94.1,113.2,58.4,163.6,123.8,126.2,111.0,108.1,108.7,99.2,56.3,223.0,54.0,9.0,45.0,36.0,15.0,1.0,0.242,0.35,0.439,0.789,0.363,0.117,0.348,0.285,0.262,0.454,0.119,0.153
Brandon Winokur,Available,MIN,Texas League,AA,Yes,21.0,,47.0,8.3,4.1,113.6,113.1,50.2,123.6,100.5,137.2,88.0,108.1,100.7,105.2,47.2,192.0,48.0,11.0,30.0,33.0,8.0,3.0,0.25,0.312,0.453,0.765,0.296,0.069,0.278,0.244,0.378,0.378,0.235,0.216
Davis Diaz,Available,ATH,Texas League,AA,No,23.0,,49.0,7.9,3.8,103.7,108.0,164.9,107.0,109.2,60.3,114.0,108.0,109.7,118.7,41.4,185.0,54.0,4.0,29.0,23.0,10.0,2.0,0.292,0.392,0.411,0.803,0.336,0.111,0.152,0.265,0.457,0.278,0.31,0.095
Bobby Boser,Available,ATH,Texas League,AA,Yes,23.0,,75.0,5.7,3.6,103.7,77.6,45.5,116.3,127.3,127.0,74.0,108.0,108.5,95.9,48.4,271.0,56.0,10.0,36.0,30.0,14.0,1.0,0.207,0.308,0.358,0.666,0.313,0.105,0.371,0.309,0.362,0.329,0.14,0.2
Marco Vargas,Available,NYM,Eastern League,AA,Yes,21.0,,49.0,8.9,3.9,112.0,143.3,80.0,165.5,96.5,65.2,107.0,108.0,95.9,111.9,37.8,191.0,52.0,3.0,26.0,27.0,25.0,1.0,0.272,0.361,0.387,0.748,0.392,0.123,0.292,0.222,0.476,0.302,0.105,0.079
Brandon Compton,Available,MIA,Southern League,AA,No,22.0,,50.0,11.9,3.7,107.6,172.8,68.8,86.7,78.8,289.3,196.0,107.9,109.9,108.8,40.9,187.0,62.0,21.0,38.0,54.0,5.0,2.0,0.332,0.421,0.759,1.181,0.418,0.125,0.315,0.183,0.4,0.417,0.125,0.438
Jamari Baylor,Available,NYM,Eastern League,AA,Yes,25.0,,12.0,6.2,2.9,94.1,100.1,74.7,175.3,121.7,91.6,107.0,107.8,106.6,115.5,8.6,35.0,9.0,1.0,7.0,5.0,2.0,0.0,0.257,0.341,0.429,0.77,0.333,0.098,0.268,0.28,0.36,0.36,0.222,0.111
Avery Owusu-Asiedu,Available,ARI,Texas League,AA,Yes,23.0,,24.0,15.5,3.9,103.7,212.1,88.6,127.3,72.5,254.1,194.0,107.8,106.6,100.4,24.7,94.0,35.0,12.0,20.0,34.0,6.0,1.0,0.372,0.452,0.851,1.303,0.411,0.122,0.261,0.176,0.382,0.441,0.133,0.4
Patrick Lee,Available,DET,Eastern League,AA,Yes,26.0,,37.0,7.0,3.2,90.5,111.9,52.7,132.4,115.1,229.3,89.0,107.6,114.9,94.4,17.0,120.0,25.0,5.0,20.0,13.0,18.0,2.0,0.208,0.317,0.375,0.692,0.313,0.115,0.367,0.265,0.471,0.265,0.111,0.278
Andrew Fischer,Lászlaró Tóth (MINORS),MIL,Southern League,AA,Yes,22.0,,66.0,10.1,3.4,107.6,145.8,77.4,99.6,88.3,212.0,152.0,107.2,106.8,118.0,67.5,226.0,56.0,26.0,50.0,61.0,5.0,4.0,0.248,0.379,0.642,1.021,0.273,0.175,0.34,0.205,0.182,0.614,0.185,0.321
Aiva Arquette,Skrrt vs The World (MINORS),MIA,Southern League,AA,Yes,22.0,,46.0,9.3,4.2,107.6,135.4,67.7,116.2,105.5,138.0,96.0,107.2,104.6,94.2,42.2,193.0,51.0,9.0,31.0,32.0,15.0,1.0,0.264,0.316,0.435,0.751,0.292,0.057,0.196,0.245,0.463,0.293,0.186,0.209
Jonny Farmelo,Je suis Charlie Morton (MINORS),SEA,Texas League,AA,Yes,21.0,,41.0,8.0,3.8,113.6,109.0,111.9,142.1,96.4,34.3,103.0,107.2,96.6,106.6,36.3,157.0,35.0,2.0,22.0,21.0,14.0,1.0,0.223,0.359,0.338,0.697,0.314,0.172,0.266,0.234,0.421,0.346,0.162,0.054
Dub Gleed,Available,TOR,Eastern League,AA,Yes,23.0,,64.0,7.7,3.7,102.3,122.6,139.2,81.8,106.0,135.3,130.0,107.1,112.8,105.5,63.5,239.0,69.0,11.0,40.0,34.0,2.0,2.0,0.289,0.371,0.502,0.873,0.317,0.099,0.169,0.244,0.409,0.347,0.179,0.164
Rafe Perich,Available,TEX,Texas League,AA,Yes,24.0,,74.0,9.9,3.9,99.4,134.9,111.1,99.7,117.8,122.0,144.0,107.1,112.4,112.2,72.8,287.0,90.0,15.0,67.0,53.0,7.0,3.0,0.314,0.394,0.571,0.966,0.366,0.11,0.208,0.286,0.359,0.355,0.256,0.192
Jean Carlos Sió,Available,SF,Eastern League,AA,Yes,22.0,,68.0,6.3,3.2,106.9,101.1,73.8,114.9,105.1,135.3,95.0,107.0,104.9,116.6,64.1,219.0,50.0,11.0,35.0,34.0,8.0,3.0,0.228,0.313,0.42,0.733,0.26,0.079,0.238,0.242,0.331,0.427,0.284,0.164
Elijah Green,Available,WSH,Eastern League,AA,Yes,22.0,,25.0,4.6,3.4,106.9,73.7,54.9,136.3,117.7,78.4,67.0,106.9,101.6,107.2,21.0,86.0,15.0,2.0,16.0,8.0,1.0,0.0,0.174,0.277,0.337,0.614,0.271,0.129,0.376,0.271,0.292,0.438,0.238,0.095
Jack Gurevitch,Available,STL,Texas League,AA,Yes,22.0,,27.0,5.4,4.1,108.5,73.5,17.1,40.6,119.5,244.5,64.0,106.7,113.7,110.5,12.2,112.0,25.0,5.0,13.0,16.0,0.0,1.0,0.223,0.269,0.393,0.662,0.345,0.042,0.412,0.29,0.5,0.21,0.077,0.385
Owen Ayers,Hand Foot Mouth Disease Guys (MINORS),CHC,Southern League,AA,No,25.0,,65.0,9.2,3.5,94.7,132.7,113.2,71.9,118.9,182.3,166.0,106.6,118.7,105.2,52.3,230.0,70.0,16.0,42.0,48.0,3.0,1.0,0.304,0.417,0.591,1.009,0.367,0.151,0.248,0.276,0.368,0.356,0.172,0.276
Connor Charping,Available,SEA,Texas League,AA,Yes,27.0,,51.0,6.5,3.3,88.4,89.0,134.5,116.3,126.5,108.6,134.0,106.6,116.8,99.6,33.9,166.0,43.0,6.0,26.0,17.0,6.0,2.0,0.259,0.383,0.464,0.847,0.301,0.119,0.189,0.307,0.417,0.276,0.114,0.171
Marek Houston,Hand Foot Mouth Disease Guys (MINORS),MIN,Texas League,AA,Yes,22.0,,55.0,10.3,4.2,108.5,140.3,93.6,132.9,103.4,73.0,111.0,106.6,100.6,107.3,59.3,229.0,68.0,7.0,41.0,34.0,26.0,6.0,0.297,0.369,0.459,0.828,0.359,0.092,0.211,0.251,0.4,0.349,0.148,0.115
Dalton McIntyre,Available,ATL,Southern League,AA,Yes,22.0,,47.0,4.5,3.0,107.6,65.8,68.8,154.9,102.9,77.9,74.0,106.6,98.1,83.9,17.0,140.0,30.0,2.0,26.0,7.0,8.0,2.0,0.214,0.317,0.307,0.624,0.318,0.114,0.301,0.239,0.568,0.193,0.176,0.118
Jay Thomason,Available,MIN,Texas League,AA,Yes,24.0,,33.0,8.2,3.6,99.4,112.2,80.1,84.9,134.3,110.5,112.0,106.5,113.4,109.3,21.9,119.0,36.0,4.0,20.0,21.0,9.0,6.0,0.303,0.385,0.429,0.814,0.39,0.096,0.243,0.326,0.407,0.267,0.304,0.174
Jake Munroe,Available,LAA,Southern League,AA,Yes,22.0,,57.0,8.5,3.7,107.6,122.7,125.7,75.6,115.8,77.3,143.0,106.5,109.1,111.9,58.2,213.0,67.0,7.0,38.0,35.0,6.0,2.0,0.315,0.411,0.479,0.89,0.37,0.107,0.186,0.269,0.371,0.359,0.117,0.117
Miguel Villarroel,Available,WSH,Texas League,AA,No,24.0,,12.0,7.0,3.6,99.4,96.4,46.3,162.4,110.0,127.0,114.0,106.5,102.6,99.5,4.8,43.0,14.0,1.0,8.0,4.0,3.0,0.0,0.326,0.37,0.465,0.835,0.448,0.065,0.283,0.267,0.567,0.167,0.0,0.2
Jesús  Báez,Cant Park Here (MINORS),STL,Texas League,AA,Yes,21.0,,54.0,11.8,4.0,113.6,160.8,64.4,66.4,95.2,189.9,148.0,106.2,105.5,94.4,67.3,215.0,68.0,23.0,44.0,62.0,3.0,2.0,0.316,0.353,0.674,1.028,0.283,0.043,0.162,0.231,0.346,0.423,0.195,0.299
Jacob Reimer,Third Degree Burnes (MINORS),NYM,Eastern League,AA,Yes,22.0,,75.0,7.0,3.7,106.9,112.7,106.8,97.4,113.0,76.7,99.0,106.1,105.9,128.1,73.5,279.0,66.0,7.0,45.0,35.0,14.0,4.0,0.237,0.338,0.387,0.726,0.301,0.128,0.244,0.26,0.365,0.375,0.12,0.093
Caden Kendle,Available,MIN,Texas League,AA,Yes,24.0,,43.0,11.5,3.9,99.4,158.0,77.3,96.0,125.7,119.4,168.0,105.9,110.9,110.2,45.4,166.0,63.0,9.0,32.0,40.0,11.0,2.0,0.38,0.44,0.633,1.072,0.446,0.073,0.209,0.305,0.32,0.375,0.292,0.188
Randy De Jesus,Available,LAA,Southern League,AA,Yes,21.0,,15.0,1.9,2.7,112.7,27.5,20.1,29.5,150.7,94.4,35.0,105.7,110.6,102.5,6.7,41.0,7.0,1.0,4.0,3.0,0.0,0.0,0.171,0.227,0.268,0.496,0.316,0.068,0.477,0.35,0.3,0.35,0.143,0.143
Gavin Kilen,Available,SF,Eastern League,AA,Yes,22.0,,31.0,7.1,3.9,106.9,113.4,145.9,93.5,113.0,22.3,116.0,105.4,105.2,108.0,37.0,120.0,37.0,1.0,14.0,16.0,1.0,1.0,0.308,0.356,0.467,0.822,0.346,0.081,0.141,0.26,0.385,0.356,0.243,0.027
Jordan Lawlar,Bobby and the NitWitts (MINORS),ARI,Texas League,AA,No,23.0,,9.0,10.1,4.0,103.7,138.4,14.7,121.8,75.0,317.6,106.0,105.2,103.1,67.2,8.2,36.0,9.0,5.0,7.0,7.0,2.0,0.0,0.25,0.27,0.667,0.937,0.222,0.027,0.351,0.182,0.364,0.455,0.1,0.5
Johnny Ascanio,Available,CIN,Southern League,AA,No,22.0,,40.0,5.5,2.9,107.6,79.3,139.5,79.3,110.2,50.9,125.0,105.1,106.2,99.0,13.0,115.0,37.0,1.0,19.0,11.0,3.0,0.0,0.322,0.435,0.383,0.817,0.419,0.136,0.2,0.256,0.593,0.151,0.077,0.077
Devin Fitz-Gerald,Daddy Yankee (MINORS),WSH,Eastern League,AA,Yes,20.0,,60.0,5.5,3.9,117.6,87.4,58.8,70.1,113.4,77.5,77.0,105.1,100.5,107.3,54.3,235.0,55.0,5.0,31.0,26.0,4.0,3.0,0.234,0.305,0.336,0.642,0.303,0.069,0.256,0.261,0.41,0.329,0.245,0.094
Jay Harry,Available,TOR,Eastern League,AA,No,23.0,,48.0,8.4,3.5,102.3,134.1,39.2,105.2,113.8,156.7,141.0,104.9,105.9,79.5,40.0,169.0,55.0,8.0,29.0,39.0,1.0,1.0,0.325,0.354,0.58,0.934,0.392,0.039,0.235,0.262,0.405,0.333,0.262,0.19
Austin Overn,Available,TB,Southern League,AA,Yes,23.0,,61.0,12.9,4.0,102.9,186.1,60.3,175.2,72.8,173.7,151.0,104.9,95.7,98.9,52.5,246.0,76.0,15.0,54.0,41.0,48.0,4.0,0.309,0.395,0.565,0.96,0.43,0.106,0.316,0.169,0.461,0.37,0.175,0.263
Tyresse Turner,Available,CLE,Eastern League,AA,No,26.0,,26.0,6.4,3.2,90.5,101.9,91.9,151.9,123.0,75.1,97.0,104.8,107.4,90.4,11.0,82.0,20.0,1.0,11.0,8.0,10.0,1.0,0.244,0.354,0.341,0.696,0.358,0.144,0.289,0.283,0.509,0.208,0.273,0.091
Max Williams,Available,MIA,Southern League,AA,Yes,21.0,,3.0,19.8,4.7,112.7,287.2,0.0,92.2,71.9,330.2,196.0,104.8,100.3,107.1,4.5,14.0,4.0,3.0,3.0,6.0,1.0,0.0,0.286,0.286,0.929,1.214,0.111,0.0,0.143,0.167,0.333,0.5,0.167,0.5
Hemmanuel Rosario,Available,HOU,Texas League,AA,No,25.0,,4.0,6.6,3.5,95.4,90.7,15.4,1.8,137.2,635.2,90.0,104.7,124.8,92.3,0.8,14.0,3.0,1.0,1.0,4.0,0.0,0.0,0.214,0.267,0.5,0.767,0.4,0.067,0.533,0.333,0.5,0.167,0.0,1.0
Core Jackson,Available,NYY,Eastern League,AA,Yes,22.0,,17.0,10.0,3.9,106.9,160.6,157.3,177.2,62.1,58.6,101.0,104.7,92.3,103.8,14.0,67.0,18.0,1.0,13.0,11.0,8.0,1.0,0.269,0.342,0.388,0.73,0.304,0.092,0.145,0.143,0.607,0.25,0.286,0.071
Jake Rucker,Available,MIN,Texas League,AA,No,26.0,,52.0,8.2,3.3,91.8,112.0,139.8,108.9,107.9,122.0,123.0,104.6,112.3,147.3,49.2,170.0,45.0,10.0,32.0,32.0,7.0,2.0,0.265,0.373,0.518,0.89,0.285,0.132,0.195,0.262,0.338,0.4,0.096,0.192
Josh Caron,Available,SEA,Texas League,AA,Yes,22.0,,33.0,6.5,3.4,108.5,89.6,87.3,153.2,85.7,79.4,115.0,104.6,94.4,101.8,23.1,113.0,27.0,3.0,22.0,10.0,7.0,2.0,0.239,0.348,0.425,0.773,0.324,0.128,0.271,0.208,0.481,0.312,0.458,0.125
Carlos Pacheco,Available,ATH,Texas League,AA,Yes,21.0,,10.0,5.8,3.6,113.6,78.7,19.6,169.8,112.5,0.0,56.0,104.5,88.2,94.3,11.8,36.0,9.0,0.0,6.0,4.0,2.0,0.0,0.25,0.282,0.333,0.615,0.346,0.025,0.275,0.273,0.273,0.455,0.3,0.0
Demetrio Crisantes,Hand Foot Mouth Disease Guys (MINORS),ARI,Texas League,AA,No,21.0,,35.0,9.5,3.9,113.6,130.6,141.1,99.7,78.3,79.4,130.0,104.4,98.0,124.0,39.2,135.0,43.0,5.0,32.0,26.0,0.0,2.0,0.319,0.412,0.548,0.961,0.369,0.119,0.181,0.19,0.429,0.381,0.2,0.125
Jakey Josepha,Available,ARI,Texas League,AA,Yes,22.0,,2.0,10.8,3.0,108.5,147.1,87.8,92.3,103.0,100.0,180.0,104.3,102.4,87.1,1.0,6.0,3.0,0.0,0.0,1.0,2.0,0.0,0.5,0.571,0.5,1.071,0.75,0.143,0.286,0.25,0.5,0.25,0.0,0.0
Alberto Barriga,Available,ARI,Texas League,AA,Yes,21.0,,54.0,5.5,3.6,113.6,74.8,87.8,79.4,112.1,48.9,51.0,104.3,100.7,101.7,51.6,195.0,45.0,4.0,25.0,20.0,6.0,3.0,0.231,0.296,0.349,0.645,0.273,0.079,0.199,0.272,0.384,0.344,0.327,0.077
Jhorvic Abreus,Available,CLE,Eastern League,AA,Yes,20.0,,3.0,4.3,2.7,117.6,69.4,64.8,50.6,108.6,100.0,99.0,104.2,101.7,96.0,0.0,8.0,2.0,0.0,2.0,1.0,0.0,0.0,0.25,0.4,0.25,0.65,0.5,0.2,0.4,0.25,0.75,0.0,0.0,0.0
Jesus Castillo,Available,PIT,Eastern League,AA,No,22.0,,60.0,5.7,3.6,106.9,91.7,83.3,111.0,109.9,60.2,77.0,104.1,100.5,114.7,54.7,218.0,55.0,4.0,26.0,26.0,6.0,1.0,0.252,0.317,0.344,0.661,0.317,0.083,0.223,0.253,0.407,0.34,0.145,0.073
Bryson Ware,Available,PHI,Eastern League,AA,Yes,25.0,,74.0,6.7,3.4,94.1,106.7,55.7,118.8,102.1,202.9,101.0,104.0,108.2,113.7,53.5,249.0,63.0,14.0,39.0,39.0,10.0,5.0,0.253,0.319,0.482,0.801,0.322,0.09,0.312,0.235,0.414,0.352,0.281,0.246
Thayron Liranzo,Available,DET,Eastern League,AA,Yes,22.0,,75.0,7.5,3.6,106.9,119.6,90.1,74.0,89.9,178.2,98.0,104.0,105.6,121.4,68.6,273.0,54.0,16.0,47.0,54.0,2.0,2.0,0.198,0.317,0.429,0.746,0.229,0.148,0.296,0.207,0.38,0.413,0.149,0.216
Ryan McCrystal,Available,CIN,Southern League,AA,Yes,23.0,,30.0,5.5,3.8,102.9,79.9,69.5,73.8,141.7,41.6,76.0,103.9,108.2,107.1,31.2,113.0,28.0,2.0,16.0,13.0,0.0,1.0,0.248,0.309,0.372,0.681,0.313,0.073,0.228,0.329,0.294,0.376,0.063,0.063
Easton Carmichael,Available,PIT,Eastern League,AA,Yes,22.0,,32.0,7.4,3.6,106.9,118.3,101.2,91.5,104.3,82.5,87.0,103.8,102.7,103.1,38.8,115.0,28.0,4.0,17.0,25.0,1.0,2.0,0.243,0.305,0.417,0.722,0.258,0.063,0.156,0.24,0.344,0.417,0.25,0.1
Maikol Hernández,Available,BAL,Eastern League,AA,No,22.0,,3.0,1.5,3.0,106.9,24.0,0.0,31.2,347.6,100.0,73.0,103.7,111.0,91.1,0.0,9.0,3.0,0.0,1.0,0.0,0.0,0.0,0.333,0.333,0.333,0.667,0.6,0.0,0.444,0.8,0.2,0.0,0.0,0.0
Nolan Schubart,Available,CLE,Eastern League,AA,Yes,22.0,,38.0,10.2,3.8,106.9,164.1,78.3,66.2,72.6,262.3,155.0,103.7,106.2,109.8,36.7,144.0,38.0,14.0,25.0,39.0,1.0,1.0,0.264,0.391,0.597,0.988,0.343,0.172,0.345,0.167,0.31,0.524,0.114,0.318
Jace LaViolette,The Hot and Steamy Boys (MINORS),CLE,Eastern League,AA,Yes,22.0,,21.0,9.4,4.0,106.9,150.2,53.8,130.5,64.7,225.2,99.0,103.7,97.1,94.9,19.7,85.0,17.0,6.0,20.0,16.0,5.0,0.0,0.2,0.303,0.447,0.75,0.262,0.131,0.384,0.149,0.383,0.468,0.136,0.273
Jack Brannigan,Available,PIT,Eastern League,AA,No,25.0,,33.0,6.9,3.8,94.1,110.4,47.5,112.9,100.8,220.3,110.0,103.6,108.4,106.9,27.4,124.0,28.0,8.0,22.0,18.0,1.0,0.0,0.226,0.319,0.5,0.819,0.317,0.106,0.376,0.232,0.333,0.435,0.167,0.267
Adrián Sugastey,Available,SF,Eastern League,AA,No,23.0,,36.0,6.5,3.3,102.3,103.9,133.2,68.2,116.9,61.0,91.0,103.5,108.8,113.5,27.3,120.0,33.0,2.0,15.0,22.0,2.0,1.0,0.275,0.323,0.392,0.715,0.295,0.059,0.119,0.269,0.471,0.26,0.222,0.074
Boston Smith,Available,SEA,Texas League,AA,Yes,23.0,,28.0,9.0,3.6,103.7,123.7,87.5,92.3,82.4,196.9,146.0,103.5,104.5,106.8,25.1,100.0,23.0,9.0,22.0,22.0,1.0,2.0,0.23,0.374,0.55,0.924,0.269,0.179,0.317,0.2,0.317,0.483,0.207,0.31
Theo Hardy,Available,TEX,Texas League,AA,No,24.0,,24.0,3.8,2.9,99.4,52.2,48.4,116.3,113.3,127.0,43.0,103.5,104.0,90.3,5.0,69.0,12.0,1.0,11.0,6.0,3.0,0.0,0.174,0.278,0.246,0.525,0.275,0.1,0.35,0.275,0.6,0.125,0.0,0.2
Juan Matheus,Available,MIA,Southern League,AA,No,22.0,,78.0,8.2,3.9,107.6,118.1,96.9,84.8,108.1,73.3,101.0,103.5,102.7,107.1,81.0,305.0,85.0,9.0,37.0,51.0,16.0,3.0,0.279,0.338,0.42,0.758,0.318,0.073,0.176,0.251,0.41,0.339,0.272,0.111
Diego Mosquera,Available,NYM,Eastern League,AA,Yes,22.0,,18.0,2.7,2.7,106.9,42.7,72.9,103.2,130.3,0.0,37.0,103.5,100.6,76.3,7.0,48.0,8.0,0.0,5.0,1.0,3.0,0.0,0.167,0.281,0.167,0.447,0.267,0.138,0.328,0.3,0.467,0.233,0.429,0.0
Jacob Burke,Available,CHW,Southern League,AA,Yes,25.0,,74.0,6.0,3.6,94.7,87.3,71.0,134.6,128.8,50.2,83.0,103.4,104.7,66.4,65.3,267.0,65.0,5.0,46.0,23.0,15.0,4.0,0.243,0.313,0.36,0.673,0.302,0.071,0.219,0.299,0.373,0.328,0.258,0.076
Felnin Celesten,The Hot and Steamy Boys (MINORS),SEA,Texas League,AA,Yes,20.0,,31.0,4.6,4.0,119.3,63.4,36.7,88.6,105.5,63.5,44.0,103.4,93.8,107.0,28.9,123.0,21.0,3.0,11.0,12.0,7.0,3.0,0.171,0.239,0.268,0.507,0.24,0.067,0.336,0.256,0.359,0.385,0.067,0.1
Pedro León,Available,PHI,Eastern League,AA,No,28.0,,68.0,8.6,4.1,84.0,138.2,74.4,109.1,122.1,183.1,117.0,103.3,115.4,73.8,59.0,280.0,79.0,14.0,38.0,44.0,17.0,8.0,0.282,0.361,0.479,0.839,0.361,0.101,0.275,0.281,0.391,0.328,0.333,0.222
Alex Madera,Available,CHC,Southern League,AA,Yes,25.0,,70.0,5.8,2.9,94.7,84.0,124.3,112.5,133.1,0.0,115.0,103.3,107.6,86.9,27.0,205.0,63.0,0.0,39.0,22.0,12.0,3.0,0.307,0.398,0.356,0.754,0.406,0.136,0.219,0.309,0.517,0.174,0.231,0.0
Alex Stone,Available,TOR,Eastern League,AA,No,24.0,,5.0,7.5,3.8,98.0,120.1,292.9,5.8,114.3,0.0,123.0,103.2,120.0,98.7,3.0,19.0,7.0,0.0,1.0,4.0,0.0,0.0,0.368,0.381,0.474,0.855,0.368,0.048,0.048,0.263,0.579,0.158,0.333,0.0
Cade McGee,Available,STL,Texas League,AA,Yes,23.0,,5.0,7.3,3.4,103.7,99.9,107.5,116.3,75.0,158.8,110.0,103.2,100.6,96.2,3.6,17.0,4.0,1.0,5.0,1.0,1.0,0.0,0.235,0.381,0.412,0.793,0.3,0.19,0.286,0.182,0.455,0.364,0.25,0.25
Luis Durango,Available,NYY,Eastern League,AA,Yes,23.0,,22.0,6.2,2.7,102.3,99.7,142.4,163.6,90.4,0.0,109.0,103.2,94.8,90.2,6.2,59.0,18.0,0.0,10.0,7.0,8.0,3.0,0.305,0.379,0.356,0.735,0.36,0.075,0.134,0.208,0.667,0.125,0.333,0.0
Jake Thompson,Available,LAA,Southern League,AA,Yes,28.0,,37.0,7.6,2.9,84.5,109.6,244.0,51.6,112.4,85.2,136.0,102.9,122.4,128.0,29.7,107.0,31.0,4.0,14.0,29.0,2.0,1.0,0.29,0.398,0.467,0.866,0.307,0.133,0.125,0.261,0.402,0.337,0.226,0.129
Will Verdung,Available,ATL,Southern League,AA,Yes,23.0,,49.0,4.5,3.3,102.9,65.6,103.3,108.8,112.4,39.0,60.0,102.9,101.6,122.7,34.9,162.0,33.0,2.0,19.0,12.0,7.0,2.0,0.204,0.29,0.29,0.58,0.254,0.103,0.212,0.261,0.454,0.286,0.147,0.059
Lucas Spence,Available,HOU,Texas League,AA,No,23.0,,44.0,8.9,3.9,103.7,121.2,100.2,145.8,91.1,57.8,113.0,102.8,95.7,111.7,43.0,171.0,46.0,4.0,27.0,30.0,10.0,2.0,0.269,0.371,0.433,0.804,0.328,0.094,0.203,0.221,0.443,0.336,0.182,0.091
Alec Briley,Not in Fantrax,CHW,Southern League,AA,Yes,25.0,,119.0,8.3,3.9,94.7,119.6,61.2,107.0,107.7,166.4,106.0,102.7,107.3,79.4,103.6,468.0,115.0,28.0,77.0,84.0,14.0,5.0,0.246,0.312,0.491,0.803,0.288,0.086,0.277,0.25,0.407,0.343,0.189,0.252
Connor McGinnis,Available,NYY,Eastern League,AA,Yes,23.0,,79.0,6.1,3.3,102.3,96.9,83.6,99.3,98.6,128.7,103.0,102.7,103.1,117.8,61.4,264.0,65.0,10.0,39.0,37.0,6.0,1.0,0.246,0.336,0.405,0.741,0.296,0.086,0.229,0.227,0.443,0.33,0.172,0.156
Clayton Campbell,Available,DET,Eastern League,AA,Yes,22.0,,10.0,6.0,4.0,106.9,96.1,23.9,99.3,112.1,118.0,87.0,102.7,99.9,104.9,6.8,40.0,12.0,1.0,6.0,4.0,1.0,0.0,0.3,0.31,0.4,0.71,0.367,0.024,0.238,0.258,0.516,0.226,0.143,0.143
Graham Brown,Available,MIN,Texas League,AA,No,24.0,,23.0,8.9,3.2,99.4,121.7,101.9,127.3,85.7,127.0,104.0,102.4,100.6,95.5,18.8,73.0,17.0,4.0,16.0,14.0,10.0,1.0,0.233,0.364,0.425,0.788,0.289,0.159,0.273,0.208,0.375,0.417,0.3,0.2
Ethan Petry,Available,WSH,Eastern League,AA,Yes,22.0,,63.0,6.5,3.7,106.9,103.7,39.6,48.7,96.0,225.2,102.0,102.3,106.3,100.0,50.8,236.0,55.0,15.0,25.0,41.0,2.0,0.0,0.233,0.296,0.475,0.77,0.299,0.07,0.339,0.221,0.4,0.379,0.309,0.273
Adrian Pinto,Available,TOR,Eastern League,AA,Yes,23.0,,43.0,5.7,3.5,102.3,92.0,186.6,74.0,93.0,53.6,102.0,102.3,106.0,111.1,31.3,150.0,36.0,2.0,15.0,17.0,1.0,1.0,0.24,0.352,0.387,0.739,0.288,0.14,0.169,0.214,0.521,0.265,0.226,0.065
Yeison Morrobel,Available,TEX,Texas League,AA,Yes,22.0,,40.0,7.4,4.0,108.5,101.6,56.8,112.6,106.3,61.6,111.0,102.3,96.3,112.6,30.5,161.0,51.0,3.0,21.0,22.0,4.0,1.0,0.317,0.355,0.472,0.827,0.381,0.047,0.192,0.258,0.5,0.242,0.161,0.097
Miguel Useche,Available,CHC,Southern League,AA,Yes,25.0,,42.0,7.4,3.4,94.7,107.2,124.9,62.7,116.7,110.3,142.0,102.1,112.5,110.2,35.6,141.0,44.0,6.0,21.0,23.0,3.0,1.0,0.312,0.385,0.525,0.91,0.358,0.112,0.193,0.271,0.393,0.336,0.194,0.167
Jeral Perez,Available,CHW,Southern League,AA,Yes,21.0,,60.0,4.8,3.6,112.7,69.2,76.5,71.9,106.8,60.1,58.0,102.1,98.6,96.7,43.6,217.0,39.0,4.0,25.0,25.0,4.0,1.0,0.18,0.282,0.281,0.563,0.243,0.113,0.278,0.248,0.448,0.303,0.159,0.091
Anthony DePino,Available,CHW,Southern League,AA,Yes,23.0,,93.0,7.3,3.6,102.9,105.0,87.0,57.2,108.9,130.8,122.0,102.0,107.3,90.8,90.2,338.0,88.0,19.0,42.0,60.0,2.0,1.0,0.26,0.357,0.482,0.839,0.315,0.117,0.26,0.253,0.335,0.412,0.198,0.198
Kole Myers,Available,LAD,Texas League,AA,Yes,25.0,,78.0,6.8,3.4,95.4,93.5,111.2,116.3,99.3,102.3,105.0,101.9,104.1,108.6,53.5,269.0,65.0,9.0,44.0,35.0,12.0,4.0,0.242,0.364,0.398,0.762,0.313,0.157,0.255,0.241,0.46,0.299,0.143,0.161
Colton Vincent,Available,SD,Texas League,AA,No,26.0,,1.0,0.0,1.0,91.8,0.0,100.0,1.8,412.0,100.0,-100.0,101.8,122.6,103.7,0.0,1.0,0.0,0.0,0.0,0.0,0.0,0.0,0.0,0.0,0.0,0.0,0.0,0.0,0.0,1.0,0.0,0.0,0.0,0.0
Luke Hill,Available,CLE,Eastern League,AA,Yes,22.0,,32.0,7.1,3.6,106.9,114.1,76.9,122.7,91.2,80.0,95.0,101.8,95.1,123.3,30.6,114.0,27.0,3.0,25.0,15.0,7.0,2.0,0.237,0.315,0.404,0.718,0.3,0.087,0.244,0.21,0.407,0.383,0.226,0.097
Izaac Pacheco,Available,DET,Eastern League,AA,Yes,23.0,,87.0,7.2,3.4,102.3,114.9,70.3,91.5,79.5,206.2,118.0,101.6,102.4,108.7,72.4,298.0,70.0,20.0,40.0,57.0,5.0,0.0,0.235,0.344,0.493,0.837,0.307,0.141,0.338,0.183,0.372,0.444,0.113,0.25
Miguel Briceno,Available,MIN,Texas League,AA,Yes,22.0,,10.0,1.5,3.2,108.5,20.5,54.3,72.0,137.2,0.0,-1.0,101.6,100.9,103.9,6.0,32.0,5.0,0.0,1.0,0.0,1.0,0.0,0.156,0.206,0.188,0.393,0.208,0.059,0.235,0.333,0.417,0.25,0.167,0.0
Douglas Hodo III,Available,BAL,Eastern League,AA,Yes,25.0,,48.0,7.5,3.7,94.1,120.6,47.7,171.4,88.6,143.5,75.0,101.6,96.9,163.3,44.4,176.0,38.0,8.0,28.0,28.0,13.0,1.0,0.216,0.277,0.426,0.704,0.275,0.073,0.307,0.204,0.389,0.407,0.283,0.174
Josh Moylan,Available,NYY,Eastern League,AA,Yes,23.0,,62.0,6.7,3.4,102.3,106.7,53.5,60.4,97.3,206.2,103.0,101.5,106.6,105.3,51.0,213.0,50.0,14.0,32.0,40.0,2.0,1.0,0.235,0.298,0.479,0.777,0.277,0.081,0.302,0.224,0.385,0.392,0.214,0.25
Brandon Forrester,Available,HOU,Texas League,AA,Yes,22.0,,8.0,2.4,2.8,108.5,33.4,38.8,116.3,123.6,0.0,12.0,101.5,94.3,106.2,1.1,22.0,3.0,0.0,3.0,1.0,1.0,0.0,0.136,0.24,0.136,0.376,0.273,0.115,0.423,0.3,0.6,0.1,0.0,0.0
Austin Murr,Available,PHI,Eastern League,AA,Yes,27.0,,53.0,7.7,3.4,87.1,123.7,105.3,140.2,105.6,104.8,122.0,101.4,105.8,95.8,53.2,182.0,54.0,7.0,29.0,27.0,9.0,1.0,0.297,0.352,0.522,0.874,0.329,0.07,0.164,0.243,0.385,0.372,0.273,0.127
Travis Honeyman,Available,STL,Texas League,AA,Yes,24.0,,71.0,8.3,3.6,99.4,114.0,149.8,136.6,72.9,84.5,107.0,101.4,97.7,111.7,59.2,256.0,72.0,8.0,50.0,30.0,25.0,5.0,0.281,0.375,0.41,0.785,0.32,0.111,0.166,0.177,0.527,0.296,0.3,0.133
Corey Collins,Available,NYM,Eastern League,AA,Yes,24.0,,39.0,7.7,3.1,98.0,122.8,122.5,87.6,75.2,188.9,141.0,101.2,105.2,100.5,32.4,121.0,31.0,8.0,26.0,25.0,1.0,1.0,0.256,0.393,0.504,0.897,0.307,0.173,0.26,0.173,0.395,0.432,0.229,0.229
Javier Rivas,Available,PIT,Eastern League,AA,Yes,23.0,,77.0,4.8,3.6,102.3,76.9,42.7,107.1,98.6,139.4,67.0,101.2,99.4,77.8,58.1,276.0,61.0,10.0,32.0,28.0,3.0,1.0,0.221,0.264,0.395,0.658,0.267,0.051,0.264,0.227,0.469,0.304,0.237,0.169
Eli Serrano III,Available,NYM,Eastern League,AA,Yes,23.0,,64.0,5.5,3.6,102.3,88.7,93.3,124.6,96.5,61.0,77.0,101.2,97.1,77.4,67.1,228.0,43.0,5.0,27.0,26.0,7.0,2.0,0.189,0.299,0.342,0.641,0.244,0.125,0.265,0.222,0.348,0.43,0.25,0.074
Ali Camarillo,Available,ATH,Texas League,AA,Yes,23.0,,18.0,10.1,4.1,103.7,138.0,154.5,35.1,114.9,37.5,171.0,101.1,108.3,103.5,16.7,73.0,30.0,1.0,9.0,18.0,1.0,2.0,0.411,0.469,0.562,1.031,0.483,0.099,0.148,0.279,0.443,0.279,0.235,0.059
Omar Alfonzo,Available,NYY,Eastern League,AA,Yes,22.0,,84.0,5.2,3.5,106.9,83.2,55.4,31.2,106.4,171.6,73.0,101.1,106.7,107.6,45.9,298.0,61.0,10.0,38.0,45.0,0.0,0.0,0.205,0.296,0.346,0.642,0.29,0.102,0.336,0.245,0.495,0.261,0.208,0.208
Colby Shelton,Available,CHW,Southern League,AA,Yes,23.0,,91.0,6.9,3.6,102.9,99.3,78.9,101.4,91.3,124.8,92.0,101.1,99.7,118.2,85.7,329.0,71.0,17.0,48.0,52.0,8.0,3.0,0.216,0.296,0.444,0.739,0.24,0.094,0.243,0.212,0.407,0.381,0.156,0.189
Bryan Broecker,Available,TB,Southern League,AA,No,24.0,,5.0,6.8,2.6,98.6,98.5,156.4,101.4,107.7,0.0,155.0,101.0,102.5,120.0,2.0,13.0,4.0,0.0,4.0,1.0,1.0,0.0,0.308,0.526,0.308,0.834,0.5,0.316,0.263,0.25,0.5,0.25,0.5,0.0
Drew Bowser,Available,CHC,Southern League,AA,Yes,24.0,,29.0,4.6,3.1,98.6,67.2,25.8,131.0,107.7,116.2,78.0,101.0,98.4,96.8,16.7,89.0,21.0,3.0,12.0,13.0,2.0,0.0,0.236,0.292,0.36,0.651,0.353,0.052,0.365,0.25,0.423,0.327,0.235,0.176
Jack Payton,Available,SF,Eastern League,AA,Yes,24.0,,80.0,5.2,3.2,98.0,83.6,94.8,87.6,122.1,45.4,95.0,100.9,104.6,111.2,56.1,257.0,70.0,3.0,26.0,31.0,8.0,2.0,0.272,0.344,0.374,0.717,0.342,0.089,0.213,0.281,0.432,0.286,0.273,0.055
Nikau Pouaka-Grego,Available,PHI,Eastern League,AA,Yes,21.0,,11.0,1.1,2.5,112.0,18.2,34.8,42.8,144.7,0.0,16.0,100.9,101.2,98.2,2.0,28.0,3.0,0.0,3.0,1.0,0.0,0.0,0.107,0.265,0.107,0.372,0.25,0.114,0.457,0.333,0.5,0.167,0.5,0.0
Casey Yamauchi,Available,ATH,Texas League,AA,No,25.0,,52.0,9.0,4.1,95.4,123.4,115.0,134.7,93.1,75.6,99.0,100.9,99.8,107.7,42.0,211.0,62.0,5.0,36.0,27.0,18.0,3.0,0.294,0.351,0.412,0.763,0.306,0.038,0.09,0.226,0.548,0.226,0.238,0.119
John Bay,Available,NYM,Eastern League,AA,Yes,25.0,,34.0,6.8,3.4,94.1,108.5,77.0,101.3,113.0,107.2,109.0,100.8,105.3,93.7,22.4,116.0,30.0,3.0,21.0,16.0,7.0,3.0,0.259,0.362,0.388,0.75,0.36,0.116,0.29,0.26,0.442,0.299,0.174,0.13
Daniel Guilarte,Available,MIL,Southern League,AA,No,22.0,,16.0,4.6,3.1,107.6,66.5,152.1,112.5,55.1,110.3,72.0,100.7,94.2,77.5,11.4,49.0,9.0,2.0,5.0,4.0,1.0,0.0,0.184,0.286,0.367,0.653,0.189,0.123,0.175,0.128,0.564,0.308,0.167,0.167
Erick Brito,Available,PHI,Eastern League,AA,Yes,24.0,,26.0,8.1,3.3,98.0,129.6,126.5,122.7,98.6,35.5,110.0,100.6,99.2,141.0,23.0,86.0,26.0,1.0,16.0,10.0,11.0,2.0,0.302,0.386,0.407,0.793,0.379,0.115,0.202,0.227,0.424,0.348,0.174,0.043
Luke Shliger,Available,DET,Eastern League,AA,No,24.0,,14.0,11.2,3.6,98.0,180.1,94.6,120.7,86.9,118.0,195.0,100.5,99.3,94.1,19.4,50.0,20.0,3.0,9.0,14.0,2.0,1.0,0.4,0.439,0.72,1.159,0.459,0.088,0.211,0.2,0.275,0.525,0.095,0.143
Jaime Ferrer,Available,MIN,Texas League,AA,Yes,23.0,,71.0,5.6,3.6,103.7,76.7,51.1,105.2,109.2,71.8,72.0,100.5,97.6,113.7,51.8,258.0,60.0,6.0,31.0,29.0,9.0,1.0,0.233,0.31,0.36,0.671,0.298,0.059,0.247,0.265,0.449,0.286,0.34,0.113
Shalin Polanco,Available,PIT,Eastern League,AA,Yes,22.0,,18.0,2.7,3.1,106.9,42.7,37.4,70.1,140.3,0.0,32.0,100.3,100.0,99.8,11.0,56.0,10.0,0.0,2.0,7.0,0.0,1.0,0.179,0.254,0.232,0.486,0.323,0.094,0.406,0.323,0.323,0.355,0.545,0.0
Max Holy,Available,HOU,Texas League,AA,Yes,23.0,,87.0,6.1,3.4,103.7,83.6,89.2,97.8,101.8,59.1,77.0,100.3,98.2,119.0,74.2,292.0,58.0,7.0,47.0,31.0,24.0,8.0,0.199,0.334,0.305,0.639,0.277,0.156,0.295,0.247,0.349,0.403,0.28,0.093
Edward Duran,Available,TOR,Eastern League,AA,Yes,22.0,,11.0,6.0,3.5,106.9,96.1,27.8,111.0,108.6,63.5,72.0,100.1,93.9,85.9,12.6,39.0,10.0,1.0,6.0,6.0,1.0,0.0,0.256,0.295,0.359,0.654,0.29,0.023,0.205,0.25,0.344,0.406,0.0,0.077
Arturo Disla,Available,TEX,Texas League,AA,Yes,25.0,,89.0,8.3,3.9,95.4,114.0,77.1,64.6,109.6,149.3,118.0,100.0,108.2,128.3,65.4,345.0,99.0,16.0,49.0,71.0,2.0,1.0,0.287,0.363,0.507,0.87,0.358,0.102,0.259,0.266,0.452,0.282,0.279,0.235
Chris Meyers,Available,DET,Eastern League,AA,No,27.0,,65.0,7.4,3.5,87.1,119.0,120.4,116.8,101.7,108.9,124.0,100.0,106.6,113.8,51.0,230.0,61.0,7.0,41.0,35.0,6.0,1.0,0.265,0.379,0.443,0.822,0.335,0.132,0.228,0.234,0.449,0.317,0.302,0.132
Yerlin Confidan,Available,CIN,Southern League,AA,Yes,23.0,,48.0,5.8,3.5,102.9,83.9,63.9,64.6,93.0,171.1,90.0,100.0,102.9,104.5,25.5,170.0,44.0,7.0,19.0,24.0,2.0,2.0,0.259,0.317,0.429,0.747,0.314,0.075,0.247,0.216,0.568,0.216,0.222,0.259
Jeron Williams,Available,HOU,Texas League,AA,Yes,25.0,,18.0,6.1,3.1,95.4,83.6,58.9,114.4,119.1,63.5,81.0,100.0,101.2,122.6,10.0,56.0,13.0,1.0,8.0,6.0,7.0,2.0,0.232,0.317,0.357,0.675,0.316,0.079,0.27,0.289,0.447,0.263,0.0,0.1
Alexis Hernandez,Available,TOR,Eastern League,AA,Yes,23.0,,23.0,6.8,3.7,102.3,109.3,135.2,66.2,105.6,37.1,140.0,99.8,102.8,101.5,21.7,86.0,30.0,1.0,9.0,7.0,4.0,2.0,0.349,0.417,0.465,0.882,0.42,0.093,0.165,0.243,0.443,0.314,0.227,0.045
Taylor Young,Available,LAD,Texas League,AA,No,27.0,,50.0,9.6,3.8,88.4,131.1,174.4,127.3,86.9,68.6,139.0,99.7,103.9,78.9,37.3,189.0,62.0,4.0,41.0,25.0,16.0,2.0,0.328,0.43,0.45,0.88,0.392,0.135,0.166,0.211,0.537,0.252,0.108,0.108
Nate Nankil,Available,ATH,Texas League,AA,Yes,23.0,,22.0,7.5,4.1,103.7,103.0,109.3,70.1,89.0,111.8,95.0,99.7,101.2,96.4,16.6,91.0,25.0,3.0,14.0,13.0,1.0,0.0,0.275,0.343,0.407,0.75,0.306,0.078,0.167,0.216,0.554,0.23,0.353,0.176
Austin St. Laurent,Available,SEA,Texas League,AA,Yes,23.0,,2.0,3.8,3.0,103.7,51.3,219.7,1.8,82.4,100.0,157.0,99.6,110.6,103.3,0.0,6.0,2.0,0.0,0.0,0.0,0.0,0.0,0.333,0.429,0.5,0.929,0.4,0.143,0.143,0.2,0.8,0.0,0.0,0.0
Jason Schiavone,Available,HOU,Texas League,AA,Yes,23.0,,79.0,7.6,3.6,103.7,104.4,70.7,88.6,80.3,162.0,109.0,99.6,98.5,120.7,51.4,283.0,66.0,14.0,46.0,44.0,20.0,7.0,0.233,0.357,0.428,0.784,0.329,0.145,0.33,0.195,0.479,0.325,0.182,0.255
D'Andre Smith,Available,NYM,Eastern League,AA,No,25.0,,31.0,7.0,3.6,94.1,112.3,77.9,165.5,96.0,52.0,75.0,99.6,94.2,46.8,31.6,113.0,24.0,2.0,16.0,18.0,7.0,2.0,0.212,0.287,0.363,0.65,0.259,0.078,0.225,0.221,0.407,0.372,0.094,0.063
Fernando Peguero,Available,BAL,Eastern League,AA,No,21.0,,65.0,5.4,2.7,112.0,86.1,70.4,124.6,73.4,72.6,59.0,99.5,87.5,115.9,34.6,176.0,39.0,3.0,22.0,21.0,23.0,2.0,0.222,0.298,0.312,0.61,0.3,0.095,0.276,0.169,0.542,0.288,0.235,0.088
Eric Hartman,Cant Park Here (MINORS),ATL,Southern League,AA,Yes,20.0,,29.0,7.3,3.9,118.3,105.6,75.5,156.8,53.0,44.2,75.0,99.4,78.3,103.0,29.6,114.0,23.0,2.0,19.0,9.0,14.0,2.0,0.202,0.321,0.298,0.619,0.292,0.127,0.299,0.123,0.466,0.411,0.367,0.067
Logan Wagner,Available,LAD,Texas League,AA,Yes,22.0,,27.0,5.9,3.3,108.5,80.8,84.4,60.9,91.5,106.1,83.0,99.3,98.6,100.6,22.6,89.0,16.0,4.0,13.0,15.0,1.0,0.0,0.18,0.324,0.348,0.672,0.235,0.167,0.315,0.222,0.333,0.444,0.5,0.167
Kien Vu,Available,CIN,Southern League,AA,Yes,22.0,,48.0,5.0,3.2,107.6,72.4,57.2,114.4,85.3,87.2,53.0,99.2,91.5,96.0,36.1,156.0,27.0,5.0,22.0,21.0,5.0,2.0,0.173,0.275,0.314,0.589,0.229,0.095,0.307,0.198,0.426,0.376,0.316,0.132
Dayson Croes,Available,SF,Eastern League,AA,No,26.0,,62.0,6.6,4.2,90.5,106.0,142.8,111.0,107.7,28.0,87.0,99.1,103.6,58.7,59.3,259.0,70.0,2.0,36.0,24.0,6.0,4.0,0.27,0.329,0.355,0.684,0.305,0.066,0.122,0.248,0.486,0.266,0.155,0.034
Jose Astudillo,Available,SF,Eastern League,AA,No,22.0,,16.0,5.9,3.5,106.9,94.6,152.2,97.4,85.2,0.0,52.0,99.1,94.1,109.1,14.9,56.0,13.0,0.0,6.0,8.0,4.0,2.0,0.232,0.283,0.268,0.551,0.265,0.065,0.113,0.196,0.5,0.304,0.214,0.0
Carter Graham,Available,CIN,Southern League,AA,Yes,24.0,,55.0,8.0,3.6,98.6,116.4,111.0,70.1,90.9,125.5,132.0,98.9,103.3,122.3,54.7,200.0,56.0,11.0,40.0,30.0,4.0,2.0,0.28,0.39,0.51,0.9,0.336,0.131,0.233,0.211,0.38,0.408,0.207,0.19
Branden Boissiere,Available,WSH,Eastern League,AA,Yes,26.0,,60.0,8.3,3.9,90.5,132.8,68.5,87.6,112.5,130.3,123.0,98.8,106.4,91.0,54.6,235.0,67.0,9.0,29.0,49.0,4.0,0.0,0.285,0.352,0.494,0.846,0.374,0.097,0.285,0.259,0.389,0.352,0.193,0.158
Matt Fraizer,Available,BOS,Eastern League,AA,Yes,28.0,,23.0,8.0,3.4,84.0,128.1,83.8,144.1,122.1,41.2,128.0,98.8,103.0,82.2,20.7,78.0,24.0,1.0,12.0,17.0,2.0,0.0,0.308,0.368,0.513,0.881,0.39,0.08,0.218,0.281,0.368,0.351,0.1,0.05
J.R. Freethy,Available,TOR,Eastern League,AA,Yes,23.0,,30.0,4.0,3.0,102.3,63.8,125.6,60.4,105.6,41.2,67.0,98.8,102.1,102.5,20.0,90.0,19.0,1.0,10.0,8.0,2.0,2.0,0.211,0.314,0.278,0.592,0.257,0.105,0.19,0.243,0.471,0.286,0.05,0.05
Carlos Sanchez,Available,CIN,Southern League,AA,Yes,21.0,,53.0,5.3,3.7,112.7,76.4,103.1,94.1,62.4,100.4,73.0,98.8,90.1,103.5,31.8,194.0,39.0,5.0,32.0,13.0,5.0,2.0,0.201,0.329,0.309,0.638,0.27,0.16,0.273,0.145,0.603,0.252,0.152,0.152
Raider Tello,Available,PHI,Eastern League,AA,Yes,25.0,,37.0,7.5,3.5,94.1,120.7,71.8,48.7,119.5,130.3,111.0,98.7,109.2,100.2,18.6,130.0,40.0,3.0,24.0,30.0,0.0,1.0,0.308,0.374,0.431,0.805,0.416,0.095,0.272,0.275,0.516,0.209,0.105,0.158
Anthony Scull,Available,LAA,Southern League,AA,Yes,22.0,,39.0,4.5,3.5,107.6,64.6,32.9,81.2,106.4,79.9,88.0,98.7,95.3,112.1,31.6,135.0,35.0,4.0,17.0,11.0,1.0,3.0,0.259,0.299,0.407,0.706,0.333,0.041,0.269,0.247,0.412,0.34,0.182,0.121
Juan Flores,Available,LAA,Southern League,AA,Yes,20.0,,46.0,4.6,3.7,118.3,66.4,17.6,38.7,105.9,82.6,54.0,98.6,93.6,104.4,38.3,170.0,34.0,5.0,19.0,23.0,0.0,0.0,0.2,0.246,0.329,0.575,0.266,0.027,0.315,0.246,0.404,0.351,0.25,0.125
Eric Snow,Available,TOR,Eastern League,AA,Yes,22.0,,25.0,6.3,3.9,106.9,100.9,125.5,95.4,74.3,63.5,73.0,98.5,93.3,125.3,13.5,98.0,23.0,1.0,11.0,9.0,6.0,2.0,0.235,0.309,0.337,0.646,0.278,0.091,0.173,0.171,0.658,0.171,0.385,0.077
Jose Salas,Available,MIN,Texas League,AA,Yes,23.0,,53.0,5.1,3.1,103.7,70.4,40.4,116.3,82.4,130.8,52.0,98.5,92.7,94.9,32.1,166.0,31.0,7.0,21.0,17.0,15.0,2.0,0.187,0.266,0.343,0.609,0.242,0.074,0.335,0.2,0.476,0.324,0.265,0.206
Victor Arias,Available,TOR,Eastern League,AA,Yes,22.0,,83.0,6.1,3.8,106.9,97.6,57.8,114.9,76.9,108.9,74.0,98.5,90.7,83.9,73.5,313.0,71.0,10.0,42.0,43.0,8.0,7.0,0.227,0.278,0.387,0.664,0.272,0.06,0.235,0.177,0.496,0.328,0.25,0.132
Hedbert Perez,Available,TOR,Eastern League,AA,Yes,23.0,,45.0,5.7,3.3,102.3,91.6,87.2,68.2,89.5,127.0,103.0,98.4,100.2,122.8,37.4,150.0,34.0,6.0,17.0,18.0,6.0,3.0,0.227,0.337,0.42,0.757,0.301,0.137,0.291,0.206,0.392,0.402,0.282,0.154
Chase Davis,Available,STL,Texas League,AA,No,24.0,,37.0,8.7,3.5,99.4,118.7,124.0,97.8,64.7,149.3,106.0,98.3,98.0,151.1,32.1,130.0,30.0,8.0,24.0,24.0,9.0,1.0,0.231,0.359,0.446,0.805,0.262,0.167,0.244,0.157,0.461,0.382,0.147,0.235
Ismael Munguia,Available,TOR,Eastern League,AA,No,27.0,,17.0,7.9,3.2,87.1,126.7,288.5,75.9,69.5,52.0,130.0,98.2,109.4,113.1,16.0,55.0,19.0,1.0,12.0,9.0,2.0,2.0,0.345,0.409,0.455,0.864,0.36,0.118,0.103,0.16,0.52,0.32,0.25,0.063
Malcolm Moore,Available,TEX,Texas League,AA,Yes,22.0,,46.0,6.2,3.7,108.5,84.5,70.8,66.4,93.5,87.7,90.0,98.2,96.0,107.6,55.5,168.0,37.0,8.0,23.0,24.0,0.0,2.0,0.22,0.32,0.423,0.742,0.254,0.082,0.242,0.227,0.286,0.487,0.138,0.138
T.J. White,Available,WSH,Eastern League,AA,Yes,22.0,,58.0,4.3,3.3,106.9,69.4,67.4,54.5,98.6,99.0,78.0,98.1,98.4,108.6,49.6,194.0,43.0,6.0,21.0,21.0,0.0,2.0,0.222,0.295,0.361,0.656,0.282,0.086,0.268,0.227,0.394,0.379,0.14,0.12
Walker Janek,Available,HOU,Texas League,AA,Yes,23.0,,55.0,7.6,3.8,103.7,103.9,34.2,131.0,86.1,92.7,69.0,97.9,89.6,113.1,46.2,211.0,49.0,7.0,24.0,35.0,22.0,2.0,0.232,0.282,0.37,0.652,0.326,0.062,0.335,0.209,0.433,0.358,0.208,0.146
Maick Collado,Available,CLE,Eastern League,AA,No,23.0,,29.0,6.9,3.3,102.3,111.3,152.4,74.0,82.6,53.6,85.0,97.8,98.4,89.8,30.6,95.0,25.0,2.0,14.0,21.0,1.0,0.0,0.263,0.318,0.368,0.687,0.277,0.081,0.135,0.19,0.44,0.369,0.194,0.065
Garrett Pennington,Available,DET,Eastern League,AA,Yes,25.0,,24.0,8.1,4.0,94.1,129.1,58.2,79.8,97.3,165.0,120.0,97.7,103.2,109.2,18.8,96.0,27.0,4.0,14.0,20.0,0.0,1.0,0.281,0.349,0.479,0.828,0.365,0.075,0.274,0.224,0.478,0.299,0.15,0.2
David Calabrese,Available,TOR,Southern League,AA,Yes,23.0,,74.0,4.8,3.1,102.9,69.9,103.9,97.8,89.1,48.9,76.0,97.7,94.6,116.2,67.3,231.0,51.0,5.0,31.0,21.0,7.0,2.0,0.221,0.295,0.351,0.645,0.26,0.092,0.195,0.207,0.413,0.38,0.206,0.074
Nelson Quiroz,Available,LAD,Texas League,AA,Yes,24.0,,14.0,5.2,3.7,99.4,71.9,92.9,29.5,114.9,90.8,101.0,97.6,106.3,91.3,6.8,52.0,15.0,1.0,7.0,4.0,0.0,0.0,0.288,0.333,0.442,0.776,0.333,0.07,0.175,0.279,0.558,0.163,0.286,0.143
Alex McCoy,Available,SD,Texas League,AA,Yes,24.0,,20.0,7.5,4.1,99.4,103.0,40.7,55.4,114.5,119.4,114.0,97.6,102.8,101.2,15.4,82.0,25.0,3.0,11.0,14.0,2.0,2.0,0.305,0.348,0.451,0.8,0.423,0.067,0.315,0.278,0.426,0.296,0.063,0.188
Kevin Villavicencio,Available,NYM,Eastern League,AA,No,22.0,,29.0,4.1,3.5,106.9,66.0,38.1,74.0,103.0,82.5,41.0,97.6,94.9,77.4,20.3,102.0,21.0,2.0,9.0,10.0,3.0,2.0,0.206,0.239,0.284,0.523,0.247,0.037,0.229,0.237,0.5,0.263,0.15,0.1
Jack Winnay,Available,BOS,Eastern League,AA,Yes,23.0,,45.0,5.9,3.5,102.3,95.2,119.0,35.1,95.6,97.3,115.0,97.4,103.2,111.2,49.7,157.0,42.0,6.0,26.0,15.0,0.0,0.0,0.268,0.365,0.439,0.804,0.313,0.105,0.199,0.22,0.347,0.432,0.196,0.118
Cameron Sisneros,Available,HOU,Southern League,AA,Yes,25.0,,14.0,6.6,3.1,94.7,95.2,260.4,22.1,83.5,41.6,120.0,97.3,110.1,110.3,15.5,43.0,11.0,1.0,7.0,7.0,0.0,0.0,0.256,0.404,0.372,0.776,0.286,0.211,0.158,0.194,0.361,0.444,0.25,0.063
Guillermo Rosario,Available,PHI,Eastern League,AA,Yes,21.0,,1.0,25.0,3.0,112.0,400.3,162.0,50.6,0.0,412.5,310.0,97.3,94.1,65.0,1.0,3.0,1.0,1.0,2.0,3.0,0.0,0.0,0.333,0.5,1.333,1.833,0.0,0.25,0.25,0.0,0.0,1.0,0.0,0.5
Kenni Gomez,Available,HOU,Texas League,AA,Yes,21.0,,23.0,3.2,2.8,113.6,44.3,9.2,129.2,98.1,0.0,45.0,97.3,82.0,84.0,9.2,65.0,14.0,0.0,9.0,7.0,1.0,1.0,0.215,0.25,0.308,0.558,0.326,0.015,0.324,0.238,0.548,0.214,0.111,0.0
Jack O'Dowd,Available,COL,Eastern League,AA,Yes,25.0,,46.0,6.3,3.8,94.1,100.4,59.0,52.6,114.3,131.2,101.0,97.1,105.9,132.4,41.4,174.0,43.0,7.0,16.0,26.0,2.0,0.0,0.247,0.325,0.443,0.767,0.324,0.086,0.293,0.263,0.364,0.373,0.159,0.159
Justin DeCriscio,Available,SD,Texas League,AA,Yes,23.0,,15.0,3.6,3.5,103.7,48.8,73.8,72.0,117.8,0.0,87.0,97.0,96.4,103.4,8.2,52.0,13.0,0.0,4.0,0.0,3.0,1.0,0.25,0.35,0.288,0.638,0.361,0.098,0.262,0.286,0.486,0.229,0.25,0.0
Matt King,Available,PIT,Eastern League,AA,Yes,23.0,,62.0,4.7,2.8,102.3,74.6,157.4,109.1,77.8,0.0,74.0,97.0,92.2,133.7,32.7,174.0,43.0,0.0,23.0,15.0,10.0,0.0,0.247,0.337,0.287,0.624,0.301,0.103,0.157,0.179,0.593,0.229,0.469,0.0
Ivan Brethowr,Available,PIT,Eastern League,AA,Yes,23.0,,52.0,4.3,3.3,102.3,68.2,81.8,109.1,86.0,61.9,72.0,97.0,92.2,94.6,39.6,172.0,31.0,3.0,21.0,12.0,6.0,1.0,0.18,0.321,0.291,0.611,0.267,0.143,0.31,0.198,0.425,0.377,0.2,0.075
Marcus Brown,Available,HOU,Eastern League,AA,No,24.0,,25.0,3.6,2.4,98.0,57.6,148.7,70.1,88.6,58.6,88.0,96.9,100.5,99.0,13.7,59.0,14.0,1.0,6.0,6.0,1.0,0.0,0.237,0.328,0.339,0.667,0.271,0.088,0.147,0.204,0.51,0.286,0.143,0.071
Drake Logan,Available,CHW,Southern League,AA,Yes,25.0,,23.0,5.3,3.0,94.7,77.1,29.4,97.8,101.2,141.3,92.0,96.9,98.9,111.0,14.0,69.0,16.0,3.0,9.0,11.0,3.0,0.0,0.232,0.303,0.42,0.723,0.382,0.078,0.416,0.235,0.353,0.412,0.429,0.214
Jose Colmenares,Available,CHW,Southern League,AA,Yes,24.0,,22.0,6.2,3.1,98.6,89.9,86.8,79.3,93.0,99.1,99.0,96.9,98.7,110.4,18.8,69.0,16.0,3.0,9.0,11.0,3.0,1.0,0.232,0.325,0.42,0.745,0.271,0.099,0.235,0.216,0.392,0.392,0.25,0.15
Connor Caskenette,Available,MIA,Southern League,AA,Yes,24.0,,50.0,5.0,3.4,98.6,73.0,49.6,129.1,86.1,96.4,64.0,96.9,91.8,121.3,40.4,170.0,36.0,6.0,22.0,17.0,7.0,0.0,0.212,0.266,0.359,0.625,0.254,0.06,0.255,0.2,0.458,0.342,0.195,0.146
Chase Heath,Available,STL,Texas League,AA,Yes,22.0,,5.0,3.1,3.8,108.5,42.4,26.4,99.7,112.5,0.0,49.0,96.9,89.0,76.6,3.3,19.0,5.0,0.0,2.0,0.0,1.0,0.0,0.263,0.3,0.263,0.563,0.417,0.05,0.35,0.273,0.455,0.273,0.333,0.0
Quinn McDaniel,Available,MIN,Texas League,AA,Yes,23.0,,26.0,4.9,3.2,103.7,67.1,172.1,88.6,76.6,0.0,66.0,96.7,93.5,99.3,18.3,82.0,15.0,0.0,14.0,5.0,4.0,1.0,0.183,0.356,0.207,0.563,0.25,0.202,0.212,0.186,0.508,0.305,0.333,0.0
Yoeilin Cespedes,Daddy Yankee (MINORS),BOS,Eastern League,AA,Yes,20.0,,22.0,4.4,4.0,117.6,70.2,41.9,64.3,84.3,66.0,38.0,96.7,87.3,101.9,24.6,89.0,17.0,2.0,7.0,9.0,1.0,0.0,0.191,0.234,0.303,0.537,0.246,0.053,0.274,0.194,0.403,0.403,0.48,0.08
Juan Benjamin,Available,CLE,Eastern League,AA,No,23.0,,47.0,4.8,2.9,102.3,76.5,117.6,146.1,61.7,47.0,59.0,96.7,86.4,106.4,34.6,138.0,25.0,2.0,23.0,13.0,8.0,2.0,0.181,0.276,0.29,0.565,0.219,0.101,0.196,0.142,0.528,0.33,0.2,0.057
Colby Jones,Available,ATL,Southern League,AA,Yes,22.0,,4.0,7.2,2.8,107.6,105.0,39.6,154.9,86.1,0.0,98.0,96.6,81.4,97.2,2.0,11.0,2.0,0.0,1.0,1.0,3.0,0.0,0.182,0.308,0.455,0.762,0.4,0.154,0.462,0.2,0.4,0.4,0.0,0.0
Wuilfredo Antunez,Available,PHI,Eastern League,AA,Yes,24.0,,81.0,5.8,3.7,98.0,93.5,46.3,107.1,82.1,144.4,73.0,96.5,94.6,108.3,74.3,300.0,60.0,14.0,37.0,47.0,5.0,3.0,0.2,0.261,0.403,0.664,0.253,0.079,0.327,0.189,0.403,0.408,0.138,0.175
Grant Magill,Available,CHW,Southern League,AA,Yes,25.0,,41.0,4.3,3.4,94.7,62.5,36.4,73.8,126.6,66.0,59.0,96.4,101.4,99.9,28.9,140.0,28.0,3.0,11.0,21.0,1.0,0.0,0.2,0.269,0.321,0.591,0.305,0.077,0.365,0.294,0.353,0.353,0.2,0.1
Tucker Toman,Available,TOR,Eastern League,AA,Yes,22.0,,19.0,4.2,3.6,106.9,66.6,95.3,52.6,90.4,68.5,75.0,96.4,95.9,102.8,12.2,68.0,15.0,1.0,7.0,4.0,1.0,1.0,0.221,0.312,0.324,0.635,0.286,0.104,0.234,0.208,0.542,0.25,0.167,0.083
Poncho Ruiz,Available,MIN,Texas League,AA,Yes,24.0,,25.0,4.5,3.1,99.4,61.9,126.2,107.0,75.4,60.3,58.0,96.4,93.5,80.3,20.6,77.0,15.0,2.0,5.0,8.0,3.0,0.0,0.195,0.292,0.325,0.617,0.22,0.112,0.191,0.183,0.467,0.35,0.286,0.095
Calvin Harris,Available,CHW,Southern League,AA,Yes,24.0,,36.0,6.1,3.3,98.6,88.9,139.9,38.7,98.2,64.7,83.0,96.3,103.4,124.1,40.1,120.0,26.0,4.0,15.0,22.0,1.0,2.0,0.217,0.317,0.35,0.667,0.244,0.129,0.193,0.228,0.326,0.446,0.268,0.098
Adrian De Leon,Available,ARI,Texas League,AA,Yes,22.0,,24.0,2.4,3.0,108.5,33.4,35.2,70.1,103.0,57.8,24.0,96.3,92.3,57.0,11.3,73.0,12.0,1.0,7.0,4.0,1.0,0.0,0.164,0.274,0.233,0.507,0.297,0.093,0.407,0.25,0.444,0.306,0.364,0.091
Gustavo Campero,Available,LAA,Southern League,AA,No,28.0,,44.0,9.4,3.8,84.5,135.6,140.5,110.7,93.0,77.9,126.0,96.2,103.0,108.5,49.9,167.0,48.0,6.0,40.0,27.0,11.0,4.0,0.287,0.375,0.455,0.83,0.309,0.078,0.135,0.216,0.417,0.367,0.176,0.118
JT Benson,Available,NYM,Eastern League,AA,Yes,24.0,,25.0,4.7,2.5,98.0,75.9,63.9,136.3,79.9,82.5,51.0,96.2,89.9,91.5,19.6,63.0,12.0,2.0,9.0,10.0,4.0,0.0,0.19,0.254,0.302,0.555,0.208,0.055,0.205,0.184,0.408,0.408,0.45,0.1
Roberto Campos,Available,DET,Eastern League,AA,Yes,23.0,,17.0,5.0,3.5,102.3,80.5,135.4,126.6,74.3,0.0,105.0,96.2,88.4,112.9,13.3,59.0,15.0,0.0,6.0,3.0,2.0,0.0,0.254,0.38,0.339,0.719,0.357,0.169,0.239,0.171,0.512,0.317,0.231,0.0
Archer Brookman,Available,ATL,Southern League,AA,Yes,27.0,,75.0,5.1,3.3,87.7,73.5,128.4,25.8,113.7,114.3,94.0,95.9,112.2,107.5,51.2,244.0,57.0,9.0,34.0,25.0,0.0,0.0,0.234,0.339,0.365,0.704,0.268,0.12,0.197,0.264,0.451,0.286,0.25,0.173
Mason White,Available,BOS,Eastern League,AA,Yes,22.0,,29.0,4.6,3.3,106.9,72.9,70.9,74.0,80.8,91.6,69.0,95.8,91.9,103.4,26.1,95.0,18.0,3.0,14.0,11.0,0.0,0.0,0.189,0.301,0.326,0.627,0.263,0.133,0.327,0.186,0.356,0.458,0.259,0.111
Roynier Hernandez,Available,COL,Eastern League,AA,Yes,21.0,,9.0,4.8,3.7,112.0,76.5,26.3,15.6,133.8,0.0,50.0,95.7,96.4,118.3,10.0,33.0,9.0,0.0,2.0,5.0,0.0,0.0,0.273,0.278,0.303,0.581,0.346,0.027,0.243,0.308,0.308,0.385,0.2,0.0
Euribiel Angeles,Available,ATH,Texas League,AA,No,24.0,,70.0,6.6,3.8,99.4,89.9,99.3,92.3,90.2,48.9,74.0,95.7,94.4,77.8,64.4,269.0,70.0,5.0,36.0,35.0,8.0,4.0,0.26,0.31,0.368,0.678,0.293,0.064,0.155,0.219,0.491,0.29,0.323,0.077
Caleb Bartolero,Available,LAA,Southern League,AA,Yes,26.0,,73.0,6.7,3.6,91.0,97.0,72.0,94.1,107.7,70.7,101.0,95.3,99.4,106.5,56.0,266.0,74.0,6.0,35.0,45.0,2.0,0.0,0.278,0.324,0.425,0.749,0.321,0.052,0.173,0.25,0.486,0.264,0.179,0.107
Raimundo De Los Santos,Available,TOR,Eastern League,AA,Yes,21.0,,5.0,-0.2,2.0,112.0,-3.2,29.4,50.6,86.9,100.0,-70.0,94.8,90.0,71.7,0.0,10.0,0.0,0.0,1.0,0.0,0.0,0.0,0.0,0.091,0.0,0.091,0.0,0.091,0.455,0.2,0.8,0.0,0.0,0.0
Yohairo Cuevas,Available,NYM,Eastern League,AA,Yes,22.0,,8.0,6.0,3.1,106.9,96.1,65.5,124.6,82.6,0.0,121.0,94.8,83.1,98.4,6.0,25.0,8.0,0.0,6.0,2.0,1.0,0.0,0.32,0.346,0.48,0.826,0.381,0.038,0.154,0.19,0.524,0.286,0.167,0.0
Jorel Ortega,Available,MIN,Texas League,AA,Yes,25.0,,49.0,3.6,3.2,95.4,49.9,38.8,96.0,106.3,68.6,15.0,94.6,94.9,87.6,36.2,158.0,23.0,4.0,14.0,17.0,7.0,0.0,0.146,0.222,0.234,0.456,0.209,0.085,0.369,0.258,0.344,0.398,0.216,0.108
Wyatt Hoffman,Available,SD,Texas League,AA,Yes,27.0,,31.0,3.6,3.0,88.4,49.7,29.6,129.2,118.7,35.6,73.0,94.5,94.9,95.2,18.0,93.0,19.0,1.0,13.0,8.0,2.0,1.0,0.204,0.306,0.301,0.607,0.346,0.064,0.373,0.288,0.365,0.346,0.278,0.056
Pablo Aliendo,Available,CIN,Southern League,AA,Yes,25.0,,42.0,3.4,3.0,94.7,49.1,32.2,20.3,132.6,91.1,61.0,94.3,105.4,128.9,27.5,128.0,23.0,4.0,11.0,13.0,0.0,0.0,0.18,0.274,0.352,0.626,0.257,0.062,0.349,0.308,0.321,0.372,0.069,0.138
Keshawn Ogans,Available,ATL,Southern League,AA,No,24.0,,22.0,1.9,2.7,98.6,28.0,36.6,55.3,132.6,0.0,8.0,94.0,97.2,95.6,16.8,60.0,10.0,0.0,4.0,5.0,1.0,1.0,0.167,0.212,0.183,0.395,0.244,0.061,0.318,0.308,0.282,0.41,0.25,0.0
Vincent Perozo,Available,NYM,Eastern League,AA,No,23.0,,57.0,4.2,3.6,102.3,67.0,22.5,25.3,99.9,153.4,60.0,93.9,98.8,92.3,40.6,204.0,38.0,8.0,19.0,26.0,0.0,0.0,0.186,0.253,0.338,0.592,0.252,0.04,0.351,0.23,0.429,0.341,0.116,0.186
Chase Call,Available,HOU,Texas League,AA,Yes,24.0,,39.0,4.8,3.1,99.4,65.1,28.9,73.8,87.8,135.9,52.0,93.7,93.7,102.7,26.6,122.0,21.0,6.0,12.0,22.0,5.0,2.0,0.172,0.252,0.336,0.588,0.259,0.086,0.436,0.213,0.328,0.459,0.107,0.214
Sam Mongelli,Available,LAD,Texas League,AA,Yes,25.0,,10.0,9.4,3.6,95.4,129.3,43.3,127.3,53.6,190.5,127.0,93.6,88.7,115.6,8.7,36.0,9.0,3.0,7.0,10.0,1.0,1.0,0.25,0.341,0.556,0.897,0.3,0.073,0.317,0.13,0.435,0.435,0.3,0.3
Jhon Diaz,Available,TB,Southern League,AA,Yes,23.0,,42.0,4.4,3.4,102.9,64.3,55.1,116.2,63.7,101.7,52.0,93.6,85.1,85.4,26.3,143.0,24.0,4.0,20.0,16.0,2.0,3.0,0.168,0.252,0.315,0.566,0.225,0.094,0.313,0.148,0.557,0.295,0.269,0.154
Harold Coll,Available,LAA,Southern League,AA,Yes,24.0,,61.0,4.8,3.3,98.6,70.2,68.0,114.4,86.1,36.3,49.0,93.5,88.2,114.8,56.6,203.0,35.0,3.0,16.0,28.0,12.0,6.0,0.172,0.262,0.271,0.533,0.222,0.085,0.256,0.2,0.407,0.393,0.218,0.055
Émilien Pitre,Available,NYM,Eastern League,AA,No,23.0,,10.0,8.2,4.0,102.3,132.1,71.8,97.4,93.8,0.0,110.0,93.4,87.8,120.8,9.2,40.0,15.0,0.0,7.0,7.0,1.0,0.0,0.375,0.386,0.375,0.761,0.395,0.023,0.091,0.216,0.541,0.243,0.111,0.0
Kevin Made,Available,WSH,Eastern League,AA,Yes,23.0,,7.0,4.3,2.9,102.3,68.6,129.7,75.9,81.7,0.0,78.0,93.1,90.3,104.1,6.0,20.0,5.0,0.0,1.0,2.0,1.0,0.0,0.25,0.333,0.3,0.633,0.313,0.125,0.208,0.188,0.438,0.375,0.333,0.0
T.J. McCants,Available,CHW,Southern League,AA,No,25.0,,17.0,4.4,3.4,94.7,63.9,22.9,105.1,97.3,82.6,40.0,92.9,91.2,92.1,7.7,57.0,11.0,1.0,5.0,7.0,4.0,0.0,0.193,0.242,0.281,0.523,0.333,0.065,0.435,0.226,0.516,0.258,0.0,0.125
Connor Hujsak,Available,TB,Southern League,AA,No,24.0,,22.0,7.2,4.0,98.6,103.7,19.8,147.6,81.8,50.9,88.0,92.9,82.4,100.7,13.0,89.0,24.0,1.0,10.0,14.0,5.0,0.0,0.27,0.293,0.427,0.72,0.397,0.033,0.326,0.19,0.586,0.224,0.231,0.077
Maverick Handley,Available,ATL,Eastern League,AA,No,28.0,,5.0,6.6,3.6,84.0,105.7,78.6,17.5,181.2,0.0,132.0,92.7,110.6,89.9,3.0,18.0,6.0,0.0,2.0,3.0,0.0,0.0,0.333,0.435,0.444,0.879,0.5,0.13,0.304,0.417,0.333,0.25,0.0,0.0
Onil Perez,Available,SF,Eastern League,AA,Yes,23.0,,10.0,2.6,2.7,102.3,41.6,93.6,1.9,121.7,0.0,51.0,92.7,100.0,106.0,6.0,27.0,6.0,0.0,0.0,2.0,0.0,0.0,0.222,0.267,0.296,0.563,0.24,0.033,0.1,0.28,0.48,0.24,0.333,0.0
Ha-Seong Kim,Available,ATL,Southern League,AA,No,30.0,,4.0,6.6,2.2,78.9,95.9,100.0,108.8,95.6,100.0,163.0,92.6,101.3,131.2,1.0,9.0,3.0,0.0,3.0,0.0,1.0,0.0,0.333,0.538,0.333,0.872,0.333,0.308,0.0,0.222,0.667,0.111,0.0,0.0
Cameron Sisneros,Available,HOU,Texas League,AA,Yes,25.0,,32.0,6.5,3.4,95.4,89.0,132.7,79.4,68.0,82.6,89.0,92.6,93.8,110.3,22.1,108.0,22.0,3.0,18.0,18.0,2.0,0.0,0.204,0.346,0.333,0.679,0.25,0.158,0.226,0.165,0.544,0.291,0.261,0.13
Logan Braunschweig,Available,ATL,Southern League,AA,Yes,23.0,,39.0,3.1,3.2,102.9,44.4,54.3,92.2,95.6,0.0,35.0,92.4,86.4,105.3,22.0,125.0,24.0,0.0,9.0,9.0,5.0,4.0,0.192,0.259,0.224,0.483,0.282,0.086,0.3,0.222,0.519,0.259,0.286,0.0
Ben Gobbel,Available,LAA,Southern League,AA,No,26.0,,14.0,7.5,3.4,91.0,109.1,98.9,84.8,73.6,120.2,116.0,92.2,95.4,118.3,10.7,47.0,12.0,2.0,6.0,12.0,0.0,1.0,0.255,0.352,0.468,0.82,0.294,0.093,0.204,0.171,0.514,0.314,0.182,0.182
Julio Carreras,Available,CIN,Southern League,AA,Yes,26.0,,37.0,5.2,3.1,91.0,74.8,63.1,95.9,89.6,85.9,57.0,92.0,93.5,104.4,22.4,115.0,22.0,3.0,14.0,16.0,6.0,1.0,0.191,0.286,0.313,0.599,0.253,0.097,0.291,0.208,0.494,0.299,0.391,0.13
Luke Hanson,Available,TEX,Texas League,AA,Yes,22.0,,11.0,5.5,3.5,108.5,75.3,74.6,29.5,79.1,79.4,24.0,91.9,90.6,101.9,8.0,38.0,6.0,1.0,4.0,8.0,0.0,0.0,0.158,0.238,0.237,0.475,0.192,0.089,0.244,0.192,0.5,0.308,0.25,0.125
Harry Genth,Available,MIN,Texas League,AA,No,23.0,,4.0,4.5,2.8,103.7,61.6,65.7,138.4,68.8,0.0,59.0,91.8,78.4,104.7,3.0,11.0,1.0,0.0,2.0,1.0,1.0,0.0,0.091,0.333,0.182,0.515,0.167,0.133,0.333,0.167,0.333,0.5,0.667,0.0
Cade Doughty,Available,ATL,Eastern League,AA,Yes,25.0,,37.0,4.8,3.0,94.1,77.5,64.7,116.8,79.1,61.0,83.0,91.5,87.7,68.6,27.0,112.0,28.0,2.0,19.0,14.0,2.0,1.0,0.25,0.317,0.366,0.684,0.338,0.087,0.278,0.182,0.468,0.351,0.296,0.074
Alberto Hernandez,Available,HOU,Texas League,AA,Yes,22.0,,27.0,4.5,3.1,108.5,61.3,112.5,24.0,75.0,47.0,64.0,91.4,90.5,79.3,26.2,83.0,17.0,2.0,9.0,11.0,0.0,0.0,0.205,0.284,0.337,0.622,0.234,0.105,0.2,0.182,0.409,0.409,0.37,0.074
Alejandro Nuñez,Available,HOU,Texas League,AA,Yes,21.0,,30.0,4.0,3.6,113.6,55.0,42.6,94.1,64.3,30.5,58.0,91.4,77.1,101.4,21.0,108.0,26.0,1.0,12.0,3.0,5.0,1.0,0.241,0.287,0.306,0.593,0.325,0.051,0.256,0.156,0.571,0.273,0.238,0.048
Lars Nootbaar,Available,ARI,Texas League,AA,No,28.0,,4.0,4.9,3.0,85.2,66.7,452.3,7.4,82.4,0.0,98.0,91.3,108.9,145.8,3.0,12.0,2.0,0.0,1.0,1.0,0.0,0.0,0.167,0.412,0.25,0.662,0.2,0.294,0.118,0.2,0.5,0.3,0.333,0.0
Edgardo Ordonez,Available,MIL,Southern League,AA,Yes,22.0,,4.0,-0.1,1.8,107.6,-1.8,0.0,1.8,107.7,100.0,-31.0,91.2,93.8,93.6,1.0,7.0,1.0,0.0,0.0,0.0,0.0,0.0,0.143,0.143,0.143,0.286,0.25,0.0,0.429,0.25,0.5,0.25,0.0,0.0
Lisbel Diaz,Available,SF,Eastern League,AA,Yes,20.0,,17.0,8.0,4.1,117.6,127.6,20.0,111.0,43.4,75.1,36.0,91.1,71.4,98.4,21.1,69.0,14.0,2.0,5.0,15.0,7.0,0.0,0.203,0.227,0.304,0.531,0.25,0.027,0.293,0.1,0.46,0.44,0.364,0.091
Jose Izarra,Available,LAD,Texas League,AA,Yes,24.0,,39.0,4.6,3.6,99.4,63.5,80.6,92.3,82.4,16.5,49.0,90.9,86.4,90.4,39.4,140.0,27.0,1.0,19.0,12.0,5.0,2.0,0.193,0.276,0.271,0.547,0.257,0.095,0.241,0.2,0.41,0.39,0.282,0.026
Marcus Smith,Available,CIN,Southern League,AA,Yes,25.0,,6.0,3.0,2.7,94.7,43.4,28.1,92.2,86.1,100.0,32.0,90.8,89.6,124.4,1.0,16.0,2.0,0.0,1.0,1.0,2.0,0.0,0.125,0.3,0.125,0.425,0.4,0.2,0.55,0.2,0.6,0.2,0.0,0.0
Marco Dinges,Lászlaró Tóth (MINORS),MIL,Southern League,AA,Yes,22.0,,15.0,3.2,3.5,107.6,46.3,60.6,79.3,63.3,66.0,23.0,90.7,82.2,103.1,9.7,52.0,7.0,1.0,3.0,4.0,2.0,0.0,0.135,0.224,0.231,0.455,0.182,0.103,0.31,0.147,0.559,0.294,0.3,0.1
Chase Adkison,Available,LAD,Texas League,AA,Yes,26.0,,5.0,5.0,3.4,91.8,68.4,0.0,48.0,110.0,127.0,37.0,90.5,97.2,107.4,4.7,17.0,3.0,1.0,2.0,2.0,0.0,0.0,0.176,0.167,0.471,0.637,0.143,0.0,0.167,0.267,0.4,0.333,0.2,0.2
Justyn-Henry Malloy,Available,TB,Southern League,AA,No,26.0,,9.0,12.7,3.7,91.0,184.3,191.9,42.4,35.7,176.3,185.0,90.4,98.4,156.0,13.1,33.0,9.0,4.0,6.0,11.0,1.0,1.0,0.273,0.429,0.697,1.126,0.238,0.19,0.19,0.083,0.292,0.625,0.133,0.267
Angel Acosta,Available,KC,Texas League,AA,Yes,23.0,,12.0,3.8,3.7,103.7,51.9,90.0,103.3,66.7,0.0,3.0,90.1,80.5,93.5,10.0,44.0,7.0,0.0,5.0,3.0,2.0,1.0,0.159,0.224,0.159,0.384,0.189,0.06,0.16,0.162,0.568,0.27,0.5,0.0
Peyton Stovall,Available,CIN,Southern League,AA,Yes,23.0,,25.0,3.7,3.6,102.9,54.2,38.4,5.5,95.6,104.3,28.0,89.9,94.5,107.2,18.1,89.0,15.0,3.0,5.0,11.0,0.0,0.0,0.169,0.227,0.281,0.508,0.2,0.052,0.278,0.222,0.476,0.302,0.211,0.158
Nolan Beltran,Available,PHI,Eastern League,AA,Yes,21.0,,2.0,3.0,1.5,112.0,48.0,162.0,97.4,0.0,100.0,-2.0,89.9,75.2,110.2,1.0,3.0,0.0,0.0,0.0,0.0,1.0,0.0,0.0,0.25,0.0,0.25,0.0,0.25,0.25,0.0,0.5,0.5,1.0,0.0
Zane Zielinski,Available,SF,Eastern League,AA,Yes,24.0,,41.0,4.0,3.2,98.0,63.5,27.3,105.2,76.9,71.8,51.0,89.7,83.6,95.9,23.6,133.0,28.0,2.0,17.0,14.0,3.0,0.0,0.211,0.255,0.308,0.564,0.321,0.049,0.35,0.177,0.532,0.291,0.435,0.087
Adam Fogel,Available,CHW,Southern League,AA,Yes,27.0,,23.0,7.7,3.5,87.7,111.1,59.5,66.4,78.4,157.2,116.0,89.6,96.0,128.9,19.9,80.0,20.0,5.0,14.0,17.0,1.0,1.0,0.25,0.322,0.512,0.835,0.288,0.077,0.264,0.182,0.436,0.382,0.286,0.238
Diego Omana,Available,CIN,Southern League,AA,Yes,23.0,,8.0,3.6,3.4,102.9,51.6,32.6,29.5,115.0,0.0,1.0,89.6,90.6,100.1,5.3,27.0,4.0,0.0,2.0,4.0,0.0,0.0,0.148,0.207,0.185,0.392,0.25,0.065,0.355,0.267,0.4,0.333,0.6,0.0
Dakota Jordan,Available,SF,Eastern League,AA,Yes,23.0,,17.0,7.8,3.7,102.3,125.3,91.2,126.6,39.5,63.5,104.0,89.5,77.2,102.4,13.0,63.0,17.0,1.0,11.0,7.0,6.0,0.0,0.27,0.352,0.413,0.765,0.364,0.113,0.254,0.091,0.614,0.295,0.308,0.077
Matt Scannell,Available,ATL,Southern League,AA,Yes,24.0,,10.0,3.0,2.8,98.6,43.4,53.1,1.8,126.6,0.0,54.0,89.3,97.0,85.5,7.0,28.0,6.0,0.0,0.0,4.0,0.0,0.0,0.214,0.303,0.286,0.589,0.353,0.121,0.364,0.294,0.294,0.412,0.286,0.0
David García,Available,MIL,Southern League,AA,Yes,26.0,,16.0,5.3,3.4,91.0,76.5,55.5,90.4,77.1,101.7,45.0,89.3,89.8,100.9,12.3,54.0,10.0,2.0,7.0,9.0,1.0,0.0,0.185,0.241,0.315,0.556,0.216,0.069,0.259,0.179,0.487,0.333,0.231,0.154
Camden Janik,Available,PIT,Eastern League,AA,Yes,23.0,,6.0,5.2,3.3,102.3,84.1,90.2,50.6,86.9,0.0,57.0,89.3,87.5,115.8,4.0,20.0,4.0,0.0,4.0,3.0,0.0,0.0,0.2,0.304,0.25,0.554,0.267,0.087,0.217,0.2,0.533,0.267,0.25,0.0
David Mershon,Available,LAA,Southern League,AA,Yes,23.0,,11.0,4.3,2.6,102.9,62.5,147.5,125.4,35.7,0.0,4.0,89.2,76.4,94.4,9.0,29.0,3.0,0.0,8.0,3.0,2.0,0.0,0.103,0.222,0.103,0.326,0.125,0.139,0.194,0.083,0.542,0.375,0.222,0.0
Jacob Humphrey,Available,COL,Eastern League,AA,Yes,23.0,,13.0,8.5,4.1,102.3,135.5,78.7,107.1,66.9,0.0,151.0,89.1,79.3,109.2,8.4,53.0,21.0,0.0,7.0,3.0,6.0,0.0,0.396,0.458,0.453,0.91,0.512,0.068,0.203,0.154,0.641,0.205,0.25,0.0
Mike Antico,Available,COL,Eastern League,AA,No,28.0,,48.0,4.3,2.8,84.0,68.9,41.4,130.5,75.2,113.8,59.0,89.0,88.6,123.4,27.9,135.0,22.0,4.0,17.0,13.0,12.0,1.0,0.163,0.285,0.289,0.574,0.25,0.089,0.373,0.173,0.44,0.387,0.414,0.138
Zander Darby,Available,SF,Eastern League,AA,No,23.0,,5.0,2.7,3.2,102.3,43.2,19.0,50.6,108.6,0.0,18.0,88.8,86.8,99.4,4.0,16.0,3.0,0.0,2.0,2.0,0.0,0.0,0.188,0.235,0.188,0.423,0.375,0.059,0.471,0.25,0.25,0.5,0.0,0.0
Félix Amparo,Available,BAL,Eastern League,AA,Yes,20.0,,1.0,1.5,3.0,117.6,24.0,162.0,48.7,0.0,100.0,140.0,88.1,75.2,120.2,1.0,3.0,1.0,0.0,0.0,0.0,0.0,1.0,0.333,0.5,0.333,0.833,0.5,0.25,0.25,0.0,0.5,0.5,0.0,0.0
Caleb Farmer,Available,WSH,Eastern League,AA,Yes,26.0,,11.0,4.8,2.5,90.5,77.1,121.5,74.0,43.4,150.1,109.0,88.0,90.4,92.0,9.9,27.0,5.0,2.0,4.0,4.0,0.0,0.0,0.185,0.312,0.481,0.794,0.167,0.125,0.219,0.1,0.35,0.55,0.273,0.182
Mathieu Vallee,Not in Fantrax,TOR,Eastern League,AA,Yes,25.0,,22.0,7.0,3.2,94.1,111.7,118.4,112.9,58.7,0.0,107.0,87.2,81.0,98.0,4.3,70.0,22.0,0.0,7.0,5.0,12.0,0.0,0.314,0.385,0.357,0.742,0.393,0.09,0.179,0.135,0.788,0.077,0.0,0.0
Noah Myers,Available,TB,Southern League,AA,Yes,26.0,,23.0,2.9,3.3,91.0,42.5,47.5,64.6,94.7,44.2,23.0,87.0,89.5,90.9,16.1,76.0,11.0,1.0,6.0,7.0,2.0,1.0,0.145,0.235,0.197,0.433,0.227,0.106,0.365,0.22,0.415,0.366,0.2,0.067
Bennett Lee,Available,DET,Eastern League,AA,No,24.0,,48.0,3.5,3.2,98.0,55.7,72.8,68.2,68.2,52.0,62.0,86.8,84.0,111.0,31.4,153.0,28.0,2.0,15.0,12.0,0.0,0.0,0.183,0.291,0.288,0.578,0.26,0.111,0.294,0.157,0.529,0.314,0.25,0.063
David Guzman,Available,TOR,Eastern League,AA,Yes,20.0,,4.0,3.0,2.0,117.6,48.0,0.0,50.6,72.6,0.0,-12.0,86.4,72.1,122.9,3.0,8.0,1.0,0.0,1.0,2.0,0.0,0.0,0.125,0.125,0.25,0.375,0.167,0.0,0.25,0.167,0.333,0.5,0.667,0.0
Samuel Escudero,Available,PIT,Eastern League,AA,Yes,22.0,,21.0,1.9,2.4,106.9,30.9,48.7,21.4,70.4,68.5,8.0,86.3,83.5,87.5,11.7,51.0,6.0,1.0,3.0,5.0,0.0,0.0,0.118,0.211,0.176,0.387,0.139,0.053,0.246,0.162,0.514,0.324,0.333,0.083
Jack Costello,Available,SD,Texas League,AA,Yes,25.0,,18.0,5.5,4.1,95.4,75.3,21.2,72.0,82.4,52.7,62.0,85.5,83.0,93.5,23.6,73.0,18.0,2.0,5.0,8.0,2.0,0.0,0.247,0.257,0.356,0.613,0.271,0.013,0.16,0.2,0.4,0.4,0.208,0.083
Marcus Brown,Available,HOU,Texas League,AA,No,24.0,,22.0,2.3,3.0,99.4,31.7,32.3,103.3,72.1,0.0,28.0,85.4,75.7,99.0,10.0,67.0,11.0,0.0,5.0,5.0,1.0,1.0,0.164,0.243,0.224,0.467,0.275,0.068,0.365,0.175,0.575,0.25,0.4,0.0
Gabriel Flores,Not in Fantrax,PHI,Eastern League,AA,Yes,18.0,,1.0,0.0,1.0,130.7,0.0,100.0,1.9,0.0,100.0,-100.0,85.3,68.0,68.0,1.0,1.0,0.0,0.0,0.0,0.0,0.0,0.0,0.0,0.0,0.0,0.0,0.0,0.0,0.0,0.0,0.0,1.0,0.0,0.0
Logun Clark,Available,CLE,Eastern League,AA,Yes,23.0,,6.0,2.4,3.0,102.3,38.7,77.4,7.8,86.9,0.0,68.0,84.8,86.1,92.0,2.0,18.0,3.0,0.0,1.0,1.0,0.0,0.0,0.167,0.348,0.167,0.514,0.3,0.174,0.348,0.2,0.6,0.2,0.0,0.0
Ian Petrutz,Available,STL,Texas League,AA,Yes,23.0,,2.0,12.0,4.0,103.7,164.2,0.0,1.8,68.8,158.8,34.0,84.8,85.9,106.7,3.3,8.0,1.0,1.0,1.0,4.0,0.0,0.0,0.125,0.125,0.5,0.625,0.0,0.0,0.25,0.167,0.167,0.667,0.25,0.25
C.J. Stubbs,Available,TOR,Eastern League,AA,No,29.0,,3.0,2.8,3.7,81.1,45.4,0.0,1.9,217.2,0.0,118.0,84.7,101.5,89.6,1.0,11.0,4.0,0.0,0.0,0.0,0.0,0.0,0.364,0.364,0.455,0.818,0.667,0.0,0.417,0.5,0.333,0.167,1.0,0.0
Elijah Nunez,Available,WSH,Eastern League,AA,Yes,24.0,,17.0,1.6,2.7,98.0,25.4,75.0,33.1,79.1,0.0,18.0,83.3,83.0,102.1,9.0,46.0,6.0,0.0,2.0,2.0,0.0,1.0,0.13,0.226,0.174,0.4,0.182,0.093,0.259,0.182,0.545,0.273,0.0,0.0
Alberto Rodriguez,Available,KC,Texas League,AA,Yes,25.0,,45.0,4.4,3.3,95.4,59.6,60.5,49.8,64.3,63.5,48.0,83.2,82.3,111.0,20.2,148.0,29.0,2.0,20.0,22.0,0.0,2.0,0.196,0.291,0.257,0.547,0.278,0.098,0.301,0.156,0.635,0.208,0.25,0.1
Ty Hanchey,Available,SF,Eastern League,AA,No,26.0,,56.0,5.6,3.2,90.5,89.2,70.5,79.8,52.1,82.5,92.0,82.9,81.0,104.3,39.7,179.0,44.0,4.0,29.0,28.0,1.0,1.0,0.246,0.335,0.374,0.709,0.345,0.105,0.292,0.12,0.538,0.342,0.125,0.1
Oswaldo Linares,Available,SD,Texas League,AA,Yes,23.0,,4.0,4.1,2.5,103.7,56.5,41.9,48.0,68.8,0.0,59.0,82.5,75.6,85.8,1.0,10.0,2.0,0.0,2.0,2.0,0.0,0.0,0.2,0.273,0.3,0.573,0.333,0.091,0.364,0.167,0.667,0.167,0.0,0.0
Renyel Campos,Not in Fantrax,TOR,Eastern League,AA,Yes,19.0,,1.0,2.0,0.0,123.8,32.0,100.0,1.9,0.0,100.0,350.0,82.5,68.0,110.6,,0.0,0.0,0.0,0.0,0.0,0.0,0.0,,1.0,,,0.0,1.0,0.0,0.0,0.0,0.0,0.0,0.0
Nick Biddison,Available,PHI,Eastern League,AA,Yes,25.0,,10.0,2.1,2.5,94.1,34.4,45.1,81.8,72.6,0.0,2.0,82.3,77.3,108.9,5.4,25.0,2.0,0.0,2.0,3.0,1.0,1.0,0.08,0.226,0.12,0.346,0.154,0.129,0.419,0.167,0.417,0.417,0.4,0.0
Skyler Messinger,Available,COL,Eastern League,AA,Yes,27.0,,29.0,3.1,3.1,87.1,50.0,26.3,97.4,85.2,0.0,36.0,82.1,79.5,81.1,21.1,89.0,16.0,0.0,6.0,7.0,4.0,1.0,0.18,0.257,0.236,0.493,0.271,0.039,0.311,0.196,0.446,0.357,0.25,0.0
Danyer Cueva,Available,TEX,Texas League,AA,Yes,22.0,,5.0,2.1,3.4,108.5,28.7,55.5,20.3,63.4,0.0,4.0,82.0,75.4,96.0,3.0,17.0,3.0,0.0,1.0,1.0,0.0,0.0,0.176,0.222,0.176,0.399,0.231,0.056,0.222,0.154,0.615,0.231,0.667,0.0
Tayden Hall,Available,MIL,Southern League,AA,Yes,23.0,,5.0,4.4,2.0,102.9,63.7,132.5,49.8,0.0,132.1,107.0,81.9,74.9,111.6,4.2,10.0,1.0,1.0,2.0,2.0,0.0,1.0,0.1,0.357,0.4,0.757,0.0,0.286,0.286,0.0,0.167,0.833,0.6,0.2
Miguel Villarroel,Available,WSH,Eastern League,AA,No,24.0,,2.0,1.8,4.5,98.0,28.0,100.0,50.6,54.3,0.0,-45.0,81.4,77.3,99.5,1.1,9.0,1.0,0.0,1.0,0.0,0.0,0.0,0.111,0.111,0.111,0.222,0.111,0.0,0.0,0.125,0.75,0.125,1.0,0.0
James Taussig,Available,CHW,Southern League,AA,Yes,23.0,,14.0,4.2,4.0,102.9,61.6,26.5,11.1,61.6,77.9,56.0,81.0,78.8,104.5,16.0,56.0,11.0,2.0,4.0,6.0,0.0,0.0,0.196,0.25,0.339,0.589,0.273,0.05,0.35,0.143,0.371,0.486,0.353,0.118
Mason Lytle,Available,HOU,Texas League,AA,Yes,25.0,,11.0,5.9,2.7,95.4,80.9,33.0,116.3,53.6,0.0,64.0,81.0,69.3,93.3,6.0,30.0,8.0,0.0,4.0,6.0,3.0,1.0,0.267,0.29,0.333,0.624,0.348,0.031,0.219,0.13,0.609,0.261,0.333,0.0
Adam Hackenberg,Available,TOR,Eastern League,AA,No,26.0,,3.0,8.5,2.0,90.5,136.1,54.0,50.6,0.0,412.5,174.0,80.8,81.6,99.2,1.5,6.0,2.0,1.0,2.0,3.0,0.0,0.0,0.333,0.375,0.833,1.208,0.333,0.125,0.375,0.0,0.5,0.5,0.0,0.5
Mark Kolozsvary,Available,PHI,Eastern League,AA,Yes,30.0,,6.0,2.2,2.8,78.4,34.7,81.0,21.4,108.6,0.0,66.0,80.7,94.0,137.7,4.0,17.0,2.0,0.0,2.0,0.0,0.0,0.0,0.118,0.375,0.118,0.493,0.25,0.25,0.375,0.25,0.25,0.5,0.25,0.0
Geovanny Planchart,Available,TOR,Eastern League,AA,Yes,24.0,,12.0,4.1,2.4,98.0,65.4,95.6,7.8,68.6,0.0,101.0,80.5,81.8,104.0,5.0,29.0,8.0,0.0,2.0,6.0,0.0,0.0,0.276,0.405,0.276,0.681,0.421,0.162,0.297,0.158,0.579,0.263,0.4,0.0
Brendan Durfee,Available,SD,Texas League,AA,Yes,24.0,,34.0,2.9,3.0,99.4,40.1,65.3,14.8,49.9,79.4,50.0,80.2,79.3,111.6,23.3,101.0,15.0,3.0,8.0,9.0,0.0,0.0,0.149,0.261,0.267,0.528,0.188,0.109,0.303,0.121,0.515,0.364,0.208,0.125
Alfredo Rodriguez,Available,TB,Southern League,AA,Yes,20.0,,1.0,2.5,1.0,118.3,36.2,100.0,1.8,0.0,100.0,462.0,80.2,68.0,97.1,0.0,1.0,1.0,0.0,0.0,0.0,0.0,0.0,1.0,1.0,1.0,2.0,1.0,0.0,0.0,0.0,1.0,0.0,0.0,0.0
Nick Roselli,Available,NYM,Eastern League,AA,Yes,23.0,,16.0,2.4,3.0,102.3,38.0,54.9,19.5,66.0,0.0,31.0,79.8,76.2,77.5,11.0,48.0,9.0,0.0,3.0,4.0,0.0,0.0,0.188,0.25,0.208,0.458,0.273,0.077,0.288,0.152,0.515,0.333,0.364,0.0
Lourdes Gurriel Jr.,Available,ARI,Texas League,AA,No,32.0,,2.0,15.0,4.0,74.6,205.3,100.0,48.0,58.9,127.0,142.0,79.6,91.1,81.5,5.0,8.0,2.0,1.0,2.0,3.0,0.0,0.0,0.25,0.333,0.75,1.083,0.143,0.111,0.0,0.143,0.143,0.714,0.2,0.2
Hyungchan Um,Available,KC,Texas League,AA,Yes,22.0,,6.0,6.2,3.8,108.5,85.5,58.6,75.7,27.6,0.0,105.0,79.4,63.3,84.6,8.5,23.0,7.0,0.0,3.0,2.0,0.0,0.0,0.304,0.36,0.435,0.795,0.438,0.074,0.259,0.067,0.4,0.533,0.0,0.0
August Cuneo,Available,HOU,Texas League,AA,Yes,18.0,,3.0,-1.0,1.0,132.6,-13.7,0.0,1.8,0.0,100.0,-100.0,79.1,56.4,137.7,,3.0,0.0,0.0,0.0,0.0,0.0,0.0,0.0,0.0,0.0,0.0,0.0,0.0,1.0,0.0,0.0,0.0,0.0,0.0
Alfredo Velásquez,Available,BAL,Eastern League,AA,No,21.0,,14.0,1.8,2.0,112.0,28.0,35.4,83.7,20.9,0.0,-30.0,78.5,58.2,123.1,7.0,28.0,3.0,0.0,2.0,3.0,0.0,1.0,0.107,0.167,0.107,0.274,0.143,0.029,0.206,0.048,0.619,0.333,0.143,0.0
Luis Hernandez,Third Degree Burnes (MINORS),MIN,Texas League,AA,No,23.0,,10.0,3.5,3.1,103.7,48.6,29.8,131.0,0.0,70.5,18.0,78.4,57.0,85.4,8.4,31.0,4.0,1.0,5.0,2.0,2.0,0.0,0.129,0.229,0.226,0.454,0.2,0.086,0.429,0.0,0.438,0.563,0.0,0.111
Luis Caicuto,Available,PHI,Eastern League,AA,Yes,23.0,,8.0,2.8,3.0,102.3,45.0,96.0,11.7,48.2,0.0,15.0,78.3,74.8,115.7,7.4,24.0,4.0,0.0,1.0,2.0,0.0,0.0,0.167,0.231,0.208,0.439,0.211,0.074,0.185,0.111,0.5,0.389,0.571,0.0
Nestor Rios,Available,MIA,Southern League,AA,Yes,21.0,,4.0,2.9,2.5,112.7,41.6,0.0,1.8,61.6,0.0,26.0,78.0,68.2,88.1,3.4,10.0,2.0,0.0,0.0,2.0,0.0,0.0,0.2,0.2,0.3,0.5,0.25,0.0,0.2,0.143,0.429,0.429,0.667,0.0
John Garcia,Available,HOU,Texas League,AA,Yes,25.0,,17.0,3.6,3.2,95.4,49.9,42.1,86.7,25.1,79.4,35.0,77.8,68.0,102.3,16.0,55.0,9.0,2.0,5.0,5.0,2.0,0.0,0.164,0.23,0.291,0.52,0.212,0.082,0.344,0.061,0.455,0.485,0.375,0.125
Cody Freeman,Available,TEX,Texas League,AA,No,25.0,,3.0,5.0,3.3,95.4,68.4,0.0,48.0,75.0,0.0,-21.0,77.4,72.9,118.6,3.0,10.0,2.0,0.0,2.0,2.0,0.0,0.0,0.2,0.167,0.2,0.367,0.182,0.0,0.083,0.182,0.545,0.273,0.333,0.0
Mike Tauchman,Available,NYM,Eastern League,AA,No,35.0,,2.0,4.8,3.5,67.2,76.1,180.2,1.9,86.9,0.0,187.0,76.8,98.0,123.1,2.0,7.0,3.0,0.0,0.0,0.0,0.0,0.0,0.429,0.556,0.429,0.984,0.6,0.222,0.222,0.2,0.4,0.4,0.0,0.0
Luis Pino,Available,STL,Texas League,AA,Yes,22.0,,5.0,3.4,3.2,108.5,46.5,135.4,48.0,0.0,0.0,-25.0,76.7,62.6,105.6,6.0,16.0,0.0,0.0,3.0,2.0,0.0,0.0,0.0,0.2,0.0,0.2,0.0,0.2,0.25,0.0,0.455,0.545,0.5,0.0
Eddinson Paulino,Available,NYM,Eastern League,AA,Yes,23.0,,2.0,1.2,2.0,102.3,20.0,81.0,48.7,0.0,100.0,100.0,76.1,65.8,114.1,0.0,4.0,1.0,0.0,0.0,0.0,0.0,1.0,0.25,0.4,0.25,0.65,0.5,0.167,0.333,0.0,1.0,0.0,0.0,0.0
Johnny Tincher,Available,BAL,Eastern League,AA,Yes,24.0,,14.0,2.4,2.7,98.0,38.3,41.1,50.6,48.2,0.0,2.0,76.0,68.4,84.9,11.4,38.0,6.0,0.0,5.0,3.0,0.0,0.0,0.158,0.214,0.184,0.398,0.214,0.047,0.256,0.111,0.481,0.407,0.182,0.0
Tevin Tucker,Available,COL,Eastern League,AA,No,26.0,,12.0,2.2,2.3,90.5,36.0,31.1,146.1,27.4,0.0,-68.0,75.8,60.0,103.8,7.0,28.0,0.0,0.0,1.0,2.0,4.0,0.0,0.0,0.097,0.0,0.097,0.0,0.061,0.364,0.063,0.5,0.438,0.143,0.0
Tate Southisene,Third Degree Burnes (MINORS),ATL,Southern League,AA,Yes,19.0,,1.0,0.0,1.0,124.6,0.0,0.0,1.8,0.0,100.0,128.0,75.8,56.4,100.7,,1.0,0.0,0.0,0.0,0.0,0.0,0.0,0.0,0.5,0.0,0.5,0.0,0.0,0.5,0.0,0.0,0.0,0.0,0.0
Jacob Sharp,Available,TOR,Eastern League,AA,Yes,24.0,,10.0,2.1,2.6,98.0,33.6,62.9,25.3,48.2,0.0,48.0,75.4,70.9,96.5,8.4,26.0,5.0,0.0,2.0,1.0,0.0,0.0,0.192,0.25,0.308,0.558,0.263,0.071,0.25,0.111,0.444,0.444,0.25,0.0
Andrew Sojka,Available,DET,Eastern League,AA,Yes,25.0,,2.0,11.2,2.5,94.1,180.1,101.3,126.6,0.0,0.0,180.0,74.9,58.6,90.9,2.0,5.0,2.0,0.0,1.0,2.0,1.0,0.0,0.4,0.5,0.6,1.1,0.5,0.125,0.25,0.0,0.5,0.5,0.0,0.0
Andrés Nolaya,Available,BAL,Eastern League,AA,Yes,21.0,,2.0,1.8,2.0,112.0,28.0,0.0,50.6,0.0,100.0,25.0,74.7,56.4,101.7,0.0,4.0,1.0,0.0,1.0,0.0,0.0,0.0,0.25,0.25,0.25,0.5,0.333,0.0,0.25,0.0,1.0,0.0,0.0,0.0
Danny De Andrade,Available,MIN,Texas League,AA,Yes,22.0,,5.0,3.1,4.0,108.5,42.4,0.0,36.9,34.2,0.0,24.0,73.4,58.7,97.5,2.0,20.0,5.0,0.0,2.0,2.0,0.0,0.0,0.25,0.25,0.25,0.5,0.417,0.0,0.4,0.083,0.75,0.167,0.0,0.0
Maverick Handley,Available,ATL,Southern League,AA,No,28.0,,4.0,-0.4,3.8,84.5,-5.4,0.0,1.8,95.6,0.0,-72.0,73.3,80.1,89.9,3.0,15.0,1.0,0.0,0.0,0.0,0.0,0.0,0.067,0.067,0.067,0.133,0.111,0.0,0.375,0.222,0.444,0.333,0.667,0.0
Matt Coutney,Available,LAA,Southern League,AA,Yes,26.0,,2.0,1.0,1.0,91.0,14.5,154.8,1.8,0.0,100.0,126.0,72.6,74.4,102.8,0.0,2.0,0.0,0.0,0.0,0.0,0.0,0.0,0.0,0.5,0.0,0.5,0.0,0.25,0.25,0.0,1.0,0.0,0.0,0.0
Alberto Rios,Available,LAA,Southern League,AA,No,24.0,,4.0,-0.2,2.2,98.6,-3.6,28.2,48.0,0.0,100.0,-24.0,70.8,59.7,99.9,0.0,9.0,0.0,0.0,1.0,0.0,0.0,0.0,0.0,0.182,0.0,0.182,0.0,0.182,0.545,0.0,1.0,0.0,0.0,0.0
Branny De Oleo,Available,NYM,Eastern League,AA,Yes,21.0,,3.0,-2.0,2.3,112.0,-32.0,0.0,1.9,0.0,100.0,-100.0,70.6,56.4,99.0,1.0,7.0,0.0,0.0,0.0,0.0,0.0,0.0,0.0,0.0,0.0,0.0,0.0,0.0,0.857,0.0,0.0,1.0,0.0,0.0
Nate Rombach,Available,WSH,Eastern League,AA,Yes,25.0,,1.0,0.0,1.0,94.1,0.0,100.0,1.9,0.0,100.0,-100.0,70.1,68.0,104.3,0.0,1.0,0.0,0.0,0.0,0.0,0.0,0.0,0.0,0.0,0.0,0.0,0.0,0.0,0.0,0.0,1.0,0.0,0.0,0.0
Stone Russell,Available,KC,Texas League,AA,No,22.0,,2.0,-1.5,3.5,108.5,-20.5,0.0,1.8,0.0,100.0,-100.0,69.1,56.4,99.0,1.0,7.0,0.0,0.0,0.0,0.0,0.0,0.0,0.0,0.0,0.0,0.0,0.0,0.0,0.429,0.0,0.75,0.25,1.0,0.0
Brendan Donovan,Je suis Charlie Morton (INJURED_RESERVE),SEA,Texas League,AA,No,29.0,,1.0,14.0,3.0,82.3,191.6,100.0,29.5,0.0,100.0,239.0,67.4,68.0,64.8,0.0,3.0,1.0,0.0,1.0,1.0,0.0,0.0,0.333,0.6,0.667,1.267,0.333,0.4,0.0,0.0,1.0,0.0,0.0,0.0
Eddie Park,Available,CHW,Southern League,AA,No,24.0,,5.0,-1.0,3.0,98.6,-14.5,22.1,1.8,0.0,100.0,-81.0,66.5,58.9,86.2,1.0,15.0,0.0,0.0,0.0,0.0,0.0,0.0,0.0,0.062,0.0,0.062,0.0,0.063,0.438,0.0,0.875,0.125,0.0,0.0
Hudson White,Available,BOS,Eastern League,AA,Yes,23.0,,3.0,-1.0,1.3,102.3,-16.0,0.0,1.9,0.0,100.0,-100.0,66.5,56.4,89.2,1.0,4.0,0.0,0.0,0.0,0.0,0.0,0.0,0.0,0.0,0.0,0.0,0.0,0.0,0.5,0.0,0.5,0.5,0.0,0.0
Pedro Pineda,Available,ATH,Texas League,AA,Yes,22.0,,3.0,0.3,4.0,108.5,4.6,0.0,1.8,0.0,0.0,9.0,63.3,46.8,96.2,2.0,12.0,2.0,0.0,0.0,0.0,0.0,0.0,0.167,0.231,0.167,0.397,0.333,0.0,0.429,0.0,0.667,0.333,0.0,0.0
John Cristino,Available,NYY,Eastern League,AA,Yes,26.0,,3.0,-1.0,1.0,90.5,-16.0,0.0,1.9,0.0,100.0,-100.0,61.6,56.4,88.1,,3.0,0.0,0.0,0.0,0.0,0.0,0.0,0.0,0.0,0.0,0.0,0.0,0.0,1.0,0.0,0.0,0.0,0.0,0.0
Mike Jarvis,Available,PIT,Eastern League,AA,No,28.0,,1.0,1.0,4.0,84.0,16.0,0.0,1.9,0.0,0.0,-100.0,53.1,46.8,100.5,3.0,4.0,0.0,0.0,1.0,0.0,0.0,0.0,0.0,0.0,0.0,0.0,0.0,0.0,0.25,0.0,0.0,1.0,0.667,0.0
Brandon Compton,Available,MIA,International League,AAA,Yes,22.0,,5.0,16.8,4.4,119.0,251.0,94.9,135.3,196.9,469.7,221.0,135.4,141.0,109.9,2.6,22.0,9.0,2.0,6.0,3.0,5.0,0.0,0.409,0.5,0.727,1.227,0.538,0.154,0.269,0.467,0.333,0.2,0.0,0.667
John Peck,Available,DET,International League,AAA,Yes,23.0,,6.0,11.9,3.5,113.8,178.0,115.2,121.0,168.6,352.1,236.0,133.5,143.3,103.2,2.0,21.0,10.0,1.0,5.0,3.0,3.0,0.0,0.476,0.542,0.714,1.256,0.6,0.125,0.208,0.4,0.467,0.133,0.0,0.5
Ethan Salas,The Hot and Steamy Boys (MINORS),SD,Pacific Coast League,AAA,Yes,20.0,,24.0,10.5,3.7,133.9,138.2,266.8,110.3,102.2,133.3,128.0,130.7,126.1,105.9,16.0,89.0,29.0,3.0,13.0,24.0,3.0,2.0,0.326,0.41,0.539,0.949,0.333,0.133,0.095,0.256,0.538,0.205,0.063,0.188
Juan Matheus,Available,MIA,International League,AAA,Yes,22.0,,5.0,10.7,3.6,119.0,159.8,359.9,108.7,150.5,0.0,159.0,128.2,132.6,102.7,3.2,18.0,6.0,0.0,4.0,2.0,3.0,1.0,0.333,0.5,0.389,0.889,0.4,0.25,0.125,0.357,0.429,0.214,0.333,0.0
William Bergolla Jr.,Available,CHW,International League,AAA,Yes,21.0,,10.0,10.1,3.5,124.6,150.9,284.6,63.6,149.7,0.0,188.0,126.4,132.0,68.0,9.0,35.0,16.0,0.0,5.0,8.0,2.0,2.0,0.457,0.525,0.571,1.096,0.516,0.116,0.093,0.355,0.355,0.29,0.0,0.0
Cam Cannarella,Ben the Hen (MINORS),MIA,International League,AAA,Yes,22.0,,36.0,8.2,3.8,119.0,123.0,109.0,116.9,164.0,117.6,144.0,124.5,125.4,132.6,17.8,137.0,42.0,3.0,27.0,10.0,11.0,1.0,0.307,0.424,0.46,0.884,0.415,0.152,0.242,0.389,0.421,0.189,0.0,0.167
Luke Adams,Cant Park Here (MINORS),MIL,International League,AAA,Yes,22.0,,67.0,8.5,3.2,119.0,126.4,211.7,127.1,105.4,154.9,148.0,123.9,122.9,141.1,54.6,212.0,55.0,13.0,48.0,38.0,7.0,2.0,0.259,0.418,0.509,0.928,0.258,0.143,0.14,0.25,0.415,0.335,0.373,0.22
Xavier Isaac,Skrrt vs The World (MINORS),TB,International League,AAA,Yes,22.0,,10.0,9.2,3.4,119.0,136.7,90.7,116.9,120.6,234.5,171.0,122.3,121.7,103.1,7.7,34.0,10.0,3.0,9.0,4.0,2.0,0.0,0.294,0.442,0.618,1.06,0.389,0.186,0.302,0.286,0.286,0.429,0.0,0.333
Trey Paige,Available,STL,International League,AAA,Yes,25.0,,5.0,9.6,3.6,104.7,143.4,100.0,45.1,164.0,352.1,180.0,122.2,141.5,105.4,1.9,18.0,7.0,1.0,4.0,3.0,0.0,0.0,0.389,0.421,0.667,1.088,0.353,0.053,0.0,0.389,0.5,0.111,0.0,0.5
Cooper Pratt,Third Degree Burnes (ACTIVE),MIL,International League,AAA,Yes,21.0,,58.0,8.6,3.8,124.6,128.4,192.6,168.1,93.6,85.9,99.0,122.0,110.0,68.0,48.4,220.0,53.0,6.0,34.0,32.0,17.0,1.0,0.241,0.349,0.386,0.735,0.264,0.13,0.142,0.222,0.506,0.272,0.184,0.122
Carson Roccaforte,Bobby and the NitWitts (MINORS),KC,International League,AAA,Yes,24.0,,17.0,9.3,3.6,109.1,138.4,55.4,94.3,148.0,271.1,120.0,121.6,130.6,96.9,11.2,61.0,16.0,5.0,6.0,12.0,6.0,0.0,0.262,0.352,0.541,0.893,0.344,0.123,0.342,0.351,0.297,0.351,0.077,0.385
Devin Taylor,Lászlaró Tóth (MINORS),ATH,Pacific Coast League,AAA,Yes,22.0,,6.0,13.7,4.3,121.8,179.2,69.4,50.3,126.2,472.8,184.0,121.2,127.2,126.5,2.7,26.0,11.0,2.0,8.0,7.0,0.0,0.0,0.423,0.483,0.692,1.175,0.529,0.103,0.241,0.316,0.526,0.158,0.0,0.667
Brayden Taylor,Je suis Charlie Morton (MINORS),MIA,International League,AAA,Yes,24.0,,24.0,7.0,3.1,109.1,105.2,117.4,166.1,143.3,88.0,107.0,120.5,118.7,97.4,23.0,74.0,13.0,3.0,13.0,9.0,6.0,0.0,0.176,0.358,0.392,0.75,0.222,0.221,0.274,0.34,0.149,0.511,0.292,0.125
Leandro Pineda,Available,WSH,International League,AAA,Yes,24.0,,34.0,9.4,3.4,109.1,140.6,107.8,112.8,110.5,293.6,186.0,120.3,125.8,99.2,21.2,114.0,38.0,10.0,31.0,22.0,0.0,2.0,0.333,0.442,0.684,1.126,0.378,0.13,0.225,0.262,0.452,0.286,0.125,0.417
Ke'Bryan Hayes,Available,CIN,International League,AAA,Yes,29.0,,3.0,17.0,4.0,90.3,254.0,247.0,53.3,175.8,176.0,320.0,120.2,147.0,58.5,3.7,12.0,7.0,1.0,5.0,3.0,0.0,0.0,0.583,0.571,1.167,1.738,0.545,0.071,0.071,0.417,0.25,0.333,0.25,0.25
Walker Jenkins,Daddy Yankee (MINORS),MIN,International League,AAA,Yes,21.0,,69.0,9.1,3.8,124.6,136.5,178.1,139.4,92.3,119.0,142.0,120.2,111.0,135.9,67.0,263.0,81.0,12.0,51.0,28.0,17.0,4.0,0.308,0.407,0.532,0.939,0.34,0.137,0.156,0.219,0.451,0.33,0.155,0.169
A.J. Ewing,Je suis Charlie Morton (ACTIVE),NYM,International League,AAA,Yes,21.0,,12.0,9.1,3.8,124.6,136.3,231.5,188.6,82.2,0.0,118.0,119.1,102.3,120.8,20.0,46.0,15.0,0.0,9.0,4.0,5.0,0.0,0.326,0.392,0.435,0.827,0.366,0.098,0.098,0.195,0.317,0.488,0.05,0.0
Sean Keys,Daddy Yankee (MINORS),TOR,International League,AAA,Yes,23.0,,51.0,10.2,3.6,113.8,152.3,131.0,100.5,121.4,185.9,170.0,119.0,122.0,116.8,48.0,185.0,56.0,14.0,33.0,46.0,1.0,0.0,0.303,0.422,0.622,1.044,0.333,0.142,0.204,0.288,0.331,0.381,0.226,0.264
Roman Anthony,Hand Foot Mouth Disease Guys (ACTIVE),BOS,International League,AAA,Yes,22.0,,4.0,9.0,3.5,119.0,134.4,90.0,16.4,126.5,704.2,141.0,118.7,129.7,102.7,0.0,14.0,4.0,1.0,2.0,4.0,0.0,0.0,0.286,0.375,0.571,0.946,0.333,0.125,0.25,0.3,0.7,0.0,0.0,1.0
Lazaro Montes,Lászlaró Tóth (MINORS),SEA,Pacific Coast League,AAA,Yes,21.0,,44.0,9.0,4.0,127.6,118.0,55.5,67.8,116.2,230.4,130.0,118.2,115.7,113.2,36.4,175.0,48.0,13.0,32.0,30.0,3.0,1.0,0.274,0.369,0.571,0.941,0.35,0.123,0.31,0.291,0.345,0.364,0.175,0.325
George Lombard Jr.,Third Degree Burnes (ACTIVE),NYY,International League,AAA,Yes,21.0,,56.0,8.0,3.7,124.6,119.9,138.6,114.8,115.5,83.1,127.0,118.1,111.1,128.6,52.0,209.0,56.0,6.0,44.0,21.0,10.0,5.0,0.268,0.405,0.44,0.845,0.336,0.172,0.218,0.274,0.377,0.349,0.157,0.118
Zach Levenson,Available,STL,International League,AAA,Yes,24.0,,6.0,12.3,3.7,109.1,184.2,26.9,32.8,168.6,352.1,202.0,117.9,133.0,101.8,4.8,22.0,8.0,3.0,5.0,8.0,0.0,0.0,0.364,0.391,0.818,1.209,0.417,0.043,0.304,0.4,0.2,0.4,0.167,0.5
Cole Conn,Available,ATH,Pacific Coast League,AAA,Yes,24.0,,27.0,9.4,4.1,111.6,123.1,88.9,149.1,147.3,61.7,108.0,117.5,114.3,108.4,22.7,110.0,34.0,2.0,26.0,15.0,5.0,0.0,0.309,0.387,0.473,0.86,0.386,0.105,0.202,0.369,0.357,0.274,0.174,0.087
Jonah Cox,Available,SF,Pacific Coast League,AAA,Yes,24.0,,11.0,14.4,4.3,111.6,188.3,100.2,176.2,129.4,70.9,211.0,117.4,110.2,101.3,10.0,47.0,22.0,1.0,14.0,7.0,7.0,2.0,0.468,0.519,0.66,1.179,0.568,0.096,0.173,0.324,0.405,0.27,0.1,0.1
Luke Shliger,Available,DET,International League,AAA,Yes,24.0,,3.0,2.5,2.3,109.1,37.3,518.2,2.1,281.2,0.0,86.0,116.4,134.9,99.3,1.0,7.0,1.0,0.0,0.0,0.0,0.0,0.0,0.143,0.4,0.143,0.543,0.167,0.3,0.1,0.667,0.167,0.167,0.0,0.0
Joshua Kuroda-Grauer,Available,ATH,Pacific Coast League,AAA,Yes,23.0,,42.0,10.5,4.6,116.5,138.3,242.9,131.6,99.8,15.6,111.0,116.3,111.3,101.9,46.3,193.0,68.0,1.0,49.0,26.0,4.0,1.0,0.352,0.405,0.461,0.866,0.37,0.074,0.065,0.25,0.494,0.256,0.261,0.022
Drew Cavanaugh,Available,SF,Pacific Coast League,AAA,Yes,24.0,,32.0,9.4,3.5,111.6,123.3,81.1,96.8,136.5,163.7,165.0,116.2,119.4,127.2,24.0,112.0,37.0,6.0,27.0,22.0,3.0,0.0,0.33,0.445,0.571,1.017,0.425,0.131,0.248,0.342,0.329,0.329,0.0,0.231
Mitch Jebb,Available,PIT,International League,AAA,Yes,24.0,,43.0,8.5,3.9,109.1,127.0,131.7,145.6,112.6,129.6,124.0,115.8,113.7,128.2,36.5,168.0,49.0,7.0,34.0,22.0,5.0,2.0,0.292,0.37,0.494,0.864,0.323,0.109,0.172,0.267,0.452,0.281,0.079,0.184
Jacob Melton,Third Degree Burnes (MINORS),TB,International League,AAA,Yes,25.0,,45.0,9.4,3.5,104.7,140.4,56.1,164.0,123.5,182.4,109.0,115.5,113.7,103.9,25.1,158.0,40.0,7.0,26.0,26.0,26.0,1.0,0.253,0.346,0.475,0.821,0.359,0.118,0.333,0.293,0.434,0.273,0.259,0.259
Caden Bodine,Je suis Charlie Morton (MINORS),TB,International League,AAA,Yes,22.0,,9.0,9.6,3.7,119.0,142.7,136.3,67.7,98.2,201.4,160.0,114.8,116.1,128.1,6.5,33.0,12.0,2.0,3.0,7.0,1.0,0.0,0.364,0.395,0.667,1.061,0.357,0.079,0.132,0.233,0.533,0.233,0.0,0.286
Seaver King,Skrrt vs The World (MINORS),WSH,International League,AAA,Yes,23.0,,66.0,8.8,4.1,113.8,130.9,67.8,125.1,109.6,197.2,125.0,114.8,111.7,127.0,47.2,268.0,78.0,14.0,45.0,43.0,9.0,2.0,0.291,0.363,0.504,0.867,0.346,0.08,0.233,0.26,0.485,0.255,0.1,0.28
Michael Arroyo,Third Degree Burnes (MINORS),SEA,Pacific Coast League,AAA,Yes,21.0,,49.0,9.7,4.1,127.6,127.2,93.4,131.6,100.2,88.6,109.0,114.7,101.0,104.4,62.0,202.0,56.0,8.0,38.0,41.0,4.0,2.0,0.277,0.353,0.49,0.843,0.296,0.081,0.162,0.251,0.365,0.383,0.172,0.125
Duce Gourson,Available,PIT,International League,AAA,Yes,23.0,,42.0,6.8,3.5,113.8,101.2,95.0,143.5,123.9,78.2,115.0,114.5,108.4,98.4,27.0,146.0,40.0,3.0,26.0,15.0,8.0,4.0,0.274,0.378,0.418,0.796,0.363,0.127,0.243,0.294,0.441,0.265,0.296,0.111
Alfonsin Rosario,Available,CLE,International League,AAA,Yes,22.0,,33.0,4.0,3.6,119.0,60.0,30.8,168.1,138.3,31.7,41.0,114.5,101.5,114.4,22.4,119.0,20.0,1.0,15.0,9.0,5.0,0.0,0.168,0.25,0.286,0.536,0.292,0.083,0.402,0.328,0.328,0.344,0.136,0.045
Jose Astudillo,Available,SF,Pacific Coast League,AAA,Yes,22.0,,2.0,2.2,1.0,121.8,29.5,100.0,1.9,199.6,100.0,236.0,114.4,122.6,94.1,0.0,2.0,1.0,0.0,0.0,0.0,0.0,0.0,0.5,0.667,0.5,1.167,0.5,0.333,0.0,0.5,0.5,0.0,0.0,0.0
Hendry Mendez,Available,MIN,International League,AAA,Yes,22.0,,70.0,7.4,3.7,119.0,110.8,150.9,53.3,117.2,125.3,108.0,114.2,117.1,99.2,43.2,258.0,73.0,8.0,37.0,42.0,3.0,2.0,0.283,0.377,0.419,0.796,0.323,0.129,0.172,0.278,0.507,0.215,0.178,0.178
Matthew Lugo,Available,KC,Pacific Coast League,AAA,Yes,25.0,,8.0,4.2,2.0,107.2,55.7,123.5,50.3,166.5,100.0,95.0,114.0,125.4,104.6,1.0,16.0,4.0,0.0,4.0,3.0,0.0,0.0,0.25,0.429,0.25,0.679,0.333,0.143,0.19,0.417,0.5,0.083,0.0,0.0
Émilien Pitre,Available,NYM,International League,AAA,Yes,23.0,,14.0,5.5,3.6,113.8,82.7,99.3,129.2,129.9,64.1,93.0,114.0,109.6,117.6,11.3,50.0,13.0,1.0,5.0,3.0,2.0,1.0,0.26,0.339,0.4,0.739,0.3,0.069,0.155,0.308,0.41,0.282,0.182,0.091
Angel Ortiz,Available,ARI,Pacific Coast League,AAA,Yes,23.0,,39.0,7.8,3.4,116.5,102.5,99.6,133.6,109.8,112.0,92.0,114.0,107.3,99.0,36.6,131.0,35.0,6.0,20.0,26.0,4.0,0.0,0.267,0.345,0.473,0.818,0.296,0.107,0.187,0.275,0.353,0.373,0.316,0.158
Franklin Arias,Lászlaró Tóth (MINORS),BOS,International League,AAA,Yes,20.0,,32.0,9.2,4.0,130.9,137.7,116.9,51.3,112.6,90.8,126.0,113.7,108.2,116.0,31.0,128.0,42.0,4.0,21.0,27.0,1.0,2.0,0.328,0.38,0.5,0.88,0.362,0.077,0.148,0.267,0.438,0.295,0.226,0.129
Daz Cameron,Available,TOR,International League,AAA,Yes,29.0,,23.0,10.6,3.4,90.3,158.8,146.7,151.7,135.8,111.3,179.0,113.3,121.7,100.0,18.7,79.0,29.0,3.0,15.0,15.0,10.0,2.0,0.367,0.462,0.582,1.045,0.448,0.151,0.194,0.322,0.356,0.322,0.211,0.158
Scott Bandura,Available,SF,Pacific Coast League,AAA,Yes,24.0,,90.0,10.1,3.9,111.6,132.5,145.9,139.4,109.4,70.2,133.0,113.2,108.5,117.2,88.4,352.0,112.0,9.0,67.0,60.0,23.0,1.0,0.318,0.399,0.489,0.888,0.358,0.114,0.144,0.274,0.419,0.307,0.11,0.099
Dylan Grego,Available,SD,Pacific Coast League,AAA,Yes,22.0,,5.0,8.8,3.6,121.8,115.4,123.4,34.8,186.4,0.0,207.0,113.1,115.8,80.1,2.0,18.0,9.0,0.0,4.0,2.0,0.0,0.0,0.5,0.55,0.667,1.217,0.6,0.1,0.15,0.467,0.4,0.133,0.0,0.0
Patrick Clohisy,Available,ATL,International League,AAA,Yes,24.0,,38.0,10.1,3.5,109.1,150.4,110.8,157.9,118.0,68.3,154.0,113.0,107.3,104.9,30.4,134.0,48.0,3.0,29.0,16.0,22.0,4.0,0.358,0.439,0.507,0.946,0.459,0.128,0.218,0.28,0.41,0.31,0.194,0.097
Angel Genao,Je suis Charlie Morton (MINORS),CLE,International League,AAA,Yes,22.0,,72.0,8.5,3.7,119.0,127.6,164.5,98.4,84.7,138.0,134.0,112.9,108.6,136.4,49.2,265.0,82.0,10.0,48.0,42.0,9.0,4.0,0.309,0.395,0.494,0.889,0.341,0.123,0.155,0.201,0.566,0.233,0.176,0.196
Eric Brown Jr.,Available,MIL,International League,AAA,Yes,25.0,,16.0,4.0,2.6,104.7,59.3,113.8,92.3,149.7,70.4,108.0,112.6,118.8,94.4,9.7,41.0,12.0,1.0,4.0,1.0,3.0,0.0,0.293,0.383,0.366,0.749,0.367,0.128,0.213,0.355,0.323,0.323,0.1,0.1
Adael Amador,Ben the Hen (MINORS),COL,Pacific Coast League,AAA,Yes,23.0,,94.0,8.9,3.9,116.5,116.3,234.6,100.7,80.2,75.8,93.0,112.5,109.3,81.0,102.3,367.0,97.0,11.0,67.0,62.0,11.0,7.0,0.264,0.367,0.428,0.795,0.276,0.141,0.111,0.201,0.471,0.328,0.301,0.107
Kyren Paris,Available,LAA,Pacific Coast League,AAA,Yes,24.0,,62.0,10.4,3.7,111.6,136.6,81.7,89.0,109.0,209.1,139.0,112.4,114.2,76.6,40.3,231.0,71.0,13.0,42.0,50.0,16.0,3.0,0.307,0.427,0.554,0.981,0.411,0.173,0.284,0.273,0.442,0.286,0.023,0.295
D'Andre Smith,Available,NYM,International League,AAA,Yes,25.0,,21.0,9.2,3.0,104.7,136.9,126.1,112.8,91.1,234.5,159.0,112.3,115.6,94.2,11.0,64.0,22.0,4.0,11.0,12.0,8.0,1.0,0.344,0.425,0.578,1.003,0.383,0.11,0.178,0.216,0.549,0.235,0.167,0.333
Turner Hill,Available,SF,Pacific Coast League,AAA,Yes,27.0,,88.0,10.2,3.7,99.2,134.2,239.8,139.4,93.8,86.5,149.0,112.3,115.6,134.9,73.0,323.0,114.0,9.0,65.0,60.0,23.0,5.0,0.353,0.42,0.529,0.95,0.368,0.101,0.085,0.235,0.509,0.256,0.081,0.122
Keiner Delgado,Available,PIT,International League,AAA,Yes,22.0,,17.0,6.5,3.7,119.0,97.1,139.8,131.2,96.5,58.4,83.0,111.9,102.2,101.6,12.0,63.0,14.0,1.0,12.0,4.0,4.0,0.0,0.222,0.347,0.302,0.648,0.271,0.133,0.187,0.229,0.521,0.25,0.5,0.083
Daniel Guilarte,Available,MIL,International League,AAA,Yes,22.0,,5.0,6.4,3.8,119.0,95.6,37.7,104.6,210.8,0.0,96.0,111.8,105.8,94.2,1.1,19.0,6.0,0.0,2.0,1.0,3.0,1.0,0.316,0.381,0.316,0.697,0.545,0.095,0.381,0.5,0.4,0.1,1.0,0.0
Bryant Betancourt,Available,COL,Pacific Coast League,AAA,Yes,22.0,,31.0,7.3,3.6,121.8,95.6,99.3,94.9,116.6,64.5,73.0,111.7,105.1,104.6,32.3,112.0,30.0,3.0,18.0,19.0,2.0,0.0,0.268,0.314,0.429,0.743,0.287,0.065,0.13,0.292,0.365,0.344,0.182,0.091
Jackson Holliday,Lászlaró Tóth (ACTIVE),BAL,International League,AAA,Yes,22.0,,17.0,3.6,3.5,119.0,54.0,52.8,118.9,126.5,70.4,48.0,111.7,103.7,121.8,9.8,60.0,11.0,1.0,4.0,4.0,1.0,0.0,0.183,0.269,0.3,0.569,0.256,0.09,0.299,0.3,0.45,0.25,0.1,0.1
Darrien Miller,Available,MIL,International League,AAA,Yes,25.0,,23.0,7.1,2.9,104.7,106.5,194.0,106.6,111.3,73.9,154.0,111.6,115.2,105.3,18.3,67.0,19.0,2.0,7.0,13.0,1.0,0.0,0.284,0.435,0.507,0.943,0.333,0.163,0.163,0.264,0.377,0.358,0.211,0.105
Raudi Rodriguez,Bobby and the NitWitts (MINORS),LAA,Pacific Coast League,AAA,Yes,22.0,,26.0,8.3,4.0,121.8,108.7,122.2,145.2,75.1,112.0,82.0,111.6,97.8,112.6,18.6,104.0,25.0,3.0,20.0,14.0,5.0,2.0,0.24,0.347,0.385,0.732,0.282,0.14,0.19,0.188,0.575,0.238,0.0,0.158
Braden Montgomery,Cant Park Here (ACTIVE),CHW,International League,AAA,Yes,23.0,,29.0,9.4,3.8,113.8,140.4,100.7,84.1,100.3,188.0,133.0,111.2,111.4,116.4,14.3,111.0,35.0,4.0,32.0,19.0,3.0,4.0,0.315,0.417,0.495,0.912,0.408,0.136,0.242,0.238,0.575,0.188,0.067,0.267
Jared Dickey,Available,ATH,Pacific Coast League,AAA,Yes,24.0,,89.0,7.5,3.6,111.6,98.5,163.4,100.7,114.2,51.7,86.0,111.2,110.5,94.9,81.4,324.0,85.0,6.0,50.0,53.0,6.0,1.0,0.262,0.374,0.377,0.751,0.304,0.148,0.155,0.286,0.401,0.313,0.293,0.073
Gavin Conticello,Available,ARI,Pacific Coast League,AAA,Yes,23.0,,36.0,7.9,3.6,116.5,103.6,49.4,81.3,114.2,183.6,106.0,111.2,109.8,102.6,25.1,130.0,39.0,7.0,17.0,27.0,1.0,0.0,0.3,0.355,0.523,0.878,0.352,0.063,0.225,0.286,0.439,0.276,0.148,0.259
Adrián Sugastey,Available,SF,Pacific Coast League,AAA,Yes,23.0,,24.0,6.9,3.5,116.5,90.4,180.1,40.7,102.6,124.7,105.0,111.1,115.4,108.8,16.6,83.0,24.0,3.0,15.0,12.0,0.0,0.0,0.289,0.355,0.422,0.777,0.292,0.084,0.095,0.257,0.514,0.23,0.294,0.176
Nick Goodwin,Available,TOR,International League,AAA,Yes,24.0,,22.0,5.9,3.2,109.1,88.3,115.2,43.1,165.3,54.2,125.0,111.0,120.0,109.7,13.0,70.0,19.0,1.0,13.0,8.0,0.0,0.0,0.271,0.393,0.429,0.821,0.353,0.131,0.214,0.392,0.353,0.255,0.385,0.077
Willy Vasquez,Available,BAL,International League,AAA,Yes,24.0,,46.0,4.7,2.9,109.1,70.0,57.8,125.1,120.6,132.4,84.0,110.7,108.1,111.3,16.0,132.0,30.0,3.0,19.0,14.0,8.0,6.0,0.227,0.331,0.348,0.68,0.351,0.128,0.34,0.286,0.506,0.208,0.25,0.188
Maick Collado,Available,CLE,International League,AAA,Yes,23.0,,12.0,8.4,3.6,113.8,125.7,98.0,112.8,125.2,50.0,130.0,110.7,106.5,98.4,14.4,43.0,14.0,1.0,8.0,7.0,1.0,0.0,0.326,0.348,0.558,0.906,0.342,0.043,0.106,0.297,0.324,0.378,0.143,0.071
Kevin Villavicencio,Available,NYM,International League,AAA,Yes,22.0,,2.0,1.2,1.5,119.0,18.7,0.0,53.3,421.6,100.0,73.0,110.6,111.0,94.9,0.0,3.0,1.0,0.0,1.0,0.0,0.0,0.0,0.333,0.333,0.333,0.667,1.0,0.0,0.667,1.0,0.0,0.0,0.0,0.0
Fernando Peguero,Available,BAL,International League,AAA,Yes,21.0,,23.0,5.1,2.9,124.6,76.3,67.9,157.9,73.4,128.2,101.0,110.6,92.5,87.5,10.5,67.0,18.0,2.0,9.0,5.0,4.0,0.0,0.269,0.347,0.418,0.765,0.364,0.105,0.276,0.174,0.587,0.239,0.182,0.182
Lucas Spence,Available,HOU,Pacific Coast League,AAA,Yes,23.0,,42.0,6.3,3.3,116.5,82.3,70.1,125.8,105.4,113.4,84.0,110.5,102.5,95.7,25.0,137.0,28.0,4.0,21.0,23.0,5.0,0.0,0.204,0.329,0.35,0.68,0.276,0.15,0.293,0.264,0.448,0.287,0.2,0.16
Carlos Colmenarez,Available,TB,International League,AAA,Yes,22.0,,27.0,4.6,2.8,119.0,68.6,26.8,125.1,96.5,176.0,72.0,110.2,100.3,138.0,7.8,75.0,17.0,2.0,12.0,10.0,4.0,0.0,0.227,0.31,0.347,0.656,0.441,0.093,0.453,0.229,0.543,0.229,0.25,0.25
Victor Duarte,Available,SDP,Pacific Coast League,AAA,Yes,25.0,,12.0,5.2,3.0,107.2,67.7,19.3,96.8,132.9,177.2,68.0,110.0,112.2,110.2,7.2,36.0,9.0,2.0,4.0,4.0,2.0,0.0,0.25,0.289,0.444,0.734,0.368,0.049,0.366,0.333,0.286,0.381,0.125,0.25
Gage Miller,Available,MIA,International League,AAA,Yes,23.0,,45.0,7.5,3.1,113.8,112.4,160.6,86.1,95.3,107.0,139.0,109.9,108.9,92.0,43.8,138.0,37.0,7.0,24.0,23.0,7.0,3.0,0.268,0.4,0.486,0.886,0.297,0.153,0.182,0.226,0.34,0.434,0.326,0.152
Reed Trimble,Available,BAL,International League,AAA,Yes,26.0,,15.0,10.9,3.7,100.7,163.3,43.3,190.7,79.3,251.4,128.0,109.9,103.4,123.2,11.8,55.0,13.0,5.0,13.0,16.0,3.0,0.0,0.236,0.328,0.6,0.928,0.296,0.109,0.375,0.188,0.375,0.438,0.357,0.357
Brock Jones,Available,TB,International League,AAA,Yes,25.0,,54.0,5.1,2.8,104.7,75.5,37.4,186.6,113.0,112.7,74.0,109.9,101.2,89.9,24.3,149.0,30.0,4.0,27.0,13.0,15.0,4.0,0.201,0.316,0.342,0.658,0.377,0.115,0.415,0.268,0.38,0.352,0.28,0.16
Pedro León,Available,PHI,International League,AAA,Yes,28.0,,12.0,8.5,3.8,93.5,127.0,48.1,198.9,171.6,0.0,86.0,109.8,107.1,115.4,5.2,46.0,13.0,0.0,9.0,4.0,8.0,0.0,0.283,0.358,0.326,0.685,0.464,0.113,0.358,0.407,0.407,0.185,0.4,0.0
Sam Petersen,Available,WSH,International League,AAA,Yes,23.0,,26.0,6.5,3.7,113.8,97.7,41.0,151.7,107.1,111.3,85.0,109.8,99.5,104.2,18.4,97.0,22.0,3.0,13.0,15.0,4.0,0.0,0.227,0.318,0.381,0.7,0.333,0.081,0.333,0.254,0.424,0.322,0.105,0.158
Tony Santa Maria,Available,TB,International League,AAA,Yes,24.0,,13.0,6.7,3.2,109.1,100.5,104.1,106.6,116.4,100.7,71.0,109.7,109.0,110.9,7.0,42.0,8.0,1.0,6.0,8.0,3.0,1.0,0.19,0.32,0.31,0.63,0.241,0.14,0.24,0.276,0.483,0.241,0.143,0.143
Ralphy Velazquez,Cant Park Here (MINORS),CLE,International League,AAA,Yes,21.0,,81.0,8.7,3.8,124.6,130.1,100.8,61.5,90.6,150.7,132.0,109.7,104.5,125.5,93.7,304.0,84.0,22.0,51.0,60.0,1.0,0.0,0.276,0.364,0.539,0.903,0.292,0.108,0.21,0.215,0.343,0.442,0.175,0.214
Wyatt Langford,Third Degree Burnes (ACTIVE),TEX,Pacific Coast League,AAA,Yes,24.0,,2.0,3.0,2.5,111.6,39.3,105.6,50.3,132.9,100.0,15.0,109.6,114.9,95.4,1.0,5.0,0.0,0.0,2.0,0.0,0.0,0.0,0.0,0.286,0.0,0.286,0.0,0.286,0.286,0.333,0.333,0.333,1.0,0.0
Diego Velasquez,Available,SF,Pacific Coast League,AAA,Yes,22.0,,26.0,5.4,3.5,121.8,70.3,110.7,106.5,115.8,0.0,123.0,109.6,100.0,109.9,13.0,90.0,27.0,0.0,15.0,3.0,1.0,0.0,0.3,0.4,0.422,0.822,0.391,0.131,0.196,0.29,0.522,0.188,0.231,0.0
Leo Balcazar,Available,CIN,International League,AAA,Yes,22.0,,28.0,5.4,3.6,119.0,80.3,161.4,77.9,107.9,28.2,81.0,109.5,105.8,104.5,25.0,101.0,23.0,1.0,10.0,11.0,1.0,1.0,0.228,0.322,0.356,0.678,0.268,0.122,0.157,0.256,0.439,0.305,0.32,0.04
Dakota Harris,Available,STL,International League,AAA,Yes,24.0,,9.0,4.0,2.9,109.1,59.8,88.2,92.3,153.5,0.0,67.0,109.4,110.5,101.7,5.0,26.0,7.0,0.0,2.0,1.0,1.0,0.0,0.269,0.31,0.385,0.695,0.318,0.067,0.167,0.364,0.409,0.227,0.4,0.0
Bo Davidson,Je suis Charlie Morton (MINORS),SF,Pacific Coast League,AAA,Yes,23.0,,45.0,9.7,4.0,116.5,127.5,105.3,79.4,97.8,148.1,126.0,109.4,107.2,112.1,40.6,180.0,52.0,9.0,30.0,37.0,5.0,1.0,0.289,0.372,0.506,0.878,0.319,0.111,0.184,0.245,0.455,0.301,0.07,0.209
Harry Genth,Available,MIN,International League,AAA,Yes,23.0,,8.0,3.1,1.5,113.8,46.7,25.6,153.8,140.4,0.0,28.0,109.4,98.6,78.4,1.0,12.0,1.0,0.0,3.0,3.0,1.0,0.0,0.083,0.267,0.167,0.433,0.167,0.067,0.4,0.333,0.5,0.167,0.0,0.0
Danny Serretti,Available,ARI,Pacific Coast League,AAA,Yes,26.0,,35.0,7.1,3.3,103.0,93.5,101.1,69.7,132.9,131.1,128.0,109.1,117.3,103.8,26.0,117.0,37.0,5.0,19.0,16.0,1.0,1.0,0.316,0.421,0.513,0.934,0.395,0.149,0.227,0.333,0.345,0.321,0.185,0.185
Will Wilson,Available,SEA,Pacific Coast League,AAA,Yes,27.0,,17.0,6.1,3.0,99.2,79.4,98.7,89.0,136.5,118.4,121.0,109.0,117.1,106.4,5.8,51.0,16.0,1.0,8.0,6.0,2.0,0.0,0.314,0.41,0.431,0.841,0.405,0.148,0.23,0.342,0.5,0.158,0.333,0.167
Max Anderson,Third Degree Burnes (MINORS),DET,International League,AAA,Yes,24.0,,98.0,8.0,3.8,109.1,119.5,190.9,80.0,91.9,101.4,135.0,108.5,110.7,85.2,94.9,376.0,114.0,14.0,61.0,52.0,4.0,2.0,0.303,0.39,0.484,0.874,0.323,0.114,0.13,0.218,0.476,0.306,0.113,0.144
RJ Schreck,Available,TOR,International League,AAA,Yes,25.0,,56.0,7.6,3.3,104.7,113.5,162.8,96.4,105.4,92.9,114.0,108.4,111.3,131.3,50.4,183.0,42.0,7.0,34.0,36.0,4.0,2.0,0.23,0.38,0.404,0.784,0.263,0.17,0.192,0.25,0.371,0.379,0.283,0.132
Lizandro Espinoza,Available,ATL,International League,AAA,Yes,23.0,,16.0,8.7,3.6,113.8,129.8,101.5,98.4,100.3,117.6,113.0,108.4,104.8,98.0,11.4,57.0,16.0,2.0,7.0,10.0,7.0,2.0,0.281,0.373,0.421,0.794,0.35,0.134,0.239,0.238,0.476,0.286,0.167,0.167
Ismael Munguia,Available,TOR,International League,AAA,Yes,27.0,,57.0,6.7,3.4,96.9,99.6,305.4,55.4,107.9,45.8,128.0,108.2,122.1,109.4,31.1,196.0,63.0,2.0,35.0,19.0,2.0,5.0,0.321,0.415,0.408,0.823,0.353,0.128,0.094,0.256,0.564,0.18,0.161,0.065
Ryan Ritter,Available,COL,Pacific Coast League,AAA,Yes,25.0,,52.0,8.3,3.7,107.2,109.0,94.4,133.6,115.0,64.5,120.0,108.1,104.0,113.9,43.0,194.0,63.0,4.0,36.0,25.0,8.0,0.0,0.325,0.424,0.459,0.882,0.413,0.115,0.205,0.288,0.411,0.301,0.182,0.091
Brayan Buelvas,Available,ATH,Pacific Coast League,AAA,Yes,24.0,,90.0,7.8,3.6,111.6,102.8,54.8,127.8,95.8,155.2,99.0,108.0,101.3,112.7,67.7,322.0,88.0,16.0,57.0,63.0,5.0,0.0,0.273,0.345,0.512,0.857,0.344,0.095,0.272,0.24,0.436,0.324,0.247,0.219
John Taylor,Available,TEX,Pacific Coast League,AAA,Yes,25.0,,75.0,8.3,3.5,107.2,108.6,112.8,125.8,103.8,90.0,103.0,107.9,104.6,123.7,53.5,262.0,64.0,7.0,42.0,51.0,15.0,5.0,0.244,0.379,0.389,0.768,0.305,0.157,0.216,0.26,0.453,0.286,0.145,0.127
Konnor Griffin,Ben the Hen (ACTIVE),PIT,International League,AAA,Yes,20.0,,7.0,8.3,3.4,130.9,123.8,194.8,84.1,70.4,0.0,181.0,107.9,94.0,136.4,8.0,24.0,9.0,0.0,4.0,1.0,3.0,2.0,0.375,0.516,0.5,1.016,0.5,0.226,0.194,0.167,0.389,0.444,0.125,0.0
Jack Goodman,Available,DET,International League,AAA,Yes,22.0,,5.0,3.4,2.4,119.0,50.8,15.8,53.3,84.3,352.1,20.0,107.8,106.5,46.8,1.6,12.0,1.0,1.0,3.0,2.0,0.0,0.0,0.083,0.154,0.333,0.487,0.0,0.077,0.538,0.2,0.4,0.4,0.0,0.5
Nick Sogard,Available,BOS,International League,AAA,Yes,28.0,,46.0,9.0,3.6,93.5,133.8,208.9,104.6,110.5,74.6,126.0,107.6,116.7,86.5,46.7,167.0,45.0,5.0,35.0,28.0,6.0,3.0,0.269,0.41,0.437,0.848,0.31,0.193,0.17,0.262,0.377,0.362,0.17,0.106
Alan Roden,Available,MIN,International League,AAA,Yes,26.0,,40.0,9.9,3.9,100.7,147.3,205.0,80.0,94.9,119.7,142.0,107.6,115.1,119.0,49.3,156.0,46.0,9.0,30.0,28.0,4.0,1.0,0.295,0.412,0.519,0.931,0.308,0.144,0.144,0.225,0.364,0.411,0.094,0.17
Abrahan Gutierrez,Available,NYY,International League,AAA,Yes,26.0,,16.0,4.7,2.6,100.7,70.5,154.2,36.9,87.3,264.1,91.0,107.1,120.3,97.0,8.8,42.0,9.0,3.0,7.0,4.0,0.0,0.0,0.214,0.298,0.452,0.75,0.188,0.104,0.146,0.207,0.517,0.276,0.25,0.375
Maxwell Romero Jr.,Available,WSH,International League,AAA,Yes,25.0,,33.0,7.8,3.5,104.7,115.9,49.6,28.7,116.8,264.1,139.0,107.0,118.4,119.3,21.0,116.0,32.0,9.0,21.0,23.0,0.0,0.0,0.276,0.378,0.552,0.93,0.404,0.125,0.368,0.277,0.354,0.369,0.208,0.375
Darren Baker,Available,SF,International League,AAA,Yes,27.0,,11.0,5.1,3.1,96.9,76.7,175.7,143.5,116.4,0.0,47.0,107.0,107.7,117.4,8.0,34.0,7.0,0.0,3.0,4.0,3.0,2.0,0.206,0.289,0.294,0.584,0.241,0.105,0.132,0.276,0.448,0.276,0.375,0.0
Emmanuel Rodriguez,Lászlaró Tóth (MINORS),MIN,International League,AAA,Yes,23.0,,46.0,9.4,3.5,113.8,140.9,115.6,118.9,70.4,154.9,141.0,107.0,99.5,116.6,44.9,160.0,42.0,11.0,34.0,32.0,7.0,2.0,0.263,0.415,0.519,0.933,0.32,0.195,0.263,0.167,0.37,0.463,0.32,0.22
Anderdson Rojas,Available,ARI,Pacific Coast League,AAA,Yes,22.0,,103.0,6.2,3.5,121.8,81.9,85.0,96.8,98.6,62.4,69.0,107.0,97.0,90.6,56.6,365.0,99.0,5.0,44.0,42.0,12.0,4.0,0.271,0.336,0.364,0.7,0.325,0.078,0.171,0.247,0.557,0.196,0.246,0.088
Dominic Fletcher,Available,CIN,International League,AAA,Yes,28.0,,66.0,7.1,3.3,93.5,105.6,141.1,121.0,120.6,83.8,124.0,106.9,113.2,120.8,64.7,215.0,63.0,8.0,43.0,32.0,3.0,0.0,0.293,0.376,0.47,0.845,0.325,0.106,0.159,0.286,0.331,0.383,0.269,0.119
Alek Thomas,Available,LAD,Pacific Coast League,AAA,Yes,26.0,,58.0,9.4,4.1,103.0,122.7,115.7,116.1,92.2,153.8,119.0,106.8,107.0,75.5,43.7,238.0,70.0,10.0,37.0,44.0,5.0,1.0,0.294,0.359,0.517,0.876,0.317,0.091,0.147,0.231,0.538,0.231,0.239,0.217
Kala'i Rosario,Available,MIN,International League,AAA,Yes,23.0,,31.0,7.8,3.6,113.8,117.1,49.8,131.2,78.8,181.7,133.0,106.8,97.4,108.4,27.7,111.0,33.0,8.0,22.0,17.0,2.0,0.0,0.297,0.361,0.568,0.928,0.373,0.082,0.295,0.187,0.4,0.413,0.194,0.258
Alejo Lopez,Available,KC,International League,AAA,Yes,30.0,,30.0,6.1,2.9,87.2,91.6,209.9,116.9,116.4,64.1,101.0,106.7,117.8,108.1,22.3,88.0,26.0,2.0,14.0,13.0,3.0,2.0,0.295,0.357,0.42,0.778,0.312,0.09,0.1,0.276,0.434,0.289,0.227,0.091
Orlando Martinez,Available,TEX,Pacific Coast League,AAA,Yes,28.0,,31.0,7.1,3.3,95.7,93.3,141.1,123.9,123.8,48.9,84.0,106.7,110.9,98.7,29.0,103.0,27.0,2.0,17.0,17.0,5.0,2.0,0.262,0.333,0.388,0.722,0.287,0.102,0.136,0.31,0.356,0.333,0.172,0.069
Anthony Volpe,Available,NYY,International League,AAA,Yes,25.0,,37.0,10.1,4.0,104.7,150.2,76.9,137.4,84.3,184.5,130.0,106.7,102.7,123.4,39.2,148.0,39.0,11.0,28.0,26.0,10.0,4.0,0.264,0.345,0.561,0.906,0.286,0.095,0.237,0.2,0.4,0.4,0.024,0.262
Nick Yorke,Skrrt vs The World (MINORS),PIT,International League,AAA,Yes,24.0,,29.0,5.4,3.6,109.1,80.4,65.9,135.3,102.4,100.7,62.0,106.6,99.7,94.9,21.3,103.0,20.0,3.0,17.0,12.0,4.0,5.0,0.194,0.284,0.32,0.605,0.239,0.086,0.25,0.243,0.457,0.3,0.238,0.143
Victor Mesa Jr.,Available,TB,International League,AAA,Yes,24.0,,23.0,7.9,3.8,109.1,117.6,98.7,112.8,100.3,100.7,144.0,106.5,102.8,136.2,26.6,88.0,27.0,4.0,17.0,12.0,1.0,6.0,0.307,0.396,0.557,0.953,0.383,0.129,0.238,0.238,0.317,0.444,0.286,0.143
Garret Guillemette,Available,HOU,Pacific Coast League,AAA,Yes,24.0,,19.0,4.8,3.4,111.6,62.8,32.8,118.1,129.8,44.7,46.0,106.4,100.0,93.9,16.4,64.0,12.0,1.0,9.0,9.0,2.0,0.0,0.188,0.264,0.281,0.545,0.268,0.069,0.319,0.325,0.275,0.4,0.563,0.063
Enrique Bradfield Jr.,Available,BAL,International League,AAA,Yes,24.0,,79.0,7.7,3.5,109.1,115.5,103.5,174.3,91.5,35.2,94.0,106.4,94.0,108.7,60.0,280.0,74.0,3.0,55.0,30.0,30.0,5.0,0.264,0.352,0.354,0.706,0.335,0.107,0.205,0.217,0.5,0.283,0.167,0.05
Luke Mann,Available,ATH,Pacific Coast League,AAA,Yes,26.0,,16.0,8.8,3.4,103.0,114.7,99.8,50.3,85.4,283.5,136.0,106.2,115.2,100.5,9.0,54.0,17.0,4.0,14.0,10.0,0.0,0.0,0.315,0.403,0.593,0.996,0.342,0.113,0.194,0.214,0.548,0.238,0.0,0.4
Andrick Nava,Available,MIL,International League,AAA,Yes,24.0,,15.0,8.4,3.2,109.1,125.5,159.8,59.5,72.1,201.4,168.0,106.2,109.7,105.1,12.6,48.0,16.0,4.0,9.0,10.0,1.0,1.0,0.333,0.407,0.625,1.032,0.324,0.093,0.13,0.171,0.488,0.341,0.286,0.286
Tommy White,Skrrt vs The World (MINORS),ATH,Pacific Coast League,AAA,Yes,23.0,,55.0,9.4,4.2,116.5,122.9,68.8,92.9,95.4,124.7,94.0,106.2,99.9,109.9,49.5,231.0,70.0,9.0,44.0,47.0,1.0,1.0,0.303,0.345,0.489,0.834,0.319,0.048,0.139,0.239,0.503,0.259,0.176,0.176
Demetrio Crisantes,Hand Foot Mouth Disease Guys (MINORS),ARI,Pacific Coast League,AAA,Yes,21.0,,38.0,5.7,3.9,127.6,74.4,56.0,60.0,113.4,41.8,59.0,106.2,96.8,98.0,34.0,147.0,39.0,2.0,16.0,18.0,0.0,1.0,0.265,0.31,0.367,0.677,0.319,0.056,0.188,0.284,0.422,0.293,0.206,0.059
Romy Gonzalez,Available,BOS,International League,AAA,Yes,29.0,,22.0,9.2,4.0,90.3,138.2,88.1,69.7,142.5,150.7,133.0,106.0,121.0,104.6,13.6,89.0,31.0,3.0,14.0,20.0,1.0,0.0,0.348,0.394,0.506,0.9,0.406,0.081,0.192,0.338,0.465,0.197,0.214,0.214
Parker Coddou,Available,COL,Pacific Coast League,AAA,Yes,24.0,,2.0,0.8,3.5,111.6,9.8,41.1,1.9,199.6,100.0,-1.0,106.0,115.8,82.3,1.0,7.0,1.0,0.0,0.0,0.0,0.0,0.0,0.143,0.25,0.143,0.393,0.25,0.125,0.375,0.5,0.25,0.25,0.0,0.0
Blake Rambusch,Available,SEA,Pacific Coast League,AAA,Yes,26.0,,22.0,7.3,3.4,103.0,95.6,86.8,133.6,117.0,58.8,87.0,106.0,103.2,103.2,12.4,74.0,21.0,1.0,12.0,7.0,9.0,0.0,0.284,0.338,0.392,0.729,0.333,0.075,0.163,0.293,0.5,0.207,0.083,0.083
Will Simpson,Available,TB,International League,AAA,Yes,24.0,,6.0,8.3,2.5,109.1,124.5,226.3,127.1,38.4,140.8,129.0,106.0,99.9,107.3,4.5,15.0,3.0,1.0,6.0,3.0,1.0,0.0,0.2,0.429,0.4,0.829,0.2,0.286,0.19,0.091,0.455,0.455,0.4,0.2
Nick Raposo,Available,SEA,Pacific Coast League,AAA,Yes,28.0,,23.0,8.6,3.4,95.7,113.2,104.0,34.8,132.9,177.2,129.0,105.9,122.1,90.9,19.3,79.0,23.0,5.0,14.0,19.0,0.0,1.0,0.291,0.389,0.544,0.934,0.327,0.147,0.221,0.333,0.316,0.351,0.1,0.25
Nick Lorusso,Available,NYM,International League,AAA,Yes,25.0,,25.0,6.1,3.1,104.7,90.5,95.4,123.0,101.6,105.6,83.0,105.9,103.3,103.6,19.0,78.0,18.0,3.0,13.0,9.0,5.0,0.0,0.231,0.326,0.372,0.698,0.273,0.112,0.225,0.241,0.414,0.345,0.1,0.15
Manuel Pena,Available,ARI,Pacific Coast League,AAA,Yes,22.0,,52.0,6.5,4.0,121.8,85.5,41.9,69.7,114.6,78.7,76.0,105.9,99.1,103.0,44.2,209.0,62.0,5.0,25.0,27.0,3.0,0.0,0.297,0.335,0.411,0.746,0.37,0.057,0.238,0.287,0.427,0.287,0.089,0.111
Noah Mendlinger,Available,STL,International League,AAA,Yes,25.0,,64.0,4.9,2.7,104.7,73.6,158.1,77.9,113.4,50.0,115.0,105.7,109.4,122.6,27.8,175.0,51.0,2.0,21.0,22.0,1.0,1.0,0.291,0.39,0.406,0.796,0.34,0.106,0.145,0.269,0.538,0.193,0.214,0.071
Tyler Locklear,Available,ARI,Pacific Coast League,AAA,Yes,25.0,,66.0,8.5,3.9,107.2,111.8,104.0,73.6,105.4,134.0,114.0,105.7,108.4,96.0,50.4,255.0,77.0,10.0,42.0,46.0,4.0,3.0,0.302,0.393,0.49,0.883,0.351,0.112,0.186,0.264,0.473,0.264,0.189,0.189
Tyresse Turner,Available,CLE,International League,AAA,Yes,26.0,,4.0,8.6,2.2,100.7,128.8,359.9,153.8,60.3,0.0,92.0,105.5,101.2,107.4,2.0,9.0,1.0,0.0,3.0,1.0,3.0,0.0,0.111,0.429,0.111,0.54,0.143,0.357,0.143,0.143,0.571,0.286,0.0,0.0
Marco Luciano,Available,NYY,International League,AAA,Yes,24.0,,78.0,7.7,3.7,109.1,115.7,96.0,86.1,97.8,133.1,125.0,105.4,104.7,126.3,72.2,285.0,81.0,14.0,51.0,46.0,4.0,1.0,0.284,0.378,0.481,0.859,0.347,0.129,0.243,0.232,0.394,0.374,0.189,0.189
Keyber Rodriguez,Available,TEX,Pacific Coast League,AAA,Yes,25.0,,75.0,6.5,3.5,107.2,84.8,59.1,122.0,108.2,101.4,77.0,105.4,101.0,100.0,86.8,265.0,61.0,13.0,46.0,35.0,6.0,2.0,0.23,0.296,0.423,0.719,0.253,0.077,0.225,0.271,0.271,0.457,0.242,0.143
Lenyn Sosa,Available,TOR,International League,AAA,Yes,26.0,,10.0,6.1,3.8,100.7,91.1,67.3,43.1,156.0,78.2,82.0,105.3,116.4,94.3,8.7,38.0,9.0,1.0,6.0,6.0,0.0,0.0,0.237,0.31,0.368,0.678,0.308,0.095,0.262,0.37,0.296,0.333,0.333,0.111
Keaton Anthony,Available,PHI,International League,AAA,Yes,25.0,,67.0,7.0,3.7,104.7,105.2,131.1,43.1,121.8,95.8,105.0,105.3,113.6,120.7,65.3,247.0,68.0,9.0,34.0,40.0,0.0,0.0,0.275,0.346,0.441,0.788,0.296,0.093,0.154,0.289,0.383,0.328,0.121,0.136
Cayden Wallace,Available,WSH,International League,AAA,Yes,24.0,,50.0,8.7,3.6,109.1,129.5,83.5,114.8,91.5,128.2,128.0,105.3,100.6,109.8,52.0,180.0,54.0,10.0,32.0,36.0,7.0,3.0,0.3,0.355,0.533,0.889,0.326,0.071,0.183,0.217,0.399,0.385,0.145,0.182
Jhostynxon Garcia,Available,PIT,International League,AAA,Yes,23.0,,61.0,6.6,3.6,113.8,99.3,71.2,92.3,99.1,112.0,99.0,105.2,100.3,104.1,43.5,222.0,60.0,7.0,37.0,30.0,5.0,1.0,0.27,0.337,0.419,0.756,0.331,0.084,0.233,0.235,0.494,0.272,0.227,0.159
Bo Naylor,Available,MIL,International League,AAA,Yes,26.0,,59.0,8.1,3.7,100.7,121.5,101.2,102.5,112.1,106.3,113.0,105.1,107.8,46.8,68.4,220.0,53.0,11.0,35.0,41.0,4.0,0.0,0.241,0.346,0.468,0.814,0.284,0.136,0.241,0.266,0.272,0.462,0.247,0.151
Denzel Clarke,Available,ATH,Pacific Coast League,AAA,Yes,26.0,,11.0,7.9,3.1,103.0,103.1,77.2,67.8,75.9,472.8,156.0,104.9,110.6,112.6,2.9,34.0,12.0,2.0,6.0,7.0,0.0,0.0,0.353,0.463,0.588,1.052,0.5,0.171,0.293,0.19,0.667,0.143,0.333,0.667
Cody Freeman,Available,TEX,Pacific Coast League,AAA,Yes,25.0,,26.0,8.9,4.0,107.2,116.7,141.2,83.2,97.4,88.6,111.0,104.9,105.6,72.9,23.5,104.0,32.0,3.0,22.0,18.0,1.0,0.0,0.308,0.373,0.452,0.825,0.33,0.093,0.127,0.244,0.489,0.267,0.083,0.125
Brendan Jones,Available,MIA,International League,AAA,Yes,24.0,,17.0,7.6,3.2,109.1,112.9,79.2,118.9,99.9,88.0,104.0,104.9,99.2,97.6,15.6,55.0,14.0,2.0,7.0,7.0,8.0,1.0,0.255,0.339,0.418,0.757,0.324,0.113,0.258,0.237,0.342,0.421,0.125,0.125
Jeremy Rivas,Available,STL,International League,AAA,Yes,23.0,,27.0,5.5,3.2,113.8,81.6,94.9,98.4,107.1,39.4,81.0,104.9,98.9,96.8,17.7,86.0,20.0,1.0,13.0,11.0,3.0,0.0,0.233,0.356,0.291,0.646,0.328,0.154,0.269,0.254,0.441,0.305,0.278,0.056
Kenny Piper,Available,TB,International League,AAA,Yes,27.0,,5.0,8.1,3.4,96.9,121.0,136.1,77.9,105.4,140.8,197.0,104.5,112.8,103.1,4.6,17.0,6.0,1.0,4.0,1.0,1.0,1.0,0.353,0.5,0.647,1.147,0.455,0.182,0.227,0.25,0.333,0.417,0.4,0.2
Miles Mastrobuoni,Available,SEA,Pacific Coast League,AAA,Yes,30.0,,49.0,6.8,3.4,89.3,89.0,130.7,122.0,127.0,61.0,93.0,104.5,112.0,121.2,35.0,166.0,42.0,3.0,25.0,23.0,7.0,2.0,0.253,0.347,0.404,0.751,0.295,0.13,0.171,0.318,0.417,0.265,0.229,0.086
Brandon Butterworth,Available,BAL,International League,AAA,Yes,23.0,,18.0,5.2,3.3,113.8,77.6,38.3,143.5,68.3,176.0,54.0,104.5,91.8,109.5,14.7,60.0,10.0,4.0,8.0,9.0,1.0,0.0,0.167,0.231,0.4,0.631,0.176,0.077,0.338,0.162,0.405,0.432,0.125,0.25
Mark Vientos,Available,NYM,International League,AAA,Yes,26.0,,5.0,19.0,3.6,100.7,283.8,75.7,53.3,84.3,586.6,357.0,104.4,113.4,115.2,4.0,18.0,9.0,5.0,8.0,8.0,0.0,0.0,0.5,0.526,1.333,1.86,0.4,0.053,0.158,0.2,0.4,0.4,0.0,0.833
Carlos Jorge,Available,CIN,International League,AAA,Yes,22.0,,29.0,7.3,3.9,119.0,109.2,67.5,155.8,77.6,48.6,85.0,104.4,86.3,102.1,29.0,114.0,30.0,2.0,15.0,11.0,10.0,1.0,0.263,0.323,0.377,0.7,0.322,0.065,0.202,0.184,0.483,0.333,0.207,0.069
Ethan O'Donnell,Available,MIA,International League,AAA,Yes,24.0,,61.0,6.2,3.2,109.1,92.7,91.8,116.9,102.9,55.6,89.0,104.3,98.6,112.3,37.4,195.0,44.0,3.0,32.0,23.0,16.0,2.0,0.226,0.354,0.303,0.657,0.318,0.151,0.273,0.244,0.466,0.29,0.079,0.079
Connor Hujsak,Available,TB,International League,AAA,Yes,24.0,,9.0,8.2,3.4,109.1,122.8,0.0,137.4,91.5,176.0,138.0,104.2,95.5,82.4,7.3,31.0,10.0,2.0,5.0,7.0,1.0,2.0,0.323,0.312,0.677,0.99,0.381,0.0,0.281,0.217,0.435,0.348,0.125,0.25
Vincent Perozo,Available,NYM,International League,AAA,Yes,23.0,,1.0,2.0,3.0,113.8,29.9,0.0,2.1,421.6,100.0,147.0,104.1,111.0,98.8,0.0,3.0,1.0,0.0,0.0,0.0,0.0,0.0,0.333,0.333,0.667,1.0,1.0,0.0,0.667,1.0,0.0,0.0,0.0,0.0
Alejo Lopez,Available,KC,Pacific Coast League,AAA,Yes,30.0,,43.0,5.8,3.0,89.3,76.2,270.5,85.2,92.2,61.7,108.0,104.0,116.2,108.1,23.0,129.0,39.0,2.0,26.0,13.0,3.0,2.0,0.302,0.379,0.419,0.798,0.316,0.089,0.068,0.231,0.573,0.197,0.13,0.087
Stuart Fairchild,Available,SEA,International League,AAA,Yes,30.0,,40.0,8.5,3.5,87.2,127.0,156.7,157.9,100.8,76.8,140.0,104.0,107.4,118.5,44.7,142.0,41.0,5.0,31.0,15.0,9.0,2.0,0.289,0.417,0.479,0.896,0.34,0.148,0.182,0.239,0.339,0.422,0.239,0.109
Tyler McDonough,Available,BOS,International League,AAA,Yes,27.0,,31.0,9.1,2.8,96.9,135.9,121.1,112.8,84.3,176.0,167.0,104.0,107.0,104.7,25.0,87.0,27.0,7.0,22.0,22.0,5.0,1.0,0.31,0.425,0.621,1.045,0.345,0.14,0.215,0.2,0.369,0.431,0.107,0.25
Davis Diaz,Available,ATH,Pacific Coast League,AAA,Yes,23.0,,11.0,8.5,3.7,116.5,112.0,83.2,104.5,85.4,88.6,61.0,104.0,94.7,109.7,8.6,41.0,10.0,1.0,8.0,10.0,2.0,1.0,0.244,0.326,0.341,0.668,0.3,0.109,0.217,0.214,0.5,0.286,0.0,0.125
Garret Forrester,Available,MIA,International League,AAA,Yes,24.0,,27.0,5.3,2.7,109.1,79.7,109.2,84.1,105.4,66.9,114.0,103.9,102.6,129.3,20.0,72.0,13.0,2.0,17.0,8.0,1.0,0.0,0.181,0.396,0.361,0.757,0.262,0.248,0.297,0.25,0.273,0.477,0.238,0.095
Rudy Martin Jr.,Available,TOR,International League,AAA,Yes,30.0,,39.0,7.3,3.2,87.2,109.2,118.0,116.9,125.6,91.5,111.0,103.8,113.0,103.1,22.3,125.0,36.0,3.0,22.0,11.0,15.0,3.0,0.288,0.388,0.384,0.772,0.363,0.132,0.212,0.298,0.457,0.245,0.043,0.13
Ryan Galanie,Available,CHW,International League,AAA,Yes,26.0,,98.0,8.1,3.6,100.7,120.8,65.4,129.2,98.7,136.6,119.0,103.8,101.8,101.0,92.7,349.0,101.0,19.0,58.0,64.0,11.0,4.0,0.289,0.353,0.536,0.889,0.339,0.077,0.234,0.234,0.383,0.383,0.245,0.194
Ryan Nicholson,Available,LAA,Pacific Coast League,AAA,Yes,25.0,,20.0,7.2,3.6,107.2,94.1,44.0,61.9,123.0,124.7,53.0,103.7,106.6,93.3,16.4,73.0,16.0,3.0,7.0,18.0,1.0,0.0,0.219,0.272,0.397,0.669,0.26,0.074,0.272,0.308,0.365,0.327,0.059,0.176
Kevin Parada,Available,NYM,International League,AAA,Yes,24.0,,26.0,5.6,3.0,109.1,83.9,73.9,104.6,116.4,35.2,105.0,103.7,99.3,97.7,19.7,78.0,23.0,1.0,8.0,14.0,1.0,0.0,0.295,0.364,0.423,0.787,0.386,0.09,0.236,0.276,0.379,0.345,0.1,0.05
Jesus Castillo,Available,PIT,International League,AAA,Yes,22.0,,20.0,4.9,3.4,119.0,73.6,117.5,80.0,101.6,0.0,93.0,103.7,95.8,100.5,10.0,68.0,20.0,0.0,10.0,4.0,2.0,1.0,0.294,0.377,0.309,0.685,0.37,0.104,0.182,0.241,0.574,0.185,0.2,0.0
Maikol Hernández,Available,BAL,International League,AAA,Yes,22.0,,5.0,1.4,3.6,119.0,20.9,32.0,53.3,140.4,0.0,8.0,103.6,99.4,111.0,3.0,18.0,2.0,0.0,2.0,0.0,0.0,0.0,0.111,0.238,0.111,0.349,0.222,0.091,0.409,0.333,0.333,0.333,0.0,0.0
Jeremiah Boyd,Available,ARI,Pacific Coast League,AAA,Yes,25.0,,1.0,2.5,3.0,107.2,32.8,30.9,1.9,399.2,100.0,130.0,103.5,114.6,56.4,0.0,3.0,1.0,0.0,0.0,0.0,0.0,0.0,0.333,0.5,0.333,0.833,1.0,0.25,0.5,1.0,0.0,0.0,0.0,0.0
Stuart Fairchild,Available,SEA,Pacific Coast League,AAA,Yes,30.0,,30.0,10.2,3.5,89.3,133.5,127.0,180.0,88.6,101.4,142.0,103.5,102.1,118.5,34.1,104.0,30.0,5.0,24.0,19.0,8.0,0.0,0.288,0.413,0.548,0.961,0.316,0.109,0.156,0.222,0.346,0.432,0.171,0.143
Sam Biller,Available,NYM,International League,AAA,Yes,23.0,,3.0,3.0,2.0,113.8,44.8,0.0,104.6,140.4,0.0,46.0,103.5,95.6,83.2,2.0,6.0,1.0,0.0,1.0,1.0,0.0,0.0,0.167,0.167,0.5,0.667,0.333,0.0,0.5,0.333,0.0,0.667,0.0,0.0
Jordan Groshans,Available,ATL,International League,AAA,Yes,26.0,,5.0,5.2,3.0,100.7,77.7,135.5,22.6,105.4,176.0,82.0,103.4,116.0,110.9,3.7,15.0,3.0,1.0,2.0,2.0,0.0,0.0,0.2,0.294,0.4,0.694,0.182,0.118,0.176,0.25,0.417,0.333,0.0,0.25
Wenceel Pérez,Available,DET,International League,AAA,Yes,26.0,,13.0,7.2,4.2,100.7,106.9,116.4,114.8,100.3,83.1,76.0,103.4,103.2,56.4,16.6,54.0,11.0,2.0,9.0,5.0,3.0,1.0,0.204,0.29,0.37,0.661,0.22,0.113,0.194,0.238,0.357,0.405,0.294,0.118
Samuel Basallo,Hand Foot Mouth Disease Guys (ACTIVE),BAL,International League,AAA,Yes,21.0,,1.0,18.0,4.0,124.6,268.9,100.0,53.3,105.4,0.0,86.0,103.4,95.1,46.8,2.0,4.0,1.0,0.0,1.0,3.0,0.0,0.0,0.25,0.25,0.5,0.75,0.25,0.0,0.0,0.25,0.25,0.5,1.0,0.0
Cade Fergus,Available,PHI,International League,AAA,Yes,25.0,,8.0,3.4,3.1,104.7,50.4,17.6,100.5,153.5,0.0,33.0,103.3,102.2,71.9,4.0,25.0,5.0,0.0,2.0,3.0,1.0,0.0,0.2,0.259,0.24,0.499,0.455,0.071,0.5,0.364,0.273,0.364,0.25,0.0
Brett Squires,Available,KC,International League,AAA,Yes,26.0,,90.0,8.9,3.7,100.7,132.3,60.7,133.3,83.5,181.7,120.0,103.2,100.3,114.8,87.4,336.0,90.0,25.0,51.0,68.0,12.0,0.0,0.268,0.33,0.568,0.898,0.298,0.085,0.263,0.198,0.401,0.401,0.206,0.258
Ben Ross,Available,MIN,International League,AAA,Yes,25.0,,102.0,7.1,3.5,104.7,106.0,83.9,114.8,99.9,91.5,107.0,103.2,100.1,134.4,109.2,354.0,88.0,15.0,56.0,55.0,12.0,7.0,0.249,0.353,0.458,0.81,0.319,0.134,0.273,0.237,0.286,0.477,0.165,0.13
Grant McCray,Available,SF,Pacific Coast League,AAA,Yes,25.0,,56.0,8.1,3.6,107.2,106.6,100.8,135.5,90.2,54.6,92.0,103.0,95.1,112.6,51.6,202.0,47.0,4.0,43.0,34.0,12.0,2.0,0.233,0.352,0.356,0.709,0.297,0.152,0.23,0.226,0.418,0.356,0.192,0.077
Homer Bush Jr.,Available,TB,International League,AAA,Yes,24.0,,99.0,6.0,3.2,109.1,89.3,51.6,145.6,96.5,62.7,67.0,103.0,92.4,56.4,56.3,320.0,74.0,5.0,44.0,34.0,36.0,8.0,0.231,0.306,0.328,0.634,0.321,0.077,0.277,0.229,0.509,0.262,0.179,0.089
A.J. Vukovich,Available,ARI,Pacific Coast League,AAA,Yes,24.0,,53.0,6.6,3.7,111.6,86.2,45.3,56.1,104.6,151.7,89.0,102.9,103.0,111.6,39.6,197.0,54.0,9.0,28.0,30.0,0.0,1.0,0.274,0.332,0.477,0.809,0.338,0.07,0.257,0.262,0.44,0.298,0.048,0.214
Rikuu Nishida,Available,CHW,International League,AAA,Yes,25.0,,94.0,7.7,3.7,104.7,115.6,166.3,127.1,84.3,23.9,102.0,102.9,97.8,127.3,29.3,349.0,100.0,1.0,76.0,29.0,23.0,7.0,0.287,0.417,0.324,0.74,0.368,0.165,0.186,0.2,0.691,0.109,0.034,0.034
Zach Dezenzo,Available,HOU,Pacific Coast League,AAA,Yes,26.0,,45.0,7.0,3.6,103.0,92.1,120.4,122.0,90.2,76.5,107.0,102.8,99.5,124.3,36.7,160.0,38.0,4.0,24.0,15.0,11.0,1.0,0.237,0.384,0.356,0.74,0.298,0.167,0.212,0.226,0.452,0.322,0.27,0.108
Joey Loperfido,Available,HOU,Pacific Coast League,AAA,Yes,27.0,,53.0,7.6,3.9,99.2,99.9,88.1,92.9,126.2,54.6,111.0,102.7,106.2,56.4,39.3,206.0,59.0,3.0,35.0,28.0,7.0,1.0,0.286,0.378,0.398,0.776,0.366,0.113,0.213,0.316,0.428,0.257,0.128,0.077
Brett Callahan,Skrrt vs The World (ACTIVE),DET,International League,AAA,Yes,24.0,,36.0,6.4,3.7,109.1,96.1,58.7,100.5,121.0,26.1,93.0,102.7,98.2,111.1,27.0,133.0,36.0,1.0,15.0,17.0,9.0,2.0,0.271,0.351,0.338,0.689,0.372,0.079,0.258,0.287,0.426,0.287,0.296,0.037
Jesús Sánchez,Available,TOR,International League,AAA,Yes,28.0,,2.0,4.5,2.5,93.5,67.2,100.0,2.1,168.6,100.0,296.0,102.6,122.6,80.2,0.0,5.0,3.0,0.0,0.0,0.0,0.0,0.0,0.6,0.667,0.8,1.467,0.6,0.0,0.0,0.4,0.6,0.0,0.0,0.0
Niko Kavadas,Available,LAA,Pacific Coast League,AAA,Yes,27.0,,59.0,9.0,3.2,99.2,117.9,91.2,46.5,107.4,185.7,159.0,102.6,112.5,126.2,38.8,189.0,59.0,11.0,37.0,47.0,0.0,0.0,0.312,0.458,0.593,1.051,0.436,0.204,0.283,0.269,0.378,0.353,0.048,0.262
Blake Hunt,Available,SD,Pacific Coast League,AAA,Yes,27.0,,42.0,8.4,3.2,99.2,110.2,73.1,81.3,91.8,210.5,131.0,102.5,107.4,128.8,32.9,133.0,40.0,11.0,27.0,32.0,0.0,0.0,0.301,0.381,0.617,0.997,0.326,0.103,0.231,0.23,0.4,0.37,0.162,0.297
Dayson Croes,Available,SF,Pacific Coast League,AAA,Yes,26.0,,23.0,5.9,3.3,103.0,77.8,115.2,65.8,123.4,39.7,93.0,102.5,106.9,103.6,17.8,75.0,21.0,1.0,9.0,10.0,2.0,2.0,0.28,0.341,0.387,0.728,0.299,0.057,0.103,0.309,0.426,0.265,0.222,0.056
Kenedy Corona,Available,NYY,International League,AAA,Yes,26.0,,73.0,7.2,3.0,100.7,107.8,106.1,125.1,88.5,107.7,111.0,102.5,100.2,106.7,56.4,218.0,57.0,9.0,40.0,40.0,14.0,6.0,0.261,0.358,0.445,0.803,0.31,0.119,0.215,0.21,0.426,0.364,0.288,0.153
Roc Riggio,Available,COL,Pacific Coast League,AAA,Yes,24.0,,18.0,8.0,4.0,111.6,104.5,42.2,65.8,99.8,149.6,92.0,102.4,100.7,101.1,17.8,72.0,20.0,4.0,10.0,14.0,1.0,0.0,0.278,0.341,0.486,0.828,0.356,0.085,0.305,0.25,0.354,0.396,0.053,0.211
Taylor Trammell,Available,HOU,Pacific Coast League,AAA,Yes,28.0,,10.0,10.2,3.1,95.7,133.7,126.4,152.9,79.8,109.2,164.0,102.4,99.7,108.4,11.7,31.0,7.0,2.0,8.0,5.0,4.0,2.0,0.226,0.455,0.548,1.003,0.278,0.244,0.244,0.2,0.15,0.65,0.154,0.154
Matthew Lugo,Available,KC,International League,AAA,Yes,25.0,,53.0,8.1,3.9,104.7,120.6,47.3,110.7,102.0,121.1,110.0,102.4,99.4,104.6,60.2,207.0,56.0,11.0,36.0,36.0,3.0,4.0,0.271,0.32,0.531,0.851,0.321,0.062,0.257,0.242,0.329,0.43,0.203,0.172
Blake Burke,Cant Park Here (MINORS),MIL,International League,AAA,Yes,23.0,,22.0,4.5,3.8,113.8,67.6,50.9,110.7,92.8,83.1,73.0,102.4,92.9,115.4,16.3,84.0,16.0,2.0,14.0,6.0,0.0,1.0,0.19,0.313,0.31,0.623,0.292,0.111,0.343,0.22,0.44,0.34,0.118,0.118
Alex Stone,Available,TOR,International League,AAA,Yes,24.0,,1.0,7.0,3.0,109.1,104.6,0.0,2.1,210.8,100.0,154.0,102.1,111.0,120.0,0.0,3.0,1.0,0.0,0.0,1.0,0.0,0.0,0.333,0.333,0.667,1.0,0.5,0.0,0.333,0.5,0.5,0.0,0.0,0.0
Robert Hassell III,Available,PIT,International League,AAA,Yes,24.0,,72.0,5.3,3.6,109.1,79.3,75.4,94.3,114.7,27.5,61.0,102.1,98.1,123.0,51.5,262.0,58.0,2.0,33.0,27.0,10.0,3.0,0.221,0.304,0.298,0.601,0.301,0.102,0.252,0.272,0.451,0.277,0.176,0.039
Spencer Packard,Available,SEA,Pacific Coast League,AAA,Yes,28.0,,47.0,6.9,3.5,95.7,90.1,181.2,54.2,104.2,90.7,105.0,102.0,112.8,68.0,38.4,163.0,44.0,5.0,19.0,26.0,2.0,0.0,0.27,0.383,0.393,0.775,0.295,0.148,0.143,0.261,0.448,0.291,0.128,0.128
Taylor Young,Available,LAD,Pacific Coast League,AAA,Yes,27.0,,13.0,9.3,3.2,99.2,121.5,262.6,34.8,66.7,129.0,177.0,101.9,112.9,103.9,10.4,41.0,15.0,2.0,7.0,11.0,0.0,1.0,0.366,0.469,0.61,1.079,0.382,0.14,0.1,0.167,0.528,0.306,0.182,0.182
Peyton Williams,Available,TOR,International League,AAA,Yes,25.0,,18.0,4.8,3.3,104.7,71.8,32.0,18.5,126.5,176.0,76.0,101.9,111.3,102.9,11.7,60.0,14.0,3.0,6.0,8.0,0.0,0.0,0.233,0.27,0.417,0.687,0.282,0.048,0.286,0.3,0.4,0.3,0.25,0.25
Lars Nootbaar,Available,ARI,International League,AAA,Yes,28.0,,6.0,10.1,3.3,93.5,150.6,213.0,53.3,74.2,176.0,128.0,101.8,114.2,108.9,7.1,20.0,5.0,2.0,5.0,6.0,0.0,0.0,0.25,0.348,0.55,0.898,0.2,0.13,0.13,0.176,0.353,0.471,0.125,0.25
Ben Gobbel,Available,LAA,Pacific Coast League,AAA,Yes,26.0,,57.0,7.1,3.6,103.0,93.2,52.4,83.2,103.8,149.6,86.0,101.8,103.3,95.4,36.1,205.0,57.0,8.0,32.0,36.0,5.0,1.0,0.278,0.339,0.439,0.778,0.336,0.074,0.239,0.26,0.494,0.247,0.079,0.211
Creed Willems,Available,BAL,International League,AAA,Yes,23.0,,101.0,6.2,3.4,113.8,93.0,92.6,22.6,105.4,103.5,96.0,101.7,104.1,67.1,103.9,347.0,86.0,16.0,46.0,57.0,0.0,0.0,0.248,0.342,0.398,0.739,0.287,0.113,0.23,0.25,0.324,0.426,0.174,0.147
Caden Connor,Available,CHW,International League,AAA,Yes,25.0,,102.0,5.8,3.2,104.7,86.3,123.5,102.5,95.3,51.4,79.0,101.7,99.2,102.2,81.8,328.0,87.0,6.0,48.0,39.0,14.0,7.0,0.265,0.333,0.378,0.711,0.301,0.089,0.157,0.226,0.47,0.304,0.207,0.073
Graysen Tarlow,Available,STL,International League,AAA,Yes,24.0,,8.0,4.6,3.2,109.1,69.1,167.1,53.3,105.4,0.0,42.0,101.6,102.9,98.9,9.0,26.0,5.0,0.0,6.0,2.0,0.0,0.0,0.192,0.258,0.308,0.566,0.208,0.097,0.129,0.25,0.375,0.375,0.0,0.0
Ronny Mauricio,Available,NYM,International League,AAA,Yes,25.0,,63.0,9.3,3.9,104.7,139.7,47.1,100.5,92.8,154.9,109.0,101.6,99.4,117.1,76.4,248.0,68.0,18.0,38.0,52.0,12.0,4.0,0.274,0.317,0.532,0.849,0.281,0.045,0.205,0.22,0.351,0.429,0.244,0.22
Tim Elko,Available,CHW,International League,AAA,Yes,27.0,,26.0,4.7,3.3,96.9,69.8,33.7,80.0,88.1,271.1,59.0,101.4,107.3,103.5,11.5,85.0,16.0,5.0,13.0,11.0,1.0,0.0,0.188,0.281,0.365,0.646,0.289,0.115,0.438,0.209,0.488,0.302,0.154,0.385
Matt Rudick,Available,NYM,International League,AAA,Yes,27.0,,20.0,7.0,2.8,96.9,105.3,204.4,125.1,76.7,39.4,106.0,101.4,101.0,104.5,18.0,55.0,14.0,1.0,11.0,11.0,4.0,0.0,0.255,0.406,0.327,0.733,0.295,0.145,0.145,0.182,0.409,0.409,0.222,0.056
Alex Binelas,Available,BOS,International League,AAA,Yes,26.0,,3.0,2.7,3.0,100.7,39.8,0.0,102.5,180.9,0.0,12.0,101.3,101.5,109.2,2.0,9.0,2.0,0.0,0.0,0.0,1.0,0.0,0.222,0.222,0.222,0.444,0.286,0.0,0.222,0.429,0.286,0.286,0.0,0.0
Hogan Windish,Available,SEA,Pacific Coast League,AAA,Yes,27.0,,20.0,4.2,3.5,99.2,55.4,17.6,67.8,109.0,212.6,51.0,101.2,107.1,85.0,9.5,71.0,15.0,3.0,11.0,7.0,0.0,1.0,0.211,0.263,0.352,0.615,0.286,0.039,0.342,0.273,0.5,0.227,0.1,0.3
Pascanel Ferreras,Available,HOU,Pacific Coast League,AAA,Yes,24.0,,60.0,8.1,3.8,111.6,105.9,47.0,92.9,98.2,85.1,130.0,101.0,94.6,89.8,48.7,228.0,73.0,6.0,39.0,41.0,6.0,6.0,0.32,0.383,0.5,0.883,0.411,0.066,0.24,0.246,0.455,0.299,0.2,0.12
Garrett Martin,Available,NYY,International League,AAA,Yes,26.0,,8.0,11.0,4.2,100.7,164.3,17.2,100.5,91.5,211.2,116.0,100.8,100.8,100.8,8.7,34.0,9.0,3.0,5.0,10.0,1.0,0.0,0.265,0.286,0.588,0.874,0.3,0.029,0.314,0.217,0.348,0.435,0.4,0.3
Miguel Palma,Available,NYY,International League,AAA,Yes,24.0,,4.0,2.5,1.5,109.1,37.3,192.2,22.6,105.4,0.0,128.0,100.7,105.8,104.5,3.0,6.0,1.0,0.0,1.0,0.0,0.0,0.0,0.167,0.444,0.333,0.778,0.25,0.333,0.222,0.25,0.0,0.75,1.0,0.0
Josh Smith,Available,TEX,Pacific Coast League,AAA,Yes,28.0,,23.0,7.5,4.0,95.7,98.9,103.9,120.0,110.2,43.2,70.0,100.7,101.4,156.4,32.1,92.0,20.0,2.0,14.0,11.0,6.0,0.0,0.217,0.318,0.337,0.655,0.243,0.1,0.173,0.276,0.289,0.434,0.273,0.061
Akil Baddoo,Available,MIL,International League,AAA,Yes,27.0,,55.0,8.6,3.5,96.9,129.0,89.5,121.0,82.6,149.3,111.0,100.6,100.2,115.4,48.6,193.0,48.0,11.0,35.0,44.0,7.0,1.0,0.249,0.338,0.472,0.809,0.287,0.121,0.246,0.196,0.428,0.377,0.288,0.212
Peyton Wilson,Available,KC,International League,AAA,Yes,26.0,,80.0,6.7,3.7,100.7,100.7,75.4,102.5,113.0,54.2,105.0,100.5,100.1,110.9,64.4,293.0,83.0,5.0,43.0,31.0,16.0,3.0,0.283,0.362,0.427,0.788,0.384,0.106,0.258,0.268,0.415,0.317,0.092,0.077
Jay Allen II,Available,CIN,International League,AAA,Yes,23.0,,19.0,4.0,3.4,113.8,60.1,33.4,143.5,99.1,0.0,35.0,100.5,85.2,98.7,8.5,64.0,10.0,0.0,8.0,6.0,4.0,0.0,0.156,0.27,0.203,0.473,0.278,0.081,0.378,0.235,0.529,0.235,0.125,0.0
Dylan Beavers,Ben the Hen (MINORS),BAL,International League,AAA,Yes,24.0,,3.0,0.8,3.7,109.1,12.4,108.0,2.1,140.4,0.0,-28.0,100.4,108.2,58.5,2.0,11.0,1.0,0.0,0.0,0.0,0.0,0.0,0.091,0.167,0.091,0.258,0.111,0.083,0.167,0.333,0.444,0.222,0.0,0.0
Andy Weber,Available,CHW,International League,AAA,Yes,28.0,,83.0,7.1,3.4,93.5,105.9,65.0,137.4,103.3,102.1,88.0,100.4,100.1,96.8,73.6,286.0,74.0,11.0,49.0,50.0,7.0,0.0,0.259,0.315,0.451,0.766,0.301,0.067,0.213,0.245,0.403,0.352,0.197,0.145
Carter Garate,Available,TEX,Pacific Coast League,AAA,Yes,22.0,,1.0,20.5,3.0,121.8,268.8,148.1,50.3,0.0,708.8,426.0,100.4,92.5,90.5,0.5,3.0,2.0,1.0,2.0,1.0,0.0,0.0,0.667,0.8,1.667,2.467,1.0,0.2,0.2,0.0,0.5,0.5,0.0,1.0
Reylin Perez,Available,HOU,Pacific Coast League,AAA,Yes,21.0,,7.0,-0.1,2.0,127.6,-0.9,16.4,50.3,114.2,0.0,-44.0,100.4,88.4,119.4,3.0,14.0,1.0,0.0,1.0,0.0,0.0,0.0,0.071,0.133,0.071,0.205,0.143,0.067,0.467,0.286,0.286,0.429,0.667,0.0
Juan Benjamin,Available,CLE,International League,AAA,Yes,23.0,,15.0,4.7,3.1,113.8,70.7,53.6,123.0,67.9,117.6,44.0,100.4,87.9,86.4,11.2,47.0,8.0,2.0,6.0,5.0,3.0,0.0,0.17,0.25,0.298,0.548,0.207,0.096,0.308,0.161,0.452,0.387,0.417,0.167
Casey Yamauchi,Available,ATH,Pacific Coast League,AAA,Yes,25.0,,3.0,3.0,1.3,107.2,39.3,0.0,50.3,132.9,100.0,63.0,100.3,102.6,99.8,1.0,4.0,1.0,0.0,1.0,1.0,0.0,0.0,0.25,0.25,0.5,0.75,0.333,0.0,0.25,0.333,0.333,0.333,0.0,0.0
Chris Newell,Available,LAD,Pacific Coast League,AAA,Yes,25.0,,2.0,4.0,2.5,107.2,52.4,138.8,1.9,132.9,0.0,156.0,100.2,109.2,102.0,2.0,5.0,1.0,0.0,0.0,0.0,0.0,0.0,0.2,0.5,0.4,0.9,0.333,0.375,0.25,0.333,0.0,0.667,0.0,0.0
Cody Morissette,Available,MIN,International League,AAA,Yes,26.0,,74.0,7.8,3.3,100.7,116.4,79.0,92.3,93.6,130.3,118.0,100.2,101.0,113.7,74.7,247.0,67.0,15.0,38.0,50.0,9.0,1.0,0.271,0.347,0.514,0.861,0.313,0.101,0.242,0.222,0.328,0.45,0.173,0.185
Riley Tirotta,Available,PHI,International League,AAA,Yes,27.0,,51.0,5.7,3.4,96.9,84.8,66.3,125.1,90.2,136.6,77.0,100.2,99.0,103.1,33.7,171.0,33.0,7.0,27.0,23.0,5.0,1.0,0.193,0.298,0.363,0.661,0.248,0.121,0.303,0.214,0.464,0.321,0.25,0.194
Dominic Pitelli,Available,CIN,International League,AAA,Yes,24.0,,59.0,3.5,2.8,109.1,51.7,47.5,71.8,122.7,31.7,66.0,100.2,98.0,100.7,22.5,168.0,38.0,1.0,21.0,14.0,4.0,5.0,0.226,0.307,0.31,0.616,0.352,0.094,0.328,0.291,0.495,0.214,0.182,0.045
Dom Keegan,Not in Fantrax,TBR,International League,AAA,Yes,25.0,,51.0,5.4,3.5,104.7,80.4,54.9,125.1,77.6,140.8,72.0,100.2,93.6,110.9,28.5,178.0,34.0,6.0,24.0,23.0,6.0,0.0,0.191,0.327,0.303,0.63,0.301,0.145,0.369,0.184,0.51,0.306,0.167,0.2
Pavin Smith,Available,ARI,Pacific Coast League,AAA,Yes,30.0,,39.0,8.2,3.4,89.3,107.6,103.6,91.0,106.2,137.5,116.0,100.1,108.9,46.8,29.4,133.0,38.0,6.0,28.0,26.0,1.0,0.0,0.286,0.409,0.474,0.882,0.36,0.177,0.244,0.266,0.404,0.33,0.194,0.194
Luis Urías,Available,TOR,Pacific Coast League,AAA,Yes,29.0,,27.0,9.1,4.0,92.4,119.5,165.7,87.1,101.0,64.5,123.0,100.1,107.4,107.0,32.6,108.0,39.0,3.0,16.0,19.0,1.0,0.0,0.361,0.393,0.546,0.939,0.367,0.06,0.077,0.253,0.414,0.333,0.182,0.091
Josh Rivera,Available,TOR,International League,AAA,Yes,25.0,,100.0,4.5,3.2,104.7,66.8,45.2,84.1,105.4,107.0,72.0,100.0,99.0,113.9,64.2,322.0,69.0,10.0,42.0,38.0,3.0,1.0,0.214,0.282,0.373,0.654,0.298,0.087,0.326,0.25,0.426,0.324,0.288,0.152
Josue Briceño,Hand Foot Mouth Disease Guys (MINORS),DET,International League,AAA,Yes,21.0,,15.0,4.5,3.4,124.6,66.7,65.7,32.8,108.8,0.0,65.0,100.0,92.3,117.1,9.3,51.0,10.0,0.0,6.0,7.0,0.0,0.0,0.196,0.305,0.275,0.58,0.313,0.136,0.322,0.258,0.452,0.29,0.333,0.0
Jorge Alfaro,Available,KC,International League,AAA,Yes,33.0,,4.0,7.0,3.8,79.3,104.6,50.8,22.6,126.5,352.1,124.0,99.9,125.2,104.8,2.0,15.0,4.0,1.0,2.0,2.0,0.0,0.0,0.267,0.353,0.533,0.886,0.3,0.059,0.235,0.3,0.5,0.2,0.5,0.5
Cameron Barstad,Available,PIT,International League,AAA,Yes,25.0,,19.0,4.2,3.2,104.7,63.3,18.0,28.7,101.6,234.5,79.0,99.9,106.6,91.3,8.1,60.0,12.0,3.0,7.0,9.0,0.0,0.0,0.2,0.294,0.383,0.677,0.346,0.059,0.456,0.241,0.448,0.31,0.222,0.333
Rhylan Thomas,Available,TOR,Pacific Coast League,AAA,Yes,26.0,,41.0,5.6,4.0,103.0,74.0,124.7,77.4,105.4,30.5,59.0,99.9,100.9,89.5,45.7,166.0,42.0,2.0,17.0,12.0,6.0,2.0,0.253,0.304,0.307,0.612,0.272,0.07,0.114,0.264,0.426,0.311,0.174,0.043
Jay Harry,Available,TOR,International League,AAA,Yes,23.0,,43.0,8.6,4.2,113.8,127.8,76.5,39.0,103.3,73.9,115.0,99.8,98.7,105.9,54.7,179.0,52.0,6.0,27.0,33.0,0.0,0.0,0.291,0.345,0.48,0.826,0.317,0.051,0.152,0.245,0.377,0.377,0.193,0.105
Zach McKinstry,Available,DET,International League,AAA,Yes,31.0,,2.0,10.0,4.0,84.4,149.4,0.0,2.1,140.4,352.1,44.0,99.7,124.1,56.4,2.0,8.0,1.0,1.0,1.0,3.0,0.0,0.0,0.125,0.125,0.5,0.625,0.0,0.0,0.125,0.333,0.333,0.333,0.5,0.5
Payton Eeles,Available,BAL,International League,AAA,Yes,26.0,,56.0,5.2,3.1,100.7,78.3,155.4,49.2,106.2,45.8,112.0,99.7,106.2,122.9,30.8,175.0,50.0,2.0,18.0,18.0,6.0,6.0,0.286,0.409,0.337,0.746,0.358,0.158,0.191,0.252,0.519,0.23,0.032,0.065
Zach Cole,Available,HOU,Pacific Coast League,AAA,Yes,25.0,,54.0,5.0,3.4,107.2,65.3,33.3,98.7,91.8,126.9,72.0,99.7,94.8,105.7,36.7,185.0,36.0,7.0,24.0,20.0,7.0,0.0,0.195,0.294,0.357,0.651,0.309,0.109,0.398,0.23,0.38,0.39,0.282,0.179
Graham Brown,Available,MIN,International League,AAA,Yes,24.0,,1.0,34.0,3.0,109.1,507.9,100.0,145.6,0.0,704.2,601.0,99.7,86.9,100.6,0.7,3.0,3.0,1.0,3.0,2.0,1.0,0.0,1.0,1.0,2.0,3.0,1.0,0.2,0.0,0.0,0.667,0.333,0.0,1.0
Ty Hanchey,Available,SF,Pacific Coast League,AAA,Yes,26.0,,1.0,-2.0,4.0,103.0,-26.2,0.0,1.9,199.6,100.0,-100.0,99.6,111.0,81.0,1.0,4.0,0.0,0.0,0.0,0.0,0.0,0.0,0.0,0.0,0.0,0.0,0.0,0.0,0.5,0.5,0.0,0.5,0.0,0.0
Cal Conley,Available,ATL,International League,AAA,Yes,26.0,,62.0,6.0,2.8,100.7,89.6,51.4,155.8,90.6,70.4,85.0,99.6,91.0,103.6,38.8,176.0,44.0,4.0,25.0,28.0,15.0,2.0,0.25,0.311,0.392,0.703,0.317,0.061,0.24,0.215,0.477,0.308,0.2,0.1
P.J. Hilson,Available,PIT,International League,AAA,Yes,25.0,,12.0,4.7,2.5,104.7,70.3,152.4,80.0,76.7,78.2,75.0,99.5,98.7,83.5,8.6,30.0,5.0,1.0,3.0,3.0,3.0,2.0,0.167,0.324,0.3,0.624,0.19,0.184,0.211,0.182,0.409,0.409,0.556,0.111
Jose Ramos,Available,NYM,International League,AAA,Yes,25.0,,24.0,6.4,3.3,104.7,95.5,97.4,131.2,67.9,100.7,120.0,99.4,91.4,109.7,21.0,79.0,21.0,3.0,17.0,9.0,1.0,1.0,0.266,0.376,0.468,0.845,0.321,0.108,0.215,0.161,0.464,0.375,0.048,0.143
Cooper Kinney,Available,TB,International League,AAA,Yes,23.0,,49.0,5.3,3.7,113.8,79.6,48.8,110.7,80.5,78.2,65.0,99.4,88.0,110.9,35.7,179.0,41.0,4.0,20.0,24.0,3.0,1.0,0.229,0.296,0.346,0.643,0.325,0.09,0.317,0.191,0.496,0.313,0.167,0.111
Hao-Yu Lee,Available,DET,International League,AAA,Yes,23.0,,14.0,7.9,4.0,113.8,118.4,92.9,47.2,78.4,123.9,99.0,99.3,96.7,75.1,15.8,56.0,13.0,3.0,8.0,12.0,0.0,1.0,0.232,0.317,0.429,0.746,0.25,0.095,0.206,0.186,0.419,0.395,0.176,0.176
Josh Smith,Available,TOR,International League,AAA,Yes,28.0,,3.0,6.5,3.7,93.5,97.1,617.5,53.3,84.3,0.0,27.0,99.0,109.6,156.4,5.0,11.0,1.0,0.0,2.0,2.0,0.0,0.0,0.091,0.286,0.091,0.377,0.1,0.214,0.071,0.2,0.3,0.5,0.2,0.0
Ryan McCarty,Available,PIT,International League,AAA,Yes,27.0,,29.0,3.8,2.3,96.9,57.4,159.7,98.4,101.2,0.0,88.0,98.9,100.6,102.1,17.3,67.0,16.0,0.0,15.0,4.0,3.0,2.0,0.239,0.378,0.254,0.632,0.314,0.171,0.195,0.24,0.42,0.34,0.353,0.0
Colby Halter,Available,ATH,Pacific Coast League,AAA,Yes,24.0,,58.0,4.4,2.6,111.6,58.2,60.2,108.4,88.2,47.5,58.0,98.9,89.0,98.3,29.4,149.0,33.0,2.0,22.0,14.0,12.0,1.0,0.221,0.341,0.289,0.629,0.333,0.141,0.315,0.221,0.463,0.316,0.1,0.067
Colton Becker,Available,KC,International League,AAA,Yes,25.0,,14.0,3.0,3.0,104.7,44.8,71.3,147.6,95.3,0.0,-30.0,98.9,88.3,100.8,14.0,42.0,4.0,0.0,5.0,2.0,3.0,0.0,0.095,0.174,0.095,0.269,0.129,0.085,0.234,0.226,0.323,0.452,0.286,0.0
Kyle Hayes,Available,WSH,International League,AAA,Yes,28.0,,6.0,5.2,2.7,93.5,78.4,0.0,53.3,140.4,140.8,87.0,98.8,109.1,108.0,4.4,16.0,4.0,1.0,3.0,4.0,0.0,0.0,0.25,0.294,0.438,0.732,0.375,0.0,0.412,0.333,0.111,0.556,0.4,0.2
Ha-Seong Kim,Available,ATL,International League,AAA,Yes,30.0,,18.0,5.1,3.6,87.2,75.9,152.6,102.5,120.6,0.0,73.0,98.7,106.5,101.3,18.7,64.0,14.0,0.0,7.0,4.0,3.0,0.0,0.219,0.324,0.297,0.621,0.275,0.135,0.176,0.286,0.347,0.367,0.333,0.0
Adam Zebrowski,Available,ATL,International League,AAA,Yes,25.0,,21.0,7.0,2.9,104.7,104.2,104.0,39.0,98.2,105.6,86.0,98.7,103.2,108.4,19.5,60.0,12.0,3.0,10.0,18.0,0.0,0.0,0.2,0.3,0.417,0.717,0.214,0.129,0.229,0.233,0.302,0.465,0.15,0.15
Axel Sanchez,Available,SEA,Pacific Coast League,AAA,Yes,23.0,,21.0,5.6,2.7,116.5,73.7,64.0,123.9,52.7,109.2,75.0,98.7,83.0,99.8,13.0,56.0,13.0,2.0,14.0,8.0,3.0,0.0,0.232,0.323,0.357,0.68,0.289,0.108,0.262,0.132,0.526,0.342,0.385,0.154
Heston Kjerstad,Available,BAL,International League,AAA,Yes,27.0,,79.0,6.3,3.8,96.9,94.7,47.9,49.2,123.1,123.2,107.0,98.6,107.0,118.3,60.8,301.0,87.0,11.0,33.0,44.0,0.0,4.0,0.289,0.337,0.462,0.799,0.36,0.06,0.249,0.292,0.42,0.288,0.016,0.175
Gustavo Campero,Available,LAA,Pacific Coast League,AAA,Yes,28.0,,22.0,11.3,4.0,95.7,148.7,50.6,75.5,85.8,225.4,151.0,98.5,104.1,103.0,20.3,87.0,31.0,7.0,18.0,23.0,1.0,0.0,0.356,0.406,0.655,1.061,0.4,0.063,0.219,0.215,0.446,0.338,0.136,0.318
Je'Von Ward,Available,TOR,International League,AAA,Yes,26.0,,59.0,5.6,3.0,100.7,83.8,45.3,51.3,101.6,171.8,108.0,98.4,103.8,105.7,40.6,177.0,45.0,11.0,25.0,30.0,2.0,2.0,0.254,0.322,0.486,0.807,0.337,0.095,0.342,0.241,0.357,0.402,0.2,0.244
Parks Harber,Available,SF,Pacific Coast League,AAA,Yes,24.0,,42.0,7.6,4.0,111.6,99.9,71.6,58.1,91.8,84.3,101.0,98.4,95.1,111.0,40.2,169.0,44.0,5.0,24.0,29.0,2.0,1.0,0.26,0.354,0.402,0.756,0.333,0.116,0.253,0.23,0.426,0.344,0.167,0.119
Alejandro Kirk,Available,TOR,International League,AAA,Yes,27.0,,3.0,1.3,3.0,96.9,19.9,100.8,2.1,180.9,0.0,13.0,98.3,113.2,83.7,2.0,9.0,1.0,0.0,0.0,0.0,0.0,0.0,0.111,0.2,0.222,0.422,0.143,0.1,0.2,0.429,0.286,0.286,1.0,0.0
Jack Pineda,Available,KC,International League,AAA,Yes,26.0,,22.0,8.3,3.9,100.7,123.6,46.3,114.8,99.5,83.1,108.0,98.3,94.7,110.4,16.5,86.0,26.0,2.0,15.0,15.0,2.0,0.0,0.302,0.337,0.488,0.825,0.343,0.033,0.163,0.236,0.528,0.236,0.176,0.118
Owen Ayers,Hand Foot Mouth Disease Guys (MINORS),CHC,International League,AAA,Yes,25.0,,40.0,6.8,3.5,104.7,102.1,131.2,98.4,77.2,54.2,94.0,98.2,94.1,118.7,38.2,140.0,35.0,3.0,19.0,18.0,7.0,0.0,0.25,0.369,0.364,0.733,0.314,0.155,0.214,0.183,0.442,0.375,0.308,0.077
Logan O'Hoppe,Available,TEX,Pacific Coast League,AAA,Yes,26.0,,20.0,10.7,3.9,103.0,139.6,119.8,42.6,91.8,101.4,141.0,97.8,102.4,58.5,20.3,77.0,23.0,3.0,16.0,21.0,0.0,0.0,0.299,0.407,0.545,0.952,0.339,0.109,0.163,0.23,0.426,0.344,0.19,0.143
Gabriel Rincones Jr.,Available,PHI,International League,AAA,Yes,25.0,,32.0,5.3,3.4,104.7,79.1,73.7,71.8,100.3,70.4,103.0,97.8,97.0,113.7,19.5,108.0,29.0,2.0,14.0,10.0,2.0,1.0,0.269,0.35,0.417,0.766,0.346,0.089,0.236,0.238,0.512,0.25,0.25,0.1
Brody Moore,Available,STL,International League,AAA,Yes,25.0,,82.0,4.7,3.2,104.7,69.7,100.8,77.9,105.4,11.3,50.0,97.8,96.3,96.7,64.5,264.0,57.0,1.0,22.0,31.0,12.0,7.0,0.216,0.288,0.277,0.564,0.263,0.089,0.185,0.25,0.447,0.303,0.143,0.016
Tanner Schobel,Available,MIN,International League,AAA,Yes,25.0,,89.0,4.8,3.1,104.7,72.1,113.1,88.2,86.0,49.3,79.0,97.7,94.6,79.6,84.9,280.0,64.0,6.0,41.0,22.0,8.0,2.0,0.229,0.331,0.346,0.678,0.279,0.123,0.209,0.204,0.389,0.408,0.244,0.07
Ricardo Olivar,Available,MIN,International League,AAA,Yes,24.0,,7.0,11.4,3.9,109.1,169.7,0.0,102.5,80.1,156.3,96.0,97.7,89.6,108.5,8.2,27.0,7.0,2.0,3.0,11.0,1.0,0.0,0.259,0.259,0.556,0.815,0.263,0.0,0.222,0.19,0.381,0.429,0.333,0.222
Fernando Gonzalez,Available,SF,Pacific Coast League,AAA,Yes,24.0,,5.0,2.8,2.2,111.6,36.7,73.9,1.9,132.9,0.0,69.0,97.6,101.7,117.7,3.0,11.0,2.0,0.0,0.0,1.0,0.0,0.0,0.182,0.357,0.182,0.539,0.333,0.188,0.313,0.333,0.167,0.5,0.333,0.0
Luis Vázquez,Available,BAL,International League,AAA,Yes,26.0,,52.0,5.3,3.6,100.7,79.4,40.4,131.2,81.4,117.6,66.0,97.5,91.1,103.2,35.0,186.0,42.0,6.0,21.0,19.0,8.0,3.0,0.226,0.271,0.371,0.642,0.275,0.05,0.248,0.193,0.541,0.267,0.167,0.167
Eduardo Garcia,Available,MIL,International League,AAA,Yes,23.0,,55.0,4.0,3.0,113.8,59.3,47.6,104.6,74.2,78.2,56.0,97.5,85.6,91.3,43.7,163.0,32.0,5.0,19.0,16.0,7.0,0.0,0.196,0.28,0.301,0.58,0.273,0.097,0.333,0.176,0.382,0.441,0.222,0.111
Derek Berg,Available,PIT,International League,AAA,Yes,24.0,,30.0,4.0,3.3,109.1,60.0,43.3,43.1,97.0,123.9,41.0,97.4,97.4,109.6,16.5,100.0,17.0,3.0,13.0,13.0,0.0,0.0,0.17,0.252,0.29,0.542,0.237,0.089,0.339,0.23,0.492,0.279,0.176,0.176
Trei Cruz,Available,DET,International League,AAA,Yes,27.0,,86.0,5.9,3.8,96.9,88.0,90.6,94.3,108.8,34.5,84.0,97.3,98.5,105.4,80.4,328.0,82.0,4.0,52.0,35.0,5.0,6.0,0.25,0.327,0.345,0.672,0.317,0.106,0.225,0.258,0.415,0.327,0.222,0.049
Liover Peguero,Available,PHI,International League,AAA,Yes,25.0,,86.0,6.2,3.3,104.7,92.1,76.7,110.7,90.2,38.7,95.0,97.3,90.8,67.8,55.5,287.0,73.0,3.0,37.0,47.0,9.0,0.0,0.254,0.35,0.376,0.727,0.361,0.12,0.274,0.214,0.5,0.286,0.309,0.055
Ethan Hearn,Available,CHC,International League,AAA,Yes,25.0,,16.0,5.3,3.4,104.7,79.8,20.7,65.6,95.3,150.7,45.0,97.1,96.8,92.6,12.7,54.0,9.0,3.0,5.0,12.0,1.0,1.0,0.167,0.224,0.389,0.613,0.214,0.052,0.397,0.226,0.323,0.452,0.143,0.214
Jordan Lawlar,Bobby and the NitWitts (MINORS),ARI,Pacific Coast League,AAA,Yes,23.0,,5.0,5.5,4.0,116.5,72.1,42.9,98.7,92.2,0.0,44.0,97.1,83.9,103.1,7.5,20.0,4.0,0.0,3.0,2.0,0.0,0.0,0.2,0.261,0.4,0.661,0.286,0.087,0.304,0.231,0.231,0.538,0.286,0.0
Christian Koss,Available,SF,Pacific Coast League,AAA,Yes,28.0,,3.0,13.5,3.0,95.7,177.0,0.0,137.4,49.9,354.4,227.0,96.9,92.6,93.8,1.8,9.0,4.0,1.0,4.0,3.0,1.0,0.0,0.444,0.5,0.778,1.278,0.429,0.0,0.1,0.125,0.625,0.25,0.5,0.5
Theo Hardy,Available,TEX,Pacific Coast League,AAA,Yes,24.0,,11.0,3.5,2.5,111.6,46.5,39.5,172.3,72.7,0.0,53.0,96.9,76.7,104.0,11.0,27.0,6.0,0.0,5.0,1.0,1.0,0.0,0.222,0.276,0.333,0.609,0.273,0.033,0.167,0.182,0.318,0.5,0.0,0.0
Tre' Morgan,Available,TB,International League,AAA,Yes,23.0,,50.0,5.5,3.9,113.8,81.4,32.4,32.8,92.8,121.8,80.0,96.8,94.5,103.2,48.7,194.0,46.0,9.0,22.0,24.0,0.0,1.0,0.237,0.3,0.407,0.708,0.311,0.056,0.315,0.22,0.37,0.409,0.154,0.173
Payton Green,Available,MIA,International League,AAA,Yes,23.0,,8.0,2.8,2.9,113.8,42.0,115.1,67.7,84.3,0.0,55.0,96.7,89.5,103.9,5.0,23.0,3.0,0.0,4.0,1.0,0.0,1.0,0.13,0.333,0.13,0.464,0.2,0.2,0.267,0.2,0.467,0.333,0.4,0.0
Eloy Jiménez,Available,TOR,International League,AAA,Yes,29.0,,33.0,5.4,3.6,90.3,81.3,114.5,28.7,136.2,39.4,96.0,96.6,111.3,58.5,18.4,119.0,34.0,1.0,14.0,13.0,0.0,0.0,0.286,0.353,0.361,0.715,0.337,0.083,0.158,0.323,0.49,0.188,0.056,0.056
Aeverson Arteaga,Available,SF,Pacific Coast League,AAA,Yes,23.0,,68.0,5.1,3.4,116.5,66.4,53.2,60.0,91.8,37.6,66.0,96.6,88.5,117.8,57.1,232.0,56.0,3.0,25.0,34.0,1.0,2.0,0.241,0.297,0.336,0.633,0.305,0.069,0.225,0.23,0.443,0.328,0.298,0.053
Ronald Acuña Jr.,Daddy Yankee (ACTIVE),ATL,International League,AAA,Yes,28.0,,6.0,5.2,3.2,93.5,78.4,191.7,102.5,84.3,0.0,84.0,96.5,98.4,83.8,5.3,19.0,5.0,0.0,3.0,1.0,1.0,0.0,0.263,0.375,0.263,0.638,0.313,0.167,0.167,0.2,0.467,0.333,0.0,0.0
Silas Ardoin,Available,BAL,International League,AAA,Yes,25.0,,60.0,2.9,3.0,104.7,43.9,53.0,102.5,96.1,43.0,65.0,96.4,90.5,62.2,32.4,182.0,33.0,2.0,19.0,9.0,2.0,1.0,0.181,0.307,0.28,0.587,0.313,0.144,0.375,0.228,0.446,0.327,0.242,0.061
David McCabe,Available,ATL,International League,AAA,Yes,26.0,,13.0,7.8,3.5,100.7,116.1,66.0,20.5,111.7,117.6,125.0,96.3,104.6,121.6,11.3,46.0,14.0,2.0,6.0,11.0,0.0,0.0,0.304,0.358,0.522,0.88,0.375,0.094,0.264,0.265,0.382,0.353,0.167,0.167
Romeo Sanabria,Available,SD,Pacific Coast League,AAA,Yes,24.0,,21.0,5.5,3.6,111.6,71.5,78.1,27.1,92.6,83.6,31.0,96.3,96.1,107.0,17.3,75.0,15.0,2.0,8.0,12.0,0.0,0.0,0.2,0.268,0.307,0.575,0.228,0.084,0.193,0.232,0.464,0.304,0.118,0.118
Carson Taylor,Available,SEA,Pacific Coast League,AAA,Yes,27.0,,62.0,5.1,3.1,99.2,67.1,115.6,44.5,104.6,57.4,75.0,96.2,102.1,93.2,37.0,190.0,43.0,3.0,28.0,26.0,1.0,2.0,0.226,0.338,0.332,0.669,0.276,0.145,0.202,0.262,0.483,0.255,0.135,0.081
Jack Brannigan,Available,PIT,International League,AAA,Yes,25.0,,39.0,6.6,3.5,104.7,98.2,92.2,80.0,86.8,52.8,79.0,95.9,92.8,108.4,40.4,138.0,30.0,3.0,25.0,23.0,1.0,0.0,0.217,0.317,0.355,0.672,0.276,0.127,0.248,0.206,0.381,0.412,0.375,0.075
Max Burt,Available,DET,International League,AAA,Yes,29.0,,63.0,5.7,3.1,90.3,85.1,65.9,151.7,95.3,54.2,81.0,95.9,92.8,105.9,50.9,193.0,42.0,4.0,30.0,26.0,13.0,1.0,0.218,0.308,0.358,0.665,0.284,0.09,0.258,0.226,0.394,0.38,0.25,0.077
Chase Davis,Available,STL,International League,AAA,Yes,24.0,,40.0,4.8,3.4,109.1,71.1,69.2,73.8,70.4,117.6,71.0,95.9,90.6,98.0,23.2,136.0,30.0,4.0,14.0,16.0,1.0,1.0,0.221,0.301,0.353,0.654,0.28,0.098,0.261,0.167,0.583,0.25,0.333,0.167
Nick Cimillo,Available,PIT,International League,AAA,Yes,26.0,,90.0,5.5,3.2,100.7,81.4,66.7,61.5,90.6,124.6,84.0,95.8,98.0,83.7,73.5,286.0,57.0,14.0,44.0,47.0,0.0,1.0,0.199,0.304,0.399,0.703,0.249,0.125,0.307,0.215,0.36,0.425,0.241,0.177
Tyrone Taylor,Available,CHC,International League,AAA,Yes,32.0,,3.0,14.2,4.0,81.8,211.6,0.0,53.3,105.4,704.2,210.0,95.6,111.9,137.2,0.9,12.0,5.0,1.0,3.0,5.0,0.0,0.0,0.417,0.462,0.75,1.212,0.571,0.0,0.308,0.25,0.625,0.125,0.0,1.0
Maverick Handley,Available,ATL,International League,AAA,Yes,28.0,,19.0,5.0,2.9,93.5,74.3,132.8,94.3,70.4,117.6,89.0,95.6,98.0,110.6,11.7,55.0,12.0,2.0,7.0,6.0,2.0,0.0,0.218,0.338,0.345,0.684,0.244,0.123,0.185,0.167,0.548,0.286,0.167,0.167
Julian Brock,Available,TEX,Pacific Coast League,AAA,Yes,25.0,,17.0,6.3,2.9,107.2,82.9,75.9,123.9,49.9,118.4,111.0,95.5,84.3,96.2,11.6,50.0,11.0,2.0,10.0,9.0,1.0,1.0,0.22,0.371,0.44,0.811,0.29,0.145,0.274,0.125,0.5,0.375,0.083,0.167
Anthony Vilar,Available,SD,Pacific Coast League,AAA,Yes,27.0,,53.0,4.1,3.1,99.2,53.3,47.4,48.4,116.6,73.0,58.0,95.2,99.8,91.1,28.5,163.0,38.0,3.0,25.0,15.0,0.0,1.0,0.233,0.31,0.35,0.659,0.337,0.102,0.312,0.292,0.434,0.274,0.138,0.103
Shawn Ross,Available,TOR,International League,AAA,Yes,26.0,,48.0,3.9,2.9,100.7,58.7,51.3,82.0,94.4,88.0,71.0,95.1,94.0,127.6,30.7,139.0,24.0,4.0,19.0,13.0,3.0,1.0,0.173,0.301,0.338,0.639,0.274,0.137,0.375,0.224,0.355,0.421,0.313,0.125
Matt O'Neill,Available,ARI,Pacific Coast League,AAA,Yes,28.0,,38.0,4.8,3.3,95.7,62.8,55.6,75.5,93.8,129.0,69.0,95.0,98.2,103.1,21.0,124.0,29.0,4.0,13.0,14.0,0.0,1.0,0.234,0.317,0.403,0.72,0.309,0.103,0.281,0.235,0.506,0.259,0.091,0.182
Tommy Sacco Jr.,Available,HOU,Pacific Coast League,AAA,Yes,27.0,,47.0,4.4,3.3,99.2,57.3,52.8,120.0,93.8,40.4,54.0,95.0,89.5,100.3,35.0,154.0,30.0,2.0,19.0,13.0,7.0,2.0,0.195,0.286,0.286,0.571,0.275,0.103,0.291,0.235,0.422,0.343,0.171,0.057
Matt Gorski,Available,LAD,Pacific Coast League,AAA,Yes,28.0,,31.0,5.2,3.2,95.7,68.5,61.6,110.3,89.4,85.1,73.0,94.9,93.2,96.6,23.9,99.0,22.0,3.0,12.0,13.0,3.0,1.0,0.222,0.316,0.354,0.669,0.297,0.123,0.289,0.224,0.403,0.373,0.16,0.12
Euribiel Angeles,Available,ATH,Pacific Coast League,AAA,Yes,24.0,,24.0,4.5,3.3,111.6,59.3,74.0,94.9,57.9,88.6,16.0,94.8,84.0,94.4,7.9,80.0,17.0,1.0,9.0,8.0,3.0,1.0,0.212,0.25,0.263,0.512,0.235,0.047,0.129,0.145,0.739,0.116,0.25,0.125
Ben McCabe,Available,COL,Pacific Coast League,AAA,Yes,26.0,,1.0,2.0,0.0,103.0,26.2,100.0,1.9,100.0,100.0,-100.0,94.6,102.8,46.8,,0.0,0.0,0.0,1.0,0.0,0.0,0.0,,,,,0.0,0.0,0.0,,,,,
Conner Capel,Available,COL,Pacific Coast League,AAA,Yes,29.0,,47.0,5.9,3.6,92.4,77.7,93.2,108.4,97.0,39.7,51.0,94.6,95.2,116.1,53.3,167.0,38.0,3.0,19.0,23.0,2.0,0.0,0.228,0.282,0.377,0.659,0.254,0.07,0.146,0.243,0.371,0.386,0.204,0.056
Ed Howard,Available,CHC,International League,AAA,Yes,24.0,,12.0,0.4,2.7,109.1,5.6,9.9,53.3,123.9,0.0,-33.0,94.5,91.1,83.8,8.0,32.0,4.0,0.0,3.0,0.0,0.0,0.0,0.125,0.152,0.156,0.308,0.235,0.03,0.455,0.294,0.235,0.471,0.25,0.0
Mike Antico,Available,COL,Pacific Coast League,AAA,Yes,28.0,,14.0,8.2,2.6,95.7,108.2,87.9,131.6,68.7,88.6,89.0,94.4,89.4,88.6,8.0,37.0,9.0,1.0,6.0,9.0,6.0,0.0,0.243,0.392,0.351,0.744,0.276,0.096,0.192,0.172,0.552,0.276,0.375,0.125
Logan Driscoll,Available,MIA,International League,AAA,Yes,28.0,,51.0,6.0,3.6,93.5,89.8,77.9,51.3,106.2,95.1,98.0,94.3,101.9,103.5,35.5,184.0,48.0,5.0,23.0,25.0,1.0,0.0,0.261,0.348,0.408,0.755,0.341,0.109,0.256,0.252,0.466,0.282,0.243,0.135
Justyn-Henry Malloy,Available,TB,International League,AAA,Yes,26.0,,65.0,4.4,2.9,100.7,65.4,113.8,84.1,74.2,65.5,61.0,94.2,92.1,98.4,53.6,186.0,31.0,5.0,23.0,19.0,7.0,2.0,0.167,0.309,0.285,0.594,0.2,0.157,0.239,0.176,0.412,0.412,0.13,0.093
Jack Hurley,Available,ARI,Pacific Coast League,AAA,Yes,24.0,,34.0,4.8,3.1,111.6,63.4,60.6,69.7,85.0,31.9,95.0,94.2,86.5,81.4,22.6,106.0,30.0,1.0,11.0,11.0,0.0,0.0,0.283,0.372,0.425,0.796,0.377,0.082,0.23,0.213,0.493,0.293,0.182,0.045
Jordan Nwogu,Available,CHC,International League,AAA,Yes,27.0,,24.0,5.6,3.1,96.9,83.4,91.9,53.3,101.6,61.3,73.0,94.0,98.7,113.4,22.2,75.0,18.0,2.0,9.0,13.0,1.0,1.0,0.24,0.314,0.373,0.687,0.286,0.105,0.221,0.241,0.362,0.397,0.304,0.087
Tatem Levins,Available,TB,International League,AAA,Yes,27.0,,88.0,6.6,3.4,96.9,97.9,107.4,55.4,90.2,81.7,89.0,94.0,98.5,115.8,91.6,299.0,69.0,11.0,41.0,53.0,4.0,3.0,0.231,0.336,0.385,0.721,0.274,0.131,0.226,0.214,0.355,0.432,0.179,0.116
Marcus Brown,Available,HOU,Pacific Coast League,AAA,Yes,24.0,,6.0,1.9,2.8,111.6,25.1,0.0,21.3,132.9,0.0,34.0,94.0,93.1,75.7,2.0,17.0,4.0,0.0,1.0,0.0,0.0,0.0,0.235,0.235,0.294,0.529,0.267,0.0,0.118,0.333,0.533,0.133,0.5,0.0
Angel Martínez,Available,CLE,International League,AAA,Yes,24.0,,2.0,6.0,2.0,109.1,89.6,100.0,2.1,84.3,100.0,206.0,93.9,97.3,93.1,1.0,4.0,2.0,0.0,0.0,1.0,0.0,0.0,0.5,0.4,1.0,1.4,0.4,0.0,0.0,0.2,0.6,0.2,0.0,0.0
Tyler Hardman,Available,NYY,International League,AAA,Yes,27.0,,83.0,6.4,3.5,96.9,95.2,88.2,86.1,75.9,110.6,85.0,93.9,94.0,117.7,82.2,288.0,64.0,13.0,38.0,44.0,8.0,1.0,0.222,0.313,0.396,0.709,0.25,0.1,0.222,0.18,0.417,0.403,0.169,0.157
Austin Hendrick,Available,CIN,International League,AAA,Yes,25.0,,58.0,4.3,3.3,104.7,64.3,52.3,96.4,72.9,92.9,47.0,93.9,87.1,101.5,51.3,189.0,34.0,7.0,26.0,18.0,4.0,1.0,0.18,0.264,0.302,0.566,0.22,0.079,0.28,0.173,0.409,0.417,0.264,0.132
Joe Lampe,Available,CLE,International League,AAA,Yes,25.0,,16.0,5.2,3.4,104.7,78.4,45.5,104.6,84.3,47.2,60.0,93.9,85.9,92.9,14.7,54.0,13.0,1.0,7.0,6.0,2.0,1.0,0.241,0.263,0.37,0.634,0.273,0.035,0.175,0.2,0.467,0.333,0.467,0.067
Michael Siani,Available,DET,Pacific Coast League,AAA,Yes,26.0,,29.0,5.8,3.1,103.0,76.0,78.5,147.1,72.7,0.0,81.0,93.9,81.2,49.1,12.9,89.0,20.0,0.0,21.0,10.0,5.0,2.0,0.225,0.355,0.303,0.659,0.339,0.159,0.28,0.182,0.6,0.218,0.083,0.0
Jacob Hurtubise,Available,MIL,International League,AAA,Yes,28.0,,55.0,4.5,2.4,93.5,67.1,110.9,139.4,83.5,0.0,74.0,93.8,88.8,119.1,24.3,130.0,28.0,0.0,27.0,9.0,14.0,1.0,0.215,0.354,0.231,0.585,0.304,0.151,0.239,0.198,0.538,0.264,0.458,0.0
Johnathon Thomas,Available,WSH,International League,AAA,Yes,26.0,,11.0,3.5,3.1,100.7,53.0,34.9,127.1,80.1,70.4,26.0,93.8,85.5,87.0,10.5,34.0,5.0,1.0,4.0,2.0,2.0,1.0,0.147,0.237,0.235,0.472,0.182,0.051,0.282,0.19,0.333,0.476,0.4,0.1
Jean Walters,Available,ARI,Pacific Coast League,AAA,Yes,24.0,,29.0,4.2,3.3,111.6,55.6,84.0,48.4,83.0,34.0,62.0,93.7,88.7,94.6,21.6,96.0,24.0,1.0,17.0,3.0,0.0,0.0,0.25,0.321,0.354,0.675,0.311,0.092,0.193,0.208,0.5,0.292,0.238,0.048
Jordyn Adams,Not in Fantrax,MIL,International League,AAA,Yes,26.0,,15.0,5.3,3.3,100.7,79.2,24.8,201.0,72.5,0.0,50.0,93.7,74.9,86.1,12.0,49.0,10.0,0.0,7.0,6.0,4.0,0.0,0.204,0.264,0.306,0.57,0.345,0.056,0.37,0.172,0.414,0.414,0.083,0.0
C.J. Stubbs,Available,TOR,International League,AAA,Yes,29.0,,46.0,4.6,3.1,90.3,69.0,50.8,53.3,90.6,194.3,88.0,93.6,102.8,101.5,27.2,144.0,30.0,8.0,19.0,17.0,1.0,0.0,0.208,0.317,0.382,0.699,0.297,0.132,0.371,0.215,0.418,0.367,0.241,0.276
Jax Biggers,Available,HOU,Pacific Coast League,AAA,Yes,29.0,,44.0,4.3,3.2,92.4,56.9,69.7,104.5,101.8,37.6,55.0,93.5,93.9,95.1,37.2,140.0,27.0,2.0,17.0,9.0,7.0,0.0,0.193,0.289,0.271,0.561,0.26,0.117,0.259,0.255,0.357,0.388,0.395,0.053
Adam Hackenberg,Available,TOR,International League,AAA,Yes,26.0,,4.0,2.9,3.0,100.7,42.9,31.0,153.8,60.3,100.0,28.0,93.3,80.9,81.6,0.0,12.0,2.0,0.0,2.0,0.0,1.0,0.0,0.167,0.231,0.25,0.481,0.286,0.077,0.385,0.143,0.857,0.0,0.0,0.0
Bennett Lee,Available,DET,International League,AAA,Yes,24.0,,22.0,4.0,3.3,109.1,59.4,21.8,77.9,88.1,58.4,73.0,93.2,85.6,84.0,11.7,73.0,18.0,1.0,7.0,10.0,0.0,0.0,0.247,0.304,0.329,0.633,0.405,0.051,0.38,0.209,0.512,0.279,0.25,0.083
Henry Kusiak,Available,MIN,International League,AAA,Yes,25.0,,11.0,7.3,3.4,104.7,109.3,68.2,75.9,97.4,0.0,95.0,93.1,88.6,98.1,12.5,37.0,10.0,0.0,10.0,8.0,0.0,1.0,0.27,0.349,0.405,0.754,0.37,0.093,0.256,0.231,0.308,0.462,0.167,0.0
Arol Vera,Available,LAA,Pacific Coast League,AAA,Yes,23.0,,33.0,2.2,3.1,116.5,29.4,33.5,110.3,71.1,0.0,8.0,93.0,75.4,98.9,18.0,103.0,18.0,0.0,12.0,3.0,1.0,1.0,0.175,0.234,0.223,0.458,0.247,0.054,0.268,0.178,0.575,0.247,0.111,0.0
Billy Amick,Available,NYM,International League,AAA,Yes,23.0,,13.0,7.6,3.5,113.8,113.2,40.4,22.6,43.4,234.5,98.0,92.6,89.0,99.8,12.4,45.0,9.0,5.0,7.0,10.0,0.0,0.0,0.2,0.275,0.556,0.83,0.167,0.077,0.327,0.103,0.379,0.517,0.0,0.333
Tommy Pham,Available,CHW,International League,AAA,Yes,38.0,,61.0,6.9,3.6,68.9,103.1,118.0,86.1,113.4,114.8,101.0,92.4,111.0,88.5,42.0,218.0,51.0,7.0,37.0,36.0,1.0,1.0,0.234,0.354,0.394,0.748,0.289,0.154,0.231,0.269,0.455,0.276,0.093,0.163
Jose Trevino,Available,CIN,International League,AAA,Yes,33.0,,3.0,1.7,3.0,79.3,24.9,57.6,53.3,168.6,0.0,10.0,92.3,108.2,68.0,1.2,9.0,1.0,0.0,1.0,0.0,0.0,0.0,0.111,0.2,0.222,0.422,0.167,0.1,0.3,0.4,0.4,0.2,0.0,0.0
Jadher Areinamo,Available,TB,International League,AAA,Yes,22.0,,3.0,1.3,3.3,119.0,19.9,100.0,2.1,84.3,0.0,-40.0,92.3,87.8,97.3,2.0,10.0,1.0,0.0,0.0,0.0,0.0,0.0,0.1,0.1,0.2,0.3,0.1,0.0,0.0,0.2,0.6,0.2,0.5,0.0
Tevin Tucker,Available,COL,Pacific Coast League,AAA,Yes,26.0,,7.0,3.8,3.7,103.0,49.6,19.7,25.2,132.9,0.0,-1.0,92.1,95.4,60.0,4.0,26.0,4.0,0.0,2.0,5.0,0.0,0.0,0.154,0.233,0.192,0.426,0.333,0.1,0.5,0.333,0.333,0.333,0.0,0.0
Cole Gabrielson,Available,NYY,International League,AAA,Yes,25.0,,11.0,3.9,3.3,104.7,58.4,110.7,18.5,101.6,0.0,89.0,92.1,95.0,114.9,11.4,36.0,11.0,0.0,3.0,2.0,0.0,0.0,0.306,0.359,0.333,0.692,0.367,0.077,0.154,0.241,0.379,0.379,0.182,0.0
James Nelson,Available,HOU,Pacific Coast League,AAA,Yes,28.0,,43.0,6.8,4.1,95.7,89.8,26.0,98.7,81.0,126.9,91.0,92.1,90.1,97.5,38.0,178.0,48.0,7.0,22.0,18.0,10.0,2.0,0.27,0.311,0.433,0.743,0.342,0.042,0.274,0.203,0.48,0.317,0.051,0.179
Leo Rivas,Available,SEA,Pacific Coast League,AAA,Yes,28.0,,22.0,8.3,3.6,95.7,108.8,135.8,83.2,57.9,92.1,121.0,91.7,91.5,90.6,22.2,79.0,19.0,3.0,15.0,10.0,5.0,2.0,0.241,0.429,0.367,0.796,0.302,0.208,0.217,0.145,0.436,0.418,0.348,0.13
Luis Robert Jr.,Hand Foot Mouth Disease Guys (ACTIVE),BAL,International League,AAA,Yes,28.0,,5.0,6.6,3.6,93.5,98.6,144.0,32.8,64.9,140.8,99.0,91.3,99.6,123.4,5.0,18.0,4.0,1.0,3.0,2.0,0.0,0.0,0.222,0.333,0.444,0.778,0.231,0.143,0.19,0.154,0.462,0.385,0.0,0.2
Eddie Park,Available,CHW,International League,AAA,Yes,24.0,,3.0,0.7,2.3,109.1,10.0,0.0,2.1,105.4,100.0,40.0,91.3,93.0,58.9,0.0,7.0,2.0,0.0,0.0,0.0,0.0,0.0,0.286,0.286,0.286,0.571,0.5,0.0,0.429,0.25,0.75,0.0,0.0,0.0
Griffin Lockwood-Powell,Available,LAD,Pacific Coast League,AAA,Yes,28.0,,25.0,6.4,3.6,95.7,83.6,125.1,60.0,85.4,30.5,102.0,91.2,94.0,113.2,23.4,89.0,24.0,1.0,10.0,13.0,1.0,0.0,0.27,0.369,0.393,0.762,0.324,0.117,0.165,0.214,0.457,0.329,0.174,0.043
Sebastián Rivero,Available,LAA,Pacific Coast League,AAA,Yes,27.0,,23.0,4.5,3.6,99.2,59.3,75.6,50.3,95.4,41.8,32.0,91.1,92.8,127.6,17.3,82.0,18.0,1.0,10.0,10.0,0.0,1.0,0.22,0.267,0.293,0.559,0.25,0.067,0.167,0.239,0.507,0.254,0.235,0.059
Cal Raleigh,Third Degree Burnes (ACTIVE),SEA,Pacific Coast League,AAA,Yes,29.0,,4.0,26.9,3.5,92.4,352.4,188.6,50.3,0.0,322.5,347.0,90.9,97.2,56.4,6.4,14.0,6.0,5.0,7.0,12.0,0.0,0.0,0.429,0.529,1.5,2.029,0.143,0.118,0.118,0.0,0.083,0.917,0.091,0.455
Jake Meyers,Available,HOU,Pacific Coast League,AAA,Yes,30.0,,32.0,5.1,3.8,89.3,66.6,59.9,75.5,105.4,54.6,70.0,90.8,95.7,72.9,25.7,121.0,28.0,2.0,13.0,13.0,1.0,2.0,0.231,0.295,0.347,0.643,0.289,0.076,0.22,0.264,0.451,0.286,0.346,0.077
Carter Young,Available,BAL,International League,AAA,Yes,25.0,,17.0,1.3,1.9,104.7,19.8,60.4,88.2,84.3,0.0,21.0,90.8,83.2,98.5,3.0,32.0,2.0,0.0,3.0,0.0,1.0,0.0,0.062,0.268,0.094,0.362,0.133,0.209,0.395,0.2,0.6,0.2,0.0,0.0
Miguel Villarroel,Available,WSH,International League,AAA,Yes,24.0,,12.0,3.1,2.5,109.1,46.7,45.6,102.5,74.2,0.0,78.0,90.7,77.9,102.6,2.0,30.0,7.0,0.0,4.0,2.0,1.0,0.0,0.233,0.343,0.3,0.643,0.412,0.114,0.371,0.176,0.706,0.118,0.5,0.0
Bryan Broecker,Available,TB,International League,AAA,Yes,24.0,,7.0,2.1,0.4,109.1,32.0,123.2,153.8,0.0,100.0,153.0,90.7,70.7,102.5,1.0,3.0,0.0,0.0,3.0,0.0,1.0,0.0,0.0,0.571,0.0,0.571,0.0,0.286,0.286,0.0,0.0,1.0,0.0,0.0
Duncan Pastore,Available,NYY,International League,AAA,Yes,26.0,,2.0,-1.0,4.0,100.7,-14.9,32.0,2.1,105.4,100.0,-66.0,90.1,96.8,111.4,0.0,8.0,0.0,0.0,0.0,0.0,0.0,0.0,0.0,0.111,0.0,0.111,0.0,0.111,0.444,0.25,0.75,0.0,0.0,0.0
Onix Vega,Available,NYM,International League,AAA,Yes,27.0,,9.0,2.9,2.2,96.9,43.2,237.8,2.1,46.8,88.0,46.0,89.9,99.2,58.5,7.5,20.0,3.0,1.0,1.0,2.0,0.0,0.0,0.15,0.261,0.3,0.561,0.118,0.087,0.087,0.111,0.444,0.444,0.25,0.125
Michael Siani,Available,DET,International League,AAA,Yes,26.0,,39.0,3.4,3.1,100.7,50.4,57.3,147.6,48.1,61.3,21.0,89.9,76.1,49.1,22.4,119.0,16.0,2.0,15.0,10.0,3.0,2.0,0.134,0.222,0.227,0.449,0.182,0.101,0.302,0.114,0.595,0.291,0.217,0.087
Zach Morgan,Available,SF,Pacific Coast League,AAA,Yes,26.0,,35.0,4.8,3.0,103.0,63.1,141.6,40.7,66.7,25.5,63.0,89.6,88.9,135.3,27.7,104.0,23.0,1.0,15.0,16.0,0.0,0.0,0.221,0.303,0.298,0.601,0.247,0.101,0.134,0.167,0.522,0.311,0.143,0.036
Eduardo Rojas,Available,LAD,Pacific Coast League,AAA,Yes,19.0,,1.0,0.0,1.0,141.0,0.0,100.0,1.9,0.0,100.0,-100.0,89.6,68.0,107.6,1.0,1.0,0.0,0.0,0.0,0.0,0.0,0.0,0.0,0.0,0.0,0.0,0.0,0.0,0.0,0.0,0.0,1.0,0.0,0.0
Jake Fraley,Available,TB,International League,AAA,Yes,31.0,,12.0,4.5,3.2,84.4,66.6,96.0,80.0,90.2,70.4,35.0,89.4,96.1,58.5,10.0,39.0,6.0,1.0,5.0,5.0,1.0,1.0,0.154,0.267,0.231,0.497,0.179,0.111,0.222,0.214,0.429,0.357,0.2,0.1
Hayden Cantrelle,Available,CHC,International League,AAA,Yes,27.0,,49.0,3.5,2.6,96.9,52.9,62.4,170.2,50.6,31.7,38.0,89.4,74.7,103.3,43.4,125.0,18.0,2.0,19.0,10.0,8.0,4.0,0.144,0.267,0.264,0.531,0.216,0.136,0.333,0.12,0.293,0.587,0.182,0.045
Gleyber Torres,Je suis Charlie Morton (ACTIVE),DET,International League,AAA,Yes,29.0,,2.0,1.2,3.0,90.3,18.7,82.2,2.1,105.4,100.0,38.0,89.2,102.6,91.7,1.0,6.0,1.0,0.0,0.0,0.0,0.0,0.0,0.167,0.286,0.167,0.452,0.25,0.143,0.286,0.25,0.5,0.25,0.0,0.0
Trace Willhoite,Available,NYM,International League,AAA,Yes,25.0,,5.0,3.6,2.8,104.7,53.8,50.8,53.3,93.6,0.0,29.0,89.2,85.3,99.9,5.0,14.0,2.0,0.0,2.0,2.0,0.0,0.0,0.143,0.235,0.286,0.521,0.222,0.118,0.353,0.222,0.222,0.556,0.2,0.0
Andy Ibáñez,Available,SEA,Pacific Coast League,AAA,Yes,33.0,,17.0,6.3,3.8,81.2,82.1,87.0,15.5,120.6,78.7,80.0,88.8,106.4,131.6,18.0,65.0,17.0,2.0,6.0,9.0,0.0,0.0,0.262,0.31,0.415,0.725,0.283,0.07,0.155,0.302,0.358,0.34,0.222,0.111
Max Ferguson,Available,BOS,International League,AAA,Yes,26.0,,33.0,4.7,3.1,100.7,70.2,57.3,110.7,56.9,60.6,54.0,88.6,79.1,109.5,34.1,103.0,22.0,3.0,15.0,11.0,3.0,0.0,0.214,0.272,0.33,0.602,0.264,0.078,0.259,0.135,0.392,0.473,0.286,0.086
Brandon Drury,Available,KC,International League,AAA,Yes,33.0,,53.0,5.9,3.3,79.3,87.9,101.0,24.6,110.5,88.0,90.0,88.2,105.4,116.2,38.4,177.0,40.0,5.0,23.0,29.0,0.0,0.0,0.226,0.354,0.362,0.715,0.299,0.156,0.259,0.262,0.41,0.328,0.2,0.125
Brendan Donovan,Je suis Charlie Morton (INJURED_RESERVE),SEA,Pacific Coast League,AAA,Yes,29.0,,4.0,4.2,4.2,92.4,55.7,0.0,50.3,92.2,141.8,17.0,88.1,92.4,68.0,5.0,17.0,3.0,1.0,2.0,1.0,0.0,0.0,0.176,0.176,0.353,0.529,0.154,0.0,0.176,0.231,0.385,0.385,0.0,0.2
Owen Cobb,Available,NYY,International League,AAA,Yes,25.0,,6.0,3.7,3.5,104.7,54.8,0.0,53.3,105.4,0.0,53.0,88.1,83.5,88.2,6.0,21.0,5.0,0.0,3.0,1.0,0.0,0.0,0.238,0.238,0.381,0.619,0.313,0.0,0.227,0.25,0.375,0.375,0.667,0.0
Jhonkensy Noel,Skrrt vs The World (MINORS),BAL,International League,AAA,Yes,24.0,,30.0,3.8,3.6,109.1,56.8,49.3,34.9,60.3,91.5,23.0,87.6,82.3,109.6,22.4,107.0,13.0,3.0,10.0,14.0,0.0,0.0,0.121,0.217,0.243,0.46,0.147,0.083,0.3,0.143,0.529,0.329,0.348,0.13
Jared Oliva,Available,TB,Pacific Coast League,AAA,Yes,30.0,,14.0,6.5,3.9,89.3,84.8,49.4,120.0,89.8,0.0,59.0,87.5,83.8,68.0,7.2,54.0,13.0,0.0,6.0,5.0,6.0,1.0,0.241,0.288,0.315,0.603,0.317,0.067,0.233,0.225,0.6,0.175,0.429,0.0
Vaughn Grissom,Available,LAA,Pacific Coast League,AAA,Yes,25.0,,10.0,5.3,3.9,107.2,69.5,46.7,32.9,90.2,0.0,73.0,87.5,83.6,56.4,3.0,39.0,12.0,0.0,3.0,6.0,0.0,1.0,0.308,0.341,0.359,0.7,0.387,0.049,0.195,0.226,0.677,0.097,0.333,0.0
Carlos Santana,Available,ATL,International League,AAA,Yes,40.0,,27.0,7.0,3.3,65.4,104.0,136.3,75.9,107.1,64.1,108.0,87.1,106.0,114.3,21.4,89.0,26.0,2.0,11.0,18.0,2.0,0.0,0.292,0.385,0.382,0.767,0.348,0.125,0.183,0.254,0.437,0.31,0.227,0.091
Ian Daugherty,Available,MIN,International League,AAA,Yes,23.0,,6.0,2.6,2.7,113.8,38.6,30.3,22.6,84.3,0.0,28.0,87.0,79.7,80.9,4.0,16.0,3.0,0.0,1.0,2.0,0.0,0.0,0.188,0.278,0.188,0.465,0.3,0.053,0.316,0.2,0.4,0.4,0.0,0.0
Dustin Dickerson,Available,KC,International League,AAA,Yes,25.0,,21.0,4.9,3.0,104.7,72.6,67.7,90.2,51.4,41.5,55.0,87.0,76.6,119.4,16.6,62.0,11.0,1.0,9.0,10.0,1.0,0.0,0.177,0.299,0.29,0.589,0.25,0.128,0.308,0.122,0.463,0.415,0.235,0.059
Braden Shewmake,Available,HOU,International League,AAA,Yes,28.0,,10.0,4.2,3.2,93.5,62.7,38.6,123.0,80.9,0.0,70.0,86.9,79.5,113.1,9.0,32.0,8.0,0.0,5.0,1.0,1.0,0.0,0.25,0.314,0.312,0.627,0.308,0.028,0.167,0.192,0.462,0.346,0.222,0.0
Mike Jarvis,Available,PIT,International League,AAA,Yes,28.0,,34.0,3.3,2.4,93.5,49.9,54.2,133.3,61.6,37.3,39.0,86.9,78.1,46.8,19.4,80.0,14.0,1.0,14.0,4.0,8.0,3.0,0.175,0.267,0.237,0.504,0.265,0.109,0.326,0.146,0.458,0.396,0.316,0.053
Travis d'Arnaud,Available,LAA,Pacific Coast League,AAA,Yes,37.0,,6.0,4.2,3.0,72.4,54.6,20.4,50.3,181.7,0.0,59.0,86.6,103.8,122.6,2.0,18.0,5.0,0.0,4.0,2.0,0.0,0.0,0.278,0.316,0.333,0.649,0.455,0.053,0.368,0.455,0.364,0.182,0.0,0.0
Mike Tauchman,Available,NYM,International League,AAA,Yes,35.0,,8.0,2.3,4.0,74.8,34.5,47.1,45.1,145.9,0.0,6.0,86.6,103.0,98.0,8.3,32.0,6.0,0.0,3.0,0.0,0.0,0.0,0.188,0.212,0.219,0.431,0.222,0.03,0.152,0.346,0.346,0.308,0.375,0.0
Trevor Austin,Available,HOU,Pacific Coast League,AAA,Yes,24.0,,5.0,-1.0,2.2,111.6,-13.1,11.8,1.9,99.8,0.0,-75.0,86.3,82.9,104.2,2.0,11.0,0.0,0.0,0.0,0.0,0.0,0.0,0.0,0.083,0.0,0.083,0.0,0.083,0.583,0.25,0.25,0.5,0.0,0.0
Justice Bigbie,Available,DET,International League,AAA,Yes,27.0,,24.0,4.1,3.5,96.9,61.3,167.5,41.0,48.9,39.4,58.0,86.0,87.1,114.2,18.5,84.0,18.0,1.0,6.0,6.0,1.0,1.0,0.214,0.29,0.274,0.564,0.239,0.096,0.128,0.116,0.623,0.261,0.111,0.056
Tristin English,Available,ATL,International League,AAA,Yes,29.0,,17.0,2.8,2.9,90.3,42.2,52.3,82.0,79.7,54.2,29.0,85.9,85.8,107.2,13.0,49.0,8.0,1.0,5.0,4.0,1.0,1.0,0.163,0.236,0.245,0.481,0.189,0.055,0.218,0.189,0.459,0.351,0.154,0.077
Kyle McCann,Available,COL,Pacific Coast League,AAA,Yes,28.0,,32.0,4.1,3.5,95.7,53.3,26.4,27.1,72.7,151.7,33.0,85.8,89.7,98.8,13.4,112.0,21.0,3.0,11.0,15.0,0.0,0.0,0.188,0.276,0.286,0.561,0.286,0.071,0.37,0.182,0.606,0.212,0.286,0.214
Jason Matthews,Available,CHW,International League,AAA,Yes,29.0,,56.0,3.6,2.4,90.3,53.9,69.8,57.4,77.6,72.5,76.0,85.6,88.8,106.8,28.3,137.0,30.0,3.0,19.0,15.0,2.0,4.0,0.219,0.345,0.321,0.667,0.318,0.125,0.298,0.184,0.483,0.333,0.379,0.103
Joey Bart,Available,CHW,International League,AAA,Yes,29.0,,5.0,8.7,3.4,90.3,130.0,136.1,32.8,35.0,176.0,201.0,85.2,91.6,56.4,3.7,17.0,6.0,1.0,4.0,2.0,0.0,0.0,0.353,0.5,0.647,1.147,0.455,0.182,0.227,0.083,0.583,0.333,0.25,0.25
Braden Shewmake,Available,HOU,Pacific Coast League,AAA,Yes,28.0,,15.0,3.1,2.9,95.7,41.1,60.1,89.0,73.9,0.0,46.0,84.9,79.5,113.1,10.0,43.0,7.0,0.0,3.0,2.0,2.0,0.0,0.163,0.294,0.233,0.527,0.259,0.135,0.308,0.185,0.444,0.37,0.1,0.0
Andrew McCutchen,Available,ATL,International League,AAA,Yes,39.0,,9.0,7.1,3.3,67.1,106.2,42.0,104.6,105.4,88.0,138.0,84.7,96.8,103.1,8.0,30.0,10.0,1.0,5.0,5.0,1.0,0.0,0.333,0.375,0.533,0.908,0.45,0.063,0.281,0.25,0.35,0.4,0.125,0.125
Adam Frazier,Available,LAA,Pacific Coast League,AAA,Yes,34.0,,6.0,4.2,3.8,78.8,55.7,131.6,25.2,105.0,0.0,41.0,84.0,98.7,111.7,6.3,23.0,5.0,0.0,2.0,2.0,0.0,0.0,0.217,0.28,0.304,0.584,0.25,0.08,0.12,0.263,0.421,0.316,0.0,0.0
Jared Young,Available,NYM,International League,AAA,Yes,30.0,,4.0,4.4,4.0,87.2,65.4,0.0,53.3,120.6,0.0,38.0,84.0,88.8,55.9,4.0,16.0,4.0,0.0,2.0,1.0,0.0,0.0,0.25,0.25,0.312,0.562,0.286,0.0,0.125,0.286,0.429,0.286,0.0,0.0
Edwin Díaz,Cant Park Here (INJURED_RESERVE),HOU,Pacific Coast League,AAA,Yes,30.0,,24.0,4.6,2.9,89.3,59.8,51.5,143.3,43.1,70.9,68.0,83.9,74.6,90.8,19.5,69.0,10.0,2.0,13.0,8.0,2.0,1.0,0.145,0.31,0.29,0.6,0.222,0.159,0.364,0.108,0.351,0.541,0.1,0.1
Caleb Ricketts,Available,PHI,International League,AAA,Yes,26.0,,43.0,4.9,3.9,100.7,73.8,26.4,71.8,58.6,64.1,26.0,83.7,76.4,99.8,43.0,168.0,29.0,4.0,15.0,25.0,1.0,0.0,0.173,0.2,0.315,0.515,0.21,0.034,0.263,0.139,0.5,0.361,0.205,0.091
Stone Russell,Available,KC,International League,AAA,Yes,22.0,,2.0,1.8,1.5,119.0,26.1,143.9,2.1,0.0,100.0,141.0,83.5,73.1,56.4,1.0,3.0,1.0,0.0,0.0,0.0,0.0,0.0,0.333,0.5,0.333,0.833,0.5,0.25,0.25,0.0,0.5,0.5,0.0,0.0
Yohel Pozo,Available,BAL,International League,AAA,Yes,29.0,,21.0,5.1,4.0,90.3,76.1,45.5,36.9,74.2,105.6,60.0,83.4,88.0,86.9,19.1,83.0,19.0,3.0,10.0,8.0,0.0,0.0,0.229,0.256,0.386,0.641,0.246,0.035,0.174,0.176,0.529,0.294,0.2,0.15
Omar Hernandez,Available,KC,International League,AAA,Yes,24.0,,6.0,2.2,3.8,109.1,33.6,0.0,71.8,66.6,0.0,5.0,83.4,70.0,95.8,5.3,23.0,5.0,0.0,2.0,0.0,0.0,1.0,0.217,0.217,0.217,0.435,0.25,0.0,0.125,0.158,0.579,0.263,0.2,0.0
Grae Kessinger,Available,PIT,International League,AAA,Yes,28.0,,44.0,2.9,2.9,93.5,44.0,70.5,84.1,64.9,14.8,9.0,83.3,79.0,112.5,48.0,129.0,15.0,1.0,8.0,14.0,3.0,0.0,0.116,0.221,0.178,0.4,0.154,0.101,0.262,0.154,0.319,0.527,0.354,0.021
Charlie Szykowny,Available,SF,Pacific Coast League,AAA,Yes,26.0,,8.0,5.6,3.8,103.0,72.9,0.0,21.3,76.7,78.7,100.0,83.2,81.0,106.3,8.7,30.0,9.0,1.0,3.0,3.0,0.0,0.0,0.3,0.3,0.5,0.8,0.32,0.0,0.133,0.192,0.462,0.346,0.111,0.111
Carlos Caro,Available,PIT,International League,AAA,Yes,21.0,,2.0,2.5,0.0,124.6,37.3,100.0,2.1,0.0,100.0,371.0,82.8,68.0,109.2,,0.0,0.0,0.0,2.0,0.0,0.0,0.0,,1.0,,,0.0,0.0,0.0,0.0,0.0,0.0,0.0,0.0
Chris Meyers,Available,DET,International League,AAA,Yes,27.0,,11.0,2.8,3.5,96.9,41.4,61.5,10.3,91.5,0.0,55.0,82.6,85.8,106.6,7.0,38.0,7.0,0.0,2.0,2.0,0.0,0.0,0.184,0.311,0.237,0.548,0.304,0.133,0.333,0.217,0.478,0.304,0.429,0.0
Darren Baker,Available,SF,Pacific Coast League,AAA,Yes,27.0,,4.0,6.8,3.8,99.2,88.5,0.0,96.8,72.7,0.0,117.0,82.6,72.1,117.4,3.0,15.0,6.0,0.0,1.0,1.0,2.0,0.0,0.4,0.4,0.4,0.8,0.545,0.0,0.267,0.182,0.545,0.273,0.333,0.0
Keshawn Ogans,Available,ATL,International League,AAA,Yes,24.0,,3.0,-0.7,3.0,109.1,-10.0,57.6,2.1,70.4,0.0,-69.0,82.3,78.0,97.2,3.0,9.0,0.0,0.0,0.0,0.0,0.0,0.0,0.0,0.1,0.0,0.1,0.0,0.1,0.3,0.167,0.333,0.5,0.0,0.0
Francisco Lindor,Cant Park Here (ACTIVE),NYM,International League,AAA,Yes,32.0,,2.0,8.5,4.5,81.8,127.0,100.0,145.6,52.7,0.0,42.0,82.3,76.8,46.8,4.5,9.0,2.0,0.0,3.0,0.0,1.0,0.0,0.222,0.3,0.222,0.522,0.222,0.1,0.0,0.125,0.375,0.5,0.0,0.0
Hemmanuel Rosario,Available,HOU,Pacific Coast League,AAA,Yes,25.0,,2.0,4.2,1.0,107.2,55.7,82.4,96.8,0.0,100.0,236.0,82.3,66.0,124.8,0.0,2.0,1.0,0.0,0.0,0.0,1.0,0.0,0.5,0.667,0.5,1.167,1.0,0.333,0.333,0.0,1.0,0.0,0.0,0.0
Jake Rucker,Available,MIN,International League,AAA,Yes,26.0,,5.0,3.7,3.0,100.7,55.3,93.1,32.8,38.4,88.0,41.0,82.2,79.4,112.3,7.3,15.0,2.0,1.0,2.0,1.0,0.0,0.0,0.133,0.235,0.333,0.569,0.1,0.118,0.235,0.091,0.182,0.727,0.375,0.125
Justin Riemer,Available,ATH,Pacific Coast League,AAA,Yes,24.0,,3.0,5.3,3.3,111.6,69.9,89.7,67.8,0.0,100.0,120.0,82.2,66.8,115.4,1.0,10.0,4.0,0.0,2.0,1.0,0.0,1.0,0.4,0.455,0.4,0.855,0.5,0.091,0.182,0.0,0.875,0.125,0.0,0.0
Kevin Rivas,Available,CLE,International League,AAA,Yes,23.0,,4.0,2.5,3.8,113.8,37.3,49.4,53.3,42.2,0.0,-15.0,82.1,67.2,131.5,2.2,15.0,2.0,0.0,2.0,1.0,0.0,0.0,0.133,0.188,0.133,0.321,0.182,0.063,0.25,0.1,0.7,0.2,0.0,0.0
Jared Oliva,Available,TB,International League,AAA,Yes,30.0,,4.0,8.4,3.8,87.2,125.1,93.1,153.8,38.4,0.0,37.0,81.8,71.0,68.0,2.0,15.0,3.0,0.0,3.0,0.0,4.0,0.0,0.2,0.294,0.2,0.494,0.273,0.118,0.235,0.091,0.727,0.182,0.0,0.0
Max Kepler,Available,ARI,Pacific Coast League,AAA,Yes,33.0,,6.0,3.8,3.5,81.2,49.2,131.1,71.6,70.3,0.0,80.0,81.6,86.5,155.4,1.0,21.0,6.0,0.0,1.0,0.0,1.0,0.0,0.286,0.375,0.333,0.708,0.353,0.125,0.167,0.176,0.765,0.059,0.0,0.0
Rhylan Thomas,Available,TOR,International League,AAA,Yes,26.0,,4.0,6.9,3.8,100.7,102.7,100.0,32.8,56.1,0.0,170.0,81.4,78.0,89.5,3.0,15.0,6.0,0.0,3.0,0.0,0.0,0.0,0.4,0.5,0.467,0.967,0.4,0.167,0.0,0.133,0.667,0.2,0.333,0.0
Colton Vincent,Available,SD,Pacific Coast League,AAA,Yes,26.0,,4.0,0.4,2.5,103.0,4.9,0.0,50.3,49.9,100.0,-74.0,81.3,73.7,122.6,1.0,10.0,1.0,0.0,1.0,0.0,0.0,0.0,0.1,0.1,0.1,0.2,0.125,0.0,0.2,0.125,0.75,0.125,0.0,0.0
Andy Ibáñez,Available,SEA,International League,AAA,Yes,33.0,,31.0,6.6,3.8,79.3,98.5,49.8,34.9,93.2,69.0,78.0,80.8,91.6,131.6,39.4,119.0,32.0,4.0,15.0,18.0,0.0,0.0,0.269,0.295,0.429,0.723,0.28,0.031,0.147,0.221,0.385,0.394,0.415,0.098
Luke Ritter,Available,PHI,International League,AAA,Yes,29.0,,22.0,2.0,2.7,90.3,29.9,13.0,80.0,60.3,64.1,8.0,79.5,75.4,100.0,10.7,59.0,9.0,1.0,4.0,6.0,0.0,0.0,0.153,0.177,0.254,0.432,0.235,0.032,0.403,0.143,0.543,0.314,0.455,0.091
Trey Faltine,Available,CIN,International League,AAA,Yes,25.0,,5.0,1.8,1.8,104.7,26.9,8.2,2.1,0.0,704.2,55.0,79.4,76.3,93.6,0.5,9.0,1.0,1.0,1.0,1.0,0.0,0.0,0.111,0.2,0.444,0.644,0.0,0.1,0.7,0.0,0.5,0.5,0.0,1.0
Jorge Polanco,Available,NYM,International League,AAA,Yes,32.0,,8.0,5.2,2.8,81.8,78.4,533.3,16.4,0.0,100.7,58.0,79.2,89.9,137.1,12.6,22.0,2.0,2.0,3.0,3.0,0.0,0.0,0.091,0.259,0.364,0.623,0.0,0.185,0.074,0.0,0.3,0.7,0.429,0.143
Sean Murphy,Available,ATL,International League,AAA,Yes,31.0,,15.0,5.7,3.7,84.4,85.1,59.5,45.1,86.4,0.0,91.0,79.1,83.8,59.3,14.4,55.0,16.0,0.0,9.0,7.0,0.0,0.0,0.291,0.355,0.345,0.7,0.4,0.081,0.258,0.205,0.436,0.359,0.214,0.0
Kyle Farmer,Available,ATL,International League,AAA,Yes,35.0,,24.0,3.8,3.8,74.8,57.0,83.4,20.5,105.4,0.0,55.0,78.6,93.2,60.9,24.3,90.0,23.0,0.0,7.0,7.0,0.0,0.0,0.256,0.306,0.256,0.562,0.315,0.071,0.184,0.25,0.417,0.333,0.292,0.0
Gavin Logan,Available,ARI,Pacific Coast League,AAA,Yes,26.0,,4.0,3.4,2.2,103.0,44.2,49.4,1.9,66.7,0.0,51.0,78.4,75.8,101.7,1.0,9.0,2.0,0.0,0.0,2.0,0.0,0.0,0.222,0.3,0.333,0.633,0.333,0.1,0.3,0.167,0.667,0.167,0.0,0.0
Wade Meckler,Available,LAA,Pacific Coast League,AAA,Yes,26.0,,5.0,3.4,2.0,103.0,44.6,237.3,7.7,0.0,0.0,48.0,78.1,74.4,132.6,3.5,10.0,0.0,0.0,1.0,1.0,0.0,0.0,0.0,0.412,0.0,0.412,0.0,0.412,0.176,0.0,0.5,0.5,0.0,0.0
Frainyer Chavez,Available,TEX,Pacific Coast League,AAA,Yes,27.0,,5.0,3.3,3.6,99.2,43.3,50.9,91.0,33.1,0.0,7.0,77.4,64.3,108.0,7.6,18.0,3.0,0.0,1.0,1.0,1.0,0.0,0.167,0.238,0.167,0.405,0.231,0.095,0.286,0.083,0.333,0.583,0.0,0.0
Lourdes Gurriel Jr.,Available,ARI,Pacific Coast League,AAA,Yes,32.0,,8.0,2.1,3.5,83.7,27.0,52.3,11.6,95.0,0.0,-37.0,77.3,86.0,91.1,8.0,28.0,3.0,0.0,1.0,3.0,0.0,0.0,0.107,0.182,0.107,0.289,0.143,0.091,0.273,0.238,0.381,0.381,0.25,0.0
Nicandro Aybar,Available,TB,International League,AAA,Yes,21.0,,2.0,1.0,1.5,124.6,14.9,100.0,2.1,0.0,0.0,-3.0,77.1,58.5,98.8,2.0,3.0,0.0,0.0,0.0,0.0,0.0,0.0,0.0,0.25,0.0,0.25,0.0,0.25,0.0,0.0,0.333,0.667,1.0,0.0
Dario Reynoso,Available,SF,Pacific Coast League,AAA,Yes,21.0,,1.0,-1.0,2.0,127.6,-13.1,0.0,1.9,0.0,100.0,-100.0,77.1,56.4,102.9,1.0,2.0,0.0,0.0,0.0,0.0,0.0,0.0,0.0,0.0,0.0,0.0,0.0,0.0,0.5,0.0,0.0,1.0,0.0,0.0
Carlos Santana,Available,ATL,Pacific Coast League,AAA,Yes,40.0,,10.0,3.6,3.6,67.0,47.2,78.2,42.6,76.7,101.4,-18.0,76.7,92.3,114.3,6.7,36.0,3.0,1.0,4.0,4.0,0.0,0.0,0.083,0.195,0.167,0.362,0.08,0.122,0.244,0.192,0.538,0.269,0.143,0.143
Johan Macias,Available,LAA,Pacific Coast League,AAA,Yes,23.0,,1.0,6.5,4.0,116.5,85.2,0.0,50.3,0.0,100.0,16.0,76.5,56.4,97.1,0.0,4.0,1.0,0.0,1.0,1.0,0.0,0.0,0.25,0.25,0.25,0.5,0.5,0.0,0.5,0.0,1.0,0.0,0.0,0.0
Joe Olsavsky,Available,ATL,International League,AAA,Yes,24.0,,2.0,0.0,0.5,109.1,0.0,100.0,2.1,0.0,100.0,-100.0,76.3,68.0,96.5,0.0,1.0,0.0,0.0,0.0,0.0,0.0,0.0,0.0,0.0,0.0,0.0,0.0,0.0,0.0,0.0,1.0,0.0,0.0,0.0
René Pinto,Available,PHI,International League,AAA,Yes,29.0,,16.0,2.4,3.6,90.3,35.9,13.2,32.8,65.8,54.2,6.0,76.1,76.4,84.2,13.4,58.0,8.0,1.0,4.0,5.0,0.0,0.0,0.138,0.177,0.259,0.436,0.212,0.032,0.397,0.156,0.438,0.406,0.154,0.077
Nick Allen,Available,HOU,Pacific Coast League,AAA,Yes,27.0,,2.0,0.5,3.5,99.2,6.6,0.0,1.9,79.8,0.0,-100.0,76.1,74.6,102.8,1.2,7.0,0.0,0.0,1.0,0.0,0.0,0.0,0.0,0.0,0.0,0.0,0.0,0.0,0.143,0.2,0.6,0.2,1.0,0.0
Zander Darby,Available,SF,Pacific Coast League,AAA,Yes,23.0,,2.0,0.0,2.0,116.5,0.0,49.4,1.9,0.0,100.0,-20.0,75.9,62.1,86.8,1.0,4.0,0.0,0.0,0.0,0.0,0.0,0.0,0.0,0.2,0.0,0.2,0.0,0.2,0.4,0.0,0.5,0.5,1.0,0.0
Alfredo Velásquez,Available,BAL,International League,AAA,Yes,21.0,,2.0,-0.5,2.0,124.6,-7.5,0.0,2.1,0.0,100.0,-100.0,75.8,56.4,58.2,1.0,4.0,0.0,0.0,0.0,0.0,0.0,0.0,0.0,0.0,0.0,0.0,0.0,0.0,0.25,0.0,0.667,0.333,0.0,0.0
Kaden Hopson,Available,LAA,Pacific Coast League,AAA,Yes,25.0,,1.0,2.5,4.0,107.2,32.8,100.0,1.9,0.0,100.0,16.0,75.5,68.0,98.7,1.0,4.0,1.0,0.0,0.0,0.0,0.0,0.0,0.25,0.25,0.25,0.5,0.25,0.0,0.0,0.0,0.75,0.25,1.0,0.0
Will Robertson,Available,BAL,International League,AAA,Yes,28.0,,10.0,1.5,3.3,93.5,22.4,62.3,22.6,57.3,0.0,-2.0,75.1,74.0,112.3,5.0,33.0,4.0,0.0,2.0,1.0,0.0,0.0,0.121,0.216,0.121,0.337,0.182,0.108,0.297,0.136,0.636,0.227,0.2,0.0
Tyler Tolve,Available,ATL,International League,AAA,Yes,25.0,,3.0,1.3,0.3,104.7,19.9,100.0,2.1,0.0,100.0,-100.0,74.5,68.0,72.2,0.0,1.0,0.0,0.0,0.0,1.0,0.0,0.0,0.0,0.0,0.0,0.0,0.0,0.0,0.0,0.0,1.0,0.0,0.0,0.0
Alberto Rios,Available,LAA,Pacific Coast League,AAA,Yes,24.0,,1.0,7.0,4.0,111.6,91.8,0.0,50.3,0.0,100.0,114.0,74.5,56.4,59.7,1.0,4.0,1.0,0.0,0.0,1.0,0.0,0.0,0.25,0.25,0.75,1.0,1.0,0.0,0.75,0.0,0.0,1.0,0.0,0.0
Kevin Kilpatrick Jr.,Available,ATL,International League,AAA,Yes,25.0,,3.0,3.7,2.0,104.7,54.8,0.0,153.8,0.0,0.0,79.0,74.5,46.8,98.3,2.0,6.0,2.0,0.0,1.0,0.0,1.0,0.0,0.333,0.333,0.333,0.667,0.4,0.0,0.167,0.0,0.6,0.4,0.5,0.0
Adam Retzbach,Available,BAL,International League,AAA,Yes,25.0,,1.0,1.0,2.0,104.7,14.9,96.2,2.1,0.0,100.0,41.0,74.2,67.6,90.3,0.0,2.0,0.0,0.0,0.0,0.0,0.0,0.0,0.0,0.333,0.0,0.333,0.0,0.333,0.333,0.0,1.0,0.0,0.0,0.0
Johnny Ascanio,Available,CIN,International League,AAA,Yes,22.0,,2.0,-0.5,2.0,119.0,-7.5,0.0,2.1,0.0,100.0,-100.0,73.5,56.4,106.2,0.0,4.0,0.0,0.0,0.0,0.0,0.0,0.0,0.0,0.0,0.0,0.0,0.0,0.0,0.25,0.0,1.0,0.0,0.0,0.0
Nate Baez,Available,BOS,International League,AAA,Yes,25.0,,9.0,1.3,3.4,104.7,19.1,54.2,41.0,20.2,0.0,-26.0,73.1,60.2,96.1,12.0,31.0,2.0,0.0,2.0,1.0,0.0,0.0,0.065,0.171,0.097,0.268,0.095,0.086,0.286,0.048,0.381,0.571,0.25,0.0
T.J. McCants,Available,CHW,International League,AAA,Yes,25.0,,4.0,0.0,1.2,104.7,0.0,11.9,53.3,0.0,100.0,-48.0,72.7,57.8,91.2,0.0,5.0,0.0,0.0,1.0,0.0,0.0,0.0,0.0,0.167,0.0,0.167,0.0,0.167,0.667,0.0,1.0,0.0,0.0,0.0
Luis Hernandez,Third Degree Burnes (MINORS),MIN,International League,AAA,Yes,23.0,,1.0,3.0,3.0,113.8,44.8,100.0,2.1,0.0,0.0,0.0,72.6,58.5,57.0,3.0,3.0,0.0,0.0,1.0,0.0,0.0,0.0,0.0,0.25,0.0,0.25,0.0,0.0,0.0,0.0,0.0,1.0,0.333,0.0
Ben Wilmes,Available,COL,Pacific Coast League,AAA,Yes,23.0,,1.0,-1.0,1.0,116.5,-13.1,0.0,1.9,0.0,100.0,-100.0,72.4,56.4,120.0,,1.0,0.0,0.0,0.0,0.0,0.0,0.0,0.0,0.0,0.0,0.0,0.0,0.0,1.0,0.0,0.0,0.0,0.0,0.0
Mike Antico,Available,COL,International League,AAA,Yes,28.0,,6.0,0.2,3.3,93.5,2.5,39.2,32.8,35.0,0.0,-40.0,69.7,63.6,88.6,5.0,20.0,1.0,0.0,1.0,0.0,0.0,0.0,0.05,0.136,0.1,0.236,0.083,0.091,0.364,0.083,0.5,0.417,0.2,0.0
Jesus Valdez,Available,ARI,Pacific Coast League,AAA,Yes,28.0,,1.0,2.5,4.0,95.7,32.8,0.0,50.3,0.0,100.0,12.0,67.8,56.4,109.6,1.0,4.0,1.0,0.0,1.0,0.0,0.0,0.0,0.25,0.25,0.25,0.5,0.333,0.0,0.25,0.0,0.667,0.333,0.0,0.0
Kai Murphy,Available,SD,Pacific Coast League,AAA,Yes,25.0,,2.0,0.0,3.0,107.2,0.0,70.5,1.9,0.0,0.0,-64.0,67.7,55.0,101.2,2.0,6.0,0.0,0.0,0.0,0.0,0.0,0.0,0.0,0.143,0.0,0.143,0.0,0.143,0.286,0.0,0.5,0.5,0.5,0.0
Luke Waddell,Available,ATL,International League,AAA,Yes,27.0,,3.0,3.5,3.3,96.9,52.3,64.0,53.3,0.0,0.0,80.0,67.3,54.3,116.1,3.0,10.0,2.0,0.0,2.0,0.0,0.0,0.0,0.2,0.333,0.3,0.633,0.286,0.083,0.25,0.0,0.571,0.429,0.0,0.0
Jheremy Vargas,Available,MIL,International League,AAA,Yes,23.0,,3.0,-0.2,3.0,113.8,-2.5,23.0,2.1,0.0,0.0,-10.0,67.2,49.5,101.0,4.0,9.0,1.0,0.0,0.0,0.0,0.0,0.0,0.111,0.2,0.111,0.311,0.25,0.1,0.5,0.0,0.0,1.0,0.0,0.0
Javier Báez,Available,DET,International League,AAA,Yes,33.0,,2.0,12.0,4.0,79.3,179.3,0.0,41.0,60.3,0.0,336.0,67.0,67.8,58.5,4.0,8.0,5.0,0.0,2.0,1.0,0.0,0.0,0.625,0.625,1.0,1.625,0.714,0.0,0.125,0.143,0.286,0.571,0.5,0.0
Jordan Dissin,Available,PHI,International League,AAA,Yes,24.0,,4.0,-0.6,3.5,109.1,-9.3,0.0,2.1,0.0,0.0,-76.0,63.6,46.8,75.3,4.0,14.0,1.0,0.0,0.0,0.0,0.0,0.0,0.071,0.071,0.071,0.143,0.1,0.0,0.286,0.0,0.6,0.4,0.25,0.0
Oneil Cruz,Cant Park Here (ACTIVE),PIT,International League,AAA,Yes,27.0,,2.0,0.5,2.5,96.9,7.5,54.7,2.1,0.0,0.0,18.0,62.4,53.2,91.4,2.0,5.0,0.0,0.0,0.0,0.0,0.0,0.0,0.0,0.286,0.0,0.286,0.0,0.286,0.429,0.0,0.0,1.0,0.5,0.0
Joe Campagna,Available,DET,International League,AAA,Yes,29.0,,1.0,-1.0,1.0,90.3,-14.9,0.0,2.1,0.0,100.0,-100.0,61.5,56.4,95.6,,1.0,0.0,0.0,0.0,0.0,0.0,0.0,0.0,0.0,0.0,0.0,0.0,0.0,1.0,0.0,0.0,0.0,0.0,0.0
Jeremy Peña,Hand Foot Mouth Disease Guys (ACTIVE),HOU,Pacific Coast League,AAA,Yes,28.0,,2.0,3.5,3.5,95.7,45.9,0.0,1.9,0.0,0.0,-2.0,58.0,46.8,111.0,2.0,7.0,1.0,0.0,0.0,1.0,0.0,0.0,0.143,0.143,0.286,0.429,0.167,0.0,0.143,0.0,0.667,0.333,1.0,0.0
Yeferson Portolatin,Available,STL,Florida Complex League,CPX,Yes,18.0,,10.0,9.3,2.7,107.6,135.0,564.0,89.2,191.5,0.0,177.0,123.1,134.9,92.1,9.0,27.0,10.0,0.0,10.0,1.0,4.0,1.0,0.37,0.585,0.407,0.993,0.417,0.341,0.073,0.417,0.208,0.375,0.222,0.0
Yorber Semprun,Available,NYM,Florida Complex League,CPX,Yes,18.0,,25.0,5.6,2.5,107.6,81.2,52.4,137.9,136.4,212.4,97.0,118.7,120.6,121.0,7.9,62.0,16.0,2.0,9.0,8.0,7.0,1.0,0.258,0.352,0.435,0.788,0.333,0.097,0.25,0.297,0.514,0.189,0.429,0.286
Eddson Martinez,Available,SD,Arizona Complex League,CPX,Yes,18.0,,23.0,9.4,3.4,108.9,135.4,92.8,127.8,143.1,0.0,129.0,110.4,107.4,125.6,18.3,78.0,29.0,0.0,19.0,13.0,8.0,3.0,0.372,0.436,0.487,0.923,0.483,0.125,0.229,0.288,0.407,0.305,0.111,0.0
Braulio Cavero,Available,TEX,Arizona Complex League,CPX,Yes,20.0,,7.0,14.0,3.6,98.0,201.4,190.6,68.8,71.0,346.7,229.0,109.8,122.2,141.6,3.6,25.0,12.0,2.0,7.0,8.0,0.0,0.0,0.48,0.552,0.88,1.432,0.526,0.138,0.138,0.143,0.667,0.19,0.25,0.5
Moises Acacio,Available,LAD,Arizona Complex League,CPX,Yes,18.0,,25.0,9.4,3.0,108.9,135.5,166.1,59.0,113.3,109.6,145.0,109.8,116.0,141.0,20.3,75.0,26.0,3.0,18.0,25.0,1.0,2.0,0.347,0.43,0.573,1.004,0.377,0.103,0.126,0.228,0.439,0.333,0.316,0.158
Angel Brachi,Available,MIA,Florida Complex League,CPX,No,19.0,,22.0,6.0,2.3,101.9,86.0,134.0,100.6,148.8,0.0,129.0,109.3,114.2,111.3,6.9,50.0,16.0,0.0,14.0,6.0,5.0,1.0,0.32,0.46,0.36,0.82,0.41,0.175,0.175,0.324,0.5,0.176,0.333,0.0
Gerlyn Payano,Available,MIL,Arizona Complex League,CPX,Yes,18.0,,22.0,6.6,3.5,108.9,95.1,80.3,145.8,132.6,0.0,74.0,108.9,102.3,107.6,15.2,76.0,16.0,0.0,14.0,8.0,6.0,0.0,0.211,0.355,0.303,0.657,0.327,0.161,0.29,0.267,0.422,0.311,0.214,0.0
Carlos Tejera,Available,PIT,Florida Complex League,CPX,Yes,17.0,,9.0,7.7,3.0,113.9,110.7,87.1,43.8,76.7,371.4,145.0,108.3,112.1,121.6,3.6,27.0,8.0,2.0,5.0,5.0,1.0,1.0,0.296,0.441,0.519,0.96,0.375,0.2,0.257,0.167,0.611,0.222,0.25,0.5
Liordanys Menendez,Available,LAA,Arizona Complex League,CPX,Yes,18.0,,13.0,5.5,3.2,108.9,78.6,139.8,24.6,150.5,0.0,63.0,106.6,115.4,57.1,6.2,41.0,10.0,0.0,3.0,9.0,0.0,1.0,0.244,0.333,0.293,0.626,0.294,0.125,0.167,0.303,0.515,0.182,0.333,0.0
Manni Ramirez,Available,TEX,Arizona Complex League,CPX,Yes,19.0,,24.0,6.4,3.0,103.2,92.3,65.2,54.1,99.4,267.0,113.0,106.1,114.5,122.9,11.6,71.0,17.0,5.0,10.0,14.0,0.0,0.0,0.239,0.375,0.549,0.924,0.3,0.136,0.307,0.2,0.511,0.289,0.154,0.385
Leonard Rijo,Available,MIL,Arizona Complex League,CPX,Yes,18.0,,21.0,6.2,3.5,108.9,89.4,160.0,101.6,91.9,0.0,99.0,102.2,97.4,127.5,17.8,73.0,21.0,0.0,12.0,6.0,3.0,4.0,0.288,0.388,0.397,0.785,0.35,0.129,0.153,0.185,0.519,0.296,0.25,0.0
Yojackson Laya,Available,LAD,Arizona Complex League,CPX,Yes,19.0,,21.0,3.4,2.6,103.2,48.3,71.8,70.4,117.7,57.6,50.0,99.8,101.6,109.4,12.6,54.0,11.0,1.0,9.0,4.0,1.0,1.0,0.204,0.295,0.278,0.573,0.25,0.081,0.21,0.237,0.447,0.316,0.083,0.083
Elias Reyno,Available,ATL,Florida Complex League,CPX,Yes,18.0,,9.0,4.8,3.1,107.6,69.0,77.3,37.3,135.0,0.0,105.0,99.5,102.8,109.3,6.2,28.0,9.0,0.0,1.0,3.0,2.0,3.0,0.321,0.406,0.357,0.763,0.429,0.125,0.219,0.294,0.412,0.294,0.2,0.0
Abraham Bastidas,Available,SD,Arizona Complex League,CPX,Yes,19.0,,10.0,4.9,3.1,103.2,70.5,104.1,77.0,118.2,0.0,82.0,99.4,100.1,139.3,5.0,31.0,7.0,0.0,5.0,3.0,1.0,0.0,0.226,0.385,0.258,0.643,0.333,0.179,0.256,0.238,0.524,0.238,0.2,0.0
Pablo Martinez,Available,HOU,Florida Complex League,CPX,Yes,18.0,,12.0,10.5,3.0,107.6,151.6,69.5,120.0,102.0,0.0,92.0,99.0,90.4,134.9,9.3,36.0,10.0,0.0,13.0,6.0,10.0,1.0,0.278,0.391,0.278,0.669,0.357,0.109,0.217,0.222,0.444,0.333,0.556,0.0
Mayki De La Rosa,Available,ARI,Arizona Complex League,CPX,Yes,18.0,,21.0,3.9,2.5,108.9,55.5,58.0,37.7,110.3,63.1,81.0,97.2,98.0,86.2,11.0,53.0,11.0,1.0,9.0,7.0,0.0,1.0,0.208,0.364,0.302,0.666,0.37,0.197,0.379,0.222,0.37,0.407,0.273,0.091
Carlos Matias,Available,TB,Florida Complex League,CPX,Yes,19.0,,19.0,8.3,3.7,101.9,119.3,62.2,105.4,97.8,43.8,87.0,96.6,92.3,72.3,18.8,71.0,19.0,1.0,12.0,10.0,7.0,0.0,0.268,0.358,0.366,0.724,0.346,0.099,0.222,0.213,0.426,0.362,0.353,0.059
Kevin Robledo,Available,MIA,Florida Complex League,CPX,Yes,19.0,,6.0,0.5,2.2,101.9,7.2,23.6,26.0,153.0,0.0,0.0,96.2,102.8,137.3,1.3,13.0,2.0,0.0,1.0,0.0,0.0,0.0,0.154,0.214,0.154,0.368,0.25,0.071,0.357,0.333,0.5,0.167,0.0,0.0
Aaron Pinero,Available,TB,Florida Complex League,CPX,Yes,19.0,,10.0,3.6,2.7,101.9,52.7,75.0,76.2,109.3,0.0,47.0,94.9,93.6,135.4,7.0,27.0,4.0,0.0,3.0,4.0,0.0,0.0,0.148,0.303,0.222,0.525,0.19,0.091,0.182,0.238,0.429,0.333,0.429,0.0
Joaquin Arias Jr.,Available,TEX,Arizona Complex League,CPX,Yes,19.0,,26.0,4.8,3.5,103.2,68.9,51.0,109.8,97.4,0.0,42.0,94.1,86.6,115.1,10.7,91.0,20.0,0.0,21.0,7.0,2.0,1.0,0.22,0.298,0.264,0.562,0.333,0.105,0.314,0.196,0.625,0.179,0.1,0.0
Raily Liriano,Available,ARI,Arizona Complex League,CPX,Yes,19.0,,25.0,7.3,3.7,103.2,105.0,30.1,131.1,78.5,49.2,56.0,93.3,82.3,115.1,27.5,93.0,19.0,2.0,15.0,20.0,5.0,3.0,0.204,0.279,0.366,0.644,0.304,0.067,0.346,0.158,0.351,0.491,0.286,0.071
Armstrong Muhoozi,Available,PIT,Florida Complex League,CPX,Yes,18.0,,11.0,5.8,3.5,107.6,83.4,33.7,123.3,79.9,0.0,47.0,92.2,78.5,58.5,10.4,38.0,8.0,0.0,6.0,7.0,2.0,2.0,0.211,0.286,0.263,0.549,0.333,0.095,0.333,0.174,0.391,0.435,0.2,0.0
Josue Demey,Available,LAA,Arizona Complex League,CPX,Yes,19.0,,4.0,3.5,2.2,103.2,50.3,82.3,42.6,99.4,0.0,59.0,91.0,91.0,99.7,2.0,9.0,1.0,0.0,2.0,1.0,0.0,0.0,0.111,0.333,0.222,0.556,0.2,0.25,0.333,0.2,0.4,0.4,0.5,0.0
Wuinder Torres,Available,CLE,Arizona Complex League,CPX,Yes,19.0,,9.0,5.2,2.1,103.2,75.1,194.8,3.3,31.3,99.2,156.0,87.1,89.8,132.7,6.6,19.0,7.0,1.0,2.0,4.0,0.0,0.0,0.368,0.478,0.526,1.005,0.4,0.13,0.13,0.063,0.5,0.438,0.0,0.143
Leider Padilla,Available,LAD,Arizona Complex League,CPX,Yes,19.0,,23.0,4.1,2.5,103.2,59.1,24.1,57.3,53.6,138.7,80.0,86.6,81.5,82.7,9.7,57.0,14.0,2.0,10.0,9.0,0.0,1.0,0.246,0.328,0.404,0.732,0.333,0.045,0.313,0.108,0.622,0.27,0.3,0.2
Angel Castillo,Available,TB,Florida Complex League,CPX,Yes,24.0,,4.0,0.0,0.0,80.7,0.0,100.0,1.6,100.0,100.0,-100.0,85.3,102.8,102.8,,0.0,0.0,0.0,0.0,0.0,0.0,0.0,,,,,0.0,0.0,0.0,,,,,
Carlos De Sousa,Available,TB,Florida Complex League,CPX,Yes,20.0,,11.0,1.4,2.4,96.8,19.7,40.7,1.6,98.3,0.0,9.0,81.8,85.7,87.8,2.7,26.0,4.0,0.0,0.0,2.0,0.0,0.0,0.154,0.241,0.154,0.395,0.211,0.069,0.241,0.214,0.643,0.143,0.5,0.0
Jorwin Pulido,Available,ATL,Florida Complex League,CPX,Yes,17.0,,6.0,7.3,3.0,113.9,105.9,109.5,79.5,0.0,0.0,187.0,79.8,59.6,123.4,3.5,18.0,7.0,0.0,4.0,1.0,2.0,2.0,0.389,0.542,0.556,1.097,0.5,0.125,0.167,0.0,0.75,0.25,0.0,0.0
