Metric,wRC+ Correlation,N
FGPts_per_game,0.734455340760174,3478
Approach_score,0.377322368598847,3208
Speed_score,0.24562110051801295,3478
LD%,0.2892496685407561,3449
HR_FB_pct,0.3857910451923401,3449
