Player,Fantasy Roster,Team,League,Level,Highest League,Age,Draft Class,G,FP/G,IP/G,Age+,FG/G+,K-BB%+,Weak Contact+,xFIP,Pitching Score,Pitching Score_Previous_League,Pitcher Prospect Score,Est FB,W,L,ERA,GS,SV,IP,SO,WHIP,BABIP,BB%,K%,K-BB%,Weak Contact,LD%,GB%,FB%,IFFB%,HR/FB%
Aiden Taggart,Not in Fantrax,TOR,Florida State League,A,Yes,19.0,,1.0,9.0,1.0,115.5,75.1,570.5,136.7,1.45,167.5,116.43107439385624,154.1,1.0,0.0,0.0,0.0,0.0,0.0,1.0,2.0,0.0,0.0,0.0,0.667,0.667,1.0,0.0,0.0,1.0,0.0,0.0
Julio Gonzalez,Available,NYM,Florida State League,A,Yes,19.0,,1.0,5.0,0.7,115.5,41.7,284.8,136.7,3.28,148.5,74.02208629500015,141.5,2.0,0.0,0.0,0.0,0.0,0.0,0.7,1.0,0.0,0.0,0.0,0.333,0.333,1.0,0.0,0.0,1.0,0.0,0.0
Javen Coleman,Available,TOR,Florida State League,A,No,24.0,,1.0,22.0,1.7,91.4,183.6,513.2,136.7,1.18,167.5,163.9419987295689,140.9,1.0,1.0,0.0,0.0,0.0,0.0,1.7,3.0,0.0,0.0,0.0,0.6,0.6,1.0,0.0,0.5,0.5,0.0,0.0
Felix Doroteo,Available,PIT,Florida State League,A,Yes,21.0,,1.0,20.8,2.0,104.5,173.1,366.9,136.7,1.61,156.7,105.79023826126118,140.9,1.0,0.0,0.0,0.0,0.0,0.0,2.0,3.0,0.5,0.25,0.0,0.429,0.429,1.0,0.0,0.75,0.25,0.0,0.0
Claudio Estelie,Available,PIT,Florida State League,A,Yes,22.0,,3.0,16.6,1.6,99.7,138.4,398.6,136.7,2.42,159.9,99.38223485855002,140.4,4.0,0.0,0.0,0.0,0.0,1.0,4.7,8.0,0.21,0.0,0.067,0.533,0.466,1.0,0.0,0.333,0.667,0.75,0.0
Juan Nuñez,Available,BAL,Carolina League,A,Yes,25.0,,1.0,9.0,1.0,87.3,68.9,583.6,134.7,1.06,167.5,105.8357096627216,138.6,1.0,0.0,0.0,0.0,1.0,0.0,1.0,2.0,0.0,0.0,0.0,0.667,0.667,1.0,0.0,0.0,1.0,0.0,0.0
Luis Velasquez,Available,NYY,Florida State League,A,No,24.0,,2.0,17.9,1.2,91.4,149.2,380.6,136.7,1.49,158.1,141.55412971149633,134.6,1.5,1.0,0.0,0.0,0.0,0.0,2.3,5.0,0.43,0.0,0.111,0.556,0.445,1.0,0.0,0.5,0.5,0.0,0.0
Dylan Tebrake,Available,WSH,Carolina League,A,Yes,26.0,,1.0,8.8,1.0,83.9,67.0,437.5,134.7,2.46,163.8,134.52508271048788,134.3,2.0,0.0,0.0,0.0,0.0,0.0,1.0,2.0,1.0,0.5,0.0,0.5,0.5,1.0,0.0,0.0,1.0,0.5,0.0
Seong-Jun Kim,Available,TEX,Carolina League,A,Yes,19.0,,3.0,13.5,2.0,114.9,103.3,131.2,134.7,3.73,133.1,115.59963996503974,130.9,1.0,0.0,0.0,0.0,3.0,0.0,6.0,8.0,1.0,0.143,0.25,0.4,0.15,1.0,0.0,0.857,0.143,0.0,0.0
Mikey Cascino,Available,LAA,California League,A,Yes,19.0,,1.0,25.2,3.3,115.2,206.1,314.8,110.5,3.19,130.7,94.48211333053692,129.4,3.0,0.0,0.0,0.0,1.0,0.0,3.3,6.0,0.9,0.333,0.077,0.462,0.385,0.833,0.167,0.333,0.5,1.0,0.0
Joe Ariola,Available,ARI,California League,A,No,22.0,,6.0,17.1,2.0,99.5,139.8,302.5,123.3,2.9,140.5,108.83250125918713,127.3,7.3,0.0,0.0,0.0,0.0,0.0,12.0,23.0,0.75,0.176,0.13,0.5,0.37,0.929,0.071,0.5,0.429,0.333,0.0
Briggs McKenzie,Available,ATL,Carolina League,A,No,19.0,,1.0,38.5,5.0,114.9,294.7,360.5,101.1,1.62,127.0,123.3432220150047,126.8,2.0,0.0,0.0,0.0,1.0,0.0,5.0,8.0,0.4,0.125,0.059,0.471,0.412,0.75,0.25,0.5,0.25,0.0,0.0
Carlos Mateo,Available,PIT,Florida State League,A,Yes,20.0,,6.0,12.8,1.5,109.7,106.4,308.8,111.8,2.55,131.2,82.63924988782193,126.7,3.3,1.0,0.0,2.0,0.0,0.0,9.0,17.0,0.89,0.25,0.111,0.472,0.361,0.818,0.091,0.636,0.273,0.0,0.333
Fenuel James,Available,CHC,Carolina League,A,Yes,23.0,,2.0,22.2,3.0,94.9,170.3,262.5,123.6,2.99,136.8,85.29680944775174,122.3,5.0,0.0,0.0,0.0,0.0,0.0,6.0,7.0,0.33,0.083,0.05,0.35,0.3,0.917,0.083,0.5,0.417,0.0,0.0
Luis Martinez-Gomez,Available,CHC,Carolina League,A,No,23.0,,1.0,46.5,6.0,94.9,356.0,249.4,123.4,3.26,135.3,96.1855632942731,121.3,4.0,1.0,0.0,0.0,1.0,0.0,6.0,7.0,0.33,0.083,0.048,0.333,0.285,0.916,0.083,0.583,0.333,0.75,0.0
Carlos Rodriguez,Available,DET,Florida State League,A,Yes,20.0,,7.0,11.6,2.1,109.7,97.2,159.1,119.6,3.73,123.0,91.17336968461552,121.3,11.6,0.0,0.0,2.4,2.0,0.0,15.0,14.0,0.93,0.262,0.051,0.237,0.186,0.875,0.125,0.6,0.275,0.091,0.0
Daniel Guerra,Available,TOR,Florida State League,A,No,22.0,,1.0,24.5,3.3,99.7,204.4,285.7,113.9,3.18,130.6,122.61642023265112,120.9,3.0,0.0,0.0,0.0,1.0,0.0,3.3,5.0,0.6,0.167,0.083,0.417,0.334,0.833,0.167,0.333,0.5,0.333,0.0
Jeremiah Estrada,Available,SD,California League,A,No,27.0,,1.0,14.0,1.0,81.1,114.3,272.3,132.7,5.69,145.7,78.03236298144273,120.6,2.0,1.0,0.0,0.0,0.0,0.0,1.0,1.0,0.0,0.0,0.0,0.333,0.333,1.0,0.0,0.0,1.0,0.5,0.0
Daison Acosta,Available,SD,California League,A,No,27.0,,2.0,12.9,1.3,81.1,105.1,272.3,132.7,3.15,145.7,115.82877600257434,120.6,1.0,0.0,0.0,0.0,0.0,0.0,2.7,4.0,0.37,0.0,0.111,0.444,0.333,1.0,0.0,0.75,0.25,0.0,0.0
Alberto Toribio,Available,KC,Carolina League,A,Yes,19.0,,1.0,18.0,3.0,114.9,137.8,134.7,115.5,3.93,116.9,92.2016483633891,120.1,2.0,0.0,0.0,3.0,0.0,0.0,3.0,4.0,1.33,0.286,0.154,0.308,0.154,0.857,0.143,0.571,0.286,0.0,0.0
Michael Walsh,Available,PIT,Florida State League,A,No,25.0,,3.0,11.9,1.7,87.8,99.4,320.7,119.6,2.24,139.2,101.66308580506232,120.0,2.0,0.0,0.0,0.0,0.0,0.0,5.0,7.0,0.2,0.0,0.063,0.438,0.375,0.875,0.125,0.625,0.25,0.5,0.0
Jake Miller,Available,DET,Florida State League,A,No,25.0,,2.0,14.6,2.5,87.8,122.0,189.9,136.7,3.38,139.0,103.20876950045027,119.9,3.0,0.0,0.0,0.0,2.0,0.0,5.0,5.0,0.6,0.167,0.056,0.278,0.222,1.0,0.0,0.75,0.25,0.333,0.0
Manuel Rodríguez,Available,TBR,Carolina League,A,No,29.0,,1.0,6.0,1.0,75.2,45.9,291.4,134.7,1.66,149.2,50.491136760453614,119.7,0.0,0.0,0.0,0.0,1.0,0.0,1.0,1.0,0.0,0.0,0.0,0.333,0.333,1.0,0.0,1.0,0.0,0.0,0.0
Kevin Verde,Available,NYY,Florida State League,A,No,20.0,,1.0,1.0,0.3,109.7,8.3,0.0,136.7,8.79,120.0,40.75934946045636,119.3,1.0,0.0,0.0,0.0,0.0,0.0,0.3,0.0,0.0,0.0,0.0,0.0,0.0,1.0,0.0,0.0,1.0,0.0,0.0
Neiker Palacios,Available,ARI,California League,A,Yes,19.0,,2.0,21.8,3.0,115.2,177.5,219.9,102.2,4.5,113.9,105.26802418830717,118.3,4.0,0.0,0.0,0.0,2.0,0.0,6.0,9.0,1.0,0.308,0.077,0.346,0.269,0.77,0.231,0.462,0.308,0.5,0.0
Ross Dunn,Available,MIN,Florida State League,A,No,24.0,,1.0,7.0,1.0,91.4,58.4,122.3,136.7,3.77,132.2,124.27347640428437,117.4,0.0,0.0,0.0,18.0,1.0,0.0,1.0,3.0,4.0,1.0,0.286,0.429,0.143,1.0,0.0,1.0,0.0,0.0,0.0
Isaias Uribe,Available,PIT,Florida State League,A,No,23.0,,4.0,9.5,1.5,95.4,79.3,178.8,124.2,4.0,129.0,116.43107439385624,117.4,2.4,0.0,0.0,0.0,0.0,0.0,6.0,7.0,0.67,0.154,0.083,0.292,0.209,0.909,0.091,0.727,0.182,0.0,0.0
Josh Owens,Available,TEX,Carolina League,A,Yes,19.0,,2.0,11.5,2.0,114.9,88.0,188.1,104.7,3.46,112.9,102.326715593842,117.4,3.0,0.0,0.0,0.0,2.0,0.0,4.0,4.0,1.0,0.333,0.071,0.286,0.215,0.777,0.222,0.444,0.333,0.0,0.0
Ricky Tiedemann,Available,TOR,Florida State League,A,No,23.0,,2.0,7.4,1.0,95.4,61.5,366.9,102.5,0.77,128.9,107.21656774501125,117.3,0.0,0.0,0.0,0.0,0.0,0.0,2.0,3.0,0.5,0.25,0.0,0.429,0.429,0.75,0.25,0.75,0.0,0.0,0.0
Sann Omosako,Available,TOR,Florida State League,A,Yes,20.0,,2.0,24.6,4.5,109.7,205.5,248.0,102.5,3.26,117.0,99.4658189332269,117.3,8.4,0.0,1.0,1.0,1.0,0.0,9.0,9.0,0.33,0.095,0.0,0.29,0.29,0.75,0.2,0.4,0.4,0.5,0.125
Sadbiel Delzine,Lászlaró Tóth (MINORS),BOS,Carolina League,A,Yes,18.0,,7.0,22.5,3.6,121.2,172.0,252.0,90.6,2.52,107.0,111.96446675072508,117.0,16.3,0.0,1.0,2.52,7.0,0.0,25.0,36.0,1.08,0.322,0.058,0.346,0.288,0.672,0.293,0.431,0.276,0.125,0.125
Adriano Marrero,Available,LAD,California League,A,Yes,18.0,,1.0,5.8,2.0,121.6,46.9,-116.9,132.7,6.73,106.7,94.99150004176067,117.0,1.0,0.0,0.0,0.0,1.0,0.0,2.0,0.0,0.5,0.0,0.143,0.0,-0.143,1.0,0.0,0.833,0.167,1.0,0.0
Landon Harmon,Available,WSH,Carolina League,A,Yes,19.0,,12.0,17.9,3.3,114.9,137.0,125.1,110.6,3.91,111.8,105.5414432418741,116.6,25.2,1.0,1.0,1.6,12.0,0.0,39.3,38.0,0.94,0.198,0.105,0.248,0.143,0.821,0.158,0.579,0.263,0.2,0.08
Kelvis Salcedo,Available,DET,Florida State League,A,Yes,20.0,,12.0,18.7,3.0,109.7,156.3,247.2,100.9,2.46,115.5,50.491136760453614,116.3,15.6,0.0,3.0,3.53,10.0,0.0,35.7,54.0,1.15,0.337,0.066,0.355,0.289,0.738,0.225,0.588,0.188,0.4,0.2
Juan Reyes,Available,WSH,Carolina League,A,Yes,21.0,,6.0,26.0,3.9,103.9,198.7,202.1,110.0,3.66,119.0,110.7536068183953,115.4,24.6,3.0,0.0,1.52,5.0,0.0,23.7,25.0,0.89,0.254,0.044,0.275,0.231,0.817,0.15,0.433,0.417,0.24,0.08
Harrison Bodendorf,Available,CLE,Carolina League,A,No,22.0,,7.0,27.8,4.4,99.2,213.0,206.5,112.3,3.32,121.4,101.47404421796044,114.4,23.7,0.0,0.0,2.35,6.0,0.0,30.7,43.0,1.08,0.277,0.114,0.35,0.236,0.834,0.152,0.485,0.364,0.167,0.042
Adrian Ardines,Available,HOU,Carolina League,A,Yes,19.0,,5.0,22.2,3.9,114.9,169.9,151.4,103.4,3.65,108.1,109.99297607305664,114.2,12.3,0.0,1.0,5.03,5.0,0.0,19.7,28.0,1.42,0.295,0.149,0.322,0.173,0.767,0.186,0.535,0.279,0.083,0.167
Daniel Brooks,Available,ATL,Carolina League,A,No,23.0,,13.0,20.3,2.1,94.9,155.3,334.2,101.1,1.95,124.4,94.30591648367589,114.0,17.0,2.0,0.0,0.65,1.0,3.0,27.7,46.0,0.76,0.271,0.069,0.451,0.382,0.75,0.229,0.417,0.354,0.294,0.059
Branneli Franco,Available,STL,Florida State League,A,Yes,19.0,,4.0,19.9,3.8,115.5,166.4,129.1,104.9,5.0,107.2,76.02762797358096,113.9,14.3,0.0,1.0,3.0,2.0,0.0,15.0,15.0,1.13,0.256,0.076,0.227,0.151,0.767,0.167,0.467,0.367,0.0,0.182
Jonathan Rosario,Available,MIA,Florida State League,A,Yes,19.0,,8.0,5.3,1.1,115.5,44.6,59.9,112.5,6.62,106.9,102.16070151740476,113.7,3.8,0.0,1.0,5.19,0.0,0.0,8.7,12.0,1.73,0.313,0.209,0.279,0.07,0.823,0.118,0.647,0.235,0.5,0.25
Kaleb Wing,Available,CHC,Carolina League,A,Yes,19.0,,6.0,16.9,2.7,114.9,129.2,144.4,103.1,4.49,107.1,100.90245648541588,113.5,14.4,0.0,2.0,2.76,6.0,0.0,16.3,24.0,1.41,0.314,0.164,0.329,0.165,0.765,0.235,0.353,0.412,0.286,0.0
Braydon Risley,Available,PIT,Florida State League,A,No,21.0,,2.0,9.2,1.7,104.5,77.2,233.5,102.5,2.47,115.6,60.48468916834379,113.4,1.0,0.0,0.0,0.0,0.0,0.0,3.3,3.0,0.6,0.25,0.0,0.273,0.273,0.75,0.25,0.625,0.125,0.0,0.0
Bryan Salgado,Not in Fantrax,CIN,Florida State League,A,Yes,19.0,,2.0,27.1,3.3,115.5,226.3,239.5,91.1,2.62,106.2,99.903578913402,113.3,1.8,1.0,0.0,1.35,0.0,0.0,6.7,10.0,1.05,0.273,0.12,0.4,0.28,0.666,0.25,0.583,0.167,0.5,0.5
Ixan Henderson,Available,STL,Florida State League,A,No,24.0,,2.0,19.8,3.7,91.4,164.8,197.6,117.1,3.69,124.6,42.75105015343483,112.3,4.6,0.0,1.0,3.68,2.0,0.0,7.3,9.0,0.82,0.154,0.115,0.346,0.231,0.857,0.071,0.571,0.357,0.2,0.2
Rafael Arias,Not in Fantrax,NYY,Florida State League,A,Yes,22.0,,8.0,12.1,1.8,99.7,100.9,244.6,103.7,3.37,117.7,94.92449775142282,112.2,7.7,1.0,0.0,3.21,0.0,0.0,14.0,20.0,0.93,0.286,0.071,0.357,0.286,0.759,0.207,0.517,0.276,0.25,0.125
Edgar Gallegos,Not in Fantrax,TOR,Florida State League,A,Yes,20.0,,1.0,26.8,3.0,109.7,223.2,171.1,102.5,4.11,109.3,85.04805431191397,112.2,3.0,0.0,0.0,0.0,0.0,1.0,3.0,2.0,0.33,0.125,0.0,0.2,0.2,0.75,0.25,0.375,0.375,0.0,0.0
Joe Ruzicka,Available,DET,Florida State League,A,Yes,22.0,,8.0,7.8,1.4,99.7,64.7,82.1,122.1,5.13,117.4,138.18263743943209,112.1,7.7,0.0,0.0,6.35,0.0,0.0,11.3,14.0,1.41,0.222,0.173,0.269,0.096,0.893,0.071,0.643,0.286,0.5,0.125
Austin Brown,Available,NYM,Florida State League,A,Yes,21.0,,3.0,13.0,2.1,104.5,108.5,153.1,109.3,4.52,113.4,128.96211516743946,112.0,7.9,0.0,1.0,0.0,0.0,0.0,6.3,8.0,1.26,0.294,0.107,0.286,0.179,0.8,0.2,0.333,0.467,0.429,0.0
Dylan Mathiesen,Available,PIT,Florida State League,A,Yes,22.0,,8.0,8.8,1.4,99.7,73.8,142.8,114.8,4.78,117.2,50.491136760453614,111.9,12.0,1.0,0.0,1.64,0.0,0.0,11.0,12.0,0.82,0.16,0.119,0.286,0.167,0.84,0.16,0.36,0.48,0.333,0.0
Juan Fraide,Available,HOU,Carolina League,A,Yes,20.0,,14.0,28.0,4.5,109.1,214.1,152.2,104.7,4.19,109.4,113.93271561959644,111.9,58.4,6.0,2.0,2.89,9.0,1.0,62.3,69.0,1.12,0.266,0.093,0.267,0.174,0.777,0.19,0.431,0.379,0.259,0.086
Javier González,Available,BAL,Carolina League,A,Yes,20.0,,10.0,7.0,1.1,109.1,53.2,93.6,111.1,5.62,109.1,104.40631415964494,111.7,17.6,0.0,1.0,5.56,0.0,2.0,11.3,9.0,1.59,0.308,0.054,0.161,0.107,0.825,0.1,0.45,0.45,0.222,0.167
Diustin Mayorquin,Available,MIL,Carolina League,A,Yes,18.0,,9.0,16.8,3.8,121.2,128.4,67.4,102.7,5.21,99.1,101.17991170981722,111.7,42.2,3.0,3.0,5.5,4.0,0.0,34.3,26.0,1.28,0.253,0.104,0.181,0.077,0.762,0.198,0.376,0.426,0.419,0.093
Yeraldo Salcedo,Available,PIT,Florida State League,A,Yes,19.0,,18.0,10.5,2.2,115.5,87.3,103.5,103.9,5.7,103.8,113.31954856725432,111.6,49.1,1.0,3.0,5.03,0.0,0.0,39.3,46.0,1.55,0.304,0.132,0.253,0.121,0.76,0.183,0.337,0.481,0.26,0.12
Zeke Wood,Available,STL,Florida State League,A,No,26.0,,9.0,10.7,1.2,84.4,89.0,397.7,98.6,1.75,128.6,118.23978210108888,111.1,7.5,2.0,2.0,3.37,0.0,0.0,10.7,22.0,0.94,0.412,0.047,0.512,0.465,0.722,0.222,0.333,0.444,0.125,0.125
Joseph King,Available,STL,Florida State League,A,No,25.0,,5.0,14.6,1.7,87.8,121.4,285.7,108.0,2.05,125.5,100.87870681626951,110.9,4.2,1.0,0.0,3.24,0.0,0.0,8.3,12.0,1.08,0.4,0.03,0.364,0.334,0.79,0.211,0.579,0.211,0.0,0.0
Estibenzon Jimenez,Available,PHI,Florida State League,A,No,24.0,,2.0,13.4,2.0,91.4,111.6,266.8,106.3,1.94,122.2,127.175664002225,110.7,1.0,0.0,0.0,2.25,0.0,0.0,4.0,6.0,1.25,0.444,0.063,0.375,0.312,0.778,0.222,0.667,0.111,0.0,0.0
Marco Vega,Available,LAA,California League,A,Yes,21.0,,11.0,8.3,1.2,104.2,67.5,139.0,109.0,5.46,111.7,115.19675538556749,110.7,13.0,0.0,0.0,1.42,0.0,0.0,12.7,16.0,0.95,0.143,0.132,0.302,0.17,0.821,0.143,0.393,0.464,0.385,0.077
Argenis Cayama,Available,SF,California League,A,Yes,19.0,,15.0,22.5,3.8,115.2,183.6,188.1,92.6,3.91,102.4,106.04436581793664,110.6,33.8,4.0,2.0,4.87,15.0,0.0,57.3,73.0,1.29,0.354,0.07,0.3,0.23,0.698,0.262,0.503,0.235,0.086,0.171
Samir Chires,Not in Fantrax,SFG,California League,A,No,22.0,,15.0,12.3,1.6,99.5,100.8,191.3,106.7,4.36,114.9,122.23102054804733,110.3,23.0,2.0,1.0,1.82,0.0,3.0,24.7,27.0,0.85,0.246,0.053,0.287,0.234,0.804,0.18,0.443,0.377,0.13,0.043
Leodarlyn Colon,Not in Fantrax,WSN,Carolina League,A,Yes,21.0,,14.0,6.9,1.3,103.9,53.2,43.7,119.1,6.18,111.0,115.49246504560902,110.1,23.4,1.0,0.0,3.44,2.0,0.0,18.3,14.0,1.25,0.245,0.123,0.173,0.05,0.884,0.115,0.442,0.442,0.348,0.0
Miguel Toscano,Available,TB,Carolina League,A,Yes,20.0,,5.0,18.1,3.8,109.1,138.9,79.6,110.0,4.54,106.6,100.29326437488344,110.1,17.0,3.0,0.0,4.26,1.0,0.0,19.0,11.0,1.11,0.267,0.052,0.143,0.091,0.816,0.167,0.55,0.283,0.118,0.059
Jesus Colina,Available,CIN,Florida State League,A,Yes,21.0,,9.0,12.2,1.5,104.5,102.0,171.1,103.7,4.66,110.4,114.97417158419282,110.0,15.5,1.0,0.0,4.05,0.0,3.0,13.3,15.0,1.05,0.25,0.1,0.3,0.2,0.759,0.172,0.276,0.552,0.313,0.125
Rocco Reid,Available,ARI,California League,A,No,23.0,,4.0,18.4,1.5,95.2,150.5,426.8,83.0,1.9,117.9,106.65874198199336,109.9,2.6,1.0,0.0,1.5,0.0,1.0,6.0,13.0,0.83,0.429,0.043,0.565,0.522,0.625,0.25,0.375,0.375,0.0,0.333
Jayden Dubanewicz,Available,MIL,Carolina League,A,No,20.0,,5.0,21.1,3.2,109.1,161.9,154.9,101.1,4.22,106.5,120.92700879440667,109.9,14.6,1.0,0.0,2.25,4.0,0.0,16.0,21.0,1.31,0.286,0.132,0.309,0.177,0.751,0.194,0.389,0.417,0.333,0.133
Matthew Fisher,Available,PHI,Florida State League,A,Yes,20.0,,9.0,20.9,3.7,109.7,174.8,152.2,100.3,4.89,105.5,106.66027276244633,109.6,35.8,2.0,1.0,3.82,8.0,0.0,33.0,38.0,1.27,0.299,0.082,0.26,0.178,0.734,0.222,0.367,0.411,0.189,0.108
Melvin Rodriguez,Available,MIN,Florida State League,A,Yes,20.0,,8.0,5.5,1.5,109.7,46.2,141.1,101.5,4.75,105.4,108.07346388698282,109.6,10.0,0.0,2.0,12.75,0.0,0.0,12.0,19.0,2.08,0.429,0.119,0.284,0.165,0.743,0.2,0.514,0.286,0.4,0.2
Luichi Casilla,Available,COL,California League,A,Yes,21.0,,6.0,23.3,3.4,104.2,190.1,244.5,94.8,3.2,109.9,110.37582826553556,109.5,10.2,0.0,1.0,3.1,6.0,0.0,20.3,34.0,1.23,0.372,0.092,0.391,0.299,0.714,0.262,0.5,0.238,0.2,0.1
Jake Barbee,Available,TEX,Carolina League,A,Yes,19.0,,3.0,20.4,3.1,114.9,156.3,89.2,102.4,4.15,101.0,97.90309978459284,109.5,4.2,1.0,0.0,3.86,0.0,1.0,9.3,8.0,1.18,0.269,0.103,0.205,0.102,0.76,0.24,0.6,0.16,0.5,0.0
Giovanni Vargas,Available,STL,Florida State League,A,Yes,20.0,,1.0,16.2,2.0,109.7,135.6,0.0,117.1,5.95,104.9,90.97242013449832,109.2,2.0,1.0,0.0,0.0,0.0,0.0,2.0,1.0,1.5,0.286,0.111,0.111,0.0,0.857,0.143,0.571,0.286,0.0,0.0
Dioris Martinez,Available,PIT,Florida State League,A,Yes,20.0,,10.0,7.6,1.5,109.7,63.6,39.3,112.6,5.46,104.9,89.08941665929947,109.2,8.2,0.0,0.0,2.4,0.0,0.0,15.0,15.0,1.53,0.286,0.185,0.231,0.046,0.824,0.147,0.618,0.235,0.5,0.125
Mikey Tepper,Available,WSH,Carolina League,A,No,24.0,,5.0,21.9,3.4,90.9,167.6,155.7,116.8,3.61,120.2,104.6166835228211,109.1,13.3,1.0,0.0,1.06,5.0,0.0,17.0,20.0,1.29,0.326,0.096,0.274,0.178,0.867,0.133,0.578,0.289,0.231,0.0
Luis Maracara,Available,SD,California League,A,Yes,18.0,,10.0,14.9,2.9,121.6,121.4,98.9,94.0,6.3,94.7,92.73163778561992,109.0,31.6,2.0,2.0,7.22,8.0,0.0,28.7,36.0,1.57,0.304,0.15,0.271,0.121,0.709,0.236,0.306,0.458,0.242,0.121
Manuel Colon,Not in Fantrax,KCR,Carolina League,A,Yes,19.0,,2.0,5.0,1.0,114.9,38.3,-73.5,119.8,7.76,99.8,103.89952849084148,108.7,3.0,0.0,0.0,13.5,0.0,1.0,2.0,1.0,3.0,0.444,0.167,0.083,-0.084,0.889,0.111,0.556,0.333,0.0,0.0
Davidxon Lara,Available,MIA,Florida State League,A,Yes,19.0,,13.0,11.2,1.5,115.5,93.4,118.9,96.8,4.61,99.1,95.94718426514636,108.6,15.3,2.0,0.0,3.15,0.0,2.0,20.0,20.0,1.1,0.217,0.114,0.253,0.139,0.708,0.229,0.438,0.333,0.25,0.188
Gensi Angeles,Available,ATL,Carolina League,A,Yes,18.0,,6.0,10.0,2.8,121.2,76.2,87.5,95.1,5.01,94.4,102.78416005474978,108.6,15.3,1.0,2.0,7.94,3.0,0.0,17.0,14.0,1.47,0.288,0.075,0.175,0.1,0.706,0.216,0.49,0.294,0.133,0.267
Anhuar Garcia,Available,CHC,Carolina League,A,No,22.0,,11.0,15.4,2.3,99.2,117.8,194.2,103.4,3.51,112.4,112.0673641931376,108.5,17.0,1.0,0.0,2.49,3.0,1.0,25.3,31.0,0.91,0.189,0.091,0.313,0.222,0.768,0.161,0.518,0.321,0.222,0.222
Wilmis Paulino,Available,COL,California League,A,Yes,20.0,,8.0,10.5,1.8,109.4,86.0,152.1,98.6,5.85,104.0,119.8555991744359,108.5,17.5,0.0,0.0,7.98,0.0,1.0,14.7,20.0,1.57,0.333,0.1,0.286,0.186,0.743,0.154,0.359,0.487,0.158,0.211
Anthony Mena,Not in Fantrax,NYY,Florida State League,A,Yes,21.0,,5.0,17.2,3.3,104.5,143.5,118.0,107.0,4.45,107.9,102.10163741465252,108.3,14.3,2.0,0.0,1.65,1.0,0.0,16.3,10.0,0.73,0.182,0.034,0.172,0.138,0.783,0.174,0.5,0.326,0.2,0.133
Brandon Barriera,Available,TOR,Florida State League,A,No,22.0,,12.0,12.2,2.7,99.7,101.7,65.0,117.4,4.92,111.6,140.5753093744454,108.2,15.0,0.0,3.0,4.22,12.0,0.0,32.0,33.0,1.59,0.329,0.153,0.229,0.076,0.859,0.113,0.704,0.183,0.385,0.154
Ryjeteri Merite,Available,CIN,Florida State League,A,Yes,20.0,,5.0,13.8,2.4,109.7,115.6,167.6,96.1,4.08,103.4,113.6863350988479,108.2,9.6,0.0,1.0,4.5,5.0,0.0,12.0,17.0,1.25,0.269,0.137,0.333,0.196,0.703,0.259,0.37,0.37,0.4,0.1
Hendry Chivilli,Available,MIN,Florida State League,A,Yes,20.0,,15.0,10.1,2.2,109.7,84.6,104.3,103.4,5.03,103.4,107.85525071112488,108.2,32.0,2.0,1.0,5.35,3.0,1.0,33.7,26.0,1.31,0.298,0.054,0.176,0.122,0.756,0.196,0.495,0.308,0.212,0.152
Berny Ortiz,Available,BOS,Carolina League,A,Yes,20.0,,5.0,13.1,3.1,109.1,100.3,119.0,101.9,4.54,103.5,100.00498238222016,108.0,17.4,0.0,2.0,4.02,3.0,0.0,15.7,14.0,1.15,0.283,0.076,0.212,0.136,0.756,0.244,0.378,0.378,0.353,0.0
Frenny Grant,Available,DET,Florida State League,A,Yes,22.0,,7.0,17.2,1.9,99.7,143.6,253.2,95.0,2.72,111.0,104.22635301899204,107.8,5.0,1.0,0.0,1.38,0.0,1.0,13.0,23.0,1.08,0.304,0.13,0.426,0.296,0.695,0.304,0.478,0.217,0.4,0.0
Orlando Gonzalez,Available,PHI,Florida State League,A,Yes,23.0,,10.0,13.1,1.8,95.4,109.1,222.4,102.4,3.55,114.4,114.01090802377908,107.6,11.7,2.0,0.0,3.57,0.0,0.0,17.7,27.0,1.19,0.343,0.11,0.37,0.26,0.749,0.222,0.444,0.333,0.167,0.083
Josehp Marte,Available,LAD,California League,A,Yes,21.0,,5.0,7.2,1.5,104.2,58.8,0.0,119.4,6.62,106.9,109.48157927803612,107.5,3.1,0.0,1.0,3.52,0.0,0.0,7.7,6.0,1.57,0.238,0.167,0.167,0.0,0.9,0.05,0.8,0.15,0.333,0.333
Hendrick Caña,Available,STL,Florida State League,A,Yes,18.0,,1.0,24.8,2.7,121.9,206.5,0.0,102.5,7.02,92.2,94.88582784772171,107.5,1.0,1.0,0.0,3.37,0.0,0.0,2.7,4.0,1.87,0.25,0.308,0.308,0.0,0.75,0.25,0.5,0.25,1.0,0.0
Brian Hendry,Available,NYY,Florida State League,A,No,26.0,,3.0,14.1,1.8,84.4,117.5,89.8,127.7,5.41,123.0,138.5666786839547,107.4,7.0,0.0,0.0,0.0,0.0,1.0,5.3,3.0,0.56,0.133,0.053,0.158,0.105,0.934,0.067,0.467,0.467,0.143,0.0
Victor Espiritu,Available,TOR,Florida State League,A,Yes,21.0,,2.0,11.9,1.2,104.5,99.1,320.7,82.0,2.63,106.4,96.39474454365686,107.4,2.0,1.0,0.0,0.0,1.0,0.0,2.3,3.0,0.43,0.2,0.0,0.375,0.375,0.6,0.4,0.2,0.4,0.5,0.0
Yoesmerli Beltre,Not in Fantrax,SDP,California League,A,Yes,20.0,,18.0,7.2,1.3,109.4,58.6,76.9,105.4,6.38,102.4,103.05479333812288,107.4,26.3,1.0,0.0,5.09,0.0,2.0,23.0,19.0,1.52,0.31,0.084,0.178,0.094,0.794,0.151,0.479,0.37,0.185,0.148
Kifraidy Encarnacion,Available,MIA,Florida State League,A,Yes,20.0,,3.0,6.0,1.1,109.7,50.1,0.0,113.9,8.48,102.1,102.58374070652404,107.3,3.3,0.0,1.0,8.1,0.0,0.0,3.3,6.0,2.4,0.2,0.316,0.316,0.0,0.833,0.0,0.333,0.667,0.25,0.25
Lan-Hong Su,Available,SD,California League,A,Yes,19.0,,11.0,14.6,2.9,115.2,119.3,192.1,86.3,4.8,97.3,118.51110842412348,107.2,29.6,0.0,4.0,5.63,11.0,0.0,32.0,41.0,1.28,0.338,0.066,0.301,0.235,0.65,0.263,0.338,0.4,0.188,0.219
Brian Holiday,Available,STL,Florida State League,A,No,23.0,,12.0,21.8,4.2,95.4,182.2,201.0,103.4,3.51,113.1,120.90766563460916,106.8,41.8,1.0,1.0,5.33,12.0,0.0,50.7,60.0,1.26,0.338,0.047,0.282,0.235,0.757,0.179,0.507,0.314,0.091,0.205
Anderson Cardenas,Available,ARI,California League,A,Yes,20.0,,7.0,17.5,2.8,109.4,143.1,148.8,95.9,4.68,101.3,119.68272710540197,106.7,16.7,0.0,3.0,3.66,4.0,1.0,19.7,27.0,1.47,0.347,0.125,0.307,0.182,0.723,0.255,0.404,0.34,0.313,0.063
Ryan McDonagh,Available,KC,Carolina League,A,Yes,20.0,,12.0,17.9,3.8,109.1,137.2,93.6,102.2,5.4,101.3,104.55462455742536,106.5,59.9,2.0,5.0,5.09,12.0,0.0,46.0,46.0,1.22,0.202,0.128,0.235,0.107,0.758,0.175,0.3,0.525,0.286,0.127
Emilio Ramos,Available,CHC,Carolina League,A,Yes,20.0,,9.0,8.8,2.6,109.1,67.2,0.0,113.0,6.31,101.3,102.51418606828491,106.5,21.7,1.0,4.0,7.61,4.0,0.0,23.7,20.0,1.86,0.328,0.177,0.177,0.0,0.839,0.132,0.544,0.324,0.318,0.091
Yoendris Gonzalez,Available,CHC,Carolina League,A,No,23.0,,9.0,18.6,2.3,94.9,142.3,284.4,93.6,2.61,112.9,95.38518955719584,106.4,14.4,1.0,0.0,2.21,1.0,1.0,20.3,34.0,0.93,0.297,0.1,0.425,0.325,0.695,0.306,0.306,0.389,0.357,0.0
Jackson Jobe,The Hot and Steamy Boys (MINORS),DET,Florida State League,A,No,23.0,,1.0,4.5,1.3,95.4,37.5,142.8,109.3,3.53,112.4,137.07262518796202,106.4,1.0,0.0,0.0,6.75,1.0,0.0,1.3,1.0,1.5,0.4,0.0,0.167,0.167,0.8,0.2,0.6,0.2,0.0,0.0
Denis Samudio,Available,TOR,Carolina League,A,Yes,21.0,,4.0,19.9,3.5,103.9,152.1,135.6,102.0,4.35,105.3,110.96123494448248,106.3,13.1,1.0,1.0,4.5,2.0,0.0,14.0,17.0,1.29,0.258,0.138,0.293,0.155,0.757,0.182,0.394,0.424,0.0,0.143
Zack Qin,Available,SD,California League,A,Yes,20.0,,11.0,10.8,2.7,109.4,88.5,72.8,104.0,6.25,100.8,117.19314902317316,106.3,36.3,1.0,2.0,6.9,1.0,0.0,30.0,29.0,1.63,0.321,0.126,0.215,0.089,0.784,0.159,0.409,0.432,0.211,0.132
Owen Hall,Available,DET,Florida State League,A,Yes,20.0,,7.0,14.7,2.4,109.7,122.5,135.1,96.6,4.28,100.5,100.14628148055384,106.3,10.7,1.0,1.0,6.48,0.0,0.0,16.7,23.0,1.62,0.375,0.145,0.303,0.158,0.707,0.268,0.463,0.268,0.455,0.091
Yermain Ruiz,Available,BOS,Carolina League,A,Yes,20.0,,17.0,13.6,2.5,109.1,104.5,109.4,99.9,4.9,100.9,102.1058081208842,106.2,44.6,3.0,4.0,7.29,0.0,2.0,42.0,49.0,1.71,0.387,0.121,0.246,0.125,0.741,0.242,0.383,0.375,0.2,0.044
Jubrayker Salaya,Available,CHC,Carolina League,A,Yes,19.0,,4.0,11.3,2.8,114.9,86.6,52.5,101.1,5.18,96.2,104.739921407492,106.2,8.0,0.0,2.0,6.35,4.0,0.0,11.3,12.0,1.68,0.357,0.18,0.24,0.06,0.75,0.25,0.464,0.286,0.625,0.0
Tyler Gough,Available,LAD,California League,A,No,22.0,,5.0,24.1,4.1,99.5,197.1,178.2,100.9,4.55,108.6,153.90886795990892,106.0,21.2,1.0,0.0,1.33,5.0,0.0,20.3,21.0,0.84,0.245,0.051,0.269,0.218,0.76,0.24,0.36,0.4,0.6,0.0
Florangel Vasquez,Not in Fantrax,SDP,California League,A,No,20.0,,7.0,9.1,2.0,109.4,74.0,92.4,101.1,6.32,100.2,103.56176551911496,105.9,18.1,1.0,1.0,4.61,0.0,0.0,13.7,13.0,1.46,0.3,0.097,0.21,0.113,0.762,0.19,0.357,0.452,0.211,0.105
Francisco Morao,Available,BAL,Carolina League,A,Yes,20.0,,7.0,13.1,3.1,109.1,100.6,77.9,102.8,5.31,100.3,115.89672753878126,105.8,21.6,0.0,1.0,6.65,2.0,0.0,21.7,23.0,1.57,0.293,0.139,0.228,0.089,0.763,0.186,0.441,0.373,0.273,0.136
Fidel Montero,Available,CHW,Carolina League,A,Yes,22.0,,4.0,15.2,2.7,99.2,116.7,136.5,105.3,4.58,108.3,106.04118234003582,105.7,12.4,2.0,0.0,3.37,0.0,0.0,10.7,8.0,1.12,0.303,0.022,0.178,0.156,0.782,0.188,0.438,0.375,0.083,0.083
Juan Amarante,Available,PHI,Florida State League,A,No,22.0,,2.0,2.4,0.7,99.7,19.8,94.9,109.3,5.53,107.6,131.3123362874462,105.5,2.4,0.0,0.0,13.5,0.0,0.0,1.3,2.0,3.75,0.667,0.111,0.222,0.111,0.8,0.2,0.4,0.4,0.0,0.0
Gerardo Lopez,Available,PHI,Florida State League,A,No,20.0,,1.0,14.8,2.0,109.7,123.1,366.9,68.3,1.61,99.2,99.17878599795398,105.4,1.0,0.0,0.0,0.0,0.0,0.0,2.0,3.0,0.5,0.25,0.0,0.429,0.429,0.5,0.5,0.25,0.25,0.0,0.0
Luis Gamez,Available,LAD,California League,A,Yes,19.0,,8.0,22.2,3.9,115.2,181.6,107.1,93.0,5.84,94.6,110.07877032027253,105.4,29.7,2.0,0.0,4.31,3.0,0.0,31.3,36.0,1.28,0.239,0.146,0.277,0.131,0.701,0.229,0.329,0.443,0.226,0.161
Giacomo Taschin,Available,TOR,Florida State League,A,Yes,19.0,,9.0,13.5,3.3,115.5,112.9,106.9,92.8,5.32,94.4,122.0324219695952,105.4,31.1,0.0,4.0,7.58,7.0,0.0,29.7,34.0,1.52,0.257,0.125,0.25,0.125,0.679,0.21,0.37,0.42,0.412,0.265
Wifrailyn Jaquez,Not in Fantrax,PIT,Florida State League,A,Yes,19.0,,5.0,11.7,2.6,115.5,97.6,44.5,99.9,6.06,94.4,87.59578663869368,105.4,16.4,2.0,1.0,5.54,0.0,0.0,13.0,9.0,1.69,0.381,0.103,0.155,0.052,0.731,0.268,0.341,0.39,0.125,0.0
Braydon Risley,Available,PIT,California League,A,No,21.0,,14.0,23.6,4.3,104.2,193.0,148.8,98.3,4.84,103.4,60.48468916834379,105.2,51.0,6.0,3.0,4.8,11.0,0.0,60.0,64.0,1.27,0.327,0.066,0.248,0.182,0.741,0.228,0.463,0.309,0.24,0.1
Sam Mettert,Available,CHC,Carolina League,A,Yes,22.0,,20.0,8.4,1.5,99.2,64.1,98.9,108.6,4.66,107.4,86.28171188818237,105.1,18.3,0.0,3.0,5.22,0.0,2.0,29.3,37.0,1.5,0.294,0.165,0.278,0.113,0.806,0.164,0.567,0.269,0.278,0.111
Blake Gillespie,Available,NYY,Florida State League,A,Yes,22.0,,3.0,24.9,5.2,99.7,207.9,105.2,107.3,4.27,106.9,112.54874541422345,105.1,10.0,0.0,1.0,2.87,3.0,0.0,15.7,15.0,1.34,0.31,0.108,0.231,0.123,0.785,0.19,0.571,0.238,0.0,0.1
Eduar Gonzalez,Not in Fantrax,TOR,Florida State League,A,Yes,20.0,,6.0,8.9,1.8,109.7,74.4,63.3,102.6,5.29,98.6,58.858014986666845,105.0,7.2,0.0,0.0,5.73,0.0,0.0,11.0,11.0,1.64,0.303,0.13,0.204,0.074,0.751,0.219,0.563,0.219,0.143,0.143
Carson Messina,Available,TOR,Florida State League,A,Yes,20.0,,14.0,15.6,3.0,109.7,130.4,63.3,102.5,5.46,98.5,122.65945927680768,105.0,32.9,1.0,3.0,3.7,14.0,0.0,41.3,48.0,1.57,0.284,0.179,0.253,0.074,0.75,0.229,0.448,0.323,0.194,0.065
Chase Renner,Available,MIA,Florida State League,A,No,22.0,,4.0,21.0,1.7,99.7,175.2,244.6,91.0,2.93,106.7,88.06835890157743,104.9,5.3,0.0,0.0,0.0,0.0,2.0,6.7,10.0,1.2,0.375,0.071,0.357,0.286,0.666,0.333,0.333,0.333,0.2,0.0
Josiah Romeo,Available,ATH,California League,A,Yes,20.0,,19.0,21.4,4.7,109.4,174.6,91.6,99.3,5.44,98.6,94.69568622329764,104.9,80.8,9.0,4.0,5.82,17.0,0.0,89.7,75.0,1.45,0.328,0.079,0.191,0.112,0.749,0.215,0.487,0.298,0.244,0.122
Matt Barr,Available,MIN,Florida State League,A,Yes,20.0,,7.0,11.8,3.3,109.7,98.6,93.2,98.9,5.75,98.4,103.18588057813396,104.9,33.0,0.0,1.0,7.33,7.0,0.0,23.3,21.0,1.76,0.395,0.082,0.191,0.109,0.724,0.25,0.316,0.434,0.273,0.061
Alejandro Rivera,Available,CIN,Florida State League,A,Yes,19.0,,4.0,15.7,2.8,115.5,130.9,82.1,94.7,5.78,93.6,106.91713255271556,104.9,12.0,1.0,0.0,6.55,1.0,0.0,11.0,14.0,1.55,0.231,0.173,0.269,0.096,0.693,0.231,0.308,0.462,0.25,0.167
Harrison Kreiling,Available,BAL,California League,A,No,24.0,,1.0,14.2,2.0,91.2,116.3,181.5,106.2,4.55,113.5,138.80056117965907,104.8,2.0,0.0,0.0,0.0,1.0,0.0,2.0,3.0,1.5,0.4,0.111,0.333,0.222,0.8,0.2,0.4,0.4,0.0,0.0
Luke Jackson,Available,TBR,Carolina League,A,Yes,22.0,,13.0,11.0,2.0,99.2,84.4,173.2,99.6,3.5,107.0,163.9419987295689,104.8,22.0,0.0,0.0,3.42,9.0,0.0,26.3,31.0,1.33,0.348,0.081,0.279,0.198,0.739,0.232,0.449,0.319,0.182,0.091
Jesús García,Not in Fantrax,STL,Florida State League,A,Yes,20.0,,27.0,9.8,1.6,109.7,82.0,90.7,99.0,4.65,98.2,137.6076325164629,104.8,35.3,5.0,1.0,4.22,0.0,4.0,42.7,33.0,1.29,0.282,0.079,0.185,0.106,0.724,0.228,0.488,0.285,0.2,0.171
Dean Livingston,Available,ARI,California League,A,No,19.0,,13.0,20.4,4.4,115.2,166.4,98.1,93.1,5.19,93.8,121.83426412438556,104.8,37.6,3.0,4.0,4.21,13.0,0.0,57.7,50.0,1.25,0.272,0.086,0.206,0.12,0.701,0.25,0.512,0.238,0.154,0.205
Tegan Cain,Available,PHI,Florida State League,A,No,23.0,,19.0,11.5,1.2,95.4,96.0,226.6,96.8,3.1,109.9,103.00184865516496,104.7,12.2,1.0,1.0,3.04,0.0,4.0,23.7,36.0,1.18,0.347,0.102,0.367,0.265,0.708,0.271,0.479,0.25,0.167,0.083
Leandro Rodriguez,Available,SF,California League,A,Yes,20.0,,7.0,20.4,4.1,109.4,166.1,92.4,99.0,6.03,98.4,116.27032391584044,104.7,33.4,1.0,0.0,4.34,7.0,0.0,29.0,29.0,1.31,0.276,0.121,0.234,0.113,0.746,0.227,0.333,0.44,0.242,0.061
Garrett Acton,Available,MIN,Florida State League,A,No,28.0,,2.0,7.5,1.5,78.4,62.6,189.9,117.1,4.67,123.9,23.489290938414843,104.6,4.0,0.0,0.0,0.0,0.0,0.0,3.0,2.0,0.0,0.0,0.0,0.222,0.222,0.857,0.143,0.286,0.571,0.0,0.0
Braden Osbolt,Available,CIN,Florida State League,A,Yes,21.0,,6.0,19.0,5.1,104.5,158.5,75.3,105.4,4.52,102.3,99.31850707640606,104.6,21.4,1.0,1.0,5.58,3.0,0.0,30.7,22.0,1.57,0.343,0.073,0.161,0.088,0.771,0.2,0.59,0.21,0.227,0.136
Efrailin Ramos,Available,TB,Carolina League,A,Yes,20.0,,15.0,13.7,2.0,109.1,104.7,110.2,97.0,4.36,98.4,104.47119907384275,104.6,25.3,4.0,1.0,3.0,0.0,2.0,30.0,28.0,1.03,0.224,0.109,0.235,0.126,0.72,0.267,0.4,0.333,0.28,0.04
Dedniel Núñez,Available,NYM,Florida State League,A,No,30.0,,2.0,5.5,0.8,73.1,45.9,256.6,114.0,4.19,127.9,30.169666231710774,104.4,4.7,0.0,0.0,5.4,1.0,0.0,1.7,3.0,2.4,0.571,0.0,0.3,0.3,0.834,0.167,0.167,0.667,0.25,0.0
Logan Tanner,Available,CIN,Florida State League,A,Yes,25.0,,9.0,11.6,1.8,87.8,96.4,193.3,107.4,4.15,115.8,82.38443735546977,104.4,18.4,2.0,0.0,4.96,0.0,0.0,16.3,21.0,1.22,0.326,0.07,0.296,0.226,0.786,0.19,0.381,0.429,0.222,0.056
Carlton Perkins,Available,CHW,Carolina League,A,No,23.0,,21.0,9.6,1.2,94.9,73.5,175.9,102.7,3.33,109.9,107.24278634457043,104.4,14.0,3.0,0.0,3.55,0.0,1.0,25.3,38.0,1.66,0.441,0.132,0.333,0.201,0.762,0.22,0.542,0.237,0.286,0.071
Josbel Garcia,Not in Fantrax,TOR,Florida State League,A,Yes,22.0,,23.0,10.1,1.9,99.7,84.4,106.9,106.0,4.91,105.9,131.02748252225425,104.4,41.7,4.0,5.0,5.48,0.0,1.0,44.3,43.0,1.42,0.297,0.09,0.215,0.125,0.776,0.171,0.504,0.326,0.214,0.167
Jordi Infante,Not in Fantrax,TBR,Carolina League,A,Yes,21.0,,8.0,9.9,1.7,103.9,75.8,77.0,105.3,4.89,102.4,111.27929092491097,104.3,11.6,1.0,2.0,1.98,4.0,0.0,13.7,15.0,1.39,0.258,0.175,0.263,0.088,0.782,0.188,0.438,0.375,0.0,0.083
Reed Moring,Available,MIN,Florida State League,A,No,21.0,,15.0,18.7,3.5,104.5,155.9,155.7,95.7,4.2,101.8,134.59362953691206,104.3,48.0,1.0,1.0,2.6,11.0,0.0,52.0,56.0,1.37,0.364,0.073,0.255,0.182,0.7,0.28,0.385,0.336,0.229,0.063
Irwin Ramirez,Available,PIT,Florida State League,A,Yes,19.0,,11.0,14.5,3.8,115.5,121.0,21.4,100.7,5.83,92.7,93.10180745592444,104.3,28.4,0.0,5.0,6.75,9.0,0.0,41.3,41.0,1.98,0.37,0.186,0.211,0.025,0.736,0.211,0.526,0.263,0.167,0.2
Alan Reyes,Available,STL,Florida State League,A,Yes,22.0,,4.0,10.0,2.2,99.7,83.4,64.1,110.4,6.08,105.4,82.39581580312168,104.1,13.0,0.0,1.0,3.0,0.0,0.0,9.0,8.0,1.33,0.231,0.125,0.2,0.075,0.808,0.154,0.346,0.5,0.154,0.077
Edinzo Marquez,Available,NYY,Florida State League,A,Yes,21.0,,6.0,24.9,4.6,104.5,207.9,119.7,99.5,4.25,101.5,107.6640477997062,104.1,20.5,3.0,2.0,3.62,5.0,0.0,27.3,26.0,1.24,0.28,0.088,0.228,0.14,0.728,0.234,0.494,0.273,0.286,0.143
Yordanis Guerra,Not in Fantrax,PHI,Florida State League,A,Yes,19.0,,6.0,13.2,3.7,115.5,110.2,39.3,98.3,6.04,92.4,109.70952865156649,104.1,22.0,0.0,1.0,6.14,6.0,0.0,22.0,19.0,1.77,0.338,0.13,0.176,0.046,0.719,0.268,0.423,0.31,0.273,0.045
Adrian Belen,Available,KC,Carolina League,A,Yes,21.0,,10.0,5.8,1.5,103.9,44.8,27.1,110.5,5.77,101.8,99.85523936081034,104.0,18.6,2.0,0.0,4.2,0.0,0.0,15.0,8.0,1.47,0.306,0.092,0.123,0.031,0.82,0.16,0.46,0.38,0.211,0.053
Eiver Mosquera,Available,MIA,Florida State League,A,Yes,19.0,,8.0,13.5,3.0,115.5,112.4,30.8,98.9,5.32,92.1,116.89529506973008,103.9,14.6,2.0,1.0,4.13,5.0,0.0,24.0,18.0,1.71,0.311,0.125,0.161,0.036,0.723,0.224,0.579,0.197,0.2,0.267
Dillon Stiltner,Available,NYM,Florida State League,A,Yes,19.0,,3.0,4.0,1.1,115.5,33.4,-148.8,119.6,8.87,92.1,90.19438984587792,103.9,0.0,0.0,0.0,13.5,0.0,0.0,3.3,5.0,3.6,0.333,0.391,0.217,-0.174,0.875,0.125,0.875,0.0,0.0,0.0
Hayden Robinson,Available,MIL,Carolina League,A,Yes,20.0,,17.0,17.9,3.4,109.1,137.0,71.7,100.0,4.75,97.2,73.2263773522545,103.8,43.2,4.0,2.0,5.4,7.0,2.0,58.3,57.0,1.56,0.307,0.132,0.214,0.082,0.742,0.219,0.516,0.265,0.22,0.146
Alejandro Rivera,Available,CIN,Carolina League,A,Yes,19.0,,1.0,0.5,5.0,114.9,3.8,-42.0,107.8,7.06,92.6,106.91713255271556,103.8,9.0,0.0,1.0,9.0,1.0,0.0,5.0,0.0,1.2,0.167,0.048,0.0,-0.048,0.8,0.1,0.4,0.5,0.4,0.2
Connor Foley,Available,ARI,California League,A,Yes,22.0,,8.0,15.8,2.6,99.5,129.3,183.1,96.2,4.41,105.0,71.13240453104567,103.7,13.7,0.0,4.0,6.43,8.0,0.0,21.0,37.0,1.57,0.41,0.17,0.394,0.224,0.725,0.25,0.4,0.35,0.429,0.071
Trace Phillips,Available,TB,Carolina League,A,Yes,21.0,,1.0,12.2,3.0,103.9,93.8,73.5,104.7,5.19,101.4,106.82021150216156,103.7,4.0,0.0,1.0,0.0,1.0,0.0,3.0,2.0,1.0,0.222,0.083,0.167,0.084,0.777,0.222,0.333,0.444,0.5,0.0
Cesar Aquino,Available,PIT,Florida State League,A,No,21.0,,13.0,10.3,2.3,104.5,85.7,142.0,96.2,4.66,100.9,116.43107439385624,103.7,35.8,0.0,1.0,2.45,0.0,0.0,29.3,21.0,1.09,0.307,0.018,0.184,0.166,0.704,0.264,0.33,0.407,0.243,0.081
Miguel Pantoja,Available,TOR,Florida State League,A,Yes,18.0,,3.0,9.9,3.4,121.9,82.7,-19.7,98.4,7.07,86.6,100.40425976182316,103.7,14.1,0.0,1.0,5.23,3.0,0.0,10.3,6.0,1.65,0.267,0.156,0.133,-0.023,0.72,0.219,0.313,0.469,0.4,0.133
Jacob Steinmetz,Available,ARI,California League,A,No,22.0,,4.0,12.4,2.2,99.5,101.5,107.9,104.7,4.99,104.9,95.07481985565065,103.6,5.0,0.0,0.0,5.0,4.0,0.0,9.0,12.0,1.44,0.316,0.184,0.316,0.132,0.789,0.211,0.526,0.263,0.2,0.0
KK Clark,Available,BAL,Carolina League,A,Yes,21.0,,7.0,10.8,3.3,103.9,82.6,-41.1,117.6,6.69,101.2,103.99229491190128,103.6,24.8,0.0,1.0,6.65,5.0,0.0,23.0,18.0,1.83,0.292,0.215,0.168,-0.047,0.873,0.127,0.492,0.381,0.208,0.0
Denis Samudio,Available,TOR,Florida State League,A,Yes,21.0,,13.0,27.0,4.3,104.5,225.6,165.1,93.5,4.18,100.8,110.96123494448248,103.6,47.8,4.0,2.0,3.7,9.0,0.0,56.0,74.0,1.46,0.369,0.117,0.31,0.193,0.684,0.272,0.36,0.368,0.22,0.12
Nico Wagner,Available,ATL,Carolina League,A,Yes,20.0,,3.0,8.7,3.1,109.1,66.3,-39.4,112.4,7.9,96.8,116.43107439385624,103.5,14.0,1.0,2.0,6.75,0.0,0.0,9.3,5.0,1.5,0.233,0.156,0.111,-0.045,0.834,0.167,0.367,0.467,0.143,0.0
Cesar Espinal,Available,MIL,Carolina League,A,Yes,20.0,,9.0,6.9,0.9,109.1,52.9,-69.1,115.6,6.95,96.6,105.62605713495395,103.4,6.4,2.0,0.0,2.16,0.0,0.0,8.3,10.0,1.8,0.133,0.342,0.263,-0.079,0.858,0.143,0.429,0.429,0.333,0.0
Davidxon Lara,Available,MIA,California League,A,Yes,19.0,,9.0,7.1,1.5,115.2,58.0,142.3,85.5,4.89,91.6,95.94718426514636,103.4,15.3,1.0,0.0,6.59,0.0,0.0,13.7,15.0,1.9,0.413,0.043,0.217,0.174,0.644,0.267,0.4,0.333,0.067,0.267
Michael Carpenter,Available,MIN,Florida State League,A,No,21.0,,2.0,3.5,1.2,104.5,29.2,0.0,111.9,7.5,100.4,85.1747396569398,103.3,4.0,0.0,0.0,7.71,2.0,0.0,2.3,2.0,3.43,0.545,0.133,0.133,0.0,0.819,0.182,0.455,0.364,0.25,0.0
Wilfred Alvarado,Available,ATH,California League,A,Yes,20.0,,21.0,5.4,1.2,109.4,43.8,0.0,107.2,7.84,96.2,90.42257794381764,103.3,29.0,1.0,0.0,6.29,0.0,0.0,24.3,24.0,1.93,0.288,0.189,0.189,0.0,0.808,0.164,0.438,0.397,0.31,0.069
Victor Rodriguez,Available,MIA,Florida State League,A,Yes,19.0,,7.0,9.9,2.3,115.5,82.3,42.8,96.4,6.35,91.1,90.64270385604615,103.2,14.0,0.0,1.0,5.51,5.0,0.0,16.3,17.0,1.71,0.268,0.165,0.215,0.05,0.705,0.205,0.455,0.341,0.267,0.267
Brody McCullough,Available,CHC,Carolina League,A,No,26.0,,2.0,22.9,4.0,83.9,175.1,241.5,103.1,3.21,116.8,113.53058784642364,103.0,6.4,0.0,0.0,2.25,2.0,0.0,8.0,9.0,0.63,0.222,0.034,0.31,0.276,0.765,0.235,0.412,0.353,0.667,0.0
Walvin Mena,Available,ARI,California League,A,Yes,20.0,,12.0,9.4,2.1,109.4,76.7,43.3,101.3,6.17,95.5,94.21693931918914,102.8,19.7,1.0,1.0,5.84,1.0,1.0,24.7,18.0,1.58,0.293,0.106,0.159,0.053,0.763,0.175,0.563,0.263,0.048,0.238
Anthony Karoly,Available,SEA,California League,A,Yes,22.0,,13.0,8.6,1.4,99.5,70.3,82.6,106.1,5.84,103.6,104.6606151343305,102.7,16.0,1.0,1.0,4.58,0.0,0.0,17.7,23.0,1.47,0.25,0.19,0.291,0.101,0.8,0.175,0.425,0.4,0.125,0.063
Cale Wetwiska,Available,DET,Florida State League,A,No,21.0,,12.0,21.4,3.4,104.5,178.9,145.4,94.2,3.97,99.5,134.59362953691206,102.7,26.7,4.0,0.0,2.66,10.0,0.0,40.7,47.0,1.35,0.333,0.105,0.275,0.17,0.689,0.282,0.456,0.262,0.148,0.111
Angel Jimenez,Available,COL,California League,A,No,22.0,,15.0,23.8,4.2,99.5,194.1,192.1,93.1,4.47,103.2,141.79886825845324,102.5,58.7,1.0,3.0,4.48,15.0,0.0,62.3,84.0,1.17,0.307,0.083,0.318,0.235,0.702,0.265,0.344,0.391,0.271,0.085
Hayden Wynja,Available,SF,California League,A,No,27.0,,7.0,12.6,1.3,81.1,102.9,192.1,110.5,5.06,118.4,108.83447505112062,102.4,11.0,2.0,0.0,0.96,0.0,1.0,9.3,12.0,0.75,0.167,0.118,0.353,0.235,0.833,0.167,0.222,0.611,0.182,0.0
Austin Marozas,Available,TOR,Florida State League,A,No,27.0,,2.0,22.4,2.7,81.3,186.7,82.1,123.0,5.03,118.2,113.80232803575764,102.4,4.4,1.0,0.0,1.69,0.0,0.0,5.3,6.0,0.94,0.091,0.19,0.286,0.096,0.9,0.1,0.5,0.4,0.0,0.0
Moises Amezquita,Not in Fantrax,KCR,Carolina League,A,Yes,21.0,,10.0,9.6,1.9,103.9,73.5,95.4,99.7,4.76,99.3,96.38325663115108,102.3,13.7,1.0,0.0,4.34,0.0,0.0,18.7,19.0,1.5,0.327,0.12,0.229,0.109,0.74,0.22,0.5,0.28,0.071,0.143
Grayson Saunier,Available,HOU,Carolina League,A,No,22.0,,10.0,7.0,1.1,99.2,53.2,140.9,98.7,3.98,103.0,95.19496458679932,102.2,3.9,1.0,2.0,7.94,0.0,1.0,11.3,16.0,1.76,0.414,0.125,0.286,0.161,0.733,0.233,0.633,0.133,0.0,0.25
Paul Wilson,Available,DET,Florida State League,A,Yes,21.0,,9.0,9.6,1.9,104.5,79.7,18.0,107.9,7.44,98.6,106.95058567640127,102.2,11.7,0.0,0.0,10.26,5.0,0.0,16.7,26.0,2.4,0.378,0.25,0.271,0.021,0.789,0.158,0.526,0.316,0.333,0.167
Dariel Francia,Available,PIT,Florida State League,A,Yes,19.0,,21.0,11.3,2.0,115.5,94.1,33.4,95.7,5.86,89.6,73.35709574376807,102.2,30.7,2.0,3.0,5.4,1.0,0.0,41.7,53.0,1.85,0.273,0.221,0.26,0.039,0.7,0.25,0.44,0.31,0.355,0.161
Trent Turzenski,Available,BAL,Carolina League,A,No,25.0,,2.0,15.6,1.3,87.3,119.6,159.2,107.8,2.91,112.7,142.53295004854724,102.1,0.0,0.0,0.0,0.0,0.0,0.0,2.7,4.0,1.12,0.2,0.182,0.364,0.182,0.8,0.2,0.8,0.0,0.0,0.0
Owen Woodward,Available,NYM,Florida State League,A,Yes,24.0,,6.0,10.9,1.9,91.4,91.1,145.4,105.5,4.01,109.3,152.64742686474,102.1,9.7,0.0,0.0,5.56,3.0,1.0,11.3,13.0,1.59,0.353,0.075,0.245,0.17,0.772,0.171,0.543,0.286,0.2,0.2
Brady Tygart,Available,BOS,Carolina League,A,No,23.0,,9.0,18.3,3.0,94.9,140.1,77.0,110.1,4.96,106.5,93.63520175118764,102.1,19.7,3.0,1.0,5.06,6.0,0.0,26.7,35.0,1.69,0.323,0.194,0.282,0.088,0.817,0.167,0.517,0.317,0.158,0.053
Marlon Nieves,Available,LAD,California League,A,Yes,21.0,,14.0,18.5,3.6,104.2,151.1,56.4,103.6,6.4,98.8,116.6155943326834,102.1,34.5,3.0,3.0,5.22,12.0,0.0,50.0,57.0,1.66,0.331,0.177,0.246,0.069,0.781,0.203,0.512,0.285,0.2,0.057
Yordy Herrera,Available,STL,Florida State League,A,Yes,21.0,,11.0,6.4,1.0,104.5,53.1,-42.8,114.8,8.34,98.6,104.30378155608604,102.1,10.0,1.0,0.0,9.28,0.0,1.0,10.7,14.0,2.25,0.24,0.283,0.233,-0.05,0.84,0.12,0.48,0.4,0.4,0.1
Ayendy Bravo,Available,MIL,Carolina League,A,No,19.0,,5.0,5.8,1.3,114.9,44.0,-56.9,106.4,6.06,89.9,70.72968745803956,102.1,3.0,1.0,0.0,7.11,0.0,0.0,6.3,5.0,2.05,0.316,0.226,0.161,-0.065,0.79,0.211,0.632,0.158,0.333,0.0
Dony Aguilera,Available,CIN,Florida State League,A,Yes,19.0,,1.0,-3.5,1.3,115.5,-29.2,71.8,91.2,8.78,89.5,96.31251923238892,102.1,1.0,0.0,1.0,33.75,0.0,0.0,1.3,2.0,4.5,0.667,0.083,0.167,0.084,0.667,0.167,0.667,0.167,0.0,1.0
Aaron Watson,Available,CIN,Florida State League,A,Yes,19.0,,3.0,14.3,3.4,115.5,119.6,70.1,91.2,4.42,89.3,108.70477233265504,102.0,5.9,1.0,0.0,10.45,2.0,0.0,10.3,12.0,2.71,0.5,0.115,0.197,0.082,0.667,0.296,0.556,0.148,0.25,0.25
Adler Cecil,Available,SD,California League,A,Yes,21.0,,6.0,26.9,3.4,104.2,219.3,184.8,88.5,5.09,98.4,114.14869655286994,101.9,18.0,1.0,0.0,2.66,2.0,0.0,20.3,37.0,1.33,0.286,0.172,0.398,0.226,0.667,0.303,0.182,0.515,0.294,0.059
Travis Sthele,Available,WSH,Carolina League,A,No,24.0,,8.0,21.3,3.6,90.9,163.4,80.5,112.9,4.27,109.3,108.12836285127844,101.8,17.3,4.0,0.0,0.31,3.0,0.0,29.0,18.0,0.86,0.21,0.073,0.165,0.092,0.838,0.163,0.625,0.213,0.176,0.0
Tony Gonzalez,Available,PIT,Florida State League,A,Yes,22.0,,1.0,6.5,1.7,99.7,54.2,0.0,113.9,8.59,102.0,106.22376777735369,101.8,3.0,0.0,0.0,16.2,0.0,0.0,1.7,3.0,3.6,0.5,0.25,0.25,0.0,0.833,0.167,0.333,0.5,0.0,0.0
Manuel Osorio,Available,CLE,Carolina League,A,Yes,20.0,,8.0,10.2,1.3,109.1,77.7,117.2,91.5,4.56,94.3,107.02441980411638,101.8,8.3,0.0,1.0,5.06,0.0,1.0,10.7,15.0,1.78,0.346,0.154,0.288,0.134,0.679,0.25,0.429,0.321,0.222,0.222
Shotaro Morii,Bobby and the NitWitts (MINORS),ATH,California League,A,Yes,19.0,,10.0,3.4,1.5,115.2,27.3,107.1,86.8,5.71,89.3,157.1437308938594,101.8,15.8,0.0,4.0,15.26,10.0,0.0,15.3,19.0,2.48,0.51,0.095,0.226,0.131,0.654,0.273,0.418,0.309,0.176,0.235
Marco Jimenez,Available,DET,Florida State League,A,No,26.0,,6.0,7.8,1.3,84.4,65.4,153.1,110.6,4.39,114.5,163.9419987295689,101.7,7.3,0.0,0.0,1.17,0.0,0.0,7.7,5.0,0.52,0.182,0.0,0.179,0.179,0.809,0.19,0.476,0.333,0.286,0.0
Jacob Johnson,Available,TEX,Carolina League,A,Yes,20.0,,6.0,15.4,2.9,109.1,117.7,70.0,96.7,4.78,94.1,103.58690545692993,101.7,12.5,1.0,0.0,2.04,6.0,0.0,17.7,15.0,1.3,0.271,0.12,0.2,0.08,0.717,0.261,0.478,0.261,0.5,0.083
Rainer Marin,Not in Fantrax,MIN,Florida State League,A,Yes,20.0,,3.0,9.7,1.1,109.7,80.7,-150.5,121.5,8.98,93.6,89.24204737555738,101.7,2.0,2.0,0.0,0.0,0.0,0.0,3.3,2.0,2.4,0.333,0.294,0.118,-0.176,0.889,0.111,0.667,0.222,0.5,0.0
Grif Hughes,Available,COL,California League,A,No,24.0,,14.0,18.9,2.8,91.2,154.2,161.1,103.0,4.61,108.7,130.01684503986098,101.6,30.2,2.0,1.0,3.18,2.0,3.0,39.7,44.0,1.36,0.365,0.065,0.262,0.197,0.776,0.178,0.533,0.29,0.129,0.161
Blake Morgan,Available,TB,Carolina League,A,No,23.0,,11.0,31.1,5.7,94.9,237.8,178.5,97.5,3.5,105.7,105.9292863921002,101.6,50.4,4.0,2.0,3.47,11.0,0.0,62.3,64.0,1.04,0.272,0.057,0.261,0.204,0.724,0.227,0.454,0.319,0.192,0.154
Jordan Valenzuela,Not in Fantrax,SDP,California League,A,Yes,21.0,,21.0,9.3,1.3,104.2,75.8,69.5,101.2,6.1,97.9,97.4232287161474,101.6,23.4,2.0,1.0,5.86,0.0,1.0,27.7,36.0,1.66,0.297,0.194,0.279,0.085,0.762,0.206,0.429,0.365,0.304,0.087
Xavier Cruz,Available,STL,Florida State League,A,Yes,20.0,,2.0,23.9,2.8,109.7,199.2,158.2,85.4,4.19,93.2,101.9740197611187,101.4,2.0,1.0,1.0,4.76,0.0,0.0,5.7,11.0,1.59,0.25,0.222,0.407,0.185,0.625,0.25,0.5,0.25,0.0,0.5
Jonas Uzcategui,Available,MIA,Florida State League,A,Yes,21.0,,13.0,14.3,2.5,104.5,119.5,92.4,97.8,5.32,97.3,107.20575123115124,101.3,23.7,1.0,2.0,4.68,8.0,0.0,32.7,42.0,1.56,0.306,0.174,0.282,0.108,0.715,0.243,0.429,0.329,0.217,0.13
Josh Blum,Available,NYM,Florida State League,A,No,23.0,,7.0,6.5,1.1,95.4,53.9,25.7,113.9,5.53,104.6,75.25801098688534,101.2,6.7,1.0,2.0,2.25,0.0,0.0,8.0,7.0,1.13,0.15,0.182,0.212,0.03,0.833,0.167,0.5,0.333,0.0,0.0
Ethan Walker,Available,BOS,Carolina League,A,Yes,22.0,,16.0,21.3,3.2,99.2,162.9,139.1,97.3,4.02,101.6,100.14047639187204,101.2,43.6,2.0,4.0,3.53,5.0,2.0,51.0,69.0,1.37,0.287,0.146,0.305,0.159,0.723,0.261,0.383,0.357,0.171,0.049
Nathan Hall,Available,NYM,Florida State League,A,Yes,22.0,,7.0,9.2,2.1,99.7,76.6,89.8,102.4,4.82,101.1,112.5560040344563,101.2,12.7,0.0,1.0,5.4,7.0,0.0,15.0,15.0,1.53,0.326,0.119,0.224,0.105,0.749,0.227,0.477,0.295,0.231,0.077
Jesus Mendez,Available,CHW,Carolina League,A,No,21.0,,14.0,10.4,1.3,103.9,79.8,140.0,92.8,4.65,97.7,92.55246876738472,101.2,21.5,1.0,0.0,1.5,0.0,2.0,18.0,20.0,1.11,0.227,0.107,0.267,0.16,0.689,0.267,0.244,0.489,0.5,0.091
Iker Redona,Available,CIN,Florida State League,A,Yes,18.0,,5.0,6.6,1.7,121.9,55.1,33.4,87.8,6.93,82.7,113.63067500139351,101.2,10.2,0.0,1.0,10.38,5.0,0.0,8.7,12.0,2.77,0.462,0.196,0.235,0.039,0.642,0.286,0.321,0.393,0.0,0.182
Alvaro Mejias,Available,TB,Carolina League,A,Yes,22.0,,6.0,9.9,1.6,99.2,75.9,167.1,93.7,3.68,101.2,112.24299198881693,101.0,8.0,0.0,0.0,4.82,0.0,0.0,9.3,13.0,1.5,0.348,0.119,0.31,0.191,0.696,0.261,0.391,0.348,0.375,0.125
Callan Fang,Available,MIN,Florida State League,A,Yes,22.0,,16.0,15.7,2.6,99.7,130.6,118.0,98.8,4.97,100.8,130.46083255825266,101.0,33.7,3.0,3.0,5.14,6.0,0.0,42.0,55.0,1.57,0.35,0.144,0.282,0.138,0.723,0.257,0.416,0.327,0.212,0.061
Teddy McGraw,Available,SEA,California League,A,No,24.0,,2.0,7.1,1.5,91.2,58.2,148.8,103.2,3.62,107.7,74.74202264755505,100.9,1.0,0.0,0.0,0.0,0.0,0.0,3.0,2.0,1.0,0.333,0.0,0.182,0.182,0.778,0.222,0.667,0.111,0.0,0.0
Luis Arestigueta,Available,ATL,Carolina League,A,Yes,20.0,,21.0,13.4,3.0,109.1,102.3,67.4,95.4,5.22,92.7,98.41667031465252,100.8,47.2,3.0,3.0,6.5,6.0,1.0,62.3,60.0,1.59,0.327,0.134,0.211,0.077,0.708,0.257,0.462,0.281,0.271,0.125
Jhon Almonte,Available,LAA,California League,A,Yes,19.0,,2.0,1.6,2.2,115.2,13.3,-130.8,112.4,11.15,87.7,91.3692341922284,100.8,5.0,0.0,0.0,16.62,2.0,0.0,4.3,3.0,2.54,0.308,0.28,0.12,-0.16,0.847,0.154,0.462,0.385,0.4,0.0
Anderson Guevara,Available,SEA,California League,A,Yes,21.0,,15.0,11.4,1.6,104.2,93.2,166.8,88.5,4.6,96.7,100.0220822228137,100.7,20.4,0.0,2.0,2.19,0.0,0.0,24.7,38.0,1.34,0.288,0.148,0.352,0.204,0.667,0.294,0.314,0.392,0.45,0.1
Erigaldi Perez,Available,CLE,Carolina League,A,Yes,20.0,,11.0,22.3,4.7,109.1,171.0,101.5,91.4,4.5,92.7,112.93946723762816,100.7,43.7,3.0,4.0,4.56,11.0,0.0,51.3,49.0,1.34,0.294,0.111,0.227,0.116,0.678,0.286,0.393,0.321,0.244,0.111
Aleiman Cruz,Available,DET,Florida State League,A,Yes,20.0,,2.0,15.8,2.8,109.7,131.4,122.3,88.4,6.37,92.1,103.93353408975868,100.7,8.8,1.0,0.0,9.53,0.0,0.0,5.7,7.0,1.76,0.333,0.107,0.25,0.143,0.646,0.235,0.176,0.588,0.3,0.2
Gerinton Mendez,Available,MIA,Florida State League,A,Yes,19.0,,12.0,6.8,1.6,115.5,57.0,-9.4,98.0,6.37,87.3,100.38385881885672,100.7,13.7,1.0,3.0,7.58,0.0,0.0,19.0,23.0,2.21,0.333,0.253,0.242,-0.011,0.717,0.217,0.478,0.304,0.286,0.214
Luke Hayden,Available,CIN,Florida State League,A,No,23.0,,3.0,14.8,2.8,95.4,123.1,128.3,101.1,4.5,103.8,19.291777521540304,100.6,5.7,0.0,1.0,4.32,2.0,0.0,8.3,11.0,1.8,0.409,0.125,0.275,0.15,0.739,0.217,0.522,0.261,0.5,0.167
Win Scott,Available,DET,Florida State League,A,No,23.0,,13.0,11.9,2.0,95.4,99.5,213.8,91.2,3.02,103.7,83.90660382087235,100.5,14.2,1.0,1.0,1.4,1.0,0.0,25.7,28.0,0.62,0.186,0.054,0.304,0.25,0.667,0.333,0.426,0.241,0.231,0.0
Connor O'Halloran,Available,TOR,Florida State League,A,No,23.0,,1.0,26.5,2.0,95.4,221.1,213.8,91.0,4.61,103.6,91.09062020990638,100.5,1.0,0.0,0.0,0.0,0.0,1.0,2.0,3.0,1.0,0.333,0.125,0.375,0.25,0.666,0.333,0.333,0.333,1.0,0.0
Thatcher Hurd,Available,NYY,Florida State League,A,Yes,23.0,,8.0,21.8,4.0,95.4,181.7,130.9,100.6,4.48,103.6,99.27245822049764,100.5,22.0,1.0,4.0,4.83,8.0,0.0,31.7,41.0,1.23,0.203,0.146,0.299,0.153,0.736,0.194,0.486,0.319,0.348,0.217
Yander Pinero,Available,ATL,Carolina League,A,Yes,19.0,,6.0,8.8,2.1,114.9,67.0,0.0,96.8,6.14,87.2,98.3293580647366,100.3,10.7,0.0,1.0,6.39,3.0,1.0,12.7,10.0,2.05,0.395,0.164,0.164,0.0,0.718,0.256,0.462,0.282,0.273,0.091
Chen-Hsun Lee,Available,SF,California League,A,Yes,24.0,,14.0,7.6,1.4,91.2,62.4,47.4,113.7,6.28,106.7,107.89003155662404,100.2,19.8,0.0,0.0,1.42,0.0,1.0,19.0,18.0,1.37,0.241,0.151,0.209,0.058,0.857,0.143,0.49,0.367,0.389,0.0
Riley Stanford,Available,TB,Carolina League,A,Yes,23.0,,22.0,10.3,1.5,94.9,78.9,98.9,104.3,5.04,103.7,98.524006043857,100.2,32.3,2.0,1.0,4.76,1.0,4.0,34.0,38.0,1.56,0.34,0.126,0.239,0.113,0.774,0.215,0.441,0.344,0.25,0.031
Jeremy Pilon,Available,TB,Carolina League,A,Yes,20.0,,5.0,7.6,1.8,109.1,58.2,-17.5,104.2,6.39,91.9,105.19026635976682,100.2,4.0,0.0,1.0,10.0,0.0,0.0,9.0,13.0,2.67,0.455,0.28,0.26,-0.02,0.773,0.227,0.591,0.182,0.25,0.0
Nick McAuliffe,Available,MIN,Florida State League,A,No,25.0,,19.0,10.9,1.4,87.8,91.1,99.2,110.9,4.78,109.4,137.57772752016996,100.1,20.0,4.0,2.0,2.7,0.0,1.0,26.7,37.0,1.5,0.279,0.19,0.306,0.116,0.811,0.19,0.483,0.328,0.316,0.0
Victor Santos,Available,STL,Florida State League,A,No,25.0,,2.0,13.4,0.7,87.8,111.6,171.1,102.5,4.78,109.3,124.00127969329266,100.1,2.0,1.0,0.0,0.0,0.0,1.0,1.3,1.0,0.75,0.25,0.0,0.2,0.2,0.75,0.25,0.25,0.5,0.5,0.0
Brad Rudis,Available,MIN,Florida State League,A,Yes,23.0,,7.0,10.6,1.7,95.4,88.5,151.4,97.6,4.44,103.1,116.2802925522927,100.1,9.3,0.0,0.0,4.5,0.0,0.0,12.0,14.0,1.25,0.31,0.098,0.275,0.177,0.714,0.25,0.429,0.321,0.222,0.111
Jefferson Moran,Available,STL,Florida State League,A,Yes,22.0,,4.0,17.3,3.5,99.7,144.5,55.6,104.5,5.61,99.4,127.0012035326198,100.1,9.4,1.0,1.0,5.79,4.0,0.0,14.0,15.0,1.64,0.313,0.177,0.242,0.065,0.764,0.176,0.529,0.294,0.5,0.2
Wyatt Parliament,Available,NYY,Florida State League,A,Yes,22.0,,14.0,21.6,4.4,99.7,180.3,148.0,93.7,4.6,99.3,98.71104942370992,100.0,65.9,2.0,3.0,4.82,13.0,0.0,61.7,65.0,1.39,0.355,0.071,0.244,0.173,0.686,0.28,0.337,0.383,0.239,0.09
Joseph Herrera,Not in Fantrax,SDP,California League,A,Yes,20.0,,27.0,5.4,1.4,109.4,43.8,27.0,98.3,6.91,91.2,78.45166696586546,100.0,32.0,3.0,4.0,7.85,0.0,0.0,36.7,33.0,1.8,0.327,0.153,0.186,0.033,0.741,0.212,0.481,0.308,0.281,0.156
Kelvin Rosario,Available,ARI,California League,A,Yes,19.0,,4.0,7.1,1.8,115.2,58.2,-48.2,101.5,8.1,86.5,104.27689803607484,100.0,5.6,0.0,0.0,6.43,0.0,0.0,7.0,7.0,2.0,0.25,0.265,0.206,-0.059,0.765,0.176,0.471,0.353,0.333,0.167
Will Hynes,Available,CLE,Carolina League,A,Yes,18.0,,5.0,6.0,3.8,121.2,46.3,-18.4,92.4,6.01,81.5,92.85894651056014,100.0,19.5,0.0,3.0,9.0,4.0,0.0,19.0,9.0,2.05,0.375,0.117,0.096,-0.021,0.686,0.3,0.429,0.271,0.211,0.053
Devin Kirby-Williams,Not in Fantrax,OAK,California League,A,No,26.0,,6.0,17.5,3.9,84.2,142.5,106.3,112.9,5.31,111.9,133.2171967450327,99.8,23.3,1.0,1.0,5.7,3.0,1.0,23.7,18.0,1.39,0.333,0.05,0.18,0.13,0.851,0.095,0.581,0.324,0.167,0.167
Jhonan Coba,Available,DET,Florida State League,A,Yes,19.0,,1.0,20.5,3.0,115.5,171.1,233.5,68.3,3.22,85.8,89.67418506119749,99.7,2.0,0.0,0.0,0.0,1.0,0.0,3.0,4.0,0.67,0.167,0.091,0.364,0.273,0.5,0.5,0.167,0.333,0.0,0.0
Jake Bloss,Available,TOR,Florida State League,A,No,25.0,,3.0,20.8,3.8,87.8,173.8,223.2,95.7,2.86,108.6,136.0476921236782,99.6,6.3,0.0,0.0,3.97,3.0,0.0,11.3,14.0,1.24,0.333,0.043,0.304,0.261,0.7,0.2,0.567,0.233,0.286,0.429
Jacob Weaver,Available,WSH,Carolina League,A,Yes,23.0,,6.0,17.4,3.3,94.9,133.0,209.1,90.5,2.57,102.7,122.42071823884864,99.6,8.6,1.0,1.0,4.95,0.0,0.0,20.0,24.0,1.45,0.441,0.034,0.273,0.239,0.672,0.327,0.527,0.145,0.375,0.0
Joel Cruz,Not in Fantrax,LAD,California League,A,Yes,22.0,,7.0,18.0,3.5,99.5,147.2,93.2,99.6,5.13,99.0,101.21324962834407,99.6,18.8,1.0,2.0,4.07,3.0,0.0,24.3,27.0,1.6,0.324,0.123,0.237,0.114,0.751,0.221,0.515,0.265,0.167,0.111
Payton Graham,Available,STL,Florida State League,A,Yes,22.0,,16.0,13.9,3.4,99.7,115.9,76.1,101.2,5.64,98.7,124.52487449644369,99.6,65.6,0.0,4.0,5.7,15.0,0.0,53.7,53.0,1.62,0.32,0.127,0.216,0.089,0.741,0.214,0.357,0.429,0.303,0.106
Conner Whittaker,Available,CLE,Carolina League,A,No,23.0,,8.0,10.6,1.5,94.9,80.9,122.5,100.3,4.13,102.5,82.78998529053374,99.5,11.7,1.0,1.0,5.84,0.0,2.0,12.3,13.0,1.78,0.421,0.088,0.228,0.14,0.744,0.231,0.462,0.308,0.25,0.083
Ryan DeSanto,Available,CLE,Carolina League,A,Yes,22.0,,15.0,22.2,4.4,99.2,169.9,94.5,99.4,5.51,99.0,107.4909407966894,99.5,84.8,2.0,3.0,4.66,15.0,0.0,65.7,73.0,1.4,0.272,0.147,0.255,0.108,0.738,0.22,0.244,0.537,0.307,0.08
Jeferson Villabona,Not in Fantrax,SDP,California League,A,No,25.0,,10.0,12.7,2.1,87.5,103.9,150.4,104.0,4.63,108.5,31.15294161269209,99.4,18.0,2.0,0.0,3.86,0.0,0.0,21.0,20.0,1.1,0.283,0.046,0.23,0.184,0.784,0.183,0.517,0.3,0.056,0.111
Bjay Cooke,Available,ATH,California League,A,Yes,23.0,,32.0,6.9,1.4,95.2,55.9,98.9,102.7,5.48,102.2,143.29188192027652,99.4,40.4,2.0,2.0,4.15,0.0,0.0,43.3,39.0,1.22,0.256,0.094,0.215,0.121,0.774,0.176,0.479,0.345,0.22,0.146
Daury Vasquez,Available,ARI,California League,A,Yes,20.0,,14.0,10.1,3.4,109.4,82.5,28.6,97.2,7.28,90.4,103.4700918633113,99.4,62.7,1.0,6.0,8.87,14.0,0.0,47.7,39.0,1.72,0.298,0.138,0.173,0.035,0.733,0.205,0.349,0.445,0.231,0.138
Angel Cruz,Available,LAD,California League,A,Yes,21.0,,25.0,7.8,1.1,104.2,63.3,11.4,103.9,7.62,94.5,102.8896062370486,99.3,26.0,1.0,0.0,7.57,0.0,3.0,27.3,42.0,2.38,0.383,0.272,0.286,0.014,0.783,0.183,0.383,0.433,0.154,0.077
CJ Gray,Available,LAA,California League,A,Yes,19.0,,3.0,8.2,2.7,115.2,67.3,-18.8,96.9,7.27,85.4,114.84914141703058,99.3,5.8,0.0,1.0,7.88,3.0,0.0,8.0,7.0,2.13,0.32,0.19,0.167,-0.023,0.73,0.231,0.538,0.231,0.0,0.167
Javi Torres,Available,CLE,Carolina League,A,Yes,21.0,,21.0,6.7,1.6,103.9,51.1,26.2,102.1,6.27,94.4,97.46654357856956,99.1,45.0,2.0,6.0,6.95,0.0,1.0,33.7,31.0,1.87,0.33,0.157,0.187,0.03,0.758,0.214,0.35,0.437,0.2,0.067
Omar Victorino,Available,NYM,Florida State League,A,Yes,21.0,,5.0,3.3,2.3,104.5,27.5,-79.5,113.9,8.15,94.1,91.03522697867106,99.1,9.5,1.0,3.0,13.89,2.0,0.0,11.7,9.0,2.4,0.342,0.231,0.138,-0.093,0.833,0.167,0.583,0.25,0.222,0.0
Javier Bartolozzi,Available,LAD,California League,A,Yes,21.0,,27.0,7.1,1.8,104.2,57.6,38.4,100.3,6.53,94.1,75.1567486647282,99.0,58.6,3.0,0.0,5.33,0.0,0.0,49.0,31.0,1.35,0.245,0.097,0.144,0.047,0.756,0.199,0.423,0.378,0.237,0.119
Marlon De La Cruz,Available,WSH,Carolina League,A,Yes,20.0,,16.0,10.4,3.2,109.1,79.9,-39.4,104.6,7.17,90.1,103.5666497444722,99.0,52.3,0.0,6.0,6.88,15.0,0.0,51.0,46.0,2.27,0.353,0.216,0.171,-0.045,0.777,0.197,0.461,0.342,0.269,0.077
Dylan Wilson,Available,SEA,California League,A,Yes,20.0,,6.0,11.0,3.3,109.4,90.1,24.5,96.9,7.68,89.8,103.17363472028482,99.0,27.0,1.0,3.0,8.24,6.0,0.0,19.7,17.0,1.98,0.365,0.14,0.17,0.03,0.73,0.238,0.333,0.429,0.148,0.074
Hamlet Garcia,Not in Fantrax,MIA,Florida State League,A,Yes,20.0,,7.0,7.9,1.5,109.7,66.2,72.7,91.2,6.0,89.6,89.86464772878904,99.0,8.6,0.0,2.0,5.23,1.0,0.0,10.3,14.0,1.55,0.25,0.213,0.298,0.085,0.667,0.286,0.286,0.429,0.333,0.111
Yander Bonaci,Available,BOS,Carolina League,A,Yes,19.0,,4.0,2.4,1.1,114.9,18.7,-37.6,98.9,8.46,85.3,100.6670434036712,99.0,7.5,1.0,1.0,10.38,0.0,0.0,4.3,2.0,1.62,0.25,0.13,0.087,-0.043,0.734,0.267,0.267,0.467,0.286,0.0
Bryce Montes de Oca,Available,WSN,Carolina League,A,No,30.0,,2.0,10.1,1.0,72.7,77.5,0.0,134.7,7.26,120.0,59.7056434092986,98.9,3.0,1.0,0.0,4.5,0.0,0.0,2.0,3.0,1.5,0.0,0.333,0.333,0.0,1.0,0.0,0.0,1.0,0.333,0.0
Corey Braun,Available,ATH,California League,A,Yes,23.0,,18.0,20.3,3.8,95.2,165.4,132.5,97.8,5.38,101.4,99.5197264906509,98.9,70.5,5.0,8.0,6.13,14.0,1.0,69.0,81.0,1.52,0.349,0.096,0.258,0.162,0.737,0.211,0.411,0.379,0.181,0.139
Gabriel Chinchilla,Available,STL,Florida State League,A,Yes,19.0,,8.0,19.9,3.4,115.5,166.1,173.6,73.7,3.94,84.5,96.01904245710648,98.8,18.7,1.0,2.0,5.93,5.0,0.0,27.3,40.0,1.57,0.356,0.122,0.325,0.203,0.539,0.349,0.333,0.317,0.25,0.35
Coleman Picard,Available,KC,Carolina League,A,No,24.0,,12.0,21.1,4.1,90.9,161.4,123.4,102.5,4.35,104.5,140.55469020693383,98.6,48.8,2.0,2.0,3.26,8.0,2.0,49.7,41.0,1.09,0.25,0.065,0.206,0.141,0.761,0.19,0.451,0.359,0.176,0.137
Jackson Dannelley,Available,WSH,Carolina League,A,No,24.0,,14.0,8.7,1.3,90.9,66.3,165.4,97.7,3.56,104.5,100.32105199424186,98.6,13.7,0.0,1.0,3.57,0.0,2.0,17.7,22.0,1.08,0.214,0.108,0.297,0.189,0.725,0.225,0.45,0.325,0.231,0.154
Alejandro Chiquillo,Available,TEX,Carolina League,A,Yes,23.0,,15.0,16.5,3.4,94.9,126.2,107.6,100.5,4.34,101.2,101.03276599073982,98.6,38.9,1.0,3.0,4.88,12.0,1.0,51.7,51.0,1.22,0.239,0.11,0.233,0.123,0.746,0.203,0.507,0.29,0.25,0.175
Cole Cheatham,Available,SEA,California League,A,Yes,22.0,,18.0,10.4,1.8,99.5,85.0,52.3,102.3,6.32,97.3,95.27407324446882,98.5,29.3,2.0,1.0,4.55,0.0,2.0,31.7,31.0,1.45,0.274,0.156,0.22,0.064,0.771,0.217,0.434,0.349,0.172,0.034
Zach Harris,Available,COL,California League,A,Yes,22.0,,10.0,6.4,1.3,99.5,52.2,25.3,105.5,5.96,97.3,102.02756663901296,98.5,8.2,1.0,1.0,5.54,0.0,0.0,13.0,13.0,2.0,0.375,0.172,0.203,0.031,0.795,0.205,0.59,0.205,0.0,0.0
Jose Vasquez,Available,LAD,California League,A,Yes,21.0,,16.0,8.3,1.3,104.2,67.8,43.3,98.8,6.65,93.3,89.88092105195068,98.5,14.7,2.0,0.0,5.75,0.0,0.0,20.3,24.0,1.57,0.261,0.202,0.255,0.053,0.745,0.234,0.447,0.319,0.133,0.067
Luis Sotillo,Not in Fantrax,NYM,Florida State League,A,Yes,21.0,,4.0,3.2,1.3,104.5,27.1,-118.0,117.2,8.15,93.1,98.91920932785992,98.5,1.9,0.0,0.0,11.81,0.0,0.0,5.3,5.0,2.25,0.154,0.31,0.172,-0.138,0.857,0.071,0.786,0.143,0.0,0.5
Wenderlyn King,Available,MIL,Carolina League,A,Yes,20.0,,4.0,2.4,1.4,109.1,18.2,-63.0,106.4,7.75,89.3,94.05656462062944,98.5,7.2,0.0,0.0,7.94,0.0,0.0,5.7,3.0,2.12,0.294,0.179,0.107,-0.072,0.79,0.105,0.474,0.421,0.25,0.25
Jose Guevara,Available,NYM,Florida State League,A,Yes,21.0,,4.0,8.1,1.8,104.5,67.3,155.7,85.5,4.44,93.0,88.37345183400015,98.4,4.0,0.0,2.0,7.71,0.0,0.0,7.0,10.0,1.57,0.375,0.121,0.303,0.182,0.625,0.313,0.438,0.25,0.25,0.25
Jose Lopez,Available,NYM,Florida State League,A,Yes,22.0,,9.0,13.4,3.7,99.7,111.7,32.5,104.0,6.43,96.7,87.72566315447816,98.3,40.1,1.0,3.0,8.37,6.0,0.0,33.3,32.0,1.62,0.233,0.166,0.204,0.038,0.761,0.163,0.391,0.446,0.195,0.171
Fabian Ysalla,Available,CHW,Carolina League,A,Yes,21.0,,7.0,15.6,4.7,103.9,119.5,29.7,100.4,5.12,93.4,99.2938282516061,98.3,27.3,1.0,1.0,4.13,7.0,0.0,32.7,16.0,1.56,0.33,0.075,0.109,0.034,0.745,0.237,0.526,0.237,0.111,0.074
Cristian Hernandez,Available,MIN,Florida State League,A,Yes,21.0,,5.0,13.9,2.9,104.5,116.4,125.7,88.8,5.19,92.9,102.56911225012956,98.3,13.0,0.0,1.0,4.91,5.0,0.0,14.7,17.0,1.7,0.45,0.103,0.25,0.147,0.65,0.35,0.325,0.325,0.0,0.0
Itsuki Takemoto,Available,ATH,California League,A,Yes,22.0,,36.0,7.6,1.4,99.5,62.3,40.1,103.3,6.76,96.8,122.53614131151642,98.2,55.0,4.0,2.0,5.23,0.0,1.0,51.7,52.0,1.72,0.326,0.165,0.214,0.049,0.778,0.208,0.41,0.382,0.182,0.036
Victor Trejo,Available,PIT,Florida State League,A,No,20.0,,9.0,13.4,1.8,109.7,112.0,120.6,84.3,4.57,88.4,91.66478043659276,98.2,14.0,1.0,0.0,4.41,0.0,4.0,16.3,12.0,1.04,0.227,0.047,0.188,0.141,0.617,0.298,0.383,0.319,0.267,0.267
Johan Otanez,Available,WSN,Carolina League,A,Yes,24.0,,18.0,6.6,1.2,90.9,50.5,48.1,110.1,6.08,103.6,163.9419987295689,98.0,24.6,3.0,2.0,5.24,0.0,0.0,22.3,25.0,1.84,0.356,0.176,0.231,0.055,0.817,0.167,0.417,0.417,0.32,0.04
Jose Atencio,Available,LAA,California League,A,No,24.0,,4.0,17.4,3.8,91.2,142.3,161.1,96.9,4.45,103.4,125.13833836002198,98.0,15.0,1.0,2.0,2.4,0.0,0.0,15.0,12.0,1.0,0.292,0.0,0.197,0.197,0.73,0.25,0.438,0.313,0.333,0.067
Jason Reitz,Available,MIN,Florida State League,A,Yes,21.0,,11.0,12.1,3.1,104.5,100.7,46.2,97.5,5.98,92.4,106.36274614205875,98.0,43.0,0.0,3.0,3.18,10.0,0.0,34.0,24.0,1.32,0.248,0.11,0.164,0.054,0.713,0.248,0.327,0.426,0.233,0.093
Ryan Heppner,Available,ATL,Carolina League,A,No,21.0,,17.0,4.1,1.2,103.9,31.2,18.4,101.1,5.65,92.8,106.78776008577204,97.9,16.7,1.0,3.0,7.65,0.0,0.0,20.0,16.0,1.85,0.339,0.149,0.17,0.021,0.75,0.2,0.517,0.283,0.176,0.176
Yoan Valdez,Available,DET,Florida State League,A,Yes,20.0,,3.0,5.8,1.2,109.7,48.0,-142.0,113.9,9.24,87.9,79.08175883869241,97.9,6.0,0.0,1.0,4.91,0.0,1.0,3.7,1.0,1.91,0.167,0.222,0.056,-0.166,0.834,0.083,0.417,0.5,0.0,0.167
Daniel Keaney,Available,TEX,Carolina League,A,Yes,21.0,,6.0,18.4,3.9,103.9,141.0,114.6,89.7,4.78,92.5,114.87031712202152,97.8,23.3,2.0,3.0,6.17,6.0,0.0,23.3,24.0,1.63,0.388,0.093,0.224,0.131,0.666,0.303,0.348,0.348,0.304,0.087
Luis Mata,Not in Fantrax,CHC,Carolina League,A,Yes,20.0,,4.0,10.4,2.5,109.1,79.9,-55.1,104.4,7.56,88.3,83.12467311054994,97.8,14.5,1.0,2.0,5.4,2.0,0.0,10.0,6.0,1.7,0.2,0.188,0.125,-0.063,0.775,0.161,0.355,0.484,0.133,0.133
Angelo Smith,Available,LAA,California League,A,Yes,22.0,,27.0,10.8,1.7,99.5,88.5,155.3,89.2,4.98,96.1,101.58476458256987,97.7,42.0,1.0,2.0,5.6,0.0,3.0,45.0,54.0,1.31,0.288,0.087,0.277,0.19,0.672,0.244,0.378,0.378,0.133,0.222
Ian Medina,Not in Fantrax,MIA,Florida State League,A,Yes,21.0,,25.0,8.3,1.5,104.5,69.2,9.4,101.1,6.49,91.9,97.98680497909368,97.7,39.2,3.0,4.0,6.52,0.0,1.0,38.7,35.0,1.89,0.34,0.182,0.193,0.011,0.74,0.222,0.407,0.37,0.275,0.1
Aidan Major,Available,CLE,Carolina League,A,No,23.0,,11.0,19.0,4.0,94.9,145.6,97.1,100.1,4.49,99.8,124.44103914014067,97.6,38.4,2.0,1.0,3.86,11.0,0.0,44.3,38.0,1.24,0.269,0.099,0.21,0.111,0.743,0.218,0.46,0.323,0.225,0.125
Wilmer Blanco,Available,PHI,Florida State League,A,No,22.0,,22.0,7.7,1.5,99.7,64.4,53.0,100.5,5.9,95.7,100.34278060841754,97.6,38.2,0.0,0.0,4.91,0.0,2.0,33.0,26.0,1.61,0.333,0.117,0.179,0.062,0.735,0.224,0.378,0.398,0.205,0.103
Earle Zulueta,Available,STL,Florida State League,A,Yes,19.0,,2.0,20.1,3.3,115.5,167.9,27.4,88.4,6.08,82.7,96.94884529742932,97.6,5.0,1.0,0.0,4.05,0.0,0.0,6.7,7.0,1.65,0.294,0.194,0.226,0.032,0.647,0.353,0.353,0.294,0.2,0.0
Harrison Kreiling,Available,BAL,Carolina League,A,No,24.0,,4.0,10.9,3.0,90.9,83.2,15.7,113.0,6.28,102.9,138.80056117965907,97.5,15.0,0.0,3.0,6.75,4.0,0.0,12.0,12.0,1.5,0.172,0.204,0.222,0.018,0.839,0.097,0.387,0.516,0.313,0.125
David Matoma,Available,PIT,Florida State League,A,Yes,20.0,,33.0,4.7,1.1,109.7,39.6,-17.1,98.9,6.36,87.3,59.7056434092986,97.5,22.0,2.0,5.0,9.08,0.0,1.0,36.7,43.0,2.45,0.396,0.241,0.221,-0.02,0.723,0.248,0.535,0.218,0.455,0.136
Cal Riehl,Available,SD,California League,A,Yes,23.0,,20.0,5.8,1.2,95.2,47.5,64.6,103.2,6.46,99.2,83.55421790228118,97.4,25.0,1.0,1.0,5.18,0.0,1.0,24.3,21.0,1.56,0.306,0.105,0.184,0.079,0.777,0.167,0.486,0.347,0.08,0.16
Jose Varela,Available,HOU,Carolina League,A,No,21.0,,19.0,7.1,1.7,103.9,54.0,34.1,98.4,5.83,92.0,152.75618467996787,97.4,31.7,1.0,4.0,8.53,0.0,2.0,31.7,33.0,1.83,0.318,0.175,0.214,0.039,0.73,0.236,0.404,0.36,0.219,0.094
Holden deJong,Available,BAL,Carolina League,A,Yes,22.0,,5.0,14.8,3.6,99.2,113.7,114.6,93.3,4.83,95.6,103.97419443170178,97.3,19.6,0.0,2.0,7.0,4.0,0.0,18.0,20.0,1.72,0.392,0.107,0.238,0.131,0.693,0.269,0.346,0.385,0.25,0.1
Victor Garcia,Available,CHC,California League,A,Yes,22.0,,22.0,10.6,1.6,99.5,86.9,142.3,90.0,5.62,95.5,129.4400329466937,97.3,40.5,2.0,0.0,5.25,0.0,0.0,36.0,51.0,1.58,0.329,0.133,0.307,0.174,0.678,0.23,0.276,0.494,0.233,0.186
Sandy Ozuna,Available,COL,California League,A,Yes,20.0,,6.0,9.5,3.3,109.4,77.9,27.8,93.6,6.9,87.2,107.80462509789432,97.3,24.6,0.0,3.0,6.41,6.0,0.0,19.7,14.0,1.78,0.333,0.122,0.156,0.034,0.705,0.23,0.361,0.41,0.24,0.16
Grant Knipp,Available,SEA,California League,A,Yes,24.0,,1.0,5.2,1.0,91.2,42.8,-163.5,132.7,10.05,102.1,102.62921956479332,97.1,1.0,0.0,0.0,0.0,0.0,0.0,1.0,1.0,3.0,0.5,0.4,0.2,-0.2,1.0,0.0,0.5,0.5,0.0,0.0
Ryan Prager,Available,CLE,Carolina League,A,Yes,23.0,,21.0,19.9,3.2,94.9,152.6,153.1,92.7,4.16,98.9,89.4152956020899,97.1,55.9,4.0,3.0,3.9,12.0,0.0,67.0,89.0,1.39,0.319,0.137,0.312,0.175,0.688,0.259,0.354,0.388,0.228,0.14
Matthew Becker,Available,MIN,Florida State League,A,Yes,23.0,,4.0,15.7,2.1,95.4,130.9,97.5,98.7,5.02,98.6,90.96047413308872,97.1,9.3,2.0,0.0,0.0,0.0,0.0,8.3,9.0,0.84,0.095,0.143,0.257,0.114,0.722,0.278,0.278,0.444,0.375,0.0
Nelfri Payano,Available,CIN,Florida State League,A,Yes,21.0,,6.0,2.9,1.2,104.5,24.3,-118.9,114.8,9.35,91.0,84.97530145231107,97.1,8.6,0.0,0.0,12.86,0.0,0.0,7.0,6.0,3.14,0.375,0.279,0.14,-0.139,0.84,0.12,0.52,0.36,0.111,0.111
Jack O'Connor,Available,LAD,California League,A,Yes,22.0,,8.0,13.7,3.2,99.5,111.7,54.0,99.5,6.55,95.0,101.7442679828998,97.0,26.6,0.0,3.0,7.11,8.0,0.0,25.3,31.0,1.82,0.333,0.192,0.258,0.066,0.75,0.219,0.359,0.422,0.259,0.074
Alexander Cornielle,Available,NYY,Florida State League,A,No,24.0,,1.0,15.0,3.7,91.4,125.2,60.7,106.2,5.14,101.5,94.10880852054396,96.9,3.0,0.0,1.0,2.45,1.0,0.0,3.7,3.0,1.09,0.222,0.143,0.214,0.071,0.777,0.222,0.444,0.333,0.0,0.0
Michael Braswell III,Available,KC,Carolina League,A,Yes,23.0,,9.0,9.4,1.7,94.9,71.7,109.4,97.4,4.59,98.7,115.33068813515314,96.9,19.4,2.0,1.0,3.45,1.0,0.0,15.7,12.0,1.21,0.313,0.063,0.188,0.125,0.723,0.277,0.319,0.404,0.211,0.0
Freddy Rodriguez,Available,CHC,Carolina League,A,Yes,22.0,,4.0,10.6,3.2,99.2,81.3,71.7,97.7,5.12,95.2,102.28710497958808,96.9,14.2,0.0,3.0,8.31,2.0,0.0,13.0,13.0,1.69,0.316,0.131,0.213,0.082,0.725,0.225,0.4,0.375,0.2,0.133
Connor Gehr,Available,BAL,Carolina League,A,Yes,20.0,,5.0,9.9,3.9,109.1,76.2,35.9,92.3,5.97,86.9,99.73856829323122,96.9,27.4,0.0,2.0,7.91,0.0,0.0,19.3,13.0,1.91,0.319,0.092,0.133,0.041,0.685,0.233,0.37,0.397,0.207,0.207
Angel Rivero,Available,LAA,California League,A,Yes,19.0,,3.0,13.3,4.2,115.2,108.8,52.3,84.5,7.16,81.7,109.2947186001888,96.8,15.1,0.0,0.0,7.82,3.0,0.0,12.7,10.0,1.89,0.333,0.095,0.159,0.064,0.637,0.25,0.364,0.386,0.059,0.294
Roberto Pena,Not in Fantrax,NYM,Florida State League,A,Yes,18.0,,1.0,5.2,2.3,121.9,43.8,-60.7,91.0,7.35,76.1,73.4434015412235,96.8,2.0,0.0,0.0,11.57,0.0,0.0,2.3,2.0,3.0,0.444,0.214,0.143,-0.071,0.666,0.333,0.444,0.222,0.0,0.0
Julio Valdez,Not in Fantrax,CHC,Carolina League,A,Yes,21.0,,6.0,11.2,2.4,103.9,86.1,-27.1,104.2,6.21,90.9,83.55159755498497,96.7,16.4,1.0,1.0,4.91,0.0,1.0,14.7,9.0,1.5,0.244,0.169,0.138,-0.031,0.773,0.227,0.409,0.364,0.375,0.0
Samuel Gonzalez,Available,ARI,California League,A,Yes,21.0,,24.0,10.3,2.2,104.2,84.2,116.1,87.4,5.84,90.6,113.19767915158027,96.7,62.8,1.0,3.0,7.43,2.0,2.0,53.3,55.0,1.73,0.371,0.075,0.217,0.142,0.658,0.257,0.347,0.395,0.288,0.212
Marcos Herrera,Available,COL,California League,A,Yes,21.0,,21.0,10.2,3.5,104.2,83.0,31.1,97.0,6.81,90.5,89.37057088828666,96.6,79.6,0.0,9.0,10.02,18.0,0.0,73.7,72.0,2.25,0.388,0.146,0.184,0.038,0.731,0.209,0.462,0.329,0.195,0.183
Keiverson Ramírez,Available,STL,Florida State League,A,Yes,20.0,,3.0,5.6,3.3,109.7,46.6,-37.6,99.7,6.68,85.9,93.01029642620692,96.6,11.7,0.0,1.0,7.2,2.0,0.0,10.0,3.0,1.7,0.306,0.111,0.067,-0.044,0.729,0.243,0.432,0.324,0.167,0.083
Evan Chrest,Available,CLE,Carolina League,A,Yes,22.0,,20.0,9.3,1.9,99.2,71.1,53.4,99.0,4.98,94.4,93.03932602471048,96.5,29.7,1.0,2.0,4.74,0.0,3.0,38.0,29.0,1.39,0.277,0.114,0.175,0.061,0.735,0.239,0.496,0.265,0.267,0.1
Luis Pimentel,Available,CIN,Florida State League,A,Yes,22.0,,6.0,7.9,1.6,99.7,66.1,49.6,99.0,6.02,94.1,161.7886622861986,96.5,10.7,0.0,0.0,7.45,0.0,0.0,9.7,11.0,2.07,0.355,0.154,0.212,0.058,0.724,0.241,0.414,0.345,0.4,0.1
Danny Flatt,Available,NYY,Florida State League,A,No,22.0,,8.0,13.8,3.7,99.7,115.3,46.2,99.2,6.17,94.0,96.7119452923406,96.4,37.3,2.0,3.0,6.07,4.0,0.0,29.7,21.0,1.42,0.264,0.109,0.163,0.054,0.726,0.22,0.352,0.429,0.154,0.128
Andrew Dutkanych IV,Available,STL,Florida State League,A,Yes,22.0,,11.0,20.2,3.7,99.7,168.4,112.0,91.6,4.73,93.9,48.51788097538623,96.4,30.7,3.0,2.0,5.09,7.0,0.0,40.7,47.0,1.38,0.293,0.136,0.267,0.131,0.67,0.3,0.39,0.31,0.194,0.097
Colin Fields,Available,DET,Florida State League,A,No,26.0,,2.0,12.0,1.5,84.4,100.1,183.9,97.6,4.22,106.3,140.5753093744454,96.2,2.0,0.0,0.0,3.0,0.0,0.0,3.0,4.0,1.33,0.286,0.071,0.286,0.215,0.714,0.143,0.571,0.286,0.0,0.5
Ethan Long,Available,SD,California League,A,Yes,25.0,,6.0,10.1,1.1,87.5,82.6,25.3,112.8,7.09,103.7,-38.49238929257297,96.2,6.3,0.0,1.0,1.35,0.0,3.0,6.7,5.0,1.65,0.333,0.125,0.156,0.031,0.85,0.15,0.55,0.3,0.333,0.0
Connor O'Hara,Available,TEX,Carolina League,A,No,25.0,,4.0,20.5,3.8,87.3,156.9,177.6,95.3,3.61,103.7,111.84921996570728,96.1,8.0,0.0,0.0,3.6,3.0,0.0,15.0,18.0,1.33,0.341,0.058,0.261,0.203,0.707,0.244,0.561,0.195,0.0,0.25
Kevin Warunek,Available,PHI,Florida State League,A,No,23.0,,4.0,7.7,1.2,95.4,64.1,99.2,96.5,4.56,96.8,121.8918260431124,96.0,3.3,1.0,0.0,11.57,0.0,0.0,4.7,6.0,2.79,0.5,0.115,0.231,0.116,0.706,0.118,0.647,0.235,0.0,0.75
Felix Castro,Available,ATH,California League,A,Yes,22.0,,8.0,2.5,1.0,99.5,20.4,-84.2,113.8,8.17,93.5,93.87729196490896,96.0,5.7,0.0,0.0,11.74,0.0,0.0,7.7,7.0,2.09,0.2,0.282,0.179,-0.103,0.857,0.095,0.619,0.286,0.333,0.167
Aaron Savary,Available,CLE,Carolina League,A,Yes,21.0,,27.0,6.6,1.6,103.9,50.7,74.4,91.3,4.95,89.9,115.67112917654543,96.0,32.8,2.0,3.0,6.18,0.0,0.0,43.7,40.0,1.63,0.349,0.115,0.2,0.085,0.678,0.291,0.449,0.26,0.182,0.121
Joan Pena,Available,MIL,Carolina League,A,Yes,18.0,,5.0,11.2,3.1,121.2,86.1,42.9,78.4,5.49,75.5,91.61025613366536,96.0,9.6,0.0,1.0,12.33,2.0,0.0,15.3,20.0,2.54,0.488,0.195,0.244,0.049,0.582,0.349,0.419,0.233,0.3,0.3
Jairon Digon,Available,ARI,California League,A,Yes,20.0,,15.0,4.3,1.0,109.4,34.8,-50.7,100.3,8.84,85.1,69.14633416256103,95.9,21.0,1.0,0.0,8.04,0.0,0.0,15.7,14.0,2.3,0.356,0.235,0.173,-0.062,0.756,0.222,0.311,0.467,0.286,0.048
Ben Joyce,Available,LAA,California League,A,No,25.0,,4.0,8.9,1.0,87.5,72.4,77.7,106.2,7.71,103.1,108.96402369026954,95.8,5.5,0.0,0.0,2.25,0.0,0.0,4.0,5.0,1.5,0.273,0.143,0.238,0.095,0.8,0.2,0.3,0.5,0.2,0.0
Jatnk Diaz,Available,DET,Florida State League,A,Yes,21.0,,16.0,6.4,1.6,104.5,53.1,41.9,94.2,5.99,89.1,93.8060183053792,95.8,23.8,1.0,1.0,9.23,0.0,1.0,26.3,26.0,2.24,0.419,0.132,0.181,0.049,0.689,0.3,0.444,0.256,0.13,0.043
Carter Holton,Available,KC,Carolina League,A,Yes,23.0,,7.0,21.9,4.8,94.9,167.9,104.1,95.9,4.41,96.8,100.34800158300132,95.7,30.1,2.0,1.0,5.08,6.0,0.0,33.7,30.0,1.37,0.298,0.091,0.21,0.119,0.711,0.237,0.443,0.32,0.194,0.161
Adbert Alzolay,Available,NYM,Florida State League,A,No,31.0,,2.0,4.1,1.0,70.8,34.4,94.9,119.6,6.12,116.5,143.62052820082602,95.5,3.5,0.0,1.0,9.0,0.0,0.0,2.0,1.0,1.5,0.286,0.0,0.111,0.111,0.875,0.0,0.5,0.5,0.25,0.25
Derek Diamond,Available,PIT,Florida State League,A,No,25.0,,2.0,10.2,2.0,87.8,85.5,201.0,91.0,4.45,102.3,116.43107439385624,95.4,4.4,0.0,0.0,2.25,0.0,0.0,4.0,5.0,1.0,0.3,0.059,0.294,0.235,0.666,0.333,0.222,0.444,0.0,0.0
Sam Brodersen,Available,WSH,Carolina League,A,No,24.0,,10.0,8.4,1.0,90.9,64.5,87.5,101.1,4.67,99.7,102.15596688970516,95.4,7.0,2.0,0.0,0.93,0.0,0.0,9.7,12.0,1.34,0.25,0.2,0.3,0.1,0.75,0.25,0.4,0.35,0.143,0.0
Augie Mojica,Available,ARI,California League,A,No,21.0,,23.0,5.8,1.7,104.2,47.4,71.1,90.3,5.97,88.7,109.84756170401404,95.4,33.8,3.0,3.0,9.31,0.0,0.0,38.7,36.0,1.76,0.348,0.109,0.196,0.087,0.681,0.252,0.454,0.294,0.229,0.229
Jean Brito,Available,NYM,Florida State League,A,Yes,20.0,,4.0,4.0,1.5,109.7,33.4,0.0,93.3,6.45,84.1,100.93165125771708,95.4,5.7,0.0,0.0,12.0,0.0,0.0,6.0,6.0,2.67,0.429,0.176,0.176,0.0,0.682,0.273,0.455,0.273,0.333,0.167
Kevin Herget,Available,NYM,Florida State League,A,No,35.0,,1.0,11.8,2.0,62.7,98.0,244.6,109.3,3.45,122.6,107.381741630751,95.1,2.0,0.0,0.0,0.0,0.0,0.0,2.0,2.0,0.5,0.2,0.0,0.286,0.286,0.8,0.2,0.4,0.4,0.0,0.0
Zac Lampton,Available,BAL,Carolina League,A,No,26.0,,18.0,8.6,1.2,83.9,66.0,221.4,91.6,3.49,104.8,77.68030596723662,95.0,21.4,1.0,3.0,2.95,0.0,2.0,21.3,30.0,1.17,0.333,0.077,0.33,0.253,0.68,0.3,0.28,0.42,0.286,0.048
Luke Roupe,Available,MIL,Carolina League,A,Yes,19.0,,5.0,5.0,2.6,114.9,38.7,-102.4,99.5,7.64,79.3,86.1418826732206,95.0,12.0,1.0,1.0,11.08,2.0,0.0,13.0,8.0,2.54,0.381,0.235,0.118,-0.117,0.738,0.238,0.476,0.286,0.167,0.083
Gabe Tanner,Available,CHW,Carolina League,A,Yes,24.0,,13.0,18.3,5.1,90.9,140.4,9.6,109.2,5.77,98.9,99.5197264906509,94.9,71.4,5.0,5.0,3.66,13.0,0.0,66.3,29.0,1.36,0.276,0.094,0.105,0.011,0.81,0.163,0.498,0.34,0.233,0.082
Cameron Nohos,Available,SDP,California League,A,Yes,23.0,,7.0,16.7,3.5,95.2,136.4,160.3,87.8,5.09,95.5,106.3483021118582,94.9,25.6,1.0,4.0,9.25,5.0,0.0,24.3,35.0,1.81,0.383,0.103,0.299,0.196,0.662,0.206,0.368,0.426,0.207,0.31
Andres Cova,Available,LAA,California League,A,Yes,21.0,,6.0,4.2,1.1,104.2,34.7,23.7,94.7,7.92,87.8,97.18687366537117,94.8,9.0,0.0,0.0,8.1,0.0,0.0,6.7,7.0,2.1,0.316,0.171,0.2,0.029,0.714,0.19,0.333,0.476,0.1,0.2
Manuel Colon,Not in Fantrax,PHI,Florida State League,A,Yes,19.0,,8.0,7.3,1.0,115.5,60.8,19.7,84.5,7.49,78.5,103.89952849084148,94.8,7.0,3.0,0.0,10.13,0.0,0.0,8.0,9.0,1.88,0.286,0.186,0.209,0.023,0.618,0.333,0.333,0.333,0.143,0.143
Billy Oldham,Available,MIN,Florida State League,A,Yes,25.0,,6.0,6.3,1.2,87.8,52.8,0.0,113.0,6.74,101.3,115.328304375803,94.7,9.6,0.0,0.0,3.68,0.0,0.0,7.3,5.0,1.64,0.273,0.152,0.152,0.0,0.827,0.13,0.435,0.435,0.1,0.1
Redinson Gomez,Available,COL,California League,A,Yes,21.0,,6.0,5.0,1.0,104.2,40.5,31.1,93.7,5.84,87.6,111.07562010374308,94.7,4.0,1.0,0.0,6.0,0.0,0.0,6.0,5.0,1.5,0.294,0.154,0.192,0.038,0.706,0.294,0.471,0.235,0.5,0.0
Caden Wooster,Available,NYM,Florida State League,A,Yes,21.0,,21.0,6.4,1.4,104.5,53.7,46.2,91.7,6.37,87.3,108.58074421313148,94.6,35.2,1.0,0.0,6.37,0.0,0.0,29.7,33.0,1.92,0.321,0.17,0.224,0.054,0.671,0.259,0.306,0.435,0.324,0.162
Leonardo Rossell,Not in Fantrax,DET,Florida State League,A,Yes,21.0,,5.0,1.9,1.3,104.5,16.3,-23.1,99.5,6.78,87.2,106.64471989804149,94.6,6.3,0.0,1.0,9.95,0.0,0.0,6.3,6.0,2.68,0.435,0.194,0.167,-0.027,0.728,0.273,0.455,0.273,0.167,0.0
Deiker Pineda,Not in Fantrax,TOR,Florida State League,A,Yes,20.0,,5.0,10.2,2.1,109.7,84.7,18.8,89.8,6.0,83.0,101.43277606584076,94.6,9.1,2.0,0.0,5.91,0.0,0.0,10.7,7.0,1.59,0.276,0.13,0.152,0.022,0.657,0.25,0.438,0.313,0.0,0.3
Eric Lin,Available,TB,Carolina League,A,Yes,23.0,,3.0,12.3,1.6,94.9,94.4,41.1,101.1,5.42,95.0,127.20403567700788,94.5,3.0,0.0,0.0,1.93,1.0,0.0,4.7,7.0,1.71,0.25,0.286,0.333,0.047,0.75,0.25,0.375,0.375,0.333,0.0
Ryan Degges,Available,CLE,Florida State League,A,No,23.0,,2.0,3.4,2.0,95.4,28.2,0.0,105.2,6.78,94.5,101.59107866669684,94.4,6.0,0.0,1.0,9.0,2.0,0.0,4.0,2.0,1.25,0.154,0.111,0.111,0.0,0.77,0.154,0.385,0.462,0.167,0.167
Michael Salina,Available,SD,California League,A,Yes,22.0,,4.0,6.9,1.3,99.5,56.1,30.3,97.8,5.83,91.1,99.35956407974612,94.4,4.2,1.0,0.0,5.06,0.0,0.0,5.3,4.0,1.88,0.35,0.111,0.148,0.037,0.737,0.263,0.526,0.211,0.0,0.0
Engel Peralta,Available,MIA,Florida State League,A,No,22.0,,14.0,6.5,1.3,99.7,54.2,79.5,91.9,5.92,90.9,96.26155772112932,94.4,16.1,0.0,2.0,10.8,0.0,1.0,18.3,23.0,1.96,0.365,0.144,0.237,0.093,0.673,0.273,0.418,0.309,0.176,0.176
Robert Puason,Available,ATH,California League,A,Yes,23.0,,9.0,7.8,1.8,95.2,63.5,67.0,97.5,7.36,94.6,79.263415366986,94.3,25.9,1.0,0.0,4.5,0.0,0.0,16.0,12.0,1.5,0.277,0.082,0.164,0.082,0.735,0.163,0.286,0.551,0.111,0.185
Joey Broughton,Available,MIL,Carolina League,A,Yes,20.0,,15.0,12.3,3.0,109.1,93.9,28.0,88.5,5.64,82.8,102.85236730672044,94.2,37.6,0.0,6.0,7.09,9.0,2.0,45.7,42.0,1.88,0.341,0.159,0.191,0.032,0.657,0.299,0.416,0.285,0.128,0.154
Joel Díaz,Available,NYM,Florida State League,A,No,22.0,,4.0,5.8,1.6,99.7,48.0,0.0,100.6,6.41,90.5,82.40716088931856,94.1,7.4,0.0,2.0,7.11,3.0,0.0,6.3,5.0,1.89,0.35,0.167,0.167,0.0,0.736,0.263,0.368,0.368,0.714,0.0
Nick Pinto,Available,CHW,Carolina League,A,Yes,26.0,,7.0,15.5,3.6,83.9,118.9,104.1,103.4,4.65,103.4,125.11317061395437,94.0,25.3,0.0,1.0,3.2,7.0,0.0,25.3,20.0,1.14,0.286,0.079,0.198,0.119,0.768,0.217,0.42,0.362,0.2,0.04
Jeronimo Palmeros,Available,SD,California League,A,Yes,19.0,,1.0,-4.2,1.0,115.2,-34.7,-408.8,132.7,19.69,77.5,100.15582467935668,94.0,2.0,0.0,0.0,27.0,0.0,0.0,1.0,0.0,5.0,0.25,0.5,0.0,-0.5,1.0,0.0,0.5,0.5,0.0,0.0
Ma'Kale Holden,Available,MIL,Carolina League,A,Yes,19.0,,1.0,0.8,2.7,114.9,5.7,0.0,85.8,6.36,77.7,93.116948080732,93.9,3.0,0.0,1.0,20.25,1.0,0.0,2.7,3.0,3.37,0.545,0.176,0.176,0.0,0.637,0.364,0.364,0.273,0.0,0.0
Yimi García,Available,TOR,Florida State League,A,No,35.0,,3.0,9.8,1.0,62.7,82.1,155.7,117.3,4.45,120.6,88.06835890157743,93.8,3.0,0.0,0.0,0.0,0.0,0.0,3.0,3.0,0.67,0.143,0.091,0.273,0.182,0.858,0.143,0.429,0.429,0.0,0.0
Ricardo Yan,Available,ARI,California League,A,No,23.0,,24.0,10.3,1.6,95.2,84.1,71.1,96.0,6.24,93.6,93.57342567758778,93.7,31.3,3.0,4.0,5.35,0.0,2.0,38.7,50.0,1.84,0.343,0.169,0.256,0.087,0.723,0.248,0.446,0.307,0.097,0.097
Dylan Questad,Available,MIN,Florida State League,A,Yes,21.0,,15.0,4.6,1.0,104.5,38.4,-41.1,100.1,7.85,85.9,103.62072647916416,93.7,16.6,0.0,0.0,11.93,0.0,0.0,14.3,18.0,2.93,0.45,0.268,0.22,-0.048,0.732,0.22,0.366,0.415,0.059,0.118
Roberto Urdaneta,Available,ATH,California League,A,Yes,20.0,,4.0,4.0,2.8,109.4,32.6,-122.6,104.8,11.35,81.9,88.18556074273593,93.7,22.6,0.0,1.0,10.32,1.0,0.0,11.3,6.0,2.47,0.242,0.25,0.1,-0.15,0.79,0.079,0.237,0.684,0.192,0.192
Sem Robberse,Available,STL,Florida State League,A,Yes,24.0,,3.0,7.4,2.0,91.4,61.9,221.5,82.0,2.0,96.5,138.18263743943209,93.6,1.9,0.0,1.0,9.0,3.0,0.0,6.0,7.0,1.83,0.526,0.0,0.259,0.259,0.6,0.35,0.55,0.1,0.5,0.5
Trennor O'Donnell,Available,BOS,Carolina League,A,No,25.0,,3.0,18.8,3.0,87.3,144.2,218.7,86.2,3.33,99.9,139.7052468526224,93.5,8.8,0.0,1.0,4.0,1.0,1.0,9.0,10.0,1.11,0.273,0.028,0.278,0.25,0.64,0.24,0.36,0.4,0.3,0.3
Alexander Fuentes,Available,SF,California League,A,Yes,21.0,,1.0,5.8,2.7,104.2,46.9,-68.7,103.2,8.98,85.9,107.6531925972646,93.5,4.4,0.0,0.0,6.75,0.0,0.0,2.7,1.0,1.87,0.25,0.167,0.083,-0.084,0.778,0.111,0.333,0.556,0.4,0.2
Ismael Yanez,Available,MIL,Carolina League,A,Yes,20.0,,19.0,3.9,1.1,109.1,29.8,-73.5,99.1,7.68,81.8,98.12764039597306,93.5,21.0,2.0,0.0,10.55,0.0,0.0,21.3,22.0,2.81,0.41,0.269,0.185,-0.084,0.735,0.219,0.438,0.344,0.182,0.136
Jonawel Valdez,Available,MIA,Florida State League,A,Yes,22.0,,8.0,5.1,1.3,99.7,42.2,15.4,97.6,7.25,89.4,101.59983637122338,93.4,16.4,0.0,2.0,7.59,0.0,0.0,10.7,10.0,2.06,0.281,0.164,0.182,0.018,0.714,0.171,0.314,0.514,0.389,0.222
Antonio Florido,Not in Fantrax,DET,Florida State League,A,Yes,21.0,,10.0,5.3,1.1,104.5,44.2,-67.6,102.6,8.16,85.4,106.6212546643353,93.4,9.6,0.0,3.0,10.32,0.0,0.0,11.3,15.0,2.65,0.333,0.313,0.234,-0.079,0.75,0.214,0.429,0.357,0.5,0.1
Ethan Lanthier,Available,NYM,Florida State League,A,Yes,23.0,,11.0,10.5,3.0,95.4,87.8,64.1,95.9,5.49,92.8,82.47030020513745,93.3,31.2,0.0,5.0,7.16,11.0,0.0,32.7,31.0,1.62,0.315,0.137,0.212,0.075,0.702,0.245,0.404,0.351,0.152,0.152
Melvin Pineda,Not in Fantrax,SFG,California League,A,Yes,22.0,,17.0,6.2,1.3,99.5,50.9,75.2,90.8,6.66,89.5,115.57015633325072,93.3,22.4,2.0,2.0,9.13,0.0,0.0,22.7,30.0,1.94,0.361,0.16,0.252,0.092,0.684,0.267,0.367,0.367,0.136,0.136
Candido Cuevas,Available,NYM,Florida State League,A,Yes,22.0,,7.0,5.2,1.0,99.7,43.5,130.0,84.2,4.78,89.3,96.44271067412411,93.3,3.4,0.0,0.0,10.8,0.0,0.0,6.7,12.0,2.1,0.455,0.212,0.364,0.152,0.616,0.231,0.462,0.308,0.25,0.5
Jan Cabrera,Available,STL,Florida State League,A,Yes,21.0,,5.0,11.2,3.7,104.5,93.5,66.7,86.7,5.49,85.1,107.25666484909652,93.2,19.3,0.0,2.0,7.36,3.0,0.0,18.3,16.0,2.07,0.426,0.1,0.178,0.078,0.634,0.317,0.365,0.317,0.2,0.15
Luis Valdez,Available,KCR,Carolina League,A,Yes,21.0,,10.0,5.7,1.3,103.9,43.6,13.1,93.4,6.04,85.5,114.13173099025094,93.1,14.2,0.0,1.0,6.23,0.0,0.0,13.0,13.0,2.15,0.351,0.185,0.2,0.015,0.693,0.231,0.385,0.385,0.267,0.2
Dusty Revis,Available,CIN,Florida State League,A,Yes,22.0,,11.0,13.7,4.2,99.7,114.2,41.9,93.9,5.92,88.9,101.3135776891694,93.0,43.2,1.0,6.0,7.58,8.0,0.0,46.3,38.0,1.86,0.353,0.118,0.167,0.049,0.687,0.275,0.438,0.288,0.273,0.136
Angel Liranzo,Available,PHI,Florida State League,A,Yes,19.0,,4.0,8.5,2.3,115.5,70.9,35.9,79.3,6.25,75.6,100.03046724520482,92.9,10.8,1.0,1.0,9.64,1.0,0.0,9.3,9.0,2.14,0.357,0.149,0.191,0.042,0.58,0.323,0.29,0.387,0.083,0.25
Jose Serrano,Available,HOU,Carolina League,A,No,22.0,,13.0,15.8,3.2,99.2,121.2,56.9,92.3,5.3,89.0,92.78576029102392,92.8,22.6,2.0,3.0,6.0,1.0,1.0,42.0,44.0,1.6,0.297,0.155,0.22,0.065,0.685,0.287,0.509,0.204,0.273,0.136
Anthony Watts,Available,STL,Florida State League,A,Yes,22.0,,17.0,6.8,1.3,99.7,56.3,67.6,90.6,5.33,88.5,75.4010422153253,92.8,18.2,2.0,1.0,7.66,0.0,1.0,22.3,24.0,2.01,0.368,0.132,0.211,0.079,0.663,0.268,0.465,0.268,0.105,0.263
Austin Breedlove,Available,NYY,Florida State League,A,Yes,22.0,,6.0,7.8,1.3,99.7,65.0,-23.9,101.0,6.78,88.4,111.99344277135194,92.8,8.2,0.0,0.0,7.04,0.0,2.0,7.7,5.0,1.7,0.19,0.171,0.143,-0.028,0.739,0.13,0.478,0.391,0.333,0.333
Franklyn Moreta,Not in Fantrax,MIA,Florida State League,A,Yes,22.0,,17.0,7.2,1.8,99.7,60.1,-28.2,101.4,7.29,88.4,81.49453743446887,92.7,22.5,4.0,2.0,8.4,0.0,0.0,30.0,25.0,2.0,0.313,0.199,0.166,-0.033,0.742,0.212,0.518,0.271,0.174,0.174
Williams Montero,Available,BOS,Carolina League,A,Yes,18.0,,6.0,1.7,1.7,121.2,13.1,0.0,77.5,6.04,70.4,124.06077287832262,92.6,6.6,0.0,3.0,18.0,5.0,0.0,10.0,11.0,2.7,0.452,0.196,0.196,0.0,0.575,0.364,0.424,0.212,0.143,0.286
Kendry Garcia,Not in Fantrax,CHW,Carolina League,A,Yes,22.0,,7.0,12.2,2.3,99.2,93.8,-23.6,100.3,6.57,87.9,111.37139253380622,92.1,13.0,3.0,0.0,6.19,0.0,0.0,16.0,15.0,2.06,0.35,0.224,0.197,-0.027,0.744,0.209,0.465,0.326,0.143,0.143
Eligio Arias,Available,PHI,Florida State League,A,Yes,23.0,,1.0,6.0,1.0,95.4,50.1,284.8,68.3,1.77,91.0,100.4838865441617,92.0,0.0,0.0,0.0,0.0,0.0,0.0,1.0,1.0,0.0,0.0,0.0,0.333,0.333,0.5,0.5,0.5,0.0,0.0,0.0
Dailoui Abad,Available,LAD,California League,A,Yes,24.0,,22.0,5.7,1.2,91.2,46.4,11.4,103.6,7.26,94.2,120.6535693785876,91.9,25.3,5.0,2.0,9.79,0.0,0.0,26.7,26.0,2.25,0.398,0.17,0.184,0.014,0.78,0.183,0.512,0.305,0.24,0.12
Harrison Ruiz,Available,CLE,Carolina League,A,Yes,22.0,,9.0,6.8,1.1,99.2,52.3,194.2,74.8,3.08,87.5,116.99006657302874,91.8,6.0,0.0,2.0,5.59,0.0,2.0,9.7,13.0,1.66,0.444,0.067,0.289,0.222,0.555,0.407,0.37,0.222,0.167,0.167
David Sanchez,Not in Fantrax,ARI,California League,A,Yes,19.0,,2.0,4.5,2.2,115.2,36.7,-29.4,85.2,6.87,74.2,96.29167189875852,91.8,1.1,0.0,1.0,14.54,2.0,0.0,4.3,6.0,3.69,0.6,0.25,0.214,-0.036,0.642,0.357,0.571,0.071,0.0,0.0
Noah Millikan,Available,WSH,Carolina League,A,Yes,23.0,,7.0,18.4,3.6,94.9,140.8,91.0,90.4,4.82,90.8,108.8223294231374,91.6,25.3,3.0,2.0,7.11,3.0,0.0,25.3,26.0,1.78,0.394,0.122,0.226,0.104,0.671,0.288,0.356,0.356,0.192,0.115
Jose Cabrera,Available,LAD,California League,A,Yes,21.0,,13.0,3.9,0.9,104.2,31.5,-54.0,98.2,9.86,83.0,107.13009542781862,91.6,8.3,2.0,0.0,24.62,0.0,1.0,11.3,20.0,3.44,0.48,0.329,0.263,-0.066,0.74,0.185,0.481,0.333,0.111,0.222
Isaac Silva,Not in Fantrax,BAL,Carolina League,A,Yes,23.0,,7.0,9.6,2.4,94.9,73.3,98.0,88.9,3.98,90.2,84.00564757995375,91.2,10.8,1.0,0.0,6.48,0.0,0.0,16.7,14.0,1.32,0.286,0.085,0.197,0.112,0.66,0.3,0.48,0.22,0.182,0.182
Josnier Parra,Not in Fantrax,OAK,California League,A,Yes,24.0,,22.0,8.9,2.2,91.2,72.6,94.8,92.5,5.95,92.9,117.4091269067654,91.0,53.0,0.0,2.0,7.61,3.0,0.0,47.3,47.0,1.8,0.382,0.093,0.209,0.116,0.697,0.243,0.388,0.368,0.143,0.161
Brody Fowler,Available,ATL,Carolina League,A,No,22.0,,6.0,16.6,4.4,99.2,127.3,104.1,83.5,4.4,86.0,98.56420807337008,90.8,24.9,2.0,1.0,6.41,4.0,0.0,26.7,18.0,1.54,0.329,0.034,0.153,0.119,0.619,0.283,0.424,0.293,0.111,0.333
Brayden Heidel,Available,TOR,Florida State League,A,Yes,24.0,,14.0,8.0,2.5,91.4,67.1,30.8,99.1,5.83,92.3,18.532580002327705,90.7,31.5,2.0,3.0,7.6,4.0,0.0,34.3,25.0,1.63,0.297,0.116,0.152,0.036,0.725,0.235,0.48,0.284,0.103,0.138
Luis Cesar,Available,MIA,Florida State League,A,No,22.0,,12.0,9.4,1.5,99.7,78.7,0.0,94.5,7.19,85.2,74.61308667204037,90.6,13.6,2.0,1.0,5.4,0.0,1.0,18.3,23.0,2.02,0.295,0.237,0.237,0.0,0.691,0.286,0.405,0.31,0.308,0.077
Jack Crowder,Available,BAL,Carolina League,A,No,23.0,,13.0,10.1,1.5,94.9,77.1,142.6,82.6,3.6,89.1,96.64063637743548,90.5,12.2,0.0,1.0,7.2,0.0,2.0,20.0,27.0,1.7,0.38,0.13,0.293,0.163,0.613,0.327,0.429,0.245,0.167,0.25
L.J. Waco,Available,WSH,Carolina League,A,Yes,24.0,,10.0,9.3,1.2,90.9,71.4,59.5,95.5,5.76,92.0,103.9127265116357,90.3,12.5,0.0,0.0,9.0,0.0,2.0,12.0,19.0,1.92,0.261,0.254,0.322,0.068,0.709,0.208,0.25,0.542,0.154,0.154
Brandon Clarke,Lászlaró Tóth (MINORS),STL,Florida State League,A,No,23.0,,3.0,10.1,1.9,95.4,84.1,30.8,94.6,5.54,88.4,159.93420048500792,90.3,2.8,0.0,0.0,6.35,3.0,0.0,5.7,8.0,1.94,0.25,0.25,0.286,0.036,0.692,0.231,0.538,0.231,0.333,0.333
Mason McConnaughey,Available,TEX,Carolina League,A,Yes,22.0,,5.0,9.8,2.8,99.2,74.6,77.0,85.7,4.93,85.3,102.17169509073923,90.3,15.8,0.0,1.0,4.5,5.0,0.0,14.0,9.0,1.21,0.244,0.07,0.158,0.088,0.636,0.295,0.318,0.386,0.294,0.176
Julius Sanchez,Available,TEX,Carolina League,A,Yes,22.0,,7.0,12.5,1.7,99.2,95.7,84.0,84.8,4.29,85.1,106.9847947997674,90.3,4.1,2.0,0.0,3.75,0.0,0.0,12.0,14.0,1.33,0.25,0.173,0.269,0.096,0.629,0.37,0.481,0.148,0.25,0.0
Cristopher Aranguren,Not in Fantrax,CHC,Carolina League,A,Yes,20.0,,2.0,5.8,2.5,109.1,44.0,70.0,77.0,5.1,77.0,83.96612616056686,90.3,2.6,0.0,0.0,16.2,0.0,0.0,5.0,6.0,2.0,0.333,0.16,0.24,0.08,0.571,0.286,0.5,0.214,0.333,0.667
Victor Zarraga,Not in Fantrax,CHC,Carolina League,A,Yes,22.0,,18.0,9.8,2.4,99.2,74.7,-20.1,96.2,6.34,84.7,108.30332606077474,89.9,32.8,3.0,3.0,6.18,3.0,0.0,43.7,38.0,1.99,0.336,0.201,0.178,-0.023,0.714,0.27,0.468,0.262,0.152,0.061
Zander Mueth,Available,PIT,Florida State League,A,Yes,21.0,,13.0,7.1,2.6,104.5,59.5,-24.8,91.6,7.35,80.2,102.83634749037134,89.9,22.3,0.0,3.0,9.18,9.0,0.0,33.3,28.0,2.07,0.312,0.191,0.162,-0.029,0.67,0.26,0.5,0.24,0.25,0.292
Grayson Rodriguez,Available,LAA,California League,A,No,26.0,,2.0,30.6,4.3,84.2,250.0,233.8,80.7,3.28,96.6,118.02223485253738,89.6,5.0,0.0,0.0,3.12,2.0,0.0,8.7,15.0,1.73,0.522,0.071,0.357,0.286,0.608,0.391,0.391,0.217,0.0,0.0
Jason Shockley,Available,BAL,Carolina League,A,Yes,23.0,,17.0,6.4,1.2,94.9,48.7,85.7,87.5,5.43,87.7,39.945994451036704,89.6,19.3,0.0,2.0,7.84,0.0,1.0,20.7,28.0,2.18,0.397,0.15,0.248,0.098,0.649,0.263,0.404,0.333,0.263,0.263
Micah Ottenbreit,Available,PHI,Florida State League,A,No,23.0,,5.0,9.8,1.8,95.4,81.8,65.0,89.4,5.74,87.3,111.83491031666485,89.6,10.4,0.0,0.0,4.0,0.0,0.0,9.0,7.0,1.33,0.296,0.103,0.179,0.076,0.654,0.346,0.269,0.385,0.1,0.0
Xiomer Guacache,Available,DET,Florida State League,A,Yes,22.0,,19.0,8.4,1.5,99.7,70.2,6.0,92.1,6.4,83.7,99.40961470572744,89.6,29.3,4.0,3.0,5.22,0.0,2.0,29.3,24.0,1.6,0.25,0.169,0.176,0.007,0.674,0.291,0.36,0.349,0.233,0.1
Ryan Mathiesen,Available,HOU,Carolina League,A,Yes,23.0,,18.0,9.8,1.3,94.9,75.3,17.5,95.3,5.89,87.6,66.63307886235877,89.5,21.7,8.0,0.0,3.0,0.0,0.0,24.0,21.0,1.42,0.25,0.184,0.204,0.02,0.707,0.293,0.345,0.362,0.286,0.0
Connor Wilford,Available,SEA,California League,A,Yes,25.0,,8.0,19.8,4.5,87.5,161.2,148.0,86.9,5.18,93.4,97.73801244224626,89.3,36.9,2.0,3.0,7.93,8.0,0.0,36.3,39.0,1.54,0.346,0.047,0.228,0.181,0.655,0.248,0.407,0.345,0.103,0.282
Trey Seeley,Available,SF,California League,A,Yes,24.0,,14.0,14.1,2.9,91.2,115.4,131.6,85.3,5.44,90.4,99.2654670022688,89.3,41.8,3.0,4.0,7.14,8.0,0.0,40.3,47.0,1.49,0.283,0.1,0.261,0.161,0.643,0.229,0.349,0.422,0.196,0.304
Daniel Nunez,Available,ARI,California League,A,Yes,23.0,,25.0,7.3,1.3,95.2,59.9,80.9,87.2,5.76,87.0,112.3819610189827,89.3,33.0,3.0,1.0,5.94,0.0,3.0,33.3,28.0,1.62,0.313,0.086,0.185,0.099,0.657,0.25,0.417,0.333,0.111,0.278
Cristobal Abreu,Available,ATL,Carolina League,A,Yes,20.0,,26.0,6.4,1.2,109.1,49.3,-130.4,98.1,8.55,75.3,88.06835890157743,89.2,27.7,4.0,1.0,3.0,0.0,0.0,30.0,22.0,2.2,0.241,0.292,0.143,-0.149,0.728,0.247,0.403,0.351,0.259,0.074
Jake Faherty,Available,TOR,Florida State League,A,Yes,23.0,,20.0,6.3,0.8,95.4,52.9,-124.9,110.2,9.97,86.3,67.22970014433974,89.0,5.0,1.0,0.0,8.64,0.0,4.0,16.7,20.0,2.34,0.161,0.354,0.208,-0.146,0.806,0.194,0.645,0.161,0.2,0.0
Juan Ledezma,Available,ARI,California League,A,Yes,21.0,,12.0,2.9,1.1,104.2,23.6,21.3,84.8,6.94,78.9,111.2207281708979,88.8,14.4,0.0,1.0,10.54,0.0,0.0,13.7,13.0,2.41,0.378,0.147,0.173,0.026,0.639,0.255,0.426,0.319,0.133,0.333
Johnathan Rogers,Available,DET,Florida State League,A,Yes,21.0,,3.0,9.8,1.4,104.5,81.4,-171.1,106.3,11.01,78.4,97.02567960455232,88.7,5.0,0.0,0.0,2.08,0.0,0.0,4.3,5.0,2.54,0.111,0.4,0.2,-0.2,0.778,0.222,0.222,0.556,0.4,0.0
Brayden Jones,Available,TB,Carolina League,A,Yes,24.0,,10.0,8.0,1.2,90.9,60.9,-14.0,101.1,6.69,89.6,88.00510946773846,88.6,10.6,1.0,3.0,6.75,0.0,1.0,12.0,15.0,2.0,0.222,0.262,0.246,-0.016,0.75,0.179,0.429,0.393,0.091,0.182
Edrwin Veras,Available,TOR,Florida State League,A,Yes,23.0,,6.0,11.8,2.8,95.4,98.7,58.2,88.4,5.08,85.8,110.9986404680606,88.6,12.8,2.0,1.0,4.86,1.0,0.0,16.7,12.0,1.56,0.32,0.096,0.164,0.068,0.647,0.294,0.451,0.255,0.231,0.231
Jeremy Gonzalez,Not in Fantrax,CHW,Carolina League,A,Yes,21.0,,7.0,-0.1,1.0,103.9,-0.5,-120.7,101.1,9.15,78.8,105.72945614475296,88.6,11.4,0.0,1.0,14.14,0.0,0.0,7.0,2.0,2.0,0.28,0.194,0.056,-0.138,0.75,0.25,0.292,0.458,0.364,0.0
Bryce Alewine,Available,DET,Florida State League,A,Yes,21.0,,9.0,4.1,1.4,104.5,33.8,-40.2,91.2,7.18,78.3,97.85417645158545,88.6,11.4,0.0,1.0,8.76,0.0,0.0,12.3,10.0,2.27,0.324,0.203,0.156,-0.047,0.667,0.256,0.436,0.308,0.333,0.25
Pedro Garcia,Available,DET,Florida State League,A,Yes,24.0,,34.0,7.5,1.7,91.4,62.3,28.2,95.5,6.34,88.9,53.35239513902816,88.5,64.3,4.0,5.0,5.75,0.0,1.0,56.3,51.0,1.79,0.311,0.155,0.188,0.033,0.698,0.26,0.355,0.385,0.354,0.108
Jank Pichardo,Available,HOU,Carolina League,A,Yes,21.0,,4.0,9.1,3.2,103.9,69.4,28.9,83.5,6.03,78.5,101.81347669511734,88.4,15.8,0.0,2.0,7.62,3.0,0.0,13.0,10.0,1.77,0.308,0.131,0.164,0.033,0.62,0.31,0.286,0.405,0.059,0.176
Jhon Rosario,Not in Fantrax,CHC,Carolina League,A,Yes,21.0,,15.0,4.7,1.8,103.9,35.9,0.0,86.5,6.52,78.2,113.1679334382631,88.2,30.3,0.0,1.0,10.25,0.0,1.0,26.3,20.0,2.01,0.311,0.144,0.144,0.0,0.642,0.304,0.359,0.337,0.097,0.161
Cooper Hjerpe,Available,STL,Florida State League,A,No,25.0,,3.0,5.6,1.6,87.8,46.6,90.7,91.1,5.42,91.4,133.70500822245955,88.1,3.7,0.0,0.0,7.71,3.0,0.0,4.7,4.0,1.07,0.182,0.105,0.211,0.106,0.667,0.25,0.417,0.333,0.5,0.25
Spencer Green,Available,LAD,California League,A,Yes,21.0,,1.0,0.8,0.3,104.2,6.1,-408.8,132.7,13.41,77.5,93.7102193563459,87.9,0.0,0.0,0.0,0.0,0.0,0.0,0.3,0.0,3.0,0.0,0.5,0.0,-0.5,1.0,0.0,1.0,0.0,0.0,0.0
DJ Herz,Available,WSH,Carolina League,A,No,25.0,,2.0,12.6,1.8,87.3,96.6,242.4,73.6,2.73,91.3,163.9419987295689,87.8,4.0,0.0,0.0,2.45,2.0,0.0,3.7,6.0,1.91,0.545,0.056,0.333,0.277,0.546,0.455,0.182,0.364,0.25,0.0
Michael Hobbs,Available,SEA,California League,A,No,26.0,,5.0,9.3,1.7,84.2,75.9,24.5,101.1,6.39,93.4,95.4754595082298,87.5,8.0,0.0,0.0,2.08,0.0,0.0,8.7,7.0,1.15,0.19,0.176,0.206,0.03,0.762,0.238,0.381,0.381,0.125,0.0
Chris Devenski,Available,NYM,Florida State League,A,No,35.0,,5.0,8.2,1.3,62.7,68.0,111.2,111.1,5.43,110.8,122.0416125873234,87.2,9.0,1.0,0.0,0.0,0.0,0.0,6.7,5.0,0.75,0.188,0.087,0.217,0.13,0.813,0.188,0.25,0.563,0.111,0.0
Keaton Winn,Available,SF,California League,A,No,28.0,,1.0,2.5,1.0,78.2,20.4,-204.4,132.7,9.05,98.0,163.18205351225808,87.2,1.0,0.0,0.0,0.0,1.0,0.0,1.0,0.0,2.0,0.333,0.25,0.0,-0.25,1.0,0.0,0.667,0.333,0.0,0.0
Yohandri Contreras,Available,ATH,California League,A,Yes,19.0,,2.0,-3.0,0.8,115.2,-24.5,-223.2,99.6,13.96,67.3,74.08130287045022,87.2,2.2,0.0,0.0,32.4,0.0,0.0,1.7,2.0,3.6,0.0,0.455,0.182,-0.273,0.75,0.0,0.25,0.75,0.0,0.333
Camden Lohman,Available,NYM,Florida State League,A,Yes,19.0,,3.0,5.2,1.3,115.5,43.8,0.0,73.7,6.28,67.1,86.9919483369961,87.2,3.0,0.0,1.0,6.75,1.0,0.0,4.0,5.0,3.25,0.615,0.217,0.217,0.0,0.539,0.462,0.308,0.231,0.333,0.0
Trevor Williams,Available,TEX,Carolina League,A,No,34.0,,1.0,-2.0,0.7,64.2,-15.3,125.1,107.8,2.76,109.3,103.20876950045027,87.1,1.2,0.0,1.0,27.0,1.0,0.0,0.7,1.0,6.0,0.667,0.0,0.143,0.143,0.8,0.2,0.6,0.2,0.0,0.0
Aiden Moffett,Available,ATH,Carolina League,A,Yes,22.0,,15.0,7.4,1.4,99.2,56.9,-100.6,100.3,8.5,80.2,61.19904250385281,87.0,18.6,1.0,2.0,7.71,0.0,1.0,21.0,24.0,2.29,0.196,0.327,0.212,-0.115,0.745,0.213,0.383,0.404,0.474,0.105
Jhoster Baez,Available,HOU,Carolina League,A,No,21.0,,8.0,0.8,1.2,103.9,6.2,-119.0,98.0,9.48,76.3,98.03927769851217,87.0,13.3,0.0,1.0,11.7,0.0,0.0,10.0,4.0,3.0,0.356,0.197,0.061,-0.136,0.727,0.25,0.455,0.295,0.0,0.077
Mason Davenport,Available,TOR,Florida State League,A,Yes,21.0,,13.0,3.0,0.8,104.5,24.9,0.0,83.7,8.09,75.8,91.01099342756784,87.0,10.1,0.0,1.0,14.34,0.0,0.0,10.7,17.0,3.09,0.385,0.246,0.246,0.0,0.613,0.194,0.419,0.387,0.083,0.5
Mike Clevinger,Available,PIT,Florida State League,A,No,35.0,,2.0,8.6,1.5,62.7,72.0,77.8,114.0,4.33,110.0,115.25781270854722,86.7,1.0,0.0,0.0,0.0,0.0,0.0,3.0,3.0,1.0,0.167,0.182,0.273,0.091,0.834,0.167,0.667,0.167,1.0,0.0
Jhon Cabral,Available,CHC,Carolina League,A,Yes,20.0,,5.0,3.0,1.1,109.1,23.3,25.4,75.9,7.3,71.5,107.83591146037227,86.7,5.6,0.0,0.0,16.88,0.0,0.0,5.3,8.0,2.81,0.4,0.206,0.235,0.029,0.563,0.313,0.313,0.375,0.167,0.333
Wilmer Lugo,Available,NYM,Florida State League,A,Yes,20.0,,1.0,-7.2,0.7,109.7,-60.5,-488.4,136.7,26.79,71.1,95.7040534610557,86.7,2.0,0.0,1.0,40.5,0.0,0.0,0.7,0.0,7.5,0.333,0.571,0.0,-0.571,1.0,0.0,0.333,0.667,0.0,0.0
Janero Miller,Available,MIA,Florida State League,A,Yes,20.0,,9.0,2.3,0.7,109.7,19.0,-17.1,80.1,8.84,71.0,109.39018807882697,86.6,10.3,2.0,1.0,28.42,1.0,1.0,6.3,9.0,4.42,0.52,0.204,0.184,-0.02,0.586,0.241,0.345,0.414,0.083,0.417
Eduardo Salazar,Available,MIN,Florida State League,A,No,28.0,,2.0,2.9,1.3,78.4,24.0,71.0,99.5,4.9,96.7,102.12076455950056,86.5,3.0,0.0,0.0,6.75,0.0,0.0,2.7,1.0,1.87,0.455,0.0,0.083,0.083,0.728,0.273,0.455,0.273,0.0,0.0
Maddox Long,Available,DET,Florida State League,A,No,25.0,,2.0,14.9,2.8,87.8,124.1,0.0,98.6,6.25,88.8,115.86547348295076,86.4,5.7,1.0,0.0,3.18,0.0,0.0,5.7,4.0,1.59,0.235,0.154,0.154,0.0,0.721,0.222,0.444,0.333,0.167,0.167
Ramon Sanchez,Not in Fantrax,MIA,Florida State League,A,Yes,24.0,,20.0,7.4,1.3,91.4,61.5,14.5,92.7,6.24,85.1,74.8415385186033,85.9,14.7,0.0,0.0,3.81,0.0,1.0,26.0,27.0,1.38,0.155,0.212,0.229,0.017,0.678,0.288,0.458,0.254,0.533,0.133
Henry Cone,Not in Fantrax,CHC,Carolina League,A,Yes,23.0,,12.0,7.9,1.8,94.9,60.1,-14.9,92.7,6.88,82.1,145.78023802331538,85.9,25.5,1.0,2.0,6.43,0.0,0.0,21.0,22.0,2.14,0.323,0.212,0.195,-0.017,0.688,0.311,0.295,0.393,0.25,0.0
Hunter Hollan,Available,CIN,Florida State League,A,Yes,24.0,,10.0,5.1,1.6,91.4,42.8,-106.1,106.2,9.23,84.8,116.7585949033048,85.8,18.9,0.0,1.0,7.47,0.0,0.0,15.7,12.0,1.98,0.175,0.272,0.148,-0.124,0.777,0.167,0.361,0.472,0.294,0.118
Sabier Marte,Available,NYY,Florida State League,A,Yes,22.0,,7.0,8.9,3.8,99.7,74.2,46.2,80.9,5.6,78.0,101.25331027047837,85.8,24.4,0.0,3.0,9.57,6.0,0.0,26.3,21.0,1.94,0.321,0.108,0.162,0.054,0.592,0.301,0.409,0.29,0.185,0.37
Cesar Rojas,Available,WSH,Carolina League,A,Yes,24.0,,36.0,7.7,0.9,90.9,58.7,71.7,86.1,5.26,85.1,163.9419987295689,85.7,19.7,3.0,4.0,6.42,0.0,4.0,33.7,53.0,1.99,0.352,0.228,0.31,0.082,0.639,0.319,0.403,0.278,0.15,0.15
Caden Vire,Available,BOS,Carolina League,A,Yes,22.0,,12.0,5.5,1.1,99.2,42.1,-79.6,95.6,7.96,78.2,50.491136760453614,85.7,12.4,2.0,1.0,11.85,0.0,0.0,13.7,18.0,2.78,0.375,0.325,0.234,-0.091,0.71,0.258,0.355,0.387,0.25,0.083
Trendan Parish,Available,TB,Carolina League,A,Yes,24.0,,22.0,8.8,1.7,90.9,67.2,41.1,89.5,5.24,84.9,106.23091404463324,85.6,39.7,4.0,1.0,2.61,0.0,1.0,38.0,25.0,1.66,0.339,0.099,0.146,0.047,0.664,0.304,0.376,0.32,0.25,0.1
Miguel Alvarez,Available,SD,California League,A,No,21.0,,2.0,5.2,2.5,104.2,42.8,65.4,73.7,5.92,73.7,78.19076971070118,85.4,3.8,0.0,1.0,10.8,0.0,0.0,5.0,4.0,2.0,0.412,0.08,0.16,0.08,0.555,0.389,0.389,0.222,0.0,0.25
Jake Dykhoff,Available,BAL,Carolina League,A,No,27.0,,4.0,22.7,4.5,80.8,173.7,81.4,93.8,5.08,92.8,113.38132872722063,85.2,22.7,2.0,1.0,2.5,1.0,0.0,18.0,13.0,1.39,0.302,0.08,0.173,0.093,0.696,0.25,0.321,0.429,0.208,0.125
Kevin Davis,Not in Fantrax,WSN,Carolina League,A,Yes,27.0,,8.0,6.3,1.4,80.8,48.1,56.0,96.2,5.75,92.3,120.49592889193543,84.9,14.5,0.0,0.0,4.91,0.0,0.0,11.0,11.0,1.36,0.222,0.17,0.234,0.064,0.714,0.25,0.214,0.536,0.267,0.067
Luis  Fonseca,Available,CHW,Florida State League,A,Yes,24.0,,11.0,9.7,1.7,91.4,81.2,92.4,82.0,4.92,83.6,122.69441561056686,84.9,8.8,2.0,0.0,4.91,0.0,1.0,18.3,18.0,1.2,0.231,0.135,0.243,0.108,0.6,0.325,0.45,0.225,0.111,0.333
Ramon Suarez,Available,TOR,Florida State League,A,Yes,22.0,,8.0,6.2,0.9,99.7,51.4,21.4,82.0,7.64,76.5,96.7458536122388,84.8,6.9,1.0,1.0,7.36,0.0,0.0,7.3,12.0,2.32,0.231,0.268,0.293,0.025,0.6,0.2,0.267,0.533,0.25,0.375
Brayan Restituyo,Not in Fantrax,OAK,California League,A,Yes,24.0,,17.0,7.0,1.3,91.2,57.1,72.8,84.0,6.41,83.3,95.7938129679492,84.6,26.8,1.0,1.0,8.59,0.0,1.0,22.0,25.0,2.09,0.385,0.134,0.223,0.089,0.633,0.279,0.309,0.412,0.143,0.214
Brian Arias,Not in Fantrax,NYY,Florida State League,A,Yes,22.0,,13.0,5.4,1.3,99.7,45.1,-8.6,84.8,6.8,75.9,100.96503053230612,84.4,17.6,2.0,3.0,10.38,0.0,0.0,17.3,15.0,2.37,0.383,0.168,0.158,-0.01,0.62,0.345,0.362,0.293,0.176,0.118
Jesus Oliveira,Not in Fantrax,KCR,Carolina League,A,Yes,21.0,,7.0,10.8,1.8,103.9,82.6,-28.0,82.9,6.61,72.3,89.32491198820188,84.3,5.8,2.0,1.0,7.3,0.0,0.0,12.3,16.0,1.95,0.2,0.29,0.258,-0.032,0.615,0.346,0.423,0.231,0.0,0.167
Tristan Smith,Available,CIN,Florida State League,A,Yes,23.0,,12.0,7.5,1.7,95.4,62.9,-14.5,89.3,7.55,79.2,109.2843485120791,84.2,13.2,1.0,2.0,9.58,0.0,0.0,20.7,29.0,2.52,0.326,0.267,0.25,-0.017,0.653,0.204,0.49,0.306,0.333,0.467
Jose T. Perez,Not in Fantrax,SFG,California League,A,Yes,22.0,,9.0,4.2,1.4,99.5,34.0,-72.0,91.7,10.22,75.6,112.7097420341295,84.1,17.2,2.0,2.0,13.15,0.0,0.0,13.0,13.0,2.77,0.35,0.253,0.165,-0.088,0.691,0.262,0.31,0.429,0.278,0.111
Richard Fernandez,Available,OAK,California League,A,Yes,23.0,,13.0,4.9,1.2,95.2,40.3,-41.7,92.3,8.21,79.1,102.38409887598472,84.0,18.0,1.0,1.0,6.32,0.0,0.0,15.7,12.0,1.98,0.283,0.205,0.154,-0.051,0.696,0.261,0.348,0.391,0.333,0.111
Noah Palmese,Available,TOR,Florida State League,A,Yes,22.0,,12.0,2.2,1.3,99.7,18.4,-41.9,87.7,9.14,75.1,99.16182678984734,83.8,25.3,1.0,3.0,10.69,0.0,0.0,16.0,9.0,2.0,0.292,0.16,0.111,-0.049,0.641,0.264,0.208,0.528,0.214,0.179
Adam Bogosian,Available,WSH,Carolina League,A,Yes,23.0,,5.0,8.6,1.9,94.9,65.8,0.0,86.6,6.55,78.3,97.23931992844626,83.3,9.3,1.0,1.0,3.86,1.0,0.0,9.3,7.0,1.71,0.269,0.159,0.159,0.0,0.643,0.286,0.357,0.357,0.3,0.2
Julian Merryweather,Available,MIN,Florida State League,A,No,34.0,,4.0,7.2,1.1,64.5,60.0,342.1,75.9,1.08,103.2,108.60889353428828,83.2,2.0,0.0,1.0,4.15,0.0,0.0,4.3,9.0,1.62,0.556,0.05,0.45,0.4,0.555,0.333,0.444,0.222,0.5,0.5
Dariel Jaquez,Not in Fantrax,MIL,Carolina League,A,Yes,19.0,,1.0,3.2,0.7,114.9,24.9,0.0,67.4,6.66,61.6,75.28761208523574,83.2,0.0,0.0,1.0,13.5,1.0,0.0,0.7,2.0,4.5,0.5,0.333,0.333,0.0,0.5,0.5,0.5,0.0,0.0,0.0
Xavier Lopez,Available,TB,Carolina League,A,Yes,21.0,,2.0,8.2,1.7,103.9,63.2,-146.1,94.3,8.7,70.4,100.21204592807756,83.0,2.0,1.0,0.0,2.7,0.0,0.0,3.3,2.0,2.4,0.3,0.278,0.111,-0.167,0.7,0.3,0.5,0.2,0.5,0.0
Rafael Gonzalez,Available,HOU,Carolina League,A,Yes,21.0,,8.0,12.0,2.8,103.9,92.1,-61.2,84.2,7.1,70.1,66.47881266574198,82.9,17.6,1.0,1.0,8.06,2.0,1.0,22.3,23.0,2.19,0.293,0.27,0.2,-0.07,0.625,0.357,0.339,0.304,0.176,0.059
Calvin Ziegler,Available,NYM,Florida State League,A,No,23.0,,2.0,0.6,0.5,95.4,5.2,-155.7,102.5,16.45,76.6,106.62512997089708,82.5,1.0,0.0,0.0,27.0,0.0,0.0,1.0,2.0,7.0,0.75,0.364,0.182,-0.182,0.75,0.25,0.5,0.25,0.0,0.0
Kevin Stevens,Available,NYY,Florida State League,A,No,28.0,,3.0,8.2,1.1,78.4,68.1,159.9,82.0,3.78,90.4,141.25182633574582,82.3,3.0,0.0,0.0,2.7,0.0,0.0,3.3,4.0,1.8,0.4,0.063,0.25,0.187,0.6,0.3,0.4,0.3,0.0,0.333
Jake Covey,Available,MIN,Florida State League,A,Yes,24.0,,8.0,14.0,2.3,91.4,116.6,86.4,78.1,4.72,79.6,112.13974496050972,82.3,13.5,3.0,1.0,1.93,0.0,0.0,18.7,17.0,1.23,0.255,0.114,0.215,0.101,0.572,0.408,0.327,0.265,0.231,0.077
Franyel Diaz,Available,NYM,Florida State League,A,Yes,21.0,,4.0,5.6,1.5,104.5,46.9,-114.6,88.4,7.5,68.5,85.9260539242085,82.1,1.9,1.0,0.0,9.0,0.0,0.0,6.0,4.0,2.33,0.313,0.267,0.133,-0.134,0.647,0.294,0.588,0.118,0.0,0.5
Dominic Castellano,Available,SEA,California League,A,Yes,22.0,,3.0,-0.7,1.0,99.5,-5.4,-74.4,88.5,10.14,72.5,91.51132789885229,82.0,5.4,0.0,1.0,18.0,0.0,0.0,3.0,3.0,3.33,0.308,0.227,0.136,-0.091,0.667,0.25,0.333,0.417,0.2,0.2
Daniel Ouderkirk,Available,SEA,California League,A,Yes,26.0,,12.0,5.3,1.2,84.2,43.4,-53.1,100.3,8.71,84.9,99.35956407974612,81.8,11.0,2.0,1.0,8.59,2.0,0.0,14.7,12.0,1.98,0.268,0.221,0.156,-0.065,0.756,0.22,0.512,0.268,0.273,0.091
Max Kranick,Available,WSH,Carolina League,A,No,28.0,,2.0,9.2,1.3,77.9,70.8,398.1,53.9,0.96,89.7,55.52105220101725,81.6,2.0,0.0,0.0,6.75,1.0,0.0,2.7,5.0,0.75,0.2,0.0,0.455,0.455,0.4,0.4,0.2,0.4,0.5,0.5
Michael Darrell-Hicks,Available,PIT,Florida State League,A,No,28.0,,2.0,3.5,1.3,78.4,29.2,71.8,91.0,4.65,89.4,163.9419987295689,81.6,2.0,0.0,0.0,10.12,0.0,0.0,2.7,2.0,1.5,0.333,0.083,0.167,0.084,0.666,0.333,0.444,0.222,1.0,0.0
Geovanny Vasquez,Available,CHC,Carolina League,A,Yes,22.0,,5.0,4.2,1.5,99.2,32.2,-70.9,87.2,8.15,71.7,101.54816299218338,81.3,5.6,0.0,1.0,18.78,0.0,0.0,7.7,14.0,3.39,0.438,0.367,0.286,-0.081,0.647,0.294,0.353,0.353,0.0,0.167
Matthew DesMarets,Not in Fantrax,MIN,Florida State League,A,Yes,22.0,,13.0,7.0,1.6,99.7,58.1,-16.3,80.3,6.38,71.2,104.38284892593876,81.3,9.2,2.0,0.0,2.66,0.0,0.0,20.3,14.0,1.87,0.297,0.155,0.136,-0.019,0.587,0.365,0.492,0.143,0.111,0.333
Teddy Sharkey,Available,BAL,Carolina League,A,No,24.0,,3.0,2.8,1.0,90.9,21.1,-67.4,94.3,6.06,78.3,122.7212866246232,81.1,3.6,0.0,0.0,0.0,0.0,0.0,3.0,0.0,1.0,0.167,0.077,0.0,-0.077,0.7,0.3,0.4,0.3,0.667,0.0
Curtis Hebert,Available,HOU,Carolina League,A,Yes,22.0,,2.0,1.9,1.3,99.2,14.4,-97.1,89.7,8.84,71.3,60.64425275754583,81.1,2.4,0.0,0.0,13.5,0.0,0.0,2.7,2.0,3.37,0.455,0.222,0.111,-0.111,0.666,0.333,0.444,0.222,0.0,0.0
Ryan Reed,Available,SD,California League,A,Yes,22.0,,6.0,4.4,1.4,99.5,36.0,0.0,77.8,6.66,70.7,112.63413192764212,80.8,6.5,0.0,0.0,9.35,0.0,0.0,8.7,8.0,2.54,0.444,0.178,0.178,0.0,0.586,0.345,0.414,0.241,0.143,0.286
Tyler Bradt,Available,STL,Florida State League,A,No,25.0,,1.0,11.0,1.0,87.8,91.8,-122.3,102.5,7.77,79.9,107.21656774501125,80.5,0.0,1.0,0.0,9.0,0.0,0.0,1.0,1.0,4.0,0.5,0.286,0.143,-0.143,0.75,0.25,0.75,0.0,0.0,0.0
Jadon Williamson,Available,MIA,Florida State League,A,Yes,23.0,,8.0,2.7,1.1,95.4,22.2,0.0,80.2,7.15,72.7,78.10427297543967,79.9,7.5,1.0,1.0,21.0,0.0,0.0,9.0,14.0,3.22,0.444,0.237,0.237,0.0,0.587,0.31,0.414,0.276,0.125,0.375
Caleb Franzen,Available,SEA,California League,A,No,25.0,,1.0,5.2,2.3,87.5,42.8,-163.5,106.2,9.52,79.0,79.55284444676347,79.7,3.6,0.0,1.0,3.86,0.0,0.0,2.3,1.0,1.29,0.0,0.3,0.1,-0.2,0.8,0.2,0.2,0.6,0.0,0.0
Frank Cairone,Available,MIL,Carolina League,A,Yes,18.0,,1.0,9.8,1.7,121.2,74.6,87.5,44.9,5.1,50.8,95.16138232771704,79.5,1.0,0.0,1.0,10.8,1.0,0.0,1.7,4.0,3.0,0.667,0.3,0.4,0.1,0.333,0.667,0.0,0.333,0.0,0.0
Landry Jurecka,Available,SD,California League,A,No,23.0,,3.0,7.7,2.0,95.2,62.6,108.7,66.4,5.0,71.7,104.28051772555816,79.0,3.2,0.0,1.0,12.0,1.0,0.0,6.0,9.0,2.0,0.308,0.167,0.3,0.133,0.5,0.313,0.438,0.25,0.0,0.75
Edwin Díaz,Cant Park Here (INJURED_RESERVE),LAD,California League,A,No,32.0,,3.0,10.5,1.0,68.4,85.7,327.1,66.4,2.62,93.5,163.18205351225808,78.8,1.0,1.0,0.0,0.0,0.0,0.0,3.0,5.0,0.67,0.25,0.1,0.5,0.4,0.5,0.5,0.25,0.25,1.0,0.0
Luis R. Rodriguez,Available,NYM,Florida State League,A,No,23.0,,2.0,5.4,0.7,95.4,44.9,85.5,68.3,4.52,71.0,107.21656774501125,78.7,0.0,0.0,0.0,13.5,2.0,0.0,1.3,4.0,3.75,0.667,0.3,0.4,0.1,0.5,0.5,0.5,0.0,0.0,0.0
Kyle DeGroat,Available,KC,Carolina League,A,Yes,20.0,,3.0,4.4,1.9,109.1,33.8,-169.7,84.3,10.05,59.3,94.60570276925569,78.5,7.5,0.0,0.0,9.53,0.0,0.0,5.7,4.0,2.65,0.267,0.323,0.129,-0.194,0.625,0.313,0.188,0.5,0.25,0.125
Gregori Ramirez,Not in Fantrax,ARI,California League,A,Yes,21.0,,3.0,4.1,1.1,104.2,33.3,-74.4,75.8,10.88,61.5,93.93487298262204,77.3,3.4,0.0,0.0,16.2,1.0,0.0,3.3,6.0,3.3,0.333,0.364,0.273,-0.091,0.571,0.286,0.143,0.571,0.25,0.25
Ronaldo Gallo,Available,PIT,Florida State League,A,No,25.0,,3.0,4.4,2.2,87.8,36.9,53.0,76.5,5.43,74.9,109.14430077358833,77.1,5.3,0.0,1.0,9.45,3.0,0.0,6.7,4.0,1.65,0.273,0.063,0.125,0.062,0.56,0.32,0.44,0.24,0.5,0.5
Bryce Schaum,Available,MIL,Carolina League,A,Yes,23.0,,11.0,2.6,1.0,94.9,20.0,-60.4,82.1,7.65,68.4,78.03236298144273,76.7,13.6,1.0,1.0,8.44,0.0,0.0,10.7,5.0,2.53,0.4,0.155,0.086,-0.069,0.609,0.341,0.317,0.341,0.143,0.143
Wuilliams Rodriguez,Available,SEA,California League,A,Yes,22.0,,1.0,17.8,1.7,99.5,144.9,-81.8,79.6,8.39,64.1,102.38668122766988,76.4,1.0,1.0,0.0,0.0,0.0,0.0,1.7,2.0,3.0,0.4,0.3,0.2,-0.1,0.6,0.4,0.4,0.2,1.0,0.0
Wes Burton,Not in Fantrax,CLE,Carolina League,A,Yes,25.0,,8.0,4.3,1.0,87.3,32.8,-47.2,87.2,6.71,74.1,101.8192802029626,76.3,6.0,0.0,0.0,7.04,0.0,0.0,7.7,9.0,1.96,0.235,0.297,0.243,-0.054,0.647,0.353,0.294,0.353,0.167,0.0
Po-Yu Chen,Available,PIT,Florida State League,A,No,24.0,,1.0,6.2,2.0,91.4,52.2,65.9,68.4,6.78,69.1,123.24854334000054,75.3,2.5,0.0,0.0,22.5,0.0,0.0,2.0,4.0,3.5,0.6,0.231,0.308,0.077,0.5,0.333,0.167,0.5,0.0,0.333
Peter Bonilla,Available,LAD,California League,A,Yes,21.0,,9.0,2.4,1.0,104.2,19.3,-28.6,66.4,8.64,57.9,94.98981388074604,74.9,10.3,0.0,1.0,17.0,0.0,1.0,9.0,11.0,3.44,0.533,0.228,0.193,-0.035,0.5,0.438,0.219,0.344,0.364,0.182
Yenfri Sosa,Available,MIA,Florida State League,A,Yes,22.0,,5.0,8.8,1.5,99.7,73.0,41.1,61.5,5.52,60.6,108.25486171895636,74.2,4.2,1.0,2.0,7.04,0.0,0.0,7.7,11.0,2.22,0.235,0.22,0.268,0.048,0.45,0.35,0.4,0.25,0.2,0.8
Luis A. Reyes,Not in Fantrax,CHC,Carolina League,A,Yes,22.0,,12.0,2.4,1.1,99.2,18.7,-124.2,80.9,9.24,60.9,106.22969597490903,74.1,7.8,0.0,2.0,18.44,2.0,0.0,13.7,20.0,3.44,0.324,0.359,0.217,-0.142,0.6,0.314,0.457,0.229,0.25,0.375
Tucker Biven,Available,WSH,Carolina League,A,No,22.0,,2.0,10.6,1.0,99.2,81.3,109.4,53.9,3.86,60.8,107.21656774501125,74.0,1.0,0.0,0.0,4.5,0.0,0.0,2.0,2.0,1.5,0.4,0.125,0.25,0.125,0.4,0.6,0.2,0.2,0.0,0.0
Wuillians Herrera,Not in Fantrax,LAD,California League,A,Yes,22.0,,12.0,2.4,0.8,99.5,19.4,-94.8,76.6,11.35,60.1,106.73780056372172,73.7,10.6,0.0,0.0,13.97,0.0,0.0,9.7,10.0,2.69,0.28,0.283,0.167,-0.116,0.577,0.346,0.231,0.423,0.182,0.182
Shane Bieber,Available,TOR,Florida State League,A,No,31.0,,1.0,-1.5,2.3,70.8,-12.5,131.7,74.6,4.93,81.1,134.52508271048788,71.9,3.6,0.0,1.0,19.29,1.0,0.0,2.3,2.0,2.57,0.5,0.0,0.154,0.154,0.546,0.364,0.273,0.364,0.25,0.25
Luis  Fonseca,Available,CHW,Carolina League,A,Yes,24.0,,3.0,9.4,1.6,90.9,72.1,175.0,50.5,2.8,64.5,122.69441561056686,71.9,0.0,0.0,0.0,0.0,0.0,0.0,4.7,5.0,0.64,0.125,0.133,0.333,0.2,0.375,0.625,0.375,0.0,0.0,0.0
T.J. Brock,Available,TOR,Florida State League,A,No,26.0,,2.0,6.2,1.0,84.4,52.2,427.6,27.3,-0.39,69.6,111.7406387098632,71.7,0.8,0.0,0.0,9.0,0.0,0.0,2.0,5.0,2.0,0.75,0.0,0.5,0.5,0.2,0.6,0.2,0.2,0.0,1.0
Alex Young,Available,WSH,Carolina League,A,No,32.0,,3.0,7.8,1.1,68.2,60.0,269.5,59.8,1.68,82.0,88.43544768190876,71.1,1.0,1.0,0.0,2.7,0.0,0.0,3.3,4.0,1.2,0.444,0.0,0.308,0.308,0.444,0.556,0.333,0.111,0.0,0.0
Félix Amparo,Available,BAL,Carolina League,A,Yes,20.0,,3.0,1.8,0.9,109.1,14.0,-73.5,59.8,6.74,47.7,88.06835890157743,70.8,2.7,0.0,0.0,6.75,0.0,0.0,2.7,1.0,2.25,0.375,0.167,0.083,-0.084,0.444,0.444,0.222,0.333,0.333,0.333
Keiber Armas,Not in Fantrax,TEX,Carolina League,A,Yes,23.0,,6.0,0.8,0.7,94.9,6.4,-203.9,85.8,11.0,57.2,97.51404902758657,69.3,2.2,0.0,1.0,16.62,0.0,0.0,4.3,5.0,3.69,0.333,0.4,0.167,-0.233,0.637,0.364,0.455,0.182,0.0,0.0
Yohanfer Santana,Available,MIA,Florida State League,A,Yes,20.0,,7.0,2.0,0.5,109.7,16.4,-187.3,68.4,13.98,43.7,98.3104510776972,68.4,3.0,0.0,0.0,35.1,0.0,1.0,3.3,8.0,6.3,0.625,0.469,0.25,-0.219,0.5,0.375,0.25,0.375,0.333,0.333
Kai Peterson,Available,WSH,Carolina League,A,No,23.0,,4.0,8.8,1.6,94.9,67.0,-132.1,75.9,8.18,55.8,143.62052820082602,68.3,4.2,0.0,0.0,2.84,0.0,1.0,6.3,5.0,2.21,0.235,0.303,0.152,-0.151,0.563,0.438,0.313,0.25,0.0,0.0
Clarence Martina,Available,WSH,Carolina League,A,Yes,21.0,,2.0,-9.1,1.3,103.9,-69.9,-328.1,89.9,17.46,48.3,91.83324935972608,68.3,7.0,0.0,1.0,33.75,0.0,0.0,2.7,0.0,6.37,0.533,0.375,0.0,-0.375,0.667,0.333,0.2,0.467,0.0,0.0
Dominic Perachi,Available,PIT,Florida State League,A,No,25.0,,1.0,-5.5,2.7,87.8,-45.9,-60.7,73.7,7.41,61.0,88.270273796169,67.9,3.1,0.0,1.0,16.87,1.0,0.0,2.7,0.0,2.25,0.2,0.071,0.0,-0.071,0.539,0.231,0.462,0.308,0.0,0.75
Adrián Delgado,Available,BAL,Carolina League,A,Yes,21.0,,7.0,2.5,0.8,103.9,18.9,-153.1,67.4,10.86,46.3,94.54056882073768,66.9,2.0,0.0,1.0,12.71,0.0,0.0,5.7,8.0,4.06,0.571,0.375,0.2,-0.175,0.5,0.5,0.357,0.143,0.5,0.0
Joe Miller,Available,DET,Florida State League,A,No,26.0,,1.0,25.2,2.0,84.4,210.7,284.8,34.2,1.27,61.2,24.73177547031682,66.2,0.0,1.0,0.0,0.0,0.0,0.0,2.0,4.0,1.5,0.5,0.111,0.444,0.333,0.25,0.75,0.25,0.0,0.0,0.0
Dominic Pipkin,Available,PIT,Florida State League,A,No,26.0,,1.0,2.5,1.0,84.4,20.9,-213.8,91.0,8.45,60.8,157.21525510431093,65.9,1.0,0.0,0.0,0.0,0.0,0.0,1.0,0.0,2.0,0.333,0.25,0.0,-0.25,0.666,0.333,0.333,0.333,1.0,0.0
Ike Buxton,Available,WSN,Carolina League,A,Yes,25.0,,4.0,-1.2,1.1,87.3,-9.6,-140.0,79.3,8.83,58.0,92.72535502923186,65.6,4.9,0.0,1.0,12.46,0.0,0.0,4.3,2.0,2.77,0.214,0.24,0.08,-0.16,0.589,0.235,0.412,0.353,0.0,0.5
Colby Holcombe,Available,TOR,Florida State League,A,No,23.0,,2.0,-5.5,1.2,95.4,-45.9,-49.6,56.9,8.78,47.5,95.8185635702254,63.1,3.3,0.0,1.0,30.86,0.0,0.0,2.3,2.0,4.29,0.5,0.176,0.118,-0.058,0.416,0.417,0.25,0.333,0.0,0.5
Austin Testerman,Available,CLE,Carolina League,A,Yes,24.0,,2.0,6.9,1.2,90.9,52.6,0.0,53.9,6.15,49.9,97.6475856580732,62.2,2.0,1.0,0.0,15.43,0.0,0.0,2.3,3.0,3.86,0.6,0.188,0.188,0.0,0.4,0.6,0.2,0.2,0.0,0.0
Anthony Astudillo,Available,TEX,Carolina League,A,No,20.0,,2.0,3.4,3.5,109.1,25.8,-26.2,36.8,4.92,32.4,95.4564816810894,60.5,4.4,0.0,1.0,11.57,0.0,0.0,7.0,3.0,1.86,0.25,0.118,0.088,-0.03,0.273,0.455,0.364,0.182,0.0,1.5
Fermin Magallanes,Available,BAL,Carolina League,A,Yes,24.0,,4.0,2.7,0.8,90.9,20.6,-269.5,80.9,13.32,46.4,75.95783771621511,59.8,2.7,1.0,1.0,13.5,0.0,0.0,3.3,4.0,4.5,0.222,0.462,0.154,-0.308,0.6,0.3,0.4,0.3,0.0,0.333
Franklin Sanchez,Available,MIA,Florida State League,A,No,25.0,,1.0,-2.0,1.0,87.8,-16.7,-366.9,91.2,15.77,45.6,84.8917347664422,57.6,0.0,0.0,0.0,18.0,0.0,0.0,1.0,0.0,4.0,0.333,0.429,0.0,-0.429,0.667,0.333,0.667,0.0,0.0,0.0
Cristhian Tortosa,Available,PIT,Florida State League,A,No,27.0,,1.0,16.0,1.3,81.3,133.5,855.3,0.0,-2.23,50.5,82.97981586806475,57.3,,0.0,0.0,0.0,0.0,0.0,1.3,4.0,0.0,0.0,0.0,1.0,1.0,0.0,0.0,0.0,0.0,0.0,0.0
Nick Margevicius,Available,SFG,California League,A,Yes,30.0,,2.0,-2.0,3.2,73.0,-16.3,0.0,53.1,6.9,49.2,89.79968981778339,51.8,9.0,0.0,1.0,14.21,2.0,0.0,6.3,1.0,2.53,0.433,0.029,0.029,0.0,0.4,0.533,0.167,0.3,0.222,0.222
Owen Rice,Not in Fantrax,STL,Florida State League,A,Yes,23.0,,1.0,-3.5,0.7,95.4,-29.2,-256.6,45.5,23.27,16.9,97.41755125215764,42.7,0.0,0.0,0.0,40.5,0.0,0.0,0.7,1.0,9.0,0.5,0.4,0.1,-0.3,0.333,0.667,0.333,0.0,0.0,0.0
Cory Lewis,Available,MIN,Florida State League,A,No,25.0,,1.0,-4.0,0.3,87.8,-33.4,-342.1,45.5,21.77,8.3,110.0489017411166,32.8,0.0,0.0,0.0,54.0,1.0,0.0,0.3,0.0,12.0,0.667,0.4,0.0,-0.4,0.333,0.667,0.333,0.0,0.0,0.0
Johan Rodriguez,Available,CLE,California League,A,Yes,23.0,,1.0,1.0,0.3,95.2,8.2,-490.6,0.0,34.41,-46.1,105.92615353223268,0.5,,0.0,0.0,27.0,0.0,0.0,0.3,1.0,12.0,0.0,0.8,0.2,-0.6,0.0,0.0,0.0,0.0,0.0,0.0
Marty Gair,Available,SF,South Atlantic League,A+,No,22.0,,2.0,20.1,1.5,105.5,161.7,436.7,136.2,0.56,163.7,107.78506449573374,146.1,2.0,1.0,0.0,0.0,0.0,0.0,3.0,8.0,1.0,0.667,0.083,0.667,0.584,1.0,0.0,0.333,0.667,0.0,0.0
Bryce Hubbart,Available,CIN,Midwest League,A+,No,25.0,,1.0,34.8,3.0,91.9,282.9,479.2,134.3,0.83,167.3,94.79205827379032,141.0,0.0,1.0,0.0,0.0,0.0,0.0,3.0,6.0,0.33,0.25,0.0,0.545,0.545,1.0,0.0,1.0,0.0,0.0,0.0
Wikelman González,Available,MIA,South Atlantic League,A+,No,24.0,,2.0,9.5,1.2,96.7,76.4,427.0,136.2,1.83,162.7,108.46442621273948,140.6,3.0,0.0,0.0,0.0,1.0,0.0,2.3,4.0,0.0,0.0,0.0,0.571,0.571,1.0,0.0,0.0,1.0,0.5,0.0
R.J. Sales,Available,WSH,South Atlantic League,A+,Yes,22.0,,2.0,21.0,3.3,105.5,168.8,227.3,136.2,2.84,142.7,105.44609390349736,132.2,2.0,0.0,1.0,1.35,1.0,0.0,6.7,9.0,0.6,0.182,0.087,0.391,0.304,1.0,0.0,0.818,0.182,0.0,0.0
Harry Blum,Available,BOS,South Atlantic League,A+,Yes,24.0,,1.0,31.8,3.0,96.7,255.2,299.1,136.2,2.56,149.9,90.571588097981,132.1,2.0,1.0,0.0,0.0,0.0,0.0,3.0,5.0,0.33,0.0,0.1,0.5,0.4,1.0,0.0,0.5,0.5,0.0,0.0
Ernesto Mercedes,Available,NYM,South Atlantic League,A+,Yes,22.0,,1.0,14.8,2.0,105.5,118.5,213.9,136.2,3.07,141.4,107.73245258611452,131.3,1.0,0.0,0.0,0.0,0.0,0.0,2.0,3.0,0.5,0.0,0.143,0.429,0.286,1.0,0.0,0.667,0.333,0.0,0.0
Miguel Mendez,Available,SF,Midwest League,A+,No,23.0,,2.0,4.6,1.0,99.9,37.7,195.2,134.3,2.7,139.4,91.09115273332452,126.8,3.5,0.0,0.0,4.5,2.0,0.0,2.0,2.0,1.5,0.429,0.0,0.222,0.222,1.0,0.0,0.5,0.5,0.0,0.0
Cole Fehrman,Available,TEX,South Atlantic League,A+,Yes,22.0,,1.0,9.0,2.0,105.5,72.3,124.9,136.2,5.48,132.5,98.12306243452971,125.3,3.0,0.0,0.0,0.0,0.0,0.0,2.0,1.0,0.0,0.0,0.0,0.167,0.167,1.0,0.0,0.4,0.6,0.0,0.0
Luis Gutierrez,Available,SDP,Midwest League,A+,No,22.0,,3.0,18.2,2.7,104.4,148.6,240.0,117.6,3.83,129.3,59.32567080064321,122.6,7.5,0.0,1.0,2.25,3.0,0.0,8.0,13.0,1.13,0.267,0.121,0.394,0.273,0.875,0.063,0.438,0.5,0.125,0.125
Ramon Marquez,Bobby and the NitWitts (MINORS),SF,South Atlantic League,A+,Yes,20.0,,6.0,39.2,5.0,116.1,314.8,261.0,103.5,2.32,119.2,112.53673136437696,122.3,11.8,3.0,1.0,1.5,6.0,0.0,30.0,46.0,0.67,0.204,0.085,0.434,0.349,0.76,0.22,0.54,0.24,0.417,0.083
Carlton Perkins,Available,CHW,South Atlantic League,A+,Yes,23.0,,6.0,9.7,1.3,100.9,77.7,175.7,127.2,4.2,131.2,109.93889598997436,122.0,4.0,1.0,0.0,4.5,0.0,0.0,8.0,12.0,1.0,0.267,0.118,0.353,0.235,0.934,0.067,0.667,0.267,0.25,0.0
Ryan Lambert,Available,NYM,South Atlantic League,A+,No,23.0,,2.0,7.1,0.8,100.9,57.3,93.5,136.2,4.22,129.3,98.1233063569619,120.7,0.0,0.0,0.0,5.4,0.0,0.0,1.7,4.0,1.8,0.0,0.375,0.5,0.125,1.0,0.0,1.0,0.0,0.0,0.0
Jack Pineau,Available,SD,Midwest League,A+,Yes,21.0,,4.0,11.8,2.0,109.4,96.2,170.6,117.4,4.73,122.2,145.70004140466716,120.6,11.0,1.0,0.0,1.13,0.0,0.0,8.0,6.0,0.38,0.083,0.0,0.194,0.194,0.874,0.083,0.458,0.458,0.091,0.091
Marty Gair,Available,SF,Northwest League,A+,No,22.0,,7.0,9.9,1.1,105.3,77.8,229.8,114.3,2.44,125.4,107.78506449573374,120.5,2.2,1.0,1.0,2.25,0.0,0.0,8.0,13.0,0.75,0.143,0.129,0.419,0.29,0.846,0.154,0.692,0.154,0.0,0.0
Alfredo Velásquez,Available,BAL,South Atlantic League,A+,No,21.0,,1.0,2.0,0.7,110.6,16.1,0.0,136.2,9.34,120.0,20.23850915015843,119.8,2.0,0.0,0.0,0.0,0.0,0.0,0.7,0.0,0.0,0.0,0.0,0.0,0.0,1.0,0.0,0.0,1.0,1.0,0.0
Nick Lodolo,Je suis Charlie Morton (MINORS),CIN,Midwest League,A+,No,28.0,,1.0,43.5,5.0,82.0,354.1,362.3,119.4,1.38,143.1,162.79949041603183,119.5,1.1,1.0,0.0,0.0,1.0,0.0,5.0,7.0,0.4,0.2,0.0,0.412,0.412,0.889,0.111,0.778,0.111,0.0,0.0
Braeden Sloan,Available,BAL,South Atlantic League,A+,Yes,22.0,,33.0,11.7,1.4,105.5,93.7,167.5,119.6,3.66,123.8,167.5,119.5,24.8,5.0,0.0,1.55,0.0,4.0,46.3,60.0,0.88,0.227,0.104,0.328,0.224,0.878,0.122,0.622,0.256,0.304,0.0
Kendry Chourio,Ben the Hen (MINORS),KC,Midwest League,A+,Yes,18.0,,10.0,24.0,4.3,127.6,195.2,206.6,93.4,4.29,104.9,103.64573169790984,119.1,45.1,2.0,2.0,3.16,10.0,0.0,42.7,47.0,0.87,0.233,0.048,0.283,0.235,0.695,0.257,0.305,0.438,0.283,0.109
Cole Waites,Available,DET,Midwest League,A+,No,28.0,,2.0,11.8,1.0,82.0,95.7,219.8,134.3,2.83,141.8,109.28647197635128,118.6,0.0,0.0,0.0,0.0,0.0,0.0,2.0,4.0,1.0,0.0,0.25,0.5,0.25,1.0,0.0,1.0,0.0,0.0,0.0
Daniel Brooks,Available,ATL,South Atlantic League,A+,Yes,23.0,,3.0,25.9,3.4,100.9,208.3,290.1,105.8,2.21,124.1,124.3792692752503,117.2,6.0,0.0,0.0,0.0,3.0,0.0,10.3,16.0,0.48,0.167,0.056,0.444,0.388,0.777,0.222,0.444,0.333,0.333,0.0
Cam Leiter,Available,LAD,Midwest League,A+,Yes,22.0,,3.0,27.2,3.8,104.4,221.2,199.6,112.0,3.5,120.4,117.03989984187888,116.7,7.6,1.0,0.0,0.0,3.0,0.0,11.3,14.0,0.88,0.231,0.091,0.318,0.227,0.834,0.167,0.542,0.292,0.286,0.0
Brett Banks,Not in Fantrax,NYM,South Atlantic League,A+,Yes,24.0,,3.0,13.5,1.4,96.7,108.5,249.0,113.4,3.32,126.6,107.03650392577636,116.5,3.5,1.0,0.0,0.0,0.0,0.0,4.3,8.0,0.92,0.286,0.111,0.444,0.333,0.833,0.167,0.333,0.5,0.333,0.0
Brandon Langley,Available,SD,Midwest League,A+,Yes,21.0,,4.0,11.2,1.7,109.4,91.6,211.9,105.6,4.17,116.0,98.8950381171438,116.5,7.0,1.0,0.0,9.45,0.0,0.0,6.7,11.0,1.2,0.286,0.138,0.379,0.241,0.786,0.214,0.286,0.5,0.0,0.0
Josh Staumont,Available,CIN,Midwest League,A+,Yes,32.0,,4.0,6.1,0.8,71.8,49.9,270.8,134.3,3.68,146.9,96.55888906068196,116.4,2.0,0.0,0.0,0.0,0.0,0.0,3.3,5.0,0.6,0.167,0.077,0.385,0.308,1.0,0.0,0.667,0.333,0.0,0.0
Dominick Reid,Available,CHC,Midwest League,A+,Yes,22.0,,1.0,23.5,4.0,104.4,191.3,234.8,107.4,3.14,120.0,98.21734023840816,116.4,3.3,0.0,0.0,0.0,1.0,0.0,4.0,4.0,0.5,0.182,0.0,0.267,0.267,0.8,0.2,0.5,0.3,0.333,0.0
Jay Dill,Available,ATH,Midwest League,A+,No,23.0,,2.0,19.0,1.5,99.9,154.7,270.8,107.4,2.41,123.6,116.7049482702282,116.3,1.0,0.0,0.0,0.0,0.0,1.0,3.0,6.0,1.33,0.4,0.154,0.462,0.308,0.8,0.2,0.6,0.2,0.0,0.0
Wen-Hui Pan,Available,PHI,South Atlantic League,A+,No,23.0,,9.0,13.1,1.2,100.9,105.4,200.4,114.4,4.15,122.6,118.40974710040204,116.2,12.0,1.0,0.0,0.82,0.0,3.0,11.0,13.0,0.73,0.24,0.049,0.317,0.268,0.84,0.16,0.36,0.48,0.25,0.0
Mason Morris,Available,CIN,Midwest League,A+,Yes,22.0,,2.0,34.8,5.3,104.4,282.9,142.4,117.5,4.46,119.5,103.68812887397048,116.0,9.4,2.0,0.0,1.69,2.0,0.0,10.7,9.0,0.56,0.12,0.081,0.243,0.162,0.875,0.125,0.5,0.375,0.111,0.0
Isaac Lyon,Available,WSH,South Atlantic League,A+,No,22.0,,6.0,18.9,3.4,105.5,152.0,118.2,119.1,4.11,118.5,90.07413132080984,116.0,11.2,0.0,1.0,1.33,6.0,0.0,20.3,22.0,1.08,0.265,0.11,0.268,0.158,0.875,0.125,0.646,0.229,0.364,0.0
Tyler Gough,Available,LAD,Midwest League,A+,Yes,22.0,,10.0,28.6,4.2,104.4,232.6,156.5,115.4,4.93,119.1,108.57590538146006,115.8,43.0,2.0,0.0,1.71,9.0,0.0,42.0,55.0,0.98,0.176,0.149,0.327,0.178,0.859,0.129,0.365,0.506,0.233,0.023
Teddy Sharkey,Available,BAL,South Atlantic League,A+,Yes,24.0,,9.0,13.6,1.5,96.7,109.2,161.5,122.1,4.47,125.3,78.29959645685568,115.7,15.0,1.0,0.0,0.66,0.0,1.0,13.7,16.0,0.8,0.172,0.098,0.314,0.216,0.896,0.069,0.414,0.517,0.267,0.067
Barrett Morgan,Available,BOS,South Atlantic League,A+,Yes,21.0,,3.0,22.6,3.3,110.6,181.5,186.9,105.9,4.62,113.9,110.08922225276584,115.7,11.0,0.0,0.0,0.0,2.0,0.0,10.0,13.0,0.5,0.056,0.111,0.361,0.25,0.778,0.222,0.167,0.611,0.182,0.0
Dean Livingston,Available,ARI,Northwest League,A+,Yes,19.0,,2.0,29.5,5.0,121.9,231.1,198.1,93.9,3.05,104.5,93.76631305507694,115.7,5.0,0.0,0.0,0.9,2.0,0.0,10.0,11.0,0.8,0.261,0.056,0.306,0.25,0.695,0.304,0.478,0.217,0.0,0.0
Reinold Navarro,Available,PIT,South Atlantic League,A+,Yes,19.0,,3.0,24.4,3.2,122.2,196.2,139.1,99.8,4.18,103.8,99.90798755992506,115.4,5.6,1.0,0.0,5.59,3.0,0.0,9.7,18.0,1.55,0.286,0.233,0.419,0.186,0.733,0.2,0.4,0.4,0.167,0.167
Mathieu Curtis,Available,ATL,South Atlantic League,A+,Yes,21.0,,22.0,11.2,1.8,110.6,90.1,139.8,110.6,4.69,113.3,116.3169697900678,115.3,37.7,1.0,3.0,3.23,2.0,1.0,39.0,46.0,1.15,0.296,0.09,0.277,0.187,0.813,0.177,0.438,0.385,0.189,0.027
Cade Crossland,Available,STL,Midwest League,A+,Yes,22.0,,5.0,32.9,5.1,104.4,267.4,151.2,115.1,4.92,118.3,100.0265286139265,115.2,25.0,2.0,0.0,1.42,5.0,0.0,25.3,29.0,1.07,0.268,0.121,0.293,0.172,0.857,0.143,0.411,0.446,0.16,0.0
Nelfy Ynfante,Available,STL,Midwest League,A+,No,21.0,,9.0,13.4,1.6,109.4,109.0,169.7,108.3,3.79,114.2,98.00760727742534,115.2,10.3,2.0,1.0,3.77,0.0,2.0,14.3,18.0,1.4,0.351,0.097,0.29,0.193,0.806,0.167,0.556,0.278,0.0,0.1
Jack Crowder,Available,BAL,South Atlantic League,A+,Yes,23.0,,3.0,20.4,1.7,100.9,164.1,332.0,97.4,2.36,120.9,89.09292359555437,115.1,3.0,1.0,0.0,0.0,0.0,1.0,5.0,9.0,0.6,0.286,0.056,0.5,0.444,0.715,0.286,0.286,0.429,0.667,0.0
Luis Velasquez,Available,NYY,South Atlantic League,A+,No,24.0,,10.0,9.4,1.2,96.7,76.0,179.5,118.1,2.91,123.7,158.09034479333997,114.6,6.0,0.0,1.0,3.0,0.0,1.0,12.0,16.0,1.17,0.333,0.08,0.32,0.24,0.867,0.133,0.667,0.2,0.333,0.0
Luke Hoskins,Available,DET,Midwest League,A+,Yes,23.0,,7.0,12.6,1.7,99.9,102.9,175.9,115.2,3.81,120.8,104.55533193006472,114.4,5.0,0.0,0.0,2.31,0.0,0.0,11.7,15.0,1.2,0.321,0.1,0.3,0.2,0.858,0.143,0.679,0.179,0.4,0.0
Nicolo Pinazzi,Available,LAA,Northwest League,A+,No,26.0,,12.0,15.1,1.3,89.1,118.1,267.8,114.3,2.48,129.2,108.0765416332635,114.1,6.2,2.0,1.0,0.0,0.0,2.0,16.0,29.0,1.0,0.333,0.108,0.446,0.338,0.846,0.154,0.615,0.231,0.333,0.0
Elwis Mijares,Available,NYM,South Atlantic League,A+,Yes,20.0,,12.0,8.9,1.3,116.1,71.5,71.0,111.1,4.29,106.8,102.3167430037382,114.0,7.0,2.0,0.0,4.7,0.0,0.0,15.3,15.0,1.89,0.429,0.11,0.205,0.095,0.816,0.184,0.673,0.143,0.429,0.0
Mathias LaCombe,Available,CHW,South Atlantic League,A+,No,24.0,,16.0,11.6,1.6,96.7,93.4,166.8,118.1,4.03,122.4,145.86318322675,113.8,19.6,2.0,0.0,2.88,0.0,0.0,25.0,35.0,1.04,0.231,0.117,0.34,0.223,0.867,0.094,0.528,0.377,0.3,0.1
Emilio Obispo,Available,NYM,South Atlantic League,A+,Yes,19.0,,6.0,22.0,4.5,122.2,177.2,98.7,101.2,5.23,100.9,111.35845254629328,113.4,27.4,0.0,1.0,3.67,6.0,0.0,27.0,28.0,1.3,0.28,0.099,0.231,0.132,0.743,0.23,0.405,0.365,0.111,0.074
Hyun-Seok Jang,Available,LAD,Midwest League,A+,Yes,22.0,,4.0,28.1,3.6,104.4,229.0,288.4,96.0,2.47,115.4,103.5522642513866,113.3,10.0,2.0,0.0,3.14,4.0,0.0,14.3,23.0,1.26,0.429,0.049,0.377,0.328,0.715,0.286,0.429,0.286,0.2,0.0
Nate Payne,Available,MIA,Midwest League,A+,Yes,20.0,,19.0,28.9,4.9,114.9,235.2,169.7,99.8,4.63,106.8,126.22512659578533,113.3,98.3,6.0,7.0,3.68,19.0,0.0,93.0,115.0,1.33,0.321,0.103,0.296,0.193,0.743,0.195,0.354,0.451,0.284,0.137
Julio Mendez,Available,MIA,Midwest League,A+,Yes,21.0,,10.0,25.4,3.8,109.4,206.4,167.9,105.0,4.62,111.2,102.467986322957,113.2,34.4,3.0,1.0,3.05,8.0,0.0,38.3,52.0,1.3,0.318,0.12,0.311,0.191,0.782,0.195,0.414,0.391,0.176,0.059
Miguel Sime Jr.,Available,WSH,South Atlantic League,A+,Yes,19.0,,13.0,26.3,3.5,122.2,211.7,141.3,95.3,3.94,100.1,128.59185685055974,112.9,25.7,2.0,1.0,2.15,13.0,0.0,46.0,76.0,1.35,0.266,0.199,0.388,0.189,0.7,0.275,0.4,0.325,0.115,0.077
Edgar Colon,Available,CIN,Midwest League,A+,Yes,20.0,,5.0,18.1,3.5,114.9,146.9,127.5,103.5,6.02,105.8,101.7357106561348,112.7,22.4,1.0,1.0,7.13,5.0,0.0,17.7,22.0,1.53,0.279,0.12,0.265,0.145,0.771,0.125,0.354,0.521,0.4,0.2
Levi Sterling,Available,PIT,South Atlantic League,A+,Yes,19.0,,3.0,21.8,4.2,122.2,175.5,163.0,92.6,4.57,99.9,107.0478029615113,112.7,11.0,0.0,2.0,6.39,3.0,0.0,12.7,18.0,1.11,0.2,0.109,0.327,0.218,0.68,0.2,0.36,0.44,0.091,0.273
Brandon Clarke,Lászlaró Tóth (MINORS),STL,Midwest League,A+,Yes,23.0,,5.0,23.1,3.7,99.9,188.1,213.7,106.7,3.52,117.2,88.37049606102866,112.0,7.0,0.0,1.0,3.44,5.0,0.0,18.3,27.0,0.98,0.235,0.122,0.365,0.243,0.795,0.176,0.618,0.206,0.429,0.143
Brady Tygart,Available,BOS,South Atlantic League,A+,Yes,23.0,,5.0,33.9,4.3,100.9,272.5,218.4,105.2,3.01,116.4,106.49196164783028,112.0,12.7,4.0,0.0,4.57,0.0,0.0,21.7,34.0,1.02,0.279,0.09,0.382,0.292,0.773,0.182,0.523,0.295,0.308,0.154
Yerry Rodríguez,Available,NYY,South Atlantic League,A+,No,28.0,,3.0,8.9,1.2,82.9,71.7,213.9,122.6,2.48,131.0,107.75985395583308,111.9,2.0,1.0,0.0,0.0,0.0,0.0,3.7,4.0,0.82,0.3,0.0,0.286,0.286,0.9,0.1,0.7,0.2,0.5,0.0
Dax Dathe,Available,TOR,Northwest League,A+,Yes,25.0,,3.0,14.4,1.6,92.7,112.9,172.0,118.2,3.72,123.0,102.835284015757,111.9,0.0,0.0,0.0,1.93,0.0,0.0,4.7,9.0,1.5,0.375,0.174,0.391,0.217,0.875,0.125,0.875,0.0,0.0,0.0
Blaine Wynk,Available,CHW,South Atlantic League,A+,Yes,22.0,,2.0,12.9,2.0,105.5,103.5,78.5,116.7,4.3,112.3,106.6184431362199,111.9,3.0,1.0,0.0,2.25,0.0,0.0,4.0,3.0,1.25,0.214,0.053,0.158,0.105,0.857,0.071,0.714,0.214,0.0,0.333
Jose Meneses,Available,MIL,Midwest League,A+,Yes,21.0,,14.0,10.6,1.3,109.4,85.9,102.9,110.1,4.63,109.1,114.10920453009383,111.8,8.2,1.0,0.0,2.89,1.0,2.0,18.7,22.0,1.12,0.2,0.169,0.286,0.117,0.82,0.179,0.615,0.205,0.375,0.0
Isaias Uribe,Available,PIT,South Atlantic League,A+,Yes,23.0,,6.0,9.5,1.4,100.9,76.7,181.0,108.9,3.03,115.9,128.9813062714562,111.7,1.2,1.0,0.0,0.0,0.0,0.0,8.7,8.0,0.35,0.111,0.034,0.276,0.242,0.8,0.2,0.733,0.067,1.0,0.0
Dylan Brown,Available,BOS,South Atlantic League,A+,Yes,22.0,,17.0,29.7,4.9,105.5,238.4,187.7,103.5,3.09,111.9,125.42450829018438,111.6,48.8,4.0,7.0,3.78,16.0,0.0,83.3,111.0,1.24,0.368,0.069,0.32,0.251,0.76,0.22,0.541,0.239,0.245,0.082
Cody Bowker,Available,PHI,South Atlantic League,A+,No,22.0,,8.0,25.8,4.5,105.5,207.0,184.7,104.0,4.47,111.9,118.33556968726832,111.6,38.5,1.0,1.0,3.28,8.0,0.0,35.7,43.0,1.01,0.318,0.048,0.295,0.247,0.764,0.225,0.337,0.438,0.205,0.026
Jonathan Russell,Available,TB,South Atlantic League,A+,Yes,21.0,,28.0,13.3,1.6,110.6,106.8,161.5,101.7,4.03,107.7,163.9419987295689,111.6,40.6,3.0,1.0,4.3,3.0,5.0,46.0,62.0,1.48,0.378,0.082,0.298,0.216,0.747,0.203,0.455,0.341,0.238,0.143
Ethan Bagwell,Available,ATL,South Atlantic League,A+,Yes,20.0,,8.0,24.1,5.0,116.1,193.6,121.1,101.2,4.17,103.1,106.7446048628306,111.6,30.6,2.0,3.0,3.83,8.0,0.0,40.0,36.0,1.13,0.278,0.063,0.225,0.162,0.743,0.212,0.504,0.283,0.219,0.156
Pedro Da Costa Lemos,Not in Fantrax,SEA,Northwest League,A+,Yes,23.0,,12.0,12.8,1.9,100.7,100.2,207.6,105.7,4.66,115.7,90.65374565764483,111.5,29.3,3.0,0.0,3.13,0.0,0.0,23.0,27.0,0.78,0.212,0.045,0.307,0.262,0.782,0.164,0.273,0.564,0.161,0.097
Javier Perez,Available,HOU,South Atlantic League,A+,Yes,22.0,,5.0,25.4,4.1,105.5,204.1,186.9,103.5,3.21,111.7,100.90276380677716,111.5,16.5,1.0,1.0,4.35,4.0,0.0,20.7,29.0,1.35,0.382,0.065,0.315,0.25,0.76,0.22,0.48,0.3,0.2,0.067
Connor O'Hara,Available,TEX,South Atlantic League,A+,Yes,25.0,,1.0,43.5,5.0,92.9,349.6,264.0,105.8,2.95,121.5,103.67522497143072,111.0,4.0,1.0,0.0,0.0,1.0,0.0,5.0,7.0,0.4,0.111,0.059,0.412,0.353,0.777,0.222,0.333,0.444,0.25,0.0
Henry Lalane,Available,SF,South Atlantic League,A+,Yes,22.0,,3.0,27.3,5.2,105.5,219.7,154.8,106.3,4.28,111.0,116.53516164538226,111.0,16.2,0.0,0.0,2.87,3.0,0.0,15.7,17.0,1.02,0.231,0.063,0.27,0.207,0.781,0.146,0.439,0.415,0.176,0.176
Jacob Mayers,Available,BOS,South Atlantic League,A+,Yes,22.0,,6.0,16.8,3.1,105.5,135.3,57.6,117.5,5.73,111.0,97.15648790493174,111.0,18.4,0.0,1.0,4.82,6.0,0.0,18.7,26.0,1.93,0.356,0.209,0.286,0.077,0.863,0.114,0.477,0.409,0.222,0.056
Win Scott,Available,DET,Midwest League,A+,Yes,23.0,,6.0,19.5,3.1,99.9,158.4,208.4,105.4,3.33,115.5,103.7109743666024,110.9,13.3,1.0,0.0,1.93,3.0,0.0,18.7,22.0,1.12,0.308,0.038,0.275,0.237,0.785,0.176,0.569,0.255,0.154,0.154
Seth Hernandez,The Hot and Steamy Boys (MINORS),PIT,South Atlantic League,A+,Yes,20.0,,12.0,26.2,3.8,116.1,210.6,175.0,93.7,3.83,102.0,130.90632314130414,110.8,34.6,3.0,1.0,3.33,12.0,0.0,46.0,68.0,1.26,0.299,0.128,0.362,0.234,0.688,0.226,0.376,0.398,0.27,0.216
Zane Petty,Available,CLE,Midwest League,A+,Yes,22.0,,6.0,13.1,1.5,104.4,106.5,129.3,109.9,5.3,111.5,95.06977229639332,110.7,11.5,0.0,0.0,2.0,0.0,2.0,9.0,12.0,1.56,0.348,0.146,0.293,0.147,0.818,0.182,0.318,0.5,0.273,0.0
Davis Polo,Available,ATL,South Atlantic League,A+,Yes,21.0,,2.0,42.2,5.5,110.6,339.6,243.8,90.8,2.82,106.4,110.10716262588346,110.7,7.2,1.0,0.0,3.27,2.0,0.0,11.0,18.0,0.91,0.211,0.093,0.419,0.326,0.667,0.238,0.381,0.381,0.125,0.25
Ramon Marquez,Bobby and the NitWitts (MINORS),SF,Northwest League,A+,Yes,20.0,,2.0,28.8,5.0,115.8,225.2,223.5,88.1,3.27,102.0,112.53673136437696,110.7,3.8,1.0,1.0,5.4,2.0,0.0,10.0,12.0,1.0,0.364,0.026,0.308,0.282,0.653,0.304,0.522,0.174,0.25,0.25
Jackson Brockett,Available,CHC,Midwest League,A+,No,23.0,,17.0,21.8,3.0,99.9,177.4,191.7,106.2,3.55,114.5,105.1213622455022,110.2,32.5,7.0,2.0,1.79,1.0,3.0,50.3,54.0,0.83,0.205,0.062,0.28,0.218,0.791,0.169,0.565,0.266,0.121,0.152
Juan Amarante,Available,PHI,South Atlantic League,A+,Yes,22.0,,19.0,15.3,2.6,105.5,123.2,109.9,110.1,4.66,109.8,107.6272184318492,110.2,38.4,2.0,1.0,3.28,6.0,1.0,49.3,58.0,1.24,0.254,0.128,0.275,0.147,0.809,0.158,0.517,0.325,0.154,0.103
Jacob Roberts,Available,WSH,South Atlantic League,A+,Yes,24.0,,23.0,10.0,1.0,96.7,80.7,152.6,113.4,4.62,116.9,114.45843459856204,110.1,18.5,3.0,2.0,2.82,0.0,4.0,22.3,37.0,1.25,0.257,0.194,0.398,0.204,0.833,0.139,0.333,0.528,0.158,0.053
Jason Gilman,Available,BOS,South Atlantic League,A+,Yes,23.0,,5.0,25.8,4.3,100.9,207.0,151.1,109.6,4.32,113.4,108.29953189934947,110.1,18.2,0.0,2.0,4.98,5.0,0.0,21.7,33.0,1.34,0.295,0.149,0.351,0.202,0.805,0.152,0.435,0.413,0.316,0.105
Joey Oakie,Available,CLE,Midwest League,A+,Yes,20.0,,2.0,4.0,2.0,114.9,32.6,83.5,103.3,7.14,101.2,97.06836688741517,109.6,6.5,0.0,1.0,13.5,2.0,0.0,4.0,4.0,2.0,0.333,0.095,0.19,0.095,0.769,0.077,0.385,0.538,0.286,0.286
Stephen Still,Available,BAL,South Atlantic League,A+,Yes,24.0,,6.0,32.1,5.1,96.7,258.2,192.9,107.7,3.73,116.0,100.0474372863538,109.5,26.6,1.0,3.0,3.86,5.0,0.0,30.3,45.0,1.09,0.273,0.094,0.352,0.258,0.791,0.164,0.433,0.403,0.296,0.111
Chase Hampton,Available,NYY,South Atlantic League,A+,No,24.0,,3.0,15.2,3.6,96.7,121.9,109.2,117.3,5.57,116.0,101.35256957553582,109.5,13.4,0.0,0.0,6.75,3.0,0.0,10.7,11.0,1.31,0.3,0.083,0.229,0.146,0.862,0.103,0.448,0.448,0.231,0.077
Ryan Heppner,Available,ATL,South Atlantic League,A+,Yes,21.0,,1.0,11.0,2.0,110.6,88.4,0.0,116.7,6.53,104.5,92.7678040408837,109.4,2.0,0.0,0.0,0.0,0.0,0.0,2.0,2.0,2.0,0.286,0.182,0.182,0.0,0.857,0.143,0.571,0.286,0.5,0.0
Will Watson,Available,NYM,South Atlantic League,A+,No,23.0,,1.0,12.2,2.3,100.9,98.5,299.1,90.8,1.83,111.9,99.9683584710156,109.1,1.7,0.0,0.0,11.57,1.0,0.0,2.3,4.0,1.29,0.4,0.0,0.4,0.4,0.666,0.167,0.5,0.333,0.0,0.5
Raimundo De Los Santos,Available,TOR,Northwest League,A+,Yes,21.0,,1.0,2.5,1.0,110.3,19.6,-158.5,135.1,12.29,104.1,94.25646349684854,109.1,3.0,0.0,0.0,0.0,0.0,0.0,1.0,0.0,2.0,0.25,0.2,0.0,-0.2,1.0,0.0,0.25,0.75,0.333,0.0
J.D. Thompson,Available,MIL,Midwest League,A+,No,22.0,,9.0,19.1,3.3,104.4,155.8,141.6,105.4,4.43,108.8,45.01051858223943,108.9,20.6,1.0,1.0,3.9,9.0,0.0,30.0,37.0,1.17,0.254,0.137,0.298,0.161,0.785,0.2,0.492,0.308,0.3,0.05
Josh Knoth,Available,MIL,Midwest League,A+,No,20.0,,16.0,21.6,4.3,114.9,175.5,122.2,97.5,4.26,100.1,93.84857906267418,108.8,45.5,5.0,3.0,4.33,14.0,0.0,68.7,66.0,1.31,0.303,0.09,0.229,0.139,0.726,0.237,0.521,0.242,0.304,0.152
Mason Peters,Available,SEA,Northwest League,A+,Yes,22.0,,4.0,20.1,3.5,105.3,157.6,158.5,102.3,3.84,107.8,119.94580559893978,108.7,9.4,0.0,0.0,4.5,4.0,0.0,14.0,19.0,1.29,0.258,0.117,0.317,0.2,0.757,0.152,0.545,0.303,0.2,0.3
Junior Ciprian,Available,ARI,Northwest League,A+,Yes,21.0,,7.0,23.1,4.7,110.3,180.7,68.1,107.8,5.65,103.6,104.5308193195803,108.7,36.5,2.0,2.0,4.68,7.0,0.0,32.7,32.0,1.29,0.235,0.144,0.23,0.086,0.798,0.179,0.393,0.429,0.361,0.056
Austin Warren,Available,NYM,South Atlantic League,A+,No,30.0,,2.0,7.5,1.0,77.4,60.3,106.9,136.2,7.93,130.7,119.98907566428736,108.6,4.0,0.0,0.0,0.0,0.0,0.0,2.0,1.0,0.0,0.0,0.0,0.143,0.143,1.0,0.0,0.2,0.8,0.5,0.0
Ben Jacobs,Available,DET,Midwest League,A+,Yes,22.0,,18.0,27.6,4.2,104.4,224.3,204.9,97.6,4.13,108.4,124.75158320843472,108.6,69.8,5.0,2.0,4.04,17.0,0.0,75.7,108.0,1.22,0.297,0.112,0.345,0.233,0.726,0.212,0.345,0.442,0.315,0.137
Frank Martinez,Available,TEX,South Atlantic League,A+,Yes,24.0,,2.0,6.0,1.5,96.7,48.2,62.8,121.1,4.56,114.6,85.11846369334428,108.5,2.0,0.0,0.0,3.0,0.0,0.0,3.0,2.0,1.33,0.333,0.083,0.167,0.084,0.889,0.111,0.667,0.222,0.0,0.0
Owen Proksch,Available,TEX,South Atlantic League,A+,Yes,22.0,,16.0,12.8,1.6,105.5,102.6,164.5,100.9,4.23,107.3,118.49677292165504,108.5,19.7,2.0,0.0,1.8,0.0,2.0,25.0,34.0,1.24,0.316,0.092,0.312,0.22,0.741,0.207,0.448,0.345,0.25,0.15
Kyle Robinson,Available,LAA,South Atlantic League,A+,No,22.0,,7.0,26.7,4.5,105.5,214.7,143.6,103.0,3.89,107.0,90.39094121609148,108.3,22.9,3.0,0.0,4.26,7.0,0.0,31.7,36.0,1.26,0.28,0.085,0.277,0.192,0.756,0.146,0.549,0.305,0.12,0.32
Jacob Steinmetz,Available,ARI,Northwest League,A+,Yes,22.0,,5.0,27.8,4.2,105.3,217.4,125.2,105.1,5.14,106.9,104.88503936725844,108.2,22.0,0.0,0.0,0.43,4.0,0.0,21.0,28.0,1.19,0.222,0.157,0.315,0.158,0.778,0.2,0.311,0.489,0.364,0.045
Will Gagnon,Available,LAD,Midwest League,A+,Yes,22.0,,4.0,31.3,4.4,104.4,254.9,201.4,97.0,3.38,107.6,104.48996747394972,108.1,8.0,1.0,1.0,1.53,4.0,0.0,17.7,26.0,1.08,0.222,0.122,0.351,0.229,0.723,0.222,0.556,0.222,0.25,0.25
Daviel Hurtado,Available,NYM,South Atlantic League,A+,Yes,21.0,,17.0,25.5,4.5,110.6,204.9,118.2,100.9,3.94,102.6,124.38719908541916,108.1,45.1,5.0,3.0,2.69,15.0,1.0,77.0,74.0,1.01,0.242,0.085,0.243,0.158,0.741,0.239,0.533,0.228,0.156,0.089
Jarrette Bonet,Available,MIL,Midwest League,A+,Yes,20.0,,2.0,18.1,4.5,114.9,147.6,80.0,100.8,5.25,98.7,96.40009635091434,107.9,8.6,0.0,0.0,3.0,1.0,0.0,9.0,6.0,0.78,0.13,0.091,0.182,0.091,0.75,0.208,0.417,0.375,0.111,0.111
Florangel Vasquez,Not in Fantrax,SDP,Midwest League,A+,Yes,20.0,,1.0,6.8,2.3,114.9,55.0,0.0,110.0,7.26,98.7,100.15923178209624,107.9,4.0,0.0,0.0,3.86,0.0,0.0,2.3,1.0,2.14,0.364,0.077,0.077,0.0,0.819,0.182,0.455,0.364,0.25,0.0
Daison Acosta,Available,SD,Midwest League,A+,No,27.0,,3.0,9.7,1.8,85.1,78.7,138.9,122.1,4.3,123.1,145.70004140466716,107.8,2.0,0.0,0.0,0.0,0.0,0.0,5.3,5.0,0.75,0.182,0.105,0.263,0.158,0.909,0.091,0.727,0.182,0.5,0.0
José Davila,Available,STL,Midwest League,A+,No,23.0,,15.0,8.3,1.3,99.9,67.8,146.8,107.0,4.32,110.8,62.444646132379056,107.7,14.0,0.0,0.0,6.98,0.0,1.0,19.3,27.0,1.66,0.388,0.133,0.3,0.167,0.797,0.184,0.531,0.286,0.143,0.071
Tayler Montiel,Available,ARI,Northwest League,A+,No,23.0,,14.0,12.7,1.4,100.7,99.7,202.9,99.6,3.28,110.0,110.57596930733604,107.7,10.9,1.0,2.0,3.66,0.0,2.0,19.7,32.0,1.37,0.316,0.116,0.372,0.256,0.738,0.143,0.571,0.286,0.083,0.417
Pierce George,Available,CHW,South Atlantic League,A+,No,23.0,,15.0,10.8,1.1,100.9,86.7,216.9,97.9,3.6,109.9,126.75626039022563,107.7,13.1,1.0,1.0,3.18,0.0,4.0,17.0,27.0,1.0,0.233,0.101,0.391,0.29,0.719,0.188,0.375,0.438,0.0,0.214
Jacob Wallace,Available,CHC,South Atlantic League,A+,No,27.0,,2.0,6.2,1.5,86.0,50.2,136.1,121.1,6.1,121.9,111.54678098867194,107.5,6.0,0.0,0.0,3.0,0.0,0.0,3.0,2.0,0.67,0.222,0.0,0.182,0.182,0.889,0.111,0.222,0.667,0.167,0.0
Nicolas Carreno,Available,NYM,South Atlantic League,A+,Yes,20.0,,13.0,23.9,4.5,116.1,192.3,72.5,99.8,5.26,97.0,120.06171241396488,107.5,46.3,3.0,3.0,4.47,12.0,0.0,58.3,66.0,1.44,0.264,0.159,0.256,0.097,0.733,0.225,0.444,0.331,0.234,0.128
Mason McGwire,Available,LAA,Midwest League,A+,Yes,22.0,,8.0,17.8,3.7,104.4,145.3,93.2,108.3,5.77,106.5,115.87560429514193,107.4,36.0,1.0,2.0,4.91,6.0,1.0,29.3,27.0,1.4,0.312,0.114,0.22,0.106,0.806,0.156,0.377,0.468,0.25,0.083
Stharlin Torres,Available,CIN,Midwest League,A+,Yes,20.0,,5.0,12.9,3.1,114.9,105.4,24.6,106.3,6.8,98.0,93.11042835031007,107.4,21.1,1.0,0.0,4.02,2.0,0.0,15.7,11.0,1.47,0.239,0.129,0.157,0.028,0.792,0.146,0.396,0.458,0.273,0.136
Jose Parra,Available,ATH,Midwest League,A+,Yes,20.0,,2.0,9.2,2.7,114.9,75.3,0.0,109.1,7.3,97.9,104.20590841916383,107.4,6.0,0.0,0.0,8.44,2.0,0.0,5.3,5.0,1.88,0.25,0.179,0.179,0.0,0.812,0.125,0.5,0.375,0.167,0.167
Jayden Dubanewicz,Available,MIL,Midwest League,A+,Yes,20.0,,13.0,20.9,4.6,114.9,170.0,110.8,96.3,5.67,97.8,106.47279201886028,107.4,77.2,3.0,5.0,5.13,10.0,0.0,59.7,54.0,1.37,0.311,0.086,0.212,0.126,0.717,0.237,0.301,0.462,0.287,0.1
Caden Hunter,Hand Foot Mouth Disease Guys (MINORS),BAL,South Atlantic League,A+,No,22.0,,10.0,30.6,4.5,105.5,246.1,182.5,96.6,3.26,105.3,116.73892054801732,107.2,26.0,2.0,1.0,1.6,9.0,0.0,45.0,62.0,1.04,0.289,0.108,0.352,0.244,0.71,0.263,0.447,0.289,0.409,0.091
Jesus Mendez,Available,CHW,South Atlantic League,A+,Yes,21.0,,11.0,6.3,1.1,110.6,50.6,135.4,97.2,3.89,101.1,97.71075699920218,107.2,7.2,0.0,1.0,8.76,0.0,0.0,12.3,17.0,1.54,0.361,0.098,0.279,0.181,0.714,0.286,0.514,0.2,0.143,0.0
Patrick Forbes,Available,ARI,Northwest League,A+,Yes,21.0,,10.0,17.2,2.8,110.3,134.9,222.7,87.0,3.35,101.0,157.1437308938594,106.9,15.4,0.0,0.0,2.93,10.0,0.0,27.7,38.0,0.98,0.298,0.064,0.345,0.281,0.644,0.305,0.424,0.271,0.188,0.188
Briggs McKenzie,Available,ATL,South Atlantic League,A+,Yes,19.0,,3.0,18.7,3.2,122.2,150.0,74.8,92.6,4.7,91.0,126.99365605766054,106.9,6.2,0.0,0.0,4.66,3.0,0.0,9.7,14.0,2.07,0.385,0.18,0.28,0.1,0.68,0.28,0.48,0.24,0.167,0.167
Mitch Mueller,Available,MIN,Midwest League,A+,No,24.0,,12.0,12.4,1.7,95.7,100.9,300.7,91.7,2.76,112.9,101.26351532228308,106.8,14.3,1.0,1.0,3.54,0.0,1.0,20.3,30.0,0.84,0.256,0.053,0.395,0.342,0.683,0.244,0.39,0.366,0.267,0.2
Braulio Salas,Available,MIA,Midwest League,A+,Yes,21.0,,10.0,7.5,1.7,109.4,60.9,75.6,104.3,6.09,101.3,102.11210699142453,106.7,23.0,1.0,1.0,7.27,0.0,1.0,17.3,14.0,1.67,0.362,0.085,0.171,0.086,0.777,0.207,0.397,0.397,0.174,0.043
Nolan Perry,Bobby and the NitWitts (MINORS),TOR,Northwest League,A+,No,22.0,,7.0,30.9,4.4,105.3,242.3,220.3,91.3,3.29,104.5,121.41501673303242,106.5,22.0,3.0,3.0,3.23,7.0,0.0,30.7,46.0,1.24,0.369,0.087,0.365,0.278,0.676,0.279,0.382,0.338,0.13,0.13
Irving Cota,Available,NYM,South Atlantic League,A+,No,22.0,,7.0,16.2,3.5,105.5,130.0,63.6,108.9,5.39,104.1,110.69857434797672,106.4,25.7,1.0,1.0,0.73,5.0,0.0,24.7,14.0,0.77,0.181,0.064,0.149,0.085,0.8,0.2,0.443,0.357,0.16,0.0
Jeremy Reyes,Available,ATL,South Atlantic League,A+,Yes,20.0,,12.0,15.5,4.4,116.1,124.2,-6.7,106.8,6.41,95.2,90.57416012807384,106.3,48.0,2.0,7.0,6.11,12.0,0.0,53.0,40.0,1.7,0.285,0.174,0.165,-0.009,0.784,0.182,0.5,0.318,0.213,0.106
Garrett Wright,Available,CHW,South Atlantic League,A+,No,24.0,,28.0,10.5,1.4,96.7,84.2,124.9,109.8,4.34,111.0,124.1220858227909,106.1,26.7,3.0,4.0,4.26,0.0,3.0,38.0,54.0,1.26,0.237,0.168,0.335,0.167,0.806,0.156,0.494,0.351,0.185,0.111
Garrett Hodges,Available,MIL,Midwest League,A+,No,23.0,,16.0,12.9,1.8,99.9,105.3,104.6,109.0,4.84,108.3,123.2020283232568,106.1,21.3,3.0,1.0,3.38,0.0,2.0,29.3,35.0,1.36,0.271,0.157,0.276,0.119,0.811,0.174,0.522,0.304,0.381,0.048
Caden Scarborough,Available,TEX,South Atlantic League,A+,Yes,21.0,,12.0,18.3,4.0,110.6,147.3,124.1,96.5,4.97,99.3,104.5479242175787,106.0,48.9,1.0,5.0,5.03,12.0,0.0,48.3,48.0,1.08,0.266,0.076,0.242,0.166,0.708,0.26,0.346,0.394,0.28,0.08
A.J. Minter,Available,MIN,South Atlantic League,A+,No,32.0,,2.0,2.0,0.8,72.6,16.1,106.9,136.2,3.56,130.7,90.95638235704088,105.9,1.0,0.0,0.0,0.0,1.0,0.0,1.7,1.0,1.2,0.333,0.0,0.143,0.143,1.0,0.0,0.833,0.167,0.0,0.0
Luis R. Rodriguez,Available,NYM,South Atlantic League,A+,Yes,23.0,,11.0,4.3,1.0,100.9,34.7,0.0,119.1,5.84,106.6,71.00672908272796,105.6,3.4,0.0,3.0,8.44,1.0,0.0,10.7,15.0,2.25,0.333,0.259,0.259,0.0,0.875,0.125,0.75,0.125,0.333,0.0
Kyle McCoy,Available,CIN,Midwest League,A+,Yes,22.0,,16.0,19.8,4.1,104.4,160.9,108.2,103.3,4.68,103.7,94.21299361834537,105.5,46.0,4.0,6.0,5.7,14.0,0.0,66.3,67.0,1.55,0.351,0.1,0.223,0.123,0.769,0.2,0.559,0.241,0.191,0.128
Aidan Deakins,Available,TEX,South Atlantic League,A+,Yes,22.0,,1.0,11.0,3.3,105.5,88.4,49.4,108.9,7.08,102.7,97.73744021296206,105.5,5.0,0.0,0.0,5.4,0.0,0.0,3.3,2.0,1.2,0.2,0.067,0.133,0.066,0.8,0.1,0.4,0.5,0.2,0.2
Adrian Bohorquez,Available,MIN,Midwest League,A+,No,21.0,,12.0,17.8,3.2,109.4,145.0,120.5,97.2,4.74,99.6,136.76878584146965,105.5,31.4,1.0,0.0,4.19,11.0,0.0,38.7,47.0,1.37,0.295,0.143,0.28,0.137,0.723,0.266,0.404,0.33,0.226,0.032
Pierce Coppola,Available,CHC,Midwest League,A+,Yes,23.0,,9.0,18.1,3.9,99.9,147.0,87.0,109.9,6.86,107.3,102.42722773317558,105.4,52.8,1.0,3.0,3.31,7.0,0.0,35.3,29.0,1.19,0.242,0.092,0.191,0.099,0.818,0.131,0.313,0.556,0.291,0.091
Reed Moring,Available,MIN,Midwest League,A+,Yes,21.0,,6.0,21.4,4.8,109.4,174.4,118.7,97.1,4.92,99.3,101.79343053534352,105.3,27.6,1.0,2.0,5.59,5.0,0.0,29.0,29.0,1.38,0.291,0.095,0.23,0.135,0.723,0.217,0.434,0.349,0.276,0.172
Francis Texido,Available,LAA,Northwest League,A+,No,21.0,,26.0,11.9,2.6,110.3,93.2,64.2,102.4,5.47,98.5,122.53863156045962,105.3,62.1,4.0,6.0,4.66,7.0,0.0,67.7,61.0,1.46,0.283,0.124,0.205,0.081,0.759,0.195,0.474,0.332,0.27,0.143
Luke Sinnard,Available,ATL,South Atlantic League,A+,No,23.0,,8.0,21.1,3.7,100.9,169.3,155.5,100.6,3.89,106.1,128.95415115998043,105.2,19.7,0.0,1.0,2.73,8.0,0.0,29.7,36.0,1.15,0.309,0.092,0.3,0.208,0.739,0.232,0.478,0.29,0.25,0.1
Garrett Horn,Available,MIN,Midwest League,A+,Yes,23.0,,4.0,14.6,2.7,99.9,118.6,112.5,106.3,5.21,106.8,97.91533205351972,105.1,8.2,0.0,1.0,4.22,3.0,0.0,10.7,14.0,1.41,0.227,0.17,0.298,0.128,0.792,0.125,0.5,0.375,0.222,0.222
Luke Craig,Available,ARI,Northwest League,A+,Yes,24.0,,12.0,8.7,1.1,96.5,68.4,74.5,113.7,6.74,109.4,87.19225579145339,105.0,12.0,0.0,0.0,2.7,0.0,2.0,13.3,12.0,1.28,0.289,0.094,0.188,0.094,0.842,0.158,0.526,0.316,0.333,0.0
Max Martin,Available,HOU,Midwest League,A+,Yes,22.0,,12.0,12.6,1.6,104.4,102.8,111.7,102.1,4.94,103.0,113.82228984068972,105.0,14.0,4.0,1.0,1.4,0.0,1.0,19.3,18.0,1.03,0.24,0.101,0.228,0.127,0.76,0.24,0.48,0.28,0.071,0.0
Andrew Taylor,Available,HOU,South Atlantic League,A+,No,24.0,,5.0,20.7,4.0,96.7,166.4,141.3,105.7,4.62,109.1,133.70113291589774,104.9,20.2,1.0,1.0,2.7,4.0,0.0,20.0,19.0,0.8,0.191,0.068,0.257,0.189,0.776,0.184,0.388,0.429,0.19,0.095
Jackson Kirkpatrick,Available,CHC,Midwest League,A+,No,23.0,,9.0,9.5,1.3,99.9,77.3,80.0,109.9,6.6,106.6,114.85085522430836,104.9,11.0,0.0,0.0,2.25,0.0,1.0,12.0,17.0,1.33,0.182,0.218,0.309,0.091,0.818,0.182,0.318,0.5,0.273,0.0
Yoendris Gonzalez,Available,CHC,Midwest League,A+,Yes,23.0,,9.0,13.6,1.9,99.9,110.6,171.5,99.1,4.1,106.4,112.92529527446698,104.8,13.0,1.0,0.0,3.12,0.0,1.0,17.3,21.0,1.33,0.357,0.097,0.292,0.195,0.738,0.238,0.452,0.31,0.077,0.077
Luis Rujano,Available,CHC,Midwest League,A+,No,23.0,,12.0,9.3,1.6,99.9,75.8,83.5,109.2,5.22,106.3,111.71839939150568,104.8,12.2,2.0,1.0,4.34,0.0,0.0,18.7,20.0,1.34,0.265,0.143,0.238,0.095,0.813,0.188,0.563,0.25,0.333,0.0
Brendan Parks,Available,BAL,South Atlantic League,A+,Yes,23.0,,4.0,15.4,1.1,100.9,123.6,284.9,85.1,2.84,105.6,102.10140902645357,104.8,3.5,0.0,0.0,4.15,0.0,2.0,4.3,10.0,1.38,0.429,0.095,0.476,0.381,0.625,0.25,0.25,0.5,0.25,0.25
Joshua Quezada,Available,MIL,Midwest League,A+,No,22.0,,5.0,12.9,2.1,104.4,105.0,97.6,103.3,5.02,102.6,101.9786860890027,104.8,8.3,2.0,0.0,6.75,0.0,0.0,10.7,12.0,1.31,0.208,0.156,0.267,0.111,0.769,0.154,0.5,0.346,0.333,0.222
Ovis Portes,Available,CIN,Midwest League,A+,Yes,21.0,,15.0,12.5,3.2,109.4,101.5,80.9,100.2,5.86,98.3,101.10386267200732,104.6,50.0,1.0,8.0,9.13,13.0,0.0,47.3,58.0,2.03,0.4,0.15,0.242,0.092,0.746,0.21,0.42,0.37,0.157,0.118
Jostin Florentino,Available,CHC,Midwest League,A+,Yes,21.0,,17.0,19.4,3.7,109.4,158.0,141.6,93.2,4.98,98.2,95.27407324446882,104.6,55.6,1.0,5.0,4.71,17.0,0.0,63.0,77.0,1.33,0.271,0.12,0.281,0.161,0.694,0.229,0.386,0.386,0.254,0.203
Miqueas Mercedes,Available,MIL,Midwest League,A+,Yes,19.0,,1.0,35.2,5.7,120.9,287.0,0.0,98.6,5.77,88.7,96.99518075610472,104.6,4.0,1.0,0.0,0.0,1.0,0.0,5.7,4.0,1.24,0.2,0.174,0.174,0.0,0.734,0.267,0.467,0.267,0.0,0.0
Travis MacGregor,Available,NYY,South Atlantic League,A+,No,28.0,,1.0,6.5,1.0,82.9,52.2,0.0,136.2,5.62,120.0,102.1945000381063,104.5,0.0,0.0,0.0,9.0,0.0,0.0,1.0,2.0,2.0,0.0,0.4,0.4,0.0,1.0,0.0,1.0,0.0,0.0,0.0
Michael Fowler,Available,MIL,Midwest League,A+,Yes,23.0,,28.0,9.8,1.3,99.9,79.6,109.0,105.8,4.93,105.9,65.71245146510957,104.5,27.7,0.0,2.0,2.41,0.0,6.0,37.3,40.0,1.21,0.215,0.123,0.247,0.124,0.788,0.16,0.543,0.298,0.214,0.179
Jacob Zibin,Available,CLE,Midwest League,A+,Yes,21.0,,11.0,29.6,5.1,109.4,240.7,148.6,92.2,4.57,98.0,98.25848586236988,104.5,49.3,4.0,2.0,2.59,11.0,0.0,55.7,59.0,1.06,0.237,0.094,0.263,0.169,0.686,0.27,0.365,0.365,0.32,0.12
Cesar Aquino,Available,PIT,South Atlantic League,A+,No,21.0,,13.0,10.7,2.0,110.6,85.6,74.8,99.6,6.5,97.1,100.92311743529928,104.5,40.8,1.0,0.0,4.5,0.0,1.0,26.0,24.0,1.62,0.303,0.1,0.2,0.1,0.732,0.183,0.28,0.537,0.136,0.159
Jaxon Wiggins,Hand Foot Mouth Disease Guys (MINORS),CHC,Midwest League,A+,No,24.0,,3.0,12.4,2.4,95.7,101.1,168.8,102.7,3.93,109.2,87.35197147943826,104.4,4.4,0.0,0.0,2.45,3.0,0.0,7.3,7.0,0.95,0.2,0.077,0.269,0.192,0.764,0.118,0.588,0.294,0.0,0.4
Matt Lanzendorfer,Available,LAD,Midwest League,A+,Yes,24.0,,33.0,10.8,1.4,95.7,87.9,171.5,102.3,4.18,109.2,109.8080385550352,104.4,26.0,5.0,1.0,4.37,1.0,2.0,47.3,67.0,1.27,0.286,0.123,0.318,0.195,0.762,0.2,0.552,0.248,0.231,0.154
Daniel Guerra,Available,TOR,Northwest League,A+,No,22.0,,14.0,26.2,4.2,105.3,205.6,156.1,94.9,4.01,101.2,130.64531603583134,104.4,42.4,3.0,3.0,3.2,14.0,0.0,59.0,78.0,1.32,0.331,0.116,0.313,0.197,0.703,0.268,0.42,0.312,0.209,0.093
Ayendy Bravo,Available,MIL,Midwest League,A+,Yes,19.0,,5.0,3.4,1.5,120.9,27.7,-97.6,109.3,9.7,88.3,89.90177584300169,104.4,11.5,0.0,1.0,14.09,0.0,1.0,7.7,6.0,2.87,0.385,0.244,0.133,-0.111,0.814,0.148,0.407,0.444,0.5,0.083
Maddox Long,Available,DET,Midwest League,A+,Yes,25.0,,4.0,26.0,4.2,91.9,211.7,235.6,98.3,3.5,112.1,88.77418916057962,104.2,14.0,1.0,1.0,3.18,2.0,0.0,17.0,21.0,0.94,0.293,0.045,0.313,0.268,0.732,0.244,0.415,0.341,0.143,0.071
Camron Hill,Available,PHI,South Atlantic League,A+,Yes,23.0,,33.0,8.5,1.3,100.9,68.4,156.3,98.9,4.51,104.6,122.8548149304526,104.2,38.9,4.0,2.0,4.43,0.0,0.0,42.7,57.0,1.22,0.273,0.113,0.322,0.209,0.726,0.189,0.368,0.442,0.214,0.19
Raimy Rodriguez,Available,HOU,South Atlantic League,A+,Yes,20.0,,26.0,8.9,1.8,116.1,71.2,9.7,101.4,6.77,92.1,159.75571476180806,104.2,41.4,3.0,1.0,6.51,0.0,0.0,47.0,50.0,1.98,0.313,0.194,0.207,0.013,0.744,0.218,0.466,0.316,0.31,0.119
Henry Lalane,Available,SF,Northwest League,A+,Yes,22.0,,5.0,17.8,4.3,105.3,139.0,66.6,104.8,5.17,100.8,116.53516164538226,104.1,18.0,1.0,1.0,4.57,5.0,0.0,21.7,16.0,1.34,0.284,0.084,0.168,0.084,0.776,0.194,0.537,0.269,0.167,0.111
Bryan Balzer,Available,SD,Midwest League,A+,Yes,21.0,,11.0,17.0,3.5,109.4,138.0,74.7,99.8,6.19,97.3,102.5820079000622,104.0,33.4,1.0,3.0,5.17,10.0,0.0,38.3,43.0,1.62,0.311,0.144,0.229,0.085,0.743,0.229,0.448,0.324,0.235,0.088
Peyton Niksch,Available,MIL,Midwest League,A+,No,22.0,,7.0,13.3,2.3,104.4,108.2,160.0,94.6,4.72,101.3,104.50726103597452,103.9,15.0,1.0,0.0,1.13,0.0,0.0,16.0,15.0,1.0,0.273,0.045,0.227,0.182,0.704,0.273,0.386,0.341,0.333,0.067
Todd Kniebbe,Available,BAL,South Atlantic League,A+,Yes,22.0,,20.0,11.3,1.3,105.5,90.6,148.1,94.8,3.93,100.3,111.27307452838409,103.8,18.3,4.0,1.0,2.02,0.0,4.0,26.7,31.0,0.97,0.246,0.109,0.307,0.198,0.696,0.286,0.393,0.321,0.389,0.056
Ryan Dollar,Available,NYM,South Atlantic League,A+,Yes,22.0,,31.0,9.1,1.2,105.5,73.0,106.9,99.5,4.68,100.3,116.42237809722548,103.8,31.2,3.0,2.0,3.32,0.0,2.0,38.0,49.0,1.39,0.284,0.161,0.304,0.143,0.731,0.218,0.397,0.385,0.3,0.133
Alexis Liebano,Not in Fantrax,ARI,Northwest League,A+,Yes,23.0,,8.0,10.8,1.2,100.7,84.4,275.8,84.5,2.25,104.1,100.53751431759112,103.7,4.7,1.0,0.0,5.4,0.0,0.0,10.0,21.0,1.1,0.267,0.14,0.488,0.348,0.625,0.313,0.375,0.313,0.0,0.2
Greiber Mendez,Not in Fantrax,PIT,South Atlantic League,A+,Yes,22.0,,11.0,11.8,1.8,105.5,95.0,117.4,97.9,5.49,99.9,90.20012759416112,103.6,27.0,2.0,1.0,3.6,0.0,2.0,20.0,17.0,1.1,0.236,0.048,0.205,0.157,0.719,0.193,0.316,0.491,0.179,0.179
Dylan Ross,Available,NYM,South Atlantic League,A+,No,25.0,,2.0,4.5,1.0,92.9,36.2,124.9,108.9,5.48,110.3,129.49298773917465,103.5,3.0,0.0,0.0,0.0,2.0,0.0,2.0,1.0,0.0,0.0,0.0,0.167,0.167,0.8,0.2,0.2,0.6,0.0,0.0
Jacob Odle,Available,STL,Midwest League,A+,Yes,22.0,,15.0,26.9,4.2,104.4,219.4,135.4,96.6,5.11,100.6,106.6374570070901,103.4,46.9,3.0,4.0,3.86,15.0,0.0,63.0,92.0,1.44,0.283,0.176,0.33,0.154,0.719,0.219,0.391,0.391,0.18,0.16
Leighton Finley,Available,BOS,South Atlantic League,A+,Yes,22.0,,1.0,34.0,4.7,105.5,273.3,176.5,90.8,3.6,99.7,101.73762065899646,103.4,1.0,0.0,0.0,0.0,1.0,0.0,4.7,7.0,0.86,0.167,0.176,0.412,0.236,0.667,0.333,0.5,0.167,0.0,0.0
Mason Marriott,Available,ARI,Northwest League,A+,No,23.0,,6.0,13.7,2.3,100.7,107.4,248.8,86.8,2.28,103.4,69.6374757715958,103.3,5.2,0.0,1.0,3.29,5.0,0.0,13.7,19.0,0.8,0.276,0.059,0.373,0.314,0.643,0.357,0.464,0.179,0.0,0.0
Sean Barnett,Available,SD,Midwest League,A+,Yes,23.0,,10.0,5.9,1.1,99.9,47.8,143.3,99.6,5.13,104.0,89.10851550802862,103.2,12.6,1.0,1.0,9.53,0.0,0.0,11.3,19.0,2.21,0.467,0.148,0.311,0.163,0.741,0.194,0.387,0.419,0.231,0.154
Trace Baker,Available,TOR,Northwest League,A+,Yes,22.0,,17.0,11.0,1.5,105.3,85.9,145.8,94.1,4.25,99.4,114.95200363412614,103.2,21.3,1.0,2.0,5.47,0.0,4.0,26.3,35.0,1.44,0.328,0.108,0.292,0.184,0.697,0.258,0.424,0.318,0.238,0.143
Kannon Kemp,Available,SD,Midwest League,A+,Yes,21.0,,9.0,14.9,3.7,109.4,121.2,99.4,95.7,4.74,96.2,75.764852457037,103.2,26.7,1.0,2.0,5.73,5.0,0.0,33.0,29.0,1.7,0.379,0.08,0.193,0.113,0.713,0.241,0.5,0.259,0.286,0.179
Dylan Jordan,Available,LAA,Northwest League,A+,Yes,20.0,,5.0,14.7,3.5,115.8,115.1,92.7,90.1,5.33,90.6,115.76261549331326,103.1,13.0,0.0,2.0,9.87,5.0,0.0,17.3,24.0,1.96,0.359,0.165,0.282,0.117,0.667,0.2,0.467,0.333,0.067,0.4
Ty Van Dyke,Available,STL,Midwest League,A+,Yes,22.0,,16.0,20.5,4.4,104.4,166.5,104.6,99.4,5.35,99.9,116.1478664061245,103.0,74.7,3.0,5.0,5.6,13.0,0.0,70.7,72.0,1.51,0.332,0.113,0.232,0.119,0.74,0.214,0.393,0.393,0.273,0.117
Daniel Corniel,Available,MIL,Midwest League,A+,Yes,21.0,,12.0,14.8,3.4,109.4,120.3,59.8,99.4,5.77,95.5,113.65709689962998,102.8,45.6,1.0,5.0,5.71,6.0,3.0,41.0,29.0,1.44,0.31,0.096,0.164,0.068,0.74,0.236,0.402,0.362,0.239,0.065
Christian McGowan,Available,PHI,South Atlantic League,A+,No,26.0,,1.0,4.8,2.0,89.3,38.2,74.8,116.7,4.07,112.0,94.19295788337102,102.7,1.0,0.0,0.0,13.5,0.0,0.0,2.0,2.0,2.5,0.571,0.1,0.2,0.1,0.857,0.143,0.714,0.143,0.0,0.0
Carson Myers,Available,TOR,Northwest League,A+,Yes,23.0,,27.0,13.1,1.9,100.7,102.8,127.6,99.7,4.71,102.5,106.37357015703186,102.7,46.1,2.0,2.0,3.18,0.0,4.0,51.0,60.0,1.33,0.281,0.115,0.276,0.161,0.738,0.19,0.429,0.381,0.188,0.188
Luimy Munoz,Not in Fantrax,TEX,South Atlantic League,A+,Yes,23.0,,11.0,10.2,1.6,100.9,82.4,-40.4,118.9,6.78,102.3,114.31934156272077,102.7,14.0,0.0,0.0,3.12,1.0,3.0,17.3,10.0,1.21,0.128,0.189,0.135,-0.054,0.873,0.106,0.596,0.298,0.643,0.071
Tegan Cain,Available,PHI,South Atlantic League,A+,Yes,23.0,,7.0,7.9,1.7,100.9,63.7,59.1,107.3,4.97,102.3,109.9011025900349,102.6,8.2,1.0,0.0,5.25,0.0,0.0,12.0,11.0,1.33,0.2,0.137,0.216,0.079,0.788,0.121,0.606,0.273,0.111,0.333
Mauricio Estrella,Available,SF,Northwest League,A+,Yes,22.0,,15.0,10.6,1.9,105.3,83.2,110.1,97.2,4.91,98.6,103.41152944091992,102.6,23.4,2.0,2.0,4.76,0.0,0.0,28.3,34.0,1.59,0.342,0.123,0.262,0.139,0.72,0.227,0.453,0.32,0.417,0.167
Brady Smith,Available,DET,Midwest League,A+,Yes,21.0,,4.0,17.4,3.9,109.4,142.0,90.6,95.6,5.55,95.2,105.85620453230403,102.6,15.3,1.0,1.0,5.74,4.0,0.0,15.7,14.0,1.34,0.279,0.103,0.206,0.103,0.712,0.244,0.4,0.356,0.188,0.125
Franly Urena,Available,TOR,Northwest League,A+,Yes,22.0,,8.0,7.4,1.6,105.3,58.3,41.2,105.0,6.69,98.4,100.93486871806256,102.5,16.5,1.0,0.0,3.55,0.0,0.0,12.7,12.0,1.74,0.343,0.155,0.207,0.052,0.777,0.194,0.333,0.472,0.118,0.059
Jake Miller,Available,DET,Midwest League,A+,No,25.0,,3.0,22.3,4.2,91.9,181.8,143.3,105.9,4.95,109.5,138.99689981406192,102.4,14.6,0.0,0.0,1.42,3.0,0.0,12.7,12.0,0.95,0.219,0.082,0.245,0.163,0.789,0.182,0.364,0.455,0.333,0.067
Jacob Hartlaub,Available,TB,South Atlantic League,A+,Yes,23.0,,10.0,8.8,1.5,100.9,71.1,128.6,98.7,4.97,101.7,97.03704752532768,102.3,17.6,2.0,2.0,6.0,0.0,1.0,15.0,16.0,1.33,0.308,0.078,0.25,0.172,0.725,0.2,0.35,0.45,0.333,0.167
Jose Chirinos,Available,NYM,South Atlantic League,A+,Yes,21.0,,15.0,23.4,4.8,110.6,188.1,106.9,92.1,5.19,93.8,113.17791108874616,102.3,73.9,1.0,7.0,4.0,15.0,0.0,72.0,77.0,1.39,0.311,0.101,0.244,0.143,0.676,0.278,0.333,0.389,0.234,0.117
Troy Guthrie,Available,TOR,Northwest League,A+,Yes,20.0,,9.0,18.2,4.6,115.8,142.5,92.7,88.8,4.72,89.5,101.61640909204624,102.3,36.2,3.0,3.0,6.48,9.0,0.0,41.7,33.0,1.66,0.38,0.058,0.175,0.117,0.657,0.3,0.436,0.264,0.135,0.162
Gerardo Lopez,Available,PHI,South Atlantic League,A+,Yes,20.0,,2.0,11.6,2.5,116.1,93.4,41.9,94.4,5.15,89.3,99.17598198937584,102.3,4.0,0.0,0.0,0.0,0.0,0.0,5.0,3.0,0.6,0.077,0.111,0.167,0.056,0.693,0.308,0.385,0.308,0.0,0.0
Connor Fenlong,Available,DET,Midwest League,A+,Yes,26.0,,7.0,33.7,5.3,88.3,274.2,198.7,102.5,3.79,112.1,111.43857640279772,102.2,28.1,4.0,1.0,2.43,7.0,0.0,37.0,41.0,0.89,0.222,0.055,0.281,0.226,0.763,0.183,0.505,0.312,0.172,0.172
Caleb Franzen,Available,SEA,Northwest League,A+,Yes,25.0,,10.0,8.8,1.7,92.7,68.5,180.7,100.5,3.88,108.5,78.98018437359693,102.2,15.6,1.0,0.0,4.76,0.0,0.0,17.0,18.0,0.94,0.239,0.029,0.257,0.228,0.744,0.191,0.468,0.34,0.25,0.188
Jamie Hitt,Available,SD,Midwest League,A+,No,23.0,,13.0,17.7,4.4,99.9,144.0,86.2,104.4,5.21,102.4,126.73168937733114,102.2,52.9,1.0,5.0,5.31,13.0,0.0,57.7,50.0,1.53,0.317,0.09,0.188,0.098,0.777,0.183,0.522,0.294,0.151,0.132
Moises Morales,Available,TEX,South Atlantic League,A+,Yes,22.0,,1.0,7.0,3.0,105.5,56.3,0.0,108.9,5.59,97.8,108.92572243322424,102.2,1.0,0.0,0.0,6.0,1.0,0.0,3.0,1.0,1.33,0.3,0.077,0.077,0.0,0.8,0.2,0.7,0.1,1.0,0.0
Juan De La Cruz,Available,MIA,Midwest League,A+,Yes,21.0,,19.0,6.6,1.4,109.4,53.9,35.2,101.3,6.25,94.6,102.32208803773209,102.2,22.7,4.0,4.0,10.17,0.0,0.0,25.7,31.0,1.99,0.344,0.206,0.246,0.04,0.754,0.2,0.446,0.354,0.174,0.13
Alix Hernandez,Available,SF,Northwest League,A+,Yes,21.0,,10.0,11.2,1.6,110.3,87.3,99.1,93.1,4.93,93.9,113.6045511951954,102.2,15.7,3.0,1.0,4.41,0.0,1.0,16.3,17.0,1.35,0.25,0.111,0.236,0.125,0.689,0.244,0.4,0.356,0.25,0.188
Francisco Frias,Available,HOU,South Atlantic League,A+,Yes,21.0,,35.0,7.4,1.2,110.6,59.8,65.1,96.4,6.39,93.4,120.07391048782765,102.0,48.7,4.0,3.0,7.74,0.0,2.0,43.0,58.0,1.95,0.352,0.178,0.265,0.087,0.708,0.23,0.319,0.451,0.275,0.137
Inohan Paniagua,Available,DET,Midwest League,A+,Yes,26.0,,16.0,10.6,1.4,88.3,86.6,151.2,107.4,5.35,111.6,132.2328542832863,101.9,25.0,1.0,0.0,1.99,0.0,2.0,22.7,28.0,1.1,0.229,0.129,0.301,0.172,0.8,0.16,0.32,0.52,0.231,0.077
Ross Dunn,Available,MIN,Midwest League,A+,Yes,24.0,,12.0,8.3,1.4,95.7,67.8,122.2,103.7,4.34,105.4,132.2328542832863,101.9,10.2,3.0,2.0,4.86,1.0,0.0,16.7,18.0,1.44,0.356,0.111,0.25,0.139,0.772,0.227,0.545,0.227,0.2,0.0
Ryan Slater,Available,SF,Northwest League,A+,No,24.0,,29.0,10.4,1.1,96.5,81.8,161.7,98.4,4.21,104.8,124.87804675778916,101.9,29.5,2.0,2.0,3.66,0.0,8.0,32.0,39.0,1.16,0.273,0.091,0.295,0.204,0.729,0.222,0.395,0.383,0.129,0.129
Aiven Cabral,Available,ATL,South Atlantic League,A+,Yes,22.0,,13.0,21.2,5.0,105.5,170.8,87.5,98.5,4.72,97.4,104.25724667650542,101.9,60.4,4.0,6.0,4.15,12.0,0.0,65.0,47.0,1.22,0.291,0.06,0.177,0.117,0.723,0.246,0.446,0.308,0.2,0.1
Jack Eshleman,Available,TOR,Northwest League,A+,Yes,22.0,,22.0,11.2,2.1,105.3,87.8,57.1,102.0,5.72,97.5,118.07409244136994,101.8,50.3,3.0,2.0,2.58,0.0,4.0,45.3,26.0,1.06,0.218,0.072,0.144,0.072,0.755,0.2,0.422,0.378,0.157,0.118
Max Martin,Available,HOU,South Atlantic League,A+,Yes,22.0,,12.0,5.9,1.6,105.5,47.4,23.9,105.5,6.32,97.1,113.82228984068972,101.8,19.7,0.0,1.0,5.03,0.0,0.0,19.7,15.0,1.68,0.295,0.128,0.16,0.032,0.775,0.177,0.5,0.323,0.3,0.15
Alberto Pacheco,Available,COL,Northwest League,A+,No,23.0,,5.0,3.4,1.4,100.7,26.2,-48.3,118.2,6.87,101.0,103.9166390793457,101.7,7.3,0.0,0.0,6.43,0.0,0.0,7.0,3.0,1.86,0.32,0.152,0.091,-0.061,0.875,0.125,0.583,0.292,0.0,0.0
Charlie Christensen,Available,DET,Midwest League,A+,Yes,22.0,,4.0,20.9,3.7,104.4,170.5,144.2,92.6,4.94,98.0,114.79683925400062,101.7,14.0,0.0,0.0,2.45,4.0,0.0,14.7,17.0,0.89,0.074,0.145,0.309,0.164,0.69,0.207,0.276,0.517,0.2,0.2
Dash Albus,Available,KC,Midwest League,A+,Yes,23.0,,19.0,8.6,1.5,99.9,69.8,178.5,92.5,4.08,101.4,104.76401813203496,101.5,26.3,3.0,2.0,3.99,0.0,0.0,29.3,32.0,1.09,0.28,0.068,0.271,0.203,0.689,0.273,0.377,0.351,0.259,0.111
Jacob Morrison,Available,MIL,Midwest League,A+,Yes,22.0,,5.0,22.9,4.1,104.4,186.4,138.0,92.9,5.3,97.7,97.9640610611006,101.5,24.5,2.0,1.0,3.92,2.0,0.0,20.7,21.0,1.06,0.204,0.096,0.253,0.157,0.692,0.231,0.269,0.5,0.385,0.154
Nathan Dettmer,Available,ATH,Midwest League,A+,No,24.0,,10.0,26.0,5.3,95.7,211.7,122.2,102.8,4.71,104.7,104.81765077714664,101.4,49.0,3.0,4.0,4.08,10.0,0.0,53.0,51.0,1.43,0.362,0.09,0.229,0.139,0.766,0.221,0.45,0.329,0.306,0.041
AJ Russell,Available,TEX,South Atlantic League,A+,Yes,22.0,,12.0,17.6,2.8,105.5,141.2,162.3,89.0,4.02,96.6,107.39161327252964,101.4,23.3,1.0,4.0,4.76,10.0,0.0,34.0,53.0,1.56,0.4,0.132,0.349,0.217,0.653,0.28,0.387,0.333,0.24,0.2
Brandon Cain,Available,PIT,South Atlantic League,A+,Yes,21.0,,13.0,8.6,1.2,110.6,69.1,52.3,96.7,5.42,92.4,96.39644966039566,101.4,10.0,1.0,1.0,6.0,0.0,3.0,15.0,17.0,1.67,0.289,0.169,0.239,0.07,0.71,0.237,0.5,0.263,0.2,0.2
Justin Mitrovich,Available,MIN,Midwest League,A+,Yes,22.0,,8.0,19.2,3.9,104.4,156.0,68.6,100.7,5.07,97.5,108.14504825065492,101.3,22.2,2.0,2.0,4.35,7.0,0.0,31.0,30.0,1.52,0.303,0.136,0.214,0.078,0.75,0.239,0.511,0.25,0.364,0.045
Adolfo Oviedo,Available,PIT,South Atlantic League,A+,Yes,21.0,,20.0,8.9,1.7,110.6,71.9,4.5,102.1,6.34,92.3,101.05275904581312,101.3,37.4,3.0,1.0,3.97,0.0,2.0,34.0,22.0,1.59,0.266,0.134,0.14,0.006,0.75,0.213,0.444,0.343,0.162,0.108
Carter Lovasz,Available,ATL,South Atlantic League,A+,Yes,23.0,,5.0,8.8,2.0,100.9,70.7,72.5,103.2,6.02,100.0,110.0990343800452,101.2,11.4,1.0,0.0,4.5,0.0,0.0,10.0,6.0,0.8,0.2,0.049,0.146,0.097,0.758,0.241,0.379,0.379,0.091,0.0
Julian Tonghini,Available,WSH,South Atlantic League,A+,Yes,24.0,,7.0,7.4,1.5,96.7,59.7,124.9,101.1,3.85,103.4,111.68406214030642,101.1,5.8,0.0,0.0,8.44,0.0,0.0,10.7,15.0,1.87,0.4,0.111,0.278,0.167,0.742,0.194,0.613,0.194,0.167,0.333
Kyle Robinson,Available,LAA,Midwest League,A+,No,22.0,,6.0,21.0,4.6,104.4,170.6,46.6,102.8,5.53,97.1,90.39094121609148,101.1,26.0,1.0,1.0,3.62,5.0,1.0,27.3,19.0,1.35,0.284,0.114,0.167,0.053,0.766,0.222,0.457,0.321,0.154,0.038
Mason McGwire,Available,LAA,Northwest League,A+,Yes,22.0,,5.0,21.4,3.9,105.3,167.2,141.8,90.9,4.48,96.2,115.87560429514193,101.0,14.7,1.0,2.0,4.12,5.0,0.0,19.7,23.0,1.47,0.389,0.079,0.258,0.179,0.673,0.309,0.418,0.273,0.2,0.067
Alex Martinez,Available,LAA,Northwest League,A+,Yes,23.0,,19.0,9.6,1.7,100.7,74.9,114.1,98.2,5.22,99.8,105.6287505830285,100.9,33.5,2.0,0.0,8.72,0.0,1.0,32.0,44.0,1.84,0.385,0.145,0.289,0.144,0.727,0.19,0.381,0.429,0.25,0.194
Fulton Lockhart,Available,LAA,Northwest League,A+,Yes,22.0,,8.0,9.2,1.3,105.3,72.0,164.8,88.1,3.36,96.1,117.89222149182308,100.9,5.2,0.0,0.0,6.97,0.0,1.0,10.3,17.0,1.74,0.458,0.146,0.354,0.208,0.652,0.348,0.435,0.217,0.2,0.0
Jack Anker,Available,PIT,South Atlantic League,A+,Yes,22.0,,12.0,23.9,4.8,105.5,192.1,118.2,93.1,4.58,95.8,109.3195587184366,100.9,52.9,3.0,1.0,4.55,10.0,0.0,57.3,56.0,1.2,0.257,0.075,0.233,0.158,0.684,0.242,0.41,0.348,0.179,0.214
Will Armbruester,Available,SEA,Northwest League,A+,No,25.0,,4.0,2.1,1.7,92.7,16.2,0.0,118.9,7.51,106.4,92.86755320127806,100.8,11.5,0.0,1.0,10.8,0.0,0.0,6.7,3.0,1.65,0.292,0.097,0.097,0.0,0.88,0.08,0.44,0.48,0.167,0.083
Devin Futrell,Available,BOS,South Atlantic League,A+,No,23.0,,15.0,28.4,5.0,100.9,227.9,174.2,90.8,3.94,99.4,130.50082053602677,100.7,75.3,5.0,1.0,4.22,12.0,0.0,74.7,85.0,1.17,0.309,0.046,0.279,0.233,0.666,0.263,0.343,0.394,0.256,0.179
Joe Ariola,Available,ARI,Northwest League,A+,Yes,22.0,,10.0,14.0,1.6,105.3,109.7,260.7,76.6,2.25,95.7,140.53069978244676,100.7,8.3,2.0,1.0,2.76,0.0,0.0,16.3,30.0,1.35,0.419,0.1,0.429,0.329,0.567,0.367,0.367,0.267,0.125,0.25
Keagan Gillies,Available,BAL,South Atlantic League,A+,No,28.0,,7.0,10.9,1.2,82.9,87.8,240.8,99.9,2.5,114.0,74.1229322302992,100.6,4.0,2.0,0.0,1.08,0.0,0.0,8.3,13.0,0.72,0.2,0.097,0.419,0.322,0.734,0.267,0.467,0.267,0.0,0.0
Angel Jimenez,Available,COL,Northwest League,A+,Yes,22.0,,6.0,11.7,3.6,105.3,91.4,87.2,96.4,5.08,95.6,103.2434042383258,100.6,19.0,0.0,3.0,9.7,6.0,0.0,21.3,23.0,1.88,0.351,0.12,0.23,0.11,0.714,0.159,0.508,0.333,0.048,0.381
Luke Dotson,Available,ARI,Northwest League,A+,Yes,22.0,,24.0,8.1,1.3,105.3,63.6,124.4,92.1,4.49,95.6,131.77370401942946,100.6,29.7,1.0,1.0,3.62,0.0,1.0,32.3,38.0,1.61,0.378,0.103,0.26,0.157,0.682,0.286,0.385,0.33,0.233,0.1
Austin Vernon,Available,TB,South Atlantic League,A+,Yes,27.0,,2.0,8.6,1.3,86.0,69.3,136.1,108.9,5.73,111.4,99.44284790778674,100.5,3.2,0.0,0.0,3.37,0.0,0.0,2.7,4.0,1.12,0.0,0.182,0.364,0.182,0.8,0.0,0.2,0.8,0.5,0.25
Jordan Woods,Available,KC,Midwest League,A+,Yes,22.0,,13.0,14.8,3.1,104.4,120.1,135.4,91.4,4.91,96.1,123.42498285966728,100.4,44.9,1.0,2.0,5.8,7.0,0.0,40.3,44.0,1.56,0.362,0.088,0.242,0.154,0.681,0.277,0.336,0.387,0.217,0.109
Andrew Healy,Available,MIL,Midwest League,A+,Yes,22.0,,5.0,13.2,4.3,104.4,107.9,80.0,97.8,5.69,96.1,104.18903058989636,100.4,24.6,0.0,2.0,7.17,4.0,0.0,21.3,17.0,1.64,0.362,0.082,0.173,0.091,0.728,0.243,0.4,0.357,0.32,0.08
Zach Royse,Available,ATL,South Atlantic League,A+,Yes,22.0,,12.0,25.2,5.2,105.5,202.6,89.7,95.6,4.62,95.2,100.11060164031367,100.4,51.5,5.0,5.0,3.77,11.0,0.0,62.0,54.0,1.39,0.306,0.083,0.203,0.12,0.702,0.249,0.465,0.286,0.151,0.17
José Leclerc,Available,SD,Midwest League,A+,No,32.0,,3.0,4.9,1.0,71.8,40.0,175.9,117.5,5.41,122.8,125.35343637792158,100.3,5.0,0.0,0.0,0.0,1.0,0.0,3.0,2.0,0.33,0.125,0.0,0.2,0.2,0.875,0.125,0.25,0.625,0.2,0.0
Aaron Shortridge,Available,WSH,South Atlantic League,A+,No,29.0,,5.0,4.2,1.5,80.1,33.8,93.5,119.1,4.23,116.0,107.54315409464738,100.3,6.5,0.0,0.0,6.14,0.0,0.0,7.3,5.0,1.36,0.346,0.031,0.156,0.125,0.875,0.125,0.625,0.25,0.167,0.0
Thomas Balboni Jr.,Available,NYY,South Atlantic League,A+,Yes,25.0,,31.0,8.6,1.1,92.9,69.4,189.2,95.8,4.29,105.3,112.69374728445015,100.2,24.5,2.0,1.0,3.86,0.0,0.0,35.0,55.0,1.14,0.299,0.104,0.357,0.253,0.704,0.239,0.394,0.366,0.154,0.154
Tucker Biven,Available,WSH,South Atlantic League,A+,Yes,22.0,,30.0,8.3,1.3,105.5,67.0,118.2,92.0,4.36,94.9,60.8228604595702,100.2,32.3,3.0,3.0,4.02,5.0,2.0,40.3,44.0,1.36,0.34,0.099,0.257,0.158,0.676,0.305,0.39,0.305,0.188,0.063
Keegan Batka,Available,PHI,South Atlantic League,A+,Yes,24.0,,24.0,10.4,1.6,96.7,83.7,139.8,97.7,4.74,102.0,113.58207036207033,100.1,34.2,3.0,3.0,3.62,0.0,2.0,37.3,47.0,1.13,0.265,0.116,0.303,0.187,0.718,0.259,0.329,0.412,0.4,0.057
Griffin Kilander,Available,BOS,South Atlantic League,A+,No,23.0,,14.0,14.9,2.5,100.9,120.1,133.1,94.5,4.77,98.5,103.94097718280376,100.1,34.4,2.0,0.0,4.84,0.0,1.0,35.3,42.0,1.22,0.253,0.11,0.288,0.178,0.694,0.224,0.341,0.435,0.189,0.189
Adam Bates,Available,BOS,South Atlantic League,A+,Yes,20.0,,11.0,4.8,2.0,116.1,38.9,-56.1,101.8,8.5,85.9,89.29747251575122,100.1,31.6,1.0,1.0,9.67,0.0,0.0,22.3,15.0,2.37,0.324,0.2,0.125,-0.075,0.747,0.187,0.387,0.427,0.25,0.156
Bradley Brehmer,Available,BAL,South Atlantic League,A+,No,26.0,,22.0,8.3,1.3,89.3,66.9,92.7,110.0,4.82,107.9,99.0865713113419,100.0,21.7,2.0,1.0,3.49,0.0,2.0,28.3,25.0,1.02,0.222,0.097,0.221,0.124,0.808,0.164,0.534,0.301,0.182,0.091
Kiefer Lord,Available,BAL,South Atlantic League,A+,Yes,24.0,,10.0,20.1,3.3,96.7,161.1,139.1,97.5,3.93,101.7,119.76520797559245,100.0,20.0,1.0,4.0,5.51,9.0,0.0,32.7,50.0,1.65,0.405,0.147,0.333,0.186,0.716,0.257,0.473,0.27,0.2,0.1
Michael Perez,Available,MIA,Midwest League,A+,No,23.0,,33.0,11.6,1.5,99.9,94.8,159.1,92.3,4.17,99.3,125.82225962993164,100.0,29.6,6.0,1.0,4.11,1.0,1.0,50.3,71.0,1.41,0.299,0.14,0.321,0.181,0.688,0.241,0.482,0.277,0.29,0.258
Allen Facundo,Available,NYY,South Atlantic League,A+,Yes,23.0,,19.0,30.0,5.2,100.9,240.9,86.7,99.5,5.14,98.3,128.9948140521371,100.0,80.6,6.0,3.0,4.44,19.0,0.0,99.3,123.0,1.47,0.291,0.159,0.275,0.116,0.731,0.244,0.416,0.34,0.222,0.074
David Lorduy,Available,CIN,Midwest League,A+,Yes,22.0,,17.0,17.6,3.6,104.4,142.9,102.0,94.5,5.39,95.5,115.1191527323254,100.0,65.4,2.0,2.0,6.02,7.0,1.0,61.3,63.0,1.47,0.285,0.12,0.236,0.116,0.704,0.219,0.367,0.414,0.229,0.186
Merit Jones,Available,MIN,Midwest League,A+,Yes,22.0,,5.0,11.7,3.7,104.4,95.3,48.4,100.8,5.7,95.5,109.13618631495328,100.0,20.3,0.0,2.0,7.23,3.0,0.0,18.7,15.0,1.82,0.354,0.11,0.165,0.055,0.75,0.234,0.453,0.313,0.1,0.05
Bryce Archie,Available,CIN,Midwest League,A+,Yes,22.0,,8.0,5.2,1.5,104.4,42.5,-24.6,108.9,7.72,95.3,108.26566876397716,99.9,12.0,0.0,0.0,11.68,0.0,0.0,12.3,15.0,2.68,0.405,0.236,0.208,-0.028,0.811,0.162,0.514,0.324,0.25,0.083
Conner Ware,Available,NYM,South Atlantic League,A+,Yes,22.0,,2.0,16.5,3.0,105.5,132.6,25.4,102.1,6.21,94.4,98.96643646496427,99.9,5.0,0.0,0.0,6.0,1.0,0.0,6.0,9.0,2.0,0.333,0.276,0.31,0.034,0.75,0.25,0.333,0.417,0.2,0.0
Rocco Reid,Available,ARI,Northwest League,A+,Yes,23.0,,26.0,7.3,1.3,100.7,57.5,73.7,100.9,4.87,98.1,117.88591461946152,99.8,12.0,2.0,1.0,5.94,0.0,2.0,33.3,40.0,1.8,0.379,0.155,0.248,0.093,0.747,0.23,0.632,0.138,0.25,0.167
Harrison Bodendorf,Available,CLE,Midwest League,A+,Yes,22.0,,9.0,21.3,4.4,104.4,173.5,84.4,96.3,5.59,95.2,121.3914241169033,99.8,37.6,1.0,3.0,4.05,9.0,0.0,40.0,40.0,1.43,0.276,0.129,0.225,0.096,0.717,0.236,0.406,0.358,0.289,0.132
Xavier Kolhosser,Available,MIN,Midwest League,A+,Yes,22.0,,14.0,12.8,2.2,104.4,104.1,152.1,88.4,4.38,95.1,108.16366360426008,99.8,23.0,3.0,3.0,6.46,1.0,0.0,30.7,44.0,1.63,0.371,0.144,0.317,0.173,0.658,0.288,0.384,0.329,0.333,0.167
Brody Fowler,Available,ATL,South Atlantic League,A+,Yes,22.0,,3.0,19.7,2.8,105.5,158.1,76.3,96.1,5.11,94.3,86.02212983739199,99.8,5.6,1.0,0.0,3.24,1.0,0.0,8.3,13.0,1.68,0.25,0.231,0.333,0.102,0.706,0.235,0.412,0.353,0.333,0.167
Michael Mercado,Available,PHI,South Atlantic League,A+,No,27.0,,3.0,4.3,1.7,86.0,34.8,-38.9,127.7,6.33,110.2,148.5008118889492,99.7,5.0,0.0,1.0,1.8,2.0,0.0,5.0,1.0,0.8,0.125,0.105,0.053,-0.052,0.938,0.063,0.625,0.313,0.0,0.0
Carlos Medina,Available,SD,Midwest League,A+,No,21.0,,9.0,10.7,2.3,109.4,87.1,19.3,98.8,6.47,90.9,98.11157579353954,99.7,23.2,1.0,2.0,5.57,1.0,1.0,21.0,17.0,1.48,0.232,0.161,0.183,0.022,0.736,0.208,0.377,0.415,0.273,0.136
Adrian Rodriguez,Available,TEX,South Atlantic League,A+,Yes,25.0,,13.0,4.5,1.1,92.9,36.5,21.7,114.1,6.25,104.4,89.82659368072838,99.6,13.0,1.0,1.0,8.36,0.0,0.0,14.0,15.0,2.0,0.324,0.188,0.217,0.029,0.838,0.081,0.568,0.351,0.308,0.231
Dameivi Tineo,Available,MIA,Midwest League,A+,Yes,22.0,,4.0,11.6,2.9,104.4,94.6,58.9,98.7,6.19,94.8,111.76999217443704,99.6,9.4,1.0,1.0,10.8,3.0,0.0,11.7,13.0,1.89,0.344,0.153,0.22,0.067,0.735,0.206,0.5,0.294,0.0,0.2
Dawson Brown,Available,ARI,Northwest League,A+,No,25.0,,8.0,11.2,2.0,92.7,87.9,132.3,101.3,4.34,104.4,107.13538991248294,99.5,9.2,0.0,2.0,4.6,0.0,1.0,15.7,20.0,1.47,0.366,0.111,0.278,0.167,0.75,0.25,0.525,0.225,0.222,0.0
Brady Afthim,Available,CIN,Midwest League,A+,Yes,23.0,,12.0,14.2,2.2,99.9,115.5,163.5,91.0,4.44,98.5,93.60946024635918,99.5,22.8,3.0,0.0,4.78,0.0,0.0,26.3,34.0,1.41,0.305,0.115,0.301,0.186,0.677,0.226,0.387,0.387,0.167,0.25
Nelson Keljo,Available,CLE,Midwest League,A+,Yes,22.0,,7.0,19.8,3.5,104.4,161.1,78.3,96.3,6.09,94.6,100.65878167822687,99.5,24.1,0.0,2.0,6.2,6.0,0.0,24.7,39.0,1.86,0.294,0.228,0.317,0.089,0.717,0.226,0.302,0.472,0.24,0.12
Patrick Galle,Available,STL,Midwest League,A+,Yes,22.0,,37.0,6.5,1.1,104.4,53.3,25.5,102.4,6.55,94.6,115.75020328868256,99.5,46.6,2.0,3.0,6.91,0.0,5.0,41.7,43.0,1.94,0.339,0.18,0.209,0.029,0.762,0.213,0.402,0.385,0.191,0.064
Jack Martinez,Available,STL,Midwest League,A+,Yes,23.0,,8.0,20.4,4.1,99.9,166.1,104.6,97.5,5.88,98.3,110.155794522116,99.4,39.7,2.0,3.0,5.18,7.0,0.0,33.0,35.0,1.42,0.273,0.113,0.232,0.119,0.726,0.209,0.341,0.451,0.463,0.146
Frank Camarillo,Available,NYM,South Atlantic League,A+,Yes,22.0,,7.0,12.8,3.6,105.5,102.8,62.1,97.0,5.25,93.6,92.8881017735674,99.4,27.4,2.0,2.0,6.04,7.0,0.0,25.3,15.0,1.5,0.341,0.055,0.138,0.083,0.713,0.253,0.425,0.322,0.143,0.107
Riley Quick,Available,MIN,Midwest League,A+,No,22.0,,11.0,22.6,3.8,104.4,183.9,189.0,83.4,3.57,94.4,150.55571179703293,99.3,18.5,0.0,2.0,4.14,11.0,0.0,41.3,61.0,1.31,0.306,0.13,0.345,0.215,0.621,0.322,0.46,0.218,0.211,0.263
Robby Porco,Available,LAD,Midwest League,A+,Yes,22.0,,23.0,9.4,1.5,104.4,76.7,65.1,97.5,5.13,94.3,105.64005288155316,99.3,21.2,5.0,2.0,3.48,0.0,0.0,33.7,37.0,1.63,0.329,0.173,0.247,0.074,0.726,0.262,0.488,0.25,0.143,0.048
Blake Wolters,Available,KC,Midwest League,A+,Yes,21.0,,19.0,15.4,4.0,109.4,125.3,86.2,90.4,5.61,90.2,103.00876627849436,99.3,80.0,3.0,8.0,9.04,18.0,0.0,75.7,81.0,1.77,0.33,0.123,0.221,0.098,0.673,0.253,0.38,0.367,0.155,0.202
Kevin Stevens,Available,NYY,South Atlantic League,A+,No,28.0,,4.0,6.7,0.9,82.9,53.7,74.8,116.7,5.67,112.0,90.36052087780064,99.2,5.0,0.0,0.0,7.36,0.0,1.0,3.7,4.0,2.45,0.5,0.1,0.2,0.1,0.857,0.143,0.5,0.357,0.2,0.0
Andrew Sears,Available,DET,Midwest League,A+,No,23.0,,4.0,16.3,2.9,99.9,132.8,155.6,91.1,3.87,97.8,163.9419987295689,99.1,6.0,0.0,0.0,3.09,4.0,0.0,11.7,14.0,1.29,0.323,0.098,0.275,0.177,0.678,0.323,0.484,0.194,0.167,0.0
Brandon Neely,Available,BOS,South Atlantic League,A+,Yes,22.0,,12.0,8.8,1.9,105.5,70.8,105.4,91.4,4.61,93.1,156.07686268670702,99.1,15.0,3.0,2.0,11.12,0.0,0.0,22.7,31.0,1.99,0.433,0.133,0.274,0.141,0.671,0.266,0.484,0.25,0.188,0.25
Ben Johnson,Available,CHC,Midwest League,A+,No,24.0,,14.0,9.1,1.9,95.7,74.0,58.9,106.0,5.1,101.1,110.25670375131136,99.0,19.2,3.0,2.0,5.33,0.0,0.0,27.0,22.0,1.37,0.247,0.119,0.186,0.067,0.789,0.158,0.592,0.25,0.105,0.211
Trey Pooser,Available,STL,South Atlantic League,A+,Yes,24.0,,5.0,15.1,3.5,96.7,121.0,68.0,103.9,5.92,100.2,111.15577287662444,99.0,25.1,2.0,0.0,6.11,0.0,0.0,17.7,12.0,1.3,0.263,0.065,0.156,0.091,0.763,0.186,0.373,0.441,0.154,0.115
Brian Holiday,Available,STL,Midwest League,A+,Yes,23.0,,3.0,21.4,5.3,99.9,174.4,108.2,96.4,5.34,97.7,113.08625631048128,99.0,18.6,0.0,1.0,3.94,3.0,0.0,16.0,12.0,0.94,0.178,0.062,0.185,0.123,0.718,0.217,0.37,0.413,0.158,0.158
Micah Ottenbreit,Available,PHI,South Atlantic League,A+,Yes,23.0,,14.0,9.6,1.6,100.9,77.2,109.2,95.2,4.19,96.8,87.26687475659674,99.0,14.0,1.0,1.0,5.24,0.0,0.0,22.3,28.0,1.52,0.333,0.126,0.272,0.146,0.699,0.283,0.483,0.233,0.429,0.071
Ryan Och,Available,SD,Midwest League,A+,No,27.0,,10.0,13.4,1.6,85.1,108.9,173.2,102.7,4.3,109.7,93.95941502502052,98.9,14.4,2.0,0.0,1.69,0.0,0.0,16.0,25.0,1.31,0.286,0.155,0.352,0.197,0.765,0.235,0.353,0.412,0.071,0.0
Coleman Picard,Available,KC,Midwest League,A+,Yes,24.0,,7.0,8.5,1.5,95.7,69.2,74.7,103.9,5.14,100.9,104.52442343839256,98.9,8.3,0.0,0.0,3.37,0.0,1.0,10.7,9.0,1.31,0.281,0.106,0.191,0.085,0.774,0.226,0.516,0.258,0.125,0.0
Luke Hayden,Available,CIN,Midwest League,A+,No,23.0,,9.0,24.3,4.2,99.9,198.1,112.5,95.7,5.03,97.5,103.76088749239592,98.9,29.3,3.0,2.0,4.03,6.0,0.0,38.0,44.0,1.37,0.293,0.139,0.267,0.128,0.713,0.266,0.415,0.319,0.167,0.067
Jose Atencio,Available,LAA,Northwest League,A+,No,24.0,,11.0,20.5,4.5,96.5,160.2,110.9,99.0,4.58,100.2,103.3964656240668,98.8,43.1,2.0,5.0,3.26,10.0,0.0,49.7,40.0,1.13,0.264,0.06,0.2,0.14,0.733,0.219,0.473,0.308,0.178,0.156
Anhuar Garcia,Available,CHC,Midwest League,A+,Yes,22.0,,4.0,16.1,3.8,104.4,130.8,197.0,81.6,4.01,93.7,112.4307303995748,98.8,16.0,0.0,0.0,6.0,3.0,0.0,15.0,15.0,1.53,0.417,0.0,0.224,0.224,0.607,0.333,0.333,0.333,0.235,0.176
Michael Hilker,Available,MIN,Midwest League,A+,Yes,21.0,,7.0,7.8,1.5,109.4,63.4,125.7,85.1,4.13,89.6,104.9215612463842,98.8,6.5,0.0,0.0,3.37,0.0,0.0,10.7,9.0,0.94,0.179,0.071,0.214,0.143,0.633,0.3,0.467,0.233,0.286,0.286
Braydon Risley,Available,PIT,South Atlantic League,A+,No,21.0,,7.0,7.0,1.4,110.6,56.3,98.0,87.2,4.75,88.6,103.44697300268282,98.8,5.9,0.0,0.0,9.0,1.0,0.0,10.0,13.0,2.0,0.429,0.152,0.283,0.131,0.64,0.2,0.52,0.28,0.143,0.571
Giussepe Velasquez,Available,PHI,South Atlantic League,A+,No,23.0,,18.0,12.3,2.8,100.9,98.6,79.3,98.2,5.31,96.3,111.29323856177643,98.7,51.4,2.0,2.0,5.36,1.0,0.0,50.3,45.0,1.49,0.309,0.102,0.208,0.106,0.721,0.203,0.42,0.378,0.148,0.204
Will Sanders,Available,CHC,Midwest League,A+,No,24.0,,2.0,16.8,3.8,95.7,136.4,27.3,108.8,6.6,100.4,102.72312974201688,98.5,12.1,0.0,0.0,1.17,2.0,0.0,7.7,5.0,1.3,0.261,0.125,0.156,0.031,0.81,0.19,0.286,0.524,0.091,0.0
Austin Amaral,Available,WSH,South Atlantic League,A+,No,24.0,,17.0,8.4,1.4,96.7,67.5,92.0,100.2,4.82,99.4,110.75661884145416,98.4,15.0,0.0,1.0,3.13,3.0,0.0,23.0,32.0,1.61,0.34,0.179,0.302,0.123,0.736,0.264,0.453,0.283,0.2,0.0
Max Banks,Available,CHW,South Atlantic League,A+,Yes,23.0,,20.0,10.2,2.2,100.9,81.7,78.5,97.8,5.37,96.0,110.4062696950857,98.4,46.3,2.0,2.0,5.48,5.0,0.0,44.3,39.0,1.51,0.323,0.09,0.195,0.105,0.718,0.237,0.415,0.348,0.298,0.128
Kevin Warunek,Available,PHI,South Atlantic League,A+,Yes,23.0,,8.0,9.9,1.3,100.9,79.6,121.9,92.8,3.5,95.9,96.84627682547683,98.4,2.9,2.0,0.0,1.69,0.0,0.0,10.7,14.0,1.22,0.238,0.163,0.326,0.163,0.682,0.273,0.591,0.136,0.0,0.333
Austin Emener,Available,COL,Northwest League,A+,Yes,24.0,,24.0,8.1,1.7,96.5,63.6,54.7,104.5,5.99,99.4,111.75326907775582,98.3,44.9,2.0,0.0,5.45,0.0,1.0,39.7,37.0,1.44,0.24,0.145,0.214,0.069,0.774,0.162,0.405,0.432,0.188,0.146
Jackson Nove,Available,ATH,Midwest League,A+,Yes,23.0,,4.0,21.1,4.9,99.9,172.0,60.7,100.7,5.23,96.7,108.91478269607704,98.3,13.5,1.0,1.0,4.12,4.0,0.0,19.7,15.0,1.32,0.259,0.105,0.174,0.069,0.75,0.217,0.55,0.233,0.214,0.143
Carson Fischer,Available,WSH,South Atlantic League,A+,Yes,23.0,,11.0,21.2,5.4,100.9,170.1,31.4,103.0,5.66,95.8,106.9604152791674,98.3,56.4,4.0,2.0,3.02,9.0,0.0,59.7,28.0,1.16,0.262,0.076,0.118,0.042,0.757,0.227,0.465,0.308,0.281,0.053
Bradley Wilson,Available,TOR,Northwest League,A+,Yes,25.0,,5.0,14.4,2.6,92.7,113.2,41.2,109.5,5.26,102.4,92.86203407315786,98.2,7.2,0.0,1.0,4.85,0.0,2.0,13.0,10.0,1.46,0.316,0.123,0.175,0.052,0.811,0.189,0.622,0.189,0.286,0.0
Riley Eikhoff,Available,CHW,South Atlantic League,A+,Yes,24.0,,3.0,26.7,6.0,96.7,214.3,138.3,94.3,5.0,98.9,107.99144039858628,98.1,22.2,0.0,0.0,3.5,3.0,0.0,18.0,15.0,1.11,0.292,0.029,0.214,0.185,0.693,0.231,0.308,0.462,0.333,0.167
Javier Chacon,Available,SD,Midwest League,A+,Yes,23.0,,30.0,9.6,1.7,99.9,78.2,68.6,99.4,6.1,96.3,110.60669555115614,98.1,48.2,2.0,1.0,4.5,0.0,1.0,50.0,58.0,1.56,0.265,0.174,0.252,0.078,0.74,0.202,0.387,0.412,0.286,0.143
Grayson Saunier,Available,HOU,South Atlantic League,A+,Yes,22.0,,9.0,11.2,2.0,105.5,90.0,44.1,96.9,5.95,91.7,102.98584522108668,98.1,19.0,3.0,1.0,3.57,0.0,0.0,17.7,17.0,1.75,0.327,0.143,0.202,0.059,0.712,0.25,0.385,0.365,0.211,0.105
Michael Carpenter,Available,MIN,Midwest League,A+,Yes,21.0,,5.0,6.2,2.1,109.4,50.1,132.8,83.0,4.8,88.5,100.38295483785214,98.1,11.6,0.0,1.0,13.06,5.0,0.0,10.3,13.0,2.03,0.424,0.094,0.245,0.151,0.618,0.324,0.324,0.353,0.333,0.167
Winyer Chourio,Available,SD,Midwest League,A+,Yes,22.0,,11.0,19.4,3.7,104.4,158.0,72.1,94.6,6.01,92.5,111.0958800743837,98.0,44.3,4.0,4.0,6.15,9.0,0.0,41.0,48.0,1.76,0.317,0.165,0.247,0.082,0.704,0.231,0.343,0.426,0.174,0.152
Jadon Bercovich,Available,TB,South Atlantic League,A+,Yes,24.0,,20.0,9.7,1.5,96.7,78.3,152.6,92.4,3.96,98.6,85.68916176094382,97.9,26.1,1.0,1.0,3.86,1.0,1.0,30.3,38.0,1.42,0.321,0.073,0.277,0.204,0.679,0.241,0.437,0.322,0.25,0.25
Jose M. Rodriguez,Not in Fantrax,NYY,South Atlantic League,A+,Yes,22.0,,8.0,4.2,2.0,105.5,33.9,0.0,101.5,6.94,91.3,112.24835589932329,97.9,20.0,1.0,3.0,8.44,0.0,0.0,16.0,12.0,1.81,0.314,0.156,0.156,0.0,0.745,0.235,0.373,0.392,0.4,0.05
Hayden Wynja,Available,SF,Northwest League,A+,Yes,27.0,,2.0,4.2,1.5,85.8,33.3,0.0,120.1,5.63,107.4,118.39619477298687,97.8,2.0,0.0,0.0,3.0,0.0,0.0,3.0,2.0,1.33,0.222,0.154,0.154,0.0,0.889,0.111,0.667,0.222,0.5,0.0
Drew Thorpe,Available,CHW,South Atlantic League,A+,No,25.0,,1.0,5.0,2.0,92.9,40.2,0.0,113.5,8.43,101.7,151.25462145000083,97.8,3.3,0.0,0.0,13.5,1.0,0.0,2.0,2.0,2.0,0.2,0.2,0.2,0.0,0.833,0.0,0.333,0.667,0.5,0.25
Cody Morse,Available,LAD,Midwest League,A+,Yes,23.0,,23.0,8.6,1.3,99.9,70.1,121.3,92.9,4.81,95.9,163.18205351225808,97.8,17.8,3.0,2.0,3.41,0.0,1.0,29.0,33.0,1.38,0.328,0.13,0.268,0.138,0.692,0.279,0.456,0.265,0.222,0.111
Mason Adams,Available,COL,South Atlantic League,A+,No,26.0,,4.0,13.6,2.8,89.3,109.5,153.3,98.6,3.58,104.1,107.2198965083226,97.5,4.6,0.0,1.0,2.45,4.0,0.0,11.0,11.0,1.27,0.37,0.045,0.25,0.205,0.724,0.207,0.621,0.172,0.0,0.4
Isaac Ayon,Available,LAD,Midwest League,A+,Yes,24.0,,17.0,18.6,3.5,95.7,151.7,120.5,96.4,4.67,98.9,116.05699463767044,97.5,47.8,2.0,5.0,5.4,7.0,3.0,60.0,58.0,1.32,0.271,0.083,0.22,0.137,0.718,0.209,0.503,0.288,0.277,0.255
Conner Whittaker,Available,CLE,Midwest League,A+,Yes,23.0,,8.0,8.5,1.7,99.9,69.2,153.0,88.6,4.19,95.4,102.5164181477366,97.5,11.5,2.0,0.0,7.24,0.0,0.0,13.7,14.0,1.61,0.381,0.048,0.222,0.174,0.66,0.273,0.455,0.273,0.333,0.25
Yujanyer Herrera,Available,COL,Northwest League,A+,Yes,22.0,,22.0,15.1,3.7,105.3,118.6,68.1,93.3,5.39,91.0,65.75603437317096,97.5,71.6,2.0,5.0,7.13,21.0,0.0,82.0,83.0,1.85,0.361,0.124,0.21,0.086,0.691,0.245,0.458,0.297,0.149,0.216
Nate Nabholz,Available,SF,Northwest League,A+,Yes,25.0,,8.0,12.8,2.3,92.7,99.9,53.9,106.6,5.75,101.2,79.05343307073306,97.4,22.4,3.0,0.0,2.41,0.0,1.0,18.7,9.0,1.07,0.259,0.055,0.123,0.068,0.79,0.193,0.421,0.386,0.182,0.045
Calvin Ziegler,Available,NYM,South Atlantic League,A+,Yes,23.0,,11.0,4.5,0.8,100.9,36.2,-92.0,115.7,8.88,94.5,76.59387201656311,97.4,7.0,0.0,0.0,7.0,1.0,0.0,9.0,10.0,2.44,0.25,0.327,0.204,-0.123,0.85,0.1,0.55,0.35,0.143,0.143
Estibenzon Jimenez,Available,PHI,South Atlantic League,A+,No,24.0,,3.0,13.1,2.2,96.7,105.2,0.0,108.9,5.51,97.8,122.2205700789144,97.3,4.0,1.0,0.0,1.35,0.0,0.0,6.7,5.0,1.05,0.133,0.2,0.2,0.0,0.8,0.2,0.533,0.267,0.25,0.0
Treyson Peters,Available,PIT,South Atlantic League,A+,No,23.0,,23.0,10.8,2.2,100.9,86.4,66.6,97.2,6.04,94.2,103.34617695667474,97.3,68.4,5.0,2.0,6.53,1.0,3.0,51.0,39.0,1.47,0.303,0.084,0.173,0.089,0.714,0.23,0.329,0.441,0.211,0.127
Will McCausland,Available,CLE,Midwest League,A+,Yes,22.0,,12.0,17.8,4.4,104.4,145.2,118.7,87.9,5.16,91.3,101.09112013907406,97.3,61.1,2.0,5.0,6.24,7.0,0.0,53.3,48.0,1.5,0.338,0.068,0.203,0.135,0.654,0.285,0.333,0.382,0.206,0.159
Garrett McMillan,Available,PIT,South Atlantic League,A+,Yes,25.0,,1.0,11.5,2.0,92.9,92.4,186.9,90.8,5.43,100.7,81.4524702821536,97.2,4.0,0.0,0.0,0.0,1.0,0.0,2.0,2.0,1.0,0.333,0.0,0.25,0.25,0.667,0.333,0.0,0.667,0.5,0.0
Ben Peterson,Available,SF,Northwest League,A+,No,24.0,,9.0,16.4,1.4,96.5,128.6,233.8,82.0,2.3,97.7,143.29188192027652,97.2,3.9,2.0,0.0,1.38,0.0,4.0,13.0,19.0,1.15,0.37,0.078,0.373,0.295,0.607,0.357,0.5,0.143,0.25,0.25
Chase Renner,Available,MIA,Midwest League,A+,Yes,22.0,,10.0,6.7,1.3,104.4,54.5,89.7,91.1,6.14,91.2,106.67439536131276,97.2,12.3,1.0,0.0,8.53,0.0,0.0,12.7,18.0,1.74,0.217,0.203,0.305,0.102,0.679,0.143,0.321,0.536,0.067,0.333
Max Alba,Available,DET,Midwest League,A+,No,26.0,,1.0,18.5,3.0,88.3,150.6,233.9,89.6,1.5,104.3,112.94057043122376,97.1,0.0,0.0,0.0,6.0,1.0,0.0,3.0,5.0,2.0,0.556,0.067,0.333,0.266,0.667,0.333,0.667,0.0,0.0,0.0
Juan Carela,Available,CHW,South Atlantic League,A+,No,24.0,,4.0,14.7,3.2,96.7,118.0,98.7,97.2,4.48,97.5,85.18969034178352,97.1,9.0,0.0,0.0,4.15,4.0,0.0,13.0,12.0,1.31,0.343,0.094,0.226,0.132,0.714,0.286,0.457,0.257,0.222,0.0
Brandon Barriera,Available,TOR,Northwest League,A+,Yes,22.0,,2.0,3.4,2.2,105.3,26.4,-53.1,106.6,9.33,90.4,111.6256475228588,97.1,5.3,0.0,0.0,12.46,0.0,0.0,4.3,3.0,3.0,0.4,0.167,0.1,-0.067,0.789,0.211,0.526,0.263,0.0,0.0
Grif Hughes,Available,COL,Northwest League,A+,Yes,24.0,,5.0,13.4,3.1,96.5,105.0,70.5,100.5,6.39,97.5,108.74021004235954,97.0,20.6,0.0,0.0,2.93,1.0,0.0,15.3,12.0,1.3,0.25,0.09,0.179,0.089,0.744,0.191,0.34,0.468,0.273,0.136
Kamdyn Perry,Available,TEX,South Atlantic League,A+,Yes,20.0,,14.0,8.4,3.0,116.1,67.9,-3.7,90.4,7.81,81.3,114.16210909911648,97.0,43.3,1.0,5.0,9.86,10.0,0.0,42.0,36.0,2.07,0.349,0.167,0.162,-0.005,0.664,0.29,0.366,0.344,0.244,0.133
Silvano Hechavarria,Available,TOR,Northwest League,A+,Yes,23.0,,11.0,16.9,4.5,100.7,132.1,80.8,95.2,5.65,93.9,91.45404435685964,96.9,59.5,2.0,5.0,6.43,10.0,0.0,49.0,41.0,1.59,0.335,0.08,0.182,0.102,0.705,0.245,0.371,0.384,0.213,0.131
Blake Burkhalter,Available,ATL,South Atlantic League,A+,No,25.0,,3.0,11.8,1.3,92.9,95.1,314.8,75.6,1.78,100.3,152.64742686474,96.8,3.6,0.0,0.0,2.25,0.0,0.0,4.0,9.0,1.5,0.5,0.053,0.474,0.421,0.555,0.333,0.222,0.444,0.5,0.25
Luis Cesar,Available,MIA,Midwest League,A+,Yes,22.0,,2.0,8.1,1.2,104.4,66.1,0.0,100.7,6.72,90.6,85.17552056146079,96.8,1.0,0.0,0.0,7.71,0.0,0.0,2.3,5.0,3.0,0.5,0.357,0.357,0.0,0.75,0.25,0.5,0.25,0.0,0.0
Joel Díaz,Available,NYM,South Atlantic League,A+,Yes,22.0,,13.0,13.7,3.7,105.5,110.4,34.4,95.7,6.24,89.7,90.51185884238424,96.8,51.8,0.0,6.0,6.23,10.0,0.0,47.7,45.0,1.8,0.356,0.158,0.204,0.046,0.703,0.275,0.341,0.384,0.226,0.057
Cade Obermueller,Available,PHI,South Atlantic League,A+,Yes,22.0,,7.0,11.8,3.2,105.5,94.7,13.5,98.0,6.66,89.6,106.7175915952867,96.7,12.7,0.0,3.0,9.67,7.0,0.0,22.3,28.0,2.06,0.347,0.23,0.248,0.018,0.72,0.22,0.52,0.26,0.231,0.231
Nick Potter,Available,HOU,South Atlantic League,A+,Yes,22.0,,5.0,10.8,1.9,105.5,87.2,213.9,74.9,3.52,89.6,106.8207751356307,96.7,9.5,0.0,2.0,6.75,5.0,0.0,9.3,16.0,1.61,0.421,0.095,0.381,0.286,0.55,0.3,0.2,0.5,0.0,0.3
Matt Dunaway,Available,SF,Northwest League,A+,Yes,27.0,,20.0,8.8,1.6,85.8,69.3,148.2,101.0,4.23,105.7,89.83002161926305,96.6,24.8,2.0,3.0,4.73,0.0,0.0,32.3,34.0,1.11,0.265,0.067,0.254,0.187,0.748,0.195,0.506,0.299,0.192,0.192
Hayden Cuthbertson,Available,MIA,Midwest League,A+,Yes,22.0,,23.0,6.5,1.3,104.4,53.0,-10.6,101.6,7.76,90.3,107.3346772831141,96.6,26.0,6.0,1.0,8.31,0.0,0.0,30.3,30.0,1.88,0.253,0.206,0.194,-0.012,0.756,0.167,0.487,0.346,0.185,0.222
Joey Gartrell,Available,BOS,South Atlantic League,A+,Yes,22.0,,18.0,8.3,2.0,105.5,66.4,16.5,97.3,6.3,89.3,107.53475274648537,96.5,40.0,2.0,0.0,6.38,0.0,1.0,36.7,29.0,1.88,0.31,0.14,0.162,0.022,0.715,0.218,0.437,0.345,0.22,0.195
Garrett Apker,Available,HOU,South Atlantic League,A+,Yes,26.0,,8.0,4.5,1.4,89.3,35.9,0.0,114.1,7.25,102.3,86.51147607517503,96.2,10.8,0.0,0.0,10.64,0.0,0.0,11.0,11.0,2.09,0.321,0.2,0.2,0.0,0.838,0.065,0.548,0.387,0.167,0.25
Ronaldo Gallo,Available,PIT,South Atlantic League,A+,Yes,25.0,,3.0,14.0,2.6,92.9,112.5,213.9,86.0,3.52,99.2,74.88886960651195,96.2,7.6,0.0,0.0,2.35,3.0,0.0,7.7,8.0,0.52,0.111,0.0,0.286,0.286,0.632,0.263,0.316,0.421,0.125,0.25
Dylan Crooks,Available,COL,Northwest League,A+,Yes,23.0,,12.0,8.6,1.7,100.7,67.6,56.3,96.5,5.68,92.6,101.57617327402016,96.1,19.6,2.0,1.0,5.31,0.0,0.0,20.3,17.0,1.38,0.22,0.131,0.202,0.071,0.715,0.179,0.429,0.393,0.318,0.273
Jonathan Jimenez,Available,NYM,South Atlantic League,A+,Yes,22.0,,8.0,12.8,3.9,105.5,102.5,53.8,92.2,5.95,88.6,95.44669088692233,96.1,31.3,0.0,5.0,8.33,4.0,0.0,31.3,31.0,1.91,0.363,0.131,0.203,0.072,0.677,0.25,0.406,0.344,0.182,0.212
Jose Bello,Available,BOS,South Atlantic League,A+,Yes,21.0,,1.0,14.2,4.3,110.6,114.5,74.8,85.1,5.57,84.5,92.0976790803822,96.1,6.0,0.0,0.0,6.23,1.0,0.0,4.3,3.0,1.62,0.375,0.05,0.15,0.1,0.625,0.375,0.25,0.375,0.667,0.0
Irvin Nunez,Available,MIN,Midwest League,A+,Yes,20.0,,1.0,3.0,1.0,114.9,24.4,0.0,89.6,3.83,80.9,66.2961276668069,96.1,0.0,0.0,0.0,0.0,0.0,0.0,1.0,0.0,0.0,0.0,0.0,0.0,0.0,0.667,0.333,0.667,0.0,0.0,0.0
Ty Floyd,Available,CIN,Midwest League,A+,Yes,24.0,,8.0,14.3,3.1,95.7,116.3,58.9,100.8,5.95,96.6,129.56591597225182,96.0,28.0,0.0,2.0,3.6,6.0,0.0,25.0,25.0,1.32,0.217,0.171,0.238,0.067,0.751,0.217,0.317,0.467,0.393,0.071
Eriq Swan,Available,WSH,South Atlantic League,A+,No,24.0,,10.0,8.5,1.7,96.7,68.3,47.1,101.3,5.84,95.9,107.21656774501125,96.0,14.9,1.0,1.0,5.71,4.0,0.0,17.3,20.0,1.73,0.3,0.19,0.253,0.063,0.744,0.186,0.442,0.372,0.188,0.188
Thomas Conrad,Available,MIL,Midwest League,A+,Yes,20.0,,1.0,11.0,4.0,114.9,89.6,0.0,89.5,5.45,80.9,96.31158810659176,96.0,1.8,0.0,0.0,9.0,0.0,0.0,4.0,3.0,2.0,0.364,0.167,0.167,0.0,0.666,0.25,0.583,0.167,0.0,0.5
Jordan Little,Available,CIN,Midwest League,A+,Yes,23.0,,9.0,10.0,1.7,99.9,81.4,151.2,86.1,4.89,93.0,112.89535996487396,95.9,13.9,1.0,2.0,8.22,0.0,1.0,15.3,20.0,1.43,0.278,0.114,0.286,0.172,0.641,0.256,0.359,0.385,0.4,0.267
Jackson Wells,Available,HOU,South Atlantic League,A+,Yes,23.0,,22.0,10.1,1.7,100.9,81.5,53.8,96.3,5.82,92.2,74.21738037800411,95.9,33.6,3.0,2.0,6.14,0.0,2.0,36.7,44.0,1.96,0.358,0.172,0.244,0.072,0.707,0.222,0.424,0.354,0.229,0.2
Augie Mojica,Available,ARI,Northwest League,A+,Yes,21.0,,4.0,14.2,2.8,110.3,111.1,137.9,77.8,4.45,84.4,88.69403992360878,95.9,12.0,1.0,0.0,4.76,0.0,0.0,11.3,10.0,1.15,0.303,0.043,0.217,0.174,0.576,0.394,0.242,0.364,0.25,0.083
Jose Ledesma,Available,NYY,South Atlantic League,A+,Yes,23.0,,2.0,17.9,1.7,100.9,143.7,149.6,85.1,3.56,92.0,103.2748972032545,95.8,2.0,0.0,0.0,0.0,0.0,0.0,3.3,5.0,1.5,0.375,0.133,0.333,0.2,0.625,0.375,0.375,0.25,0.0,0.0
Pablo Aldonis,Available,WSN,South Atlantic League,A+,Yes,24.0,,20.0,9.7,1.4,96.7,78.2,95.7,95.1,5.17,95.3,94.8621505346652,95.7,27.8,5.0,2.0,3.62,0.0,1.0,27.3,29.0,1.39,0.3,0.12,0.248,0.128,0.698,0.26,0.342,0.397,0.241,0.103
Riley Cooper,Available,BAL,South Atlantic League,A+,No,24.0,,7.0,12.0,1.5,96.7,96.2,106.9,93.6,4.92,95.1,114.0203126202158,95.6,10.9,1.0,0.0,7.59,0.0,2.0,10.7,12.0,1.59,0.31,0.102,0.245,0.143,0.687,0.219,0.406,0.375,0.083,0.25
Landen Payne,Available,CHW,South Atlantic League,A+,Yes,23.0,,11.0,7.0,1.0,100.9,56.6,118.2,88.4,3.15,91.7,107.00534794407218,95.6,3.1,1.0,1.0,5.56,0.0,1.0,11.3,13.0,1.94,0.447,0.07,0.228,0.158,0.649,0.324,0.595,0.081,0.0,0.333
Eccel Correa,Available,BAL,South Atlantic League,A+,No,23.0,,11.0,9.6,1.6,100.9,76.9,18.7,99.5,6.01,91.4,76.26554022100778,95.4,16.3,4.0,1.0,3.63,0.0,0.0,17.3,14.0,1.67,0.302,0.148,0.173,0.025,0.731,0.25,0.442,0.308,0.188,0.063
Luke Hansel,Available,COL,Northwest League,A+,Yes,24.0,,4.0,11.9,2.4,96.5,93.5,19.0,103.5,4.99,95.0,100.49878416787392,95.3,5.0,0.0,0.0,3.72,0.0,1.0,9.7,6.0,1.34,0.233,0.119,0.143,0.024,0.767,0.2,0.633,0.167,0.0,0.2
Aidan Major,Available,CLE,Midwest League,A+,Yes,23.0,,4.0,11.4,3.5,99.9,93.1,63.3,95.2,6.31,92.1,99.76394722943324,95.3,19.3,0.0,1.0,8.36,4.0,0.0,14.0,13.0,2.07,0.364,0.114,0.186,0.072,0.709,0.188,0.375,0.438,0.238,0.238
Mason Nichols,Available,TB,South Atlantic League,A+,Yes,23.0,,15.0,6.6,1.3,100.9,53.2,85.2,91.6,6.33,91.2,106.1089858451505,95.3,24.7,1.0,1.0,8.84,0.0,1.0,19.3,22.0,1.81,0.34,0.115,0.229,0.114,0.673,0.224,0.31,0.466,0.259,0.222
Jose D. Hernandez,Not in Fantrax,LAD,Midwest League,A+,Yes,23.0,,1.0,6.8,2.0,99.9,55.0,109.9,89.6,6.33,92.0,2.980212424740984,95.2,4.0,0.0,0.0,4.5,0.0,0.0,2.0,1.0,0.5,0.0,0.0,0.125,0.125,0.667,0.167,0.167,0.667,0.0,0.25
Jervis Alfaro,Available,CLE,Midwest League,A+,Yes,22.0,,12.0,7.3,2.8,104.4,59.5,10.6,96.8,6.11,88.3,111.14153422900718,95.2,33.5,1.0,3.0,8.21,7.0,0.0,34.0,21.0,2.03,0.383,0.115,0.127,0.012,0.721,0.246,0.475,0.279,0.059,0.118
Rubén Menes,Available,STL,Midwest League,A+,Yes,24.0,,31.0,9.1,1.7,95.7,73.7,56.3,99.6,6.01,95.3,134.68009121671787,95.1,56.1,4.0,3.0,5.23,0.0,3.0,51.7,47.0,1.65,0.322,0.137,0.201,0.064,0.741,0.219,0.397,0.384,0.224,0.103
Case Matter,Available,TEX,South Atlantic League,A+,Yes,24.0,,26.0,7.0,1.1,96.7,56.5,97.2,94.0,5.56,94.5,108.48522827921248,95.1,29.8,2.0,2.0,7.06,1.0,1.0,29.3,41.0,1.74,0.333,0.165,0.295,0.13,0.69,0.225,0.324,0.451,0.25,0.188
Jormy Nivar,Available,TEX,South Atlantic League,A+,Yes,23.0,,2.0,10.8,4.3,100.9,86.4,-38.1,105.4,7.76,90.9,103.91515376018,95.1,12.0,1.0,1.0,5.19,2.0,0.0,8.7,1.0,1.62,0.29,0.077,0.026,-0.051,0.774,0.161,0.452,0.387,0.0,0.167
Cesar Lares,Available,MIN,Midwest League,A+,Yes,22.0,,12.0,10.8,3.1,104.4,87.5,62.4,90.7,6.16,88.1,122.98431063646788,95.1,35.3,1.0,7.0,10.27,12.0,0.0,37.7,43.0,2.02,0.367,0.148,0.219,0.071,0.675,0.261,0.414,0.324,0.222,0.194
Seth Clausen,Available,COL,Northwest League,A+,Yes,23.0,,11.0,6.6,1.0,100.7,51.6,-12.7,102.5,6.56,90.9,116.5621512893433,95.0,6.0,1.0,1.0,10.32,0.0,2.0,11.3,15.0,2.47,0.345,0.254,0.238,-0.016,0.759,0.172,0.621,0.207,0.167,0.333
Cleiber Maldonado,Not in Fantrax,MIN,Midwest League,A+,Yes,22.0,,11.0,5.5,1.2,104.4,44.6,116.9,84.0,4.78,87.8,75.34369451991557,94.9,7.5,0.0,0.0,11.37,0.0,0.0,12.7,22.0,2.29,0.467,0.191,0.324,0.133,0.625,0.313,0.438,0.25,0.125,0.25
Dylan Watts,Available,TOR,Northwest League,A+,Yes,21.0,,5.0,11.8,3.6,110.3,92.0,-71.3,100.1,7.81,82.9,102.69275511733204,94.9,16.1,1.0,1.0,7.0,5.0,0.0,18.0,12.0,2.06,0.255,0.225,0.135,-0.09,0.741,0.185,0.5,0.315,0.0,0.235
Case Williams,Available,COL,Northwest League,A+,No,24.0,,11.0,9.3,1.7,96.5,73.2,46.0,99.4,6.02,94.1,84.67767698365448,94.8,16.7,0.0,0.0,4.26,0.0,1.0,19.0,18.0,1.74,0.365,0.149,0.207,0.058,0.736,0.245,0.434,0.321,0.353,0.059
Luis Cohen,Available,BOS,South Atlantic League,A+,Yes,23.0,,13.0,6.4,2.4,100.9,51.3,60.6,93.6,5.84,90.5,103.06815429734426,94.8,38.3,1.0,4.0,10.8,4.0,0.0,31.7,27.0,2.02,0.382,0.087,0.168,0.081,0.687,0.243,0.409,0.348,0.15,0.2
Griffin Kirn,Available,ATH,Midwest League,A+,Yes,24.0,,24.0,6.1,1.4,95.7,50.0,89.7,95.1,5.45,94.7,93.71225351988826,94.7,34.9,2.0,2.0,6.34,0.0,1.0,32.7,26.0,1.29,0.28,0.088,0.19,0.102,0.708,0.25,0.375,0.375,0.194,0.111
Nick Falter,Available,SD,Midwest League,A+,Yes,23.0,,17.0,6.2,1.6,99.9,50.2,59.8,94.6,5.97,91.3,104.46628138903029,94.7,32.9,2.0,3.0,5.93,1.0,0.0,27.3,23.0,1.79,0.33,0.106,0.174,0.068,0.704,0.231,0.396,0.374,0.118,0.176
Trey Cooper,Available,CHW,South Atlantic League,A+,Yes,23.0,,24.0,6.0,1.0,100.9,47.9,36.6,96.1,5.19,90.2,112.2175560054332,94.6,13.8,2.0,1.0,5.47,0.0,0.0,24.7,30.0,2.03,0.358,0.195,0.244,0.049,0.706,0.265,0.529,0.206,0.286,0.143
Jake Dykhoff,Available,BAL,South Atlantic League,A+,Yes,27.0,,3.0,31.6,5.2,86.0,253.8,151.8,96.7,4.59,102.3,92.76521418245672,94.5,18.6,3.0,0.0,4.6,1.0,0.0,15.7,16.0,1.21,0.31,0.047,0.25,0.203,0.71,0.222,0.333,0.444,0.25,0.15
Gus Hughes,Available,WSH,South Atlantic League,A+,Yes,24.0,,3.0,7.4,1.4,96.7,59.6,35.9,99.9,6.07,93.5,110.48877771558136,94.5,4.0,1.0,0.0,4.15,0.0,0.0,4.3,3.0,1.62,0.333,0.095,0.143,0.048,0.734,0.267,0.467,0.267,0.25,0.0
Draven Zeigler,Available,PIT,South Atlantic League,A+,Yes,25.0,,24.0,11.0,2.3,92.9,88.2,91.2,97.1,4.98,96.6,110.40822601238575,94.4,50.4,4.0,4.0,4.97,6.0,0.0,54.3,48.0,1.36,0.276,0.079,0.201,0.122,0.713,0.213,0.463,0.323,0.132,0.226
Deivi Villafana,Available,CIN,Midwest League,A+,Yes,23.0,,8.0,16.0,4.1,99.9,130.5,133.7,85.5,5.09,90.7,107.81783674787886,94.4,39.3,0.0,4.0,7.91,7.0,0.0,33.0,36.0,1.55,0.337,0.086,0.238,0.152,0.637,0.303,0.283,0.414,0.195,0.146
Dominic Fritton,Not in Fantrax,TBR,South Atlantic League,A+,Yes,23.0,,5.0,20.6,4.8,100.9,165.6,122.6,85.6,3.85,89.7,106.1158493772012,94.3,14.1,0.0,4.0,7.88,5.0,0.0,24.0,31.0,2.0,0.455,0.103,0.267,0.164,0.628,0.286,0.5,0.214,0.133,0.4
Jose Varela,Available,HOU,South Atlantic League,A+,Yes,21.0,,6.0,8.9,2.1,110.6,71.3,-24.7,93.4,7.32,81.7,91.99601925925066,94.3,14.4,0.0,0.0,5.11,0.0,0.0,12.3,10.0,1.86,0.278,0.2,0.167,-0.033,0.686,0.286,0.314,0.4,0.071,0.071
Baron Stuart,Available,WSH,South Atlantic League,A+,No,26.0,,29.0,9.5,1.3,89.3,76.6,97.2,99.5,5.68,99.3,40.75934946045636,94.2,33.2,2.0,1.0,3.96,2.0,4.0,36.3,44.0,1.18,0.203,0.156,0.286,0.13,0.731,0.218,0.333,0.449,0.314,0.114
Colby Holcombe,Available,TOR,Northwest League,A+,Yes,23.0,,10.0,7.1,1.8,100.7,55.4,19.0,97.6,6.67,89.8,47.54807759200114,94.2,19.8,0.0,0.0,5.89,2.0,0.0,18.3,15.0,1.69,0.294,0.155,0.179,0.024,0.722,0.222,0.389,0.389,0.143,0.143
Caedmon Parker,Available,CHW,South Atlantic League,A+,Yes,23.0,,12.0,8.1,1.4,100.9,65.0,126.4,85.1,4.05,89.7,101.55029457206948,94.2,11.6,0.0,0.0,3.31,0.0,0.0,16.3,19.0,1.35,0.31,0.099,0.268,0.169,0.625,0.325,0.4,0.275,0.182,0.182
Jhoster Baez,Available,HOU,South Atlantic League,A+,Yes,21.0,,4.0,6.6,2.2,110.6,53.2,-45.6,95.7,8.68,81.7,76.33042059598945,94.2,11.1,0.0,0.0,10.38,0.0,0.0,8.7,9.0,2.54,0.32,0.245,0.184,-0.061,0.703,0.222,0.333,0.444,0.25,0.167
Calvin Bickerstaff,Available,BOS,South Atlantic League,A+,No,24.0,,26.0,12.0,2.4,96.7,96.2,79.3,94.3,5.52,93.0,61.789776273020514,94.1,75.3,6.0,2.0,4.29,0.0,1.0,63.0,48.0,1.22,0.265,0.076,0.182,0.106,0.693,0.265,0.328,0.407,0.234,0.104
Luis De La Cruz,Available,MIA,Midwest League,A+,Yes,23.0,,19.0,5.0,1.2,99.9,40.7,-44.0,105.3,7.7,90.2,108.09082622881,94.0,18.7,1.0,1.0,8.1,0.0,0.0,23.3,24.0,2.14,0.305,0.25,0.2,-0.05,0.784,0.183,0.5,0.317,0.263,0.105
Edwardo Melendez,Available,CHC,Midwest League,A+,Yes,22.0,,5.0,11.2,2.0,104.4,91.2,22.0,93.3,6.35,86.4,103.73870557008188,94.0,10.0,0.0,0.0,1.8,0.0,0.0,10.0,9.0,1.2,0.095,0.2,0.225,0.025,0.695,0.217,0.304,0.478,0.364,0.182
Victor Santos,Available,STL,Midwest League,A+,No,25.0,,3.0,2.5,1.0,91.9,20.4,0.0,107.4,8.58,96.5,109.30102888689588,93.8,6.3,0.0,1.0,6.0,0.0,0.0,3.0,2.0,2.0,0.333,0.143,0.143,0.0,0.8,0.1,0.2,0.7,0.286,0.143
Inmer Lobo,Available,PIT,South Atlantic League,A+,Yes,22.0,,20.0,6.5,1.2,105.5,52.1,72.5,86.1,5.79,85.2,135.57206663392236,93.8,28.7,2.0,0.0,7.92,0.0,0.0,25.0,27.0,1.64,0.308,0.14,0.237,0.097,0.632,0.294,0.265,0.441,0.367,0.167
Blake Morgan,Available,TB,South Atlantic League,A+,Yes,23.0,,5.0,15.8,4.3,100.9,127.4,62.8,91.4,5.85,88.8,105.71171817482846,93.7,24.9,1.0,1.0,6.33,5.0,0.0,21.3,16.0,1.64,0.358,0.083,0.167,0.084,0.671,0.286,0.343,0.371,0.231,0.115
Adam Falinski,Available,MIN,Midwest League,A+,Yes,23.0,,16.0,6.1,1.8,99.9,49.9,18.5,97.5,6.35,89.7,100.58479821430578,93.6,30.6,0.0,2.0,7.98,0.0,0.0,29.3,27.0,2.05,0.368,0.169,0.19,0.021,0.726,0.231,0.418,0.352,0.156,0.125
Tanner Perry,Available,MIL,Midwest League,A+,No,23.0,,19.0,8.1,2.0,99.9,66.1,41.3,94.7,6.59,89.5,98.95217133759246,93.5,54.6,3.0,1.0,6.03,0.0,0.0,37.3,26.0,1.63,0.311,0.106,0.153,0.047,0.705,0.246,0.295,0.459,0.232,0.107
Liam Best,Available,STL,Midwest League,A+,Yes,22.0,,7.0,6.5,1.0,104.4,52.6,125.7,80.6,5.44,85.7,100.0937015422358,93.5,6.5,0.0,0.0,2.57,0.0,0.0,7.0,8.0,1.0,0.143,0.143,0.286,0.143,0.6,0.333,0.2,0.467,0.286,0.143
Richard Guasch,Available,BAL,South Atlantic League,A+,No,28.0,,3.0,12.1,1.2,82.9,97.1,213.9,90.7,3.02,103.3,78.53848649617174,93.4,2.0,0.0,0.0,4.91,0.0,0.0,3.7,6.0,0.82,0.167,0.143,0.429,0.286,0.666,0.333,0.333,0.333,0.0,0.0
Jordan Gottesman,Available,SF,Northwest League,A+,Yes,23.0,,1.0,16.2,4.7,100.7,127.3,41.2,93.6,4.7,88.5,95.60592287556013,93.4,3.7,0.0,0.0,1.93,1.0,0.0,4.7,2.0,0.64,0.125,0.053,0.105,0.052,0.693,0.308,0.462,0.231,0.0,0.0
Cale Wetwiska,Available,DET,Midwest League,A+,Yes,21.0,,1.0,16.5,3.3,109.4,134.3,146.0,73.3,6.75,81.4,99.46799092233132,93.4,4.5,0.0,0.0,5.4,1.0,0.0,3.3,4.0,1.8,0.4,0.056,0.222,0.166,0.546,0.364,0.182,0.455,0.2,0.2
Ismael Luciano,Available,COL,Northwest League,A+,Yes,23.0,,16.0,3.5,1.5,100.7,27.5,-6.3,99.0,7.02,88.5,105.55088760477524,93.3,21.7,0.0,0.0,11.57,0.0,0.0,23.3,21.0,2.27,0.378,0.177,0.169,-0.008,0.733,0.227,0.48,0.293,0.273,0.136
Danny Flatt,Available,NYY,South Atlantic League,A+,Yes,22.0,,2.0,7.5,2.5,105.5,60.3,0.0,93.7,6.33,84.5,93.95656070175244,93.3,5.0,0.0,1.0,7.2,2.0,0.0,5.0,4.0,1.6,0.25,0.167,0.167,0.0,0.688,0.313,0.375,0.313,0.4,0.0
Alexander Meckley,Available,WSH,South Atlantic League,A+,Yes,22.0,,7.0,11.8,4.0,105.5,95.0,-32.9,97.4,6.96,84.4,103.51627319053162,93.3,26.3,0.0,2.0,6.04,7.0,0.0,28.3,18.0,1.87,0.303,0.176,0.132,-0.044,0.715,0.261,0.443,0.295,0.192,0.077
Joe Scarborough,Available,NYM,South Atlantic League,A+,Yes,22.0,,8.0,1.9,1.0,105.5,15.1,-106.9,105.9,10.47,84.4,89.0019045348769,93.3,8.9,0.0,4.0,15.12,0.0,0.0,8.3,11.0,2.88,0.25,0.367,0.224,-0.143,0.778,0.111,0.333,0.556,0.2,0.2
Isaiah Lowe,Available,SD,Midwest League,A+,Yes,23.0,,26.0,7.9,2.1,99.9,64.3,36.1,94.5,6.67,88.8,85.01416264916233,93.1,67.6,2.0,6.0,7.44,5.0,0.0,55.7,51.0,1.85,0.311,0.147,0.188,0.041,0.704,0.216,0.364,0.42,0.221,0.191
Jose Serrano,Available,HOU,South Atlantic League,A+,Yes,22.0,,2.0,8.1,3.7,105.5,65.3,35.9,89.1,6.78,84.1,89.0091189645865,93.1,7.8,0.0,0.0,13.5,0.0,0.0,7.3,6.0,2.32,0.32,0.095,0.143,0.048,0.655,0.172,0.517,0.31,0.111,0.556
Carson Pierce,Available,TOR,Northwest League,A+,Yes,24.0,,11.0,12.3,1.9,96.5,96.5,-24.6,104.5,6.98,91.5,100.39090735803812,93.0,18.0,3.0,0.0,3.8,0.0,1.0,21.3,18.0,1.69,0.264,0.219,0.188,-0.031,0.774,0.208,0.453,0.34,0.278,0.056
Jackson Dannelley,Available,WSH,South Atlantic League,A+,Yes,24.0,,12.0,7.8,1.1,96.7,62.6,93.5,90.7,4.57,91.3,104.52398644240483,93.0,10.7,2.0,1.0,3.55,0.0,1.0,12.7,12.0,1.58,0.368,0.089,0.214,0.125,0.666,0.308,0.41,0.282,0.273,0.091
Austin Marozas,Available,TOR,Northwest League,A+,No,27.0,,6.0,18.1,2.4,85.8,142.0,198.1,88.7,3.48,99.9,118.23579273082449,92.8,9.7,0.0,0.0,3.14,0.0,1.0,14.3,23.0,1.47,0.387,0.109,0.359,0.25,0.656,0.281,0.406,0.313,0.2,0.2
Isaiah Coupet,Available,COL,Northwest League,A+,Yes,23.0,,9.0,4.9,1.8,100.7,38.7,-11.1,98.7,7.74,87.7,115.44027592995238,92.8,25.0,0.0,0.0,7.31,1.0,0.0,16.0,10.0,1.63,0.26,0.149,0.135,-0.014,0.73,0.231,0.269,0.5,0.308,0.077
Ryan Degges,Available,CLE,South Atlantic League,A+,No,23.0,,7.0,15.5,3.0,100.9,124.9,106.9,84.8,5.12,87.5,94.53712528892169,92.8,20.2,0.0,2.0,4.79,5.0,0.0,20.7,27.0,1.6,0.294,0.133,0.276,0.143,0.623,0.283,0.321,0.396,0.0,0.238
Carlos Castillo,Available,PIT,South Atlantic League,A+,Yes,20.0,,10.0,10.4,2.7,116.1,83.4,32.2,79.1,6.05,75.1,89.91880551240982,92.8,23.9,0.0,2.0,6.0,8.0,0.0,27.0,27.0,2.19,0.39,0.151,0.194,0.043,0.581,0.349,0.36,0.291,0.28,0.24
Liam Sullivan,Available,WSH,South Atlantic League,A+,Yes,24.0,,11.0,14.7,3.2,96.7,118.4,99.5,89.5,5.05,90.8,103.6626987173403,92.7,34.3,1.0,3.0,6.88,10.0,0.0,35.3,41.0,1.7,0.315,0.115,0.248,0.133,0.657,0.225,0.402,0.373,0.184,0.316
Ubert Mejias,Available,SF,Northwest League,A+,No,25.0,,15.0,9.8,2.4,92.7,76.9,126.8,90.1,4.41,94.1,110.81284196120356,92.6,33.9,1.0,2.0,7.0,1.0,0.0,36.0,36.0,1.64,0.382,0.061,0.221,0.16,0.667,0.274,0.419,0.308,0.278,0.194
Bryan Perez,Available,COL,Northwest League,A+,Yes,22.0,,13.0,3.2,1.4,105.3,25.0,8.7,91.5,6.79,83.4,115.67112917654543,92.5,18.1,0.0,1.0,10.31,0.0,0.0,18.3,15.0,2.4,0.403,0.141,0.152,0.011,0.677,0.246,0.462,0.292,0.158,0.263
Dominic Niman,Available,TB,South Atlantic League,A+,No,25.0,,20.0,19.3,4.3,92.9,155.4,93.5,92.8,4.75,93.1,105.24953827700308,92.1,83.3,7.0,6.0,4.31,14.0,0.0,85.7,65.0,1.27,0.268,0.052,0.177,0.125,0.682,0.244,0.437,0.319,0.186,0.233
Bryce Warrecker,Available,NYY,South Atlantic League,A+,Yes,24.0,,25.0,7.3,1.4,96.7,58.8,61.3,92.9,5.64,89.9,94.06952642239544,92.1,34.1,1.0,0.0,3.71,0.0,0.0,34.0,33.0,1.47,0.279,0.144,0.226,0.082,0.682,0.264,0.341,0.396,0.278,0.139
Drew Christo,Available,ATL,South Atlantic League,A+,Yes,23.0,,26.0,7.3,1.5,100.9,59.0,44.1,90.8,5.51,86.4,112.21325028055466,92.1,33.1,1.0,0.0,6.16,0.0,3.0,38.0,31.0,1.63,0.333,0.124,0.183,0.059,0.667,0.298,0.404,0.298,0.176,0.118
Patrick Reilly,Available,BAL,South Atlantic League,A+,No,24.0,,2.0,13.9,3.8,96.7,111.5,62.1,92.6,6.09,89.7,72.55762439881784,92.0,10.1,0.0,0.0,7.04,2.0,0.0,7.7,7.0,1.7,0.304,0.111,0.194,0.083,0.68,0.24,0.32,0.44,0.182,0.182
Tyson Guerrero,Available,KC,Midwest League,A+,No,27.0,,4.0,9.2,1.1,85.1,75.3,153.0,93.1,5.04,99.3,87.08940196738565,91.9,3.0,1.0,0.0,6.23,0.0,0.0,4.3,6.0,1.85,0.462,0.087,0.261,0.174,0.693,0.308,0.462,0.231,0.0,0.0
Ray Kerr,Available,ATL,South Atlantic League,A+,No,31.0,,3.0,10.7,1.2,74.9,85.7,199.7,97.2,2.5,107.6,80.21472192297249,91.8,1.0,0.0,0.0,2.45,0.0,0.0,3.7,6.0,1.09,0.286,0.133,0.4,0.267,0.714,0.286,0.571,0.143,0.0,0.0
Will Mabrey,Available,ARI,Northwest League,A+,No,25.0,,3.0,5.8,1.4,92.7,45.0,112.5,90.1,4.98,92.6,103.88835446918876,91.7,4.0,0.0,0.0,6.23,0.0,0.0,4.3,4.0,1.62,0.4,0.048,0.19,0.142,0.667,0.333,0.4,0.267,0.75,0.0
Tyler Hampu,Available,COL,Northwest League,A+,Yes,23.0,,30.0,5.2,1.5,100.7,40.7,6.3,94.5,7.08,85.8,69.6938212299717,91.6,50.3,1.0,4.0,9.07,0.0,0.0,43.7,50.0,2.36,0.39,0.209,0.217,0.008,0.7,0.244,0.346,0.409,0.288,0.135
Dylan Driessen,Available,STL,Midwest League,A+,Yes,21.0,,15.0,5.8,1.2,109.4,46.8,17.6,85.0,6.06,78.7,108.8665741758576,91.6,14.5,2.0,3.0,11.0,0.0,0.0,18.0,20.0,2.61,0.448,0.182,0.202,0.02,0.633,0.317,0.433,0.25,0.267,0.2
Jack Nedrow,Available,TOR,Northwest League,A+,No,23.0,,10.0,8.4,3.0,100.7,65.6,27.7,91.9,6.43,85.7,105.27195114155704,91.5,36.8,0.0,0.0,10.01,2.0,0.0,29.7,23.0,1.92,0.33,0.124,0.159,0.035,0.68,0.252,0.369,0.379,0.128,0.179
Kolten Smith,Available,MIN,Midwest League,A+,Yes,22.0,,9.0,12.1,2.9,104.4,98.1,51.0,85.8,6.61,82.7,109.42454785326204,91.5,26.6,0.0,5.0,7.18,9.0,0.0,26.3,32.0,1.9,0.296,0.174,0.232,0.058,0.639,0.292,0.333,0.375,0.185,0.185
Duque Hebbert,Available,DET,Midwest League,A+,No,24.0,,13.0,6.7,1.6,95.7,54.2,116.1,86.3,5.99,89.7,77.8046792790786,91.4,28.1,1.0,2.0,6.53,0.0,1.0,20.7,15.0,1.26,0.308,0.033,0.165,0.132,0.642,0.313,0.254,0.433,0.241,0.103
Frankeli Arias,Available,CHW,South Atlantic League,A+,No,23.0,,33.0,5.6,1.1,100.9,45.4,53.1,88.7,5.65,85.4,114.25457138777266,91.4,38.0,4.0,3.0,7.32,1.0,1.0,35.7,36.0,1.82,0.33,0.141,0.212,0.071,0.651,0.282,0.35,0.369,0.316,0.184
Luis Avila,Available,PHI,South Atlantic League,A+,Yes,23.0,,15.0,4.8,0.8,100.9,38.3,33.7,90.7,6.67,85.3,118.3443958752245,91.3,13.1,0.0,0.0,9.24,0.0,1.0,12.7,18.0,2.21,0.355,0.224,0.269,0.045,0.666,0.273,0.303,0.424,0.429,0.143
Dylan Carmouche,Available,CHW,South Atlantic League,A+,No,24.0,,7.0,16.3,4.1,96.7,130.9,39.6,93.8,5.44,88.6,114.5787302658688,91.2,26.0,2.0,2.0,5.59,6.0,0.0,29.0,21.0,1.52,0.276,0.107,0.16,0.053,0.689,0.234,0.468,0.299,0.304,0.261
Eliseo Mota,Available,DET,Midwest League,A+,Yes,23.0,,18.0,5.2,1.3,99.9,42.6,-14.9,97.2,6.69,86.0,108.21166432647848,91.2,20.1,1.0,1.0,6.26,0.0,0.0,23.0,17.0,2.04,0.329,0.165,0.148,-0.017,0.724,0.224,0.5,0.276,0.095,0.19
Tanner Gresham,Available,PHI,South Atlantic League,A+,Yes,24.0,,12.0,21.5,4.7,96.7,172.5,74.0,89.5,5.89,88.2,106.93458347306242,91.0,63.6,3.0,5.0,4.95,12.0,0.0,56.3,53.0,1.53,0.318,0.11,0.209,0.099,0.657,0.294,0.301,0.405,0.273,0.121
Eli Jerzembeck,Available,CHC,Midwest League,A+,Yes,23.0,,15.0,7.7,1.5,99.9,62.4,14.1,93.5,6.74,85.7,115.65803897108636,91.0,20.0,3.0,3.0,9.82,3.0,1.0,22.0,23.0,2.36,0.391,0.174,0.19,0.016,0.696,0.246,0.464,0.29,0.3,0.2
Braylon Myers,Available,CHC,Midwest League,A+,Yes,23.0,,5.0,15.4,3.5,99.9,125.8,54.5,88.7,6.38,85.6,109.71217569179824,90.9,21.6,2.0,2.0,7.27,3.0,0.0,17.3,16.0,1.56,0.234,0.138,0.2,0.062,0.66,0.24,0.3,0.46,0.304,0.217
Reece Wissinger,Available,TOR,Northwest League,A+,Yes,25.0,,26.0,10.2,2.1,92.7,80.1,99.8,90.1,5.37,91.4,104.16587807779632,90.8,67.9,5.0,3.0,4.45,0.0,2.0,54.7,40.0,1.28,0.304,0.048,0.174,0.126,0.667,0.287,0.31,0.404,0.188,0.116
Trennor O'Donnell,Available,BOS,South Atlantic League,A+,Yes,25.0,,9.0,7.0,2.4,92.9,56.3,29.9,97.8,6.94,91.1,99.90803508415942,90.7,31.6,2.0,2.0,9.28,0.0,0.0,21.3,15.0,1.78,0.303,0.11,0.15,0.04,0.718,0.183,0.338,0.479,0.206,0.206
Luis Germán,Available,SD,Midwest League,A+,Yes,24.0,,22.0,5.4,1.2,95.7,43.9,-24.6,101.2,7.67,88.5,137.31982727298333,90.6,30.3,3.0,0.0,9.24,0.0,0.0,25.3,25.0,2.45,0.354,0.207,0.179,-0.028,0.753,0.185,0.432,0.383,0.161,0.161
Travis Sthele,Available,WSH,South Atlantic League,A+,Yes,24.0,,1.0,-1.2,3.3,96.7,-10.0,-83.0,107.0,8.01,87.7,109.28091728966564,90.6,3.7,0.0,0.0,16.2,1.0,0.0,3.3,1.0,2.7,0.385,0.167,0.056,-0.111,0.786,0.143,0.571,0.286,0.25,0.25
Jackson Jobe,The Hot and Steamy Boys (MINORS),DET,Midwest League,A+,No,23.0,,1.0,23.2,4.0,99.9,189.3,138.9,78.4,3.7,85.1,112.42198488404458,90.6,2.0,0.0,0.0,2.25,1.0,0.0,4.0,5.0,1.75,0.417,0.105,0.263,0.158,0.584,0.417,0.417,0.167,0.5,0.0
Mikey Tepper,Available,WSH,South Atlantic League,A+,Yes,24.0,,12.0,16.9,3.9,96.7,136.1,35.9,93.0,6.06,87.5,120.21359692762135,90.5,39.6,1.0,4.0,5.44,6.0,1.0,46.3,42.0,1.53,0.252,0.153,0.201,0.048,0.683,0.246,0.421,0.333,0.238,0.214
Andrew Shaffner,Available,CIN,Midwest League,A+,Yes,23.0,,6.0,0.6,1.2,99.9,4.7,-55.4,100.7,9.79,85.0,102.77862294960156,90.5,13.4,0.0,2.0,10.29,0.0,0.0,7.0,4.0,3.43,0.455,0.146,0.083,-0.063,0.749,0.188,0.406,0.406,0.077,0.154
Kellan Oakes,Available,HOU,South Atlantic League,A+,Yes,22.0,,12.0,13.3,3.4,105.5,107.2,56.1,82.3,5.97,80.2,106.40556704802816,90.5,45.0,2.0,4.0,9.52,12.0,0.0,40.7,47.0,2.36,0.431,0.145,0.22,0.075,0.604,0.306,0.328,0.366,0.306,0.245
Miguel Alvarez,Available,SD,Midwest League,A+,Yes,21.0,,1.0,21.2,3.0,109.4,173.0,58.0,78.3,4.08,76.9,73.66810502665759,90.4,1.0,0.0,0.0,6.0,0.0,1.0,3.0,2.0,2.33,0.5,0.067,0.133,0.066,0.583,0.417,0.5,0.083,0.0,0.0
Izack Tiger,Available,TEX,South Atlantic League,A+,Yes,25.0,,8.0,11.7,2.6,92.9,93.7,171.2,80.8,3.21,90.4,103.76141000535593,90.3,13.5,0.0,4.0,8.27,7.0,0.0,20.7,29.0,1.69,0.396,0.073,0.302,0.229,0.593,0.288,0.458,0.254,0.2,0.467
Felix Cepeda,Available,NYM,South Atlantic League,A+,No,25.0,,7.0,3.0,1.0,92.9,23.8,68.0,92.6,5.67,90.4,62.444646132379056,90.3,10.0,0.0,2.0,3.68,0.0,0.0,7.3,5.0,1.5,0.32,0.061,0.152,0.091,0.68,0.28,0.32,0.4,0.0,0.1
Josh Blum,Available,NYM,South Atlantic League,A+,Yes,23.0,,12.0,3.5,0.9,100.9,28.1,-65.8,100.4,7.19,83.7,104.6165838667707,90.3,6.3,0.0,0.0,8.74,0.0,1.0,11.3,11.0,3.0,0.425,0.25,0.162,-0.088,0.737,0.263,0.579,0.158,0.333,0.0
Ryan Degges,Available,CLE,Midwest League,A+,No,23.0,,2.0,11.5,3.7,99.9,93.6,53.6,87.6,5.5,84.5,94.53712528892169,90.2,6.4,0.0,1.0,7.36,1.0,0.0,7.3,6.0,1.64,0.286,0.121,0.182,0.061,0.652,0.261,0.435,0.304,0.143,0.286
Luke Fernandez,Available,CLE,Midwest League,A+,Yes,22.0,,1.0,14.2,2.0,104.4,116.0,0.0,89.4,6.2,80.8,93.1018469043125,90.2,1.0,0.0,0.0,0.0,0.0,0.0,2.0,3.0,1.5,0.0,0.333,0.333,0.0,0.666,0.333,0.333,0.333,1.0,0.0
Miguelangel Boadas,Available,MIN,Midwest League,A+,Yes,23.0,,3.0,9.1,2.3,99.9,73.9,112.5,80.6,6.65,84.4,80.27942927999726,90.1,8.6,0.0,1.0,11.57,2.0,0.0,7.0,10.0,2.14,0.421,0.128,0.256,0.128,0.6,0.3,0.25,0.45,0.222,0.222
Michael Caldon,Available,BAL,South Atlantic League,A+,No,23.0,,7.0,11.6,1.8,100.9,93.6,-23.2,94.9,6.95,83.2,102.90955056949524,90.0,10.6,0.0,0.0,2.19,0.0,1.0,12.3,13.0,2.11,0.314,0.234,0.203,-0.031,0.697,0.303,0.394,0.303,0.4,0.0
Trey Pooser,Available,STL,Midwest League,A+,Yes,24.0,,14.0,7.1,1.4,95.7,57.4,68.6,88.8,6.01,87.1,111.15577287662444,89.7,21.3,0.0,0.0,5.21,0.0,1.0,19.0,15.0,1.63,0.317,0.089,0.167,0.078,0.661,0.274,0.371,0.355,0.227,0.182
Zeke Wood,Available,STL,Midwest League,A+,Yes,26.0,,9.0,6.8,1.2,88.3,55.2,-95.8,114.4,7.72,92.9,128.60107598398508,89.5,10.0,1.0,1.0,0.84,0.0,0.0,10.7,6.0,1.5,0.148,0.239,0.13,-0.109,0.852,0.111,0.519,0.37,0.5,0.1
Connor O'Halloran,Available,TOR,Northwest League,A+,Yes,23.0,,7.0,13.5,3.2,100.7,106.0,7.9,90.8,5.77,82.8,103.59204549918712,89.5,16.3,1.0,0.0,3.63,5.0,0.0,22.3,16.0,1.66,0.294,0.147,0.157,0.01,0.672,0.299,0.463,0.239,0.25,0.125
Tyler Schoff,Available,ATL,South Atlantic League,A+,Yes,27.0,,18.0,5.6,1.4,86.0,45.3,25.4,102.5,6.57,94.7,114.809306653256,89.4,33.2,0.0,2.0,7.01,0.0,2.0,25.7,20.0,1.71,0.316,0.134,0.168,0.034,0.753,0.21,0.37,0.42,0.118,0.088
Madison Jeffrey,Available,CHW,South Atlantic League,A+,Yes,26.0,,16.0,5.2,1.2,89.3,41.4,-8.2,103.3,6.8,92.0,101.90222540639722,89.4,16.1,1.0,0.0,4.34,0.0,0.0,18.7,15.0,1.82,0.273,0.174,0.163,-0.011,0.758,0.19,0.517,0.293,0.176,0.176
Jose Romero,Available,CHC,Midwest League,A+,Yes,25.0,,8.0,5.8,1.2,91.9,47.6,35.2,95.9,6.65,89.9,85.8452460634763,89.4,3.0,0.0,1.0,10.24,0.0,1.0,9.7,13.0,1.97,0.381,0.22,0.26,0.04,0.714,0.286,0.571,0.143,0.333,0.0
Brandon Downer,Available,BAL,South Atlantic League,A+,Yes,23.0,,15.0,7.8,2.1,100.9,62.7,15.0,89.5,6.05,82.4,97.70577281990596,89.4,28.3,2.0,3.0,6.61,0.0,1.0,31.3,22.0,1.72,0.283,0.128,0.148,0.02,0.657,0.276,0.438,0.286,0.133,0.233
Bryce Montes de Oca,Available,WSN,South Atlantic League,A+,No,30.0,,2.0,-3.4,0.7,77.4,-27.1,-186.9,136.2,17.8,101.3,119.98907566428736,89.0,1.0,0.0,1.0,33.75,0.0,0.0,1.3,2.0,3.75,0.0,0.417,0.167,-0.25,1.0,0.0,0.667,0.333,0.0,0.0
Michael Hobbs,Available,SEA,Northwest League,A+,No,26.0,,1.0,4.5,1.3,89.1,35.2,0.0,101.3,4.47,91.1,93.41860769859971,88.7,0.0,0.0,0.0,6.75,0.0,0.0,1.3,1.0,1.5,0.25,0.167,0.167,0.0,0.75,0.25,0.75,0.0,0.0,0.0
Nate Lavender,Available,NYM,South Atlantic League,A+,No,26.0,,3.0,8.0,1.0,89.3,64.3,287.9,68.1,1.89,91.0,122.68257889200686,88.7,2.0,0.0,0.0,3.0,0.0,0.0,3.0,6.0,1.33,0.5,0.077,0.462,0.385,0.5,0.5,0.167,0.333,1.0,0.0
Colin Fields,Available,DET,Midwest League,A+,No,26.0,,3.0,7.1,1.4,88.3,57.7,165.3,82.7,4.46,91.5,106.30390210249828,88.5,5.0,0.0,0.0,0.0,0.0,0.0,4.3,3.0,0.69,0.231,0.0,0.188,0.188,0.616,0.385,0.231,0.385,0.4,0.0
Harry Genth,Available,MIN,Midwest League,A+,Yes,23.0,,1.0,-2.8,1.0,99.9,-22.4,-146.8,107.4,10.33,81.8,102.1668878490813,88.4,2.0,0.0,0.0,18.0,0.0,0.0,1.0,0.0,3.0,0.4,0.167,0.0,-0.167,0.8,0.2,0.4,0.4,0.5,0.0
Preston Howey,Available,DET,Midwest League,A+,Yes,24.0,,20.0,7.7,2.0,95.7,62.9,63.3,87.1,5.3,85.1,86.95564705560218,88.3,32.8,2.0,3.0,7.26,1.0,1.0,39.7,30.0,1.76,0.35,0.093,0.165,0.072,0.649,0.275,0.458,0.267,0.086,0.286
Matt Duffy,Available,BOS,South Atlantic League,A+,Yes,24.0,,7.0,10.6,2.4,96.7,85.5,133.9,77.7,5.37,84.0,110.64916913432862,88.2,21.4,0.0,1.0,10.06,4.0,0.0,17.0,24.0,2.0,0.405,0.107,0.286,0.179,0.571,0.265,0.224,0.51,0.08,0.32
Will Koger,Available,SD,Midwest League,A+,Yes,23.0,,19.0,6.2,1.4,99.9,50.2,7.0,89.5,6.17,81.6,95.797103224773,88.2,15.5,0.0,1.0,6.31,0.0,1.0,25.7,26.0,1.68,0.224,0.214,0.222,0.008,0.666,0.25,0.483,0.267,0.063,0.313
Bernard Jose,Available,SD,Midwest League,A+,No,23.0,,13.0,6.2,1.7,99.9,50.1,40.4,85.6,6.43,81.5,115.28161520066,88.2,26.0,0.0,1.0,9.27,0.0,1.0,22.3,21.0,1.88,0.297,0.147,0.193,0.046,0.637,0.261,0.333,0.406,0.179,0.25
Christian Rodriguez,Available,BAL,South Atlantic League,A+,Yes,24.0,,7.0,17.7,4.3,96.7,142.1,69.5,84.8,5.43,83.7,101.94189589285688,88.0,32.4,2.0,2.0,5.93,5.0,0.0,30.3,25.0,1.62,0.333,0.086,0.179,0.093,0.623,0.327,0.337,0.337,0.212,0.152
Jacob Cravey,Available,BAL,South Atlantic League,A+,Yes,24.0,,25.0,4.8,1.3,96.7,38.9,4.5,92.2,6.96,83.6,111.22990405690396,87.9,40.1,2.0,3.0,6.68,1.0,0.0,32.3,23.0,1.79,0.284,0.146,0.152,0.006,0.677,0.235,0.343,0.422,0.279,0.209
Joe Miller,Available,DET,Midwest League,A+,No,26.0,,3.0,10.7,2.4,88.3,86.8,77.4,91.6,5.87,90.4,61.22416550322184,87.8,7.3,0.0,0.0,4.91,2.0,0.0,7.3,7.0,1.64,0.3,0.118,0.206,0.088,0.682,0.227,0.409,0.364,0.375,0.25
Ty Adcock,Available,SD,Midwest League,A+,No,29.0,,5.0,5.6,1.2,79.2,45.6,169.7,89.5,5.45,97.9,138.31516971419887,87.7,7.5,0.0,0.0,10.5,0.0,0.0,6.0,9.0,2.0,0.4,0.097,0.29,0.193,0.666,0.167,0.333,0.5,0.111,0.333
Jeferson Villabona,Not in Fantrax,SDP,Midwest League,A+,Yes,25.0,,21.0,6.3,1.2,91.9,51.2,14.1,95.4,6.42,87.4,108.5294025212318,87.7,20.7,2.0,0.0,7.11,0.0,1.0,25.3,23.0,1.89,0.293,0.164,0.18,0.016,0.71,0.224,0.5,0.276,0.286,0.238
Brian Zeldin,Available,MIN,Midwest League,A+,Yes,25.0,,24.0,6.9,1.3,91.9,56.0,54.5,90.5,6.16,87.2,106.84559803847264,87.6,28.9,3.0,1.0,8.07,0.0,0.0,32.3,41.0,1.92,0.325,0.193,0.255,0.062,0.674,0.265,0.373,0.361,0.167,0.167
Clay Holmes,Je suis Charlie Morton (ACTIVE),CHC,South Atlantic League,A+,No,33.0,,1.0,25.2,5.3,70.4,202.9,97.2,105.8,4.64,104.8,115.75278867522329,87.5,6.7,1.0,0.0,5.06,1.0,0.0,5.3,3.0,1.31,0.35,0.0,0.13,0.13,0.777,0.222,0.444,0.333,0.167,0.0
Wily Villar,Available,TEX,South Atlantic League,A+,No,27.0,,5.0,11.8,1.8,86.0,95.2,219.1,77.0,3.12,91.9,99.25126778928748,87.5,4.8,1.0,1.0,5.0,0.0,0.0,9.0,13.0,1.22,0.364,0.024,0.317,0.293,0.565,0.348,0.435,0.217,0.4,0.4
Brayan Castillo,Available,COL,Northwest League,A+,No,25.0,,2.0,9.6,1.5,92.7,75.4,49.1,90.1,4.68,86.3,127.17708082476852,87.4,1.0,0.0,0.0,9.0,0.0,0.0,3.0,4.0,2.33,0.444,0.188,0.25,0.062,0.667,0.333,0.556,0.111,0.0,0.0
Jaren Warwick,Available,LAA,Northwest League,A+,Yes,24.0,,8.0,9.6,1.8,96.5,75.1,-47.5,97.5,7.2,83.1,108.318337648197,87.4,9.2,1.0,0.0,3.86,0.0,0.0,14.0,11.0,1.79,0.243,0.224,0.164,-0.06,0.722,0.25,0.5,0.25,0.333,0.111
Accimias Morales,Available,LAD,Midwest League,A+,Yes,21.0,,7.0,5.7,1.1,109.4,46.2,-140.7,95.9,10.42,72.4,97.02722503458486,87.4,8.6,0.0,2.0,9.0,0.0,0.0,8.0,10.0,3.13,0.3,0.36,0.2,-0.16,0.714,0.238,0.333,0.429,0.111,0.111
Jack White,Available,SEA,Northwest League,A+,Yes,26.0,,16.0,4.5,0.8,89.1,35.6,-29.3,102.3,7.89,89.0,142.2135942756264,87.3,5.8,1.0,0.0,13.85,0.0,0.0,13.0,19.0,2.85,0.406,0.275,0.238,-0.037,0.757,0.182,0.636,0.182,0.167,0.333
Alain Pena,Available,HOU,South Atlantic League,A+,Yes,23.0,,9.0,5.9,2.5,100.9,47.1,12.7,86.1,6.77,79.2,95.53909028130388,87.2,25.1,0.0,4.0,7.66,0.0,0.0,22.3,17.0,2.19,0.352,0.132,0.149,0.017,0.632,0.253,0.392,0.354,0.107,0.321
Keduar Trujillo,Available,HOU,South Atlantic League,A+,Yes,22.0,,3.0,-1.8,0.7,105.5,-14.1,-68.0,90.8,12.34,75.1,68.53258009630662,87.1,5.3,0.0,0.0,22.5,0.0,0.0,2.0,0.0,2.5,0.375,0.091,0.0,-0.091,0.667,0.222,0.111,0.667,0.333,0.167
Gabe Craig,Available,PHI,South Atlantic League,A+,Yes,24.0,,18.0,6.4,1.1,96.7,51.2,68.8,83.3,5.56,82.3,105.39640364546536,87.0,13.0,0.0,2.0,6.3,0.0,2.0,20.0,23.0,1.75,0.37,0.143,0.235,0.092,0.611,0.37,0.389,0.241,0.231,0.077
Adam Boucher,Available,WSH,South Atlantic League,A+,Yes,24.0,,34.0,4.6,1.0,96.7,37.0,-53.8,97.4,7.74,82.3,117.51294711294577,87.0,35.7,3.0,1.0,8.55,0.0,1.0,33.7,32.0,2.14,0.271,0.265,0.193,-0.072,0.715,0.227,0.352,0.42,0.297,0.135
Kohl Franklin,Available,CHC,Midwest League,A+,No,26.0,,3.0,13.8,3.4,88.3,111.9,19.3,96.6,5.26,88.9,141.21825183441086,86.8,5.0,0.0,0.0,1.74,3.0,0.0,10.3,6.0,1.45,0.313,0.114,0.136,0.022,0.719,0.281,0.563,0.156,0.6,0.0
Trent Turzenski,Available,BAL,South Atlantic League,A+,Yes,25.0,,6.0,9.8,1.1,92.9,78.7,0.0,94.2,5.33,85.0,112.7092718013787,86.7,2.0,1.0,1.0,1.42,0.0,1.0,6.3,7.0,1.42,0.154,0.259,0.259,0.0,0.692,0.308,0.538,0.154,0.0,0.0
Ben DeTaeye,Available,TEX,South Atlantic League,A+,No,25.0,,9.0,14.4,3.0,92.9,116.1,47.1,88.5,6.24,84.7,128.05677850986652,86.5,30.9,3.0,0.0,7.33,3.0,0.0,27.0,28.0,1.7,0.235,0.159,0.222,0.063,0.65,0.221,0.325,0.455,0.171,0.286
Adam Shoemaker,Available,ATL,South Atlantic League,A+,Yes,23.0,,5.0,13.1,3.5,100.9,104.9,-49.4,91.8,6.96,77.9,107.25982793139076,86.4,10.3,0.0,2.0,7.64,5.0,0.0,17.7,19.0,2.21,0.273,0.275,0.209,-0.066,0.674,0.279,0.488,0.233,0.0,0.2
Josh Sanders,Available,TEX,South Atlantic League,A+,Yes,24.0,,11.0,3.6,2.3,96.7,29.2,11.2,88.4,6.81,81.0,92.80849844593703,86.2,30.2,0.0,1.0,13.14,0.0,0.0,25.3,18.0,2.21,0.337,0.12,0.135,0.015,0.649,0.234,0.415,0.351,0.182,0.333
Luis Ramirez,Available,TEX,Midwest League,A+,Yes,24.0,,7.0,10.0,1.5,95.7,81.7,48.4,84.9,6.13,81.6,108.32044565498164,86.0,4.5,1.0,0.0,6.97,0.0,0.0,10.3,18.0,2.23,0.353,0.278,0.333,0.055,0.632,0.263,0.474,0.263,0.2,0.4
Zac Lampton,Available,BAL,South Atlantic League,A+,Yes,26.0,,6.0,9.2,1.2,89.3,73.7,67.3,88.5,5.56,86.7,104.84142111153068,85.9,6.8,1.0,0.0,4.91,0.0,0.0,7.3,8.0,1.64,0.235,0.152,0.242,0.09,0.65,0.2,0.4,0.4,0.125,0.375
Sam Bower,Available,SF,Northwest League,A+,Yes,25.0,,4.0,2.2,1.2,92.7,17.1,26.9,90.0,5.71,84.0,103.97758078434644,85.9,4.8,1.0,0.0,13.5,0.0,0.0,4.7,3.0,3.21,0.522,0.069,0.103,0.034,0.666,0.292,0.5,0.208,0.2,0.2
Bryson Van Sickle,Available,COL,Northwest League,A+,No,25.0,,8.0,5.4,2.4,92.7,42.6,18.2,90.8,6.07,83.8,103.7823328032887,85.8,16.5,1.0,0.0,8.53,1.0,0.0,19.0,7.0,1.37,0.277,0.06,0.083,0.023,0.672,0.284,0.463,0.254,0.118,0.176
Donye Evans,Available,DET,Midwest League,A+,Yes,24.0,,3.0,9.2,1.6,95.7,74.6,-195.2,112.0,8.49,80.9,111.95743361117994,85.5,5.0,1.0,0.0,1.93,0.0,0.0,4.7,1.0,1.29,0.083,0.278,0.056,-0.222,0.834,0.167,0.417,0.417,0.2,0.0
Ricardo Yan,Available,ARI,Northwest League,A+,Yes,23.0,,4.0,-1.6,0.8,100.7,-12.2,-226.6,110.6,18.2,76.5,93.60664539378232,85.4,4.0,0.0,0.0,30.0,0.0,0.0,3.0,3.0,5.67,0.545,0.393,0.107,-0.286,0.819,0.182,0.455,0.364,0.0,0.0
Justin Armbruester,Available,NYM,South Atlantic League,A+,No,27.0,,4.0,7.6,1.0,86.0,61.3,198.9,75.6,3.3,88.6,117.630949951301,85.3,3.0,0.0,0.0,4.5,0.0,0.0,4.0,5.0,1.0,0.333,0.067,0.333,0.266,0.555,0.444,0.222,0.333,0.333,0.0
Luke Alwood,Available,CHC,Midwest League,A+,Yes,22.0,,4.0,5.8,1.5,104.4,47.3,-51.9,87.0,7.75,73.4,107.93333463479914,85.3,5.6,0.0,1.0,7.5,0.0,0.0,6.0,7.0,2.5,0.25,0.265,0.206,-0.059,0.647,0.235,0.412,0.353,0.0,0.333
Osvaldo Berrios,Available,BOS,South Atlantic League,A+,No,26.0,,5.0,10.4,2.1,89.3,84.0,115.9,81.8,3.57,85.7,152.64742686474,85.2,4.8,0.0,1.0,5.23,0.0,0.0,10.3,11.0,1.45,0.345,0.089,0.244,0.155,0.601,0.367,0.467,0.167,0.6,0.2
Jesse Bergin,Available,MIN,Midwest League,A+,Yes,26.0,,9.0,4.6,1.2,88.3,37.5,130.1,80.5,4.71,86.1,100.20760113227276,84.9,9.0,0.0,4.0,8.18,0.0,0.0,11.0,15.0,1.82,0.4,0.13,0.278,0.148,0.6,0.367,0.333,0.3,0.111,0.111
Tommy Vail,Available,CHW,South Atlantic League,A+,No,27.0,,9.0,7.3,1.9,86.0,58.5,65.8,89.1,5.55,87.1,129.57812054612498,84.3,16.4,1.0,2.0,10.9,3.0,0.0,17.3,22.0,2.31,0.44,0.154,0.242,0.088,0.654,0.269,0.404,0.327,0.176,0.235
Noah Edders,Available,CHC,Midwest League,A+,Yes,23.0,,3.0,9.0,2.4,99.9,73.3,90.6,72.7,5.26,75.3,106.29350895065464,84.1,5.8,1.0,0.0,13.5,0.0,0.0,7.3,9.0,2.45,0.522,0.128,0.231,0.103,0.541,0.417,0.333,0.25,0.667,0.167
Brent Francisco,Available,MIN,Midwest League,A+,Yes,25.0,,10.0,8.7,2.1,91.9,71.0,77.4,81.3,5.49,81.5,103.22041824028187,83.8,21.7,1.0,3.0,7.84,1.0,1.0,20.7,18.0,1.79,0.313,0.088,0.176,0.088,0.606,0.296,0.38,0.324,0.217,0.304
Harrison Kreiling,Available,BAL,South Atlantic League,A+,Yes,24.0,,1.0,8.2,2.3,96.7,66.3,149.6,68.1,3.54,77.2,102.8577474046089,83.6,2.0,0.0,0.0,7.71,1.0,0.0,2.3,2.0,1.29,0.375,0.0,0.2,0.2,0.5,0.5,0.25,0.25,0.5,0.0
Seamus Barrett,Available,LAD,Midwest League,A+,Yes,25.0,,19.0,3.5,0.9,91.9,28.6,52.8,83.6,6.4,81.0,95.07063268784442,83.5,12.9,1.0,1.0,12.23,0.0,0.0,17.7,24.0,2.43,0.408,0.178,0.238,0.06,0.623,0.283,0.453,0.264,0.286,0.357
Hunter Alberini,Available,KC,Midwest League,A+,Yes,24.0,,10.0,2.1,1.0,95.7,16.9,-72.1,94.0,8.87,77.5,95.99312310377016,83.3,8.7,0.0,1.0,16.76,0.0,0.0,9.7,12.0,3.21,0.448,0.279,0.197,-0.082,0.7,0.267,0.433,0.3,0.111,0.111
Devin Kirby-Williams,Not in Fantrax,OAK,Midwest League,A+,Yes,26.0,,5.0,10.9,4.3,88.3,89.1,7.9,91.3,7.47,83.2,111.86757261434218,83.0,33.8,2.0,2.0,10.13,5.0,0.0,21.3,13.0,2.11,0.351,0.112,0.121,0.009,0.68,0.235,0.309,0.457,0.081,0.189
Andrew Bechtold,Available,PHI,South Atlantic League,A+,No,30.0,,1.0,2.2,1.0,77.4,18.1,0.0,102.1,6.53,91.8,94.75981861235913,82.7,1.0,0.0,0.0,9.0,0.0,0.0,1.0,1.0,3.0,0.5,0.167,0.167,0.0,0.75,0.25,0.5,0.25,1.0,0.0
Emmett Olson,Available,MIA,Midwest League,A+,Yes,24.0,,4.0,4.1,2.4,95.7,33.1,-32.5,88.3,7.24,76.5,97.85902574351134,82.6,7.6,0.0,0.0,13.03,4.0,0.0,9.7,7.0,2.38,0.333,0.167,0.13,-0.037,0.657,0.257,0.514,0.229,0.375,0.375
Jay Allmer,Available,BOS,South Atlantic League,A+,No,24.0,,8.0,6.2,2.5,96.7,50.2,-7.5,84.4,6.74,75.6,72.30550375397675,82.6,17.4,0.0,2.0,8.24,0.0,0.0,19.7,15.0,2.14,0.361,0.162,0.152,-0.01,0.62,0.317,0.397,0.286,0.167,0.222
Teofilo Mendez,Available,ARI,Northwest League,A+,Yes,24.0,,8.0,4.4,1.3,96.5,34.8,50.7,77.2,5.96,75.2,103.28804506892246,82.2,12.4,1.0,1.0,13.94,0.0,0.0,10.3,11.0,2.9,0.475,0.113,0.177,0.064,0.572,0.333,0.357,0.31,0.0,0.308
Josiah Gray,Available,WSH,South Atlantic League,A+,No,28.0,,3.0,7.8,1.1,82.9,62.3,43.4,90.8,4.76,86.3,94.66455397904934,82.1,2.0,1.0,1.0,8.1,0.0,0.0,3.3,3.0,2.1,0.417,0.118,0.176,0.058,0.667,0.333,0.5,0.167,0.0,0.0
Grant Manning,Available,WSH,South Atlantic League,A+,Yes,25.0,,3.0,13.4,2.1,92.9,107.8,86.0,75.6,4.81,77.4,108.67316088409024,81.6,5.0,1.0,0.0,8.53,0.0,0.0,6.3,10.0,3.0,0.667,0.171,0.286,0.115,0.555,0.389,0.333,0.278,0.0,0.2
Brandon Woodruff,Cant Park Here (INJURED_RESERVE),MIL,Midwest League,A+,Yes,33.0,,1.0,34.5,5.3,69.6,280.9,209.3,82.7,3.78,95.9,107.73130163067908,81.1,5.0,1.0,0.0,5.06,1.0,0.0,5.3,6.0,1.13,0.308,0.048,0.286,0.238,0.616,0.308,0.308,0.385,0.0,0.2
Alexander Campos,Available,TB,South Atlantic League,A+,Yes,23.0,,1.0,1.8,3.7,100.9,14.1,0.0,76.7,7.53,69.7,95.56326205881862,80.9,5.7,0.0,1.0,9.82,0.0,0.0,3.7,1.0,2.45,0.385,0.056,0.056,0.0,0.563,0.25,0.313,0.438,0.429,0.429
Anthony Astudillo,Available,TEX,South Atlantic League,A+,Yes,20.0,,2.0,13.6,3.5,116.1,109.5,-49.4,68.0,6.83,57.2,32.357399948747926,80.9,5.7,0.0,1.0,2.57,2.0,0.0,7.0,5.0,1.57,0.176,0.233,0.167,-0.066,0.499,0.444,0.222,0.333,0.0,0.167
Troy Watson,Available,SEA,Midwest League,A+,No,29.0,,3.0,12.5,3.0,79.2,101.8,0.0,96.7,6.33,87.1,67.07108251202577,80.6,10.0,0.0,0.0,1.0,3.0,0.0,9.0,5.0,1.11,0.2,0.143,0.143,0.0,0.72,0.28,0.32,0.4,0.0,0.0
David Davalillo,Available,TEX,South Atlantic League,A+,No,25.0,,1.0,7.2,2.3,92.9,58.3,50.1,77.8,4.87,75.6,94.04595129973796,80.4,1.0,0.0,1.0,15.43,1.0,0.0,2.3,4.0,3.0,0.429,0.2,0.267,0.067,0.571,0.286,0.571,0.143,0.0,1.0
Luke Lashutka,Available,MIA,Midwest League,A+,Yes,24.0,,3.0,-0.6,3.4,95.7,-4.7,-67.7,88.5,8.16,73.2,96.78939383338844,80.4,16.2,0.0,2.0,13.94,3.0,0.0,10.3,3.0,2.23,0.333,0.135,0.058,-0.077,0.659,0.268,0.317,0.415,0.118,0.176
Sam Knowlton,Available,SF,Northwest League,A+,Yes,26.0,,10.0,3.6,0.8,89.1,28.4,-144.2,102.9,8.49,78.1,84.58014688496041,80.0,2.1,1.0,2.0,6.48,0.0,0.0,8.3,6.0,2.28,0.227,0.318,0.136,-0.182,0.762,0.238,0.667,0.095,0.0,0.0
Adbert Alzolay,Available,NYM,South Atlantic League,A+,No,31.0,,3.0,7.3,1.0,74.9,58.9,-62.8,105.8,7.5,88.7,116.54688348799488,79.3,4.0,0.0,0.0,0.0,0.0,0.0,3.0,1.0,1.33,0.222,0.167,0.083,-0.084,0.777,0.222,0.333,0.444,0.25,0.0
Sam Brodersen,Available,WSH,Midwest League,A+,Yes,24.0,,8.0,4.2,1.0,95.7,34.3,42.2,73.9,6.14,71.5,99.6650406426243,79.2,5.4,0.0,0.0,10.13,0.0,0.0,8.0,11.0,2.63,0.556,0.22,0.268,0.048,0.55,0.35,0.35,0.3,0.0,0.333
Andrew Marrero,Available,HOU,South Atlantic League,A+,No,26.0,,4.0,1.5,1.5,89.3,12.1,0.0,84.2,7.95,76.3,116.1471753451777,78.9,10.0,0.0,0.0,15.0,0.0,0.0,6.0,5.0,2.33,0.368,0.161,0.161,0.0,0.619,0.286,0.19,0.524,0.091,0.182
Mike McKenna,Not in Fantrax,MIN,Midwest League,A+,Yes,25.0,,5.0,6.7,1.6,91.9,54.5,146.8,64.6,4.55,73.9,106.20172669198276,78.7,7.7,0.0,0.0,10.13,0.0,0.0,8.0,11.0,2.25,0.435,0.095,0.262,0.167,0.481,0.37,0.296,0.333,0.444,0.444
Franklin Sanchez,Available,MIA,Midwest League,A+,Yes,25.0,,6.0,4.2,1.0,91.9,34.3,50.1,75.5,6.41,73.7,45.57443113373344,78.6,1.9,0.0,0.0,12.0,0.0,0.0,6.0,9.0,2.5,0.467,0.2,0.257,0.057,0.562,0.375,0.5,0.125,0.0,0.5
Quinn Priester,Cant Park Here (INJURED_RESERVE),MIL,Midwest League,A+,No,25.0,,1.0,-8.0,1.3,91.9,-65.1,-73.0,89.6,9.83,73.6,99.67188299577144,78.5,0.0,0.0,1.0,47.25,1.0,0.0,1.3,2.0,6.0,0.833,0.25,0.167,-0.083,0.667,0.333,0.667,0.0,0.0,0.0
Engel Peralta,Available,MIA,Midwest League,A+,Yes,22.0,,2.0,12.8,1.8,104.4,103.8,92.3,57.6,6.42,62.4,90.93640865395884,77.9,1.7,0.0,0.0,2.45,0.0,0.0,3.7,6.0,1.64,0.167,0.211,0.316,0.105,0.429,0.429,0.286,0.286,0.0,0.5
Victor Trejo,Available,PIT,South Atlantic League,A+,Yes,20.0,,1.0,-5.0,0.3,116.1,-40.2,-124.1,68.1,24.62,49.8,88.41128588589547,76.0,0.0,0.0,0.0,108.0,0.0,0.0,0.3,1.0,12.0,1.0,0.333,0.167,-0.166,0.5,0.5,0.5,0.0,0.0,0.0
Wilmer Blanco,Available,PHI,South Atlantic League,A+,Yes,22.0,,1.0,17.5,3.0,105.5,140.6,-50.1,68.1,7.19,57.2,95.70213497738976,75.1,3.0,0.0,0.0,12.0,0.0,1.0,3.0,2.0,2.0,0.3,0.2,0.133,-0.067,0.5,0.5,0.2,0.3,0.333,0.0
Mitch Neunborn,Available,PHI,South Atlantic League,A+,No,29.0,,3.0,-0.4,1.0,80.1,-3.3,-41.9,90.8,8.46,77.8,124.2847113724612,74.8,5.0,0.0,1.0,18.0,0.0,0.0,3.0,2.0,3.0,0.417,0.167,0.111,-0.056,0.667,0.25,0.333,0.417,0.2,0.2
Trevor Williams,Available,TEX,South Atlantic League,A+,No,34.0,,1.0,11.0,3.3,68.3,88.4,43.4,90.7,4.19,86.2,109.29319487449918,73.9,1.0,0.0,0.0,8.1,1.0,0.0,3.3,3.0,2.4,0.5,0.118,0.176,0.058,0.666,0.333,0.583,0.083,1.0,0.0
Kevin Herget,Available,NYM,South Atlantic League,A+,No,35.0,,4.0,5.4,1.5,66.3,43.7,59.8,88.5,5.53,86.0,122.61086359495977,72.7,6.0,0.0,1.0,3.0,0.0,0.0,6.0,3.0,1.17,0.3,0.04,0.12,0.08,0.65,0.35,0.35,0.3,0.0,0.0
Vicarte Domingo,Available,SD,Midwest League,A+,Yes,23.0,,4.0,0.6,1.0,99.9,5.1,-70.3,71.6,8.14,58.3,92.26398894974656,72.7,3.0,0.0,0.0,13.5,0.0,0.0,4.0,3.0,3.0,0.4,0.2,0.12,-0.08,0.533,0.4,0.4,0.2,0.333,0.333
Tommy Henry,Available,ARI,Northwest League,A+,No,28.0,,1.0,2.8,2.3,82.7,21.5,99.1,67.5,2.87,71.7,92.22484439940835,72.2,0.0,0.0,1.0,23.14,1.0,0.0,2.3,4.0,3.86,0.667,0.125,0.25,0.125,0.5,0.5,0.5,0.0,0.0,1.0
Josh Harlow,Available,CLE,Midwest League,A+,Yes,25.0,,3.0,-0.8,1.3,91.9,-6.8,-199.6,92.4,10.95,63.4,96.530716331494,71.7,5.2,0.0,0.0,13.5,0.0,0.0,4.0,0.0,2.5,0.214,0.227,0.0,-0.227,0.688,0.188,0.438,0.375,0.333,0.333
Brandon Nigh,Available,HOU,South Atlantic League,A+,Yes,22.0,,1.0,4.0,0.3,105.5,32.1,747.8,0.0,-2.38,50.5,119.98907566428736,70.7,,0.0,0.0,0.0,0.0,0.0,0.3,1.0,0.0,0.0,0.0,1.0,1.0,0.0,0.0,0.0,0.0,0.0,0.0
Joe Charles,Available,NYM,South Atlantic League,A+,Yes,26.0,,6.0,4.7,1.2,89.3,37.5,41.9,64.1,4.74,63.0,67.95476692368985,70.0,2.1,0.0,1.0,10.29,0.0,0.0,7.0,10.0,2.29,0.444,0.222,0.278,0.056,0.471,0.529,0.353,0.118,0.0,0.0
Aneudis Mejia,Not in Fantrax,TEX,South Atlantic League,A+,Yes,22.0,,1.0,-0.8,1.3,105.5,-6.0,-62.8,60.5,10.91,49.3,92.32552549063382,69.9,2.7,0.0,0.0,20.25,0.0,0.0,1.3,1.0,5.25,0.5,0.167,0.083,-0.084,0.444,0.444,0.222,0.333,0.667,0.333
Raimon Gomez,Available,BAL,South Atlantic League,A+,Yes,24.0,,12.0,3.4,0.7,96.7,27.6,-85.2,65.2,11.19,51.1,2.980212424740984,66.2,8.7,0.0,0.0,21.6,0.0,1.0,8.3,14.0,4.2,0.55,0.344,0.23,-0.114,0.478,0.391,0.174,0.435,0.2,0.3
Christian Oppor,Available,CHW,South Atlantic League,A+,No,21.0,,7.0,-2.5,0.4,110.6,-20.1,-350.7,77.9,25.67,35.6,74.88272316074665,63.5,1.7,0.0,1.0,50.62,0.0,0.0,2.7,4.0,8.25,0.333,0.594,0.125,-0.469,0.572,0.286,0.429,0.286,0.0,0.5
Kodi Whitley,Available,TB,South Atlantic League,A+,No,31.0,,2.0,6.2,1.5,74.9,50.2,53.1,51.1,4.26,52.7,152.64742686474,55.3,1.0,0.0,0.0,6.0,0.0,0.0,3.0,3.0,2.0,0.375,0.143,0.214,0.071,0.375,0.5,0.375,0.125,0.0,1.0
Nick McAuliffe,Available,MIN,Midwest League,A+,Yes,25.0,,1.0,-1.2,1.0,91.9,-10.2,-109.9,53.7,9.58,38.7,109.36354012093466,55.3,1.0,0.0,0.0,27.0,0.0,0.0,1.0,1.0,5.0,0.6,0.25,0.125,-0.125,0.4,0.6,0.2,0.2,1.0,0.0
Luke Cantwell,Available,SD,Midwest League,A+,Yes,23.0,,1.0,0.5,0.3,99.9,4.1,0.0,0.0,3.83,3.0,67.98589742503955,35.9,0.0,0.0,0.0,0.0,0.0,0.0,0.3,0.0,6.0,0.667,0.0,0.0,0.0,0.0,1.0,0.0,0.0,0.0,0.0
Christian Worley,Available,STL,Texas League,AA,Yes,24.0,,2.0,15.0,1.0,102.1,127.8,445.8,138.8,1.2,164.6,95.17155982135873,144.9,0.0,0.0,0.0,0.0,0.0,1.0,2.0,4.0,0.0,0.0,0.0,0.571,0.571,1.0,0.0,1.0,0.0,0.0,0.0
Bennett Sousa,Available,HOU,Texas League,AA,No,31.0,,2.0,21.5,1.3,79.1,183.1,683.2,138.8,-0.81,167.5,86.8950972162684,134.1,1.0,1.0,0.0,0.0,0.0,0.0,2.7,7.0,0.0,0.0,0.0,0.875,0.875,1.0,0.0,0.0,1.0,0.0,0.0
Kai Wynyard,Available,TEX,Texas League,AA,Yes,24.0,,1.0,6.0,1.0,102.1,51.1,260.0,138.8,3.67,146.0,88.12665352833054,132.5,1.0,0.0,0.0,0.0,0.0,0.0,1.0,1.0,0.0,0.0,0.0,0.333,0.333,1.0,0.0,0.5,0.5,0.0,0.0
Sandro Santana,Available,STL,Texas League,AA,No,21.0,,19.0,13.6,1.3,116.7,115.5,266.2,113.9,2.25,128.7,99.44876120793587,129.0,8.0,2.0,0.0,0.74,0.0,3.0,24.3,39.0,0.7,0.179,0.102,0.443,0.341,0.82,0.154,0.641,0.205,0.25,0.125
Riley Frey,Available,ATL,Southern League,AA,Yes,24.0,,3.0,12.2,1.9,102.8,94.9,208.3,126.6,3.98,134.0,108.30505794522176,124.8,7.0,0.0,0.0,0.0,0.0,0.0,5.7,7.0,0.88,0.286,0.045,0.318,0.273,0.929,0.071,0.429,0.5,0.286,0.0
Eduarniel Núñez,Available,CHC,Texas League,AA,No,27.0,,3.0,4.3,0.8,90.8,36.9,195.2,138.8,4.12,139.5,100.79827251795716,121.9,1.0,0.0,0.0,0.0,0.0,0.0,2.3,2.0,0.0,0.0,0.0,0.25,0.25,1.0,0.0,0.8,0.2,0.0,0.0
José Davila,Available,STL,Texas League,AA,Yes,23.0,,11.0,11.3,1.3,106.6,96.4,175.7,120.9,3.48,125.8,110.7756641688436,121.4,7.2,2.0,1.0,0.0,0.0,0.0,14.3,19.0,1.12,0.313,0.103,0.328,0.225,0.871,0.129,0.645,0.226,0.571,0.0
Yhoiker Fajardo,Available,STL,Texas League,AA,Yes,19.0,,5.0,28.6,5.0,129.0,243.2,126.5,104.6,4.2,106.6,105.0706954222392,121.0,20.0,3.0,1.0,3.24,5.0,0.0,25.0,24.0,1.32,0.342,0.067,0.229,0.162,0.753,0.233,0.493,0.274,0.2,0.05
Garrett Stratton,Available,NYM,Eastern League,AA,Yes,22.0,,23.0,11.5,1.3,112.5,91.6,233.5,104.8,2.46,117.5,107.35633924367858,119.2,18.0,1.0,4.0,1.52,0.0,7.0,29.7,38.0,0.71,0.25,0.018,0.342,0.324,0.765,0.206,0.529,0.265,0.5,0.111
Christian Zazueta,Cant Park Here (MINORS),LAD,Texas League,AA,Yes,21.0,,11.0,30.8,4.5,116.7,262.3,263.1,96.7,3.33,113.5,114.79365039325566,118.8,46.4,3.0,2.0,3.42,11.0,0.0,50.0,74.0,0.98,0.321,0.035,0.372,0.337,0.697,0.232,0.33,0.438,0.306,0.163
Drew Thorpe,Available,CHW,Southern League,AA,No,25.0,,2.0,22.1,4.0,98.7,171.4,136.6,128.3,3.88,128.3,101.70139586347572,118.7,5.0,0.0,0.0,1.13,2.0,0.0,8.0,8.0,0.88,0.235,0.107,0.286,0.179,0.941,0.059,0.647,0.294,0.2,0.0
Juan Reynoso,Available,MIA,Southern League,AA,Yes,22.0,,2.0,25.4,2.5,112.1,196.6,428.8,81.8,0.54,117.1,95.22422276925911,118.7,1.0,0.0,0.0,0.0,0.0,0.0,5.0,10.0,0.2,0.0,0.063,0.625,0.562,0.6,0.4,0.4,0.2,1.0,0.0
Cam Caminiti,Bobby and the NitWitts (MINORS),ATL,Southern League,AA,Yes,19.0,,5.0,29.6,5.1,129.8,229.3,107.6,101.8,4.74,102.3,104.86752391519482,118.6,22.3,1.0,0.0,2.13,5.0,0.0,25.3,28.0,1.26,0.262,0.123,0.264,0.141,0.747,0.206,0.429,0.365,0.304,0.13
Braylon Doughty,Je suis Charlie Morton (MINORS),CLE,Eastern League,AA,Yes,20.0,,9.0,20.8,4.4,123.7,165.8,116.7,106.4,3.91,107.2,115.31162957973436,118.5,25.8,2.0,2.0,5.03,9.0,0.0,39.3,39.0,1.35,0.342,0.072,0.234,0.162,0.776,0.196,0.571,0.232,0.115,0.115
Nestor Lorant,Available,CIN,Southern League,AA,Yes,24.0,,6.0,24.9,3.7,102.8,193.0,206.0,115.8,3.48,124.3,104.36335313992733,118.4,20.2,1.0,0.0,2.01,4.0,0.0,22.3,30.0,0.99,0.275,0.067,0.337,0.27,0.849,0.113,0.491,0.396,0.333,0.095
Austin St. Laurent,Available,SEA,Texas League,AA,Yes,23.0,,1.0,0.8,0.3,106.6,6.4,0.0,138.8,3.7,120.0,91.1134791356993,117.6,0.0,0.0,0.0,0.0,0.0,0.0,0.3,0.0,3.0,0.5,0.0,0.0,0.0,1.0,0.0,1.0,0.0,0.0,0.0
Gary Gill Hill,Available,NYM,Eastern League,AA,No,21.0,,5.0,29.8,5.3,117.9,238.1,152.1,105.6,3.94,110.1,103.22335633024647,117.2,26.6,2.0,0.0,3.76,5.0,0.0,26.3,28.0,1.22,0.329,0.046,0.257,0.211,0.77,0.189,0.446,0.365,0.148,0.111
Joe Glassey,Available,WSH,Eastern League,AA,No,24.0,,12.0,9.2,1.1,103.1,73.2,229.2,110.6,2.55,122.2,115.4813996191622,117.1,7.5,1.0,0.0,0.0,0.0,1.0,13.3,15.0,0.3,0.107,0.023,0.341,0.318,0.807,0.192,0.538,0.269,0.429,0.0
Anthony Eyanson,Hand Foot Mouth Disease Guys (MINORS),BAL,Eastern League,AA,Yes,21.0,,16.0,32.4,4.7,117.9,258.5,169.3,102.6,3.32,109.2,124.62416136457205,116.6,43.9,6.0,1.0,1.8,15.0,0.0,75.0,100.0,1.05,0.271,0.106,0.341,0.235,0.748,0.214,0.503,0.283,0.156,0.133
Josh Knoth,Available,MIL,Southern League,AA,Yes,20.0,,2.0,16.1,4.0,123.3,124.9,101.5,105.3,5.44,104.8,100.0754847448428,116.6,9.5,0.0,0.0,4.5,2.0,0.0,8.0,6.0,0.88,0.105,0.067,0.2,0.133,0.772,0.091,0.409,0.5,0.182,0.273
Cody Bowker,Available,PHI,Eastern League,AA,Yes,22.0,,3.0,31.2,5.0,112.5,249.7,158.5,108.2,3.85,113.0,111.94164506476496,116.2,15.8,2.0,0.0,2.4,3.0,0.0,15.0,15.0,0.87,0.225,0.034,0.254,0.22,0.789,0.158,0.447,0.395,0.133,0.133
Ethan Flanagan,Available,CHC,Southern League,AA,Yes,24.0,,1.0,15.0,2.0,102.8,116.2,381.5,90.9,0.56,120.3,108.20719098130311,115.7,0.0,0.0,0.0,0.0,0.0,0.0,2.0,3.0,0.0,0.0,0.0,0.5,0.5,0.667,0.333,0.667,0.0,0.0,0.0
JT Benson,Available,NYM,Eastern League,AA,Yes,24.0,,2.0,4.2,1.0,103.1,34.0,0.0,137.1,7.81,120.0,119.98907566428736,115.7,4.0,0.0,0.0,0.0,0.0,0.0,2.0,1.0,1.0,0.167,0.125,0.125,0.0,1.0,0.0,0.333,0.667,0.5,0.0
Cristofer Gomez,Available,NYM,Eastern League,AA,Yes,23.0,,10.0,11.3,1.5,107.6,90.7,146.3,113.5,4.34,116.4,101.69474220269262,115.7,12.2,2.0,0.0,3.6,0.0,0.0,15.0,17.0,0.93,0.212,0.085,0.288,0.203,0.828,0.114,0.514,0.371,0.462,0.154
Eliazar Dishmey,Available,MIA,Southern League,AA,Yes,21.0,,16.0,28.0,4.4,117.5,217.0,169.4,101.1,3.88,107.9,120.73588839216418,115.5,63.3,4.0,1.0,3.3,16.0,0.0,71.0,92.0,1.06,0.269,0.102,0.324,0.222,0.742,0.231,0.364,0.406,0.259,0.069
Treyson Peters,Available,PIT,Eastern League,AA,Yes,23.0,,1.0,4.2,2.0,107.6,34.0,80.0,119.9,4.45,115.3,94.23481814901324,115.0,1.8,0.0,1.0,4.5,0.0,0.0,2.0,1.0,1.5,0.286,0.0,0.111,0.111,0.875,0.0,0.75,0.25,0.5,0.5
Sean Sullivan,Available,PIT,Eastern League,AA,Yes,25.0,,6.0,6.5,1.2,99.0,51.6,144.1,120.1,3.77,121.9,99.14545821389248,114.6,5.0,0.0,0.0,0.0,0.0,0.0,7.3,7.0,0.41,0.063,0.08,0.28,0.2,0.876,0.125,0.563,0.313,0.2,0.0
Tyler Bremner,Cant Park Here (MINORS),LAA,Southern League,AA,Yes,22.0,,4.0,33.8,5.0,112.1,261.4,209.8,100.0,3.38,111.0,98.14754749556838,114.6,18.0,2.0,2.0,3.6,4.0,0.0,20.0,28.0,1.0,0.289,0.075,0.35,0.275,0.734,0.244,0.356,0.4,0.333,0.056
Tanner Franklin,Bobby and the NitWitts (MINORS),STL,Texas League,AA,Yes,22.0,,5.0,33.2,5.3,111.4,283.2,157.7,106.3,4.7,111.3,108.2604216986181,114.4,28.5,2.0,0.0,3.76,5.0,0.0,26.3,34.0,1.33,0.338,0.096,0.298,0.202,0.766,0.203,0.359,0.438,0.179,0.071
Wilmy Sanchez,Available,NYY,Texas League,AA,Yes,22.0,,5.0,10.7,1.4,111.4,90.7,115.6,111.1,4.26,111.2,109.25936343928748,114.4,4.0,0.0,0.0,1.29,0.0,0.0,7.0,8.0,1.0,0.2,0.148,0.296,0.148,0.8,0.2,0.533,0.267,0.0,0.0
Johnny King,Available,TOR,Eastern League,AA,Yes,19.0,,4.0,26.9,4.5,130.3,214.7,121.8,92.5,4.37,95.7,104.8841420608622,114.4,15.8,0.0,1.0,1.5,4.0,0.0,18.0,22.0,1.0,0.205,0.141,0.31,0.169,0.675,0.324,0.27,0.405,0.133,0.0
Miguel Mendez,Available,SF,Texas League,AA,Yes,23.0,,11.0,16.3,3.2,106.6,139.0,107.0,116.6,5.29,115.2,139.37373524041976,114.3,36.4,2.0,2.0,4.93,11.0,0.0,34.7,38.0,1.44,0.347,0.111,0.248,0.137,0.84,0.16,0.457,0.383,0.194,0.0
Matt Wilkinson,Available,SF,Eastern League,AA,No,23.0,,9.0,29.7,4.8,107.6,237.0,158.5,109.3,4.15,114.0,140.55469020693383,114.1,43.0,3.0,2.0,1.87,9.0,0.0,43.3,49.0,0.83,0.212,0.079,0.299,0.22,0.798,0.182,0.384,0.434,0.302,0.047
Jarlin Susana,Cant Park Here (MINORS),WSH,Eastern League,AA,Yes,22.0,,3.0,18.5,2.6,112.5,147.8,214.0,97.9,2.67,109.6,138.1325917522155,113.9,1.0,0.0,1.0,4.7,3.0,0.0,7.7,15.0,1.3,0.357,0.108,0.405,0.297,0.714,0.214,0.714,0.071,0.0,1.0
Ben Grable,Available,WSH,Eastern League,AA,No,24.0,,33.0,10.2,1.1,103.1,81.8,199.6,108.2,3.54,117.1,147.00985442114745,113.8,37.3,2.0,1.0,2.5,0.0,3.0,36.0,53.0,0.97,0.272,0.081,0.358,0.277,0.79,0.197,0.342,0.461,0.171,0.029
Ryan Johnson,Available,LAA,Southern League,AA,No,23.0,,4.0,29.8,5.1,107.3,230.9,221.3,101.5,3.05,113.4,79.8600190180913,113.6,16.0,0.0,1.0,2.21,4.0,0.0,20.3,25.0,0.74,0.234,0.039,0.329,0.29,0.745,0.234,0.426,0.34,0.375,0.063
Irving Cota,Available,NYM,Eastern League,AA,Yes,22.0,,1.0,11.8,4.7,112.5,93.9,120.3,108.2,6.11,109.2,104.12524687053146,113.6,8.1,0.0,1.0,9.64,1.0,0.0,4.7,4.0,1.93,0.412,0.0,0.167,0.167,0.79,0.105,0.421,0.474,0.333,0.222
Derek Diamond,Available,PIT,Eastern League,AA,No,25.0,,5.0,19.3,2.0,99.0,154.2,292.6,101.0,1.74,120.2,102.3077330566348,113.5,4.0,2.0,0.0,0.0,0.0,1.0,10.0,13.0,0.2,0.105,0.0,0.406,0.406,0.737,0.263,0.526,0.211,0.25,0.0
Lucas Elissalt,Available,DET,Eastern League,AA,Yes,21.0,,4.0,25.5,3.4,117.9,203.7,247.2,88.4,2.11,104.6,106.03954275348866,113.5,9.3,0.0,1.0,3.29,4.0,0.0,13.7,26.0,1.46,0.469,0.063,0.406,0.343,0.645,0.323,0.387,0.29,0.222,0.111
Felix Cepeda,Available,NYM,Eastern League,AA,Yes,25.0,,1.0,3.0,1.0,99.0,24.0,0.0,137.1,7.31,120.0,90.357143210246,113.4,2.0,0.0,0.0,0.0,0.0,0.0,1.0,0.0,0.0,0.0,0.0,0.0,0.0,1.0,0.0,0.333,0.667,0.0,0.0
Nolan Sparks,Available,STL,Texas League,AA,Yes,23.0,,15.0,8.9,1.1,106.6,76.2,218.6,102.1,3.74,113.7,102.51707779239604,113.4,15.4,0.0,0.0,1.65,0.0,1.0,16.3,25.0,1.04,0.286,0.088,0.368,0.28,0.735,0.235,0.324,0.441,0.2,0.067
Sean Paul Liñan,Available,NYY,Eastern League,AA,Yes,21.0,,2.0,15.1,4.0,117.9,120.8,87.9,106.5,5.79,104.4,98.13709478210804,113.4,9.6,0.0,0.0,7.88,2.0,0.0,8.0,8.0,1.88,0.385,0.073,0.195,0.122,0.777,0.148,0.481,0.37,0.2,0.2
Liam Paddack,Available,CHW,Southern League,AA,Yes,22.0,,22.0,10.9,1.4,112.1,84.6,99.2,110.4,4.5,109.0,96.72620334007992,113.3,10.0,4.0,1.0,3.19,0.0,0.0,31.0,46.0,1.58,0.362,0.203,0.333,0.13,0.81,0.19,0.638,0.172,0.3,0.0
Robert Cranz,Available,WSH,Eastern League,AA,No,23.0,,22.0,10.6,1.2,107.6,84.9,209.0,101.7,3.52,112.4,118.6653174528788,113.1,27.0,3.0,2.0,3.55,0.0,3.0,25.3,38.0,1.07,0.293,0.065,0.355,0.29,0.742,0.207,0.328,0.466,0.296,0.111
Justin Armbruester,Available,NYM,Eastern League,AA,Yes,27.0,,14.0,8.1,1.1,91.7,64.9,207.5,116.9,3.71,125.5,88.64823212336347,113.0,16.5,1.0,0.0,0.59,0.0,0.0,15.3,20.0,0.85,0.286,0.051,0.339,0.288,0.853,0.147,0.382,0.471,0.375,0.0
Javen Coleman,Available,TOR,Eastern League,AA,No,24.0,,18.0,13.7,1.4,103.1,109.4,210.4,105.7,3.23,116.0,167.5,113.0,20.9,1.0,1.0,2.88,0.0,6.0,25.0,37.0,1.2,0.362,0.057,0.349,0.292,0.771,0.18,0.459,0.361,0.182,0.136
Jacob Kisting,Available,MIA,Southern League,AA,Yes,23.0,,5.0,36.1,4.8,107.3,280.0,184.6,104.7,3.63,112.5,110.49978305443749,113.0,16.0,4.0,0.0,1.88,5.0,0.0,24.0,31.0,1.04,0.304,0.071,0.313,0.242,0.768,0.214,0.5,0.286,0.125,0.063
Jacob Bresnahan,Available,SF,Eastern League,AA,Yes,21.0,,2.0,16.0,4.5,117.9,127.8,62.7,108.8,5.44,103.9,106.71988355734204,113.0,10.0,0.0,1.0,9.0,2.0,0.0,9.0,10.0,2.22,0.448,0.13,0.217,0.087,0.793,0.172,0.483,0.345,0.3,0.1
Luis Gutierrez,Available,SDP,Texas League,AA,Yes,22.0,,6.0,17.1,3.2,111.4,145.9,145.2,104.9,3.89,108.8,129.31485104152063,112.8,12.2,1.0,2.0,4.19,6.0,0.0,19.3,22.0,1.29,0.34,0.086,0.272,0.186,0.756,0.224,0.531,0.245,0.083,0.083
DJ Herz,Available,WSH,Eastern League,AA,No,25.0,,2.0,11.6,2.0,99.0,92.9,96.6,121.8,5.42,118.7,91.25299578963696,112.5,5.0,0.0,0.0,0.0,2.0,0.0,4.0,4.0,0.75,0.111,0.133,0.267,0.134,0.889,0.111,0.333,0.556,0.6,0.0
Hurston Waldrep,Available,ATL,Southern League,AA,No,24.0,,1.0,11.2,3.7,102.8,87.1,152.6,111.5,4.83,115.3,97.7475910625232,112.3,3.6,0.0,0.0,9.82,1.0,0.0,3.7,3.0,0.82,0.2,0.0,0.2,0.2,0.818,0.091,0.545,0.364,0.0,0.25
Braylon Owens,Available,MIL,Southern League,AA,Yes,23.0,,7.0,24.5,4.3,107.3,189.8,128.2,109.9,4.67,111.4,100.7964769020154,112.2,30.0,1.0,1.0,4.5,5.0,0.0,30.0,39.0,1.4,0.319,0.13,0.298,0.168,0.806,0.167,0.417,0.417,0.333,0.067
Jacob Kmatz,Available,LAD,Texas League,AA,Yes,23.0,,11.0,10.4,1.4,106.6,88.7,239.7,97.5,2.79,111.8,113.52648732030964,112.1,11.3,0.0,0.0,1.72,0.0,0.0,15.7,21.0,1.02,0.342,0.032,0.339,0.307,0.702,0.27,0.432,0.297,0.364,0.091
Gary Gill Hill,Available,NYM,Southern League,AA,No,21.0,,15.0,22.9,5.4,117.5,177.5,103.8,102.0,4.66,102.2,103.22335633024647,111.7,76.7,4.0,3.0,4.43,15.0,0.0,81.3,61.0,1.39,0.35,0.041,0.177,0.136,0.749,0.214,0.485,0.302,0.152,0.127
Hunter Mann,Available,COL,Eastern League,AA,Yes,24.0,,9.0,8.5,1.3,103.1,67.7,161.4,108.8,4.02,113.8,102.60066959834737,111.5,13.4,1.0,2.0,6.0,0.0,0.0,12.0,17.0,1.58,0.4,0.069,0.293,0.224,0.794,0.176,0.441,0.382,0.154,0.077
Adrian Bohorquez,Available,MIN,Texas League,AA,Yes,21.0,,3.0,22.5,4.0,116.7,191.6,120.2,100.5,5.09,102.5,99.57505522701474,111.5,12.0,0.0,1.0,1.5,3.0,0.0,12.0,14.0,1.17,0.207,0.115,0.269,0.154,0.724,0.207,0.379,0.414,0.417,0.167
Marino Santy,Available,CHC,Southern League,AA,Yes,24.0,,36.0,11.2,1.4,102.8,87.1,125.9,112.9,4.29,113.8,106.19960520871558,111.4,36.3,2.0,3.0,3.71,0.0,7.0,51.0,71.0,1.37,0.295,0.152,0.317,0.165,0.828,0.143,0.533,0.324,0.176,0.088
Wande Torres,Available,MIL,Southern League,AA,Yes,21.0,,1.0,31.0,5.0,117.5,240.1,0.0,113.5,6.29,101.8,102.12533152888956,111.4,4.0,1.0,0.0,0.0,0.0,0.0,5.0,3.0,0.8,0.083,0.158,0.158,0.0,0.833,0.167,0.5,0.333,0.25,0.0
Duncan Pastore,Available,NYY,Eastern League,AA,Yes,26.0,,1.0,2.0,0.7,95.2,16.0,0.0,137.1,10.88,120.0,88.40434999680042,111.3,1.0,0.0,0.0,0.0,0.0,0.0,0.7,0.0,0.0,0.0,0.0,0.0,0.0,1.0,0.0,0.5,0.5,0.0,0.0
Isaac Lyon,Available,WSH,Eastern League,AA,No,22.0,,15.0,25.3,4.9,112.5,202.0,108.8,105.6,4.21,105.8,118.4759251584901,111.3,60.2,6.0,4.0,3.79,12.0,1.0,73.7,64.0,1.21,0.302,0.059,0.21,0.151,0.771,0.202,0.518,0.28,0.148,0.098
Dedniel Núñez,Available,NYM,Eastern League,AA,No,30.0,,2.0,4.4,1.0,82.5,35.0,103.1,137.1,5.38,130.3,127.853136700128,111.2,3.0,0.0,0.0,0.0,0.0,0.0,2.0,1.0,0.5,0.167,0.0,0.143,0.143,1.0,0.0,0.5,0.5,0.667,0.0
Michael Caldon,Available,BAL,Eastern League,AA,Yes,23.0,,5.0,6.3,1.3,107.6,50.3,0.0,121.8,5.85,109.0,83.23816429425065,110.8,5.3,0.0,1.0,2.84,0.0,0.0,6.3,5.0,1.58,0.263,0.172,0.172,0.0,0.889,0.111,0.611,0.278,0.2,0.0
Micah Ashman,Available,BAL,Eastern League,AA,Yes,23.0,,34.0,12.9,1.4,107.6,102.7,229.2,95.3,2.39,108.9,119.98907566428736,110.7,28.7,2.0,2.0,1.86,1.0,4.0,48.3,77.0,1.14,0.365,0.071,0.389,0.318,0.696,0.276,0.448,0.276,0.138,0.103
Augusto Mendieta,Available,KC,Texas League,AA,Yes,21.0,,37.0,9.4,1.6,116.7,79.9,142.1,96.5,4.35,101.1,108.91724820487198,110.6,43.5,5.0,8.0,5.13,0.0,1.0,59.7,76.0,1.44,0.342,0.106,0.288,0.182,0.695,0.252,0.45,0.298,0.133,0.178
Jack Mahoney,Available,COL,Eastern League,AA,No,24.0,,13.0,30.6,5.2,103.1,244.3,103.1,113.7,4.1,112.2,127.53229326769724,110.5,47.5,7.0,1.0,1.99,13.0,0.0,68.0,64.0,1.26,0.316,0.085,0.228,0.143,0.829,0.16,0.59,0.25,0.34,0.043
Moises Rodriguez,Available,DET,Eastern League,AA,Yes,24.0,,28.0,9.4,1.5,103.1,75.2,68.5,117.7,5.07,112.2,89.10030069381367,110.5,32.3,3.0,1.0,3.02,0.0,2.0,41.7,35.0,1.06,0.206,0.112,0.207,0.095,0.859,0.113,0.585,0.302,0.063,0.094
Lucas Mahlstedt,Available,LAA,Southern League,AA,Yes,23.0,,40.0,9.0,1.4,107.3,69.9,147.2,104.7,4.03,108.8,143.23869208707077,110.5,47.3,3.0,1.0,3.44,0.0,0.0,55.0,62.0,1.25,0.336,0.079,0.272,0.193,0.768,0.211,0.458,0.331,0.404,0.064
Caden Hunter,Hand Foot Mouth Disease Guys (MINORS),BAL,Eastern League,AA,Yes,22.0,,6.0,34.3,5.2,112.5,274.0,171.5,96.7,3.64,104.3,105.3298328364742,110.4,24.7,2.0,2.0,3.48,6.0,0.0,31.0,45.0,1.19,0.299,0.108,0.346,0.238,0.706,0.25,0.382,0.368,0.24,0.12
Matt Jachec,Available,CLE,Eastern League,AA,No,24.0,,18.0,12.0,1.5,103.1,95.9,175.1,104.6,3.82,111.5,163.18205351225808,110.0,21.0,2.0,0.0,2.05,0.0,1.0,26.3,36.0,0.99,0.236,0.093,0.336,0.243,0.763,0.182,0.436,0.382,0.19,0.143
Miguel Mendez,Available,SF,Eastern League,AA,Yes,23.0,,3.0,17.0,3.0,107.6,135.8,166.5,101.3,4.53,107.8,139.37373524041976,110.0,11.0,0.0,0.0,4.0,3.0,0.0,9.0,12.0,1.33,0.391,0.077,0.308,0.231,0.739,0.261,0.261,0.478,0.273,0.0
JT Quinn,Available,BAL,Eastern League,AA,Yes,22.0,,4.0,28.2,4.5,112.5,225.2,92.2,105.0,3.66,103.6,109.69506569087396,109.9,5.9,2.0,0.0,2.5,4.0,0.0,18.0,20.0,1.39,0.283,0.128,0.256,0.128,0.766,0.191,0.681,0.128,0.333,0.333
Jared Jones,Lászlaró Tóth (ACTIVE),PIT,Eastern League,AA,No,24.0,,2.0,26.0,4.2,103.1,207.7,202.5,101.0,2.79,111.1,167.5,109.8,5.0,0.0,0.0,2.16,2.0,0.0,8.3,11.0,0.96,0.316,0.063,0.344,0.281,0.737,0.263,0.474,0.263,0.0,0.0
Jacob Kmatz,Available,LAD,Southern League,AA,Yes,23.0,,15.0,12.1,1.6,107.3,93.9,198.4,97.3,3.32,107.5,113.52648732030964,109.6,19.3,2.0,1.0,3.65,0.0,2.0,24.7,29.0,0.93,0.241,0.042,0.302,0.26,0.714,0.206,0.46,0.333,0.238,0.238
David Hagaman,Available,ARI,Texas League,AA,Yes,23.0,,6.0,32.2,5.1,106.6,274.3,198.3,97.7,3.58,107.8,107.4498023152629,109.5,24.3,1.0,2.0,2.97,6.0,0.0,30.3,43.0,1.29,0.362,0.087,0.341,0.254,0.704,0.254,0.394,0.352,0.24,0.12
Tanner Bauman,Available,ATL,Eastern League,AA,Yes,24.0,,1.0,20.2,2.3,103.1,161.8,80.0,114.2,5.55,110.3,95.1423646428852,109.2,3.0,1.0,0.0,0.0,0.0,0.0,2.3,2.0,1.29,0.333,0.111,0.222,0.111,0.833,0.167,0.333,0.5,0.0,0.0
Dalton Pence,Available,TEX,Texas League,AA,No,23.0,,11.0,28.7,5.0,106.6,244.1,128.0,105.3,4.94,107.4,118.06264335161336,109.2,58.4,2.0,2.0,2.77,10.0,0.0,55.3,61.0,1.21,0.27,0.099,0.263,0.164,0.759,0.2,0.386,0.414,0.467,0.1
Joseph Dzierwa,The Hot and Steamy Boys (MINORS),BAL,Eastern League,AA,Yes,22.0,,17.0,29.1,5.0,112.5,232.4,162.1,95.6,3.8,102.4,116.88942784645778,109.1,73.3,3.0,1.0,2.43,15.0,0.0,85.3,95.0,0.96,0.268,0.056,0.281,0.225,0.698,0.274,0.382,0.344,0.205,0.082
Estibenzon Jimenez,Available,PHI,Eastern League,AA,Yes,24.0,,26.0,11.9,1.1,103.1,95.2,126.8,108.0,4.06,109.6,97.76202670735458,108.7,23.2,5.0,0.0,2.12,0.0,7.0,29.7,34.0,1.25,0.284,0.084,0.26,0.176,0.788,0.175,0.538,0.287,0.043,0.13
Steven Echavarria,Available,ATH,Texas League,AA,Yes,20.0,,4.0,26.7,4.7,122.6,227.3,182.7,82.8,3.73,93.3,97.3429765876445,108.6,15.7,1.0,0.0,5.3,4.0,0.0,18.7,24.0,1.55,0.417,0.062,0.296,0.234,0.596,0.327,0.346,0.327,0.176,0.235
Esmerlin Vinicio,Available,SF,Eastern League,AA,Yes,23.0,,6.0,12.5,1.9,107.6,100.2,54.0,111.6,5.93,105.5,103.8173138431924,108.4,12.4,1.0,0.0,4.63,0.0,0.0,11.7,14.0,1.29,0.179,0.189,0.264,0.075,0.814,0.185,0.37,0.444,0.083,0.0
Mavis Graves,Available,PHI,Eastern League,AA,Yes,22.0,,12.0,13.3,1.4,112.5,106.2,138.4,97.2,4.06,101.4,106.61869977402412,108.4,9.0,1.0,0.0,1.08,0.0,1.0,16.7,27.0,1.32,0.29,0.178,0.37,0.192,0.709,0.29,0.419,0.29,0.444,0.0
Juan Rojas,Available,BAL,Eastern League,AA,Yes,22.0,,17.0,7.2,1.4,112.5,57.5,77.8,103.9,5.67,101.1,87.93689163931707,108.3,24.4,0.0,1.0,6.66,1.0,0.0,24.3,33.0,1.77,0.349,0.165,0.273,0.108,0.758,0.226,0.387,0.387,0.167,0.042
Ruddy Gomez,Available,MIN,Texas League,AA,No,26.0,,13.0,14.3,1.6,94.3,122.0,224.9,104.2,2.78,116.1,163.08817712661642,108.2,11.2,0.0,0.0,3.0,0.0,3.0,21.0,34.0,1.29,0.367,0.074,0.362,0.288,0.75,0.208,0.563,0.229,0.273,0.182
Yunior Marte,Available,SFG,Eastern League,AA,Yes,22.0,,13.0,26.0,4.9,112.5,208.0,131.9,97.6,4.06,101.1,104.91937067866628,108.2,56.9,2.0,4.0,3.92,13.0,0.0,64.3,72.0,1.34,0.327,0.081,0.264,0.183,0.712,0.241,0.425,0.333,0.121,0.138
Luke Stofel,Available,DET,Eastern League,AA,Yes,24.0,,1.0,-0.2,1.0,103.1,-2.0,103.1,109.6,3.45,108.7,96.73213077876474,108.1,1.2,0.0,0.0,9.0,0.0,0.0,1.0,1.0,3.0,0.5,0.0,0.143,0.143,0.8,0.2,0.6,0.2,0.0,0.0
Jackson Brockett,Available,CHC,Southern League,AA,Yes,23.0,,4.0,13.1,2.8,107.3,101.7,58.7,110.8,4.25,105.3,114.54904500218755,108.1,3.9,1.0,1.0,8.18,1.0,0.0,11.0,12.0,1.82,0.355,0.154,0.231,0.077,0.813,0.156,0.719,0.125,0.5,0.25
Gage Wood,Lászlaró Tóth (MINORS),PHI,Eastern League,AA,Yes,22.0,,16.0,23.6,4.0,112.5,188.5,198.9,89.4,3.07,100.6,117.24173316343692,107.9,43.4,0.0,3.0,4.81,16.0,0.0,63.7,94.0,1.29,0.349,0.065,0.341,0.276,0.652,0.265,0.439,0.297,0.109,0.283
Mathias LaCombe,Available,CHW,Southern League,AA,Yes,24.0,,14.0,8.3,1.2,102.8,64.2,117.5,107.1,5.28,108.0,122.42964208550814,107.5,15.6,0.0,0.0,6.48,1.0,0.0,16.7,22.0,1.44,0.317,0.128,0.282,0.154,0.786,0.19,0.429,0.381,0.063,0.063
Ryan Jensen,Available,CHC,Southern League,AA,No,28.0,,1.0,3.0,1.0,88.1,23.2,0.0,136.3,5.47,120.0,93.13294582618454,107.4,1.0,0.0,0.0,0.0,0.0,0.0,1.0,0.0,0.0,0.0,0.0,0.0,0.0,1.0,0.0,0.667,0.333,0.0,0.0
Nathan Blasick,Available,COL,Eastern League,AA,Yes,25.0,,10.0,5.1,1.3,99.0,40.7,10.8,123.0,5.81,111.1,106.45344740980674,107.4,8.8,0.0,2.0,5.54,0.0,0.0,13.0,12.0,2.0,0.368,0.175,0.19,0.015,0.897,0.077,0.692,0.231,0.222,0.111
Tucker Musgrove,Available,SD,Texas League,AA,Yes,24.0,,15.0,8.1,1.0,102.1,68.7,184.3,100.0,4.33,108.4,125.32189536064293,107.4,12.0,0.0,2.0,2.93,0.0,1.0,15.3,28.0,1.3,0.28,0.176,0.412,0.236,0.72,0.24,0.28,0.48,0.417,0.083
Colby Langford,Available,HOU,Texas League,AA,Yes,24.0,,6.0,5.5,0.9,102.1,46.8,144.4,104.1,6.1,108.0,95.56318033610802,107.1,8.7,0.0,0.0,3.38,0.0,0.0,5.3,9.0,1.88,0.462,0.148,0.333,0.185,0.75,0.25,0.083,0.667,0.125,0.0
Noah Murdock,Available,PIT,Eastern League,AA,No,27.0,,9.0,10.8,1.5,91.7,86.5,122.5,116.3,3.54,116.4,111.18468713597264,107.0,4.9,2.0,1.0,4.61,1.0,1.0,13.7,14.0,1.02,0.25,0.094,0.264,0.17,0.849,0.121,0.727,0.152,0.2,0.2
Jake Bloss,Available,TOR,Eastern League,AA,No,25.0,,1.0,19.5,3.7,99.0,155.8,180.2,102.8,3.99,110.5,108.58257005714376,107.0,3.5,0.0,1.0,7.36,1.0,0.0,3.7,6.0,1.64,0.429,0.125,0.375,0.25,0.75,0.125,0.375,0.5,0.25,0.25
Lucas Kelly,Available,SEA,Texas League,AA,Yes,22.0,,15.0,8.4,1.3,111.4,71.5,149.1,94.5,5.09,100.1,106.87521399028968,107.0,24.5,0.0,1.0,5.03,0.0,1.0,19.7,26.0,1.32,0.304,0.119,0.31,0.191,0.68,0.277,0.191,0.532,0.32,0.08
Rory Fox,Available,NYY,Eastern League,AA,Yes,22.0,,7.0,25.0,5.7,112.5,200.0,103.8,98.7,4.13,99.2,97.8604800021269,107.0,33.0,1.0,1.0,4.73,6.0,0.0,40.0,35.0,1.38,0.336,0.058,0.202,0.144,0.72,0.256,0.48,0.264,0.212,0.091
Sawyer Hawks,Available,ARI,Texas League,AA,Yes,23.0,,10.0,10.2,1.4,106.6,86.7,118.7,102.2,4.54,103.8,100.37704909770096,106.8,10.4,1.0,0.0,2.57,0.0,1.0,14.0,17.0,1.36,0.281,0.136,0.288,0.152,0.736,0.206,0.471,0.324,0.273,0.182
Channing Austin,Available,NYM,Eastern League,AA,Yes,24.0,,7.0,11.4,2.5,103.1,90.7,87.2,109.0,5.78,106.6,108.41082850495852,106.7,22.0,0.0,1.0,4.67,7.0,0.0,17.3,18.0,1.27,0.273,0.122,0.243,0.121,0.795,0.182,0.318,0.5,0.409,0.045
Victor Diaz,Available,CIN,Southern League,AA,Yes,23.0,,6.0,4.7,1.5,107.3,36.1,32.0,111.5,7.52,103.2,110.49648980526642,106.7,16.0,0.0,2.0,10.0,0.0,0.0,9.0,8.0,2.22,0.424,0.125,0.167,0.042,0.818,0.182,0.333,0.485,0.313,0.0
Daniel Guerra,Available,TOR,Eastern League,AA,No,22.0,,3.0,12.0,1.3,112.5,95.9,360.3,68.6,1.24,98.7,101.21668276795396,106.7,2.5,0.0,0.0,2.25,0.0,0.0,4.0,9.0,1.0,0.4,0.063,0.563,0.5,0.5,0.333,0.167,0.5,0.0,0.333
Jake Irvin,Available,WSH,Eastern League,AA,Yes,29.0,,2.0,25.8,4.2,85.3,205.7,198.9,112.8,3.05,121.0,97.56498902828594,106.6,4.2,0.0,0.0,0.0,2.0,0.0,8.3,9.0,0.24,0.056,0.034,0.31,0.276,0.823,0.176,0.588,0.235,0.25,0.0
Andrew Sears,Available,DET,Eastern League,AA,No,23.0,,9.0,21.2,3.9,107.6,169.8,120.3,100.7,4.67,102.6,97.78624516071936,106.6,37.0,2.0,2.0,2.57,7.0,0.0,35.0,35.0,1.11,0.277,0.076,0.243,0.167,0.735,0.245,0.362,0.394,0.243,0.054
Nolan Perry,Bobby and the NitWitts (MINORS),TOR,Eastern League,AA,Yes,22.0,,8.0,19.3,3.4,112.5,154.3,127.6,95.3,4.33,98.7,104.47858377218648,106.6,20.9,0.0,1.0,2.67,8.0,0.0,27.0,33.0,1.11,0.232,0.131,0.308,0.177,0.695,0.254,0.373,0.373,0.273,0.136
Alex Young,Available,WSH,Eastern League,AA,No,32.0,,2.0,14.8,1.2,77.3,117.8,450.4,91.4,-0.69,127.6,82.01044968889782,106.5,0.0,1.0,0.0,0.0,1.0,0.0,2.3,5.0,0.86,0.667,0.0,0.625,0.625,0.667,0.333,0.667,0.0,0.0,0.0
Ben Johnson,Available,CHC,Southern League,AA,Yes,24.0,,2.0,12.9,2.5,102.8,99.7,103.8,107.1,5.44,106.5,101.10342886722574,106.5,7.0,1.0,0.0,5.4,0.0,0.0,5.0,5.0,1.4,0.286,0.091,0.227,0.136,0.786,0.143,0.357,0.5,0.286,0.143
Brooks Caple,Available,CHC,Southern League,AA,Yes,23.0,,16.0,25.7,5.0,107.3,199.0,128.2,99.9,4.62,102.8,115.39289414350768,106.5,83.2,4.0,4.0,3.38,15.0,0.0,80.0,77.0,1.1,0.275,0.076,0.244,0.168,0.733,0.228,0.364,0.408,0.167,0.095
Blake Burkhalter,Available,ATL,Southern League,AA,No,25.0,,6.0,8.4,1.1,98.7,65.2,199.1,99.9,3.33,109.9,100.25175124445066,106.4,5.0,0.0,0.0,0.0,0.0,0.0,6.3,7.0,0.95,0.333,0.043,0.304,0.261,0.733,0.267,0.4,0.333,0.0,0.0
Cedric De Grandpre,Available,ATL,Southern League,AA,No,24.0,,6.0,34.5,5.2,102.8,267.2,164.8,99.8,3.48,106.3,99.0772013649648,106.3,15.8,4.0,1.0,3.48,6.0,0.0,31.0,39.0,1.03,0.271,0.096,0.312,0.216,0.732,0.254,0.521,0.225,0.25,0.063
Bernard Jose,Available,SD,Texas League,AA,Yes,23.0,,16.0,9.2,1.7,106.6,78.3,64.0,107.7,5.85,103.1,81.52260269941374,106.3,30.3,1.0,0.0,5.67,0.0,1.0,27.0,24.0,1.48,0.282,0.116,0.198,0.082,0.776,0.175,0.438,0.388,0.29,0.129
Devin Futrell,Available,BOS,Eastern League,AA,Yes,23.0,,5.0,30.4,5.6,107.6,243.3,160.7,95.5,3.94,102.2,99.38494042845224,106.3,30.2,2.0,0.0,4.5,5.0,0.0,28.0,30.0,1.39,0.393,0.025,0.248,0.223,0.697,0.267,0.372,0.36,0.194,0.097
Eriq Swan,Available,WSH,Eastern League,AA,Yes,24.0,,6.0,9.8,1.7,103.1,78.2,119.6,104.4,4.01,105.8,95.85115131483356,106.2,6.0,0.0,0.0,4.5,2.0,0.0,10.0,14.0,1.3,0.286,0.167,0.333,0.166,0.762,0.238,0.476,0.286,0.5,0.0
Cole Hertzler,Available,HOU,Texas League,AA,Yes,23.0,,12.0,15.8,3.4,106.6,134.7,82.0,105.5,5.91,102.9,113.81187501559484,106.2,44.3,1.0,3.0,4.2,11.0,0.0,40.7,39.0,1.2,0.194,0.123,0.228,0.105,0.76,0.154,0.394,0.452,0.255,0.191
Kelena Sauer,Available,TOR,Eastern League,AA,Yes,23.0,,30.0,6.9,1.3,107.6,54.9,92.2,103.4,5.23,102.2,107.86967111183247,106.2,42.6,1.0,4.0,7.26,0.0,3.0,39.7,40.0,1.59,0.331,0.086,0.214,0.128,0.754,0.18,0.459,0.361,0.136,0.182
Brock Moore,Available,BAL,Eastern League,AA,Yes,26.0,,9.0,10.8,1.3,95.2,86.1,137.6,109.6,3.68,112.2,136.13726407461002,106.1,7.0,2.0,1.0,6.35,0.0,1.0,11.3,15.0,1.41,0.36,0.128,0.319,0.191,0.8,0.16,0.56,0.28,0.286,0.143
Aidan Curry,Available,TEX,Texas League,AA,No,23.0,,14.0,25.8,4.8,106.6,219.8,134.3,99.2,4.35,102.8,99.53821049244613,106.1,52.0,3.0,3.0,5.64,13.0,0.0,67.0,83.0,1.36,0.327,0.12,0.292,0.172,0.715,0.261,0.418,0.321,0.189,0.075
Cody Adcock,Available,CIN,Southern League,AA,Yes,24.0,,22.0,12.8,1.6,102.8,99.1,123.6,103.9,4.71,105.8,113.11040410441488,106.0,31.2,5.0,2.0,3.6,0.0,4.0,35.0,45.0,1.26,0.244,0.13,0.292,0.162,0.762,0.19,0.429,0.381,0.188,0.125
Danny Thompson Jr.,Available,TOR,Eastern League,AA,Yes,23.0,,12.0,23.2,4.4,107.6,185.6,132.6,98.4,4.4,101.8,106.48986893689408,106.0,50.3,1.0,3.0,3.06,11.0,0.0,53.0,56.0,1.08,0.265,0.074,0.258,0.184,0.718,0.246,0.384,0.37,0.196,0.098
Michael Perez,Available,MIA,Southern League,AA,Yes,23.0,,5.0,6.3,1.4,107.3,49.2,218.2,88.6,2.91,101.9,99.25240974791885,105.9,5.4,0.0,0.0,5.14,0.0,0.0,7.0,8.0,1.0,0.278,0.0,0.286,0.286,0.65,0.25,0.45,0.3,0.0,0.333
Justin Campbell,Available,CLE,Eastern League,AA,No,25.0,,9.0,23.6,4.1,99.0,188.6,103.8,109.4,4.31,108.6,122.51397965391148,105.8,26.4,1.0,2.0,2.7,9.0,0.0,36.7,44.0,1.25,0.271,0.145,0.289,0.144,0.798,0.19,0.5,0.31,0.423,0.038
Steven Brooks,Available,BOS,Eastern League,AA,Yes,23.0,,8.0,9.8,1.9,107.6,78.1,60.5,106.2,5.42,101.5,106.48418575566096,105.8,12.0,1.0,1.0,4.2,2.0,0.0,15.0,17.0,1.67,0.325,0.155,0.239,0.084,0.775,0.2,0.5,0.3,0.583,0.083
Koen Moreno,Available,CHC,Southern League,AA,Yes,24.0,,4.0,8.2,2.2,102.8,63.9,17.5,115.4,6.67,105.2,99.02199202862516,105.6,11.6,0.0,0.0,7.0,1.0,0.0,9.0,8.0,1.78,0.28,0.167,0.19,0.023,0.847,0.077,0.462,0.462,0.25,0.167
Josh Randall,Available,WSH,Eastern League,AA,Yes,23.0,,16.0,23.6,5.0,107.6,188.6,95.1,101.8,4.67,101.1,101.49580544910962,105.6,66.8,4.0,6.0,5.45,13.0,1.0,79.3,77.0,1.37,0.29,0.089,0.221,0.132,0.743,0.187,0.505,0.308,0.273,0.227
Pierce George,Available,CHW,Southern League,AA,Yes,23.0,,23.0,9.1,1.3,107.3,70.8,98.4,101.7,5.33,101.4,109.90692988751036,105.5,31.2,5.0,2.0,5.59,0.0,1.0,29.0,32.0,1.41,0.286,0.115,0.244,0.129,0.746,0.203,0.392,0.405,0.25,0.125
Jackson Cox,Available,COL,Eastern League,AA,Yes,22.0,,8.0,27.4,4.9,112.5,219.2,110.3,95.0,5.16,96.7,105.46557281947024,105.3,40.2,2.0,3.0,4.15,8.0,0.0,39.0,47.0,1.28,0.247,0.134,0.287,0.153,0.693,0.231,0.297,0.473,0.256,0.163
Michael Kennedy,Available,CLE,Eastern League,AA,Yes,21.0,,7.0,11.8,2.0,117.9,94.2,96.6,91.4,4.46,92.2,103.99233013539336,105.3,10.7,1.0,1.0,3.77,0.0,0.0,14.3,16.0,1.4,0.314,0.133,0.267,0.134,0.667,0.306,0.389,0.306,0.091,0.091
Gabe Davis,Available,NYM,Southern League,AA,Yes,22.0,,10.0,12.3,3.5,112.1,95.3,92.3,97.2,5.36,96.8,109.38053324510368,105.2,39.8,0.0,5.0,8.31,10.0,0.0,34.7,37.0,1.85,0.36,0.102,0.223,0.121,0.713,0.185,0.417,0.398,0.233,0.256
Yondrei Rojas,Available,TOR,Eastern League,AA,No,23.0,,35.0,7.4,1.2,107.6,59.5,80.7,102.8,5.26,100.5,167.5,105.1,44.6,5.0,4.0,5.53,0.0,4.0,42.3,38.0,1.42,0.309,0.091,0.203,0.112,0.75,0.21,0.427,0.363,0.156,0.111
Justin Lamkin,Available,KC,Texas League,AA,Yes,22.0,,2.0,36.1,5.7,111.4,307.7,217.8,83.3,3.24,97.3,101.40220793067554,105.1,7.4,1.0,1.0,3.97,2.0,0.0,11.3,15.0,0.97,0.261,0.07,0.349,0.279,0.6,0.32,0.36,0.32,0.625,0.25
Aidan Foeller,Available,LAD,Texas League,AA,Yes,24.0,,7.0,23.3,3.8,102.1,198.3,108.5,104.6,4.89,104.8,112.29236072404936,105.0,20.7,2.0,1.0,1.37,5.0,0.0,26.3,29.0,1.37,0.309,0.113,0.252,0.139,0.753,0.217,0.478,0.304,0.238,0.095
Ryan Degges,Available,CLE,Eastern League,AA,Yes,23.0,,6.0,21.1,4.5,107.6,168.8,67.7,104.1,5.27,100.4,87.4673500917727,105.0,27.4,0.0,0.0,3.33,6.0,0.0,27.0,25.0,1.37,0.289,0.12,0.214,0.094,0.76,0.227,0.413,0.36,0.185,0.037
Ben Hansen,Available,ATH,Texas League,AA,Yes,24.0,,9.0,23.4,3.9,102.1,199.2,103.8,105.0,4.77,104.7,100.96632280025588,104.9,24.3,3.0,0.0,2.57,4.0,0.0,35.0,35.0,1.09,0.253,0.113,0.246,0.133,0.756,0.244,0.477,0.279,0.167,0.0
Jacob Edwards,Available,CIN,Southern League,AA,Yes,25.0,,2.0,10.1,2.7,98.7,78.4,66.4,112.2,5.7,107.3,97.25721077210486,104.7,6.2,0.0,1.0,3.38,0.0,0.0,5.3,4.0,1.31,0.2,0.087,0.174,0.087,0.823,0.059,0.529,0.412,0.143,0.286
Luis Martinez-Gomez,Available,CHC,Southern League,AA,Yes,23.0,,12.0,19.9,3.9,107.3,154.3,103.0,99.7,5.19,100.1,135.33038677940758,104.7,46.6,1.0,3.0,4.86,8.0,2.0,46.3,48.0,1.25,0.239,0.105,0.24,0.135,0.732,0.195,0.407,0.398,0.184,0.184
Evan Yates,Available,BAL,Eastern League,AA,Yes,23.0,,20.0,19.7,4.6,107.6,157.1,69.2,103.4,5.61,99.9,99.123666271045,104.7,106.8,4.0,6.0,5.2,19.0,0.0,91.7,80.0,1.41,0.284,0.096,0.192,0.096,0.754,0.21,0.406,0.384,0.25,0.093
P.J. Labriola,Available,BOS,Eastern League,AA,Yes,25.0,,1.0,14.5,1.3,99.0,115.8,144.1,102.8,3.49,106.9,85.56834629989633,104.6,1.0,1.0,0.0,0.0,0.0,0.0,1.3,1.0,1.5,0.5,0.0,0.2,0.2,0.75,0.25,0.5,0.25,0.0,0.0
Teddy McGraw,Available,SEA,Texas League,AA,Yes,24.0,,24.0,6.3,1.2,102.1,53.3,88.2,106.3,4.94,104.3,107.70755875137029,104.6,20.9,3.0,1.0,4.71,0.0,1.0,28.7,22.0,1.15,0.26,0.078,0.191,0.113,0.765,0.185,0.543,0.272,0.136,0.182
Nate Snead,Available,LAA,Southern League,AA,Yes,22.0,,15.0,17.7,4.4,112.1,137.1,71.0,98.8,5.46,96.0,118.8398249421241,104.6,75.6,3.0,5.0,4.61,15.0,0.0,66.3,47.0,1.24,0.258,0.076,0.169,0.093,0.724,0.227,0.391,0.382,0.228,0.127
Brett Sears,Available,ATL,Southern League,AA,No,26.0,,17.0,32.9,5.6,94.9,254.9,182.3,102.0,3.52,110.0,163.9419987295689,104.5,74.1,5.0,4.0,3.33,15.0,0.0,94.7,113.0,1.08,0.304,0.058,0.297,0.239,0.749,0.209,0.47,0.322,0.189,0.135
Jonatan Bernal,Available,ARI,Texas League,AA,No,24.0,,13.0,17.9,2.5,102.1,152.7,178.0,95.7,3.53,104.0,157.0364034138974,104.5,17.3,2.0,1.0,2.51,2.0,2.0,32.3,37.0,0.87,0.211,0.073,0.301,0.228,0.689,0.257,0.5,0.243,0.389,0.222
Junior Sanchez,Available,ARI,Texas League,AA,Yes,20.0,,15.0,22.3,4.5,122.6,189.8,107.7,84.4,4.89,87.2,113.65534926027654,104.5,61.8,5.0,3.0,5.61,15.0,0.0,67.3,70.0,1.53,0.333,0.103,0.241,0.138,0.608,0.317,0.333,0.349,0.197,0.212
Darien Smith,Available,SF,Eastern League,AA,No,26.0,,7.0,26.1,4.5,95.2,208.6,84.3,112.8,4.84,109.6,106.52372516954614,104.4,25.7,4.0,1.0,2.84,5.0,0.0,31.7,30.0,1.11,0.218,0.117,0.234,0.117,0.823,0.139,0.532,0.329,0.154,0.115
Jake Garland,Available,ATH,Texas League,AA,No,25.0,,19.0,9.9,1.5,98.1,84.6,110.9,107.0,4.61,107.2,97.02600017738172,104.3,26.6,5.0,0.0,2.48,0.0,0.0,29.0,23.0,1.14,0.292,0.05,0.192,0.142,0.771,0.218,0.483,0.299,0.077,0.038
Abraham Parra,Available,SD,Texas League,AA,Yes,20.0,,2.0,3.9,2.8,122.6,33.0,-25.0,99.3,7.02,86.8,97.952523080124,104.3,6.3,0.0,2.0,11.12,2.0,0.0,5.7,4.0,2.29,0.364,0.161,0.129,-0.032,0.715,0.286,0.429,0.286,0.333,0.0
Logan Mercado,Available,ARI,Texas League,AA,No,24.0,,28.0,11.8,1.8,102.1,100.2,149.1,98.5,4.11,103.6,110.40685178541112,104.2,40.1,5.0,2.0,4.76,1.0,1.0,51.0,63.0,1.41,0.344,0.095,0.286,0.191,0.709,0.237,0.45,0.313,0.098,0.171
Drue Hackenberg,Available,ATL,Southern League,AA,No,24.0,,4.0,29.9,5.0,102.8,231.9,141.1,98.9,4.34,103.1,121.06951172888114,104.2,15.0,2.0,0.0,0.9,4.0,0.0,20.0,17.0,0.65,0.176,0.039,0.224,0.185,0.725,0.255,0.451,0.294,0.0,0.067
Austin Cates,Available,TOR,Eastern League,AA,Yes,23.0,,20.0,20.7,4.8,107.6,165.1,85.0,100.8,5.26,99.2,87.27222659120912,104.2,107.5,1.0,7.0,5.17,20.0,0.0,95.7,92.0,1.41,0.306,0.103,0.221,0.118,0.735,0.228,0.371,0.401,0.275,0.092
Max Lazar,Available,PHI,Eastern League,AA,No,27.0,,2.0,7.2,1.5,91.7,57.9,196.7,102.8,1.6,112.1,74.0665731367012,104.1,0.0,0.0,0.0,3.0,0.0,0.0,3.0,3.0,0.67,0.25,0.0,0.273,0.273,0.75,0.25,0.75,0.0,0.0,0.0
Niko Mazza,Available,SF,Eastern League,AA,Yes,24.0,,1.0,20.8,5.0,103.1,165.8,144.1,97.9,4.05,102.6,97.92745260424186,104.1,4.6,0.0,1.0,5.4,1.0,0.0,5.0,5.0,1.0,0.231,0.05,0.25,0.2,0.715,0.214,0.429,0.357,0.0,0.2
Wen-Hui Pan,Available,PHI,Eastern League,AA,Yes,23.0,,21.0,7.9,1.0,107.6,63.0,86.5,100.3,5.32,99.0,122.56397628891344,104.1,19.1,2.0,0.0,3.86,0.0,2.0,21.0,20.0,1.62,0.359,0.08,0.2,0.12,0.732,0.224,0.478,0.299,0.25,0.15
Michael Hobbs,Available,SEA,Texas League,AA,Yes,26.0,,3.0,9.8,1.7,94.3,83.0,102.3,111.1,5.07,109.9,91.1134791356993,104.0,7.2,1.0,0.0,3.6,0.0,0.0,5.0,4.0,1.4,0.333,0.043,0.174,0.131,0.8,0.2,0.4,0.4,0.167,0.0
Dariel Fregio,Available,DET,Eastern League,AA,No,26.0,,31.0,11.3,1.8,95.2,90.5,113.1,109.0,5.07,109.1,126.23591437037403,104.0,61.5,6.0,1.0,5.07,4.0,1.0,55.0,61.0,1.33,0.29,0.095,0.252,0.157,0.795,0.152,0.424,0.424,0.219,0.125
Ben DeTaeye,Available,TEX,Texas League,AA,Yes,25.0,,1.0,18.0,2.3,98.1,153.3,0.0,119.1,8.38,106.6,84.69130354666292,104.0,3.0,0.0,0.0,0.0,0.0,0.0,2.3,2.0,1.71,0.286,0.167,0.167,0.0,0.858,0.143,0.429,0.429,0.0,0.0
Jonathan Todd,Available,TOR,Eastern League,AA,Yes,24.0,,11.0,3.9,1.0,103.1,31.2,25.9,111.4,6.92,102.5,93.17262324818276,104.0,16.5,0.0,1.0,5.56,0.0,0.0,11.3,11.0,1.59,0.242,0.164,0.2,0.036,0.812,0.156,0.344,0.5,0.188,0.063
Joey Volini,Available,MIA,Southern League,AA,Yes,23.0,,7.0,19.4,4.7,107.3,150.2,74.8,101.9,4.97,99.1,114.68335304303092,104.0,29.4,2.0,3.0,4.91,7.0,0.0,33.0,25.0,1.36,0.287,0.076,0.174,0.098,0.747,0.204,0.505,0.291,0.067,0.167
Danis Correa,Available,NYM,Eastern League,AA,No,26.0,,13.0,8.5,1.4,95.2,68.1,144.1,105.2,4.48,108.9,132.8272430922138,103.9,18.1,1.0,2.0,3.93,3.0,0.0,18.3,26.0,1.47,0.366,0.125,0.325,0.2,0.768,0.186,0.372,0.442,0.105,0.105
Herick Hernandez,Available,ATL,Southern League,AA,No,22.0,,11.0,25.4,4.1,112.1,196.5,128.2,90.9,4.63,94.9,110.48398190717889,103.9,40.7,0.0,2.0,2.8,11.0,0.0,45.0,64.0,1.42,0.292,0.157,0.325,0.168,0.667,0.283,0.293,0.424,0.214,0.119
Riley Quick,Available,MIN,Texas League,AA,Yes,22.0,,8.0,16.7,3.5,111.4,142.4,85.1,96.4,4.99,95.4,94.43154700829544,103.8,19.9,0.0,2.0,5.72,8.0,0.0,28.3,34.0,1.59,0.279,0.155,0.264,0.109,0.694,0.222,0.486,0.292,0.143,0.286
Luke Hayden,Available,CIN,Southern League,AA,Yes,23.0,,5.0,22.5,4.1,107.3,174.3,105.3,97.7,4.71,98.6,97.51931727901876,103.6,14.0,1.0,1.0,5.23,5.0,0.0,20.7,25.0,1.26,0.209,0.149,0.287,0.138,0.717,0.196,0.478,0.326,0.267,0.267
Christian Oppor,Available,CHW,Southern League,AA,Yes,21.0,,8.0,6.8,3.1,117.5,52.8,-106.0,112.3,9.38,90.1,35.639206618810434,103.6,27.6,0.0,4.0,9.49,8.0,0.0,24.7,18.0,2.19,0.239,0.279,0.14,-0.139,0.824,0.147,0.441,0.412,0.25,0.071
Grayson Moore,Available,CHC,Southern League,AA,Yes,24.0,,8.0,10.2,1.4,102.8,78.7,174.7,93.5,3.74,101.9,96.25181750128274,103.4,11.0,2.0,2.0,8.18,0.0,1.0,11.0,12.0,1.36,0.344,0.021,0.25,0.229,0.686,0.229,0.429,0.343,0.167,0.25
Luke Fox,Available,LAD,Texas League,AA,Yes,24.0,,8.0,17.8,3.2,102.1,151.5,153.0,96.5,4.15,102.3,50.491136760453614,103.3,18.4,1.0,0.0,3.55,8.0,0.0,25.3,28.0,0.91,0.211,0.093,0.289,0.196,0.695,0.271,0.407,0.322,0.053,0.105
Cole Stasio,Available,TEX,Texas League,AA,No,24.0,,18.0,11.1,1.8,102.1,94.5,146.8,97.0,5.29,102.1,117.81101311232804,103.2,39.5,1.0,1.0,5.34,5.0,2.0,32.0,43.0,1.47,0.333,0.111,0.299,0.188,0.699,0.241,0.253,0.506,0.167,0.119
Ryan Vanderhei,Available,SF,Eastern League,AA,Yes,25.0,,24.0,8.7,1.3,99.0,69.7,62.7,109.6,5.06,104.6,106.07501120085264,103.1,27.3,3.0,0.0,2.56,0.0,1.0,31.7,33.0,1.39,0.268,0.152,0.239,0.087,0.8,0.187,0.48,0.333,0.16,0.04
Tony Rossi,Available,NYY,Eastern League,AA,Yes,26.0,,27.0,10.7,1.2,95.2,85.8,169.3,100.6,3.98,107.4,122.95193294351893,102.9,24.3,6.0,0.0,2.78,0.0,4.0,32.3,41.0,1.05,0.299,0.066,0.301,0.235,0.734,0.241,0.443,0.316,0.12,0.08
Adonys Perez,Available,ARI,Texas League,AA,Yes,22.0,,7.0,8.4,3.3,111.4,71.2,14.8,102.9,5.86,94.0,101.94561072048816,102.9,19.5,0.0,2.0,5.79,6.0,0.0,23.3,11.0,1.63,0.291,0.084,0.103,0.019,0.741,0.185,0.568,0.247,0.2,0.3
Tyler Davis,Available,BOS,Eastern League,AA,Yes,24.0,,14.0,10.9,2.1,103.1,87.0,86.5,102.4,5.35,100.7,117.95227753621737,102.8,37.5,1.0,2.0,5.7,0.0,1.0,30.0,29.0,1.47,0.298,0.098,0.218,0.12,0.747,0.181,0.373,0.446,0.135,0.162
Isaac Gallegos,Available,ATL,Southern League,AA,Yes,23.0,,16.0,12.2,1.9,107.3,94.4,118.3,94.7,3.8,97.2,114.72064366141902,102.8,17.2,3.0,0.0,3.82,2.0,1.0,30.7,32.0,1.17,0.277,0.093,0.248,0.155,0.695,0.293,0.5,0.207,0.118,0.059
Jackson Jobe,The Hot and Steamy Boys (MINORS),DET,Eastern League,AA,Yes,23.0,,2.0,18.6,3.5,107.6,148.8,123.9,93.8,4.21,97.0,85.12968261182635,102.8,5.0,0.0,0.0,1.29,2.0,0.0,7.0,7.0,1.0,0.263,0.069,0.241,0.172,0.684,0.316,0.421,0.263,0.2,0.0
Juaron Watts-Brown,Available,BAL,Eastern League,AA,No,24.0,,14.0,21.2,4.2,103.1,169.6,136.2,96.5,4.39,100.5,133.45865925273495,102.7,59.0,1.0,7.0,5.76,14.0,0.0,59.3,74.0,1.4,0.315,0.096,0.285,0.189,0.704,0.226,0.377,0.396,0.19,0.175
Franklin Gómez,Available,CLE,Eastern League,AA,Yes,20.0,,3.0,18.8,3.9,123.7,150.5,56.2,86.1,5.18,83.5,110.13507285084545,102.7,10.4,1.0,0.0,4.63,3.0,0.0,11.7,10.0,1.54,0.303,0.118,0.196,0.078,0.628,0.314,0.371,0.314,0.364,0.182
Cory Lewis,Available,MIN,Texas League,AA,Yes,25.0,,23.0,20.1,3.7,98.1,171.0,119.5,102.8,4.5,104.4,8.335193472632369,102.5,66.5,2.0,9.0,3.89,19.0,1.0,85.7,99.0,1.32,0.275,0.117,0.27,0.153,0.741,0.204,0.481,0.315,0.191,0.176
Kevin Valdez,Available,CHC,Southern League,AA,Yes,24.0,,7.0,23.6,4.9,102.8,183.1,107.6,99.8,4.54,100.6,107.5053786192368,102.5,26.3,2.0,1.0,4.19,7.0,0.0,34.3,31.0,1.22,0.275,0.077,0.218,0.141,0.732,0.206,0.505,0.289,0.143,0.214
Duque Hebbert,Available,DET,Eastern League,AA,Yes,24.0,,5.0,10.9,2.3,103.1,87.1,78.5,102.8,6.18,100.2,89.66534856860463,102.5,17.2,1.0,1.0,6.35,0.0,1.0,11.3,9.0,1.06,0.138,0.087,0.196,0.109,0.75,0.125,0.281,0.594,0.105,0.211
Rafe Schlesinger,Available,CLE,Eastern League,AA,Yes,23.0,,15.0,21.2,4.4,107.6,169.5,72.8,99.2,5.06,96.5,110.5851694942567,102.5,58.6,4.0,4.0,4.36,15.0,0.0,66.0,62.0,1.56,0.335,0.108,0.209,0.101,0.723,0.24,0.453,0.307,0.169,0.119
Stu Flesland III,Available,COL,Eastern League,AA,No,25.0,,17.0,26.3,4.7,99.0,209.9,97.3,104.4,4.46,103.5,115.69851129921896,102.4,58.9,5.0,1.0,1.79,11.0,1.0,80.3,68.0,1.01,0.248,0.084,0.219,0.135,0.762,0.218,0.495,0.286,0.169,0.068
Eli Jones,Available,MIN,Texas League,AA,Yes,23.0,,4.0,15.4,3.8,106.6,131.0,86.7,98.3,4.35,97.2,116.9168701473889,102.4,10.6,0.0,2.0,4.2,4.0,0.0,15.0,14.0,1.73,0.373,0.083,0.194,0.111,0.708,0.271,0.521,0.208,0.1,0.1
Luis Velasquez,Available,NYY,Eastern League,AA,Yes,24.0,,11.0,7.0,1.2,103.1,55.9,49.7,105.7,5.08,99.9,123.66674293778752,102.3,9.5,0.0,0.0,2.7,0.0,1.0,13.3,12.0,1.35,0.27,0.138,0.207,0.069,0.771,0.229,0.514,0.257,0.556,0.0
Wilmy Sanchez,Available,NYY,Eastern League,AA,Yes,22.0,,2.0,3.4,1.3,112.5,27.0,55.5,95.9,5.31,92.0,109.25936343928748,102.2,3.0,0.0,0.0,10.12,0.0,0.0,2.7,2.0,1.87,0.4,0.077,0.154,0.077,0.7,0.3,0.4,0.3,0.0,0.0
Mitch Neunborn,Available,PHI,Eastern League,AA,No,29.0,,2.0,8.4,1.3,85.3,66.9,160.0,109.6,4.56,114.4,77.7649200094005,102.1,3.0,0.0,0.0,0.0,0.0,0.0,2.7,3.0,0.37,0.0,0.111,0.333,0.222,0.8,0.2,0.2,0.6,0.0,0.0
Nolan DeVos,Available,HOU,Texas League,AA,Yes,25.0,,8.0,25.6,4.2,98.1,218.3,164.7,96.9,4.68,103.8,92.15214577802894,102.1,39.1,3.0,1.0,3.21,6.0,0.0,33.7,38.0,0.95,0.214,0.066,0.277,0.211,0.698,0.244,0.291,0.465,0.25,0.125
Mason Olson,Available,TOR,Eastern League,AA,No,24.0,,30.0,14.6,2.7,103.1,116.5,135.5,95.5,4.04,99.7,105.6305334143692,102.1,60.4,4.0,4.0,4.85,8.0,0.0,81.7,89.0,1.22,0.303,0.066,0.254,0.188,0.697,0.254,0.469,0.277,0.194,0.177
Izaak Martinez,Available,CLE,Eastern League,AA,No,24.0,,10.0,14.4,1.9,103.1,115.4,170.8,91.4,3.44,99.6,112.2559172336038,102.1,13.7,3.0,2.0,1.89,1.0,0.0,19.0,25.0,1.16,0.293,0.092,0.329,0.237,0.667,0.262,0.405,0.333,0.214,0.214
Jack Seppings,Available,MIL,Southern League,AA,No,23.0,,13.0,12.6,3.2,107.3,97.9,64.9,99.7,5.18,96.2,101.00458582861025,102.1,39.0,1.0,4.0,4.39,1.0,1.0,41.0,26.0,1.1,0.233,0.073,0.158,0.085,0.731,0.228,0.447,0.325,0.25,0.125
Jack Findlay,Available,STL,Texas League,AA,Yes,23.0,,35.0,9.9,1.2,106.6,84.3,120.2,93.7,4.41,96.6,120.94452884986056,102.0,30.2,4.0,1.0,4.53,0.0,5.0,43.7,54.0,1.53,0.342,0.122,0.276,0.154,0.675,0.281,0.447,0.272,0.226,0.161
Zack Lee,Available,DET,Eastern League,AA,No,25.0,,1.0,11.8,3.0,99.0,93.9,103.1,102.8,5.41,102.7,97.55776119920183,101.9,4.0,0.0,1.0,9.0,0.0,0.0,3.0,4.0,1.67,0.375,0.143,0.286,0.143,0.75,0.25,0.25,0.5,0.0,0.0
Kendeglys Virguez,Available,WSH,Eastern League,AA,Yes,22.0,,13.0,7.0,1.1,112.5,56.1,58.4,95.2,5.75,91.7,103.90131945062484,101.9,14.2,1.0,1.0,3.14,1.0,0.0,14.3,15.0,1.33,0.206,0.161,0.242,0.081,0.695,0.25,0.333,0.417,0.267,0.133
Riley Maddox,Available,WSH,Eastern League,AA,Yes,23.0,,5.0,23.4,5.0,107.6,186.5,65.6,98.7,4.62,95.4,105.34192945472492,101.8,17.0,2.0,1.0,4.68,4.0,0.0,25.0,21.0,1.32,0.267,0.1,0.191,0.091,0.72,0.253,0.52,0.227,0.294,0.118
Jose Montero,Available,CIN,Southern League,AA,Yes,22.0,,20.0,11.1,2.8,112.1,85.6,55.7,95.6,5.34,91.7,107.28123305420932,101.8,52.4,2.0,1.0,5.2,6.0,0.0,55.3,43.0,1.52,0.302,0.101,0.174,0.073,0.701,0.253,0.437,0.31,0.185,0.148
Jake Miller,Available,DET,Eastern League,AA,Yes,25.0,,1.0,14.2,3.0,99.0,113.8,0.0,114.3,4.88,102.4,109.46783434365848,101.7,1.0,0.0,0.0,0.0,1.0,0.0,3.0,2.0,1.0,0.167,0.2,0.2,0.0,0.834,0.167,0.667,0.167,0.0,0.0
Nelfy Ynfante,Available,STL,Texas League,AA,Yes,21.0,,7.0,4.4,1.9,116.7,37.1,-27.3,100.7,7.89,87.8,114.17508211177756,101.7,19.4,0.0,2.0,6.92,0.0,0.0,13.0,7.0,1.38,0.135,0.158,0.123,-0.035,0.725,0.175,0.3,0.525,0.333,0.19
Hayden Wesneski,Daddy Yankee (ACTIVE),HOU,Texas League,AA,No,28.0,,1.0,18.2,4.0,87.6,155.4,97.6,113.6,4.69,111.6,127.30685591664415,101.5,2.0,0.0,0.0,2.25,1.0,0.0,4.0,3.0,0.75,0.182,0.063,0.188,0.125,0.818,0.182,0.636,0.182,0.0,0.0
Marco Jimenez,Available,DET,Eastern League,AA,Yes,26.0,,8.0,5.3,1.0,95.2,42.7,117.5,104.0,4.49,105.3,114.51979464482388,101.5,7.5,2.0,1.0,10.57,0.0,0.0,7.7,10.0,2.74,0.593,0.07,0.233,0.163,0.759,0.172,0.552,0.276,0.375,0.25
Tyler Owens,Available,DET,Eastern League,AA,Yes,25.0,,37.0,8.7,1.2,99.0,69.4,116.0,100.6,3.88,102.1,93.36535615679986,101.5,31.0,5.0,2.0,4.2,0.0,4.0,45.0,48.0,1.4,0.32,0.08,0.241,0.161,0.734,0.219,0.539,0.242,0.129,0.194
Kyle Robinson,Available,LAA,Eastern League,AA,Yes,22.0,,5.0,17.9,4.2,112.5,142.6,73.5,92.7,5.42,91.0,106.96980925636336,101.5,24.4,1.0,1.0,6.43,5.0,0.0,21.0,20.0,1.86,0.391,0.102,0.204,0.102,0.676,0.265,0.353,0.382,0.269,0.154
Brock Porter,Available,TEX,Texas League,AA,Yes,23.0,,4.0,18.2,3.3,106.6,154.9,49.2,101.0,6.44,95.8,88.27103285715935,101.4,15.5,1.0,2.0,5.4,0.0,0.0,13.3,17.0,1.88,0.313,0.203,0.266,0.063,0.727,0.212,0.303,0.485,0.313,0.125
Holt Jones,Available,MIA,Southern League,AA,No,27.0,,25.0,15.2,1.8,91.4,117.5,179.3,100.2,3.48,108.1,92.1372095967995,101.2,30.3,3.0,0.0,2.82,0.0,5.0,44.7,59.0,1.05,0.293,0.096,0.331,0.235,0.735,0.255,0.439,0.306,0.133,0.033
Jackson Finley,Available,ATH,Texas League,AA,Yes,25.0,,12.0,22.2,4.1,98.1,189.3,120.2,100.3,4.32,102.3,105.60541699884337,101.1,35.3,2.0,1.0,2.77,12.0,0.0,48.7,51.0,1.25,0.308,0.108,0.262,0.154,0.723,0.252,0.454,0.294,0.257,0.086
Gabe Davis,Available,NYM,Eastern League,AA,Yes,22.0,,5.0,20.9,3.3,112.5,166.6,110.3,87.8,4.62,90.4,109.38053324510368,101.1,13.6,1.0,0.0,2.7,4.0,0.0,16.7,21.0,1.38,0.289,0.139,0.292,0.153,0.641,0.308,0.333,0.359,0.071,0.143
Jeff Criswell,Available,COL,Eastern League,AA,No,27.0,,2.0,6.9,1.0,91.7,54.9,90.1,109.6,4.03,107.4,132.21175727508833,101.0,0.8,1.0,0.0,4.5,0.0,0.0,2.0,2.0,1.5,0.25,0.125,0.25,0.125,0.8,0.0,0.8,0.2,0.0,1.0
Owen Hackman,Available,ATL,Southern League,AA,Yes,24.0,,31.0,9.7,1.5,102.8,75.2,148.8,92.4,4.1,98.3,107.62933556919266,101.0,40.2,3.0,4.0,5.4,2.0,3.0,45.0,52.0,1.29,0.301,0.079,0.274,0.195,0.678,0.246,0.398,0.356,0.095,0.214
Jamie Hitt,Available,SD,Texas League,AA,Yes,23.0,,10.0,18.1,4.3,106.6,153.7,79.6,96.7,5.06,95.1,102.4231648435065,101.0,37.9,2.0,2.0,6.23,8.0,0.0,43.3,39.0,1.71,0.374,0.097,0.199,0.102,0.696,0.259,0.452,0.289,0.128,0.154
Chen Zhong-Ao Zhuang,Available,ATH,Texas League,AA,No,25.0,,4.0,31.4,5.8,98.1,267.2,135.9,98.2,5.19,102.0,90.61937959136854,100.9,29.6,2.0,1.0,2.74,4.0,0.0,23.0,21.0,1.13,0.274,0.054,0.228,0.174,0.707,0.231,0.292,0.477,0.226,0.129
Jack Kartsonas,Available,TB,Southern League,AA,Yes,25.0,,4.0,18.8,4.2,98.7,145.7,82.4,103.6,4.26,101.4,97.96129781762326,100.8,12.2,1.0,1.0,2.12,3.0,0.0,17.0,10.0,0.88,0.216,0.046,0.154,0.108,0.76,0.22,0.54,0.24,0.25,0.083
R.J. Gordon,Available,NYM,Eastern League,AA,Yes,24.0,,20.0,20.8,4.5,103.1,166.0,77.8,99.9,5.12,97.7,110.24636622555585,100.8,95.8,5.0,8.0,4.52,20.0,0.0,89.7,81.0,1.45,0.309,0.1,0.208,0.108,0.729,0.23,0.4,0.37,0.184,0.112
Kai Peterson,Available,WSH,Eastern League,AA,Yes,23.0,,15.0,7.0,1.3,107.6,56.2,74.2,96.1,5.84,94.1,55.75672285987395,100.8,22.5,1.0,0.0,5.68,0.0,0.0,19.0,24.0,1.58,0.283,0.17,0.273,0.103,0.701,0.255,0.255,0.489,0.261,0.087
Joe Miller,Available,DET,Eastern League,AA,Yes,26.0,,17.0,20.5,3.9,95.2,163.9,102.3,104.4,4.35,104.1,90.419529306829,100.7,50.2,3.0,1.0,4.09,17.0,0.0,66.0,71.0,1.47,0.346,0.103,0.245,0.142,0.762,0.215,0.508,0.276,0.24,0.08
Logan Martin,Available,SF,Eastern League,AA,No,24.0,,20.0,12.7,2.5,103.1,101.2,82.2,99.2,5.26,97.5,122.4126026386082,100.7,49.9,3.0,1.0,4.59,7.0,0.0,49.0,54.0,1.41,0.271,0.143,0.257,0.114,0.724,0.22,0.358,0.423,0.212,0.135
Luke Gabrysh,Available,NYM,Eastern League,AA,Yes,23.0,,3.0,20.4,4.6,107.6,163.1,113.9,91.4,4.24,93.9,99.20798050837068,100.7,7.2,1.0,1.0,5.93,3.0,0.0,13.7,12.0,1.1,0.229,0.053,0.211,0.158,0.666,0.231,0.564,0.205,0.5,0.5
Bryce Cunningham,Available,NYY,Eastern League,AA,Yes,23.0,,3.0,31.1,6.0,107.6,248.3,178.0,83.9,3.42,93.8,91.39099206913242,100.7,13.8,1.0,1.0,6.0,3.0,0.0,18.0,20.0,1.06,0.267,0.027,0.274,0.247,0.612,0.286,0.408,0.306,0.0,0.333
Riley Gowens,Available,CHW,Southern League,AA,No,26.0,,6.0,10.8,1.8,94.9,83.3,152.6,98.8,4.56,104.2,97.0405489740386,100.6,11.6,0.0,1.0,3.27,1.0,1.0,11.0,12.0,1.09,0.286,0.067,0.267,0.2,0.725,0.241,0.345,0.414,0.25,0.083
Bryce Hubbart,Available,CIN,Southern League,AA,No,25.0,,19.0,8.5,1.7,98.7,65.7,138.9,96.7,4.8,101.0,167.3433596492903,100.6,36.1,1.0,2.0,6.89,1.0,0.0,32.7,41.0,1.32,0.274,0.117,0.299,0.182,0.71,0.203,0.304,0.494,0.154,0.179
Aaron Combs,Available,PHI,Eastern League,AA,Yes,24.0,,32.0,6.3,1.1,103.1,50.5,108.8,96.1,4.54,97.5,99.07028530730196,100.6,31.4,0.0,2.0,5.2,0.0,0.0,36.3,44.0,1.46,0.295,0.114,0.265,0.151,0.701,0.237,0.433,0.33,0.188,0.188
Jaydenn Estanista,Available,PHI,Southern League,AA,Yes,24.0,,9.0,11.0,1.9,102.8,85.4,68.7,100.8,5.4,97.6,120.50902595867136,100.5,15.7,2.0,1.0,4.86,0.0,0.0,16.7,18.0,1.62,0.289,0.141,0.231,0.09,0.74,0.196,0.457,0.348,0.125,0.188
Luke Sinnard,Available,ATL,Southern League,AA,Yes,23.0,,2.0,18.6,4.3,107.3,144.3,42.7,99.6,5.55,93.9,106.10608741466746,100.5,8.7,0.0,0.0,2.08,2.0,0.0,8.7,6.0,1.27,0.24,0.111,0.167,0.056,0.731,0.231,0.423,0.346,0.111,0.111
Cooper Hjerpe,Available,STL,Texas League,AA,No,25.0,,5.0,19.0,2.9,98.1,161.8,161.6,94.4,4.45,101.3,91.35184270124616,100.4,10.1,0.0,1.0,5.02,5.0,0.0,14.3,25.0,1.4,0.261,0.19,0.397,0.207,0.68,0.24,0.32,0.44,0.182,0.182
Tyler Switalski,Available,SF,Eastern League,AA,Yes,23.0,,6.0,14.6,4.3,107.6,116.5,54.8,97.6,6.36,93.4,100.80324569041323,100.4,32.6,1.0,4.0,9.0,6.0,0.0,26.0,25.0,2.08,0.407,0.115,0.191,0.076,0.712,0.218,0.379,0.402,0.286,0.171
Kenyi Perez,Available,CHC,Southern League,AA,Yes,24.0,,14.0,7.6,1.2,102.8,59.1,52.6,102.2,6.13,97.2,116.6237722501314,100.3,14.2,1.0,1.0,2.76,0.0,0.0,16.3,25.0,2.14,0.395,0.218,0.287,0.069,0.75,0.219,0.406,0.375,0.167,0.083
Sean Matson,Available,CLE,Eastern League,AA,No,24.0,,28.0,9.4,2.1,103.1,74.8,76.4,99.1,5.28,96.9,88.61115869912518,100.3,67.5,1.0,8.0,6.0,4.0,2.0,60.0,60.0,1.67,0.347,0.114,0.22,0.106,0.723,0.226,0.384,0.39,0.29,0.13
Zach Root,Available,LAD,Texas League,AA,Yes,22.0,,4.0,23.5,4.1,111.4,200.2,178.8,79.4,3.68,89.9,107.0246518291856,100.2,10.9,1.0,0.0,7.71,4.0,0.0,16.3,24.0,1.71,0.447,0.095,0.324,0.229,0.572,0.333,0.381,0.286,0.083,0.333
Will Johnston,Available,ATH,Texas League,AA,Yes,25.0,,31.0,6.1,1.0,98.1,51.6,72.6,104.2,5.31,100.9,98.42941891351936,100.1,24.3,4.0,4.0,4.6,0.0,0.0,31.3,37.0,1.56,0.284,0.171,0.264,0.093,0.75,0.197,0.474,0.329,0.16,0.16
Blake Aita,Available,STL,Texas League,AA,Yes,23.0,,9.0,21.4,5.3,106.6,182.4,96.8,93.3,5.65,93.8,100.6369613032804,100.1,57.7,2.0,3.0,6.0,8.0,0.0,48.0,41.0,1.52,0.329,0.065,0.189,0.124,0.672,0.257,0.349,0.395,0.233,0.183
Tayler Montiel,Available,ARI,Texas League,AA,Yes,23.0,,10.0,8.1,1.2,106.6,68.6,29.7,100.9,5.39,93.7,109.98115834643951,100.1,7.7,1.0,0.0,3.65,0.0,1.0,12.3,11.0,1.46,0.25,0.17,0.208,0.038,0.727,0.242,0.515,0.242,0.375,0.125
Luis Quiñones,Available,MIN,Texas League,AA,Yes,28.0,,16.0,10.8,1.2,87.6,92.2,112.4,109.3,4.79,109.4,24.38541980061322,100.0,12.6,1.0,1.0,3.32,0.0,3.0,19.0,31.0,1.53,0.281,0.229,0.373,0.144,0.788,0.182,0.424,0.394,0.154,0.077
Noah Hall,Available,NYM,Eastern League,AA,Yes,25.0,,6.0,24.5,5.3,99.0,195.7,116.0,98.1,5.17,100.0,99.55219640753572,100.0,41.2,1.0,3.0,5.68,6.0,0.0,31.7,34.0,1.52,0.326,0.077,0.238,0.161,0.716,0.2,0.337,0.463,0.136,0.182
Junior William,Available,TB,Southern League,AA,Yes,26.0,,9.0,8.2,1.6,94.9,63.9,96.9,104.0,4.34,103.2,105.65710368759478,99.9,10.3,1.0,1.0,5.65,0.0,0.0,14.3,16.0,1.47,0.333,0.127,0.254,0.127,0.763,0.237,0.5,0.263,0.3,0.0
Jose Guedez,Available,HOU,Texas League,AA,Yes,24.0,,32.0,6.6,1.3,102.1,56.2,98.4,97.0,4.86,97.2,93.39261191064084,99.9,32.2,1.0,4.0,5.83,0.0,1.0,41.7,43.0,1.54,0.342,0.1,0.226,0.126,0.699,0.268,0.463,0.268,0.182,0.121
Blake Weiman,Available,LAA,Southern League,AA,Yes,30.0,,14.0,9.9,1.1,82.2,76.8,193.8,104.8,3.3,113.6,153.3282515358665,99.8,13.0,1.0,0.0,2.3,0.0,1.0,15.7,19.0,0.96,0.256,0.048,0.302,0.254,0.769,0.179,0.487,0.333,0.231,0.154
Justin Hagenman,Available,NYM,Eastern League,AA,No,29.0,,1.0,12.0,3.0,85.3,95.9,103.1,112.3,6.36,111.0,103.59734359629844,99.8,4.5,0.0,0.0,3.0,1.0,0.0,3.0,2.0,1.33,0.3,0.0,0.143,0.143,0.819,0.091,0.455,0.455,0.2,0.2
Hayden Minton,Available,DET,Eastern League,AA,No,25.0,,10.0,18.8,3.5,99.0,150.4,87.9,101.0,4.69,99.6,100.84835231800382,99.8,31.3,1.0,0.0,3.09,8.0,0.0,35.0,33.0,1.34,0.309,0.102,0.224,0.122,0.737,0.242,0.434,0.323,0.281,0.063
Jarold Rosado,Available,CHW,Southern League,AA,Yes,23.0,,32.0,4.9,1.1,107.3,37.8,25.2,100.3,6.3,92.8,118.5013053935616,99.8,33.7,4.0,4.0,8.49,0.0,0.0,35.0,37.0,2.23,0.41,0.171,0.204,0.033,0.736,0.226,0.453,0.321,0.176,0.118
Jack Cebert,Available,WSH,Eastern League,AA,No,24.0,,16.0,25.4,4.6,103.1,202.6,136.9,91.1,4.12,96.0,116.45901755131644,99.7,62.0,2.0,3.0,4.6,15.0,0.0,74.3,92.0,1.36,0.314,0.092,0.282,0.19,0.665,0.274,0.396,0.33,0.185,0.185
Matt Ager,Available,PIT,Eastern League,AA,Yes,23.0,,20.0,18.6,5.0,107.6,148.5,56.2,96.3,5.82,92.4,96.1684906622794,99.7,121.2,6.0,5.0,5.87,19.0,0.0,99.7,68.0,1.49,0.3,0.077,0.155,0.078,0.703,0.229,0.379,0.391,0.18,0.172
Victor Lizarraga,Available,SD,Texas League,AA,Yes,22.0,,20.0,13.8,3.9,111.4,117.8,22.6,96.4,6.48,89.1,82.41325937000201,99.7,71.2,4.0,9.0,7.24,17.0,0.0,78.3,64.0,1.86,0.347,0.139,0.168,0.029,0.695,0.264,0.438,0.298,0.181,0.139
Chris Cortez,Available,LAA,Southern League,AA,Yes,23.0,,37.0,7.8,1.0,107.3,60.2,80.1,93.7,4.5,92.6,83.03700226737675,99.6,17.9,4.0,2.0,4.89,0.0,1.0,38.7,50.0,1.78,0.368,0.17,0.275,0.105,0.688,0.281,0.531,0.188,0.111,0.167
Kodai Senga,Available,NYM,Eastern League,AA,No,33.0,,1.0,30.5,6.0,75.0,243.7,136.9,117.5,4.79,118.9,84.26994684808687,99.5,5.6,0.0,0.0,1.5,1.0,0.0,6.0,5.0,0.33,0.0,0.048,0.238,0.19,0.857,0.071,0.5,0.429,0.5,0.167
Joey Danielson,Available,TEX,Texas League,AA,Yes,25.0,,24.0,8.0,1.2,98.1,68.0,121.0,97.5,4.56,99.9,116.79708885215194,99.5,21.7,1.0,2.0,5.46,2.0,2.0,29.7,30.0,1.48,0.386,0.078,0.233,0.155,0.702,0.274,0.464,0.262,0.136,0.091
Beau Blanchard,Available,CIN,Southern League,AA,Yes,24.0,,9.0,17.9,4.1,102.8,139.0,132.0,91.7,5.25,96.0,95.8861655217936,99.5,50.5,0.0,6.0,6.99,9.0,0.0,37.3,45.0,1.66,0.347,0.086,0.259,0.173,0.673,0.218,0.282,0.5,0.291,0.218
D.J. McCarty,Available,TEX,Texas League,AA,Yes,23.0,,7.0,12.9,3.4,106.6,109.8,50.7,97.4,7.49,92.8,96.87826747172032,99.5,37.0,0.0,3.0,7.13,6.0,0.0,24.0,25.0,1.96,0.373,0.137,0.202,0.065,0.702,0.273,0.234,0.494,0.263,0.053
Andrew Lindsey,Available,TB,Southern League,AA,Yes,26.0,,19.0,9.2,1.5,94.9,71.7,120.5,100.4,3.97,102.4,106.03032050218994,99.4,15.4,3.0,1.0,5.02,0.0,0.0,28.7,34.0,1.5,0.365,0.11,0.268,0.158,0.736,0.236,0.556,0.208,0.2,0.133
Joe Vogatsky,Available,BOS,Eastern League,AA,Yes,24.0,,19.0,12.2,2.3,103.1,97.9,74.9,97.8,5.59,95.5,107.14298284394972,99.4,49.7,2.0,3.0,5.52,0.0,2.0,44.0,43.0,1.52,0.313,0.108,0.212,0.104,0.713,0.248,0.364,0.388,0.28,0.1
Trevor Williams,Available,TEX,Eastern League,AA,No,34.0,,1.0,12.8,2.3,72.8,101.9,180.2,114.3,2.68,120.5,86.22803480871394,99.3,1.0,0.0,0.0,0.0,1.0,0.0,2.3,2.0,0.43,0.167,0.0,0.25,0.25,0.834,0.167,0.667,0.167,0.0,0.0
Angel Obando,Available,TOR,Eastern League,AA,Yes,27.0,,11.0,10.6,2.4,91.7,85.0,98.7,105.9,4.94,105.0,98.86168360121272,99.3,24.4,1.0,3.0,6.15,0.0,0.0,26.3,29.0,1.22,0.226,0.127,0.264,0.137,0.772,0.167,0.439,0.394,0.269,0.154
Nicolo Pinazzi,Available,LAA,Southern League,AA,No,26.0,,11.0,11.0,1.2,94.9,85.0,152.6,96.5,3.25,102.2,129.2082348750621,99.3,3.1,2.0,1.0,0.66,0.0,1.0,13.7,20.0,1.24,0.32,0.164,0.364,0.2,0.708,0.292,0.583,0.125,0.0,0.0
Jake Shirk,Available,PIT,Eastern League,AA,Yes,24.0,,32.0,7.2,1.6,103.1,57.4,46.8,100.9,5.36,95.5,108.15795149789771,99.3,45.7,3.0,4.0,7.39,1.0,4.0,52.3,38.0,1.66,0.329,0.089,0.154,0.065,0.736,0.219,0.517,0.264,0.128,0.17
Zane Taylor,Available,ATH,Texas League,AA,Yes,24.0,,7.0,16.1,3.3,102.1,137.2,59.3,100.3,5.54,96.1,104.00131869697752,99.2,21.4,2.0,1.0,5.09,4.0,0.0,23.0,20.0,1.78,0.386,0.114,0.19,0.076,0.722,0.25,0.444,0.306,0.136,0.091
Zach Jacobs,Available,CLE,Eastern League,AA,Yes,24.0,,19.0,7.0,1.3,103.1,55.8,37.5,101.9,6.21,95.4,96.90809153737,99.2,31.2,0.0,1.0,5.76,0.0,3.0,25.0,18.0,1.64,0.313,0.103,0.155,0.052,0.743,0.207,0.402,0.39,0.156,0.125
Josiah Gray,Available,WSH,Eastern League,AA,Yes,28.0,,3.0,4.7,0.9,88.4,37.3,0.0,119.9,5.69,107.3,86.34651207656722,99.1,3.4,0.0,0.0,0.0,0.0,0.0,2.7,0.0,0.0,0.0,0.0,0.0,0.0,0.875,0.125,0.5,0.375,0.667,0.0
Michael Walsh,Available,PIT,Eastern League,AA,No,25.0,,24.0,7.1,1.4,99.0,57.0,127.6,95.2,4.75,98.5,139.15078247691594,99.1,39.0,0.0,3.0,6.09,0.0,3.0,34.0,35.0,1.38,0.32,0.052,0.229,0.177,0.694,0.238,0.371,0.39,0.098,0.171
Kevin Stevens,Available,NYY,Eastern League,AA,Yes,28.0,,13.0,8.7,0.9,88.4,69.4,245.0,91.3,2.66,106.9,112.00137234343416,98.8,11.0,0.0,0.0,5.11,0.0,2.0,12.3,19.0,0.97,0.296,0.04,0.38,0.34,0.666,0.259,0.333,0.407,0.273,0.182
Patrick Reilly,Available,BAL,Eastern League,AA,Yes,24.0,,7.0,28.6,4.9,103.1,228.8,191.7,83.3,3.14,94.6,89.74877371934227,98.8,21.6,0.0,2.0,3.97,7.0,0.0,34.0,48.0,1.35,0.38,0.079,0.345,0.266,0.608,0.291,0.405,0.304,0.208,0.333
Cesar Aquino,Available,PIT,Eastern League,AA,Yes,21.0,,1.0,4.5,1.7,117.9,36.0,0.0,91.4,6.94,82.5,97.14633706818798,98.8,3.0,0.0,0.0,0.0,0.0,0.0,1.7,0.0,1.2,0.333,0.0,0.0,0.0,0.667,0.333,0.167,0.5,0.0,0.0
Jhony Brito,Available,SD,Texas League,AA,No,28.0,,4.0,20.7,4.6,87.6,176.2,33.6,116.2,4.72,107.4,99.0493107858856,98.7,10.2,2.0,0.0,1.96,4.0,0.0,18.3,8.0,0.93,0.196,0.071,0.114,0.043,0.837,0.145,0.673,0.182,0.5,0.1
Colin Fields,Available,DET,Eastern League,AA,Yes,26.0,,21.0,11.8,1.8,95.2,94.4,167.9,93.5,3.89,101.1,91.50966995059916,98.7,34.2,2.0,1.0,3.89,4.0,1.0,37.0,48.0,1.0,0.229,0.087,0.32,0.233,0.682,0.259,0.329,0.412,0.257,0.143
Chance Huff,Available,WSH,Eastern League,AA,Yes,26.0,,31.0,6.7,1.2,95.2,53.3,45.4,107.6,4.63,101.1,74.0861965598874,98.7,17.8,4.0,3.0,6.03,0.0,1.0,37.3,38.0,1.71,0.321,0.155,0.218,0.063,0.785,0.187,0.645,0.168,0.278,0.167
Braydon Risley,Available,PIT,Eastern League,AA,Yes,21.0,,1.0,4.0,1.0,117.9,32.0,0.0,91.3,7.45,82.4,88.62672631563505,98.7,1.3,0.0,0.0,18.0,0.0,0.0,1.0,2.0,4.0,0.5,0.25,0.25,0.0,0.666,0.333,0.333,0.333,1.0,0.0
Alfredo Velásquez,Available,BAL,Eastern League,AA,Yes,21.0,,1.0,2.8,1.0,117.9,22.0,0.0,91.3,5.45,82.4,119.98907566428736,98.7,1.0,0.0,0.0,0.0,0.0,0.0,1.0,0.0,1.0,0.333,0.0,0.0,0.0,0.666,0.333,0.333,0.333,1.0,0.0
Ryan Magdic,Available,ATH,Texas League,AA,No,26.0,,6.0,19.3,3.7,94.3,164.3,163.2,94.8,4.31,101.8,108.0921342898976,98.6,22.2,1.0,0.0,2.86,1.0,0.0,22.0,22.0,1.05,0.293,0.047,0.256,0.209,0.683,0.283,0.333,0.383,0.13,0.087
Christian McGowan,Available,PHI,Eastern League,AA,Yes,26.0,,37.0,8.2,1.2,95.2,65.7,99.4,101.1,4.77,100.9,112.00137234343416,98.6,35.7,1.0,0.0,2.7,1.0,3.0,43.3,44.0,1.32,0.308,0.096,0.234,0.138,0.738,0.237,0.458,0.305,0.25,0.083
Landry Jurecka,Available,SD,Texas League,AA,Yes,23.0,,1.0,23.2,3.0,106.6,198.0,130.4,86.8,5.99,91.5,71.65580792210572,98.6,5.0,1.0,0.0,3.0,0.0,0.0,3.0,3.0,1.0,0.25,0.083,0.25,0.167,0.625,0.375,0.0,0.625,0.2,0.0
Brody McCullough,Available,CHC,Southern League,AA,Yes,26.0,,8.0,23.5,4.7,94.9,182.3,132.0,97.5,4.71,101.1,116.83969580382912,98.5,35.4,1.0,4.0,3.38,8.0,0.0,37.3,38.0,1.04,0.242,0.08,0.253,0.173,0.715,0.232,0.379,0.389,0.216,0.135
J.D. Thompson,Available,MIL,Southern League,AA,Yes,22.0,,5.0,24.4,4.5,112.1,188.6,102.2,84.5,4.92,86.7,108.83431014396,98.5,16.9,0.0,3.0,3.63,5.0,0.0,22.3,29.0,1.48,0.298,0.165,0.299,0.134,0.62,0.32,0.32,0.36,0.278,0.167
Hueston Morrill,Available,NYY,Eastern League,AA,Yes,26.0,,8.0,5.7,1.0,95.2,45.7,29.5,108.7,6.44,100.5,112.0344625410445,98.3,9.3,1.0,0.0,6.48,0.0,0.0,8.3,10.0,2.52,0.433,0.163,0.204,0.041,0.793,0.207,0.483,0.31,0.333,0.0
Cohen Achen,Available,BAL,Eastern League,AA,Yes,24.0,,18.0,6.4,1.5,103.1,51.2,23.1,101.9,5.97,94.0,98.89627735420768,98.3,26.0,2.0,0.0,4.05,0.0,0.0,26.7,18.0,1.61,0.314,0.114,0.146,0.032,0.744,0.233,0.465,0.302,0.269,0.077
Travis Smith,Available,MIL,Southern League,AA,Yes,23.0,,13.0,7.2,2.3,107.3,56.0,-36.6,104.7,6.62,90.4,95.25091943354738,98.2,23.5,0.0,3.0,7.12,4.0,0.0,30.3,18.0,1.98,0.29,0.171,0.123,-0.048,0.768,0.152,0.596,0.253,0.16,0.32
Will Armbruester,Available,SEA,Texas League,AA,Yes,25.0,,3.0,7.2,2.3,98.1,61.8,0.0,109.0,6.38,97.8,106.4087137958304,98.1,8.7,1.0,0.0,5.14,1.0,0.0,7.0,1.0,1.29,0.259,0.033,0.033,0.0,0.785,0.179,0.5,0.321,0.222,0.111
Phil Fox,Available,CHW,Southern League,AA,Yes,23.0,,31.0,7.2,1.2,107.3,56.0,112.9,87.3,4.54,90.2,157.1437308938594,98.1,35.0,3.0,4.0,2.87,2.0,2.0,37.7,36.0,1.27,0.29,0.083,0.231,0.148,0.64,0.3,0.35,0.35,0.2,0.171
Yorman Galindez,Available,MIL,Southern League,AA,Yes,23.0,,18.0,9.6,2.6,107.3,74.2,35.1,96.1,5.52,90.1,95.53912347939202,98.0,43.0,2.0,3.0,6.23,11.0,0.0,47.7,39.0,1.72,0.336,0.133,0.179,0.046,0.705,0.257,0.441,0.301,0.268,0.122
Yoel Tejeda Jr.,Available,WSH,Eastern League,AA,Yes,22.0,,7.0,15.3,4.6,112.5,122.1,44.0,90.0,6.03,85.7,98.63222610469498,98.0,33.4,0.0,5.0,7.31,7.0,0.0,32.0,29.0,1.75,0.315,0.134,0.195,0.061,0.657,0.26,0.365,0.375,0.167,0.222
Alessandro Ercolani,Available,PIT,Eastern League,AA,Yes,22.0,,16.0,6.4,1.3,112.5,50.9,7.2,94.3,6.87,85.7,110.45720839902458,98.0,22.1,3.0,1.0,8.71,0.0,1.0,20.7,17.0,1.94,0.322,0.16,0.17,0.01,0.688,0.234,0.391,0.375,0.208,0.208
Aaron Munson,Available,TOR,Eastern League,AA,Yes,24.0,,36.0,8.3,1.5,103.1,66.5,97.3,92.5,4.87,93.2,121.985772040603,97.8,53.7,5.0,3.0,4.23,0.0,0.0,55.3,54.0,1.48,0.34,0.085,0.22,0.135,0.675,0.281,0.381,0.338,0.167,0.13
Mason Vinyard,Available,MIA,Southern League,AA,No,27.0,,11.0,13.2,2.0,91.4,102.5,48.8,109.0,5.54,102.7,83.37454177226067,97.7,20.0,3.0,1.0,2.82,0.0,2.0,22.3,16.0,1.16,0.21,0.108,0.172,0.064,0.8,0.154,0.523,0.323,0.19,0.143
Brock Moore,Available,BAL,Texas League,AA,Yes,26.0,,18.0,8.9,1.3,94.3,75.7,135.9,96.2,3.82,100.3,136.13726407461002,97.7,11.2,3.0,3.0,5.56,0.0,0.0,22.7,35.0,1.59,0.34,0.163,0.337,0.174,0.693,0.265,0.51,0.224,0.273,0.182
Ben Peterson,Available,SF,Eastern League,AA,Yes,24.0,,17.0,7.9,1.2,103.1,63.2,139.8,87.4,4.07,93.0,97.74126825565708,97.7,14.6,2.0,1.0,5.23,0.0,0.0,20.7,34.0,1.74,0.372,0.153,0.347,0.194,0.638,0.255,0.404,0.34,0.313,0.313
Tommy Vail,Available,CHW,Southern League,AA,No,27.0,,3.0,7.1,2.0,91.4,54.9,26.7,111.5,7.24,102.7,87.07051398152501,97.6,11.0,0.0,0.0,4.5,0.0,0.0,6.0,4.0,1.83,0.364,0.103,0.138,0.035,0.818,0.182,0.318,0.5,0.091,0.0
Max Kranick,Available,WSH,Eastern League,AA,No,28.0,,2.0,5.6,1.5,88.4,44.9,65.6,109.6,4.79,104.9,89.72812676393545,97.5,3.0,0.0,0.0,0.0,1.0,0.0,3.0,1.0,1.0,0.3,0.0,0.091,0.091,0.8,0.2,0.5,0.3,0.667,0.0
Bryce Jenkins,Available,NYM,Eastern League,AA,Yes,25.0,,11.0,10.8,1.1,99.0,85.9,107.4,94.5,3.47,96.0,106.36980159331002,97.4,4.0,4.0,0.0,0.75,0.0,1.0,12.0,12.0,1.08,0.241,0.106,0.255,0.149,0.69,0.276,0.586,0.138,0.0,0.25
Fisher Jameson,Available,COL,Eastern League,AA,No,23.0,,13.0,14.6,3.4,107.6,116.5,49.0,93.1,5.31,88.9,100.23451664844498,97.4,39.8,2.0,5.0,6.39,1.0,1.0,43.7,36.0,1.6,0.306,0.12,0.188,0.068,0.679,0.252,0.427,0.321,0.143,0.214
Aaron Shortridge,Available,WSH,Eastern League,AA,Yes,29.0,,17.0,8.7,1.3,85.3,69.7,129.0,104.7,4.33,107.0,116.0054985069038,97.2,24.7,3.0,0.0,4.76,0.0,1.0,22.7,25.0,1.19,0.271,0.084,0.263,0.179,0.764,0.182,0.4,0.418,0.391,0.13
Dominic Pipkin,Available,PIT,Eastern League,AA,Yes,26.0,,17.0,11.4,2.3,95.2,91.2,38.9,105.6,5.91,98.8,60.78163074744266,97.2,36.8,2.0,3.0,4.46,8.0,0.0,38.3,39.0,1.46,0.247,0.18,0.234,0.054,0.771,0.198,0.406,0.396,0.211,0.079
Myles Caba,Available,LAD,Texas League,AA,Yes,24.0,,29.0,7.9,1.5,102.1,67.0,69.5,95.6,6.01,93.1,125.65667906782348,97.2,53.6,3.0,2.0,5.11,4.0,0.0,44.0,46.0,1.61,0.306,0.139,0.228,0.089,0.689,0.262,0.295,0.443,0.259,0.111
Jake Christianson,Not in Fantrax,MIA,Southern League,AA,Yes,26.0,,3.0,10.0,1.2,94.9,77.5,203.7,86.8,2.94,98.9,99.3126088504672,97.1,2.7,0.0,0.0,4.91,0.0,0.0,3.7,4.0,1.09,0.3,0.0,0.267,0.267,0.637,0.273,0.455,0.273,0.0,0.333
Jonathan Clark,Available,CHW,Southern League,AA,Yes,26.0,,38.0,9.8,1.2,94.9,75.7,84.7,100.5,5.59,98.9,113.24475257546676,97.0,52.0,8.0,3.0,4.5,0.0,8.0,46.0,54.0,1.57,0.316,0.15,0.261,0.111,0.737,0.219,0.325,0.456,0.173,0.096
Yeuris Jimenez,Available,WSH,Eastern League,AA,Yes,25.0,,3.0,5.8,0.6,99.0,45.9,-120.3,119.9,8.91,95.3,105.62264088091374,96.9,1.0,0.0,0.0,32.4,0.0,2.0,1.7,1.0,4.2,0.5,0.25,0.083,-0.167,0.875,0.125,0.75,0.125,0.0,0.0
Jacob Wallace,Available,CHC,Southern League,AA,Yes,27.0,,16.0,7.2,1.2,91.4,55.7,172.4,93.2,3.48,101.3,121.93128083686224,96.7,16.4,1.0,1.0,6.05,0.0,1.0,19.3,23.0,1.66,0.473,0.048,0.274,0.226,0.684,0.281,0.421,0.298,0.294,0.118
Marcelo Perez,Available,SEA,Texas League,AA,Yes,26.0,,31.0,6.9,1.3,94.3,59.1,109.3,97.7,4.77,98.9,140.65960937386347,96.7,38.3,2.0,2.0,4.39,0.0,0.0,41.0,41.0,1.37,0.302,0.089,0.229,0.14,0.703,0.252,0.417,0.33,0.263,0.132
Adam Smith,Available,SEA,Texas League,AA,Yes,26.0,,16.0,8.2,1.7,94.3,70.1,57.8,103.3,6.0,98.6,120.26873792059764,96.6,31.6,3.0,4.0,5.0,1.0,1.0,27.0,20.0,1.44,0.294,0.091,0.165,0.074,0.744,0.221,0.407,0.372,0.219,0.094
Jose Olivares,Available,MIN,Texas League,AA,Yes,23.0,,16.0,6.6,2.4,106.6,56.4,-3.9,98.9,7.62,88.6,158.00472396383643,96.6,54.7,0.0,6.0,7.41,12.0,0.0,37.7,29.0,2.02,0.333,0.161,0.156,-0.005,0.712,0.24,0.304,0.456,0.211,0.105
Jeremy Wu-Yelland,Available,BOS,Eastern League,AA,Yes,27.0,,19.0,8.9,1.5,91.7,71.0,74.2,103.8,4.81,100.8,115.25781270854722,96.5,17.0,3.0,1.0,7.81,2.0,1.0,27.7,38.0,1.92,0.4,0.178,0.281,0.103,0.758,0.229,0.529,0.243,0.176,0.059
Will Watson,Available,NYM,Eastern League,AA,Yes,23.0,,8.0,9.2,3.2,107.6,73.6,51.2,91.3,5.84,87.6,111.88987692271682,96.5,27.9,0.0,6.0,8.88,8.0,0.0,25.3,24.0,1.93,0.37,0.119,0.19,0.071,0.666,0.286,0.369,0.345,0.172,0.138
Kevin Verde,Available,NYY,Eastern League,AA,Yes,20.0,,2.0,-7.9,1.0,123.7,-62.9,40.4,77.2,10.59,74.2,119.98907566428736,96.5,5.7,0.0,0.0,49.5,0.0,0.0,2.0,1.0,5.5,0.615,0.0,0.056,0.056,0.563,0.25,0.313,0.438,0.143,0.429
Dale Stanavich,Available,MIA,Eastern League,AA,Yes,27.0,,31.0,8.3,1.2,91.7,66.2,132.6,96.9,4.23,100.5,74.19852745923149,96.4,33.3,3.0,3.0,5.63,0.0,0.0,38.3,51.0,1.49,0.333,0.118,0.302,0.184,0.707,0.217,0.413,0.37,0.265,0.206
Keagan Gillies,Available,BAL,Eastern League,AA,Yes,28.0,,16.0,7.4,1.1,88.4,59.0,140.5,99.0,4.37,103.2,114.04790223542656,96.3,20.6,0.0,0.0,7.0,0.0,2.0,18.0,20.0,1.39,0.321,0.049,0.244,0.195,0.722,0.204,0.407,0.389,0.143,0.19
Anthony Simonelli,Available,KC,Texas League,AA,Yes,27.0,,18.0,5.8,1.2,90.8,49.7,49.2,107.2,5.97,101.2,82.99550991717294,96.3,19.3,0.0,1.0,6.33,0.0,0.0,21.3,21.0,1.5,0.255,0.156,0.219,0.063,0.772,0.175,0.474,0.351,0.05,0.15
TJ Nichols,Available,TB,Southern League,AA,Yes,24.0,,19.0,18.8,4.5,102.8,145.3,86.2,91.4,4.84,91.2,115.49246504560902,96.3,72.6,2.0,5.0,5.99,19.0,0.0,85.7,79.0,1.47,0.306,0.1,0.213,0.113,0.671,0.261,0.43,0.309,0.299,0.221
Paulshawn Pasqualotto,Available,MIN,Texas League,AA,No,25.0,,23.0,12.2,1.8,98.1,104.3,139.0,89.8,4.65,95.0,121.64897771049716,96.2,34.0,3.0,1.0,4.35,0.0,3.0,41.3,48.0,1.38,0.354,0.098,0.276,0.178,0.647,0.304,0.353,0.343,0.371,0.143
K.C. Hunt,Available,TB,Southern League,AA,No,25.0,,10.0,15.4,3.3,98.7,119.1,57.2,98.5,5.43,94.4,117.97868043253608,96.2,35.3,1.0,1.0,3.31,2.0,0.0,32.7,26.0,1.26,0.233,0.12,0.195,0.075,0.723,0.217,0.373,0.41,0.176,0.147
Erick Mejia,Available,WSH,Eastern League,AA,No,31.0,,22.0,12.4,1.1,79.8,99.2,128.3,108.1,4.15,109.9,144.91792642120373,96.1,19.6,3.0,0.0,1.5,0.0,6.0,24.0,32.0,1.38,0.305,0.121,0.299,0.178,0.789,0.175,0.491,0.333,0.105,0.105
Ben Vespi,Available,BAL,Eastern League,AA,Yes,25.0,,22.0,8.0,1.8,99.0,63.9,124.7,90.4,4.17,94.1,96.10468707055664,96.1,37.4,1.0,3.0,7.09,2.0,0.0,39.3,42.0,1.68,0.395,0.054,0.227,0.173,0.659,0.286,0.413,0.302,0.079,0.184
Nathan Dettmer,Available,ATH,Texas League,AA,Yes,24.0,,8.0,16.1,4.1,102.1,137.1,125.7,87.2,4.76,91.4,104.66719284325964,96.1,34.6,2.0,3.0,7.36,6.0,0.0,33.0,29.0,1.61,0.359,0.034,0.195,0.161,0.628,0.274,0.389,0.336,0.158,0.289
Mitch Mueller,Available,MIN,Texas League,AA,Yes,24.0,,13.0,9.9,1.5,102.1,84.2,126.5,87.1,4.98,91.4,112.87107496540084,96.1,21.1,3.0,3.0,4.26,0.0,2.0,19.0,20.0,1.16,0.224,0.088,0.25,0.162,0.628,0.294,0.275,0.431,0.364,0.182
Bryson Hammer,Available,COL,Eastern League,AA,Yes,24.0,,5.0,16.6,4.2,103.1,132.6,32.4,96.8,4.9,90.5,102.03189692049418,96.0,11.8,1.0,2.0,5.57,5.0,0.0,21.0,17.0,1.71,0.368,0.146,0.191,0.045,0.706,0.259,0.534,0.207,0.083,0.167
Kyle Bischoff,Available,MIN,Texas League,AA,Yes,26.0,,41.0,8.3,1.1,94.3,70.6,101.5,97.1,5.04,97.6,137.11324156498517,95.9,34.7,4.0,4.0,3.27,0.0,5.0,44.0,53.0,1.36,0.257,0.136,0.266,0.13,0.7,0.255,0.427,0.318,0.229,0.143
Cristhian Tortosa,Available,PIT,Eastern League,AA,Yes,27.0,,31.0,8.2,1.3,91.7,65.3,95.8,100.0,5.18,99.6,50.491136760453614,95.8,40.7,3.0,0.0,5.4,1.0,0.0,41.7,57.0,1.49,0.269,0.169,0.302,0.133,0.73,0.219,0.344,0.438,0.262,0.119
Thomas Ireland,Available,TEX,Texas League,AA,No,24.0,,14.0,7.9,1.7,102.1,67.2,78.9,92.0,5.44,91.0,147.5380759001589,95.8,24.7,1.0,0.0,8.51,2.0,0.0,24.3,27.0,1.89,0.37,0.126,0.227,0.101,0.663,0.286,0.377,0.338,0.308,0.154
Nate Savino,Available,ARI,Texas League,AA,Yes,24.0,,9.0,6.2,1.8,102.1,53.2,60.9,94.2,5.24,91.0,96.8351822932689,95.8,14.2,0.0,2.0,4.5,0.0,0.0,16.0,13.0,1.81,0.34,0.091,0.169,0.078,0.678,0.25,0.482,0.268,0.267,0.267
Erian Rodriguez,Available,CHC,Southern League,AA,Yes,24.0,,17.0,8.8,2.0,102.8,68.5,-30.5,103.8,8.09,90.2,75.37241062318023,95.6,47.0,3.0,1.0,6.23,0.0,1.0,34.7,25.0,1.99,0.303,0.181,0.141,-0.04,0.761,0.202,0.367,0.431,0.277,0.085
Blake Cederlind,Available,SD,Texas League,AA,Yes,30.0,,9.0,8.3,0.9,81.7,70.5,-42.2,124.9,6.56,107.5,93.46531272808554,95.5,2.9,0.0,1.0,3.52,0.0,3.0,7.7,7.0,1.83,0.211,0.243,0.189,-0.054,0.9,0.05,0.8,0.15,0.0,0.333
Dawson Brown,Available,ARI,Texas League,AA,Yes,25.0,,21.0,10.3,1.7,98.1,87.6,82.0,95.2,4.29,94.0,104.36166700333284,95.5,10.8,2.0,0.0,5.15,0.0,0.0,36.7,42.0,1.58,0.322,0.154,0.259,0.105,0.686,0.258,0.618,0.124,0.273,0.455
Peyton Niksch,Available,MIL,Southern League,AA,Yes,22.0,,8.0,7.4,2.6,112.1,57.4,33.6,87.4,6.18,82.4,101.28240071365278,95.5,22.5,0.0,1.0,9.43,3.0,0.0,21.0,18.0,2.24,0.37,0.115,0.159,0.044,0.641,0.269,0.423,0.308,0.167,0.292
Wily Villar,Available,TEX,Texas League,AA,Yes,27.0,,2.0,2.1,1.8,90.8,18.1,0.0,111.1,8.03,99.6,91.8779584249465,95.3,4.0,0.0,1.0,7.36,0.0,0.0,3.7,2.0,1.36,0.2,0.118,0.118,0.0,0.8,0.1,0.5,0.4,0.75,0.25
Max Alba,Available,DET,Eastern League,AA,Yes,26.0,,19.0,15.2,4.1,95.2,121.7,80.0,97.5,5.3,95.8,104.33499545438784,95.2,94.8,2.0,5.0,6.52,19.0,0.0,77.3,65.0,1.63,0.347,0.074,0.185,0.111,0.711,0.23,0.383,0.387,0.253,0.152
Clark Candiotti,Available,SD,Texas League,AA,Yes,25.0,,13.0,4.7,1.0,98.1,39.8,71.8,95.6,6.2,93.3,95.35231626821933,95.1,13.1,0.0,1.0,12.08,0.0,1.0,12.7,19.0,2.13,0.4,0.2,0.292,0.092,0.688,0.25,0.313,0.438,0.143,0.143
Jay Dill,Available,ATH,Texas League,AA,Yes,23.0,,30.0,6.5,1.1,106.6,55.2,53.9,89.3,5.49,86.1,123.57334378746516,95.0,26.8,2.0,1.0,5.63,0.0,0.0,32.0,34.0,2.0,0.392,0.146,0.215,0.069,0.643,0.327,0.398,0.276,0.185,0.111
Lucas Knowles,Available,LAA,Southern League,AA,Yes,28.0,,13.0,12.2,3.0,88.1,94.1,80.9,103.7,5.06,101.3,107.77255954362607,94.9,38.4,1.0,2.0,5.08,5.0,0.0,39.0,33.0,1.49,0.328,0.088,0.194,0.106,0.761,0.198,0.471,0.331,0.3,0.125
Jose Atencio,Available,LAA,Southern League,AA,No,24.0,,1.0,19.0,4.0,102.8,147.2,-51.1,104.8,6.49,89.1,100.21641650610374,94.9,3.0,1.0,0.0,0.0,0.0,0.0,4.0,0.0,1.0,0.231,0.067,0.0,-0.067,0.769,0.231,0.538,0.231,0.0,0.0
Jarret Whorff,Available,ATL,Texas League,AA,Yes,27.0,,19.0,3.6,1.4,90.8,30.9,78.1,101.2,5.72,98.8,102.0421887698805,94.8,31.9,1.0,1.0,11.28,0.0,0.0,26.3,22.0,1.9,0.367,0.069,0.169,0.1,0.729,0.188,0.458,0.354,0.235,0.235
David Davalillo,Available,TEX,Texas League,AA,No,25.0,,7.0,27.4,4.6,98.1,233.3,182.7,82.3,3.44,92.9,75.6464470858135,94.8,18.8,1.0,3.0,3.34,7.0,0.0,32.3,44.0,1.52,0.438,0.078,0.312,0.234,0.593,0.37,0.395,0.235,0.316,0.158
T.J. Fondtain,Available,TB,Southern League,AA,Yes,25.0,,26.0,7.1,1.5,98.7,55.0,39.7,98.2,6.19,92.4,103.73920915322108,94.8,41.6,3.0,2.0,6.13,0.0,1.0,39.7,32.0,1.36,0.238,0.135,0.187,0.052,0.72,0.225,0.378,0.396,0.273,0.136
Chris Veach,Available,NYY,Eastern League,AA,Yes,24.0,,9.0,10.0,1.3,103.1,79.7,76.4,89.8,5.31,88.7,121.68771281838777,94.8,10.2,1.0,1.0,3.97,0.0,2.0,11.3,11.0,1.15,0.185,0.128,0.234,0.106,0.655,0.276,0.345,0.379,0.182,0.182
Cam Walty,Available,CLE,Eastern League,AA,No,24.0,,11.0,9.8,1.8,103.1,77.9,92.2,87.7,5.36,88.6,97.82504218732248,94.7,24.0,1.0,0.0,4.5,2.0,1.0,20.0,20.0,1.65,0.322,0.085,0.213,0.128,0.64,0.266,0.328,0.406,0.154,0.231
Jarod Bayless,Available,PIT,Eastern League,AA,No,29.0,,14.0,12.6,1.9,85.3,100.4,141.2,98.9,4.17,103.1,115.72378435498403,94.6,25.0,2.0,1.0,2.7,0.0,0.0,26.7,29.0,1.05,0.279,0.075,0.271,0.196,0.721,0.265,0.368,0.368,0.36,0.04
Alexander Cornielle,Available,NYY,Eastern League,AA,No,24.0,,1.0,25.0,4.3,103.1,199.7,191.7,76.2,4.55,88.4,101.46702130115824,94.6,5.3,0.0,0.0,2.08,1.0,0.0,4.3,5.0,0.92,0.25,0.067,0.333,0.266,0.556,0.333,0.0,0.667,0.167,0.167
Kyle Robinson,Available,LAA,Southern League,AA,Yes,22.0,,5.0,12.8,4.1,112.1,99.2,61.8,82.6,5.77,81.0,106.96980925636336,94.6,25.8,0.0,2.0,8.27,5.0,0.0,20.7,18.0,1.94,0.397,0.101,0.182,0.081,0.606,0.352,0.268,0.38,0.259,0.111
Po-Yu Chen,Available,PIT,Eastern League,AA,Yes,24.0,,9.0,8.2,2.9,103.1,65.9,36.0,93.8,6.22,88.2,69.09691443785535,94.5,25.0,0.0,2.0,8.31,6.0,0.0,26.0,20.0,1.65,0.329,0.119,0.169,0.05,0.684,0.25,0.408,0.342,0.231,0.192
Dalton Rogers,Available,BOS,Eastern League,AA,Yes,25.0,,19.0,16.4,4.0,99.0,131.1,28.8,98.4,6.53,91.5,163.9419987295689,94.4,89.4,2.0,5.0,5.8,15.0,0.0,76.0,71.0,1.62,0.264,0.163,0.203,0.04,0.718,0.22,0.335,0.445,0.204,0.14
Charlie McDaniel,Available,SF,Eastern League,AA,Yes,24.0,,15.0,19.9,5.2,103.1,159.0,69.9,89.8,5.13,88.2,92.41072771256164,94.4,87.0,3.0,4.0,5.4,15.0,0.0,78.3,57.0,1.46,0.325,0.075,0.172,0.097,0.656,0.293,0.341,0.367,0.25,0.143
Anthony Susac,Available,TEX,Texas League,AA,Yes,23.0,,8.0,2.8,1.0,106.6,24.0,17.2,92.6,6.3,85.3,93.03786487093726,94.4,8.0,0.0,0.0,11.25,0.0,0.0,8.0,8.0,2.75,0.5,0.156,0.178,0.022,0.667,0.333,0.4,0.267,0.0,0.0
Blaze Pontes,Available,ATH,Texas League,AA,Yes,26.0,,28.0,6.5,1.1,94.3,55.6,28.9,102.6,5.45,95.1,97.37608363249186,94.2,22.2,2.0,2.0,4.8,0.0,4.0,30.0,24.0,1.63,0.326,0.143,0.18,0.037,0.739,0.25,0.5,0.25,0.227,0.045
Brody Jessee,Available,CIN,Southern League,AA,Yes,25.0,,24.0,9.4,1.8,98.7,72.5,106.0,89.5,5.09,91.5,98.86443527779714,94.2,47.6,4.0,0.0,6.75,0.0,0.0,44.0,46.0,1.57,0.3,0.09,0.229,0.139,0.657,0.229,0.374,0.397,0.135,0.288
Juan Carela,Available,CHW,Southern League,AA,Yes,24.0,,9.0,16.6,3.7,102.8,128.2,63.3,90.5,5.79,88.0,97.45468827831884,94.2,39.4,2.0,3.0,5.67,9.0,0.0,33.3,32.0,1.68,0.309,0.122,0.205,0.083,0.664,0.267,0.327,0.406,0.146,0.171
Adam Tulloch,Available,CLE,Eastern League,AA,Yes,25.0,,31.0,7.4,1.1,99.0,59.1,25.9,98.2,6.22,91.0,157.59467706409683,94.1,27.0,2.0,0.0,2.94,0.0,1.0,33.7,40.0,1.75,0.274,0.205,0.241,0.036,0.716,0.259,0.42,0.321,0.462,0.077
J'Briell Easley,Available,TEX,Texas League,AA,Yes,24.0,,1.0,-4.2,1.0,102.1,-36.2,130.4,83.3,5.65,88.5,101.9916130547714,94.1,2.0,0.0,1.0,18.0,0.0,0.0,1.0,1.0,3.0,0.6,0.0,0.167,0.167,0.6,0.4,0.2,0.4,0.0,0.0
Saul Teran,Available,PHI,Eastern League,AA,Yes,24.0,,29.0,6.4,1.4,103.1,50.8,79.3,88.2,5.58,87.7,121.5774974724138,94.1,48.9,4.0,1.0,6.98,0.0,0.0,40.0,37.0,1.73,0.339,0.084,0.194,0.11,0.643,0.273,0.333,0.394,0.173,0.212
Dylan Cumming,Available,CHW,Southern League,AA,Yes,27.0,,20.0,18.1,4.8,91.4,140.1,71.0,100.2,5.35,97.3,101.89499348574483,94.0,95.9,4.0,9.0,6.02,19.0,0.0,95.7,75.0,1.52,0.325,0.082,0.175,0.093,0.735,0.22,0.456,0.325,0.131,0.141
Morris Austin,Available,CHW,Southern League,AA,No,26.0,,21.0,8.1,1.4,94.9,62.8,87.0,94.9,4.99,94.3,112.5122209646304,94.0,22.4,1.0,2.0,6.14,0.0,2.0,29.3,31.0,1.47,0.299,0.121,0.235,0.114,0.696,0.253,0.456,0.291,0.087,0.174
Brian Curley,Available,ARI,Texas League,AA,Yes,23.0,,9.0,19.4,4.6,106.6,164.9,83.5,83.9,5.37,84.4,105.29193707838202,93.8,35.9,3.0,3.0,6.53,9.0,0.0,41.3,37.0,1.72,0.37,0.09,0.197,0.107,0.605,0.318,0.38,0.302,0.282,0.256
Jaycob Deese,Available,PIT,Eastern League,AA,Yes,26.0,,36.0,7.7,1.6,95.2,61.4,59.1,97.3,5.64,93.6,103.526355561056,93.7,62.3,3.0,4.0,7.34,0.0,2.0,57.7,50.0,1.66,0.337,0.104,0.186,0.082,0.71,0.246,0.404,0.35,0.266,0.125
Luke Bell,Not in Fantrax,CHW,Southern League,AA,No,25.0,,10.0,4.1,1.6,98.7,31.8,9.2,99.9,6.68,90.8,89.74283018020243,93.7,23.4,1.0,1.0,9.92,0.0,0.0,16.3,10.0,1.96,0.344,0.11,0.122,0.012,0.733,0.233,0.383,0.383,0.174,0.087
Reese Dutton,Available,PHI,Eastern League,AA,Yes,25.0,,8.0,7.2,2.8,99.0,57.2,-27.4,103.3,7.11,90.2,99.91609089724416,93.5,25.0,1.0,1.0,7.36,3.0,0.0,22.0,11.0,2.14,0.378,0.142,0.104,-0.038,0.754,0.195,0.468,0.338,0.308,0.154
Carlos Medina,Available,SD,Texas League,AA,Yes,21.0,,1.0,8.5,2.0,116.7,72.4,0.0,83.3,5.19,75.5,90.86855871082908,93.5,1.2,0.0,0.0,0.0,0.0,0.0,2.0,1.0,1.0,0.167,0.125,0.125,0.0,0.6,0.4,0.4,0.2,0.0,0.0
Chase Jessee,Available,KC,Texas League,AA,No,27.0,,33.0,10.4,1.9,90.8,89.0,82.0,98.3,5.47,96.7,119.8324353135777,93.4,58.3,2.0,2.0,3.75,4.0,1.0,62.3,68.0,1.43,0.284,0.14,0.245,0.105,0.708,0.267,0.373,0.36,0.379,0.069
Connor Oliver,Available,PIT,Eastern League,AA,Yes,25.0,,14.0,19.9,4.5,99.0,159.2,62.7,92.9,5.74,90.1,102.3620851319018,93.4,66.6,3.0,6.0,6.14,14.0,0.0,63.0,63.0,1.52,0.253,0.132,0.219,0.087,0.678,0.232,0.367,0.401,0.225,0.225
Tyson Neighbors,Available,BAL,Eastern League,AA,Yes,23.0,,26.0,5.9,1.0,107.6,46.9,73.5,83.5,5.05,83.0,72.48966968462354,93.4,20.0,0.0,4.0,8.33,0.0,1.0,27.0,44.0,2.41,0.464,0.197,0.299,0.102,0.609,0.333,0.377,0.29,0.1,0.2
Dominic Perachi,Available,PIT,Eastern League,AA,Yes,25.0,,9.0,16.1,4.1,99.0,128.9,51.2,93.9,5.47,89.8,61.00379306682713,93.3,36.0,1.0,2.0,4.42,9.0,0.0,36.7,27.0,1.39,0.305,0.105,0.176,0.071,0.685,0.287,0.37,0.343,0.27,0.081
Will Mabrey,Available,ARI,Texas League,AA,Yes,25.0,,13.0,7.2,1.2,98.1,61.1,68.7,92.5,5.48,90.3,92.62499049715542,93.1,13.3,2.0,2.0,3.6,0.0,0.0,15.0,16.0,1.53,0.3,0.147,0.235,0.088,0.666,0.308,0.359,0.333,0.231,0.077
Baron Stuart,Available,WSH,Eastern League,AA,Yes,26.0,,1.0,-0.8,1.0,95.2,-6.0,0.0,102.8,16.17,92.5,99.2970422326348,92.9,2.2,0.0,0.0,27.0,0.0,0.0,1.0,1.0,3.0,0.333,0.125,0.125,0.0,0.75,0.0,0.25,0.75,0.0,0.333
Carlos Rodón,Ben the Hen (ACTIVE),NYY,Eastern League,AA,No,33.0,,2.0,35.0,4.8,75.0,279.6,280.3,89.1,2.15,108.6,133.98816002327644,92.5,6.7,0.0,0.0,0.93,2.0,0.0,9.7,15.0,0.83,0.316,0.028,0.417,0.389,0.65,0.3,0.35,0.35,0.143,0.143
Connor Schultz,Available,CHC,Southern League,AA,Yes,27.0,,16.0,21.8,4.0,91.4,169.0,106.0,93.6,4.73,95.0,99.98145253961415,92.5,68.1,5.0,4.0,4.55,13.0,0.0,63.3,67.0,1.39,0.294,0.1,0.239,0.139,0.687,0.266,0.349,0.385,0.2,0.123
Richard Guasch,Available,BAL,Eastern League,AA,Yes,28.0,,18.0,10.6,1.2,88.4,84.6,153.5,90.5,3.86,97.1,103.29643712876477,92.3,16.3,3.0,0.0,4.22,0.0,1.0,21.3,31.0,1.31,0.244,0.117,0.33,0.213,0.66,0.213,0.426,0.362,0.176,0.353
Gabriel Barbosa,Available,PHI,Eastern League,AA,No,24.0,,7.0,10.4,3.0,103.1,83.3,103.1,81.9,5.18,84.6,113.88452982187438,92.1,26.3,0.0,3.0,7.59,4.0,0.0,21.3,20.0,1.69,0.333,0.061,0.204,0.143,0.598,0.278,0.306,0.417,0.167,0.3
Joel Ibarra,Available,PIT,Texas League,AA,Yes,23.0,,12.0,3.3,0.8,106.6,28.0,-146.0,107.4,11.02,81.8,88.45869952127947,92.1,9.6,0.0,0.0,8.38,0.0,0.0,9.7,12.0,3.1,0.286,0.39,0.203,-0.187,0.774,0.182,0.364,0.455,0.3,0.1
Eccel Correa,Available,BAL,Eastern League,AA,Yes,23.0,,1.0,7.2,2.3,107.6,57.9,-72.1,97.9,8.49,80.9,91.41076575137728,92.1,3.4,0.0,0.0,3.86,0.0,0.0,2.3,1.0,1.29,0.0,0.2,0.1,-0.1,0.714,0.143,0.286,0.571,0.25,0.25
Steven Zobac,Available,KC,Texas League,AA,Yes,25.0,,12.0,14.3,3.3,98.1,122.1,103.1,86.4,5.68,88.5,100.34633667462498,91.9,46.2,1.0,6.0,4.99,12.0,0.0,39.7,39.0,1.31,0.27,0.102,0.234,0.132,0.623,0.302,0.236,0.462,0.204,0.163
Garrett Hodges,Available,MIL,Southern League,AA,Yes,23.0,,11.0,7.6,1.4,107.3,59.0,-17.5,90.8,7.43,80.3,108.26988184630191,91.4,13.8,2.0,1.0,8.04,0.0,1.0,15.7,14.0,2.36,0.319,0.184,0.161,-0.023,0.666,0.216,0.49,0.294,0.2,0.4
Noah Dean,Available,WSH,Eastern League,AA,Yes,25.0,,10.0,4.5,1.1,99.0,35.8,13.0,95.0,7.02,86.9,163.9419987295689,91.3,8.0,0.0,4.0,9.0,2.0,0.0,11.0,15.0,2.09,0.261,0.241,0.259,0.018,0.693,0.192,0.462,0.346,0.222,0.333
Tommy Molsky,Available,KC,Texas League,AA,Yes,23.0,,39.0,5.4,1.2,106.6,45.8,14.1,87.4,6.87,80.5,107.53150450321178,91.2,42.3,3.0,2.0,8.94,0.0,3.0,46.3,43.0,1.92,0.307,0.17,0.188,0.018,0.63,0.289,0.378,0.333,0.156,0.244
Ray Kerr,Available,ATL,Southern League,AA,No,31.0,,2.0,6.9,1.5,79.6,53.3,254.1,85.2,1.53,102.5,107.56097912571738,91.0,0.9,0.0,0.0,3.0,0.0,0.0,3.0,4.0,1.0,0.286,0.0,0.333,0.333,0.625,0.25,0.625,0.125,1.0,1.0
Houston Harding,Available,LAA,Southern League,AA,No,28.0,,2.0,5.0,2.0,88.1,38.7,76.3,97.4,6.41,95.4,85.19627285216734,91.0,5.5,0.0,0.0,13.5,0.0,0.0,4.0,4.0,2.0,0.273,0.1,0.2,0.1,0.714,0.071,0.429,0.5,0.286,0.429
Chase Hampton,Available,NYY,Eastern League,AA,Yes,24.0,,11.0,10.1,3.2,103.1,80.6,36.8,87.8,6.38,83.0,115.9786189873292,91.0,43.8,0.0,5.0,9.59,11.0,0.0,35.7,37.0,2.13,0.365,0.156,0.207,0.051,0.64,0.272,0.307,0.421,0.208,0.208
Jorge Marcheco,Available,ATH,Texas League,AA,Yes,23.0,,1.0,3.8,1.7,106.6,31.9,78.1,79.4,6.65,79.9,94.38273993973564,90.8,3.0,0.0,0.0,16.2,0.0,0.0,1.7,2.0,3.0,0.571,0.1,0.2,0.1,0.572,0.429,0.143,0.429,0.0,0.0
Lucas Giolito,Available,SD,Texas League,AA,Yes,31.0,,2.0,16.9,5.0,79.1,143.7,53.9,108.0,5.47,102.4,115.09719257023193,90.7,11.0,0.0,0.0,3.6,2.0,0.0,10.0,5.0,1.3,0.278,0.045,0.114,0.069,0.778,0.194,0.5,0.306,0.0,0.091
Andrew Landry,Available,NYY,Eastern League,AA,Yes,24.0,,1.0,7.2,2.7,103.1,57.9,144.1,74.7,6.22,82.4,105.84616730733768,90.6,6.4,0.0,0.0,13.5,0.0,0.0,2.7,3.0,2.62,0.5,0.0,0.2,0.2,0.545,0.273,0.091,0.636,0.286,0.286
Tyler Boudreau,Available,NYY,Eastern League,AA,Yes,23.0,,1.0,36.5,3.7,107.6,291.6,360.3,45.6,1.34,78.8,108.33838760722506,90.6,2.0,1.0,0.0,0.0,0.0,0.0,3.7,6.0,0.55,0.333,0.0,0.5,0.5,0.333,0.667,0.0,0.333,0.0,0.0
Mitch Myers,Available,ATH,Texas League,AA,Yes,27.0,,8.0,17.6,4.4,90.8,150.1,99.2,91.2,5.58,92.3,90.75020297844787,90.4,41.7,0.0,2.0,6.94,7.0,0.0,35.0,37.0,1.83,0.379,0.096,0.223,0.127,0.657,0.261,0.333,0.405,0.156,0.2
Luis Rujano,Available,CHC,Southern League,AA,Yes,23.0,,15.0,7.6,1.9,107.3,59.1,0.0,87.1,6.07,78.7,106.34333762007694,90.4,21.5,1.0,2.0,7.62,0.0,1.0,28.3,25.0,1.98,0.329,0.179,0.179,0.0,0.639,0.325,0.422,0.253,0.381,0.143
Tristan Stevens,Available,MIA,Southern League,AA,Yes,28.0,,5.0,7.2,1.6,88.1,55.8,122.1,90.8,4.49,94.2,102.8497344572804,90.2,6.8,0.0,0.0,1.13,0.0,0.0,8.0,5.0,0.5,0.118,0.04,0.2,0.16,0.666,0.267,0.333,0.4,0.0,0.167
Clay Edmondson,Available,SD,Texas League,AA,Yes,23.0,,18.0,3.1,1.0,106.6,26.6,-67.1,95.0,8.37,79.0,119.36829852827805,90.2,13.5,0.0,1.0,10.8,0.0,0.0,18.3,16.0,2.56,0.327,0.238,0.152,-0.086,0.685,0.246,0.509,0.246,0.286,0.286
Blake Brown,Available,WSH,Eastern League,AA,Yes,27.0,,12.0,4.7,0.9,91.7,37.4,59.8,94.3,4.84,91.0,109.75653293565496,90.0,7.8,0.0,0.0,5.23,0.0,0.0,10.3,10.0,1.84,0.387,0.125,0.208,0.083,0.688,0.281,0.469,0.25,0.375,0.125
Bradley Brehmer,Available,BAL,Eastern League,AA,Yes,26.0,,2.0,-0.9,1.2,95.2,-7.0,0.0,97.9,5.25,88.1,107.94633553531986,90.0,1.0,0.0,1.0,15.43,0.0,0.0,2.3,2.0,2.14,0.429,0.182,0.182,0.0,0.714,0.286,0.571,0.143,1.0,0.0
Valentin Linarez,Available,WSN,Eastern League,AA,Yes,26.0,,12.0,7.7,1.1,95.2,61.2,43.2,92.8,6.86,88.0,79.69400712903074,90.0,16.5,1.0,0.0,5.27,0.0,1.0,13.7,16.0,1.76,0.273,0.179,0.239,0.06,0.677,0.235,0.265,0.5,0.176,0.176
Michael Cuevas,Available,HOU,Texas League,AA,Yes,25.0,,11.0,6.2,1.1,98.1,52.8,-35.1,99.1,7.82,85.7,103.62032639539704,90.0,8.7,0.0,0.0,5.84,0.0,1.0,12.3,12.0,2.19,0.294,0.224,0.179,-0.045,0.714,0.229,0.514,0.257,0.444,0.222
Matt King,Available,PIT,Eastern League,AA,Yes,23.0,,2.0,0.6,0.7,107.6,5.0,-206.1,109.7,12.27,77.8,90.04451019051399,90.0,2.4,0.0,0.0,6.75,0.0,0.0,1.3,0.0,2.25,0.0,0.286,0.0,-0.286,0.8,0.0,0.4,0.6,0.667,0.333
Danny Young,Available,ATL,Southern League,AA,No,32.0,,3.0,10.4,1.0,77.1,80.7,109.1,102.2,4.86,102.9,163.9419987295689,89.9,1.2,1.0,0.0,0.0,0.0,0.0,3.0,5.0,1.0,0.0,0.214,0.357,0.143,0.75,0.25,0.5,0.25,0.0,0.0
Ian Mejia,Available,ATL,Southern League,AA,Yes,26.0,,20.0,9.7,3.2,94.9,75.4,52.6,91.7,6.01,88.0,89.95349963945125,89.8,75.8,0.0,9.0,7.63,15.0,0.0,63.7,53.0,1.77,0.318,0.105,0.174,0.069,0.673,0.243,0.374,0.383,0.183,0.22
Igor Gil,Available,SD,Texas League,AA,Yes,25.0,,14.0,7.2,1.2,98.1,61.6,29.7,91.3,6.03,85.4,102.69674633093751,89.8,13.0,0.0,1.0,3.18,0.0,0.0,17.0,20.0,1.59,0.244,0.215,0.253,0.038,0.658,0.341,0.341,0.317,0.308,0.0
Elison Joseph,Available,ATL,Southern League,AA,Yes,25.0,,14.0,8.0,1.3,98.7,61.8,-70.2,102.2,7.68,84.9,84.65861221695978,89.8,13.0,0.0,0.0,3.06,0.0,2.0,17.7,18.0,1.98,0.2,0.299,0.207,-0.092,0.75,0.225,0.45,0.325,0.231,0.077
Griffin Herring,Available,COL,Eastern League,AA,Yes,23.0,,12.0,9.4,1.9,107.6,75.1,43.2,80.7,5.1,77.5,128.19585489517425,89.8,12.5,1.0,1.0,8.87,3.0,0.0,23.3,32.0,2.1,0.352,0.216,0.276,0.06,0.589,0.321,0.446,0.232,0.231,0.385
Matthew Watson,Available,SD,Texas League,AA,Yes,24.0,,5.0,9.6,3.8,102.1,81.3,31.2,87.0,6.61,81.8,89.76096829778407,89.7,22.7,0.0,3.0,8.05,5.0,0.0,19.0,14.0,2.37,0.437,0.099,0.139,0.04,0.627,0.32,0.36,0.32,0.208,0.167
Alberto Pacheco,Available,COL,Eastern League,AA,Yes,23.0,,9.0,4.9,2.0,107.6,39.3,15.9,82.8,7.15,76.6,100.96319847819044,89.2,19.1,0.0,2.0,13.75,2.0,0.0,17.7,19.0,2.32,0.37,0.185,0.207,0.022,0.604,0.264,0.321,0.415,0.182,0.318
Tyson Guerrero,Available,KC,Texas League,AA,Yes,27.0,,12.0,7.5,1.4,90.8,64.1,88.2,90.2,5.12,90.3,99.2749568834189,89.1,14.2,0.0,0.0,6.23,0.0,0.0,17.3,19.0,1.33,0.237,0.155,0.268,0.113,0.65,0.275,0.35,0.375,0.133,0.2
Billy Corcoran,Available,ARI,Texas League,AA,Yes,26.0,,22.0,11.3,2.3,94.3,96.3,100.7,85.2,5.12,87.2,131.8886456052756,89.0,47.2,1.0,0.0,5.72,5.0,1.0,50.3,50.0,1.61,0.331,0.094,0.223,0.129,0.614,0.287,0.367,0.347,0.212,0.288
Jarrod Cande,Available,COL,Eastern League,AA,No,26.0,,9.0,5.3,1.3,95.2,42.2,-13.0,97.5,7.23,86.5,157.1437308938594,89.0,17.2,1.0,0.0,6.94,0.0,0.0,11.7,6.0,2.23,0.395,0.121,0.103,-0.018,0.712,0.244,0.356,0.4,0.167,0.111
Wellington Aracena,Available,ARI,Texas League,AA,Yes,21.0,,5.0,17.5,4.5,116.7,149.1,97.6,64.3,4.27,68.7,99.82336835640456,89.0,12.4,0.0,0.0,7.66,5.0,0.0,22.3,23.0,1.7,0.364,0.096,0.221,0.125,0.463,0.478,0.333,0.188,0.308,0.308
Jacob Wosinski,Available,MIN,Texas League,AA,Yes,27.0,,8.0,4.6,1.5,90.8,38.9,-42.9,105.0,7.83,90.0,122.43585035354288,88.9,17.1,1.0,0.0,7.5,0.0,0.0,12.0,5.0,1.67,0.256,0.148,0.093,-0.055,0.756,0.195,0.366,0.439,0.222,0.111
Aric McAtee,Available,CHW,Southern League,AA,Yes,26.0,,9.0,5.5,1.4,94.9,42.4,-42.7,101.2,7.42,86.7,95.2884146749506,88.9,15.5,2.0,0.0,8.03,0.0,0.0,12.3,8.0,1.54,0.206,0.204,0.148,-0.056,0.742,0.229,0.314,0.457,0.125,0.063
Dakota Hawkins,Available,NYM,Eastern League,AA,No,26.0,,7.0,10.5,2.4,95.2,84.2,69.9,87.8,5.61,86.4,103.68237958525978,88.9,18.3,1.0,1.0,6.88,3.0,0.0,17.0,17.0,1.94,0.392,0.108,0.205,0.097,0.64,0.283,0.358,0.358,0.211,0.211
Andrew Marrero,Available,HOU,Texas League,AA,Yes,26.0,,8.0,5.8,1.0,94.3,49.2,136.6,80.9,5.34,87.1,76.27404159134328,88.8,11.0,0.0,0.0,4.32,0.0,0.0,8.3,11.0,1.8,0.364,0.1,0.275,0.175,0.583,0.292,0.208,0.5,0.167,0.25
Ryan Och,Available,SD,Texas League,AA,Yes,27.0,,2.0,1.9,0.8,90.8,16.0,-173.3,119.0,8.48,89.1,109.71286602293485,88.3,1.0,0.0,0.0,16.2,0.0,0.0,1.7,0.0,3.0,0.429,0.222,0.0,-0.222,0.857,0.143,0.714,0.143,0.0,0.0
Ryan Harvey,Available,DET,Eastern League,AA,Yes,25.0,,1.0,9.8,2.0,99.0,77.9,196.7,68.5,5.24,82.3,96.9330606172072,88.3,3.8,0.0,0.0,9.0,0.0,0.0,2.0,3.0,2.5,0.5,0.0,0.273,0.273,0.5,0.25,0.125,0.625,0.2,0.4
Griffin Kilander,Available,BOS,Eastern League,AA,Yes,23.0,,2.0,-1.1,0.7,107.6,-9.0,-72.1,91.3,11.63,75.2,98.503295338149,88.3,2.0,0.0,0.0,27.0,0.0,0.0,1.3,1.0,3.75,0.5,0.2,0.1,-0.1,0.666,0.333,0.333,0.333,0.0,0.0
Dylan Carmouche,Available,CHW,Eastern League,AA,Yes,24.0,,6.0,5.7,1.2,103.1,45.3,-36.0,91.4,7.09,78.9,88.57408428747064,88.2,3.8,0.0,1.0,11.57,0.0,0.0,7.0,8.0,3.14,0.55,0.25,0.2,-0.05,0.667,0.286,0.524,0.19,0.25,0.25
Javi Rivera,Not in Fantrax,CIN,Southern League,AA,Yes,26.0,,19.0,16.6,4.5,94.9,128.5,46.5,89.5,6.35,85.5,88.94912626241435,88.1,106.6,4.0,9.0,6.67,19.0,0.0,85.0,69.0,1.73,0.306,0.113,0.174,0.061,0.657,0.252,0.325,0.423,0.25,0.216
Michael Prosecky,Available,COL,Eastern League,AA,Yes,25.0,,12.0,6.9,1.7,99.0,55.3,7.9,90.1,5.89,82.1,90.54105474089305,88.1,17.5,0.0,0.0,3.92,4.0,0.0,20.7,14.0,1.74,0.308,0.135,0.146,0.011,0.657,0.299,0.433,0.269,0.222,0.167
Alex Bouchard,Available,BOS,Eastern League,AA,Yes,22.0,,2.0,10.4,4.0,112.5,82.9,58.4,71.3,5.92,70.8,92.85864474457826,88.1,9.6,0.0,0.0,10.13,2.0,0.0,8.0,6.0,1.63,0.292,0.081,0.162,0.081,0.52,0.36,0.24,0.4,0.2,0.3
Austin Amaral,Available,WSH,Eastern League,AA,Yes,24.0,,3.0,4.5,1.4,103.1,36.0,-40.4,91.3,6.46,78.4,99.3874354479308,87.9,4.3,0.0,0.0,4.15,0.0,0.0,4.3,2.0,1.38,0.231,0.167,0.111,-0.056,0.666,0.333,0.333,0.333,0.0,0.0
Jackson Kirkpatrick,Available,CHC,Southern League,AA,Yes,23.0,,11.0,5.5,1.2,107.3,43.0,-29.0,86.1,7.2,75.0,106.5755032403438,87.9,8.0,2.0,0.0,13.15,0.0,0.0,13.0,17.0,2.92,0.447,0.256,0.218,-0.038,0.632,0.342,0.447,0.211,0.25,0.125
Joseph King,Available,STL,Texas League,AA,Yes,25.0,,6.0,7.0,1.0,98.1,59.6,80.4,81.6,4.85,82.0,125.53137473697444,87.5,2.6,0.0,0.0,9.0,0.0,0.0,6.0,7.0,2.0,0.4,0.138,0.241,0.103,0.588,0.294,0.529,0.176,0.0,0.667
Garrett Wright,Available,CHW,Southern League,AA,Yes,24.0,,7.0,6.4,1.3,102.8,49.5,87.0,76.3,4.07,78.1,110.97936701322088,87.5,3.7,0.0,0.0,7.0,0.0,0.0,9.0,12.0,1.89,0.348,0.159,0.273,0.114,0.56,0.36,0.48,0.16,0.0,0.5
Braden Nett,Available,ATH,Texas League,AA,No,24.0,,4.0,9.9,2.4,102.1,84.6,128.0,71.9,4.2,78.4,104.31066181683626,87.4,5.3,0.0,2.0,10.24,4.0,0.0,9.7,14.0,2.17,0.458,0.122,0.286,0.164,0.518,0.333,0.444,0.222,0.167,0.667
Marty Gair,Available,SF,Eastern League,AA,Yes,22.0,,2.0,1.4,1.0,112.5,11.0,65.6,68.5,4.95,69.2,125.40037249394588,86.9,2.0,0.0,0.0,18.0,0.0,0.0,2.0,2.0,2.5,0.5,0.091,0.182,0.091,0.5,0.5,0.25,0.25,0.0,0.0
Dylan Phillips,Available,LAA,Southern League,AA,No,27.0,,7.0,9.3,1.7,91.4,71.9,89.3,85.7,4.81,86.4,111.29696084162316,86.8,11.3,1.0,1.0,6.0,0.0,0.0,12.0,15.0,2.0,0.417,0.133,0.25,0.117,0.628,0.343,0.343,0.314,0.182,0.091
Austin Marozas,Available,TOR,Eastern League,AA,No,27.0,,12.0,9.6,2.1,91.7,76.4,77.1,86.7,4.93,86.2,99.94706401848542,86.8,22.4,1.0,1.0,8.53,1.0,1.0,25.3,27.0,1.93,0.429,0.116,0.223,0.107,0.633,0.342,0.367,0.291,0.261,0.087
Kyle Larsen,Available,PIT,Eastern League,AA,Yes,23.0,,3.0,8.1,1.2,107.6,64.6,37.5,76.1,5.66,72.9,94.9499067597604,86.8,3.0,0.0,0.0,7.36,0.0,0.0,3.7,5.0,1.91,0.222,0.211,0.263,0.052,0.555,0.333,0.333,0.333,0.0,0.333
Zane Russell,Available,ARI,Texas League,AA,Yes,26.0,,2.0,-0.2,0.8,94.3,-2.1,-234.2,119.0,12.65,83.1,85.59171179629435,86.2,2.6,0.0,0.0,10.8,0.0,0.0,1.7,0.0,3.6,0.333,0.3,0.0,-0.3,0.857,0.0,0.571,0.429,0.0,0.333
Gerrit Cole,Je suis Charlie Morton (ACTIVE),NYY,Eastern League,AA,No,35.0,,3.0,22.0,5.0,70.7,175.8,154.2,95.9,3.37,101.9,99.19241626756144,85.7,9.2,0.0,1.0,4.8,3.0,0.0,15.0,14.0,0.8,0.189,0.036,0.25,0.214,0.7,0.225,0.525,0.25,0.1,0.3
Anyer Laureano,Available,CIN,Southern League,AA,Yes,23.0,,2.0,-1.0,0.8,107.3,-7.7,-169.4,97.4,11.76,70.7,95.54506773538556,85.1,3.4,0.0,0.0,16.2,0.0,0.0,1.7,0.0,2.4,0.167,0.222,0.0,-0.222,0.714,0.143,0.286,0.571,0.0,0.25
Maddux Bruns,Available,LAD,Texas League,AA,Yes,24.0,,15.0,3.3,1.0,102.1,28.2,-78.9,91.3,10.0,74.5,134.42828991204036,84.8,14.0,2.0,2.0,14.94,0.0,0.0,15.7,20.0,3.0,0.39,0.303,0.202,-0.101,0.658,0.317,0.341,0.341,0.357,0.071
R.J. Dabovich,Available,SF,Eastern League,AA,No,27.0,,4.0,8.7,0.8,91.7,69.4,48.3,85.7,6.12,82.3,136.27676212779826,84.2,4.0,0.0,0.0,5.4,0.0,1.0,3.3,4.0,1.5,0.25,0.2,0.267,0.067,0.625,0.375,0.125,0.5,0.5,0.0
Yehizon Sanchez,Available,MIN,Texas League,AA,Yes,25.0,,4.0,3.0,1.1,98.1,25.6,-97.6,96.2,8.07,76.9,99.84992046144085,84.2,3.0,0.0,0.0,10.38,0.0,0.0,4.3,4.0,2.77,0.385,0.292,0.167,-0.125,0.693,0.308,0.462,0.231,0.0,0.0
D.J. Carpenter,Available,STL,Texas League,AA,Yes,26.0,,20.0,4.8,1.0,94.3,40.7,-28.1,91.2,8.24,79.5,82.43965267883321,83.8,23.9,2.0,1.0,11.9,0.0,3.0,19.7,15.0,2.54,0.339,0.174,0.138,-0.036,0.657,0.2,0.414,0.386,0.333,0.37
Justin Storm,Available,MIA,Southern League,AA,Yes,24.0,,3.0,8.3,1.3,102.8,64.6,-38.1,83.8,6.97,72.1,104.0906781252352,83.5,3.1,2.0,0.0,11.25,0.0,0.0,4.0,3.0,2.0,0.1,0.2,0.15,-0.05,0.615,0.154,0.538,0.308,0.25,0.75
Blayne Enlow,Available,ATL,Southern League,AA,No,27.0,,14.0,5.6,1.2,91.4,43.2,87.0,79.8,4.06,81.1,95.55510560551755,83.3,5.7,1.0,2.0,5.29,0.0,0.0,17.0,18.0,1.29,0.256,0.143,0.257,0.114,0.585,0.366,0.488,0.146,0.333,0.333
Andrew Taylor,Available,HOU,Texas League,AA,Yes,24.0,,4.0,23.7,4.7,102.1,201.8,97.6,68.1,4.75,72.0,109.09640639585815,83.1,15.1,2.0,1.0,5.3,4.0,0.0,18.7,18.0,1.55,0.34,0.1,0.225,0.125,0.49,0.434,0.264,0.302,0.25,0.25
Ronel Blanco,Available,HOU,Texas League,AA,No,32.0,,2.0,17.2,3.8,76.6,146.9,75.7,94.6,6.14,92.9,110.63857434915818,83.0,10.5,0.0,0.0,2.35,2.0,0.0,7.7,6.0,1.3,0.286,0.097,0.194,0.097,0.681,0.273,0.227,0.5,0.455,0.091
Chandler Welch,Available,MIL,Southern League,AA,Yes,23.0,,2.0,-1.1,3.0,107.3,-8.7,-98.4,85.2,9.1,67.2,99.4486141508748,82.8,8.2,0.0,1.0,13.5,0.0,0.0,6.0,1.0,2.17,0.273,0.161,0.032,-0.129,0.625,0.292,0.333,0.375,0.444,0.222
Jack Hartman,Available,TB,Southern League,AA,Yes,27.0,,3.0,5.1,0.9,91.4,39.4,-117.5,102.2,8.74,80.2,116.23663304559814,82.6,2.0,1.0,0.0,3.37,0.0,0.0,2.7,1.0,2.62,0.5,0.231,0.077,-0.154,0.75,0.25,0.5,0.25,0.0,0.0
John West,Available,ARI,Texas League,AA,Yes,24.0,,2.0,13.5,3.8,102.1,115.0,0.0,78.4,7.06,71.2,91.98386586168344,82.6,7.3,0.0,0.0,7.04,2.0,0.0,7.7,7.0,2.09,0.333,0.184,0.184,0.0,0.565,0.348,0.304,0.348,0.0,0.25
Jackson Lancaster,Available,TB,Southern League,AA,Yes,27.0,,19.0,4.5,1.3,91.4,34.9,6.1,87.7,6.13,79.9,81.51037794250577,82.5,21.6,0.0,1.0,9.95,0.0,1.0,25.3,21.0,2.13,0.367,0.159,0.167,0.008,0.644,0.298,0.429,0.274,0.304,0.217
Seth Keener,Available,CHW,Southern League,AA,Yes,24.0,,1.0,3.2,0.7,102.8,25.2,-228.9,102.2,24.31,69.0,96.62835305376277,81.5,2.5,0.0,0.0,0.0,0.0,0.0,0.7,1.0,10.5,0.6,0.4,0.1,-0.3,0.75,0.25,0.25,0.5,0.0,0.0
Hudson White,Available,BOS,Eastern League,AA,Yes,23.0,,2.0,-2.5,0.7,107.6,-20.0,-131.2,85.7,11.74,64.4,78.64010664695654,81.1,1.0,0.0,1.0,6.75,0.0,0.0,1.3,0.0,4.5,0.5,0.182,0.0,-0.182,0.625,0.375,0.5,0.125,1.0,0.0
Peter Heubeck,Available,LAD,Texas League,AA,Yes,23.0,,9.0,8.5,2.1,106.6,72.6,51.5,65.5,5.9,65.1,50.491136760453614,81.0,14.5,0.0,3.0,11.64,9.0,0.0,19.3,29.0,2.53,0.438,0.208,0.274,0.066,0.472,0.415,0.283,0.302,0.375,0.375
José Leclerc,Available,SD,Texas League,AA,No,32.0,,6.0,6.0,1.4,76.6,50.8,152.2,82.2,4.74,89.7,122.83068216133984,80.9,9.8,0.0,2.0,9.72,0.0,0.0,8.3,11.0,2.04,0.458,0.073,0.268,0.195,0.592,0.296,0.296,0.407,0.182,0.273
Brady Hill,Available,WSH,Eastern League,AA,Yes,25.0,,2.0,-2.0,1.0,99.0,-16.0,0.0,78.4,6.45,71.2,101.90238345247904,80.9,2.3,0.0,1.0,18.0,0.0,0.0,2.0,2.0,3.0,0.5,0.167,0.167,0.0,0.572,0.429,0.286,0.286,0.0,0.0
Calvin Bickerstaff,Available,BOS,Eastern League,AA,Yes,24.0,,1.0,12.5,3.0,103.1,99.9,95.8,62.4,5.69,66.8,92.98140835374907,80.2,4.1,0.0,0.0,6.0,0.0,0.0,3.0,3.0,2.0,0.333,0.067,0.2,0.133,0.455,0.364,0.182,0.455,0.4,0.4
Jay Allmer,Available,BOS,Eastern League,AA,Yes,24.0,,1.0,-4.5,1.7,103.1,-36.0,-216.2,97.9,10.11,66.5,75.6292135411384,80.0,1.0,0.0,1.0,16.2,0.0,0.0,1.7,0.0,3.6,0.429,0.3,0.0,-0.3,0.714,0.286,0.571,0.143,0.0,0.0
Yerry Rodríguez,Available,NYY,Eastern League,AA,Yes,28.0,,6.0,4.7,1.0,88.4,37.6,131.2,71.8,3.64,78.6,131.02011780642923,79.9,4.5,0.0,0.0,13.5,1.0,0.0,6.0,9.0,2.5,0.526,0.091,0.273,0.182,0.524,0.381,0.381,0.238,0.0,0.4
Tanner Witt,Available,NYM,Eastern League,AA,No,23.0,,1.0,-2.2,1.3,107.6,-18.0,0.0,68.5,7.13,62.5,89.45873148748541,79.8,1.7,0.0,0.0,27.0,0.0,0.0,1.3,1.0,3.75,0.6,0.125,0.125,0.0,0.499,0.333,0.333,0.333,0.5,0.5
Tanner Perry,Available,MIL,Southern League,AA,Yes,23.0,,1.0,2.8,2.3,107.3,21.3,0.0,68.2,9.02,62.3,89.48494731676814,79.5,3.0,0.0,0.0,27.0,0.0,0.0,2.3,4.0,3.86,0.5,0.222,0.222,0.0,0.5,0.375,0.25,0.375,0.333,0.333
Diomedes Hernandez,Available,NYY,Eastern League,AA,Yes,21.0,,1.0,-2.8,0.7,117.9,-22.0,-288.3,91.3,15.38,53.5,119.98907566428736,79.5,1.0,0.0,0.0,27.0,0.0,0.0,0.7,0.0,4.5,0.333,0.4,0.0,-0.4,0.666,0.333,0.333,0.333,1.0,0.0
Jake Bockenstedt,Available,CHW,Southern League,AA,Yes,26.0,,8.0,4.7,1.3,94.9,36.6,62.6,72.5,5.41,72.3,95.96594170911914,79.3,10.3,1.0,1.0,9.58,0.0,0.0,10.3,9.0,1.65,0.333,0.102,0.184,0.082,0.532,0.438,0.25,0.313,0.1,0.1
Tyler Bradt,Available,STL,Texas League,AA,Yes,25.0,,10.0,4.2,1.1,98.1,36.2,-128.0,86.7,7.6,65.6,79.93308436719917,76.6,5.1,2.0,1.0,9.0,0.0,0.0,11.0,6.0,2.36,0.303,0.273,0.109,-0.164,0.625,0.344,0.5,0.156,0.0,0.2
Ryan Dromboski,Available,PHI,Eastern League,AA,Yes,23.0,,1.0,-3.8,2.3,107.6,-30.0,-76.4,68.5,9.41,54.9,99.19033793301948,74.8,3.0,0.0,1.0,23.14,1.0,0.0,2.3,2.0,4.71,0.5,0.211,0.105,-0.106,0.5,0.417,0.333,0.25,0.0,0.333
Yordin Chalas,Available,ARI,Texas League,AA,Yes,22.0,,3.0,-1.5,0.7,111.4,-12.8,-180.4,69.4,10.67,45.3,118.26869649345318,70.5,1.8,0.0,1.0,13.5,0.0,0.0,2.0,1.0,4.0,0.429,0.308,0.077,-0.231,0.5,0.375,0.375,0.25,0.0,0.5
T.J. Brock,Available,TOR,Eastern League,AA,Yes,26.0,,5.0,2.0,0.9,95.2,16.4,-86.5,73.1,7.76,57.9,69.57640065954067,69.9,4.0,0.0,0.0,9.64,0.0,0.0,4.7,3.0,2.36,0.267,0.24,0.12,-0.12,0.533,0.4,0.333,0.267,0.25,0.25
Shea Sprague,Available,BOS,Eastern League,AA,Yes,23.0,,1.0,-8.2,1.3,107.6,-65.9,0.0,45.6,10.67,42.7,92.13132901682587,66.6,2.7,0.0,0.0,54.0,0.0,0.0,1.3,2.0,6.75,0.667,0.154,0.154,0.0,0.333,0.333,0.222,0.444,0.0,0.75
Mason Marriott,Available,ARI,Texas League,AA,Yes,23.0,,1.0,6.2,2.7,106.6,53.2,56.2,37.9,4.81,41.6,103.4495661614046,65.3,1.6,0.0,1.0,6.75,1.0,0.0,2.7,2.0,2.62,0.444,0.071,0.143,0.072,0.273,0.545,0.273,0.182,0.0,1.0
Giussepe Velasquez,Available,PHI,Eastern League,AA,Yes,23.0,,1.0,0.2,3.0,107.6,2.0,-144.1,54.8,10.02,36.3,96.32436294349688,62.3,3.5,0.0,1.0,12.0,1.0,0.0,3.0,1.0,2.33,0.0,0.267,0.067,-0.2,0.4,0.3,0.2,0.5,0.2,0.6
Stephen Quigley,Available,CIN,Southern League,AA,Yes,26.0,,1.0,-9.8,1.0,94.9,-75.5,-218.2,54.5,9.56,28.6,92.26589525014302,50.2,0.0,0.0,1.0,27.0,0.0,0.0,1.0,0.0,5.0,0.6,0.286,0.0,-0.286,0.4,0.6,0.4,0.0,0.0,0.0
Richard Lovelady,Available,WSH,Eastern League,AA,No,30.0,,1.0,5.2,1.3,82.5,41.9,-103.1,27.4,7.24,16.5,103.0733587221374,35.3,1.2,0.0,0.0,13.5,0.0,0.0,1.3,0.0,2.25,0.333,0.143,0.0,-0.143,0.2,0.8,0.0,0.2,0.0,0.0
Justin Martinez,Available,ARI,Pacific Coast League,AAA,Yes,24.0,,2.0,7.5,1.0,113.4,75.7,505.6,141.5,2.68,167.5,141.85298546974224,153.0,2.0,0.0,0.0,0.0,0.0,0.0,2.0,3.0,0.0,0.0,0.0,0.5,0.5,1.0,0.0,0.333,0.667,0.0,0.0
Zack Mack,Available,NYM,International League,AAA,Yes,23.0,,1.0,13.0,0.7,118.1,120.3,392.0,139.6,0.5,159.2,108.97509378151938,150.1,0.0,1.0,0.0,0.0,0.0,0.0,0.7,1.0,0.0,0.0,0.0,0.5,0.5,1.0,0.0,1.0,0.0,0.0,0.0
Gabe Speier,Available,SEA,Pacific Coast League,AAA,Yes,31.0,,1.0,9.0,1.0,87.8,90.9,674.5,141.5,-0.06,167.5,58.77501326405428,138.9,0.0,0.0,0.0,0.0,0.0,0.0,1.0,2.0,0.0,0.0,0.0,0.667,0.667,1.0,0.0,1.0,0.0,0.0,0.0
Cole Stasio,Available,TEX,Pacific Coast League,AAA,Yes,24.0,,1.0,14.5,2.0,113.4,146.4,252.8,141.5,5.05,145.3,102.08053565022828,138.2,3.0,0.0,0.0,0.0,0.0,0.0,2.0,3.0,1.0,0.25,0.125,0.375,0.25,1.0,0.0,0.25,0.75,0.333,0.0
Andrew Sears,Available,DET,International League,AAA,Yes,23.0,,2.0,41.8,4.8,118.1,386.3,230.5,121.0,3.48,131.4,102.64810748391652,131.5,7.0,1.0,0.0,0.0,0.0,0.0,9.7,14.0,0.62,0.133,0.118,0.412,0.294,0.867,0.133,0.4,0.467,0.143,0.0
Alex Santos II,Available,HOU,Pacific Coast League,AAA,Yes,24.0,,6.0,10.2,1.3,113.4,103.5,279.1,119.7,4.19,135.1,95.9998603873236,131.4,7.4,0.0,0.0,1.17,0.0,0.0,7.7,12.0,0.78,0.083,0.138,0.414,0.276,0.846,0.077,0.308,0.615,0.25,0.125
Sandro Santana,Available,STL,International League,AAA,Yes,21.0,,2.0,7.9,1.2,129.4,72.9,0.0,139.6,5.64,120.0,128.72591521851183,130.1,0.0,0.0,0.0,7.71,0.0,0.0,2.3,5.0,2.14,0.0,0.417,0.417,0.0,1.0,0.0,1.0,0.0,0.0,0.0
Tyler Glasnow,Ben the Hen (ACTIVE),LAD,Pacific Coast League,AAA,Yes,32.0,,3.0,28.2,3.9,85.1,284.4,369.1,133.7,2.75,156.3,110.86578741100612,129.9,7.0,0.0,1.0,1.54,3.0,0.0,11.7,19.0,0.51,0.111,0.098,0.463,0.365,0.945,0.056,0.556,0.389,0.286,0.0
Clayton Beeter,Available,WSH,International League,AAA,Yes,27.0,,2.0,8.9,1.0,100.6,82.1,224.2,139.6,5.16,142.4,107.21656774501125,129.2,4.0,0.0,0.0,0.0,0.0,0.0,2.0,2.0,0.5,0.2,0.0,0.286,0.286,1.0,0.0,0.2,0.8,0.75,0.0
Carlos Vargas,Available,SEA,Pacific Coast League,AAA,Yes,26.0,,3.0,12.2,1.2,104.7,122.9,467.2,101.0,1.14,137.7,119.98907566428736,128.3,1.0,1.0,0.0,0.0,0.0,0.0,3.7,6.0,0.55,0.286,0.0,0.462,0.462,0.714,0.286,0.571,0.143,0.0,0.0
Brock Stewart,Available,LAD,Pacific Coast League,AAA,Yes,34.0,,6.0,8.1,0.8,80.1,81.6,353.9,141.5,2.32,155.4,120.255865648732,126.6,2.0,0.0,0.0,0.0,0.0,0.0,4.7,10.0,1.29,0.429,0.15,0.5,0.35,1.0,0.0,0.714,0.286,0.5,0.0
Richard Lovelady,Available,WSH,International League,AAA,Yes,30.0,,2.0,9.0,1.0,90.5,83.3,261.1,139.6,3.91,146.1,16.51512533935666,126.1,1.0,0.0,0.0,0.0,0.0,0.0,2.0,2.0,0.0,0.0,0.0,0.333,0.333,1.0,0.0,0.667,0.333,0.0,0.0
Gary Gill Hill,Available,NYM,International League,AAA,Yes,21.0,,1.0,23.2,5.0,129.4,215.1,107.4,114.9,3.96,113.7,102.1596383994769,125.9,4.0,0.0,0.0,1.8,1.0,0.0,5.0,4.0,1.4,0.353,0.045,0.182,0.137,0.823,0.176,0.588,0.235,0.0,0.0
Felipe De La Cruz,Available,NYM,International League,AAA,Yes,25.0,,3.0,12.2,1.8,108.7,113.4,247.7,118.2,3.3,130.6,112.23754186782918,125.8,5.5,1.0,0.0,3.38,0.0,0.0,5.3,6.0,0.94,0.333,0.0,0.316,0.316,0.847,0.077,0.462,0.462,0.167,0.167
R.J. Dabovich,Available,SF,Pacific Coast League,AAA,Yes,27.0,,5.0,8.2,1.1,100.8,83.3,213.4,128.6,5.09,136.3,82.34868624318662,125.2,7.0,1.0,0.0,0.0,0.0,0.0,5.3,6.0,0.56,0.091,0.105,0.316,0.211,0.909,0.091,0.273,0.636,0.143,0.0
Jacob Stretch,Available,TEX,Pacific Coast League,AAA,Yes,23.0,,1.0,3.0,1.0,118.4,30.3,0.0,141.5,7.42,120.0,91.2162036440474,124.1,2.0,0.0,0.0,0.0,0.0,0.0,1.0,0.0,0.0,0.0,0.0,0.0,0.0,1.0,0.0,0.333,0.667,0.0,0.0
Ryan Johnson,Available,LAA,Pacific Coast League,AAA,Yes,23.0,,1.0,22.5,5.0,118.4,227.2,240.7,106.2,3.68,119.5,113.4395430988546,123.7,4.7,0.0,0.0,5.4,1.0,0.0,5.0,5.0,1.2,0.333,0.0,0.238,0.238,0.75,0.188,0.5,0.313,0.2,0.2
Troy Melton,Daddy Yankee (ACTIVE),DET,International League,AAA,Yes,25.0,,1.0,14.0,2.0,108.7,129.5,71.3,139.6,5.91,127.1,136.7769065980585,123.5,1.0,0.0,0.0,0.0,1.0,0.0,2.0,3.0,2.0,0.4,0.182,0.273,0.091,1.0,0.0,0.8,0.2,0.0,0.0
Jack Nedrow,Available,TOR,International League,AAA,Yes,23.0,,1.0,18.5,3.7,118.1,171.2,184.2,111.7,5.08,118.6,85.68295814811648,123.0,7.7,0.0,0.0,7.36,1.0,0.0,3.7,5.0,1.64,0.455,0.059,0.294,0.235,0.8,0.2,0.1,0.7,0.143,0.0
Justin Slaten,Available,BOS,International League,AAA,Yes,28.0,,1.0,8.5,1.0,97.0,78.7,156.8,139.6,2.5,135.7,98.6790940271312,122.8,0.0,0.0,0.0,0.0,1.0,0.0,1.0,2.0,2.0,0.5,0.2,0.4,0.2,1.0,0.0,1.0,0.0,0.0,0.0
Jedixson Paez,Available,BOS,International League,AAA,Yes,22.0,,3.0,25.9,4.1,123.5,239.8,266.6,96.6,2.64,113.7,108.32283716125228,122.7,8.3,0.0,1.0,2.92,3.0,0.0,12.3,18.0,0.73,0.208,0.043,0.383,0.34,0.692,0.231,0.423,0.346,0.222,0.222
Isaac Lyon,Available,WSH,International League,AAA,Yes,22.0,,2.0,24.6,4.3,123.5,227.9,98.0,114.3,5.03,112.3,105.76749502975404,121.7,10.0,1.0,0.0,2.08,2.0,0.0,8.7,7.0,0.81,0.182,0.094,0.219,0.125,0.819,0.182,0.364,0.455,0.0,0.0
Jamie Arnold,The Hot and Steamy Boys (MINORS),ATH,Pacific Coast League,AAA,Yes,22.0,,1.0,36.5,5.0,123.7,368.6,168.9,103.0,4.88,109.5,104.90771776922088,120.0,5.0,1.0,0.0,0.0,1.0,0.0,5.0,5.0,1.2,0.364,0.111,0.278,0.167,0.728,0.273,0.273,0.455,0.2,0.0
Cameron Wagoner,Available,MIL,International League,AAA,Yes,25.0,,10.0,9.4,1.1,108.7,87.4,174.1,115.4,4.1,120.8,120.72102428669936,119.3,13.0,0.0,0.0,0.79,0.0,1.0,11.3,13.0,1.06,0.31,0.067,0.289,0.222,0.827,0.172,0.379,0.448,0.231,0.0
Saul Garcia,Available,NYM,International League,AAA,Yes,23.0,,2.0,7.4,1.5,118.1,68.2,87.0,116.3,4.38,112.9,99.64978453388076,119.2,2.0,0.0,0.0,0.0,0.0,0.0,3.0,2.0,0.33,0.0,0.111,0.222,0.111,0.833,0.167,0.5,0.333,0.0,0.0
Caleb Freeman,Available,TOR,International League,AAA,Yes,28.0,,1.0,11.0,1.3,97.0,101.8,98.0,139.6,6.24,129.8,100.47502463334489,118.8,2.0,0.0,0.0,0.0,0.0,0.0,1.3,3.0,3.0,0.667,0.25,0.375,0.125,1.0,0.0,0.333,0.667,0.0,0.0
Jack Seppings,Available,MIL,International League,AAA,Yes,23.0,,2.0,25.5,3.7,118.1,236.0,56.4,118.6,5.61,111.9,96.21598004419874,118.5,9.0,2.0,0.0,0.0,0.0,0.0,7.3,5.0,1.09,0.25,0.107,0.179,0.072,0.85,0.15,0.4,0.45,0.222,0.0
Thomas White,Bobby and the NitWitts (MINORS),MIA,International League,AAA,Yes,21.0,,5.0,20.9,3.7,129.4,192.9,155.2,96.4,3.96,102.4,99.41602735897158,118.4,14.0,0.0,1.0,4.34,5.0,0.0,18.7,25.0,1.45,0.357,0.111,0.309,0.198,0.691,0.238,0.429,0.333,0.286,0.214
Jurrangelo Cijntje,Je suis Charlie Morton (MINORS),STL,International League,AAA,Yes,23.0,,9.0,24.5,4.7,118.1,227.0,128.6,109.4,3.98,111.1,101.52095499304298,118.0,30.7,1.0,5.0,5.27,9.0,0.0,42.7,54.0,1.52,0.373,0.122,0.286,0.164,0.784,0.207,0.514,0.279,0.226,0.032
Jack Leiter,Skrrt vs The World (INJURED_RESERVE),TEX,Pacific Coast League,AAA,Yes,26.0,,2.0,7.9,1.8,104.7,79.5,178.0,115.9,5.76,121.6,87.61347482135692,117.6,5.0,0.0,0.0,7.36,1.0,0.0,3.7,4.0,1.36,0.364,0.059,0.235,0.176,0.819,0.182,0.364,0.455,0.2,0.0
Paulshawn Pasqualotto,Available,MIN,International League,AAA,Yes,25.0,,3.0,15.1,1.8,108.7,139.6,196.0,109.6,2.81,118.0,95.03780079184186,117.4,4.0,0.0,0.0,8.44,0.0,1.0,5.3,10.0,2.06,0.5,0.107,0.357,0.25,0.786,0.143,0.571,0.286,0.25,0.25
Garrett Acton,Available,MIN,International League,AAA,Yes,28.0,,15.0,11.4,1.3,97.0,105.2,174.1,123.0,4.61,127.5,123.91007594940722,117.3,21.5,4.0,0.0,2.25,0.0,0.0,20.0,27.0,0.9,0.195,0.111,0.333,0.222,0.881,0.095,0.381,0.524,0.136,0.045
Ubert Mejias,Available,SF,Pacific Coast League,AAA,Yes,25.0,,1.0,14.0,2.7,108.9,141.4,83.9,121.2,7.85,116.9,94.08208162359978,116.8,5.1,0.0,0.0,3.37,0.0,0.0,2.7,3.0,1.5,0.167,0.167,0.25,0.083,0.857,0.0,0.143,0.857,0.167,0.167
Gabriel Hughes,Available,COL,Pacific Coast League,AAA,Yes,24.0,,9.0,24.3,4.5,113.4,245.7,215.4,101.9,3.79,113.2,118.5995799729178,116.8,31.0,2.0,1.0,5.31,7.0,0.0,40.7,48.0,1.28,0.351,0.064,0.277,0.213,0.72,0.261,0.459,0.279,0.129,0.065
Nicolo Pinazzi,Available,LAA,Pacific Coast League,AAA,Yes,26.0,,1.0,19.5,2.0,104.7,196.9,0.0,141.5,5.81,120.0,102.22704326240422,116.5,1.3,1.0,0.0,0.0,0.0,0.0,2.0,2.0,1.0,0.0,0.25,0.25,0.0,1.0,0.0,0.667,0.333,0.0,0.0
Nick Sando,Available,CIN,International League,AAA,Yes,25.0,,1.0,42.8,6.0,108.7,395.6,107.4,118.1,5.13,116.5,106.88487934202092,116.4,7.0,1.0,0.0,0.0,1.0,0.0,6.0,6.0,0.83,0.154,0.136,0.273,0.137,0.846,0.154,0.308,0.538,0.0,0.0
Jackson Kent,Available,WSH,International League,AAA,Yes,23.0,,13.0,28.3,4.9,118.1,262.1,131.7,106.3,4.24,108.7,116.74429624851226,116.4,61.2,8.0,3.0,4.38,13.0,0.0,63.7,67.0,1.24,0.287,0.082,0.25,0.168,0.762,0.193,0.449,0.358,0.175,0.127
Dalton Pence,Available,TEX,Pacific Coast League,AAA,Yes,23.0,,7.0,20.9,4.2,118.4,211.0,73.8,112.8,6.59,108.5,107.42955705974268,116.4,45.9,3.0,1.0,2.12,6.0,0.0,29.7,21.0,1.25,0.264,0.098,0.171,0.073,0.797,0.18,0.292,0.528,0.298,0.043
Owen Murphy,Third Degree Burnes (MINORS),ATL,International League,AAA,Yes,22.0,,17.0,28.0,5.3,123.5,259.4,124.7,101.6,4.8,103.9,92.07882912217391,116.1,99.6,5.0,7.0,3.18,17.0,0.0,90.7,89.0,1.08,0.242,0.084,0.243,0.159,0.728,0.226,0.343,0.431,0.204,0.107
Joshua Quezada,Available,MIL,International League,AAA,Yes,22.0,,1.0,7.0,1.3,123.5,64.8,196.0,93.1,2.0,103.6,102.63219000758058,116.0,0.0,0.0,0.0,0.0,0.0,0.0,1.3,1.0,0.0,0.0,0.0,0.25,0.25,0.667,0.333,0.667,0.0,0.0,0.0
Nic Swanson,Available,HOU,Pacific Coast League,AAA,Yes,26.0,,2.0,15.5,2.3,104.7,156.5,237.6,106.1,3.4,119.1,99.56249051764844,115.9,2.2,0.0,0.0,0.0,0.0,0.0,4.7,6.0,0.86,0.222,0.118,0.353,0.235,0.75,0.25,0.5,0.25,0.0,0.0
Hunter Brown,Je suis Charlie Morton (ACTIVE),HOU,Pacific Coast League,AAA,Yes,27.0,,3.0,24.8,4.1,100.8,250.8,279.1,104.8,3.06,122.1,110.88584593556628,115.8,6.7,0.0,1.0,2.19,3.0,0.0,12.3,16.0,0.81,0.192,0.064,0.34,0.276,0.741,0.185,0.556,0.259,0.143,0.286
Nate Lavender,Available,NYM,International League,AAA,Yes,26.0,,25.0,10.8,1.3,104.5,99.9,250.1,104.7,2.8,119.2,91.04049061988135,115.8,23.2,2.0,2.0,3.27,2.0,2.0,33.0,53.0,1.09,0.339,0.083,0.402,0.319,0.75,0.188,0.438,0.375,0.208,0.167
Jose Cabrera,Available,ARI,Pacific Coast League,AAA,Yes,24.0,,9.0,21.9,5.0,113.4,221.3,156.7,106.0,4.93,110.9,103.817744071854,115.3,47.3,1.0,3.0,5.8,9.0,0.0,45.0,45.0,1.49,0.361,0.07,0.225,0.155,0.749,0.215,0.43,0.356,0.146,0.104
Ethan Pecko,Available,HOU,Pacific Coast League,AAA,Yes,23.0,,17.0,20.5,4.4,118.4,207.3,135.5,103.8,4.68,106.8,130.53991265926095,115.3,60.5,4.0,6.0,4.94,15.0,0.0,74.7,71.0,1.39,0.329,0.088,0.222,0.134,0.733,0.239,0.477,0.284,0.242,0.097
Brett Sears,Available,ATL,International League,AAA,Yes,26.0,,3.0,26.9,4.6,104.5,249.1,138.0,116.4,4.38,118.1,110.01277074355303,115.1,12.1,0.0,0.0,1.32,3.0,0.0,13.7,16.0,1.24,0.333,0.105,0.281,0.176,0.834,0.167,0.467,0.367,0.182,0.0
Ian Koenig,Available,SD,Pacific Coast League,AAA,Yes,25.0,,2.0,30.8,5.0,108.9,310.5,227.5,101.9,4.18,114.4,94.73018263657,115.1,9.6,1.0,0.0,4.5,2.0,0.0,10.0,12.0,1.0,0.25,0.075,0.3,0.225,0.72,0.24,0.36,0.4,0.1,0.1
Levi Stoudt,Available,PHI,International League,AAA,Yes,28.0,,7.0,9.8,1.6,97.0,90.6,181.1,118.1,3.54,123.9,111.85346445382784,114.9,9.0,0.0,1.0,0.0,2.0,0.0,11.0,11.0,0.55,0.154,0.051,0.282,0.231,0.846,0.154,0.5,0.346,0.333,0.0
Yaqui Rivera,Available,BAL,International League,AAA,Yes,22.0,,23.0,12.7,2.2,123.5,117.3,104.3,101.6,4.23,101.9,128.74168108283868,114.8,35.2,2.0,3.0,3.78,7.0,1.0,50.0,58.0,1.48,0.317,0.133,0.266,0.133,0.728,0.233,0.488,0.279,0.25,0.139
Noah Murdock,Available,PIT,International League,AAA,Yes,27.0,,23.0,7.1,1.2,100.6,65.8,170.9,115.4,3.04,120.5,116.44492419782613,114.6,9.6,0.0,2.0,4.61,3.0,0.0,27.3,40.0,1.17,0.29,0.118,0.336,0.218,0.827,0.172,0.672,0.155,0.0,0.0
Hayden Merda,Available,NYY,International League,AAA,Yes,26.0,,7.0,11.8,1.4,104.5,109.1,204.6,107.9,3.53,117.3,110.22978818556668,114.6,9.1,1.0,0.0,6.3,2.0,1.0,10.0,18.0,1.6,0.4,0.13,0.391,0.261,0.773,0.136,0.409,0.455,0.3,0.2
Logan Martin,Available,SF,Pacific Coast League,AAA,Yes,24.0,,1.0,8.2,2.3,113.4,83.3,-101.1,141.5,8.32,109.9,97.5331689723542,114.6,3.0,0.0,0.0,7.71,0.0,0.0,2.3,2.0,1.29,0.0,0.3,0.2,-0.1,1.0,0.0,0.4,0.6,0.333,0.0
Brett Wichrowski,Available,MIL,International League,AAA,Yes,23.0,,15.0,10.4,2.0,118.1,96.4,100.4,106.4,4.77,105.6,93.16932379355316,114.3,24.8,3.0,2.0,5.93,6.0,0.0,30.3,30.0,1.29,0.25,0.098,0.226,0.128,0.762,0.167,0.524,0.31,0.077,0.231
Ricky Tiedemann,Available,TOR,International League,AAA,Yes,23.0,,7.0,6.1,1.1,118.1,56.8,130.9,102.9,3.56,105.6,128.90819884319484,114.3,3.3,0.0,0.0,4.5,0.0,0.0,8.0,10.0,1.5,0.381,0.111,0.278,0.167,0.737,0.263,0.579,0.158,0.667,0.0
Liam Hendriks,Available,CHC,International League,AAA,Yes,37.0,,4.0,6.6,1.0,73.4,61.3,224.2,139.6,4.03,142.4,163.18205351225808,114.2,5.0,0.0,0.0,0.0,0.0,0.0,4.0,5.0,0.5,0.125,0.071,0.357,0.286,1.0,0.0,0.375,0.625,0.6,0.0
Eduardo Rivera,Available,BOS,International League,AAA,Yes,23.0,,24.0,13.0,1.9,118.1,120.7,111.3,104.7,4.38,105.2,114.89507396660142,114.1,27.7,6.0,2.0,2.96,3.0,0.0,45.7,55.0,1.31,0.28,0.136,0.278,0.142,0.75,0.222,0.519,0.259,0.214,0.107
Garrett Baumann,Available,ATL,International League,AAA,Yes,21.0,,9.0,14.1,4.3,129.4,130.8,59.6,100.0,4.86,95.9,101.80117178338868,114.1,31.0,2.0,4.0,8.45,9.0,0.0,38.3,31.0,1.75,0.31,0.091,0.167,0.076,0.716,0.201,0.552,0.246,0.182,0.333
Clarke Schmidt,Available,NYY,International League,AAA,Yes,30.0,,2.0,10.5,2.0,90.5,97.2,168.6,124.0,4.08,127.7,39.05111581590778,113.9,4.0,0.0,0.0,2.25,1.0,0.0,4.0,4.0,1.0,0.333,0.071,0.286,0.215,0.888,0.111,0.444,0.444,0.25,0.0
Nick Robertson,Available,LAD,Pacific Coast League,AAA,Yes,27.0,,24.0,7.8,1.0,100.8,79.2,190.1,111.8,4.27,119.3,114.4286780481048,113.9,17.4,1.0,0.0,1.8,0.0,1.0,25.0,31.0,1.08,0.236,0.119,0.307,0.188,0.79,0.175,0.509,0.316,0.111,0.111
Luis De León,Available,BAL,International League,AAA,Yes,23.0,,7.0,13.8,2.6,118.1,127.2,87.0,107.1,4.75,104.9,103.43022023354794,113.9,13.0,1.0,0.0,6.5,3.0,0.0,18.0,21.0,1.94,0.385,0.122,0.233,0.111,0.767,0.161,0.589,0.25,0.214,0.286
Matt Jachec,Available,CLE,International League,AAA,Yes,24.0,,1.0,3.0,1.0,113.2,27.8,-112.1,139.6,11.16,108.8,111.547567950877,113.7,2.0,0.0,0.0,9.0,1.0,0.0,1.0,1.0,4.0,0.5,0.286,0.143,-0.143,1.0,0.0,0.5,0.5,0.5,0.0
Bryce Mayer,Available,HOU,Pacific Coast League,AAA,Yes,24.0,,5.0,26.8,4.9,113.4,270.6,182.0,100.3,5.46,108.5,106.5277948404608,113.7,31.2,2.0,1.0,4.44,5.0,0.0,24.3,26.0,1.15,0.228,0.08,0.26,0.18,0.709,0.177,0.274,0.548,0.235,0.206
Kendry Rojas,Available,MIN,International League,AAA,Yes,23.0,,12.0,16.5,2.8,118.1,152.5,136.4,100.6,3.97,104.2,42.583525274027934,113.4,27.1,2.0,0.0,3.18,6.0,0.0,34.0,34.0,1.21,0.311,0.072,0.246,0.174,0.721,0.247,0.452,0.301,0.143,0.107
Hunter Greene,Ben the Hen (INJURED_RESERVE),CIN,International League,AAA,Yes,26.0,,2.0,29.5,5.2,104.5,273.0,134.1,113.8,4.91,115.4,107.83943672779137,113.3,14.0,1.0,0.0,0.0,2.0,0.0,10.3,7.0,0.39,0.111,0.029,0.2,0.171,0.815,0.185,0.296,0.519,0.143,0.0
Hancel Rincon,Available,STL,International League,AAA,Yes,24.0,,41.0,11.0,1.7,113.2,101.7,149.7,103.5,3.87,108.0,123.8658777898034,113.2,52.5,6.0,6.0,4.04,3.0,1.0,71.3,88.0,1.25,0.289,0.104,0.295,0.191,0.741,0.201,0.483,0.316,0.236,0.182
AJ Smith-Shawver,Available,ATL,International League,AAA,Yes,23.0,,5.0,28.4,4.3,118.1,263.3,144.3,99.4,3.45,103.9,137.39882446887827,113.2,12.2,2.0,0.0,1.66,5.0,0.0,21.7,25.0,1.06,0.264,0.103,0.287,0.184,0.712,0.288,0.481,0.231,0.0,0.0
Ryan Lobus,Available,TEX,Pacific Coast League,AAA,Yes,25.0,,20.0,6.8,1.2,108.9,68.5,196.2,101.9,5.06,111.3,110.25174790875748,113.0,28.1,2.0,5.0,4.44,0.0,0.0,24.3,31.0,1.44,0.348,0.08,0.274,0.194,0.72,0.235,0.338,0.426,0.172,0.103
Jackson Kelley,Available,CHW,International League,AAA,Yes,26.0,,4.0,8.1,1.5,104.5,74.6,-29.8,131.9,7.35,114.8,108.65879499162848,112.9,5.0,1.0,0.0,3.0,0.0,0.0,6.0,2.0,1.17,0.222,0.115,0.077,-0.038,0.945,0.056,0.667,0.278,0.2,0.0
Michael Forret,Available,BAL,International League,AAA,Yes,22.0,,14.0,20.9,4.4,123.5,193.5,103.5,98.5,4.95,99.0,104.42227918741128,112.9,64.7,1.0,4.0,5.43,13.0,0.0,61.3,69.0,1.58,0.355,0.114,0.246,0.132,0.706,0.272,0.353,0.376,0.323,0.062
Joe Glassey,Available,WSH,International League,AAA,Yes,24.0,,2.0,11.2,1.3,113.2,104.1,435.9,69.8,-0.25,107.3,122.16086381443768,112.8,0.0,0.0,0.0,0.0,0.0,0.0,2.7,5.0,0.75,0.5,0.0,0.556,0.556,0.5,0.5,0.5,0.0,0.0,0.0
DL Hall,Available,MIL,International League,AAA,Yes,27.0,,2.0,18.5,1.8,100.6,171.2,104.3,119.8,4.72,117.6,134.63131636353535,112.7,3.0,1.0,0.0,2.45,0.0,0.0,3.7,5.0,1.09,0.143,0.2,0.333,0.133,0.858,0.143,0.429,0.429,0.333,0.0
Jared Jones,Lászlaró Tóth (ACTIVE),PIT,International League,AAA,Yes,24.0,,2.0,16.6,3.7,113.2,153.8,98.0,108.5,4.36,107.2,111.14370001392004,112.7,4.0,0.0,1.0,4.91,2.0,0.0,7.3,8.0,1.5,0.333,0.125,0.25,0.125,0.777,0.167,0.611,0.222,0.25,0.25
Bobby Olsen,Not in Fantrax,STL,International League,AAA,Yes,24.0,,1.0,14.2,2.0,113.2,131.9,0.0,119.6,4.91,107.1,102.50501855076443,112.6,1.0,0.0,0.0,0.0,0.0,0.0,2.0,1.0,1.5,0.286,0.111,0.111,0.0,0.857,0.143,0.714,0.143,0.0,0.0
Jairo Iriarte,Available,CHW,International League,AAA,Yes,24.0,,26.0,9.0,1.5,113.2,82.9,91.7,108.7,3.84,106.7,116.58677446067546,112.3,16.5,5.0,1.0,2.82,0.0,1.0,38.3,35.0,1.15,0.245,0.11,0.227,0.117,0.778,0.189,0.642,0.168,0.25,0.188
Tanner McDougal,Available,CHW,International League,AAA,Yes,23.0,,22.0,10.2,1.9,118.1,94.6,76.0,105.8,5.6,102.6,96.52499724203123,112.3,40.1,1.0,2.0,3.83,6.0,0.0,42.3,45.0,1.32,0.225,0.144,0.241,0.097,0.758,0.187,0.421,0.393,0.143,0.143
Herick Hernandez,Available,ATL,International League,AAA,Yes,22.0,,6.0,20.7,4.3,123.5,191.2,63.5,102.1,6.06,98.2,94.86613192501926,112.3,29.6,1.0,2.0,6.92,6.0,0.0,26.0,31.0,1.69,0.297,0.171,0.252,0.081,0.731,0.209,0.328,0.463,0.29,0.129
Blake Burkhalter,Available,ATL,International League,AAA,Yes,25.0,,17.0,10.4,1.5,108.7,95.8,148.2,106.3,4.2,110.3,109.85116424220288,112.2,26.6,3.0,1.0,2.08,0.0,0.0,26.0,29.0,1.15,0.288,0.085,0.274,0.189,0.761,0.209,0.388,0.403,0.222,0.074
Gage Ziehl,Available,BOS,International League,AAA,Yes,23.0,,6.0,21.2,4.9,118.1,195.9,101.9,102.4,4.12,102.3,106.59624571784168,112.1,20.5,2.0,3.0,4.3,6.0,0.0,29.3,22.0,1.23,0.284,0.049,0.179,0.13,0.734,0.211,0.556,0.233,0.143,0.238
Aidan Curry,Available,TEX,Pacific Coast League,AAA,Yes,23.0,,1.0,21.2,5.0,118.4,214.6,112.3,101.0,6.12,102.1,102.7793714998586,112.1,7.4,0.0,0.0,1.8,1.0,0.0,5.0,3.0,0.6,0.077,0.056,0.167,0.111,0.714,0.214,0.214,0.571,0.125,0.125
Michael Knorr,Available,HOU,Pacific Coast League,AAA,Yes,26.0,,26.0,7.6,1.1,104.7,76.6,116.3,113.2,5.84,113.1,131.60850306837102,112.0,33.5,5.0,2.0,3.49,0.0,0.0,28.3,32.0,1.24,0.209,0.149,0.264,0.115,0.8,0.157,0.343,0.5,0.257,0.086
Hayden Minton,Available,DET,International League,AAA,Yes,25.0,,7.0,7.7,1.1,108.7,71.1,174.1,102.8,3.75,109.9,99.6315324067376,112.0,5.4,0.0,0.0,4.7,0.0,0.0,7.7,12.0,1.7,0.412,0.111,0.333,0.222,0.737,0.158,0.526,0.316,0.167,0.333
Spencer Giesting,Available,ARI,Pacific Coast League,AAA,Yes,24.0,,28.0,10.8,1.7,113.4,109.4,158.8,100.1,4.69,106.0,115.21928192365344,112.0,38.0,2.0,2.0,4.56,1.0,1.0,47.3,61.0,1.54,0.342,0.125,0.282,0.157,0.707,0.252,0.431,0.317,0.205,0.128
Wilber Dotel,Available,PIT,International League,AAA,Yes,23.0,,12.0,16.0,3.0,118.1,147.9,87.8,103.8,5.32,102.1,100.79340394697851,112.0,43.6,5.0,3.0,4.5,5.0,0.0,36.0,33.0,1.47,0.324,0.093,0.205,0.112,0.744,0.229,0.367,0.404,0.227,0.068
Blayne Enlow,Available,ATL,International League,AAA,Yes,27.0,,4.0,5.4,1.1,100.6,50.3,120.7,116.4,4.22,116.3,81.11564123088587,111.8,4.4,0.0,0.0,18.69,0.0,0.0,4.3,6.0,3.0,0.563,0.077,0.231,0.154,0.834,0.056,0.667,0.278,0.0,0.4
Ruddy Gomez,Available,MIN,International League,AAA,Yes,26.0,,5.0,9.7,1.4,104.5,89.3,156.8,108.5,4.56,113.1,116.12169269635037,111.8,8.5,1.0,0.0,5.14,0.0,0.0,7.0,9.0,1.29,0.294,0.1,0.3,0.2,0.777,0.167,0.333,0.5,0.222,0.111
Cooper Hjerpe,Available,STL,International League,AAA,Yes,25.0,,5.0,25.4,3.8,108.7,235.5,99.6,110.8,4.49,109.4,101.28679166421766,111.6,12.4,0.0,0.0,0.95,5.0,0.0,19.0,27.0,1.42,0.286,0.215,0.342,0.127,0.794,0.206,0.441,0.353,0.5,0.0
Blake Townsend,Available,TEX,Pacific Coast League,AAA,Yes,25.0,,2.0,26.1,4.8,108.9,263.8,160.8,103.4,5.12,109.1,93.793885719434,111.6,10.0,0.0,0.0,3.72,2.0,0.0,9.7,12.0,1.55,0.385,0.114,0.273,0.159,0.731,0.269,0.346,0.385,0.6,0.0
Spencer Strider,Daddy Yankee (INJURED_RESERVE),ATL,International League,AAA,Yes,27.0,,2.0,32.5,4.7,100.6,300.7,268.9,98.5,2.62,115.6,112.412150650051,111.4,7.0,0.0,1.0,1.93,2.0,0.0,9.3,15.0,0.86,0.294,0.086,0.429,0.343,0.706,0.294,0.294,0.412,0.143,0.0
Grant Holman,Available,PHI,International League,AAA,Yes,26.0,,23.0,8.6,1.3,104.5,79.6,133.3,110.5,3.95,112.4,112.35318117345577,111.4,24.4,3.0,0.0,3.6,1.0,2.0,30.0,28.0,1.17,0.286,0.056,0.226,0.17,0.791,0.163,0.547,0.291,0.2,0.16
Mason Molina,Available,STL,International League,AAA,Yes,22.0,,11.0,23.5,4.0,123.5,217.5,131.7,92.7,4.46,96.8,102.03751086720612,111.4,37.6,3.0,2.0,5.32,11.0,0.0,44.0,58.0,1.59,0.367,0.119,0.287,0.168,0.664,0.283,0.372,0.345,0.205,0.154
Avery Short,Available,ARI,Pacific Coast League,AAA,Yes,25.0,,2.0,23.9,4.8,108.9,241.1,54.6,115.2,5.81,108.7,92.85097117334917,111.3,11.8,1.0,0.0,0.93,2.0,0.0,9.7,5.0,0.93,0.207,0.081,0.135,0.054,0.814,0.185,0.407,0.407,0.273,0.0
Marques Johnson,Available,SF,Pacific Coast League,AAA,Yes,25.0,,24.0,7.4,1.3,108.9,74.9,28.3,118.2,6.69,108.7,106.1696657148763,111.3,33.4,3.0,1.0,5.34,0.0,0.0,30.3,32.0,1.71,0.275,0.194,0.222,0.028,0.836,0.139,0.443,0.418,0.061,0.061
Brandt Thompson,Available,STL,International League,AAA,Yes,23.0,,14.0,20.1,4.2,118.1,186.1,98.0,101.4,4.24,101.1,102.47276045590678,111.3,42.0,3.0,2.0,4.3,9.0,0.0,58.7,55.0,1.53,0.36,0.089,0.214,0.125,0.727,0.244,0.511,0.244,0.233,0.116
Danis Correa,Available,NYM,International League,AAA,Yes,26.0,,4.0,14.1,1.8,104.5,130.1,120.7,111.7,4.33,112.2,108.9482533715137,111.2,6.3,2.0,0.0,3.86,0.0,1.0,7.0,5.0,1.0,0.222,0.038,0.192,0.154,0.8,0.1,0.55,0.35,0.0,0.286
Beck Way,Available,KC,International League,AAA,Yes,26.0,,20.0,11.8,1.6,104.5,109.1,196.0,102.8,3.06,112.1,89.40271302799643,111.1,19.5,5.0,3.0,4.35,0.0,1.0,31.0,43.0,1.26,0.351,0.076,0.326,0.25,0.737,0.224,0.513,0.263,0.3,0.15
Jaden Woods,Available,CHW,International League,AAA,Yes,24.0,,25.0,10.6,1.2,113.2,98.1,203.1,93.7,3.14,104.9,104.26824729883452,111.1,22.0,2.0,1.0,5.04,1.0,4.0,30.3,46.0,1.32,0.343,0.092,0.351,0.259,0.672,0.257,0.414,0.329,0.087,0.217
Pat Gallagher,Available,TOR,International League,AAA,Yes,26.0,,31.0,9.9,1.5,104.5,91.8,181.1,103.9,3.03,111.5,100.42992029441515,110.7,31.7,5.0,4.0,6.75,2.0,0.0,48.0,69.0,1.5,0.395,0.088,0.319,0.231,0.744,0.224,0.52,0.256,0.125,0.125
Luis Gil,Skrrt vs The World (MINORS),NYY,International League,AAA,Yes,28.0,,4.0,15.4,2.2,97.0,142.3,95.6,120.6,6.01,117.5,89.53036091833326,110.6,13.4,1.0,0.0,3.0,1.0,0.0,9.0,12.0,1.56,0.286,0.171,0.293,0.122,0.864,0.091,0.273,0.636,0.286,0.071
Kai-Wei Teng,Available,HOU,Pacific Coast League,AAA,Yes,27.0,,7.0,9.7,1.5,100.8,98.1,311.5,92.0,3.88,114.2,136.22499676533025,110.5,9.0,0.0,0.0,3.48,0.0,0.0,10.3,15.0,0.97,0.278,0.077,0.385,0.308,0.65,0.25,0.25,0.5,0.2,0.2
Dariel Fregio,Available,DET,International League,AAA,Yes,26.0,,4.0,11.9,1.4,104.5,109.9,170.9,104.7,3.23,111.2,109.11496144541265,110.5,3.0,0.0,1.0,1.59,0.0,1.0,5.7,8.0,1.06,0.25,0.13,0.348,0.218,0.75,0.25,0.5,0.25,0.333,0.0
Jackson Nezuh,Available,HOU,Pacific Coast League,AAA,Yes,24.0,,8.0,18.8,3.7,113.4,190.0,89.0,105.6,6.04,103.8,102.7768521147802,110.5,32.0,1.0,1.0,4.6,6.0,0.0,29.3,33.0,1.7,0.354,0.153,0.241,0.088,0.746,0.241,0.354,0.405,0.281,0.031
Edward Cabrera,Available,CHC,International League,AAA,Yes,28.0,,4.0,12.3,1.8,97.0,113.9,230.5,104.7,2.81,117.2,148.63066676708016,110.4,5.6,0.0,1.0,9.82,2.0,0.0,7.3,14.0,1.5,0.4,0.118,0.412,0.294,0.75,0.188,0.438,0.375,0.5,0.167
David Morgan,Available,SD,Pacific Coast League,AAA,Yes,26.0,,17.0,7.6,1.1,104.7,77.2,195.2,101.4,3.59,110.7,-17.756088433915988,110.4,12.8,0.0,4.0,5.79,0.0,4.0,18.7,19.0,1.61,0.424,0.036,0.229,0.193,0.717,0.25,0.533,0.217,0.154,0.154
Cy Nielson,Available,PIT,International League,AAA,Yes,25.0,,7.0,14.0,2.0,108.7,129.2,172.5,100.3,3.51,107.5,101.0447557246098,110.4,10.7,1.0,0.0,1.88,0.0,0.0,14.3,16.0,1.05,0.289,0.051,0.271,0.22,0.718,0.256,0.462,0.282,0.182,0.091
Jay Driver,Available,CLE,International League,AAA,Yes,24.0,,1.0,5.8,1.0,113.2,53.2,196.0,93.0,3.33,103.5,99.19848184155472,110.2,1.0,0.0,0.0,0.0,0.0,0.0,1.0,1.0,1.0,0.333,0.0,0.25,0.25,0.666,0.333,0.333,0.333,0.0,0.0
Mark Manfredi,Available,COL,International League,AAA,Yes,26.0,,18.0,10.1,1.3,104.5,93.7,155.2,105.4,3.98,110.3,113.25360695864572,109.9,16.7,1.0,2.0,3.09,0.0,3.0,23.3,30.0,1.16,0.294,0.115,0.313,0.198,0.755,0.224,0.449,0.327,0.25,0.063
Chris Kean,Available,NYY,International League,AAA,Yes,24.0,,18.0,7.5,1.3,113.2,69.7,158.4,96.7,4.11,103.0,102.93753960911113,109.9,23.5,1.0,1.0,5.25,0.0,0.0,24.0,26.0,1.17,0.279,0.061,0.263,0.202,0.693,0.231,0.385,0.385,0.24,0.2
Nick Garcia,Available,SEA,Pacific Coast League,AAA,Yes,27.0,,37.0,10.3,1.4,100.8,103.9,188.1,105.0,4.08,113.1,119.54972043286564,109.8,31.8,4.0,1.0,2.79,1.0,2.0,51.7,60.0,1.26,0.323,0.093,0.279,0.186,0.742,0.227,0.523,0.25,0.156,0.125
Owen Wild,Available,TB,International League,AAA,Yes,23.0,,26.0,9.6,1.3,118.1,88.8,183.5,89.0,3.32,98.8,116.34375718408656,109.8,27.1,3.0,1.0,6.03,0.0,2.0,34.3,46.0,1.4,0.341,0.073,0.307,0.234,0.638,0.275,0.407,0.319,0.241,0.276
Eric Silva,Available,DET,International League,AAA,Yes,23.0,,4.0,8.0,2.1,118.1,74.0,95.6,99.0,5.21,98.7,97.8120025984918,109.7,8.8,0.0,1.0,10.8,0.0,0.0,8.3,11.0,1.92,0.333,0.146,0.268,0.122,0.709,0.167,0.417,0.417,0.1,0.3
David Davalillo,Available,TEX,Pacific Coast League,AAA,Yes,25.0,,13.0,14.1,3.9,108.9,142.4,71.8,110.4,6.06,106.2,92.88243426397725,109.6,53.2,0.0,5.0,5.68,12.0,0.0,50.7,42.0,1.48,0.297,0.116,0.187,0.071,0.78,0.18,0.453,0.367,0.164,0.109
Wilkin Ramos,Available,SF,Pacific Coast League,AAA,Yes,25.0,,35.0,8.3,1.6,108.9,84.2,104.2,106.6,5.34,106.2,92.42217974157614,109.6,36.2,5.0,2.0,4.39,0.0,0.0,55.3,48.0,1.43,0.325,0.087,0.19,0.103,0.753,0.222,0.556,0.222,0.194,0.111
Jack Young,Available,CHW,International League,AAA,Yes,24.0,,2.0,1.4,1.2,113.2,12.7,-65.9,122.1,7.56,102.7,98.3185327953948,109.6,3.4,0.0,0.0,11.57,0.0,0.0,2.3,1.0,2.14,0.333,0.167,0.083,-0.084,0.875,0.125,0.5,0.375,0.0,0.0
Lenny Torres Jr.,Available,PHI,International League,AAA,Yes,25.0,,5.0,3.4,1.3,108.7,31.5,0.0,118.7,7.02,106.2,107.23760958309173,109.5,8.6,0.0,1.0,12.15,0.0,0.0,6.7,7.0,2.4,0.368,0.2,0.2,0.0,0.85,0.05,0.5,0.45,0.0,0.222
Travis MacGregor,Available,NYY,International League,AAA,Yes,28.0,,7.0,10.1,1.8,97.0,93.5,138.8,113.5,3.79,115.6,119.98907566428736,109.4,8.2,0.0,0.0,0.73,1.0,0.0,12.3,13.0,1.05,0.273,0.078,0.255,0.177,0.813,0.188,0.563,0.25,0.375,0.0
Kevin Abel,Available,CIN,International League,AAA,Yes,27.0,,6.0,13.3,2.4,100.6,123.0,145.0,109.2,4.34,112.5,95.05757291741322,109.3,15.9,0.0,0.0,1.84,1.0,0.0,14.7,15.0,0.89,0.235,0.093,0.278,0.185,0.782,0.219,0.313,0.469,0.333,0.0
Drew Thorpe,Available,CHW,International League,AAA,Yes,25.0,,4.0,25.4,4.9,108.7,235.4,146.6,101.2,3.67,105.7,128.257742029012,109.2,14.8,1.0,0.0,3.2,4.0,0.0,19.7,18.0,1.07,0.298,0.038,0.225,0.187,0.725,0.259,0.483,0.259,0.2,0.067
Ben Joyce,Available,LAA,Pacific Coast League,AAA,Yes,25.0,,4.0,5.2,0.9,108.9,52.4,67.8,110.1,4.41,105.5,103.12659928429608,109.2,1.1,0.0,0.0,4.91,0.0,0.0,3.7,3.0,1.36,0.3,0.133,0.2,0.067,0.778,0.222,0.667,0.111,0.0,0.0
Zac Thornton,Cant Park Here (ACTIVE),NYM,International League,AAA,Yes,24.0,,9.0,20.0,4.2,113.2,185.1,95.6,102.8,4.89,102.0,110.3077661215609,109.2,36.8,1.0,3.0,4.3,8.0,0.0,37.7,38.0,1.38,0.27,0.11,0.232,0.122,0.736,0.198,0.434,0.368,0.205,0.179
Ty Langenberg,Available,MIN,International League,AAA,Yes,24.0,,12.0,14.5,3.1,113.2,133.8,82.3,104.1,5.08,101.8,96.82356029590828,109.1,39.3,3.0,4.0,5.79,6.0,0.0,37.3,34.0,1.71,0.379,0.093,0.198,0.105,0.746,0.22,0.441,0.339,0.225,0.1
Ben Wereski,Available,CIN,International League,AAA,Yes,28.0,,6.0,23.8,5.1,97.0,219.8,104.3,116.8,5.53,115.1,92.73662415180009,109.0,42.9,2.0,2.0,5.28,6.0,0.0,30.7,28.0,1.24,0.268,0.087,0.22,0.133,0.837,0.105,0.372,0.523,0.222,0.111
Samy Natera Jr.,Available,LAA,Pacific Coast League,AAA,Yes,26.0,,20.0,12.8,1.5,104.7,129.3,205.3,97.9,4.53,108.7,118.44324084445424,109.0,25.9,5.0,0.0,3.0,0.0,1.0,30.0,44.0,1.33,0.283,0.141,0.344,0.203,0.692,0.231,0.338,0.431,0.107,0.179
Najer Victor,Available,LAA,Pacific Coast League,AAA,Yes,24.0,,12.0,5.7,1.2,113.4,57.6,0.0,113.2,7.9,101.5,105.42497299848353,109.0,19.9,0.0,3.0,6.43,0.0,1.0,14.0,16.0,2.14,0.289,0.216,0.216,0.0,0.8,0.125,0.35,0.525,0.143,0.143
Leonard Garcia,Available,LAA,Pacific Coast League,AAA,Yes,22.0,,12.0,9.4,1.2,123.7,95.3,115.3,90.1,5.53,92.9,103.0873159896035,109.0,12.4,1.0,0.0,4.8,0.0,2.0,15.0,21.0,1.67,0.353,0.186,0.3,0.114,0.637,0.364,0.273,0.364,0.083,0.0
Tyson Hardin,Available,MIL,International League,AAA,Yes,24.0,,19.0,24.4,4.8,113.2,225.5,148.2,96.1,3.71,101.5,97.49754262952266,108.9,72.6,4.0,4.0,4.58,18.0,0.0,90.3,96.0,1.24,0.324,0.066,0.255,0.189,0.689,0.282,0.423,0.294,0.192,0.096
Matt Wilkinson,Available,SF,Pacific Coast League,AAA,Yes,23.0,,10.0,21.3,4.4,118.4,214.9,146.6,91.5,5.03,97.3,113.97019927131085,108.9,41.7,3.0,4.0,5.15,10.0,0.0,43.7,43.0,1.21,0.264,0.095,0.24,0.145,0.647,0.293,0.328,0.379,0.136,0.159
Darien Smith,Available,SF,Pacific Coast League,AAA,Yes,26.0,,3.0,3.2,2.1,104.7,32.8,-69.8,129.2,8.46,108.4,109.58813318675747,108.8,9.0,0.0,1.0,5.68,2.0,0.0,6.3,1.0,1.42,0.261,0.103,0.034,-0.069,0.913,0.087,0.522,0.391,0.111,0.0
Bennett Sousa,Available,HOU,Pacific Coast League,AAA,Yes,31.0,,4.0,9.6,1.0,87.8,97.2,269.0,106.1,3.93,122.2,167.5,108.7,4.5,0.0,0.0,0.0,0.0,0.0,4.0,5.0,0.5,0.111,0.067,0.333,0.266,0.75,0.25,0.25,0.5,0.5,0.0
Alexander Cornielle,Available,NYY,International League,AAA,Yes,24.0,,15.0,24.4,4.4,113.2,225.9,86.2,103.0,5.42,101.3,88.42985423267385,108.7,74.7,5.0,4.0,2.73,14.0,0.0,66.0,66.0,1.32,0.272,0.125,0.235,0.11,0.738,0.227,0.331,0.442,0.289,0.079
Reid VanScoter,Available,SEA,Pacific Coast League,AAA,Yes,27.0,,15.0,5.8,1.1,100.8,58.1,55.6,118.0,5.02,111.3,116.0043244323626,108.6,8.8,1.0,1.0,6.06,0.0,0.0,16.3,14.0,1.65,0.319,0.137,0.192,0.055,0.834,0.125,0.688,0.188,0.111,0.222
David Sandlin,Available,CHW,International League,AAA,Yes,25.0,,14.0,26.8,4.6,108.7,247.5,104.3,105.0,4.42,104.8,84.37398692737662,108.6,54.1,4.0,0.0,2.22,14.0,0.0,65.0,66.0,1.2,0.26,0.111,0.244,0.133,0.752,0.225,0.456,0.32,0.296,0.074
Chris Devenski,Available,NYM,International League,AAA,Yes,35.0,,11.0,12.6,1.5,77.6,116.3,241.5,118.4,3.15,130.2,110.80008946881404,108.4,16.0,0.0,1.0,1.1,1.0,1.0,16.3,25.0,0.92,0.242,0.077,0.385,0.308,0.848,0.091,0.424,0.485,0.438,0.125
Jordan Geber,Available,NYM,International League,AAA,Yes,26.0,,1.0,16.2,2.7,104.5,150.4,78.4,111.7,6.24,108.0,88.80679862612448,108.4,4.0,0.0,0.0,0.0,0.0,0.0,2.7,3.0,1.12,0.2,0.2,0.3,0.1,0.8,0.2,0.0,0.8,0.0,0.0
Connor Wietgrefe,Available,PIT,International League,AAA,Yes,24.0,,13.0,25.6,5.6,113.2,236.9,82.3,103.0,5.16,100.8,99.38880340746712,108.4,84.4,5.0,5.0,3.45,13.0,0.0,73.0,54.0,1.22,0.272,0.073,0.178,0.105,0.738,0.226,0.385,0.389,0.302,0.093
Grayson Rodriguez,Available,LAA,Pacific Coast League,AAA,Yes,26.0,,1.0,36.0,5.3,104.7,363.6,252.8,91.0,3.04,107.5,96.59147832921462,108.2,3.2,1.0,0.0,1.69,1.0,0.0,5.3,5.0,0.75,0.267,0.0,0.25,0.25,0.643,0.357,0.429,0.214,0.333,0.0
Winston Santos,Available,TEX,Pacific Coast League,AAA,Yes,24.0,,12.0,14.4,2.8,113.4,145.4,138.5,95.9,5.2,100.3,103.58904234956132,108.2,28.7,2.0,1.0,6.48,6.0,0.0,33.3,38.0,1.59,0.348,0.11,0.247,0.137,0.678,0.269,0.409,0.323,0.167,0.167
Derek Diamond,Available,PIT,International League,AAA,Yes,25.0,,25.0,9.0,1.4,108.7,83.4,116.0,102.9,4.42,104.1,120.1614258617118,108.1,32.8,5.0,0.0,3.75,2.0,1.0,36.0,31.0,1.36,0.336,0.051,0.199,0.148,0.737,0.228,0.474,0.298,0.206,0.118
Alexander Alberto,Available,TB,International League,AAA,Yes,24.0,,25.0,7.6,1.1,113.2,70.2,101.9,100.2,3.92,100.4,127.23558619126686,108.1,14.4,1.0,0.0,5.33,5.0,4.0,27.0,29.0,1.59,0.333,0.106,0.236,0.13,0.718,0.218,0.59,0.192,0.4,0.333
Hurston Waldrep,Available,ATL,International League,AAA,Yes,24.0,,3.0,17.0,3.6,113.2,157.3,0.0,111.7,5.28,100.1,115.27343410154612,108.0,6.0,0.0,0.0,0.84,3.0,0.0,10.7,8.0,1.12,0.16,0.195,0.195,0.0,0.8,0.2,0.56,0.24,0.333,0.0
Jeff Criswell,Available,COL,Pacific Coast League,AAA,Yes,27.0,,24.0,7.0,1.2,100.8,71.0,117.3,109.9,5.48,110.3,107.40270341049018,107.9,29.2,1.0,0.0,6.14,1.0,1.0,29.3,32.0,1.53,0.324,0.132,0.248,0.116,0.776,0.171,0.434,0.395,0.2,0.133
Victor Santos,Available,STL,International League,AAA,Yes,25.0,,10.0,7.2,1.6,108.7,66.9,58.8,109.0,6.31,103.7,96.4503055135215,107.9,23.6,0.0,1.0,2.87,0.0,0.0,15.7,14.0,1.21,0.214,0.134,0.209,0.075,0.781,0.195,0.244,0.561,0.304,0.043
Thomas Ireland,Available,TEX,Pacific Coast League,AAA,Yes,24.0,,18.0,9.5,1.9,113.4,95.5,117.3,97.8,5.29,99.8,90.95163085903128,107.9,38.2,1.0,0.0,4.93,0.0,0.0,34.7,33.0,1.59,0.352,0.096,0.212,0.116,0.691,0.28,0.355,0.364,0.231,0.077
Blake Treinen,Available,LAD,Pacific Coast League,AAA,Yes,38.0,,6.0,7.5,0.9,71.6,75.7,184.1,129.6,5.24,134.2,165.95416518016688,107.8,4.0,0.0,0.0,0.0,0.0,0.0,5.3,6.0,0.75,0.167,0.091,0.273,0.182,0.916,0.083,0.583,0.333,0.25,0.0
Brian Metoyer,Available,NYM,International League,AAA,Yes,29.0,,11.0,12.6,1.1,93.7,116.5,185.0,108.6,3.82,116.0,115.50747952443312,107.8,7.4,4.0,1.0,3.86,0.0,1.0,11.7,21.0,1.2,0.263,0.176,0.412,0.236,0.778,0.222,0.389,0.389,0.286,0.0
Alex McFarlane,Available,PHI,International League,AAA,Yes,25.0,,4.0,10.6,1.1,108.7,97.7,276.8,83.8,2.03,103.6,105.48086229797131,107.8,2.8,0.0,0.0,0.0,0.0,0.0,4.3,8.0,0.69,0.143,0.118,0.471,0.353,0.6,0.4,0.2,0.4,0.0,0.0
Enyel De Los Santos,Available,HOU,Pacific Coast League,AAA,Yes,30.0,,2.0,9.0,1.2,90.7,90.9,126.4,118.0,7.35,118.3,119.60006761555276,107.7,4.0,1.0,0.0,0.0,0.0,0.0,2.3,1.0,0.0,0.0,0.0,0.125,0.125,0.834,0.167,0.167,0.667,0.25,0.0
Brandon Neeck,Available,PIT,International League,AAA,Yes,26.0,,23.0,10.8,1.6,104.5,99.6,134.9,103.8,4.66,106.8,114.64485291051008,107.6,32.1,3.0,3.0,3.28,0.0,0.0,35.7,53.0,1.46,0.319,0.166,0.338,0.172,0.743,0.216,0.338,0.446,0.121,0.091
Erick Mejia,Available,WSH,International League,AAA,Yes,31.0,,3.0,7.8,1.3,87.6,71.7,112.1,122.1,3.45,120.5,109.91857760778171,107.4,1.0,0.0,0.0,0.0,0.0,0.0,4.0,4.0,0.75,0.125,0.143,0.286,0.143,0.875,0.125,0.75,0.125,0.0,0.0
Jefry Yan,Available,NYM,International League,AAA,Yes,29.0,,14.0,10.9,1.1,93.7,100.5,273.6,97.7,1.92,115.4,115.05314507103432,107.4,3.8,2.0,1.0,2.4,0.0,1.0,15.0,32.0,1.07,0.263,0.159,0.508,0.349,0.7,0.25,0.55,0.2,0.25,0.25
Wilian Bormie,Available,TEX,Pacific Coast League,AAA,Yes,25.0,,24.0,7.4,1.1,108.9,74.4,82.9,105.1,5.88,102.7,111.29217812563,107.3,25.0,2.0,1.0,3.12,1.0,3.0,26.0,28.0,1.58,0.3,0.149,0.231,0.082,0.742,0.229,0.414,0.357,0.28,0.08
Ryan Gallagher,Available,MIN,International League,AAA,Yes,23.0,,22.0,20.7,4.3,118.1,191.8,99.6,94.4,4.92,95.1,92.75520002468704,107.3,100.9,7.0,7.0,6.35,20.0,0.0,95.0,100.0,1.56,0.324,0.108,0.235,0.127,0.676,0.262,0.353,0.385,0.189,0.16
Reiver Sanmartin,Available,SF,Pacific Coast League,AAA,Yes,30.0,,19.0,8.6,1.5,90.7,86.9,202.3,108.4,3.37,117.5,143.29188192027652,107.2,14.0,4.0,2.0,3.25,0.0,0.0,27.7,26.0,1.01,0.273,0.036,0.236,0.2,0.766,0.195,0.623,0.182,0.214,0.214
Cody Bradford,Available,TEX,Pacific Coast League,AAA,Yes,28.0,,2.0,16.6,3.0,97.2,167.9,295.3,91.5,2.76,112.1,137.29201402151153,107.2,3.5,0.0,0.0,3.0,2.0,0.0,6.0,7.0,1.17,0.333,0.0,0.292,0.292,0.647,0.235,0.529,0.235,0.25,0.5
Luis Palacios,Available,MIA,International League,AAA,Yes,25.0,,6.0,21.3,3.3,108.7,197.4,119.2,101.0,3.91,102.8,100.80018510073069,107.2,10.8,3.0,1.0,2.29,3.0,0.0,19.7,21.0,1.22,0.283,0.114,0.266,0.152,0.723,0.234,0.532,0.234,0.091,0.182
Henry Williams,Available,KC,International League,AAA,Yes,24.0,,19.0,21.6,4.7,113.2,200.0,76.0,101.6,5.37,99.0,97.45496986103868,107.2,93.5,5.0,4.0,5.56,17.0,0.0,89.0,87.0,1.61,0.319,0.114,0.211,0.097,0.728,0.22,0.417,0.364,0.188,0.146
Wikelman González,Available,MIA,International League,AAA,Yes,24.0,,27.0,8.2,1.2,113.2,75.9,134.1,94.9,4.78,99.0,162.73494287809888,107.2,25.3,1.0,3.0,5.97,0.0,2.0,31.7,47.0,1.64,0.384,0.138,0.309,0.171,0.68,0.28,0.373,0.347,0.154,0.115
Khristian Curtis,Available,PIT,International League,AAA,Yes,24.0,,10.0,19.3,3.3,113.2,178.6,96.4,99.2,5.21,98.9,99.2438255050391,107.2,35.7,3.0,1.0,5.18,5.0,0.0,33.0,41.0,1.58,0.308,0.156,0.279,0.123,0.711,0.229,0.313,0.458,0.158,0.132
Mike Paredes,Available,MIN,International League,AAA,Yes,25.0,,9.0,20.1,3.9,108.7,186.4,138.8,98.5,3.88,102.6,106.61418273102431,107.1,26.4,2.0,1.0,3.37,7.0,0.0,34.7,33.0,1.12,0.28,0.057,0.234,0.177,0.705,0.242,0.474,0.284,0.296,0.185
Gustavo Rodriguez,Available,ATH,Pacific Coast League,AAA,Yes,25.0,,15.0,9.9,1.3,108.9,100.0,111.2,101.5,4.97,102.4,114.1993135293127,107.1,13.0,1.0,0.0,2.84,0.0,2.0,19.0,18.0,1.37,0.321,0.11,0.22,0.11,0.717,0.283,0.472,0.245,0.231,0.0
Ashton Izzi,Available,ARI,Pacific Coast League,AAA,Yes,22.0,,9.0,14.9,4.3,123.7,150.4,105.2,88.0,5.37,90.1,105.43833490188572,107.1,41.4,1.0,3.0,7.38,9.0,0.0,39.0,32.0,1.74,0.362,0.071,0.175,0.104,0.622,0.311,0.364,0.326,0.14,0.209
Jake Brooks,Available,COL,Pacific Coast League,AAA,Yes,24.0,,11.0,17.9,5.6,113.4,180.9,84.9,99.7,5.71,98.3,100.35316339907178,106.9,71.0,1.0,4.0,5.14,11.0,0.0,61.3,36.0,1.57,0.36,0.047,0.131,0.084,0.705,0.268,0.4,0.332,0.178,0.082
Woo-Suk Go,Available,MIN,International League,AAA,Yes,27.0,,27.0,9.3,1.4,100.6,86.1,94.9,110.7,4.93,108.8,125.73185549249776,106.8,35.6,5.0,2.0,5.11,1.0,2.0,37.0,41.0,1.27,0.253,0.14,0.261,0.121,0.793,0.185,0.424,0.391,0.139,0.056
Rolddy Muñoz,Available,ATL,International League,AAA,Yes,26.0,,39.0,9.2,1.2,104.5,85.2,145.0,101.3,3.66,105.6,99.0446042640273,106.8,22.0,0.0,4.0,3.74,0.0,5.0,45.7,63.0,1.31,0.294,0.13,0.315,0.185,0.726,0.235,0.549,0.216,0.136,0.182
Will Sanders,Available,CHC,International League,AAA,Yes,24.0,,12.0,23.1,4.2,113.2,213.8,120.0,95.8,4.66,98.4,100.3592530445731,106.8,50.3,6.0,2.0,5.22,10.0,0.0,50.0,54.0,1.38,0.308,0.098,0.251,0.153,0.687,0.255,0.358,0.387,0.283,0.151
Joe Whitman,Available,SF,Pacific Coast League,AAA,Yes,24.0,,19.0,16.2,3.5,113.4,163.8,139.6,93.3,4.77,98.2,104.67096516997762,106.8,59.4,3.0,4.0,4.23,11.0,0.0,66.0,60.0,1.44,0.333,0.069,0.207,0.138,0.66,0.296,0.404,0.3,0.164,0.148
José Rodríguez,Available,LAD,Pacific Coast League,AAA,Yes,24.0,,21.0,8.9,1.4,113.4,89.6,142.6,93.1,4.43,98.2,118.36145763150772,106.8,17.3,4.0,3.0,3.38,3.0,0.0,29.3,36.0,1.4,0.31,0.142,0.283,0.141,0.658,0.329,0.429,0.243,0.235,0.059
Nick Lodolo,Je suis Charlie Morton (MINORS),CIN,International League,AAA,Yes,28.0,,2.0,20.2,4.3,97.0,187.4,123.9,110.6,3.21,111.6,143.1276744731823,106.7,3.0,0.0,1.0,5.19,2.0,0.0,8.7,10.0,1.62,0.417,0.105,0.263,0.158,0.792,0.208,0.667,0.125,0.333,0.0
Daniel Wright,Available,CHW,International League,AAA,Yes,24.0,,1.0,17.5,2.0,113.2,161.9,224.2,83.8,1.5,98.3,102.9820439793044,106.7,0.0,1.0,0.0,4.5,0.0,0.0,2.0,2.0,1.0,0.4,0.0,0.286,0.286,0.6,0.4,0.6,0.0,0.0,0.0
Félix Bautista,Cant Park Here (INJURED_RESERVE),BAL,International League,AAA,Yes,31.0,,4.0,7.7,0.9,87.6,71.1,98.0,122.1,4.72,119.1,76.70399159488721,106.5,3.0,1.0,0.0,2.45,0.0,0.0,3.7,5.0,1.36,0.25,0.188,0.313,0.125,0.875,0.125,0.5,0.375,0.0,0.0
Oscar Rayo,Available,KC,International League,AAA,Yes,24.0,,6.0,12.5,2.2,113.2,115.3,39.2,104.7,6.19,98.0,108.30208794613742,106.5,12.3,1.0,1.0,2.03,0.0,0.0,13.3,11.0,1.28,0.243,0.133,0.183,0.05,0.75,0.25,0.417,0.333,0.25,0.0
Frankeli Arias,Available,CHW,International League,AAA,Yes,23.0,,1.0,-2.0,0.7,118.1,-18.5,-261.1,139.6,17.98,93.9,85.43639580466933,106.5,2.0,0.0,0.0,13.5,0.0,0.0,0.7,0.0,6.0,0.5,0.333,0.0,-0.333,1.0,0.0,0.5,0.5,0.0,0.0
Mason Adams,Available,COL,Pacific Coast League,AAA,Yes,26.0,,3.0,23.0,4.3,104.7,232.3,198.2,94.2,3.93,104.8,104.1280396093858,106.4,8.2,0.0,0.0,2.08,3.0,0.0,13.0,13.0,0.92,0.265,0.059,0.255,0.196,0.666,0.333,0.424,0.242,0.125,0.0
Devereaux Harrison,Available,TOR,International League,AAA,Yes,25.0,,33.0,8.2,1.9,108.7,75.9,36.1,109.1,5.56,101.5,106.73572464625232,106.4,63.0,3.0,5.0,6.05,4.0,1.0,64.0,50.0,1.45,0.273,0.132,0.178,0.046,0.781,0.193,0.471,0.337,0.27,0.079
Will Bednar,Available,SF,Pacific Coast League,AAA,Yes,26.0,,9.0,8.6,2.0,104.7,87.0,127.4,102.2,5.27,104.6,100.35317949277824,106.3,20.6,2.0,2.0,7.64,1.0,0.0,17.7,17.0,1.7,0.396,0.089,0.215,0.126,0.722,0.241,0.37,0.389,0.19,0.095
Jagger Haynes,Available,SD,Pacific Coast League,AAA,Yes,23.0,,8.0,13.1,3.9,118.4,131.9,60.7,96.7,5.44,93.2,105.01946750651916,106.2,22.0,0.0,4.0,6.61,8.0,0.0,31.3,27.0,1.72,0.347,0.122,0.182,0.06,0.684,0.296,0.48,0.224,0.091,0.091
Bryce Miller,Skrrt vs The World (ACTIVE),SEA,Pacific Coast League,AAA,Yes,27.0,,2.0,13.4,2.8,100.8,135.1,121.4,106.3,4.33,107.6,118.07779371341304,106.1,3.0,0.0,0.0,4.76,2.0,0.0,5.7,6.0,1.59,0.375,0.12,0.24,0.12,0.751,0.25,0.563,0.188,0.0,0.0
Yimi García,Available,TOR,International League,AAA,Yes,35.0,,4.0,4.9,0.8,77.6,45.1,130.9,127.0,5.04,126.6,120.6041716366829,106.0,5.0,1.0,0.0,10.8,0.0,0.0,3.3,5.0,2.4,0.545,0.111,0.278,0.167,0.91,0.091,0.455,0.455,0.2,0.0
Erik Miller,Available,BOS,Pacific Coast League,AAA,Yes,28.0,,1.0,5.8,1.0,97.2,58.1,252.8,94.4,1.94,110.4,159.36936781174091,106.0,0.0,0.0,0.0,0.0,1.0,0.0,1.0,1.0,1.0,0.333,0.0,0.25,0.25,0.667,0.333,0.667,0.0,0.0,0.0
Sam Carlson,Available,PHI,Pacific Coast League,AAA,Yes,27.0,,31.0,7.6,1.2,100.8,76.6,196.2,97.4,4.57,107.4,85.18274934487704,106.0,33.8,4.0,1.0,3.47,0.0,0.0,36.3,43.0,1.18,0.287,0.093,0.287,0.194,0.689,0.267,0.344,0.389,0.171,0.114
Kyle Carr,Available,NYY,International League,AAA,Yes,24.0,,6.0,13.9,3.2,113.2,128.4,77.6,99.3,4.87,97.1,106.54485734116142,106.0,15.6,0.0,2.0,5.68,5.0,0.0,19.0,19.0,1.84,0.333,0.11,0.209,0.099,0.711,0.169,0.542,0.288,0.294,0.412
Ryan Lambert,Available,NYM,International League,AAA,Yes,23.0,,24.0,7.1,0.9,118.1,65.8,51.7,97.7,6.47,93.2,129.34675237484157,106.0,25.4,3.0,1.0,6.35,0.0,0.0,22.7,30.0,1.72,0.277,0.217,0.283,0.066,0.7,0.24,0.22,0.54,0.37,0.111
Hunter Barco,Available,PIT,International League,AAA,Yes,25.0,,18.0,19.2,3.7,108.7,177.7,87.8,102.2,5.07,100.7,83.98412787068928,105.9,63.6,4.0,7.0,4.05,11.0,0.0,66.7,69.0,1.52,0.328,0.116,0.228,0.112,0.732,0.241,0.417,0.342,0.188,0.078
James Gonzalez,Available,ATH,Pacific Coast League,AAA,Yes,25.0,,28.0,9.6,1.9,108.9,96.8,72.8,103.5,5.51,100.4,98.277073424478,105.8,46.3,5.0,3.0,5.23,2.0,1.0,53.3,44.0,1.46,0.29,0.115,0.187,0.072,0.732,0.229,0.471,0.299,0.128,0.128
C.J. Culpepper,Available,MIN,International League,AAA,Yes,24.0,,33.0,8.7,1.6,113.2,80.3,82.3,98.4,4.71,96.9,100.12074249123188,105.8,36.4,2.0,2.0,4.56,1.0,1.0,53.3,55.0,1.46,0.293,0.127,0.232,0.105,0.705,0.247,0.493,0.26,0.184,0.184
Lazaro Estrada,Available,TOR,International League,AAA,Yes,27.0,,14.0,12.6,2.2,100.6,116.3,126.2,105.2,4.77,107.1,79.56960753662784,105.7,35.2,3.0,1.0,2.97,3.0,0.0,30.3,28.0,0.92,0.195,0.076,0.237,0.161,0.754,0.198,0.346,0.457,0.297,0.108
Michael Mercado,Available,PHI,International League,AAA,Yes,27.0,,33.0,9.1,1.5,100.6,84.5,78.4,110.5,5.05,107.0,110.21909615951488,105.6,51.9,4.0,4.0,4.74,0.0,3.0,49.3,50.0,1.66,0.333,0.116,0.216,0.1,0.792,0.165,0.482,0.353,0.224,0.122
Evan Shawver,Available,COL,Pacific Coast League,AAA,Yes,26.0,,22.0,11.0,2.0,104.7,111.2,106.2,103.4,4.85,103.6,102.54058978602754,105.6,34.7,2.0,3.0,2.47,3.0,0.0,43.7,39.0,1.44,0.318,0.1,0.205,0.105,0.731,0.246,0.485,0.269,0.2,0.086
Michael Darrell-Hicks,Available,PIT,International League,AAA,Yes,28.0,,35.0,7.3,1.1,97.0,67.6,90.9,112.3,5.33,109.8,89.37898780160796,105.5,39.2,1.0,0.0,3.72,1.0,3.0,38.7,44.0,1.32,0.25,0.152,0.268,0.116,0.804,0.152,0.402,0.446,0.317,0.098
Kohl Franklin,Available,CHC,International League,AAA,Yes,26.0,,6.0,16.4,3.9,104.5,151.9,80.0,106.3,4.79,103.5,88.93348589978994,105.4,21.3,0.0,1.0,4.24,5.0,0.0,23.3,20.0,1.29,0.262,0.102,0.204,0.102,0.761,0.194,0.478,0.328,0.091,0.136
Travis Adams,Available,MIN,International League,AAA,Yes,26.0,,6.0,8.0,1.2,104.5,74.4,43.1,110.6,5.21,103.5,162.79949041603183,105.4,6.0,3.0,0.0,9.0,0.0,0.0,7.0,7.0,2.14,0.417,0.139,0.194,0.055,0.792,0.208,0.542,0.25,0.333,0.0
Carlos Guzman,Available,NYM,International League,AAA,Yes,28.0,,5.0,9.8,1.9,97.0,91.1,101.9,110.7,5.29,109.5,106.36823926969976,105.3,11.6,1.0,0.0,8.68,0.0,0.0,9.3,11.0,1.82,0.308,0.109,0.239,0.13,0.793,0.069,0.483,0.448,0.077,0.308
Justin Campbell,Available,CLE,International League,AAA,Yes,25.0,,3.0,19.9,3.2,108.7,184.3,178.8,90.7,2.53,99.8,108.56112213692256,105.3,2.1,0.0,0.0,0.0,3.0,0.0,9.7,11.0,0.93,0.286,0.086,0.314,0.228,0.65,0.35,0.55,0.1,1.0,0.0
Jose Franco,Available,CIN,International League,AAA,Yes,25.0,,14.0,20.5,4.0,108.7,189.7,83.1,101.6,4.73,99.7,119.8324353135777,105.2,42.5,3.0,3.0,3.72,8.0,1.0,55.7,54.0,1.29,0.26,0.122,0.228,0.106,0.728,0.238,0.47,0.291,0.295,0.114
Carson Spiers,Available,CIN,International League,AAA,Yes,28.0,,2.0,26.6,5.2,97.0,246.4,187.4,100.5,3.8,109.2,96.605605616669,105.1,10.6,0.0,1.0,5.23,2.0,0.0,10.3,13.0,1.06,0.25,0.071,0.31,0.239,0.72,0.2,0.36,0.44,0.182,0.182
Luke Bell,Not in Fantrax,CHW,International League,AAA,Yes,25.0,,2.0,9.5,2.8,108.7,87.9,156.8,93.0,4.49,99.6,90.79507600940876,105.1,7.1,0.0,1.0,9.53,0.0,0.0,5.7,6.0,1.41,0.313,0.04,0.24,0.2,0.666,0.222,0.333,0.444,0.125,0.25
Ben Simon,Available,NYM,International League,AAA,Yes,24.0,,29.0,6.3,1.2,113.2,57.9,16.5,104.9,5.87,95.9,112.39837647193454,105.1,38.3,3.0,4.0,4.41,1.0,4.0,34.7,17.0,1.27,0.234,0.095,0.116,0.021,0.751,0.212,0.442,0.345,0.333,0.103
Trey McLoughlin,Available,HOU,Pacific Coast League,AAA,Yes,27.0,,23.0,8.4,1.6,100.8,85.1,121.4,104.3,4.82,105.9,99.6654182558188,105.0,28.3,2.0,1.0,3.5,0.0,0.0,36.0,37.0,1.25,0.261,0.127,0.247,0.12,0.737,0.242,0.451,0.308,0.179,0.071
Holden Powell,Available,WSH,International League,AAA,Yes,26.0,,3.0,14.7,2.3,104.5,135.7,115.3,101.5,4.85,102.8,101.48593694170464,105.0,9.4,1.0,1.0,2.57,0.0,0.0,7.0,8.0,1.71,0.391,0.088,0.235,0.147,0.727,0.273,0.318,0.409,0.111,0.0
Jonathan Santucci,Available,NYM,International League,AAA,Yes,23.0,,6.0,20.7,4.0,118.1,191.2,88.6,91.6,4.46,91.6,109.83432512773248,105.0,17.3,1.0,3.0,6.0,6.0,0.0,24.0,31.0,1.83,0.355,0.157,0.27,0.113,0.656,0.279,0.443,0.279,0.0,0.235
Dylan Ross,Available,NYM,International League,AAA,Yes,25.0,,40.0,6.8,1.0,108.7,63.3,63.5,103.3,4.97,99.2,110.263882792655,104.9,24.0,3.0,1.0,7.04,0.0,5.0,38.3,48.0,1.93,0.344,0.176,0.257,0.081,0.74,0.183,0.567,0.25,0.154,0.308
Cedric De Grandpre,Available,ATL,International League,AAA,Yes,24.0,,7.0,22.0,4.7,113.2,203.6,52.5,100.3,5.57,95.5,106.2748141349951,104.9,26.7,1.0,2.0,4.09,6.0,0.0,33.0,31.0,1.45,0.273,0.141,0.208,0.067,0.718,0.247,0.449,0.303,0.222,0.111
Karson Milbrandt,The Hot and Steamy Boys (MINORS),MIA,International League,AAA,Yes,22.0,,14.0,11.9,3.9,123.5,110.1,8.6,95.6,6.55,87.0,117.2099500513666,104.9,54.9,0.0,7.0,8.67,13.0,0.0,54.0,51.0,2.0,0.333,0.185,0.196,0.011,0.685,0.239,0.381,0.381,0.22,0.203
Jose Acuna,Available,CIN,International League,AAA,Yes,23.0,,11.0,13.2,3.7,118.1,122.0,17.2,99.6,6.69,91.4,99.38420945234436,104.8,56.1,1.0,5.0,6.42,10.0,0.0,40.7,34.0,1.77,0.302,0.16,0.182,0.022,0.713,0.23,0.287,0.484,0.288,0.119
Lucas Braun,Available,KC,International League,AAA,Yes,24.0,,16.0,20.9,4.5,113.2,193.7,63.5,98.7,5.44,95.2,102.1485370459974,104.7,77.1,8.0,4.0,4.6,15.0,0.0,72.3,54.0,1.38,0.276,0.088,0.169,0.081,0.707,0.245,0.406,0.349,0.225,0.138
Tanner Witt,Available,NYM,International League,AAA,Yes,23.0,,3.0,8.7,2.0,118.1,80.2,-75.3,109.7,8.33,90.9,62.54856265775318,104.5,6.4,0.0,0.0,4.5,0.0,0.0,6.0,6.0,2.0,0.2,0.29,0.194,-0.096,0.786,0.214,0.357,0.429,0.0,0.0
Joe Corbett,Available,MIL,International League,AAA,Yes,29.0,,5.0,7.8,1.2,93.7,71.7,78.4,115.0,5.46,110.9,100.46599281093496,104.4,7.0,1.0,0.0,6.0,0.0,0.0,6.0,8.0,2.17,0.471,0.167,0.267,0.1,0.824,0.176,0.412,0.412,0.286,0.0
Pete Hansen,Available,STL,International League,AAA,Yes,25.0,,23.0,18.8,4.0,108.7,174.4,98.8,98.4,4.64,98.5,134.28775419137003,104.4,86.1,4.0,4.0,4.56,18.0,0.0,92.7,86.0,1.4,0.312,0.086,0.212,0.126,0.705,0.255,0.425,0.32,0.193,0.125
Eric Reyzelman,Available,NYY,International League,AAA,Yes,25.0,,25.0,6.3,1.2,108.7,58.1,76.0,101.1,5.83,98.5,123.05288019372836,104.4,28.4,2.0,3.0,8.31,1.0,1.0,30.3,37.0,1.65,0.306,0.16,0.257,0.097,0.724,0.211,0.395,0.395,0.267,0.167
Seth Shuman,Available,SEA,Pacific Coast League,AAA,Yes,28.0,,11.0,9.8,1.2,97.2,99.4,77.9,111.5,4.89,107.8,84.98974104149822,104.3,6.0,2.0,0.0,2.08,0.0,2.0,13.0,11.0,1.15,0.242,0.135,0.212,0.077,0.788,0.212,0.606,0.182,0.5,0.0
Cameron Foster,Available,BAL,International League,AAA,Yes,27.0,,13.0,3.6,1.1,100.6,33.6,102.7,105.6,5.45,105.1,78.81391642415957,104.3,20.1,0.0,3.0,9.0,0.0,0.0,14.0,16.0,1.93,0.395,0.101,0.232,0.131,0.756,0.178,0.356,0.467,0.095,0.143
Carlos Peña,Available,DET,International League,AAA,Yes,27.0,,3.0,15.8,3.3,100.6,146.5,98.0,105.9,4.26,105.0,97.92405572905128,104.3,8.0,0.0,1.0,0.9,3.0,0.0,10.0,8.0,1.0,0.241,0.075,0.2,0.125,0.759,0.241,0.483,0.276,0.125,0.0
John Holobetz,Available,BOS,International League,AAA,Yes,23.0,,7.0,18.7,4.4,118.1,173.2,94.1,89.8,4.38,90.5,105.38687251060394,104.3,26.9,2.0,4.0,4.4,7.0,0.0,30.7,24.0,1.43,0.33,0.06,0.18,0.12,0.643,0.317,0.406,0.277,0.429,0.143
Evan Gates,Available,PHI,International League,AAA,Yes,28.0,,3.0,-1.4,1.2,97.0,-13.1,-94.1,131.4,11.31,107.9,92.62249918623658,104.2,7.5,0.0,1.0,19.64,0.0,0.0,3.7,2.0,3.55,0.438,0.2,0.08,-0.12,0.941,0.0,0.529,0.471,0.125,0.125
Richard Gallardo,Available,TOR,International League,AAA,Yes,24.0,,17.0,15.6,3.6,113.2,144.8,56.4,98.7,5.33,94.5,107.46372737908092,104.2,60.7,1.0,3.0,4.5,11.0,0.0,62.0,53.0,1.48,0.278,0.119,0.191,0.072,0.707,0.243,0.42,0.337,0.213,0.148
Luke Young,Available,WSH,International League,AAA,Yes,24.0,,23.0,6.9,1.1,113.2,63.5,0.0,105.1,6.37,94.4,113.4511534083677,104.2,30.6,4.0,2.0,3.86,0.0,1.0,25.7,17.0,1.75,0.325,0.147,0.147,0.0,0.753,0.222,0.395,0.383,0.258,0.065
Aaron Bummer,Available,KC,International League,AAA,Yes,32.0,,8.0,7.8,1.0,84.9,72.6,207.8,107.9,3.13,117.7,151.25462145000083,104.1,5.5,0.0,0.0,4.32,0.0,1.0,8.3,10.0,1.08,0.3,0.029,0.294,0.265,0.773,0.136,0.591,0.273,0.0,0.333
Blake Wehunt,Available,BOS,International League,AAA,Yes,25.0,,8.0,19.9,4.5,108.7,183.9,50.2,103.5,5.01,98.0,110.54642079672152,104.1,28.2,2.0,1.0,3.03,8.0,0.0,35.7,25.0,1.46,0.303,0.097,0.161,0.064,0.741,0.223,0.518,0.259,0.138,0.138
Eiberson Castellano,Available,COL,Pacific Coast League,AAA,Yes,25.0,,13.0,18.5,4.1,108.9,187.0,60.7,101.8,5.8,97.6,99.1183271919746,103.9,44.1,4.0,3.0,6.24,2.0,0.0,53.3,50.0,1.59,0.307,0.142,0.202,0.06,0.719,0.261,0.451,0.288,0.25,0.068
Cesar Perdomo,Available,SF,Pacific Coast League,AAA,Yes,24.0,,9.0,25.6,5.3,113.4,258.1,75.8,95.7,5.8,93.8,100.57662573348952,103.9,56.9,7.0,2.0,5.1,9.0,0.0,47.7,36.0,1.59,0.331,0.094,0.169,0.075,0.676,0.286,0.338,0.377,0.31,0.103
Kenny Serwa,Available,DET,International League,AAA,Yes,28.0,,1.0,30.5,6.0,97.0,282.2,107.4,107.5,4.83,107.2,97.95480749366035,103.8,5.5,0.0,0.0,3.0,1.0,0.0,6.0,6.0,1.0,0.167,0.136,0.273,0.137,0.77,0.154,0.385,0.462,0.5,0.167
Jace Beck,Available,MIA,International League,AAA,Yes,26.0,,9.0,18.5,3.6,104.5,170.9,132.5,97.5,4.93,101.1,102.17200880370146,103.8,42.1,1.0,1.0,5.29,7.0,0.0,32.3,35.0,1.45,0.337,0.077,0.246,0.169,0.699,0.237,0.29,0.473,0.159,0.136
Mason Adams,Available,COL,International League,AAA,Yes,26.0,,9.0,22.1,4.0,104.5,204.9,100.4,101.1,4.17,101.0,104.1280396093858,103.7,22.3,3.0,3.0,4.25,7.0,1.0,36.0,36.0,1.31,0.297,0.115,0.243,0.128,0.724,0.245,0.511,0.245,0.13,0.13
Chris Campos,Available,LAD,Pacific Coast League,AAA,Yes,25.0,,6.0,3.0,1.2,108.9,29.9,50.6,102.4,6.55,97.1,127.53229326769724,103.6,11.0,0.0,1.0,7.36,0.0,0.0,7.3,6.0,2.59,0.483,0.1,0.15,0.05,0.724,0.241,0.379,0.379,0.182,0.091
Hunter Patteson,Available,KC,International League,AAA,Yes,26.0,,3.0,19.1,4.4,104.5,176.6,50.2,106.4,5.62,100.6,94.7924087123447,103.5,16.0,0.0,1.0,2.7,2.0,0.0,13.3,11.0,1.73,0.333,0.113,0.177,0.064,0.762,0.19,0.429,0.381,0.125,0.125
Andrew Baker,Available,COL,Pacific Coast League,AAA,Yes,26.0,,24.0,8.0,1.3,104.7,80.6,122.4,97.9,5.04,100.4,100.6212070269582,103.5,24.1,4.0,3.0,5.17,2.0,0.0,31.3,42.0,1.79,0.359,0.161,0.282,0.121,0.692,0.259,0.432,0.309,0.2,0.16
Alejandro Hidalgo,Available,MIN,International League,AAA,Yes,23.0,,28.0,7.8,1.4,118.1,72.0,113.7,86.0,5.18,89.2,94.34268770306193,103.4,45.9,3.0,2.0,7.36,0.0,1.0,40.3,46.0,1.54,0.268,0.111,0.256,0.145,0.616,0.241,0.286,0.473,0.283,0.302
Austin Love,Available,STL,International League,AAA,Yes,27.0,,24.0,6.2,1.2,100.6,57.5,22.0,113.0,5.65,103.5,101.35705890607773,103.3,20.0,2.0,2.0,7.16,0.0,1.0,27.7,32.0,2.13,0.367,0.197,0.225,0.028,0.81,0.165,0.582,0.253,0.2,0.1
Jack Mahoney,Available,COL,Pacific Coast League,AAA,Yes,24.0,,6.0,16.7,4.4,113.4,168.7,64.7,96.0,5.71,93.0,112.18949265792874,103.3,23.2,0.0,1.0,5.47,6.0,0.0,26.3,23.0,1.78,0.346,0.12,0.184,0.064,0.678,0.274,0.44,0.286,0.167,0.167
Bailey Ober,Available,MIN,International League,AAA,Yes,30.0,,1.0,28.5,5.0,90.5,263.7,196.0,102.5,2.96,111.7,86.49173976170077,103.2,4.0,1.0,0.0,7.2,1.0,0.0,5.0,5.0,1.2,0.4,0.0,0.25,0.25,0.734,0.267,0.467,0.267,0.25,0.0
Yoniel Curet,Available,DET,International League,AAA,Yes,23.0,,9.0,5.1,1.0,118.1,47.3,-15.7,100.5,7.84,88.8,92.7834522336565,103.2,10.6,0.0,1.0,8.0,0.0,1.0,9.0,10.0,2.22,0.292,0.224,0.204,-0.02,0.72,0.2,0.36,0.44,0.455,0.182
Beau Philip,Available,TOR,International League,AAA,Yes,27.0,,8.0,7.5,1.0,100.6,69.1,20.4,112.9,6.91,103.3,85.85390125494783,103.1,10.0,1.0,0.0,2.25,0.0,0.0,8.0,9.0,1.88,0.333,0.205,0.231,0.026,0.809,0.19,0.333,0.476,0.0,0.0
Mason Vinyard,Available,MIA,International League,AAA,Yes,27.0,,22.0,6.8,1.2,100.6,63.2,32.9,111.3,5.96,103.1,102.72880370123794,103.0,31.6,4.0,0.0,4.67,0.0,1.0,27.0,20.0,1.37,0.231,0.127,0.169,0.042,0.797,0.152,0.443,0.405,0.219,0.125
Christian Herberholz,Available,BAL,International League,AAA,Yes,25.0,,12.0,15.5,3.9,108.7,143.6,66.6,99.7,5.1,96.4,100.57875688119908,103.0,47.0,1.0,3.0,5.21,9.0,0.0,46.7,39.0,1.61,0.312,0.1,0.185,0.085,0.714,0.218,0.449,0.333,0.122,0.204
Brandon White,Available,MIA,International League,AAA,Yes,26.0,,16.0,21.0,4.5,104.5,194.6,139.6,95.1,4.51,99.7,104.9331430862359,102.9,75.8,3.0,8.0,6.15,15.0,0.0,71.7,79.0,1.42,0.332,0.069,0.247,0.178,0.681,0.252,0.367,0.381,0.25,0.175
Morris Austin,Available,CHW,International League,AAA,Yes,26.0,,2.0,6.5,1.2,104.5,60.1,156.8,93.1,2.21,99.7,94.27873796626152,102.9,0.0,0.0,0.0,3.86,0.0,0.0,2.3,3.0,1.71,0.5,0.1,0.3,0.2,0.667,0.333,0.667,0.0,0.0,0.0
Jared Simpson,Available,WSH,International League,AAA,Yes,26.0,,11.0,10.8,1.7,104.5,99.5,145.8,94.2,3.28,99.5,101.73680608658252,102.8,7.2,0.0,1.0,2.84,7.0,0.0,19.0,25.0,1.21,0.273,0.123,0.309,0.186,0.675,0.302,0.535,0.163,0.429,0.143
Jared Lyons,Available,CIN,International League,AAA,Yes,25.0,,12.0,10.8,3.0,108.7,100.2,-10.2,108.2,5.89,96.1,102.47662870485078,102.8,28.2,2.0,5.0,5.0,5.0,0.0,36.0,24.0,1.78,0.306,0.159,0.146,-0.013,0.775,0.18,0.559,0.261,0.172,0.172
Connor Thomas,Available,KC,International League,AAA,Yes,28.0,,15.0,10.0,2.0,97.0,92.7,81.5,108.6,4.21,105.7,114.95250573138549,102.7,15.8,2.0,2.0,2.4,2.0,0.0,30.0,22.0,1.03,0.238,0.086,0.19,0.104,0.778,0.198,0.605,0.198,0.188,0.125
Anderson Pilar,Available,ATL,International League,AAA,Yes,28.0,,22.0,10.5,2.0,97.0,97.3,106.6,105.6,4.92,105.6,93.99414961793762,102.7,44.5,3.0,2.0,3.56,1.0,0.0,43.0,37.0,1.09,0.226,0.073,0.209,0.136,0.757,0.176,0.437,0.387,0.239,0.174
Drue Hackenberg,Available,ATL,International League,AAA,Yes,24.0,,12.0,19.5,4.3,113.2,180.4,71.3,94.3,4.99,92.2,103.13345829373644,102.7,44.5,2.0,2.0,6.06,8.0,0.0,52.0,54.0,1.73,0.367,0.132,0.223,0.091,0.676,0.304,0.399,0.297,0.182,0.068
Justin Meis,Available,PIT,International League,AAA,Yes,26.0,,36.0,7.3,1.5,104.5,67.4,26.7,107.6,6.51,99.2,122.17273950367677,102.6,70.5,0.0,1.0,4.73,1.0,1.0,53.3,45.0,1.44,0.238,0.159,0.193,0.034,0.771,0.189,0.318,0.493,0.274,0.082
Julian Aguiar,Available,CIN,International League,AAA,Yes,25.0,,11.0,17.1,3.9,108.7,157.9,55.7,100.4,5.46,95.9,102.0535192195312,102.6,39.3,2.0,5.0,6.23,11.0,0.0,43.3,43.0,1.59,0.284,0.146,0.217,0.071,0.719,0.223,0.438,0.339,0.171,0.171
Blake Adams,Available,COL,Pacific Coast League,AAA,Yes,25.0,,20.0,9.6,2.9,108.9,97.1,72.8,98.1,5.82,95.6,105.57985197601332,102.6,68.4,2.0,6.0,7.91,2.0,1.0,58.0,43.0,1.81,0.369,0.083,0.155,0.072,0.693,0.273,0.39,0.337,0.246,0.101
Peyton Alford,Available,SEA,Pacific Coast League,AAA,Yes,28.0,,30.0,8.4,1.3,97.2,84.7,123.4,103.2,4.79,105.1,128.29709325804424,102.5,26.3,2.0,1.0,3.76,1.0,1.0,38.3,44.0,1.38,0.256,0.146,0.268,0.122,0.73,0.208,0.5,0.292,0.179,0.214
Hans Crouse,Available,SD,International League,AAA,Yes,27.0,,24.0,7.3,1.1,100.6,67.3,118.4,100.6,4.03,102.4,118.15661764210276,102.5,18.0,3.0,2.0,4.44,0.0,2.0,26.3,29.0,1.29,0.279,0.106,0.257,0.151,0.721,0.235,0.5,0.265,0.389,0.167
Alaska Abney,Available,CLE,International League,AAA,Yes,26.0,,6.0,2.2,0.9,104.5,20.0,0.0,110.5,7.46,99.1,98.58424043165805,102.5,8.2,0.0,0.0,9.53,0.0,0.0,5.7,3.0,2.47,0.409,0.097,0.097,0.0,0.792,0.125,0.5,0.375,0.111,0.222
Chuck King,Available,PHI,International League,AAA,Yes,28.0,,22.0,24.2,5.1,97.0,223.8,93.3,106.6,4.71,105.1,100.24590320048664,102.4,105.0,9.0,7.0,4.1,21.0,0.0,112.0,92.0,1.21,0.274,0.076,0.195,0.119,0.764,0.205,0.474,0.32,0.17,0.094
Trace Bright,Available,BAL,International League,AAA,Yes,25.0,,18.0,15.5,4.4,108.7,143.0,78.4,97.3,5.83,95.5,97.05918079250496,102.4,105.1,1.0,10.0,7.81,17.0,0.0,78.3,75.0,1.72,0.339,0.108,0.208,0.1,0.697,0.22,0.311,0.469,0.186,0.177
Jake Curtis,Available,CHW,International League,AAA,Yes,24.0,,2.0,4.1,2.5,113.2,38.2,37.6,97.7,5.66,91.8,107.74123590703086,102.4,6.7,0.0,1.0,5.4,0.0,0.0,5.0,1.0,1.4,0.316,0.0,0.048,0.048,0.7,0.25,0.4,0.35,0.143,0.143
Cristian Javier,Available,HOU,Pacific Coast League,AAA,Yes,29.0,,4.0,24.1,4.2,93.9,243.6,184.1,99.1,5.38,107.6,2.980212424740984,102.3,19.9,1.0,0.0,3.18,4.0,0.0,17.0,18.0,1.06,0.263,0.091,0.273,0.182,0.7,0.25,0.225,0.525,0.286,0.095
Isaac Coffey,Available,BOS,International League,AAA,Yes,26.0,,5.0,17.8,3.5,104.5,164.7,132.5,94.9,4.8,98.8,87.41027195479323,102.3,22.1,0.0,1.0,4.08,5.0,0.0,17.7,20.0,1.36,0.313,0.091,0.26,0.169,0.68,0.28,0.26,0.46,0.217,0.087
John Means,Available,KC,International League,AAA,Yes,33.0,,1.0,15.0,3.0,82.3,138.8,196.0,108.5,3.94,117.0,110.07527470235986,102.2,3.6,0.0,0.0,3.0,1.0,0.0,3.0,3.0,1.33,0.375,0.0,0.25,0.25,0.777,0.111,0.444,0.444,0.25,0.25
Jared Kelley,Available,CHW,International League,AAA,Yes,24.0,,3.0,10.8,1.7,113.2,99.5,156.8,83.8,3.23,91.5,100.80284693047284,102.2,1.8,0.0,0.0,1.8,0.0,0.0,5.0,7.0,1.4,0.333,0.15,0.35,0.2,0.6,0.3,0.5,0.2,0.0,0.5
Dedniel Núñez,Available,NYM,International League,AAA,Yes,30.0,,8.0,5.7,1.1,90.5,52.9,87.0,113.1,5.12,110.1,130.30535403416107,102.1,8.0,0.0,0.0,3.0,0.0,0.0,9.0,9.0,1.0,0.19,0.139,0.25,0.111,0.81,0.19,0.429,0.381,0.25,0.0
Griff McGarry,Available,LAD,Pacific Coast League,AAA,Yes,27.0,,28.0,6.5,0.9,100.8,65.4,-16.2,115.1,7.16,101.5,115.67112917654543,102.1,13.4,2.0,0.0,7.03,0.0,2.0,24.3,36.0,2.26,0.326,0.302,0.286,-0.016,0.813,0.146,0.563,0.292,0.071,0.143
Jeremiah Estrada,Available,SD,Pacific Coast League,AAA,Yes,27.0,,4.0,4.7,0.7,100.8,47.3,0.0,113.2,8.05,101.5,145.70004140466716,102.1,4.0,0.0,0.0,0.0,0.0,0.0,2.7,4.0,1.87,0.2,0.308,0.308,0.0,0.8,0.2,0.0,0.8,0.25,0.0
Riley Gowens,Available,CHW,International League,AAA,Yes,26.0,,15.0,8.3,1.8,104.5,77.0,85.5,100.0,4.79,98.5,104.20036917860097,102.1,24.4,2.0,2.0,5.2,0.0,0.0,27.7,23.0,1.27,0.253,0.084,0.193,0.109,0.716,0.222,0.469,0.309,0.04,0.2
Jack Cebert,Available,WSH,International League,AAA,Yes,24.0,,2.0,13.6,3.5,113.2,126.1,20.4,99.0,6.18,91.1,95.9864039364904,102.0,7.6,0.0,1.0,3.86,2.0,0.0,7.0,6.0,2.14,0.385,0.132,0.158,0.026,0.709,0.292,0.417,0.292,0.286,0.0
Jonny Cuevas,Available,TB,International League,AAA,Yes,25.0,,8.0,8.9,1.9,108.7,82.7,40.8,100.7,5.75,94.7,99.7865240992891,101.8,13.4,1.0,1.0,7.63,1.0,0.0,15.3,18.0,1.96,0.317,0.182,0.234,0.052,0.721,0.209,0.465,0.326,0.286,0.214
Jonatan Bernal,Available,ARI,Pacific Coast League,AAA,Yes,24.0,,21.0,7.6,1.8,113.4,76.3,48.5,95.2,6.33,90.6,104.03147446365384,101.8,47.6,1.0,1.0,6.03,1.0,0.0,37.3,27.0,1.53,0.288,0.112,0.16,0.048,0.673,0.294,0.303,0.403,0.208,0.083
Derek Law,Available,ARI,Pacific Coast League,AAA,Yes,35.0,,5.0,8.2,1.3,77.8,82.3,229.6,108.1,3.46,120.0,128.97100170590826,101.7,4.0,1.0,0.0,0.0,0.0,0.0,6.3,5.0,0.79,0.294,0.0,0.227,0.227,0.764,0.235,0.529,0.235,0.25,0.0
Zac Leigh,Available,CHC,International League,AAA,Yes,28.0,,25.0,7.5,1.5,97.0,69.7,93.3,105.4,4.92,104.0,115.11915273232542,101.7,36.3,3.0,2.0,6.69,0.0,0.0,36.3,44.0,1.68,0.344,0.143,0.262,0.119,0.755,0.204,0.418,0.378,0.216,0.108
Max Kranick,Available,WSH,International League,AAA,Yes,28.0,,3.0,8.9,1.6,97.0,82.5,98.0,104.7,5.63,103.9,104.94988197989083,101.6,6.0,0.0,0.0,5.79,0.0,0.0,4.7,5.0,1.93,0.438,0.083,0.208,0.125,0.75,0.25,0.375,0.375,0.333,0.0
Andrew Moore,Available,PIT,Pacific Coast League,AAA,Yes,26.0,,10.0,6.7,1.5,104.7,67.9,-26.3,111.7,7.46,97.6,121.63170498305352,101.6,12.7,0.0,0.0,6.14,0.0,0.0,14.7,17.0,2.11,0.297,0.25,0.224,-0.026,0.79,0.184,0.474,0.342,0.308,0.077
Ethan Bosacker,Available,KC,International League,AAA,Yes,25.0,,26.0,8.6,1.9,108.7,79.5,25.9,102.0,6.27,94.3,95.53359633343112,101.6,59.3,4.0,1.0,6.04,4.0,0.0,50.7,40.0,1.62,0.273,0.134,0.167,0.033,0.731,0.218,0.397,0.385,0.233,0.133
Jean Cabrera,Available,PHI,International League,AAA,Yes,24.0,,7.0,11.0,4.0,113.2,102.1,5.5,100.0,6.08,90.5,92.7545227642076,101.6,28.0,1.0,2.0,9.32,7.0,0.0,28.0,21.0,2.11,0.379,0.143,0.15,0.007,0.716,0.253,0.453,0.295,0.179,0.107
Jose Atencio,Available,LAA,Pacific Coast League,AAA,Yes,24.0,,3.0,6.2,1.8,113.4,62.3,77.9,91.5,5.38,90.4,89.06904713528533,101.6,5.3,0.0,1.0,6.75,0.0,0.0,5.3,5.0,1.88,0.389,0.115,0.192,0.077,0.647,0.353,0.353,0.294,0.0,0.0
Hudson Leach,Available,HOU,Pacific Coast League,AAA,Yes,24.0,,14.0,2.6,0.9,113.4,26.1,-124.4,114.8,9.24,90.4,101.27036896855677,101.6,7.2,0.0,0.0,10.66,0.0,0.0,12.7,10.0,2.45,0.316,0.26,0.137,-0.123,0.811,0.189,0.622,0.189,0.286,0.0
Jared Johnson,Available,ATH,Pacific Coast League,AAA,Yes,25.0,,6.0,8.1,1.7,108.9,81.6,-109.2,117.2,7.98,94.0,92.00230034843212,101.5,10.3,1.0,1.0,1.8,0.0,0.0,10.0,5.0,1.8,0.267,0.217,0.109,-0.108,0.828,0.172,0.483,0.345,0.2,0.0
Ryan Magdic,Available,ATH,Pacific Coast League,AAA,Yes,26.0,,8.0,15.8,5.0,104.7,159.4,114.3,95.3,5.45,97.3,101.77637274108642,101.4,46.9,1.0,2.0,6.81,8.0,0.0,39.7,27.0,1.69,0.355,0.032,0.145,0.113,0.673,0.245,0.415,0.34,0.28,0.24
Dominic Niman,Available,TB,International League,AAA,Yes,25.0,,1.0,14.8,1.0,108.7,136.5,0.0,104.7,5.33,94.1,93.10064374463524,101.4,1.2,0.0,0.0,0.0,0.0,1.0,1.0,0.0,1.0,0.2,0.0,0.0,0.0,0.75,0.25,0.5,0.25,0.0,0.0
Nick Jones,Available,LAA,Pacific Coast League,AAA,Yes,27.0,,2.0,1.1,1.3,100.8,11.4,112.3,99.0,8.7,100.4,104.24143217507232,101.3,4.5,0.0,1.0,23.62,0.0,0.0,2.7,4.0,2.62,0.444,0.111,0.222,0.111,0.7,0.2,0.3,0.5,0.0,0.2
Luke Little,Available,KC,International League,AAA,Yes,25.0,,27.0,7.5,1.2,108.7,69.3,14.1,102.7,6.64,93.8,100.90608597690787,101.2,26.0,5.0,1.0,7.99,0.0,1.0,32.7,37.0,2.05,0.356,0.201,0.219,0.018,0.736,0.241,0.46,0.299,0.231,0.077
Carlos Hernández,Available,CLE,International League,AAA,Yes,29.0,,12.0,9.1,1.1,93.7,84.1,178.8,97.8,3.99,105.9,93.17816155812784,101.1,12.1,0.0,1.0,5.4,0.0,2.0,13.3,20.0,1.35,0.269,0.123,0.351,0.228,0.7,0.167,0.367,0.467,0.286,0.286
Cade Povich,Available,BAL,International League,AAA,Yes,26.0,,12.0,21.8,4.6,104.5,201.6,132.5,92.7,4.41,96.9,112.55622967712938,101.0,54.5,2.0,5.0,6.47,12.0,0.0,55.7,63.0,1.47,0.308,0.085,0.254,0.169,0.664,0.234,0.392,0.373,0.237,0.271
Sean Hunley,Available,DET,International League,AAA,Yes,26.0,,1.0,15.8,3.0,104.5,145.7,56.4,101.5,7.43,96.9,84.51793599680443,101.0,6.4,1.0,0.0,9.0,0.0,0.0,3.0,2.0,1.67,0.3,0.071,0.143,0.072,0.727,0.182,0.182,0.636,0.0,0.143
Shane Smith,Available,CHW,International League,AAA,Yes,26.0,,16.0,14.3,3.1,104.5,132.0,51.7,101.9,5.6,96.8,108.37272402735792,101.0,29.8,2.0,2.0,6.06,12.0,0.0,49.0,51.0,1.57,0.304,0.157,0.223,0.066,0.73,0.246,0.516,0.238,0.1,0.1
Garrett Hawkins,Available,SD,Pacific Coast League,AAA,Yes,26.0,,22.0,5.7,1.2,104.7,57.6,-32.4,111.3,7.13,96.6,107.82231864018648,100.9,27.0,1.0,0.0,5.61,0.0,0.0,25.7,23.0,1.79,0.243,0.221,0.189,-0.032,0.786,0.186,0.429,0.386,0.222,0.074
Javen Coleman,Available,TOR,International League,AAA,Yes,24.0,,12.0,4.9,0.9,113.2,44.9,101.9,87.8,5.21,89.6,115.98051383507236,100.9,14.2,1.0,1.0,9.53,0.0,1.0,11.3,13.0,1.85,0.394,0.111,0.241,0.13,0.629,0.314,0.257,0.429,0.267,0.133
Marc Church,Available,TEX,Pacific Coast League,AAA,Yes,25.0,,28.0,5.4,1.0,108.9,54.4,83.9,93.7,5.69,92.9,86.9464235443743,100.8,28.3,3.0,2.0,7.31,0.0,0.0,28.3,34.0,2.15,0.429,0.153,0.236,0.083,0.662,0.301,0.361,0.337,0.179,0.107
Mason Olson,Available,TOR,International League,AAA,Yes,24.0,,2.0,19.2,3.2,113.2,178.1,54.1,93.0,6.28,89.3,99.66081530352892,100.8,7.5,1.0,0.0,2.84,0.0,0.0,6.3,6.0,1.58,0.294,0.138,0.207,0.069,0.667,0.278,0.278,0.444,0.0,0.125
Yorman Gómez,Available,CLE,International League,AAA,Yes,23.0,,13.0,17.0,4.3,118.1,157.1,71.3,86.3,5.71,85.2,112.98373116239556,100.7,66.3,1.0,5.0,6.99,13.0,0.0,55.3,56.0,1.68,0.29,0.131,0.222,0.091,0.618,0.272,0.272,0.457,0.176,0.243
Rob Zastryzny,Available,MIL,International League,AAA,Yes,34.0,,8.0,7.2,0.8,79.9,66.8,163.9,111.7,3.67,116.5,97.8665504179228,100.6,5.0,0.0,0.0,0.0,1.0,0.0,6.7,7.0,0.75,0.2,0.083,0.292,0.209,0.8,0.2,0.467,0.333,0.8,0.0
Tyler Uberstine,Available,ATL,International League,AAA,Yes,27.0,,25.0,11.6,1.7,100.6,107.5,142.7,94.4,4.36,99.4,119.20816267521288,100.6,40.5,1.0,2.0,3.12,2.0,3.0,43.3,47.0,1.02,0.245,0.085,0.267,0.182,0.677,0.294,0.324,0.382,0.205,0.077
Juaron Watts-Brown,Available,BAL,International League,AAA,Yes,24.0,,7.0,14.7,3.6,113.2,135.8,29.8,95.5,6.64,89.0,100.53543044107788,100.6,29.5,1.0,2.0,8.88,4.0,0.0,25.3,30.0,2.17,0.343,0.188,0.226,0.038,0.684,0.237,0.342,0.421,0.094,0.188
Jose Espada,Available,BAL,International League,AAA,Yes,29.0,,37.0,9.7,1.2,93.7,89.4,88.6,107.1,5.22,105.0,62.608190635964405,100.5,48.8,4.0,1.0,2.8,0.0,7.0,45.0,46.0,1.33,0.256,0.123,0.236,0.113,0.767,0.183,0.4,0.417,0.16,0.12
Cameron Cotter,Available,CIN,International League,AAA,Yes,27.0,,12.0,6.2,1.2,100.6,57.1,84.7,100.8,4.3,99.2,96.8871395814668,100.4,13.3,0.0,1.0,5.52,0.0,1.0,14.7,12.0,1.77,0.345,0.054,0.162,0.108,0.722,0.222,0.537,0.241,0.231,0.231
Gerrit Cole,Je suis Charlie Morton (ACTIVE),NYY,International League,AAA,Yes,35.0,,1.0,30.2,5.3,77.6,279.9,178.8,111.7,3.52,118.0,101.89772857187316,100.3,5.0,0.0,0.0,1.69,1.0,0.0,5.3,6.0,1.31,0.4,0.045,0.273,0.228,0.8,0.2,0.467,0.333,0.2,0.0
Hunter Parks,Available,CIN,International League,AAA,Yes,25.0,,36.0,8.5,1.0,108.7,78.7,91.7,92.1,4.78,92.3,123.12483372007746,100.2,25.5,2.0,2.0,8.15,0.0,9.0,35.3,50.0,1.92,0.373,0.174,0.291,0.117,0.659,0.261,0.432,0.307,0.111,0.259
Chen Zhong-Ao Zhuang,Available,ATH,Pacific Coast League,AAA,Yes,25.0,,15.0,12.0,4.0,108.9,121.5,49.6,96.6,6.49,92.0,102.0348470894431,100.2,80.1,2.0,5.0,7.84,12.0,0.0,59.7,42.0,1.78,0.309,0.099,0.148,0.049,0.683,0.231,0.356,0.413,0.198,0.209
Nick Pivetta,Daddy Yankee (ACTIVE),SD,Pacific Coast League,AAA,Yes,33.0,,1.0,33.2,4.3,82.5,335.8,404.5,80.8,3.0,113.8,84.72424729160267,100.1,4.0,0.0,0.0,0.0,1.0,0.0,4.3,7.0,0.69,0.286,0.067,0.467,0.4,0.571,0.429,0.0,0.571,0.0,0.0
Julio Rodriguez,Ben the Hen (ACTIVE),HOU,Pacific Coast League,AAA,Yes,26.0,,9.0,4.8,0.9,104.7,48.8,-43.5,111.2,8.99,95.4,118.12734299937564,100.1,6.9,0.0,0.0,6.75,0.0,0.0,8.0,12.0,2.25,0.25,0.304,0.261,-0.043,0.786,0.214,0.357,0.429,0.333,0.0
Aidan Anderson,Available,CHW,Pacific Coast League,AAA,Yes,29.0,,23.0,6.2,1.5,93.9,63.0,47.5,110.8,5.91,104.2,114.29984448873071,100.0,35.6,1.0,1.0,4.19,0.0,0.0,34.3,20.0,1.34,0.273,0.088,0.135,0.047,0.783,0.189,0.486,0.324,0.222,0.083
Joey Mancini,Available,HOU,Pacific Coast League,AAA,Yes,26.0,,15.0,6.8,2.0,104.7,68.3,88.0,95.8,5.76,95.2,105.25394118500904,100.0,26.4,1.0,3.0,10.31,2.0,0.0,29.7,31.0,1.96,0.385,0.12,0.207,0.087,0.677,0.269,0.441,0.29,0.074,0.185
Johnathan Harmon,Available,CIN,International League,AAA,Yes,25.0,,5.0,13.2,3.6,108.7,121.7,0.0,102.2,6.43,91.9,99.69088330775256,100.0,18.6,1.0,1.0,7.5,3.0,0.0,18.0,15.0,2.06,0.364,0.17,0.17,0.0,0.732,0.232,0.429,0.339,0.0,0.105
Chris Clark,Available,TB,International League,AAA,Yes,24.0,,4.0,12.8,2.4,113.2,118.0,139.6,81.9,3.77,88.2,96.463933745944,100.0,7.2,1.0,1.0,7.45,0.0,0.0,9.7,12.0,1.66,0.346,0.089,0.267,0.178,0.587,0.31,0.414,0.276,0.125,0.375
Peter Strzelecki,Available,STL,International League,AAA,Yes,31.0,,29.0,8.1,1.1,87.6,74.5,187.4,100.4,3.63,109.1,148.5008118889492,99.9,27.3,0.0,1.0,4.06,1.0,4.0,31.0,37.0,1.16,0.325,0.046,0.285,0.239,0.719,0.232,0.427,0.341,0.143,0.143
Zach Peek,Available,NYM,International League,AAA,Yes,28.0,,8.0,9.5,1.8,97.0,87.9,174.1,93.1,4.15,101.4,99.76370534703534,99.9,15.4,0.0,1.0,5.79,3.0,1.0,14.0,17.0,1.57,0.395,0.048,0.27,0.222,0.667,0.238,0.357,0.405,0.235,0.235
Gerald Ogando,Available,BAL,International League,AAA,Yes,25.0,,20.0,6.1,1.2,108.7,56.8,0.0,102.1,6.45,91.8,118.67158660708674,99.9,24.2,1.0,1.0,6.12,0.0,0.0,25.0,25.0,1.8,0.262,0.21,0.21,0.0,0.731,0.224,0.403,0.373,0.24,0.12
Fisher Jameson,Available,COL,Pacific Coast League,AAA,Yes,23.0,,2.0,9.0,3.8,118.4,90.9,59.7,86.0,5.49,83.8,88.89714201944636,99.9,7.2,0.0,0.0,8.22,0.0,0.0,7.7,4.0,1.57,0.28,0.059,0.118,0.059,0.608,0.286,0.429,0.286,0.125,0.375
Brendan Cellucci,Available,TOR,International League,AAA,Yes,28.0,,44.0,7.7,1.1,97.0,70.9,112.1,100.0,3.75,101.3,156.05997905545416,99.8,24.2,6.0,2.0,3.26,0.0,1.0,49.7,51.0,1.31,0.301,0.108,0.251,0.143,0.717,0.236,0.567,0.197,0.24,0.24
Hayden Wesneski,Daddy Yankee (ACTIVE),HOU,Pacific Coast League,AAA,Yes,28.0,,3.0,26.0,4.3,97.2,262.6,256.9,83.1,2.82,101.0,111.5561486127564,99.8,6.0,0.0,0.0,2.77,3.0,0.0,13.0,17.0,1.23,0.353,0.055,0.309,0.254,0.588,0.382,0.441,0.176,0.333,0.167
A.J. Minter,Available,MIN,International League,AAA,Yes,32.0,,8.0,5.9,1.0,84.9,54.9,78.4,115.3,5.86,111.1,130.69425782116136,99.7,11.5,0.0,0.0,2.35,1.0,0.0,7.7,4.0,0.78,0.208,0.033,0.133,0.1,0.826,0.174,0.348,0.478,0.091,0.0
Quinn Priester,Cant Park Here (INJURED_RESERVE),MIL,International League,AAA,Yes,25.0,,5.0,0.2,1.7,108.7,1.9,-87.0,111.8,8.88,91.5,73.61466358741541,99.7,7.7,0.0,4.0,17.65,5.0,0.0,8.7,8.0,3.23,0.448,0.259,0.148,-0.111,0.801,0.167,0.567,0.267,0.375,0.125
Shane Murphy,Available,CHW,International League,AAA,Yes,25.0,,16.0,20.2,5.1,108.7,187.2,82.3,92.2,5.15,91.4,98.372586494685,99.7,85.3,5.0,3.0,5.67,13.0,0.0,81.0,59.0,1.44,0.292,0.062,0.167,0.105,0.66,0.248,0.401,0.351,0.12,0.261
Yaramil Hiraldo,Available,BAL,International League,AAA,Yes,30.0,,14.0,8.6,1.0,90.5,79.3,112.1,105.6,5.7,106.1,17.627246651171045,99.5,20.8,1.0,0.0,1.23,0.0,1.0,14.7,13.0,0.82,0.143,0.089,0.232,0.143,0.757,0.189,0.216,0.595,0.364,0.091
Patrick Halligan,Available,BOS,International League,AAA,Yes,26.0,,7.0,10.9,2.2,104.5,100.8,159.2,87.0,3.75,94.6,101.9331863783546,99.5,12.0,1.0,0.0,6.46,0.0,0.0,15.3,18.0,1.63,0.467,0.058,0.261,0.203,0.623,0.378,0.356,0.267,0.25,0.0
Cade Feeney,Not in Fantrax,BOS,International League,AAA,Yes,24.0,,2.0,3.0,2.5,113.2,27.8,-32.9,100.8,6.69,87.4,93.95218845348263,99.5,6.3,0.0,0.0,7.2,1.0,0.0,5.0,2.0,2.0,0.368,0.125,0.083,-0.042,0.722,0.278,0.389,0.333,0.0,0.0
Will Childers,Available,MIL,International League,AAA,Yes,25.0,,31.0,6.1,1.1,108.7,56.0,69.8,93.1,4.97,91.0,113.18284144322304,99.4,32.4,2.0,2.0,4.86,1.0,4.0,33.3,26.0,1.59,0.33,0.089,0.178,0.089,0.667,0.267,0.41,0.324,0.088,0.206
Ixan Henderson,Available,STL,International League,AAA,Yes,24.0,,1.0,13.0,4.7,113.2,120.3,-184.2,118.1,9.2,87.3,124.6330918679725,99.4,8.0,0.0,0.0,0.0,1.0,0.0,4.7,0.0,0.86,0.0,0.235,0.0,-0.235,0.846,0.154,0.231,0.615,0.25,0.0
Duncan Davitt,Available,SF,International League,AAA,Yes,26.0,,27.0,12.7,2.5,104.5,117.4,105.8,92.8,4.51,94.3,81.37638303482348,99.3,56.2,5.0,3.0,6.24,10.0,1.0,66.3,69.0,1.51,0.335,0.098,0.233,0.135,0.665,0.288,0.408,0.304,0.207,0.155
Ben Sears,Available,KC,International League,AAA,Yes,26.0,,39.0,8.7,1.7,104.5,80.3,79.2,95.8,4.96,94.3,102.84355818118148,99.3,61.7,6.0,2.0,4.03,10.0,0.0,67.0,56.0,1.39,0.298,0.094,0.195,0.101,0.686,0.268,0.409,0.323,0.266,0.141
Ryan Murphy,Available,STL,International League,AAA,Yes,26.0,,33.0,7.6,1.4,104.5,70.1,61.2,97.9,5.06,94.3,111.03626629094228,99.3,28.9,5.0,1.0,6.35,1.0,2.0,45.3,46.0,1.76,0.333,0.132,0.21,0.078,0.701,0.239,0.537,0.224,0.133,0.267
Jake Bloss,Available,TOR,International League,AAA,Yes,25.0,,5.0,7.3,3.9,108.7,68.0,34.5,97.0,5.65,90.8,110.45763143715952,99.3,20.1,0.0,3.0,8.69,5.0,0.0,19.7,10.0,1.68,0.318,0.067,0.111,0.044,0.695,0.217,0.478,0.304,0.143,0.286
Landon Sims,Available,ARI,Pacific Coast League,AAA,Yes,25.0,,22.0,4.6,1.2,108.9,46.9,17.2,98.8,6.42,90.6,91.58280729485529,99.3,31.7,1.0,1.0,5.27,0.0,0.0,27.3,17.0,1.57,0.318,0.126,0.143,0.017,0.698,0.289,0.337,0.373,0.226,0.032
Riley Cooper,Available,BAL,International League,AAA,Yes,24.0,,2.0,4.8,2.5,113.2,44.0,32.1,93.0,6.46,87.1,95.10889691377272,99.3,6.1,0.0,1.0,14.4,0.0,0.0,5.0,5.0,2.0,0.308,0.167,0.208,0.041,0.666,0.2,0.333,0.467,0.0,0.286
Gabriel Barbosa,Available,PHI,International League,AAA,Yes,24.0,,2.0,12.8,2.7,113.2,118.0,31.4,93.0,5.4,87.1,84.59962713959567,99.2,4.7,1.0,0.0,6.75,0.0,0.0,5.3,4.0,1.88,0.353,0.12,0.16,0.04,0.666,0.278,0.444,0.278,0.2,0.2
Sam Hentges,Available,SF,Pacific Coast League,AAA,Yes,29.0,,9.0,4.8,0.9,93.9,48.0,58.7,107.8,5.85,102.7,118.44324084445424,99.0,8.0,0.0,0.0,2.16,3.0,0.0,8.3,8.0,1.08,0.143,0.171,0.229,0.058,0.762,0.238,0.381,0.381,0.375,0.0
Michael Sansone,Not in Fantrax,BOS,International League,AAA,Yes,26.0,,11.0,17.6,4.7,104.5,163.0,65.1,96.8,5.44,93.7,105.5482491475614,98.9,54.6,2.0,5.0,5.96,10.0,0.0,51.3,40.0,1.34,0.245,0.102,0.185,0.083,0.694,0.22,0.387,0.393,0.271,0.22
Charlie Beilenson,Available,SEA,Pacific Coast League,AAA,Yes,26.0,,13.0,3.6,0.8,104.7,36.7,50.6,98.3,6.36,93.5,116.91928256524704,98.9,12.6,2.0,0.0,16.36,0.0,0.0,11.0,13.0,2.45,0.429,0.167,0.217,0.05,0.694,0.25,0.389,0.361,0.077,0.154
Ricky Castro,Available,MIN,International League,AAA,Yes,26.0,,19.0,14.1,2.5,104.5,130.3,127.0,89.5,4.65,93.5,90.9155190477097,98.8,51.7,3.0,3.0,5.77,11.0,0.0,48.3,60.0,1.61,0.341,0.108,0.27,0.162,0.641,0.276,0.313,0.41,0.127,0.2
Jarrod Cande,Available,COL,Pacific Coast League,AAA,Yes,26.0,,3.0,2.9,1.7,104.7,29.5,-34.4,107.9,8.12,93.4,86.54419849287217,98.8,7.6,0.0,0.0,12.6,0.0,0.0,5.0,4.0,3.4,0.55,0.167,0.133,-0.034,0.762,0.19,0.429,0.381,0.125,0.125
Victor Juarez,Available,COL,Pacific Coast League,AAA,Yes,23.0,,16.0,3.9,1.5,118.4,39.1,14.2,89.3,6.81,82.1,97.81798004317716,98.8,27.0,3.0,2.0,12.93,1.0,0.0,23.7,18.0,2.54,0.421,0.118,0.132,0.014,0.631,0.326,0.389,0.284,0.259,0.148
Nick Altermatt,Available,CHW,International League,AAA,Yes,26.0,,7.0,8.0,1.6,104.5,74.4,54.9,97.7,5.07,93.5,95.98717582067218,98.7,10.0,0.0,0.0,1.64,0.0,0.0,11.0,8.0,1.0,0.2,0.116,0.186,0.07,0.7,0.3,0.367,0.333,0.4,0.0
Jaxon Wiggins,Hand Foot Mouth Disease Guys (MINORS),CHC,International League,AAA,Yes,24.0,,15.0,9.3,2.1,113.2,86.1,52.5,89.6,5.54,86.2,109.20263532147982,98.7,27.0,0.0,3.0,7.26,7.0,0.0,31.0,39.0,1.87,0.333,0.193,0.26,0.067,0.642,0.321,0.333,0.346,0.25,0.107
Nate Peterson,Available,CIN,International League,AAA,Yes,26.0,,3.0,1.7,2.7,104.5,15.4,-101.9,115.6,9.66,93.3,95.1728151161617,98.6,9.3,0.0,1.0,13.5,2.0,0.0,8.0,4.0,2.5,0.296,0.217,0.087,-0.13,0.828,0.103,0.552,0.345,0.0,0.2
Magnus Ellerts,Available,CLE,International League,AAA,Yes,25.0,,1.0,4.8,0.7,108.7,44.0,261.1,69.8,0.5,89.8,91.53016724705326,98.6,0.0,0.0,0.0,0.0,0.0,0.0,0.7,1.0,1.5,0.5,0.0,0.333,0.333,0.5,0.5,0.5,0.0,0.0,0.0
Jake Walkinshaw,Available,MIA,International League,AAA,Yes,29.0,,30.0,6.0,1.1,93.7,55.1,123.9,99.7,4.11,102.1,37.95708889438122,98.5,24.3,1.0,2.0,4.68,0.0,0.0,32.7,36.0,1.32,0.318,0.101,0.259,0.158,0.714,0.262,0.452,0.286,0.208,0.083
Shinnosuke Ogasawara,Available,WSN,International League,AAA,Yes,28.0,,3.0,17.9,4.2,97.0,165.8,121.5,96.7,4.36,99.3,104.80203985346596,98.5,11.7,0.0,1.0,5.68,3.0,0.0,12.7,13.0,1.66,0.395,0.069,0.224,0.155,0.693,0.256,0.436,0.308,0.25,0.167
Marcus Johnson,Available,TB,International League,AAA,Yes,25.0,,3.0,12.2,4.4,108.7,112.6,0.0,99.7,5.87,89.7,99.15832604904595,98.5,13.4,0.0,0.0,5.4,3.0,0.0,13.3,6.0,1.65,0.298,0.098,0.098,0.0,0.714,0.245,0.469,0.286,0.143,0.143
Max Lazar,Available,PHI,International League,AAA,Yes,27.0,,27.0,9.1,1.2,100.6,83.9,117.6,93.6,4.02,96.2,112.1168929931532,98.4,23.6,5.0,1.0,4.41,0.0,2.0,32.7,38.0,1.44,0.31,0.11,0.26,0.15,0.671,0.282,0.447,0.271,0.261,0.174
Jordan Romano,Available,COL,Pacific Coast League,AAA,Yes,33.0,,9.0,6.9,1.0,82.5,69.3,297.3,90.0,4.04,111.0,94.93482831788847,98.3,11.4,0.0,1.0,4.15,0.0,1.0,8.7,10.0,0.58,0.095,0.0,0.294,0.294,0.636,0.227,0.227,0.545,0.25,0.25
Jhony Brito,Available,SD,Pacific Coast League,AAA,Yes,28.0,,11.0,16.4,3.8,97.2,165.9,104.2,98.1,4.65,98.8,107.41774374048023,98.3,33.0,2.0,1.0,2.98,10.0,0.0,42.3,27.0,1.25,0.291,0.051,0.154,0.103,0.694,0.269,0.485,0.246,0.212,0.152
Bryce Montes de Oca,Available,WSN,International League,AAA,Yes,30.0,,4.0,2.5,0.7,90.5,23.1,0.0,116.3,8.93,104.2,101.273722243179,98.2,2.5,0.0,0.0,10.12,0.0,0.0,2.7,3.0,1.5,0.0,0.214,0.214,0.0,0.834,0.0,0.5,0.5,0.333,0.333
Nate Pearson,Ben the Hen (ACTIVE),KC,Pacific Coast League,AAA,Yes,29.0,,6.0,5.6,1.1,93.9,56.8,0.0,113.2,6.89,101.5,83.42596504599103,98.2,5.3,0.0,0.0,2.7,1.0,0.0,6.7,8.0,1.65,0.188,0.242,0.242,0.0,0.8,0.2,0.467,0.333,0.0,0.0
Cole Henry,Available,WSH,International League,AAA,Yes,26.0,,22.0,6.7,1.0,104.5,62.3,142.7,86.7,5.24,92.7,163.9419987295689,98.2,30.1,2.0,1.0,6.43,1.0,2.0,21.0,19.0,1.24,0.313,0.022,0.204,0.182,0.621,0.318,0.212,0.47,0.29,0.129
Jake Garland,Available,ATH,Pacific Coast League,AAA,Yes,25.0,,12.0,10.9,2.7,108.9,109.8,39.4,94.4,5.28,89.1,107.16406628979722,98.2,22.8,3.0,0.0,5.34,2.0,0.0,32.0,21.0,1.81,0.336,0.097,0.136,0.039,0.667,0.289,0.509,0.202,0.043,0.217
Logan Mercado,Available,ARI,Pacific Coast League,AAA,Yes,24.0,,6.0,6.1,2.4,113.4,61.9,-14.2,96.2,6.92,85.3,103.6063799292713,98.2,15.4,0.0,1.0,9.42,2.0,0.0,14.3,9.0,2.02,0.354,0.143,0.129,-0.014,0.68,0.28,0.4,0.32,0.125,0.125
Justin King,Available,MIA,International League,AAA,Yes,28.0,,29.0,6.8,1.1,97.0,62.8,77.6,101.0,5.05,98.6,126.64005631877636,98.1,26.7,3.0,0.0,6.32,0.0,0.0,31.3,43.0,1.88,0.372,0.184,0.283,0.099,0.724,0.25,0.408,0.342,0.115,0.077
Landon Tomkins,Available,PIT,International League,AAA,Yes,26.0,,4.0,6.9,1.3,104.5,63.6,-29.8,106.4,4.78,92.5,93.08867569461918,98.1,1.0,1.0,0.0,5.06,0.0,0.0,5.3,2.0,1.88,0.333,0.115,0.077,-0.038,0.762,0.238,0.714,0.048,1.0,0.0
Shane Panzini,Available,KC,International League,AAA,Yes,24.0,,13.0,5.1,1.9,113.2,47.3,18.8,92.5,6.28,85.3,115.25089846984366,98.1,27.2,1.0,3.0,10.22,3.0,0.0,24.7,21.0,2.11,0.329,0.148,0.172,0.024,0.663,0.217,0.41,0.373,0.194,0.323
Edwin Díaz,Cant Park Here (INJURED_RESERVE),LAD,Pacific Coast League,AAA,Yes,32.0,,4.0,5.9,0.7,85.1,60.0,233.6,94.2,3.74,108.4,93.45262820842694,98.0,2.0,0.0,0.0,6.75,0.0,0.0,2.7,5.0,1.87,0.5,0.154,0.385,0.231,0.666,0.333,0.333,0.333,0.0,0.0
Jackson Rutledge,Available,WSN,International League,AAA,Yes,27.0,,20.0,5.7,1.0,100.6,52.6,25.9,103.5,5.96,95.7,132.2328542832863,98.0,22.6,1.0,1.0,3.98,0.0,1.0,20.3,14.0,1.43,0.262,0.124,0.157,0.033,0.742,0.226,0.403,0.371,0.13,0.087
Dustin Saenz,Available,TEX,Pacific Coast League,AAA,Yes,27.0,,6.0,7.1,1.4,100.8,71.5,0.0,106.2,6.52,95.4,102.43614217729191,98.0,10.0,2.0,0.0,7.27,0.0,0.0,8.7,5.0,1.38,0.214,0.128,0.128,0.0,0.75,0.214,0.429,0.357,0.0,0.1
Seth Lonsway,Available,SF,Pacific Coast League,AAA,Yes,27.0,,21.0,11.9,3.7,100.8,120.1,-8.1,107.1,6.03,95.3,116.5780869010732,98.0,53.8,1.0,5.0,5.91,17.0,1.0,77.7,48.0,1.82,0.315,0.139,0.131,-0.008,0.757,0.204,0.584,0.212,0.056,0.185
Max Carlson,Available,BOS,International League,AAA,Yes,24.0,,1.0,17.8,3.0,113.2,164.2,112.1,81.5,3.38,85.1,99.80050796909222,98.0,2.0,1.0,0.0,6.0,0.0,0.0,3.0,2.0,1.67,0.417,0.0,0.143,0.143,0.584,0.417,0.417,0.167,0.5,0.0
Hunter Stanley,Available,CLE,International League,AAA,Yes,28.0,,17.0,9.2,1.8,97.0,84.9,109.8,97.1,5.12,98.5,88.73682837975932,97.9,37.8,3.0,2.0,5.52,0.0,0.0,31.0,31.0,1.42,0.31,0.088,0.228,0.14,0.696,0.25,0.315,0.435,0.225,0.125
Brian Hendry,Available,NYY,International League,AAA,Yes,26.0,,5.0,5.0,0.9,104.5,45.8,117.6,88.9,4.07,92.1,123.04996168847526,97.8,2.7,0.0,0.0,10.38,0.0,0.0,4.3,6.0,2.08,0.5,0.15,0.3,0.15,0.637,0.273,0.455,0.273,0.0,0.333
Zack Lee,Available,DET,International League,AAA,Yes,25.0,,1.0,-3.0,1.3,108.7,-27.8,-156.8,116.4,17.98,88.6,102.73845811144984,97.8,4.0,0.0,1.0,33.75,0.0,0.0,1.3,0.0,3.0,0.333,0.2,0.0,-0.2,0.834,0.167,0.167,0.667,0.25,0.0
Austin Marozas,Available,TOR,International League,AAA,Yes,27.0,,5.0,13.3,2.4,100.6,123.1,42.3,101.0,5.37,95.1,86.15060202767364,97.7,8.7,0.0,1.0,2.25,1.0,0.0,12.0,15.0,1.83,0.321,0.214,0.268,0.054,0.724,0.241,0.448,0.31,0.111,0.111
Joel Hurtado,Available,LAA,Pacific Coast League,AAA,Yes,25.0,,6.0,9.8,4.0,108.9,98.9,41.5,93.2,6.07,88.2,98.27831187862137,97.7,23.9,0.0,3.0,10.5,6.0,0.0,24.0,21.0,2.21,0.385,0.131,0.172,0.041,0.659,0.259,0.435,0.306,0.154,0.269
Lael Lockhart,Available,SEA,International League,AAA,Yes,28.0,,10.0,14.4,4.0,97.0,133.5,43.9,104.2,5.94,98.0,107.09972085949794,97.6,46.1,2.0,3.0,6.81,9.0,0.0,39.7,30.0,1.49,0.264,0.11,0.166,0.056,0.746,0.198,0.421,0.381,0.188,0.146
Ryan Long,Available,BAL,International League,AAA,Yes,26.0,,15.0,7.8,1.6,104.5,72.6,70.6,93.7,6.17,91.6,104.56783001454738,97.5,33.1,2.0,2.0,7.4,0.0,0.0,24.3,28.0,1.93,0.333,0.138,0.228,0.09,0.671,0.233,0.288,0.479,0.343,0.2
Fernando Sanchez,Available,SD,Pacific Coast League,AAA,Yes,25.0,,5.0,10.2,3.3,108.9,102.5,-14.2,99.4,6.1,88.0,94.42527138765176,97.5,10.8,0.0,1.0,6.48,5.0,0.0,16.7,11.0,1.5,0.239,0.167,0.153,-0.014,0.702,0.255,0.511,0.234,0.273,0.182
Casey Anderson,Available,ARI,Pacific Coast League,AAA,Yes,25.0,,24.0,2.9,1.0,108.9,29.8,-46.5,103.1,7.07,88.0,96.22999468357597,97.5,18.4,0.0,1.0,8.28,1.0,0.0,25.0,17.0,2.12,0.337,0.178,0.132,-0.046,0.728,0.247,0.531,0.222,0.167,0.111
Joe Mantiply,Available,TOR,International League,AAA,Yes,35.0,,5.0,6.9,1.3,77.6,63.8,134.9,111.7,3.39,113.6,124.1671373138054,97.4,4.0,0.0,0.0,2.7,0.0,0.0,6.7,7.0,1.5,0.4,0.069,0.241,0.172,0.8,0.2,0.6,0.2,0.25,0.0
CD Pelham,Available,PIT,International League,AAA,Yes,31.0,,14.0,6.9,1.2,87.6,64.1,22.0,115.2,5.72,105.4,120.27276151952174,97.4,14.0,0.0,0.0,4.67,1.0,1.0,17.3,16.0,1.27,0.175,0.194,0.222,0.028,0.825,0.15,0.5,0.35,0.214,0.071
Troy Watson,Available,SEA,International League,AAA,Yes,29.0,,17.0,15.8,3.2,93.7,145.9,69.8,103.9,5.23,100.4,87.11381290470345,97.4,58.8,4.0,3.0,3.27,8.0,1.0,55.0,38.0,1.09,0.222,0.081,0.17,0.089,0.744,0.213,0.415,0.372,0.115,0.115
Sawyer Gipson-Long,Available,DET,International League,AAA,Yes,28.0,,25.0,18.2,3.9,97.0,168.8,98.0,97.5,4.82,97.6,121.05578313144056,97.4,88.4,3.0,6.0,5.56,24.0,0.0,98.7,103.0,1.54,0.324,0.102,0.227,0.125,0.699,0.246,0.436,0.318,0.207,0.174
Eduarniel Núñez,Available,CHC,Pacific Coast League,AAA,Yes,27.0,,9.0,7.4,1.3,100.8,74.9,68.8,97.4,6.31,94.6,139.52945961934952,97.4,12.0,1.0,0.0,5.56,0.0,0.0,11.3,15.0,2.21,0.438,0.186,0.254,0.068,0.688,0.313,0.313,0.375,0.083,0.0
John Rooney,Available,TB,International League,AAA,Yes,29.0,,20.0,8.1,1.1,93.7,75.3,38.4,107.4,5.52,100.2,157.4197825065041,97.3,16.0,2.0,1.0,4.03,0.0,1.0,22.3,25.0,1.66,0.269,0.196,0.245,0.049,0.769,0.173,0.519,0.308,0.125,0.188
Grant Kipp,Available,CHC,International League,AAA,Yes,26.0,,11.0,19.1,3.3,104.5,176.9,103.5,89.5,4.84,91.2,111.58722011216604,97.2,33.6,3.0,0.0,5.45,6.0,0.0,36.3,43.0,1.51,0.302,0.138,0.27,0.132,0.641,0.283,0.326,0.391,0.194,0.194
Ray Kerr,Available,ATL,International League,AAA,Yes,31.0,,3.0,7.2,1.3,87.6,67.1,261.1,87.2,2.62,105.0,102.54116600096344,97.1,2.2,0.0,0.0,4.5,0.0,0.0,4.0,6.0,0.75,0.0,0.067,0.4,0.333,0.625,0.125,0.5,0.375,0.0,0.667
CD Pelham,Available,PIT,Pacific Coast League,AAA,Yes,31.0,,14.0,10.9,1.5,87.8,110.4,83.9,107.4,5.02,104.8,120.27276151952174,97.1,15.8,5.0,0.0,2.21,0.0,0.0,20.3,17.0,1.38,0.316,0.119,0.202,0.083,0.759,0.241,0.481,0.278,0.467,0.0
Hayden Snelsire,Available,TB,International League,AAA,Yes,25.0,,4.0,1.2,1.7,108.7,11.0,22.0,94.7,6.67,87.6,94.51312764711524,97.1,10.2,0.0,1.0,12.15,1.0,0.0,6.7,4.0,2.25,0.385,0.086,0.114,0.028,0.678,0.25,0.357,0.393,0.091,0.182
Gregory Santos,Available,SFG,Pacific Coast League,AAA,Yes,26.0,,14.0,6.2,1.1,104.7,62.4,0.0,100.7,6.38,90.6,110.1298345056039,97.0,14.3,1.0,1.0,6.89,1.0,3.0,15.7,11.0,1.79,0.302,0.143,0.143,0.0,0.712,0.269,0.462,0.269,0.357,0.071
Caleb Bolden,Available,BOS,International League,AAA,Yes,27.0,,2.0,6.6,2.0,100.6,61.3,136.4,88.8,5.74,93.9,105.65637777209672,96.9,5.5,0.0,1.0,13.5,0.0,0.0,4.0,7.0,2.25,0.4,0.13,0.304,0.174,0.637,0.182,0.273,0.545,0.167,0.333
Luis Guerrero,Available,TB,International League,AAA,Yes,25.0,,29.0,4.8,1.3,108.7,44.2,36.1,92.7,5.85,87.2,93.72809384116954,96.9,39.7,1.0,5.0,8.2,1.0,2.0,37.3,32.0,1.71,0.25,0.137,0.183,0.046,0.664,0.209,0.409,0.382,0.214,0.333
Carlos Rodriguez,Available,MIL,International League,AAA,Yes,24.0,,19.0,8.4,2.4,113.2,77.3,22.7,89.8,6.14,83.4,115.67112917654543,96.8,50.0,0.0,6.0,8.16,9.0,1.0,46.3,44.0,2.27,0.397,0.153,0.182,0.029,0.643,0.305,0.364,0.331,0.176,0.157
Braden Nett,Available,ATH,Pacific Coast League,AAA,Yes,24.0,,10.0,9.4,2.2,113.4,95.2,-95.1,103.2,8.76,83.2,78.35868458772056,96.8,22.6,1.0,2.0,8.59,8.0,0.0,22.0,27.0,2.68,0.31,0.307,0.213,-0.094,0.729,0.237,0.373,0.39,0.217,0.087
DJ Herz,Available,WSH,International League,AAA,Yes,25.0,,3.0,9.3,2.9,108.7,86.4,102.7,84.7,5.32,87.0,118.66575979312896,96.7,11.6,0.0,1.0,7.27,3.0,0.0,8.7,7.0,1.38,0.24,0.053,0.184,0.131,0.607,0.25,0.286,0.464,0.154,0.308
Andrew Hoffmann,Available,PHI,Pacific Coast League,AAA,Yes,26.0,,12.0,6.0,1.1,104.7,61.0,31.3,96.5,5.22,90.1,119.98907566428736,96.6,7.2,1.0,1.0,6.08,0.0,0.0,13.3,11.0,1.95,0.378,0.138,0.169,0.031,0.682,0.318,0.523,0.159,0.143,0.0
Antonio Knowles,Available,LAD,Pacific Coast League,AAA,Yes,26.0,,2.0,0.2,0.8,104.7,2.5,-184.1,121.3,8.14,90.1,108.77780446942594,96.6,0.0,0.0,0.0,16.2,0.0,0.0,1.7,1.0,3.6,0.429,0.273,0.091,-0.182,0.857,0.143,0.857,0.0,0.0,0.0
Robert Cranz,Available,WSH,International League,AAA,Yes,23.0,,13.0,1.7,0.9,118.1,15.3,-48.6,93.0,8.26,79.1,112.42193218913305,96.6,14.0,1.0,2.0,13.11,0.0,0.0,11.7,9.0,2.4,0.359,0.2,0.138,-0.062,0.667,0.308,0.333,0.359,0.286,0.071
Austin Bergner,Available,TEX,Pacific Coast League,AAA,Yes,29.0,,7.0,10.9,2.2,93.9,109.6,54.6,104.0,5.84,99.0,87.10590137368146,96.5,15.4,2.0,2.0,5.17,3.0,0.0,15.7,14.0,1.79,0.298,0.133,0.187,0.054,0.735,0.184,0.49,0.327,0.25,0.25
Matt Turner,Available,NYM,International League,AAA,Yes,26.0,,26.0,6.0,1.1,104.5,55.4,34.5,96.2,5.33,90.1,108.98904406177884,96.5,18.1,3.0,2.0,5.86,1.0,0.0,27.7,25.0,1.84,0.313,0.14,0.184,0.044,0.689,0.241,0.54,0.218,0.158,0.316
Trey Yesavage,Third Degree Burnes (INJURED_RESERVE),TOR,International League,AAA,Yes,22.0,,2.0,12.8,3.3,123.5,118.0,47.0,76.8,5.29,74.5,128.1361555844343,96.5,5.7,0.0,1.0,6.75,2.0,0.0,6.7,7.0,2.1,0.368,0.152,0.212,0.06,0.55,0.35,0.35,0.3,0.167,0.333
Andrew Bechtold,Available,PHI,International League,AAA,Yes,30.0,,16.0,3.4,1.2,90.5,31.4,9.4,112.2,6.64,101.5,91.83816331469124,96.4,24.2,0.0,0.0,7.23,0.0,0.0,18.7,13.0,1.87,0.339,0.136,0.148,0.012,0.804,0.148,0.443,0.41,0.16,0.12
Alex Faedo,Available,LAA,Pacific Coast League,AAA,Yes,30.0,,11.0,7.7,1.4,90.7,78.0,88.0,102.9,6.12,101.3,102.33814943816093,96.4,21.0,0.0,0.0,3.52,0.0,0.0,15.3,15.0,1.57,0.318,0.13,0.217,0.087,0.727,0.25,0.273,0.477,0.048,0.048
Dan Hammer,Available,NYM,International League,AAA,Yes,28.0,,32.0,6.8,1.2,97.0,62.7,47.8,101.6,5.21,96.1,108.6069706711188,96.4,24.0,2.0,1.0,3.86,2.0,0.0,37.3,41.0,1.58,0.307,0.189,0.25,0.061,0.728,0.261,0.466,0.273,0.292,0.042
Brandon Williamson,Available,CIN,International League,AAA,Yes,28.0,,5.0,10.6,2.9,97.0,97.6,11.0,105.5,5.79,95.9,128.46698663071402,96.2,14.0,1.0,2.0,6.14,4.0,0.0,14.7,11.0,1.98,0.367,0.141,0.155,0.014,0.756,0.224,0.49,0.286,0.143,0.071
Aidan Anderson,Available,CHW,International League,AAA,Yes,29.0,,5.0,5.2,1.6,93.7,47.7,58.0,103.2,5.64,98.5,114.29984448873071,96.1,11.0,0.0,1.0,2.25,0.0,0.0,8.0,3.0,0.63,0.174,0.037,0.111,0.074,0.739,0.261,0.261,0.478,0.364,0.0
Nick Dombkowski,Available,PIT,International League,AAA,Yes,27.0,,26.0,11.5,2.8,100.6,106.1,73.7,94.7,5.35,92.7,109.1228558448958,96.1,84.2,4.0,5.0,6.38,9.0,0.0,73.3,62.0,1.5,0.29,0.095,0.189,0.094,0.678,0.251,0.361,0.388,0.159,0.182
Johnathan Lavallee,Available,CIN,International League,AAA,Yes,26.0,,12.0,4.1,1.6,104.5,37.8,-35.3,103.5,7.06,89.5,110.8040034042927,96.1,22.8,0.0,3.0,6.98,1.0,0.0,19.3,13.0,1.76,0.255,0.193,0.148,-0.045,0.741,0.207,0.379,0.414,0.208,0.125
Reidis Sena,Available,BOS,International League,AAA,Yes,25.0,,6.0,9.1,1.7,108.7,84.4,-58.0,102.0,7.77,86.0,95.5890971581794,96.0,10.2,1.0,0.0,8.71,1.0,0.0,10.3,12.0,2.42,0.292,0.296,0.222,-0.074,0.731,0.192,0.385,0.423,0.091,0.182
J.B. Bukauskas,Available,MIL,International League,AAA,Yes,29.0,,9.0,1.6,0.8,93.7,15.2,-98.0,120.6,7.02,98.1,111.2207281708979,95.9,2.1,0.0,1.0,9.0,0.0,0.0,7.0,6.0,2.71,0.348,0.275,0.15,-0.125,0.864,0.136,0.773,0.091,0.5,0.0
Ryan Costeiu,Available,LAA,Pacific Coast League,AAA,Yes,25.0,,5.0,18.6,4.9,108.9,188.3,71.8,86.7,5.46,85.6,94.41495467335687,95.9,20.8,1.0,0.0,6.57,5.0,0.0,24.7,19.0,1.58,0.329,0.097,0.168,0.071,0.613,0.363,0.375,0.263,0.143,0.095
Gerson Garabito,Available,MIL,International League,AAA,Yes,30.0,,20.0,8.3,1.9,90.5,77.3,70.6,104.1,4.67,100.6,122.1637670283043,95.8,29.0,3.0,4.0,5.26,3.0,0.0,37.7,30.0,1.38,0.288,0.089,0.179,0.09,0.746,0.229,0.525,0.246,0.207,0.103
Aaron Rozek,Available,MIN,International League,AAA,Yes,30.0,,25.0,17.3,3.8,90.5,159.9,72.9,103.6,5.28,100.4,97.65086202910176,95.7,100.3,3.0,5.0,3.84,19.0,0.0,96.0,80.0,1.42,0.292,0.098,0.191,0.093,0.742,0.209,0.429,0.362,0.192,0.135
Griff McGarry,Available,LAD,International League,AAA,Yes,27.0,,5.0,2.7,0.8,100.6,25.0,-101.9,114.2,8.87,92.1,115.67112917654543,95.7,3.0,0.0,0.0,9.0,0.0,0.0,4.0,4.0,2.5,0.273,0.304,0.174,-0.13,0.818,0.182,0.545,0.273,0.0,0.0
Jordan Montgomery,Available,TEX,Pacific Coast League,AAA,Yes,33.0,,6.0,14.0,3.5,82.5,141.4,153.7,101.7,4.4,106.9,134.86241223857812,95.5,20.0,0.0,1.0,4.29,6.0,0.0,21.0,17.0,1.52,0.394,0.033,0.185,0.152,0.719,0.268,0.451,0.282,0.2,0.05
Michael Flynn,Available,SD,Pacific Coast League,AAA,Yes,29.0,,19.0,4.8,1.1,93.9,48.0,39.4,104.0,6.35,97.4,95.98693169479498,95.5,20.3,1.0,0.0,6.97,1.0,0.0,20.7,18.0,1.98,0.385,0.137,0.176,0.039,0.735,0.234,0.453,0.313,0.15,0.1
Dom Hamel,Available,NYY,International League,AAA,Yes,27.0,,21.0,15.3,4.3,100.6,141.4,43.9,97.1,6.22,91.8,99.03599230092362,95.5,116.7,3.0,9.0,6.9,19.0,0.0,91.3,74.0,1.71,0.316,0.116,0.172,0.056,0.695,0.247,0.339,0.414,0.279,0.139
Trystan Vrieling,Available,SF,Pacific Coast League,AAA,Yes,25.0,,2.0,10.5,4.0,108.9,106.0,63.7,86.8,5.83,84.9,93.00948395218556,95.4,6.6,0.0,0.0,13.5,2.0,0.0,8.0,9.0,3.0,0.552,0.128,0.191,0.063,0.613,0.323,0.452,0.226,0.0,0.286
Parker Carlson,Available,NYM,International League,AAA,Yes,23.0,,2.0,9.8,1.8,118.1,90.2,-65.9,93.0,5.59,77.3,101.35584287579589,95.4,2.0,0.0,0.0,0.0,0.0,0.0,3.7,1.0,0.55,0.0,0.167,0.083,-0.084,0.666,0.333,0.444,0.222,0.5,0.0
Michael Grove,Available,TB,International League,AAA,Yes,29.0,,20.0,8.1,1.6,93.7,75.0,138.0,92.5,3.77,97.3,126.04941083188436,95.3,20.8,1.0,2.0,3.77,2.0,0.0,31.0,36.0,1.29,0.316,0.099,0.275,0.176,0.663,0.313,0.425,0.263,0.429,0.095
Roman Angelo,Available,ARI,Pacific Coast League,AAA,Yes,26.0,,6.0,4.5,1.4,104.7,45.9,0.0,97.9,8.3,88.2,95.1306706618462,95.3,12.9,0.0,1.0,10.8,2.0,0.0,8.3,9.0,2.52,0.417,0.2,0.2,0.0,0.692,0.231,0.231,0.538,0.286,0.143
Xavier Rivas,Available,NYY,International League,AAA,Yes,23.0,,5.0,5.8,3.3,118.1,53.7,-53.3,91.2,8.03,77.0,100.901535286757,95.3,22.5,0.0,2.0,13.22,3.0,0.0,16.3,14.0,2.45,0.333,0.227,0.159,-0.068,0.654,0.288,0.269,0.442,0.261,0.13
Frankie Scalzo Jr.,Available,CHC,International League,AAA,Yes,26.0,,1.0,1.5,2.0,104.5,13.9,0.0,97.7,4.91,88.0,93.348052773307,95.1,1.0,0.0,0.0,13.5,0.0,0.0,2.0,1.0,3.0,0.5,0.083,0.083,0.0,0.7,0.3,0.6,0.1,0.0,0.0
A.J. Causey,Available,ATH,Pacific Coast League,AAA,Yes,23.0,,9.0,6.7,1.4,118.4,67.9,15.2,82.8,7.15,76.6,108.02633226142636,95.1,15.2,0.0,0.0,7.62,0.0,0.0,13.0,14.0,2.31,0.385,0.188,0.203,0.015,0.585,0.366,0.244,0.39,0.25,0.125
Justin Hagenman,Available,NYM,International League,AAA,Yes,29.0,,1.0,21.5,4.0,93.7,198.9,209.3,83.8,3.33,96.8,110.96711910459868,95.0,4.0,0.0,0.0,2.25,1.0,0.0,4.0,4.0,0.5,0.1,0.0,0.267,0.267,0.6,0.3,0.3,0.4,0.0,0.25
Nate Garkow,Available,TOR,International League,AAA,Yes,28.0,,3.0,6.8,0.9,97.0,62.5,0.0,104.7,7.12,94.1,105.0879671774061,95.0,2.0,0.0,0.0,3.37,0.0,0.0,2.7,3.0,1.12,0.0,0.273,0.273,0.0,0.75,0.25,0.25,0.5,0.0,0.0
Stephen Jones,Available,MIA,International League,AAA,Yes,28.0,,34.0,11.0,1.3,97.0,101.5,127.8,89.9,4.38,94.0,107.42153758358332,95.0,33.0,1.0,4.0,4.43,0.0,7.0,44.7,63.0,1.48,0.327,0.149,0.312,0.163,0.644,0.327,0.347,0.327,0.333,0.091
Max Scherzer,Available,TOR,International League,AAA,Yes,41.0,,4.0,24.1,3.9,66.3,223.2,235.2,106.7,3.14,119.4,86.99252739175432,94.9,15.0,1.0,2.0,4.02,4.0,0.0,15.7,21.0,0.89,0.265,0.05,0.35,0.3,0.764,0.176,0.382,0.441,0.067,0.133
Brant Hurter,Available,DET,International League,AAA,Yes,27.0,,8.0,4.9,0.9,100.6,45.4,38.4,96.6,4.68,90.9,62.444646132379056,94.9,2.0,2.0,1.0,9.82,1.0,0.0,7.3,8.0,2.59,0.5,0.146,0.195,0.049,0.692,0.308,0.615,0.077,0.5,0.0
Daniel Guerra,Available,TOR,International League,AAA,Yes,22.0,,4.0,8.0,1.2,123.5,74.0,35.3,75.2,5.73,72.0,98.73872200534242,94.9,4.2,1.0,0.0,3.6,0.0,0.0,5.0,5.0,1.6,0.182,0.182,0.227,0.045,0.539,0.308,0.308,0.385,0.0,0.4
Seth Shuman,Available,SEA,International League,AAA,Yes,28.0,,24.0,8.6,1.3,97.0,79.9,68.2,96.5,4.19,93.7,84.98974104149822,94.8,16.5,5.0,2.0,3.94,0.0,2.0,32.0,26.0,1.34,0.299,0.101,0.188,0.087,0.691,0.309,0.521,0.17,0.313,0.0
Ryan Jensen,Available,CHC,International League,AAA,Yes,28.0,,17.0,7.1,1.3,97.0,66.1,21.2,101.7,6.23,93.6,119.98907566428736,94.7,16.0,2.0,2.0,4.57,0.0,1.0,21.7,24.0,1.94,0.339,0.191,0.218,0.027,0.729,0.254,0.475,0.271,0.188,0.063
Hans Crouse,Available,SD,Pacific Coast League,AAA,Yes,27.0,,11.0,6.7,1.0,100.8,67.2,53.6,94.3,6.28,90.4,118.15661764210276,94.7,12.6,1.0,1.0,7.94,0.0,1.0,11.3,13.0,2.21,0.406,0.175,0.228,0.053,0.666,0.273,0.333,0.394,0.077,0.154
Kodi Whitley,Available,TB,International League,AAA,Yes,31.0,,22.0,7.3,1.3,87.6,67.2,127.8,98.2,4.57,101.2,52.724348241310885,94.6,31.7,0.0,2.0,3.18,0.0,1.0,28.3,27.0,1.24,0.295,0.068,0.231,0.163,0.704,0.247,0.346,0.407,0.394,0.121
Daniel Palencia,Available,CHC,International League,AAA,Yes,26.0,,4.0,5.2,0.8,104.5,48.6,146.6,79.8,3.69,87.1,103.03325373143404,94.5,2.0,0.0,0.0,2.7,0.0,0.0,3.3,6.0,1.8,0.429,0.188,0.375,0.187,0.572,0.429,0.286,0.286,0.5,0.0
Connor Van Scoyoc,Available,WSH,International League,AAA,Yes,26.0,,8.0,2.3,1.3,104.5,21.4,-14.9,98.4,6.73,87.1,102.60862571548748,94.5,14.0,1.0,1.0,10.97,0.0,0.0,10.7,4.0,2.06,0.317,0.093,0.074,-0.019,0.705,0.205,0.455,0.341,0.133,0.267
Brandon McPherson,Available,HOU,Pacific Coast League,AAA,Yes,26.0,,16.0,14.8,3.5,104.7,149.9,78.9,87.5,5.77,87.0,111.3064831487626,94.5,55.6,3.0,3.0,6.59,12.0,0.0,56.0,54.0,1.79,0.325,0.124,0.202,0.078,0.618,0.301,0.358,0.341,0.203,0.237
Julian Merryweather,Available,MIN,International League,AAA,Yes,34.0,,14.0,12.6,1.1,79.9,116.5,206.2,96.2,2.75,107.3,103.23406564161482,94.4,7.2,0.0,1.0,1.2,0.0,6.0,15.0,21.0,1.0,0.3,0.105,0.368,0.263,0.689,0.31,0.448,0.241,0.286,0.0
Joey Gerber,Available,NYM,International League,AAA,Yes,29.0,,23.0,4.9,1.2,93.7,45.3,100.4,95.1,5.02,95.8,119.98907566428736,94.3,31.2,1.0,3.0,8.1,1.0,0.0,26.7,27.0,1.65,0.361,0.088,0.216,0.128,0.682,0.282,0.341,0.376,0.313,0.094
Troy Watson,Available,SEA,Pacific Coast League,AAA,Yes,29.0,,7.0,11.8,1.6,93.9,118.7,229.6,79.6,3.49,95.2,87.11381290470345,94.1,7.8,0.0,0.0,2.38,1.0,2.0,11.3,11.0,0.97,0.29,0.023,0.25,0.227,0.563,0.406,0.344,0.25,0.25,0.125
Scott Effross,Available,SEA,Pacific Coast League,AAA,Yes,32.0,,8.0,5.2,1.5,85.1,52.4,56.6,107.7,5.3,102.4,106.67439536131272,94.0,11.7,0.0,0.0,4.38,0.0,0.0,12.3,5.0,1.46,0.333,0.038,0.094,0.056,0.761,0.217,0.522,0.261,0.083,0.083
Joe Jacques,Available,NYM,International League,AAA,Yes,31.0,,24.0,6.0,1.0,87.6,55.4,21.2,109.5,5.69,100.4,87.31512442155082,94.0,16.5,4.0,1.0,5.92,0.0,2.0,24.3,21.0,1.6,0.299,0.162,0.189,0.027,0.785,0.2,0.554,0.246,0.188,0.063
Antonio Menendez,Available,ARI,Pacific Coast League,AAA,Yes,27.0,,20.0,4.4,1.2,100.8,44.4,-38.4,103.7,7.73,89.4,113.347224743378,94.0,21.0,1.0,4.0,11.96,0.0,0.0,23.3,25.0,2.66,0.423,0.227,0.189,-0.038,0.733,0.239,0.465,0.296,0.095,0.095
Eduardo Salazar,Available,MIN,International League,AAA,Yes,28.0,,15.0,9.0,1.5,97.0,83.1,70.6,94.6,5.27,92.4,96.6669567518516,93.9,22.6,1.0,0.0,2.05,0.0,0.0,22.0,18.0,1.14,0.224,0.112,0.202,0.09,0.678,0.288,0.322,0.39,0.261,0.087
Rob Kaminsky,Available,LAA,Pacific Coast League,AAA,Yes,31.0,,30.0,5.6,1.3,87.8,56.6,81.9,101.9,4.73,99.8,116.41535809763732,93.8,24.1,1.0,2.0,4.5,1.0,1.0,38.0,26.0,1.47,0.328,0.07,0.151,0.081,0.72,0.272,0.544,0.184,0.087,0.043
Mark Manfredi,Available,COL,Pacific Coast League,AAA,Yes,26.0,,4.0,5.2,1.2,104.7,53.0,37.4,91.0,6.82,85.9,113.25360695864572,93.8,6.0,0.0,0.0,10.8,0.0,0.0,5.0,7.0,2.4,0.429,0.222,0.259,0.037,0.643,0.357,0.214,0.429,0.333,0.0
Jesse Scholtens,Available,TB,International League,AAA,Yes,32.0,,8.0,19.6,4.6,84.9,181.0,120.0,100.1,4.63,102.1,104.49078900098718,93.7,40.8,2.0,4.0,4.66,8.0,0.0,36.7,29.0,1.15,0.271,0.04,0.193,0.153,0.717,0.221,0.398,0.381,0.209,0.163
Jacob Webb,Available,BOS,International League,AAA,Yes,27.0,,16.0,9.0,1.8,100.6,83.0,73.7,90.5,6.16,89.1,93.63636553575762,93.7,33.5,2.0,0.0,6.35,1.0,0.0,28.3,33.0,1.69,0.333,0.145,0.239,0.094,0.648,0.311,0.243,0.446,0.273,0.091
Hayden Harris,Available,COL,International League,AAA,Yes,27.0,,41.0,8.0,1.1,100.6,74.4,92.5,88.4,5.06,89.1,101.56386820796882,93.7,40.8,6.0,4.0,5.28,0.0,1.0,46.0,61.0,1.72,0.349,0.17,0.288,0.118,0.633,0.312,0.303,0.385,0.262,0.143
Evan Taylor,Available,CHC,International League,AAA,Yes,26.0,,8.0,5.3,1.3,104.5,49.2,29.0,91.8,5.51,85.8,108.53438332727532,93.6,9.2,1.0,0.0,6.75,1.0,0.0,10.7,8.0,2.06,0.41,0.111,0.148,0.037,0.658,0.342,0.421,0.237,0.0,0.0
Jason Foley,Available,SF,Pacific Coast League,AAA,Yes,30.0,,18.0,4.9,0.9,90.7,49.5,95.1,97.1,5.49,97.0,60.71172663459762,93.5,13.8,1.0,1.0,7.41,1.0,0.0,17.0,14.0,1.59,0.38,0.093,0.187,0.094,0.686,0.294,0.431,0.275,0.071,0.071
Scott Alexander,Available,KC,International League,AAA,Yes,36.0,,11.0,3.8,1.0,75.5,34.7,65.9,114.9,4.24,109.5,143.29188192027652,93.4,6.0,0.0,1.0,1.69,0.0,0.0,10.7,9.0,1.41,0.294,0.104,0.188,0.084,0.823,0.176,0.647,0.176,0.167,0.0
Holt Jones,Available,MIA,International League,AAA,Yes,27.0,,4.0,9.6,1.8,100.6,89.1,104.3,86.4,5.68,88.6,108.09093121703998,93.4,8.6,0.0,0.0,6.43,0.0,0.0,7.0,6.0,1.43,0.278,0.067,0.2,0.133,0.619,0.238,0.286,0.476,0.3,0.3
Steven Wilson,Available,TB,International League,AAA,Yes,31.0,,14.0,7.0,1.1,87.6,65.1,122.3,96.5,4.7,99.1,147.5358095490297,93.2,17.6,1.0,0.0,1.72,1.0,0.0,15.7,16.0,1.15,0.268,0.094,0.25,0.156,0.691,0.286,0.286,0.429,0.333,0.056
Trey Supak,Available,TEX,Pacific Coast League,AAA,Yes,30.0,,21.0,15.2,4.3,90.7,153.4,59.7,100.5,6.02,96.4,124.8146702214141,93.1,100.5,3.0,4.0,6.1,19.0,0.0,90.0,64.0,1.64,0.338,0.098,0.157,0.059,0.71,0.253,0.397,0.35,0.231,0.106
Alex Pham,Available,BAL,International League,AAA,Yes,26.0,,15.0,7.1,1.3,104.5,65.7,25.9,91.2,5.62,85.0,104.98593398511166,93.1,17.3,0.0,1.0,6.52,0.0,2.0,19.3,19.0,1.76,0.321,0.18,0.213,0.033,0.654,0.327,0.346,0.327,0.294,0.059
Jack Jasiak,Available,CLE,International League,AAA,Yes,25.0,,5.0,-0.3,1.4,108.7,-3.2,21.2,87.8,7.09,81.5,113.21511594267884,93.0,9.4,0.0,1.0,18.0,0.0,0.0,7.0,5.0,2.43,0.391,0.108,0.135,0.027,0.629,0.222,0.37,0.407,0.091,0.364
Ben Grable,Available,WSH,International League,AAA,Yes,24.0,,5.0,3.4,1.0,113.2,31.5,-33.7,89.8,6.73,77.7,117.13169302926052,93.0,5.0,0.0,0.0,3.6,0.0,0.0,5.0,4.0,2.0,0.357,0.217,0.174,-0.043,0.643,0.357,0.286,0.357,0.2,0.0
Ryan Feltner,Available,COL,Pacific Coast League,AAA,Yes,29.0,,1.0,26.2,5.0,93.9,265.1,202.3,80.8,3.58,93.5,117.64683997358156,92.9,3.0,0.0,0.0,1.8,1.0,0.0,5.0,5.0,1.4,0.429,0.05,0.25,0.2,0.571,0.429,0.357,0.214,0.333,0.0
Austin Roberts,Available,TEX,Pacific Coast League,AAA,Yes,27.0,,9.0,3.9,1.0,100.8,39.3,0.0,97.4,6.76,87.7,104.88934247707245,92.9,9.7,0.0,2.0,4.82,0.0,0.0,9.3,9.0,2.57,0.419,0.176,0.176,0.0,0.688,0.25,0.438,0.313,0.2,0.2
Dylan Phillips,Available,LAA,Pacific Coast League,AAA,Yes,27.0,,7.0,12.4,1.9,100.8,125.2,101.1,85.7,4.83,87.6,86.44994529861751,92.8,8.5,3.0,0.0,4.15,0.0,0.0,13.0,14.0,1.92,0.417,0.133,0.233,0.1,0.605,0.342,0.421,0.237,0.111,0.222
Jason Alexander,Available,HOU,Pacific Coast League,AAA,Yes,33.0,,15.0,20.2,4.8,82.5,204.5,99.1,103.0,4.99,102.5,118.56165394192276,92.6,61.7,4.0,5.0,4.83,14.0,0.0,72.7,56.0,1.44,0.326,0.079,0.177,0.098,0.728,0.246,0.482,0.272,0.161,0.097
Harrison Cohen,Available,NYY,International League,AAA,Yes,27.0,,16.0,7.8,1.3,100.6,72.3,65.1,89.6,5.58,87.4,91.01530483628044,92.6,19.4,2.0,1.0,7.52,0.0,1.0,20.3,25.0,1.77,0.286,0.175,0.258,0.083,0.642,0.264,0.34,0.396,0.333,0.238
Cole Gabrielson,Available,NYY,International League,AAA,Yes,25.0,,1.0,12.8,0.3,108.7,118.0,-392.0,139.6,17.98,80.7,134.4174370207541,92.5,1.0,0.0,0.0,0.0,0.0,1.0,0.3,0.0,3.0,0.0,0.5,0.0,-0.5,1.0,0.0,0.0,1.0,0.0,0.0
Zack Wheeler,Ben the Hen (ACTIVE),PHI,International League,AAA,Yes,36.0,,3.0,14.6,3.4,75.5,134.9,106.6,108.5,5.19,108.0,85.46462955739305,92.4,8.7,0.0,1.0,5.23,3.0,0.0,10.3,10.0,1.26,0.308,0.091,0.227,0.136,0.777,0.185,0.481,0.333,0.222,0.111
Nick Davila,Available,SEA,Pacific Coast League,AAA,Yes,27.0,,8.0,4.7,1.3,100.8,47.3,65.7,89.0,5.28,87.0,128.77981338180288,92.4,8.2,0.0,1.0,2.61,0.0,0.0,10.3,6.0,1.35,0.306,0.065,0.13,0.065,0.629,0.371,0.4,0.229,0.375,0.0
Dakota Hawkins,Available,NYM,International League,AAA,Yes,26.0,,2.0,4.4,1.8,104.5,40.5,0.0,92.9,8.08,83.9,86.35687604486048,92.3,5.2,0.0,1.0,19.64,1.0,0.0,3.7,4.0,2.45,0.222,0.2,0.2,0.0,0.666,0.083,0.333,0.583,0.0,0.429
Vince Reilly,Available,CHC,International League,AAA,Yes,25.0,,14.0,7.4,1.3,108.7,68.7,18.0,86.8,6.54,80.3,105.79329891811514,92.3,17.5,1.0,1.0,6.75,0.0,2.0,18.7,16.0,1.71,0.265,0.159,0.182,0.023,0.622,0.283,0.358,0.358,0.105,0.263
Mike Clevinger,Available,PIT,International League,AAA,Yes,35.0,,17.0,8.0,1.5,77.6,74.0,105.1,105.7,5.14,105.5,109.9583833338988,91.9,31.5,2.0,0.0,4.74,1.0,0.0,24.7,24.0,1.38,0.319,0.095,0.229,0.134,0.757,0.214,0.329,0.457,0.344,0.063
Osvaldo Berrios,Available,BOS,International League,AAA,Yes,26.0,,24.0,9.2,1.8,104.5,85.2,69.8,84.2,5.44,83.3,85.74117861850033,91.9,40.2,2.0,1.0,4.5,5.0,0.0,42.0,42.0,1.33,0.202,0.144,0.233,0.089,0.603,0.302,0.292,0.406,0.233,0.233
Jarod Bayless,Available,PIT,International League,AAA,Yes,29.0,,6.0,3.6,2.1,93.7,33.5,38.4,97.7,5.43,91.8,103.13694280246082,91.7,14.7,0.0,2.0,8.53,1.0,0.0,12.7,6.0,1.97,0.388,0.049,0.098,0.049,0.7,0.24,0.46,0.3,0.2,0.2
Austin Warren,Available,NYM,International League,AAA,Yes,30.0,,12.0,11.7,1.2,90.5,108.3,192.9,82.8,2.84,94.4,130.69425782116136,91.6,8.2,3.0,1.0,3.14,0.0,2.0,14.3,18.0,0.98,0.242,0.07,0.316,0.246,0.594,0.344,0.406,0.25,0.25,0.25
Daniel Harper,Available,PHI,International League,AAA,Yes,27.0,,11.0,5.2,1.0,100.6,48.2,-29.0,98.6,6.79,85.9,88.91431632401346,91.5,10.7,1.0,0.0,6.75,0.0,1.0,10.7,9.0,2.16,0.333,0.204,0.167,-0.037,0.707,0.265,0.412,0.324,0.273,0.091
Christian MacLeod,Available,MIA,International League,AAA,Yes,26.0,,9.0,6.8,1.4,104.5,62.7,-40.0,96.0,6.83,82.5,90.39087545142117,91.4,10.7,1.0,1.0,6.57,3.0,0.0,12.3,12.0,1.95,0.258,0.254,0.203,-0.051,0.688,0.281,0.375,0.344,0.182,0.091
Carson Skipper,Not in Fantrax,COL,Pacific Coast League,AAA,Yes,26.0,,9.0,2.8,1.1,104.7,27.8,-31.3,94.3,8.47,81.9,30.68391037190672,91.1,19.2,0.0,0.0,12.19,0.0,1.0,10.3,6.0,3.19,0.457,0.125,0.094,-0.031,0.667,0.25,0.333,0.417,0.15,0.2
Danny Young,Available,ATL,International League,AAA,Yes,32.0,,5.0,5.7,1.0,84.9,52.3,-43.1,114.2,4.7,98.0,102.85487064427024,91.0,0.0,0.0,0.0,0.0,0.0,0.0,5.0,3.0,1.4,0.273,0.222,0.167,-0.055,0.818,0.182,0.818,0.0,0.0,0.0
Sam Gardner,Available,TOR,International League,AAA,Yes,29.0,,15.0,6.7,1.5,93.7,61.7,75.3,92.3,5.12,90.8,94.04923223988122,91.0,21.0,0.0,1.0,7.04,0.0,0.0,23.0,26.0,1.57,0.288,0.152,0.248,0.096,0.661,0.288,0.356,0.356,0.238,0.143
Ty Adcock,Available,SD,Pacific Coast League,AAA,Yes,29.0,,22.0,4.9,1.0,93.9,49.7,62.7,93.6,6.06,90.7,97.85082657420706,91.0,23.3,1.0,1.0,7.04,0.0,0.0,23.0,22.0,1.78,0.319,0.134,0.196,0.062,0.662,0.282,0.38,0.338,0.208,0.167
Will Brian,Available,NYY,International League,AAA,Yes,27.0,,16.0,8.5,1.1,100.6,79.1,49.4,88.4,5.07,84.9,105.5586450284449,90.9,13.6,0.0,0.0,3.44,1.0,1.0,18.3,20.0,1.36,0.209,0.19,0.253,0.063,0.634,0.341,0.341,0.317,0.231,0.077
A.J. Puk,Available,ARI,Pacific Coast League,AAA,Yes,31.0,,2.0,3.0,0.8,87.8,30.3,0.0,106.1,6.18,95.3,101.85536214801677,90.8,1.0,0.0,0.0,10.8,0.0,0.0,1.7,2.0,2.4,0.5,0.25,0.25,0.0,0.75,0.25,0.5,0.25,0.0,0.0
Luke Taggart,Available,DET,International League,AAA,Yes,28.0,,14.0,7.7,1.6,97.0,71.4,15.7,95.7,5.96,87.8,107.9160821281396,90.8,24.6,2.0,1.0,5.16,1.0,1.0,22.7,13.0,1.32,0.246,0.115,0.135,0.02,0.685,0.286,0.357,0.357,0.16,0.08
Tyler Santana,Available,CHC,International League,AAA,Yes,28.0,,12.0,5.3,2.0,97.0,49.4,-13.3,98.9,6.27,87.7,104.54534922066324,90.8,23.9,0.0,1.0,6.66,0.0,0.0,24.3,14.0,1.97,0.316,0.138,0.121,-0.017,0.709,0.209,0.488,0.302,0.077,0.269
Burch Smith,Available,DET,International League,AAA,Yes,36.0,,9.0,11.4,1.1,75.5,105.9,348.1,77.5,1.15,105.3,102.86490976358958,90.6,3.0,0.0,0.0,1.8,0.0,1.0,10.0,16.0,0.4,0.167,0.0,0.444,0.444,0.555,0.389,0.444,0.167,0.333,0.333
Ben Lively,Available,CLE,International League,AAA,Yes,34.0,,4.0,18.4,4.5,79.9,170.6,42.3,108.5,5.54,101.6,86.39849006037872,90.6,19.0,0.0,0.0,2.0,4.0,0.0,18.0,11.0,1.17,0.241,0.095,0.149,0.054,0.777,0.204,0.444,0.352,0.105,0.053
Tommy Henry,Available,ARI,Pacific Coast League,AAA,Yes,28.0,,19.0,14.5,4.2,97.2,146.0,37.4,92.6,6.0,87.3,71.65203184953671,90.6,81.8,5.0,8.0,7.18,16.0,0.0,79.0,59.0,1.89,0.344,0.119,0.156,0.037,0.654,0.289,0.395,0.316,0.167,0.179
Domingo Robles,Available,ATH,Pacific Coast League,AAA,Yes,28.0,,16.0,5.9,2.2,97.2,59.8,35.4,92.8,6.35,87.3,96.5246389787576,90.6,39.7,0.0,1.0,7.97,1.0,0.0,35.0,25.0,2.03,0.38,0.11,0.145,0.035,0.656,0.296,0.376,0.328,0.195,0.146
Chase Jessee,Available,KC,International League,AAA,Yes,27.0,,1.0,5.5,2.0,100.6,50.9,0.0,93.1,8.66,84.0,96.72540818476268,90.3,3.3,0.0,1.0,13.5,1.0,0.0,2.0,3.0,3.0,0.4,0.25,0.25,0.0,0.667,0.167,0.167,0.667,0.75,0.25
Daison Acosta,Available,SD,Pacific Coast League,AAA,Yes,27.0,,15.0,5.4,1.5,100.8,54.5,0.0,93.0,6.37,83.9,123.1066550506983,90.3,21.0,0.0,0.0,5.96,1.0,0.0,22.7,17.0,1.85,0.284,0.159,0.159,0.0,0.657,0.257,0.429,0.314,0.227,0.273
Eric Yost,Available,SD,Pacific Coast League,AAA,Yes,23.0,,1.0,6.5,3.3,118.4,65.6,0.0,76.3,5.36,69.3,95.91073746872866,90.3,1.0,0.0,0.0,13.5,1.0,0.0,3.3,3.0,3.0,0.538,0.158,0.158,0.0,0.539,0.462,0.462,0.077,0.0,0.0
Brian Keller,Available,PHI,International League,AAA,Yes,32.0,,14.0,15.1,3.9,84.9,139.6,83.9,98.3,5.38,96.9,87.66802784254892,90.2,67.6,1.0,5.0,6.09,14.0,0.0,54.7,48.0,1.52,0.304,0.09,0.197,0.107,0.704,0.225,0.355,0.42,0.225,0.169
Cole Waites,Available,DET,International League,AAA,Yes,28.0,,9.0,3.9,1.0,97.0,36.5,-16.5,98.1,7.54,86.7,141.83840369966111,90.1,12.5,0.0,2.0,7.71,0.0,0.0,9.3,8.0,2.14,0.308,0.191,0.17,-0.021,0.703,0.185,0.333,0.481,0.308,0.231
K.C. Hunt,Available,TB,International League,AAA,Yes,25.0,,14.0,8.9,2.1,108.7,82.0,-38.4,89.2,7.32,76.8,94.42687656505414,89.9,35.1,2.0,2.0,6.3,2.0,1.0,30.0,20.0,1.87,0.258,0.188,0.139,-0.049,0.639,0.298,0.309,0.394,0.243,0.162
Johan Moreno,Available,SDP,Pacific Coast League,AAA,Yes,23.0,,9.0,3.5,1.0,118.4,35.1,-41.5,80.0,6.9,68.4,108.230544039266,89.7,4.6,0.0,1.0,16.0,0.0,0.0,9.0,12.0,2.78,0.429,0.286,0.245,-0.041,0.565,0.348,0.435,0.217,0.2,0.4
Scott Effross,Available,SEA,International League,AAA,Yes,32.0,,27.0,6.2,1.3,84.9,57.6,82.3,97.4,5.1,95.9,106.67439536131272,89.6,38.7,3.0,1.0,4.46,1.0,0.0,36.3,26.0,1.49,0.331,0.055,0.16,0.105,0.697,0.252,0.42,0.328,0.205,0.154
Janser Lara,Available,TEX,Pacific Coast League,AAA,Yes,29.0,,2.0,11.6,1.8,93.9,117.4,238.7,70.8,4.0,88.5,106.23706767843365,89.6,3.0,0.0,1.0,2.45,0.0,0.0,3.7,7.0,1.36,0.167,0.176,0.412,0.236,0.5,0.333,0.167,0.5,0.0,0.333
Beau Brieske,Available,DET,International League,AAA,Yes,28.0,,23.0,8.1,1.3,97.0,74.8,119.2,81.0,4.62,85.4,132.2328542832863,89.2,28.0,3.0,0.0,4.8,3.0,1.0,30.0,31.0,1.27,0.247,0.096,0.248,0.152,0.58,0.321,0.296,0.383,0.419,0.258
Matthew Boyd,Available,CHC,International League,AAA,Yes,35.0,,3.0,19.5,4.2,77.6,180.4,141.9,96.6,4.61,101.3,144.3300508633088,89.1,15.7,1.0,1.0,7.11,3.0,0.0,12.7,13.0,1.42,0.333,0.055,0.236,0.181,0.692,0.231,0.333,0.436,0.176,0.176
Hobie Harris,Available,BOS,International League,AAA,Yes,33.0,,15.0,12.2,1.4,82.3,112.6,107.4,95.8,4.26,97.1,95.0635592780447,88.9,15.0,3.0,0.0,2.66,0.0,3.0,20.3,24.0,1.38,0.294,0.136,0.273,0.137,0.686,0.294,0.412,0.294,0.067,0.067
Patrick Sandoval,Available,BOS,International League,AAA,Yes,29.0,,6.0,9.0,2.6,93.7,82.9,0.0,96.9,6.64,87.3,129.17454367671235,88.7,16.0,0.0,2.0,4.6,6.0,0.0,15.7,11.0,1.6,0.265,0.147,0.147,0.0,0.694,0.286,0.388,0.327,0.375,0.063
Eduarniel Núñez,Available,CHC,International League,AAA,Yes,27.0,,21.0,7.1,1.1,100.6,66.0,29.0,86.7,6.31,81.3,139.52945961934952,88.5,23.3,1.0,2.0,6.04,0.0,4.0,22.3,26.0,1.84,0.259,0.204,0.241,0.037,0.621,0.293,0.276,0.431,0.32,0.2
Jason Savacool,Available,STL,International League,AAA,Yes,24.0,,3.0,-4.0,1.1,113.2,-37.0,-62.7,85.3,8.64,70.9,94.82692892749785,88.5,4.7,0.0,1.0,29.7,0.0,0.0,3.3,2.0,4.8,0.588,0.16,0.08,-0.08,0.611,0.278,0.444,0.278,0.0,0.4
Kodai Senga,Available,NYM,International League,AAA,Yes,33.0,,2.0,20.2,4.3,82.3,187.4,106.6,94.9,5.3,96.2,118.93208474386412,88.4,8.6,0.0,1.0,5.19,2.0,0.0,8.7,10.0,1.62,0.37,0.091,0.227,0.136,0.68,0.32,0.36,0.32,0.125,0.0
Bryce Conley,Available,NYM,International League,AAA,Yes,31.0,,5.0,14.2,3.7,87.6,130.9,-38.4,106.6,6.56,91.9,97.24503419425749,88.4,16.4,1.0,1.0,3.86,4.0,0.0,18.7,11.0,1.55,0.226,0.183,0.134,-0.049,0.764,0.2,0.491,0.309,0.294,0.118
Carlos Rodón,Ben the Hen (ACTIVE),NYY,International League,AAA,Yes,33.0,,2.0,14.8,4.5,82.3,136.5,78.4,98.1,5.29,96.2,108.55378413983809,88.3,10.2,0.0,1.0,8.0,2.0,0.0,9.0,8.0,1.56,0.28,0.1,0.2,0.1,0.703,0.185,0.407,0.407,0.182,0.273
Caleb Ferguson,Available,STL,International League,AAA,Yes,29.0,,6.0,-0.0,0.9,93.7,-0.4,-22.7,98.9,7.2,86.7,51.72549476404648,88.3,5.8,0.0,2.0,15.88,0.0,0.0,5.7,4.0,3.0,0.478,0.147,0.118,-0.029,0.708,0.25,0.5,0.25,0.167,0.167
Mitch Neunborn,Available,PHI,International League,AAA,Yes,29.0,,17.0,5.9,1.3,93.7,54.3,7.8,95.3,6.49,86.6,114.40045866837652,88.2,24.8,0.0,1.0,3.38,0.0,0.0,21.3,17.0,1.73,0.277,0.155,0.165,0.01,0.682,0.27,0.349,0.381,0.25,0.125
Kyle Roche,Available,LAA,Pacific Coast League,AAA,Yes,24.0,,2.0,5.8,2.0,113.4,58.1,-151.7,94.4,7.56,69.9,89.3620810799794,88.0,2.2,0.0,0.0,4.5,0.0,0.0,4.0,2.0,2.5,0.385,0.25,0.1,-0.15,0.667,0.333,0.5,0.167,0.5,0.0
Cole Sands,Available,MIN,International League,AAA,Yes,28.0,,6.0,8.1,1.2,97.0,74.8,120.7,78.6,4.61,83.4,163.9419987295689,87.9,7.0,1.0,0.0,0.0,0.0,0.0,7.0,7.0,0.86,0.188,0.115,0.269,0.154,0.563,0.438,0.125,0.438,0.143,0.0
Wei-En Lin,Available,ATH,Pacific Coast League,AAA,Yes,20.0,,2.0,-5.2,0.8,136.1,-53.0,-202.3,78.5,13.82,51.1,104.67728594442256,87.9,2.0,0.0,0.0,43.2,2.0,0.0,1.7,1.0,6.0,0.667,0.267,0.067,-0.2,0.555,0.444,0.333,0.222,0.5,0.0
Joander Suarez,Available,NYM,International League,AAA,Yes,26.0,,3.0,8.8,3.0,104.5,81.0,47.8,79.7,5.86,77.1,91.26491415308358,87.8,8.6,0.0,2.0,13.0,2.0,0.0,9.0,12.0,2.56,0.417,0.184,0.245,0.061,0.571,0.286,0.357,0.357,0.2,0.4
Hayden Mullins,Available,BOS,International League,AAA,Yes,25.0,,1.0,14.0,3.0,108.7,129.5,-52.5,87.2,7.94,73.6,101.69976368421192,87.8,3.5,0.0,0.0,3.0,1.0,0.0,3.0,3.0,2.67,0.429,0.267,0.2,-0.067,0.625,0.25,0.25,0.5,0.0,0.25
Stu Flesland III,Available,COL,Pacific Coast League,AAA,Yes,25.0,,2.0,-0.5,2.0,108.9,-5.0,-74.8,89.4,10.54,73.3,103.53896846578328,87.7,8.9,0.0,0.0,20.25,0.0,0.0,4.0,3.0,4.0,0.529,0.185,0.111,-0.074,0.632,0.263,0.211,0.526,0.1,0.2
Andrew Schultz,Available,STL,International League,AAA,Yes,28.0,,5.0,7.5,1.2,97.0,69.4,24.3,88.9,5.44,82.8,114.93595921976184,87.5,2.0,0.0,0.0,12.0,0.0,0.0,6.0,11.0,2.33,0.364,0.313,0.344,0.031,0.637,0.364,0.455,0.182,0.5,0.0
Kenten Egbert,Available,CHC,International League,AAA,Yes,24.0,,3.0,2.4,2.7,113.2,22.4,-46.3,80.8,8.55,68.7,103.79165537546668,87.0,14.6,0.0,1.0,11.25,1.0,0.0,8.0,4.0,3.38,0.459,0.137,0.078,-0.059,0.579,0.342,0.263,0.395,0.067,0.2
Brandon Johnson,Available,KC,International League,AAA,Yes,27.0,,9.0,2.1,1.0,100.6,19.8,-144.3,103.3,9.42,78.4,102.1155603567847,86.6,10.0,0.0,1.0,11.42,0.0,0.0,8.7,6.0,3.12,0.407,0.306,0.122,-0.184,0.74,0.222,0.407,0.37,0.1,0.1
Yondrei Rojas,Available,TOR,International League,AAA,Yes,23.0,,1.0,-9.2,1.0,118.1,-85.6,0.0,69.8,10.81,63.7,100.46712010596572,86.4,3.3,0.0,1.0,27.0,0.0,0.0,1.0,0.0,3.0,0.4,0.0,0.0,0.0,0.5,0.333,0.0,0.667,0.25,0.25
Edwin Uceta,Available,TB,International League,AAA,Yes,28.0,,1.0,5.8,1.3,97.0,53.2,294.0,55.8,0.37,81.0,112.58051106427806,86.3,1.0,0.0,1.0,13.5,0.0,0.0,1.3,3.0,3.75,1.0,0.0,0.375,0.375,0.4,0.6,0.2,0.2,0.0,0.0
Jameson Taillon,Available,TOR,International League,AAA,Yes,34.0,,2.0,13.6,4.0,79.9,126.1,52.5,99.7,4.97,95.0,103.20679350820824,86.2,7.3,0.0,1.0,4.5,2.0,0.0,8.0,5.0,0.88,0.182,0.1,0.167,0.067,0.714,0.286,0.381,0.333,0.286,0.0
Cristian Alvarado,Available,SFG,Pacific Coast League,AAA,Yes,31.0,,10.0,7.5,1.5,87.8,76.2,42.5,93.4,6.04,88.5,140.80297264138477,86.2,12.2,0.0,1.0,7.2,0.0,2.0,15.0,12.0,1.6,0.273,0.129,0.171,0.042,0.66,0.277,0.447,0.277,0.308,0.231
Colin Peluse,Available,PHI,International League,AAA,Yes,28.0,,3.0,7.1,1.7,97.0,65.5,62.7,82.1,4.39,80.7,97.01530409423704,86.1,2.8,0.0,0.0,5.4,0.0,0.0,5.0,5.0,2.2,0.438,0.12,0.2,0.08,0.588,0.353,0.471,0.176,0.0,0.333
Yusei Kikuchi,Available,LAA,Pacific Coast League,AAA,Yes,35.0,,2.0,11.1,2.5,77.8,112.3,168.9,87.2,4.18,95.7,85.76128309183899,85.5,2.8,0.0,1.0,18.0,2.0,0.0,5.0,11.0,3.0,0.667,0.2,0.367,0.167,0.616,0.308,0.462,0.231,0.0,0.333
Blake Snell,Ben the Hen (ACTIVE),LAD,Pacific Coast League,AAA,Yes,33.0,,4.0,15.2,2.9,82.5,154.0,165.8,83.0,4.27,91.8,122.41803349484344,85.5,7.2,0.0,0.0,4.63,4.0,0.0,11.7,14.0,1.37,0.269,0.122,0.286,0.164,0.587,0.31,0.414,0.276,0.125,0.375
Joe Musgrove,Je suis Charlie Morton (INJURED_RESERVE),SD,Pacific Coast League,AAA,Yes,33.0,,3.0,18.2,4.3,82.5,184.3,158.8,83.6,4.6,91.6,87.44260748873592,85.4,12.7,1.0,1.0,4.85,3.0,0.0,13.0,10.0,1.62,0.419,0.018,0.175,0.157,0.591,0.364,0.341,0.295,0.154,0.154
Michael Walsh,Available,PIT,International League,AAA,Yes,25.0,,2.0,4.1,1.0,108.7,38.2,60.4,69.8,5.41,69.7,98.5499153288831,85.2,1.1,0.0,0.0,4.5,0.0,0.0,2.0,2.0,3.5,0.667,0.077,0.154,0.077,0.5,0.5,0.375,0.125,0.0,0.0
Manuel Rodríguez,Available,TBR,International League,AAA,Yes,29.0,,8.0,4.8,0.8,93.7,44.8,147.4,73.9,3.99,82.0,149.15711711687413,85.1,5.6,1.0,0.0,10.5,0.0,0.0,6.0,10.0,2.17,0.438,0.125,0.313,0.188,0.529,0.353,0.294,0.353,0.0,0.333
Kevin Herget,Available,NYM,International League,AAA,Yes,35.0,,7.0,9.1,2.0,77.6,84.6,121.5,91.9,4.33,95.1,85.97934962411921,85.0,14.0,0.0,0.0,1.29,5.0,0.0,14.0,10.0,1.14,0.295,0.017,0.172,0.155,0.659,0.295,0.386,0.318,0.214,0.143
Houston Harding,Available,LAA,Pacific Coast League,AAA,Yes,28.0,,22.0,6.4,2.0,97.2,64.8,-33.4,90.9,6.93,78.7,95.360208730033,84.9,42.5,2.0,0.0,6.18,1.0,0.0,43.7,23.0,1.9,0.309,0.141,0.108,-0.033,0.643,0.311,0.404,0.285,0.186,0.163
Ronel Blanco,Available,HOU,Pacific Coast League,AAA,Yes,32.0,,4.0,13.1,3.4,85.1,131.9,98.1,86.8,4.9,88.4,92.87987000498366,84.6,10.2,1.0,1.0,7.9,3.0,0.0,13.7,12.0,1.68,0.341,0.097,0.194,0.097,0.614,0.318,0.432,0.25,0.273,0.273
Josh Sborz,Available,TEX,Pacific Coast League,AAA,Yes,32.0,,34.0,5.4,1.1,85.1,54.9,41.5,93.4,6.16,88.4,77.69079590068611,84.6,34.4,2.0,1.0,6.81,0.0,1.0,37.0,34.0,1.65,0.25,0.161,0.202,0.041,0.66,0.245,0.396,0.358,0.289,0.263
Ryan Slater,Available,SF,Pacific Coast League,AAA,Yes,24.0,,1.0,-5.2,1.0,113.4,-53.0,0.0,70.8,10.16,64.6,104.78133580146796,84.4,2.5,0.0,0.0,45.0,0.0,0.0,1.0,1.0,5.0,0.6,0.125,0.125,0.0,0.5,0.333,0.167,0.5,0.0,0.333
Samir Chires,Not in Fantrax,SFG,Pacific Coast League,AAA,Yes,22.0,,1.0,5.5,2.0,123.7,55.5,-84.9,70.7,7.68,56.0,114.94155199588404,84.4,2.0,0.0,0.0,4.5,0.0,0.0,2.0,1.0,3.0,0.375,0.167,0.083,-0.084,0.5,0.375,0.375,0.25,0.0,0.5
Trevor Williams,Available,TEX,International League,AAA,Yes,34.0,,2.0,13.8,3.5,79.9,127.2,147.4,85.0,4.97,91.7,120.47513177664509,84.0,8.3,0.0,0.0,7.71,2.0,0.0,7.0,7.0,1.43,0.263,0.031,0.219,0.188,0.609,0.217,0.348,0.435,0.1,0.4
Alex Young,Available,WSH,International League,AAA,Yes,32.0,,10.0,2.9,0.8,84.9,26.4,-21.2,99.7,6.58,87.6,127.61256459747152,84.0,7.4,0.0,0.0,9.0,2.0,0.0,8.0,4.0,1.75,0.269,0.132,0.105,-0.027,0.715,0.214,0.5,0.286,0.125,0.25
Jorge Alcala,Available,TOR,International League,AAA,Yes,30.0,,10.0,4.5,1.2,90.5,42.1,65.9,83.8,5.1,82.5,113.47174893000016,83.7,10.3,0.0,1.0,6.75,0.0,0.0,12.0,13.0,2.0,0.417,0.136,0.22,0.084,0.6,0.371,0.343,0.286,0.2,0.1
Izaak Martinez,Available,CLE,International League,AAA,Yes,24.0,,2.0,4.9,1.7,113.2,45.1,-56.4,76.1,4.7,63.5,99.59029850534344,83.6,0.0,0.0,0.0,2.7,0.0,0.0,3.3,1.0,1.5,0.273,0.143,0.071,-0.072,0.545,0.455,0.545,0.0,0.0,0.0
Stevie Emanuels,Available,ATH,Pacific Coast League,AAA,Yes,27.0,,12.0,3.7,1.1,100.8,37.7,-43.5,86.2,7.41,73.6,107.20169853076104,83.5,12.3,0.0,0.0,10.8,0.0,0.0,13.3,13.0,2.48,0.333,0.229,0.186,-0.043,0.609,0.268,0.39,0.341,0.143,0.357
Brayan Castillo,Available,COL,Pacific Coast League,AAA,Yes,25.0,,2.0,-6.4,0.8,108.9,-64.4,-319.6,109.9,20.11,66.7,86.27855319529505,83.3,3.6,0.0,0.0,54.0,0.0,0.0,1.7,2.0,9.0,0.75,0.421,0.105,-0.316,0.777,0.111,0.444,0.444,0.0,0.25
Trevor Stephan,Available,CLE,International League,AAA,Yes,30.0,,20.0,4.6,1.0,90.5,42.6,29.8,86.5,6.73,81.2,128.97100170590826,82.9,22.9,0.0,5.0,8.71,0.0,1.0,20.7,20.0,1.94,0.333,0.152,0.19,0.038,0.619,0.317,0.302,0.381,0.167,0.167
Conor Larkin,Available,SEA,International League,AAA,Yes,27.0,,16.0,3.2,0.9,100.6,29.4,-18.0,82.1,8.51,72.6,112.5173910227596,82.7,22.6,1.0,1.0,13.19,0.0,1.0,14.3,13.0,2.72,0.354,0.174,0.151,-0.023,0.588,0.275,0.255,0.471,0.25,0.292
Josh Hader,Ben the Hen (ACTIVE),HOU,Pacific Coast League,AAA,Yes,32.0,,4.0,2.1,0.9,85.1,21.5,0.0,94.3,8.08,85.0,145.0657272422817,82.4,6.4,0.0,0.0,7.36,0.0,0.0,3.7,3.0,2.18,0.273,0.158,0.158,0.0,0.666,0.167,0.25,0.583,0.0,0.286
Alek Manoah,Available,LAA,Pacific Coast League,AAA,Yes,28.0,,10.0,2.9,3.1,97.2,29.5,-89.0,93.0,9.84,75.0,91.3191280602089,82.4,41.2,1.0,7.0,16.14,10.0,0.0,30.7,26.0,2.84,0.362,0.231,0.143,-0.088,0.657,0.238,0.324,0.438,0.174,0.239
Tristan Garnett,Available,PHI,International League,AAA,Yes,28.0,,3.0,0.5,0.8,97.0,4.6,-92.5,93.0,9.71,74.6,89.10739542378784,82.0,3.0,0.0,0.0,23.14,0.0,0.0,2.3,3.0,4.29,0.556,0.294,0.176,-0.118,0.666,0.333,0.333,0.333,0.333,0.0
Bryce Hubbart,Available,CIN,International League,AAA,Yes,25.0,,1.0,0.0,1.3,108.7,0.0,98.0,59.9,4.74,64.9,101.03892888202296,82.0,2.0,0.0,0.0,20.25,0.0,0.0,1.3,1.0,3.0,0.571,0.0,0.125,0.125,0.429,0.571,0.143,0.286,0.5,0.0
Justin Yeager,Available,TB,Pacific Coast League,AAA,Yes,28.0,,33.0,4.5,1.4,97.2,45.5,40.5,77.1,6.42,74.1,110.80901276072488,81.8,52.5,1.0,5.0,8.74,0.0,1.0,45.3,39.0,2.01,0.324,0.135,0.175,0.04,0.545,0.338,0.276,0.386,0.089,0.304
Robert Stock,Available,NYM,International League,AAA,Yes,36.0,,2.0,22.1,3.8,75.5,204.7,170.9,82.1,4.54,91.5,135.2448818238032,81.4,6.0,0.0,0.0,2.35,2.0,0.0,7.7,9.0,0.91,0.235,0.063,0.281,0.218,0.588,0.353,0.294,0.353,0.333,0.167
Guillo Zuñiga,Available,NYM,International League,AAA,Yes,27.0,,7.0,4.3,0.9,100.6,39.7,24.3,74.5,5.72,70.3,108.59526297471469,81.1,4.0,0.0,1.0,4.5,0.0,0.0,6.0,9.0,2.33,0.4,0.25,0.281,0.031,0.534,0.467,0.267,0.267,0.5,0.0
Cole Roland,Available,TEX,Pacific Coast League,AAA,Yes,27.0,,1.0,-3.2,0.3,100.8,-32.8,168.9,56.6,-2.06,69.1,99.98720055896558,80.5,0.0,0.0,0.0,81.0,0.0,0.0,0.3,1.0,15.0,1.0,0.0,0.167,0.167,0.4,0.6,0.4,0.0,0.0,0.0
Danny Coulombe,Available,BOS,International League,AAA,Yes,36.0,,1.0,2.8,0.7,75.5,25.4,261.1,69.8,3.24,89.8,92.42217974157614,80.3,0.5,0.0,0.0,13.5,0.0,0.0,0.7,1.0,1.5,0.0,0.0,0.333,0.333,0.5,0.0,0.5,0.5,0.0,1.0
Jake Higginbotham,Available,MIN,International League,AAA,Yes,30.0,,10.0,5.7,1.2,90.5,52.7,116.0,71.5,4.94,76.8,123.24031376375588,79.9,13.9,1.0,0.0,10.5,0.0,0.0,12.0,15.0,2.17,0.412,0.098,0.246,0.148,0.512,0.333,0.256,0.41,0.125,0.375
Shane Bieber,Available,TOR,International League,AAA,Yes,31.0,,3.0,16.4,4.2,87.6,151.9,54.9,81.1,4.99,79.1,81.10098177701907,79.8,11.2,1.0,1.0,5.68,3.0,0.0,12.7,9.0,1.82,0.375,0.088,0.158,0.07,0.581,0.349,0.372,0.279,0.167,0.25
Joe Adametz,Available,TEX,Pacific Coast League,AAA,Yes,26.0,,1.0,-6.0,4.0,104.7,-60.6,0.0,70.8,8.3,64.6,93.19420974641238,79.6,5.7,0.0,1.0,27.0,1.0,0.0,4.0,4.0,4.0,0.526,0.133,0.133,0.0,0.5,0.4,0.3,0.3,0.0,0.333
Tatsuya Imai,Skrrt vs The World (MINORS),HOU,Pacific Coast League,AAA,Yes,28.0,,1.0,13.5,3.0,97.2,136.3,-144.6,94.4,7.52,70.6,10.838368818378356,79.5,1.0,0.0,0.0,3.0,1.0,0.0,3.0,3.0,2.0,0.167,0.357,0.214,-0.143,0.667,0.333,0.5,0.167,1.0,0.0
José Leclerc,Available,SD,Pacific Coast League,AAA,Yes,32.0,,7.0,1.2,1.1,85.1,12.6,-88.0,98.7,9.37,80.0,89.715639947586,79.1,12.2,0.0,0.0,11.74,0.0,0.0,7.7,4.0,3.26,0.484,0.174,0.087,-0.087,0.697,0.242,0.364,0.394,0.077,0.154
Adbert Alzolay,Available,NYM,International League,AAA,Yes,31.0,,8.0,3.7,1.1,87.6,34.1,36.8,81.0,6.36,77.1,88.74869079723703,78.5,11.7,1.0,0.0,10.38,1.0,0.0,8.7,7.0,2.08,0.357,0.116,0.163,0.047,0.58,0.323,0.258,0.419,0.077,0.231
Andrew Thurman,Available,SD,Pacific Coast League,AAA,Yes,34.0,,5.0,3.5,2.5,80.1,34.8,-98.1,103.2,8.97,83.0,91.44302596296949,78.3,19.2,0.0,1.0,12.08,2.0,0.0,12.7,8.0,2.76,0.37,0.208,0.111,-0.097,0.729,0.208,0.375,0.417,0.2,0.15
Luke Jackson,Available,KCR,International League,AAA,Yes,34.0,,15.0,5.0,1.2,79.9,46.6,69.8,83.8,4.73,82.9,91.04200318654438,78.1,13.7,1.0,1.0,6.87,0.0,0.0,18.3,18.0,1.53,0.327,0.139,0.228,0.089,0.6,0.38,0.34,0.28,0.286,0.071
Jeisson Cabrera,Available,BAL,International League,AAA,Yes,27.0,,3.0,2.6,0.9,100.6,23.9,-106.6,83.8,10.43,65.2,98.52796707973272,77.7,3.3,0.0,0.0,13.5,0.0,0.0,2.7,4.0,4.87,0.545,0.318,0.182,-0.136,0.6,0.4,0.3,0.3,0.667,0.0
Taijuan Walker,Available,LAA,Pacific Coast League,AAA,Yes,33.0,,3.0,12.5,4.9,82.5,126.2,0.0,87.7,6.72,79.3,107.90177000479788,77.2,19.6,0.0,1.0,4.91,3.0,0.0,14.7,6.0,1.5,0.286,0.095,0.095,0.0,0.62,0.34,0.26,0.4,0.2,0.1
Bryson Van Sickle,Available,COL,Pacific Coast League,AAA,Yes,25.0,,1.0,-6.5,1.0,108.9,-65.6,-276.1,94.4,15.94,57.5,83.80700338463974,77.2,0.0,0.0,0.0,36.0,0.0,0.0,1.0,0.0,6.0,0.429,0.273,0.0,-0.273,0.667,0.333,0.667,0.0,0.0,0.0
Gerson Moreno,Available,STL,International League,AAA,Yes,30.0,,6.0,6.1,1.0,90.5,56.3,25.9,76.8,6.44,72.4,163.9419987295689,77.0,7.2,0.0,0.0,6.0,0.0,0.0,6.0,6.0,2.33,0.389,0.161,0.194,0.033,0.55,0.35,0.25,0.4,0.25,0.25
Jack Carey,Available,CLE,International League,AAA,Yes,26.0,,2.0,4.9,2.2,104.5,45.1,-149.0,83.8,8.19,60.9,98.8960603108056,77.0,4.0,0.0,0.0,4.15,0.0,0.0,4.3,1.0,2.08,0.267,0.238,0.048,-0.19,0.6,0.4,0.333,0.267,0.5,0.0
Clay Holmes,Je suis Charlie Morton (ACTIVE),CHC,International League,AAA,Yes,33.0,,1.0,5.8,2.3,82.3,53.2,0.0,87.2,6.71,78.9,104.7690333257058,76.8,3.0,0.0,1.0,7.71,1.0,0.0,2.3,2.0,2.14,0.375,0.167,0.167,0.0,0.625,0.375,0.25,0.375,0.0,0.0
Francis Texido,Available,LAA,Pacific Coast League,AAA,Yes,21.0,,1.0,1.8,1.0,129.6,17.7,-252.8,70.7,11.94,39.2,98.54091085775852,76.4,0.0,0.0,0.0,27.0,0.0,0.0,1.0,2.0,5.0,0.5,0.5,0.25,-0.25,0.5,0.5,0.5,0.0,0.0,0.0
Josh Hejka,Available,MIA,International League,AAA,Yes,29.0,,4.0,5.1,1.1,93.7,47.4,-62.7,81.4,8.88,67.6,75.83634361465435,75.5,3.7,1.0,0.0,10.38,0.0,0.0,4.3,4.0,2.31,0.182,0.24,0.16,-0.08,0.584,0.25,0.417,0.333,0.0,0.5
Keaton Winn,Available,SF,Pacific Coast League,AAA,Yes,28.0,,1.0,5.8,1.0,97.2,58.1,0.0,70.7,4.94,64.5,97.98017736081091,75.4,0.0,0.0,0.0,0.0,0.0,0.0,1.0,1.0,1.0,0.0,0.25,0.25,0.0,0.5,0.5,0.5,0.0,0.0,0.0
Chris Martin,Available,TEX,Pacific Coast League,AAA,Yes,40.0,,9.0,2.3,0.9,68.1,23.3,83.9,88.5,4.93,88.4,102.45568950997796,75.3,7.8,0.0,0.0,7.88,0.0,0.0,8.0,3.0,1.63,0.355,0.0,0.083,0.083,0.625,0.313,0.438,0.25,0.0,0.25
Ben Anderson,Available,TEX,Pacific Coast League,AAA,Yes,28.0,,6.0,3.2,2.4,97.2,32.4,-95.1,81.2,7.45,64.1,90.94592155674906,75.2,13.7,0.0,1.0,8.79,4.0,0.0,14.3,5.0,2.16,0.283,0.162,0.068,-0.094,0.574,0.352,0.389,0.259,0.071,0.286
Matt Moore,Available,KC,International League,AAA,Yes,37.0,,12.0,5.3,1.1,73.4,49.2,84.7,82.3,4.49,83.1,148.8492105503966,74.7,9.7,0.0,2.0,6.08,0.0,0.0,13.3,16.0,1.88,0.368,0.138,0.246,0.108,0.59,0.359,0.385,0.256,0.1,0.2
Omar Cruz,Available,SD,Pacific Coast League,AAA,Yes,27.0,,6.0,1.1,0.7,100.8,11.4,0.0,66.0,6.74,60.4,118.66487936747724,74.7,2.6,0.0,0.0,18.0,0.0,0.0,4.0,6.0,3.75,0.538,0.222,0.222,0.0,0.467,0.4,0.4,0.2,0.0,0.667
Erik Rivera,Available,BOS,International League,AAA,Yes,25.0,,1.0,14.5,3.7,108.7,134.2,-104.3,69.8,6.45,53.3,89.11856606206716,74.2,1.2,0.0,0.0,4.91,0.0,0.0,3.7,3.0,1.64,0.143,0.333,0.2,-0.133,0.5,0.5,0.333,0.167,0.0,0.0
Matt Gage,Available,SF,Pacific Coast League,AAA,Yes,33.0,,3.0,-1.0,0.9,82.5,-10.1,-66.7,90.1,6.74,74.7,145.70004140466716,74.1,2.2,0.0,1.0,16.87,3.0,0.0,2.7,1.0,3.0,0.5,0.133,0.067,-0.066,0.637,0.364,0.455,0.182,0.0,0.0
Josh Hejka,Available,MIA,Pacific Coast League,AAA,Yes,29.0,,2.0,-0.5,1.7,93.9,-5.0,-178.0,90.1,10.97,63.5,75.83634361465435,72.9,3.8,0.0,0.0,16.2,0.0,0.0,3.3,1.0,2.4,0.0,0.235,0.059,-0.176,0.636,0.0,0.455,0.545,0.167,0.667
Logan McGuire,Available,CLE,International League,AAA,Yes,23.0,,1.0,3.0,1.0,118.1,27.8,0.0,46.5,5.33,43.4,92.30466138195058,72.9,1.0,0.0,0.0,0.0,0.0,0.0,1.0,0.0,0.0,0.0,0.0,0.0,0.0,0.333,0.667,0.0,0.333,0.0,0.0
Shelby Miller,Available,CHC,International League,AAA,Yes,35.0,,10.0,4.3,0.8,77.6,40.3,98.0,73.5,5.14,76.7,50.491136760453614,72.7,7.6,0.0,1.0,10.57,0.0,0.0,7.7,13.0,2.35,0.5,0.2,0.325,0.125,0.526,0.421,0.158,0.421,0.0,0.125
Tommy Vail,Available,CHW,International League,AAA,Yes,27.0,,1.0,-5.0,1.7,100.6,-46.3,-60.4,69.8,9.79,57.7,102.6711340163173,72.7,3.0,0.0,1.0,32.4,0.0,0.0,1.7,2.0,4.8,0.625,0.231,0.154,-0.077,0.5,0.5,0.125,0.375,0.0,0.0
Thomas Farr,Available,CIN,International League,AAA,Yes,27.0,,2.0,-2.1,2.0,100.6,-19.7,-94.1,73.4,9.95,57.4,85.80144215189972,72.6,6.3,0.0,0.0,18.0,0.0,0.0,4.0,1.0,3.25,0.412,0.16,0.04,-0.12,0.526,0.368,0.263,0.368,0.143,0.286
José Berríos,Available,TOR,International League,AAA,Yes,32.0,,2.0,0.9,3.8,84.9,8.1,-58.8,81.9,9.19,68.3,118.3689572755352,71.2,11.6,0.0,1.0,14.09,2.0,0.0,7.7,3.0,2.22,0.25,0.15,0.075,-0.075,0.587,0.241,0.276,0.483,0.0,0.357
José Rodríguez,Available,TOR,International League,AAA,Yes,24.0,,1.0,11.5,1.0,113.2,106.4,0.0,46.5,4.5,43.4,118.36145763150772,70.2,0.0,0.0,0.0,0.0,0.0,0.0,1.0,1.0,2.0,0.333,0.2,0.2,0.0,0.333,0.667,0.333,0.0,0.0,0.0
Trent Sellers,Available,NYY,International League,AAA,Yes,26.0,,1.0,-5.2,1.0,104.5,-48.6,-98.0,59.9,6.5,45.3,99.9361172726092,66.6,0.0,0.0,0.0,27.0,0.0,0.0,1.0,0.0,5.0,0.571,0.125,0.0,-0.125,0.429,0.571,0.429,0.0,0.0,0.0
Jack Flaherty,Available,DET,International League,AAA,Yes,30.0,,1.0,9.5,1.3,90.5,87.9,130.1,46.5,2.75,56.5,105.24488776026617,66.4,0.0,0.0,0.0,0.0,1.0,0.0,1.3,2.0,1.5,0.333,0.167,0.333,0.166,0.333,0.667,0.333,0.0,0.0,0.0
Tim Herrin,Available,CLE,International League,AAA,Yes,29.0,,1.0,12.0,1.0,93.7,111.0,784.0,0.0,-2.5,50.5,101.95362396870398,64.1,,0.0,0.0,0.0,1.0,0.0,1.0,3.0,0.0,0.0,0.0,1.0,1.0,0.0,0.0,0.0,0.0,0.0,0.0
Case Williams,Available,COL,Pacific Coast League,AAA,Yes,24.0,,1.0,-0.2,1.3,113.4,-2.5,-336.8,70.7,12.74,30.8,94.07666003996934,61.9,1.0,0.0,0.0,20.25,1.0,0.0,1.3,1.0,3.75,0.25,0.444,0.111,-0.333,0.5,0.5,0.25,0.25,0.0,0.0
Sean Matson,Available,CLE,International League,AAA,Yes,24.0,,1.0,3.0,2.0,113.2,27.8,78.4,20.0,3.91,28.2,96.88507722402416,60.0,0.7,0.0,0.0,18.0,0.0,0.0,2.0,2.0,2.0,0.2,0.1,0.2,0.1,0.143,0.571,0.286,0.143,0.0,2.0
Cam Walty,Available,CLE,International League,AAA,Yes,24.0,,1.0,-6.2,1.0,113.2,-57.8,-174.1,46.5,14.33,26.0,88.5636965779201,58.5,0.8,0.0,0.0,36.0,0.0,0.0,1.0,0.0,5.0,0.4,0.222,0.0,-0.222,0.333,0.5,0.333,0.167,0.0,1.0
Kirby Yates,Available,PIT,Pacific Coast League,AAA,Yes,39.0,,2.0,0.8,1.0,69.8,7.6,252.8,35.4,4.18,59.1,107.13538991248294,56.7,1.5,0.0,0.0,27.0,0.0,0.0,2.0,3.0,3.0,0.667,0.0,0.25,0.25,0.25,0.5,0.25,0.25,0.0,1.0
Brandon Beckel,Available,PHI,International League,AAA,Yes,24.0,,1.0,16.5,1.0,113.2,152.7,196.0,0.0,2.5,22.6,98.92716682451282,56.3,0.0,1.0,0.0,0.0,0.0,0.0,1.0,2.0,2.0,1.0,0.25,0.5,0.25,0.0,1.0,0.0,0.0,0.0,0.0
Connor Seabold,Available,KC,International League,AAA,Yes,30.0,,1.0,2.5,1.0,90.5,23.1,-196.0,46.5,6.5,23.8,105.25506088412352,44.6,0.0,0.0,0.0,0.0,0.0,0.0,1.0,0.0,2.0,0.333,0.25,0.0,-0.25,0.333,0.667,0.333,0.0,0.0,0.0
Luis Vargas,Available,ATL,International League,AAA,Yes,24.0,,1.0,-1.2,0.3,113.2,-11.6,-392.0,0.0,38.99,-36.3,104.1355684227775,17.0,,0.0,0.0,54.0,0.0,0.0,0.3,1.0,15.0,0.0,0.667,0.167,-0.5,0.0,0.0,0.0,1.0,0.0,1.0
Johan Cabeza,Available,CIN,Arizona Complex League,CPX,Yes,19.0,,5.0,15.2,3.6,109.3,143.3,45.6,114.6,7.0,107.2,142.80143933169137,110.6,26.0,2.0,0.0,4.5,2.0,0.0,18.0,11.0,1.17,0.212,0.096,0.151,0.055,0.885,0.058,0.442,0.5,0.269,0.115
Marco Eluscat,Available,SD,Arizona Complex League,CPX,Yes,19.0,,4.0,2.6,1.7,109.3,24.7,95.3,106.1,6.54,104.8,92.62749621145616,109.0,8.0,0.0,2.0,16.2,2.0,0.0,6.7,8.0,2.7,0.636,0.114,0.229,0.115,0.819,0.182,0.455,0.364,0.25,0.0
Randy Baron,Available,CLE,Arizona Complex League,CPX,Yes,18.0,,3.0,8.3,1.7,115.4,78.3,0.0,111.0,7.29,99.6,118.6432949307342,108.8,4.0,1.0,0.0,3.6,0.0,0.0,5.0,3.0,1.6,0.357,0.143,0.143,0.0,0.857,0.143,0.571,0.286,0.25,0.0
Ismael Cabral,Available,TB,Florida Complex League,CPX,Yes,22.0,,4.0,4.6,1.2,94.3,43.4,0.0,130.4,7.09,116.4,148.2580474151665,108.4,7.0,0.0,0.0,7.71,0.0,0.0,4.7,5.0,2.14,0.357,0.2,0.2,0.0,1.0,0.0,0.5,0.5,0.0,0.0
Kendry Castro,Available,SF,Arizona Complex League,CPX,Yes,19.0,,2.0,15.8,2.3,109.3,148.0,-43.1,116.6,7.04,100.1,128.95770219876889,105.8,2.0,1.0,0.0,0.0,0.0,0.0,4.7,4.0,1.29,0.1,0.263,0.211,-0.052,0.9,0.1,0.7,0.2,0.5,0.0
Hendrick Caña,Available,STL,Florida Complex League,CPX,No,18.0,,3.0,12.8,2.6,115.3,119.7,181.4,84.8,4.41,94.9,130.41300205075328,105.6,7.7,0.0,1.0,5.87,2.0,0.0,7.7,10.0,1.43,0.318,0.111,0.278,0.167,0.65,0.35,0.3,0.35,0.286,0.0
Jonaikel Meza,Available,CLE,Arizona Complex League,CPX,Yes,19.0,,6.0,10.6,2.4,109.3,99.8,125.1,93.4,5.85,96.8,107.44559450596816,103.6,14.7,1.0,2.0,6.75,2.0,0.0,14.7,17.0,1.84,0.422,0.082,0.233,0.151,0.721,0.233,0.442,0.326,0.143,0.143
Edrwin Veras,Available,TOR,Florida Complex League,CPX,No,23.0,,7.0,18.8,3.5,90.2,176.4,161.9,105.5,4.83,111.0,111.48161043530484,102.6,25.0,2.0,1.0,2.59,5.0,0.0,24.3,23.0,1.23,0.309,0.079,0.228,0.149,0.809,0.176,0.456,0.368,0.32,0.04
Erich Tovar,Available,CLE,Arizona Complex League,CPX,Yes,19.0,,4.0,9.1,1.2,109.3,85.8,197.2,82.4,4.58,94.4,105.63286703424905,102.0,1.1,0.0,0.0,0.0,0.0,0.0,4.7,6.0,1.29,0.417,0.048,0.286,0.238,0.636,0.364,0.545,0.091,0.0,0.0
Tony Gonzalez,Available,PIT,Florida Complex League,CPX,No,22.0,,7.0,9.2,1.3,94.3,86.8,104.3,106.7,4.98,106.2,144.89003951281774,101.6,5.0,2.0,0.0,5.0,0.0,0.0,9.0,12.0,1.89,0.409,0.19,0.286,0.096,0.818,0.182,0.591,0.227,0.2,0.0
Julio Dilone,Available,SD,Arizona Complex League,CPX,Yes,26.0,,3.0,20.6,1.7,79.9,193.4,261.8,100.8,3.5,116.9,116.57703030810067,100.8,2.0,0.0,0.0,0.0,0.0,2.0,5.0,8.0,1.0,0.333,0.105,0.421,0.316,0.778,0.222,0.556,0.222,0.5,0.0
Alberto Toribio,Available,KC,Arizona Complex League,CPX,No,19.0,,5.0,13.8,3.1,109.3,130.2,116.0,89.2,6.1,92.2,110.98698188129364,100.5,18.6,0.0,1.0,5.28,5.0,0.0,15.3,17.0,1.76,0.409,0.099,0.239,0.14,0.689,0.267,0.311,0.422,0.316,0.105
Oliver Sirotti,Available,ATH,Arizona Complex League,CPX,Yes,19.0,,7.0,2.0,0.8,109.3,18.8,-48.9,107.9,9.95,92.0,53.72820785151359,100.4,8.0,1.0,1.0,10.13,0.0,0.0,5.3,3.0,3.0,0.458,0.147,0.088,-0.059,0.833,0.167,0.5,0.333,0.125,0.0
Wilmer Lugo,Available,NYM,Florida Complex League,CPX,No,20.0,,9.0,5.0,1.0,103.8,46.9,44.5,101.4,6.45,95.7,112.61240075162668,99.8,8.3,0.0,0.0,9.64,0.0,1.0,9.3,10.0,1.71,0.25,0.163,0.204,0.041,0.778,0.185,0.519,0.296,0.375,0.125
Darwin Roa,Available,PIT,Florida Complex League,CPX,Yes,19.0,,2.0,13.5,2.2,109.2,126.7,0.0,101.3,7.08,91.1,112.5078486341655,99.8,4.0,0.0,0.0,4.15,2.0,0.0,4.3,7.0,2.77,0.556,0.304,0.304,0.0,0.777,0.222,0.333,0.444,0.0,0.0
Victor Espiritu,Available,TOR,Florida Complex League,CPX,No,21.0,,6.0,10.5,2.4,98.8,98.2,109.7,94.7,5.21,96.4,117.10595463354598,97.6,12.7,0.0,2.0,4.91,0.0,0.0,14.7,15.0,1.7,0.349,0.116,0.217,0.101,0.727,0.227,0.477,0.295,0.385,0.154
Luis Perdomo,Available,BAL,Florida Complex League,CPX,Yes,19.0,,1.0,22.5,2.0,109.2,211.2,271.6,65.2,3.57,86.9,108.7294919529813,97.0,2.0,0.0,0.0,0.0,0.0,1.0,2.0,2.0,1.0,0.333,0.0,0.25,0.25,0.5,0.5,0.167,0.333,0.0,0.0
Maximin Medina,Available,WSH,Florida Complex League,CPX,Yes,18.0,,2.0,-1.5,2.3,115.3,-14.1,0.0,90.2,5.88,81.5,138.19688742196217,96.7,3.4,0.0,2.0,15.43,1.0,0.0,4.7,2.0,2.57,0.455,0.074,0.074,0.0,0.692,0.308,0.538,0.154,0.5,0.0
Angel Castillo,Available,TB,Florida Complex League,CPX,Yes,24.0,,4.0,10.1,0.9,86.5,95.1,0.0,108.7,7.05,97.6,145.87114060484416,91.5,4.7,2.0,0.0,0.0,0.0,0.0,3.7,5.0,1.64,0.143,0.294,0.294,0.0,0.834,0.167,0.167,0.667,0.75,0.0
Gabriel Paez,Available,TB,Florida Complex League,CPX,Yes,19.0,,4.0,7.9,2.8,109.2,74.5,-56.5,89.1,7.54,74.9,108.66211536832895,88.9,13.0,0.0,0.0,6.55,2.0,0.0,11.0,7.0,2.27,0.368,0.175,0.123,-0.052,0.684,0.289,0.368,0.342,0.308,0.077
Rainy Mota,Available,PHI,Florida Complex League,CPX,Yes,20.0,,8.0,8.2,1.5,103.8,76.9,32.6,80.2,7.51,76.0,141.81474963674938,86.7,15.2,0.0,0.0,8.03,0.0,1.0,12.3,13.0,2.11,0.351,0.164,0.194,0.03,0.615,0.333,0.256,0.41,0.25,0.125
Fenuel James,Available,CHC,Arizona Complex League,CPX,No,23.0,,5.0,4.0,1.8,90.3,37.1,-30.7,98.1,8.61,85.3,120.28274805959282,85.5,11.7,0.0,0.0,12.0,0.0,0.0,9.0,8.0,2.78,0.4,0.182,0.145,-0.037,0.758,0.212,0.455,0.333,0.273,0.091
Miguel Alvarez,Available,SD,Arizona Complex League,CPX,No,21.0,,6.0,3.0,1.1,98.9,28.2,-106.1,98.6,11.99,78.2,114.72046987801951,85.5,12.7,1.0,1.0,14.21,0.0,0.0,6.3,6.0,3.16,0.368,0.282,0.154,-0.128,0.762,0.143,0.19,0.667,0.286,0.143
Edgar Leon,Available,LAD,Arizona Complex League,CPX,Yes,21.0,,4.0,4.4,1.0,98.9,41.7,-32.3,83.3,8.39,72.3,123.79859819235172,81.5,4.0,1.0,0.0,15.75,0.0,0.0,4.0,5.0,3.25,0.429,0.231,0.192,-0.039,0.643,0.286,0.429,0.286,0.25,0.25
Eddison Septimo,Available,BOS,Florida Complex League,CPX,Yes,19.0,,6.0,1.3,1.1,109.2,12.1,-271.6,93.2,10.76,56.9,68.7595254208724,76.9,3.7,0.0,0.0,14.21,0.0,0.0,6.3,6.0,3.0,0.231,0.417,0.167,-0.25,0.715,0.214,0.5,0.286,0.0,0.25
Waner Perez,Available,BAL,Florida Complex League,CPX,Yes,20.0,,2.0,0.9,0.5,103.8,8.2,-271.6,65.2,11.24,32.5,127.39608536838088,57.7,0.0,0.0,0.0,9.0,0.0,0.0,1.0,1.0,5.0,0.5,0.375,0.125,-0.25,0.5,0.5,0.5,0.0,0.0,0.0
