Metric,Median,Scale,N
Age_Plus,98.8923808666298,9.07130289089512,6639
K_BB_pct_Plus,100.0,74.9181568903159,6639
Weak_Contact_Plus,100.0,8.619811500526737,6639
