Player,Position,Status,FPts,FP/G,GP,AB_per_Game,hitter_score,batters_eye_score,barrel_batted_rate,oz_swing_percent,meatball_swing_percent,FPts_7d,FP/G_7d,hitter_score_7d,batters_eye_score_7d,barrel_batted_rate_7d,barrels_7d,oz_swing_percent_7d,meatball_swing_percent_7d,GP_7d,AB_per_Game_7d,Runs_7d,FPts_14d,FP/G_14d,hitter_score_14d,batters_eye_score_14d,barrel_batted_rate_14d,barrels_14d,oz_swing_percent_14d,meatball_swing_percent_14d,GP_14d,AB_per_Game_14d,Runs_14d,FPts_30d,FP/G_30d,hitter_score_30d,batters_eye_score_30d,barrel_batted_rate_30d,barrels_30d,oz_swing_percent_30d,meatball_swing_percent_30d,GP_30d,AB_per_Game_30d,Runs_30d,hitter_score_2025,batters_eye_score_2025,barrel_batted_rate_2025,oz_swing_percent_2025,meatball_swing_percent_2025
Pete Crow-Armstrong,CF,T,1588.0,10.11,157.07220573689418,3.8644647355163726,0.83,-0.22,13.7,34.4,76.7,46.0,11.5,0.48,-0.45,18.18,2.0,34.62,66.67,4.0,4.75,4.0,132.5,13.25,0.6,-0.8,19.35,6.0,43.75,72.73,10.0,4.5,9.0,333.0,13.32,1.18,-0.24,19.48,15.0,35.02,75.86,25.0,4.28,26.0,0.28,-0.68,13.1,41.7,86.2
Yordan Alvarez,LF,T,1418.0,9.27,152.9665587918015,3.5432581100141047,1.14,-0.31,16.0,29.0,68.7,60.5,12.1,-0.65,-0.97,7.14,1.0,26.83,33.33,5.0,3.6,3.0,84.5,9.39,-0.44,-1.8,15.79,3.0,27.5,20.0,9.0,3.11,4.0,182.0,7.58,-0.87,-1.47,8.06,5.0,33.33,44.0,24.0,3.5,13.0,-0.08,-1.37,13.8,26.7,58.3
Miguel Vargas,3B,T,1315.5,8.49,154.9469964664311,3.6786773090079814,1.84,1.32,13.5,21.1,76.4,69.0,13.8,1.42,0.51,22.22,2.0,7.32,50.0,5.0,3.2,4.0,133.0,11.08,0.78,0.33,12.5,4.0,17.31,62.5,12.0,3.67,7.0,229.0,8.81,0.77,1.1,6.94,5.0,17.24,77.27,26.0,3.77,14.0,1.26,1.58,9.4,21.5,85.3
CJ Abrams,SS,T,1308.0,8.84,147.96380090497738,3.7982262996941896,-0.31,-1.03,9.9,36.8,70.9,75.5,15.1,0.18,0.11,8.33,1.0,29.73,77.78,5.0,4.0,4.0,110.0,12.22,0.06,0.03,7.14,2.0,33.8,80.0,9.0,4.11,7.0,149.0,6.48,0.32,0.2,8.47,5.0,35.1,86.36,23.0,4.0,13.0,-0.27,-0.3,7.6,32.5,78.4
Fernando Tatis Jr.,RF,T,1284.0,8.28,155.07246376811597,3.9142990654205603,1.29,0.65,12.9,26.5,76.0,49.0,9.8,1.02,-0.36,25.0,3.0,29.41,60.0,5.0,4.0,4.0,142.0,12.91,1.05,-0.17,19.35,6.0,25.53,61.54,11.0,4.09,10.0,239.0,9.56,1.07,0.26,15.19,12.0,28.71,76.92,25.0,4.12,19.0,1.45,1.53,11.0,24.5,88.7
Pete Alonso,1B,T,1279.0,8.15,156.9325153374233,3.7468334636434717,1.33,0.29,14.7,26.8,72.4,53.0,13.25,2.7,0.93,36.36,4.0,12.5,75.0,4.0,3.75,3.0,109.5,10.95,2.11,0.68,24.14,7.0,19.1,75.0,10.0,4.0,6.0,239.0,9.19,1.61,0.44,19.12,13.0,26.58,77.5,26.0,3.69,15.0,1.65,0.1,18.9,27.4,76.2
Junior Caminero,3B,T,1276.0,8.13,156.94956949569493,3.77191222570533,0.85,-0.03,13.0,30.4,73.6,25.0,4.17,-0.46,0.04,0.0,0.0,29.73,75.0,6.0,3.67,3.0,68.5,5.71,0.63,0.4,10.34,3.0,32.95,88.89,12.0,3.75,7.0,188.0,7.23,0.51,-0.1,12.16,9.0,35.5,80.0,26.0,3.88,16.0,0.6,-0.4,14.0,32.1,76.7
Sal Stewart,1B,T,1253.0,7.98,157.01754385964912,3.808491620111732,0.92,0.14,12.7,31.4,76.8,23.5,4.7,0.59,-0.13,16.67,2.0,35.71,80.0,5.0,3.8,2.0,42.5,3.86,-0.16,-0.31,7.41,2.0,37.8,76.92,11.0,3.91,5.0,172.0,6.88,0.58,0.02,12.16,9.0,36.62,84.62,25.0,3.84,12.0,1.39,-0.07,17.9,32.7,81.3
Ben Rice,1B,T,1223.5,8.16,149.93872549019608,3.674834491213731,1.9,1.3,14.0,24.5,80.6,38.0,7.6,0.98,1.0,11.11,1.0,11.11,75.0,5.0,3.2,3.0,111.5,10.14,0.97,0.83,10.71,3.0,16.49,75.0,11.0,3.55,11.0,219.0,8.76,1.25,1.33,10.0,7.0,17.65,83.33,25.0,3.72,22.0,1.53,0.69,15.4,21.3,74.8
Alec Burleson,1B,T,1221.0,7.83,155.93869731800766,3.757886977886978,0.66,0.15,11.0,37.8,85.3,-0.5,-0.12,-0.53,-0.06,0.0,0.0,45.0,100.0,4.0,3.25,0.0,58.0,5.8,0.5,0.33,9.52,2.0,41.27,100.0,10.0,3.5,3.0,146.0,5.84,0.49,0.39,8.96,6.0,40.62,100.0,25.0,3.68,10.0,0.08,-0.19,9.5,28.8,74.7
Otto Lopez,SS,T,1211.0,7.92,152.90404040404042,3.9698100743187443,-0.34,-0.21,6.2,30.9,72.3,42.0,10.5,1.32,0.58,20.0,2.0,19.23,75.0,4.0,4.25,3.0,83.5,8.35,0.14,0.17,6.9,2.0,24.39,69.23,10.0,4.1,4.0,208.5,8.34,0.02,0.09,6.41,5.0,26.21,68.75,25.0,4.04,15.0,-0.33,-0.29,7.1,29.5,74.5
Jordan Walker,RF,T,1205.0,7.88,152.91878172588832,3.838639004149378,0.64,-0.39,13.2,35.8,76.7,0.5,0.12,0.24,-0.65,16.67,1.0,38.46,66.67,4.0,3.75,1.0,18.5,1.85,0.55,-0.8,18.75,3.0,35.53,60.0,10.0,3.2,4.0,84.0,3.36,0.48,0.02,11.11,6.0,35.38,82.61,25.0,3.64,12.0,-0.54,-1.43,10.9,34.0,67.4
Elly De La Cruz,SS,T,1203.0,8.72,137.95871559633028,3.8852202826267663,1.23,-0.22,16.2,25.5,65.1,53.0,10.6,-0.75,-0.39,0.0,0.0,19.23,40.0,5.0,3.0,3.0,117.5,10.68,0.77,-0.42,18.18,4.0,20.0,46.15,11.0,3.45,8.0,304.0,12.16,2.19,0.01,27.42,17.0,23.26,61.76,25.0,3.68,21.0,0.26,-0.1,10.3,28.5,75.3
Brice Turang,2B,T,1202.0,8.23,146.05103280680436,3.8137354409317807,0.12,0.18,7.5,24.9,68.7,4.0,0.8,-1.06,-0.84,0.0,0.0,42.11,66.67,5.0,3.4,1.0,97.0,9.7,0.84,-0.12,16.67,3.0,20.83,55.56,10.0,3.2,7.0,214.0,8.56,0.24,0.32,7.02,4.0,23.38,69.23,25.0,3.48,19.0,0.26,0.4,8.0,23.7,74.7
Randy Arozarena,LF,T,1200.0,8.05,149.06832298136644,3.696291666666667,0.24,0.27,7.9,30.5,77.0,37.0,9.25,0.38,0.12,11.11,1.0,28.12,75.0,4.0,3.0,3.0,143.0,13.0,0.25,-0.0,9.38,3.0,33.66,78.95,11.0,3.64,13.0,245.5,9.82,0.35,0.21,8.7,6.0,27.57,73.81,25.0,3.68,21.0,0.69,0.29,11.5,25.3,75.5
Bryce Harper,1B,T,1182.5,7.53,157.03851261620184,3.5277970401691334,0.61,0.2,10.5,32.6,79.0,24.0,4.8,-0.32,0.24,0.0,0.0,33.33,88.89,5.0,4.0,2.0,56.0,5.09,-0.11,-0.13,6.45,2.0,39.47,84.62,11.0,4.0,6.0,143.0,5.72,0.06,0.21,5.97,4.0,33.18,83.33,25.0,3.84,9.0,0.62,0.01,12.3,35.6,86.0
Alex Bregman,3B,T,1179.5,7.71,152.98313878080415,3.9220008478168715,-0.12,0.15,6.1,23.4,66.4,11.5,3.83,1.59,0.76,22.22,2.0,29.17,100.0,3.0,3.33,1.0,86.5,9.61,1.51,1.13,14.29,4.0,21.43,90.91,9.0,3.33,5.0,238.0,9.92,0.69,0.31,11.25,9.0,24.51,70.97,24.0,3.67,14.0,-0.26,-0.07,6.6,19.8,64.1
James Wood,LF,T,1177.5,8.99,130.97886540600666,3.779235668789809,2.48,0.91,19.3,21.5,72.3,16.0,3.2,-0.13,0.51,0.0,0.0,25.0,83.33,5.0,4.0,2.0,47.0,4.7,-0.17,0.64,0.0,0.0,16.25,69.23,10.0,3.6,3.0,81.0,4.76,0.81,1.04,7.69,3.0,19.73,80.0,17.0,3.65,4.0,0.93,-0.43,16.4,24.4,66.1
Kyle Schwarber,DH,T,1173.5,7.77,151.02960102960103,3.7012611844908396,1.94,0.85,16.1,25.9,77.5,20.0,4.0,-0.49,-0.01,0.0,0.0,28.79,71.43,5.0,3.0,3.0,46.0,4.18,-0.38,0.34,0.0,0.0,26.12,76.47,11.0,3.45,5.0,185.0,7.4,0.48,0.25,9.68,6.0,28.52,76.47,25.0,3.76,16.0,2.18,0.47,20.8,21.5,72.6
Matt Olson,1B,T,1173.5,7.47,157.095046854083,3.8511717085641246,1.41,0.42,14.6,27.8,75.2,32.5,8.12,0.41,0.38,9.09,1.0,23.08,75.0,4.0,4.25,2.0,83.5,7.59,0.53,0.04,12.12,4.0,30.43,75.0,11.0,4.09,4.0,135.5,5.21,0.21,-0.08,9.33,7.0,31.82,74.07,26.0,3.88,9.0,1.14,0.32,14.4,24.9,75.3
Kevin McGonigle,SS,T,1169.5,7.69,152.08062418725618,3.833492945703292,1.03,1.62,7.1,19.2,77.2,45.5,9.1,0.6,0.95,6.25,1.0,7.69,66.67,5.0,4.4,1.0,97.0,8.82,0.59,0.62,8.33,3.0,13.73,64.71,11.0,4.09,5.0,174.0,6.96,0.6,1.0,6.02,5.0,18.14,76.47,25.0,4.0,11.0,,,,,
Jake McCarthy,LF,T,1168.0,8.23,141.9198055893074,3.6992722602739727,0.05,0.5,5.7,37.6,88.9,42.5,8.5,0.96,0.75,13.33,2.0,29.41,100.0,5.0,4.2,3.0,110.0,9.17,0.89,0.85,9.76,4.0,32.14,100.0,12.0,4.17,7.0,240.5,9.25,0.34,0.38,7.53,7.0,35.82,91.67,26.0,4.23,15.0,-1.47,-1.6,5.3,34.4,66.0
Rafael Devers,DH,T,1155.0,7.8,148.0769230769231,3.768311688311688,0.51,-0.42,12.5,30.0,68.8,,,,,,,,,,,,44.0,22.0,,,16.67,1.0,33.33,0.0,2.0,4.0,2.0,263.5,15.5,1.47,-0.68,25.0,12.0,27.13,52.17,17.0,3.82,17.0,1.56,0.59,16.0,25.6,79.4
Bobby Witt Jr.,SS,T,1143.0,8.28,138.04347826086956,3.8683464566929135,0.59,-0.05,11.4,33.6,77.6,33.5,6.7,-0.11,0.54,0.0,0.0,33.33,100.0,5.0,4.0,4.0,60.0,6.0,-0.73,-0.15,0.0,0.0,44.0,90.91,10.0,3.8,4.0,185.5,7.42,0.56,0.23,10.53,8.0,35.1,87.1,25.0,3.84,17.0,0.98,0.49,12.5,30.6,84.9
Yandy Diaz,DH,T,1135.5,7.52,150.99734042553192,3.927221488331132,-0.61,-0.85,7.2,29.3,63.1,26.0,5.2,-1.5,-1.48,0.0,0.0,18.75,0.0,5.0,4.0,2.0,36.5,3.32,-0.43,-0.2,3.57,1.0,34.62,75.0,11.0,4.09,4.0,151.0,6.04,-0.05,-0.4,8.86,7.0,30.46,64.29,25.0,4.16,12.0,0.5,0.69,8.3,24.0,78.4
Jackson Merrill,CF,T,1135.0,7.37,154.00271370420623,3.8635682819383264,1.05,0.36,12.6,37.3,87.0,31.0,6.2,0.15,-0.21,11.11,1.0,47.92,100.0,5.0,4.0,3.0,98.0,8.91,0.41,-0.23,12.9,4.0,42.7,86.67,11.0,4.27,8.0,239.0,9.56,1.42,0.27,18.42,14.0,38.22,93.33,25.0,3.96,15.0,0.26,-0.69,13.0,37.7,80.8
Corbin Carroll,RF,T,1130.5,7.49,150.93457943925233,3.70359133126935,1.01,0.37,12.3,29.6,77.0,47.5,11.88,0.05,-0.49,12.5,1.0,35.48,66.67,4.0,3.25,2.0,93.0,9.3,0.52,-0.1,13.04,3.0,36.84,81.25,10.0,3.7,5.0,131.5,5.72,0.65,-0.17,14.04,8.0,34.69,76.92,23.0,3.7,9.0,0.49,-0.67,14.5,31.6,72.9
Shohei Ohtani,DH,T,1125.0,8.4,133.92857142857142,3.748266666666667,1.6,0.42,15.8,30.0,78.1,,,,,,,,,,,,,,,,,,,,,,,29.5,3.28,-0.08,0.2,4.76,1.0,28.42,75.0,9.0,4.0,4.0,2.42,0.25,23.5,26.1,76.1
Brandon Lowe,2B,T,1096.5,7.51,146.00532623169107,3.862872777017784,0.86,0.19,12.1,33.9,80.6,50.0,10.0,1.21,-0.59,30.0,3.0,35.14,62.5,5.0,3.8,3.0,97.5,9.75,1.02,-0.66,22.73,5.0,35.44,63.64,10.0,3.7,6.0,179.0,7.78,0.21,-0.69,13.21,7.0,36.76,68.18,23.0,3.52,14.0,1.07,0.52,13.0,32.0,87.1
Michael Harris II,CF,T,1089.5,7.22,150.90027700831024,3.7773290500229466,-0.58,-1.48,10.1,44.9,76.6,39.5,9.88,-0.41,-0.91,10.0,1.0,43.48,66.67,4.0,3.75,2.0,94.0,8.55,-1.25,-1.62,5.71,2.0,50.0,60.0,11.0,4.09,8.0,201.5,7.75,-0.87,-1.24,6.58,5.0,46.77,72.22,26.0,3.73,13.0,-1.15,-1.94,9.1,43.0,73.5
Bryan Reynolds,RF,T,1088.0,6.93,156.998556998557,3.700670955882353,1.57,1.39,11.5,24.8,82.0,18.5,3.7,0.43,0.54,7.69,1.0,20.0,75.0,5.0,3.8,0.0,42.0,3.82,0.36,0.03,10.34,3.0,25.3,66.67,11.0,3.91,3.0,130.0,5.42,1.16,0.59,13.89,10.0,22.28,73.91,24.0,3.88,13.0,0.93,0.95,10.1,25.9,83.9
Daylen Lile,RF,T,1085.0,6.96,155.89080459770116,3.7590414746543774,0.35,-0.01,9.7,38.2,84.1,31.5,6.3,0.21,-0.44,14.29,2.0,41.67,80.0,5.0,4.2,4.0,77.0,7.7,0.55,-0.37,15.38,4.0,44.44,85.71,10.0,3.6,6.0,206.0,8.24,1.14,0.05,17.19,11.0,32.46,78.26,25.0,3.44,15.0,-0.08,0.5,5.2,26.7,79.8
Seiya Suzuki,DH,T,1083.5,7.79,139.08857509627728,3.774573142593447,0.92,0.64,10.6,22.4,70.5,38.0,9.5,0.86,0.68,12.5,1.0,30.77,100.0,4.0,4.75,2.0,62.0,6.2,1.09,0.71,13.04,3.0,24.64,84.21,10.0,4.0,6.0,181.5,7.26,0.99,0.73,11.43,8.0,21.76,76.19,25.0,3.84,20.0,1.11,-0.2,16.6,20.4,63.4
Jake Bauers,LF,T,1082.0,7.78,139.0745501285347,3.2572458410351204,1.91,1.26,14.2,21.3,76.0,9.5,3.17,2.78,1.36,33.33,1.0,17.65,100.0,3.0,2.67,2.0,72.0,9.0,2.68,1.15,26.67,4.0,26.87,100.0,8.0,3.5,8.0,144.5,6.88,1.95,1.48,15.62,5.0,20.5,91.67,21.0,2.71,14.0,1.94,1.66,13.7,20.4,84.8
Zach Neto,SS,T,1078.5,7.1,151.90140845070422,3.936764024107557,0.13,-0.7,11.3,37.5,75.5,22.5,4.5,-1.96,-2.16,0.0,0.0,31.91,0.0,5.0,3.4,4.0,71.0,6.45,-1.41,-1.79,5.26,1.0,38.53,37.5,11.0,3.64,9.0,186.5,7.77,-0.49,-1.13,9.43,5.0,37.97,60.0,24.0,3.79,18.0,0.62,-0.37,14.0,30.1,74.3
Isaac Paredes,3B,T,1072.0,7.15,149.93006993006992,3.595009328358209,-0.47,-0.07,4.8,27.2,68.9,61.5,12.3,0.65,0.81,8.33,1.0,28.26,100.0,5.0,3.4,3.0,102.0,9.27,0.62,1.29,3.45,1.0,24.53,100.0,11.0,3.55,6.0,225.5,8.67,0.08,0.73,2.78,2.0,23.97,80.0,26.0,3.46,15.0,-0.12,0.2,6.3,21.4,69.3
William Contreras,C,T,1064.0,7.44,143.01075268817203,3.838872180451128,0.59,0.62,8.6,28.4,78.2,41.0,10.25,0.25,-0.06,11.11,1.0,45.0,100.0,4.0,3.5,2.0,115.0,14.38,1.18,0.6,14.81,4.0,36.59,100.0,8.0,4.0,7.0,253.0,11.5,0.75,0.32,11.76,8.0,30.99,82.14,22.0,4.0,19.0,0.17,0.61,6.4,25.3,79.2
Wilyer Abreu,RF,T,1054.0,6.93,152.0923520923521,3.7740227703984823,0.71,-0.14,12.6,29.8,71.6,8.5,2.12,-1.2,-1.04,0.0,0.0,28.21,33.33,4.0,3.5,1.0,31.5,3.5,0.25,-0.65,14.29,3.0,26.44,50.0,9.0,3.78,2.0,106.5,4.44,0.17,-0.4,10.94,7.0,28.86,61.76,24.0,3.75,7.0,0.79,0.25,12.3,29.1,80.2
Luis Arraez,1B,T,1049.5,7.04,149.07670454545453,3.924154359218676,-1.59,-0.89,1.2,33.3,67.9,26.5,5.3,-0.89,-0.6,0.0,0.0,28.57,50.0,5.0,3.8,1.0,67.0,6.09,-0.67,-0.42,2.7,1.0,22.54,50.0,11.0,3.73,2.0,123.0,4.92,-1.31,-1.05,1.15,1.0,32.43,52.38,25.0,3.64,4.0,-1.9,-1.31,1.1,34.3,69.1
Jackson Chourio,CF,T,1045.5,8.57,121.9953325554259,4.139502630320421,0.4,-0.51,12.2,34.0,73.0,54.0,10.8,0.23,0.02,10.0,1.0,25.58,66.67,5.0,3.8,2.0,90.0,9.0,0.02,-0.06,7.41,2.0,30.68,72.73,10.0,4.2,8.0,291.5,11.66,0.11,-0.26,9.52,8.0,33.49,72.73,25.0,4.44,26.0,-0.24,-0.71,9.7,37.0,79.6
Jonathan Aranda,1B,T,1037.5,6.87,151.018922852984,3.7280096385542167,0.55,0.25,9.9,28.8,74.6,30.5,6.1,-1.07,-1.99,11.11,1.0,28.57,0.0,5.0,3.4,2.0,70.5,7.05,-0.43,-1.03,10.0,2.0,26.74,40.0,10.0,3.3,4.0,166.0,7.22,0.01,-0.57,10.53,6.0,29.72,59.09,23.0,3.65,12.0,1.0,0.44,12.9,27.9,80.7
Luis Garcia Jr.,2B,T,1035.0,7.14,144.95798319327733,3.4630724637681154,0.35,-0.66,12.5,38.6,77.4,0.5,0.12,-0.51,-0.03,0.0,0.0,26.67,66.67,4.0,3.75,1.0,25.5,2.55,0.74,-0.09,15.38,4.0,38.1,83.33,10.0,4.0,3.0,135.0,5.62,0.62,-0.22,14.06,9.0,40.12,85.0,24.0,3.75,13.0,-0.64,-1.16,9.0,38.0,75.8
Ivan Herrera,DH,T,1032.5,6.62,155.9667673716012,3.7379757869249395,-0.52,-0.36,5.7,28.2,67.1,37.5,9.38,0.58,-0.5,20.0,2.0,40.0,75.0,4.0,4.25,2.0,50.5,5.05,-0.04,-0.36,9.09,2.0,26.83,58.33,10.0,3.3,5.0,179.0,7.16,-0.28,-0.22,5.56,4.0,23.36,56.52,25.0,3.84,14.0,0.47,0.04,11.1,25.1,72.4
Nico Hoerner,2B,T,1028.5,6.68,153.9670658682635,3.94889645114244,-1.51,-0.81,1.4,33.4,68.9,27.5,6.88,-0.35,0.2,0.0,0.0,40.0,100.0,4.0,3.75,2.0,62.5,6.25,-0.29,0.11,2.78,1.0,38.78,90.0,10.0,3.9,4.0,143.0,5.72,-0.42,-0.08,3.33,3.0,39.75,87.5,25.0,3.96,9.0,-1.47,-0.97,2.4,32.5,70.7
Freddie Freeman,1B,T,1019.0,6.84,148.9766081871345,3.7522669283611383,1.01,1.35,8.1,29.0,87.1,30.0,6.0,0.28,-0.46,15.38,2.0,34.78,66.67,5.0,4.0,2.0,32.5,3.61,0.35,0.4,7.41,2.0,28.4,81.82,9.0,4.22,2.0,118.5,5.39,0.0,0.28,5.0,3.0,29.82,79.17,22.0,3.77,11.0,0.86,0.77,10.4,28.4,85.2
Carson Benge,CF,T,1018.0,6.74,151.03857566765578,3.7738703339882123,0.36,0.56,7.4,28.0,77.0,59.0,11.8,-0.0,-0.08,7.69,1.0,27.59,66.67,5.0,3.8,5.0,101.0,9.18,0.92,0.53,12.5,4.0,21.84,75.0,11.0,4.0,9.0,168.5,6.48,0.18,0.24,6.94,5.0,28.27,75.76,26.0,3.92,15.0,,,,,
Brooks Lee,SS,T,1016.0,6.68,152.09580838323353,3.714763779527559,-0.8,-0.41,4.2,35.3,75.8,60.5,10.08,-0.23,-0.12,4.76,1.0,46.15,100.0,6.0,4.17,6.0,71.5,5.96,-0.87,-0.73,2.94,1.0,43.96,75.0,12.0,3.75,8.0,178.0,6.85,-0.68,-0.86,5.88,5.0,40.0,69.7,26.0,3.96,14.0,-0.55,-0.34,5.8,31.8,77.0
Kyle Tucker,RF,T,1007.0,6.76,148.96449704142012,3.463912611717974,1.13,1.86,6.7,23.5,85.5,64.0,12.8,1.98,1.89,16.67,2.0,7.41,100.0,5.0,3.2,5.0,140.0,12.73,1.69,1.0,17.24,5.0,13.58,75.0,11.0,3.18,12.0,219.0,8.42,1.57,1.61,11.27,8.0,15.9,86.96,26.0,3.15,18.0,1.79,2.07,10.8,17.6,85.8
Manny Machado,3B,T,1006.0,6.58,152.88753799392097,3.7086083499005964,0.88,0.81,9.6,30.3,82.8,8.0,1.6,-0.27,0.31,0.0,0.0,37.84,100.0,5.0,3.8,1.0,50.0,4.55,0.51,0.83,5.88,2.0,32.63,100.0,11.0,4.0,4.0,167.5,6.98,0.63,0.66,8.45,6.0,31.67,91.43,24.0,3.79,15.0,0.87,0.24,12.9,29.8,81.0
Michael Busch,1B,T,1001.0,6.46,154.95356037151703,3.73014985014985,0.93,0.97,9.2,24.9,77.5,27.5,6.88,1.77,1.58,16.67,1.0,13.33,100.0,4.0,3.5,2.0,87.5,8.75,1.35,0.8,15.0,3.0,18.82,77.78,10.0,3.3,10.0,169.0,6.76,1.05,1.01,10.17,6.0,21.74,82.76,25.0,3.52,17.0,1.83,0.76,17.1,23.0,77.9
T.J. Rumfield,1B,T,1001.0,6.63,150.98039215686273,3.510389610389611,0.09,0.72,5.0,30.3,81.8,15.0,3.0,0.51,0.43,10.0,1.0,35.48,100.0,5.0,3.6,1.0,47.5,4.75,-0.17,0.18,3.45,1.0,31.11,80.0,10.0,3.9,1.0,181.5,7.56,0.52,0.7,7.14,5.0,24.9,80.77,24.0,3.54,9.0,,,,,
Trea Turner,SS,T,1001.0,6.59,151.89681335356602,4.068551448551449,-0.3,-0.17,6.3,34.6,77.6,40.0,8.0,-1.02,-0.78,0.0,0.0,32.08,50.0,5.0,3.4,4.0,64.0,5.82,-1.1,-1.12,3.45,1.0,34.75,50.0,11.0,3.73,7.0,163.5,6.54,-0.55,-0.97,7.79,6.0,36.25,60.87,25.0,4.0,14.0,-0.15,0.26,5.8,31.2,83.1
Geraldo Perdomo,SS,T,1001.0,6.59,151.89681335356602,3.548461538461538,-0.83,-0.06,2.5,21.2,61.2,44.5,11.12,-0.81,-0.48,0.0,0.0,17.39,33.33,4.0,4.0,3.0,68.5,6.85,-0.54,0.12,0.0,0.0,18.29,58.33,10.0,3.7,4.0,167.0,6.68,-0.94,-0.32,0.0,0.0,21.84,51.61,25.0,3.4,8.0,0.08,0.52,6.2,19.1,69.9
Drake Baldwin,C,T,1000.5,7.47,133.93574297188755,3.9421889055472263,0.97,0.22,12.7,34.2,81.4,30.0,7.5,1.22,0.22,22.22,2.0,39.53,100.0,4.0,4.0,3.0,86.0,7.82,0.73,0.26,12.5,4.0,38.46,93.75,11.0,4.18,6.0,190.0,7.31,0.57,0.08,11.69,9.0,37.01,86.67,26.0,4.19,13.0,0.3,-0.19,11.0,28.8,74.7
Josh Bell,DH,T,995.5,6.64,149.92469879518072,3.675178302360623,0.94,0.88,9.7,30.0,83.2,28.5,5.7,0.05,0.05,7.14,1.0,29.55,75.0,5.0,4.2,1.0,50.5,5.05,0.14,0.1,7.41,2.0,29.27,75.0,10.0,4.0,3.0,137.0,5.96,0.28,0.13,8.57,6.0,28.02,72.73,23.0,3.83,10.0,0.78,0.28,12.1,26.7,77.3
Gabriel Moreno,C,T,991.5,7.87,125.98475222363405,3.595673222390318,-0.72,-1.15,7.8,28.8,59.1,28.5,7.12,0.08,0.83,0.0,0.0,10.0,66.67,4.0,3.5,3.0,111.0,11.1,0.36,0.51,6.67,2.0,23.4,76.92,10.0,3.9,8.0,196.5,8.54,0.05,0.01,7.14,5.0,22.17,60.0,23.0,3.78,13.0,-0.39,-0.38,7.1,25.9,68.7
Bryson Stott,2B,T,989.5,6.6,149.92424242424244,3.4484082870136428,-0.95,-1.08,6.1,30.3,61.8,40.5,8.1,0.26,-0.38,14.29,2.0,24.32,50.0,5.0,3.6,4.0,70.5,6.41,-0.38,-0.56,6.9,2.0,25.0,50.0,11.0,3.36,6.0,118.0,4.92,-0.4,-0.73,7.69,5.0,28.35,52.94,24.0,3.46,12.0,-1.35,-1.36,5.1,23.4,54.0
Andy Pages,CF,T,989.0,7.67,128.94393741851368,3.823367037411527,-0.08,-0.16,7.7,31.6,73.7,5.0,5.0,,,,,,,,,,5.0,5.0,,,,,,,,,,5.0,5.0,,,,,,,,,,0.14,0.13,8.4,33.2,84.2
Ozzie Albies,2B,T,988.0,6.29,157.07472178060414,3.78163967611336,-0.38,0.27,3.9,38.5,87.6,5.5,1.38,-1.01,-0.76,0.0,0.0,37.14,60.0,4.0,3.75,1.0,57.5,5.23,-0.53,-0.3,3.33,1.0,39.6,80.0,11.0,3.64,8.0,117.0,4.5,-0.34,0.14,2.63,2.0,39.13,91.67,26.0,3.69,12.0,-0.18,0.41,4.9,33.5,87.9
Ketel Marte,2B,T,984.5,7.24,135.98066298342542,3.9564448958862366,0.97,0.97,9.5,31.7,86.4,11.5,2.88,-0.16,0.48,0.0,0.0,34.62,100.0,4.0,4.0,2.0,54.5,5.45,0.43,0.71,5.88,2.0,27.54,88.89,10.0,4.4,4.0,108.5,6.03,0.13,0.49,4.84,3.0,32.67,88.89,18.0,4.11,8.0,1.34,0.81,13.5,24.8,80.9
Kazuma Okamoto,3B,T,983.5,6.51,151.07526881720432,3.6604270462633446,1.23,0.48,13.2,27.6,75.6,12.0,3.0,-1.28,-1.16,0.0,0.0,30.43,33.33,4.0,4.0,0.0,76.0,7.6,-0.04,-0.53,10.34,3.0,24.36,50.0,10.0,3.6,4.0,179.5,7.48,1.02,0.12,15.62,10.0,21.16,60.87,24.0,3.5,11.0,,,,,
Chandler Simpson,CF,T,983.0,6.6,148.93939393939394,3.733062054933876,-1.34,-0.23,0.0,30.6,71.6,58.5,9.75,0.2,0.99,0.0,0.0,15.79,83.33,6.0,4.0,3.0,103.0,8.58,-0.19,0.6,0.0,0.0,30.77,90.91,12.0,3.83,6.0,209.0,8.04,-0.18,0.79,0.0,0.0,27.27,86.96,26.0,3.88,16.0,-1.2,-0.04,0.0,29.8,77.8
Nolan Arenado,3B,FA,982.0,6.68,147.0059880239521,3.4692464358452133,-0.74,-0.82,6.3,32.0,66.9,57.5,14.38,-0.76,-0.4,0.0,0.0,40.91,80.0,4.0,4.25,4.0,125.0,12.5,-0.21,0.06,4.0,1.0,38.03,87.5,10.0,3.7,8.0,189.0,7.88,-0.56,-0.45,4.35,3.0,38.59,76.92,24.0,3.71,12.0,-1.68,-1.62,4.0,33.9,65.0
Liam Hicks,C,T,981.5,7.11,138.0450070323488,3.325002547121753,-0.66,-0.14,3.9,26.7,67.5,22.0,5.5,-0.67,-0.27,0.0,0.0,22.22,50.0,4.0,2.75,1.0,26.0,2.89,-0.15,0.66,0.0,0.0,19.57,75.0,9.0,2.33,1.0,92.5,4.4,-0.33,0.26,2.0,1.0,26.98,73.91,21.0,2.86,2.0,-0.48,0.25,3.6,17.6,64.8
Cody Bellinger,LF,T,981.0,7.55,129.9337748344371,3.701885830784913,-0.05,0.16,6.5,30.1,75.3,23.0,4.6,-0.06,0.61,0.0,0.0,32.0,100.0,5.0,4.0,2.0,126.5,10.54,0.14,-0.37,11.11,4.0,30.38,63.64,12.0,4.0,8.0,242.5,8.98,0.45,0.52,7.69,7.0,30.11,85.29,27.0,4.07,20.0,-0.14,-0.09,7.5,30.2,77.7
Gunnar Henderson,SS,T,973.0,6.28,154.93630573248407,3.956464542651593,-0.41,-0.68,7.8,30.5,66.5,34.0,8.5,0.46,-0.99,23.08,3.0,39.02,55.56,4.0,4.0,2.0,66.0,6.6,1.21,-0.32,22.22,6.0,31.43,66.67,10.0,3.8,5.0,151.0,6.04,0.08,-0.6,11.43,8.0,31.0,60.61,25.0,3.64,12.0,0.13,0.07,8.6,27.7,76.2
Max Muncy,3B,T,971.5,6.7,145.0,3.2551724137931033,1.32,0.64,13.1,26.0,75.2,56.5,11.3,0.22,-0.44,14.29,2.0,34.38,66.67,5.0,3.8,3.0,77.0,7.0,0.36,-0.07,11.11,3.0,27.03,66.67,5.0,2.2,0.0,137.5,5.73,0.53,0.17,10.71,6.0,23.88,66.67,24.0,3.38,11.0,1.62,1.22,13.6,19.9,79.0
Hunter Goodman,C,T,970.5,7.3,132.94520547945206,3.7158165893869137,0.7,-0.67,14.8,40.1,79.2,16.0,4.0,-1.55,-2.58,10.0,1.0,40.0,0.0,4.0,4.0,1.0,49.0,6.12,-0.08,-0.38,8.7,2.0,40.91,80.0,8.0,4.0,3.0,142.0,6.45,-0.03,-0.01,6.56,4.0,38.3,86.67,22.0,3.82,12.0,0.22,-0.72,12.9,36.7,79.1
Willson Contreras,1B,T,968.0,7.5,129.06666666666666,3.4555785123966944,0.4,-0.79,13.4,34.1,70.0,2.5,2.5,,,0.0,0.0,16.67,100.0,1.0,3.0,0.0,30.5,7.62,1.01,0.83,11.11,1.0,32.5,100.0,4.0,3.0,2.0,43.5,4.83,-0.88,-0.98,4.76,1.0,35.87,60.0,9.0,3.44,3.0,1.0,0.23,13.9,30.1,81.2
Ezequiel Duran,SS,T,966.5,6.53,148.0091883614089,3.4997827211588204,-0.72,-0.7,5.9,36.0,73.5,12.0,2.4,-0.19,0.43,0.0,0.0,35.48,100.0,5.0,3.6,3.0,40.5,3.68,-0.61,0.02,0.0,0.0,38.16,86.67,11.0,3.64,5.0,162.0,6.48,-0.42,-0.23,4.29,3.0,36.02,77.78,25.0,3.76,13.0,-1.34,-0.81,2.6,37.6,79.3
Riley Greene,LF,T,964.5,7.09,136.03667136812413,3.6534266459305336,2.03,1.2,15.2,26.3,81.9,32.5,6.5,0.5,-0.27,16.67,2.0,27.66,60.0,5.0,3.6,3.0,109.5,9.95,0.82,-0.01,15.62,5.0,25.93,66.67,11.0,3.91,8.0,207.0,10.89,1.25,0.06,18.18,10.0,27.78,70.59,19.0,3.95,13.0,1.64,0.48,17.1,31.3,85.7
Caleb Durbin,3B,T,961.0,6.45,148.9922480620155,3.2954734651404785,-0.92,-0.27,2.8,27.8,67.5,30.0,6.0,-0.15,0.48,0.0,0.0,34.48,100.0,5.0,3.2,2.0,77.5,7.75,0.58,1.15,4.17,1.0,26.98,100.0,10.0,2.9,6.0,125.0,5.0,-0.36,-0.02,3.45,2.0,24.71,63.64,25.0,2.92,10.0,-0.8,-0.31,4.0,24.5,67.6
Julio Rodriguez,CF,T,959.0,6.57,145.96651445966515,3.9392596454640247,-0.87,-1.58,8.7,38.4,66.9,13.0,3.25,-0.11,0.54,0.0,0.0,33.33,100.0,4.0,3.75,0.0,81.5,7.41,-0.14,-0.17,6.45,2.0,31.76,71.43,11.0,3.91,3.0,145.5,5.82,-0.56,-0.62,5.48,4.0,32.83,63.16,25.0,4.08,8.0,-0.1,-0.53,9.8,35.9,80.2
Dillon Dingler,C,T,956.0,6.73,142.05052005943534,3.7944246861924693,0.25,-0.25,10.1,33.7,75.5,23.5,5.88,0.66,-0.38,20.0,2.0,29.73,60.0,4.0,3.5,3.0,45.0,5.62,0.42,-0.4,14.29,3.0,34.85,70.0,8.0,3.75,5.0,67.5,3.21,0.1,-0.19,8.93,5.0,33.12,73.68,21.0,3.67,6.0,-0.26,-0.63,9.2,30.2,71.5
Bo Bichette,SS,T,951.5,6.14,154.96742671009773,3.955669994745139,-1.1,-1.4,6.5,41.1,72.5,26.0,5.2,-0.26,-0.52,8.33,1.0,40.48,75.0,5.0,4.2,2.0,38.0,3.45,-0.9,-0.78,3.03,1.0,42.5,71.43,11.0,4.36,3.0,141.5,5.66,-0.59,-0.83,6.58,5.0,40.91,71.88,25.0,4.04,10.0,-0.33,-0.45,7.9,35.2,80.2
Alec Bohm,3B,T,950.5,6.34,149.9211356466877,3.641914781693845,0.2,0.59,6.2,26.2,75.0,38.0,7.6,0.45,-0.0,13.33,2.0,26.09,66.67,5.0,4.0,1.0,88.0,8.0,-0.39,-0.79,8.57,3.0,24.36,42.86,11.0,3.73,2.0,152.5,6.35,0.04,-0.37,9.52,6.0,28.57,61.9,24.0,3.42,8.0,0.38,0.97,6.2,26.4,84.8
Kody Clemens,1B,T,948.5,6.73,140.93610698365526,3.6399472851871377,0.47,-0.2,11.3,32.4,74.3,6.0,1.0,-1.09,-0.88,0.0,0.0,37.84,57.14,6.0,3.17,1.0,42.0,3.5,-0.72,-0.14,0.0,0.0,34.83,76.92,12.0,3.58,4.0,156.5,6.02,0.27,0.08,8.82,6.0,31.53,77.42,26.0,3.5,14.0,0.47,-0.16,12.0,27.8,73.7
Chase Meidroth,SS,T,946.0,6.26,151.1182108626198,3.65938689217759,-1.14,-0.99,4.5,29.0,61.1,69.5,13.9,-0.32,-0.78,10.0,1.0,37.5,60.0,5.0,3.6,6.0,135.5,11.29,-0.37,-0.95,10.0,3.0,34.29,53.85,12.0,3.58,11.0,197.5,7.9,-0.92,-0.98,4.41,3.0,33.01,55.17,25.0,3.6,16.0,-1.84,-1.34,1.6,22.4,53.0
Jake Burger,1B,FA,945.0,6.3,150.0,3.5533333333333332,0.32,-0.7,12.5,35.2,72.5,34.0,6.8,1.79,1.05,22.22,2.0,23.68,100.0,5.0,3.2,3.0,59.0,5.36,1.09,0.69,13.04,3.0,27.84,88.89,11.0,3.36,6.0,167.0,6.68,1.94,0.56,21.43,12.0,29.74,85.71,25.0,3.36,16.0,0.42,-0.64,13.9,39.7,84.0
Jo Adell,CF,T,944.5,6.13,154.0783034257749,3.7708099523557435,0.31,0.13,8.9,35.5,82.1,16.5,4.12,-0.69,-0.3,0.0,0.0,31.82,66.67,4.0,4.25,1.0,72.0,7.2,-0.55,-0.86,7.41,2.0,30.14,50.0,10.0,4.1,6.0,144.5,5.78,-0.45,-0.06,2.86,2.0,31.98,75.0,25.0,3.88,12.0,1.48,0.2,17.3,32.8,84.5
Chase DeLauter,CF,T,943.5,7.31,129.06976744186048,3.6801801801801797,1.02,1.8,6.3,21.3,81.9,44.0,11.0,0.97,1.1,10.0,1.0,22.73,100.0,4.0,3.75,3.0,54.5,6.81,0.62,1.15,4.55,1.0,17.74,85.71,8.0,3.62,3.0,124.0,6.53,0.68,1.14,5.88,3.0,20.31,83.33,19.0,3.47,8.0,,,,,
Mike Trout,DH,T,940.5,6.82,137.90322580645162,3.582222222222222,1.88,0.85,15.8,20.5,70.3,31.5,6.3,1.18,0.15,22.22,2.0,19.44,60.0,5.0,3.4,3.0,65.0,5.91,1.89,0.62,22.22,4.0,14.81,66.67,11.0,3.09,6.0,129.0,5.16,1.71,1.06,16.07,9.0,20.75,82.35,25.0,3.56,12.0,1.15,0.02,15.8,20.8,66.5
Ceddanne Rafaela,CF,T,934.0,6.92,134.97109826589596,3.963811563169165,-1.33,-1.44,5.2,45.4,77.7,,,,,,,,,,,,,,,,,,,,,,,23.5,2.61,-1.85,-1.66,0.0,0.0,60.61,85.71,9.0,4.0,0.0,-0.51,-1.0,9.2,42.2,83.2
Jose Ramirez,3B,T,930.5,7.69,121.00130039011702,3.735497044599678,-0.18,0.48,4.3,29.0,77.4,50.5,12.62,0.38,0.41,8.33,1.0,18.18,66.67,4.0,4.5,4.0,71.0,7.89,0.19,0.24,6.9,2.0,26.87,75.0,9.0,4.33,4.0,171.0,7.43,-0.31,0.21,2.53,2.0,29.67,77.27,23.0,4.17,10.0,-0.34,-0.28,7.0,29.0,73.9
Brayan Rocchio,SS,T,930.5,6.24,149.11858974358975,3.4536270822138633,-0.91,-0.3,3.0,33.3,74.4,32.0,10.67,,,0.0,0.0,20.0,,3.0,3.67,2.0,81.5,9.06,-1.49,-1.22,0.0,0.0,30.14,40.0,9.0,3.33,6.0,188.0,8.17,-1.4,-1.25,1.59,1.0,36.42,54.55,23.0,3.43,14.0,-0.87,-0.26,3.3,31.1,77.0
Mauricio Dubon,LF,FA,928.0,6.23,148.95666131621186,3.7124892241379315,-0.51,0.08,3.9,37.6,84.3,11.5,2.88,0.42,-0.96,22.22,2.0,44.44,66.67,4.0,4.25,1.0,75.5,6.86,-0.04,-0.0,6.25,2.0,35.56,81.82,11.0,3.73,3.0,138.0,5.52,-0.74,-0.61,3.66,3.0,41.27,77.78,25.0,3.8,7.0,-1.47,-0.7,1.2,35.2,77.3
Juan Soto,RF,T,925.0,8.73,105.95647193585337,3.558064864864865,1.78,1.19,13.7,20.9,74.6,46.5,9.3,1.29,0.88,16.67,2.0,19.23,85.71,5.0,4.2,1.0,83.5,7.59,0.67,0.55,9.68,3.0,28.4,85.71,11.0,4.27,4.0,180.0,8.18,0.79,0.38,11.76,8.0,26.54,76.0,22.0,4.05,13.0,2.13,0.97,18.2,16.0,71.0
Josh Naylor,1B,T,925.0,6.29,147.05882352941177,3.9032,-0.74,-0.42,4.6,38.3,79.7,6.5,1.62,0.46,-0.32,16.67,2.0,50.0,100.0,4.0,4.0,0.0,71.0,6.45,0.13,0.06,7.69,3.0,40.3,90.91,11.0,4.18,4.0,124.0,5.17,-0.56,-0.5,4.76,4.0,44.89,86.36,24.0,4.12,9.0,-0.61,-0.62,6.7,37.1,80.8
Carter Jensen,C,T,917.5,6.33,144.94470774091627,3.497885558583106,1.21,0.79,11.8,24.0,74.3,25.5,6.38,-0.61,-0.18,0.0,0.0,25.81,60.0,4.0,4.0,3.0,74.0,8.22,0.81,-0.05,15.79,3.0,28.36,69.23,9.0,3.89,6.0,246.5,10.72,1.91,0.85,19.3,11.0,19.8,75.76,23.0,3.74,19.0,2.33,0.7,20.8,24.5,79.2
Luke Keaschall,2B,T,917.5,6.2,147.98387096774192,3.4530790190735696,-0.12,0.83,3.2,22.8,73.1,29.0,5.8,0.36,1.24,0.0,0.0,20.0,100.0,5.0,4.2,2.0,73.5,6.68,-0.0,0.87,0.0,0.0,21.18,83.33,11.0,4.0,6.0,184.0,7.36,-0.13,0.68,1.22,1.0,24.4,79.41,25.0,3.84,17.0,0.0,0.62,5.2,20.0,72.3
Xavier Edwards,2B,T,913.0,6.43,141.99066874027994,3.648127053669222,-0.14,0.8,3.2,24.4,74.9,1.5,0.75,-0.22,0.39,0.0,0.0,36.36,100.0,2.0,3.5,0.0,23.0,4.6,0.1,1.01,0.0,0.0,29.41,100.0,5.0,3.6,2.0,44.5,4.45,-0.18,0.78,0.0,0.0,26.0,84.62,10.0,3.6,2.0,-0.33,1.08,0.8,26.9,86.8
Jac Caglianone,RF,T,908.5,6.54,138.914373088685,3.5273527793065496,0.58,-0.52,13.4,39.2,79.7,38.5,9.62,-0.22,0.39,0.0,0.0,36.36,100.0,4.0,3.25,4.0,32.5,4.06,-0.35,0.38,0.0,0.0,40.38,100.0,8.0,2.62,4.0,126.0,7.0,-0.32,-0.21,5.13,2.0,42.97,90.0,18.0,3.39,11.0,-0.91,-2.22,12.0,38.5,64.3
Ian Happ,LF,T,907.0,6.01,150.91514143094844,3.472149944873208,1.02,0.6,11.4,23.7,71.8,32.0,8.0,1.73,1.53,16.67,1.0,14.29,100.0,4.0,3.75,3.0,56.5,5.65,1.95,2.16,11.11,2.0,9.23,100.0,10.0,2.7,5.0,117.0,5.09,1.13,0.86,11.9,5.0,19.77,76.0,23.0,2.87,11.0,1.35,1.5,10.4,20.8,83.5
JJ Wetherholt,SS,T,907.0,6.72,134.9702380952381,3.830474090407938,0.8,1.21,7.4,21.2,75.3,10.5,2.62,-0.37,0.17,0.0,0.0,31.58,83.33,4.0,3.25,0.0,9.5,1.9,-0.35,0.38,0.0,0.0,33.33,88.89,5.0,3.2,0.0,16.5,1.83,0.24,0.66,4.76,1.0,25.0,80.0,9.0,3.33,1.0,,,,,
Jung Hoo Lee,CF,T,906.0,6.34,142.90220820189273,3.7718101545253866,-1.2,-0.56,2.3,31.1,68.6,29.0,9.67,-0.31,0.26,0.0,0.0,32.14,87.5,3.0,3.33,1.0,39.0,4.33,-0.03,0.83,0.0,0.0,23.94,86.67,9.0,3.78,2.0,134.0,5.83,-0.13,0.65,1.37,1.0,26.01,81.48,23.0,3.52,7.0,-0.47,0.25,3.7,22.5,71.3
Christian Walker,1B,T,904.0,5.99,150.91819699499166,3.631106194690265,0.53,0.4,9.1,31.7,80.1,24.0,6.0,0.69,0.26,14.29,1.0,31.25,85.71,4.0,4.0,1.0,25.5,2.55,0.61,-0.05,13.64,3.0,38.16,84.62,10.0,3.6,2.0,96.0,3.84,0.71,0.65,9.23,6.0,31.75,91.3,25.0,3.6,5.0,1.19,0.72,12.9,28.1,84.2
Jazz Chisholm Jr.,2B,T,899.0,6.66,134.98498498498498,3.4151946607341492,0.55,0.61,8.4,28.9,78.7,3.5,3.5,,,,,,,,,,3.5,3.5,,,,,,,,,,108.5,7.75,-0.38,-0.02,3.33,1.0,27.84,68.75,14.0,2.93,8.0,1.4,0.57,15.0,26.6,80.5
Mookie Betts,SS,T,890.5,7.55,117.94701986754967,3.86614261650758,0.83,1.13,7.9,20.0,72.8,77.0,19.25,1.29,0.89,16.67,2.0,0.0,50.0,4.0,4.0,5.0,124.0,12.4,0.65,0.21,12.12,4.0,17.86,60.0,10.0,3.9,8.0,282.5,11.77,0.42,0.18,9.64,8.0,20.61,61.29,24.0,4.0,19.0,0.12,0.73,5.5,21.6,75.7
Xander Bogaerts,SS,FA,883.0,5.93,148.90387858347387,3.404881087202718,0.52,1.19,5.7,22.8,77.1,51.5,12.88,1.18,1.29,11.11,1.0,19.05,100.0,4.0,3.75,5.0,96.0,9.6,0.2,0.66,3.85,1.0,23.94,81.82,10.0,3.8,11.0,168.5,7.02,0.21,0.86,3.23,2.0,22.88,81.25,24.0,3.46,15.0,-0.51,-0.51,6.9,23.6,64.1
Colson Montgomery,SS,T,875.5,5.92,147.88851351351352,3.6919703026841804,0.99,0.32,12.4,32.4,80.1,23.0,5.75,-0.89,-0.6,0.0,0.0,28.57,50.0,4.0,3.75,3.0,34.0,3.09,0.19,0.13,7.69,1.0,26.53,71.43,11.0,3.0,4.0,132.5,5.52,1.11,0.69,12.82,5.0,28.57,86.67,24.0,3.42,13.0,0.94,-0.0,14.5,30.5,79.1
Nick Gonzales,2B,T,874.0,6.07,143.98682042833607,3.729508009153318,-0.21,0.75,3.0,31.3,83.4,6.5,1.62,-0.71,-0.32,0.0,0.0,43.33,87.5,4.0,3.75,2.0,30.0,3.33,0.08,0.39,4.55,1.0,31.67,86.67,9.0,3.22,3.0,76.5,3.82,0.07,0.33,5.26,3.0,28.66,78.57,20.0,3.45,4.0,-0.07,0.67,4.5,31.6,88.3
Cole Young,2B,T,871.0,5.62,154.98220640569394,3.6004133180252587,-0.89,-0.74,5.0,30.8,66.2,11.5,3.83,-1.37,-1.29,0.0,0.0,28.57,25.0,3.0,3.33,0.0,54.5,5.45,-0.37,-0.58,7.14,2.0,31.67,60.0,10.0,3.5,2.0,107.5,4.67,-0.67,-1.21,8.2,5.0,30.19,45.0,23.0,3.39,9.0,-0.15,0.31,5.6,23.5,73.4
Brandon Nimmo,LF,T,869.0,5.79,150.08635578583764,3.7978135788262373,0.83,0.8,9.3,29.1,81.1,9.5,2.38,-1.11,-0.91,0.0,0.0,40.0,60.0,4.0,3.75,3.0,42.0,4.2,-0.65,-0.04,0.0,0.0,34.94,80.0,10.0,3.8,6.0,136.0,5.67,-0.21,0.24,3.23,2.0,30.85,80.0,24.0,3.88,10.0,0.38,0.41,8.8,24.4,75.7
Javier Sanoja,3B,T,868.5,6.25,138.96,3.137593552101324,-1.62,-1.3,2.8,39.6,71.6,43.5,10.88,0.3,0.13,10.0,1.0,41.38,100.0,4.0,4.0,1.0,121.0,12.1,-0.24,-0.69,9.38,3.0,48.48,83.33,10.0,4.0,7.0,257.0,10.28,-0.67,-0.63,4.55,4.0,42.44,79.17,25.0,4.0,16.0,-1.18,-0.4,1.8,30.7,74.8
Jakob Marsee,CF,T,868.0,5.75,150.95652173913044,3.3055875576036864,0.32,1.37,3.7,22.0,78.1,27.5,6.88,0.14,0.92,0.0,0.0,8.33,66.67,4.0,3.25,4.0,87.5,8.75,-0.47,-0.35,4.35,1.0,30.43,64.29,10.0,3.3,9.0,197.5,8.23,0.53,1.1,4.69,3.0,19.87,81.82,24.0,3.42,17.0,0.37,0.54,8.1,19.9,71.2
Munetaka Murakami,1B,T,867.0,7.11,121.94092827004219,3.5262975778546712,2.29,0.81,18.5,22.3,72.3,62.5,12.5,0.97,0.66,14.29,1.0,22.22,83.33,5.0,3.4,4.0,74.0,6.17,0.28,0.4,6.67,1.0,22.64,72.73,12.0,3.08,5.0,128.5,4.94,0.89,0.76,10.26,4.0,22.61,78.38,26.0,3.38,11.0,,,,,
Dansby Swanson,SS,T,863.0,7.07,122.06506364922205,3.3588644264194674,1.04,1.55,7.5,26.3,85.7,20.0,6.67,0.24,1.05,0.0,0.0,23.53,100.0,3.0,4.0,3.0,20.0,6.67,,,0.0,0.0,23.53,100.0,3.0,4.0,3.0,20.0,6.67,,,0.0,0.0,23.53,100.0,3.0,4.0,3.0,1.12,0.88,11.7,25.2,82.2
Sam Antonacci,2B,T,863.0,6.39,135.0547730829421,3.4060254924681344,0.39,1.17,5.0,21.8,75.6,25.5,8.5,-0.07,0.61,0.0,0.0,14.29,66.67,3.0,3.0,1.0,61.5,6.15,-0.09,0.28,3.57,1.0,26.19,75.0,10.0,2.9,4.0,164.5,6.85,-0.1,0.46,2.86,2.0,22.98,71.88,24.0,3.29,12.0,,,,,
Dominic Canzone,RF,FA,862.0,6.11,141.08019639934534,3.2038515081206493,0.03,-1.04,12.1,34.7,68.0,35.5,8.88,0.08,-0.31,11.11,1.0,36.36,75.0,4.0,3.25,2.0,95.0,8.64,0.4,-0.25,12.9,4.0,32.31,70.0,11.0,3.82,7.0,190.5,7.94,0.01,-0.88,12.5,9.0,36.46,63.33,24.0,4.0,11.0,0.21,-1.09,14.5,36.8,75.0
Oneil Cruz,CF,T,855.0,9.1,93.95604395604396,3.7996491228070175,0.77,-0.86,16.0,30.1,64.0,49.5,9.9,-0.16,-0.31,7.69,1.0,23.08,50.0,5.0,4.0,5.0,97.0,8.82,0.43,0.03,11.11,3.0,21.05,60.0,11.0,3.73,7.0,213.5,8.9,0.58,0.06,11.86,7.0,24.68,65.38,24.0,3.75,14.0,0.94,-0.75,18.0,28.2,67.4
Spencer Torkelson,1B,T,850.0,5.48,155.10948905109487,3.313788235294118,1.6,1.29,12.1,21.7,76.8,36.5,6.08,0.27,-0.04,11.11,1.0,17.86,50.0,6.0,2.5,1.0,115.0,9.58,0.74,0.67,9.52,2.0,15.6,69.23,12.0,2.75,7.0,155.0,6.2,0.93,1.0,9.09,4.0,19.7,79.17,25.0,2.84,10.0,1.33,0.8,13.5,22.4,77.5
Steven Kwan,LF,T,848.5,5.77,147.05372616984403,3.5429228049499115,-1.0,0.17,0.4,20.0,62.2,24.0,6.0,0.77,1.83,0.0,0.0,8.57,100.0,4.0,4.0,1.0,81.5,8.15,0.27,1.25,0.0,0.0,14.44,83.33,10.0,3.7,5.0,170.5,6.82,0.05,0.95,1.18,1.0,20.0,78.38,25.0,3.96,16.0,-0.89,0.0,1.9,22.7,68.8
Vladimir Guerrero Jr.,1B,T,846.0,6.0,141.0,3.75177304964539,0.14,0.32,7.0,30.3,77.3,8.5,2.83,,,0.0,0.0,41.67,,3.0,3.0,0.0,51.5,5.72,-0.21,-0.98,12.0,3.0,35.9,55.56,9.0,3.56,3.0,138.5,5.77,0.09,-0.01,7.69,6.0,28.06,69.57,24.0,3.75,9.0,0.87,0.4,12.2,21.5,71.7
Jarren Duran,LF,T,840.0,5.75,146.08695652173913,3.6827380952380953,-0.2,-0.74,9.4,34.6,71.2,13.5,3.38,0.01,0.72,0.0,0.0,30.0,100.0,4.0,2.0,0.0,17.0,1.89,-0.06,0.79,0.0,0.0,33.33,100.0,9.0,2.22,0.0,90.5,3.93,1.02,1.08,9.43,5.0,30.99,100.0,23.0,3.04,6.0,-0.42,-0.98,9.7,31.1,68.7
Ty France,1B,T,838.5,6.55,128.01526717557252,3.265235539654144,0.55,0.34,9.5,34.1,82.6,48.5,9.7,-0.24,-0.32,6.67,1.0,50.0,100.0,5.0,4.0,3.0,72.5,9.06,-0.02,-0.16,7.69,2.0,50.0,100.0,8.0,4.12,4.0,177.0,8.05,0.01,-0.13,7.69,5.0,41.54,89.47,22.0,3.73,12.0,-0.11,-0.09,7.7,31.3,79.2
Brandon Marsh,CF,T,834.5,5.56,150.08992805755398,3.4046255242660273,0.25,0.27,7.9,36.4,84.8,31.0,6.2,-0.45,0.05,0.0,0.0,25.0,66.67,5.0,2.8,3.0,29.0,2.9,-1.18,-0.78,0.0,0.0,39.53,66.67,10.0,2.7,4.0,56.5,2.35,-0.02,0.64,2.44,1.0,30.1,88.24,24.0,2.46,5.0,0.15,0.15,8.4,29.1,79.0
Garrett Mitchell,CF,FA,827.5,5.91,140.01692047377327,3.142477341389728,1.5,1.17,12.0,22.6,76.7,11.0,2.2,0.51,-0.01,14.29,1.0,17.24,50.0,5.0,3.2,2.0,91.0,10.11,0.4,-0.62,15.79,3.0,21.43,42.86,9.0,3.33,7.0,141.0,6.41,0.59,0.62,8.33,4.0,23.19,76.0,22.0,3.36,16.0,0.51,1.06,6.7,23.8,82.4
Ronald Acuna Jr.,RF,T,822.5,7.91,103.98230088495575,3.7794893617021277,1.48,0.93,12.9,28.5,81.7,52.0,13.0,1.59,0.76,22.22,2.0,18.52,80.0,4.0,3.0,2.0,109.5,9.95,0.94,0.22,15.15,5.0,30.43,80.0,11.0,3.82,7.0,252.0,10.08,0.75,-0.06,14.29,11.0,32.08,75.0,25.0,3.84,16.0,1.88,1.14,15.7,23.2,82.5
Nick Kurtz,1B,T,814.5,8.23,98.96719319562575,3.5567341927562923,2.22,0.83,18.0,23.3,73.8,,,,,,,,,,,,,,,,,,,,,,,,,,,,,,,,,,1.97,0.67,18.5,22.4,76.0
Travis Bazzana,2B,T,812.5,6.83,118.96046852122987,3.589427692307692,0.17,0.81,5.1,25.9,77.0,12.5,3.12,0.14,-0.23,11.11,1.0,21.43,50.0,4.0,3.5,1.0,94.5,9.45,0.75,0.99,7.14,2.0,19.05,83.33,10.0,3.6,7.0,193.0,8.77,0.56,0.81,6.78,4.0,24.83,83.33,22.0,3.27,13.0,,,,,
Ernie Clement,3B,FA,800.5,5.23,153.05927342256214,3.7436477201748906,-1.45,-0.88,2.1,44.7,82.9,1.0,0.25,-0.72,-1.19,8.33,1.0,40.0,50.0,4.0,3.25,0.0,26.5,2.65,-0.81,-0.67,3.12,1.0,37.5,66.67,10.0,3.1,2.0,74.5,2.98,-1.18,-0.88,1.28,1.0,44.3,76.47,25.0,3.32,6.0,-1.47,-0.96,2.4,36.4,76.0
Ildemaro Vargas,2B,FA,792.0,5.78,137.0242214532872,3.24760101010101,-1.57,-1.33,3.2,39.6,71.3,19.0,4.75,,,0.0,0.0,25.0,66.67,4.0,2.25,3.0,35.0,5.0,0.57,0.67,7.69,1.0,19.35,75.0,7.0,2.71,5.0,72.5,3.45,-0.61,-0.1,1.69,1.0,38.98,85.71,21.0,3.38,10.0,-2.32,-2.55,3.9,37.4,59.0
JJ Bleday,CF,T,791.5,6.18,128.07443365695792,3.482349968414403,1.12,1.14,9.7,23.0,76.9,30.0,7.5,0.36,-0.05,12.5,1.0,26.92,66.67,4.0,3.5,3.0,48.5,4.85,-0.07,0.2,4.35,1.0,20.29,63.64,10.0,3.4,5.0,102.5,4.27,0.16,0.23,6.78,4.0,24.72,69.57,24.0,3.42,10.0,0.12,0.23,7.8,24.9,74.3
Tristan Peters,LF,FA,791.5,5.24,151.04961832061068,2.7739229311433986,0.22,0.77,5.6,32.8,85.6,2.0,0.5,,,,0.0,40.0,,4.0,0.5,1.0,19.5,1.77,-0.34,0.39,0.0,0.0,40.24,100.0,11.0,2.18,4.0,135.0,5.4,0.2,0.47,5.66,3.0,30.63,85.0,25.0,2.76,13.0,,,,,
Trent Grisham,CF,T,788.5,6.52,120.93558282208589,3.4563855421686744,1.1,1.13,9.6,19.2,71.8,,,,,,,,,,,,,,,,,,,,,,,25.5,2.32,-0.43,-0.2,4.0,1.0,22.47,55.56,11.0,3.09,4.0,1.48,0.87,14.2,17.3,71.6
George Springer,RF,T,786.0,6.39,123.00469483568075,3.666526717557252,0.82,1.47,6.4,25.3,83.5,5.0,1.25,-1.49,-1.46,0.0,0.0,36.36,33.33,4.0,3.25,0.0,66.5,6.65,-0.57,0.08,0.0,0.0,26.58,70.0,10.0,3.7,4.0,167.5,7.28,0.2,0.39,6.15,4.0,29.22,80.77,23.0,3.48,11.0,2.41,1.82,16.2,20.5,86.7
Jeremy Pena,SS,T,784.0,7.33,106.95770804911324,3.945484693877551,-0.71,-0.94,7.0,39.0,74.8,33.5,6.7,-0.19,-1.43,18.18,2.0,50.0,60.0,5.0,4.4,4.0,72.0,6.55,-0.57,-1.56,12.5,3.0,45.98,55.56,11.0,3.91,7.0,158.5,6.1,-0.33,-1.28,11.94,8.0,45.0,68.18,26.0,4.08,16.0,-0.28,-0.44,8.2,35.5,80.7
Salvador Perez,C,FA,781.5,5.32,146.8984962406015,3.8053486884197056,-0.58,-1.45,10.0,44.9,76.9,10.5,2.1,-0.02,-0.61,12.5,1.0,42.11,75.0,5.0,3.0,0.0,23.5,2.35,-1.5,-1.79,4.35,1.0,46.55,50.0,10.0,3.2,0.0,134.0,5.36,-0.46,-1.3,10.81,8.0,40.87,60.87,25.0,3.76,2.0,-0.15,-1.69,14.8,42.2,75.3
Lawrence Butler,RF,T,779.0,5.23,148.94837476099426,3.0077535301668807,0.62,0.72,8.3,24.8,74.6,46.5,9.3,-0.2,-0.72,11.11,1.0,30.95,50.0,5.0,3.4,6.0,106.5,10.65,1.58,0.82,17.39,4.0,22.89,84.62,10.0,3.7,9.0,203.5,8.14,0.78,0.35,11.86,7.0,24.78,72.41,25.0,3.72,13.0,0.57,0.59,9.2,26.1,80.1
Heriberto Hernandez,LF,T,776.5,6.21,125.0402576489533,3.3989053444945267,1.97,1.68,12.8,23.9,84.0,16.5,4.12,0.28,1.12,0.0,0.0,22.22,100.0,4.0,4.25,2.0,37.5,3.75,-0.03,0.83,0.0,0.0,21.88,83.33,10.0,4.4,3.0,170.5,6.82,1.39,1.26,11.76,8.0,20.58,86.67,25.0,4.08,13.0,1.21,1.16,11.0,21.5,80.5
Austin Riley,3B,T,774.5,5.03,153.97614314115307,3.539509360877986,0.93,0.3,12.1,32.4,79.9,4.0,1.33,,,20.0,1.0,53.85,,3.0,4.0,1.0,41.0,4.1,1.01,0.99,10.0,2.0,29.76,100.0,10.0,3.6,5.0,96.5,4.02,0.9,0.51,12.0,6.0,32.28,88.89,24.0,3.42,8.0,1.45,0.61,15.2,27.9,82.7
Ryan OHearn,1B,T,757.0,7.21,104.99306518723995,3.676433289299868,-0.73,-0.93,6.8,31.8,65.5,14.0,3.5,-0.28,0.31,0.0,0.0,37.93,100.0,4.0,3.5,1.0,42.5,4.72,-0.64,-0.03,0.0,0.0,33.33,77.78,9.0,3.44,2.0,42.5,4.72,-0.74,-0.04,0.0,0.0,33.33,77.78,9.0,3.44,2.0,0.26,0.48,7.6,26.9,79.9
Vinnie Pasquantino,1B,T,756.0,6.94,108.93371757925071,3.6444179894179896,0.48,0.34,9.1,30.2,77.4,89.0,22.25,1.84,0.83,25.0,2.0,27.78,100.0,4.0,3.5,6.0,110.5,12.28,2.2,0.69,25.0,5.0,34.92,100.0,9.0,3.44,7.0,216.5,9.41,1.57,1.03,14.93,10.0,27.42,92.86,23.0,3.61,11.0,0.28,-0.17,10.8,30.4,77.0
Tyler Soderstrom,LF,T,755.0,6.93,108.94660894660895,3.6348079470198673,1.16,1.25,9.5,25.9,81.9,,,,,,,,,,,,,,,,,,,,,,,,,,,,,,,,,,0.73,0.36,11.4,28.9,81.1
Zack Gelof,2B,T,753.0,7.1,106.05633802816902,3.5169986719787514,1.2,1.13,10.3,24.9,79.2,58.5,11.7,1.39,0.54,21.43,3.0,33.33,100.0,5.0,4.0,3.0,85.5,8.55,1.46,0.59,17.86,5.0,27.59,85.71,10.0,3.8,6.0,209.5,8.38,1.5,0.81,15.71,11.0,24.48,82.61,25.0,3.84,18.0,0.94,0.43,12.5,26.4,78.6
Jacob Young,CF,FA,749.0,5.47,136.92870201096892,2.986955941255007,-0.57,-0.41,5.6,27.5,65.6,26.0,6.5,0.15,0.93,0.0,0.0,12.5,75.0,4.0,2.0,3.0,47.5,5.94,-0.81,-0.26,0.0,0.0,33.33,71.43,8.0,2.5,5.0,110.0,5.24,-0.45,0.39,0.0,0.0,28.69,80.0,21.0,2.48,9.0,-0.83,0.1,1.9,23.9,71.5
Teoscar Hernandez,RF,T,746.5,6.22,120.01607717041801,3.5078633623576687,0.55,0.11,10.5,30.3,75.0,25.5,5.1,-1.32,-1.22,0.0,0.0,45.95,60.0,5.0,4.4,4.0,69.5,6.95,-1.12,-1.78,8.33,2.0,37.66,36.36,10.0,3.9,7.0,227.5,9.48,0.77,-0.36,16.39,10.0,33.49,70.37,24.0,3.71,14.0,0.46,-0.07,11.5,30.1,77.8
Shea Langeliers,C,T,744.5,7.37,101.01763907734056,3.9597044996642046,1.1,0.1,14.0,33.4,79.0,19.0,4.75,-0.6,-0.17,0.0,0.0,47.06,100.0,4.0,4.25,2.0,48.0,6.0,-1.61,-1.38,0.0,0.0,50.0,66.67,8.0,3.62,2.0,48.0,6.0,-1.88,-1.71,0.0,0.0,50.0,66.67,8.0,3.62,2.0,0.12,-0.52,11.3,32.1,75.3
Kyle Stowers,LF,T,743.5,6.25,118.96,3.6819098856758576,1.03,0.37,12.4,34.1,82.9,34.0,8.5,-0.48,-1.02,10.0,1.0,50.0,75.0,4.0,4.0,3.0,53.5,5.35,0.43,-0.03,11.54,3.0,41.18,90.0,10.0,4.0,5.0,142.5,5.94,1.17,0.03,17.65,9.0,39.25,89.29,24.0,3.62,12.0,2.23,0.92,19.1,27.9,86.2
Andrew Benintendi,LF,FA,743.0,5.42,137.08487084870848,2.9835531628532976,0.36,0.3,8.5,33.7,81.6,5.5,1.38,,,0.0,0.0,50.0,,4.0,2.0,0.0,21.5,2.39,-0.39,0.32,0.0,0.0,41.51,100.0,9.0,2.44,2.0,90.0,4.29,0.58,0.45,9.3,4.0,39.69,100.0,21.0,2.76,9.0,0.76,0.47,11.1,29.0,82.5
Willi Castro,2B,FA,740.5,6.17,120.0162074554295,3.5578528021607023,0.2,0.17,8.0,37.7,85.4,,,,,,,,,,,,,,,,,,,,,,,31.0,4.43,-0.5,0.32,0.0,0.0,41.56,100.0,7.0,3.57,3.0,-0.13,0.15,6.5,31.8,82.6
Cam Smith,RF,T,740.0,4.87,151.95071868583162,3.218148648648649,0.91,0.51,11.1,29.8,78.8,2.0,0.5,-0.52,-0.05,0.0,0.0,44.83,100.0,4.0,4.0,0.0,18.0,1.8,0.48,0.85,5.26,1.0,32.14,100.0,10.0,3.6,1.0,87.5,3.65,0.47,0.42,8.51,4.0,31.64,85.71,24.0,3.17,7.0,-0.28,-0.17,6.9,29.6,76.0
Wyatt Langford,LF,T,740.0,7.05,104.9645390070922,3.7060135135135135,0.73,0.99,7.9,26.2,79.4,57.5,11.5,2.58,1.91,25.0,2.0,7.02,100.0,5.0,2.4,5.0,86.5,7.86,2.54,0.81,27.78,5.0,19.17,78.57,11.0,3.0,7.0,169.0,6.76,0.69,0.34,11.11,6.0,22.74,68.75,25.0,3.2,17.0,1.26,0.58,14.0,23.4,76.4
Jose Altuve,2B,T,738.0,5.68,129.92957746478874,3.8328455284552843,-1.47,-1.44,4.3,36.8,66.4,31.5,6.3,-0.28,0.31,0.0,0.0,37.93,100.0,5.0,4.2,2.0,54.0,4.91,-0.09,0.37,2.86,1.0,34.72,90.91,11.0,4.0,3.0,126.5,5.06,-0.8,-0.51,2.5,2.0,40.8,79.17,25.0,3.96,11.0,-1.69,-2.12,6.2,38.9,66.0
Jose Caballero,SS,FA,736.0,5.53,133.09222423146474,2.997921195652174,-0.92,-0.63,4.3,36.8,75.4,15.5,3.88,-0.26,0.33,0.0,0.0,37.5,100.0,4.0,2.25,0.0,54.5,6.06,0.04,-0.01,7.14,1.0,47.27,100.0,9.0,2.22,4.0,109.5,4.56,-0.33,-0.09,4.26,2.0,40.69,88.89,24.0,2.58,10.0,-0.6,-0.43,5.9,28.4,71.4
Jeff McNeil,2B,FA,735.0,5.29,138.9413988657845,3.2963537414965987,-0.19,1.07,1.7,35.8,92.9,11.0,2.2,0.08,0.82,0.0,0.0,28.0,100.0,5.0,3.0,0.0,41.0,4.1,-0.42,0.29,0.0,0.0,42.11,100.0,10.0,3.4,4.0,151.5,6.31,-0.57,0.02,1.27,1.0,43.31,95.83,24.0,3.88,12.0,0.38,1.21,5.1,26.8,88.1
Christian Yelich,DH,T,731.5,6.42,113.94080996884735,3.7475598086124404,1.01,1.08,9.3,24.4,78.0,5.5,1.83,0.28,1.12,0.0,0.0,22.22,100.0,3.0,4.0,1.0,32.5,4.06,-0.59,0.04,0.0,0.0,22.39,62.5,8.0,4.0,5.0,140.0,6.09,0.44,0.85,5.45,3.0,24.24,83.33,23.0,3.48,13.0,0.45,0.19,10.3,25.7,74.9
Coby Mayo,1B,T,726.0,5.67,128.04232804232805,3.1005371900826444,0.38,-0.85,13.5,31.6,66.1,19.5,4.88,1.7,0.4,27.27,3.0,22.73,75.0,4.0,3.5,1.0,70.5,7.05,1.13,0.28,16.67,5.0,23.91,71.43,10.0,3.9,4.0,210.5,8.77,0.92,-0.23,16.92,11.0,29.44,66.67,24.0,3.58,16.0,0.28,-0.03,10.1,27.9,75.3
Bryce Eldridge,1B,T,718.0,6.71,107.00447093889717,3.607325905292479,1.09,0.68,11.5,24.6,73.8,,,,,,,,,,,,48.0,8.0,1.08,0.76,12.5,2.0,20.97,80.0,6.0,4.0,2.0,200.5,10.02,0.82,0.5,11.32,6.0,23.53,73.68,20.0,3.8,9.0,,,,,
Nasim Nunez,SS,FA,717.5,5.02,142.92828685258965,2.945533101045296,-0.09,1.42,0.9,26.1,84.0,13.5,2.7,0.39,1.28,0.0,0.0,19.23,100.0,5.0,2.4,1.0,18.0,2.25,0.5,1.58,0.0,0.0,19.44,100.0,8.0,1.88,1.0,51.0,2.43,0.29,0.59,5.71,2.0,34.12,93.75,21.0,2.14,5.0,0.07,0.84,4.7,21.6,76.9
Andres Gimenez,2B,FA,715.0,4.97,143.8631790744467,3.1835804195804194,-1.51,-1.24,3.2,43.9,77.9,11.0,3.67,-0.71,-0.32,0.0,0.0,50.0,100.0,3.0,3.33,1.0,32.0,4.0,-1.34,-1.0,0.0,0.0,55.56,85.71,8.0,3.62,1.0,97.5,4.64,-0.88,-0.76,3.39,2.0,44.09,78.95,21.0,3.33,3.0,-1.33,-0.89,3.0,34.9,74.8
Byron Buxton,CF,T,712.0,7.66,92.95039164490862,3.9806179775280897,1.31,-0.03,15.9,34.4,78.9,,,,,,,,,,,,,,,,,,,,,,,-3.0,-3.0,,,,0.0,50.0,100.0,1.0,3.0,0.0,1.89,0.72,17.7,29.4,86.0
Joc Pederson,DH,FA,712.0,5.24,135.87786259541986,2.7524719101123596,0.3,-0.45,11.3,30.1,68.5,,,,,,,,,,,,26.5,8.83,,,12.5,1.0,40.0,100.0,3.0,3.33,1.0,81.0,5.06,0.18,-0.98,14.81,4.0,34.25,57.14,16.0,2.31,6.0,0.21,-0.0,9.5,26.8,74.2
Kyle Karros,3B,T,710.0,5.63,126.1101243339254,3.076676056338028,0.71,0.85,8.4,24.6,75.7,7.0,1.75,-0.43,0.07,0.0,0.0,29.03,75.0,4.0,3.75,0.0,53.5,5.35,0.4,0.04,10.71,3.0,23.17,63.64,10.0,3.9,3.0,57.5,4.79,0.56,-0.0,12.12,4.0,26.32,66.67,12.0,3.83,3.0,-0.54,0.74,1.0,23.9,78.8
Royce Lewis,3B,T,709.0,5.86,120.98976109215016,3.669732016925247,0.78,0.38,10.8,33.1,81.7,2.5,0.5,-0.01,0.69,0.0,0.0,30.56,100.0,5.0,4.4,0.0,29.5,2.95,0.17,0.61,3.85,1.0,28.38,87.5,10.0,3.9,1.0,96.5,4.02,0.38,0.41,7.69,5.0,35.53,92.0,24.0,3.79,4.0,0.34,0.37,8.7,31.3,84.5
Taylor Ward,LF,FA,707.0,5.01,141.11776447105788,3.5077086280056577,0.22,0.86,5.2,14.9,63.1,0.0,0.0,,,,,,,,,,3.0,0.5,,,0.0,0.0,4.35,50.0,6.0,1.33,0.0,22.5,1.32,-0.78,-0.1,0.0,0.0,20.43,54.55,17.0,2.35,2.0,0.9,0.12,13.7,20.6,67.3
Willy Adames,SS,T,707.0,5.84,121.06164383561644,3.8410183875530413,0.04,-0.28,8.9,31.6,72.4,,,,,,,,,,,,,,,,,,,,,,,,,,,,,,,,,,0.86,0.29,12.6,26.8,77.6
Eugenio Suarez,3B,T,706.0,5.83,121.09777015437393,3.435240793201133,0.93,0.35,11.9,28.3,75.0,24.5,8.17,0.03,0.75,0.0,0.0,29.41,100.0,3.0,3.67,3.0,78.0,8.67,1.76,1.28,15.79,3.0,24.62,100.0,9.0,3.33,7.0,182.5,9.12,1.72,1.05,16.28,7.0,23.73,86.96,20.0,3.4,15.0,0.67,-0.37,14.3,31.3,76.0
Casey Schmitt,2B,T,706.0,7.2,98.05555555555556,3.946742209631728,0.75,-0.02,12.3,36.5,81.7,,,,,,,,,,,,,,,,,,,,,,,,,,,,,,,,,,0.16,0.03,9.0,31.6,80.9
A.J. Ewing,CF,T,706.0,6.14,114.98371335504886,3.626600566572238,0.55,0.95,6.9,26.4,79.2,23.5,4.7,-0.21,0.41,0.0,0.0,36.0,100.0,5.0,3.6,1.0,78.0,7.09,-0.46,-0.78,7.69,2.0,28.81,50.0,11.0,3.55,5.0,191.0,7.64,-0.16,0.15,4.29,3.0,25.86,69.57,25.0,3.68,12.0,,,,,
Cedric Mullins,CF,FA,700.5,5.27,132.92220113851994,3.1672662384011416,-0.36,0.24,4.2,31.3,77.8,17.0,4.25,,,0.0,0.0,40.0,100.0,4.0,2.0,2.0,16.0,2.0,,,0.0,0.0,40.0,80.0,8.0,2.12,2.0,84.0,4.42,-0.54,-0.53,5.13,2.0,33.64,66.67,19.0,2.63,7.0,0.22,0.74,6.2,26.6,82.4
Mickey Moniak,RF,T,698.0,6.12,114.05228758169935,3.4545558739255013,0.08,-0.36,9.5,43.9,87.7,21.0,4.2,-0.87,-0.56,0.0,0.0,54.55,100.0,5.0,3.2,1.0,29.0,3.22,-0.95,-1.22,5.88,1.0,55.77,80.0,9.0,3.33,2.0,58.5,2.66,-0.89,-1.22,6.25,3.0,55.07,86.67,22.0,3.55,5.0,0.68,-0.23,13.8,38.0,86.5
Cal Raleigh,C,T,696.5,5.71,121.97898423817864,3.5497918162239768,1.43,0.4,14.8,36.1,85.9,20.0,5.0,1.03,0.17,20.0,1.0,40.62,100.0,4.0,3.5,1.0,74.5,6.77,0.73,0.19,13.04,3.0,37.96,90.91,11.0,3.82,6.0,192.0,8.0,1.52,-0.0,21.15,11.0,37.55,85.71,24.0,3.67,17.0,1.81,0.2,19.5,31.8,83.2
Angel Martinez,CF,FA,694.0,6.37,108.94819466248038,3.3685734870317003,-1.02,-1.57,7.7,42.5,72.4,53.5,17.83,-0.74,-2.08,16.67,1.0,57.14,50.0,3.0,4.0,4.0,89.0,12.71,0.07,-1.08,15.79,3.0,47.83,71.43,7.0,4.0,6.0,155.0,8.61,0.04,-0.27,8.89,4.0,35.82,76.47,18.0,3.61,13.0,-1.28,-0.92,3.5,39.8,80.9
Marcus Semien,2B,FA,689.5,5.11,134.93150684931507,3.520304568527919,0.24,0.76,5.8,27.2,78.1,17.0,4.25,-0.54,-0.08,0.0,0.0,27.59,66.67,4.0,4.0,4.0,48.0,5.33,0.03,0.91,0.0,0.0,19.12,81.25,9.0,3.89,5.0,124.0,5.17,-0.05,0.56,2.63,2.0,23.81,75.76,24.0,3.58,13.0,1.03,1.81,6.8,23.5,90.6
Masyn Winn,SS,T,686.5,5.16,133.04263565891472,3.4500218499635835,-0.87,-0.33,3.4,24.3,62.3,8.5,2.12,-0.75,-0.39,0.0,0.0,30.0,60.0,4.0,2.25,1.0,37.0,3.7,-0.91,-0.4,0.0,0.0,25.0,54.55,10.0,2.5,4.0,37.0,3.36,-0.92,-0.3,0.0,0.0,25.45,58.33,11.0,2.64,4.0,-0.63,-0.24,4.8,25.9,70.3
Trevor Larnach,DH,FA,686.0,5.62,122.06405693950178,3.1376967930029154,-0.32,-0.48,7.5,29.7,67.7,,,,,,,,,,,,22.5,11.25,,,25.0,1.0,16.67,100.0,2.0,2.0,1.0,92.5,5.78,0.54,0.48,8.82,3.0,26.67,78.57,16.0,2.75,7.0,-0.53,-0.6,7.2,27.5,68.2
Vaughn Grissom,2B,FA,681.5,5.98,113.96321070234113,3.4835803374908294,-0.3,-0.31,6.9,31.3,71.7,37.0,7.4,0.0,-0.31,10.0,1.0,23.08,50.0,5.0,3.2,2.0,72.5,6.59,-0.19,0.11,3.85,1.0,27.71,72.73,11.0,3.36,4.0,171.0,6.84,0.01,-0.27,8.57,6.0,30.0,66.67,25.0,3.64,10.0,,,,,
Francisco Lindor,SS,T,681.0,6.81,100.0,3.92,0.51,0.4,9.0,29.7,77.4,17.0,3.4,0.84,1.08,8.33,1.0,23.08,100.0,5.0,4.2,2.0,66.5,6.05,0.3,0.43,6.67,2.0,25.93,78.57,11.0,4.27,4.0,193.5,7.44,-0.1,-0.32,7.89,6.0,34.46,73.08,26.0,4.27,18.0,0.09,-0.05,8.9,26.6,73.4
Richie Palacios,LF,FA,675.0,5.62,120.1067615658363,2.7392296296296297,-0.62,-0.16,4.2,32.3,74.7,27.5,6.88,-0.28,0.3,0.0,0.0,38.1,100.0,4.0,2.25,1.0,70.0,7.78,-0.84,-0.3,0.0,0.0,34.09,71.43,9.0,2.33,3.0,159.0,7.57,0.04,0.07,6.67,3.0,35.09,83.33,21.0,2.57,10.0,0.81,1.67,5.9,20.2,84.6
Carson Kelly,C,FA,672.5,5.7,117.98245614035088,3.1191078066914497,0.34,1.02,5.3,24.7,77.7,13.5,4.5,-0.67,-0.27,0.0,0.0,13.33,33.33,3.0,3.67,1.0,50.5,5.61,-0.24,0.53,0.0,0.0,25.0,80.0,9.0,2.89,5.0,134.0,6.7,0.47,1.14,3.92,2.0,22.13,86.36,20.0,3.2,12.0,0.78,0.83,9.6,22.0,77.4
Nathan Church,CF,FA,670.5,4.89,137.11656441717793,3.0339149888143173,-1.06,-1.11,5.5,42.0,76.9,18.5,4.62,-1.42,-1.36,0.0,0.0,52.17,66.67,4.0,3.5,3.0,51.5,5.15,-0.6,-0.43,3.57,1.0,33.33,66.67,10.0,3.4,4.0,153.5,6.14,-0.44,0.0,2.6,2.0,35.23,81.82,25.0,3.52,12.0,-1.11,-0.42,2.4,36.6,82.4
Daulton Varsho,CF,T,669.5,4.78,140.06276150627613,3.455593726661688,-0.16,-0.09,6.9,36.5,80.9,10.0,3.33,0.12,-0.58,14.29,1.0,55.0,100.0,3.0,3.67,1.0,10.0,1.11,-0.24,-0.6,8.7,2.0,42.86,76.92,9.0,3.56,1.0,113.5,4.93,0.22,-0.25,10.45,7.0,36.26,77.78,23.0,3.74,7.0,1.46,0.48,15.9,30.8,85.0
Jake Mangum,LF,FA,668.5,5.22,128.06513409961687,3.2717726252804784,-1.8,-1.48,2.4,45.5,77.3,19.0,9.5,1.14,0.33,20.0,1.0,37.5,100.0,2.0,3.0,1.0,33.5,4.19,-0.14,-0.37,8.0,2.0,44.44,85.71,8.0,3.5,1.0,77.5,4.08,-0.82,-0.74,3.77,2.0,43.75,78.95,19.0,3.32,6.0,-1.5,-1.07,2.7,43.8,84.6
Michael Massey,2B,FA,665.0,5.24,126.90839694656488,3.1597593984962407,-0.86,-0.9,5.9,38.8,75.0,23.0,4.6,0.71,0.17,15.38,2.0,40.62,100.0,5.0,4.0,1.0,50.0,5.0,-0.17,-0.29,7.14,2.0,43.1,85.71,10.0,3.9,3.0,84.0,4.67,-0.03,0.14,5.56,3.0,35.59,85.71,18.0,3.78,3.0,-1.53,-1.39,4.0,37.6,72.6
Leody Taveras,CF,FA,664.5,4.85,137.01030927835052,3.0800601956358165,-0.18,0.58,3.9,32.1,82.6,8.0,2.67,-0.02,0.68,0.0,0.0,30.77,100.0,3.0,3.67,1.0,6.5,0.81,-0.18,0.63,0.0,0.0,36.11,100.0,8.0,2.62,2.0,80.5,3.5,-0.37,0.14,2.44,1.0,34.75,84.21,23.0,2.96,9.0,-0.83,-0.88,6.4,34.6,74.5
Nathaniel Lowe,1B,T,652.5,5.35,121.96261682242991,3.0419157088122604,0.27,0.09,8.8,27.7,71.4,6.5,2.17,,,0.0,0.0,30.77,,3.0,2.0,0.0,18.5,2.06,0.31,-0.14,11.11,2.0,25.58,62.5,9.0,2.22,0.0,105.0,4.57,-0.06,-0.31,8.16,4.0,26.59,60.0,23.0,2.87,5.0,0.02,0.26,7.0,24.0,73.5
Henry Bolte,RF,T,650.5,5.71,113.922942206655,3.414588777863182,1.03,1.44,7.9,28.6,87.5,26.5,5.3,-0.36,0.18,0.0,0.0,24.24,70.0,5.0,3.6,2.0,57.0,5.7,0.46,0.14,10.53,2.0,28.57,75.0,10.0,3.6,7.0,197.0,7.88,1.02,0.91,10.53,6.0,25.94,87.5,25.0,3.84,17.0,,,,,
Nolan Schanuel,1B,FA,650.5,6.08,106.99013157894737,3.6638893159108377,-1.04,-0.35,2.4,27.2,65.8,,,,,,,,,,,,,,,,,,,,,,,,,,,,,,,,,,0.06,0.86,4.5,24.0,80.4
Ryan Jeffers,C,T,649.5,7.3,88.97260273972603,3.4392609699769054,0.47,-0.03,10.6,26.1,67.9,5.5,1.38,-0.5,-0.02,0.0,0.0,30.77,75.0,4.0,3.0,0.0,3.0,0.38,-1.2,-0.81,0.0,0.0,33.9,57.14,8.0,3.5,0.0,117.0,5.57,0.15,-0.12,8.93,5.0,29.17,68.75,21.0,3.57,7.0,-1.11,-1.27,6.3,24.4,56.4
Justin Crawford,CF,T,648.5,4.5,144.11111111111111,2.831148804934464,-1.27,-0.55,1.8,38.0,77.8,21.5,5.38,-1.56,-1.57,0.0,0.0,47.37,50.0,4.0,3.0,0.0,55.0,6.11,-1.07,-1.81,9.09,2.0,42.22,42.86,9.0,2.89,2.0,97.0,4.41,-1.62,-1.98,4.26,2.0,38.98,41.67,22.0,2.59,8.0,,,,,
Adley Rutschman,C,T,636.5,6.7,95.0,3.642105263157895,-0.32,-0.36,7.0,25.3,63.2,20.0,5.0,0.41,0.17,11.11,1.0,19.23,60.0,4.0,4.0,1.0,40.0,4.44,-0.03,0.31,4.0,1.0,25.64,75.0,9.0,3.78,4.0,100.5,6.28,-0.17,-0.21,6.52,3.0,27.33,63.64,16.0,3.88,10.0,-0.37,-0.43,7.5,21.6,62.3
Troy Johnston,1B,FA,635.5,5.04,126.09126984126983,3.077136113296617,-0.85,-0.05,2.3,35.9,80.6,6.5,2.17,,,0.0,0.0,36.36,,3.0,2.33,1.0,25.5,3.64,-0.91,-0.41,0.0,0.0,40.0,77.78,7.0,3.14,2.0,68.0,4.0,-0.39,0.01,3.03,1.0,37.0,85.0,17.0,2.94,5.0,-0.22,-0.62,9.4,36.0,79.3
Josh Jung,3B,T,634.5,6.28,101.03503184713375,3.830354609929078,-0.01,0.08,7.1,29.2,73.2,34.5,6.9,1.43,0.75,20.0,2.0,29.41,100.0,5.0,3.8,3.0,65.0,7.22,1.32,0.72,15.38,4.0,34.48,100.0,9.0,4.11,6.0,65.0,7.22,1.48,0.83,15.38,4.0,34.48,100.0,9.0,4.11,6.0,-0.08,-0.17,8.3,33.2,80.8
Matt McLain,2B,FA,632.5,4.87,129.87679671457906,3.2261343873517787,0.07,-0.35,9.4,26.6,65.1,8.0,1.6,0.06,0.79,0.0,0.0,28.57,100.0,5.0,3.2,1.0,15.0,1.88,0.72,0.87,7.69,1.0,31.82,100.0,8.0,3.25,3.0,77.5,3.52,0.01,0.41,4.17,2.0,32.86,87.5,22.0,3.32,10.0,-0.2,-0.25,7.8,26.3,70.7
Curtis Mead,1B,T,631.5,7.18,87.95264623955433,3.240380047505938,0.27,-0.39,10.9,25.1,62.6,,,,,,,,,,,,,,,,,,,,,,,,,,,,,,,,,,-0.54,-0.04,4.5,27.7,75.0
Brett Baty,3B,FA,628.5,4.55,138.13186813186815,2.9319809069212406,0.73,0.47,10.1,28.9,77.2,35.0,7.0,0.76,-0.22,20.0,1.0,30.3,66.67,5.0,2.0,3.0,44.0,4.89,0.25,0.35,6.67,1.0,25.0,75.0,9.0,2.44,3.0,136.0,6.18,0.9,-0.02,15.38,6.0,25.56,65.0,22.0,2.36,7.0,1.14,0.64,12.9,24.8,78.9
Joey Ortiz,SS,T,628.5,4.8,130.9375,2.7494033412887826,-1.16,-0.92,4.1,32.7,66.7,18.0,4.5,-1.0,-0.76,0.0,0.0,40.54,66.67,4.0,3.75,4.0,64.5,7.17,-0.73,-0.74,4.55,1.0,38.81,66.67,9.0,3.44,8.0,127.5,5.54,-0.71,-0.54,3.51,2.0,38.71,75.0,23.0,3.13,11.0,-1.74,-1.5,3.0,33.4,65.8
Tyler Stephenson,C,FA,621.0,4.89,126.99386503067485,3.1418840579710143,2.14,2.05,12.3,22.3,86.0,11.5,2.3,1.06,1.24,10.0,1.0,20.0,100.0,5.0,3.6,0.0,24.0,2.18,1.49,1.26,13.04,3.0,17.86,88.89,11.0,3.09,0.0,116.5,4.85,0.99,0.71,11.54,6.0,23.16,78.12,24.0,3.25,6.0,1.45,0.77,14.5,25.2,80.9
Corey Seager,SS,T,620.5,6.4,96.953125,3.7028203062046736,2.38,1.96,14.2,28.0,92.5,13.0,2.6,-0.03,-0.07,7.14,1.0,31.71,75.0,5.0,4.2,0.0,67.5,6.14,0.24,0.44,5.88,2.0,32.98,90.0,11.0,4.18,4.0,164.5,6.58,1.28,0.88,13.16,10.0,29.68,93.1,25.0,4.0,15.0,2.12,1.59,15.3,23.0,87.4
Spencer Horwitz,1B,FA,619.5,5.63,110.03552397868562,3.3716384180790957,-0.26,-0.01,5.9,25.0,66.7,31.5,10.5,,,0.0,0.0,41.18,,3.0,3.0,3.0,36.5,5.21,-1.46,-1.17,0.0,0.0,35.71,50.0,7.0,2.57,3.0,88.5,4.42,-0.49,0.33,0.0,0.0,28.28,77.78,20.0,3.35,7.0,0.46,0.64,8.3,23.3,76.9
Cole Carrigg,CF,T,618.0,7.02,88.03418803418803,3.521359223300971,-0.16,0.21,5.6,35.6,83.1,34.5,6.9,0.56,0.68,8.33,1.0,30.77,100.0,5.0,4.0,1.0,97.5,8.12,-0.04,0.03,6.06,2.0,38.54,87.5,12.0,4.08,4.0,174.0,6.69,0.19,0.02,8.45,6.0,38.29,87.5,26.0,4.0,11.0,,,,,
Isaac Collins,LF,FA,612.0,4.34,141.01382488479263,3.0422549019607845,0.21,0.9,5.0,21.8,72.6,-3.0,-0.75,,,0.0,0.0,29.41,,4.0,2.0,0.0,27.5,3.06,-0.78,-0.22,0.0,0.0,25.42,60.0,9.0,2.0,3.0,65.5,2.85,-0.78,-0.09,0.0,0.0,24.7,61.9,23.0,2.61,6.0,0.69,1.71,4.9,18.4,82.7
Nick Loftin,LF,FA,611.0,5.22,117.04980842911878,3.101243862520458,-0.35,0.3,4.0,25.1,70.3,44.5,8.9,0.3,1.15,0.0,0.0,21.74,100.0,5.0,3.4,1.0,48.0,4.8,0.03,0.92,0.0,0.0,31.03,100.0,10.0,3.1,1.0,106.5,4.44,-0.31,0.09,3.28,2.0,29.17,73.68,24.0,3.54,7.0,0.46,1.06,6.3,24.9,83.9
Taylor Walls,SS,FA,611.0,5.01,121.9560878243513,2.927283142389525,-0.58,0.45,1.9,25.4,72.4,32.0,6.4,0.33,1.18,0.0,0.0,21.05,100.0,5.0,2.4,4.0,32.0,6.4,,,0.0,0.0,21.05,100.0,5.0,2.4,4.0,84.5,6.04,-0.45,0.39,0.0,0.0,24.39,72.73,14.0,2.86,9.0,0.01,1.07,3.2,21.2,79.0
Jared Jones,1B,FA,609.75,30.49,19.9983601180715,,,,,,,,,,,,,,,,,,,,,,,,,,,,,,,,,,,,,,,,,,,,
Dylan Crews,RF,T,601.0,5.72,105.06993006993008,3.673743760399334,0.7,0.56,9.5,32.2,82.5,45.5,9.1,0.64,0.28,13.33,2.0,38.46,100.0,5.0,4.2,3.0,55.0,5.5,0.91,0.35,13.79,4.0,33.8,88.89,10.0,3.8,4.0,152.0,6.33,0.51,0.62,7.58,5.0,32.28,91.3,24.0,3.92,10.0,0.09,-0.24,9.8,29.5,75.0
Gavin Sheets,LF,FA,601.0,4.89,122.90388548057261,2.8965723793677203,-0.78,-1.02,6.9,31.0,63.4,,,,,,,,,,,,,,,,,,,,,,,2.5,1.25,,,0.0,0.0,27.78,100.0,2.0,3.5,0.0,-0.68,-1.35,9.6,31.4,64.8
Colt Keith,DH,FA,598.0,4.27,140.04683840749416,2.7419397993311034,0.56,0.8,7.6,24.6,75.2,6.0,2.0,,,0.0,0.0,20.0,0.0,3.0,1.67,1.0,32.5,4.64,0.47,0.44,8.33,1.0,21.05,71.43,7.0,2.14,3.0,57.0,3.0,0.52,0.15,10.71,3.0,24.24,66.67,19.0,2.21,5.0,0.29,0.19,9.2,25.3,74.4
J.P. Crawford,SS,FA,597.0,5.33,112.00750469043152,3.4997654941373537,0.59,1.16,6.3,19.4,72.3,17.5,4.38,,,12.5,1.0,30.77,,4.0,3.75,2.0,78.5,7.14,0.87,0.69,10.81,4.0,24.42,83.33,11.0,4.18,8.0,142.0,5.68,0.58,1.0,5.8,4.0,17.86,76.0,25.0,3.52,12.0,0.07,0.78,4.9,21.9,76.7
Nathan Lukes,RF,FA,597.0,4.93,121.09533468559839,3.2453768844221105,-1.23,-0.68,2.6,34.1,71.2,28.5,7.12,-0.01,-0.24,9.09,1.0,21.74,50.0,4.0,2.5,3.0,48.5,4.85,-0.58,-0.46,4.0,1.0,31.15,62.5,10.0,2.8,5.0,164.0,6.56,-0.44,-0.44,5.48,4.0,33.12,67.86,25.0,3.28,14.0,-0.95,-0.7,4.8,31.5,72.4
Keibert Ruiz,C,FA,597.0,5.85,102.05128205128206,3.1552763819095477,-1.31,-1.32,4.8,38.1,69.4,5.0,1.25,,,0.0,0.0,0.0,100.0,4.0,3.0,0.0,19.5,2.44,-1.42,-1.84,5.56,1.0,53.85,60.0,8.0,2.62,1.0,72.5,4.53,-1.06,-1.27,5.0,2.0,50.0,76.92,16.0,2.88,4.0,-1.3,-0.66,2.2,35.4,78.1
Evan Carter,CF,T,596.5,4.39,135.87699316628704,2.7966471081307622,0.36,1.11,5.0,21.3,74.3,18.5,4.62,-0.78,-0.43,0.0,0.0,34.29,66.67,4.0,3.25,1.0,29.0,2.9,-0.61,0.01,0.0,0.0,30.91,75.0,10.0,2.3,2.0,75.5,3.28,-0.22,0.34,2.5,1.0,30.0,80.95,23.0,2.57,8.0,0.19,0.75,5.9,20.2,74.0
Paul Goldschmidt,1B,FA,596.0,5.79,102.93609671848014,3.264161073825503,0.55,0.16,10.3,32.4,78.3,8.5,4.25,,,0.0,0.0,38.46,100.0,2.0,2.5,2.0,17.0,3.4,,,0.0,0.0,30.0,100.0,5.0,2.2,3.0,77.5,5.96,1.14,1.11,10.34,3.0,30.51,100.0,13.0,2.54,7.0,-0.26,-0.37,8.0,27.4,70.7
Gleyber Torres,2B,T,590.0,6.15,95.93495934959348,3.6900000000000004,0.92,1.69,6.1,18.8,77.4,16.5,3.3,0.99,1.29,8.33,1.0,10.0,83.33,5.0,3.8,1.0,35.5,3.55,0.39,0.9,4.0,1.0,13.95,72.73,10.0,3.6,4.0,94.0,4.09,0.55,1.06,5.17,3.0,19.47,80.0,23.0,3.57,13.0,1.21,1.78,8.2,17.1,81.7
J.T. Realmuto,C,FA,587.5,4.98,117.97188755020079,3.3482553191489366,-0.15,0.22,5.6,30.0,75.8,3.0,0.75,-0.21,0.41,0.0,0.0,36.0,100.0,4.0,3.25,1.0,39.5,4.39,-0.43,-1.04,10.0,2.0,33.33,50.0,9.0,3.44,4.0,74.5,3.72,0.71,0.11,12.77,6.0,30.57,76.47,20.0,3.45,10.0,-0.5,-0.91,8.8,32.3,71.1
David Hamilton,2B,FA,585.5,5.0,117.1,2.775405636208369,-0.98,-0.45,3.2,29.8,68.1,18.0,4.5,-1.15,-0.97,0.0,0.0,35.71,50.0,4.0,2.25,1.0,25.5,3.19,-0.77,-0.21,0.0,0.0,37.93,80.0,8.0,2.38,3.0,89.0,4.45,-0.19,0.78,0.0,0.0,27.27,86.67,20.0,2.85,7.0,-0.76,-0.69,6.0,26.0,65.2
Ezequiel Tovar,SS,FA,578.5,4.1,141.09756097560978,3.1609334485738976,-0.34,-0.32,6.7,43.7,87.9,12.5,4.17,0.42,-0.73,20.0,1.0,40.0,66.67,3.0,2.67,2.0,48.5,5.39,0.48,0.1,11.11,2.0,29.41,75.0,9.0,2.56,8.0,79.0,3.76,-0.19,-0.07,5.41,2.0,37.82,84.62,21.0,2.57,11.0,-0.25,-0.65,9.3,41.0,85.7
Drew Gilbert,RF,FA,577.0,4.44,129.95495495495496,2.5624263431542462,-0.16,0.11,6.0,25.3,68.5,32.5,6.5,0.87,0.27,16.67,1.0,20.83,66.67,5.0,2.0,2.0,81.0,7.36,2.03,1.11,20.0,3.0,17.02,83.33,11.0,2.0,6.0,144.5,6.02,1.29,1.18,11.36,5.0,23.4,89.47,24.0,2.33,14.0,-0.73,-0.4,4.9,21.5,62.5
Spencer Steer,1B,T,574.5,5.86,98.03754266211604,3.468059181897302,0.88,0.15,12.4,26.2,70.1,,,,,,,,,,,,,,,,,,,,,,,,,,,,,,,,,,0.19,0.39,7.6,24.8,76.0
Jonny DeLuca,CF,FA,574.5,5.37,106.98324022346368,3.0285117493472584,-1.08,-0.58,3.1,36.3,75.3,10.0,1.67,-0.94,-0.67,0.0,0.0,38.89,66.67,6.0,3.17,2.0,39.5,3.29,-1.3,-0.94,0.0,0.0,42.31,66.67,12.0,2.67,5.0,94.0,4.09,-0.44,0.41,0.0,0.0,34.33,90.0,23.0,3.17,8.0,-2.92,-3.1,2.3,37.3,52.6
Heliot Ramos,LF,T,568.5,5.26,108.07984790874525,3.5251715039577833,0.9,-0.17,13.9,33.1,75.6,35.0,7.0,1.39,0.18,25.0,2.0,22.58,66.67,5.0,3.8,5.0,51.0,5.67,0.72,0.25,12.5,2.0,21.43,66.67,9.0,3.44,7.0,108.0,6.0,1.62,0.55,18.52,5.0,23.48,75.0,18.0,2.67,9.0,-0.2,-0.46,8.8,29.9,73.1
Samuel Basallo,C,T,568.5,5.08,111.90944881889763,3.21688654353562,-0.52,-1.85,12.1,39.9,65.9,4.5,1.12,-1.06,-0.84,0.0,0.0,33.33,50.0,4.0,3.0,0.0,27.5,3.06,-0.31,-0.28,5.56,1.0,39.29,80.0,9.0,2.78,2.0,59.0,2.81,-0.25,-0.35,6.67,3.0,36.99,76.47,21.0,3.05,5.0,-0.72,-1.25,8.9,38.7,75.7
Mike Yastrzemski,RF,FA,544.5,4.06,134.11330049261085,2.579908172635445,-0.44,-0.48,6.7,26.7,63.8,41.0,10.25,-0.05,0.64,0.0,0.0,31.58,100.0,4.0,3.0,3.0,74.5,7.45,0.06,0.3,5.0,1.0,33.85,87.5,10.0,2.6,5.0,91.5,4.16,-0.04,0.27,4.65,2.0,31.08,81.25,22.0,2.64,10.0,0.04,-0.03,8.5,22.1,67.6
Jared Young,1B,FA,540.5,5.25,102.95238095238095,2.9916743755781683,0.65,0.91,7.7,27.5,80.2,0.0,0.0,,,0.0,0.0,0.0,,1.0,2.0,0.0,37.5,5.36,1.72,1.32,15.0,3.0,23.91,100.0,7.0,3.0,3.0,119.0,5.67,0.68,0.97,6.9,4.0,28.4,93.1,21.0,3.33,15.0,1.43,0.78,14.3,28.7,85.7
Andrew Vaughn,1B,T,539.0,5.18,104.05405405405406,2.7677922077922075,-0.36,0.02,5.1,23.5,65.1,-1.0,-0.33,-1.81,-1.94,0.0,0.0,45.45,33.33,3.0,3.0,0.0,13.0,2.6,-2.37,-2.44,0.0,0.0,41.94,25.0,5.0,2.6,1.0,72.0,3.79,-1.4,-1.39,2.56,1.0,28.68,38.1,19.0,2.68,4.0,0.31,-0.4,12.0,28.4,71.8
Konnor Griffin,SS,T,538.0,7.17,75.03486750348675,3.8382156133828995,-0.87,-1.1,6.7,38.1,71.8,50.5,10.1,-0.76,-0.4,0.0,0.0,38.1,75.0,5.0,4.2,2.0,68.5,6.23,-1.51,-1.24,0.0,0.0,36.84,50.0,11.0,4.36,5.0,97.5,6.09,-1.15,-0.94,2.0,1.0,35.34,60.0,16.0,4.19,7.0,,,,,
Lane Thomas,CF,FA,537.5,4.56,117.87280701754386,2.765693023255814,0.5,1.0,6.4,20.6,72.2,,,,,,,,,,,,,,,,,,,,,,,12.0,1.71,,,0.0,0.0,18.92,50.0,7.0,2.29,2.0,0.41,1.31,4.8,22.3,83.3
Hao-Yu Lee,3B,FA,536.0,4.87,110.06160164271047,2.8166044776119405,0.31,0.07,9.1,29.6,73.7,54.0,10.8,0.61,-0.6,21.43,3.0,28.57,50.0,5.0,4.4,3.0,102.5,10.25,0.28,-0.41,12.9,4.0,30.38,62.5,10.0,4.3,6.0,166.0,6.92,0.4,0.03,10.34,6.0,27.44,69.44,24.0,3.67,13.0,,,,,
Owen Caissie,RF,T,535.0,4.95,108.08080808080808,2.692429906542056,1.01,-0.08,14.2,30.0,72.5,,,,,,,,,,,,8.0,4.0,,,0.0,0.0,0.0,0.0,2.0,0.0,1.0,48.5,4.04,0.46,-0.01,11.11,2.0,30.3,73.33,12.0,2.33,6.0,,,,,
Jose Fermin,2B,FA,535.0,4.73,113.10782241014797,2.7849532710280376,-0.62,0.32,2.2,22.2,66.7,22.0,11.0,-0.01,0.7,0.0,0.0,30.43,100.0,2.0,4.0,1.0,40.5,6.75,-0.06,0.79,0.0,0.0,24.07,85.71,6.0,3.0,2.0,105.0,5.25,-0.47,0.36,0.0,0.0,26.17,75.0,20.0,3.2,9.0,-1.49,-0.47,0.0,20.9,60.9
Jake Cronenworth,2B,FA,530.0,5.1,103.92156862745098,3.4449056603773585,-0.69,-0.14,3.7,29.0,70.5,84.0,16.8,0.25,-0.39,14.29,2.0,30.0,60.0,5.0,3.8,7.0,121.0,11.0,-0.02,-0.3,8.82,3.0,29.11,63.64,11.0,3.91,9.0,149.0,6.21,-0.18,0.08,4.55,3.0,28.79,72.73,24.0,3.62,10.0,-0.25,0.03,6.2,22.2,68.4
Carlos Cortes,RF,FA,528.5,4.44,119.03153153153153,2.7639735099337748,-0.32,-0.1,5.9,28.1,69.8,33.0,11.0,,,0.0,0.0,72.73,100.0,3.0,2.0,2.0,37.0,4.62,-1.73,-1.55,0.0,0.0,42.22,50.0,8.0,2.75,2.0,93.0,4.65,-1.34,-1.6,4.44,2.0,40.87,53.85,20.0,2.95,6.0,0.4,0.35,9.2,30.6,83.3
Aaron Judge,RF,T,523.5,7.93,66.01513240857503,3.590085959885387,2.43,0.46,20.9,26.4,73.8,,,,,,,,,,,,15.5,3.1,1.28,0.49,16.67,1.0,38.46,100.0,5.0,3.2,1.0,19.5,2.79,0.96,0.91,10.0,1.0,33.33,100.0,7.0,3.29,2.0,3.03,0.88,24.8,22.5,78.6
Sal Frelick,RF,FA,519.0,4.85,107.01030927835052,3.074470134874759,-1.21,-0.6,2.4,24.3,59.3,22.5,7.5,-0.81,-0.47,0.0,0.0,35.0,66.67,3.0,2.33,0.0,22.5,3.75,-0.58,0.06,0.0,0.0,33.33,80.0,6.0,2.5,0.0,66.5,3.91,-0.46,-0.27,4.17,2.0,27.55,62.5,17.0,3.12,3.0,-1.36,-0.95,3.1,26.3,62.6
Griffin Conine,LF,T,518.5,5.83,88.93653516295025,2.945920925747348,0.92,-0.42,15.1,32.8,72.4,21.0,5.25,1.19,0.98,14.29,1.0,25.0,100.0,4.0,3.75,2.0,44.0,4.4,0.4,-0.63,15.79,3.0,43.94,77.78,10.0,3.7,5.0,131.5,5.48,0.31,-0.54,13.21,7.0,35.94,70.37,24.0,3.5,13.0,1.71,1.09,14.8,22.5,81.0
Randal Grichuk,DH,FA,515.5,4.56,113.0482456140351,2.1937536372453925,0.1,-0.57,10.5,36.0,75.0,48.0,9.6,-0.42,0.1,0.0,0.0,28.57,75.0,5.0,3.0,5.0,88.5,8.05,-0.61,-0.47,3.7,1.0,43.64,81.82,11.0,3.18,7.0,126.0,5.73,-0.64,-0.26,2.44,1.0,41.12,85.71,22.0,2.59,8.0,0.03,-0.75,11.7,31.5,71.9
Colton Cowser,CF,FA,514.5,3.7,139.05405405405403,2.3803692905733724,0.09,-0.39,9.7,29.8,68.8,8.0,2.67,-0.11,0.54,0.0,0.0,33.33,100.0,3.0,2.67,0.0,38.0,4.22,-0.46,0.23,0.0,0.0,33.93,85.71,9.0,2.89,1.0,70.5,3.07,-0.56,-0.17,2.63,1.0,31.94,72.22,23.0,2.7,3.0,0.53,-0.52,14.1,23.8,64.2
Yainer Diaz,C,FA,511.5,5.5,93.0,3.3978494623655915,-0.59,-0.62,6.4,42.9,83.5,31.0,6.2,-0.15,-0.37,8.33,1.0,37.5,75.0,5.0,3.6,2.0,69.0,6.27,-0.1,-0.28,7.69,2.0,41.27,83.33,11.0,3.27,3.0,165.5,7.2,0.19,-0.19,9.84,6.0,41.73,88.24,23.0,3.3,11.0,-0.66,-1.32,9.6,44.4,82.5
Brady House,3B,T,506.5,5.57,90.93357271095152,3.37609081934847,0.23,-0.25,10.0,34.0,75.9,18.0,4.5,-0.24,0.35,0.0,0.0,37.04,100.0,4.0,2.5,2.0,34.5,3.83,0.37,0.62,5.88,1.0,36.21,100.0,9.0,2.44,3.0,140.0,6.36,0.13,0.36,5.66,3.0,33.57,87.5,22.0,2.95,10.0,-0.29,0.39,4.3,36.9,92.1
Jacob Wilson,SS,T,503.5,6.29,80.0476947535771,3.9976166832174775,-1.19,-0.6,2.5,42.3,82.9,,,,,,,,,,,,,,,,,,,,,,,,,,,,,,,,,,-1.58,-1.08,2.2,32.1,68.9
Francisco Alvarez,C,T,502.5,4.57,109.9562363238512,3.2558407960199007,0.65,-0.87,15.3,31.8,66.1,47.5,11.88,0.22,-0.25,12.5,1.0,27.27,60.0,4.0,4.0,4.0,51.5,6.44,0.28,-0.19,11.11,2.0,29.09,66.67,8.0,3.88,5.0,101.5,5.64,0.52,-0.29,13.51,5.0,31.54,68.75,18.0,3.61,8.0,1.05,0.69,12.1,27.8,83.5
Tommy Edman,2B,FA,501.5,6.27,79.98405103668262,3.4256829511465603,-0.74,-0.57,5.2,30.6,67.9,43.5,8.7,0.32,0.33,8.33,1.0,37.5,100.0,5.0,3.4,3.0,57.0,5.18,0.52,1.12,3.7,1.0,27.55,100.0,11.0,3.27,5.0,182.5,7.02,-0.52,-0.34,4.05,3.0,30.08,65.22,26.0,3.73,17.0,-0.64,-0.18,4.5,28.4,74.3
Joe Mack,C,T,496.0,4.82,102.90456431535269,2.8570161290322584,0.52,0.7,7.8,27.9,78.4,20.5,5.12,-0.29,0.28,0.0,0.0,25.0,75.0,4.0,2.5,1.0,30.5,3.39,-0.63,-0.01,0.0,0.0,28.0,70.0,9.0,2.67,3.0,91.0,4.14,-0.32,0.21,2.38,1.0,31.2,80.0,22.0,2.73,7.0,,,,,
Esmerlyn Valdez,RF,T,495.0,6.88,71.94767441860465,3.3496565656565656,2.87,1.35,19.9,21.0,76.5,,,,,,,,,,,,-2.0,-2.0,,,0.0,0.0,33.33,,1.0,3.0,0.0,46.0,4.6,0.5,0.31,9.52,2.0,21.98,66.67,10.0,3.6,4.0,,,,,
Tim Tawa,1B,T,493.5,4.98,99.09638554216866,2.9365349544072954,0.15,-0.39,10.1,32.1,71.8,12.0,3.0,,,0.0,0.0,25.93,,4.0,3.0,1.0,35.0,3.89,1.2,1.19,10.53,2.0,26.32,100.0,9.0,2.89,4.0,105.5,4.4,0.5,-0.43,14.29,7.0,32.24,66.67,24.0,3.25,11.0,0.11,-0.11,9.3,28.9,75.7
Luis Rengifo,3B,FA,493.5,5.19,95.08670520231213,3.281215805471125,-0.41,0.18,4.1,30.6,76.2,,,,,,,,,,,,,,,,,,,,,,,5.5,1.38,,,0.0,0.0,13.79,0.0,4.0,3.0,1.0,-0.64,-0.28,5.0,30.6,76.0
Michael Conforto,LF,FA,492.0,4.51,109.0909090909091,2.319166666666667,0.99,0.44,11.9,27.2,74.6,19.5,6.5,2.89,0.54,42.86,3.0,33.33,100.0,3.0,3.67,1.0,37.5,4.17,1.04,0.38,15.0,3.0,24.53,75.0,9.0,3.11,1.0,110.0,5.24,0.61,0.01,12.5,5.0,26.19,66.67,21.0,2.48,4.0,0.82,0.86,9.7,23.3,79.4
Alejandro Kirk,C,FA,492.0,6.56,75.0,3.533333333333333,-0.77,-0.3,3.9,29.0,68.8,17.0,5.67,-1.14,-0.96,0.0,0.0,35.48,50.0,3.0,3.67,1.0,62.0,8.86,-1.26,-1.46,4.35,1.0,35.29,41.67,7.0,3.71,3.0,139.5,7.34,-0.86,-0.95,4.76,3.0,29.61,50.0,19.0,3.89,8.0,0.42,0.18,10.1,29.1,79.4
Connor Norby,3B,FA,488.0,4.83,101.0351966873706,3.1474180327868853,0.9,1.33,7.5,27.8,85.3,40.0,8.0,-0.07,0.61,0.0,0.0,32.14,100.0,5.0,3.6,2.0,78.5,7.85,0.77,1.02,7.14,2.0,29.23,100.0,10.0,3.8,5.0,175.0,7.29,1.05,1.06,9.84,6.0,26.9,92.59,24.0,3.54,13.0,0.59,0.59,9.4,32.1,88.0
Jonah Heim,C,FA,478.5,4.74,100.94936708860759,3.397742946708464,-0.55,-0.52,6.2,34.3,73.3,3.0,0.75,-0.93,-0.65,0.0,0.0,33.33,57.14,4.0,3.5,0.0,5.0,0.71,-1.17,-0.76,0.0,0.0,44.44,75.0,7.0,3.57,0.0,55.0,2.89,-0.93,-0.89,3.77,2.0,42.62,73.33,19.0,3.63,5.0,-0.58,-0.43,6.1,30.0,73.5
Andruw Monasterio,SS,FA,477.5,4.68,102.02991452991454,2.910910994764398,0.37,0.73,6.7,26.6,77.0,4.0,4.0,,,,,,,,,,2.0,0.67,,,,0.0,33.33,,3.0,1.67,0.0,20.5,1.71,-0.7,0.03,0.0,0.0,34.78,81.82,12.0,2.67,3.0,-0.54,-0.21,5.3,26.7,71.7
Wade Meckler,CF,FA,477.5,5.13,93.07992202729045,2.975937172774869,-0.01,1.1,2.7,23.8,77.5,21.0,4.2,-0.8,-0.46,0.0,0.0,43.75,83.33,5.0,4.2,1.0,55.5,5.05,-0.44,0.26,0.0,0.0,28.81,78.57,11.0,3.55,5.0,136.5,5.93,0.09,0.93,1.61,1.0,21.68,80.77,23.0,3.3,12.0,,,,,
Matt Chapman,3B,T,475.0,5.65,84.07079646017698,3.6516842105263163,-0.04,0.15,6.6,26.4,70.3,,,,,,,,,,,,,,,,,,,,,,,,,,,,,,,,,,0.96,1.04,9.9,20.1,77.2
Dane Myers,CF,FA,475.0,4.09,116.13691931540343,2.4539999999999997,-0.57,-0.14,4.5,25.4,65.8,12.5,3.12,-1.08,-0.87,0.0,0.0,7.14,0.0,4.0,3.5,1.0,32.5,3.61,-0.27,-0.19,5.26,1.0,22.95,57.14,9.0,3.44,3.0,123.0,6.15,-0.6,-0.16,2.13,1.0,28.47,66.67,20.0,3.3,13.0,-0.39,-0.52,7.8,23.7,64.1
Maikel Garcia,3B,T,475.0,6.01,79.03494176372712,3.783136842105263,-0.61,-0.19,4.4,23.6,62.9,25.0,5.0,-1.3,-1.19,0.0,0.0,40.0,50.0,5.0,3.0,3.0,26.0,4.33,-1.9,-1.78,0.0,0.0,35.71,33.33,6.0,3.0,3.0,26.0,4.33,,,0.0,0.0,35.71,33.33,6.0,3.0,3.0,-0.21,0.22,5.6,20.8,68.8
Dominic Smith,1B,FA,474.0,4.51,105.09977827050999,2.5023839662447256,0.03,0.53,5.4,31.6,81.4,,,,,,,,,,,,-1.0,-0.33,,,0.0,0.0,100.0,,3.0,1.0,0.0,1.0,0.2,,,0.0,0.0,27.27,,5.0,1.2,0.0,-1.48,-1.36,4.2,32.9,66.7
Jorge Soler,RF,FA,469.5,5.46,85.98901098901099,3.6748881789137378,0.97,0.64,10.9,27.4,77.1,,,,,,,,,,,,,,,,,,,,,,,,,,,,,,,,,,1.1,0.6,12.8,24.5,78.1
Braden Montgomery,CF,T,469.5,5.34,87.92134831460675,3.434888178913738,0.55,1.47,4.7,27.7,86.7,17.0,3.4,-0.36,-0.84,10.0,1.0,33.33,50.0,5.0,3.2,2.0,16.0,1.45,0.0,-0.37,9.52,2.0,35.29,71.43,11.0,2.91,2.0,90.5,3.77,0.35,0.6,6.25,4.0,28.57,84.62,24.0,3.29,10.0,,,,,
Austin Martin,LF,FA,464.5,4.0,116.125,2.566200215285253,0.62,1.97,3.0,18.1,79.6,2.0,1.0,,,0.0,0.0,16.67,100.0,2.0,1.5,0.0,5.5,0.92,0.48,1.55,0.0,0.0,20.0,100.0,6.0,2.67,1.0,5.5,0.92,,,0.0,0.0,20.0,100.0,6.0,2.67,1.0,0.32,1.03,5.5,18.8,75.4
Dylan Beavers,LF,T,464.0,4.64,100.0,3.08,0.51,0.78,7.4,24.3,74.6,1.5,0.5,0.76,0.53,12.5,1.0,25.93,85.71,3.0,4.33,1.0,31.5,3.5,1.07,0.67,13.04,3.0,24.05,82.35,9.0,4.11,4.0,116.0,4.83,0.1,0.19,6.45,4.0,27.32,72.97,24.0,3.67,10.0,0.39,0.31,9.3,18.9,67.3
Jackson Holliday,2B,T,464.0,4.73,98.09725158562367,3.211099137931035,0.44,0.91,6.4,26.8,79.3,,,,,,,,,,,,3.0,0.75,-0.33,0.41,0.0,0.0,40.0,100.0,4.0,4.25,1.0,74.5,3.92,0.12,0.42,5.17,3.0,33.57,88.89,19.0,4.16,11.0,0.59,0.94,7.8,22.3,79.0
Blaze Alexander,3B,FA,462.0,4.97,92.95774647887325,2.8077272727272726,0.61,1.12,6.6,30.2,86.1,,,,,,,,,,,,,,,,,,,,,,,44.5,4.05,-0.34,0.06,3.23,1.0,33.33,80.0,11.0,3.64,4.0,0.59,-0.15,12.8,25.2,70.3
Cooper Pratt,SS,T,461.5,6.59,70.03034901365706,3.0415384615384613,-0.43,0.32,3.4,30.0,76.9,33.0,6.6,-0.53,-0.07,0.0,0.0,31.82,75.0,5.0,3.0,1.0,73.0,8.11,0.02,0.3,4.55,1.0,32.65,85.71,9.0,3.44,5.0,191.0,8.68,0.01,0.56,3.23,2.0,31.87,89.29,22.0,3.27,12.0,,,,,
Victor Mesa Jr.,CF,FA,461.0,6.23,73.9967897271268,2.9055314533622565,1.12,0.65,11.8,34.9,87.0,21.0,5.25,1.39,0.7,20.0,1.0,30.43,100.0,4.0,3.0,2.0,88.0,8.8,1.5,0.22,21.05,4.0,35.19,87.5,10.0,2.9,8.0,162.5,9.03,0.67,0.39,10.64,5.0,36.36,92.86,18.0,3.28,14.0,-0.57,-0.64,7.1,32.9,75.0
Jorbit Vivas,2B,FA,459.5,3.8,120.92105263157896,2.497497279651795,-0.05,0.96,3.1,29.0,82.7,21.0,4.2,-0.9,-0.61,0.0,0.0,37.78,66.67,5.0,3.2,2.0,47.0,4.7,-1.01,-0.55,0.0,0.0,35.37,66.67,10.0,3.1,3.0,100.5,4.79,-0.75,-0.4,2.33,1.0,31.85,66.67,21.0,2.81,4.0,1.45,2.89,4.7,18.0,95.7
Jared Triolo,SS,FA,459.5,3.83,119.97389033942558,2.633906420021763,-0.07,1.09,2.4,25.7,79.8,5.5,1.1,,,0.0,0.0,50.0,,5.0,1.2,2.0,20.0,1.82,-0.71,-0.13,0.0,0.0,33.33,75.0,11.0,1.55,3.0,77.0,3.21,-0.92,-0.72,2.7,1.0,29.63,55.56,24.0,1.88,5.0,0.65,1.38,6.2,24.3,86.7
Myles Straw,CF,FA,457.0,3.2,142.8125,1.9816192560175054,-0.43,0.47,2.8,23.1,69.5,16.0,4.0,0.34,1.2,0.0,0.0,11.76,83.33,4.0,2.5,1.0,27.0,3.0,-0.2,0.6,0.0,0.0,25.0,81.82,9.0,2.22,2.0,90.5,3.77,0.01,1.07,0.0,0.0,21.77,84.21,24.0,2.08,8.0,-0.86,-0.37,3.9,27.4,70.7
Victor Caratini,C,FA,456.5,4.35,104.9425287356322,3.0492880613362536,-0.67,-0.74,6.4,25.9,59.8,11.5,2.88,-0.64,-0.23,0.0,0.0,37.5,80.0,4.0,3.75,1.0,23.5,2.61,-0.24,-0.27,6.25,1.0,32.69,70.0,9.0,3.0,1.0,38.5,2.96,-0.46,-0.32,4.55,1.0,30.77,66.67,13.0,2.69,1.0,0.58,0.94,7.7,23.5,80.6
Zach McKinstry,3B,FA,455.5,3.62,125.82872928176795,2.916663007683864,-0.86,0.01,2.0,28.5,71.5,-2.0,-0.4,,,0.0,0.0,28.57,,5.0,1.0,0.0,17.0,1.7,-1.58,-1.35,0.0,0.0,25.0,28.57,10.0,1.7,4.0,35.5,1.78,-1.2,-0.7,0.0,0.0,31.37,58.82,20.0,2.5,7.0,0.13,0.63,6.1,26.5,81.0
Kyle Manzardo,DH,FA,452.5,4.44,101.91441441441441,3.0613922651933705,1.22,0.75,12.0,30.7,82.6,,,,,,,,,,,,,,,,,,,,,,,,,,,,,,,,,,0.27,-0.42,11.8,27.4,70.2
Tyrone Taylor,CF,FA,452.0,4.76,94.95798319327731,2.2325663716814157,-0.81,-1.56,9.0,34.3,61.8,-1.0,-1.0,,,0.0,0.0,25.0,,1.0,3.0,0.0,10.0,2.0,,,0.0,0.0,28.57,75.0,5.0,2.2,1.0,95.0,6.79,-0.29,-0.21,5.41,2.0,32.73,72.73,14.0,2.79,8.0,-0.84,-0.33,3.8,30.4,75.2
Spencer Jones,CF,T,451.5,5.44,82.99632352941175,2.915791805094131,1.73,0.6,15.9,35.5,87.3,21.5,5.38,1.64,0.54,25.0,1.0,33.33,100.0,4.0,3.5,1.0,66.5,6.05,0.65,-0.48,17.39,4.0,42.71,80.0,11.0,4.0,3.0,166.0,6.38,1.18,0.29,16.0,8.0,36.97,91.67,26.0,3.42,13.0,,,,,
Masataka Yoshida,DH,FA,450.0,5.17,87.04061895551257,3.021577777777778,-0.85,-0.3,3.4,28.1,67.6,,,,,,,,,,,,,,,,,,,,,,,,,,,,,,,,,,-0.66,-0.67,6.6,27.3,67.2
Luis Torrens,C,FA,446.5,4.91,90.93686354378818,2.7051735722284436,-0.0,0.4,5.8,32.9,81.6,9.0,3.0,,,0.0,0.0,50.0,0.0,3.0,3.0,1.0,34.0,5.67,-0.74,-1.8,12.5,1.0,46.67,50.0,6.0,2.67,3.0,64.0,4.92,-0.38,-0.22,4.55,1.0,40.54,85.71,13.0,2.77,5.0,0.66,0.41,10.7,25.9,77.7
Ryan Vilade,RF,FA,445.5,4.9,90.91836734693877,2.4967452300785635,0.38,0.65,7.1,27.9,77.9,14.5,3.62,-0.07,0.6,0.0,0.0,32.26,100.0,4.0,2.75,2.0,20.5,2.56,0.02,0.9,0.0,0.0,31.25,100.0,8.0,2.5,2.0,42.5,2.83,0.27,0.59,5.56,1.0,27.06,81.82,15.0,2.2,2.0,,,,,
Nick Fortes,C,FA,437.0,4.16,105.04807692307692,2.703524027459954,-1.88,-1.51,2.0,37.0,65.9,6.5,1.62,,,0.0,0.0,37.5,50.0,4.0,2.0,0.0,38.5,4.28,-0.94,-0.44,0.0,0.0,22.86,50.0,9.0,1.78,2.0,58.0,4.46,-0.93,-0.32,0.0,0.0,30.65,66.67,13.0,2.23,4.0,-1.12,-0.92,4.6,30.8,69.0
Esteury Ruiz,LF,FA,436.5,4.16,104.92788461538461,1.8870103092783506,-0.14,-0.31,7.9,32.5,73.3,20.5,6.83,,,0.0,0.0,45.45,100.0,3.0,3.33,1.0,39.0,4.33,0.04,0.16,5.88,1.0,28.3,75.0,9.0,3.0,2.0,56.0,3.11,0.07,0.05,7.14,2.0,29.91,73.91,18.0,2.61,4.0,,,,,
Lars Nootbaar,LF,FA,434.5,5.11,85.0293542074364,3.128331415420023,0.3,-0.1,9.8,20.2,59.4,6.5,2.17,-0.6,-0.17,0.0,0.0,47.06,100.0,3.0,3.33,2.0,37.5,4.17,-0.33,-0.28,5.26,1.0,26.39,60.0,9.0,3.22,4.0,127.5,5.8,-0.12,-0.77,10.64,5.0,23.21,43.33,22.0,2.82,8.0,0.24,-0.11,10.2,22.0,66.5
Gary Sanchez,C,FA,433.5,5.16,84.01162790697674,2.5591695501730105,-0.25,-0.52,8.1,22.4,57.7,8.0,4.0,,,0.0,0.0,40.0,50.0,2.0,3.0,0.0,7.0,2.33,,,0.0,0.0,28.57,25.0,3.0,3.33,0.0,43.5,3.62,-1.28,-1.6,5.0,1.0,26.76,30.0,12.0,2.42,1.0,-0.65,-1.59,10.9,24.3,52.6
Pedro Ramirez,3B,T,431.5,5.68,75.96830985915493,2.9222711471610663,-0.41,0.12,4.4,32.7,78.3,15.5,7.75,,,0.0,0.0,16.67,100.0,2.0,5.0,1.0,56.5,7.06,-1.07,-0.62,0.0,0.0,34.04,62.5,8.0,3.88,6.0,118.5,5.92,-0.19,-0.05,5.26,3.0,30.5,72.73,20.0,3.6,12.0,,,,,
Will Smith,C,T,429.5,6.14,69.95114006514659,3.1736437718277064,1.1,0.49,12.4,21.1,67.1,53.0,13.25,1.91,1.46,20.0,2.0,15.79,100.0,4.0,3.5,4.0,79.0,8.78,1.07,1.24,8.7,2.0,15.52,84.62,9.0,3.33,5.0,134.5,7.47,0.77,0.73,9.3,4.0,20.34,73.91,18.0,2.94,11.0,0.82,0.32,12.2,19.5,68.2
Austin Wells,C,FA,427.5,3.56,120.08426966292134,2.731415204678363,0.16,0.25,7.4,28.4,74.1,26.5,6.62,0.54,-1.43,28.57,2.0,17.86,0.0,4.0,2.75,1.0,59.5,5.95,0.56,-0.52,16.67,3.0,24.24,50.0,10.0,2.7,5.0,136.5,5.46,0.49,-0.0,11.36,5.0,25.41,65.22,25.0,2.68,10.0,0.62,0.46,10.2,29.2,82.7
Rhys Hoskins,1B,FA,424.5,4.47,94.96644295302013,2.7693992932862193,1.65,1.26,12.6,22.2,77.1,,,,,,,,,,,,,,,,,,,,,,,,,,,,,,,,,,0.51,0.27,10.3,19.9,68.1
Donovan Walton,2B,FA,422.5,4.86,86.93415637860082,2.4846390532544382,0.83,1.79,5.1,28.7,91.5,34.5,6.9,0.69,0.44,12.5,1.0,35.29,100.0,5.0,2.4,1.0,56.5,5.65,0.54,1.06,4.35,1.0,28.57,100.0,10.0,3.1,2.0,122.0,5.55,0.85,1.28,6.52,3.0,28.23,100.0,22.0,2.68,6.0,,,,,
Edmundo Sosa,2B,FA,418.5,5.17,80.94777562862669,2.754862604540024,-2.05,-3.03,7.4,52.4,69.2,21.5,10.75,,,25.0,1.0,75.0,100.0,2.0,2.5,2.0,24.0,4.8,,,12.5,1.0,55.56,75.0,5.0,2.0,3.0,86.5,6.65,-0.3,-1.61,14.29,3.0,41.03,53.85,13.0,2.15,6.0,-1.64,-2.06,6.3,45.5,75.4
Dalton Rushing,C,T,415.5,5.33,77.95497185741088,2.8349699157641397,1.13,0.6,12.1,30.5,80.7,,,,,,,,,,,,,,,,,,,,,,,-2.0,-0.5,,,0.0,0.0,30.0,0.0,4.0,1.0,0.0,1.69,1.23,14.0,19.6,78.7
Josh Lowe,RF,FA,415.0,3.77,110.07957559681698,2.6980481927710844,0.42,0.17,9.4,35.7,82.8,8.0,1.6,1.82,0.44,28.57,2.0,28.57,87.5,5.0,2.8,1.0,33.0,3.0,1.67,0.41,21.43,3.0,30.0,84.62,11.0,2.45,3.0,76.5,3.48,1.57,0.84,16.13,5.0,26.87,87.5,22.0,2.41,5.0,-0.7,-0.58,5.9,37.1,81.3
Andres Chaparro,1B,FA,413.0,5.16,80.03875968992247,2.2863922518159807,1.03,0.33,12.6,31.2,78.6,7.0,2.33,0.14,0.91,0.0,0.0,26.32,100.0,3.0,3.0,0.0,35.0,4.38,0.98,0.38,14.29,2.0,24.49,75.0,8.0,2.62,1.0,95.0,4.52,0.4,0.2,9.3,4.0,35.38,86.67,21.0,2.95,6.0,0.38,-0.09,11.1,34.4,83.3
Luke Raley,RF,FA,407.0,4.28,95.09345794392523,2.7551842751842752,1.53,0.35,15.7,34.6,83.3,,,,,,,,,,,,,,,,,,,,,,,,,,,,,,,,,,0.68,0.46,10.6,27.2,80.0
Oswald Peraza,3B,FA,404.5,3.32,121.83734939759037,2.7577750309023483,-0.58,-0.54,6.1,38.5,78.6,8.5,1.7,-0.11,0.54,0.0,0.0,33.33,100.0,5.0,2.0,0.0,15.5,2.21,-0.75,-0.18,0.0,0.0,34.21,75.0,7.0,1.86,2.0,28.0,1.87,-1.07,-0.51,0.0,0.0,41.24,80.0,15.0,2.4,4.0,-0.27,-0.11,6.7,30.3,77.6
Jesus Sanchez,RF,FA,403.0,3.88,103.8659793814433,2.705409429280397,0.18,-0.42,10.4,37.7,78.9,2.5,0.83,,,0.0,0.0,33.33,100.0,3.0,2.33,0.0,3.0,0.6,,,0.0,0.0,37.04,50.0,5.0,2.4,0.0,19.5,1.22,-1.47,-1.1,0.0,0.0,39.74,63.64,16.0,1.94,1.0,0.47,0.05,11.1,30.6,79.8
Ryan McMahon,3B,FA,402.5,3.33,120.87087087087087,2.6309068322981366,0.46,0.37,8.8,28.6,75.7,4.0,1.33,,,0.0,0.0,33.33,,3.0,1.67,0.0,17.5,2.19,0.23,0.42,5.88,1.0,25.49,77.78,8.0,3.0,2.0,29.5,1.97,0.06,0.64,3.23,1.0,25.3,80.0,15.0,2.8,2.0,0.75,0.24,12.1,25.1,74.7
Henry Davis,C,FA,402.0,4.23,95.03546099290779,2.620074626865672,0.81,0.89,8.8,32.0,85.9,30.0,10.0,,,33.33,1.0,23.81,,3.0,1.67,2.0,34.0,5.67,1.12,1.14,10.0,1.0,27.08,100.0,6.0,2.0,2.0,67.5,6.14,1.11,1.13,10.0,2.0,30.26,100.0,11.0,2.09,4.0,0.33,-0.26,11.5,34.6,81.6
Moises Ballesteros,DH,T,400.0,4.0,100.0,3.0,-0.12,-0.49,8.8,37.3,77.6,7.0,1.4,-0.07,-0.32,9.09,1.0,50.0,100.0,5.0,3.8,1.0,41.0,4.1,0.58,0.5,9.09,2.0,38.33,100.0,10.0,3.1,2.0,90.0,4.09,-0.16,-0.39,7.84,4.0,41.03,82.35,22.0,3.41,5.0,0.35,0.82,6.7,27.2,84.2
Derek Hill,CF,FA,394.5,3.46,114.01734104046243,1.7102661596958175,0.44,-0.15,10.9,34.8,78.0,13.0,3.25,,,33.33,1.0,42.86,,4.0,1.0,1.0,30.0,3.75,,,28.57,2.0,35.0,66.67,8.0,1.12,1.0,62.0,3.26,1.06,0.48,13.64,3.0,33.33,90.0,19.0,1.47,3.0,-0.55,-1.5,11.2,39.1,73.3
Mark Vientos,3B,FA,394.0,4.69,84.00852878464818,3.106827411167513,0.28,-0.22,10.2,34.9,77.4,8.0,2.0,0.6,1.58,0.0,0.0,13.33,100.0,4.0,2.75,0.0,12.0,2.0,0.43,1.48,0.0,0.0,21.21,100.0,6.0,2.33,1.0,50.0,4.55,0.96,0.73,11.11,2.0,21.05,75.0,11.0,2.36,3.0,0.64,0.21,11.5,32.9,84.7
Jeremiah Jackson,RF,FA,393.0,4.01,98.00498753117208,2.6835368956743,-0.05,-0.15,7.8,37.4,81.5,-1.5,-0.38,-0.18,0.44,0.0,0.0,35.29,100.0,4.0,3.5,0.0,28.5,3.56,1.13,0.72,13.33,2.0,34.48,100.0,8.0,3.12,2.0,35.0,3.89,1.15,0.91,11.76,2.0,33.33,100.0,9.0,3.22,3.0,-0.74,-0.98,7.5,34.3,72.9
Justin Foscue,1B,FA,391.0,4.07,96.06879606879606,2.2587979539641947,0.35,-0.26,10.8,27.4,67.1,1.5,0.5,,,0.0,0.0,57.14,100.0,3.0,1.67,0.0,16.5,1.83,-0.99,-0.51,0.0,0.0,43.24,80.0,9.0,1.89,3.0,116.0,5.27,0.65,-0.09,13.51,5.0,31.73,73.68,22.0,2.41,7.0,,,,,
Patrick Bailey,C,FA,387.0,3.62,106.90607734806629,2.7781395348837212,-0.26,-0.27,7.0,31.3,72.1,-1.5,-0.75,,,0.0,0.0,43.75,0.0,2.0,3.5,1.0,3.5,0.58,-0.96,-1.92,11.11,1.0,34.21,27.27,6.0,3.17,2.0,61.0,3.39,-0.43,-0.65,6.9,2.0,30.84,59.09,18.0,2.5,5.0,0.26,0.92,5.6,29.1,87.8
Ben Williamson,3B,FA,383.0,4.45,86.06741573033707,2.9046997389033944,-2.06,-1.65,1.5,31.4,56.9,4.5,2.25,,,0.0,0.0,25.0,0.0,2.0,3.5,1.0,4.5,2.25,,,0.0,0.0,25.0,0.0,2.0,3.5,1.0,4.5,2.25,,,0.0,0.0,25.0,0.0,2.0,3.5,1.0,-1.45,-1.13,3.3,33.5,70.2
Jose Siri,CF,FA,377.5,3.67,102.86103542234332,2.080476821192053,-0.24,-1.82,13.7,41.5,68.3,37.5,7.5,0.8,0.17,16.67,1.0,27.27,75.0,5.0,3.8,3.0,65.5,5.95,0.24,0.4,6.25,1.0,31.03,85.71,11.0,2.91,5.0,91.5,3.66,0.33,-0.19,11.11,4.0,33.83,75.0,25.0,2.6,8.0,1.28,-0.69,20.0,34.8,76.9
Denzer Guzman,SS,FA,370.5,4.52,81.96902654867257,3.196329284750337,0.34,1.04,5.2,33.8,89.9,42.0,8.4,-0.14,0.5,0.0,0.0,34.15,100.0,5.0,3.6,3.0,68.5,6.23,-0.09,0.74,0.0,0.0,34.12,100.0,11.0,3.73,5.0,111.0,5.05,-0.16,0.5,2.0,1.0,33.11,90.0,22.0,3.27,12.0,2.63,2.4,15.0,19.2,91.7
Matt Vierling,CF,FA,369.0,4.01,92.01995012468828,2.890677506775068,-0.55,-0.23,5.0,32.4,74.0,,,,,,,,,,,,,,,,,,,,,,,,,,,,,,,,,,1.43,1.25,12.1,25.2,86.4
Luis Campusano,C,FA,368.0,5.33,69.04315196998124,2.969157608695652,0.91,1.09,8.6,28.5,83.5,8.0,2.67,-0.03,0.66,0.0,0.0,22.22,83.33,3.0,3.67,1.0,34.0,4.25,-0.23,0.55,0.0,0.0,27.59,84.62,8.0,4.12,3.0,84.5,4.45,0.27,0.48,6.25,3.0,29.8,84.0,19.0,3.63,5.0,,,,,
Kerry Carpenter,RF,FA,368.0,4.54,81.05726872246696,2.8498369565217394,-0.13,-0.68,9.6,36.3,74.1,,,,,,,,,,,,,,,,,,,,,,,,,,,,,,,,,,0.75,0.13,12.6,34.1,85.4
Jose Tena,3B,FA,366.5,3.21,114.17445482866044,2.242182810368349,0.66,0.79,8.3,29.6,81.6,19.0,9.5,,,0.0,0.0,0.0,100.0,2.0,1.5,1.0,23.0,4.6,,,0.0,0.0,20.0,80.0,5.0,1.8,2.0,37.5,2.88,-0.4,0.47,0.0,0.0,25.81,76.92,13.0,1.92,4.0,-0.33,0.11,5.3,27.9,76.9
Ryan Kreidler,CF,FA,362.0,3.51,103.13390313390315,2.2979834254143645,1.05,1.35,8.4,28.6,86.5,19.5,3.9,1.33,0.61,20.0,1.0,14.29,66.67,5.0,2.0,2.0,35.0,3.5,1.31,0.85,14.29,2.0,23.08,85.71,10.0,2.4,3.0,39.0,2.05,1.47,0.87,15.0,3.0,26.44,87.5,19.0,1.74,3.0,0.17,0.96,4.8,30.4,90.0
Tyler Freeman,RF,FA,360.5,4.56,79.05701754385966,3.225520110957004,-0.17,1.2,1.3,30.2,87.0,,,,,,,,,,,,,,,,,,,,,,,,,,,,,,,,,,-0.97,-0.15,2.1,25.8,71.2
Amed Rosario,3B,FA,360.0,4.24,84.90566037735849,2.5793333333333335,0.12,-0.59,10.8,40.8,81.0,8.5,4.25,,,0.0,0.0,50.0,,2.0,2.5,1.0,8.5,2.83,,,11.11,1.0,63.64,100.0,3.0,3.0,1.0,54.0,4.91,-0.41,-1.11,10.0,3.0,52.27,84.62,11.0,3.0,4.0,-0.7,-0.6,6.0,36.7,80.5
Max Muncy,3B,FA,359.5,4.38,82.07762557077626,3.1189986091794157,0.62,0.17,10.7,33.2,79.5,-1.0,-1.0,,,,0.0,50.0,,1.0,1.0,0.0,5.0,1.0,,,0.0,0.0,45.0,100.0,11.0,3.64,6.0,63.0,3.94,0.05,0.21,5.88,2.0,34.02,84.62,16.0,2.94,3.0,0.38,0.12,10.1,31.1,81.3
Kyle Isbel,CF,FA,359.5,3.74,96.1229946524064,2.9129346314325457,-1.65,-1.33,2.7,35.2,65.5,0.5,0.1,-1.06,-0.84,0.0,0.0,42.11,66.67,5.0,2.6,1.0,1.0,0.11,-1.07,-0.62,0.0,0.0,36.67,66.67,9.0,2.56,1.0,29.0,1.26,-1.33,-0.9,0.0,0.0,38.71,66.67,23.0,2.96,6.0,-1.26,-0.47,1.6,28.6,71.2
Mickey Gasper,C,FA,359.0,5.61,63.992869875222816,2.8753203342618385,0.64,0.38,9.9,21.2,66.1,12.5,2.5,-0.87,-0.57,0.0,0.0,28.0,50.0,5.0,2.4,1.0,33.5,3.35,-0.06,-0.95,13.33,2.0,27.27,42.86,10.0,2.2,3.0,139.0,6.04,1.01,0.12,15.56,7.0,18.59,56.52,23.0,2.57,11.0,-0.67,0.46,1.3,20.4,71.0
Christian Encarnacion-Strand,1B,T,355.5,6.46,55.030959752321984,3.3254008438818565,0.28,-1.21,14.4,46.8,82.0,5.5,1.38,-0.2,0.42,0.0,0.0,35.71,100.0,4.0,2.5,0.0,66.0,6.6,-0.82,-0.78,3.85,1.0,44.87,75.0,10.0,3.4,6.0,170.5,6.56,-0.05,-0.78,11.29,7.0,44.33,78.95,26.0,3.35,14.0,-1.05,-1.77,9.0,46.4,80.0
Anthony Volpe,SS,FA,351.5,5.25,66.95238095238095,3.076813655761024,0.15,0.93,4.5,24.9,77.0,0.0,0.0,-0.47,0.02,0.0,0.0,43.48,100.0,4.0,3.75,1.0,84.5,7.68,0.46,0.67,6.45,2.0,30.0,91.67,11.0,3.45,4.0,84.5,7.68,0.51,0.8,6.45,2.0,30.0,91.67,11.0,3.45,4.0,0.57,0.31,10.5,24.0,74.1
Brett Sullivan,C,FA,346.0,4.22,81.99052132701422,2.585664739884393,-0.58,-0.04,4.0,33.4,77.4,4.0,2.0,0.25,1.08,0.0,0.0,23.08,100.0,2.0,4.0,0.0,12.5,2.5,0.33,1.33,0.0,0.0,23.81,100.0,5.0,3.2,1.0,40.5,3.68,-0.7,0.03,0.0,0.0,30.77,75.0,11.0,2.91,2.0,,,,,
Ryan Waldschmidt,LF,T,345.0,4.31,80.04640371229699,3.098202898550724,0.18,0.5,6.5,24.8,72.1,,,,,,,,,,,,2.0,0.67,,,0.0,0.0,35.71,66.67,3.0,2.67,2.0,38.5,2.57,-0.3,-0.58,7.69,2.0,29.41,58.33,15.0,2.6,4.0,,,,,
Daniel Schneemann,2B,FA,341.0,3.79,89.9736147757256,2.8675073313782993,0.3,0.44,7.5,33.3,82.6,,,,,,,,,,,,2.0,1.0,,,0.0,0.0,,,2.0,0.5,1.0,5.5,0.79,,,0.0,0.0,27.27,100.0,7.0,0.86,1.0,1.19,1.03,11.5,26.0,85.0
Nicky Lopez,2B,FA,337.5,3.55,95.07042253521128,2.3877037037037034,-0.7,0.71,0.0,34.2,86.8,15.0,3.0,-0.71,-0.32,0.0,0.0,50.0,100.0,5.0,1.8,2.0,29.0,2.9,-0.62,0.0,0.0,0.0,47.06,100.0,10.0,1.7,3.0,50.5,2.81,-0.4,0.46,0.0,0.0,39.58,100.0,18.0,1.39,4.0,,,,,
Miguel Andujar,3B,FA,337.5,4.56,74.01315789473685,3.2291555555555553,-1.68,-1.8,4.5,40.8,67.6,,,,,,,,,,,,,,,,,,,,,,,,,,,,,,,,,,-0.71,-0.33,4.7,35.7,82.3
Eli White,RF,FA,336.5,3.51,95.86894586894587,1.9923031203566122,-0.15,0.08,6.2,32.7,77.8,,,,,,,,,,,,,,,,,,,,,,,70.0,4.67,0.89,0.64,11.11,3.0,37.14,100.0,15.0,2.27,3.0,0.62,0.7,9.1,29.6,86.0
Nick Sogard,1B,FA,335.0,5.49,61.02003642987249,3.5398208955223884,-0.48,-0.2,5.3,23.9,63.2,2.0,0.4,-0.93,-1.5,8.33,1.0,37.04,33.33,5.0,4.4,0.0,35.5,3.55,0.07,-0.07,8.0,2.0,25.0,63.64,10.0,3.7,2.0,112.0,4.48,-0.7,-0.9,5.97,4.0,28.95,50.0,25.0,3.76,8.0,-0.54,-0.27,5.6,24.9,68.6
Jorge Mateo,SS,FA,334.0,3.55,94.08450704225352,2.0513473053892217,-1.32,-1.99,7.6,43.6,69.2,-4.0,-1.33,,,,0.0,60.0,,3.0,1.67,0.0,5.0,0.62,-1.69,-1.49,0.0,0.0,60.53,80.0,8.0,2.38,1.0,57.0,2.85,-1.41,-1.02,0.0,0.0,45.37,75.0,20.0,2.55,6.0,-1.79,-1.81,4.1,39.3,70.0
Miguel Amaya,C,FA,332.0,4.15,80.0,2.5625,-0.5,-0.61,6.9,31.1,68.1,-2.0,-2.0,,,0.0,0.0,57.14,100.0,1.0,4.0,0.0,24.5,8.17,,,12.5,1.0,53.33,80.0,3.0,2.67,1.0,49.0,5.44,-0.68,-0.8,5.56,1.0,42.37,75.0,9.0,2.67,5.0,-0.94,-1.09,6.6,36.8,75.0
Edouard Julien,1B,FA,331.0,3.76,88.03191489361703,2.680845921450151,1.13,1.73,7.3,18.6,77.6,,,,,,,,,,,,,,,,,,,,,,,,,,,,,,,,,,1.4,1.18,12.2,20.0,78.7
Nolan Gorman,3B,FA,328.5,4.01,81.92019950124688,3.149406392694064,0.75,0.5,10.1,32.0,81.6,2.0,2.0,,,,0.0,0.0,,1.0,0.0,0.0,19.0,3.17,-0.08,0.76,0.0,0.0,20.93,80.0,6.0,2.0,3.0,71.5,3.58,0.79,0.17,13.16,5.0,32.59,81.25,20.0,2.85,7.0,0.31,0.22,9.2,27.7,77.9
Elias Diaz,C,FA,328.0,3.86,84.97409326424871,2.4948780487804876,-0.28,-0.7,8.7,37.7,75.7,4.0,2.0,,,0.0,0.0,33.33,50.0,2.0,2.5,0.0,32.0,4.57,-0.85,-0.32,0.0,0.0,40.0,80.0,7.0,2.57,2.0,94.5,4.97,0.43,-0.33,12.9,4.0,36.89,76.92,19.0,2.47,4.0,-0.11,-0.07,7.6,30.1,77.8
Luis Robert Jr.,CF,T,327.5,5.37,60.98696461824953,3.3449770992366417,0.63,0.37,9.9,32.7,81.1,,,,,,,,,,,,,,,,,,,,,,,48.5,5.39,0.25,-1.18,16.67,4.0,32.76,50.0,9.0,3.44,4.0,0.92,0.88,10.3,32.6,92.1
Agustin Ramirez,C,T,327.5,4.89,66.97341513292434,3.045984732824427,0.3,1.09,4.7,29.3,84.6,37.0,9.25,1.11,0.62,16.67,1.0,31.82,100.0,4.0,3.0,2.0,61.5,6.83,1.6,1.11,15.38,2.0,27.59,100.0,9.0,2.67,3.0,81.0,4.05,0.56,0.54,8.57,3.0,33.06,90.91,20.0,2.75,6.0,0.17,-0.38,11.0,32.1,76.9
Tyler ONeill,RF,FA,327.5,3.85,85.06493506493506,2.71557251908397,0.17,-0.06,8.8,27.9,70.0,,,,,,,,,,,,,,,,,,,,,,,,,,,,,,,,,,1.14,-0.14,16.5,28.3,74.6
Alex Freeland,SS,T,327.5,3.68,88.9945652173913,2.595664122137405,-0.0,0.3,6.2,21.7,65.8,10.5,5.25,-0.19,-1.61,20.0,1.0,21.43,0.0,2.0,2.5,2.0,51.5,6.44,-0.97,-1.35,6.67,1.0,19.64,20.0,8.0,2.38,4.0,76.0,4.47,0.28,-0.1,10.0,3.0,17.76,50.0,17.0,2.12,8.0,0.14,0.22,8.0,19.3,66.7
Miguel Rojas,2B,FA,327.5,3.18,102.9874213836478,2.116763358778626,-0.83,-0.64,5.0,32.7,69.8,28.0,7.0,0.25,0.14,9.09,1.0,27.78,75.0,4.0,3.0,2.0,36.5,4.56,-0.07,0.06,5.56,1.0,33.33,80.0,8.0,2.5,2.0,60.0,2.86,-0.57,-0.18,2.5,1.0,40.0,85.71,21.0,2.1,2.0,-0.15,0.63,4.1,26.9,81.6
Max Clark,CF,T,327.0,6.96,46.98275862068966,3.405504587155963,-0.69,0.17,2.4,29.0,74.0,26.5,5.3,1.23,0.79,16.67,2.0,10.71,66.67,5.0,3.2,3.0,111.0,10.09,0.31,0.47,6.45,2.0,19.23,69.23,11.0,3.45,10.0,201.0,8.04,-0.16,0.32,3.12,2.0,24.56,71.43,25.0,3.28,16.0,,,,,
Austin Hedges,C,FA,325.5,4.07,79.97542997542998,2.588294930875576,-0.21,0.49,4.1,26.2,73.8,12.0,6.0,,,0.0,0.0,12.5,100.0,2.0,3.5,1.0,26.0,5.2,-0.01,0.86,0.0,0.0,17.86,77.78,5.0,3.2,3.0,35.0,2.92,-0.54,0.25,0.0,0.0,26.03,72.22,12.0,3.0,3.0,-0.14,0.81,3.4,29.8,87.5
Taylor Trammell,CF,FA,322.5,3.39,95.13274336283186,2.543813953488372,1.35,0.78,12.7,28.4,80.0,18.0,4.5,1.27,-0.84,33.33,1.0,33.33,50.0,4.0,2.5,2.0,30.5,3.81,2.34,0.9,25.0,3.0,22.22,85.71,8.0,2.75,2.0,53.0,2.41,1.07,0.58,13.16,5.0,29.5,85.71,22.0,2.64,3.0,0.28,0.48,7.8,21.9,73.2
Brandon Valenzuela,C,FA,322.0,3.66,87.97814207650273,2.6483850931677018,0.18,0.47,6.6,28.7,76.9,4.5,2.25,,,0.0,0.0,0.0,100.0,2.0,1.5,0.0,18.5,4.62,-0.3,0.46,0.0,0.0,23.08,75.0,4.0,2.5,2.0,22.5,2.05,-0.05,0.98,0.0,0.0,25.0,87.5,11.0,2.18,3.0,,,,,
Matt Shaw,3B,T,321.0,4.34,73.963133640553,2.163239875389408,-1.08,-0.9,4.5,32.5,66.7,3.0,1.0,,,0.0,0.0,23.08,,3.0,3.0,0.0,18.0,2.57,,,0.0,0.0,20.0,0.0,7.0,1.71,1.0,65.0,3.61,0.23,0.81,3.7,1.0,21.59,77.78,18.0,1.89,5.0,-0.71,-0.83,7.0,30.7,69.9
Alejandro Osuna,LF,FA,320.5,3.96,80.93434343434343,2.434071762870515,-1.4,-0.47,0.6,31.6,70.3,4.0,1.33,,,0.0,0.0,60.0,0.0,3.0,1.67,0.0,5.0,1.0,,,0.0,0.0,63.64,0.0,5.0,1.2,1.0,5.0,1.0,,,0.0,0.0,63.64,0.0,5.0,1.2,1.0,-1.13,-1.23,6.0,24.8,57.4
Trevor Story,SS,FA,320.0,5.33,60.0375234521576,3.98084375,-1.37,-1.59,5.6,43.6,73.6,42.5,10.62,1.48,1.01,18.18,2.0,24.32,100.0,4.0,3.75,3.0,71.5,7.94,0.5,-0.13,13.04,3.0,38.67,83.33,9.0,3.67,4.0,126.0,6.63,0.08,-0.32,9.62,5.0,42.55,86.67,19.0,3.89,8.0,-0.12,-0.58,9.9,35.3,78.9
Tyler Tolbert,CF,FA,315.5,3.99,79.07268170426065,1.5808240887480192,0.16,1.3,3.0,26.6,83.3,8.5,2.12,,,0.0,0.0,36.36,50.0,4.0,1.0,1.0,6.0,0.86,,,0.0,0.0,31.82,66.67,7.0,1.43,1.0,42.5,2.36,-0.55,0.25,0.0,0.0,25.58,71.43,18.0,1.17,6.0,0.33,1.72,2.4,31.3,100.0
Marcell Ozuna,DH,FA,313.0,4.47,70.02237136465325,3.584568690095846,-0.38,-0.62,7.7,26.7,62.2,,,,,,,,,,,,,,,,,,,,,,,,,,,,,,,,,,0.69,0.28,11.5,22.4,71.6
Christian Vazquez,C,FA,311.5,3.66,85.10928961748634,2.7964044943820223,-1.9,-1.56,2.1,36.4,64.5,0.0,0.0,,,0.0,0.0,0.0,,1.0,2.0,0.0,-3.0,-1.0,,,0.0,0.0,50.0,,3.0,2.33,0.0,3.0,0.33,-2.47,-2.57,0.0,0.0,42.22,33.33,9.0,2.33,1.0,-0.56,0.09,3.8,25.7,73.8
Jacob Gonzalez,2B,FA,308.0,3.9,78.97435897435898,2.5577922077922075,-0.36,0.22,4.3,37.9,86.2,0.0,0.0,,,,,,,,,,3.5,0.58,,,0.0,0.0,45.45,100.0,6.0,1.17,0.0,31.0,1.82,0.83,1.07,7.69,2.0,31.08,100.0,17.0,2.06,1.0,,,,,
Samad Taylor,2B,FA,306.5,7.13,42.98737727910238,3.186982055464927,-1.86,-1.94,4.0,29.5,51.2,58.5,11.7,1.07,0.41,18.18,2.0,18.18,66.67,5.0,2.6,4.0,103.0,10.3,0.01,-0.12,7.69,2.0,23.64,60.0,10.0,2.9,8.0,127.5,7.5,-0.59,-0.58,4.88,2.0,30.97,61.11,17.0,2.94,11.0,,,,,
Connor Wong,C,FA,296.5,4.01,73.94014962593516,2.772512647554806,-0.53,-0.12,4.6,31.9,74.6,0.5,0.25,,,0.0,0.0,80.0,,2.0,2.0,0.0,0.5,0.25,,,0.0,0.0,80.0,,2.0,2.0,0.0,13.0,1.3,-1.46,-1.09,0.0,0.0,40.0,64.29,10.0,3.4,3.0,-1.81,-1.62,3.1,32.4,63.1
Jose Fernandez,SS,FA,294.5,4.21,69.95249406175772,2.816196943972835,-1.66,-1.62,3.9,36.4,63.8,-4.0,-1.33,,,,0.0,28.57,0.0,3.0,2.33,0.0,-0.5,-0.1,,,0.0,0.0,23.08,0.0,5.0,2.0,0.0,7.0,0.78,,,0.0,0.0,37.84,50.0,9.0,2.11,1.0,,,,,
Brent Rooker,DH,T,289.0,6.02,48.00664451827243,3.7286505190311416,1.48,0.31,15.5,31.0,78.2,,,,,,,,,,,,,,,,,,,,,,,,,,,,,,,,,,1.51,1.02,13.7,26.5,85.5
Luis Lara,CF,T,289.0,4.98,58.03212851405622,3.0155709342560555,-0.67,-0.1,3.7,24.9,65.6,9.0,2.25,-0.89,-0.6,0.0,0.0,37.5,66.67,4.0,3.5,1.0,31.5,3.94,-1.34,-1.0,0.0,0.0,32.65,50.0,8.0,3.62,4.0,93.5,4.45,-0.52,-0.04,2.13,1.0,28.48,69.57,21.0,3.38,10.0,,,,,
Alika Williams,3B,FA,288.5,3.32,86.8975903614458,2.3821143847487,-1.51,-0.77,1.2,37.1,74.2,20.5,4.1,-0.48,0.0,0.0,0.0,30.43,75.0,5.0,3.0,3.0,34.5,3.45,-1.1,-1.49,6.25,1.0,36.59,42.86,10.0,2.5,4.0,117.0,5.09,-1.11,-0.87,1.92,1.0,39.25,68.18,23.0,3.0,11.0,,,,,
Endy Rodriguez,1B,T,286.5,6.37,44.976452119309265,3.001570680628272,0.99,0.74,10.6,26.1,76.5,,,,,,,,,,,,,,,,,,,,,,,,,,,,,,,,,,-0.67,0.19,2.6,19.5,66.7
Brenton Doyle,CF,FA,286.5,3.45,83.04347826086956,2.3722513089005237,0.0,0.26,6.4,34.2,81.8,37.5,7.5,0.8,0.86,10.0,1.0,27.27,100.0,5.0,4.0,5.0,52.0,4.73,-0.12,-0.11,6.25,1.0,34.88,77.78,11.0,2.82,7.0,89.5,4.47,-0.05,-0.32,8.33,2.0,39.71,81.82,20.0,2.4,8.0,0.51,0.14,10.9,30.2,80.4
Logan OHoppe,C,FA,285.0,3.35,85.07462686567163,2.9621052631578952,0.04,-0.33,9.1,34.8,76.1,,,,,,,,,,,,2.5,2.5,,,0.0,0.0,50.0,,1.0,1.0,0.0,22.0,2.44,,,0.0,0.0,30.3,75.0,9.0,1.67,4.0,0.68,-0.13,13.3,31.7,79.3
Ramon Laureano,LF,FA,284.0,5.36,52.98507462686567,3.4349295774647888,1.26,0.27,14.3,32.7,80.0,,,,,,,,,,,,,,,,,,,,,,,,,,,,,,,,,,1.07,0.32,13.9,25.8,76.6
Blaze Jordan,3B,T,279.5,4.82,57.98755186721991,3.2075849731663686,0.16,-0.38,10.1,35.7,76.7,,,,,,,,,,,,,,,,,,,,,,,23.5,7.83,,,33.33,1.0,30.77,100.0,3.0,1.67,1.0,,,,,
Jasson Dominguez,LF,T,279.5,4.9,57.04081632653061,3.664042933810376,-0.73,-0.64,5.6,34.4,72.1,,,,,,,,,,,,7.0,7.0,,,0.0,0.0,13.33,0.0,1.0,4.0,1.0,9.5,2.38,,,14.29,1.0,16.67,50.0,4.0,2.25,1.0,-0.31,-0.23,7.0,30.8,76.9
Jonah Cox,CF,FA,279.0,4.81,58.00415800415801,2.2756989247311825,-0.27,-0.1,6.2,33.7,77.1,26.5,5.3,-1.24,-1.1,0.0,0.0,51.72,75.0,5.0,3.4,1.0,78.0,7.09,-0.77,-0.2,0.0,0.0,34.62,75.0,11.0,3.82,6.0,201.5,7.46,0.02,0.54,3.51,2.0,28.25,82.76,27.0,3.3,18.0,,,,,
Hunter Feduccia,C,FA,273.5,3.04,89.96710526315789,2.3119561243144426,0.14,0.14,7.8,24.7,68.0,2.0,1.0,,,0.0,0.0,0.0,,2.0,2.5,0.0,21.0,5.25,-0.19,0.61,0.0,0.0,15.15,66.67,4.0,2.5,0.0,50.5,3.61,0.36,0.95,4.0,1.0,17.98,75.0,14.0,2.36,1.0,0.35,0.49,8.2,23.2,75.0
Freddy Fermin,C,FA,272.5,2.9,93.96551724137932,2.415779816513761,-0.42,0.21,3.9,34.3,81.4,1.0,0.5,,,0.0,0.0,35.71,0.0,2.0,2.0,0.0,19.5,3.25,-0.96,-0.47,0.0,0.0,39.29,75.0,6.0,2.17,0.0,35.0,2.69,-0.51,-0.51,5.26,1.0,33.33,66.67,13.0,2.15,2.0,-0.38,0.28,4.2,31.4,83.5
Petey Halpin,CF,FA,271.5,3.48,78.01724137931035,2.1790055248618785,-0.23,0.1,5.6,39.3,86.7,6.0,1.5,,,0.0,0.0,80.0,,4.0,1.25,1.0,34.5,4.31,,,9.09,1.0,46.67,100.0,8.0,1.62,4.0,66.5,3.5,-0.44,-0.15,3.57,1.0,40.74,87.5,19.0,1.63,9.0,,,,,
Josh Smith,SS,FA,270.5,3.61,74.93074792243767,2.655785582255083,-0.51,-0.57,6.7,34.7,73.3,0.0,0.0,-0.94,-0.66,0.0,0.0,38.71,66.67,4.0,2.5,1.0,9.5,1.06,-0.73,-0.14,0.0,0.0,38.98,83.33,9.0,2.44,3.0,62.0,3.88,0.22,0.7,4.35,1.0,30.39,90.0,16.0,2.19,7.0,-0.47,-0.04,5.0,25.8,72.4
Roman Anthony,RF,T,269.5,5.28,51.041666666666664,3.820408163265306,0.24,-0.68,11.9,22.7,56.3,39.0,7.8,0.64,0.18,14.29,2.0,26.92,75.0,5.0,4.4,1.0,53.5,5.35,0.42,0.11,10.34,3.0,30.88,77.78,10.0,4.3,2.0,128.5,6.12,1.16,0.43,15.0,9.0,24.69,74.07,21.0,4.33,9.0,0.3,-1.19,15.6,20.1,51.6
Adolis Garcia,RF,FA,267.5,3.99,67.04260651629072,3.4455700934579445,0.35,0.09,9.3,29.8,74.1,,,,,,,,,,,,,,,,,,,,,,,,,,,,,,,,,,-0.06,-0.86,11.6,35.8,76.3
Marcelo Mayer,3B,T,267.0,3.71,71.96765498652292,2.9040823970037453,0.27,0.73,6.1,29.1,80.3,-4.0,-2.0,,,,0.0,26.67,100.0,2.0,2.0,0.0,-4.0,-2.0,,,,0.0,26.67,100.0,2.0,2.0,0.0,-4.0,-2.0,,,,0.0,26.67,100.0,2.0,2.0,0.0,-0.24,-0.61,9.2,29.6,70.9
Rafael Flores,1B,FA,265.0,6.02,44.01993355481728,3.021358490566038,1.08,-0.21,15.2,28.9,69.6,32.5,8.12,2.25,0.58,33.33,2.0,19.23,75.0,4.0,3.0,1.0,60.5,6.05,1.03,0.37,15.0,3.0,27.87,80.0,10.0,3.3,3.0,113.0,5.38,0.59,0.05,12.0,6.0,27.07,69.23,21.0,3.43,6.0,,,,,
Isiah Kiner-Falefa,SS,FA,265.0,4.27,62.060889929742395,2.4169811320754713,-1.44,-0.92,2.3,32.7,66.7,3.0,0.6,-0.45,0.05,0.0,0.0,42.86,100.0,5.0,2.4,1.0,5.5,0.69,-1.13,-0.71,0.0,0.0,38.24,66.67,8.0,2.38,1.0,39.5,2.63,-0.58,0.21,0.0,0.0,25.37,70.0,15.0,2.27,2.0,-1.63,-0.98,1.4,32.2,70.1
Danny Jansen,C,FA,263.0,4.24,62.02830188679245,2.885779467680609,-0.45,-0.34,6.1,24.1,61.9,24.0,6.0,,,0.0,0.0,20.0,,4.0,2.75,1.0,52.0,5.78,-2.0,-1.94,0.0,0.0,17.07,0.0,9.0,2.67,3.0,124.5,7.32,0.44,0.58,7.14,3.0,18.18,66.67,17.0,2.88,7.0,1.26,1.72,8.8,20.0,84.9
Colt Emerson,SS,T,262.5,3.8,69.07894736842105,3.199238095238095,-1.24,-1.25,5.0,38.9,71.2,,,,,,,,,,,,,,,,,,,,,,,,,,,,,,,,,,,,,,
Brett Bateman,CF,T,262.5,6.91,37.98842257597684,3.948571428571429,-1.57,-0.98,1.7,28.9,61.1,18.5,4.62,-0.68,-0.29,0.0,0.0,34.09,71.43,4.0,3.0,4.0,81.0,8.1,-0.09,-0.19,7.14,2.0,33.33,73.33,10.0,3.7,11.0,177.5,7.4,-0.45,-0.04,2.82,2.0,26.29,65.79,24.0,3.79,22.0,,,,,
Brice Matthews,2B,FA,262.0,3.12,83.97435897435898,2.5245801526717555,0.57,0.6,8.5,25.6,74.3,4.0,2.0,,,0.0,0.0,50.0,,2.0,3.0,0.0,4.0,2.0,,,0.0,0.0,50.0,,2.0,3.0,0.0,4.0,2.0,,,0.0,0.0,50.0,,2.0,3.0,0.0,2.08,-0.82,26.1,31.8,71.4
Dustin Harris,LF,FA,259.5,6.49,39.984591679506934,2.7760693641618497,-1.25,-0.57,2.0,31.5,69.0,45.0,9.0,-0.86,-0.54,0.0,0.0,46.67,85.71,5.0,4.4,3.0,126.5,11.5,0.11,0.31,5.56,2.0,28.92,80.0,11.0,3.91,8.0,164.5,7.48,-0.37,-0.05,3.57,2.0,30.33,72.41,22.0,3.0,11.0,-1.11,-0.71,3.7,32.2,73.3
Alex Call,RF,FA,253.0,2.94,86.05442176870748,1.859288537549407,-0.63,0.44,1.6,24.3,70.8,2.0,0.67,,,0.0,0.0,10.0,,3.0,0.67,0.0,1.0,0.17,,,0.0,0.0,20.83,66.67,6.0,1.33,0.0,30.5,1.79,-0.64,0.11,0.0,0.0,27.59,71.43,17.0,1.71,3.0,-0.48,0.05,4.5,17.8,62.8
John Rave,RF,FA,252.5,5.26,48.00380228136882,2.6456237623762378,0.74,0.58,9.7,26.8,75.6,11.5,2.88,-0.42,0.1,0.0,0.0,24.14,66.67,4.0,3.25,2.0,41.5,4.61,-0.2,-0.28,6.67,1.0,28.0,62.5,9.0,2.67,4.0,117.0,5.85,-0.04,0.27,4.65,2.0,25.32,71.43,20.0,3.1,11.0,-0.08,0.44,5.5,22.8,73.9
Christian Koss,2B,FA,247.0,3.69,66.93766937669376,2.7936437246963566,-1.2,-1.03,4.3,38.5,73.1,6.5,1.3,-0.07,0.61,0.0,0.0,32.14,100.0,5.0,3.0,1.0,54.0,4.91,-0.93,-0.43,0.0,0.0,33.33,66.67,11.0,3.27,5.0,168.5,6.24,-1.09,-1.01,2.99,2.0,35.6,58.82,27.0,3.22,18.0,-0.9,-0.9,6.0,34.4,74.0
Tristan Gray,2B,FA,246.0,3.73,65.95174262734585,2.623130081300813,-0.19,0.07,6.0,39.3,86.4,,,,,,,,,,,,,,,,,,,,,,,,,,,,,,,,,,1.13,0.59,13.1,27.6,82.1
TJ Friedl,CF,FA,245.0,2.69,91.07806691449814,2.624122448979592,-0.12,0.9,2.9,24.1,75.6,4.0,2.0,,,0.0,0.0,0.0,,2.0,1.5,0.0,12.5,2.08,,,0.0,0.0,0.0,100.0,6.0,0.83,0.0,27.5,1.62,0.96,1.42,6.67,1.0,9.3,71.43,17.0,1.18,1.0,-0.33,0.67,2.7,18.1,70.3
Anthony Seigler,C,FA,244.5,4.99,48.99799599198396,3.0613496932515343,0.84,1.7,5.6,26.4,87.5,,,,,,,,,,,,0.0,0.0,,,0.0,0.0,50.0,100.0,1.0,2.0,0.0,6.5,1.62,,,0.0,0.0,20.69,100.0,4.0,2.0,0.0,-0.52,0.53,2.1,17.9,68.4
Bryan Torres,2B,FA,244.5,3.4,71.91176470588235,2.211042944785276,-0.71,-0.05,3.2,27.1,69.0,-5.0,-1.67,,,0.0,0.0,30.77,25.0,3.0,3.33,0.0,-3.0,-0.5,-1.2,-0.81,0.0,0.0,22.86,40.0,6.0,2.67,0.0,48.0,3.0,-0.56,0.24,0.0,0.0,24.21,68.75,16.0,2.69,4.0,,,,,
Wenceel Perez,RF,FA,243.5,4.59,53.050108932461875,3.0348665297741273,0.22,0.3,7.6,29.1,75.6,,,,,,,,,,,,,,,,,,,,,,,,,,,,,,,,,,-0.78,-1.32,8.8,32.7,66.9
David Fry,DH,FA,243.0,2.76,88.04347826086958,1.919506172839506,-0.31,-0.19,6.3,27.7,68.3,22.5,11.25,,,0.0,0.0,25.0,0.0,2.0,3.5,2.0,47.5,6.79,,,11.11,1.0,27.27,33.33,7.0,2.14,6.0,60.0,3.53,-0.24,-0.07,5.0,1.0,32.2,75.0,17.0,1.71,6.0,-0.45,-0.89,9.1,34.2,73.8
Eduardo Valencia,1B,FA,241.5,6.36,37.971698113207545,2.975900621118013,0.9,-0.45,15.1,35.6,75.8,31.5,6.3,-1.73,-1.82,0.0,0.0,52.17,50.0,5.0,3.4,4.0,52.5,7.5,-0.25,-0.17,5.26,1.0,37.21,80.0,7.0,3.43,6.0,71.5,4.77,-0.14,-0.34,7.69,3.0,40.0,81.82,15.0,3.4,8.0,,,,,
Sung Mun Song,3B,FA,238.0,3.17,75.0788643533123,1.6649159663865547,0.54,1.61,4.0,23.9,83.3,-1.0,-0.33,,,0.0,0.0,60.0,,3.0,0.67,0.0,-3.0,-0.38,,,0.0,0.0,54.55,,8.0,0.5,0.0,7.0,0.54,,,0.0,0.0,35.0,100.0,13.0,0.85,0.0,,,,,
Javier Baez,SS,FA,238.0,4.18,56.937799043062206,3.1437815126050417,-2.31,-2.36,2.9,47.2,69.8,15.5,3.88,,,50.0,1.0,43.48,100.0,4.0,2.75,1.0,14.5,2.9,,,20.0,1.0,44.83,100.0,5.0,2.8,1.0,44.5,2.97,-1.0,-1.76,8.7,2.0,46.84,60.0,15.0,2.47,5.0,-2.33,-2.92,5.5,46.1,66.4
James McCann,C,FA,235.5,4.91,47.96334012219959,2.960594479830149,-0.81,-1.44,8.5,40.1,70.7,,,,,,,,,,,,0.0,0.0,,,0.0,0.0,62.5,0.0,2.0,2.0,0.0,30.0,3.75,-0.37,-1.44,12.5,2.0,43.75,62.5,8.0,3.0,3.0,-0.39,-0.48,7.6,32.7,76.6
Kyle Higashioka,C,FA,234.5,4.04,58.04455445544554,2.842643923240938,-0.19,-0.52,8.5,31.1,69.1,,,,,,,,,,,,,,,,,,,,,,,,,,,,,,,,,,-0.19,-0.4,8.6,27.5,70.5
Carlos Correa,SS,T,231.5,7.23,32.01936376210235,3.810194384449244,-0.44,-1.32,10.3,32.0,61.4,,,,,,,,,,,,,,,,,,,,,,,,,,,,,,,,,,-0.42,-0.37,6.9,28.9,72.7
Adrian Del Castillo,C,FA,231.0,3.73,61.93029490616622,2.8903463203463207,0.21,0.59,6.3,29.8,79.7,,,,,,,,,,,,,,,,,,,,,,,-1.0,-0.33,,,0.0,0.0,40.0,,3.0,1.0,0.0,-1.04,-1.26,6.7,30.3,64.4
Jorge Barrosa,CF,FA,229.5,2.27,101.10132158590308,1.394640522875817,-1.13,-1.02,4.7,29.8,61.8,,,,,,,,,,,,8.0,2.67,,,0.0,0.0,21.74,100.0,3.0,1.67,1.0,20.5,2.56,,,0.0,0.0,29.03,100.0,8.0,1.12,3.0,-2.15,-1.45,0.0,34.8,68.2
Ben Malgeri,RF,FA,229.0,4.09,55.99022004889976,1.9289082969432314,0.72,1.24,6.8,24.2,79.5,35.0,7.0,2.68,1.21,33.33,2.0,7.14,75.0,5.0,2.2,3.0,46.5,5.17,2.89,1.2,28.57,2.0,4.76,66.67,9.0,1.44,5.0,95.5,4.34,1.01,1.28,8.0,2.0,16.85,80.95,22.0,2.05,8.0,,,,,
Noelvi Marte,RF,T,226.5,3.6,62.916666666666664,3.0198675496688745,-0.99,-0.91,5.1,41.2,78.0,,,,,,,,,,,,,,,,,,,,,,,,,,,,,,,,,,-0.26,-0.61,9.1,33.1,75.6
Nick Allen,SS,FA,226.0,2.48,91.12903225806451,1.536283185840708,-0.43,0.72,1.7,26.7,77.1,-1.0,-0.25,,,0.0,0.0,12.5,100.0,4.0,1.0,0.0,19.5,2.44,,,0.0,0.0,20.0,100.0,8.0,1.12,2.0,34.5,1.82,-0.49,0.33,0.0,0.0,31.58,83.33,19.0,1.05,3.0,-0.98,0.29,0.0,25.8,76.2
Yohendrick Pinango,LF,FA,225.5,3.89,57.969151670951156,2.9153436807095345,-0.13,-0.31,8.0,35.2,76.8,,,,,,,,,,,,,,,,,,,,,,,,,,,,,,,,,,,,,,
Graham Pauley,3B,FA,223.0,3.72,59.946236559139784,2.252017937219731,0.48,0.84,6.9,30.4,83.3,0.0,0.0,,,0.0,0.0,66.67,100.0,3.0,1.0,0.0,16.0,2.29,,,33.33,1.0,54.55,100.0,7.0,1.0,1.0,93.5,6.68,0.86,-0.14,15.79,3.0,38.81,84.62,14.0,2.0,6.0,-0.65,-0.41,5.5,27.8,70.8
Lourdes Gurriel Jr.,LF,FA,223.0,4.37,51.02974828375286,3.6449327354260093,-1.91,-2.15,4.6,40.5,63.3,,,,,,,,,,,,2.5,2.5,,,0.0,0.0,100.0,,1.0,2.0,0.0,10.0,2.5,,,0.0,0.0,48.15,66.67,4.0,3.0,1.0,-0.56,-0.65,7.2,34.5,77.0
George Lombard Jr.,SS,T,222.0,5.69,39.01581722319859,3.3832432432432435,0.33,0.59,7.1,26.8,75.7,51.0,10.2,1.36,0.83,18.18,2.0,27.78,100.0,5.0,3.8,2.0,79.5,7.23,0.85,0.8,9.68,3.0,22.39,83.33,11.0,3.91,6.0,125.0,5.68,0.52,0.71,7.14,4.0,26.32,83.33,22.0,3.64,8.0,,,,,
Thomas Saggese,2B,FA,221.0,4.17,52.99760191846523,2.754841628959276,-0.07,-0.77,10.3,35.2,71.7,-1.0,-0.25,1.14,0.66,16.67,1.0,31.03,100.0,4.0,3.25,0.0,27.0,2.7,-0.08,-0.69,11.11,3.0,37.88,66.67,10.0,3.6,4.0,155.0,7.38,0.01,-0.56,10.53,6.0,33.33,65.38,21.0,3.43,16.0,-1.09,-1.1,5.6,34.3,71.6
Brendan Donovan,2B,T,220.5,5.65,39.02654867256637,3.5104308390022676,-0.44,0.48,2.7,25.3,72.5,,,,,,,,,,,,,,,,,,,,,,,,,,,,,,,,,,0.43,0.47,8.8,25.1,77.4
Edgar Quero,C,FA,219.0,3.17,69.08517350157729,2.7068036529680364,0.09,1.26,2.7,25.7,81.7,,,,,,,,,,,,2.0,1.0,,,0.0,0.0,20.0,,2.0,1.5,0.0,4.0,1.0,,,0.0,0.0,13.33,0.0,4.0,1.0,0.0,0.41,1.55,3.7,19.1,81.8
Victor Scott,CF,FA,218.5,2.8,78.03571428571429,2.088787185354691,0.58,2.24,1.6,22.6,88.5,-2.0,-0.67,,,0.0,0.0,50.0,80.0,3.0,1.33,0.0,-2.0,-0.22,,,0.0,0.0,33.33,80.0,9.0,0.67,0.0,8.5,0.5,,,14.29,1.0,40.0,83.33,17.0,0.47,0.0,-0.07,0.84,3.7,24.5,80.8
Daniel Susac,C,FA,218.5,4.12,53.03398058252427,2.7152402745995423,-0.78,-0.64,5.3,41.8,81.8,,,,,,,,,,,,,,,,,,,,,,,,,,,,,,,,,,,,,,
Weston Wilson,LF,FA,216.0,3.04,71.05263157894737,2.1814814814814816,-0.96,-0.61,4.0,25.8,61.1,-1.0,-0.25,,,0.0,0.0,27.27,0.0,4.0,1.0,0.0,37.0,3.7,-0.34,0.4,0.0,0.0,27.27,80.0,10.0,2.1,4.0,45.5,2.68,-0.44,0.4,0.0,0.0,23.47,71.43,17.0,2.41,7.0,0.81,0.72,10.3,24.9,80.0
Jahmai Jones,RF,FA,215.0,2.36,91.10169491525424,1.6245581395348836,0.89,0.62,10.5,30.1,80.4,13.0,3.25,1.43,0.24,25.0,1.0,39.13,100.0,4.0,2.25,1.0,11.5,1.44,0.74,0.46,11.11,1.0,39.02,100.0,8.0,2.25,1.0,39.5,2.32,0.9,0.54,11.76,2.0,32.53,90.0,17.0,1.82,3.0,1.92,1.7,13.4,21.5,86.7
Victor Robles,RF,FA,209.5,3.17,66.08832807570978,2.012458233890215,0.07,1.46,1.7,36.1,97.6,,,,,,,,,,,,2.0,1.0,,,0.0,0.0,50.0,,2.0,1.0,1.0,4.0,0.67,,,0.0,0.0,50.0,,6.0,0.5,1.0,-0.76,-0.44,4.9,42.9,90.6
Jordan Lawlar,3B,T,208.5,5.21,40.019193857965455,2.7986570743405275,0.72,0.98,7.9,26.4,79.5,17.0,5.67,-1.15,-0.97,0.0,0.0,35.71,50.0,3.0,3.33,1.0,56.0,6.22,1.5,0.37,20.0,3.0,26.42,77.78,9.0,3.0,4.0,94.5,4.3,0.95,0.66,11.43,4.0,24.43,79.17,22.0,2.68,7.0,0.19,0.96,4.9,26.6,85.0
Drew Romo,C,FA,207.5,3.46,59.971098265895954,2.951421686746988,-0.31,-0.12,6.0,34.5,78.0,,,,,,,,,,,,,,,,,,,,,,,10.5,2.1,-0.36,0.52,0.0,0.0,26.92,80.0,5.0,2.8,1.0,,,,,
LaMonte Wade Jr.,1B,FA,207.0,3.91,52.94117647058823,2.361111111111111,0.22,1.31,3.3,21.3,76.5,20.5,6.83,0.3,1.15,0.0,0.0,21.74,100.0,3.0,3.67,2.0,20.5,3.42,0.01,0.89,0.0,0.0,18.75,80.0,6.0,2.5,2.0,44.5,2.78,0.12,0.53,4.55,1.0,22.86,73.33,16.0,1.94,4.0,0.35,1.29,4.5,17.0,76.0
Blake Dunn,LF,FA,204.0,5.37,37.988826815642454,3.7379411764705885,-0.82,-0.13,2.9,28.7,70.2,,,,,,,,,,,,,,,,,,,,,,,,,,,,,,,,,,-0.1,-0.26,8.6,24.7,68.4
Joshua Baez,RF,T,200.5,6.91,29.015918958031836,3.4463840399002494,0.01,-0.99,11.8,39.6,75.0,,,,,,,,,,,,19.5,4.88,,,7.69,1.0,40.0,66.67,4.0,4.0,2.0,119.0,6.26,-0.54,-0.78,6.67,3.0,40.71,72.73,19.0,3.37,13.0,,,,,
James Outman,CF,FA,198.0,2.11,93.83886255924172,1.673080808080808,0.83,1.35,7.0,30.2,88.6,,,,,,,,,,,,,,,,,,,,,,,,,,,,,,,,,,1.46,0.26,16.9,28.4,79.3
Leo Jimenez,SS,FA,197.5,2.99,66.05351170568561,2.5131139240506335,-1.13,-0.83,3.9,26.2,59.2,,,,,,,,,,,,,,,,,,,,,,,14.5,2.9,,,0.0,0.0,26.19,40.0,5.0,2.8,3.0,,,,,
Adam Frazier,2B,FA,194.0,2.9,66.89655172413794,1.9283505154639173,-1.16,-0.45,2.1,36.5,76.9,19.0,9.5,,,0.0,0.0,,,2.0,0.5,0.0,26.0,5.2,,,0.0,0.0,38.89,100.0,5.0,1.8,0.0,34.0,2.43,-1.15,-0.63,0.0,0.0,40.0,75.0,14.0,1.71,1.0,-0.97,-0.13,2.0,29.5,76.3
Pedro Pages,C,FA,191.0,2.33,81.97424892703863,2.269005235602094,-0.84,-0.53,4.4,35.3,74.5,10.0,10.0,,,0.0,0.0,33.33,100.0,1.0,4.0,1.0,10.0,2.5,,,0.0,0.0,26.32,100.0,4.0,1.75,1.0,12.5,1.56,,,0.0,0.0,26.32,75.0,8.0,1.62,1.0,-0.91,-1.21,7.4,35.9,72.4
Jose Trevino,C,FA,185.0,3.63,50.964187327823694,2.904,-2.24,-2.16,2.5,38.0,60.0,9.5,9.5,,,0.0,0.0,66.67,100.0,1.0,4.0,0.0,11.0,2.75,,,0.0,0.0,58.33,50.0,4.0,3.25,0.0,44.0,4.0,-1.22,-1.24,3.23,1.0,41.67,63.64,11.0,3.55,1.0,-1.49,-1.44,4.5,32.2,64.8
Tommy White,3B,T,182.5,3.58,50.977653631284916,3.4524931506849317,-0.69,-0.86,6.8,41.7,79.2,5.0,1.0,,,0.0,0.0,38.1,,5.0,2.4,0.0,25.5,2.83,-0.46,0.23,0.0,0.0,43.14,100.0,9.0,2.44,1.0,53.0,2.94,-0.81,-0.5,2.38,1.0,39.05,76.47,18.0,2.89,6.0,,,,,
Tommy Troy,2B,T,181.0,4.02,45.02487562189055,2.8650828729281765,0.73,0.64,9.4,27.7,77.5,,,,,,,,,,,,1.0,0.33,,,0.0,0.0,60.0,,3.0,1.0,1.0,3.5,0.58,,,0.0,0.0,38.89,100.0,6.0,1.33,1.0,,,,,
Starling Marte,DH,FA,180.0,3.05,59.016393442622956,2.5925,0.26,-0.11,9.6,35.3,79.2,,,,,,,,,,,,,,,,,,,,,,,,,,,,,,,,,,-0.22,-0.29,7.9,29.7,74.7
Carlos Narvaez,C,FA,180.0,1.94,92.78350515463917,2.5974444444444447,-0.41,-0.34,6.3,32.6,73.1,2.5,1.25,,,0.0,0.0,0.0,,2.0,1.5,0.0,1.5,0.3,,,0.0,0.0,36.36,100.0,5.0,1.2,0.0,27.0,1.69,-0.53,0.27,0.0,0.0,27.4,75.0,16.0,1.81,4.0,-0.09,-0.36,9.1,29.6,73.8
Hyeseong Kim,2B,FA,178.5,4.15,43.01204819277108,2.696918767507003,-0.93,-0.43,3.4,29.2,67.6,,,,,,,,,,,,,,,,,,,,,,,,,,,,,,,,,,-1.46,-1.01,2.7,35.3,73.9
Kyle Teel,C,T,177.0,5.06,34.9802371541502,2.944519774011299,-0.45,-1.75,12.1,33.1,58.1,8.5,2.12,-0.75,-0.38,0.0,0.0,33.33,66.67,4.0,3.75,2.0,38.5,3.5,0.25,0.22,7.69,1.0,27.27,75.0,11.0,2.73,5.0,74.0,4.62,0.78,0.08,13.64,3.0,33.09,80.0,16.0,2.75,7.0,0.54,0.47,9.6,23.7,75.5
Osleivis Basabe,SS,FA,176.0,3.91,45.012787723785166,2.8214204545454544,-0.45,-0.55,7.0,34.5,73.2,8.0,1.6,-0.26,0.33,0.0,0.0,37.5,100.0,5.0,1.8,1.0,19.0,2.11,-0.88,-0.36,0.0,0.0,27.91,60.0,9.0,1.89,1.0,78.0,3.55,-0.31,-0.23,5.41,2.0,25.58,60.0,22.0,2.27,7.0,,,,,
Alec Gamboa,P,FA,174.75,8.74,19.994279176201374,,,,,,,,,,,,,,,,,,,,,,,,,,,,,,,,,,,,,,,,,,,,
Mitch Garver,C,FA,174.5,3.49,50.0,2.52,0.25,-0.0,9.1,24.9,66.7,,,,,,,,,,,,,,,,,,,,,,,,,,,,,,,,,,0.43,0.67,7.9,20.6,73.7
Gabriel Arias,SS,FA,172.0,3.44,50.0,2.78,-0.12,-0.8,10.1,38.4,75.6,,,,,,,,,,,,0.0,0.0,,,,,,,,,,5.0,1.0,,,0.0,0.0,30.77,50.0,5.0,1.0,0.0,0.1,-0.55,11.3,38.9,84.0
Darell Hernaiz,SS,FA,172.0,3.07,56.02605863192183,2.4452906976744186,-1.2,-0.24,0.9,36.2,78.9,,,,,,,,,,,,,,,,,,,,,,,8.0,1.6,,,0.0,0.0,60.0,100.0,5.0,1.6,0.0,-0.69,0.03,3.2,30.9,80.0
Davis Schneider,LF,FA,170.5,2.62,65.07633587786259,1.7978885630498536,1.17,0.77,11.6,20.3,69.2,13.0,6.5,,,50.0,1.0,33.33,100.0,2.0,1.5,1.0,12.0,4.0,,,50.0,1.0,25.0,100.0,3.0,1.33,1.0,12.0,4.0,,,50.0,1.0,25.0,100.0,3.0,1.33,1.0,1.78,1.36,14.0,20.8,81.8
Turner Hill,CF,FA,169.5,5.47,30.987202925045704,2.968967551622419,-0.46,0.16,3.9,19.8,61.8,9.5,2.38,0.48,1.41,0.0,0.0,16.67,100.0,4.0,2.75,1.0,36.0,3.6,0.27,0.63,4.76,1.0,20.0,75.0,10.0,3.3,2.0,134.0,5.58,-0.13,0.37,3.12,2.0,18.89,62.96,24.0,3.38,11.0,,,,,
Nick Castellanos,RF,FA,167.5,4.29,39.044289044289044,2.9453731343283582,-0.38,-0.78,8.4,40.2,78.1,,,,,,,,,,,,,,,,,,,,,,,,,,,,,,,,,,-0.24,-0.25,7.6,41.0,90.2
Adael Amador,2B,T,167.0,7.59,22.00263504611331,3.0450898203592813,1.29,2.06,6.9,24.7,89.3,11.0,2.75,0.27,1.1,0.0,0.0,22.73,100.0,4.0,2.0,1.0,56.0,5.09,0.36,0.95,3.23,1.0,26.6,94.12,11.0,3.18,6.0,117.5,6.91,0.55,0.98,5.66,3.0,25.21,88.0,17.0,3.35,11.0,-0.43,0.38,3.4,27.0,78.8
KeBryan Hayes,3B,FA,166.0,1.84,90.21739130434783,2.4385542168674696,-0.56,-0.74,7.1,30.8,66.2,6.5,1.3,-2.2,-2.5,0.0,0.0,38.46,0.0,5.0,1.6,0.0,1.5,0.15,-0.76,-0.19,0.0,0.0,29.03,66.67,10.0,1.8,0.0,6.5,0.46,-0.43,0.43,0.0,0.0,31.58,85.71,14.0,2.07,1.0,-0.58,-0.11,4.6,27.0,73.2
Brandon Lockridge,LF,FA,165.5,4.36,37.95871559633027,2.6080966767371603,-1.24,-0.43,1.5,31.9,71.1,,,,,,,,,,,,,,,,,,,,,,,,,,,,,,,,,,-1.04,-0.43,2.9,33.6,78.3
Kaelen Culpepper,SS,T,165.0,5.32,31.01503759398496,3.5144242424242425,-1.4,-1.17,3.6,43.0,77.5,,,,,,,,,,,,4.5,1.5,,,0.0,0.0,42.86,75.0,3.0,2.33,0.0,90.0,5.29,-0.66,-0.25,2.13,1.0,41.38,86.36,17.0,3.47,9.0,,,,,
Jake Meyers,CF,FA,164.0,2.88,56.94444444444445,2.4760975609756097,0.01,0.29,6.3,32.6,80.0,,,,,,,,,,,,,,,,,,,,,,,0.0,0.0,,,,,,,,,,0.62,1.59,5.0,23.7,88.3
Nelson Velazquez,RF,FA,162.5,3.32,48.945783132530124,2.0022153846153845,0.44,-0.95,14.3,31.8,65.2,-1.0,-0.5,,,,0.0,33.33,,2.0,1.0,0.0,12.0,3.0,,,50.0,1.0,40.0,,4.0,1.25,1.0,33.5,2.79,,,22.22,2.0,35.42,0.0,12.0,1.75,2.0,,,,,
Leo Bernal,C,T,161.0,8.47,19.008264462809915,3.89304347826087,0.65,0.31,10.3,27.3,73.3,26.0,6.5,-0.45,-1.08,11.11,1.0,37.93,50.0,4.0,4.0,2.0,73.5,7.35,0.08,-0.81,13.79,4.0,32.94,55.56,10.0,4.1,4.0,161.0,8.47,0.52,0.21,10.34,6.0,27.33,73.33,19.0,4.05,10.0,,,,,
Harry Ford,C,FA,159.5,4.43,36.004514672686234,2.6385579937304073,2.08,2.43,10.3,18.5,85.3,3.5,1.17,0.31,1.16,0.0,0.0,21.43,100.0,3.0,2.0,1.0,16.0,2.29,0.4,1.44,0.0,0.0,21.88,100.0,7.0,1.71,3.0,64.5,4.03,0.96,0.96,9.68,3.0,23.58,84.62,16.0,2.5,7.0,,,,,
Josh Rojas,3B,FA,159.0,3.79,41.952506596306065,2.3836477987421385,0.03,1.52,1.2,31.3,92.0,4.0,4.0,,,,,,,,,,10.5,2.62,,,0.0,0.0,30.77,100.0,4.0,1.25,1.0,58.5,4.88,-0.03,1.0,0.0,0.0,32.08,100.0,12.0,2.08,5.0,0.64,1.94,3.5,19.5,86.8
Tyler Heineman,C,FA,158.5,2.06,76.94174757281553,2.248454258675079,-1.77,-1.02,0.6,42.4,78.4,0.5,0.25,,,0.0,0.0,50.0,100.0,2.0,3.0,0.0,0.5,0.12,,,0.0,0.0,60.0,100.0,4.0,2.75,0.0,16.0,1.14,-1.38,-0.97,0.0,0.0,43.33,72.73,14.0,2.36,2.0,-1.65,-1.4,3.2,32.7,66.0
Max Kepler,LF,FA,158.0,3.85,41.03896103896104,3.2164556962025315,0.32,0.41,7.8,37.3,87.5,,,,,,,,,,,,,,,,,,,,,,,3.0,0.6,,,7.14,1.0,42.42,100.0,5.0,3.6,1.0,0.97,0.68,11.6,26.7,81.9
Abimelec Ortiz,1B,T,158.0,3.76,42.02127659574468,2.950886075949367,-0.73,-1.15,7.8,36.9,69.7,0.0,0.0,-0.83,-0.5,0.0,0.0,26.67,50.0,3.0,2.33,0.0,15.5,1.94,-0.9,-0.39,0.0,0.0,30.0,62.5,8.0,2.12,1.0,42.5,2.02,-0.61,-0.22,2.44,1.0,37.23,80.0,21.0,2.76,6.0,,,,,
Alek Thomas,CF,FA,156.5,4.47,35.01118568232663,3.227539936102236,-0.54,-0.71,7.1,41.6,80.8,,,,,,,,,,,,,,,,,,,,,,,10.5,2.1,,,0.0,0.0,42.86,50.0,5.0,2.4,1.0,-0.79,-1.13,7.8,35.0,72.2
Hector Rodriguez,LF,T,155.0,4.19,36.99284009546539,3.3520000000000003,-0.28,0.02,5.6,41.1,88.2,-1.0,-0.25,-0.48,0.0,0.0,0.0,43.75,100.0,4.0,3.0,0.0,-0.5,-0.06,-0.81,-0.26,0.0,0.0,40.0,81.82,9.0,3.33,0.0,110.0,4.78,-0.49,-0.46,5.17,3.0,42.94,84.0,23.0,3.78,10.0,,,,,
Tyler Callihan,LF,FA,153.5,3.84,39.973958333333336,2.3765472312703584,0.19,0.44,6.8,33.5,82.9,,,,,,,,,,,,,,,,,,,,,,,,,,,,,,,,,,,,,,
Joey Bart,C,FA,152.0,3.45,44.05797101449275,2.542105263157895,-0.6,-0.94,7.7,32.8,66.7,,,,,,,,,,,,,,,,,,,,,,,,,,,,,,,,,,0.43,0.14,10.4,23.2,71.0
Drew Millas,C,FA,152.0,3.04,50.0,2.6,-1.33,-0.97,3.2,28.8,61.1,,,,,,,,,,,,,,,,,,,,,,,,,,,,,,,,,,0.03,1.29,2.3,17.4,76.5
MJ Melendez,LF,FA,151.5,2.71,55.904059040590404,2.1465346534653467,0.94,0.55,11.1,29.5,78.9,,,,,,,,,,,,,,,,,,,,,,,,,,,,,,,,,,-0.71,-1.06,8.1,32.8,70.0
Jordan Beck,LF,FA,151.0,2.56,58.984375,2.6108609271523178,-0.69,-0.16,3.8,38.0,82.1,-2.0,-0.67,,,0.0,0.0,50.0,,3.0,1.33,0.0,12.5,1.56,-0.0,0.87,0.0,0.0,31.82,100.0,8.0,2.12,2.0,19.5,1.22,-0.71,0.01,0.0,0.0,40.0,90.0,16.0,2.19,3.0,0.33,0.16,9.6,27.4,76.8
Drew Cavanaugh,C,FA,148.5,2.65,56.0377358490566,2.426936026936027,0.34,1.22,4.4,27.5,83.7,4.0,1.33,,,0.0,0.0,30.0,100.0,3.0,1.67,0.0,21.0,2.62,0.4,1.43,0.0,0.0,21.95,100.0,8.0,1.75,2.0,60.0,2.86,0.68,0.97,6.9,2.0,27.12,90.91,21.0,2.33,4.0,,,,,
Joey Loperfido,LF,FA,148.5,3.71,40.02695417789757,2.5732659932659936,0.34,0.67,6.8,29.8,80.6,,,,,,,,,,,,-1.0,-1.0,,,,0.0,50.0,,1.0,1.0,0.0,-1.0,-1.0,,,,0.0,50.0,,1.0,1.0,0.0,-0.37,-0.04,5.7,34.0,83.3
Victor Bericoto,1B,FA,146.5,3.96,36.994949494949495,2.5679180887372013,0.56,-0.86,14.7,42.9,80.8,29.5,7.38,1.87,0.03,33.33,2.0,43.33,100.0,4.0,3.25,2.0,29.5,7.38,,,33.33,2.0,43.33,100.0,4.0,3.25,2.0,29.5,7.38,,,33.33,2.0,43.33,100.0,4.0,3.25,2.0,,,,,
Jimmy Crooks,C,FA,145.5,2.8,51.964285714285715,2.5786941580756015,0.15,-0.74,11.6,36.3,73.5,,,,,,,,,,,,,,,,,,,,,,,20.0,5.0,,,40.0,2.0,22.22,66.67,4.0,2.0,1.0,0.57,1.05,7.1,27.7,87.5
Everson Pereira,CF,FA,144.5,3.8,38.026315789473685,2.5771626297577854,0.74,-0.12,12.7,37.4,81.8,,,,,,,,,,,,,,,,,,,,,,,,,,,,,,,,,,0.65,1.0,7.9,23.5,81.3
Alan Roden,LF,FA,143.0,4.77,29.979035639413002,2.468391608391608,-0.55,-0.14,4.6,26.1,66.7,34.5,17.25,-0.5,-0.02,0.0,0.0,30.77,75.0,2.0,3.5,1.0,34.5,17.25,,,0.0,0.0,30.77,75.0,2.0,3.5,1.0,39.0,13.0,,,0.0,0.0,22.22,75.0,3.0,3.33,1.0,-2.18,-1.93,2.0,32.8,60.0
Juan Brito,2B,FA,143.0,4.93,29.00608519269777,3.137272727272727,-0.55,-0.42,5.8,32.8,72.4,2.0,0.67,-0.59,-0.15,0.0,0.0,46.67,100.0,3.0,2.67,0.0,47.5,5.28,0.34,0.21,8.7,2.0,34.29,85.71,9.0,2.78,1.0,97.5,6.96,0.11,-0.12,8.57,3.0,29.11,68.75,14.0,2.86,5.0,,,,,
Giancarlo Stanton,DH,T,141.0,5.88,23.979591836734695,3.753191489361702,0.92,-1.11,18.0,30.3,61.5,,,,,,,,,,,,,,,,,,,,,,,,,,,,,,,,,,1.26,-1.17,22.1,25.5,59.0
Angel Genao,SS,T,139.0,3.66,37.97814207650273,3.1860431654676264,-0.18,0.31,5.0,26.7,72.5,-2.0,-0.67,,,0.0,0.0,14.29,50.0,3.0,1.67,0.0,4.0,0.57,1.07,1.19,9.09,1.0,17.14,85.71,7.0,2.29,1.0,46.0,2.19,0.07,0.5,4.26,2.0,24.31,75.0,21.0,2.86,6.0,,,,,
Max Schuemann,2B,FA,138.0,3.21,42.99065420560748,1.674782608695652,1.79,2.11,9.8,21.9,86.2,0.0,0.0,,,,,,,,,,0.0,0.0,,,,,,,,,,0.0,0.0,,,,,,,,,,0.2,1.48,2.6,19.0,80.8
Jim Jarvis,SS,FA,138.0,3.63,38.01652892561984,2.9197826086956518,-0.14,0.78,3.3,28.0,79.4,,,,,,,,,,,,,,,,,,,,,,,,,,,,,,,,,,,,,,
Kahlil Watson,CF,FA,138.0,5.11,27.00587084148728,3.258550724637681,-0.83,-1.14,7.1,35.3,67.7,,,,,,,,,,,,,,,,,,,,,,,,,,,,,,,,,,,,,,
Braden Shewmake,SS,FA,138.0,4.06,33.99014778325123,2.5007246376811594,-1.86,-2.63,6.9,52.6,73.9,,,,,,,,,,,,,,,,,,,,,,,,,,,,,,,,,,,,,,
Charles McAdoo,3B,FA,134.5,4.08,32.96568627450981,2.669442379182156,-0.34,0.19,4.5,34.8,81.8,13.0,13.0,,,0.0,0.0,42.86,,1.0,3.0,1.0,20.5,4.1,,,0.0,0.0,38.89,100.0,5.0,1.6,2.0,36.5,2.81,-1.22,-0.74,0.0,0.0,36.51,66.67,13.0,1.85,4.0,,,,,
Blake Perkins,CF,FA,134.5,2.45,54.897959183673464,1.6211895910780671,-0.76,-0.4,4.4,28.9,67.5,,,,,,,,,,,,,,,,,,,,,,,,,,,,,,,,,,-0.47,0.24,3.7,18.5,65.9
Austin Hays,LF,FA,132.0,3.88,34.02061855670103,2.6454545454545455,-1.01,-0.8,4.5,37.3,74.1,-1.0,-0.5,,,0.0,0.0,33.33,,2.0,1.5,0.0,25.0,6.25,,,16.67,1.0,42.86,100.0,4.0,2.25,3.0,40.5,3.12,-0.31,-0.18,5.0,1.0,41.86,88.89,13.0,2.0,5.0,0.0,-0.52,10.5,34.4,78.3
Grant McCray,RF,FA,130.0,3.17,41.00946372239748,1.8288461538461538,0.37,-0.46,11.8,27.1,64.5,10.0,2.5,,,0.0,0.0,27.27,100.0,4.0,1.0,0.0,29.5,4.21,0.67,-0.05,14.29,1.0,26.67,66.67,7.0,1.57,3.0,65.0,3.82,0.66,-0.1,13.64,3.0,27.66,66.67,17.0,2.06,8.0,,,,,
Harrison Bader,CF,FA,127.0,4.23,30.023640661938533,3.5305511811023624,-0.99,-1.64,8.2,38.7,66.7,,,,,,,,,,,,,,,,,,,,,,,,,,,,,,,,,,-0.41,-1.07,10.2,32.6,69.6
Nick Yorke,2B,T,126.5,3.16,40.03164556962025,2.5979446640316204,-0.29,0.15,5.0,31.8,77.4,,,,,,,,,,,,,,,,,,,,,,,7.0,1.0,,,0.0,0.0,35.71,80.0,7.0,1.14,0.0,-1.12,-0.33,1.9,31.1,76.2
Colby Thomas,RF,FA,126.0,2.29,55.02183406113537,2.071904761904762,0.18,-0.06,8.9,42.9,89.7,,,,,,,,,,,,,,,,,,,,,,,,,,,,,,,,,,0.25,-0.76,13.3,40.2,83.3
Jhonny Pereda,C,FA,126.0,4.34,29.03225806451613,2.893333333333333,-0.13,0.86,3.0,25.4,76.9,,,,,,,,,,,,18.5,18.5,,,0.0,0.0,16.67,100.0,1.0,2.0,1.0,38.0,9.5,,,0.0,0.0,21.21,83.33,4.0,2.5,2.0,-0.31,0.4,4.1,20.2,70.0
Yoan Moncada,3B,FA,126.0,3.07,41.042345276872965,2.7045238095238093,-0.68,-1.06,7.7,21.1,50.0,,,,,,,,,,,,,,,,,,,,,,,,,,,,,,,,,,1.52,0.91,14.3,24.3,81.3
Bryan De La Cruz,LF,FA,125.5,4.18,30.023923444976077,2.198247011952191,-0.19,0.58,3.8,34.8,86.1,,,,,,,,,,,,5.5,1.38,,,0.0,0.0,20.0,100.0,4.0,2.5,2.0,24.5,2.23,-0.14,0.84,0.0,0.0,27.69,88.89,11.0,2.45,4.0,-0.7,-0.79,6.9,32.9,73.3
Edwin Arroyo,SS,T,124.0,2.48,50.0,2.96,-1.05,-0.44,2.7,39.7,81.3,,,,,,,,,,,,,,,,,,,,,,,1.0,0.17,,,10.0,1.0,41.46,100.0,6.0,2.83,1.0,,,,,
Pavin Smith,1B,FA,123.5,3.53,34.98583569405099,2.6868016194331985,0.07,0.57,5.5,25.7,74.1,18.0,6.0,,,50.0,1.0,33.33,100.0,3.0,1.33,1.0,49.0,7.0,1.57,0.9,16.67,2.0,31.25,100.0,7.0,2.29,3.0,49.0,7.0,,,16.67,2.0,31.25,100.0,7.0,2.29,3.0,0.7,0.26,11.7,22.7,71.7
Ramon Urias,3B,FA,122.0,2.84,42.95774647887324,2.001967213114754,0.78,0.54,10.1,25.8,73.9,,,,,,,,,,,,-2.0,-0.4,,,0.0,0.0,33.33,,5.0,0.6,0.0,40.5,2.38,0.19,-0.31,10.53,2.0,28.07,62.5,17.0,1.47,4.0,0.31,0.45,8.1,27.6,80.4
Walker Jenkins,CF,T,121.5,5.52,22.010869565217394,2.998518518518518,0.01,-0.11,8.0,25.8,66.7,72.0,12.0,0.43,0.32,10.0,2.0,27.03,80.0,6.0,4.17,6.0,70.0,7.0,0.06,-0.49,11.11,3.0,30.16,60.0,10.0,3.6,7.0,121.5,5.52,0.15,0.03,8.0,4.0,25.83,66.67,22.0,3.18,11.0,,,,,
Brian Serven,C,FA,121.0,4.48,27.00892857142857,2.8138842975206613,-0.0,-0.33,8.9,31.3,71.4,-1.0,-0.5,,,0.0,0.0,16.67,100.0,2.0,2.0,0.0,0.0,0.0,,,0.0,0.0,30.43,100.0,5.0,2.0,0.0,30.0,2.5,0.07,0.47,4.35,1.0,32.81,88.89,12.0,2.75,3.0,,,,,
Enrique Hernandez,1B,FA,117.5,3.09,38.02588996763754,2.1301276595744683,-0.61,-0.89,7.4,33.7,68.4,5.0,1.25,-1.85,-1.99,0.0,0.0,28.57,0.0,4.0,1.75,0.0,15.5,1.94,-0.24,0.53,0.0,0.0,25.0,80.0,8.0,2.25,0.0,59.5,2.98,0.24,0.37,6.67,2.0,25.0,73.33,20.0,2.35,6.0,0.24,0.05,9.5,32.0,81.7
Zac Veen,LF,T,116.5,3.53,33.0028328611898,1.787725321888412,0.98,1.07,9.1,41.2,100.0,5.5,1.38,,,0.0,0.0,41.67,,4.0,2.5,1.0,19.5,1.95,-0.23,0.55,0.0,0.0,37.5,100.0,10.0,2.0,2.0,67.5,2.93,0.18,0.57,4.76,1.0,38.05,100.0,23.0,1.65,5.0,0.63,1.61,5.0,32.3,100.0
Leo Rivas,2B,FA,115.5,2.41,47.9253112033195,2.4204329004329006,0.64,2.4,1.3,16.3,82.0,,,,,,,,,,,,,,,,,,,,,,,,,,,,,,,,,,1.25,2.96,3.0,8.1,83.3
Will Benson,RF,FA,113.5,2.23,50.89686098654708,1.8861674008810574,2.5,2.49,12.7,22.1,90.6,,,,,,,,,,,,,,,,,,,,,,,,,,,,,,,,,,1.93,1.28,15.4,27.5,89.9
Matt Wallner,RF,FA,112.5,3.31,33.987915407854985,3.530666666666667,0.48,0.03,10.4,31.6,75.8,,,,,,,,,,,,,,,,,,,,,,,,,,,,,,,,,,1.61,1.13,13.9,28.4,89.3
Cody Freeman,2B,FA,112.0,3.39,33.03834808259587,2.481964285714286,-1.7,-1.1,1.4,28.0,58.6,,,,,,,,,,,,-1.0,-0.33,,,,0.0,100.0,,3.0,0.33,0.0,66.5,3.91,-1.21,-1.12,2.5,1.0,31.91,50.0,17.0,2.47,5.0,-1.35,-1.17,4.2,34.8,71.4
Shay Whitcomb,2B,FA,110.0,2.44,45.08196721311476,2.2847272727272725,0.35,-0.59,12.2,37.1,76.2,0.5,0.1,-0.43,0.08,0.0,0.0,42.31,100.0,5.0,2.6,1.0,27.0,2.45,0.55,0.4,9.52,2.0,35.85,93.33,11.0,2.91,4.0,77.5,2.87,0.41,-0.16,11.67,7.0,36.0,79.31,27.0,2.96,6.0,-0.18,0.51,4.5,29.9,84.2
Sean Murphy,C,FA,110.0,3.79,29.023746701846964,3.2731818181818184,-0.45,-0.77,7.9,35.0,71.4,4.0,1.33,1.07,2.28,0.0,0.0,0.0,100.0,3.0,3.0,1.0,19.5,2.79,0.65,0.15,12.5,2.0,35.29,85.71,7.0,3.43,3.0,104.5,6.15,0.45,-0.39,13.51,5.0,31.75,66.67,17.0,3.29,10.0,1.18,0.59,13.4,25.9,79.8
Jase Bowen,CF,FA,108.5,1.39,78.05755395683454,1.1658064516129032,-1.45,-2.58,9.3,43.5,62.5,-2.0,-0.5,,,,0.0,50.0,,4.0,0.5,0.0,-3.0,-0.33,,,0.0,0.0,50.0,100.0,9.0,0.56,0.0,5.0,0.24,,,0.0,0.0,41.03,66.67,21.0,0.67,0.0,,,,,
Rob Refsnyder,DH,FA,107.5,2.03,52.95566502463055,2.1527441860465113,0.99,1.2,8.6,25.7,81.1,,,,,,,,,,,,,,,,,,,,,,,,,,,,,,,,,,1.15,0.8,12.3,19.1,73.1
Ryan Ward,LF,FA,107.5,5.38,19.981412639405203,2.7525581395348837,0.45,-0.1,10.8,32.1,75.0,,,,,,,,,,,,,,,,,,,,,,,,,,,,,,,,,,,,,,
Lenyn Sosa,2B,FA,107.0,2.68,39.92537313432835,2.830280373831776,-3.53,-4.8,5.6,50.0,46.4,,,,,,,,,,,,,,,,,,,,,,,,,,,,,,,,,,-1.57,-2.86,10.4,41.0,60.3
Jake Fraley,RF,FA,104.0,3.35,31.044776119402986,2.8346153846153848,0.85,1.02,8.5,22.6,75.0,-2.0,-0.67,,,0.0,0.0,31.25,100.0,3.0,2.0,0.0,-2.0,-0.67,,,0.0,0.0,31.25,100.0,3.0,2.0,0.0,-2.0,-0.67,,,0.0,0.0,31.25,100.0,3.0,2.0,0.0,-0.21,0.35,5.0,26.6,78.0
Sterlin Thompson,LF,FA,100.0,3.7,27.027027027027025,2.5530000000000004,1.21,2.08,6.3,29.5,95.8,,,,,,,,,,,,,,,,,,,,,,,,,,,,,,,,,,,,,,
Josue De Paula,RF,T,99.5,9.05,10.994475138121546,,,,,,,59.5,11.9,0.61,0.74,8.33,1.0,16.22,75.0,5.0,3.4,5.0,99.5,9.05,1.24,0.99,12.5,3.0,18.18,81.82,11.0,2.82,7.0,99.5,9.05,1.44,1.23,12.5,3.0,18.18,81.82,11.0,2.82,7.0,,,,,
Joshua Kuroda-Grauer,SS,FA,99.5,5.85,17.00854700854701,3.527638190954774,-1.98,-1.64,1.9,40.0,68.4,-2.0,-2.0,,,,,,,,,,-2.0,-2.0,,,,,,,,,,-2.0,-2.0,,,,,,,,,,,,,,
Eric Haase,C,FA,98.5,3.4,28.97058823529412,2.5543147208121826,0.28,-1.66,16.3,36.3,63.3,,,,,,,,,,,,,,,,,,,,,,,,,,,,,,,,,,-0.3,-0.88,10.0,30.9,69.6
Braxton Fulford,C,FA,97.5,2.22,43.91891891891891,1.6393846153846157,0.4,0.65,7.3,27.9,77.8,,,,,,,,,,,,0.0,0.0,,,0.0,0.0,14.29,75.0,1.0,3.0,0.0,0.0,0.0,,,0.0,0.0,14.29,75.0,1.0,3.0,0.0,0.36,1.13,5.3,27.4,88.0
Jesus Rodriguez,C,FA,97.5,4.43,22.00902934537246,2.317230769230769,-1.03,-0.32,2.3,34.8,76.2,,,,,,,,,,,,,,,,,,,,,,,,,,,,,,,,,,,,,,
Ronny Simon,LF,FA,96.5,5.68,16.98943661971831,2.8252849740932637,-0.84,-0.62,4.8,37.9,76.9,37.5,7.5,0.61,0.46,11.11,1.0,35.0,100.0,5.0,2.8,5.0,45.5,6.5,0.8,1.0,7.69,1.0,29.63,100.0,7.0,2.71,5.0,52.5,6.56,,,7.14,1.0,32.26,80.0,8.0,2.5,6.0,-0.9,-0.93,6.2,27.4,64.3
Luis Urias,2B,FA,95.5,3.67,26.021798365122617,1.9983246073298429,1.02,1.63,7.0,31.4,93.3,,,,,,,,,,,,,,,,,,,,,,,,,,,,,,,,,,-0.72,-0.13,3.7,22.9,67.5
Yohandy Morales,1B,T,93.0,6.64,14.006024096385543,2.5703225806451613,0.35,-1.48,16.0,35.0,63.6,29.0,7.25,,,25.0,1.0,36.36,50.0,4.0,2.25,2.0,58.0,8.29,-0.18,-0.32,7.14,1.0,34.38,71.43,7.0,2.86,6.0,93.0,6.64,0.46,-0.76,16.0,4.0,35.0,63.64,14.0,2.79,9.0,,,,,
Bo Naylor,C,FA,92.5,2.98,31.040268456375838,2.9316756756756757,0.89,0.28,11.9,26.7,72.2,19.0,19.0,,,0.0,0.0,23.08,100.0,1.0,3.0,1.0,19.0,9.5,,,0.0,0.0,23.08,100.0,2.0,1.5,1.0,23.5,7.83,,,25.0,1.0,36.36,66.67,3.0,2.33,1.0,0.47,0.35,9.7,25.5,76.5
Rodolfo Duran,C,FA,90.5,2.32,39.008620689655174,2.102099447513812,-0.27,-0.64,8.5,31.9,68.8,,,,,,,,,,,,,,,,,,,,,,,,,,,,,,,,,,,,,,
Alex Jackson,C,FA,90.0,2.73,32.96703296703297,2.093,-2.03,-1.77,2.2,41.0,68.2,0.0,0.0,,,0.0,0.0,0.0,,1.0,1.0,0.0,0.0,0.0,,,0.0,0.0,0.0,,1.0,1.0,0.0,5.5,1.38,,,0.0,0.0,11.11,,4.0,0.75,1.0,1.2,0.32,14.8,29.2,81.1
Ha-seong Kim,SS,FA,89.5,1.86,48.11827956989247,2.452290502793296,-1.59,-1.2,2.5,26.7,55.8,-2.0,-1.0,,,0.0,0.0,50.0,0.0,2.0,3.5,0.0,24.5,3.06,-0.77,-0.21,0.0,0.0,29.41,66.67,8.0,2.62,2.0,52.0,3.06,-1.15,-0.64,0.0,0.0,31.18,60.0,17.0,2.65,3.0,-1.24,-1.22,5.2,21.2,52.7
Jorge Polanco,DH,FA,88.5,2.39,37.029288702928866,3.6457627118644074,-1.28,-1.09,4.0,30.1,61.5,,,,,,,,,,,,,,,,,,,,,,,,,,,,,,,,,,0.42,0.14,10.3,26.9,76.0
J.C. Escarra,C,FA,88.0,2.75,32.0,2.65625,-0.07,0.6,4.5,24.7,73.1,,,,,,,,,,,,,,,,,,,,,,,,,,,,,,,,,,0.82,1.75,5.6,20.7,86.2
Christian Moore,2B,T,88.0,2.67,32.95880149812734,3.398181818181818,-0.38,-0.45,7.0,30.6,69.2,15.0,3.75,0.31,1.16,0.0,0.0,21.43,100.0,4.0,2.75,0.0,24.5,2.45,-0.02,0.08,5.88,1.0,36.51,85.71,10.0,3.4,0.0,86.0,3.58,-0.58,-0.36,3.64,2.0,30.51,65.38,24.0,3.54,2.0,0.57,1.1,6.9,24.0,83.1
Jonathan India,2B,T,85.5,5.03,16.998011928429424,2.8238596491228067,1.08,2.03,5.7,17.9,80.0,,,,,,,,,,,,,,,,,,,,,,,,,,,,,,,,,,-0.39,-0.09,5.8,18.7,62.4
Nick Madrigal,3B,FA,82.5,4.34,19.00921658986175,2.8407272727272725,-0.61,0.84,0.0,30.4,83.3,,,,,,,,,,,,15.0,3.75,,,0.0,0.0,23.53,75.0,4.0,2.5,1.0,15.0,3.75,,,0.0,0.0,23.53,75.0,4.0,2.5,1.0,,,,,
Austin Slater,LF,FA,80.0,2.86,27.972027972027973,2.32375,-0.8,0.03,2.3,28.7,72.0,,,,,,,,,,,,,,,,,,,,,,,,,,,,,,,,,,1.15,0.26,14.7,28.2,79.1
John Peck,SS,FA,79.5,3.79,20.976253298153033,2.6220125786163524,0.49,0.19,9.8,32.6,78.9,-0.5,-0.08,0.45,0.33,10.0,1.0,24.0,75.0,6.0,3.0,0.0,34.0,2.83,0.66,0.71,8.33,2.0,23.94,83.33,12.0,2.83,1.0,79.5,3.79,0.34,0.07,9.52,4.0,32.56,78.95,21.0,2.81,3.0,,,,,
Lazaro Montes,RF,T,78.5,4.62,16.99134199134199,2.2364331210191084,2.57,0.62,21.1,29.8,80.0,9.0,2.25,1.12,0.3,20.0,1.0,16.67,60.0,4.0,3.5,1.0,32.5,3.25,1.62,0.24,22.22,2.0,24.53,71.43,10.0,2.3,2.0,78.5,4.62,1.73,0.32,21.05,4.0,29.76,80.0,17.0,2.47,5.0,,,,,
Romy Gonzalez,1B,FA,78.5,4.13,19.00726392251816,3.4197452229299365,-0.36,0.19,4.4,32.9,79.3,,,,,,,,,,,,,,,,,,,,,,,,,,,,,,,,,,0.69,0.04,12.6,35.1,85.7
Santiago Espinal,3B,FA,78.5,2.18,36.0091743119266,1.55515923566879,-1.51,-0.95,2.0,34.2,68.4,,,,,,,,,,,,,,,,,,,,,,,,,,,,,,,,,,-0.83,0.36,0.7,24.0,74.6
Andrew Knizner,C,FA,78.0,3.0,26.0,2.4615384615384617,-0.49,-0.36,5.9,36.4,77.8,10.0,2.0,-0.66,-0.25,0.0,0.0,33.33,71.43,5.0,2.6,1.0,49.5,5.5,-0.44,-0.39,5.0,1.0,34.78,70.0,9.0,2.67,4.0,58.0,2.9,-0.43,-0.39,5.26,2.0,35.64,73.33,20.0,2.5,6.0,-2.48,-2.26,1.4,39.5,65.2
Tyler Locklear,1B,FA,77.0,5.13,15.009746588693957,2.3984415584415584,1.62,0.81,14.3,27.1,78.6,,,,,,,,,,,,,,,,,,,,,,,,,,,,,,,,,,-1.02,-1.22,6.7,33.6,69.2
Ali Sanchez,C,FA,77.0,1.6,48.125,1.5792207792207793,-0.03,0.84,3.7,34.0,88.0,-1.0,-0.5,,,,,,,,,,8.5,1.42,,,16.67,1.0,57.14,80.0,6.0,1.83,0.0,6.5,0.65,,,12.5,1.0,45.0,85.71,10.0,1.6,0.0,,,,,
Sean Keys,3B,T,76.0,3.62,20.994475138121548,2.4292105263157895,0.09,-0.31,9.4,35.6,77.3,13.0,4.33,1.09,0.26,20.0,1.0,38.89,100.0,3.0,2.0,0.0,12.0,2.4,,,20.0,1.0,40.0,100.0,5.0,1.4,0.0,35.0,3.89,,,22.22,2.0,40.82,100.0,9.0,1.67,2.0,,,,,
Denzel Clarke,CF,FA,76.0,2.17,35.02304147465438,1.9701315789473686,-0.91,-0.14,2.3,24.9,65.2,14.5,3.62,,,0.0,0.0,11.11,100.0,4.0,1.5,0.0,16.5,2.36,,,0.0,0.0,9.09,100.0,7.0,0.86,0.0,21.0,1.62,0.23,1.39,0.0,0.0,11.9,75.0,13.0,1.38,1.0,-1.08,-1.32,6.7,30.2,63.6
Andrew McCutchen,DH,FA,75.5,2.04,37.009803921568626,1.972450331125828,0.98,1.86,5.8,20.5,81.5,,,,,,,,,,,,,,,,,,,,,,,,,,,,,,,,,,1.32,1.9,8.4,20.7,87.9
Christopher Morel,LF,FA,74.0,2.11,35.07109004739337,2.68027027027027,-1.01,-0.51,3.3,34.7,73.9,0.0,0.0,,,0.0,0.0,100.0,,1.0,1.0,0.0,3.0,1.0,,,0.0,0.0,46.67,,3.0,2.0,0.0,42.5,3.86,-0.58,-0.71,5.88,1.0,36.17,66.67,11.0,2.0,3.0,1.53,0.81,14.8,30.9,89.0
Brett Callahan,RF,T,73.5,2.45,29.999999999999996,2.1333333333333337,1.33,0.94,11.9,42.3,100.0,5.0,0.83,0.52,0.0,14.29,1.0,43.75,100.0,6.0,1.5,0.0,18.5,1.68,0.75,0.19,13.33,2.0,43.75,100.0,11.0,1.82,1.0,25.5,1.16,0.93,0.19,14.29,4.0,43.3,100.0,22.0,2.09,1.0,,,,,
Zach Dezenzo,LF,FA,72.5,2.07,35.02415458937198,2.1699310344827585,0.08,-0.26,9.1,34.3,76.2,,,,,,,,,,,,,,,,,,,,,,,,,,,,,,,,,,2.01,1.19,16.4,20.0,78.8
Sebastian Rivero,C,FA,72.5,3.02,24.00662251655629,2.1660689655172414,-2.76,-2.35,0.0,44.7,66.7,,,,,,,,,,,,,,,,,,,,,,,,,,,,,,,,,,-1.75,-2.66,8.3,49.1,73.3
Nate Eaton,RF,FA,71.0,3.09,22.977346278317153,1.958450704225352,0.88,1.54,6.5,28.3,88.2,11.0,2.2,0.18,0.98,0.0,0.0,25.0,100.0,5.0,1.8,1.0,10.0,1.25,0.06,0.96,0.0,0.0,30.3,100.0,8.0,1.5,1.0,16.5,1.83,,,0.0,0.0,28.95,83.33,9.0,1.78,1.0,-0.71,-0.67,6.3,29.9,70.6
Billy Cook,CF,FA,70.5,0.84,83.92857142857143,0.607659574468085,-1.21,-0.04,0.0,39.7,85.7,0.0,0.0,,,,,,,,,,0.0,0.0,,,0.0,0.0,,100.0,7.0,0.14,0.0,8.0,0.67,,,0.0,0.0,0.0,100.0,12.0,0.08,1.0,,,,,
Jarred Kelenic,LF,FA,69.5,1.93,36.01036269430052,2.0271942446043165,1.54,-0.42,19.0,29.4,68.0,,,,,,,,,,,,,,,,,,,,,,,,,,,,,,,,,,1.05,0.38,13.5,27.0,78.9
Gabriel Rincones Jr.,RF,FA,69.0,2.38,28.991596638655462,2.897391304347826,-0.81,-1.65,9.4,46.6,76.9,,,,,,,,,,,,,,,,,,,,,,,,,,,,,,,,,,,,,,
Yohel Pozo,C,FA,68.0,1.94,35.05154639175258,1.5120588235294117,-2.43,-2.34,2.1,51.0,75.0,0.0,0.0,,,,,,,,,,6.0,1.5,,,0.0,0.0,16.67,100.0,4.0,1.25,1.0,6.0,1.0,,,0.0,0.0,16.67,100.0,6.0,0.83,1.0,-2.04,-1.77,2.2,48.0,82.1
Jack Weisenburger,P,FA,65.0,10.83,6.001846722068328,,,,,,,,,,,,,,,,,,,,,,,,,,,,,,,,,,,,,,,,,,,,
Brock Rodden,SS,FA,62.0,2.07,29.95169082125604,2.0032258064516126,0.37,1.06,5.3,32.3,88.2,0.0,0.0,,,0.0,0.0,27.27,,3.0,1.33,0.0,1.0,0.11,,,33.33,1.0,40.74,,9.0,1.11,2.0,29.5,1.4,0.3,0.78,4.55,1.0,29.21,90.0,21.0,1.57,4.0,,,,,
Zach Cole Jr.,RF,FA,60.0,3.16,18.987341772151897,2.6860000000000004,1.48,0.03,16.7,28.2,71.4,,,,,,,,,,,,,,,,,,,,,,,,,,,,,,,,,,0.56,-0.63,14.8,26.6,66.7
Eric Wagaman,1B,FA,59.5,2.29,25.982532751091703,1.80890756302521,-0.87,-0.87,5.7,28.3,61.5,,,,,,,,,,,,,,,,,,,,,,,-1.0,-1.0,,,0.0,0.0,60.0,100.0,1.0,2.0,0.0,-0.07,0.17,6.8,25.7,74.7
Bryce Teodosio,CF,FA,57.0,1.5,38.0,1.3157894736842106,0.1,0.43,6.3,37.1,87.5,2.0,0.67,,,,0.0,100.0,,3.0,1.33,0.0,2.0,0.67,,,,0.0,100.0,,3.0,1.33,0.0,4.0,1.0,,,0.0,0.0,14.29,0.0,4.0,1.5,0.0,-0.64,-0.14,4.3,38.4,88.0
Rafael Marchan,C,FA,56.5,1.66,34.036144578313255,2.6736283185840706,-1.1,-0.48,2.6,33.3,72.4,,,,,,,,,,,,-1.0,-0.5,,,0.0,0.0,66.67,,2.0,1.5,0.0,-1.0,-0.5,,,0.0,0.0,66.67,,2.0,1.5,0.0,0.08,1.39,2.2,24.0,86.5
Brewer Hicklen,RF,FA,56.0,3.11,18.006430868167204,1.7216071428571427,0.25,-0.8,12.5,29.3,63.6,-4.0,-2.0,,,0.0,0.0,50.0,,2.0,3.0,0.0,2.0,0.33,,,25.0,1.0,41.18,50.0,6.0,1.83,1.0,10.5,1.05,,,20.0,1.0,30.0,66.67,10.0,1.4,3.0,,,,,
Jonatan Clase,LF,FA,56.0,6.22,9.003215434083602,,,,,,,,,,,,,,,,,,,,,,,,,,,,,,,,,,,,,,,,0.64,1.21,6.9,29.5,91.7
Travis dArnaud,C,FA,55.0,1.77,31.073446327683616,2.317090909090909,0.31,-0.22,10.4,33.1,75.0,-1.0,-1.0,,,0.0,0.0,20.0,,1.0,3.0,0.0,-2.0,-1.0,,,0.0,0.0,36.36,66.67,2.0,3.5,0.0,6.5,0.93,,,0.0,0.0,40.0,83.33,7.0,2.43,2.0,0.33,-0.24,11.4,32.4,78.9
Gage Workman,3B,FA,54.5,3.03,17.986798679867988,2.2794495412844036,1.79,-0.47,20.8,42.5,84.6,,,,,,,,,,,,,,,,,,,,,,,,,,,,,,,,,,,,,,
Raynel Delgado,2B,FA,54.5,2.87,18.989547038327526,1.948440366972477,0.14,1.21,3.2,29.9,86.7,,,,,,,,,,,,,,,,,,,,,,,,,,,,,,,,,,,,,,
Tyler Black,3B,FA,54.5,6.06,8.993399339933994,,,,,,,,,,,,,,,,,,,,,,,,,,,,,,,,,,,,,,,,,,,,
Michael Arroyo,2B,T,53.0,5.3,10.0,,,,,,,9.0,2.25,,,0.0,0.0,28.57,100.0,4.0,2.25,1.0,55.0,6.88,1.3,1.76,7.14,1.0,16.22,100.0,8.0,2.25,4.0,53.0,5.3,1.06,1.64,6.25,1.0,23.26,100.0,10.0,2.2,4.0,,,,,
Bryce Johnson,LF,FA,53.0,1.66,31.927710843373497,1.4094339622641507,-2.86,-2.5,0.0,39.6,58.3,,,,,,,,,,,,,,,,,,,,,,,,,,,,,,,,,,-0.11,0.5,5.0,28.8,82.6
Junior Perez,CF,FA,51.5,2.34,22.00854700854701,1.5902912621359224,0.92,-0.24,14.3,28.8,69.2,,,,,,,,,,,,,,,,,,,,,,,,,,,,,,,,,,,,,,
Parker Meadows,CF,T,51.5,4.29,12.004662004662004,2.998834951456311,-1.4,-1.22,3.8,27.9,57.1,,,,,,,,,,,,,,,,,,,,,,,,,,,,,,,,,,-0.45,-0.06,5.2,23.9,69.7
LuJames Groover,3B,T,49.5,3.3,15.0,3.2,1.65,1.6,11.1,19.8,77.8,,,,,,,,,,,,,,,,,,,,,,,,,,,,,,,,,,,,,,
Tsung-Che Cheng,SS,FA,49.5,3.54,13.983050847457626,2.789090909090909,1.2,1.73,7.7,29.3,91.7,,,,,,,,,,,,,,,,,,,,,,,,,,,,,,,,,,,,,,
Emmanuel Rodriguez,CF,T,49.0,4.45,11.01123595505618,3.269387755102041,1.96,-0.42,21.7,34.8,75.0,11.0,1.83,,,11.11,1.0,39.29,,6.0,3.17,2.0,49.0,4.45,1.25,-0.21,21.74,5.0,34.78,75.0,11.0,3.45,3.0,49.0,4.45,1.41,-0.26,21.74,5.0,34.78,75.0,11.0,3.45,3.0,,,,,
Andrew Pinckney,CF,FA,48.5,2.85,17.017543859649123,,,,,,,,,,,,,,,,,,6.5,1.62,,,0.0,0.0,33.33,100.0,4.0,0.75,1.0,9.5,1.36,,,0.0,0.0,25.0,100.0,7.0,1.29,2.0,,,,,
Garrett Stubbs,C,FA,48.5,1.35,35.925925925925924,1.6144329896907217,-1.18,0.0,0.0,38.5,84.6,-2.0,-2.0,,,0.0,0.0,33.33,100.0,1.0,4.0,0.0,0.0,0.0,,,0.0,0.0,33.33,100.0,2.0,2.0,1.0,7.0,1.0,,,0.0,0.0,26.32,66.67,7.0,2.0,3.0,,,,,
Connor Joe,1B,FA,48.0,2.29,20.96069868995633,1.860625,1.09,1.43,8.3,24.3,81.8,,,,,,,,,,,,,,,,,,,,,,,,,,,,,,,,,,-0.39,-0.11,5.9,19.5,63.2
Carson Williams,SS,T,47.0,2.94,15.986394557823129,2.314468085106383,-0.21,0.5,4.0,39.7,91.7,,,,,,,,,,,,,,,,,,,,,,,,,,,,,,,,,,0.8,1.01,8.9,29.4,89.3
Kevin Alcantara,CF,FA,46.5,1.94,23.969072164948454,,,,,,,,,,,,,,,,,,,,,,,,,,,,,,,,,,,,,,,,,,,,
Kameron Misner,CF,FA,46.0,2.56,17.96875,2.2817391304347825,-1.4,-0.32,0.0,30.1,70.0,,,,,,,,,,,,,,,,,,,,,,,,,,,,,,,,,,-0.62,-0.33,5.3,30.6,75.5
Will Wagner,3B,FA,45.0,2.81,16.01423487544484,2.1855555555555557,-1.52,-0.5,0.0,24.0,60.0,,,,,,,,,,,,,,,,,,,,,,,,,,,,,,,,,,-1.03,-0.22,2.0,27.0,71.9
George Valera,RF,FA,43.5,3.35,12.985074626865671,2.849425287356322,-0.4,1.17,0.0,40.4,100.0,,,,,,,,,,,,,,,,,,,,,,,,,,,,,,,,,,-0.74,-0.13,3.6,22.3,66.7
Ethan Salas,C,T,43.0,3.31,12.990936555891238,,,,,,,10.0,2.5,-0.77,-0.41,0.0,0.0,25.0,50.0,4.0,2.25,0.0,48.0,6.0,0.25,0.22,7.69,1.0,35.29,87.5,8.0,2.25,3.0,43.0,3.31,-0.21,-0.03,5.0,1.0,32.73,76.92,13.0,2.31,3.0,,,,,
Brian Navarreto,C,FA,42.5,1.42,29.929577464788736,1.5703529411764705,0.81,1.47,6.3,37.8,100.0,-1.0,-0.5,,,,0.0,33.33,,2.0,0.5,0.0,-1.0,-0.25,,,,0.0,33.33,,4.0,0.25,0.0,13.5,0.96,-0.47,0.36,0.0,0.0,41.03,100.0,14.0,1.14,2.0,,,,,
Luke Maile,C,FA,42.0,2.47,17.00404858299595,2.4111904761904763,-2.3,-2.52,3.7,30.6,46.2,2.0,2.0,,,0.0,0.0,36.36,50.0,1.0,4.0,0.0,6.5,3.25,,,0.0,0.0,35.29,66.67,2.0,3.0,0.0,8.5,1.42,,,0.0,0.0,23.53,60.0,6.0,2.17,0.0,-0.28,-0.08,6.5,23.0,68.2
Rece Hinds,RF,FA,41.0,1.71,23.976608187134502,2.4190243902439024,-1.55,-0.55,0.0,38.0,77.8,4.0,1.33,-0.17,0.46,0.0,0.0,35.0,100.0,3.0,2.33,0.0,4.5,0.56,-0.17,0.64,0.0,0.0,35.9,100.0,8.0,2.0,0.0,18.5,1.68,0.06,1.14,0.0,0.0,30.16,100.0,11.0,2.09,0.0,1.15,-0.48,18.2,39.6,85.7
Austin Wynns,C,FA,37.5,1.1,34.090909090909086,2.4053333333333335,-1.4,-1.1,3.3,40.5,75.0,,,,,,,,,,,,,,,,,,,,,,,,,,,,,,,,,,0.35,0.19,9.6,29.5,80.0
Christian Franklin,CF,FA,36.5,2.03,17.980295566502466,2.057808219178082,1.24,0.78,12.0,20.2,69.2,3.0,1.5,,,0.0,0.0,30.77,,2.0,1.5,1.0,3.0,1.5,,,0.0,0.0,30.77,,2.0,1.5,1.0,8.0,1.6,,,0.0,0.0,28.12,100.0,5.0,2.4,3.0,,,,,
Zack Short,3B,FA,36.5,1.26,28.96825396825397,1.726027397260274,0.66,1.35,5.9,27.1,84.6,,,,,,,,,,,,,,,,,,,,,,,,,,,,,,,,,,-0.26,0.71,3.0,25.0,80.0
Eloy Jimenez,RF,FA,36.5,3.04,12.006578947368421,2.581917808219178,0.33,1.31,4.0,39.2,100.0,,,,,,,,,,,,,,,,,,,,,,,,,,,,,,,,,,,,,,
Tanner Murray,3B,FA,36.5,2.81,12.98932384341637,,,,,,,,,,,,,,,,,,,,,,,,,,,,,,,,,,,,,,,,,,,,
P.J. Higgins,1B,FA,35.5,2.54,13.976377952755906,,,,,,,,,,,,,,,,,,,,,,,,,,,,,,,,,,,,,,,,,,,,
Nick Morabito,CF,FA,35.5,2.22,15.990990990990989,2.1261971830985917,-1.79,-0.9,0.0,32.5,66.7,2.5,0.83,,,0.0,0.0,18.18,75.0,3.0,1.67,1.0,9.0,1.8,,,0.0,0.0,19.23,85.71,5.0,2.2,2.0,45.5,4.14,-0.19,0.78,0.0,0.0,22.0,77.78,11.0,2.09,3.0,,,,,
Tommy Pham,LF,FA,35.0,2.33,15.02145922746781,,,,,,,17.0,4.25,-0.11,0.55,0.0,0.0,15.38,66.67,4.0,1.5,3.0,38.0,7.6,,,16.67,1.0,18.75,66.67,5.0,2.0,4.0,38.0,6.33,,,14.29,1.0,16.67,66.67,6.0,1.83,4.0,0.41,0.92,6.6,19.9,75.6
Eliezer Alfonzo,C,FA,34.5,2.65,13.018867924528303,,,,,,,,,,,,,,,,,,,,,,,,,,,,,-1.0,-1.0,,,,0.0,66.67,,1.0,1.0,0.0,,,,,
Justin Dean,CF,FA,34.0,2.0,17.0,,,,,,,,,,,,,,,,,,,,,,,,,,,,,,,,,,,,,,,,,,,,
Kenny Piper,C,FA,32.5,2.32,14.008620689655173,,,,,,,,,,,,,,,,,,2.0,2.0,,,,,,,,,,10.0,1.0,,,,0.0,0.0,,10.0,0.1,2.0,,,,,
Ronny Mauricio,3B,FA,32.5,1.81,17.955801104972377,2.896,-1.55,-2.68,9.1,53.8,75.0,6.0,6.0,,,0.0,0.0,25.0,100.0,1.0,2.0,0.0,6.0,6.0,,,0.0,0.0,25.0,100.0,1.0,2.0,0.0,6.0,6.0,,,0.0,0.0,25.0,100.0,1.0,2.0,0.0,-0.85,-1.45,8.9,39.9,75.0
Michael Helman,CF,FA,31.5,2.1,15.0,2.0,-1.01,0.26,0.0,43.3,93.8,,,,,,,,,,,,,,,,,,,,,,,,,,,,,,,,,,0.65,0.86,8.6,33.0,92.3
Michael Stefanic,2B,FA,31.0,1.94,15.97938144329897,,,,,,,-3.0,-0.75,,,0.0,0.0,14.29,100.0,4.0,1.25,0.0,-1.0,-0.14,,,0.0,0.0,13.33,100.0,7.0,0.86,1.0,25.0,1.79,-0.05,0.98,0.0,0.0,23.91,85.71,14.0,1.36,2.0,,,,,
Stuart Fairchild,RF,FA,30.5,2.03,15.024630541871923,,,,,,,,,,,,,,,,,,,,,,,,,,,,,,,,,,,,,,,,2.64,2.66,13.9,19.0,94.4
Daz Cameron,RF,FA,30.5,3.81,8.005249343832022,,,,,,,,,,,,,,,,,,,,,,,,,,,,,2.5,0.83,,,0.0,0.0,50.0,50.0,3.0,2.67,1.0,0.28,0.63,7.1,29.2,84.6
CJ Kayfus,RF,FA,30.0,3.33,9.00900900900901,,,,,,,,,,,,,,,,,,,,,,,,,,,,,,,,,,,,,,,,0.36,0.29,9.2,29.1,80.6
Rowdy Tellez,1B,FA,29.5,4.21,7.007125890736342,,,,,,,,,,,,,,,,,,,,,,,,,,,,,,,,,,,,,,,,0.46,-0.89,15.3,30.2,68.5
Nate Furman,2B,FA,29.0,1.32,21.96969696969697,1.456551724137931,-0.38,1.19,0.0,33.3,90.9,,,,,,,,,,,,2.0,0.5,,,,0.0,37.5,100.0,4.0,0.5,0.0,28.0,1.75,-0.37,0.5,0.0,0.0,38.98,100.0,16.0,1.5,2.0,,,,,
Brett Harris,3B,FA,29.0,1.71,16.95906432748538,1.8279310344827588,-1.58,-1.72,4.8,22.4,44.4,18.5,3.7,-0.32,0.24,0.0,0.0,21.43,66.67,5.0,3.0,1.0,26.0,2.6,0.14,0.3,5.88,1.0,20.45,66.67,10.0,2.5,2.0,28.0,2.55,0.15,0.36,5.88,1.0,21.28,66.67,11.0,2.36,3.0,0.31,1.41,3.7,22.7,85.0
Rikuu Nishida,RF,FA,28.5,2.38,11.974789915966387,,,,,,,,,,,,,,,,,,,,,,,,,,,,,,,,,,,,,,,,,,,,
Trey Mancini,1B,FA,27.5,5.5,5.0,,,,,,,,,,,,,,,,,,,,,,,,,,,,,,,,,,,,,,,,,,,,
Patrick Wisdom,3B,FA,26.5,1.39,19.06474820143885,2.4652830188679244,0.98,-1.3,19.2,40.4,72.7,,,,,,,,,,,,,,,,,,,,,,,-3.0,-1.0,,,0.0,0.0,43.75,100.0,3.0,2.0,0.0,,,,,
Lucas Spence,CF,FA,26.5,1.89,14.021164021164022,2.6388679245283018,0.33,1.18,4.5,31.8,88.9,,,,,,,,,,,,,,,,,,,,,,,,,,,,,,,,,,,,,,
Andy Ibanez,3B,FA,26.0,1.86,13.978494623655914,,,,,,,,,,,,,,,,,,,,,,,,,,,,,,,,,,,,,,,,0.1,0.9,4.6,29.8,88.5
Jose Azocar,LF,FA,25.0,2.27,11.013215859030836,,,,,,,,,,,,,,,,,,,,,,,,,,,,,,,,,,,,,,,,,,,,
Felix Reyes,LF,FA,24.0,2.0,12.0,3.1666666666666665,-2.73,-3.92,6.9,52.9,60.0,,,,,,,,,,,,,,,,,,,,,,,,,,,,,,,,,,,,,,
Kyle Farmer,2B,FA,23.5,1.81,12.98342541436464,,,,,,,,,,,,,,,,,,0.0,0.0,,,0.0,0.0,100.0,100.0,1.0,1.0,0.0,0.0,0.0,,,0.0,0.0,100.0,100.0,1.0,1.0,0.0,-1.27,-1.49,6.2,29.9,61.2
Hayden Senger,C,FA,22.5,3.21,7.009345794392523,,,,,,,,,,,,,,,,,,,,,,,,,,,,,,,,,,,,,,,,-2.52,-2.83,3.8,39.0,57.9
Jhostynxon Garcia,CF,FA,19.5,0.98,19.89795918367347,2.4625641025641025,-1.9,-1.8,3.1,46.4,75.0,,,,,,,,,,,,,,,,,,,,,,,,,,,,,,,,,,,,,,
Aramis Garcia,C,FA,19.0,2.38,7.983193277310924,,,,,,,,,,,,,,,,,,,,,,,,,,,,,,,,,,,,,,,,,,,,
Will Wilson,3B,FA,19.0,9.5,2.0,,,,,,,,,,,,,,,,,,,,,,,,,,,,,,,,,,,,,,,,-0.47,0.62,2.0,34.8,92.0
Miles Mastrobuoni,3B,FA,18.5,1.42,13.028169014084508,,,,,,,,,,,,,,,,,,,,,,,,,,,,,,,,,,,,,,,,-0.42,0.63,2.3,19.1,71.2
Jared Serna,SS,FA,18.5,1.54,12.012987012987013,,,,,,,-2.0,-0.67,,,,,,,,,,-4.0,-0.67,,,0.0,0.0,61.54,50.0,6.0,1.33,1.0,18.5,1.54,,,10.0,1.0,36.36,80.0,12.0,1.33,3.0,,,,,
Addison Barger,3B,T,18.0,2.0,9.0,,,,,,,,,,,,,,,,,,,,,,,,,,,,,,,,,,,,,,,,0.26,-0.34,11.4,31.0,75.9
Joey Meneses,1B,FA,17.5,1.94,9.02061855670103,,,,,,,,,,,,,,,,,,,,,,,,,,,,,,,,,,,,,,,,,,,,
Ben Ross,SS,FA,16.5,2.06,8.009708737864077,,,,,,,13.5,3.38,-0.91,-0.62,0.0,0.0,37.93,66.67,4.0,3.25,3.0,17.5,3.5,0.24,-0.65,14.29,1.0,37.14,66.67,5.0,3.0,3.0,16.5,2.06,,,12.5,1.0,37.21,75.0,8.0,2.38,4.0,,,,,
Shawn Ross,C,FA,16.0,8.0,2.0,,,,,,,,,,,,,,,,,,,,,,,,,,,,,,,,,,,,,,,,,,,,
Vidal Brujan,3B,FA,15.5,1.72,9.011627906976745,,,,,,,,,,,,,,,,,,,,,,,,,,,,,,,,,,,,,,,,0.29,2.19,0.0,27.3,100.0
Ryan Mountcastle,1B,FA,15.5,1.94,7.989690721649485,,,,,,,,,,,,,,,,,,,,,,,,,,,,,,,,,,,,,,,,0.25,-0.43,11.7,39.4,86.1
Gustavo Campero,RF,FA,15.5,3.88,3.9948453608247423,,,,,,,,,,,,,,,,,,,,,,,,,,,,,2.5,2.5,,,0.0,0.0,20.0,100.0,1.0,1.0,0.0,0.48,0.99,6.8,29.3,88.9
Carlos Jorge,CF,FA,14.5,1.12,12.94642857142857,,,,,,,9.5,1.9,-0.66,-0.25,0.0,0.0,30.77,66.67,5.0,2.2,2.0,8.5,1.06,-0.53,0.12,0.0,0.0,32.14,80.0,8.0,2.12,2.0,14.5,1.12,-0.59,-0.67,5.56,1.0,43.48,80.0,13.0,2.31,2.0,,,,,
Chad Stevens,3B,FA,13.5,0.84,16.071428571428573,,,,,,,,,,,,,,,,,,,,,,,,,,,,,,,,,,,,,,,,,,,,
Oliver Dunn,2B,FA,13.5,1.5,9.0,,,,,,,,,,,,,,,,,,,,,,,,,,,,,,,,,,,,,,,,-0.77,0.61,0.0,15.9,66.7
Johnathan Rodriguez,RF,FA,13.5,1.93,6.994818652849741,,,,,,,,,,,,,,,,,,,,,,,,,,,,,,,,,,,,,,,,0.27,0.82,6.1,29.3,87.0
Heston Kjerstad,LF,FA,12.5,1.14,10.964912280701755,,,,,,,-1.0,-1.0,,,,0.0,33.33,100.0,1.0,1.0,0.0,11.0,1.57,,,0.0,0.0,44.0,50.0,7.0,1.71,1.0,12.5,1.14,,,0.0,0.0,42.42,50.0,11.0,1.73,1.0,-0.43,-0.63,8.0,38.1,82.0
Chuckie Robinson,C,FA,12.0,1.5,8.0,,,,,,,,,,,,,,,,,,,,,,,,,,,,,,,,,,,,,,,,,,,,
Gabriel Gonzalez,LF,FA,12.0,1.71,7.017543859649123,,,,,,,,,,,,,,,,,,,,,,,,,,,,,3.5,0.58,,,0.0,0.0,47.06,,6.0,1.0,1.0,,,,,
Bo Davidson,CF,T,12.0,6.0,2.0,,,,,,,12.0,6.0,,,0.0,0.0,25.0,66.67,2.0,3.5,1.0,12.0,6.0,,,0.0,0.0,25.0,66.67,2.0,3.5,1.0,12.0,6.0,,,0.0,0.0,25.0,66.67,2.0,3.5,1.0,,,,,
Ivan Johnson,LF,FA,11.5,0.72,15.972222222222223,,,,,,,,,,,,,,,,,,,,,,,,,,,,,-1.0,-0.33,,,0.0,0.0,50.0,0.0,3.0,0.67,0.0,,,,,
Scott Kingery,2B,FA,11.5,1.44,7.986111111111112,,,,,,,,,,,,,,,,,,,,,,,,,,,,,,,,,,,,,,,,,,,,
Jerar Encarnacion,RF,FA,11.5,0.68,16.91176470588235,2.0104347826086957,-3.21,-4.82,7.7,43.4,37.5,,,,,,,,,,,,,,,,,,,,,,,,,,,,,,,,,,-0.47,-0.03,5.0,32.4,81.3
Dylan Moore,2B,FA,11.0,0.73,15.068493150684931,,,,,,,,,,,,,,,,,,,,,,,,,,,,,,,,,,,,,,,,0.67,0.88,8.6,24.9,81.8
Ryan Ritter,SS,FA,10.5,0.66,15.909090909090908,,,,,,,,,,,,,,,,,,,,,,,,,,,,,7.0,0.88,,,0.0,0.0,21.05,,8.0,1.0,1.0,-1.11,-0.24,1.5,33.4,80.3
Scott Bandura,LF,FA,10.5,1.17,8.974358974358974,,,,,,,5.0,1.0,-0.88,-0.58,0.0,0.0,55.0,100.0,5.0,2.2,1.0,10.5,1.17,-0.51,0.15,0.0,0.0,44.44,100.0,9.0,2.33,2.0,10.5,1.17,,,0.0,0.0,44.44,100.0,9.0,2.33,2.0,,,,,
Cesar Salazar,C,FA,10.5,1.17,8.974358974358974,,,,,,,,,,,,,,,,,,,,,,,,,,,,,,,,,,,,,,,,,,,,
Logan Porter,C,FA,10.0,3.33,3.003003003003003,,,,,,,,,,,,,,,,,,,,,,,,,,,,,,,,,,,,,,,,,,,,
Ben Rortvedt,C,FA,9.5,0.59,16.10169491525424,,,,,,,,,,,,,,,,,,,,,,,,,,,,,3.0,0.6,,,0.0,0.0,54.55,55.56,5.0,1.4,0.0,-0.88,-0.27,3.3,28.4,73.2
Michael Toglia,1B,FA,9.5,0.95,10.0,,,,,,,,,,,,,,,,,,,,,,,,,,,,,,,,,,,,,,,,0.15,-0.28,10.4,30.8,76.3
Nick Solak,LF,FA,9.5,2.38,3.991596638655462,,,,,,,,,,,,,,,,,,,,,,,,,,,,,,,,,,,,,,,,,,,,
Cooper Ingle,C,T,9.0,1.29,6.976744186046512,,,,,,,,,,,,,,,,,,,,,,,,,,,,,,,,,,,,,,,,,,,,
Cesar Prieto,2B,FA,8.0,0.53,15.094339622641508,2.2525000000000004,-0.7,-0.08,3.4,35.7,80.0,-1.0,-1.0,,,0.0,0.0,0.0,100.0,1.0,2.0,0.0,-1.0,-1.0,,,0.0,0.0,0.0,100.0,1.0,2.0,0.0,6.0,2.0,,,0.0,0.0,11.11,100.0,3.0,1.0,0.0,,,,,
Daniel Johnson,CF,FA,8.0,1.0,8.0,,,,,,,,,,,,,,,,,,,,,,,,,,,,,,,,,,,,,,,,0.3,-0.52,12.5,33.0,76.5
Jeimer Candelario,3B,FA,8.0,1.14,7.017543859649123,,,,,,,,,,,,,,,,,,,,,,,,,,,,,,,,,,,,,,,,-1.4,-1.97,7.5,29.8,55.6
Deyvison De Los Santos,3B,FA,7.5,0.54,13.888888888888888,,,,,,,-3.0,-0.75,,,0.0,0.0,33.33,50.0,4.0,2.0,0.0,-1.5,-0.3,,,0.0,0.0,31.82,66.67,5.0,2.4,0.0,1.5,0.15,,,0.0,0.0,35.29,66.67,10.0,1.8,0.0,,,,,
Jared Oliva,RF,FA,7.5,1.07,7.009345794392523,,,,,,,,,,,,,,,,,,,,,,,,,,,,,,,,,,,,,,,,,,,,
Corey Julks,LF,FA,7.5,1.88,3.9893617021276597,,,,,,,,,,,,,,,,,,,,,,,,,,,,,0.0,0.0,,,0.0,0.0,,0.0,1.0,1.0,0.0,,,,,
Will Banfield,C,FA,7.0,0.78,8.974358974358974,,,,,,,5.5,2.75,,,0.0,0.0,50.0,100.0,2.0,2.0,0.0,6.5,1.3,,,0.0,0.0,57.14,100.0,5.0,1.6,1.0,8.0,1.14,,,0.0,0.0,62.5,66.67,7.0,1.57,1.0,,,,,
James Triantos,2B,FA,6.5,0.93,6.989247311827957,,,,,,,,,,,,,,,,,,,,,,,,,,,,,,,,,,,,,,,,,,,,
Jace Jung,3B,FA,6.5,1.62,4.012345679012346,,,,,,,-1.0,-1.0,,,,0.0,33.33,,1.0,1.0,0.0,-1.0,-1.0,,,,0.0,33.33,,1.0,1.0,0.0,-1.0,-1.0,,,,0.0,33.33,,1.0,1.0,0.0,-1.25,-0.81,3.2,26.9,65.0
DaShawn Keirsey,RF,FA,6.5,3.25,2.0,,,,,,,,,,,,,,,,,,6.5,3.25,,,0.0,0.0,100.0,,2.0,0.5,2.0,6.5,3.25,,,0.0,0.0,100.0,,2.0,0.5,2.0,0.45,1.15,5.8,28.7,90.0
Jonathan Ornelas,SS,FA,6.0,0.67,8.955223880597014,,,,,,,,,,,,,,,,,,,,,,,,,,,,,,,,,,,,,,,,,,,,
Luis Matos,RF,FA,6.0,0.67,8.955223880597014,,,,,,,,,,,,,,,,,,,,,,,,,,,,,,,,,,,,,,,,-1.54,-2.17,7.5,37.7,63.8
Andrew Velazquez,SS,FA,5.5,0.92,5.978260869565217,,,,,,,,,,,,,,,,,,,,,,,,,,,,,,,,,,,,,,,,,,,,
Vimael Machin,3B,FA,5.5,1.83,3.0054644808743167,,,,,,,,,,,,,,,,,,7.5,3.75,,,0.0,0.0,28.57,0.0,2.0,2.0,0.0,5.5,1.83,,,0.0,0.0,27.27,0.0,3.0,2.0,0.0,,,,,
Ryan Bliss,2B,FA,5.5,1.83,3.0054644808743167,,,,,,,,,,,,,,,,,,,,,,,,,,,,,,,,,,,,,,,,1.85,1.79,12.5,21.3,87.5
Jair Camargo,C,FA,5.0,5.0,1.0,,,,,,,,,,,,,,,,,,,,,,,,,,,,,,,,,,,,,,,,,,,,
Carlos Santana,1B,FA,4.5,0.56,8.035714285714285,,,,,,,,,,,,,,,,,,,,,,,,,,,,,,,,,,,,,,,,0.04,0.75,4.9,25.0,80.4
Collin Price,C,FA,4.5,0.64,7.03125,,,,,,,,,,,,,,,,,,,,,,,,,,,,,,,,,,,,,,,,,,,,
Eddys Leonard,3B,FA,4.5,1.5,3.0,,,,,,,,,,,,,,,,,,,,,,,,,,,,,,,,,,,,,,,,,,,,
Greg Jones,RF,FA,4.0,0.33,12.121212121212121,,,,,,,,,,,,,,,,,,,,,,,,,,,,,,,,,,,,,,,,,,,,
Cristian Pache,RF,FA,2.5,0.18,13.88888888888889,,,,,,,,,,,,,,,,,,0.0,0.0,,,,,,,,,,4.5,0.75,,,0.0,0.0,33.33,100.0,6.0,0.33,1.0,,,,,
Steward Berroa,RF,FA,2.5,0.42,5.9523809523809526,,,,,,,,,,,,,,,,,,,,,,,,,,,,,,,,,,,,,,,,,,,,
Jonah Bride,2B,FA,2.5,1.25,2.0,,,,,,,,,,,,,,,,,,,,,,,,,,,,,,,,,,,,,,,,-1.63,-1.27,2.7,20.5,51.2
Sam Huff,C,FA,2.0,0.14,14.285714285714285,2.31,1.51,0.65,14.3,44.8,100.0,,,,,,,,,,,,,,,,,,,,,,,,,,,,,,,,,,1.15,0.46,13.8,24.3,76.2
Luke Williams,SS,FA,2.0,1.0,2.0,,,,,,,,,,,,,,,,,,,,,,,,,,,,,,,,,,,,,,,,0.78,1.93,4.5,29.5,100.0
Jeferson Quero,C,FA,2.0,2.0,1.0,,,,,,,,,,,,,,,,,,,,,,,,,,,,,,,,,,,,,,,,,,,,
Luis Vazquez,SS,FA,2.0,2.0,1.0,,,,,,,,,,,,,,,,,,,,,,,,,,,,,2.0,2.0,,,,,,,,,,-0.62,-1.59,11.1,39.8,73.3
Omar Martinez,C,FA,1.5,0.3,5.0,,,,,,,,,,,,,,,,,,,,,,,,,,,,,,,,,,,,,,,,,,,,
Will Brennan,RF,FA,1.0,0.09,11.11111111111111,,,,,,,,,,,,,,,,,,,,,,,,,,,,,,,,,,,,,,,,,,,,
Matthew Lugo,CF,FA,1.0,0.11,9.090909090909092,,,,,,,,,,,,,,,,,,-3.0,-1.5,,,0.0,0.0,47.06,,2.0,3.0,0.0,1.0,0.11,,,0.0,0.0,40.0,66.67,9.0,1.56,0.0,-0.36,-1.68,13.3,39.2,71.4
Kyler Fedko,CF,FA,0.0,0.0,,,,,,,,,,,,,,,,,,,,,,,,,,,,,,,,,,,,,,,,,,,,,
Dylan Carlson,LF,FA,0.0,0.0,,,,,,,,,,,,,,,,,,,,,,,,,,,,,,,,,,,,,,,,,0.73,1.38,6.7,19.4,80.2
Rudy Martin,CF,FA,0.0,0.0,,,,,,,,,,,,,,,,,,,0.0,0.0,,,0.0,0.0,25.0,50.0,2.0,1.0,0.0,0.0,0.0,,,0.0,0.0,25.0,50.0,2.0,1.0,0.0,,,,,
Davis Wendzel,SS,FA,0.0,0.0,,,,,,,,,,,,,,,,,,,,,,,,,,,,,,,,,,,,,,,,,,,,,
Michael Siani,CF,FA,0.0,0.0,,,,,,,,,,,,,,,,,,,,,,,,,,,,,,,,,,,,,,,,,,,,,
Owen Miller,1B,FA,0.0,0.0,,,,,,,,,,,,,,,,,,,,,,,,,,,,,,,,,,,,,,,,,,,,,
Luken Baker,1B,FA,-0.5,-0.17,2.941176470588235,,,,,,,,,,,,,,,,,,,,,,,,,,,,,,,,,,,,,,,,0.44,0.6,8.3,20.5,72.7
Jake Rogers,C,FA,,,,,0.62,0.48,9.4,25.6,72.9,,,,,0.0,0.0,10.0,100.0,1.0,3.0,0.0,,,,,0.0,0.0,28.57,100.0,5.0,1.4,0.0,,,-0.31,0.6,0.0,0.0,25.81,80.0,10.0,2.2,1.0,0.51,0.51,9.2,22.2,74.0
Buddy Kennedy,2B,FA,,,,,0.61,0.15,10.7,26.1,70.0,,,,,,,,,,,,,,,,,,,,,,,,,,,25.0,1.0,17.65,100.0,2.0,3.0,0.0,,,,,
Joey Wiemer,RF,FA,,,,,0.57,0.26,10.0,26.3,71.4,,,,,,,,,,,,,,,,,,,,,,,,,,,,,,,,,,0.21,-1.13,14.7,35.9,73.3
Luisangel Acuna,2B,FA,,,,,-0.46,0.37,3.0,34.4,83.3,,,,,0.0,0.0,25.0,50.0,2.0,2.0,0.0,,,,,0.0,0.0,31.82,50.0,9.0,1.11,0.0,,,,,0.0,0.0,25.0,66.67,11.0,1.27,0.0,-2.03,-1.58,1.4,31.0,61.7
Sam Haggerty,LF,FA,,,,,-0.48,1.05,0.0,33.8,90.0,,,,,,,,,,,,,,,,,,,,,,,,,,,,,,,,,,-0.22,0.9,2.4,27.1,84.9
Orlando Arcia,SS,FA,,,,,-0.57,0.32,2.5,34.8,83.3,,,,,,,,,,,,,,,,,,,,,,,,,,,,,,,,,,-1.27,-0.71,2.6,33.1,74.4
Jack Brannigan,SS,FA,-1.0,-0.5,2.0,,,,,,,,,,,,,,,,,,,,,,,,,,,,,,,,,,,,,,,,,,,,
Maverick Handley,C,FA,-1.0,-1.0,1.0,,,,,,,,,,,,,,,,,,,,,,,,,,,,,,,,,,,,,,,,0.07,1.86,0.0,25.7,94.1
Keoni Cavaco,SS,FA,,,,,,,,,,,,,,,,,,,,,,,,,,,,,,,,,,,,,,,,,,,,,,,
Junior Sanchez,3B,FA,,,,,,,,,,,,,,,,,,,,,,,,,,,,,,,,,,,,,,,,,,,,,,,
Kevin Made,2B,FA,,,,,,,,,,,,,,,,,,,,,,,,,,,,,,,,,,,,,,,,,,,,,,,
Ismael Mena,CF,FA,,,,,,,,,,,,,,,,,,,,,,,,,,,,,,,,,,,,,,,,,,,,,,,
Nathan Hickey,1B,FA,,,,,,,,,,,,,,,,,,,,,,,,,,,,,,,,,,,,,,,,,,,,,,,
Allan Cerda,CF,FA,,,,,,,,,,,,,,,,,,,,,,,,,,,,,,,,,,,,,,,,,,,,,,,
Anyelo Encarnacion,SS,FA,,,,,,,,,,,,,,,,,,,,,,,,,,,,,,,,,,,,,,,,,,,,,,,
Jose Ramos,RF,FA,,,,,,,,,,,,,,,,,,,,,,,,,,,,,,,,,,,,,,,,,,,,,,,
Andrew Kachel,2B,FA,,,,,,,,,,,,,,,,,,,,,,,,,,,,,,,,,,,,,,,,,,,,,,,
Danny Serretti,3B,FA,,,,,,,,,,,,,,,,,,,,,,,,,,,,,,,,,,,,,,,,,,,,,,,
Luke Adams,3B,T,,,,,,,,,,,,,,,,,,,,,,,,,,,,,,,,,,,,,,,,,,,,,,,
Jacob Burke,CF,FA,,,,,,,,,,,,,,,,,,,,,,,,,,,,,,,,,,,,,,,,,,,,,,,
Nick Peoples,RF,FA,,,,,,,,,,,,,,,,,,,,,,,,,,,,,,,,,,,,,,,,,,,,,,,
Quincy Scott,1B,FA,,,,,,,,,,,,,,,,,,,,,,,,,,,,,,,,,,,,,,,,,,,,,,,
Alonzo Alvarez,C,FA,,,,,,,,,,,,,,,,,,,,,,,,,,,,,,,,,,,,,,,,,,,,,,,
Colby Shade,CF,FA,,,,,,,,,,,,,,,,,,,,,,,,,,,,,,,,,,,,,,,,,,,,,,,
Kyle Henley,CF,FA,,,,,,,,,,,,,,,,,,,,,,,,,,,,,,,,,,,,,,,,,,,,,,,
Jesus Perez,LF,FA,,,,,,,,,,,,,,,,,,,,,,,,,,,,,,,,,,,,,,,,,,,,,,,
Scott Mudler,C,FA,,,,,,,,,,,,,,,,,,,,,,,,,,,,,,,,,,,,,,,,,,,,,,,
Chris Roller,CF,FA,,,,,,,,,,,,,,,,,,,,,,,,,,,,,,,,,,,,,,,,,,,,,,,
Branden Boissiere,1B,FA,,,,,,,,,,,,,,,,,,,,,,,,,,,,,,,,,,,,,,,,,,,,,,,
Noah Smith,SS,FA,,,,,,,,,,,,,,,,,,,,,,,,,,,,,,,,,,,,,,,,,,,,,,,
Victor Diaz,1B,FA,,,,,,,,,,,,,,,,,,,,,,,,,,,,,,,,,,,,,,,,,,,,,,,
Alex Ramirez,RF,FA,,,,,,,,,,,,,,,,,,,,,,,,,,,,,,,,,,,,,,,,,,,,,,,
Aaron Downs,3B,FA,,,,,,,,,,,,,,,,,,,,,,,,,,,,,,,,,,,,,,,,,,,,,,,
Yoyner Fajardo,RF,FA,,,,,,,,,,,,,,,,,,,,,,,,,,,,,,,,,,,,,,,,,,,,,,,
Braden Barry,CF,FA,,,,,,,,,,,,,,,,,,,,,,,,,,,,,,,,,,,,,,,,,,,,,,,
Boston Baro,3B,FA,,,,,,,,,,,,,,,,,,,,,,,,,,,,,,,,,,,,,,,,,,,,,,,
Jonah Advincula,LF,FA,,,,,,,,,,,,,,,,,,,,,,,,,,,,,,,,,,,,,,,,,,,,,,,
Jared McKenzie,RF,FA,,,,,,,,,,,,,,,,,,,,,,,,,,,,,,,,,,,,,,,,,,,,,,,
Jaron Elkins,RF,FA,,,,,,,,,,,,,,,,,,,,,,,,,,,,,,,,,,,,,,,,,,,,,,,
Everett Cooper III,2B,FA,,,,,,,,,,,,,,,,,,,,,,,,,,,,,,,,,,,,,,,,,,,,,,,
Bryson Ware,RF,FA,,,,,,,,,,,,,,,,,,,,,,,,,,,,,,,,,,,,,,,,,,,,,,,
Jankel Ortiz,SS,FA,,,,,,,,,,,,,,,,,,,,,,,,,,,,,,,,,,,,,,,,,,,,,,,
Brett Roberts,SS,FA,,,,,,,,,,,,,,,,,,,,,,,,,,,,,,,,,,,,,,,,,,,,,,,
Ryan Johnson,SS,FA,,,,,,,,,,,,,,,,,,,,,,,,,,,,,,,,,,,,,,,,,,,,,,,
Zach Morgan,C,FA,,,,,,,,,,,,,,,,,,,,,,,,,,,,,,,,,,,,,,,,,,,,,,,
Tyresse Turner,3B,FA,,,,,,,,,,,,,,,,,,,,,,,,,,,,,,,,,,,,,,,,,,,,,,,
Oscar Gonzalez,LF,FA,,,,,,,,,,,,,,,,,,,,,,,,,,,,,,,,,,,,,,,,,,,-0.7,-0.71,6.5,52.3,100.0
Javier Valdes,C,FA,,,,,,,,,,,,,,,,,,,,,,,,,,,,,,,,,,,,,,,,,,,,,,,
Jonathan Arauz,2B,FA,,,,,,,,,,,,,,,,,,,,,,,,,,,,,,,,,,,,,,,,,,,,,,,
Thomas Gavello,3B,FA,,,,,,,,,,,,,,,,,,,,,,,,,,,,,,,,,,,,,,,,,,,,,,,
Jace Mataczynski,SS,FA,,,,,,,,,,,,,,,,,,,,,,,,,,,,,,,,,,,,,,,,,,,,,,,
Mulivai Levu,1B,FA,,,,,,,,,,,,,,,,,,,,,,,,,,,,,,,,,,,,,,,,,,,,,,,
Jaxon Willits,SS,FA,,,,,,,,,,,,,,,,,,,,,,,,,,,,,,,,,,,,,,,,,,,,,,,
Josiah Overbeek,1B,FA,,,,,,,,,,,,,,,,,,,,,,,,,,,,,,,,,,,,,,,,,,,,,,,
Noah Danza,SS,FA,,,,,,,,,,,,,,,,,,,,,,,,,,,,,,,,,,,,,,,,,,,,,,,
Jake Bennett,C,FA,,,,,,,,,,,,,,,,,,,,,,,,,,,,,,,,,,,,,,,,,,,,,,,
Carlos Sanchez,SS,FA,,,,,,,,,,,,,,,,,,,,,,,,,,,,,,,,,,,,,,,,,,,,,,,
Derwin Laya,3B,FA,,,,,,,,,,,,,,,,,,,,,,,,,,,,,,,,,,,,,,,,,,,,,,,
Ethan Murray,SS,FA,,,,,,,,,,,,,,,,,,,,,,,,,,,,,,,,,,,,,,,,,,,,,,,
Ryan Reckley,2B,FA,,,,,,,,,,,,,,,,,,,,,,,,,,,,,,,,,,,,,,,,,,,,,,,
Sam Shaw,2B,FA,,,,,,,,,,,,,,,,,,,,,,,,,,,,,,,,,,,,,,,,,,,,,,,
Victor Arias,CF,FA,,,,,,,,,,,,,,,,,,,,,,,,,,,,,,,,,,,,,,,,,,,,,,,
Brandon Martorano,C,FA,,,,,,,,,,,,,,,,,,,,,,,,,,,,,,,,,,,,,,,,,,,,,,,
Adam Berghorst,P,FA,,,,,,,,,,,,,,,,,,,,,,,,,,,,,,,,,,,,,,,,,,,,,,,
Eli Wilson,C,FA,,,,,,,,,,,,,,,,,,,,,,,,,,,,,,,,,,,,,,,,,,,,,,,
Derek West,P,FA,,,,,,,,,,,,,,,,,,,,,,,,,,,,,,,,,,,,,,,,,,,,,,,
Ted Stuka,P,FA,,,,,,,,,,,,,,,,,,,,,,,,,,,,,,,,,,,,,,,,,,,,,,,
Jeremiah Boyd,C,FA,,,,,,,,,,,,,,,,,,,,,,,,,,,,,,,,,,,,,,,,,,,,,,,
Cole Roberts,SS,FA,,,,,,,,,,,,,,,,,,,,,,,,,,,,,,,,,,,,,,,,,,,,,,,
Drew Compton,1B,FA,,,,,,,,,,,,,,,,,,,,,,,,,,,,,,,,,,,,,,,,,,,,,,,
Nacho Alvarez,3B,FA,,,,,,,,,,,,,,,,,,,,,,,,,,,,,,,,,,,,,,,,,,,-1.72,-1.12,1.4,25.1,59.1
Joe Olsavsky,1B,FA,,,,,,,,,,,,,,,,,,,,,,,,,,,,,,,,,,,,,,,,,,,,,,,
Carter Aldrete,2B,FA,,,,,,,,,,,,,,,,,,,,,,,,,,,,,,,,,,,,,,,,,,,,,,,
Jesus Chirinos,1B,FA,,,,,,,,,,,,,,,,,,,,,,,,,,,,,,,,,,,,,,,,,,,,,,,
Daniel Cope,DH,FA,,,,,,,,,,,,,,,,,,,,,,,,,,,,,,,,,,,,,,,,,,,,,,,
Cody Schrier,1B,FA,,,,,,,,,,,,,,,,,,,,,,,,,,,,,,,,,,,,,,,,,,,,,,,
Max Ferguson,2B,FA,,,,,,,,,,,,,,,,,,,,,,,,,,,,,,,,,,,,,,,,,,,,,,,
Dru Baker,CF,FA,,,,,,,,,,,,,,,,,,,,,,,,,,,,,,,,,,,,,,,,,,,,,,,
Francisco Coronado,2B,FA,,,,,,,,,,,,,,,,,,,,,,,,,,,,,,,,,,,,,,,,,,,,,,,
Erick Encarnacion,3B,FA,,,,,,,,,,,,,,,,,,,,,,,,,,,,,,,,,,,,,,,,,,,,,,,
Dominic Hellman,SS,FA,,,,,,,,,,,,,,,,,,,,,,,,,,,,,,,,,,,,,,,,,,,,,,,
Peyton Graham,2B,FA,,,,,,,,,,,,,,,,,,,,,,,,,,,,,,,,,,,,,,,,,,,,,,,
Bryan Gonzalez,1B,FA,,,,,,,,,,,,,,,,,,,,,,,,,,,,,,,,,,,,,,,,,,,,,,,
Robert Perez Jr.,CF,FA,,,,,,,,,,,,,,,,,,,,,,,,,,,,,,,,,,,,,,,,,,,,,,,
Cooper Kinney,2B,FA,,,,,,,,,,,,,,,,,,,,,,,,,,,,,,,,,,,,,,,,,,,,,,,
Noah Miller,SS,FA,,,,,,,,,,,,,,,,,,,,,,,,,,,,,,,,,,,,,,,,,,,,,,,
DAlessandro Barile,SS,FA,,,,,,,,,,,,,,,,,,,,,,,,,,,,,,,,,,,,,,,,,,,,,,,
Elvis Teran,RF,FA,,,,,,,,,,,,,,,,,,,,,,,,,,,,,,,,,,,,,,,,,,,,,,,
Brody Drost,CF,FA,,,,,,,,,,,,,,,,,,,,,,,,,,,,,,,,,,,,,,,,,,,,,,,
Trey Faltine,2B,FA,,,,,,,,,,,,,,,,,,,,,,,,,,,,,,,,,,,,,,,,,,,,,,,
Jaden Bastian,CF,FA,,,,,,,,,,,,,,,,,,,,,,,,,,,,,,,,,,,,,,,,,,,,,,,
Anthony Murphy,CF,FA,,,,,,,,,,,,,,,,,,,,,,,,,,,,,,,,,,,,,,,,,,,,,,,
Jose Tovar,C,FA,,,,,,,,,,,,,,,,,,,,,,,,,,,,,,,,,,,,,,,,,,,,,,,
Edwin Ramirez,LF,FA,,,,,,,,,,,,,,,,,,,,,,,,,,,,,,,,,,,,,,,,,,,,,,,
Ezequiel Surun,SS,FA,,,,,,,,,,,,,,,,,,,,,,,,,,,,,,,,,,,,,,,,,,,,,,,
Jonathan Mejia,2B,FA,,,,,,,,,,,,,,,,,,,,,,,,,,,,,,,,,,,,,,,,,,,,,,,
Darnel Collins,1B,FA,,,,,,,,,,,,,,,,,,,,,,,,,,,,,,,,,,,,,,,,,,,,,,,
Marcos Mateo,SS,FA,,,,,,,,,,,,,,,,,,,,,,,,,,,,,,,,,,,,,,,,,,,,,,,
Diego Guevara,RF,FA,,,,,,,,,,,,,,,,,,,,,,,,,,,,,,,,,,,,,,,,,,,,,,,
Michael Curialle,RF,FA,,,,,,,,,,,,,,,,,,,,,,,,,,,,,,,,,,,,,,,,,,,,,,,
Jose Gori,C,FA,,,,,,,,,,,,,,,,,,,,,,,,,,,,,,,,,,,,,,,,,,,,,,,
Josh Pearson,RF,FA,,,,,,,,,,,,,,,,,,,,,,,,,,,,,,,,,,,,,,,,,,,,,,,
Nate Voss,C,FA,,,,,,,,,,,,,,,,,,,,,,,,,,,,,,,,,,,,,,,,,,,,,,,
Jacob Kendall,SS,FA,,,,,,,,,,,,,,,,,,,,,,,,,,,,,,,,,,,,,,,,,,,,,,,
Brock Wilken,3B,FA,,,,,,,,,,,,,,,,,,,,,,,,,,,,,,,,,,,,,,,,,,,,,,,
Isay Veras,C,FA,,,,,,,,,,,,,,,,,,,,,,,,,,,,,,,,,,,,,,,,,,,,,,,
Giancarlos Mendoza,SS,FA,,,,,,,,,,,,,,,,,,,,,,,,,,,,,,,,,,,,,,,,,,,,,,,
Ethan Long,1B,FA,,,,,,,,,,,,,,,,,,,,,,,,,,,,,,,,,,,,,,,,,,,,,,,
Tucker Toman,3B,FA,,,,,,,,,,,,,,,,,,,,,,,,,,,,,,,,,,,,,,,,,,,,,,,
Cody Morissette,2B,FA,,,,,,,,,,,,,,,,,,,,,,,,,,,,,,,,,,,,,,,,,,,,,,,
Ethan Murray,2B,FA,,,,,,,,,,,,,,,,,,,,,,,,,,,,,,,,,,,,,,,,,,,,,,,
Trey Ebel,SS,FA,,,,,,,,,,,,,,,,,,,,,,,,,,,,,,,,,,,,,,,,,,,,,,,
Carter Beck,CF,FA,,,,,,,,,,,,,,,,,,,,,,,,,,,,,,,,,,,,,,,,,,,,,,,
Jose Silva,SS,FA,,,,,,,,,,,,,,,,,,,,,,,,,,,,,,,,,,,,,,,,,,,,,,,
Yu-Lin Liao,3B,FA,,,,,,,,,,,,,,,,,,,,,,,,,,,,,,,,,,,,,,,,,,,,,,,
Jeison Lopez,CF,FA,,,,,,,,,,,,,,,,,,,,,,,,,,,,,,,,,,,,,,,,,,,,,,,
Juan Yepez,LF,FA,,,,,,,,,,,,,,,,,,,,,,,,,,,,,,,,,,,,,,,,,,,,,,,
Moises Valdez,CF,FA,,,,,,,,,,,,,,,,,,,,,,,,,,,,,,,,,,,,,,,,,,,,,,,
Luis Dias,C,FA,,,,,,,,,,,,,,,,,,,,,,,,,,,,,,,,,,,,,,,,,,,,,,,
Diego Guzman,3B,FA,,,,,,,,,,,,,,,,,,,,,,,,,,,,,,,,,,,,,,,,,,,,,,,
Joephillip Guzman,2B,FA,,,,,,,,,,,,,,,,,,,,,,,,,,,,,,,,,,,,,,,,,,,,,,,
Victor Rodriguez,SS,FA,,,,,,,,,,,,,,,,,,,,,,,,,,,,,,,,,,,,,,,,,,,,,,,
Carl Calixte,CF,FA,,,,,,,,,,,,,,,,,,,,,,,,,,,,,,,,,,,,,,,,,,,,,,,
Mason Ligenza,CF,FA,,,,,,,,,,,,,,,,,,,,,,,,,,,,,,,,,,,,,,,,,,,,,,,
Chance Ruby,SS,FA,,,,,,,,,,,,,,,,,,,,,,,,,,,,,,,,,,,,,,,,,,,,,,,
Howard Reyes,C,FA,,,,,,,,,,,,,,,,,,,,,,,,,,,,,,,,,,,,,,,,,,,,,,,
Onil Perez,C,FA,,,,,,,,,,,,,,,,,,,,,,,,,,,,,,,,,,,,,,,,,,,,,,,
Diego Fernandez,2B,FA,,,,,,,,,,,,,,,,,,,,,,,,,,,,,,,,,,,,,,,,,,,,,,,
Byron Chourio,CF,FA,,,,,,,,,,,,,,,,,,,,,,,,,,,,,,,,,,,,,,,,,,,,,,,
Luis Duarte,C,FA,,,,,,,,,,,,,,,,,,,,,,,,,,,,,,,,,,,,,,,,,,,,,,,
Cristofer Torin,SS,FA,,,,,,,,,,,,,,,,,,,,,,,,,,,,,,,,,,,,,,,,,,,,,,,
Darling Pena,3B,FA,,,,,,,,,,,,,,,,,,,,,,,,,,,,,,,,,,,,,,,,,,,,,,,
Cesar Mateo,SS,FA,,,,,,,,,,,,,,,,,,,,,,,,,,,,,,,,,,,,,,,,,,,,,,,
Jack Scanlon,C,FA,,,,,,,,,,,,,,,,,,,,,,,,,,,,,,,,,,,,,,,,,,,,,,,
Santiago Contreras,C,FA,,,,,,,,,,,,,,,,,,,,,,,,,,,,,,,,,,,,,,,,,,,,,,,
Malachai Halterman,LF,FA,,,,,,,,,,,,,,,,,,,,,,,,,,,,,,,,,,,,,,,,,,,,,,,
Samil Dishmey,LF,FA,,,,,,,,,,,,,,,,,,,,,,,,,,,,,,,,,,,,,,,,,,,,,,,
Drew Grego,SS,FA,,,,,,,,,,,,,,,,,,,,,,,,,,,,,,,,,,,,,,,,,,,,,,,
Enzo Infelise,C,FA,,,,,,,,,,,,,,,,,,,,,,,,,,,,,,,,,,,,,,,,,,,,,,,
John Taylor,2B,FA,,,,,,,,,,,,,,,,,,,,,,,,,,,,,,,,,,,,,,,,,,,,,,,
Ben Wilmes,2B,FA,,,,,,,,,,,,,,,,,,,,,,,,,,,,,,,,,,,,,,,,,,,,,,,
Jett Kenady,SS,FA,,,,,,,,,,,,,,,,,,,,,,,,,,,,,,,,,,,,,,,,,,,,,,,
Luis Toribio,3B,FA,,,,,,,,,,,,,,,,,,,,,,,,,,,,,,,,,,,,,,,,,,,,,,,
Easton Shelton,1B,FA,,,,,,,,,,,,,,,,,,,,,,,,,,,,,,,,,,,,,,,,,,,,,,,
Matthew Etzel,LF,FA,,,,,,,,,,,,,,,,,,,,,,,,,,,,,,,,,,,,,,,,,,,,,,,
Angel Perez,1B,FA,,,,,,,,,,,,,,,,,,,,,,,,,,,,,,,,,,,,,,,,,,,,,,,
Jake Reinisch,RF,FA,,,,,,,,,,,,,,,,,,,,,,,,,,,,,,,,,,,,,,,,,,,,,,,
Israel Alvarez,SS,FA,,,,,,,,,,,,,,,,,,,,,,,,,,,,,,,,,,,,,,,,,,,,,,,
Victor Garcia,C,FA,,,,,,,,,,,,,,,,,,,,,,,,,,,,,,,,,,,,,,,,,,,,,,,
Francisco Del Campo,C,FA,,,,,,,,,,,,,,,,,,,,,,,,,,,,,,,,,,,,,,,,,,,,,,,
Brandon Nigh,3B,FA,,,,,,,,,,,,,,,,,,,,,,,,,,,,,,,,,,,,,,,,,,,,,,,
Liordanys Menendez,SS,FA,,,,,,,,,,,,,,,,,,,,,,,,,,,,,,,,,,,,,,,,,,,,,,,
Jamie Laskofski,SS,FA,,,,,,,,,,,,,,,,,,,,,,,,,,,,,,,,,,,,,,,,,,,,,,,
Jon Embury,3B,FA,,,,,,,,,,,,,,,,,,,,,,,,,,,,,,,,,,,,,,,,,,,,,,,
Sheng-Ping Chen,SS,FA,,,,,,,,,,,,,,,,,,,,,,,,,,,,,,,,,,,,,,,,,,,,,,,
Miguel Rodriguez,C,FA,,,,,,,,,,,,,,,,,,,,,,,,,,,,,,,,,,,,,,,,,,,,,,,
Jake Souders,RF,FA,,,,,,,,,,,,,,,,,,,,,,,,,,,,,,,,,,,,,,,,,,,,,,,
Ricardo De La Paz,RF,FA,,,,,,,,,,,,,,,,,,,,,,,,,,,,,,,,,,,,,,,,,,,,,,,
Charlie Szykowny,1B,FA,,,,,,,,,,,,,,,,,,,,,,,,,,,,,,,,,,,,,,,,,,,,,,,
Cole Turney,LF,FA,,,,,,,,,,,,,,,,,,,,,,,,,,,,,,,,,,,,,,,,,,,,,,,
Jose Colmenares,2B,FA,,,,,,,,,,,,,,,,,,,,,,,,,,,,,,,,,,,,,,,,,,,,,,,
Nehomar Ochoa,RF,FA,,,,,,,,,,,,,,,,,,,,,,,,,,,,,,,,,,,,,,,,,,,,,,,
Royner Bravo,CF,FA,,,,,,,,,,,,,,,,,,,,,,,,,,,,,,,,,,,,,,,,,,,,,,,
Gabriel Rodriguez,SS,FA,,,,,,,,,,,,,,,,,,,,,,,,,,,,,,,,,,,,,,,,,,,,,,,
Matias Palacio,SS,FA,,,,,,,,,,,,,,,,,,,,,,,,,,,,,,,,,,,,,,,,,,,,,,,
Wesly Castillo,RF,FA,,,,,,,,,,,,,,,,,,,,,,,,,,,,,,,,,,,,,,,,,,,,,,,
Antonio Gomez,C,FA,,,,,,,,,,,,,,,,,,,,,,,,,,,,,,,,,,,,,,,,,,,,,,,
Jose Valdez,CF,FA,,,,,,,,,,,,,,,,,,,,,,,,,,,,,,,,,,,,,,,,,,,,,,,
Saivel Zayas,RF,FA,,,,,,,,,,,,,,,,,,,,,,,,,,,,,,,,,,,,,,,,,,,,,,,
Henry Manrique,LF,FA,,,,,,,,,,,,,,,,,,,,,,,,,,,,,,,,,,,,,,,,,,,,,,,
Misael Urbina,LF,FA,,,,,,,,,,,,,,,,,,,,,,,,,,,,,,,,,,,,,,,,,,,,,,,
Maicor Degollado,SS,FA,,,,,,,,,,,,,,,,,,,,,,,,,,,,,,,,,,,,,,,,,,,,,,,
Franco Willias,LF,FA,,,,,,,,,,,,,,,,,,,,,,,,,,,,,,,,,,,,,,,,,,,,,,,
Keiberg Camacaro,SS,FA,,,,,,,,,,,,,,,,,,,,,,,,,,,,,,,,,,,,,,,,,,,,,,,
Yeisy Celesten,2B,FA,,,,,,,,,,,,,,,,,,,,,,,,,,,,,,,,,,,,,,,,,,,,,,,
Eddson Martinez,LF,FA,,,,,,,,,,,,,,,,,,,,,,,,,,,,,,,,,,,,,,,,,,,,,,,
Anderson Araujo,C,FA,,,,,,,,,,,,,,,,,,,,,,,,,,,,,,,,,,,,,,,,,,,,,,,
Yostin Pena,RF,T,,,,,,,,,,,,,,,,,,,,,,,,,,,,,,,,,,,,,,,,,,,,,,,
Bobby Boser,SS,FA,,,,,,,,,,,,,,,,,,,,,,,,,,,,,,,,,,,,,,,,,,,,,,,
Nic Partridge,3B,FA,,,,,,,,,,,,,,,,,,,,,,,,,,,,,,,,,,,,,,,,,,,,,,,
Jonathon Long,1B,T,,,,,,,,,,,,,,,,,,,,,,,,,,,,,,,,,,,,,,,,,,,,,,,
Eider Gutierrez,RF,FA,,,,,,,,,,,,,,,,,,,,,,,,,,,,,,,,,,,,,,,,,,,,,,,
Aidan Redahan,1B,FA,,,,,,,,,,,,,,,,,,,,,,,,,,,,,,,,,,,,,,,,,,,,,,,
Taylor Darden,2B,FA,,,,,,,,,,,,,,,,,,,,,,,,,,,,,,,,,,,,,,,,,,,,,,,
Trey Sweeney,SS,FA,,,,,,,,,,,,,,,,,,,,,,,,,,,,,,,,,,,,,,,,,,,0.26,0.65,6.8,28.8,84.4
Rio Foster,LF,FA,,,,,,,,,,,,,,,,,,,,,,,,,,,,,,,,,,,,,,,,,,,,,,,
Jonny Butler,LF,FA,,,,,,,,,,,,,,,,,,,,,,,,,,,,,,,,,,,,,,,,,,,,,,,
Parker Coddou,SS,FA,,,,,,,,,,,,,,,,,,,,,,,,,,,,,,,,,,,,,,,,,,,,,,,
Israel Pineda,C,FA,,,,,,,,,,,,,,,,,,,,,,,,,,,,,,,,,,,,,,,,,,,,,,,
J.J. DOrazio,C,FA,,,,,,,,,,,,,,,,,,,,,,,,,,,,,,,,,,,,,,,,,,,,,,,
Ryan Mitchell,SS,FA,,,,,,,,,,,,,,,,,,,,,,,,,,,,,,,,,,,,,,,,,,,,,,,
Colin Yeaman,3B,FA,,,,,,,,,,,,,,,,,,,,,,,,,,,,,,,,,,,,,,,,,,,,,,,
Jaden Fauske,CF,FA,,,,,,,,,,,,,,,,,,,,,,,,,,,,,,,,,,,,,,,,,,,,,,,
Taitn Gray,C,T,,,,,,,,,,,,,,,,,,,,,,,,,,,,,,,,,,,,,,,,,,,,,,,
Luis De Leon,C,FA,,,,,,,,,,,,,,,,,,,,,,,,,,,,,,,,,,,,,,,,,,,,,,,
Brayden Jaksa,C,FA,,,,,,,,,,,,,,,,,,,,,,,,,,,,,,,,,,,,,,,,,,,,,,,
Aaron Zavala,LF,FA,,,,,,,,,,,,,,,,,,,,,,,,,,,,,,,,,,,,,,,,,,,,,,,
Jhon Diaz,RF,FA,,,,,,,,,,,,,,,,,,,,,,,,,,,,,,,,,,,,,,,,,,,,,,,
Arol Vera,SS,FA,,,,,,,,,,,,,,,,,,,,,,,,,,,,,,,,,,,,,,,,,,,,,,,
Braylen Wimmer,LF,FA,,,,,,,,,,,,,,,,,,,,,,,,,,,,,,,,,,,,,,,,,,,,,,,
Dustin Dickerson,SS,FA,,,,,,,,,,,,,,,,,,,,,,,,,,,,,,,,,,,,,,,,,,,,,,,
Jackson Feltner,1B,FA,,,,,,,,,,,,,,,,,,,,,,,,,,,,,,,,,,,,,,,,,,,,,,,
Erick Pena,CF,FA,,,,,,,,,,,,,,,,,,,,,,,,,,,,,,,,,,,,,,,,,,,,,,,
Mat Nelson,C,FA,,,,,,,,,,,,,,,,,,,,,,,,,,,,,,,,,,,,,,,,,,,,,,,
Jordan Yost,SS,FA,,,,,,,,,,,,,,,,,,,,,,,,,,,,,,,,,,,,,,,,,,,,,,,
Dominic Pitelli,2B,FA,,,,,,,,,,,,,,,,,,,,,,,,,,,,,,,,,,,,,,,,,,,,,,,
Nate Nankil,RF,FA,,,,,,,,,,,,,,,,,,,,,,,,,,,,,,,,,,,,,,,,,,,,,,,
Eddie Park,CF,FA,,,,,,,,,,,,,,,,,,,,,,,,,,,,,,,,,,,,,,,,,,,,,,,
Giaconino Lasaracina,C,FA,,,,,,,,,,,,,,,,,,,,,,,,,,,,,,,,,,,,,,,,,,,,,,,
Brian Kalmer,1B,FA,,,,,,,,,,,,,,,,,,,,,,,,,,,,,,,,,,,,,,,,,,,,,,,
Javier Gorostola,3B,FA,,,,,,,,,,,,,,,,,,,,,,,,,,,,,,,,,,,,,,,,,,,,,,,
Jacob Johnson,3B,FA,,,,,,,,,,,,,,,,,,,,,,,,,,,,,,,,,,,,,,,,,,,,,,,
Sam Brown,1B,FA,,,,,,,,,,,,,,,,,,,,,,,,,,,,,,,,,,,,,,,,,,,,,,,
Tanner Mally,CF,FA,,,,,,,,,,,,,,,,,,,,,,,,,,,,,,,,,,,,,,,,,,,,,,,
Renso Tenas,SS,FA,,,,,,,,,,,,,,,,,,,,,,,,,,,,,,,,,,,,,,,,,,,,,,,
Luis Mieses,RF,FA,,,,,,,,,,,,,,,,,,,,,,,,,,,,,,,,,,,,,,,,,,,,,,,
Diego Infante,LF,FA,,,,,,,,,,,,,,,,,,,,,,,,,,,,,,,,,,,,,,,,,,,,,,,
Cameron Masterman,LF,FA,,,,,,,,,,,,,,,,,,,,,,,,,,,,,,,,,,,,,,,,,,,,,,,
Anderson Comas,RF,FA,,,,,,,,,,,,,,,,,,,,,,,,,,,,,,,,,,,,,,,,,,,,,,,
Ricardo Romero,2B,FA,,,,,,,,,,,,,,,,,,,,,,,,,,,,,,,,,,,,,,,,,,,,,,,
Daunte Stuart,2B,FA,,,,,,,,,,,,,,,,,,,,,,,,,,,,,,,,,,,,,,,,,,,,,,,
Edgardo Villegas,CF,FA,,,,,,,,,,,,,,,,,,,,,,,,,,,,,,,,,,,,,,,,,,,,,,,
Leudy Arache,CF,FA,,,,,,,,,,,,,,,,,,,,,,,,,,,,,,,,,,,,,,,,,,,,,,,
Pablo Martinez,SS,FA,,,,,,,,,,,,,,,,,,,,,,,,,,,,,,,,,,,,,,,,,,,,,,,
Orlando Martinez,LF,FA,,,,,,,,,,,,,,,,,,,,,,,,,,,,,,,,,,,,,,,,,,,,,,,
Nick Pratto,1B,FA,,,,,,,,,,,,,,,,,,,,,,,,,,,,,,,,,,,,,,,,,,,,,,,
Manuel Aguilar,RF,FA,,,,,,,,,,,,,,,,,,,,,,,,,,,,,,,,,,,,,,,,,,,,,,,
Raunny Figueredo,RF,FA,,,,,,,,,,,,,,,,,,,,,,,,,,,,,,,,,,,,,,,,,,,,,,,
Trevor Werner,RF,FA,,,,,,,,,,,,,,,,,,,,,,,,,,,,,,,,,,,,,,,,,,,,,,,
Yahil Melendez,SS,FA,,,,,,,,,,,,,,,,,,,,,,,,,,,,,,,,,,,,,,,,,,,,,,,
Caden Rose,LF,FA,,,,,,,,,,,,,,,,,,,,,,,,,,,,,,,,,,,,,,,,,,,,,,,
Franklin Merisu,SS,FA,,,,,,,,,,,,,,,,,,,,,,,,,,,,,,,,,,,,,,,,,,,,,,,
Maika Niu,SS,FA,,,,,,,,,,,,,,,,,,,,,,,,,,,,,,,,,,,,,,,,,,,,,,,
Jonathan Guzman,SS,FA,,,,,,,,,,,,,,,,,,,,,,,,,,,,,,,,,,,,,,,,,,,,,,,
Anderson Areinamo,SS,FA,,,,,,,,,,,,,,,,,,,,,,,,,,,,,,,,,,,,,,,,,,,,,,,
Luis Rodriguez,CF,FA,,,,,,,,,,,,,,,,,,,,,,,,,,,,,,,,,,,,,,,,,,,,,,,
Malcom Nunez,3B,FA,,,,,,,,,,,,,,,,,,,,,,,,,,,,,,,,,,,,,,,,,,,,,,,
Elio Prado,CF,FA,,,,,,,,,,,,,,,,,,,,,,,,,,,,,,,,,,,,,,,,,,,,,,,
Jordan Ouanyou,1B,FA,,,,,,,,,,,,,,,,,,,,,,,,,,,,,,,,,,,,,,,,,,,,,,,
Andrick Nava,C,FA,,,,,,,,,,,,,,,,,,,,,,,,,,,,,,,,,,,,,,,,,,,,,,,
Moises Febrillet,3B,FA,,,,,,,,,,,,,,,,,,,,,,,,,,,,,,,,,,,,,,,,,,,,,,,
Yoelkis Cespedes,CF,FA,,,,,,,,,,,,,,,,,,,,,,,,,,,,,,,,,,,,,,,,,,,,,,,
David Bote,3B,FA,,,,,,,,,,,,,,,,,,,,,,,,,,,,,,,,,,,,,,,,,,,,,,,
Riley Adams,C,FA,,,,,,,,,,,,,,,,,,,,,,,,,,,,,,,,,,,,,,,,,,,-0.52,-1.3,10.5,30.8,64.6
Jordy Barley,SS,FA,,,,,,,,,,,,,,,,,,,,,,,,,,,,,,,,,,,,,,,,,,,,,,,
Sebastian Dos Santos,SS,T,,,,,,,,,,,,,,,,,,,,,,,,,,,,,,,,,,,,,,,,,,,,,,,
Matt Suggs,C,FA,,,,,,,,,,,,,,,,,,,,,,,,,,,,,,,,,,,,,,,,,,,,,,,
Jorgelys Mota,3B,FA,,,,,,,,,,,,,,,,,,,,,,,,,,,,,,,,,,,,,,,,,,,,,,,
Leiker Figueroa,3B,FA,,,,,,,,,,,,,,,,,,,,,,,,,,,,,,,,,,,,,,,,,,,,,,,
Cooper Johnson,C,FA,,,,,,,,,,,,,,,,,,,,,,,,,,,,,,,,,,,,,,,,,,,,,,,
Lane Haworth,RF,FA,,,,,,,,,,,,,,,,,,,,,,,,,,,,,,,,,,,,,,,,,,,,,,,
Pedro Martinez,SS,FA,,,,,,,,,,,,,,,,,,,,,,,,,,,,,,,,,,,,,,,,,,,,,,,
Ryan Burrowes,2B,FA,,,,,,,,,,,,,,,,,,,,,,,,,,,,,,,,,,,,,,,,,,,,,,,
Cort MacDonald,CF,FA,,,,,,,,,,,,,,,,,,,,,,,,,,,,,,,,,,,,,,,,,,,,,,,
Austin Fawley,C,FA,,,,,,,,,,,,,,,,,,,,,,,,,,,,,,,,,,,,,,,,,,,,,,,
Reece Walling,RF,FA,,,,,,,,,,,,,,,,,,,,,,,,,,,,,,,,,,,,,,,,,,,,,,,
Weber Neels,C,FA,,,,,,,,,,,,,,,,,,,,,,,,,,,,,,,,,,,,,,,,,,,,,,,
Jordan Dissin,C,FA,,,,,,,,,,,,,,,,,,,,,,,,,,,,,,,,,,,,,,,,,,,,,,,
John Smith,LF,FA,,,,,,,,,,,,,,,,,,,,,,,,,,,,,,,,,,,,,,,,,,,,,,,
Michael Petite,CF,FA,,,,,,,,,,,,,,,,,,,,,,,,,,,,,,,,,,,,,,,,,,,,,,,
Yosander Asencio,LF,FA,,,,,,,,,,,,,,,,,,,,,,,,,,,,,,,,,,,,,,,,,,,,,,,
Jacob Galloway,C,FA,,,,,,,,,,,,,,,,,,,,,,,,,,,,,,,,,,,,,,,,,,,,,,,
Anderson De Los Santos,3B,FA,,,,,,,,,,,,,,,,,,,,,,,,,,,,,,,,,,,,,,,,,,,,,,,
Blake Robertson,1B,FA,,,,,,,,,,,,,,,,,,,,,,,,,,,,,,,,,,,,,,,,,,,,,,,
Bear Madliak,C,FA,,,,,,,,,,,,,,,,,,,,,,,,,,,,,,,,,,,,,,,,,,,,,,,
Gabe Camacho,1B,FA,,,,,,,,,,,,,,,,,,,,,,,,,,,,,,,,,,,,,,,,,,,,,,,
Jake Duer,LF,FA,,,,,,,,,,,,,,,,,,,,,,,,,,,,,,,,,,,,,,,,,,,,,,,
Jatniel McCloud,CF,FA,,,,,,,,,,,,,,,,,,,,,,,,,,,,,,,,,,,,,,,,,,,,,,,
Tomas Nido,C,FA,,,,,,,,,,,,,,,,,,,,,,,,,,,,,,,,,,,,,,,,,,,-0.44,1.1,0.0,36.7,100.0
Elliot Lascelles,SS,FA,,,,,,,,,,,,,,,,,,,,,,,,,,,,,,,,,,,,,,,,,,,,,,,
Julio Rodriguez,C,FA,,,,,,,,,,,,,,,,,,,,,,,,,,,,,,,,,,,,,,,,,,,,,,,
Miguel Caraballo,C,FA,,,,,,,,,,,,,,,,,,,,,,,,,,,,,,,,,,,,,,,,,,,,,,,
Stiven Marinez,SS,FA,,,,,,,,,,,,,,,,,,,,,,,,,,,,,,,,,,,,,,,,,,,,,,,
Adolfo Miranda,RF,FA,,,,,,,,,,,,,,,,,,,,,,,,,,,,,,,,,,,,,,,,,,,,,,,
Edward Olivares,RF,FA,,,,,,,,,,,,,,,,,,,,,,,,,,,,,,,,,,,,,,,,,,,,,,,
Jack Brooks,CF,FA,,,,,,,,,,,,,,,,,,,,,,,,,,,,,,,,,,,,,,,,,,,,,,,
Connor Charping,C,FA,,,,,,,,,,,,,,,,,,,,,,,,,,,,,,,,,,,,,,,,,,,,,,,
Jack Salmon,LF,FA,,,,,,,,,,,,,,,,,,,,,,,,,,,,,,,,,,,,,,,,,,,,,,,
Jerry Huntzinger,C,FA,,,,,,,,,,,,,,,,,,,,,,,,,,,,,,,,,,,,,,,,,,,,,,,
Ryan McCarty,2B,FA,,,,,,,,,,,,,,,,,,,,,,,,,,,,,,,,,,,,,,,,,,,,,,,
Jake Jackson,CF,FA,,,,,,,,,,,,,,,,,,,,,,,,,,,,,,,,,,,,,,,,,,,,,,,
Matt Thaiss,C,FA,,,,,,,,,,,,,,,,,,,,,,,,,,,,,,,,,,,,,,,,,,,1.08,2.39,4.5,20.7,93.5
Caleb Farmer,C,FA,,,,,,,,,,,,,,,,,,,,,,,,,,,,,,,,,,,,,,,,,,,,,,,
Tyler Baca,CF,FA,,,,,,,,,,,,,,,,,,,,,,,,,,,,,,,,,,,,,,,,,,,,,,,
Zion Pettigrew,3B,FA,,,,,,,,,,,,,,,,,,,,,,,,,,,,,,,,,,,,,,,,,,,,,,,
Brennan Milone,1B,FA,,,,,,,,,,,,,,,,,,,,,,,,,,,,,,,,,,,,,,,,,,,,,,,
Jayden Stroman,SS,FA,,,,,,,,,,,,,,,,,,,,,,,,,,,,,,,,,,,,,,,,,,,,,,,
John McHenry,SS,FA,,,,,,,,,,,,,,,,,,,,,,,,,,,,,,,,,,,,,,,,,,,,,,,
Jack Gurevitch,1B,FA,,,,,,,,,,,,,,,,,,,,,,,,,,,,,,,,,,,,,,,,,,,,,,,
Jose Cordova,1B,FA,,,,,,,,,,,,,,,,,,,,,,,,,,,,,,,,,,,,,,,,,,,,,,,
Chris Arroyo,1B,FA,,,,,,,,,,,,,,,,,,,,,,,,,,,,,,,,,,,,,,,,,,,,,,,
Dylan Bowen,SS,FA,,,,,,,,,,,,,,,,,,,,,,,,,,,,,,,,,,,,,,,,,,,,,,,
Ethan Frey,CF,FA,,,,,,,,,,,,,,,,,,,,,,,,,,,,,,,,,,,,,,,,,,,,,,,
Teruaki Sato,3B,FA,,,,,,,,,,,,,,,,,,,,,,,,,,,,,,,,,,,,,,,,,,,,,,,
Ethan Hedges,3B,FA,,,,,,,,,,,,,,,,,,,,,,,,,,,,,,,,,,,,,,,,,,,,,,,
Brandon Pimentel,1B,FA,,,,,,,,,,,,,,,,,,,,,,,,,,,,,,,,,,,,,,,,,,,,,,,
Aaron Walton,CF,FA,,,,,,,,,,,,,,,,,,,,,,,,,,,,,,,,,,,,,,,,,,,,,,,
Casey Yamauchi,2B,FA,,,,,,,,,,,,,,,,,,,,,,,,,,,,,,,,,,,,,,,,,,,,,,,
Nick Schwartz,C,FA,,,,,,,,,,,,,,,,,,,,,,,,,,,,,,,,,,,,,,,,,,,,,,,
Xavier Casserilla,3B,FA,,,,,,,,,,,,,,,,,,,,,,,,,,,,,,,,,,,,,,,,,,,,,,,
Anthony Sherwin,3B,FA,,,,,,,,,,,,,,,,,,,,,,,,,,,,,,,,,,,,,,,,,,,,,,,
Ian Taylor,CF,FA,,,,,,,,,,,,,,,,,,,,,,,,,,,,,,,,,,,,,,,,,,,,,,,
Noah Barber,LF,FA,,,,,,,,,,,,,,,,,,,,,,,,,,,,,,,,,,,,,,,,,,,,,,,
Jack Hopko,LF,FA,,,,,,,,,,,,,,,,,,,,,,,,,,,,,,,,,,,,,,,,,,,,,,,
Caleb Bartolero,3B,FA,,,,,,,,,,,,,,,,,,,,,,,,,,,,,,,,,,,,,,,,,,,,,,,
Evan Bouldin,3B,FA,,,,,,,,,,,,,,,,,,,,,,,,,,,,,,,,,,,,,,,,,,,,,,,
Cade Climie,1B,FA,,,,,,,,,,,,,,,,,,,,,,,,,,,,,,,,,,,,,,,,,,,,,,,
Andy Blake,3B,FA,,,,,,,,,,,,,,,,,,,,,,,,,,,,,,,,,,,,,,,,,,,,,,,
Conor Essenburg,CF,T,,,,,,,,,,,,,,,,,,,,,,,,,,,,,,,,,,,,,,,,,,,,,,,
Riley Nelson,1B,FA,,,,,,,,,,,,,,,,,,,,,,,,,,,,,,,,,,,,,,,,,,,,,,,
Tyler Minnick,C,FA,,,,,,,,,,,,,,,,,,,,,,,,,,,,,,,,,,,,,,,,,,,,,,,
Elijah Ickes,SS,FA,,,,,,,,,,,,,,,,,,,,,,,,,,,,,,,,,,,,,,,,,,,,,,,
Jorge Lara,2B,FA,,,,,,,,,,,,,,,,,,,,,,,,,,,,,,,,,,,,,,,,,,,,,,,
Drew Wyers,SS,FA,,,,,,,,,,,,,,,,,,,,,,,,,,,,,,,,,,,,,,,,,,,,,,,
Poncho Ruiz,C,FA,,,,,,,,,,,,,,,,,,,,,,,,,,,,,,,,,,,,,,,,,,,,,,,
Drew Detlefsen,LF,FA,,,,,,,,,,,,,,,,,,,,,,,,,,,,,,,,,,,,,,,,,,,,,,,
Ryan Gerety,CF,FA,,,,,,,,,,,,,,,,,,,,,,,,,,,,,,,,,,,,,,,,,,,,,,,
Tai Jones,CF,FA,,,,,,,,,,,,,,,,,,,,,,,,,,,,,,,,,,,,,,,,,,,,,,,
Andruw Giles,RF,FA,,,,,,,,,,,,,,,,,,,,,,,,,,,,,,,,,,,,,,,,,,,,,,,
Kyle Sinzza,2B,FA,,,,,,,,,,,,,,,,,,,,,,,,,,,,,,,,,,,,,,,,,,,,,,,
Brayden Dowd,CF,FA,,,,,,,,,,,,,,,,,,,,,,,,,,,,,,,,,,,,,,,,,,,,,,,
Collin Bland,OF,FA,,,,,,,,,,,,,,,,,,,,,,,,,,,,,,,,,,,,,,,,,,,,,,,
Dallas Macias,LF,FA,,,,,,,,,,,,,,,,,,,,,,,,,,,,,,,,,,,,,,,,,,,,,,,
Jordan Hawkins,CF,FA,,,,,,,,,,,,,,,,,,,,,,,,,,,,,,,,,,,,,,,,,,,,,,,
Tatsuki Mizuno,SS,FA,,,,,,,,,,,,,,,,,,,,,,,,,,,,,,,,,,,,,,,,,,,,,,,
Cody Miller,SS,FA,,,,,,,,,,,,,,,,,,,,,,,,,,,,,,,,,,,,,,,,,,,,,,,
Kolby Branch,3B,FA,,,,,,,,,,,,,,,,,,,,,,,,,,,,,,,,,,,,,,,,,,,,,,,
Malachi Washington,RF,FA,,,,,,,,,,,,,,,,,,,,,,,,,,,,,,,,,,,,,,,,,,,,,,,
Tre Broussard,CF,FA,,,,,,,,,,,,,,,,,,,,,,,,,,,,,,,,,,,,,,,,,,,,,,,
Keaton Neal,SS,FA,,,,,,,,,,,,,,,,,,,,,,,,,,,,,,,,,,,,,,,,,,,,,,,
Francisco Rivero,C,FA,,,,,,,,,,,,,,,,,,,,,,,,,,,,,,,,,,,,,,,,,,,,,,,
Tony Bullard,1B,FA,,,,,,,,,,,,,,,,,,,,,,,,,,,,,,,,,,,,,,,,,,,,,,,
Angelo DiSpigna,LF,FA,,,,,,,,,,,,,,,,,,,,,,,,,,,,,,,,,,,,,,,,,,,,,,,
Kaeden Kent,SS,FA,,,,,,,,,,,,,,,,,,,,,,,,,,,,,,,,,,,,,,,,,,,,,,,
Tevin Tucker,2B,FA,,,,,,,,,,,,,,,,,,,,,,,,,,,,,,,,,,,,,,,,,,,,,,,
Yovanny Rodriguez,C,FA,,,,,,,,,,,,,,,,,,,,,,,,,,,,,,,,,,,,,,,,,,,,,,,
Eduardo Herrera,1B,FA,,,,,,,,,,,,,,,,,,,,,,,,,,,,,,,,,,,,,,,,,,,,,,,
Hayden Yost,RF,FA,,,,,,,,,,,,,,,,,,,,,,,,,,,,,,,,,,,,,,,,,,,,,,,
Bear Harrison,C,FA,,,,,,,,,,,,,,,,,,,,,,,,,,,,,,,,,,,,,,,,,,,,,,,
Nelson Prieto,C,FA,,,,,,,,,,,,,,,,,,,,,,,,,,,,,,,,,,,,,,,,,,,,,,,
Caleb Bonemer,SS,T,,,,,,,,,,,,,,,,,,,,,,,,,,,,,,,,,,,,,,,,,,,,,,,
Jesus Fernandez,SS,FA,,,,,,,,,,,,,,,,,,,,,,,,,,,,,,,,,,,,,,,,,,,,,,,
Cole Gabrielson,LF,FA,,,,,,,,,,,,,,,,,,,,,,,,,,,,,,,,,,,,,,,,,,,,,,,
Jorge Bonifacio,RF,FA,,,,,,,,,,,,,,,,,,,,,,,,,,,,,,,,,,,,,,,,,,,,,,,
Josh Moylan,1B,FA,,,,,,,,,,,,,,,,,,,,,,,,,,,,,,,,,,,,,,,,,,,,,,,
Romeli Espinosa,SS,FA,,,,,,,,,,,,,,,,,,,,,,,,,,,,,,,,,,,,,,,,,,,,,,,
Peter Burns,C,FA,,,,,,,,,,,,,,,,,,,,,,,,,,,,,,,,,,,,,,,,,,,,,,,
Landon Wallace,LF,FA,,,,,,,,,,,,,,,,,,,,,,,,,,,,,,,,,,,,,,,,,,,,,,,
Carlos Concepcion,RF,FA,,,,,,,,,,,,,,,,,,,,,,,,,,,,,,,,,,,,,,,,,,,,,,,
Josh Skowronski,RF,FA,,,,,,,,,,,,,,,,,,,,,,,,,,,,,,,,,,,,,,,,,,,,,,,
Mac Moyer,CF,FA,,,,,,,,,,,,,,,,,,,,,,,,,,,,,,,,,,,,,,,,,,,,,,,
Lou Albrecht,C,FA,,,,,,,,,,,,,,,,,,,,,,,,,,,,,,,,,,,,,,,,,,,,,,,
Trent Farquhar,2B,FA,,,,,,,,,,,,,,,,,,,,,,,,,,,,,,,,,,,,,,,,,,,,,,,
Luis Quesada,RF,FA,,,,,,,,,,,,,,,,,,,,,,,,,,,,,,,,,,,,,,,,,,,,,,,
Luke Scherrer,1B,FA,,,,,,,,,,,,,,,,,,,,,,,,,,,,,,,,,,,,,,,,,,,,,,,
Donte Grant,CF,FA,,,,,,,,,,,,,,,,,,,,,,,,,,,,,,,,,,,,,,,,,,,,,,,
Addison Kopack,1B,FA,,,,,,,,,,,,,,,,,,,,,,,,,,,,,,,,,,,,,,,,,,,,,,,
Rod Barajas Jr.,C,FA,,,,,,,,,,,,,,,,,,,,,,,,,,,,,,,,,,,,,,,,,,,,,,,
Colton Vincent,C,FA,,,,,,,,,,,,,,,,,,,,,,,,,,,,,,,,,,,,,,,,,,,,,,,
Chandler Seagle,C,FA,,,,,,,,,,,,,,,,,,,,,,,,,,,,,,,,,,,,,,,,,,,,,,,
Paxton Scoggin,SS,FA,,,,,,,,,,,,,,,,,,,,,,,,,,,,,,,,,,,,,,,,,,,,,,,
Malachi Butler,SS,FA,,,,,,,,,,,,,,,,,,,,,,,,,,,,,,,,,,,,,,,,,,,,,,,
Crew McChesney,LF,FA,,,,,,,,,,,,,,,,,,,,,,,,,,,,,,,,,,,,,,,,,,,,,,,
Josh Rivera,SS,FA,,,,,,,,,,,,,,,,,,,,,,,,,,,,,,,,,,,,,,,,,,,,,,,
Estevan Moreno,SS,FA,,,,,,,,,,,,,,,,,,,,,,,,,,,,,,,,,,,,,,,,,,,,,,,
Matthew Bucciero,RF,FA,,,,,,,,,,,,,,,,,,,,,,,,,,,,,,,,,,,,,,,,,,,,,,,
Grayson Fitzwater,1B,FA,,,,,,,,,,,,,,,,,,,,,,,,,,,,,,,,,,,,,,,,,,,,,,,
Jake Berkland,SS,FA,,,,,,,,,,,,,,,,,,,,,,,,,,,,,,,,,,,,,,,,,,,,,,,
Matt King,SS,FA,,,,,,,,,,,,,,,,,,,,,,,,,,,,,,,,,,,,,,,,,,,,,,,
Ryan Fitzgerald,2B,FA,,,,,,,,,,,,,,,,,,,,,,,,,,,,,,,,,,,,,,,,,,,0.18,-0.92,13.5,32.6,71.4
Yunior Severino,RF,FA,,,,,,,,,,,,,,,,,,,,,,,,,,,,,,,,,,,,,,,,,,,,,,,
Eddy Rodriguez,RF,FA,,,,,,,,,,,,,,,,,,,,,,,,,,,,,,,,,,,,,,,,,,,,,,,
Koltyn Watters,CF,FA,,,,,,,,,,,,,,,,,,,,,,,,,,,,,,,,,,,,,,,,,,,,,,,
Lubin Rincon,SS,FA,,,,,,,,,,,,,,,,,,,,,,,,,,,,,,,,,,,,,,,,,,,,,,,
Derek Vazquez,SS,FA,,,,,,,,,,,,,,,,,,,,,,,,,,,,,,,,,,,,,,,,,,,,,,,
Tyce Johnson,SS,FA,,,,,,,,,,,,,,,,,,,,,,,,,,,,,,,,,,,,,,,,,,,,,,,
Jeremiah Hall,SS,FA,,,,,,,,,,,,,,,,,,,,,,,,,,,,,,,,,,,,,,,,,,,,,,,
Landon King,SS,FA,,,,,,,,,,,,,,,,,,,,,,,,,,,,,,,,,,,,,,,,,,,,,,,
Andres Alvarez,SS,FA,,,,,,,,,,,,,,,,,,,,,,,,,,,,,,,,,,,,,,,,,,,,,,,
Cooper Holland,SS,FA,,,,,,,,,,,,,,,,,,,,,,,,,,,,,,,,,,,,,,,,,,,,,,,
Angel Del Rosario,3B,FA,,,,,,,,,,,,,,,,,,,,,,,,,,,,,,,,,,,,,,,,,,,,,,,
Bryan Mesa,SS,FA,,,,,,,,,,,,,,,,,,,,,,,,,,,,,,,,,,,,,,,,,,,,,,,
Eddinson Paulino,2B,FA,,,,,,,,,,,,,,,,,,,,,,,,,,,,,,,,,,,,,,,,,,,,,,,
Mikey Batiste,LF,FA,,,,,,,,,,,,,,,,,,,,,,,,,,,,,,,,,,,,,,,,,,,,,,,
Cade Marlowe,RF,FA,,,,,,,,,,,,,,,,,,,,,,,,,,,,,,,,,,,,,,,,,,,,,,,
Matt ONeill,C,FA,,,,,,,,,,,,,,,,,,,,,,,,,,,,,,,,,,,,,,,,,,,,,,,
Andrew Navigato,SS,FA,,,,,,,,,,,,,,,,,,,,,,,,,,,,,,,,,,,,,,,,,,,,,,,
Omar Guadamuz,3B,FA,,,,,,,,,,,,,,,,,,,,,,,,,,,,,,,,,,,,,,,,,,,,,,,
John Lemm,C,FA,,,,,,,,,,,,,,,,,,,,,,,,,,,,,,,,,,,,,,,,,,,,,,,
Carlos Torres,C,FA,,,,,,,,,,,,,,,,,,,,,,,,,,,,,,,,,,,,,,,,,,,,,,,
Cade Fergus,CF,FA,,,,,,,,,,,,,,,,,,,,,,,,,,,,,,,,,,,,,,,,,,,,,,,
Tristan Bissetta,OF,FA,,,,,,,,,,,,,,,,,,,,,,,,,,,,,,,,,,,,,,,,,,,,,,,
Juan Macero,3B,FA,,,,,,,,,,,,,,,,,,,,,,,,,,,,,,,,,,,,,,,,,,,,,,,
Bryce Ball,1B,FA,,,,,,,,,,,,,,,,,,,,,,,,,,,,,,,,,,,,,,,,,,,,,,,
Edgardo Figueroa,C,FA,,,,,,,,,,,,,,,,,,,,,,,,,,,,,,,,,,,,,,,,,,,,,,,
Henry Kaczmar,SS,FA,,,,,,,,,,,,,,,,,,,,,,,,,,,,,,,,,,,,,,,,,,,,,,,
Eliam Sandoval,LF,FA,,,,,,,,,,,,,,,,,,,,,,,,,,,,,,,,,,,,,,,,,,,,,,,
Leni Done,3B,FA,,,,,,,,,,,,,,,,,,,,,,,,,,,,,,,,,,,,,,,,,,,,,,,
Jhosman Theran,CF,FA,,,,,,,,,,,,,,,,,,,,,,,,,,,,,,,,,,,,,,,,,,,,,,,
Carter Rust,OF,FA,,,,,,,,,,,,,,,,,,,,,,,,,,,,,,,,,,,,,,,,,,,,,,,
Ismael Alcantara,CF,FA,,,,,,,,,,,,,,,,,,,,,,,,,,,,,,,,,,,,,,,,,,,,,,,
Roni Garcia,2B,FA,,,,,,,,,,,,,,,,,,,,,,,,,,,,,,,,,,,,,,,,,,,,,,,
Seth Stephenson,RF,FA,,,,,,,,,,,,,,,,,,,,,,,,,,,,,,,,,,,,,,,,,,,,,,,
Jose Montilla,C,FA,,,,,,,,,,,,,,,,,,,,,,,,,,,,,,,,,,,,,,,,,,,,,,,
Matt Scheffler,C,FA,,,,,,,,,,,,,,,,,,,,,,,,,,,,,,,,,,,,,,,,,,,,,,,
Deinis Chourio,SS,FA,,,,,,,,,,,,,,,,,,,,,,,,,,,,,,,,,,,,,,,,,,,,,,,
Damian Ruiz,LF,FA,,,,,,,,,,,,,,,,,,,,,,,,,,,,,,,,,,,,,,,,,,,,,,,
Peyton Wilson,2B,FA,,,,,,,,,,,,,,,,,,,,,,,,,,,,,,,,,,,,,,,,,,,,,,,
Clay Burdette,RF,FA,,,,,,,,,,,,,,,,,,,,,,,,,,,,,,,,,,,,,,,,,,,,,,,
Louis Andujar,3B,FA,,,,,,,,,,,,,,,,,,,,,,,,,,,,,,,,,,,,,,,,,,,,,,,
Alex Weingartner,CF,FA,,,,,,,,,,,,,,,,,,,,,,,,,,,,,,,,,,,,,,,,,,,,,,,
Luke Lawrence,3B,FA,,,,,,,,,,,,,,,,,,,,,,,,,,,,,,,,,,,,,,,,,,,,,,,
Ronaldo Hernandez,C,FA,,,,,,,,,,,,,,,,,,,,,,,,,,,,,,,,,,,,,,,,,,,,,,,
Luis Pino,LF,FA,,,,,,,,,,,,,,,,,,,,,,,,,,,,,,,,,,,,,,,,,,,,,,,
Cristian Santana,3B,FA,,,,,,,,,,,,,,,,,,,,,,,,,,,,,,,,,,,,,,,,,,,,,,,
Elian Rayo,3B,FA,,,,,,,,,,,,,,,,,,,,,,,,,,,,,,,,,,,,,,,,,,,,,,,
Jack Brenner,C,FA,,,,,,,,,,,,,,,,,,,,,,,,,,,,,,,,,,,,,,,,,,,,,,,
Johnfrank Salazar,1B,FA,,,,,,,,,,,,,,,,,,,,,,,,,,,,,,,,,,,,,,,,,,,,,,,
Caden Davidson,3B,FA,,,,,,,,,,,,,,,,,,,,,,,,,,,,,,,,,,,,,,,,,,,,,,,
Scott Gell,C,FA,,,,,,,,,,,,,,,,,,,,,,,,,,,,,,,,,,,,,,,,,,,,,,,
Damian Bravo,LF,FA,,,,,,,,,,,,,,,,,,,,,,,,,,,,,,,,,,,,,,,,,,,,,,,
Leonardo Carpio,LF,FA,,,,,,,,,,,,,,,,,,,,,,,,,,,,,,,,,,,,,,,,,,,,,,,
Easton Talt,RF,FA,,,,,,,,,,,,,,,,,,,,,,,,,,,,,,,,,,,,,,,,,,,,,,,
Brayden Corn,CF,FA,,,,,,,,,,,,,,,,,,,,,,,,,,,,,,,,,,,,,,,,,,,,,,,
Brodey Acres,SS,FA,,,,,,,,,,,,,,,,,,,,,,,,,,,,,,,,,,,,,,,,,,,,,,,
Cooper Carlgren,P,FA,,,,,,,,,,,,,,,,,,,,,,,,,,,,,,,,,,,,,,,,,,,,,,,
Isaiah Barkett,3B,FA,,,,,,,,,,,,,,,,,,,,,,,,,,,,,,,,,,,,,,,,,,,,,,,
Tyce Peterson,2B,FA,,,,,,,,,,,,,,,,,,,,,,,,,,,,,,,,,,,,,,,,,,,,,,,
Junior Barajas,C,FA,,,,,,,,,,,,,,,,,,,,,,,,,,,,,,,,,,,,,,,,,,,,,,,
Rosniell De Paula,SS,FA,,,,,,,,,,,,,,,,,,,,,,,,,,,,,,,,,,,,,,,,,,,,,,,
Sherman Johnson,3B,FA,,,,,,,,,,,,,,,,,,,,,,,,,,,,,,,,,,,,,,,,,,,,,,,
Gavin Seebold,P,FA,,,,,,,,,,,,,,,,,,,,,,,,,,,,,,,,,,,,,,,,,,,,,,,
Tyson LeBlanc,SS,FA,,,,,,,,,,,,,,,,,,,,,,,,,,,,,,,,,,,,,,,,,,,,,,,
Dax Dathe,P,FA,,,,,,,,,,,,,,,,,,,,,,,,,,,,,,,,,,,,,,,,,,,,,,,
Dominic Santarelli,1B,FA,,,,,,,,,,,,,,,,,,,,,,,,,,,,,,,,,,,,,,,,,,,,,,,
Leo Balcazar,SS,FA,,,,,,,,,,,,,,,,,,,,,,,,,,,,,,,,,,,,,,,,,,,,,,,
Dee Kennedy,SS,FA,,,,,,,,,,,,,,,,,,,,,,,,,,,,,,,,,,,,,,,,,,,,,,,
Mito Perez,C,FA,,,,,,,,,,,,,,,,,,,,,,,,,,,,,,,,,,,,,,,,,,,,,,,
Shayne Fontana,1B,FA,,,,,,,,,,,,,,,,,,,,,,,,,,,,,,,,,,,,,,,,,,,,,,,
Broedy Poppell,C,FA,,,,,,,,,,,,,,,,,,,,,,,,,,,,,,,,,,,,,,,,,,,,,,,
A.J. Hutcheson,P,FA,,,,,,,,,,,,,,,,,,,,,,,,,,,,,,,,,,,,,,,,,,,,,,,
Moises Acacio,2B,FA,,,,,,,,,,,,,,,,,,,,,,,,,,,,,,,,,,,,,,,,,,,,,,,
Joey Urban,CF,FA,,,,,,,,,,,,,,,,,,,,,,,,,,,,,,,,,,,,,,,,,,,,,,,
Jimmy Keenan,C,FA,,,,,,,,,,,,,,,,,,,,,,,,,,,,,,,,,,,,,,,,,,,,,,,
Bryce Chance,CF,FA,,,,,,,,,,,,,,,,,,,,,,,,,,,,,,,,,,,,,,,,,,,,,,,
Sam Carlisle,P,FA,,,,,,,,,,,,,,,,,,,,,,,,,,,,,,,,,,,,,,,,,,,,,,,
Wailele Kane-Yates,C,FA,,,,,,,,,,,,,,,,,,,,,,,,,,,,,,,,,,,,,,,,,,,,,,,
Casey Wensley,OF,FA,,,,,,,,,,,,,,,,,,,,,,,,,,,,,,,,,,,,,,,,,,,,,,,
Aiden Taurek,LF,FA,,,,,,,,,,,,,,,,,,,,,,,,,,,,,,,,,,,,,,,,,,,,,,,
Gable Mitchell,2B,FA,,,,,,,,,,,,,,,,,,,,,,,,,,,,,,,,,,,,,,,,,,,,,,,
Kendall Hagedorn,C,FA,,,,,,,,,,,,,,,,,,,,,,,,,,,,,,,,,,,,,,,,,,,,,,,
Kaden Carpenter,CF,FA,,,,,,,,,,,,,,,,,,,,,,,,,,,,,,,,,,,,,,,,,,,,,,,
Brady Stuart,P,FA,,,,,,,,,,,,,,,,,,,,,,,,,,,,,,,,,,,,,,,,,,,,,,,
Gavin Tonkel,CF,FA,,,,,,,,,,,,,,,,,,,,,,,,,,,,,,,,,,,,,,,,,,,,,,,
Jayden Harper,P,FA,,,,,,,,,,,,,,,,,,,,,,,,,,,,,,,,,,,,,,,,,,,,,,,
Michael Anderson,1B,FA,,,,,,,,,,,,,,,,,,,,,,,,,,,,,,,,,,,,,,,,,,,,,,,
Aidan Meola,3B,FA,,,,,,,,,,,,,,,,,,,,,,,,,,,,,,,,,,,,,,,,,,,,,,,
Tyler McDonough,SS,FA,,,,,,,,,,,,,,,,,,,,,,,,,,,,,,,,,,,,,,,,,,,,,,,
Lance Trippel,C,FA,,,,,,,,,,,,,,,,,,,,,,,,,,,,,,,,,,,,,,,,,,,,,,,
Parker Brosius,LF,FA,,,,,,,,,,,,,,,,,,,,,,,,,,,,,,,,,,,,,,,,,,,,,,,
Jordan Viars,1B,FA,,,,,,,,,,,,,,,,,,,,,,,,,,,,,,,,,,,,,,,,,,,,,,,
Ben Zeigler-Namoa,1B,FA,,,,,,,,,,,,,,,,,,,,,,,,,,,,,,,,,,,,,,,,,,,,,,,
Talmadge LeCroy,C,FA,,,,,,,,,,,,,,,,,,,,,,,,,,,,,,,,,,,,,,,,,,,,,,,
Jacob Jarrell,C,FA,,,,,,,,,,,,,,,,,,,,,,,,,,,,,,,,,,,,,,,,,,,,,,,
Pablo Figueroa,P,FA,,,,,,,,,,,,,,,,,,,,,,,,,,,,,,,,,,,,,,,,,,,,,,,
Wyatt Vincent,CF,FA,,,,,,,,,,,,,,,,,,,,,,,,,,,,,,,,,,,,,,,,,,,,,,,
Aaron Antonini,C,FA,,,,,,,,,,,,,,,,,,,,,,,,,,,,,,,,,,,,,,,,,,,,,,,
Trevor Boone,CF,FA,,,,,,,,,,,,,,,,,,,,,,,,,,,,,,,,,,,,,,,,,,,,,,,
Mahki Backstrom,1B,FA,,,,,,,,,,,,,,,,,,,,,,,,,,,,,,,,,,,,,,,,,,,,,,,
Will Simpson,1B,FA,,,,,,,,,,,,,,,,,,,,,,,,,,,,,,,,,,,,,,,,,,,,,,,
Dakota Harris,3B,FA,,,,,,,,,,,,,,,,,,,,,,,,,,,,,,,,,,,,,,,,,,,,,,,
Nelly Taylor,CF,FA,,,,,,,,,,,,,,,,,,,,,,,,,,,,,,,,,,,,,,,,,,,,,,,
John Wimmer,SS,FA,,,,,,,,,,,,,,,,,,,,,,,,,,,,,,,,,,,,,,,,,,,,,,,
Maxton Martin,LF,FA,,,,,,,,,,,,,,,,,,,,,,,,,,,,,,,,,,,,,,,,,,,,,,,
Jack Moss,1B,FA,,,,,,,,,,,,,,,,,,,,,,,,,,,,,,,,,,,,,,,,,,,,,,,
Austin Deming,3B,FA,,,,,,,,,,,,,,,,,,,,,,,,,,,,,,,,,,,,,,,,,,,,,,,
Cristian Gonzalez,SS,FA,,,,,,,,,,,,,,,,,,,,,,,,,,,,,,,,,,,,,,,,,,,,,,,
Nik McClaughry,SS,FA,,,,,,,,,,,,,,,,,,,,,,,,,,,,,,,,,,,,,,,,,,,,,,,
Jose Devers,SS,FA,,,,,,,,,,,,,,,,,,,,,,,,,,,,,,,,,,,,,,,,,,,,,,,
Yohairo Cuevas,RF,FA,,,,,,,,,,,,,,,,,,,,,,,,,,,,,,,,,,,,,,,,,,,,,,,
Pier-Olivier Boucher,LF,FA,,,,,,,,,,,,,,,,,,,,,,,,,,,,,,,,,,,,,,,,,,,,,,,
Sam Mongelli,2B,FA,,,,,,,,,,,,,,,,,,,,,,,,,,,,,,,,,,,,,,,,,,,,,,,
Brett Wisely,2B,FA,,,,,,,,,,,,,,,,,,,,,,,,,,,,,,,,,,,,,,,,,,,-0.76,-0.92,7.1,31.0,69.2
Christian Pregent,C,FA,,,,,,,,,,,,,,,,,,,,,,,,,,,,,,,,,,,,,,,,,,,,,,,
Cam Devanney,3B,FA,,,,,,,,,,,,,,,,,,,,,,,,,,,,,,,,,,,,,,,,,,,0.84,1.55,6.7,25.3,90.0
Jared Sundstrom,RF,FA,,,,,,,,,,,,,,,,,,,,,,,,,,,,,,,,,,,,,,,,,,,,,,,
Andy Lugo,3B,FA,,,,,,,,,,,,,,,,,,,,,,,,,,,,,,,,,,,,,,,,,,,,,,,
Connor Housley,P,FA,,,,,,,,,,,,,,,,,,,,,,,,,,,,,,,,,,,,,,,,,,,,,,,
Michael Dominguez,P,FA,,,,,,,,,,,,,,,,,,,,,,,,,,,,,,,,,,,,,,,,,,,,,,,
Dalton Guthrie,CF,FA,,,,,,,,,,,,,,,,,,,,,,,,,,,,,,,,,,,,,,,,,,,,,,,
Matt Lloyd,1B,FA,,,,,,,,,,,,,,,,,,,,,,,,,,,,,,,,,,,,,,,,,,,,,,,
Carlos Santiago,SS,FA,,,,,,,,,,,,,,,,,,,,,,,,,,,,,,,,,,,,,,,,,,,,,,,
Phillip Glasser,LF,FA,,,,,,,,,,,,,,,,,,,,,,,,,,,,,,,,,,,,,,,,,,,,,,,
Avery Owusu-Asiedu,LF,FA,,,,,,,,,,,,,,,,,,,,,,,,,,,,,,,,,,,,,,,,,,,,,,,
Jeron Williams,SS,FA,,,,,,,,,,,,,,,,,,,,,,,,,,,,,,,,,,,,,,,,,,,,,,,
Ryan Wilson,CF,FA,,,,,,,,,,,,,,,,,,,,,,,,,,,,,,,,,,,,,,,,,,,,,,,
DJ Gladney,CF,FA,,,,,,,,,,,,,,,,,,,,,,,,,,,,,,,,,,,,,,,,,,,,,,,
Kadon Morton,CF,FA,,,,,,,,,,,,,,,,,,,,,,,,,,,,,,,,,,,,,,,,,,,,,,,
Skylar King,RF,FA,,,,,,,,,,,,,,,,,,,,,,,,,,,,,,,,,,,,,,,,,,,,,,,
Gustavo Sosa,C,FA,,,,,,,,,,,,,,,,,,,,,,,,,,,,,,,,,,,,,,,,,,,,,,,
Kanoa Pagan,P,FA,,,,,,,,,,,,,,,,,,,,,,,,,,,,,,,,,,,,,,,,,,,,,,,
Jake Casey,RF,FA,,,,,,,,,,,,,,,,,,,,,,,,,,,,,,,,,,,,,,,,,,,,,,,
Blaine Crim,1B,FA,,,,,,,,,,,,,,,,,,,,,,,,,,,,,,,,,,,,,,,,,,,-0.03,-1.64,15.4,27.0,55.6
Jack Winnay,3B,FA,,,,,,,,,,,,,,,,,,,,,,,,,,,,,,,,,,,,,,,,,,,,,,,
Laz Rivera,SS,FA,,,,,,,,,,,,,,,,,,,,,,,,,,,,,,,,,,,,,,,,,,,,,,,
Nate Rombach,C,FA,,,,,,,,,,,,,,,,,,,,,,,,,,,,,,,,,,,,,,,,,,,,,,,
Adrian Gil,1B,FA,,,,,,,,,,,,,,,,,,,,,,,,,,,,,,,,,,,,,,,,,,,,,,,
Victor Hurtado,LF,FA,,,,,,,,,,,,,,,,,,,,,,,,,,,,,,,,,,,,,,,,,,,,,,,
Peyton Williams,1B,FA,,,,,,,,,,,,,,,,,,,,,,,,,,,,,,,,,,,,,,,,,,,,,,,
Darius Hill,LF,FA,,,,,,,,,,,,,,,,,,,,,,,,,,,,,,,,,,,,,,,,,,,,,,,
Jake Snider,LF,FA,,,,,,,,,,,,,,,,,,,,,,,,,,,,,,,,,,,,,,,,,,,,,,,
Wallace Clark,3B,FA,,,,,,,,,,,,,,,,,,,,,,,,,,,,,,,,,,,,,,,,,,,,,,,
Brady Counsell,LF,FA,,,,,,,,,,,,,,,,,,,,,,,,,,,,,,,,,,,,,,,,,,,,,,,
Brett Squires,1B,FA,,,,,,,,,,,,,,,,,,,,,,,,,,,,,,,,,,,,,,,,,,,,,,,
Ben Gobbel,3B,FA,,,,,,,,,,,,,,,,,,,,,,,,,,,,,,,,,,,,,,,,,,,,,,,
Carlos Mendoza,3B,FA,,,,,,,,,,,,,,,,,,,,,,,,,,,,,,,,,,,,,,,,,,,,,,,
Josh Zamora,3B,FA,,,,,,,,,,,,,,,,,,,,,,,,,,,,,,,,,,,,,,,,,,,,,,,
Jake Thompson,3B,FA,,,,,,,,,,,,,,,,,,,,,,,,,,,,,,,,,,,,,,,,,,,,,,,
Nathaniel Ochoa Leyva,LF,FA,,,,,,,,,,,,,,,,,,,,,,,,,,,,,,,,,,,,,,,,,,,,,,,
Nick Clarno,C,FA,,,,,,,,,,,,,,,,,,,,,,,,,,,,,,,,,,,,,,,,,,,,,,,
Harry Owen,C,FA,,,,,,,,,,,,,,,,,,,,,,,,,,,,,,,,,,,,,,,,,,,,,,,
Maxwell Costes,1B,FA,,,,,,,,,,,,,,,,,,,,,,,,,,,,,,,,,,,,,,,,,,,,,,,
Joshua Day,SS,FA,,,,,,,,,,,,,,,,,,,,,,,,,,,,,,,,,,,,,,,,,,,,,,,
Gustavo Melendez,SS,FA,,,,,,,,,,,,,,,,,,,,,,,,,,,,,,,,,,,,,,,,,,,,,,,
Cole Conn,C,FA,,,,,,,,,,,,,,,,,,,,,,,,,,,,,,,,,,,,,,,,,,,,,,,
Francisco Garcia,3B,FA,,,,,,,,,,,,,,,,,,,,,,,,,,,,,,,,,,,,,,,,,,,,,,,
Yaxson Lucena,RF,FA,,,,,,,,,,,,,,,,,,,,,,,,,,,,,,,,,,,,,,,,,,,,,,,
Rhylan Thomas,CF,FA,,,,,,,,,,,,,,,,,,,,,,,,,,,,,,,,,,,,,,,,,,,,,,,
Diego Mosquera,LF,FA,,,,,,,,,,,,,,,,,,,,,,,,,,,,,,,,,,,,,,,,,,,,,,,
Tirso Ornelas,LF,FA,,,,,,,,,,,,,,,,,,,,,,,,,,,,,,,,,,,,,,,,,,,,,,,
Eduardo Guerrero,2B,FA,,,,,,,,,,,,,,,,,,,,,,,,,,,,,,,,,,,,,,,,,,,,,,,
Kevin Maitan,1B,FA,,,,,,,,,,,,,,,,,,,,,,,,,,,,,,,,,,,,,,,,,,,,,,,
Corey Rosier,LF,FA,,,,,,,,,,,,,,,,,,,,,,,,,,,,,,,,,,,,,,,,,,,,,,,
Athanael Duarte,1B,FA,,,,,,,,,,,,,,,,,,,,,,,,,,,,,,,,,,,,,,,,,,,,,,,
Anthony Marnell,C,FA,,,,,,,,,,,,,,,,,,,,,,,,,,,,,,,,,,,,,,,,,,,,,,,
Kevin Bruggeman,1B,FA,,,,,,,,,,,,,,,,,,,,,,,,,,,,,,,,,,,,,,,,,,,,,,,
Narbe Cruz,2B,FA,,,,,,,,,,,,,,,,,,,,,,,,,,,,,,,,,,,,,,,,,,,,,,,
Diwarys Encarnacion,SS,FA,,,,,,,,,,,,,,,,,,,,,,,,,,,,,,,,,,,,,,,,,,,,,,,
Carson Kerce,SS,FA,,,,,,,,,,,,,,,,,,,,,,,,,,,,,,,,,,,,,,,,,,,,,,,
Dariel Ramon,SS,FA,,,,,,,,,,,,,,,,,,,,,,,,,,,,,,,,,,,,,,,,,,,,,,,
Jorge Burgos,1B,FA,,,,,,,,,,,,,,,,,,,,,,,,,,,,,,,,,,,,,,,,,,,,,,,
Yordani Soto,SS,FA,,,,,,,,,,,,,,,,,,,,,,,,,,,,,,,,,,,,,,,,,,,,,,,
Kooper Schulte,SS,FA,,,,,,,,,,,,,,,,,,,,,,,,,,,,,,,,,,,,,,,,,,,,,,,
Cal Conley,SS,FA,,,,,,,,,,,,,,,,,,,,,,,,,,,,,,,,,,,,,,,,,,,,,,,
Brennan Hudson,1B,FA,,,,,,,,,,,,,,,,,,,,,,,,,,,,,,,,,,,,,,,,,,,,,,,
Justyn-Henry Malloy,RF,FA,,,,,,,,,,,,,,,,,,,,,,,,,,,,,,,,,,,,,,,,,,,0.8,2.05,4.1,19.8,88.4
Kyle Boylston,CF,FA,,,,,,,,,,,,,,,,,,,,,,,,,,,,,,,,,,,,,,,,,,,,,,,
Ryan Spikes,LF,FA,,,,,,,,,,,,,,,,,,,,,,,,,,,,,,,,,,,,,,,,,,,,,,,
Jake Harvey,C,FA,,,,,,,,,,,,,,,,,,,,,,,,,,,,,,,,,,,,,,,,,,,,,,,
Manuel German,1B,FA,,,,,,,,,,,,,,,,,,,,,,,,,,,,,,,,,,,,,,,,,,,,,,,
Reed Trimble,RF,FA,,,,,,,,,,,,,,,,,,,,,,,,,,,,,,,,,,,,,,,,,,,,,,,
Harrison Spohn,SS,FA,,,,,,,,,,,,,,,,,,,,,,,,,,,,,,,,,,,,,,,,,,,,,,,
Jairo Pomares,LF,FA,,,,,,,,,,,,,,,,,,,,,,,,,,,,,,,,,,,,,,,,,,,,,,,
Cameron Cauley,SS,FA,,,,,,,,,,,,,,,,,,,,,,,,,,,,,,,,,,,,,,,,,,,,,,,
Micael Ramirez,C,FA,,,,,,,,,,,,,,,,,,,,,,,,,,,,,,,,,,,,,,,,,,,,,,,
Archer Brookman,C,FA,,,,,,,,,,,,,,,,,,,,,,,,,,,,,,,,,,,,,,,,,,,,,,,
Raynier Ramirez,3B,FA,,,,,,,,,,,,,,,,,,,,,,,,,,,,,,,,,,,,,,,,,,,,,,,
Colin Burgess,C,FA,,,,,,,,,,,,,,,,,,,,,,,,,,,,,,,,,,,,,,,,,,,,,,,
Jake Fox,CF,FA,,,,,,,,,,,,,,,,,,,,,,,,,,,,,,,,,,,,,,,,,,,,,,,
Jake Meyer,C,FA,,,,,,,,,,,,,,,,,,,,,,,,,,,,,,,,,,,,,,,,,,,,,,,
Tyler Johnson,1B,FA,,,,,,,,,,,,,,,,,,,,,,,,,,,,,,,,,,,,,,,,,,,,,,,
William Bergolla,SS,FA,,,,,,,,,,,,,,,,,,,,,,,,,,,,,,,,,,,,,,,,,,,,,,,
Andruw Salcedo,C,FA,,,,,,,,,,,,,,,,,,,,,,,,,,,,,,,,,,,,,,,,,,,,,,,
Giullianno Allende,LF,FA,,,,,,,,,,,,,,,,,,,,,,,,,,,,,,,,,,,,,,,,,,,,,,,
Jose Marcano,1B,FA,,,,,,,,,,,,,,,,,,,,,,,,,,,,,,,,,,,,,,,,,,,,,,,
Dalvy Rosario,LF,FA,,,,,,,,,,,,,,,,,,,,,,,,,,,,,,,,,,,,,,,,,,,,,,,
Dylan ORae,2B,FA,,,,,,,,,,,,,,,,,,,,,,,,,,,,,,,,,,,,,,,,,,,,,,,
Jorel Ortega,2B,FA,,,,,,,,,,,,,,,,,,,,,,,,,,,,,,,,,,,,,,,,,,,,,,,
Jorsixt Jimenez,CF,FA,,,,,,,,,,,,,,,,,,,,,,,,,,,,,,,,,,,,,,,,,,,,,,,
Adrian Rodriguez,SS,FA,,,,,,,,,,,,,,,,,,,,,,,,,,,,,,,,,,,,,,,,,,,,,,,
Ben North,SS,FA,,,,,,,,,,,,,,,,,,,,,,,,,,,,,,,,,,,,,,,,,,,,,,,
Stiven Acevedo,RF,FA,,,,,,,,,,,,,,,,,,,,,,,,,,,,,,,,,,,,,,,,,,,,,,,
Alfredo Duno,C,T,,,,,,,,,,,,,,,,,,,,,,,,,,,,,,,,,,,,,,,,,,,,,,,
Jack Toomey,RF,FA,,,,,,,,,,,,,,,,,,,,,,,,,,,,,,,,,,,,,,,,,,,,,,,
Reed Stallman,1B,FA,,,,,,,,,,,,,,,,,,,,,,,,,,,,,,,,,,,,,,,,,,,,,,,
Jake Ogden,SS,FA,,,,,,,,,,,,,,,,,,,,,,,,,,,,,,,,,,,,,,,,,,,,,,,
Joendry Vargas,SS,FA,,,,,,,,,,,,,,,,,,,,,,,,,,,,,,,,,,,,,,,,,,,,,,,
Evan Morrison,SS,FA,,,,,,,,,,,,,,,,,,,,,,,,,,,,,,,,,,,,,,,,,,,,,,,
Danny Melendez,SS,FA,,,,,,,,,,,,,,,,,,,,,,,,,,,,,,,,,,,,,,,,,,,,,,,
Cesar Acosta,C,FA,,,,,,,,,,,,,,,,,,,,,,,,,,,,,,,,,,,,,,,,,,,,,,,
Jacob Webster,SS,FA,,,,,,,,,,,,,,,,,,,,,,,,,,,,,,,,,,,,,,,,,,,,,,,
Kyle Nevin,3B,FA,,,,,,,,,,,,,,,,,,,,,,,,,,,,,,,,,,,,,,,,,,,,,,,
Carter Dierdorf,1B,FA,,,,,,,,,,,,,,,,,,,,,,,,,,,,,,,,,,,,,,,,,,,,,,,
Kendry Chirinos,1B,FA,,,,,,,,,,,,,,,,,,,,,,,,,,,,,,,,,,,,,,,,,,,,,,,
Owen Hull,CF,FA,,,,,,,,,,,,,,,,,,,,,,,,,,,,,,,,,,,,,,,,,,,,,,,
Nick Biddison,3B,FA,,,,,,,,,,,,,,,,,,,,,,,,,,,,,,,,,,,,,,,,,,,,,,,
Nico Perez,2B,FA,,,,,,,,,,,,,,,,,,,,,,,,,,,,,,,,,,,,,,,,,,,,,,,
Colton Coates,SS,FA,,,,,,,,,,,,,,,,,,,,,,,,,,,,,,,,,,,,,,,,,,,,,,,
Guy Lipscomb Jr.,CF,FA,,,,,,,,,,,,,,,,,,,,,,,,,,,,,,,,,,,,,,,,,,,,,,,
Emaarion Boyd,CF,FA,,,,,,,,,,,,,,,,,,,,,,,,,,,,,,,,,,,,,,,,,,,,,,,
Dom Johnson,LF,FA,,,,,,,,,,,,,,,,,,,,,,,,,,,,,,,,,,,,,,,,,,,,,,,
Euribiel Angeles,2B,FA,,,,,,,,,,,,,,,,,,,,,,,,,,,,,,,,,,,,,,,,,,,,,,,
Yonatan Henriquez,CF,FA,,,,,,,,,,,,,,,,,,,,,,,,,,,,,,,,,,,,,,,,,,,,,,,
Nicolas Barrios,LF,FA,,,,,,,,,,,,,,,,,,,,,,,,,,,,,,,,,,,,,,,,,,,,,,,
Jorge Drullard,2B,FA,,,,,,,,,,,,,,,,,,,,,,,,,,,,,,,,,,,,,,,,,,,,,,,
Richer Mata,1B,FA,,,,,,,,,,,,,,,,,,,,,,,,,,,,,,,,,,,,,,,,,,,,,,,
Carlos Martinez,C,FA,,,,,,,,,,,,,,,,,,,,,,,,,,,,,,,,,,,,,,,,,,,,,,,
Ryan Pruitt,CF,FA,,,,,,,,,,,,,,,,,,,,,,,,,,,,,,,,,,,,,,,,,,,,,,,
Aaron Piasecki,SS,FA,,,,,,,,,,,,,,,,,,,,,,,,,,,,,,,,,,,,,,,,,,,,,,,
Maxwell Romero Jr.,C,FA,,,,,,,,,,,,,,,,,,,,,,,,,,,,,,,,,,,,,,,,,,,,,,,
Edwing Fernandez,P,FA,,,,,,,,,,,,,,,,,,,,,,,,,,,,,,,,,,,,,,,,,,,,,,,
Karson Simas,2B,FA,,,,,,,,,,,,,,,,,,,,,,,,,,,,,,,,,,,,,,,,,,,,,,,
Brad Cumbest,LF,FA,,,,,,,,,,,,,,,,,,,,,,,,,,,,,,,,,,,,,,,,,,,,,,,
Demetrio Crisantes,2B,T,,,,,,,,,,,,,,,,,,,,,,,,,,,,,,,,,,,,,,,,,,,,,,,
Dean Toigo,RF,FA,,,,,,,,,,,,,,,,,,,,,,,,,,,,,,,,,,,,,,,,,,,,,,,
Carlos Goncalves,C,FA,,,,,,,,,,,,,,,,,,,,,,,,,,,,,,,,,,,,,,,,,,,,,,,
Abraham Bastidas,2B,FA,,,,,,,,,,,,,,,,,,,,,,,,,,,,,,,,,,,,,,,,,,,,,,,
Jose Suarez,C,FA,,,,,,,,,,,,,,,,,,,,,,,,,,,,,,,,,,,,,,,,,,,,,,,
Jack Natili,C,FA,,,,,,,,,,,,,,,,,,,,,,,,,,,,,,,,,,,,,,,,,,,,,,,
Wilneyker Bruce,3B,FA,,,,,,,,,,,,,,,,,,,,,,,,,,,,,,,,,,,,,,,,,,,,,,,
Anderson Gonzalez,SS,FA,,,,,,,,,,,,,,,,,,,,,,,,,,,,,,,,,,,,,,,,,,,,,,,
Jeferson Abreu,C,FA,,,,,,,,,,,,,,,,,,,,,,,,,,,,,,,,,,,,,,,,,,,,,,,
Roy Rivero,2B,FA,,,,,,,,,,,,,,,,,,,,,,,,,,,,,,,,,,,,,,,,,,,,,,,
William Cutshall,SS,FA,,,,,,,,,,,,,,,,,,,,,,,,,,,,,,,,,,,,,,,,,,,,,,,
Miles Smith,P,FA,,,,,,,,,,,,,,,,,,,,,,,,,,,,,,,,,,,,,,,,,,,,,,,
Ashton Kennedy,P,FA,,,,,,,,,,,,,,,,,,,,,,,,,,,,,,,,,,,,,,,,,,,,,,,
Jack Lausch,CF,FA,,,,,,,,,,,,,,,,,,,,,,,,,,,,,,,,,,,,,,,,,,,,,,,
Tyler Papenbrock,P,FA,,,,,,,,,,,,,,,,,,,,,,,,,,,,,,,,,,,,,,,,,,,,,,,
Wanderly De La Cruz,CF,FA,,,,,,,,,,,,,,,,,,,,,,,,,,,,,,,,,,,,,,,,,,,,,,,
Joe Charles,P,FA,,,,,,,,,,,,,,,,,,,,,,,,,,,,,,,,,,,,,,,,,,,,,,,
Ciaran Caughey,P,FA,,,,,,,,,,,,,,,,,,,,,,,,,,,,,,,,,,,,,,,,,,,,,,,
Leonard Rijo,SS,FA,,,,,,,,,,,,,,,,,,,,,,,,,,,,,,,,,,,,,,,,,,,,,,,
Livan Soto,SS,FA,,,,,,,,,,,,,,,,,,,,,,,,,,,,,,,,,,,,,,,,,,,,,,,
Krishan Ulacio,RF,FA,,,,,,,,,,,,,,,,,,,,,,,,,,,,,,,,,,,,,,,,,,,,,,,
Joseph Webb,P,FA,,,,,,,,,,,,,,,,,,,,,,,,,,,,,,,,,,,,,,,,,,,,,,,
Yoander Santana,3B,FA,,,,,,,,,,,,,,,,,,,,,,,,,,,,,,,,,,,,,,,,,,,,,,,
Aidan West,SS,FA,,,,,,,,,,,,,,,,,,,,,,,,,,,,,,,,,,,,,,,,,,,,,,,
Danny Gonzalez,LF,FA,,,,,,,,,,,,,,,,,,,,,,,,,,,,,,,,,,,,,,,,,,,,,,,
Michael Oliveto,C,FA,,,,,,,,,,,,,,,,,,,,,,,,,,,,,,,,,,,,,,,,,,,,,,,
Kehden Hettiger,C,FA,,,,,,,,,,,,,,,,,,,,,,,,,,,,,,,,,,,,,,,,,,,,,,,
Jace Grady,CF,FA,,,,,,,,,,,,,,,,,,,,,,,,,,,,,,,,,,,,,,,,,,,,,,,
Taishi Nakawake,3B,FA,,,,,,,,,,,,,,,,,,,,,,,,,,,,,,,,,,,,,,,,,,,,,,,
Johnny Tincher,C,FA,,,,,,,,,,,,,,,,,,,,,,,,,,,,,,,,,,,,,,,,,,,,,,,
Natanael Yuten,RF,FA,,,,,,,,,,,,,,,,,,,,,,,,,,,,,,,,,,,,,,,,,,,,,,,
Bryan Andrade,3B,FA,,,,,,,,,,,,,,,,,,,,,,,,,,,,,,,,,,,,,,,,,,,,,,,
Sebastian Walcott,SS,T,,,,,,,,,,,,,,,,,,,,,,,,,,,,,,,,,,,,,,,,,,,,,,,
Derniche Valdez,CF,FA,,,,,,,,,,,,,,,,,,,,,,,,,,,,,,,,,,,,,,,,,,,,,,,
Jack Pineda,SS,FA,,,,,,,,,,,,,,,,,,,,,,,,,,,,,,,,,,,,,,,,,,,,,,,
Agustin Ruiz,CF,FA,,,,,,,,,,,,,,,,,,,,,,,,,,,,,,,,,,,,,,,,,,,,,,,
Dylan Carey,SS,FA,,,,,,,,,,,,,,,,,,,,,,,,,,,,,,,,,,,,,,,,,,,,,,,
Jimmy Nati,3B,FA,,,,,,,,,,,,,,,,,,,,,,,,,,,,,,,,,,,,,,,,,,,,,,,
Franyer Noria,3B,FA,,,,,,,,,,,,,,,,,,,,,,,,,,,,,,,,,,,,,,,,,,,,,,,
Leny Carela,2B,FA,,,,,,,,,,,,,,,,,,,,,,,,,,,,,,,,,,,,,,,,,,,,,,,
Brendan Brock,C,FA,,,,,,,,,,,,,,,,,,,,,,,,,,,,,,,,,,,,,,,,,,,,,,,
Cherif Neymour,SS,FA,,,,,,,,,,,,,,,,,,,,,,,,,,,,,,,,,,,,,,,,,,,,,,,
Ryan Cooney,2B,FA,,,,,,,,,,,,,,,,,,,,,,,,,,,,,,,,,,,,,,,,,,,,,,,
Caden Ferraro,1B,FA,,,,,,,,,,,,,,,,,,,,,,,,,,,,,,,,,,,,,,,,,,,,,,,
Daniel Bruzual,C,FA,,,,,,,,,,,,,,,,,,,,,,,,,,,,,,,,,,,,,,,,,,,,,,,
Manolfi Jimenez,LF,FA,,,,,,,,,,,,,,,,,,,,,,,,,,,,,,,,,,,,,,,,,,,,,,,
Landon Hodge,C,FA,,,,,,,,,,,,,,,,,,,,,,,,,,,,,,,,,,,,,,,,,,,,,,,
Gabriel Teran,C,FA,,,,,,,,,,,,,,,,,,,,,,,,,,,,,,,,,,,,,,,,,,,,,,,
Drew Faurot,2B,FA,,,,,,,,,,,,,,,,,,,,,,,,,,,,,,,,,,,,,,,,,,,,,,,
Charlie Muniz,C,FA,,,,,,,,,,,,,,,,,,,,,,,,,,,,,,,,,,,,,,,,,,,,,,,
Kelvin Hidalgo,SS,FA,,,,,,,,,,,,,,,,,,,,,,,,,,,,,,,,,,,,,,,,,,,,,,,
Tim Piasentin,3B,FA,,,,,,,,,,,,,,,,,,,,,,,,,,,,,,,,,,,,,,,,,,,,,,,
Franyerber Montilla,SS,FA,,,,,,,,,,,,,,,,,,,,,,,,,,,,,,,,,,,,,,,,,,,,,,,
Roinny Aguiar,2B,FA,,,,,,,,,,,,,,,,,,,,,,,,,,,,,,,,,,,,,,,,,,,,,,,
Chase Meggers,C,FA,,,,,,,,,,,,,,,,,,,,,,,,,,,,,,,,,,,,,,,,,,,,,,,
Mitch Haniger,RF,FA,,,,,,,,,,,,,,,,,,,,,,,,,,,,,,,,,,,,,,,,,,,,,,,
Angel Feliz,SS,FA,,,,,,,,,,,,,,,,,,,,,,,,,,,,,,,,,,,,,,,,,,,,,,,
Belfi Rivera,CF,FA,,,,,,,,,,,,,,,,,,,,,,,,,,,,,,,,,,,,,,,,,,,,,,,
Jesse Winker,LF,FA,,,,,,,,,,,,,,,,,,,,,,,,,,,,,,,,,,,,,,,,,,,0.97,1.5,7.8,18.8,80.8
Luis Cova,CF,FA,,,,,,,,,,,,,,,,,,,,,,,,,,,,,,,,,,,,,,,,,,,,,,,
Jack Collins,C,FA,,,,,,,,,,,,,,,,,,,,,,,,,,,,,,,,,,,,,,,,,,,,,,,
Jesus Made,SS,T,,,,,,,,,,,,,,,,,,,,,,,,,,,,,,,,,,,,,,,,,,,,,,,
Leonardo Pineda,CF,FA,,,,,,,,,,,,,,,,,,,,,,,,,,,,,,,,,,,,,,,,,,,,,,,
Jalvin Arias,LF,FA,,,,,,,,,,,,,,,,,,,,,,,,,,,,,,,,,,,,,,,,,,,,,,,
Yandel Ricardo,SS,FA,,,,,,,,,,,,,,,,,,,,,,,,,,,,,,,,,,,,,,,,,,,,,,,
Ashly Andujar,SS,FA,,,,,,,,,,,,,,,,,,,,,,,,,,,,,,,,,,,,,,,,,,,,,,,
Derek Bender,1B,FA,,,,,,,,,,,,,,,,,,,,,,,,,,,,,,,,,,,,,,,,,,,,,,,
Emil Morales,SS,T,,,,,,,,,,,,,,,,,,,,,,,,,,,,,,,,,,,,,,,,,,,,,,,
Francisco Vilorio,CF,FA,,,,,,,,,,,,,,,,,,,,,,,,,,,,,,,,,,,,,,,,,,,,,,,
Jorge Quintana,SS,FA,,,,,,,,,,,,,,,,,,,,,,,,,,,,,,,,,,,,,,,,,,,,,,,
Robert Arias,CF,FA,,,,,,,,,,,,,,,,,,,,,,,,,,,,,,,,,,,,,,,,,,,,,,,
Leandro Romero,SS,FA,,,,,,,,,,,,,,,,,,,,,,,,,,,,,,,,,,,,,,,,,,,,,,,
Caleb Lomavita,C,FA,,,,,,,,,,,,,,,,,,,,,,,,,,,,,,,,,,,,,,,,,,,,,,,
Teddy Stankiewicz,P,FA,,,,,,,,,,,,,,,,,,,,,,,,,,,,,,,,,,,,,,,,,,,,,,,
John Bay,RF,FA,,,,,,,,,,,,,,,,,,,,,,,,,,,,,,,,,,,,,,,,,,,,,,,
Adbiel Feliz,SS,FA,,,,,,,,,,,,,,,,,,,,,,,,,,,,,,,,,,,,,,,,,,,,,,,
Emilio Barreras,3B,FA,,,,,,,,,,,,,,,,,,,,,,,,,,,,,,,,,,,,,,,,,,,,,,,
Bradley Frye,3B,FA,,,,,,,,,,,,,,,,,,,,,,,,,,,,,,,,,,,,,,,,,,,,,,,
Ju Won Kim,SS,FA,,,,,,,,,,,,,,,,,,,,,,,,,,,,,,,,,,,,,,,,,,,,,,,
Matt Koperniak,RF,FA,,,,,,,,,,,,,,,,,,,,,,,,,,,,,,,,,,,,,,,,,,,,,,,
Anson Aroz,LF,FA,,,,,,,,,,,,,,,,,,,,,,,,,,,,,,,,,,,,,,,,,,,,,,,
Yohendry Sanchez,C,FA,,,,,,,,,,,,,,,,,,,,,,,,,,,,,,,,,,,,,,,,,,,,,,,
Vladimir Asencio,LF,FA,,,,,,,,,,,,,,,,,,,,,,,,,,,,,,,,,,,,,,,,,,,,,,,
Andres Arias,LF,FA,,,,,,,,,,,,,,,,,,,,,,,,,,,,,,,,,,,,,,,,,,,,,,,
Yensi Rivas,3B,FA,,,,,,,,,,,,,,,,,,,,,,,,,,,,,,,,,,,,,,,,,,,,,,,
Angel Guzman,2B,FA,,,,,,,,,,,,,,,,,,,,,,,,,,,,,,,,,,,,,,,,,,,,,,,
Curley Martha,2B,FA,,,,,,,,,,,,,,,,,,,,,,,,,,,,,,,,,,,,,,,,,,,,,,,
Emilio Sanchez,SS,FA,,,,,,,,,,,,,,,,,,,,,,,,,,,,,,,,,,,,,,,,,,,,,,,
Franklin Rojas,C,FA,,,,,,,,,,,,,,,,,,,,,,,,,,,,,,,,,,,,,,,,,,,,,,,
Juan Flores,C,FA,,,,,,,,,,,,,,,,,,,,,,,,,,,,,,,,,,,,,,,,,,,,,,,
Brian Sanchez,CF,FA,,,,,,,,,,,,,,,,,,,,,,,,,,,,,,,,,,,,,,,,,,,,,,,
Ty Harvey,C,FA,,,,,,,,,,,,,,,,,,,,,,,,,,,,,,,,,,,,,,,,,,,,,,,
Jaiden Lo Re,SS,FA,,,,,,,,,,,,,,,,,,,,,,,,,,,,,,,,,,,,,,,,,,,,,,,
Tayler Aguilar,LF,FA,,,,,,,,,,,,,,,,,,,,,,,,,,,,,,,,,,,,,,,,,,,,,,,
Eli Pitts,CF,FA,,,,,,,,,,,,,,,,,,,,,,,,,,,,,,,,,,,,,,,,,,,,,,,
Jordan Williams,LF,FA,,,,,,,,,,,,,,,,,,,,,,,,,,,,,,,,,,,,,,,,,,,,,,,
James Taussig,RF,FA,,,,,,,,,,,,,,,,,,,,,,,,,,,,,,,,,,,,,,,,,,,,,,,
Hector Liriano,LF,FA,,,,,,,,,,,,,,,,,,,,,,,,,,,,,,,,,,,,,,,,,,,,,,,
Charlie Saum,C,FA,,,,,,,,,,,,,,,,,,,,,,,,,,,,,,,,,,,,,,,,,,,,,,,
Yirber Ruiz,RF,FA,,,,,,,,,,,,,,,,,,,,,,,,,,,,,,,,,,,,,,,,,,,,,,,
Yoiber Ruiz,C,FA,,,,,,,,,,,,,,,,,,,,,,,,,,,,,,,,,,,,,,,,,,,,,,,
Tyler Pettorini,2B,FA,,,,,,,,,,,,,,,,,,,,,,,,,,,,,,,,,,,,,,,,,,,,,,,
Landon Stripling,1B,FA,,,,,,,,,,,,,,,,,,,,,,,,,,,,,,,,,,,,,,,,,,,,,,,
Breyias Dean,3B,FA,,,,,,,,,,,,,,,,,,,,,,,,,,,,,,,,,,,,,,,,,,,,,,,
Branny De Oleo,3B,FA,,,,,,,,,,,,,,,,,,,,,,,,,,,,,,,,,,,,,,,,,,,,,,,
Juan Hernandez,3B,FA,,,,,,,,,,,,,,,,,,,,,,,,,,,,,,,,,,,,,,,,,,,,,,,
Enyervert Perez,1B,FA,,,,,,,,,,,,,,,,,,,,,,,,,,,,,,,,,,,,,,,,,,,,,,,
Pedro Dalmagro,C,FA,,,,,,,,,,,,,,,,,,,,,,,,,,,,,,,,,,,,,,,,,,,,,,,
Aneudi Escanio,SS,FA,,,,,,,,,,,,,,,,,,,,,,,,,,,,,,,,,,,,,,,,,,,,,,,
Devin Ortiz,3B,FA,,,,,,,,,,,,,,,,,,,,,,,,,,,,,,,,,,,,,,,,,,,,,,,
Mason Lytle,CF,FA,,,,,,,,,,,,,,,,,,,,,,,,,,,,,,,,,,,,,,,,,,,,,,,
Nathan Humphreys,CF,FA,,,,,,,,,,,,,,,,,,,,,,,,,,,,,,,,,,,,,,,,,,,,,,,
Kai Murphy,LF,FA,,,,,,,,,,,,,,,,,,,,,,,,,,,,,,,,,,,,,,,,,,,,,,,
Maddox Latta,2B,FA,,,,,,,,,,,,,,,,,,,,,,,,,,,,,,,,,,,,,,,,,,,,,,,
Matt Higgins,1B,FA,,,,,,,,,,,,,,,,,,,,,,,,,,,,,,,,,,,,,,,,,,,,,,,
Steven Lancia,C,FA,,,,,,,,,,,,,,,,,,,,,,,,,,,,,,,,,,,,,,,,,,,,,,,
Aaron Graeber,RF,FA,,,,,,,,,,,,,,,,,,,,,,,,,,,,,,,,,,,,,,,,,,,,,,,
Jonathan Hogart,RF,FA,,,,,,,,,,,,,,,,,,,,,,,,,,,,,,,,,,,,,,,,,,,,,,,
Chase Valentine,CF,FA,,,,,,,,,,,,,,,,,,,,,,,,,,,,,,,,,,,,,,,,,,,,,,,
Damiano Palmegiani,1B,FA,,,,,,,,,,,,,,,,,,,,,,,,,,,,,,,,,,,,,,,,,,,,,,,
Jake Bold,C,FA,,,,,,,,,,,,,,,,,,,,,,,,,,,,,,,,,,,,,,,,,,,,,,,
Caleb Berry,C,FA,,,,,,,,,,,,,,,,,,,,,,,,,,,,,,,,,,,,,,,,,,,,,,,
Jacob Humphrey,CF,FA,,,,,,,,,,,,,,,,,,,,,,,,,,,,,,,,,,,,,,,,,,,,,,,
Brenny Escanio,SS,FA,,,,,,,,,,,,,,,,,,,,,,,,,,,,,,,,,,,,,,,,,,,,,,,
Carter Garate,3B,FA,,,,,,,,,,,,,,,,,,,,,,,,,,,,,,,,,,,,,,,,,,,,,,,
Brandon Forrester,SS,FA,,,,,,,,,,,,,,,,,,,,,,,,,,,,,,,,,,,,,,,,,,,,,,,
Carter Johnson,SS,FA,,,,,,,,,,,,,,,,,,,,,,,,,,,,,,,,,,,,,,,,,,,,,,,
Randy Guzman,1B,FA,,,,,,,,,,,,,,,,,,,,,,,,,,,,,,,,,,,,,,,,,,,,,,,
Darwin Almanzar,3B,FA,,,,,,,,,,,,,,,,,,,,,,,,,,,,,,,,,,,,,,,,,,,,,,,
Jordan Sanchez,RF,FA,,,,,,,,,,,,,,,,,,,,,,,,,,,,,,,,,,,,,,,,,,,,,,,
Bennett Lee,C,FA,,,,,,,,,,,,,,,,,,,,,,,,,,,,,,,,,,,,,,,,,,,,,,,
Yolfran Castillo,SS,T,,,,,,,,,,,,,,,,,,,,,,,,,,,,,,,,,,,,,,,,,,,,,,,
Jose Ramos,CF,FA,,,,,,,,,,,,,,,,,,,,,,,,,,,,,,,,,,,,,,,,,,,,,,,
Anthony Alford,RF,FA,,,,,,,,,,,,,,,,,,,,,,,,,,,,,,,,,,,,,,,,,,,,,,,
Jhonny Level,SS,T,,,,,,,,,,,,,,,,,,,,,,,,,,,,,,,,,,,,,,,,,,,,,,,
Nestor Miranda,DH,FA,,,,,,,,,,,,,,,,,,,,,,,,,,,,,,,,,,,,,,,,,,,,,,,
Naibel Mariano,SS,FA,,,,,,,,,,,,,,,,,,,,,,,,,,,,,,,,,,,,,,,,,,,,,,,
Jo Oyama,2B,FA,,,,,,,,,,,,,,,,,,,,,,,,,,,,,,,,,,,,,,,,,,,,,,,
Edgar Montero,SS,FA,,,,,,,,,,,,,,,,,,,,,,,,,,,,,,,,,,,,,,,,,,,,,,,
Andrews Opata,CF,FA,,,,,,,,,,,,,,,,,,,,,,,,,,,,,,,,,,,,,,,,,,,,,,,
Ruben Ibarra,1B,FA,,,,,,,,,,,,,,,,,,,,,,,,,,,,,,,,,,,,,,,,,,,,,,,
Edward Lantigua,CF,FA,,,,,,,,,,,,,,,,,,,,,,,,,,,,,,,,,,,,,,,,,,,,,,,
Bralyn Brazoban,CF,FA,,,,,,,,,,,,,,,,,,,,,,,,,,,,,,,,,,,,,,,,,,,,,,,
Eduardo Beltre,CF,FA,,,,,,,,,,,,,,,,,,,,,,,,,,,,,,,,,,,,,,,,,,,,,,,
Jonny McGill,RF,FA,,,,,,,,,,,,,,,,,,,,,,,,,,,,,,,,,,,,,,,,,,,,,,,
Joswa Lugo,SS,FA,,,,,,,,,,,,,,,,,,,,,,,,,,,,,,,,,,,,,,,,,,,,,,,
Dylan King,C,FA,,,,,,,,,,,,,,,,,,,,,,,,,,,,,,,,,,,,,,,,,,,,,,,
Matt Klein,C,FA,,,,,,,,,,,,,,,,,,,,,,,,,,,,,,,,,,,,,,,,,,,,,,,
Seth Beer,1B,FA,,,,,,,,,,,,,,,,,,,,,,,,,,,,,,,,,,,,,,,,,,,,,,,
Ty Doucette,1B,FA,,,,,,,,,,,,,,,,,,,,,,,,,,,,,,,,,,,,,,,,,,,,,,,
Jarryd Dale,2B,FA,,,,,,,,,,,,,,,,,,,,,,,,,,,,,,,,,,,,,,,,,,,,,,,
Ben Davis,C,FA,,,,,,,,,,,,,,,,,,,,,,,,,,,,,,,,,,,,,,,,,,,,,,,
Jhoander Irigoyen,C,FA,,,,,,,,,,,,,,,,,,,,,,,,,,,,,,,,,,,,,,,,,,,,,,,
Colin Barczi,C,FA,,,,,,,,,,,,,,,,,,,,,,,,,,,,,,,,,,,,,,,,,,,,,,,
Colin Hynek,C,FA,,,,,,,,,,,,,,,,,,,,,,,,,,,,,,,,,,,,,,,,,,,,,,,
Dom Krupinski,2B,FA,,,,,,,,,,,,,,,,,,,,,,,,,,,,,,,,,,,,,,,,,,,,,,,
Grant Gray,SS,FA,,,,,,,,,,,,,,,,,,,,,,,,,,,,,,,,,,,,,,,,,,,,,,,
Michael Gupton,OF,FA,,,,,,,,,,,,,,,,,,,,,,,,,,,,,,,,,,,,,,,,,,,,,,,
Caden Dulin,SS,FA,,,,,,,,,,,,,,,,,,,,,,,,,,,,,,,,,,,,,,,,,,,,,,,
Harrison Feinberg,RF,FA,,,,,,,,,,,,,,,,,,,,,,,,,,,,,,,,,,,,,,,,,,,,,,,
John Alkire II,P,FA,,,,,,,,,,,,,,,,,,,,,,,,,,,,,,,,,,,,,,,,,,,,,,,
Blake Bevis,1B,FA,,,,,,,,,,,,,,,,,,,,,,,,,,,,,,,,,,,,,,,,,,,,,,,
Owen Prince,RF,FA,,,,,,,,,,,,,,,,,,,,,,,,,,,,,,,,,,,,,,,,,,,,,,,
Jorhan Castro,C,FA,,,,,,,,,,,,,,,,,,,,,,,,,,,,,,,,,,,,,,,,,,,,,,,
Jaxson West,C,FA,,,,,,,,,,,,,,,,,,,,,,,,,,,,,,,,,,,,,,,,,,,,,,,
Ryan Weingartner,SS,FA,,,,,,,,,,,,,,,,,,,,,,,,,,,,,,,,,,,,,,,,,,,,,,,
Min Suk Kim,CF,FA,,,,,,,,,,,,,,,,,,,,,,,,,,,,,,,,,,,,,,,,,,,,,,,
Eric Snow,SS,FA,,,,,,,,,,,,,,,,,,,,,,,,,,,,,,,,,,,,,,,,,,,,,,,
Matthew Miura,CF,FA,,,,,,,,,,,,,,,,,,,,,,,,,,,,,,,,,,,,,,,,,,,,,,,
Will Cresswell,C,FA,,,,,,,,,,,,,,,,,,,,,,,,,,,,,,,,,,,,,,,,,,,,,,,
Connor Rasmussen,2B,FA,,,,,,,,,,,,,,,,,,,,,,,,,,,,,,,,,,,,,,,,,,,,,,,
JC Vanek,1B,FA,,,,,,,,,,,,,,,,,,,,,,,,,,,,,,,,,,,,,,,,,,,,,,,
Luke Nowak,LF,FA,,,,,,,,,,,,,,,,,,,,,,,,,,,,,,,,,,,,,,,,,,,,,,,
Gage Harrelson,RF,FA,,,,,,,,,,,,,,,,,,,,,,,,,,,,,,,,,,,,,,,,,,,,,,,
Zach Rogacki,C,FA,,,,,,,,,,,,,,,,,,,,,,,,,,,,,,,,,,,,,,,,,,,,,,,
Kade Snell,LF,FA,,,,,,,,,,,,,,,,,,,,,,,,,,,,,,,,,,,,,,,,,,,,,,,
Francisco Mejia,C,FA,,,,,,,,,,,,,,,,,,,,,,,,,,,,,,,,,,,,,,,,,,,,,,,
Justin Stransky,C,FA,,,,,,,,,,,,,,,,,,,,,,,,,,,,,,,,,,,,,,,,,,,,,,,
Cameron Nelson,CF,FA,,,,,,,,,,,,,,,,,,,,,,,,,,,,,,,,,,,,,,,,,,,,,,,
Nick Hollifield,C,FA,,,,,,,,,,,,,,,,,,,,,,,,,,,,,,,,,,,,,,,,,,,,,,,
Chase Heath,C,FA,,,,,,,,,,,,,,,,,,,,,,,,,,,,,,,,,,,,,,,,,,,,,,,
Michael Dattalo,3B,FA,,,,,,,,,,,,,,,,,,,,,,,,,,,,,,,,,,,,,,,,,,,,,,,
John Garcia,C,FA,,,,,,,,,,,,,,,,,,,,,,,,,,,,,,,,,,,,,,,,,,,,,,,
Drake Logan,RF,FA,,,,,,,,,,,,,,,,,,,,,,,,,,,,,,,,,,,,,,,,,,,,,,,
Logan Sauve,C,FA,,,,,,,,,,,,,,,,,,,,,,,,,,,,,,,,,,,,,,,,,,,,,,,
Jase Mitchell,C,FA,,,,,,,,,,,,,,,,,,,,,,,,,,,,,,,,,,,,,,,,,,,,,,,
Jacob McCombs,CF,FA,,,,,,,,,,,,,,,,,,,,,,,,,,,,,,,,,,,,,,,,,,,,,,,
Kerrington Cross,3B,FA,,,,,,,,,,,,,,,,,,,,,,,,,,,,,,,,,,,,,,,,,,,,,,,
Anthony DePino,1B,FA,,,,,,,,,,,,,,,,,,,,,,,,,,,,,,,,,,,,,,,,,,,,,,,
Curtis Washington Jr.,LF,FA,,,,,,,,,,,,,,,,,,,,,,,,,,,,,,,,,,,,,,,,,,,,,,,
Spence Coffman,SS,FA,,,,,,,,,,,,,,,,,,,,,,,,,,,,,,,,,,,,,,,,,,,,,,,
Romeo Sanabria,1B,FA,,,,,,,,,,,,,,,,,,,,,,,,,,,,,,,,,,,,,,,,,,,,,,,
Mitch Jebb,CF,FA,,,,,,,,,,,,,,,,,,,,,,,,,,,,,,,,,,,,,,,,,,,,,,,
Milo Rushford,RF,FA,,,,,,,,,,,,,,,,,,,,,,,,,,,,,,,,,,,,,,,,,,,,,,,
Ryan Wrobleski,C,FA,,,,,,,,,,,,,,,,,,,,,,,,,,,,,,,,,,,,,,,,,,,,,,,
Blake Wright,3B,FA,,,,,,,,,,,,,,,,,,,,,,,,,,,,,,,,,,,,,,,,,,,,,,,
Marcus Brown,2B,FA,,,,,,,,,,,,,,,,,,,,,,,,,,,,,,,,,,,,,,,,,,,,,,,
Johnathon Thomas,CF,FA,,,,,,,,,,,,,,,,,,,,,,,,,,,,,,,,,,,,,,,,,,,,,,,
Cameron Decker,1B,FA,,,,,,,,,,,,,,,,,,,,,,,,,,,,,,,,,,,,,,,,,,,,,,,
Carmine Lane,C,FA,,,,,,,,,,,,,,,,,,,,,,,,,,,,,,,,,,,,,,,,,,,,,,,
Andy Garriola,LF,FA,,,,,,,,,,,,,,,,,,,,,,,,,,,,,,,,,,,,,,,,,,,,,,,
Alec Sayre,LF,FA,,,,,,,,,,,,,,,,,,,,,,,,,,,,,,,,,,,,,,,,,,,,,,,
Grady Emerson,SS,FA,,,,,,,,,,,,,,,,,,,,,,,,,,,,,,,,,,,,,,,,,,,,,,,
Trey Snyder,2B,FA,,,,,,,,,,,,,,,,,,,,,,,,,,,,,,,,,,,,,,,,,,,,,,,
JD Dix,2B,T,,,,,,,,,,,,,,,,,,,,,,,,,,,,,,,,,,,,,,,,,,,,,,,
Guillermo Rosario,1B,FA,,,,,,,,,,,,,,,,,,,,,,,,,,,,,,,,,,,,,,,,,,,,,,,
Keshawn Ogans,3B,FA,,,,,,,,,,,,,,,,,,,,,,,,,,,,,,,,,,,,,,,,,,,,,,,
Caden Dawson,CF,FA,,,,,,,,,,,,,,,,,,,,,,,,,,,,,,,,,,,,,,,,,,,,,,,
Josh Hatcher,RF,FA,,,,,,,,,,,,,,,,,,,,,,,,,,,,,,,,,,,,,,,,,,,,,,,
Josiah Hartshorn,RF,T,,,,,,,,,,,,,,,,,,,,,,,,,,,,,,,,,,,,,,,,,,,,,,,
Bo-gyeong Moon,1B,FA,,,,,,,,,,,,,,,,,,,,,,,,,,,,,,,,,,,,,,,,,,,,,,,
Chusei Mannami,1B,FA,,,,,,,,,,,,,,,,,,,,,,,,,,,,,,,,,,,,,,,,,,,,,,,
Josh Hogue,RF,FA,,,,,,,,,,,,,,,,,,,,,,,,,,,,,,,,,,,,,,,,,,,,,,,
Jean Gutierrez,RF,FA,,,,,,,,,,,,,,,,,,,,,,,,,,,,,,,,,,,,,,,,,,,,,,,
Anthony Vilar,2B,FA,,,,,,,,,,,,,,,,,,,,,,,,,,,,,,,,,,,,,,,,,,,,,,,
Dawson Willis,3B,FA,,,,,,,,,,,,,,,,,,,,,,,,,,,,,,,,,,,,,,,,,,,,,,,
Juan Frances,LF,FA,,,,,,,,,,,,,,,,,,,,,,,,,,,,,,,,,,,,,,,,,,,,,,,
Jason Hernandez,LF,FA,,,,,,,,,,,,,,,,,,,,,,,,,,,,,,,,,,,,,,,,,,,,,,,
Jonathan Martinez,2B,FA,,,,,,,,,,,,,,,,,,,,,,,,,,,,,,,,,,,,,,,,,,,,,,,
Wilian Trinidad,3B,FA,,,,,,,,,,,,,,,,,,,,,,,,,,,,,,,,,,,,,,,,,,,,,,,
Jacob Lombard,SS,FA,,,,,,,,,,,,,,,,,,,,,,,,,,,,,,,,,,,,,,,,,,,,,,,
Jhorvic Abreus,2B,FA,,,,,,,,,,,,,,,,,,,,,,,,,,,,,,,,,,,,,,,,,,,,,,,
Felix Amparo,2B,FA,,,,,,,,,,,,,,,,,,,,,,,,,,,,,,,,,,,,,,,,,,,,,,,
Jack Wheeler,3B,FA,,,,,,,,,,,,,,,,,,,,,,,,,,,,,,,,,,,,,,,,,,,,,,,
Noah Williams,CF,FA,,,,,,,,,,,,,,,,,,,,,,,,,,,,,,,,,,,,,,,,,,,,,,,
Josiah Ragsdale,CF,T,,,,,,,,,,,,,,,,,,,,,,,,,,,,,,,,,,,,,,,,,,,,,,,
Sebastian Cadiz,1B,FA,,,,,,,,,,,,,,,,,,,,,,,,,,,,,,,,,,,,,,,,,,,,,,,
Bruin Agbayani,2B,FA,,,,,,,,,,,,,,,,,,,,,,,,,,,,,,,,,,,,,,,,,,,,,,,
Yelserth Ayala,2B,FA,,,,,,,,,,,,,,,,,,,,,,,,,,,,,,,,,,,,,,,,,,,,,,,
Joan Gutierrez,3B,FA,,,,,,,,,,,,,,,,,,,,,,,,,,,,,,,,,,,,,,,,,,,,,,,
Carlos Tirado,1B,FA,,,,,,,,,,,,,,,,,,,,,,,,,,,,,,,,,,,,,,,,,,,,,,,
Kendrey Maduro,3B,FA,,,,,,,,,,,,,,,,,,,,,,,,,,,,,,,,,,,,,,,,,,,,,,,
Jake McCutcheon,LF,FA,,,,,,,,,,,,,,,,,,,,,,,,,,,,,,,,,,,,,,,,,,,,,,,
Luis Lameda,2B,FA,,,,,,,,,,,,,,,,,,,,,,,,,,,,,,,,,,,,,,,,,,,,,,,
Ezra Farmer,LF,FA,,,,,,,,,,,,,,,,,,,,,,,,,,,,,,,,,,,,,,,,,,,,,,,
Jackson Lovich,1B,FA,,,,,,,,,,,,,,,,,,,,,,,,,,,,,,,,,,,,,,,,,,,,,,,
Carlos Amaya,C,FA,,,,,,,,,,,,,,,,,,,,,,,,,,,,,,,,,,,,,,,,,,,,,,,
Ryan Leitch,C,FA,,,,,,,,,,,,,,,,,,,,,,,,,,,,,,,,,,,,,,,,,,,,,,,
Lizandro Rodriguez,2B,FA,,,,,,,,,,,,,,,,,,,,,,,,,,,,,,,,,,,,,,,,,,,,,,,
Reynaldo De La Paz,RF,FA,,,,,,,,,,,,,,,,,,,,,,,,,,,,,,,,,,,,,,,,,,,,,,,
Dakota Kotowski,1B,FA,,,,,,,,,,,,,,,,,,,,,,,,,,,,,,,,,,,,,,,,,,,,,,,
Myles Bailey,1B,FA,,,,,,,,,,,,,,,,,,,,,,,,,,,,,,,,,,,,,,,,,,,,,,,
Ty Penner,1B,FA,,,,,,,,,,,,,,,,,,,,,,,,,,,,,,,,,,,,,,,,,,,,,,,
Andrew Wiggins,CF,FA,,,,,,,,,,,,,,,,,,,,,,,,,,,,,,,,,,,,,,,,,,,,,,,
Hunter Carns,C,FA,,,,,,,,,,,,,,,,,,,,,,,,,,,,,,,,,,,,,,,,,,,,,,,
Kaden Hollow,1B,FA,,,,,,,,,,,,,,,,,,,,,,,,,,,,,,,,,,,,,,,,,,,,,,,
Justice De Jong,3B,FA,,,,,,,,,,,,,,,,,,,,,,,,,,,,,,,,,,,,,,,,,,,,,,,
Jacob Campbell,RF,FA,,,,,,,,,,,,,,,,,,,,,,,,,,,,,,,,,,,,,,,,,,,,,,,
Cam Kozeal,SS,FA,,,,,,,,,,,,,,,,,,,,,,,,,,,,,,,,,,,,,,,,,,,,,,,
Luke Stevenson,C,FA,,,,,,,,,,,,,,,,,,,,,,,,,,,,,,,,,,,,,,,,,,,,,,,
Dante Nori,CF,FA,,,,,,,,,,,,,,,,,,,,,,,,,,,,,,,,,,,,,,,,,,,,,,,
Edgleen Perez,C,FA,,,,,,,,,,,,,,,,,,,,,,,,,,,,,,,,,,,,,,,,,,,,,,,
Sabin Ceballos,3B,FA,,,,,,,,,,,,,,,,,,,,,,,,,,,,,,,,,,,,,,,,,,,,,,,
Conner Westenburg,CF,FA,,,,,,,,,,,,,,,,,,,,,,,,,,,,,,,,,,,,,,,,,,,,,,,
Tayden Hall,1B,FA,,,,,,,,,,,,,,,,,,,,,,,,,,,,,,,,,,,,,,,,,,,,,,,
AJ Salgado,1B,FA,,,,,,,,,,,,,,,,,,,,,,,,,,,,,,,,,,,,,,,,,,,,,,,
Bryce Willits,3B,FA,,,,,,,,,,,,,,,,,,,,,,,,,,,,,,,,,,,,,,,,,,,,,,,
Kevin Kilpatrick Jr.,CF,FA,,,,,,,,,,,,,,,,,,,,,,,,,,,,,,,,,,,,,,,,,,,,,,,
Brody Moore,2B,FA,,,,,,,,,,,,,,,,,,,,,,,,,,,,,,,,,,,,,,,,,,,,,,,
Tim Elko,1B,FA,,,,,,,,,,,,,,,,,,,,,,,,,,,,,,,,,,,,,,,,,,,-0.53,-1.38,10.8,31.8,65.0
Spencer Bramwell,C,FA,,,,,,,,,,,,,,,,,,,,,,,,,,,,,,,,,,,,,,,,,,,,,,,
Michael Turner,C,FA,,,,,,,,,,,,,,,,,,,,,,,,,,,,,,,,,,,,,,,,,,,,,,,
Gavin Logan,C,FA,,,,,,,,,,,,,,,,,,,,,,,,,,,,,,,,,,,,,,,,,,,,,,,
Mario Camilletti,3B,FA,,,,,,,,,,,,,,,,,,,,,,,,,,,,,,,,,,,,,,,,,,,,,,,
Wilson Weber,C,FA,,,,,,,,,,,,,,,,,,,,,,,,,,,,,,,,,,,,,,,,,,,,,,,
Yuto Akihiro,1B,FA,,,,,,,,,,,,,,,,,,,,,,,,,,,,,,,,,,,,,,,,,,,,,,,
Tatem Levins,C,FA,,,,,,,,,,,,,,,,,,,,,,,,,,,,,,,,,,,,,,,,,,,,,,,
Camden Troyer,RF,FA,,,,,,,,,,,,,,,,,,,,,,,,,,,,,,,,,,,,,,,,,,,,,,,
Dexter McCleon Jr,1B,FA,,,,,,,,,,,,,,,,,,,,,,,,,,,,,,,,,,,,,,,,,,,,,,,
Hogan Windish,1B,FA,,,,,,,,,,,,,,,,,,,,,,,,,,,,,,,,,,,,,,,,,,,,,,,
Tyler Spangler,SS,FA,,,,,,,,,,,,,,,,,,,,,,,,,,,,,,,,,,,,,,,,,,,,,,,
Yeniel Laboy,3B,FA,,,,,,,,,,,,,,,,,,,,,,,,,,,,,,,,,,,,,,,,,,,,,,,
Sam Robertson,3B,FA,,,,,,,,,,,,,,,,,,,,,,,,,,,,,,,,,,,,,,,,,,,,,,,
Luke Esquivel,1B,FA,,,,,,,,,,,,,,,,,,,,,,,,,,,,,,,,,,,,,,,,,,,,,,,
Tucker Flint,RF,FA,,,,,,,,,,,,,,,,,,,,,,,,,,,,,,,,,,,,,,,,,,,,,,,
Roiner Quintana,2B,FA,,,,,,,,,,,,,,,,,,,,,,,,,,,,,,,,,,,,,,,,,,,,,,,
Jefferson Valladares,C,FA,,,,,,,,,,,,,,,,,,,,,,,,,,,,,,,,,,,,,,,,,,,,,,,
Bill Knight,CF,FA,,,,,,,,,,,,,,,,,,,,,,,,,,,,,,,,,,,,,,,,,,,,,,,
Wooyeoul Shin,1B,FA,,,,,,,,,,,,,,,,,,,,,,,,,,,,,,,,,,,,,,,,,,,,,,,
Will Turner,RF,FA,,,,,,,,,,,,,,,,,,,,,,,,,,,,,,,,,,,,,,,,,,,,,,,
Ryan Tayman,C,FA,,,,,,,,,,,,,,,,,,,,,,,,,,,,,,,,,,,,,,,,,,,,,,,
Cesar Hernandez,LF,FA,,,,,,,,,,,,,,,,,,,,,,,,,,,,,,,,,,,,,,,,,,,,,,,
Sterling Bazil,SS,FA,,,,,,,,,,,,,,,,,,,,,,,,,,,,,,,,,,,,,,,,,,,,,,,
Cole Mathis,3B,T,,,,,,,,,,,,,,,,,,,,,,,,,,,,,,,,,,,,,,,,,,,,,,,
Noah Sheffield,3B,FA,,,,,,,,,,,,,,,,,,,,,,,,,,,,,,,,,,,,,,,,,,,,,,,
Luis Pena,SS,T,,,,,,,,,,,,,,,,,,,,,,,,,,,,,,,,,,,,,,,,,,,,,,,
Miguel Hernandez,SS,T,,,,,,,,,,,,,,,,,,,,,,,,,,,,,,,,,,,,,,,,,,,,,,,
Jacob Madrid,C,FA,,,,,,,,,,,,,,,,,,,,,,,,,,,,,,,,,,,,,,,,,,,,,,,
Andrew Gonzalez,3B,FA,,,,,,,,,,,,,,,,,,,,,,,,,,,,,,,,,,,,,,,,,,,,,,,
Ethan Surowiec,1B,FA,,,,,,,,,,,,,,,,,,,,,,,,,,,,,,,,,,,,,,,,,,,,,,,
Matthew Batten,1B,FA,,,,,,,,,,,,,,,,,,,,,,,,,,,,,,,,,,,,,,,,,,,,,,,
Bayram Hot,2B,FA,,,,,,,,,,,,,,,,,,,,,,,,,,,,,,,,,,,,,,,,,,,,,,,
Anthony Potestio,SS,FA,,,,,,,,,,,,,,,,,,,,,,,,,,,,,,,,,,,,,,,,,,,,,,,
Diego Castellanos,LF,FA,,,,,,,,,,,,,,,,,,,,,,,,,,,,,,,,,,,,,,,,,,,,,,,
Lee Garris,CF,FA,,,,,,,,,,,,,,,,,,,,,,,,,,,,,,,,,,,,,,,,,,,,,,,
Aidan Longwell,1B,FA,,,,,,,,,,,,,,,,,,,,,,,,,,,,,,,,,,,,,,,,,,,,,,,
Mark Coley II,CF,FA,,,,,,,,,,,,,,,,,,,,,,,,,,,,,,,,,,,,,,,,,,,,,,,
Jimmy Anderson,SS,FA,,,,,,,,,,,,,,,,,,,,,,,,,,,,,,,,,,,,,,,,,,,,,,,
Will Adams,1B,FA,,,,,,,,,,,,,,,,,,,,,,,,,,,,,,,,,,,,,,,,,,,,,,,
Tyler Putnam,P,FA,,,,,,,,,,,,,,,,,,,,,,,,,,,,,,,,,,,,,,,,,,,,,,,
Mikey Kane,3B,FA,,,,,,,,,,,,,,,,,,,,,,,,,,,,,,,,,,,,,,,,,,,,,,,
Viandel Pena,2B,FA,,,,,,,,,,,,,,,,,,,,,,,,,,,,,,,,,,,,,,,,,,,,,,,
Trey Paige,1B,FA,,,,,,,,,,,,,,,,,,,,,,,,,,,,,,,,,,,,,,,,,,,,,,,
Richie Martin,SS,FA,,,,,,,,,,,,,,,,,,,,,,,,,,,,,,,,,,,,,,,,,,,,,,,
Landyn Vidourek,RF,FA,,,,,,,,,,,,,,,,,,,,,,,,,,,,,,,,,,,,,,,,,,,,,,,
DJ Stewart,RF,FA,,,,,,,,,,,,,,,,,,,,,,,,,,,,,,,,,,,,,,,,,,,,,,,
Aidan Teel,CF,FA,,,,,,,,,,,,,,,,,,,,,,,,,,,,,,,,,,,,,,,,,,,,,,,
Kevin Newman,SS,FA,,,,,,,,,,,,,,,,,,,,,,,,,,,,,,,,,,,,,,,,,,,-1.65,-1.19,2.2,32.1,67.6
Isaiah Lane,SS,FA,,,,,,,,,,,,,,,,,,,,,,,,,,,,,,,,,,,,,,,,,,,,,,,
Colby Turner,LF,FA,,,,,,,,,,,,,,,,,,,,,,,,,,,,,,,,,,,,,,,,,,,,,,,
Charlie Scholvin,SS,FA,,,,,,,,,,,,,,,,,,,,,,,,,,,,,,,,,,,,,,,,,,,,,,,
Hideki Prather,C,FA,,,,,,,,,,,,,,,,,,,,,,,,,,,,,,,,,,,,,,,,,,,,,,,
Cam Magee,SS,FA,,,,,,,,,,,,,,,,,,,,,,,,,,,,,,,,,,,,,,,,,,,,,,,
Coby Morales,1B,FA,,,,,,,,,,,,,,,,,,,,,,,,,,,,,,,,,,,,,,,,,,,,,,,
Jake Zitella,3B,FA,,,,,,,,,,,,,,,,,,,,,,,,,,,,,,,,,,,,,,,,,,,,,,,
Caleb Cali,3B,FA,,,,,,,,,,,,,,,,,,,,,,,,,,,,,,,,,,,,,,,,,,,,,,,
Kalae Harrison,2B,FA,,,,,,,,,,,,,,,,,,,,,,,,,,,,,,,,,,,,,,,,,,,,,,,
Will Bush,C,FA,,,,,,,,,,,,,,,,,,,,,,,,,,,,,,,,,,,,,,,,,,,,,,,
Michael DiMartini,CF,FA,,,,,,,,,,,,,,,,,,,,,,,,,,,,,,,,,,,,,,,,,,,,,,,
Paul Gutierrez-Contreras II,OF,FA,,,,,,,,,,,,,,,,,,,,,,,,,,,,,,,,,,,,,,,,,,,,,,,
Stone Russell,1B,FA,,,,,,,,,,,,,,,,,,,,,,,,,,,,,,,,,,,,,,,,,,,,,,,
A.J. Shaver,CF,FA,,,,,,,,,,,,,,,,,,,,,,,,,,,,,,,,,,,,,,,,,,,,,,,
Wilson Rodriguez,LF,FA,,,,,,,,,,,,,,,,,,,,,,,,,,,,,,,,,,,,,,,,,,,,,,,
Ross Friedrick,1B,FA,,,,,,,,,,,,,,,,,,,,,,,,,,,,,,,,,,,,,,,,,,,,,,,
Chase Adkison,C,FA,,,,,,,,,,,,,,,,,,,,,,,,,,,,,,,,,,,,,,,,,,,,,,,
Juan Alva,1B,FA,,,,,,,,,,,,,,,,,,,,,,,,,,,,,,,,,,,,,,,,,,,,,,,
Joey Lawson,C,FA,,,,,,,,,,,,,,,,,,,,,,,,,,,,,,,,,,,,,,,,,,,,,,,
Yovanny Duran,CF,FA,,,,,,,,,,,,,,,,,,,,,,,,,,,,,,,,,,,,,,,,,,,,,,,
Dimitri Williams Jr,CF,FA,,,,,,,,,,,,,,,,,,,,,,,,,,,,,,,,,,,,,,,,,,,,,,,
Taylor Young,3B,FA,,,,,,,,,,,,,,,,,,,,,,,,,,,,,,,,,,,,,,,,,,,,,,,
Juan Torres,2B,FA,,,,,,,,,,,,,,,,,,,,,,,,,,,,,,,,,,,,,,,,,,,,,,,
Ezekiel Zion,CF,FA,,,,,,,,,,,,,,,,,,,,,,,,,,,,,,,,,,,,,,,,,,,,,,,
Sandy Presbot,CF,FA,,,,,,,,,,,,,,,,,,,,,,,,,,,,,,,,,,,,,,,,,,,,,,,
Garret Guillemette,C,FA,,,,,,,,,,,,,,,,,,,,,,,,,,,,,,,,,,,,,,,,,,,,,,,
Santiago Almao,2B,FA,,,,,,,,,,,,,,,,,,,,,,,,,,,,,,,,,,,,,,,,,,,,,,,
Justin Miknis,C,FA,,,,,,,,,,,,,,,,,,,,,,,,,,,,,,,,,,,,,,,,,,,,,,,
Bubba Alleyne,CF,FA,,,,,,,,,,,,,,,,,,,,,,,,,,,,,,,,,,,,,,,,,,,,,,,
Fredderick Ovalle,2B,FA,,,,,,,,,,,,,,,,,,,,,,,,,,,,,,,,,,,,,,,,,,,,,,,
Nate Baez,C,FA,,,,,,,,,,,,,,,,,,,,,,,,,,,,,,,,,,,,,,,,,,,,,,,
Bernard Moon,2B,FA,,,,,,,,,,,,,,,,,,,,,,,,,,,,,,,,,,,,,,,,,,,,,,,
Sandor Feliciano,2B,FA,,,,,,,,,,,,,,,,,,,,,,,,,,,,,,,,,,,,,,,,,,,,,,,
Adam Agresti,C,FA,,,,,,,,,,,,,,,,,,,,,,,,,,,,,,,,,,,,,,,,,,,,,,,
Kevin Graham,LF,FA,,,,,,,,,,,,,,,,,,,,,,,,,,,,,,,,,,,,,,,,,,,,,,,
Kellan Tom,1B,FA,,,,,,,,,,,,,,,,,,,,,,,,,,,,,,,,,,,,,,,,,,,,,,,
Jake Long,LF,FA,,,,,,,,,,,,,,,,,,,,,,,,,,,,,,,,,,,,,,,,,,,,,,,
TJ Grines,2B,FA,,,,,,,,,,,,,,,,,,,,,,,,,,,,,,,,,,,,,,,,,,,,,,,
Caden Merritt,RF,FA,,,,,,,,,,,,,,,,,,,,,,,,,,,,,,,,,,,,,,,,,,,,,,,
Jackson Hornung,1B,FA,,,,,,,,,,,,,,,,,,,,,,,,,,,,,,,,,,,,,,,,,,,,,,,
Jordan Thompson,SS,FA,,,,,,,,,,,,,,,,,,,,,,,,,,,,,,,,,,,,,,,,,,,,,,,
Jared Thomas,C,FA,,,,,,,,,,,,,,,,,,,,,,,,,,,,,,,,,,,,,,,,,,,,,,,
Tomas Frick,C,FA,,,,,,,,,,,,,,,,,,,,,,,,,,,,,,,,,,,,,,,,,,,,,,,
Reidy Mercado,CF,FA,,,,,,,,,,,,,,,,,,,,,,,,,,,,,,,,,,,,,,,,,,,,,,,
Jayson Bass,1B,FA,,,,,,,,,,,,,,,,,,,,,,,,,,,,,,,,,,,,,,,,,,,,,,,
Angel De Los Santos,SS,FA,,,,,,,,,,,,,,,,,,,,,,,,,,,,,,,,,,,,,,,,,,,,,,,
Kleiver Chauran,2B,FA,,,,,,,,,,,,,,,,,,,,,,,,,,,,,,,,,,,,,,,,,,,,,,,
Luis Hernandez,1B,FA,,,,,,,,,,,,,,,,,,,,,,,,,,,,,,,,,,,,,,,,,,,,,,,
Jacob Seamon,CF,FA,,,,,,,,,,,,,,,,,,,,,,,,,,,,,,,,,,,,,,,,,,,,,,,
Jhon Gonzalez,CF,FA,,,,,,,,,,,,,,,,,,,,,,,,,,,,,,,,,,,,,,,,,,,,,,,
Enyer Antonio,2B,FA,,,,,,,,,,,,,,,,,,,,,,,,,,,,,,,,,,,,,,,,,,,,,,,
Weston Eberly,C,FA,,,,,,,,,,,,,,,,,,,,,,,,,,,,,,,,,,,,,,,,,,,,,,,
Cole Urman,C,FA,,,,,,,,,,,,,,,,,,,,,,,,,,,,,,,,,,,,,,,,,,,,,,,
Mason Eckelman,C,FA,,,,,,,,,,,,,,,,,,,,,,,,,,,,,,,,,,,,,,,,,,,,,,,
Ryan Wynn,SS,FA,,,,,,,,,,,,,,,,,,,,,,,,,,,,,,,,,,,,,,,,,,,,,,,
Eric Jeon,3B,FA,,,,,,,,,,,,,,,,,,,,,,,,,,,,,,,,,,,,,,,,,,,,,,,
Sammy Hernandez,C,FA,,,,,,,,,,,,,,,,,,,,,,,,,,,,,,,,,,,,,,,,,,,,,,,
Charlie Sutherland,1B,FA,,,,,,,,,,,,,,,,,,,,,,,,,,,,,,,,,,,,,,,,,,,,,,,
Matt Coutney,1B,FA,,,,,,,,,,,,,,,,,,,,,,,,,,,,,,,,,,,,,,,,,,,,,,,
Brayden Bakes,RF,FA,,,,,,,,,,,,,,,,,,,,,,,,,,,,,,,,,,,,,,,,,,,,,,,
Robbie Lavey,C,FA,,,,,,,,,,,,,,,,,,,,,,,,,,,,,,,,,,,,,,,,,,,,,,,
Angel Cruz,2B,FA,,,,,,,,,,,,,,,,,,,,,,,,,,,,,,,,,,,,,,,,,,,,,,,
Nathan Hall,CF,FA,,,,,,,,,,,,,,,,,,,,,,,,,,,,,,,,,,,,,,,,,,,,,,,
Trevor Cohen,CF,FA,,,,,,,,,,,,,,,,,,,,,,,,,,,,,,,,,,,,,,,,,,,,,,,
Jake Cook,CF,FA,,,,,,,,,,,,,,,,,,,,,,,,,,,,,,,,,,,,,,,,,,,,,,,
Owen Henne,SS,FA,,,,,,,,,,,,,,,,,,,,,,,,,,,,,,,,,,,,,,,,,,,,,,,
Jayden Lobliner,C,FA,,,,,,,,,,,,,,,,,,,,,,,,,,,,,,,,,,,,,,,,,,,,,,,
Charlie Pagliarini,2B,FA,,,,,,,,,,,,,,,,,,,,,,,,,,,,,,,,,,,,,,,,,,,,,,,
Matthew Thomas,RF,FA,,,,,,,,,,,,,,,,,,,,,,,,,,,,,,,,,,,,,,,,,,,,,,,
Graysen Tarlow,C,FA,,,,,,,,,,,,,,,,,,,,,,,,,,,,,,,,,,,,,,,,,,,,,,,
Adonys Guzman,C,FA,,,,,,,,,,,,,,,,,,,,,,,,,,,,,,,,,,,,,,,,,,,,,,,
Mike Mancini,2B,FA,,,,,,,,,,,,,,,,,,,,,,,,,,,,,,,,,,,,,,,,,,,,,,,
Josiah Kemp,CF,FA,,,,,,,,,,,,,,,,,,,,,,,,,,,,,,,,,,,,,,,,,,,,,,,
Brandon Crabtree,1B,FA,,,,,,,,,,,,,,,,,,,,,,,,,,,,,,,,,,,,,,,,,,,,,,,
Charlie Bussey,1B,FA,,,,,,,,,,,,,,,,,,,,,,,,,,,,,,,,,,,,,,,,,,,,,,,
Brayden Martin,3B,FA,,,,,,,,,,,,,,,,,,,,,,,,,,,,,,,,,,,,,,,,,,,,,,,
Drew Smith,RF,FA,,,,,,,,,,,,,,,,,,,,,,,,,,,,,,,,,,,,,,,,,,,,,,,
Max Kaufer,C,FA,,,,,,,,,,,,,,,,,,,,,,,,,,,,,,,,,,,,,,,,,,,,,,,
Nick Williams,LF,FA,,,,,,,,,,,,,,,,,,,,,,,,,,,,,,,,,,,,,,,,,,,,,,,
Cashel Dugger,C,FA,,,,,,,,,,,,,,,,,,,,,,,,,,,,,,,,,,,,,,,,,,,,,,,
Jacob Sharp,C,FA,,,,,,,,,,,,,,,,,,,,,,,,,,,,,,,,,,,,,,,,,,,,,,,
Reece Moroney,SS,FA,,,,,,,,,,,,,,,,,,,,,,,,,,,,,,,,,,,,,,,,,,,,,,,
Matt Quintanar,C,FA,,,,,,,,,,,,,,,,,,,,,,,,,,,,,,,,,,,,,,,,,,,,,,,
Fabian Alcantara,RF,FA,,,,,,,,,,,,,,,,,,,,,,,,,,,,,,,,,,,,,,,,,,,,,,,
Owen Clyne,SS,FA,,,,,,,,,,,,,,,,,,,,,,,,,,,,,,,,,,,,,,,,,,,,,,,
Raudi Rodriguez,RF,T,,,,,,,,,,,,,,,,,,,,,,,,,,,,,,,,,,,,,,,,,,,,,,,
Johnny Olmstead,SS,FA,,,,,,,,,,,,,,,,,,,,,,,,,,,,,,,,,,,,,,,,,,,,,,,
Wyatt Crenshaw,2B,FA,,,,,,,,,,,,,,,,,,,,,,,,,,,,,,,,,,,,,,,,,,,,,,,
Luke Hill,3B,FA,,,,,,,,,,,,,,,,,,,,,,,,,,,,,,,,,,,,,,,,,,,,,,,
Fernando Peguero,2B,FA,,,,,,,,,,,,,,,,,,,,,,,,,,,,,,,,,,,,,,,,,,,,,,,
Caeden Trenkle,CF,FA,,,,,,,,,,,,,,,,,,,,,,,,,,,,,,,,,,,,,,,,,,,,,,,
Caleb Ricketts,C,FA,,,,,,,,,,,,,,,,,,,,,,,,,,,,,,,,,,,,,,,,,,,,,,,
Pascanel Ferreras,SS,FA,,,,,,,,,,,,,,,,,,,,,,,,,,,,,,,,,,,,,,,,,,,,,,,
Pierce Bennett,2B,FA,,,,,,,,,,,,,,,,,,,,,,,,,,,,,,,,,,,,,,,,,,,,,,,
Kellum Clark,LF,FA,,,,,,,,,,,,,,,,,,,,,,,,,,,,,,,,,,,,,,,,,,,,,,,
Will King,C,FA,,,,,,,,,,,,,,,,,,,,,,,,,,,,,,,,,,,,,,,,,,,,,,,
Nuu Contrades,3B,FA,,,,,,,,,,,,,,,,,,,,,,,,,,,,,,,,,,,,,,,,,,,,,,,
Alex Conover,LF,FA,,,,,,,,,,,,,,,,,,,,,,,,,,,,,,,,,,,,,,,,,,,,,,,
Mac McCroskey,2B,FA,,,,,,,,,,,,,,,,,,,,,,,,,,,,,,,,,,,,,,,,,,,,,,,
Dominic Pellegrin,SS,FA,,,,,,,,,,,,,,,,,,,,,,,,,,,,,,,,,,,,,,,,,,,,,,,
Chris McHugh,1B,FA,,,,,,,,,,,,,,,,,,,,,,,,,,,,,,,,,,,,,,,,,,,,,,,
Dominic Battista,OF,FA,,,,,,,,,,,,,,,,,,,,,,,,,,,,,,,,,,,,,,,,,,,,,,,
Ryan Ignoffo,C,FA,,,,,,,,,,,,,,,,,,,,,,,,,,,,,,,,,,,,,,,,,,,,,,,
Augie Lopez,C,FA,,,,,,,,,,,,,,,,,,,,,,,,,,,,,,,,,,,,,,,,,,,,,,,
Kam Durnin,SS,FA,,,,,,,,,,,,,,,,,,,,,,,,,,,,,,,,,,,,,,,,,,,,,,,
Maximus Martin,SS,FA,,,,,,,,,,,,,,,,,,,,,,,,,,,,,,,,,,,,,,,,,,,,,,,
Michael Smith,RF,FA,,,,,,,,,,,,,,,,,,,,,,,,,,,,,,,,,,,,,,,,,,,,,,,
Wessley Roberson,OF,FA,,,,,,,,,,,,,,,,,,,,,,,,,,,,,,,,,,,,,,,,,,,,,,,
Miguel Ugueto,CF,FA,,,,,,,,,,,,,,,,,,,,,,,,,,,,,,,,,,,,,,,,,,,,,,,
Nick Monistere,SS,FA,,,,,,,,,,,,,,,,,,,,,,,,,,,,,,,,,,,,,,,,,,,,,,,
Ryan Kucherak,SS,FA,,,,,,,,,,,,,,,,,,,,,,,,,,,,,,,,,,,,,,,,,,,,,,,
Macon Winslow,C,FA,,,,,,,,,,,,,,,,,,,,,,,,,,,,,,,,,,,,,,,,,,,,,,,
Dixon Williams,2B,FA,,,,,,,,,,,,,,,,,,,,,,,,,,,,,,,,,,,,,,,,,,,,,,,
Stanley Tucker,RF,FA,,,,,,,,,,,,,,,,,,,,,,,,,,,,,,,,,,,,,,,,,,,,,,,
Paulino Santana,LF,FA,,,,,,,,,,,,,,,,,,,,,,,,,,,,,,,,,,,,,,,,,,,,,,,
Caden Connor,LF,FA,,,,,,,,,,,,,,,,,,,,,,,,,,,,,,,,,,,,,,,,,,,,,,,
Mark Quatrani,C,FA,,,,,,,,,,,,,,,,,,,,,,,,,,,,,,,,,,,,,,,,,,,,,,,
Trevor Lucas,3B,FA,,,,,,,,,,,,,,,,,,,,,,,,,,,,,,,,,,,,,,,,,,,,,,,
Dawel Joseph,3B,FA,,,,,,,,,,,,,,,,,,,,,,,,,,,,,,,,,,,,,,,,,,,,,,,
Adolfo Sanchez,CF,FA,,,,,,,,,,,,,,,,,,,,,,,,,,,,,,,,,,,,,,,,,,,,,,,
Kennew Blanco,SS,FA,,,,,,,,,,,,,,,,,,,,,,,,,,,,,,,,,,,,,,,,,,,,,,,
Daiber De Los Santos,SS,FA,,,,,,,,,,,,,,,,,,,,,,,,,,,,,,,,,,,,,,,,,,,,,,,
Adriel Radney,RF,FA,,,,,,,,,,,,,,,,,,,,,,,,,,,,,,,,,,,,,,,,,,,,,,,
Logun Clark,C,FA,,,,,,,,,,,,,,,,,,,,,,,,,,,,,,,,,,,,,,,,,,,,,,,
Randy Florentino,C,FA,,,,,,,,,,,,,,,,,,,,,,,,,,,,,,,,,,,,,,,,,,,,,,,
Will Brick,C,FA,,,,,,,,,,,,,,,,,,,,,,,,,,,,,,,,,,,,,,,,,,,,,,,
Kyler Meccage,LF,FA,,,,,,,,,,,,,,,,,,,,,,,,,,,,,,,,,,,,,,,,,,,,,,,
Frank Thomas III,1B,FA,,,,,,,,,,,,,,,,,,,,,,,,,,,,,,,,,,,,,,,,,,,,,,,
Cortland Lawson,SS,FA,,,,,,,,,,,,,,,,,,,,,,,,,,,,,,,,,,,,,,,,,,,,,,,
Coleman Borthwick,3B,FA,,,,,,,,,,,,,,,,,,,,,,,,,,,,,,,,,,,,,,,,,,,,,,,
Tanner OTremba,LF,FA,,,,,,,,,,,,,,,,,,,,,,,,,,,,,,,,,,,,,,,,,,,,,,,
Slate Alford,DH,FA,,,,,,,,,,,,,,,,,,,,,,,,,,,,,,,,,,,,,,,,,,,,,,,
Greg Bozzo,C,FA,,,,,,,,,,,,,,,,,,,,,,,,,,,,,,,,,,,,,,,,,,,,,,,
Richie Bonomolo,LF,FA,,,,,,,,,,,,,,,,,,,,,,,,,,,,,,,,,,,,,,,,,,,,,,,
Logan Braunschweig,LF,FA,,,,,,,,,,,,,,,,,,,,,,,,,,,,,,,,,,,,,,,,,,,,,,,
Cody Boshell,1B,FA,,,,,,,,,,,,,,,,,,,,,,,,,,,,,,,,,,,,,,,,,,,,,,,
Logan Georges,P,FA,,,,,,,,,,,,,,,,,,,,,,,,,,,,,,,,,,,,,,,,,,,,,,,
Javar Williams,LF,FA,,,,,,,,,,,,,,,,,,,,,,,,,,,,,,,,,,,,,,,,,,,,,,,
Edian Espinal,2B,FA,,,,,,,,,,,,,,,,,,,,,,,,,,,,,,,,,,,,,,,,,,,,,,,
Dylan OConnell,LF,FA,,,,,,,,,,,,,,,,,,,,,,,,,,,,,,,,,,,,,,,,,,,,,,,
Mario Magana,CF,FA,,,,,,,,,,,,,,,,,,,,,,,,,,,,,,,,,,,,,,,,,,,,,,,
Dom Kibler,C,FA,,,,,,,,,,,,,,,,,,,,,,,,,,,,,,,,,,,,,,,,,,,,,,,
Franklin Primera,C,T,,,,,,,,,,,,,,,,,,,,,,,,,,,,,,,,,,,,,,,,,,,,,,,
Tyriq Kemp,2B,FA,,,,,,,,,,,,,,,,,,,,,,,,,,,,,,,,,,,,,,,,,,,,,,,
Jack Moroknek,RF,FA,,,,,,,,,,,,,,,,,,,,,,,,,,,,,,,,,,,,,,,,,,,,,,,
Dalton Harper,C,FA,,,,,,,,,,,,,,,,,,,,,,,,,,,,,,,,,,,,,,,,,,,,,,,
Caleb Klein,RF,FA,,,,,,,,,,,,,,,,,,,,,,,,,,,,,,,,,,,,,,,,,,,,,,,
Core Jackson,SS,FA,,,,,,,,,,,,,,,,,,,,,,,,,,,,,,,,,,,,,,,,,,,,,,,
Leo Marrero,C,FA,,,,,,,,,,,,,,,,,,,,,,,,,,,,,,,,,,,,,,,,,,,,,,,
Brayden Fry,SS,FA,,,,,,,,,,,,,,,,,,,,,,,,,,,,,,,,,,,,,,,,,,,,,,,
Edrick Felix,3B,FA,,,,,,,,,,,,,,,,,,,,,,,,,,,,,,,,,,,,,,,,,,,,,,,
Shoki Oda,P,FA,,,,,,,,,,,,,,,,,,,,,,,,,,,,,,,,,,,,,,,,,,,,,,,
KJ White,SS,FA,,,,,,,,,,,,,,,,,,,,,,,,,,,,,,,,,,,,,,,,,,,,,,,
Patrick Engskov,SS,FA,,,,,,,,,,,,,,,,,,,,,,,,,,,,,,,,,,,,,,,,,,,,,,,
James Whitman,1B,FA,,,,,,,,,,,,,,,,,,,,,,,,,,,,,,,,,,,,,,,,,,,,,,,
Josh Fuentes,3B,FA,,,,,,,,,,,,,,,,,,,,,,,,,,,,,,,,,,,,,,,,,,,,,,,
Keaton Maiorana,P,FA,,,,,,,,,,,,,,,,,,,,,,,,,,,,,,,,,,,,,,,,,,,,,,,
Jose Torres,SS,FA,,,,,,,,,,,,,,,,,,,,,,,,,,,,,,,,,,,,,,,,,,,,,,,
Dylan Rock,LF,FA,,,,,,,,,,,,,,,,,,,,,,,,,,,,,,,,,,,,,,,,,,,,,,,
Carson Hart,OF,FA,,,,,,,,,,,,,,,,,,,,,,,,,,,,,,,,,,,,,,,,,,,,,,,
Xavier Guillen,RF,FA,,,,,,,,,,,,,,,,,,,,,,,,,,,,,,,,,,,,,,,,,,,,,,,
Shintaro Inoue,2B,FA,,,,,,,,,,,,,,,,,,,,,,,,,,,,,,,,,,,,,,,,,,,,,,,
Darryl Collins,CF,FA,,,,,,,,,,,,,,,,,,,,,,,,,,,,,,,,,,,,,,,,,,,,,,,
Kenneth Melendez,C,FA,,,,,,,,,,,,,,,,,,,,,,,,,,,,,,,,,,,,,,,,,,,,,,,
Max Aude,C,FA,,,,,,,,,,,,,,,,,,,,,,,,,,,,,,,,,,,,,,,,,,,,,,,
Alex Fernandes,OF,FA,,,,,,,,,,,,,,,,,,,,,,,,,,,,,,,,,,,,,,,,,,,,,,,
Onardi Santos,P,FA,,,,,,,,,,,,,,,,,,,,,,,,,,,,,,,,,,,,,,,,,,,,,,,
Julio Gonzalez,P,FA,,,,,,,,,,,,,,,,,,,,,,,,,,,,,,,,,,,,,,,,,,,,,,,
Gabriel Porras,2B,FA,,,,,,,,,,,,,,,,,,,,,,,,,,,,,,,,,,,,,,,,,,,,,,,
AJ Garcia,RF,FA,,,,,,,,,,,,,,,,,,,,,,,,,,,,,,,,,,,,,,,,,,,,,,,
Gregory Rodriguez,C,FA,,,,,,,,,,,,,,,,,,,,,,,,,,,,,,,,,,,,,,,,,,,,,,,
Maicoll Rondon,SS,FA,,,,,,,,,,,,,,,,,,,,,,,,,,,,,,,,,,,,,,,,,,,,,,,
Ezequiel Jaime,RF,FA,,,,,,,,,,,,,,,,,,,,,,,,,,,,,,,,,,,,,,,,,,,,,,,
Max Irving,SS,FA,,,,,,,,,,,,,,,,,,,,,,,,,,,,,,,,,,,,,,,,,,,,,,,
Caleb Hobson,CF,FA,,,,,,,,,,,,,,,,,,,,,,,,,,,,,,,,,,,,,,,,,,,,,,,
Yirer Garcia,C,FA,,,,,,,,,,,,,,,,,,,,,,,,,,,,,,,,,,,,,,,,,,,,,,,
Rodolfo Nolasco,RF,FA,,,,,,,,,,,,,,,,,,,,,,,,,,,,,,,,,,,,,,,,,,,,,,,
Brayden Jobert,1B,FA,,,,,,,,,,,,,,,,,,,,,,,,,,,,,,,,,,,,,,,,,,,,,,,
Deivis Nadal,SS,FA,,,,,,,,,,,,,,,,,,,,,,,,,,,,,,,,,,,,,,,,,,,,,,,
Ryan Galanie,1B,FA,,,,,,,,,,,,,,,,,,,,,,,,,,,,,,,,,,,,,,,,,,,,,,,
Jack Scott,P,FA,,,,,,,,,,,,,,,,,,,,,,,,,,,,,,,,,,,,,,,,,,,,,,,
Jose Ortiz,RF,FA,,,,,,,,,,,,,,,,,,,,,,,,,,,,,,,,,,,,,,,,,,,,,,,
Bryan Broecker,C,FA,,,,,,,,,,,,,,,,,,,,,,,,,,,,,,,,,,,,,,,,,,,,,,,
Deiten Lachance,C,FA,,,,,,,,,,,,,,,,,,,,,,,,,,,,,,,,,,,,,,,,,,,,,,,
Tanner Marsh,SS,FA,,,,,,,,,,,,,,,,,,,,,,,,,,,,,,,,,,,,,,,,,,,,,,,
Isaac Morton,P,FA,,,,,,,,,,,,,,,,,,,,,,,,,,,,,,,,,,,,,,,,,,,,,,,
Chris Katz,OF,FA,,,,,,,,,,,,,,,,,,,,,,,,,,,,,,,,,,,,,,,,,,,,,,,
William Sullivan,1B,FA,,,,,,,,,,,,,,,,,,,,,,,,,,,,,,,,,,,,,,,,,,,,,,,
Brennan Orf,1B,FA,,,,,,,,,,,,,,,,,,,,,,,,,,,,,,,,,,,,,,,,,,,,,,,
Paul Schoenfeld,LF,FA,,,,,,,,,,,,,,,,,,,,,,,,,,,,,,,,,,,,,,,,,,,,,,,
Ronny Polanco,3B,FA,,,,,,,,,,,,,,,,,,,,,,,,,,,,,,,,,,,,,,,,,,,,,,,
Troy Fisher,SS,FA,,,,,,,,,,,,,,,,,,,,,,,,,,,,,,,,,,,,,,,,,,,,,,,
Owen Nowak,CF,FA,,,,,,,,,,,,,,,,,,,,,,,,,,,,,,,,,,,,,,,,,,,,,,,
Will Plunkett,SS,FA,,,,,,,,,,,,,,,,,,,,,,,,,,,,,,,,,,,,,,,,,,,,,,,
Rashawn Galloway,C,FA,,,,,,,,,,,,,,,,,,,,,,,,,,,,,,,,,,,,,,,,,,,,,,,
Brady Thomas,1B,FA,,,,,,,,,,,,,,,,,,,,,,,,,,,,,,,,,,,,,,,,,,,,,,,
Petey Soto,SS,FA,,,,,,,,,,,,,,,,,,,,,,,,,,,,,,,,,,,,,,,,,,,,,,,
Ben Tryon,LF,FA,,,,,,,,,,,,,,,,,,,,,,,,,,,,,,,,,,,,,,,,,,,,,,,
Benjamin Blackwell,SS,FA,,,,,,,,,,,,,,,,,,,,,,,,,,,,,,,,,,,,,,,,,,,,,,,
Noah Miller,C,FA,,,,,,,,,,,,,,,,,,,,,,,,,,,,,,,,,,,,,,,,,,,,,,,
Anthony Calarco,1B,FA,,,,,,,,,,,,,,,,,,,,,,,,,,,,,,,,,,,,,,,,,,,,,,,
Arturo Disla,1B,FA,,,,,,,,,,,,,,,,,,,,,,,,,,,,,,,,,,,,,,,,,,,,,,,
Camden Johnson,3B,FA,,,,,,,,,,,,,,,,,,,,,,,,,,,,,,,,,,,,,,,,,,,,,,,
Devin Hurdle,2B,FA,,,,,,,,,,,,,,,,,,,,,,,,,,,,,,,,,,,,,,,,,,,,,,,
Tanner Griffith,CF,FA,,,,,,,,,,,,,,,,,,,,,,,,,,,,,,,,,,,,,,,,,,,,,,,
Bryce Arnold,2B,FA,,,,,,,,,,,,,,,,,,,,,,,,,,,,,,,,,,,,,,,,,,,,,,,
Banks Wickersham,C,FA,,,,,,,,,,,,,,,,,,,,,,,,,,,,,,,,,,,,,,,,,,,,,,,
Darius Perry,C,FA,,,,,,,,,,,,,,,,,,,,,,,,,,,,,,,,,,,,,,,,,,,,,,,
Caleb Ketchup,LF,FA,,,,,,,,,,,,,,,,,,,,,,,,,,,,,,,,,,,,,,,,,,,,,,,
Yanquiel Fernandez,RF,FA,,,,,,,,,,,,,,,,,,,,,,,,,,,,,,,,,,,,,,,,,,,-0.85,-1.37,8.5,35.8,70.5
Hedbert Perez,RF,FA,,,,,,,,,,,,,,,,,,,,,,,,,,,,,,,,,,,,,,,,,,,,,,,
Dylan Seward,SS,FA,,,,,,,,,,,,,,,,,,,,,,,,,,,,,,,,,,,,,,,,,,,,,,,
Kyeler Thompson,CF,FA,,,,,,,,,,,,,,,,,,,,,,,,,,,,,,,,,,,,,,,,,,,,,,,
Josh Adamczewski,SS,T,,,,,,,,,,,,,,,,,,,,,,,,,,,,,,,,,,,,,,,,,,,,,,,
Harry Chubb Jones Jr.,SS,FA,,,,,,,,,,,,,,,,,,,,,,,,,,,,,,,,,,,,,,,,,,,,,,,
Caleb Johnson,SS,FA,,,,,,,,,,,,,,,,,,,,,,,,,,,,,,,,,,,,,,,,,,,,,,,
Jonathan Morales,C,FA,,,,,,,,,,,,,,,,,,,,,,,,,,,,,,,,,,,,,,,,,,,,,,,
Jordin Griffin,LF,FA,,,,,,,,,,,,,,,,,,,,,,,,,,,,,,,,,,,,,,,,,,,,,,,
Aemed Nasser,CF,FA,,,,,,,,,,,,,,,,,,,,,,,,,,,,,,,,,,,,,,,,,,,,,,,
Sebastian Wilson,LF,FA,,,,,,,,,,,,,,,,,,,,,,,,,,,,,,,,,,,,,,,,,,,,,,,
Connor McGinnis,2B,FA,,,,,,,,,,,,,,,,,,,,,,,,,,,,,,,,,,,,,,,,,,,,,,,
Tre Richardson,2B,FA,,,,,,,,,,,,,,,,,,,,,,,,,,,,,,,,,,,,,,,,,,,,,,,
Brady OBrien,3B,FA,,,,,,,,,,,,,,,,,,,,,,,,,,,,,,,,,,,,,,,,,,,,,,,
Luke Bard,C,FA,,,,,,,,,,,,,,,,,,,,,,,,,,,,,,,,,,,,,,,,,,,,,,,
Sam White,2B,FA,,,,,,,,,,,,,,,,,,,,,,,,,,,,,,,,,,,,,,,,,,,,,,,
Nic Tolbert,3B,FA,,,,,,,,,,,,,,,,,,,,,,,,,,,,,,,,,,,,,,,,,,,,,,,
Eric Guevara,3B,FA,,,,,,,,,,,,,,,,,,,,,,,,,,,,,,,,,,,,,,,,,,,,,,,
Kyle West,1B,FA,,,,,,,,,,,,,,,,,,,,,,,,,,,,,,,,,,,,,,,,,,,,,,,
John Gil,SS,T,,,,,,,,,,,,,,,,,,,,,,,,,,,,,,,,,,,,,,,,,,,,,,,
Jaeden Calderon,1B,FA,,,,,,,,,,,,,,,,,,,,,,,,,,,,,,,,,,,,,,,,,,,,,,,
Ty Hanchey,C,FA,,,,,,,,,,,,,,,,,,,,,,,,,,,,,,,,,,,,,,,,,,,,,,,
Brauli Diaz,3B,FA,,,,,,,,,,,,,,,,,,,,,,,,,,,,,,,,,,,,,,,,,,,,,,,
Blake Bowen,RF,FA,,,,,,,,,,,,,,,,,,,,,,,,,,,,,,,,,,,,,,,,,,,,,,,
Darren Baker,2B,FA,,,,,,,,,,,,,,,,,,,,,,,,,,,,,,,,,,,,,,,,,,,,,,,
Oscar Colas,CF,FA,,,,,,,,,,,,,,,,,,,,,,,,,,,,,,,,,,,,,,,,,,,,,,,
Pablo Arosemena,1B,FA,,,,,,,,,,,,,,,,,,,,,,,,,,,,,,,,,,,,,,,,,,,,,,,
Jarrod Belbin,1B,FA,,,,,,,,,,,,,,,,,,,,,,,,,,,,,,,,,,,,,,,,,,,,,,,
Daniel Mielcarek,DH,FA,,,,,,,,,,,,,,,,,,,,,,,,,,,,,,,,,,,,,,,,,,,,,,,
Nathaneal Davis,LF,FA,,,,,,,,,,,,,,,,,,,,,,,,,,,,,,,,,,,,,,,,,,,,,,,
Hunter Fitz-Gerald,1B,FA,,,,,,,,,,,,,,,,,,,,,,,,,,,,,,,,,,,,,,,,,,,,,,,
AJ Curry,1B,FA,,,,,,,,,,,,,,,,,,,,,,,,,,,,,,,,,,,,,,,,,,,,,,,
Bryce Martin-Grudzielanek,3B,FA,,,,,,,,,,,,,,,,,,,,,,,,,,,,,,,,,,,,,,,,,,,,,,,
Zach Arnold,3B,FA,,,,,,,,,,,,,,,,,,,,,,,,,,,,,,,,,,,,,,,,,,,,,,,
John Lopez,2B,FA,,,,,,,,,,,,,,,,,,,,,,,,,,,,,,,,,,,,,,,,,,,,,,,
Andrew Stevenson,CF,FA,,,,,,,,,,,,,,,,,,,,,,,,,,,,,,,,,,,,,,,,,,,,,,,
Brady Cerkownyk,C,FA,,,,,,,,,,,,,,,,,,,,,,,,,,,,,,,,,,,,,,,,,,,,,,,
Tyler Nevin,3B,FA,,,,,,,,,,,,,,,,,,,,,,,,,,,,,,,,,,,,,,,,,,,,,,,
Jack Spanier,SS,FA,,,,,,,,,,,,,,,,,,,,,,,,,,,,,,,,,,,,,,,,,,,,,,,
Boston Smith,C,FA,,,,,,,,,,,,,,,,,,,,,,,,,,,,,,,,,,,,,,,,,,,,,,,
Austin Smith,CF,FA,,,,,,,,,,,,,,,,,,,,,,,,,,,,,,,,,,,,,,,,,,,,,,,
Jonathan Rangel,1B,FA,,,,,,,,,,,,,,,,,,,,,,,,,,,,,,,,,,,,,,,,,,,,,,,
Cooper Flemming,SS,T,,,,,,,,,,,,,,,,,,,,,,,,,,,,,,,,,,,,,,,,,,,,,,,
Jhon Gil,C,FA,,,,,,,,,,,,,,,,,,,,,,,,,,,,,,,,,,,,,,,,,,,,,,,
Juarlin Soto,3B,FA,,,,,,,,,,,,,,,,,,,,,,,,,,,,,,,,,,,,,,,,,,,,,,,
David Smith,LF,FA,,,,,,,,,,,,,,,,,,,,,,,,,,,,,,,,,,,,,,,,,,,,,,,
Michael Trautwein,C,FA,,,,,,,,,,,,,,,,,,,,,,,,,,,,,,,,,,,,,,,,,,,,,,,
KJ Ward,P,FA,,,,,,,,,,,,,,,,,,,,,,,,,,,,,,,,,,,,,,,,,,,,,,,
Ben Cleary,SS,FA,,,,,,,,,,,,,,,,,,,,,,,,,,,,,,,,,,,,,,,,,,,,,,,
Emanuel Hernandez,C,FA,,,,,,,,,,,,,,,,,,,,,,,,,,,,,,,,,,,,,,,,,,,,,,,
Erick Dessens,CF,FA,,,,,,,,,,,,,,,,,,,,,,,,,,,,,,,,,,,,,,,,,,,,,,,
Jake Munroe,3B,FA,,,,,,,,,,,,,,,,,,,,,,,,,,,,,,,,,,,,,,,,,,,,,,,
Lorenzo Meola,2B,FA,,,,,,,,,,,,,,,,,,,,,,,,,,,,,,,,,,,,,,,,,,,,,,,
Alejandro Garza,3B,FA,,,,,,,,,,,,,,,,,,,,,,,,,,,,,,,,,,,,,,,,,,,,,,,
Corey Nunez,3B,FA,,,,,,,,,,,,,,,,,,,,,,,,,,,,,,,,,,,,,,,,,,,,,,,
Conner ONeal,C,FA,,,,,,,,,,,,,,,,,,,,,,,,,,,,,,,,,,,,,,,,,,,,,,,
Edinson Duran,C,FA,,,,,,,,,,,,,,,,,,,,,,,,,,,,,,,,,,,,,,,,,,,,,,,
Nolan Sailors,CF,FA,,,,,,,,,,,,,,,,,,,,,,,,,,,,,,,,,,,,,,,,,,,,,,,
Nick Rodriguez,2B,FA,,,,,,,,,,,,,,,,,,,,,,,,,,,,,,,,,,,,,,,,,,,,,,,
Ryan Niedzwiedz,1B,FA,,,,,,,,,,,,,,,,,,,,,,,,,,,,,,,,,,,,,,,,,,,,,,,
Juriel Collazo,CF,FA,,,,,,,,,,,,,,,,,,,,,,,,,,,,,,,,,,,,,,,,,,,,,,,
Robbie Burnett,RF,FA,,,,,,,,,,,,,,,,,,,,,,,,,,,,,,,,,,,,,,,,,,,,,,,
Robert Omidi,3B,FA,,,,,,,,,,,,,,,,,,,,,,,,,,,,,,,,,,,,,,,,,,,,,,,
Konni Durschlag,CF,FA,,,,,,,,,,,,,,,,,,,,,,,,,,,,,,,,,,,,,,,,,,,,,,,
Tyler West,CF,FA,,,,,,,,,,,,,,,,,,,,,,,,,,,,,,,,,,,,,,,,,,,,,,,
Eric Genther,LF,FA,,,,,,,,,,,,,,,,,,,,,,,,,,,,,,,,,,,,,,,,,,,,,,,
Jose Rodriguez,2B,FA,,,,,,,,,,,,,,,,,,,,,,,,,,,,,,,,,,,,,,,,,,,,,,,
Daniel Cabrera,RF,FA,,,,,,,,,,,,,,,,,,,,,,,,,,,,,,,,,,,,,,,,,,,,,,,
Ichiro Cano,1B,FA,,,,,,,,,,,,,,,,,,,,,,,,,,,,,,,,,,,,,,,,,,,,,,,
Joandrew Pena,1B,FA,,,,,,,,,,,,,,,,,,,,,,,,,,,,,,,,,,,,,,,,,,,,,,,
Stiven Martinez,CF,FA,,,,,,,,,,,,,,,,,,,,,,,,,,,,,,,,,,,,,,,,,,,,,,,
Jesus Premoli,3B,FA,,,,,,,,,,,,,,,,,,,,,,,,,,,,,,,,,,,,,,,,,,,,,,,
Ryan Clifford,1B,T,,,,,,,,,,,,,,,,,,,,,,,,,,,,,,,,,,,,,,,,,,,,,,,
Jhonayker Ugarte,SS,FA,,,,,,,,,,,,,,,,,,,,,,,,,,,,,,,,,,,,,,,,,,,,,,,
Carlos Carrasquel,SS,FA,,,,,,,,,,,,,,,,,,,,,,,,,,,,,,,,,,,,,,,,,,,,,,,
Gabriel Guanchez,C,FA,,,,,,,,,,,,,,,,,,,,,,,,,,,,,,,,,,,,,,,,,,,,,,,
Luis De La Cruz,1B,FA,,,,,,,,,,,,,,,,,,,,,,,,,,,,,,,,,,,,,,,,,,,,,,,
Jemone Nuel,SS,FA,,,,,,,,,,,,,,,,,,,,,,,,,,,,,,,,,,,,,,,,,,,,,,,
Angel Arredondo,3B,FA,,,,,,,,,,,,,,,,,,,,,,,,,,,,,,,,,,,,,,,,,,,,,,,
Angel Brachi,2B,FA,,,,,,,,,,,,,,,,,,,,,,,,,,,,,,,,,,,,,,,,,,,,,,,
Alfredo Benzan,CF,FA,,,,,,,,,,,,,,,,,,,,,,,,,,,,,,,,,,,,,,,,,,,,,,,
Dexters Peralta,SS,FA,,,,,,,,,,,,,,,,,,,,,,,,,,,,,,,,,,,,,,,,,,,,,,,
Hayden Alvarez,CF,T,,,,,,,,,,,,,,,,,,,,,,,,,,,,,,,,,,,,,,,,,,,,,,,
Anderson Navas,C,FA,,,,,,,,,,,,,,,,,,,,,,,,,,,,,,,,,,,,,,,,,,,,,,,
Junior Marin,LF,FA,,,,,,,,,,,,,,,,,,,,,,,,,,,,,,,,,,,,,,,,,,,,,,,
Juan Chacon,LF,FA,,,,,,,,,,,,,,,,,,,,,,,,,,,,,,,,,,,,,,,,,,,,,,,
Robert Hassell,CF,FA,,,,,,,,,,,,,,,,,,,,,,,,,,,,,,,,,,,,,,,,,,,0.8,1.16,8.2,27.3,88.2
Emmanuel Rivera,3B,FA,,,,,,,,,,,,,,,,,,,,,,,,,,,,,,,,,,,,,,,,,,,-1.24,-0.32,1.0,35.1,81.6
Seth Brown,LF,FA,,,,,,,,,,,,,,,,,,,,,,,,,,,,,,,,,,,,,,,,,,,-0.16,-0.56,9.5,29.5,71.4
Dylan Bice,P,FA,,,,,,,,,,,,,,,,,,,,,,,,,,,,,,,,,,,,,,,,,,,,,,,
Angel Arevalo,SS,FA,,,,,,,,,,,,,,,,,,,,,,,,,,,,,,,,,,,,,,,,,,,,,,,
Richard Matic,3B,FA,,,,,,,,,,,,,,,,,,,,,,,,,,,,,,,,,,,,,,,,,,,,,,,
Kleyver Salazar,C,FA,,,,,,,,,,,,,,,,,,,,,,,,,,,,,,,,,,,,,,,,,,,,,,,
Justin Capellan,C,FA,,,,,,,,,,,,,,,,,,,,,,,,,,,,,,,,,,,,,,,,,,,,,,,
Gavin Lux,DH,FA,,,,,,,,,,,,,,,,,,,,,,,,,,,,,,,,,,,,,,,,,,,0.32,1.44,3.6,19.4,80.9
Esteban Gonzalez,OF,FA,,,,,,,,,,,,,,,,,,,,,,,,,,,,,,,,,,,,,,,,,,,,,,,
Efrenyer Narvaez,C,FA,,,,,,,,,,,,,,,,,,,,,,,,,,,,,,,,,,,,,,,,,,,,,,,
Raul Vargas,2B,FA,,,,,,,,,,,,,,,,,,,,,,,,,,,,,,,,,,,,,,,,,,,,,,,
Erick Lugo,LF,FA,,,,,,,,,,,,,,,,,,,,,,,,,,,,,,,,,,,,,,,,,,,,,,,
Jean Santana,2B,FA,,,,,,,,,,,,,,,,,,,,,,,,,,,,,,,,,,,,,,,,,,,,,,,
Ismael Del Rosario,LF,FA,,,,,,,,,,,,,,,,,,,,,,,,,,,,,,,,,,,,,,,,,,,,,,,
Emiliano Galan,LF,FA,,,,,,,,,,,,,,,,,,,,,,,,,,,,,,,,,,,,,,,,,,,,,,,
Jose Castro,LF,FA,,,,,,,,,,,,,,,,,,,,,,,,,,,,,,,,,,,,,,,,,,,,,,,
Ray Leonzi,CF,FA,,,,,,,,,,,,,,,,,,,,,,,,,,,,,,,,,,,,,,,,,,,,,,,
Tyler Payne,C,FA,,,,,,,,,,,,,,,,,,,,,,,,,,,,,,,,,,,,,,,,,,,,,,,
Joaquin Arias Jr.,LF,FA,,,,,,,,,,,,,,,,,,,,,,,,,,,,,,,,,,,,,,,,,,,,,,,
Roderick Arias,SS,FA,,,,,,,,,,,,,,,,,,,,,,,,,,,,,,,,,,,,,,,,,,,,,,,
Jose Marcano,C,FA,,,,,,,,,,,,,,,,,,,,,,,,,,,,,,,,,,,,,,,,,,,,,,,
Elvin Garcia,SS,FA,,,,,,,,,,,,,,,,,,,,,,,,,,,,,,,,,,,,,,,,,,,,,,,
Pedro Leon,RF,FA,,,,,,,,,,,,,,,,,,,,,,,,,,,,,,,,,,,,,,,,,,,,,,,
Haruki Nishikawa,2B,FA,,,,,,,,,,,,,,,,,,,,,,,,,,,,,,,,,,,,,,,,,,,,,,,
Gabriel Rodriguez,SS,FA,,,,,,,,,,,,,,,,,,,,,,,,,,,,,,,,,,,,,,,,,,,,,,,
Cade Doughty,SS,FA,,,,,,,,,,,,,,,,,,,,,,,,,,,,,,,,,,,,,,,,,,,,,,,
Ewry Espinal,LF,FA,,,,,,,,,,,,,,,,,,,,,,,,,,,,,,,,,,,,,,,,,,,,,,,
Thairo Estrada,2B,FA,,,,,,,,,,,,,,,,,,,,,,,,,,,,,,,,,,,,,,,,,,,-1.33,-0.9,3.1,35.2,75.0
Ronaiker Palma,C,FA,,,,,,,,,,,,,,,,,,,,,,,,,,,,,,,,,,,,,,,,,,,,,,,
Triston Casas,1B,T,,,,,,,,,,,,,,,,,,,,,,,,,,,,,,,,,,,,,,,,,,,1.03,1.18,9.7,23.4,83.3
Edwin Amparo,2B,FA,,,,,,,,,,,,,,,,,,,,,,,,,,,,,,,,,,,,,,,,,,,,,,,
Luis Sanchez,3B,FA,,,,,,,,,,,,,,,,,,,,,,,,,,,,,,,,,,,,,,,,,,,,,,,
Ryan McKenna,LF,FA,,,,,,,,,,,,,,,,,,,,,,,,,,,,,,,,,,,,,,,,,,,,,,,
Creed Willems,C,FA,,,,,,,,,,,,,,,,,,,,,,,,,,,,,,,,,,,,,,,,,,,,,,,
Austin Allen,C,FA,,,,,,,,,,,,,,,,,,,,,,,,,,,,,,,,,,,,,,,,,,,,,,,
Ryan Cepero,SS,FA,,,,,,,,,,,,,,,,,,,,,,,,,,,,,,,,,,,,,,,,,,,,,,,
Anson Seibert,3B,FA,,,,,,,,,,,,,,,,,,,,,,,,,,,,,,,,,,,,,,,,,,,,,,,
Miguel Palma,C,FA,,,,,,,,,,,,,,,,,,,,,,,,,,,,,,,,,,,,,,,,,,,,,,,
Junior Franco,LF,FA,,,,,,,,,,,,,,,,,,,,,,,,,,,,,,,,,,,,,,,,,,,,,,,
Blake Mitchell,C,T,,,,,,,,,,,,,,,,,,,,,,,,,,,,,,,,,,,,,,,,,,,,,,,
Mike Jarvis,LF,FA,,,,,,,,,,,,,,,,,,,,,,,,,,,,,,,,,,,,,,,,,,,,,,,
Dillon Head,CF,FA,,,,,,,,,,,,,,,,,,,,,,,,,,,,,,,,,,,,,,,,,,,,,,,
Trey Cabbage,RF,FA,,,,,,,,,,,,,,,,,,,,,,,,,,,,,,,,,,,,,,,,,,,,,,,
Arjun Nimmala,SS,T,,,,,,,,,,,,,,,,,,,,,,,,,,,,,,,,,,,,,,,,,,,,,,,
Natanael Santana,LF,FA,,,,,,,,,,,,,,,,,,,,,,,,,,,,,,,,,,,,,,,,,,,,,,,
Dylan Cupp,SS,FA,,,,,,,,,,,,,,,,,,,,,,,,,,,,,,,,,,,,,,,,,,,,,,,
Jean Ramirez,RF,FA,,,,,,,,,,,,,,,,,,,,,,,,,,,,,,,,,,,,,,,,,,,,,,,
Lorenzo Laurel,3B,FA,,,,,,,,,,,,,,,,,,,,,,,,,,,,,,,,,,,,,,,,,,,,,,,
Colin Houck,SS,FA,,,,,,,,,,,,,,,,,,,,,,,,,,,,,,,,,,,,,,,,,,,,,,,
Paul DeJong,3B,FA,,,,,,,,,,,,,,,,,,,,,,,,,,,,,,,,,,,,,,,,,,,0.61,0.41,10.3,36.8,92.3
Tanner Thach,1B,FA,,,,,,,,,,,,,,,,,,,,,,,,,,,,,,,,,,,,,,,,,,,,,,,
Mark Mathias,2B,FA,,,,,,,,,,,,,,,,,,,,,,,,,,,,,,,,,,,,,,,,,,,,,,,
Mason White,SS,FA,,,,,,,,,,,,,,,,,,,,,,,,,,,,,,,,,,,,,,,,,,,,,,,
Skye Bolt,RF,FA,,,,,,,,,,,,,,,,,,,,,,,,,,,,,,,,,,,,,,,,,,,,,,,
Jaden Rudd,LF,FA,,,,,,,,,,,,,,,,,,,,,,,,,,,,,,,,,,,,,,,,,,,,,,,
Dario Borrero,1B,FA,,,,,,,,,,,,,,,,,,,,,,,,,,,,,,,,,,,,,,,,,,,,,,,
Luis Rodriguez,SS,FA,,,,,,,,,,,,,,,,,,,,,,,,,,,,,,,,,,,,,,,,,,,,,,,
Mason Brassfield,LF,FA,,,,,,,,,,,,,,,,,,,,,,,,,,,,,,,,,,,,,,,,,,,,,,,
Brailer Guerrero,RF,FA,,,,,,,,,,,,,,,,,,,,,,,,,,,,,,,,,,,,,,,,,,,,,,,
Ludwing Espinoza,2B,FA,,,,,,,,,,,,,,,,,,,,,,,,,,,,,,,,,,,,,,,,,,,,,,,
Jeremy Rodriguez,SS,FA,,,,,,,,,,,,,,,,,,,,,,,,,,,,,,,,,,,,,,,,,,,,,,,
Camilo Diaz,3B,FA,,,,,,,,,,,,,,,,,,,,,,,,,,,,,,,,,,,,,,,,,,,,,,,
Felix Morrobel,2B,FA,,,,,,,,,,,,,,,,,,,,,,,,,,,,,,,,,,,,,,,,,,,,,,,
Kay-Lan Nicasia,RF,FA,,,,,,,,,,,,,,,,,,,,,,,,,,,,,,,,,,,,,,,,,,,,,,,
Starlyn Caba,SS,FA,,,,,,,,,,,,,,,,,,,,,,,,,,,,,,,,,,,,,,,,,,,,,,,
Christian Olivo,3B,FA,,,,,,,,,,,,,,,,,,,,,,,,,,,,,,,,,,,,,,,,,,,,,,,
Rayner Arias,LF,FA,,,,,,,,,,,,,,,,,,,,,,,,,,,,,,,,,,,,,,,,,,,,,,,
Franklin Barreto,CF,FA,,,,,,,,,,,,,,,,,,,,,,,,,,,,,,,,,,,,,,,,,,,,,,,
Esmil Valencia,CF,FA,,,,,,,,,,,,,,,,,,,,,,,,,,,,,,,,,,,,,,,,,,,,,,,
Javier Mora,2B,FA,,,,,,,,,,,,,,,,,,,,,,,,,,,,,,,,,,,,,,,,,,,,,,,
Yophery Rodriguez,LF,FA,,,,,,,,,,,,,,,,,,,,,,,,,,,,,,,,,,,,,,,,,,,,,,,
Luis Pineda,C,FA,,,,,,,,,,,,,,,,,,,,,,,,,,,,,,,,,,,,,,,,,,,,,,,
Mike Antico,LF,FA,,,,,,,,,,,,,,,,,,,,,,,,,,,,,,,,,,,,,,,,,,,,,,,
Gian Zapata,RF,FA,,,,,,,,,,,,,,,,,,,,,,,,,,,,,,,,,,,,,,,,,,,,,,,
Cristopher Larez,3B,FA,,,,,,,,,,,,,,,,,,,,,,,,,,,,,,,,,,,,,,,,,,,,,,,
Angel Cepeda,SS,FA,,,,,,,,,,,,,,,,,,,,,,,,,,,,,,,,,,,,,,,,,,,,,,,
Yoeilin Cespedes,2B,T,,,,,,,,,,,,,,,,,,,,,,,,,,,,,,,,,,,,,,,,,,,,,,,
Raymond Mola,1B,FA,,,,,,,,,,,,,,,,,,,,,,,,,,,,,,,,,,,,,,,,,,,,,,,
Arnaldo Lantigua,RF,FA,,,,,,,,,,,,,,,,,,,,,,,,,,,,,,,,,,,,,,,,,,,,,,,
Arnold Prado,RF,FA,,,,,,,,,,,,,,,,,,,,,,,,,,,,,,,,,,,,,,,,,,,,,,,
Robert Calaz,RF,T,,,,,,,,,,,,,,,,,,,,,,,,,,,,,,,,,,,,,,,,,,,,,,,
Anthony Baptist,CF,FA,,,,,,,,,,,,,,,,,,,,,,,,,,,,,,,,,,,,,,,,,,,,,,,
Tony Ruiz,1B,FA,,,,,,,,,,,,,,,,,,,,,,,,,,,,,,,,,,,,,,,,,,,,,,,
Noah Cardenas,C,FA,,,,,,,,,,,,,,,,,,,,,,,,,,,,,,,,,,,,,,,,,,,,,,,
Daiverson Gutierrez,C,FA,,,,,,,,,,,,,,,,,,,,,,,,,,,,,,,,,,,,,,,,,,,,,,,
Welbyn Francisca,SS,FA,,,,,,,,,,,,,,,,,,,,,,,,,,,,,,,,,,,,,,,,,,,,,,,
Filippo Di Turi,3B,FA,,,,,,,,,,,,,,,,,,,,,,,,,,,,,,,,,,,,,,,,,,,,,,,
Luis Guanipa,RF,FA,,,,,,,,,,,,,,,,,,,,,,,,,,,,,,,,,,,,,,,,,,,,,,,
Carlos Silva,C,FA,,,,,,,,,,,,,,,,,,,,,,,,,,,,,,,,,,,,,,,,,,,,,,,
Enrique Jimenez,C,FA,,,,,,,,,,,,,,,,,,,,,,,,,,,,,,,,,,,,,,,,,,,,,,,
Yerlin Luis,LF,FA,,,,,,,,,,,,,,,,,,,,,,,,,,,,,,,,,,,,,,,,,,,,,,,
Kevin Ereu,1B,FA,,,,,,,,,,,,,,,,,,,,,,,,,,,,,,,,,,,,,,,,,,,,,,,
Cole Messina,C,FA,,,,,,,,,,,,,,,,,,,,,,,,,,,,,,,,,,,,,,,,,,,,,,,
Tanner Reaves,2B,FA,,,,,,,,,,,,,,,,,,,,,,,,,,,,,,,,,,,,,,,,,,,,,,,
Misael Mojica,3B,FA,,,,,,,,,,,,,,,,,,,,,,,,,,,,,,,,,,,,,,,,,,,,,,,
Sebastian Castro,RF,FA,,,,,,,,,,,,,,,,,,,,,,,,,,,,,,,,,,,,,,,,,,,,,,,
Nicholas Shumpert,SS,FA,,,,,,,,,,,,,,,,,,,,,,,,,,,,,,,,,,,,,,,,,,,,,,,
Gabriel Cancel,SS,FA,,,,,,,,,,,,,,,,,,,,,,,,,,,,,,,,,,,,,,,,,,,,,,,
Christopher Espinola,CF,FA,,,,,,,,,,,,,,,,,,,,,,,,,,,,,,,,,,,,,,,,,,,,,,,
Austin Callahan,3B,FA,,,,,,,,,,,,,,,,,,,,,,,,,,,,,,,,,,,,,,,,,,,,,,,
Damon Keith,RF,FA,,,,,,,,,,,,,,,,,,,,,,,,,,,,,,,,,,,,,,,,,,,,,,,
Keduar Trujillo,1B,FA,,,,,,,,,,,,,,,,,,,,,,,,,,,,,,,,,,,,,,,,,,,,,,,
Enmanuel Ramirez,RF,FA,,,,,,,,,,,,,,,,,,,,,,,,,,,,,,,,,,,,,,,,,,,,,,,
Victor Ortega,C,FA,,,,,,,,,,,,,,,,,,,,,,,,,,,,,,,,,,,,,,,,,,,,,,,
Francisco Toledo,C,FA,,,,,,,,,,,,,,,,,,,,,,,,,,,,,,,,,,,,,,,,,,,,,,,
Robin Ortiz,CF,FA,,,,,,,,,,,,,,,,,,,,,,,,,,,,,,,,,,,,,,,,,,,,,,,
Sam Kulasingam,2B,FA,,,,,,,,,,,,,,,,,,,,,,,,,,,,,,,,,,,,,,,,,,,,,,,
Sebastian Rojas,RF,FA,,,,,,,,,,,,,,,,,,,,,,,,,,,,,,,,,,,,,,,,,,,,,,,
Jake Hjelle,1B,FA,,,,,,,,,,,,,,,,,,,,,,,,,,,,,,,,,,,,,,,,,,,,,,,
Randy Flores,2B,FA,,,,,,,,,,,,,,,,,,,,,,,,,,,,,,,,,,,,,,,,,,,,,,,
Yairo Padilla,SS,FA,,,,,,,,,,,,,,,,,,,,,,,,,,,,,,,,,,,,,,,,,,,,,,,
Darison Garcia,2B,FA,,,,,,,,,,,,,,,,,,,,,,,,,,,,,,,,,,,,,,,,,,,,,,,
Manni Ramirez,RF,FA,,,,,,,,,,,,,,,,,,,,,,,,,,,,,,,,,,,,,,,,,,,,,,,
Carlos Gonzalez,1B,FA,,,,,,,,,,,,,,,,,,,,,,,,,,,,,,,,,,,,,,,,,,,,,,,
Reminton Batista,CF,FA,,,,,,,,,,,,,,,,,,,,,,,,,,,,,,,,,,,,,,,,,,,,,,,
Carlos Altuve,1B,FA,,,,,,,,,,,,,,,,,,,,,,,,,,,,,,,,,,,,,,,,,,,,,,,
Edwin Rios,3B,FA,,,,,,,,,,,,,,,,,,,,,,,,,,,,,,,,,,,,,,,,,,,,,,,
Daniel Silva,1B,FA,,,,,,,,,,,,,,,,,,,,,,,,,,,,,,,,,,,,,,,,,,,,,,,
Tre Morgan,1B,FA,,,,,,,,,,,,,,,,,,,,,,,,,,,,,,,,,,,,,,,,,,,,,,,
Jace Avina,CF,FA,,,,,,,,,,,,,,,,,,,,,,,,,,,,,,,,,,,,,,,,,,,,,,,
Victor Rodrigues,C,FA,,,,,,,,,,,,,,,,,,,,,,,,,,,,,,,,,,,,,,,,,,,,,,,
Angel Rodriguez,RF,FA,,,,,,,,,,,,,,,,,,,,,,,,,,,,,,,,,,,,,,,,,,,,,,,
Donovan McIntyre,LF,FA,,,,,,,,,,,,,,,,,,,,,,,,,,,,,,,,,,,,,,,,,,,,,,,
Raylin Heredia,RF,FA,,,,,,,,,,,,,,,,,,,,,,,,,,,,,,,,,,,,,,,,,,,,,,,
Wady Mendez,RF,FA,,,,,,,,,,,,,,,,,,,,,,,,,,,,,,,,,,,,,,,,,,,,,,,
Jesus Lopez,C,FA,,,,,,,,,,,,,,,,,,,,,,,,,,,,,,,,,,,,,,,,,,,,,,,
JoJo Blackmon,CF,FA,,,,,,,,,,,,,,,,,,,,,,,,,,,,,,,,,,,,,,,,,,,,,,,
Alex Ulloa,SS,FA,,,,,,,,,,,,,,,,,,,,,,,,,,,,,,,,,,,,,,,,,,,,,,,
Ricardo Pena,C,FA,,,,,,,,,,,,,,,,,,,,,,,,,,,,,,,,,,,,,,,,,,,,,,,
Jancel Villarroel,C,FA,,,,,,,,,,,,,,,,,,,,,,,,,,,,,,,,,,,,,,,,,,,,,,,
Brady Allen,CF,FA,,,,,,,,,,,,,,,,,,,,,,,,,,,,,,,,,,,,,,,,,,,,,,,
Ian Lewis,RF,FA,,,,,,,,,,,,,,,,,,,,,,,,,,,,,,,,,,,,,,,,,,,,,,,
Yhoswar Garcia,LF,FA,,,,,,,,,,,,,,,,,,,,,,,,,,,,,,,,,,,,,,,,,,,,,,,
Milan Tolentino,SS,FA,,,,,,,,,,,,,,,,,,,,,,,,,,,,,,,,,,,,,,,,,,,,,,,
Kobe Kato,2B,FA,,,,,,,,,,,,,,,,,,,,,,,,,,,,,,,,,,,,,,,,,,,,,,,
Blake Rambusch,2B,FA,,,,,,,,,,,,,,,,,,,,,,,,,,,,,,,,,,,,,,,,,,,,,,,
Satchell Norman,C,FA,,,,,,,,,,,,,,,,,,,,,,,,,,,,,,,,,,,,,,,,,,,,,,,
Tommy Sacco Jr.,LF,FA,,,,,,,,,,,,,,,,,,,,,,,,,,,,,,,,,,,,,,,,,,,,,,,
David Martin,C,FA,,,,,,,,,,,,,,,,,,,,,,,,,,,,,,,,,,,,,,,,,,,,,,,
Zach Ehrhard,RF,FA,,,,,,,,,,,,,,,,,,,,,,,,,,,,,,,,,,,,,,,,,,,,,,,
Casey Dana,LF,FA,,,,,,,,,,,,,,,,,,,,,,,,,,,,,,,,,,,,,,,,,,,,,,,
Nick Cimillo,1B,FA,,,,,,,,,,,,,,,,,,,,,,,,,,,,,,,,,,,,,,,,,,,,,,,
E.J. Exposito,3B,FA,,,,,,,,,,,,,,,,,,,,,,,,,,,,,,,,,,,,,,,,,,,,,,,
Jose Izarra,2B,FA,,,,,,,,,,,,,,,,,,,,,,,,,,,,,,,,,,,,,,,,,,,,,,,
James Tibbs III,RF,T,,,,,,,,,,,,,,,,,,,,,,,,,,,,,,,,,,,,,,,,,,,,,,,
Javier Vaz,2B,FA,,,,,,,,,,,,,,,,,,,,,,,,,,,,,,,,,,,,,,,,,,,,,,,
Nomar Diaz,C,FA,,,,,,,,,,,,,,,,,,,,,,,,,,,,,,,,,,,,,,,,,,,,,,,
Trey Lipsey,LF,FA,,,,,,,,,,,,,,,,,,,,,,,,,,,,,,,,,,,,,,,,,,,,,,,
Mike Sirota,CF,T,,,,,,,,,,,,,,,,,,,,,,,,,,,,,,,,,,,,,,,,,,,,,,,
Eliezer Rivero,1B,FA,,,,,,,,,,,,,,,,,,,,,,,,,,,,,,,,,,,,,,,,,,,,,,,
Oswaldo Patino,2B,FA,,,,,,,,,,,,,,,,,,,,,,,,,,,,,,,,,,,,,,,,,,,,,,,
Edward Vargas,RF,FA,,,,,,,,,,,,,,,,,,,,,,,,,,,,,,,,,,,,,,,,,,,,,,,
Rene Pinto,C,FA,,,,,,,,,,,,,,,,,,,,,,,,,,,,,,,,,,,,,,,,,,,,,,,
Andrew Cossetti,C,FA,,,,,,,,,,,,,,,,,,,,,,,,,,,,,,,,,,,,,,,,,,,,,,,
Dario Laverde,C,FA,,,,,,,,,,,,,,,,,,,,,,,,,,,,,,,,,,,,,,,,,,,,,,,
Justin Janas,RF,FA,,,,,,,,,,,,,,,,,,,,,,,,,,,,,,,,,,,,,,,,,,,,,,,
Damon Dues,2B,FA,,,,,,,,,,,,,,,,,,,,,,,,,,,,,,,,,,,,,,,,,,,,,,,
Paxton Kling,CF,FA,,,,,,,,,,,,,,,,,,,,,,,,,,,,,,,,,,,,,,,,,,,,,,,
Jackson Loftin,CF,FA,,,,,,,,,,,,,,,,,,,,,,,,,,,,,,,,,,,,,,,,,,,,,,,
Max Viera,2B,FA,,,,,,,,,,,,,,,,,,,,,,,,,,,,,,,,,,,,,,,,,,,,,,,
Ariel Castro,RF,FA,,,,,,,,,,,,,,,,,,,,,,,,,,,,,,,,,,,,,,,,,,,,,,,
Torin Montgomery,1B,FA,,,,,,,,,,,,,,,,,,,,,,,,,,,,,,,,,,,,,,,,,,,,,,,
Adam Retzbach,C,FA,,,,,,,,,,,,,,,,,,,,,,,,,,,,,,,,,,,,,,,,,,,,,,,
Ryan Sprock,3B,FA,,,,,,,,,,,,,,,,,,,,,,,,,,,,,,,,,,,,,,,,,,,,,,,
Jamaliel Rosado Jr.,SS,FA,,,,,,,,,,,,,,,,,,,,,,,,,,,,,,,,,,,,,,,,,,,,,,,
Tyler Robertson,CF,FA,,,,,,,,,,,,,,,,,,,,,,,,,,,,,,,,,,,,,,,,,,,,,,,
Bryan Rincon,SS,FA,,,,,,,,,,,,,,,,,,,,,,,,,,,,,,,,,,,,,,,,,,,,,,,
Josh Tate,CF,FA,,,,,,,,,,,,,,,,,,,,,,,,,,,,,,,,,,,,,,,,,,,,,,,
Sam Praytor,C,FA,,,,,,,,,,,,,,,,,,,,,,,,,,,,,,,,,,,,,,,,,,,,,,,
Jalin Flores,3B,FA,,,,,,,,,,,,,,,,,,,,,,,,,,,,,,,,,,,,,,,,,,,,,,,
Manuel Cabrera,1B,FA,,,,,,,,,,,,,,,,,,,,,,,,,,,,,,,,,,,,,,,,,,,,,,,
Jonathan Vastine,SS,FA,,,,,,,,,,,,,,,,,,,,,,,,,,,,,,,,,,,,,,,,,,,,,,,
Brennon McNair,LF,FA,,,,,,,,,,,,,,,,,,,,,,,,,,,,,,,,,,,,,,,,,,,,,,,
Bennett Hostetler,C,FA,,,,,,,,,,,,,,,,,,,,,,,,,,,,,,,,,,,,,,,,,,,,,,,
Maikol Orozco,LF,FA,,,,,,,,,,,,,,,,,,,,,,,,,,,,,,,,,,,,,,,,,,,,,,,
Darling Fernandez,RF,FA,,,,,,,,,,,,,,,,,,,,,,,,,,,,,,,,,,,,,,,,,,,,,,,
Freiker Betencourt,CF,FA,,,,,,,,,,,,,,,,,,,,,,,,,,,,,,,,,,,,,,,,,,,,,,,
Alexander Vargas,SS,FA,,,,,,,,,,,,,,,,,,,,,,,,,,,,,,,,,,,,,,,,,,,,,,,
Cristian Perez,CF,FA,,,,,,,,,,,,,,,,,,,,,,,,,,,,,,,,,,,,,,,,,,,,,,,
Diomar Hidalgo,SS,FA,,,,,,,,,,,,,,,,,,,,,,,,,,,,,,,,,,,,,,,,,,,,,,,
Andy Acevedo,CF,FA,,,,,,,,,,,,,,,,,,,,,,,,,,,,,,,,,,,,,,,,,,,,,,,
Edwin Solano,SS,FA,,,,,,,,,,,,,,,,,,,,,,,,,,,,,,,,,,,,,,,,,,,,,,,
Kyle Walker,2B,FA,,,,,,,,,,,,,,,,,,,,,,,,,,,,,,,,,,,,,,,,,,,,,,,
Wilberson De Pena,LF,T,,,,,,,,,,,,,,,,,,,,,,,,,,,,,,,,,,,,,,,,,,,,,,,
Troy Schreffler,LF,FA,,,,,,,,,,,,,,,,,,,,,,,,,,,,,,,,,,,,,,,,,,,,,,,
Jim Haley,2B,FA,,,,,,,,,,,,,,,,,,,,,,,,,,,,,,,,,,,,,,,,,,,,,,,
Joseph Rosa,2B,FA,,,,,,,,,,,,,,,,,,,,,,,,,,,,,,,,,,,,,,,,,,,,,,,
Rixon Wingrove,1B,FA,,,,,,,,,,,,,,,,,,,,,,,,,,,,,,,,,,,,,,,,,,,,,,,
Keston Hiura,1B,FA,,,,,,,,,,,,,,,,,,,,,,,,,,,,,,,,,,,,,,,,,,,,,,,
Logan Tanner,C,FA,,,,,,,,,,,,,,,,,,,,,,,,,,,,,,,,,,,,,,,,,,,,,,,
Wander Franco,SS,FA,,,,,,,,,,,,,,,,,,,,,,,,,,,,,,,,,,,,,,,,,,,,,,,
Cooper Hummel,LF,FA,,,,,,,,,,,,,,,,,,,,,,,,,,,,,,,,,,,,,,,,,,,1.67,1.6,12.1,20.4,84.1
Hunter Bishop,RF,FA,,,,,,,,,,,,,,,,,,,,,,,,,,,,,,,,,,,,,,,,,,,,,,,
James Nelson,LF,FA,,,,,,,,,,,,,,,,,,,,,,,,,,,,,,,,,,,,,,,,,,,,,,,
Colton Ledbetter,RF,FA,,,,,,,,,,,,,,,,,,,,,,,,,,,,,,,,,,,,,,,,,,,,,,,
George Ferguson,3B,FA,,,,,,,,,,,,,,,,,,,,,,,,,,,,,,,,,,,,,,,,,,,,,,,
Taylor Kohlwey,LF,FA,,,,,,,,,,,,,,,,,,,,,,,,,,,,,,,,,,,,,,,,,,,,,,,
Alexander Martinez,C,FA,,,,,,,,,,,,,,,,,,,,,,,,,,,,,,,,,,,,,,,,,,,,,,,
Jonathan Linares,C,FA,,,,,,,,,,,,,,,,,,,,,,,,,,,,,,,,,,,,,,,,,,,,,,,
Mikey Romero,3B,FA,,,,,,,,,,,,,,,,,,,,,,,,,,,,,,,,,,,,,,,,,,,,,,,
Alberto Barriga,C,FA,,,,,,,,,,,,,,,,,,,,,,,,,,,,,,,,,,,,,,,,,,,,,,,
Juan Matheus,3B,FA,,,,,,,,,,,,,,,,,,,,,,,,,,,,,,,,,,,,,,,,,,,,,,,
Edryn Rodriguez,2B,FA,,,,,,,,,,,,,,,,,,,,,,,,,,,,,,,,,,,,,,,,,,,,,,,
Gavin Turley,RF,FA,,,,,,,,,,,,,,,,,,,,,,,,,,,,,,,,,,,,,,,,,,,,,,,
Deion Cole,SS,FA,,,,,,,,,,,,,,,,,,,,,,,,,,,,,,,,,,,,,,,,,,,,,,,
Daniel Pena,C,FA,,,,,,,,,,,,,,,,,,,,,,,,,,,,,,,,,,,,,,,,,,,,,,,
Malcolm Moore,C,FA,,,,,,,,,,,,,,,,,,,,,,,,,,,,,,,,,,,,,,,,,,,,,,,
Modeifi Marte,1B,FA,,,,,,,,,,,,,,,,,,,,,,,,,,,,,,,,,,,,,,,,,,,,,,,
Carlos Vasquez,2B,FA,,,,,,,,,,,,,,,,,,,,,,,,,,,,,,,,,,,,,,,,,,,,,,,
Walker Martin,3B,FA,,,,,,,,,,,,,,,,,,,,,,,,,,,,,,,,,,,,,,,,,,,,,,,
Scott Engler,P,FA,,,,,,,,,,,,,,,,,,,,,,,,,,,,,,,,,,,,,,,,,,,,,,,
Julio Henriquez,1B,FA,,,,,,,,,,,,,,,,,,,,,,,,,,,,,,,,,,,,,,,,,,,,,,,
Tyler Miller,1B,FA,,,,,,,,,,,,,,,,,,,,,,,,,,,,,,,,,,,,,,,,,,,,,,,
Samuel Munoz,LF,FA,,,,,,,,,,,,,,,,,,,,,,,,,,,,,,,,,,,,,,,,,,,,,,,
Engelth Urena,1B,FA,,,,,,,,,,,,,,,,,,,,,,,,,,,,,,,,,,,,,,,,,,,,,,,
Trendon Craig,RF,FA,,,,,,,,,,,,,,,,,,,,,,,,,,,,,,,,,,,,,,,,,,,,,,,
Narciso Polanco,2B,FA,,,,,,,,,,,,,,,,,,,,,,,,,,,,,,,,,,,,,,,,,,,,,,,
Yamvier Carrero,SS,FA,,,,,,,,,,,,,,,,,,,,,,,,,,,,,,,,,,,,,,,,,,,,,,,
Hector Osorio,RF,FA,,,,,,,,,,,,,,,,,,,,,,,,,,,,,,,,,,,,,,,,,,,,,,,
Phillip Sikes,RF,FA,,,,,,,,,,,,,,,,,,,,,,,,,,,,,,,,,,,,,,,,,,,,,,,
Deivis Mosquera,RF,FA,,,,,,,,,,,,,,,,,,,,,,,,,,,,,,,,,,,,,,,,,,,,,,,
Rainer Espinoza,LF,FA,,,,,,,,,,,,,,,,,,,,,,,,,,,,,,,,,,,,,,,,,,,,,,,
Alejandro Nunez,2B,FA,,,,,,,,,,,,,,,,,,,,,,,,,,,,,,,,,,,,,,,,,,,,,,,
Miguel Sosa,LF,FA,,,,,,,,,,,,,,,,,,,,,,,,,,,,,,,,,,,,,,,,,,,,,,,
Alfredo Velasquez,2B,FA,,,,,,,,,,,,,,,,,,,,,,,,,,,,,,,,,,,,,,,,,,,,,,,
Clay Winklaar,LF,FA,,,,,,,,,,,,,,,,,,,,,,,,,,,,,,,,,,,,,,,,,,,,,,,
Jose Medina,1B,FA,,,,,,,,,,,,,,,,,,,,,,,,,,,,,,,,,,,,,,,,,,,,,,,
Pascual Archila,CF,FA,,,,,,,,,,,,,,,,,,,,,,,,,,,,,,,,,,,,,,,,,,,,,,,
Leandro Alsinois,RF,FA,,,,,,,,,,,,,,,,,,,,,,,,,,,,,,,,,,,,,,,,,,,,,,,
Rabel Colon,LF,FA,,,,,,,,,,,,,,,,,,,,,,,,,,,,,,,,,,,,,,,,,,,,,,,
Deinys Gonzalez,C,FA,,,,,,,,,,,,,,,,,,,,,,,,,,,,,,,,,,,,,,,,,,,,,,,
Donny Sands,C,FA,,,,,,,,,,,,,,,,,,,,,,,,,,,,,,,,,,,,,,,,,,,,,,,
Aaron Pinero,3B,FA,,,,,,,,,,,,,,,,,,,,,,,,,,,,,,,,,,,,,,,,,,,,,,,
Vaun Brown,LF,FA,,,,,,,,,,,,,,,,,,,,,,,,,,,,,,,,,,,,,,,,,,,,,,,
Cesar Mujica,C,FA,,,,,,,,,,,,,,,,,,,,,,,,,,,,,,,,,,,,,,,,,,,,,,,
Ben Cowles,SS,FA,,,,,,,,,,,,,,,,,,,,,,,,,,,,,,,,,,,,,,,,,,,,,,,
Andreimi Antunez,SS,FA,,,,,,,,,,,,,,,,,,,,,,,,,,,,,,,,,,,,,,,,,,,,,,,
Andrew Fischer,3B,T,,,,,,,,,,,,,,,,,,,,,,,,,,,,,,,,,,,,,,,,,,,,,,,
Richel Del Rosario,3B,FA,,,,,,,,,,,,,,,,,,,,,,,,,,,,,,,,,,,,,,,,,,,,,,,
Jean Carlos Sio,2B,FA,,,,,,,,,,,,,,,,,,,,,,,,,,,,,,,,,,,,,,,,,,,,,,,
Jesus Pinto,CF,FA,,,,,,,,,,,,,,,,,,,,,,,,,,,,,,,,,,,,,,,,,,,,,,,
Jose Escobar,LF,FA,,,,,,,,,,,,,,,,,,,,,,,,,,,,,,,,,,,,,,,,,,,,,,,
Easton Carmichael,C,FA,,,,,,,,,,,,,,,,,,,,,,,,,,,,,,,,,,,,,,,,,,,,,,,
Arfeni Batista,SS,FA,,,,,,,,,,,,,,,,,,,,,,,,,,,,,,,,,,,,,,,,,,,,,,,
Juan Espinal,RF,FA,,,,,,,,,,,,,,,,,,,,,,,,,,,,,,,,,,,,,,,,,,,,,,,
Max McDowell,C,FA,,,,,,,,,,,,,,,,,,,,,,,,,,,,,,,,,,,,,,,,,,,,,,,
Sam Hilliard,LF,FA,,,,,,,,,,,,,,,,,,,,,,,,,,,,,,,,,,,,,,,,,,,1.46,0.04,17.9,23.3,70.0
Josh Lester,3B,FA,,,,,,,,,,,,,,,,,,,,,,,,,,,,,,,,,,,,,,,,,,,,,,,
Ryan Higgins,3B,FA,,,,,,,,,,,,,,,,,,,,,,,,,,,,,,,,,,,,,,,,,,,,,,,
Brayden Taylor,3B,T,,,,,,,,,,,,,,,,,,,,,,,,,,,,,,,,,,,,,,,,,,,,,,,
Armando Alvarez,3B,FA,,,,,,,,,,,,,,,,,,,,,,,,,,,,,,,,,,,,,,,,,,,,,,,
Anthony Gutierrez,CF,FA,,,,,,,,,,,,,,,,,,,,,,,,,,,,,,,,,,,,,,,,,,,,,,,
Carter Trice,CF,FA,,,,,,,,,,,,,,,,,,,,,,,,,,,,,,,,,,,,,,,,,,,,,,,
Trenton Brooks,LF,FA,,,,,,,,,,,,,,,,,,,,,,,,,,,,,,,,,,,,,,,,,,,0.24,0.56,7.1,27.3,81.3
Seby Zavala,C,FA,,,,,,,,,,,,,,,,,,,,,,,,,,,,,,,,,,,,,,,,,,,,,,,
Erick Bautista,CF,FA,,,,,,,,,,,,,,,,,,,,,,,,,,,,,,,,,,,,,,,,,,,,,,,
Derlin Figueroa,1B,FA,,,,,,,,,,,,,,,,,,,,,,,,,,,,,,,,,,,,,,,,,,,,,,,
Dean Moss,RF,FA,,,,,,,,,,,,,,,,,,,,,,,,,,,,,,,,,,,,,,,,,,,,,,,
Michael Mullinax,RF,FA,,,,,,,,,,,,,,,,,,,,,,,,,,,,,,,,,,,,,,,,,,,,,,,
Matt Beaty,1B,FA,,,,,,,,,,,,,,,,,,,,,,,,,,,,,,,,,,,,,,,,,,,,,,,
Jonny Farmelo,CF,T,,,,,,,,,,,,,,,,,,,,,,,,,,,,,,,,,,,,,,,,,,,,,,,
Ramses Velazquez,LF,FA,,,,,,,,,,,,,,,,,,,,,,,,,,,,,,,,,,,,,,,,,,,,,,,
Juan Mora,2B,FA,,,,,,,,,,,,,,,,,,,,,,,,,,,,,,,,,,,,,,,,,,,,,,,
Shawn Goosenberg,SS,FA,,,,,,,,,,,,,,,,,,,,,,,,,,,,,,,,,,,,,,,,,,,,,,,
Daury Arias,CF,FA,,,,,,,,,,,,,,,,,,,,,,,,,,,,,,,,,,,,,,,,,,,,,,,
Steven Milam,SS,FA,,,,,,,,,,,,,,,,,,,,,,,,,,,,,,,,,,,,,,,,,,,,,,,
Daniel Cuvet,3B,FA,,,,,,,,,,,,,,,,,,,,,,,,,,,,,,,,,,,,,,,,,,,,,,,
Roch Cholowsky,SS,FA,,,,,,,,,,,,,,,,,,,,,,,,,,,,,,,,,,,,,,,,,,,,,,,
Pablo Aliendo,C,FA,,,,,,,,,,,,,,,,,,,,,,,,,,,,,,,,,,,,,,,,,,,,,,,
Eric Bitonti,1B,FA,,,,,,,,,,,,,,,,,,,,,,,,,,,,,,,,,,,,,,,,,,,,,,,
Lyle Lin,C,FA,,,,,,,,,,,,,,,,,,,,,,,,,,,,,,,,,,,,,,,,,,,,,,,
Jorge Ruiz,LF,FA,,,,,,,,,,,,,,,,,,,,,,,,,,,,,,,,,,,,,,,,,,,,,,,
Luis Encarnacion,1B,FA,,,,,,,,,,,,,,,,,,,,,,,,,,,,,,,,,,,,,,,,,,,,,,,
Nick Raposo,C,FA,,,,,,,,,,,,,,,,,,,,,,,,,,,,,,,,,,,,,,,,,,,,,,,
Campbell Smithwick,C,FA,,,,,,,,,,,,,,,,,,,,,,,,,,,,,,,,,,,,,,,,,,,,,,,
Dayan Frias,3B,FA,,,,,,,,,,,,,,,,,,,,,,,,,,,,,,,,,,,,,,,,,,,,,,,
Alexis Hernandez,2B,FA,,,,,,,,,,,,,,,,,,,,,,,,,,,,,,,,,,,,,,,,,,,,,,,
Javier Osorio,3B,FA,,,,,,,,,,,,,,,,,,,,,,,,,,,,,,,,,,,,,,,,,,,,,,,
Gabriel Martinez,RF,FA,,,,,,,,,,,,,,,,,,,,,,,,,,,,,,,,,,,,,,,,,,,,,,,
Freili Encarnacion,3B,FA,,,,,,,,,,,,,,,,,,,,,,,,,,,,,,,,,,,,,,,,,,,,,,,
Freddy Guilamo,C,FA,,,,,,,,,,,,,,,,,,,,,,,,,,,,,,,,,,,,,,,,,,,,,,,
Braylin Tavera,CF,FA,,,,,,,,,,,,,,,,,,,,,,,,,,,,,,,,,,,,,,,,,,,,,,,
Paul McIntosh,C,FA,,,,,,,,,,,,,,,,,,,,,,,,,,,,,,,,,,,,,,,,,,,,,,,
Juan Perez,C,FA,,,,,,,,,,,,,,,,,,,,,,,,,,,,,,,,,,,,,,,,,,,,,,,
Colton Bender,C,FA,,,,,,,,,,,,,,,,,,,,,,,,,,,,,,,,,,,,,,,,,,,,,,,
Won-Bin Cho,CF,FA,,,,,,,,,,,,,,,,,,,,,,,,,,,,,,,,,,,,,,,,,,,,,,,
Braiden Ward,CF,FA,,,,,,,,,,,,,,,,,,,,,,,,,,,,,,,,,,,,,,,,,,,,,,,
Michael Braswell,3B,FA,,,,,,,,,,,,,,,,,,,,,,,,,,,,,,,,,,,,,,,,,,,,,,,
Nic Kent,3B,FA,,,,,,,,,,,,,,,,,,,,,,,,,,,,,,,,,,,,,,,,,,,,,,,
Davis Diaz,C,FA,,,,,,,,,,,,,,,,,,,,,,,,,,,,,,,,,,,,,,,,,,,,,,,
Kenni Gomez,CF,FA,,,,,,,,,,,,,,,,,,,,,,,,,,,,,,,,,,,,,,,,,,,,,,,
Ethan Petry,LF,FA,,,,,,,,,,,,,,,,,,,,,,,,,,,,,,,,,,,,,,,,,,,,,,,
Tyler Tolve,C,FA,,,,,,,,,,,,,,,,,,,,,,,,,,,,,,,,,,,,,,,,,,,,,,,
Franchely Silverio,SS,FA,,,,,,,,,,,,,,,,,,,,,,,,,,,,,,,,,,,,,,,,,,,,,,,
Brenden Dixon,3B,FA,,,,,,,,,,,,,,,,,,,,,,,,,,,,,,,,,,,,,,,,,,,,,,,
Adam Hackenberg,C,FA,,,,,,,,,,,,,,,,,,,,,,,,,,,,,,,,,,,,,,,,,,,,,,,
Xavier Neyens,3B,T,,,,,,,,,,,,,,,,,,,,,,,,,,,,,,,,,,,,,,,,,,,,,,,
Bryce Rainer,SS,T,,,,,,,,,,,,,,,,,,,,,,,,,,,,,,,,,,,,,,,,,,,,,,,
Andre Modungo,3B,FA,,,,,,,,,,,,,,,,,,,,,,,,,,,,,,,,,,,,,,,,,,,,,,,
Tucker Mitchell,C,FA,,,,,,,,,,,,,,,,,,,,,,,,,,,,,,,,,,,,,,,,,,,,,,,
Luke Gold,1B,FA,,,,,,,,,,,,,,,,,,,,,,,,,,,,,,,,,,,,,,,,,,,,,,,
CJ Rodriguez,C,FA,,,,,,,,,,,,,,,,,,,,,,,,,,,,,,,,,,,,,,,,,,,,,,,
Hector Nieves,2B,FA,,,,,,,,,,,,,,,,,,,,,,,,,,,,,,,,,,,,,,,,,,,,,,,
Zach Remillard,3B,FA,,,,,,,,,,,,,,,,,,,,,,,,,,,,,,,,,,,,,,,,,,,,,,,
Jason Delay,C,FA,,,,,,,,,,,,,,,,,,,,,,,,,,,,,,,,,,,,,,,,,,,,,,,
Brock Jones,RF,FA,,,,,,,,,,,,,,,,,,,,,,,,,,,,,,,,,,,,,,,,,,,,,,,
Tommy Specht,RF,FA,,,,,,,,,,,,,,,,,,,,,,,,,,,,,,,,,,,,,,,,,,,,,,,
Fernando Cruz,SS,FA,,,,,,,,,,,,,,,,,,,,,,,,,,,,,,,,,,,,,,,,,,,,,,,
Pablo Reyes,1B,FA,,,,,,,,,,,,,,,,,,,,,,,,,,,,,,,,,,,,,,,,,,,0.16,0.95,4.8,17.5,72.7
Tony Blanco Jr.,1B,T,,,,,,,,,,,,,,,,,,,,,,,,,,,,,,,,,,,,,,,,,,,,,,,
Simon Juan,RF,FA,,,,,,,,,,,,,,,,,,,,,,,,,,,,,,,,,,,,,,,,,,,,,,,
Yasser Mercedes,CF,FA,,,,,,,,,,,,,,,,,,,,,,,,,,,,,,,,,,,,,,,,,,,,,,,
Darick Hall,1B,FA,,,,,,,,,,,,,,,,,,,,,,,,,,,,,,,,,,,,,,,,,,,,,,,
Chris Meyers,1B,FA,,,,,,,,,,,,,,,,,,,,,,,,,,,,,,,,,,,,,,,,,,,,,,,
Jack Suwinski,CF,FA,,,,,,,,,,,,,,,,,,,,,,,,,,,,,,,,,,,,,,,,,,,1.78,1.85,11.8,16.8,82.1
Deric Fabian,SS,FA,,,,,,,,,,,,,,,,,,,,,,,,,,,,,,,,,,,,,,,,,,,,,,,
Garrett Spain,RF,FA,,,,,,,,,,,,,,,,,,,,,,,,,,,,,,,,,,,,,,,,,,,,,,,
Nate Mondou,2B,FA,,,,,,,,,,,,,,,,,,,,,,,,,,,,,,,,,,,,,,,,,,,,,,,
Gavin Guidry,SS,FA,,,,,,,,,,,,,,,,,,,,,,,,,,,,,,,,,,,,,,,,,,,,,,,
Darren Ledford,C,FA,,,,,,,,,,,,,,,,,,,,,,,,,,,,,,,,,,,,,,,,,,,,,,,
Gavin Kilen,SS,FA,,,,,,,,,,,,,,,,,,,,,,,,,,,,,,,,,,,,,,,,,,,,,,,
Justin Turner,1B,FA,,,,,,,,,,,,,,,,,,,,,,,,,,,,,,,,,,,,,,,,,,,-0.65,-0.02,3.7,27.6,75.0
Gavin Collins,C,FA,,,,,,,,,,,,,,,,,,,,,,,,,,,,,,,,,,,,,,,,,,,,,,,
Brady Whalen,1B,FA,,,,,,,,,,,,,,,,,,,,,,,,,,,,,,,,,,,,,,,,,,,,,,,
Cody Thomas,RF,FA,,,,,,,,,,,,,,,,,,,,,,,,,,,,,,,,,,,,,,,,,,,,,,,
Jack Rogers,RF,FA,,,,,,,,,,,,,,,,,,,,,,,,,,,,,,,,,,,,,,,,,,,,,,,
Sean McLain,SS,FA,,,,,,,,,,,,,,,,,,,,,,,,,,,,,,,,,,,,,,,,,,,,,,,
Parker Dunshee,P,FA,,,,,,,,,,,,,,,,,,,,,,,,,,,,,,,,,,,,,,,,,,,,,,,
Quentin Young,SS,FA,,,,,,,,,,,,,,,,,,,,,,,,,,,,,,,,,,,,,,,,,,,,,,,
Christian Knapczyk,2B,FA,,,,,,,,,,,,,,,,,,,,,,,,,,,,,,,,,,,,,,,,,,,,,,,
Rouselle Shepard,SS,FA,,,,,,,,,,,,,,,,,,,,,,,,,,,,,,,,,,,,,,,,,,,,,,,
Mark Kolozsvary,C,FA,,,,,,,,,,,,,,,,,,,,,,,,,,,,,,,,,,,,,,,,,,,,,,,
Mason McCoy,SS,FA,,,,,,,,,,,,,,,,,,,,,,,,,,,,,,,,,,,,,,,,,,,,,,,
Kyle Johnston,P,FA,,,,,,,,,,,,,,,,,,,,,,,,,,,,,,,,,,,,,,,,,,,,,,,
Jacob Wetzel,RF,FA,,,,,,,,,,,,,,,,,,,,,,,,,,,,,,,,,,,,,,,,,,,,,,,
Jhailyn Ortiz,RF,FA,,,,,,,,,,,,,,,,,,,,,,,,,,,,,,,,,,,,,,,,,,,,,,,
Elian Pena,SS,T,,,,,,,,,,,,,,,,,,,,,,,,,,,,,,,,,,,,,,,,,,,,,,,
Noah Bremer,P,FA,,,,,,,,,,,,,,,,,,,,,,,,,,,,,,,,,,,,,,,,,,,,,,,
Justice Bigbie,RF,FA,,,,,,,,,,,,,,,,,,,,,,,,,,,,,,,,,,,,,,,,,,,,,,,
Nick Maton,1B,FA,,,,,,,,,,,,,,,,,,,,,,,,,,,,,,,,,,,,,,,,,,,-0.31,0.06,5.7,26.9,75.0
Angel Tejada,2B,FA,,,,,,,,,,,,,,,,,,,,,,,,,,,,,,,,,,,,,,,,,,,,,,,
Frederick Bencosme,SS,FA,,,,,,,,,,,,,,,,,,,,,,,,,,,,,,,,,,,,,,,,,,,,,,,
Bligh Madris,1B,FA,,,,,,,,,,,,,,,,,,,,,,,,,,,,,,,,,,,,,,,,,,,,,,,
Mark Contreras,CF,FA,,,,,,,,,,,,,,,,,,,,,,,,,,,,,,,,,,,,,,,,,,,,,,,
Sean Bouchard,LF,FA,,,,,,,,,,,,,,,,,,,,,,,,,,,,,,,,,,,,,,,,,,,-0.91,0.4,0.0,25.4,76.9
Josh Gibbs,SS,FA,,,,,,,,,,,,,,,,,,,,,,,,,,,,,,,,,,,,,,,,,,,,,,,
Wyatt Young,2B,FA,,,,,,,,,,,,,,,,,,,,,,,,,,,,,,,,,,,,,,,,,,,,,,,
Shane McGuire,C,FA,,,,,,,,,,,,,,,,,,,,,,,,,,,,,,,,,,,,,,,,,,,,,,,
Max Green,P,FA,,,,,,,,,,,,,,,,,,,,,,,,,,,,,,,,,,,,,,,,,,,,,,,
Rylan Bannon,SS,FA,,,,,,,,,,,,,,,,,,,,,,,,,,,,,,,,,,,,,,,,,,,,,,,
Connor Kokx,CF,FA,,,,,,,,,,,,,,,,,,,,,,,,,,,,,,,,,,,,,,,,,,,,,,,
Miguel Hernandez,3B,FA,,,,,,,,,,,,,,,,,,,,,,,,,,,,,,,,,,,,,,,,,,,,,,,
Nick McLain,CF,FA,,,,,,,,,,,,,,,,,,,,,,,,,,,,,,,,,,,,,,,,,,,,,,,
Leandro Arias,SS,FA,,,,,,,,,,,,,,,,,,,,,,,,,,,,,,,,,,,,,,,,,,,,,,,
Randy De Jesus,RF,FA,,,,,,,,,,,,,,,,,,,,,,,,,,,,,,,,,,,,,,,,,,,,,,,
Kale Fountain,1B,FA,,,,,,,,,,,,,,,,,,,,,,,,,,,,,,,,,,,,,,,,,,,,,,,
Martin Gonzalez,3B,FA,,,,,,,,,,,,,,,,,,,,,,,,,,,,,,,,,,,,,,,,,,,,,,,
Jhonny Severino,3B,FA,,,,,,,,,,,,,,,,,,,,,,,,,,,,,,,,,,,,,,,,,,,,,,,
Yendry Rojas,SS,FA,,,,,,,,,,,,,,,,,,,,,,,,,,,,,,,,,,,,,,,,,,,,,,,
Grant Hussey,1B,FA,,,,,,,,,,,,,,,,,,,,,,,,,,,,,,,,,,,,,,,,,,,,,,,
Chase Harlan,3B,T,,,,,,,,,,,,,,,,,,,,,,,,,,,,,,,,,,,,,,,,,,,,,,,
Garrett Shull,CF,FA,,,,,,,,,,,,,,,,,,,,,,,,,,,,,,,,,,,,,,,,,,,,,,,
Johanfran Garcia,C,FA,,,,,,,,,,,,,,,,,,,,,,,,,,,,,,,,,,,,,,,,,,,,,,,
Do Yeong Kim,3B,FA,,,,,,,,,,,,,,,,,,,,,,,,,,,,,,,,,,,,,,,,,,,,,,,
Anthuan Valencia,LF,FA,,,,,,,,,,,,,,,,,,,,,,,,,,,,,,,,,,,,,,,,,,,,,,,
Vladi Guerrero,1B,FA,,,,,,,,,,,,,,,,,,,,,,,,,,,,,,,,,,,,,,,,,,,,,,,
Fraymi De Leon,2B,FA,,,,,,,,,,,,,,,,,,,,,,,,,,,,,,,,,,,,,,,,,,,,,,,
Victor Izturis,C,FA,,,,,,,,,,,,,,,,,,,,,,,,,,,,,,,,,,,,,,,,,,,,,,,
Rosman Verdugo,3B,FA,,,,,,,,,,,,,,,,,,,,,,,,,,,,,,,,,,,,,,,,,,,,,,,
Adam Hall,LF,FA,,,,,,,,,,,,,,,,,,,,,,,,,,,,,,,,,,,,,,,,,,,,,,,
Nelson Rada,CF,FA,,,,,,,,,,,,,,,,,,,,,,,,,,,,,,,,,,,,,,,,,,,,,,,
Osvaldo Tovalin,3B,FA,,,,,,,,,,,,,,,,,,,,,,,,,,,,,,,,,,,,,,,,,,,,,,,
Jack Winkler,2B,FA,,,,,,,,,,,,,,,,,,,,,,,,,,,,,,,,,,,,,,,,,,,,,,,
Yoffry Solano,2B,FA,,,,,,,,,,,,,,,,,,,,,,,,,,,,,,,,,,,,,,,,,,,,,,,
Spencer Packard,LF,FA,,,,,,,,,,,,,,,,,,,,,,,,,,,,,,,,,,,,,,,,,,,,,,,
J.D. McLaughlin,CF,FA,,,,,,,,,,,,,,,,,,,,,,,,,,,,,,,,,,,,,,,,,,,,,,,
Bohan Adderley,SS,FA,,,,,,,,,,,,,,,,,,,,,,,,,,,,,,,,,,,,,,,,,,,,,,,
Cam Williams,3B,FA,,,,,,,,,,,,,,,,,,,,,,,,,,,,,,,,,,,,,,,,,,,,,,,
Henry Ramos,RF,FA,,,,,,,,,,,,,,,,,,,,,,,,,,,,,,,,,,,,,,,,,,,,,,,
River Town,RF,FA,,,,,,,,,,,,,,,,,,,,,,,,,,,,,,,,,,,,,,,,,,,,,,,
Terrell Tatum,LF,FA,,,,,,,,,,,,,,,,,,,,,,,,,,,,,,,,,,,,,,,,,,,,,,,
Jared Carr,LF,FA,,,,,,,,,,,,,,,,,,,,,,,,,,,,,,,,,,,,,,,,,,,,,,,
Dylan Dreiling,CF,FA,,,,,,,,,,,,,,,,,,,,,,,,,,,,,,,,,,,,,,,,,,,,,,,
Matt Rudick,DH,FA,,,,,,,,,,,,,,,,,,,,,,,,,,,,,,,,,,,,,,,,,,,,,,,
Jay Abernathy,2B,FA,,,,,,,,,,,,,,,,,,,,,,,,,,,,,,,,,,,,,,,,,,,,,,,
Abdias De La Cruz,RF,FA,,,,,,,,,,,,,,,,,,,,,,,,,,,,,,,,,,,,,,,,,,,,,,,
Zander Darby,2B,FA,,,,,,,,,,,,,,,,,,,,,,,,,,,,,,,,,,,,,,,,,,,,,,,
Mac Horvath,RF,FA,,,,,,,,,,,,,,,,,,,,,,,,,,,,,,,,,,,,,,,,,,,,,,,
Cristhian Rodriguez,3B,FA,,,,,,,,,,,,,,,,,,,,,,,,,,,,,,,,,,,,,,,,,,,,,,,
Jose De Jesus,CF,FA,,,,,,,,,,,,,,,,,,,,,,,,,,,,,,,,,,,,,,,,,,,,,,,
Luis Meza,C,FA,,,,,,,,,,,,,,,,,,,,,,,,,,,,,,,,,,,,,,,,,,,,,,,
Yordany De Los Santos,SS,FA,,,,,,,,,,,,,,,,,,,,,,,,,,,,,,,,,,,,,,,,,,,,,,,
Esmith Pineda,RF,FA,,,,,,,,,,,,,,,,,,,,,,,,,,,,,,,,,,,,,,,,,,,,,,,
Canaan Smith-Njigba,LF,FA,,,,,,,,,,,,,,,,,,,,,,,,,,,,,,,,,,,,,,,,,,,,,,,
Richard Ferrer-Westrop,3B,FA,,,,,,,,,,,,,,,,,,,,,,,,,,,,,,,,,,,,,,,,,,,,,,,
Elehuris Montero,1B,FA,,,,,,,,,,,,,,,,,,,,,,,,,,,,,,,,,,,,,,,,,,,,,,,
Lamar Sparks,CF,FA,,,,,,,,,,,,,,,,,,,,,,,,,,,,,,,,,,,,,,,,,,,,,,,
David Banuelos,C,FA,,,,,,,,,,,,,,,,,,,,,,,,,,,,,,,,,,,,,,,,,,,,,,,
Beycker Barroso,C,FA,,,,,,,,,,,,,,,,,,,,,,,,,,,,,,,,,,,,,,,,,,,,,,,
Rafy Peguero,LF,FA,,,,,,,,,,,,,,,,,,,,,,,,,,,,,,,,,,,,,,,,,,,,,,,
Rodolfo Castro,SS,FA,,,,,,,,,,,,,,,,,,,,,,,,,,,,,,,,,,,,,,,,,,,,,,,
Felix Taveras,LF,FA,,,,,,,,,,,,,,,,,,,,,,,,,,,,,,,,,,,,,,,,,,,,,,,
Jesus Freitez,C,FA,,,,,,,,,,,,,,,,,,,,,,,,,,,,,,,,,,,,,,,,,,,,,,,
Jorge Puerta,C,FA,,,,,,,,,,,,,,,,,,,,,,,,,,,,,,,,,,,,,,,,,,,,,,,
Diego Omana,C,FA,,,,,,,,,,,,,,,,,,,,,,,,,,,,,,,,,,,,,,,,,,,,,,,
Daneurys De La Cruz,1B,FA,,,,,,,,,,,,,,,,,,,,,,,,,,,,,,,,,,,,,,,,,,,,,,,
Wally Soto,C,FA,,,,,,,,,,,,,,,,,,,,,,,,,,,,,,,,,,,,,,,,,,,,,,,
Cal Mitchell,RF,FA,,,,,,,,,,,,,,,,,,,,,,,,,,,,,,,,,,,,,,,,,,,,,,,
Drew Ellis,3B,FA,,,,,,,,,,,,,,,,,,,,,,,,,,,,,,,,,,,,,,,,,,,,,,,
Enmanuel Valdez,1B,FA,,,,,,,,,,,,,,,,,,,,,,,,,,,,,,,,,,,,,,,,,,,-0.94,-1.4,8.0,26.6,57.9
Drew Waters,LF,FA,,,,,,,,,,,,,,,,,,,,,,,,,,,,,,,,,,,,,,,,,,,-0.49,0.12,4.1,33.9,85.1
Cristian Arguelles,CF,T,,,,,,,,,,,,,,,,,,,,,,,,,,,,,,,,,,,,,,,,,,,,,,,
Jurdrick Profar,2B,FA,,,,,,,,,,,,,,,,,,,,,,,,,,,,,,,,,,,,,,,,,,,,,,,
Yilber Herrera,3B,FA,,,,,,,,,,,,,,,,,,,,,,,,,,,,,,,,,,,,,,,,,,,,,,,
Walker Janek,C,FA,,,,,,,,,,,,,,,,,,,,,,,,,,,,,,,,,,,,,,,,,,,,,,,
Adan Sanchez,C,FA,,,,,,,,,,,,,,,,,,,,,,,,,,,,,,,,,,,,,,,,,,,,,,,
Rustan Rigdon,SS,FA,,,,,,,,,,,,,,,,,,,,,,,,,,,,,,,,,,,,,,,,,,,,,,,
Johan Barrios,SS,FA,,,,,,,,,,,,,,,,,,,,,,,,,,,,,,,,,,,,,,,,,,,,,,,
Jaison Chourio,CF,T,,,,,,,,,,,,,,,,,,,,,,,,,,,,,,,,,,,,,,,,,,,,,,,
Jeter Downs,3B,FA,,,,,,,,,,,,,,,,,,,,,,,,,,,,,,,,,,,,,,,,,,,,,,,
Braylon Payne,CF,T,,,,,,,,,,,,,,,,,,,,,,,,,,,,,,,,,,,,,,,,,,,,,,,
Antonio Anderson,3B,FA,,,,,,,,,,,,,,,,,,,,,,,,,,,,,,,,,,,,,,,,,,,,,,,
Kyle DeBarge,2B,FA,,,,,,,,,,,,,,,,,,,,,,,,,,,,,,,,,,,,,,,,,,,,,,,
Miguel Villarroel,SS,FA,,,,,,,,,,,,,,,,,,,,,,,,,,,,,,,,,,,,,,,,,,,,,,,
EJ Andrews,RF,FA,,,,,,,,,,,,,,,,,,,,,,,,,,,,,,,,,,,,,,,,,,,,,,,
Jordan Sprinkle,LF,FA,,,,,,,,,,,,,,,,,,,,,,,,,,,,,,,,,,,,,,,,,,,,,,,
Jacob Miller,C,FA,,,,,,,,,,,,,,,,,,,,,,,,,,,,,,,,,,,,,,,,,,,,,,,
Bryan Acuna,3B,FA,,,,,,,,,,,,,,,,,,,,,,,,,,,,,,,,,,,,,,,,,,,,,,,
Alex Binelas,1B,FA,,,,,,,,,,,,,,,,,,,,,,,,,,,,,,,,,,,,,,,,,,,,,,,
Robby Martin,RF,FA,,,,,,,,,,,,,,,,,,,,,,,,,,,,,,,,,,,,,,,,,,,,,,,
Hayden Cantrelle,2B,FA,,,,,,,,,,,,,,,,,,,,,,,,,,,,,,,,,,,,,,,,,,,,,,,
Zach DeLoach,CF,FA,,,,,,,,,,,,,,,,,,,,,,,,,,,,,,,,,,,,,,,,,,,,,,,
Parker Chavers,RF,FA,,,,,,,,,,,,,,,,,,,,,,,,,,,,,,,,,,,,,,,,,,,,,,,
Kevin Villavicencio,3B,FA,,,,,,,,,,,,,,,,,,,,,,,,,,,,,,,,,,,,,,,,,,,,,,,
Isaiah Jackson,CF,FA,,,,,,,,,,,,,,,,,,,,,,,,,,,,,,,,,,,,,,,,,,,,,,,
Johan Rojas,CF,FA,,,,,,,,,,,,,,,,,,,,,,,,,,,,,,,,,,,,,,,,,,,-1.22,-0.81,3.4,38.1,80.0
Gabriel Moncada,1B,FA,,,,,,,,,,,,,,,,,,,,,,,,,,,,,,,,,,,,,,,,,,,,,,,
Michael Sandle,LF,FA,,,,,,,,,,,,,,,,,,,,,,,,,,,,,,,,,,,,,,,,,,,,,,,
Jud Fabian,CF,FA,,,,,,,,,,,,,,,,,,,,,,,,,,,,,,,,,,,,,,,,,,,,,,,
Robert Robertis,LF,FA,,,,,,,,,,,,,,,,,,,,,,,,,,,,,,,,,,,,,,,,,,,,,,,
Carter Kieboom,1B,FA,,,,,,,,,,,,,,,,,,,,,,,,,,,,,,,,,,,,,,,,,,,,,,,
Aeverson Arteaga,SS,FA,,,,,,,,,,,,,,,,,,,,,,,,,,,,,,,,,,,,,,,,,,,,,,,
Jordan Westburg,3B,T,,,,,,,,,,,,,,,,,,,,,,,,,,,,,,,,,,,,,,,,,,,0.84,0.56,11.2,26.5,80.3
Alerick Soularie,SS,FA,,,,,,,,,,,,,,,,,,,,,,,,,,,,,,,,,,,,,,,,,,,,,,,
Gilberto Jimenez,CF,FA,,,,,,,,,,,,,,,,,,,,,,,,,,,,,,,,,,,,,,,,,,,,,,,
Yeral Martinez,1B,FA,,,,,,,,,,,,,,,,,,,,,,,,,,,,,,,,,,,,,,,,,,,,,,,
Logan Cerny,CF,FA,,,,,,,,,,,,,,,,,,,,,,,,,,,,,,,,,,,,,,,,,,,,,,,
Caleb Roberts,LF,FA,,,,,,,,,,,,,,,,,,,,,,,,,,,,,,,,,,,,,,,,,,,,,,,
Jordan McCants,SS,FA,,,,,,,,,,,,,,,,,,,,,,,,,,,,,,,,,,,,,,,,,,,,,,,
Gavin Conticello,RF,FA,,,,,,,,,,,,,,,,,,,,,,,,,,,,,,,,,,,,,,,,,,,,,,,
Cooper Bowman,2B,FA,,,,,,,,,,,,,,,,,,,,,,,,,,,,,,,,,,,,,,,,,,,,,,,
Drew Swift,SS,FA,,,,,,,,,,,,,,,,,,,,,,,,,,,,,,,,,,,,,,,,,,,,,,,
T.J. White,LF,FA,,,,,,,,,,,,,,,,,,,,,,,,,,,,,,,,,,,,,,,,,,,,,,,
Colin Davis,LF,FA,,,,,,,,,,,,,,,,,,,,,,,,,,,,,,,,,,,,,,,,,,,,,,,
Jose De La Cruz,RF,FA,,,,,,,,,,,,,,,,,,,,,,,,,,,,,,,,,,,,,,,,,,,,,,,
Andy Thomas,C,FA,,,,,,,,,,,,,,,,,,,,,,,,,,,,,,,,,,,,,,,,,,,,,,,
Rubel Cespedes,3B,FA,,,,,,,,,,,,,,,,,,,,,,,,,,,,,,,,,,,,,,,,,,,,,,,
Donta Williams,CF,FA,,,,,,,,,,,,,,,,,,,,,,,,,,,,,,,,,,,,,,,,,,,,,,,
Luis Rives,LF,FA,,,,,,,,,,,,,,,,,,,,,,,,,,,,,,,,,,,,,,,,,,,,,,,
Hyungchan Um,C,FA,,,,,,,,,,,,,,,,,,,,,,,,,,,,,,,,,,,,,,,,,,,,,,,
Daniel Mateo,CF,FA,,,,,,,,,,,,,,,,,,,,,,,,,,,,,,,,,,,,,,,,,,,,,,,
Gleider Figuereo,3B,FA,,,,,,,,,,,,,,,,,,,,,,,,,,,,,,,,,,,,,,,,,,,,,,,
Jake Brown,RF,FA,,,,,,,,,,,,,,,,,,,,,,,,,,,,,,,,,,,,,,,,,,,,,,,
P.J. Moutzouridis,SS,FA,,,,,,,,,,,,,,,,,,,,,,,,,,,,,,,,,,,,,,,,,,,,,,,
Eric Becker,2B,FA,,,,,,,,,,,,,,,,,,,,,,,,,,,,,,,,,,,,,,,,,,,,,,,
Alex Sosa,C,FA,,,,,,,,,,,,,,,,,,,,,,,,,,,,,,,,,,,,,,,,,,,,,,,
Austin Murr,LF,FA,,,,,,,,,,,,,,,,,,,,,,,,,,,,,,,,,,,,,,,,,,,,,,,
Quincy Hamilton,RF,FA,,,,,,,,,,,,,,,,,,,,,,,,,,,,,,,,,,,,,,,,,,,,,,,
Riley Tirotta,3B,FA,,,,,,,,,,,,,,,,,,,,,,,,,,,,,,,,,,,,,,,,,,,,,,,
Gavin Gallaher,3B,FA,,,,,,,,,,,,,,,,,,,,,,,,,,,,,,,,,,,,,,,,,,,,,,,
Justin Lebron,SS,FA,,,,,,,,,,,,,,,,,,,,,,,,,,,,,,,,,,,,,,,,,,,,,,,
Nolan Souza,2B,FA,,,,,,,,,,,,,,,,,,,,,,,,,,,,,,,,,,,,,,,,,,,,,,,
Luis Parababire,C,FA,,,,,,,,,,,,,,,,,,,,,,,,,,,,,,,,,,,,,,,,,,,,,,,
Yoxander Benitez,LF,FA,,,,,,,,,,,,,,,,,,,,,,,,,,,,,,,,,,,,,,,,,,,,,,,
Conner Capel,RF,FA,,,,,,,,,,,,,,,,,,,,,,,,,,,,,,,,,,,,,,,,,,,,,,,
"Jr., Ernesto Martinez",1B,FA,,,,,,,,,,,,,,,,,,,,,,,,,,,,,,,,,,,,,,,,,,,,,,,
Abraham Toro,3B,FA,,,,,,,,,,,,,,,,,,,,,,,,,,,,,,,,,,,,,,,,,,,-1.22,-1.05,4.5,34.9,72.9
Dakota Jordan,CF,FA,,,,,,,,,,,,,,,,,,,,,,,,,,,,,,,,,,,,,,,,,,,,,,,
Luis Aviles,SS,FA,,,,,,,,,,,,,,,,,,,,,,,,,,,,,,,,,,,,,,,,,,,,,,,
Leo De Vries,SS,T,,,,,,,,,,,,,,,,,,,,,,,,,,,,,,,,,,,,,,,,,,,,,,,
Maximo Acosta,SS,FA,,,,,,,,,,,,,,,,,,,,,,,,,,,,,,,,,,,,,,,,,,,1.35,0.83,13.5,25.0,81.3
Cristian Benavides,SS,FA,,,,,,,,,,,,,,,,,,,,,,,,,,,,,,,,,,,,,,,,,,,,,,,
Cavan Biggio,RF,FA,,,,,,,,,,,,,,,,,,,,,,,,,,,,,,,,,,,,,,,,,,,0.25,1.25,4.0,17.7,76.5
Kayson Cunningham,SS,T,,,,,,,,,,,,,,,,,,,,,,,,,,,,,,,,,,,,,,,,,,,,,,,
Nick Goodwin,2B,FA,,,,,,,,,,,,,,,,,,,,,,,,,,,,,,,,,,,,,,,,,,,,,,,
Shugo Maki,2B,FA,,,,,,,,,,,,,,,,,,,,,,,,,,,,,,,,,,,,,,,,,,,,,,,
Jose Perdomo,SS,FA,,,,,,,,,,,,,,,,,,,,,,,,,,,,,,,,,,,,,,,,,,,,,,,
Ashton Larson,CF,FA,,,,,,,,,,,,,,,,,,,,,,,,,,,,,,,,,,,,,,,,,,,,,,,
Dillon Tatum,C,FA,,,,,,,,,,,,,,,,,,,,,,,,,,,,,,,,,,,,,,,,,,,,,,,
Nazzan Zanetello,2B,FA,,,,,,,,,,,,,,,,,,,,,,,,,,,,,,,,,,,,,,,,,,,,,,,
Homer Bush Jr.,CF,FA,,,,,,,,,,,,,,,,,,,,,,,,,,,,,,,,,,,,,,,,,,,,,,,
Joshua Palacios,RF,FA,,,,,,,,,,,,,,,,,,,,,,,,,,,,,,,,,,,,,,,,,,,0.56,0.7,8.7,28.2,84.1
Tim Borden,1B,FA,,,,,,,,,,,,,,,,,,,,,,,,,,,,,,,,,,,,,,,,,,,,,,,
Angel Mateo,RF,FA,,,,,,,,,,,,,,,,,,,,,,,,,,,,,,,,,,,,,,,,,,,,,,,
Wilman Diaz,2B,FA,,,,,,,,,,,,,,,,,,,,,,,,,,,,,,,,,,,,,,,,,,,,,,,
Hunter Renfroe,RF,FA,,,,,,,,,,,,,,,,,,,,,,,,,,,,,,,,,,,,,,,,,,,-0.97,-1.06,6.3,25.8,60.7
Drew Burress,CF,FA,,,,,,,,,,,,,,,,,,,,,,,,,,,,,,,,,,,,,,,,,,,,,,,
Bryson Brigman,2B,FA,,,,,,,,,,,,,,,,,,,,,,,,,,,,,,,,,,,,,,,,,,,,,,,
Will Gasparino,CF,FA,,,,,,,,,,,,,,,,,,,,,,,,,,,,,,,,,,,,,,,,,,,,,,,
Jose Miranda,3B,FA,,,,,,,,,,,,,,,,,,,,,,,,,,,,,,,,,,,,,,,,,,,,,,,
Akil Baddoo,LF,FA,,,,,,,,,,,,,,,,,,,,,,,,,,,,,,,,,,,,,,,,,,,,,,,
Mario Feliciano,C,FA,,,,,,,,,,,,,,,,,,,,,,,,,,,,,,,,,,,,,,,,,,,,,,,
Garrett Hampson,2B,FA,,,,,,,,,,,,,,,,,,,,,,,,,,,,,,,,,,,,,,,,,,,-1.11,-0.34,2.0,23.1,65.4
Nick Hernandez,P,FA,,,,,,,,,,,,,,,,,,,,,,,,,,,,,,,,,,,,,,,,,,,,,,,
Dermis Garcia,1B,FA,,,,,,,,,,,,,,,,,,,,,,,,,,,,,,,,,,,,,,,,,,,,,,,
Alessandro Duran,1B,FA,,,,,,,,,,,,,,,,,,,,,,,,,,,,,,,,,,,,,,,,,,,,,,,
Darlyn De Leon,CF,FA,,,,,,,,,,,,,,,,,,,,,,,,,,,,,,,,,,,,,,,,,,,,,,,
Diomedes Hernandez,C,FA,,,,,,,,,,,,,,,,,,,,,,,,,,,,,,,,,,,,,,,,,,,,,,,
Junior Quezada,CF,FA,,,,,,,,,,,,,,,,,,,,,,,,,,,,,,,,,,,,,,,,,,,,,,,
Jeffry Rosa,LF,FA,,,,,,,,,,,,,,,,,,,,,,,,,,,,,,,,,,,,,,,,,,,,,,,
Erick Alvarez,LF,FA,,,,,,,,,,,,,,,,,,,,,,,,,,,,,,,,,,,,,,,,,,,,,,,
Nick Gordon,2B,FA,,,,,,,,,,,,,,,,,,,,,,,,,,,,,,,,,,,,,,,,,,,,,,,
Josias Ramirez,1B,FA,,,,,,,,,,,,,,,,,,,,,,,,,,,,,,,,,,,,,,,,,,,,,,,
Ross Highfill,C,FA,,,,,,,,,,,,,,,,,,,,,,,,,,,,,,,,,,,,,,,,,,,,,,,
Jace LaViolette,CF,T,,,,,,,,,,,,,,,,,,,,,,,,,,,,,,,,,,,,,,,,,,,,,,,
Wilmer Difo,2B,FA,,,,,,,,,,,,,,,,,,,,,,,,,,,,,,,,,,,,,,,,,,,,,,,
Korbyn Dickerson,CF,FA,,,,,,,,,,,,,,,,,,,,,,,,,,,,,,,,,,,,,,,,,,,,,,,
Luke Heyman,C,FA,,,,,,,,,,,,,,,,,,,,,,,,,,,,,,,,,,,,,,,,,,,,,,,
Payton Henry,C,FA,,,,,,,,,,,,,,,,,,,,,,,,,,,,,,,,,,,,,,,,,,,,,,,
Alex Harrington,SS,FA,,,,,,,,,,,,,,,,,,,,,,,,,,,,,,,,,,,,,,,,,,,,,,,
Ralphy Velazquez,1B,T,,,,,,,,,,,,,,,,,,,,,,,,,,,,,,,,,,,,,,,,,,,,,,,
Brady Harris,SS,FA,,,,,,,,,,,,,,,,,,,,,,,,,,,,,,,,,,,,,,,,,,,,,,,
Austin Nye,C,FA,,,,,,,,,,,,,,,,,,,,,,,,,,,,,,,,,,,,,,,,,,,,,,,
Errol Robinson,SS,FA,,,,,,,,,,,,,,,,,,,,,,,,,,,,,,,,,,,,,,,,,,,,,,,
Cade Kurland,SS,FA,,,,,,,,,,,,,,,,,,,,,,,,,,,,,,,,,,,,,,,,,,,,,,,
Jace Bohrofen,RF,FA,,,,,,,,,,,,,,,,,,,,,,,,,,,,,,,,,,,,,,,,,,,,,,,
Patrick Winkel,C,FA,,,,,,,,,,,,,,,,,,,,,,,,,,,,,,,,,,,,,,,,,,,,,,,
Charles Leblanc,2B,FA,,,,,,,,,,,,,,,,,,,,,,,,,,,,,,,,,,,,,,,,,,,,,,,
Daniel McElveny,C,FA,,,,,,,,,,,,,,,,,,,,,,,,,,,,,,,,,,,,,,,,,,,,,,,
Kevin Guerrero,CF,FA,,,,,,,,,,,,,,,,,,,,,,,,,,,,,,,,,,,,,,,,,,,,,,,
Edward Duran,C,FA,,,,,,,,,,,,,,,,,,,,,,,,,,,,,,,,,,,,,,,,,,,,,,,
Willy Vasquez,RF,FA,,,,,,,,,,,,,,,,,,,,,,,,,,,,,,,,,,,,,,,,,,,,,,,
Cristian Hernandez,SS,FA,,,,,,,,,,,,,,,,,,,,,,,,,,,,,,,,,,,,,,,,,,,,,,,
Andy Yerzy,C,FA,,,,,,,,,,,,,,,,,,,,,,,,,,,,,,,,,,,,,,,,,,,,,,,
Nolan Jones,RF,FA,,,,,,,,,,,,,,,,,,,,,,,,,,,,,,,,,,,,,,,,,,,0.08,0.0,8.6,26.7,74.1
Jose Herrera,C,FA,,,,,,,,,,,,,,,,,,,,,,,,,,,,,,,,,,,,,,,,,,,-0.41,0.97,0.8,15.5,70.3
Kade Kern,RF,FA,,,,,,,,,,,,,,,,,,,,,,,,,,,,,,,,,,,,,,,,,,,,,,,
Luke Voit,1B,FA,,,,,,,,,,,,,,,,,,,,,,,,,,,,,,,,,,,,,,,,,,,,,,,
Gavin Grahovac,1B,FA,,,,,,,,,,,,,,,,,,,,,,,,,,,,,,,,,,,,,,,,,,,,,,,
Max McGwire,1B,FA,,,,,,,,,,,,,,,,,,,,,,,,,,,,,,,,,,,,,,,,,,,,,,,
Luis Guillorme,3B,FA,,,,,,,,,,,,,,,,,,,,,,,,,,,,,,,,,,,,,,,,,,,,,,,
Albertson Asigen,LF,FA,,,,,,,,,,,,,,,,,,,,,,,,,,,,,,,,,,,,,,,,,,,,,,,
Chris Suero,C,FA,,,,,,,,,,,,,,,,,,,,,,,,,,,,,,,,,,,,,,,,,,,,,,,
Jean Walters,2B,FA,,,,,,,,,,,,,,,,,,,,,,,,,,,,,,,,,,,,,,,,,,,,,,,
Aaron McKeithan,C,FA,,,,,,,,,,,,,,,,,,,,,,,,,,,,,,,,,,,,,,,,,,,,,,,
Danny Corona,SS,FA,,,,,,,,,,,,,,,,,,,,,,,,,,,,,,,,,,,,,,,,,,,,,,,
Ryder Helfrick,C,FA,,,,,,,,,,,,,,,,,,,,,,,,,,,,,,,,,,,,,,,,,,,,,,,
Aidan Keenan,SS,FA,,,,,,,,,,,,,,,,,,,,,,,,,,,,,,,,,,,,,,,,,,,,,,,
Jacob Walsh,1B,FA,,,,,,,,,,,,,,,,,,,,,,,,,,,,,,,,,,,,,,,,,,,,,,,
Adrian Placencia,2B,FA,,,,,,,,,,,,,,,,,,,,,,,,,,,,,,,,,,,,,,,,,,,,,,,
Reginald Preciado,3B,FA,,,,,,,,,,,,,,,,,,,,,,,,,,,,,,,,,,,,,,,,,,,,,,,
Jose Pastrano,SS,FA,,,,,,,,,,,,,,,,,,,,,,,,,,,,,,,,,,,,,,,,,,,,,,,
Jose Salas,2B,FA,,,,,,,,,,,,,,,,,,,,,,,,,,,,,,,,,,,,,,,,,,,,,,,
DAngelo Ortiz,1B,FA,,,,,,,,,,,,,,,,,,,,,,,,,,,,,,,,,,,,,,,,,,,,,,,
Omar Narvaez,C,FA,,,,,,,,,,,,,,,,,,,,,,,,,,,,,,,,,,,,,,,,,,,,,,,
Carlos Caro,2B,FA,,,,,,,,,,,,,,,,,,,,,,,,,,,,,,,,,,,,,,,,,,,,,,,
Ariel Antigua,SS,FA,,,,,,,,,,,,,,,,,,,,,,,,,,,,,,,,,,,,,,,,,,,,,,,
Brendan Jones,CF,FA,,,,,,,,,,,,,,,,,,,,,,,,,,,,,,,,,,,,,,,,,,,,,,,
Joshwan Wright,2B,FA,,,,,,,,,,,,,,,,,,,,,,,,,,,,,,,,,,,,,,,,,,,,,,,
Ricardo Genoves,C,FA,,,,,,,,,,,,,,,,,,,,,,,,,,,,,,,,,,,,,,,,,,,,,,,
Erik Gonzalez,SS,FA,,,,,,,,,,,,,,,,,,,,,,,,,,,,,,,,,,,,,,,,,,,,,,,
Brock Sell,CF,FA,,,,,,,,,,,,,,,,,,,,,,,,,,,,,,,,,,,,,,,,,,,,,,,
Duke Ellis,LF,FA,,,,,,,,,,,,,,,,,,,,,,,,,,,,,,,,,,,,,,,,,,,,,,,
Edgar Jimenez,1B,FA,,,,,,,,,,,,,,,,,,,,,,,,,,,,,,,,,,,,,,,,,,,,,,,
Diego Flores,1B,FA,,,,,,,,,,,,,,,,,,,,,,,,,,,,,,,,,,,,,,,,,,,,,,,
JT Mabry,2B,FA,,,,,,,,,,,,,,,,,,,,,,,,,,,,,,,,,,,,,,,,,,,,,,,
Kevin Watson,CF,FA,,,,,,,,,,,,,,,,,,,,,,,,,,,,,,,,,,,,,,,,,,,,,,,
A.J. Labas,P,FA,,,,,,,,,,,,,,,,,,,,,,,,,,,,,,,,,,,,,,,,,,,,,,,
Randy Martinez,1B,FA,,,,,,,,,,,,,,,,,,,,,,,,,,,,,,,,,,,,,,,,,,,,,,,
Geury Estevez,SS,FA,,,,,,,,,,,,,,,,,,,,,,,,,,,,,,,,,,,,,,,,,,,,,,,
Jared Grindlinger,LF,FA,,,,,,,,,,,,,,,,,,,,,,,,,,,,,,,,,,,,,,,,,,,,,,,
Omar Hernandez,C,FA,,,,,,,,,,,,,,,,,,,,,,,,,,,,,,,,,,,,,,,,,,,,,,,
Luiyin Alastre,LF,FA,,,,,,,,,,,,,,,,,,,,,,,,,,,,,,,,,,,,,,,,,,,,,,,
Mason Martin,CF,FA,,,,,,,,,,,,,,,,,,,,,,,,,,,,,,,,,,,,,,,,,,,,,,,
A.J. Gracia,RF,FA,,,,,,,,,,,,,,,,,,,,,,,,,,,,,,,,,,,,,,,,,,,,,,,
Yerlin Confidan,RF,FA,,,,,,,,,,,,,,,,,,,,,,,,,,,,,,,,,,,,,,,,,,,,,,,
Henry Ford,3B,FA,,,,,,,,,,,,,,,,,,,,,,,,,,,,,,,,,,,,,,,,,,,,,,,
Wuinder Torres,C,FA,,,,,,,,,,,,,,,,,,,,,,,,,,,,,,,,,,,,,,,,,,,,,,,
Kendrick Herrera,SS,FA,,,,,,,,,,,,,,,,,,,,,,,,,,,,,,,,,,,,,,,,,,,,,,,
Nathaniel Palacios,1B,FA,,,,,,,,,,,,,,,,,,,,,,,,,,,,,,,,,,,,,,,,,,,,,,,
Amauri Ramirez,RF,FA,,,,,,,,,,,,,,,,,,,,,,,,,,,,,,,,,,,,,,,,,,,,,,,
Jose Cerice,3B,FA,,,,,,,,,,,,,,,,,,,,,,,,,,,,,,,,,,,,,,,,,,,,,,,
Daniel Flames,2B,FA,,,,,,,,,,,,,,,,,,,,,,,,,,,,,,,,,,,,,,,,,,,,,,,
Edward Guribe,3B,FA,,,,,,,,,,,,,,,,,,,,,,,,,,,,,,,,,,,,,,,,,,,,,,,
Edwin Brito,LF,FA,,,,,,,,,,,,,,,,,,,,,,,,,,,,,,,,,,,,,,,,,,,,,,,
Estivel Morillo,CF,FA,,,,,,,,,,,,,,,,,,,,,,,,,,,,,,,,,,,,,,,,,,,,,,,
Eriel Dihigo,3B,FA,,,,,,,,,,,,,,,,,,,,,,,,,,,,,,,,,,,,,,,,,,,,,,,
Greylin De La Paz,3B,FA,,,,,,,,,,,,,,,,,,,,,,,,,,,,,,,,,,,,,,,,,,,,,,,
Jose Castro,RF,FA,,,,,,,,,,,,,,,,,,,,,,,,,,,,,,,,,,,,,,,,,,,,,,,
Caleb Bolden,P,FA,,,,,,,,,,,,,,,,,,,,,,,,,,,,,,,,,,,,,,,,,,,,,,,
Alan Trejo,3B,FA,,,,,,,,,,,,,,,,,,,,,,,,,,,,,,,,,,,,,,,,,,,0.67,0.87,8.6,33.3,92.9
Grant Knipp,C,FA,,,,,,,,,,,,,,,,,,,,,,,,,,,,,,,,,,,,,,,,,,,,,,,
Jesus Valdez,3B,FA,,,,,,,,,,,,,,,,,,,,,,,,,,,,,,,,,,,,,,,,,,,,,,,
Adrian Sugastey,C,FA,,,,,,,,,,,,,,,,,,,,,,,,,,,,,,,,,,,,,,,,,,,,,,,
Brayan Amoroso,1B,FA,,,,,,,,,,,,,,,,,,,,,,,,,,,,,,,,,,,,,,,,,,,,,,,
Erick De La Cruz,CF,FA,,,,,,,,,,,,,,,,,,,,,,,,,,,,,,,,,,,,,,,,,,,,,,,
Christofer Reyes,2B,FA,,,,,,,,,,,,,,,,,,,,,,,,,,,,,,,,,,,,,,,,,,,,,,,
Jesus Marquez,1B,FA,,,,,,,,,,,,,,,,,,,,,,,,,,,,,,,,,,,,,,,,,,,,,,,
Donovan Casey,RF,FA,,,,,,,,,,,,,,,,,,,,,,,,,,,,,,,,,,,,,,,,,,,,,,,
Queni Pineda,C,FA,,,,,,,,,,,,,,,,,,,,,,,,,,,,,,,,,,,,,,,,,,,,,,,
Carlos Villarroel,C,FA,,,,,,,,,,,,,,,,,,,,,,,,,,,,,,,,,,,,,,,,,,,,,,,
Browm Martinez,LF,FA,,,,,,,,,,,,,,,,,,,,,,,,,,,,,,,,,,,,,,,,,,,,,,,
Carlos Rodriguez,C,FA,,,,,,,,,,,,,,,,,,,,,,,,,,,,,,,,,,,,,,,,,,,,,,,
Dilan Medina,CF,FA,,,,,,,,,,,,,,,,,,,,,,,,,,,,,,,,,,,,,,,,,,,,,,,
Remy Veldhuisen,1B,FA,,,,,,,,,,,,,,,,,,,,,,,,,,,,,,,,,,,,,,,,,,,,,,,
Diego Gonzalez,1B,FA,,,,,,,,,,,,,,,,,,,,,,,,,,,,,,,,,,,,,,,,,,,,,,,
Abrahan Gutierrez,C,FA,,,,,,,,,,,,,,,,,,,,,,,,,,,,,,,,,,,,,,,,,,,,,,,
Estivenzon Montero,RF,FA,,,,,,,,,,,,,,,,,,,,,,,,,,,,,,,,,,,,,,,,,,,,,,,
Carlos Colmenarez,3B,FA,,,,,,,,,,,,,,,,,,,,,,,,,,,,,,,,,,,,,,,,,,,,,,,
Oswaldo Linares,C,FA,,,,,,,,,,,,,,,,,,,,,,,,,,,,,,,,,,,,,,,,,,,,,,,
Dauri Fernandez,SS,FA,,,,,,,,,,,,,,,,,,,,,,,,,,,,,,,,,,,,,,,,,,,,,,,
Yaisel Ramos,CF,FA,,,,,,,,,,,,,,,,,,,,,,,,,,,,,,,,,,,,,,,,,,,,,,,
Irving Lopez,2B,FA,,,,,,,,,,,,,,,,,,,,,,,,,,,,,,,,,,,,,,,,,,,,,,,
Frankie Tostado,RF,FA,,,,,,,,,,,,,,,,,,,,,,,,,,,,,,,,,,,,,,,,,,,,,,,
Kellon Lindsey,SS,FA,,,,,,,,,,,,,,,,,,,,,,,,,,,,,,,,,,,,,,,,,,,,,,,
Korry Howell,CF,FA,,,,,,,,,,,,,,,,,,,,,,,,,,,,,,,,,,,,,,,,,,,,,,,
Adrian Pinto,2B,FA,,,,,,,,,,,,,,,,,,,,,,,,,,,,,,,,,,,,,,,,,,,,,,,
Junior Tilien,LF,FA,,,,,,,,,,,,,,,,,,,,,,,,,,,,,,,,,,,,,,,,,,,,,,,
Blake Barthol,3B,FA,,,,,,,,,,,,,,,,,,,,,,,,,,,,,,,,,,,,,,,,,,,,,,,
Domingo Batista,RF,FA,,,,,,,,,,,,,,,,,,,,,,,,,,,,,,,,,,,,,,,,,,,,,,,
Erik Ostberg,C,FA,,,,,,,,,,,,,,,,,,,,,,,,,,,,,,,,,,,,,,,,,,,,,,,
Brendan Lawson,3B,FA,,,,,,,,,,,,,,,,,,,,,,,,,,,,,,,,,,,,,,,,,,,,,,,
Dean Curley,SS,FA,,,,,,,,,,,,,,,,,,,,,,,,,,,,,,,,,,,,,,,,,,,,,,,
Diego Castillo,SS,FA,,,,,,,,,,,,,,,,,,,,,,,,,,,,,,,,,,,,,,,,,,,,,,,
Gionti Turner,2B,FA,,,,,,,,,,,,,,,,,,,,,,,,,,,,,,,,,,,,,,,,,,,,,,,
David Hensley,RF,FA,,,,,,,,,,,,,,,,,,,,,,,,,,,,,,,,,,,,,,,,,,,,,,,
Jose Alpuria,CF,FA,,,,,,,,,,,,,,,,,,,,,,,,,,,,,,,,,,,,,,,,,,,,,,,
Lucas Ramirez,RF,FA,,,,,,,,,,,,,,,,,,,,,,,,,,,,,,,,,,,,,,,,,,,,,,,
Jose Suarez,RF,FA,,,,,,,,,,,,,,,,,,,,,,,,,,,,,,,,,,,,,,,,,,,,,,,
Yojackson Laya,SS,FA,,,,,,,,,,,,,,,,,,,,,,,,,,,,,,,,,,,,,,,,,,,,,,,
Jackson Castillo,LF,FA,,,,,,,,,,,,,,,,,,,,,,,,,,,,,,,,,,,,,,,,,,,,,,,
Justin Connell,LF,FA,,,,,,,,,,,,,,,,,,,,,,,,,,,,,,,,,,,,,,,,,,,,,,,
Jacob Amaya,SS,FA,,,,,,,,,,,,,,,,,,,,,,,,,,,,,,,,,,,,,,,,,,,-1.71,-0.79,0.0,24.4,61.9
Chase Brunson,CF,FA,,,,,,,,,,,,,,,,,,,,,,,,,,,,,,,,,,,,,,,,,,,,,,,
Ryne Farber,SS,FA,,,,,,,,,,,,,,,,,,,,,,,,,,,,,,,,,,,,,,,,,,,,,,,
JeVon Ward,RF,FA,,,,,,,,,,,,,,,,,,,,,,,,,,,,,,,,,,,,,,,,,,,,,,,
Adriander Mejia,C,FA,,,,,,,,,,,,,,,,,,,,,,,,,,,,,,,,,,,,,,,,,,,,,,,
Christian Saez,1B,FA,,,,,,,,,,,,,,,,,,,,,,,,,,,,,,,,,,,,,,,,,,,,,,,
Evan Estevez,1B,FA,,,,,,,,,,,,,,,,,,,,,,,,,,,,,,,,,,,,,,,,,,,,,,,
Israfell Bautista,CF,FA,,,,,,,,,,,,,,,,,,,,,,,,,,,,,,,,,,,,,,,,,,,,,,,
Roldy Brito,CF,T,,,,,,,,,,,,,,,,,,,,,,,,,,,,,,,,,,,,,,,,,,,,,,,
Tavano Baker,LF,FA,,,,,,,,,,,,,,,,,,,,,,,,,,,,,,,,,,,,,,,,,,,,,,,
Ryan Noda,1B,FA,,,,,,,,,,,,,,,,,,,,,,,,,,,,,,,,,,,,,,,,,,,1.33,1.85,8.7,19.5,85.7
Jason Torres,3B,FA,,,,,,,,,,,,,,,,,,,,,,,,,,,,,,,,,,,,,,,,,,,,,,,
Jake Books,LF,FA,,,,,,,,,,,,,,,,,,,,,,,,,,,,,,,,,,,,,,,,,,,,,,,
Frederi Montero,3B,FA,,,,,,,,,,,,,,,,,,,,,,,,,,,,,,,,,,,,,,,,,,,,,,,
TJ Pompey,SS,FA,,,,,,,,,,,,,,,,,,,,,,,,,,,,,,,,,,,,,,,,,,,,,,,
Handelfry Encarnacion,CF,FA,,,,,,,,,,,,,,,,,,,,,,,,,,,,,,,,,,,,,,,,,,,,,,,
Harold Cortijo,P,FA,,,,,,,,,,,,,,,,,,,,,,,,,,,,,,,,,,,,,,,,,,,,,,,
Jan Mercado,C,FA,,,,,,,,,,,,,,,,,,,,,,,,,,,,,,,,,,,,,,,,,,,,,,,
Narciso Crook,RF,FA,,,,,,,,,,,,,,,,,,,,,,,,,,,,,,,,,,,,,,,,,,,,,,,
Alex Verdugo,LF,FA,,,,,,,,,,,,,,,,,,,,,,,,,,,,,,,,,,,,,,,,,,,-2.03,-1.93,3.0,21.4,44.8
Mike Tauchman,RF,FA,,,,,,,,,,,,,,,,,,,,,,,,,,,,,,,,,,,,,,,,,,,0.55,1.1,6.8,23.8,82.8
Forrest Wall,CF,FA,,,,,,,,,,,,,,,,,,,,,,,,,,,,,,,,,,,,,,,,,,,,,,,
Willie Calhoun,DH,FA,,,,,,,,,,,,,,,,,,,,,,,,,,,,,,,,,,,,,,,,,,,,,,,
Reese McGuire,C,FA,,,,,,,,,,,,,,,,,,,,,,,,,,,,,,,,,,,,,,,,,,,-0.49,-0.98,9.2,38.3,78.3
Kristian Robinson,CF,FA,,,,,,,,,,,,,,,,,,,,,,,,,,,,,,,,,,,,,,,,,,,,,,,
Chance Sisco,C,FA,,,,,,,,,,,,,,,,,,,,,,,,,,,,,,,,,,,,,,,,,,,,,,,
Shane Matheny,1B,FA,,,,,,,,,,,,,,,,,,,,,,,,,,,,,,,,,,,,,,,,,,,,,,,
Reivaj Garcia,2B,FA,,,,,,,,,,,,,,,,,,,,,,,,,,,,,,,,,,,,,,,,,,,,,,,
Elian Soto,1B,FA,,,,,,,,,,,,,,,,,,,,,,,,,,,,,,,,,,,,,,,,,,,,,,,
Dustin Peterson,RF,FA,,,,,,,,,,,,,,,,,,,,,,,,,,,,,,,,,,,,,,,,,,,,,,,
Riley Unroe,RF,FA,,,,,,,,,,,,,,,,,,,,,,,,,,,,,,,,,,,,,,,,,,,,,,,
Tim Anderson,2B,FA,,,,,,,,,,,,,,,,,,,,,,,,,,,,,,,,,,,,,,,,,,,-1.26,-0.12,0.0,36.5,85.7
Skyler Messinger,3B,FA,,,,,,,,,,,,,,,,,,,,,,,,,,,,,,,,,,,,,,,,,,,,,,,
Jancarlos Cintron,SS,FA,,,,,,,,,,,,,,,,,,,,,,,,,,,,,,,,,,,,,,,,,,,,,,,
Alex Valverde,P,FA,,,,,,,,,,,,,,,,,,,,,,,,,,,,,,,,,,,,,,,,,,,,,,,
Chas McCormick,LF,FA,,,,,,,,,,,,,,,,,,,,,,,,,,,,,,,,,,,,,,,,,,,-0.6,-0.32,5.4,38.2,85.7
Jheremy Vargas,2B,FA,,,,,,,,,,,,,,,,,,,,,,,,,,,,,,,,,,,,,,,,,,,,,,,
Luis Durango,LF,FA,,,,,,,,,,,,,,,,,,,,,,,,,,,,,,,,,,,,,,,,,,,,,,,
Michael Chavis,3B,FA,,,,,,,,,,,,,,,,,,,,,,,,,,,,,,,,,,,,,,,,,,,,,,,
Pablo Guerrero,1B,FA,,,,,,,,,,,,,,,,,,,,,,,,,,,,,,,,,,,,,,,,,,,,,,,
Marty Costes,LF,FA,,,,,,,,,,,,,,,,,,,,,,,,,,,,,,,,,,,,,,,,,,,,,,,
Dom Nunez,C,FA,,,,,,,,,,,,,,,,,,,,,,,,,,,,,,,,,,,,,,,,,,,,,,,
Chad Wallach,C,FA,,,,,,,,,,,,,,,,,,,,,,,,,,,,,,,,,,,,,,,,,,,,,,,
Ronny Hernandez,C,FA,,,,,,,,,,,,,,,,,,,,,,,,,,,,,,,,,,,,,,,,,,,,,,,
Billy McKinney,RF,FA,,,,,,,,,,,,,,,,,,,,,,,,,,,,,,,,,,,,,,,,,,,,,,,
Christian Arroyo,1B,FA,,,,,,,,,,,,,,,,,,,,,,,,,,,,,,,,,,,,,,,,,,,,,,,
Luis Gonzalez,RF,FA,,,,,,,,,,,,,,,,,,,,,,,,,,,,,,,,,,,,,,,,,,,,,,,
Jakson Reetz,C,FA,,,,,,,,,,,,,,,,,,,,,,,,,,,,,,,,,,,,,,,,,,,,,,,
Jordan Luplow,RF,FA,,,,,,,,,,,,,,,,,,,,,,,,,,,,,,,,,,,,,,,,,,,,,,,
Patrick Lee,RF,FA,,,,,,,,,,,,,,,,,,,,,,,,,,,,,,,,,,,,,,,,,,,,,,,
Aldo Gaxiola,3B,FA,,,,,,,,,,,,,,,,,,,,,,,,,,,,,,,,,,,,,,,,,,,,,,,
Saul Gomez,1B,FA,,,,,,,,,,,,,,,,,,,,,,,,,,,,,,,,,,,,,,,,,,,,,,,
Andry Batista,RF,FA,,,,,,,,,,,,,,,,,,,,,,,,,,,,,,,,,,,,,,,,,,,,,,,
Tre Phelps,RF,FA,,,,,,,,,,,,,,,,,,,,,,,,,,,,,,,,,,,,,,,,,,,,,,,
Luke Gaffney,1B,FA,,,,,,,,,,,,,,,,,,,,,,,,,,,,,,,,,,,,,,,,,,,,,,,
Cesar Lugo,LF,FA,,,,,,,,,,,,,,,,,,,,,,,,,,,,,,,,,,,,,,,,,,,,,,,
Sam Petersen,CF,FA,,,,,,,,,,,,,,,,,,,,,,,,,,,,,,,,,,,,,,,,,,,,,,,
Boris Sarduy,LF,FA,,,,,,,,,,,,,,,,,,,,,,,,,,,,,,,,,,,,,,,,,,,,,,,
Enyel Rosario,3B,FA,,,,,,,,,,,,,,,,,,,,,,,,,,,,,,,,,,,,,,,,,,,,,,,
Nathan Flewelling,C,T,,,,,,,,,,,,,,,,,,,,,,,,,,,,,,,,,,,,,,,,,,,,,,,
Khadim Diaw,C,FA,,,,,,,,,,,,,,,,,,,,,,,,,,,,,,,,,,,,,,,,,,,,,,,
Nick Torres,RF,FA,,,,,,,,,,,,,,,,,,,,,,,,,,,,,,,,,,,,,,,,,,,,,,,
Yeiferth Castillo,LF,FA,,,,,,,,,,,,,,,,,,,,,,,,,,,,,,,,,,,,,,,,,,,,,,,
Edward Florentino,CF,T,,,,,,,,,,,,,,,,,,,,,,,,,,,,,,,,,,,,,,,,,,,,,,,
Geuri Lubo,RF,FA,,,,,,,,,,,,,,,,,,,,,,,,,,,,,,,,,,,,,,,,,,,,,,,
Manuel De Cesare,1B,FA,,,,,,,,,,,,,,,,,,,,,,,,,,,,,,,,,,,,,,,,,,,,,,,
Justin Gonzales,RF,T,,,,,,,,,,,,,,,,,,,,,,,,,,,,,,,,,,,,,,,,,,,,,,,
Kevin Garcia,C,FA,,,,,,,,,,,,,,,,,,,,,,,,,,,,,,,,,,,,,,,,,,,,,,,
Juan Martinez,CF,FA,,,,,,,,,,,,,,,,,,,,,,,,,,,,,,,,,,,,,,,,,,,,,,,
Albert Alberto,RF,FA,,,,,,,,,,,,,,,,,,,,,,,,,,,,,,,,,,,,,,,,,,,,,,,
Geyber Blanco,2B,FA,,,,,,,,,,,,,,,,,,,,,,,,,,,,,,,,,,,,,,,,,,,,,,,
Joan Delgado,RF,FA,,,,,,,,,,,,,,,,,,,,,,,,,,,,,,,,,,,,,,,,,,,,,,,
Alexander Benua,LF,FA,,,,,,,,,,,,,,,,,,,,,,,,,,,,,,,,,,,,,,,,,,,,,,,
Rintaro Sasaki,1B,FA,,,,,,,,,,,,,,,,,,,,,,,,,,,,,,,,,,,,,,,,,,,,,,,
Rainer Nunez,1B,FA,,,,,,,,,,,,,,,,,,,,,,,,,,,,,,,,,,,,,,,,,,,,,,,
Yohander Martinez,SS,FA,,,,,,,,,,,,,,,,,,,,,,,,,,,,,,,,,,,,,,,,,,,,,,,
Brandon Compton,LF,T,,,,,,,,,,,,,,,,,,,,,,,,,,,,,,,,,,,,,,,,,,,,,,,
Daniel Jackson,C,FA,,,,,,,,,,,,,,,,,,,,,,,,,,,,,,,,,,,,,,,,,,,,,,,
Jesus Alexander,1B,FA,,,,,,,,,,,,,,,,,,,,,,,,,,,,,,,,,,,,,,,,,,,,,,,
Isan Diaz,SS,FA,,,,,,,,,,,,,,,,,,,,,,,,,,,,,,,,,,,,,,,,,,,,,,,
Miguel Perez,LF,FA,,,,,,,,,,,,,,,,,,,,,,,,,,,,,,,,,,,,,,,,,,,,,,,
Christopher Alvarado,3B,FA,,,,,,,,,,,,,,,,,,,,,,,,,,,,,,,,,,,,,,,,,,,,,,,
Jahir Marin,C,FA,,,,,,,,,,,,,,,,,,,,,,,,,,,,,,,,,,,,,,,,,,,,,,,
Jesus Lugo,LF,FA,,,,,,,,,,,,,,,,,,,,,,,,,,,,,,,,,,,,,,,,,,,,,,,
Carlos Rondon,C,FA,,,,,,,,,,,,,,,,,,,,,,,,,,,,,,,,,,,,,,,,,,,,,,,
Casey Opitz,C,FA,,,,,,,,,,,,,,,,,,,,,,,,,,,,,,,,,,,,,,,,,,,,,,,
Anthony Servideo,3B,FA,,,,,,,,,,,,,,,,,,,,,,,,,,,,,,,,,,,,,,,,,,,,,,,
Mark Payton,LF,FA,,,,,,,,,,,,,,,,,,,,,,,,,,,,,,,,,,,,,,,,,,,,,,,
Brandon Fields,CF,FA,,,,,,,,,,,,,,,,,,,,,,,,,,,,,,,,,,,,,,,,,,,,,,,
Cayden Wallace,3B,FA,,,,,,,,,,,,,,,,,,,,,,,,,,,,,,,,,,,,,,,,,,,,,,,
Corey Collins,1B,FA,,,,,,,,,,,,,,,,,,,,,,,,,,,,,,,,,,,,,,,,,,,,,,,
Carlos Perez,C,FA,,,,,,,,,,,,,,,,,,,,,,,,,,,,,,,,,,,,,,,,,,,,,,,
Gregori Arias,SS,FA,,,,,,,,,,,,,,,,,,,,,,,,,,,,,,,,,,,,,,,,,,,,,,,
Colby Halter,2B,FA,,,,,,,,,,,,,,,,,,,,,,,,,,,,,,,,,,,,,,,,,,,,,,,
Juan Santander,1B,FA,,,,,,,,,,,,,,,,,,,,,,,,,,,,,,,,,,,,,,,,,,,,,,,
Jhoangel Suarez,3B,FA,,,,,,,,,,,,,,,,,,,,,,,,,,,,,,,,,,,,,,,,,,,,,,,
DAndre Smith,RF,FA,,,,,,,,,,,,,,,,,,,,,,,,,,,,,,,,,,,,,,,,,,,,,,,
RJ Austin,2B,FA,,,,,,,,,,,,,,,,,,,,,,,,,,,,,,,,,,,,,,,,,,,,,,,
Chris Hacopian,3B,FA,,,,,,,,,,,,,,,,,,,,,,,,,,,,,,,,,,,,,,,,,,,,,,,
Jeral Toledo,2B,FA,,,,,,,,,,,,,,,,,,,,,,,,,,,,,,,,,,,,,,,,,,,,,,,
Caden Bogenpohl,CF,FA,,,,,,,,,,,,,,,,,,,,,,,,,,,,,,,,,,,,,,,,,,,,,,,
Drew Bowser,3B,FA,,,,,,,,,,,,,,,,,,,,,,,,,,,,,,,,,,,,,,,,,,,,,,,
Carson Tucker,2B,FA,,,,,,,,,,,,,,,,,,,,,,,,,,,,,,,,,,,,,,,,,,,,,,,
Enrique Bradfield Jr.,CF,FA,,,,,,,,,,,,,,,,,,,,,,,,,,,,,,,,,,,,,,,,,,,,,,,
Chase Davis,CF,FA,,,,,,,,,,,,,,,,,,,,,,,,,,,,,,,,,,,,,,,,,,,,,,,
Kevin Parada,C,FA,,,,,,,,,,,,,,,,,,,,,,,,,,,,,,,,,,,,,,,,,,,,,,,
Isaiah Greene,LF,FA,,,,,,,,,,,,,,,,,,,,,,,,,,,,,,,,,,,,,,,,,,,,,,,
Kalai Rosario,RF,FA,,,,,,,,,,,,,,,,,,,,,,,,,,,,,,,,,,,,,,,,,,,,,,,
Tyler Gentry,RF,FA,,,,,,,,,,,,,,,,,,,,,,,,,,,,,,,,,,,,,,,,,,,,,,,
Kale Emshoff,C,FA,,,,,,,,,,,,,,,,,,,,,,,,,,,,,,,,,,,,,,,,,,,,,,,
Kevin Robledo,C,FA,,,,,,,,,,,,,,,,,,,,,,,,,,,,,,,,,,,,,,,,,,,,,,,
Engel Paulino,CF,FA,,,,,,,,,,,,,,,,,,,,,,,,,,,,,,,,,,,,,,,,,,,,,,,
David Calabrese,LF,FA,,,,,,,,,,,,,,,,,,,,,,,,,,,,,,,,,,,,,,,,,,,,,,,
Niko Kavadas,1B,FA,,,,,,,,,,,,,,,,,,,,,,,,,,,,,,,,,,,,,,,,,,,,,,,
Kevin Roberts Jr.,CF,FA,,,,,,,,,,,,,,,,,,,,,,,,,,,,,,,,,,,,,,,,,,,,,,,
Anthony Sosa,1B,FA,,,,,,,,,,,,,,,,,,,,,,,,,,,,,,,,,,,,,,,,,,,,,,,
Andres Torres,C,FA,,,,,,,,,,,,,,,,,,,,,,,,,,,,,,,,,,,,,,,,,,,,,,,
Ace Daigle,1B,FA,,,,,,,,,,,,,,,,,,,,,,,,,,,,,,,,,,,,,,,,,,,,,,,
A.J. Vukovich,LF,FA,,,,,,,,,,,,,,,,,,,,,,,,,,,,,,,,,,,,,,,,,,,,,,,
Trent Palmer,P,FA,,,,,,,,,,,,,,,,,,,,,,,,,,,,,,,,,,,,,,,,,,,,,,,
Juan Araujo,2B,FA,,,,,,,,,,,,,,,,,,,,,,,,,,,,,,,,,,,,,,,,,,,,,,,
Sammy Infante,3B,FA,,,,,,,,,,,,,,,,,,,,,,,,,,,,,,,,,,,,,,,,,,,,,,,
Steven Ondina,LF,FA,,,,,,,,,,,,,,,,,,,,,,,,,,,,,,,,,,,,,,,,,,,,,,,
Yassel Pino,1B,FA,,,,,,,,,,,,,,,,,,,,,,,,,,,,,,,,,,,,,,,,,,,,,,,
Terrin Vavra,RF,FA,,,,,,,,,,,,,,,,,,,,,,,,,,,,,,,,,,,,,,,,,,,,,,,
Christian Gonzalez,RF,FA,,,,,,,,,,,,,,,,,,,,,,,,,,,,,,,,,,,,,,,,,,,,,,,
Zavier Warren,1B,FA,,,,,,,,,,,,,,,,,,,,,,,,,,,,,,,,,,,,,,,,,,,,,,,
Isaac Moscote,2B,FA,,,,,,,,,,,,,,,,,,,,,,,,,,,,,,,,,,,,,,,,,,,,,,,
Jesus Rodriguez,LF,FA,,,,,,,,,,,,,,,,,,,,,,,,,,,,,,,,,,,,,,,,,,,,,,,
Luke Waddell,SS,FA,,,,,,,,,,,,,,,,,,,,,,,,,,,,,,,,,,,,,,,,,,,,,,,
Jimmy Glowenke,SS,FA,,,,,,,,,,,,,,,,,,,,,,,,,,,,,,,,,,,,,,,,,,,,,,,
Jacob Teter,1B,FA,,,,,,,,,,,,,,,,,,,,,,,,,,,,,,,,,,,,,,,,,,,,,,,
Cole Foster,3B,FA,,,,,,,,,,,,,,,,,,,,,,,,,,,,,,,,,,,,,,,,,,,,,,,
Elijah Dunham,RF,FA,,,,,,,,,,,,,,,,,,,,,,,,,,,,,,,,,,,,,,,,,,,,,,,
Greg Allen,CF,FA,,,,,,,,,,,,,,,,,,,,,,,,,,,,,,,,,,,,,,,,,,,,,,,
Enmanuel Corniel,CF,FA,,,,,,,,,,,,,,,,,,,,,,,,,,,,,,,,,,,,,,,,,,,,,,,
Brian OKeefe,C,FA,,,,,,,,,,,,,,,,,,,,,,,,,,,,,,,,,,,,,,,,,,,,,,,
Frainner Chirinos,3B,FA,,,,,,,,,,,,,,,,,,,,,,,,,,,,,,,,,,,,,,,,,,,,,,,
Angel Garcia,RF,FA,,,,,,,,,,,,,,,,,,,,,,,,,,,,,,,,,,,,,,,,,,,,,,,
Cleudis Valenzuela,2B,FA,,,,,,,,,,,,,,,,,,,,,,,,,,,,,,,,,,,,,,,,,,,,,,,
Jhoan Peguero,RF,FA,,,,,,,,,,,,,,,,,,,,,,,,,,,,,,,,,,,,,,,,,,,,,,,
Peson Revierre,LF,FA,,,,,,,,,,,,,,,,,,,,,,,,,,,,,,,,,,,,,,,,,,,,,,,
Noah Myers,LF,FA,,,,,,,,,,,,,,,,,,,,,,,,,,,,,,,,,,,,,,,,,,,,,,,
Rainiel Rodriguez,C,T,,,,,,,,,,,,,,,,,,,,,,,,,,,,,,,,,,,,,,,,,,,,,,,
Kevin Padlo,1B,FA,,,,,,,,,,,,,,,,,,,,,,,,,,,,,,,,,,,,,,,,,,,,,,,
Luis Corobo,C,FA,,,,,,,,,,,,,,,,,,,,,,,,,,,,,,,,,,,,,,,,,,,,,,,
Tyson Lewis,SS,T,,,,,,,,,,,,,,,,,,,,,,,,,,,,,,,,,,,,,,,,,,,,,,,
Wyatt Sanford,SS,T,,,,,,,,,,,,,,,,,,,,,,,,,,,,,,,,,,,,,,,,,,,,,,,
Fenwick Trimble,CF,FA,,,,,,,,,,,,,,,,,,,,,,,,,,,,,,,,,,,,,,,,,,,,,,,
Tyler Wade,SS,FA,,,,,,,,,,,,,,,,,,,,,,,,,,,,,,,,,,,,,,,,,,,-0.7,0.71,0.0,26.4,81.8
Griffin Burkholder,RF,FA,,,,,,,,,,,,,,,,,,,,,,,,,,,,,,,,,,,,,,,,,,,,,,,
Ryan Campos,C,FA,,,,,,,,,,,,,,,,,,,,,,,,,,,,,,,,,,,,,,,,,,,,,,,
Jack Reinheimer,SS,FA,,,,,,,,,,,,,,,,,,,,,,,,,,,,,,,,,,,,,,,,,,,,,,,
Yamir Mendieta,OF,FA,,,,,,,,,,,,,,,,,,,,,,,,,,,,,,,,,,,,,,,,,,,,,,,
Luis Escudero,2B,FA,,,,,,,,,,,,,,,,,,,,,,,,,,,,,,,,,,,,,,,,,,,,,,,
Luke Dickerson,SS,FA,,,,,,,,,,,,,,,,,,,,,,,,,,,,,,,,,,,,,,,,,,,,,,,
Marco Dinges,C,T,,,,,,,,,,,,,,,,,,,,,,,,,,,,,,,,,,,,,,,,,,,,,,,
Angel Nieto,C,FA,,,,,,,,,,,,,,,,,,,,,,,,,,,,,,,,,,,,,,,,,,,,,,,
Eddie Rynders,3B,FA,,,,,,,,,,,,,,,,,,,,,,,,,,,,,,,,,,,,,,,,,,,,,,,
Nick Mitchell,CF,FA,,,,,,,,,,,,,,,,,,,,,,,,,,,,,,,,,,,,,,,,,,,,,,,
Randal Diaz,2B,FA,,,,,,,,,,,,,,,,,,,,,,,,,,,,,,,,,,,,,,,,,,,,,,,
Juneiker Caceres,RF,T,,,,,,,,,,,,,,,,,,,,,,,,,,,,,,,,,,,,,,,,,,,,,,,
Alexi Quiroz,C,FA,,,,,,,,,,,,,,,,,,,,,,,,,,,,,,,,,,,,,,,,,,,,,,,
Javier Herrera,LF,FA,,,,,,,,,,,,,,,,,,,,,,,,,,,,,,,,,,,,,,,,,,,,,,,
Jirvin Morillo,C,FA,,,,,,,,,,,,,,,,,,,,,,,,,,,,,,,,,,,,,,,,,,,,,,,
Joe Gray,CF,FA,,,,,,,,,,,,,,,,,,,,,,,,,,,,,,,,,,,,,,,,,,,,,,,
Carlos Tavares,1B,FA,,,,,,,,,,,,,,,,,,,,,,,,,,,,,,,,,,,,,,,,,,,,,,,
Hector Campusano,2B,FA,,,,,,,,,,,,,,,,,,,,,,,,,,,,,,,,,,,,,,,,,,,,,,,
Ezequiel Pena,2B,FA,,,,,,,,,,,,,,,,,,,,,,,,,,,,,,,,,,,,,,,,,,,,,,,
Claudio Finol,3B,FA,,,,,,,,,,,,,,,,,,,,,,,,,,,,,,,,,,,,,,,,,,,,,,,
Diorland Zambrano,1B,FA,,,,,,,,,,,,,,,,,,,,,,,,,,,,,,,,,,,,,,,,,,,,,,,
Leandro Cedeno,1B,FA,,,,,,,,,,,,,,,,,,,,,,,,,,,,,,,,,,,,,,,,,,,,,,,
Tyler Rodriguez,LF,FA,,,,,,,,,,,,,,,,,,,,,,,,,,,,,,,,,,,,,,,,,,,,,,,
Yunior Quezada,CF,FA,,,,,,,,,,,,,,,,,,,,,,,,,,,,,,,,,,,,,,,,,,,,,,,
Zion Rose,CF,FA,,,,,,,,,,,,,,,,,,,,,,,,,,,,,,,,,,,,,,,,,,,,,,,
Max Belyeu,RF,FA,,,,,,,,,,,,,,,,,,,,,,,,,,,,,,,,,,,,,,,,,,,,,,,
Avinson Pinto,SS,FA,,,,,,,,,,,,,,,,,,,,,,,,,,,,,,,,,,,,,,,,,,,,,,,
Marek Houston,SS,T,,,,,,,,,,,,,,,,,,,,,,,,,,,,,,,,,,,,,,,,,,,,,,,
Brendan Summerhill,CF,FA,,,,,,,,,,,,,,,,,,,,,,,,,,,,,,,,,,,,,,,,,,,,,,,
Juan Ortuno,2B,FA,,,,,,,,,,,,,,,,,,,,,,,,,,,,,,,,,,,,,,,,,,,,,,,
Eduardo Ponce,C,FA,,,,,,,,,,,,,,,,,,,,,,,,,,,,,,,,,,,,,,,,,,,,,,,
Easton Winfield,LF,FA,,,,,,,,,,,,,,,,,,,,,,,,,,,,,,,,,,,,,,,,,,,,,,,
Stone Garrett,LF,FA,,,,,,,,,,,,,,,,,,,,,,,,,,,,,,,,,,,,,,,,,,,,,,,
Jeanfranco Rodriguez,C,FA,,,,,,,,,,,,,,,,,,,,,,,,,,,,,,,,,,,,,,,,,,,,,,,
Johan Gomez,C,FA,,,,,,,,,,,,,,,,,,,,,,,,,,,,,,,,,,,,,,,,,,,,,,,
Jacob Nottingham,C,FA,,,,,,,,,,,,,,,,,,,,,,,,,,,,,,,,,,,,,,,,,,,,,,,
Jared Thomas,LF,T,,,,,,,,,,,,,,,,,,,,,,,,,,,,,,,,,,,,,,,,,,,,,,,
Edgardo De Leon,1B,FA,,,,,,,,,,,,,,,,,,,,,,,,,,,,,,,,,,,,,,,,,,,,,,,
Eliecer Mendoza,C,FA,,,,,,,,,,,,,,,,,,,,,,,,,,,,,,,,,,,,,,,,,,,,,,,
Yadier Fuentes,C,FA,,,,,,,,,,,,,,,,,,,,,,,,,,,,,,,,,,,,,,,,,,,,,,,
Seiya Yokoyama,SS,FA,,,,,,,,,,,,,,,,,,,,,,,,,,,,,,,,,,,,,,,,,,,,,,,
Kyle Garlick,LF,FA,,,,,,,,,,,,,,,,,,,,,,,,,,,,,,,,,,,,,,,,,,,,,,,
Armando Cruz,2B,FA,,,,,,,,,,,,,,,,,,,,,,,,,,,,,,,,,,,,,,,,,,,,,,,
Daniel Dickinson,2B,FA,,,,,,,,,,,,,,,,,,,,,,,,,,,,,,,,,,,,,,,,,,,,,,,
Jeferson Morales,LF,FA,,,,,,,,,,,,,,,,,,,,,,,,,,,,,,,,,,,,,,,,,,,,,,,
Javier Rivas,SS,FA,,,,,,,,,,,,,,,,,,,,,,,,,,,,,,,,,,,,,,,,,,,,,,,
Kelvin Diaz,2B,FA,,,,,,,,,,,,,,,,,,,,,,,,,,,,,,,,,,,,,,,,,,,,,,,
Austin Shenton,3B,FA,,,,,,,,,,,,,,,,,,,,,,,,,,,,,,,,,,,,,,,,,,,,,,,
Will Holland,SS,FA,,,,,,,,,,,,,,,,,,,,,,,,,,,,,,,,,,,,,,,,,,,,,,,
Eduarqui Fernandez,RF,FA,,,,,,,,,,,,,,,,,,,,,,,,,,,,,,,,,,,,,,,,,,,,,,,
Dominic Fletcher,RF,FA,,,,,,,,,,,,,,,,,,,,,,,,,,,,,,,,,,,,,,,,,,,-0.38,0.47,3.3,35.3,90.9
Payton Eeles,2B,FA,,,,,,,,,,,,,,,,,,,,,,,,,,,,,,,,,,,,,,,,,,,,,,,
Raily Liriano,CF,FA,,,,,,,,,,,,,,,,,,,,,,,,,,,,,,,,,,,,,,,,,,,,,,,
Nathanael Cijntje,CF,FA,,,,,,,,,,,,,,,,,,,,,,,,,,,,,,,,,,,,,,,,,,,,,,,
Alver Medina,3B,FA,,,,,,,,,,,,,,,,,,,,,,,,,,,,,,,,,,,,,,,,,,,,,,,
Eddy Marmolejos,3B,FA,,,,,,,,,,,,,,,,,,,,,,,,,,,,,,,,,,,,,,,,,,,,,,,
Jose Dickson,SS,FA,,,,,,,,,,,,,,,,,,,,,,,,,,,,,,,,,,,,,,,,,,,,,,,
Nestor Urbina,DH,FA,,,,,,,,,,,,,,,,,,,,,,,,,,,,,,,,,,,,,,,,,,,,,,,
Jose Familia,SS,FA,,,,,,,,,,,,,,,,,,,,,,,,,,,,,,,,,,,,,,,,,,,,,,,
Anderson Fermin,CF,FA,,,,,,,,,,,,,,,,,,,,,,,,,,,,,,,,,,,,,,,,,,,,,,,
Victor Leal,C,FA,,,,,,,,,,,,,,,,,,,,,,,,,,,,,,,,,,,,,,,,,,,,,,,
Leandy Mella,LF,FA,,,,,,,,,,,,,,,,,,,,,,,,,,,,,,,,,,,,,,,,,,,,,,,
Eli Willits,SS,T,,,,,,,,,,,,,,,,,,,,,,,,,,,,,,,,,,,,,,,,,,,,,,,
Eriandys Ramon,SS,FA,,,,,,,,,,,,,,,,,,,,,,,,,,,,,,,,,,,,,,,,,,,,,,,
Esteban Mejia,3B,FA,,,,,,,,,,,,,,,,,,,,,,,,,,,,,,,,,,,,,,,,,,,,,,,
Cristian Feliz,RF,FA,,,,,,,,,,,,,,,,,,,,,,,,,,,,,,,,,,,,,,,,,,,,,,,
J.T. Bain,RF,FA,,,,,,,,,,,,,,,,,,,,,,,,,,,,,,,,,,,,,,,,,,,,,,,
Larry Martinez,1B,FA,,,,,,,,,,,,,,,,,,,,,,,,,,,,,,,,,,,,,,,,,,,,,,,
Juan Garcia,C,FA,,,,,,,,,,,,,,,,,,,,,,,,,,,,,,,,,,,,,,,,,,,,,,,
Yandro Hernandez,RF,FA,,,,,,,,,,,,,,,,,,,,,,,,,,,,,,,,,,,,,,,,,,,,,,,
Pedro Tovar,RF,FA,,,,,,,,,,,,,,,,,,,,,,,,,,,,,,,,,,,,,,,,,,,,,,,
Samuel Estevez,LF,FA,,,,,,,,,,,,,,,,,,,,,,,,,,,,,,,,,,,,,,,,,,,,,,,
Enzo Paulino,1B,FA,,,,,,,,,,,,,,,,,,,,,,,,,,,,,,,,,,,,,,,,,,,,,,,
Iverson Allen,LF,FA,,,,,,,,,,,,,,,,,,,,,,,,,,,,,,,,,,,,,,,,,,,,,,,
Yorman Licourt,RF,FA,,,,,,,,,,,,,,,,,,,,,,,,,,,,,,,,,,,,,,,,,,,,,,,
Juan Brown,RF,FA,,,,,,,,,,,,,,,,,,,,,,,,,,,,,,,,,,,,,,,,,,,,,,,
Jaset Martinez,1B,FA,,,,,,,,,,,,,,,,,,,,,,,,,,,,,,,,,,,,,,,,,,,,,,,
Nicolas Ortiz,C,FA,,,,,,,,,,,,,,,,,,,,,,,,,,,,,,,,,,,,,,,,,,,,,,,
Junior Garcia,CF,FA,,,,,,,,,,,,,,,,,,,,,,,,,,,,,,,,,,,,,,,,,,,,,,,
Oliver Tejada,RF,FA,,,,,,,,,,,,,,,,,,,,,,,,,,,,,,,,,,,,,,,,,,,,,,,
Jose Anderson,CF,FA,,,,,,,,,,,,,,,,,,,,,,,,,,,,,,,,,,,,,,,,,,,,,,,
Alirio Ferrebus,C,FA,,,,,,,,,,,,,,,,,,,,,,,,,,,,,,,,,,,,,,,,,,,,,,,
Pedro Pineda,CF,FA,,,,,,,,,,,,,,,,,,,,,,,,,,,,,,,,,,,,,,,,,,,,,,,
Jeremy Rivas,SS,FA,,,,,,,,,,,,,,,,,,,,,,,,,,,,,,,,,,,,,,,,,,,,,,,
Will Robertson,LF,FA,,,,,,,,,,,,,,,,,,,,,,,,,,,,,,,,,,,,,,,,,,,-0.62,-1.15,9.1,39.4,77.8
Richard Ramirez,C,FA,,,,,,,,,,,,,,,,,,,,,,,,,,,,,,,,,,,,,,,,,,,,,,,
Freuddy Batista,C,FA,,,,,,,,,,,,,,,,,,,,,,,,,,,,,,,,,,,,,,,,,,,,,,,
Ilan Fernandez,3B,FA,,,,,,,,,,,,,,,,,,,,,,,,,,,,,,,,,,,,,,,,,,,,,,,
Enddy Azocar,CF,T,,,,,,,,,,,,,,,,,,,,,,,,,,,,,,,,,,,,,,,,,,,,,,,
Rafi Montesino,CF,FA,,,,,,,,,,,,,,,,,,,,,,,,,,,,,,,,,,,,,,,,,,,,,,,
Efren Teran,SS,FA,,,,,,,,,,,,,,,,,,,,,,,,,,,,,,,,,,,,,,,,,,,,,,,
Grant Smith,SS,FA,,,,,,,,,,,,,,,,,,,,,,,,,,,,,,,,,,,,,,,,,,,,,,,
Carlos Rodriguez,1B,FA,,,,,,,,,,,,,,,,,,,,,,,,,,,,,,,,,,,,,,,,,,,,,,,
Yonny Hernandez,2B,FA,,,,,,,,,,,,,,,,,,,,,,,,,,,,,,,,,,,,,,,,,,,,,,,
Sammy Siani,LF,FA,,,,,,,,,,,,,,,,,,,,,,,,,,,,,,,,,,,,,,,,,,,,,,,
Alexander Canario,LF,FA,,,,,,,,,,,,,,,,,,,,,,,,,,,,,,,,,,,,,,,,,,,1.05,0.63,12.4,32.2,88.6
Chase Strumpf,3B,FA,,,,,,,,,,,,,,,,,,,,,,,,,,,,,,,,,,,,,,,,,,,,,,,
Julio Carreras,2B,FA,,,,,,,,,,,,,,,,,,,,,,,,,,,,,,,,,,,,,,,,,,,,,,,
Dawson Dimon,C,FA,,,,,,,,,,,,,,,,,,,,,,,,,,,,,,,,,,,,,,,,,,,,,,,
Shalin Polanco,LF,FA,,,,,,,,,,,,,,,,,,,,,,,,,,,,,,,,,,,,,,,,,,,,,,,
Freddy Zamora,SS,FA,,,,,,,,,,,,,,,,,,,,,,,,,,,,,,,,,,,,,,,,,,,,,,,
Eduardo Garcia,SS,FA,,,,,,,,,,,,,,,,,,,,,,,,,,,,,,,,,,,,,,,,,,,,,,,
Juan Guerrero,LF,FA,,,,,,,,,,,,,,,,,,,,,,,,,,,,,,,,,,,,,,,,,,,,,,,
Drew Avans,CF,FA,,,,,,,,,,,,,,,,,,,,,,,,,,,,,,,,,,,,,,,,,,,,,,,
Felix Valerio,2B,FA,,,,,,,,,,,,,,,,,,,,,,,,,,,,,,,,,,,,,,,,,,,,,,,
Eduardo Lopez,1B,FA,,,,,,,,,,,,,,,,,,,,,,,,,,,,,,,,,,,,,,,,,,,,,,,
Alexander Ramirez,LF,FA,,,,,,,,,,,,,,,,,,,,,,,,,,,,,,,,,,,,,,,,,,,,,,,
Warming Bernabel,1B,FA,,,,,,,,,,,,,,,,,,,,,,,,,,,,,,,,,,,,,,,,,,,-1.52,-1.08,2.6,39.6,78.8
Santiago Camacho,1B,FA,,,,,,,,,,,,,,,,,,,,,,,,,,,,,,,,,,,,,,,,,,,,,,,
Cooper Weiss,SS,FA,,,,,,,,,,,,,,,,,,,,,,,,,,,,,,,,,,,,,,,,,,,,,,,
Cameron Sisneros,1B,FA,,,,,,,,,,,,,,,,,,,,,,,,,,,,,,,,,,,,,,,,,,,,,,,
Casey Cook,2B,FA,,,,,,,,,,,,,,,,,,,,,,,,,,,,,,,,,,,,,,,,,,,,,,,
Ivan Luciano,C,FA,,,,,,,,,,,,,,,,,,,,,,,,,,,,,,,,,,,,,,,,,,,,,,,
Jose Meza,1B,FA,,,,,,,,,,,,,,,,,,,,,,,,,,,,,,,,,,,,,,,,,,,,,,,
Gage Miller,2B,FA,,,,,,,,,,,,,,,,,,,,,,,,,,,,,,,,,,,,,,,,,,,,,,,
Emilien Pitre,2B,FA,,,,,,,,,,,,,,,,,,,,,,,,,,,,,,,,,,,,,,,,,,,,,,,
Cristian Santana,1B,FA,,,,,,,,,,,,,,,,,,,,,,,,,,,,,,,,,,,,,,,,,,,,,,,
Victor Figueroa,1B,FA,,,,,,,,,,,,,,,,,,,,,,,,,,,,,,,,,,,,,,,,,,,,,,,
Jose Acosta,2B,FA,,,,,,,,,,,,,,,,,,,,,,,,,,,,,,,,,,,,,,,,,,,,,,,
Joel Mendez,LF,FA,,,,,,,,,,,,,,,,,,,,,,,,,,,,,,,,,,,,,,,,,,,,,,,
Devin Fitz-Gerald,SS,T,,,,,,,,,,,,,,,,,,,,,,,,,,,,,,,,,,,,,,,,,,,,,,,
Tyler Bell,SS,FA,,,,,,,,,,,,,,,,,,,,,,,,,,,,,,,,,,,,,,,,,,,,,,,
Edwin Sanchez,1B,FA,,,,,,,,,,,,,,,,,,,,,,,,,,,,,,,,,,,,,,,,,,,,,,,
Cesar Quintas,RF,FA,,,,,,,,,,,,,,,,,,,,,,,,,,,,,,,,,,,,,,,,,,,,,,,
Daniel Vazquez,SS,FA,,,,,,,,,,,,,,,,,,,,,,,,,,,,,,,,,,,,,,,,,,,,,,,
Josueth Quinonez,CF,FA,,,,,,,,,,,,,,,,,,,,,,,,,,,,,,,,,,,,,,,,,,,,,,,
Baek-ho Kang,C,FA,,,,,,,,,,,,,,,,,,,,,,,,,,,,,,,,,,,,,,,,,,,,,,,
Jeremy De La Rosa,RF,FA,,,,,,,,,,,,,,,,,,,,,,,,,,,,,,,,,,,,,,,,,,,,,,,
Christian Cerda,C,FA,,,,,,,,,,,,,,,,,,,,,,,,,,,,,,,,,,,,,,,,,,,,,,,
Blayberg Diaz,C,FA,,,,,,,,,,,,,,,,,,,,,,,,,,,,,,,,,,,,,,,,,,,,,,,
Omar Alfonzo,C,FA,,,,,,,,,,,,,,,,,,,,,,,,,,,,,,,,,,,,,,,,,,,,,,,
Grant Richardson,RF,FA,,,,,,,,,,,,,,,,,,,,,,,,,,,,,,,,,,,,,,,,,,,,,,,
Jhonkensy Noel,RF,T,,,,,,,,,,,,,,,,,,,,,,,,,,,,,,,,,,,,,,,,,,,-2.31,-3.03,6.2,49.2,69.2
Yolbert Sanchez,2B,FA,,,,,,,,,,,,,,,,,,,,,,,,,,,,,,,,,,,,,,,,,,,,,,,
Braylon Bishop,LF,FA,,,,,,,,,,,,,,,,,,,,,,,,,,,,,,,,,,,,,,,,,,,,,,,
Eduardo Torrealba,SS,FA,,,,,,,,,,,,,,,,,,,,,,,,,,,,,,,,,,,,,,,,,,,,,,,
Connor Hollis,CF,FA,,,,,,,,,,,,,,,,,,,,,,,,,,,,,,,,,,,,,,,,,,,,,,,
Mike Brosseau,1B,FA,,,,,,,,,,,,,,,,,,,,,,,,,,,,,,,,,,,,,,,,,,,,,,,
Maikol Hernandez,SS,FA,,,,,,,,,,,,,,,,,,,,,,,,,,,,,,,,,,,,,,,,,,,,,,,
Sergio Campana,RF,FA,,,,,,,,,,,,,,,,,,,,,,,,,,,,,,,,,,,,,,,,,,,,,,,
Luke Leto,SS,FA,,,,,,,,,,,,,,,,,,,,,,,,,,,,,,,,,,,,,,,,,,,,,,,
Danny De Andrade,3B,FA,,,,,,,,,,,,,,,,,,,,,,,,,,,,,,,,,,,,,,,,,,,,,,,
Miguel Bleis,RF,FA,,,,,,,,,,,,,,,,,,,,,,,,,,,,,,,,,,,,,,,,,,,,,,,
Manuel Beltre,SS,FA,,,,,,,,,,,,,,,,,,,,,,,,,,,,,,,,,,,,,,,,,,,,,,,
Ariel Almonte,RF,FA,,,,,,,,,,,,,,,,,,,,,,,,,,,,,,,,,,,,,,,,,,,,,,,
William Lugo,SS,FA,,,,,,,,,,,,,,,,,,,,,,,,,,,,,,,,,,,,,,,,,,,,,,,
Chris Newell,CF,FA,,,,,,,,,,,,,,,,,,,,,,,,,,,,,,,,,,,,,,,,,,,,,,,
Maikol Escotto,SS,FA,,,,,,,,,,,,,,,,,,,,,,,,,,,,,,,,,,,,,,,,,,,,,,,
Albert Fabian,LF,FA,,,,,,,,,,,,,,,,,,,,,,,,,,,,,,,,,,,,,,,,,,,,,,,
Axel Sanchez,SS,FA,,,,,,,,,,,,,,,,,,,,,,,,,,,,,,,,,,,,,,,,,,,,,,,
Hendrik Clementina,C,FA,,,,,,,,,,,,,,,,,,,,,,,,,,,,,,,,,,,,,,,,,,,,,,,
Stephen Scott,C,FA,,,,,,,,,,,,,,,,,,,,,,,,,,,,,,,,,,,,,,,,,,,,,,,
Jack Lopez,3B,FA,,,,,,,,,,,,,,,,,,,,,,,,,,,,,,,,,,,,,,,,,,,,,,,
Justin Lewis,P,FA,,,,,,,,,,,,,,,,,,,,,,,,,,,,,,,,,,,,,,,,,,,,,,,
Drew Lugbauer,1B,FA,,,,,,,,,,,,,,,,,,,,,,,,,,,,,,,,,,,,,,,,,,,,,,,
Dervy Ventura,2B,FA,,,,,,,,,,,,,,,,,,,,,,,,,,,,,,,,,,,,,,,,,,,,,,,
Yimy Tovar,SS,FA,,,,,,,,,,,,,,,,,,,,,,,,,,,,,,,,,,,,,,,,,,,,,,,
Anderson Suriel,RF,FA,,,,,,,,,,,,,,,,,,,,,,,,,,,,,,,,,,,,,,,,,,,,,,,
Ronny Cruz,SS,T,,,,,,,,,,,,,,,,,,,,,,,,,,,,,,,,,,,,,,,,,,,,,,,
Kavares Tears,RF,FA,,,,,,,,,,,,,,,,,,,,,,,,,,,,,,,,,,,,,,,,,,,,,,,
Cobb Hightower,SS,FA,,,,,,,,,,,,,,,,,,,,,,,,,,,,,,,,,,,,,,,,,,,,,,,
Nerwilian Cedeno,CF,FA,,,,,,,,,,,,,,,,,,,,,,,,,,,,,,,,,,,,,,,,,,,,,,,
Murf Gray,3B,T,,,,,,,,,,,,,,,,,,,,,,,,,,,,,,,,,,,,,,,,,,,,,,,
Nick Dumesnil,CF,FA,,,,,,,,,,,,,,,,,,,,,,,,,,,,,,,,,,,,,,,,,,,,,,,
Yordani Martinez,2B,FA,,,,,,,,,,,,,,,,,,,,,,,,,,,,,,,,,,,,,,,,,,,,,,,
Jake Vogel,CF,FA,,,,,,,,,,,,,,,,,,,,,,,,,,,,,,,,,,,,,,,,,,,,,,,
Almen Tolentino,C,FA,,,,,,,,,,,,,,,,,,,,,,,,,,,,,,,,,,,,,,,,,,,,,,,
Hudson Haskin,LF,FA,,,,,,,,,,,,,,,,,,,,,,,,,,,,,,,,,,,,,,,,,,,,,,,
Angel Ventura,LF,FA,,,,,,,,,,,,,,,,,,,,,,,,,,,,,,,,,,,,,,,,,,,,,,,
Bob Seymour,1B,FA,,,,,,,,,,,,,,,,,,,,,,,,,,,,,,,,,,,,,,,,,,,-1.42,-0.36,0.0,41.4,89.5
Max Holy,SS,FA,,,,,,,,,,,,,,,,,,,,,,,,,,,,,,,,,,,,,,,,,,,,,,,
Carlos Matias,LF,FA,,,,,,,,,,,,,,,,,,,,,,,,,,,,,,,,,,,,,,,,,,,,,,,
Moises Bolivar,3B,FA,,,,,,,,,,,,,,,,,,,,,,,,,,,,,,,,,,,,,,,,,,,,,,,
Jordan Nwogu,LF,FA,,,,,,,,,,,,,,,,,,,,,,,,,,,,,,,,,,,,,,,,,,,,,,,
Michael Papierski,C,FA,,,,,,,,,,,,,,,,,,,,,,,,,,,,,,,,,,,,,,,,,,,,,,,
Benjamin Onyshko,P,FA,,,,,,,,,,,,,,,,,,,,,,,,,,,,,,,,,,,,,,,,,,,,,,,
Jason Vosler,1B,FA,,,,,,,,,,,,,,,,,,,,,,,,,,,,,,,,,,,,,,,,,,,,,,,
Alex De Goti,2B,FA,,,,,,,,,,,,,,,,,,,,,,,,,,,,,,,,,,,,,,,,,,,,,,,
Alexfri Planez,CF,FA,,,,,,,,,,,,,,,,,,,,,,,,,,,,,,,,,,,,,,,,,,,,,,,
Lewin Diaz,1B,FA,,,,,,,,,,,,,,,,,,,,,,,,,,,,,,,,,,,,,,,,,,,,,,,
Jose Briceno,C,FA,,,,,,,,,,,,,,,,,,,,,,,,,,,,,,,,,,,,,,,,,,,,,,,
Ed Howard,SS,FA,,,,,,,,,,,,,,,,,,,,,,,,,,,,,,,,,,,,,,,,,,,,,,,
Isiah Gilliam,RF,FA,,,,,,,,,,,,,,,,,,,,,,,,,,,,,,,,,,,,,,,,,,,,,,,
Jon Berti,3B,FA,,,,,,,,,,,,,,,,,,,,,,,,,,,,,,,,,,,,,,,,,,,-0.62,0.27,2.6,25.1,75.0
J.J. Matijevic,1B,FA,,,,,,,,,,,,,,,,,,,,,,,,,,,,,,,,,,,,,,,,,,,,,,,
Tom Murphy,C,FA,,,,,,,,,,,,,,,,,,,,,,,,,,,,,,,,,,,,,,,,,,,,,,,
Brayan Buelvas,CF,FA,,,,,,,,,,,,,,,,,,,,,,,,,,,,,,,,,,,,,,,,,,,,,,,
Alisson Del Orbe,2B,FA,,,,,,,,,,,,,,,,,,,,,,,,,,,,,,,,,,,,,,,,,,,,,,,
Ronaldo Flores,C,FA,,,,,,,,,,,,,,,,,,,,,,,,,,,,,,,,,,,,,,,,,,,,,,,
Matt Duffy,3B,FA,,,,,,,,,,,,,,,,,,,,,,,,,,,,,,,,,,,,,,,,,,,,,,,
Gunner Gouldsmith,2B,FA,,,,,,,,,,,,,,,,,,,,,,,,,,,,,,,,,,,,,,,,,,,,,,,
Kody Hoese,3B,FA,,,,,,,,,,,,,,,,,,,,,,,,,,,,,,,,,,,,,,,,,,,,,,,
Tommy Hopfe,LF,FA,,,,,,,,,,,,,,,,,,,,,,,,,,,,,,,,,,,,,,,,,,,,,,,
Nick Montgomery,C,FA,,,,,,,,,,,,,,,,,,,,,,,,,,,,,,,,,,,,,,,,,,,,,,,
Reyli Mariano,2B,FA,,,,,,,,,,,,,,,,,,,,,,,,,,,,,,,,,,,,,,,,,,,,,,,
Ian Petrutz,LF,FA,,,,,,,,,,,,,,,,,,,,,,,,,,,,,,,,,,,,,,,,,,,,,,,
Jack Costello,1B,FA,,,,,,,,,,,,,,,,,,,,,,,,,,,,,,,,,,,,,,,,,,,,,,,
Ryan Nicholson,1B,FA,,,,,,,,,,,,,,,,,,,,,,,,,,,,,,,,,,,,,,,,,,,,,,,
Caden Kendle,RF,FA,,,,,,,,,,,,,,,,,,,,,,,,,,,,,,,,,,,,,,,,,,,,,,,
Josh Caron,C,FA,,,,,,,,,,,,,,,,,,,,,,,,,,,,,,,,,,,,,,,,,,,,,,,
Willmer De La Cruz,SS,FA,,,,,,,,,,,,,,,,,,,,,,,,,,,,,,,,,,,,,,,,,,,,,,,
Daniel Bucciero,3B,FA,,,,,,,,,,,,,,,,,,,,,,,,,,,,,,,,,,,,,,,,,,,,,,,
Sam Harris,1B,FA,,,,,,,,,,,,,,,,,,,,,,,,,,,,,,,,,,,,,,,,,,,,,,,
Griffin Lockwood-Powell,C,FA,,,,,,,,,,,,,,,,,,,,,,,,,,,,,,,,,,,,,,,,,,,,,,,
Werner Blakely,CF,FA,,,,,,,,,,,,,,,,,,,,,,,,,,,,,,,,,,,,,,,,,,,,,,,
Jose Godoy,C,FA,,,,,,,,,,,,,,,,,,,,,,,,,,,,,,,,,,,,,,,,,,,,,,,
Braylon Whitaker,LF,FA,,,,,,,,,,,,,,,,,,,,,,,,,,,,,,,,,,,,,,,,,,,,,,,
Tytus Cissell,SS,FA,,,,,,,,,,,,,,,,,,,,,,,,,,,,,,,,,,,,,,,,,,,,,,,
Brendan Tunink,CF,FA,,,,,,,,,,,,,,,,,,,,,,,,,,,,,,,,,,,,,,,,,,,,,,,
Tony Santa Maria,2B,FA,,,,,,,,,,,,,,,,,,,,,,,,,,,,,,,,,,,,,,,,,,,,,,,
Owen Ayers,C,T,,,,,,,,,,,,,,,,,,,,,,,,,,,,,,,,,,,,,,,,,,,,,,,
Alex De Jesus,3B,FA,,,,,,,,,,,,,,,,,,,,,,,,,,,,,,,,,,,,,,,,,,,,,,,
Bryan Ramos,3B,FA,,,,,,,,,,,,,,,,,,,,,,,,,,,,,,,,,,,,,,,,,,,,,,,
Trevor Hauver,LF,FA,,,,,,,,,,,,,,,,,,,,,,,,,,,,,,,,,,,,,,,,,,,,,,,
Ronald Ramirez,2B,FA,,,,,,,,,,,,,,,,,,,,,,,,,,,,,,,,,,,,,,,,,,,,,,,
Carson Taylor,1B,FA,,,,,,,,,,,,,,,,,,,,,,,,,,,,,,,,,,,,,,,,,,,,,,,
Alejo Lopez,3B,FA,,,,,,,,,,,,,,,,,,,,,,,,,,,,,,,,,,,,,,,,,,,,,,,
Zach Daudet,1B,FA,,,,,,,,,,,,,,,,,,,,,,,,,,,,,,,,,,,,,,,,,,,,,,,
Shai Robinson,2B,FA,,,,,,,,,,,,,,,,,,,,,,,,,,,,,,,,,,,,,,,,,,,,,,,
Justin DeCriscio,3B,FA,,,,,,,,,,,,,,,,,,,,,,,,,,,,,,,,,,,,,,,,,,,,,,,
Cam Lee,CF,FA,,,,,,,,,,,,,,,,,,,,,,,,,,,,,,,,,,,,,,,,,,,,,,,
Matthew Ferrara,2B,FA,,,,,,,,,,,,,,,,,,,,,,,,,,,,,,,,,,,,,,,,,,,,,,,
Anthony Frobose,SS,FA,,,,,,,,,,,,,,,,,,,,,,,,,,,,,,,,,,,,,,,,,,,,,,,
Jaxx Groshans,C,FA,,,,,,,,,,,,,,,,,,,,,,,,,,,,,,,,,,,,,,,,,,,,,,,
Limanol Payero,CF,FA,,,,,,,,,,,,,,,,,,,,,,,,,,,,,,,,,,,,,,,,,,,,,,,
Rony Bello,2B,FA,,,,,,,,,,,,,,,,,,,,,,,,,,,,,,,,,,,,,,,,,,,,,,,
Jostin Ogando,1B,FA,,,,,,,,,,,,,,,,,,,,,,,,,,,,,,,,,,,,,,,,,,,,,,,
Kaden Polcovich,CF,FA,,,,,,,,,,,,,,,,,,,,,,,,,,,,,,,,,,,,,,,,,,,,,,,
Matthew Boughton,SS,FA,,,,,,,,,,,,,,,,,,,,,,,,,,,,,,,,,,,,,,,,,,,,,,,
Yusniel Diaz,RF,FA,,,,,,,,,,,,,,,,,,,,,,,,,,,,,,,,,,,,,,,,,,,,,,,
Gilberto Celestino,RF,FA,,,,,,,,,,,,,,,,,,,,,,,,,,,,,,,,,,,,,,,,,,,,,,,
Darlin Moquete,LF,FA,,,,,,,,,,,,,,,,,,,,,,,,,,,,,,,,,,,,,,,,,,,,,,,
J.D. Davis,1B,FA,,,,,,,,,,,,,,,,,,,,,,,,,,,,,,,,,,,,,,,,,,,,,,,
Raimel Tapia,LF,FA,,,,,,,,,,,,,,,,,,,,,,,,,,,,,,,,,,,,,,,,,,,,,,,
Wynton Bernard,RF,FA,,,,,,,,,,,,,,,,,,,,,,,,,,,,,,,,,,,,,,,,,,,,,,,
Antonis Macias,2B,FA,,,,,,,,,,,,,,,,,,,,,,,,,,,,,,,,,,,,,,,,,,,,,,,
Luis Santana,3B,FA,,,,,,,,,,,,,,,,,,,,,,,,,,,,,,,,,,,,,,,,,,,,,,,
Jeremy Beasley,P,FA,,,,,,,,,,,,,,,,,,,,,,,,,,,,,,,,,,,,,,,,,,,,,,,
Leonel Valera,SS,FA,,,,,,,,,,,,,,,,,,,,,,,,,,,,,,,,,,,,,,,,,,,,,,,
Eguy Rosario,SS,FA,,,,,,,,,,,,,,,,,,,,,,,,,,,,,,,,,,,,,,,,,,,,,,,
Jake Gatewood,2B,FA,,,,,,,,,,,,,,,,,,,,,,,,,,,,,,,,,,,,,,,,,,,,,,,
Jeisson Rosario,CF,FA,,,,,,,,,,,,,,,,,,,,,,,,,,,,,,,,,,,,,,,,,,,,,,,
Jordan Diaz,2B,FA,,,,,,,,,,,,,,,,,,,,,,,,,,,,,,,,,,,,,,,,,,,,,,,
Robert Hipwell,1B,FA,,,,,,,,,,,,,,,,,,,,,,,,,,,,,,,,,,,,,,,,,,,,,,,
Ching-Hsien Ko,LF,T,,,,,,,,,,,,,,,,,,,,,,,,,,,,,,,,,,,,,,,,,,,,,,,
Juan Jerez,2B,FA,,,,,,,,,,,,,,,,,,,,,,,,,,,,,,,,,,,,,,,,,,,,,,,
Jeffrey Hakanson,P,FA,,,,,,,,,,,,,,,,,,,,,,,,,,,,,,,,,,,,,,,,,,,,,,,
Baron Radcliff,OF,FA,,,,,,,,,,,,,,,,,,,,,,,,,,,,,,,,,,,,,,,,,,,,,,,
Jake Cave,RF,FA,,,,,,,,,,,,,,,,,,,,,,,,,,,,,,,,,,,,,,,,,,,,,,,
Jamie Westbrook,2B,FA,,,,,,,,,,,,,,,,,,,,,,,,,,,,,,,,,,,,,,,,,,,,,,,
Michael Perez,C,FA,,,,,,,,,,,,,,,,,,,,,,,,,,,,,,,,,,,,,,,,,,,,,,,
Austin Barnes,C,FA,,,,,,,,,,,,,,,,,,,,,,,,,,,,,,,,,,,,,,,,,,,0.18,1.28,3.4,26.8,88.9
Nick Martini,RF,FA,,,,,,,,,,,,,,,,,,,,,,,,,,,,,,,,,,,,,,,,,,,-0.79,-0.21,3.6,26.8,71.8
Samuel Arroyo,C,FA,,,,,,,,,,,,,,,,,,,,,,,,,,,,,,,,,,,,,,,,,,,,,,,
Juan Mateo,3B,FA,,,,,,,,,,,,,,,,,,,,,,,,,,,,,,,,,,,,,,,,,,,,,,,
Luke Davis,1B,FA,,,,,,,,,,,,,,,,,,,,,,,,,,,,,,,,,,,,,,,,,,,,,,,
Hector Salas,2B,FA,,,,,,,,,,,,,,,,,,,,,,,,,,,,,,,,,,,,,,,,,,,,,,,
Steven Madero,1B,FA,,,,,,,,,,,,,,,,,,,,,,,,,,,,,,,,,,,,,,,,,,,,,,,
Raider Tello,1B,FA,,,,,,,,,,,,,,,,,,,,,,,,,,,,,,,,,,,,,,,,,,,,,,,
Michael Martinez,LF,FA,,,,,,,,,,,,,,,,,,,,,,,,,,,,,,,,,,,,,,,,,,,,,,,
Santiago Ramos,C,FA,,,,,,,,,,,,,,,,,,,,,,,,,,,,,,,,,,,,,,,,,,,,,,,
Karim Ayubi,CF,FA,,,,,,,,,,,,,,,,,,,,,,,,,,,,,,,,,,,,,,,,,,,,,,,
Alonso Gallegos,SS,FA,,,,,,,,,,,,,,,,,,,,,,,,,,,,,,,,,,,,,,,,,,,,,,,
David Ortiz,1B,FA,,,,,,,,,,,,,,,,,,,,,,,,,,,,,,,,,,,,,,,,,,,,,,,
Juan Colorado,3B,FA,,,,,,,,,,,,,,,,,,,,,,,,,,,,,,,,,,,,,,,,,,,,,,,
Leider Padilla,LF,FA,,,,,,,,,,,,,,,,,,,,,,,,,,,,,,,,,,,,,,,,,,,,,,,
Kevin Tamburini,1B,FA,,,,,,,,,,,,,,,,,,,,,,,,,,,,,,,,,,,,,,,,,,,,,,,
Rocky Solano,CF,FA,,,,,,,,,,,,,,,,,,,,,,,,,,,,,,,,,,,,,,,,,,,,,,,
Dylan Fien,C,FA,,,,,,,,,,,,,,,,,,,,,,,,,,,,,,,,,,,,,,,,,,,,,,,
Ramiro Dominguez,2B,FA,,,,,,,,,,,,,,,,,,,,,,,,,,,,,,,,,,,,,,,,,,,,,,,
Jhoanjel Saez,2B,FA,,,,,,,,,,,,,,,,,,,,,,,,,,,,,,,,,,,,,,,,,,,,,,,
Deshandro Tromp,1B,FA,,,,,,,,,,,,,,,,,,,,,,,,,,,,,,,,,,,,,,,,,,,,,,,
Caden Powell,SS,FA,,,,,,,,,,,,,,,,,,,,,,,,,,,,,,,,,,,,,,,,,,,,,,,
DJ Layton,2B,FA,,,,,,,,,,,,,,,,,,,,,,,,,,,,,,,,,,,,,,,,,,,,,,,
Azaeel Pacheco,C,FA,,,,,,,,,,,,,,,,,,,,,,,,,,,,,,,,,,,,,,,,,,,,,,,
Osmar Torrealba,LF,FA,,,,,,,,,,,,,,,,,,,,,,,,,,,,,,,,,,,,,,,,,,,,,,,
Romer Taveras,RF,FA,,,,,,,,,,,,,,,,,,,,,,,,,,,,,,,,,,,,,,,,,,,,,,,
Alejandro Blasco,LF,FA,,,,,,,,,,,,,,,,,,,,,,,,,,,,,,,,,,,,,,,,,,,,,,,
Dariel Arias,RF,FA,,,,,,,,,,,,,,,,,,,,,,,,,,,,,,,,,,,,,,,,,,,,,,,
Carlos Garces,CF,FA,,,,,,,,,,,,,,,,,,,,,,,,,,,,,,,,,,,,,,,,,,,,,,,
Carlos Caripa,RF,FA,,,,,,,,,,,,,,,,,,,,,,,,,,,,,,,,,,,,,,,,,,,,,,,
Michell Ojeda,2B,FA,,,,,,,,,,,,,,,,,,,,,,,,,,,,,,,,,,,,,,,,,,,,,,,
Darian Castillo,2B,FA,,,,,,,,,,,,,,,,,,,,,,,,,,,,,,,,,,,,,,,,,,,,,,,
Alfonzo Martinez,RF,FA,,,,,,,,,,,,,,,,,,,,,,,,,,,,,,,,,,,,,,,,,,,,,,,
Ricardo Crespo,RF,FA,,,,,,,,,,,,,,,,,,,,,,,,,,,,,,,,,,,,,,,,,,,,,,,
Ty Peeples,CF,FA,,,,,,,,,,,,,,,,,,,,,,,,,,,,,,,,,,,,,,,,,,,,,,,
Brodie Johnston,3B,FA,,,,,,,,,,,,,,,,,,,,,,,,,,,,,,,,,,,,,,,,,,,,,,,
Adam Haight,SS,FA,,,,,,,,,,,,,,,,,,,,,,,,,,,,,,,,,,,,,,,,,,,,,,,
Terrence Kiel II,CF,FA,,,,,,,,,,,,,,,,,,,,,,,,,,,,,,,,,,,,,,,,,,,,,,,
Anderson French,C,FA,,,,,,,,,,,,,,,,,,,,,,,,,,,,,,,,,,,,,,,,,,,,,,,
Chase Cotton,3B,FA,,,,,,,,,,,,,,,,,,,,,,,,,,,,,,,,,,,,,,,,,,,,,,,
Michael Torres,CF,FA,,,,,,,,,,,,,,,,,,,,,,,,,,,,,,,,,,,,,,,,,,,,,,,
Tre Lawrence,CF,FA,,,,,,,,,,,,,,,,,,,,,,,,,,,,,,,,,,,,,,,,,,,,,,,
Carter Shouse,CF,FA,,,,,,,,,,,,,,,,,,,,,,,,,,,,,,,,,,,,,,,,,,,,,,,
Beau Peterson,3B,FA,,,,,,,,,,,,,,,,,,,,,,,,,,,,,,,,,,,,,,,,,,,,,,,
Sandy Luciano,RF,FA,,,,,,,,,,,,,,,,,,,,,,,,,,,,,,,,,,,,,,,,,,,,,,,
Jorvorskie Lane Jr.,C,FA,,,,,,,,,,,,,,,,,,,,,,,,,,,,,,,,,,,,,,,,,,,,,,,
Anthony Longo,C,FA,,,,,,,,,,,,,,,,,,,,,,,,,,,,,,,,,,,,,,,,,,,,,,,
Omar Mejia,3B,FA,,,,,,,,,,,,,,,,,,,,,,,,,,,,,,,,,,,,,,,,,,,,,,,
Marwin Rivero,DH,FA,,,,,,,,,,,,,,,,,,,,,,,,,,,,,,,,,,,,,,,,,,,,,,,
Robinson Chacon,LF,FA,,,,,,,,,,,,,,,,,,,,,,,,,,,,,,,,,,,,,,,,,,,,,,,
David Romero,2B,FA,,,,,,,,,,,,,,,,,,,,,,,,,,,,,,,,,,,,,,,,,,,,,,,
Frankeli Mesta,3B,FA,,,,,,,,,,,,,,,,,,,,,,,,,,,,,,,,,,,,,,,,,,,,,,,
Jesus Galiz,C,FA,,,,,,,,,,,,,,,,,,,,,,,,,,,,,,,,,,,,,,,,,,,,,,,
Brooks Bryan,C,FA,,,,,,,,,,,,,,,,,,,,,,,,,,,,,,,,,,,,,,,,,,,,,,,
Herlinton Herrera,1B,FA,,,,,,,,,,,,,,,,,,,,,,,,,,,,,,,,,,,,,,,,,,,,,,,
Cristofer Lebron,LF,FA,,,,,,,,,,,,,,,,,,,,,,,,,,,,,,,,,,,,,,,,,,,,,,,
Jared Davis,2B,FA,,,,,,,,,,,,,,,,,,,,,,,,,,,,,,,,,,,,,,,,,,,,,,,
Yorger Bautista,CF,FA,,,,,,,,,,,,,,,,,,,,,,,,,,,,,,,,,,,,,,,,,,,,,,,
Kyle Jones,CF,FA,,,,,,,,,,,,,,,,,,,,,,,,,,,,,,,,,,,,,,,,,,,,,,,
Cris Rodriguez,CF,T,,,,,,,,,,,,,,,,,,,,,,,,,,,,,,,,,,,,,,,,,,,,,,,
Brody Donay,C,FA,,,,,,,,,,,,,,,,,,,,,,,,,,,,,,,,,,,,,,,,,,,,,,,
Emanuel Reyna,CF,FA,,,,,,,,,,,,,,,,,,,,,,,,,,,,,,,,,,,,,,,,,,,,,,,
Josuar Gonzalez,SS,T,,,,,,,,,,,,,,,,,,,,,,,,,,,,,,,,,,,,,,,,,,,,,,,
Randy Soto,C,FA,,,,,,,,,,,,,,,,,,,,,,,,,,,,,,,,,,,,,,,,,,,,,,,
Josue Brito,1B,FA,,,,,,,,,,,,,,,,,,,,,,,,,,,,,,,,,,,,,,,,,,,,,,,
Miguel Briceno,RF,FA,,,,,,,,,,,,,,,,,,,,,,,,,,,,,,,,,,,,,,,,,,,,,,,
Isaias Dipre,SS,FA,,,,,,,,,,,,,,,,,,,,,,,,,,,,,,,,,,,,,,,,,,,,,,,
Merphy Hernandez,CF,FA,,,,,,,,,,,,,,,,,,,,,,,,,,,,,,,,,,,,,,,,,,,,,,,
Andrew Miller,C,FA,,,,,,,,,,,,,,,,,,,,,,,,,,,,,,,,,,,,,,,,,,,,,,,
Frandy Lafond,RF,FA,,,,,,,,,,,,,,,,,,,,,,,,,,,,,,,,,,,,,,,,,,,,,,,
Ethan Conrad,CF,T,,,,,,,,,,,,,,,,,,,,,,,,,,,,,,,,,,,,,,,,,,,,,,,
Luis Leon,CF,FA,,,,,,,,,,,,,,,,,,,,,,,,,,,,,,,,,,,,,,,,,,,,,,,
Carter Cunningham,1B,FA,,,,,,,,,,,,,,,,,,,,,,,,,,,,,,,,,,,,,,,,,,,,,,,
Sawyer Strosnider,CF,FA,,,,,,,,,,,,,,,,,,,,,,,,,,,,,,,,,,,,,,,,,,,,,,,
Santiago Ustariz,DH,FA,,,,,,,,,,,,,,,,,,,,,,,,,,,,,,,,,,,,,,,,,,,,,,,
Angel Gonzalez,LF,FA,,,,,,,,,,,,,,,,,,,,,,,,,,,,,,,,,,,,,,,,,,,,,,,
Joshuan Sandoval,1B,FA,,,,,,,,,,,,,,,,,,,,,,,,,,,,,,,,,,,,,,,,,,,,,,,
Orlando Pacheco,C,FA,,,,,,,,,,,,,,,,,,,,,,,,,,,,,,,,,,,,,,,,,,,,,,,
Carlos Renzullo,LF,FA,,,,,,,,,,,,,,,,,,,,,,,,,,,,,,,,,,,,,,,,,,,,,,,
Dariel Garcia,2B,FA,,,,,,,,,,,,,,,,,,,,,,,,,,,,,,,,,,,,,,,,,,,,,,,
James Nunnallee,CF,FA,,,,,,,,,,,,,,,,,,,,,,,,,,,,,,,,,,,,,,,,,,,,,,,
Konner Piotto,C,FA,,,,,,,,,,,,,,,,,,,,,,,,,,,,,,,,,,,,,,,,,,,,,,,
Luis Gutierrez,SS,FA,,,,,,,,,,,,,,,,,,,,,,,,,,,,,,,,,,,,,,,,,,,,,,,
Omar Bustamante,C,FA,,,,,,,,,,,,,,,,,,,,,,,,,,,,,,,,,,,,,,,,,,,,,,,
Yonathan Perlaza,RF,FA,,,,,,,,,,,,,,,,,,,,,,,,,,,,,,,,,,,,,,,,,,,,,,,
Jeison Guzman,SS,FA,,,,,,,,,,,,,,,,,,,,,,,,,,,,,,,,,,,,,,,,,,,,,,,
Anthony Santander,DH,FA,,,,,,,,,,,,,,,,,,,,,,,,,,,,,,,,,,,,,,,,,,,-0.87,-0.52,4.5,31.3,74.2
Darell Morel,SS,FA,,,,,,,,,,,,,,,,,,,,,,,,,,,,,,,,,,,,,,,,,,,,,,,
Alfredo Guanchez,3B,FA,,,,,,,,,,,,,,,,,,,,,,,,,,,,,,,,,,,,,,,,,,,,,,,
Luis Gomez,C,FA,,,,,,,,,,,,,,,,,,,,,,,,,,,,,,,,,,,,,,,,,,,,,,,
Jayden Kim,2B,FA,,,,,,,,,,,,,,,,,,,,,,,,,,,,,,,,,,,,,,,,,,,,,,,
Cristhian Vaquero,CF,FA,,,,,,,,,,,,,,,,,,,,,,,,,,,,,,,,,,,,,,,,,,,,,,,
Miguel Hiraldo,2B,FA,,,,,,,,,,,,,,,,,,,,,,,,,,,,,,,,,,,,,,,,,,,,,,,
Bobby Dalbec,1B,FA,,,,,,,,,,,,,,,,,,,,,,,,,,,,,,,,,,,,,,,,,,,,,,,
Felnin Celesten,SS,T,,,,,,,,,,,,,,,,,,,,,,,,,,,,,,,,,,,,,,,,,,,,,,,
Kade Mechals,P,FA,,,,,,,,,,,,,,,,,,,,,,,,,,,,,,,,,,,,,,,,,,,,,,,
Teilon Serrano,CF,FA,,,,,,,,,,,,,,,,,,,,,,,,,,,,,,,,,,,,,,,,,,,,,,,
Brady Lindsly,C,FA,,,,,,,,,,,,,,,,,,,,,,,,,,,,,,,,,,,,,,,,,,,,,,,
Ace Reese,LF,FA,,,,,,,,,,,,,,,,,,,,,,,,,,,,,,,,,,,,,,,,,,,,,,,
Kollin Ritchie,LF,FA,,,,,,,,,,,,,,,,,,,,,,,,,,,,,,,,,,,,,,,,,,,,,,,
Jarren Advincula,2B,FA,,,,,,,,,,,,,,,,,,,,,,,,,,,,,,,,,,,,,,,,,,,,,,,
Robert Santos,CF,FA,,,,,,,,,,,,,,,,,,,,,,,,,,,,,,,,,,,,,,,,,,,,,,,
Evan Thompson,CF,FA,,,,,,,,,,,,,,,,,,,,,,,,,,,,,,,,,,,,,,,,,,,,,,,
Aiden Kearney,3B,FA,,,,,,,,,,,,,,,,,,,,,,,,,,,,,,,,,,,,,,,,,,,,,,,
Vinicius Dos Santos,LF,FA,,,,,,,,,,,,,,,,,,,,,,,,,,,,,,,,,,,,,,,,,,,,,,,
Ethan Stewart,RF,FA,,,,,,,,,,,,,,,,,,,,,,,,,,,,,,,,,,,,,,,,,,,,,,,
Brandon Vasquez,LF,FA,,,,,,,,,,,,,,,,,,,,,,,,,,,,,,,,,,,,,,,,,,,,,,,
Andrew Purdy,3B,FA,,,,,,,,,,,,,,,,,,,,,,,,,,,,,,,,,,,,,,,,,,,,,,,
Alexander Alzi,1B,FA,,,,,,,,,,,,,,,,,,,,,,,,,,,,,,,,,,,,,,,,,,,,,,,
Anthony Del Angel,3B,FA,,,,,,,,,,,,,,,,,,,,,,,,,,,,,,,,,,,,,,,,,,,,,,,
Wilmer Blanca,LF,FA,,,,,,,,,,,,,,,,,,,,,,,,,,,,,,,,,,,,,,,,,,,,,,,
Zeus Nunez,DH,FA,,,,,,,,,,,,,,,,,,,,,,,,,,,,,,,,,,,,,,,,,,,,,,,
Jovensly Hilaire,CF,FA,,,,,,,,,,,,,,,,,,,,,,,,,,,,,,,,,,,,,,,,,,,,,,,
Kendrick Hernandez,3B,FA,,,,,,,,,,,,,,,,,,,,,,,,,,,,,,,,,,,,,,,,,,,,,,,
Guillermo Batista,3B,FA,,,,,,,,,,,,,,,,,,,,,,,,,,,,,,,,,,,,,,,,,,,,,,,
Rafael Flores,LF,FA,,,,,,,,,,,,,,,,,,,,,,,,,,,,,,,,,,,,,,,,,,,,,,,
Justim Sojo,SS,FA,,,,,,,,,,,,,,,,,,,,,,,,,,,,,,,,,,,,,,,,,,,,,,,
Maddox Molony,SS,FA,,,,,,,,,,,,,,,,,,,,,,,,,,,,,,,,,,,,,,,,,,,,,,,
Avery Ortiz,2B,FA,,,,,,,,,,,,,,,,,,,,,,,,,,,,,,,,,,,,,,,,,,,,,,,
Easton Breyfogle,LF,FA,,,,,,,,,,,,,,,,,,,,,,,,,,,,,,,,,,,,,,,,,,,,,,,
Caden Sorrell,LF,FA,,,,,,,,,,,,,,,,,,,,,,,,,,,,,,,,,,,,,,,,,,,,,,,
Kenny Fenelon,CF,FA,,,,,,,,,,,,,,,,,,,,,,,,,,,,,,,,,,,,,,,,,,,,,,,
Brailyn Antunez,CF,T,,,,,,,,,,,,,,,,,,,,,,,,,,,,,,,,,,,,,,,,,,,,,,,
Blake Ragsdale,SS,FA,,,,,,,,,,,,,,,,,,,,,,,,,,,,,,,,,,,,,,,,,,,,,,,
Andrew Salas,CF,FA,,,,,,,,,,,,,,,,,,,,,,,,,,,,,,,,,,,,,,,,,,,,,,,
Kevin Alvarez,CF,T,,,,,,,,,,,,,,,,,,,,,,,,,,,,,,,,,,,,,,,,,,,,,,,
Lash Henderson,CF,FA,,,,,,,,,,,,,,,,,,,,,,,,,,,,,,,,,,,,,,,,,,,,,,,
Dayquer Alfonzo,1B,FA,,,,,,,,,,,,,,,,,,,,,,,,,,,,,,,,,,,,,,,,,,,,,,,
Cristopher Polanco,SS,FA,,,,,,,,,,,,,,,,,,,,,,,,,,,,,,,,,,,,,,,,,,,,,,,
Warren Calcano,SS,FA,,,,,,,,,,,,,,,,,,,,,,,,,,,,,,,,,,,,,,,,,,,,,,,
Johan De Los Santos,2B,T,,,,,,,,,,,,,,,,,,,,,,,,,,,,,,,,,,,,,,,,,,,,,,,
Caleb Knight,C,FA,,,,,,,,,,,,,,,,,,,,,,,,,,,,,,,,,,,,,,,,,,,,,,,
Shotaro Morii,SS,T,,,,,,,,,,,,,,,,,,,,,,,,,,,,,,,,,,,,,,,,,,,,,,,
Max Hemenway,SS,FA,,,,,,,,,,,,,,,,,,,,,,,,,,,,,,,,,,,,,,,,,,,,,,,
Dylan Mercado,3B,FA,,,,,,,,,,,,,,,,,,,,,,,,,,,,,,,,,,,,,,,,,,,,,,,
Angel Ortiz,RF,FA,,,,,,,,,,,,,,,,,,,,,,,,,,,,,,,,,,,,,,,,,,,,,,,
Wilder Dalis,3B,FA,,,,,,,,,,,,,,,,,,,,,,,,,,,,,,,,,,,,,,,,,,,,,,,
Nomar Fana,RF,FA,,,,,,,,,,,,,,,,,,,,,,,,,,,,,,,,,,,,,,,,,,,,,,,
Alcides Hernandez,DH,FA,,,,,,,,,,,,,,,,,,,,,,,,,,,,,,,,,,,,,,,,,,,,,,,
Bryan Martinez,LF,FA,,,,,,,,,,,,,,,,,,,,,,,,,,,,,,,,,,,,,,,,,,,,,,,
Colin Anderson,3B,FA,,,,,,,,,,,,,,,,,,,,,,,,,,,,,,,,,,,,,,,,,,,,,,,
Esmeiquel Arrieche,C,FA,,,,,,,,,,,,,,,,,,,,,,,,,,,,,,,,,,,,,,,,,,,,,,,
LJ Jones,LF,FA,,,,,,,,,,,,,,,,,,,,,,,,,,,,,,,,,,,,,,,,,,,,,,,
Allen Ajoti,C,FA,,,,,,,,,,,,,,,,,,,,,,,,,,,,,,,,,,,,,,,,,,,,,,,
Jack Blomgren,SS,FA,,,,,,,,,,,,,,,,,,,,,,,,,,,,,,,,,,,,,,,,,,,,,,,
Elian De La Cruz,RF,FA,,,,,,,,,,,,,,,,,,,,,,,,,,,,,,,,,,,,,,,,,,,,,,,
Steven Cruz,RF,FA,,,,,,,,,,,,,,,,,,,,,,,,,,,,,,,,,,,,,,,,,,,,,,,
Royelny Strop,CF,FA,,,,,,,,,,,,,,,,,,,,,,,,,,,,,,,,,,,,,,,,,,,,,,,
Mac Wainwright,1B,FA,,,,,,,,,,,,,,,,,,,,,,,,,,,,,,,,,,,,,,,,,,,,,,,
Howard Gonzalez,CF,FA,,,,,,,,,,,,,,,,,,,,,,,,,,,,,,,,,,,,,,,,,,,,,,,
Deivid Coronil,3B,FA,,,,,,,,,,,,,,,,,,,,,,,,,,,,,,,,,,,,,,,,,,,,,,,
Zach Daniels,CF,FA,,,,,,,,,,,,,,,,,,,,,,,,,,,,,,,,,,,,,,,,,,,,,,,
Dylan MacLean,P,FA,,,,,,,,,,,,,,,,,,,,,,,,,,,,,,,,,,,,,,,,,,,,,,,
Magneuris Sierra,LF,FA,,,,,,,,,,,,,,,,,,,,,,,,,,,,,,,,,,,,,,,,,,,,,,,
Roberto Campos,RF,FA,,,,,,,,,,,,,,,,,,,,,,,,,,,,,,,,,,,,,,,,,,,,,,,
Edgar Alvarez,LF,FA,,,,,,,,,,,,,,,,,,,,,,,,,,,,,,,,,,,,,,,,,,,,,,,
Cam Clayton,1B,FA,,,,,,,,,,,,,,,,,,,,,,,,,,,,,,,,,,,,,,,,,,,,,,,
Dillon Lewis,CF,FA,,,,,,,,,,,,,,,,,,,,,,,,,,,,,,,,,,,,,,,,,,,,,,,
Jacob Friend,C,FA,,,,,,,,,,,,,,,,,,,,,,,,,,,,,,,,,,,,,,,,,,,,,,,
Woody Hadeen,SS,FA,,,,,,,,,,,,,,,,,,,,,,,,,,,,,,,,,,,,,,,,,,,,,,,
Jackson Appel,C,FA,,,,,,,,,,,,,,,,,,,,,,,,,,,,,,,,,,,,,,,,,,,,,,,
Josh Kross,1B,FA,,,,,,,,,,,,,,,,,,,,,,,,,,,,,,,,,,,,,,,,,,,,,,,
Eric Hartman,CF,T,,,,,,,,,,,,,,,,,,,,,,,,,,,,,,,,,,,,,,,,,,,,,,,
Carter Mathison,RF,FA,,,,,,,,,,,,,,,,,,,,,,,,,,,,,,,,,,,,,,,,,,,,,,,
Ariel Armas,C,FA,,,,,,,,,,,,,,,,,,,,,,,,,,,,,,,,,,,,,,,,,,,,,,,
Ryan Stafford,C,FA,,,,,,,,,,,,,,,,,,,,,,,,,,,,,,,,,,,,,,,,,,,,,,,
DMarion Terrell,CF,FA,,,,,,,,,,,,,,,,,,,,,,,,,,,,,,,,,,,,,,,,,,,,,,,
Callan Moss,1B,FA,,,,,,,,,,,,,,,,,,,,,,,,,,,,,,,,,,,,,,,,,,,,,,,
Carter Frederick,RF,FA,,,,,,,,,,,,,,,,,,,,,,,,,,,,,,,,,,,,,,,,,,,,,,,
Ryan Cesarini,RF,FA,,,,,,,,,,,,,,,,,,,,,,,,,,,,,,,,,,,,,,,,,,,,,,,
Eddie Micheletti Jr.,RF,FA,,,,,,,,,,,,,,,,,,,,,,,,,,,,,,,,,,,,,,,,,,,,,,,
Jose Iglesias,2B,FA,,,,,,,,,,,,,,,,,,,,,,,,,,,,,,,,,,,,,,,,,,,-2.62,-2.58,2.0,34.2,54.4
Chavez Young,CF,FA,,,,,,,,,,,,,,,,,,,,,,,,,,,,,,,,,,,,,,,,,,,,,,,
Javier Sanchez,1B,FA,,,,,,,,,,,,,,,,,,,,,,,,,,,,,,,,,,,,,,,,,,,,,,,
Chris Stanfield,CF,FA,,,,,,,,,,,,,,,,,,,,,,,,,,,,,,,,,,,,,,,,,,,,,,,
Payton Brennan,LF,FA,,,,,,,,,,,,,,,,,,,,,,,,,,,,,,,,,,,,,,,,,,,,,,,
Miguel Sano,3B,FA,,,,,,,,,,,,,,,,,,,,,,,,,,,,,,,,,,,,,,,,,,,,,,,
Jacob Jenkins-Cowart,RF,FA,,,,,,,,,,,,,,,,,,,,,,,,,,,,,,,,,,,,,,,,,,,,,,,
Aiva Arquette,SS,T,,,,,,,,,,,,,,,,,,,,,,,,,,,,,,,,,,,,,,,,,,,,,,,
Braedon Karpathios,RF,FA,,,,,,,,,,,,,,,,,,,,,,,,,,,,,,,,,,,,,,,,,,,,,,,
Deniel Ortiz,3B,FA,,,,,,,,,,,,,,,,,,,,,,,,,,,,,,,,,,,,,,,,,,,,,,,
Aaron Parker,C,FA,,,,,,,,,,,,,,,,,,,,,,,,,,,,,,,,,,,,,,,,,,,,,,,
Gabriel Davalillo,C,FA,,,,,,,,,,,,,,,,,,,,,,,,,,,,,,,,,,,,,,,,,,,,,,,
Mani Cedeno,SS,FA,,,,,,,,,,,,,,,,,,,,,,,,,,,,,,,,,,,,,,,,,,,,,,,
Ayden Johnson,3B,FA,,,,,,,,,,,,,,,,,,,,,,,,,,,,,,,,,,,,,,,,,,,,,,,
Juan Cabada,2B,FA,,,,,,,,,,,,,,,,,,,,,,,,,,,,,,,,,,,,,,,,,,,,,,,
Steven Herrera,2B,FA,,,,,,,,,,,,,,,,,,,,,,,,,,,,,,,,,,,,,,,,,,,,,,,
Owen Carey,LF,FA,,,,,,,,,,,,,,,,,,,,,,,,,,,,,,,,,,,,,,,,,,,,,,,
Derek Datil,CF,FA,,,,,,,,,,,,,,,,,,,,,,,,,,,,,,,,,,,,,,,,,,,,,,,
Robbie Grossman,RF,FA,,,,,,,,,,,,,,,,,,,,,,,,,,,,,,,,,,,,,,,,,,,,,,,
Marshall Toole,CF,FA,,,,,,,,,,,,,,,,,,,,,,,,,,,,,,,,,,,,,,,,,,,,,,,
Zach MacDonald,CF,FA,,,,,,,,,,,,,,,,,,,,,,,,,,,,,,,,,,,,,,,,,,,,,,,
David Mershon,SS,FA,,,,,,,,,,,,,,,,,,,,,,,,,,,,,,,,,,,,,,,,,,,,,,,
Balian Caraballo,RF,FA,,,,,,,,,,,,,,,,,,,,,,,,,,,,,,,,,,,,,,,,,,,,,,,
Sir Jamison Jones,C,FA,,,,,,,,,,,,,,,,,,,,,,,,,,,,,,,,,,,,,,,,,,,,,,,
Enmanuel Figuereo,RF,FA,,,,,,,,,,,,,,,,,,,,,,,,,,,,,,,,,,,,,,,,,,,,,,,
Jhonger Ochoa,2B,FA,,,,,,,,,,,,,,,,,,,,,,,,,,,,,,,,,,,,,,,,,,,,,,,
Odalys Peguero,SS,FA,,,,,,,,,,,,,,,,,,,,,,,,,,,,,,,,,,,,,,,,,,,,,,,
Ben Hartl,C,FA,,,,,,,,,,,,,,,,,,,,,,,,,,,,,,,,,,,,,,,,,,,,,,,
Anthony Marquez,SS,FA,,,,,,,,,,,,,,,,,,,,,,,,,,,,,,,,,,,,,,,,,,,,,,,
T.J. McCants,LF,FA,,,,,,,,,,,,,,,,,,,,,,,,,,,,,,,,,,,,,,,,,,,,,,,
Juan Rojas,3B,FA,,,,,,,,,,,,,,,,,,,,,,,,,,,,,,,,,,,,,,,,,,,,,,,
Kevin Fitzer,1B,FA,,,,,,,,,,,,,,,,,,,,,,,,,,,,,,,,,,,,,,,,,,,,,,,
Shion Matsuo,C,FA,,,,,,,,,,,,,,,,,,,,,,,,,,,,,,,,,,,,,,,,,,,,,,,
Carlos Gutierrez,RF,FA,,,,,,,,,,,,,,,,,,,,,,,,,,,,,,,,,,,,,,,,,,,,,,,
Harrison Didawick,LF,FA,,,,,,,,,,,,,,,,,,,,,,,,,,,,,,,,,,,,,,,,,,,,,,,
Ryusei Terachi,C,FA,,,,,,,,,,,,,,,,,,,,,,,,,,,,,,,,,,,,,,,,,,,,,,,
Michael Reed,CF,FA,,,,,,,,,,,,,,,,,,,,,,,,,,,,,,,,,,,,,,,,,,,,,,,
Alsander Womack,2B,FA,,,,,,,,,,,,,,,,,,,,,,,,,,,,,,,,,,,,,,,,,,,,,,,
Gabe Graulau,CF,FA,,,,,,,,,,,,,,,,,,,,,,,,,,,,,,,,,,,,,,,,,,,,,,,
Keith Jones II,RF,FA,,,,,,,,,,,,,,,,,,,,,,,,,,,,,,,,,,,,,,,,,,,,,,,
Ryker Waite,SS,FA,,,,,,,,,,,,,,,,,,,,,,,,,,,,,,,,,,,,,,,,,,,,,,,
Brock Ketelsen,CF,FA,,,,,,,,,,,,,,,,,,,,,,,,,,,,,,,,,,,,,,,,,,,,,,,
Francisco Renteria,CF,T,,,,,,,,,,,,,,,,,,,,,,,,,,,,,,,,,,,,,,,,,,,,,,,
Ben McLaughlin,1B,FA,,,,,,,,,,,,,,,,,,,,,,,,,,,,,,,,,,,,,,,,,,,,,,,
Angel Nunez Jr.,CF,FA,,,,,,,,,,,,,,,,,,,,,,,,,,,,,,,,,,,,,,,,,,,,,,,
Angeibel Gomez,CF,T,,,,,,,,,,,,,,,,,,,,,,,,,,,,,,,,,,,,,,,,,,,,,,,
Jared Sprague-Lott,2B,FA,,,,,,,,,,,,,,,,,,,,,,,,,,,,,,,,,,,,,,,,,,,,,,,
Canyon Brown,C,FA,,,,,,,,,,,,,,,,,,,,,,,,,,,,,,,,,,,,,,,,,,,,,,,
Joel Dragoo,LF,FA,,,,,,,,,,,,,,,,,,,,,,,,,,,,,,,,,,,,,,,,,,,,,,,
Bryce Boettcher,CF,FA,,,,,,,,,,,,,,,,,,,,,,,,,,,,,,,,,,,,,,,,,,,,,,,
Cameron Leary,LF,FA,,,,,,,,,,,,,,,,,,,,,,,,,,,,,,,,,,,,,,,,,,,,,,,
Colby Jones,2B,FA,,,,,,,,,,,,,,,,,,,,,,,,,,,,,,,,,,,,,,,,,,,,,,,
Bryce Madron,CF,FA,,,,,,,,,,,,,,,,,,,,,,,,,,,,,,,,,,,,,,,,,,,,,,,
Brandon Eike,3B,FA,,,,,,,,,,,,,,,,,,,,,,,,,,,,,,,,,,,,,,,,,,,,,,,
Connor Hujsak,RF,FA,,,,,,,,,,,,,,,,,,,,,,,,,,,,,,,,,,,,,,,,,,,,,,,
Derek Berg,C,FA,,,,,,,,,,,,,,,,,,,,,,,,,,,,,,,,,,,,,,,,,,,,,,,
Anthony Stephan,LF,FA,,,,,,,,,,,,,,,,,,,,,,,,,,,,,,,,,,,,,,,,,,,,,,,
Bennett Thompson,C,FA,,,,,,,,,,,,,,,,,,,,,,,,,,,,,,,,,,,,,,,,,,,,,,,
Shota Morishita,CF,FA,,,,,,,,,,,,,,,,,,,,,,,,,,,,,,,,,,,,,,,,,,,,,,,
Francisco Perez,C,FA,,,,,,,,,,,,,,,,,,,,,,,,,,,,,,,,,,,,,,,,,,,,,,,
DJ LeMahieu,3B,FA,,,,,,,,,,,,,,,,,,,,,,,,,,,,,,,,,,,,,,,,,,,-0.12,0.63,4.3,23.8,77.5
Mason Guerra,1B,FA,,,,,,,,,,,,,,,,,,,,,,,,,,,,,,,,,,,,,,,,,,,,,,,
Jeancer Custodio,CF,FA,,,,,,,,,,,,,,,,,,,,,,,,,,,,,,,,,,,,,,,,,,,,,,,
Elian Rosario,3B,FA,,,,,,,,,,,,,,,,,,,,,,,,,,,,,,,,,,,,,,,,,,,,,,,
Dub Gleed,3B,FA,,,,,,,,,,,,,,,,,,,,,,,,,,,,,,,,,,,,,,,,,,,,,,,
Victor Valdez,SS,T,,,,,,,,,,,,,,,,,,,,,,,,,,,,,,,,,,,,,,,,,,,,,,,
J.R. Freethy,2B,FA,,,,,,,,,,,,,,,,,,,,,,,,,,,,,,,,,,,,,,,,,,,,,,,
Austin St. Laurent,SS,FA,,,,,,,,,,,,,,,,,,,,,,,,,,,,,,,,,,,,,,,,,,,,,,,
Ryan McCrystal,C,FA,,,,,,,,,,,,,,,,,,,,,,,,,,,,,,,,,,,,,,,,,,,,,,,
Zach Evans,3B,FA,,,,,,,,,,,,,,,,,,,,,,,,,,,,,,,,,,,,,,,,,,,,,,,
Brendan Durfee,C,FA,,,,,,,,,,,,,,,,,,,,,,,,,,,,,,,,,,,,,,,,,,,,,,,
Austin Green,2B,FA,,,,,,,,,,,,,,,,,,,,,,,,,,,,,,,,,,,,,,,,,,,,,,,
Zane Zielinski,SS,FA,,,,,,,,,,,,,,,,,,,,,,,,,,,,,,,,,,,,,,,,,,,,,,,
Jackson Ross,1B,FA,,,,,,,,,,,,,,,,,,,,,,,,,,,,,,,,,,,,,,,,,,,,,,,
Ian Farrow,RF,FA,,,,,,,,,,,,,,,,,,,,,,,,,,,,,,,,,,,,,,,,,,,,,,,
Nick Roselli,2B,FA,,,,,,,,,,,,,,,,,,,,,,,,,,,,,,,,,,,,,,,,,,,,,,,
Patrick Clohisy,CF,FA,,,,,,,,,,,,,,,,,,,,,,,,,,,,,,,,,,,,,,,,,,,,,,,
Jason Schiavone,C,FA,,,,,,,,,,,,,,,,,,,,,,,,,,,,,,,,,,,,,,,,,,,,,,,
Yojanser Calzado,CF,FA,,,,,,,,,,,,,,,,,,,,,,,,,,,,,,,,,,,,,,,,,,,,,,,
Jake Steels,LF,FA,,,,,,,,,,,,,,,,,,,,,,,,,,,,,,,,,,,,,,,,,,,,,,,
Jose Astudillo,LF,FA,,,,,,,,,,,,,,,,,,,,,,,,,,,,,,,,,,,,,,,,,,,,,,,
Ali Camarillo,SS,FA,,,,,,,,,,,,,,,,,,,,,,,,,,,,,,,,,,,,,,,,,,,,,,,
Victor Marquez,C,FA,,,,,,,,,,,,,,,,,,,,,,,,,,,,,,,,,,,,,,,,,,,,,,,
Angel Abreu,LF,FA,,,,,,,,,,,,,,,,,,,,,,,,,,,,,,,,,,,,,,,,,,,,,,,
Camden Janik,LF,FA,,,,,,,,,,,,,,,,,,,,,,,,,,,,,,,,,,,,,,,,,,,,,,,
Jude Warwick,SS,FA,,,,,,,,,,,,,,,,,,,,,,,,,,,,,,,,,,,,,,,,,,,,,,,
Brandon Butterworth,2B,FA,,,,,,,,,,,,,,,,,,,,,,,,,,,,,,,,,,,,,,,,,,,,,,,
Connor Caskenette,C,FA,,,,,,,,,,,,,,,,,,,,,,,,,,,,,,,,,,,,,,,,,,,,,,,
Jack Lines,2B,FA,,,,,,,,,,,,,,,,,,,,,,,,,,,,,,,,,,,,,,,,,,,,,,,
Trayce Thompson,RF,FA,,,,,,,,,,,,,,,,,,,,,,,,,,,,,,,,,,,,,,,,,,,,,,,
Andrew Tess,C,FA,,,,,,,,,,,,,,,,,,,,,,,,,,,,,,,,,,,,,,,,,,,,,,,
Garrett Howe,2B,FA,,,,,,,,,,,,,,,,,,,,,,,,,,,,,,,,,,,,,,,,,,,,,,,
Andy Polanco,CF,FA,,,,,,,,,,,,,,,,,,,,,,,,,,,,,,,,,,,,,,,,,,,,,,,
Sean Barnett,DH,FA,,,,,,,,,,,,,,,,,,,,,,,,,,,,,,,,,,,,,,,,,,,,,,,
Christian Bethancourt,C,FA,,,,,,,,,,,,,,,,,,,,,,,,,,,,,,,,,,,,,,,,,,,,,,,
Manuel Almeida,C,FA,,,,,,,,,,,,,,,,,,,,,,,,,,,,,,,,,,,,,,,,,,,,,,,
Jackson Nicklaus,1B,FA,,,,,,,,,,,,,,,,,,,,,,,,,,,,,,,,,,,,,,,,,,,,,,,
Gavin Smith,SS,FA,,,,,,,,,,,,,,,,,,,,,,,,,,,,,,,,,,,,,,,,,,,,,,,
Luis Tovar,3B,FA,,,,,,,,,,,,,,,,,,,,,,,,,,,,,,,,,,,,,,,,,,,,,,,
Jay Thomason,3B,FA,,,,,,,,,,,,,,,,,,,,,,,,,,,,,,,,,,,,,,,,,,,,,,,
Titus Dumitru,LF,FA,,,,,,,,,,,,,,,,,,,,,,,,,,,,,,,,,,,,,,,,,,,,,,,
Michael Cordero,3B,FA,,,,,,,,,,,,,,,,,,,,,,,,,,,,,,,,,,,,,,,,,,,,,,,
Micah McDowell,LF,FA,,,,,,,,,,,,,,,,,,,,,,,,,,,,,,,,,,,,,,,,,,,,,,,
Nate George,CF,T,,,,,,,,,,,,,,,,,,,,,,,,,,,,,,,,,,,,,,,,,,,,,,,
Eric Rataczak,RF,FA,,,,,,,,,,,,,,,,,,,,,,,,,,,,,,,,,,,,,,,,,,,,,,,
Brady Marget,1B,FA,,,,,,,,,,,,,,,,,,,,,,,,,,,,,,,,,,,,,,,,,,,,,,,
Ryan Jackson,SS,FA,,,,,,,,,,,,,,,,,,,,,,,,,,,,,,,,,,,,,,,,,,,,,,,
JoJo Jackson,RF,FA,,,,,,,,,,,,,,,,,,,,,,,,,,,,,,,,,,,,,,,,,,,,,,,
Kasen Wells,CF,FA,,,,,,,,,,,,,,,,,,,,,,,,,,,,,,,,,,,,,,,,,,,,,,,
Gabriel Rosado,C,FA,,,,,,,,,,,,,,,,,,,,,,,,,,,,,,,,,,,,,,,,,,,,,,,
Yan Cruz,RF,FA,,,,,,,,,,,,,,,,,,,,,,,,,,,,,,,,,,,,,,,,,,,,,,,
Andrew Patrick,CF,FA,,,,,,,,,,,,,,,,,,,,,,,,,,,,,,,,,,,,,,,,,,,,,,,
Lyle Miller-Green,1B,FA,,,,,,,,,,,,,,,,,,,,,,,,,,,,,,,,,,,,,,,,,,,,,,,
Jacoby Long,CF,FA,,,,,,,,,,,,,,,,,,,,,,,,,,,,,,,,,,,,,,,,,,,,,,,
Jalen Hairston,3B,FA,,,,,,,,,,,,,,,,,,,,,,,,,,,,,,,,,,,,,,,,,,,,,,,
Paul Witt,2B,FA,,,,,,,,,,,,,,,,,,,,,,,,,,,,,,,,,,,,,,,,,,,,,,,
Ethan Wagner,CF,FA,,,,,,,,,,,,,,,,,,,,,,,,,,,,,,,,,,,,,,,,,,,,,,,
Fernando Gonzalez,C,FA,,,,,,,,,,,,,,,,,,,,,,,,,,,,,,,,,,,,,,,,,,,,,,,
Dalton McIntyre,CF,FA,,,,,,,,,,,,,,,,,,,,,,,,,,,,,,,,,,,,,,,,,,,,,,,
Alan Espinal,C,FA,,,,,,,,,,,,,,,,,,,,,,,,,,,,,,,,,,,,,,,,,,,,,,,
Luis Aguilera,SS,FA,,,,,,,,,,,,,,,,,,,,,,,,,,,,,,,,,,,,,,,,,,,,,,,
Eduardo Rojas,C,FA,,,,,,,,,,,,,,,,,,,,,,,,,,,,,,,,,,,,,,,,,,,,,,,
Jonathan Moya,LF,FA,,,,,,,,,,,,,,,,,,,,,,,,,,,,,,,,,,,,,,,,,,,,,,,
Davirik Fuenmayor,CF,FA,,,,,,,,,,,,,,,,,,,,,,,,,,,,,,,,,,,,,,,,,,,,,,,
Pablo Nunez,CF,FA,,,,,,,,,,,,,,,,,,,,,,,,,,,,,,,,,,,,,,,,,,,,,,,
Shendrion Martinus,3B,FA,,,,,,,,,,,,,,,,,,,,,,,,,,,,,,,,,,,,,,,,,,,,,,,
Javier Acevedo,C,FA,,,,,,,,,,,,,,,,,,,,,,,,,,,,,,,,,,,,,,,,,,,,,,,
Jose Camacho,1B,FA,,,,,,,,,,,,,,,,,,,,,,,,,,,,,,,,,,,,,,,,,,,,,,,
Luis Fragoza,LF,FA,,,,,,,,,,,,,,,,,,,,,,,,,,,,,,,,,,,,,,,,,,,,,,,
Roybert Herrera,1B,FA,,,,,,,,,,,,,,,,,,,,,,,,,,,,,,,,,,,,,,,,,,,,,,,
Jorge Rodriguez,C,FA,,,,,,,,,,,,,,,,,,,,,,,,,,,,,,,,,,,,,,,,,,,,,,,
Gavin Fien,SS,T,,,,,,,,,,,,,,,,,,,,,,,,,,,,,,,,,,,,,,,,,,,,,,,
Sergio Tapia,C,FA,,,,,,,,,,,,,,,,,,,,,,,,,,,,,,,,,,,,,,,,,,,,,,,
Maddux Houghton,CF,FA,,,,,,,,,,,,,,,,,,,,,,,,,,,,,,,,,,,,,,,,,,,,,,,
Moises Gomez,LF,FA,,,,,,,,,,,,,,,,,,,,,,,,,,,,,,,,,,,,,,,,,,,,,,,
J.P. Martinez,LF,FA,,,,,,,,,,,,,,,,,,,,,,,,,,,,,,,,,,,,,,,,,,,,,,,
Lorenzo Cedrola,CF,FA,,,,,,,,,,,,,,,,,,,,,,,,,,,,,,,,,,,,,,,,,,,,,,,
Estevan Florial,LF,FA,,,,,,,,,,,,,,,,,,,,,,,,,,,,,,,,,,,,,,,,,,,,,,,
Esteban Quiroz,2B,FA,,,,,,,,,,,,,,,,,,,,,,,,,,,,,,,,,,,,,,,,,,,,,,,
Jake Marisnick,CF,FA,,,,,,,,,,,,,,,,,,,,,,,,,,,,,,,,,,,,,,,,,,,,,,,
Kade Lewis,1B,FA,,,,,,,,,,,,,,,,,,,,,,,,,,,,,,,,,,,,,,,,,,,,,,,
Antonio Jimenez,SS,FA,,,,,,,,,,,,,,,,,,,,,,,,,,,,,,,,,,,,,,,,,,,,,,,
Myles Smith,LF,FA,,,,,,,,,,,,,,,,,,,,,,,,,,,,,,,,,,,,,,,,,,,,,,,
Teo Banks,CF,FA,,,,,,,,,,,,,,,,,,,,,,,,,,,,,,,,,,,,,,,,,,,,,,,
Angelo Castellano,SS,FA,,,,,,,,,,,,,,,,,,,,,,,,,,,,,,,,,,,,,,,,,,,,,,,
Brock Tibbitts,C,FA,,,,,,,,,,,,,,,,,,,,,,,,,,,,,,,,,,,,,,,,,,,,,,,
Ethan Lege,1B,FA,,,,,,,,,,,,,,,,,,,,,,,,,,,,,,,,,,,,,,,,,,,,,,,
Peyton Carr,1B,FA,,,,,,,,,,,,,,,,,,,,,,,,,,,,,,,,,,,,,,,,,,,,,,,
Corey Cousin,CF,FA,,,,,,,,,,,,,,,,,,,,,,,,,,,,,,,,,,,,,,,,,,,,,,,
Kodey Shojinaga,C,FA,,,,,,,,,,,,,,,,,,,,,,,,,,,,,,,,,,,,,,,,,,,,,,,
Wilfred Veras,RF,FA,,,,,,,,,,,,,,,,,,,,,,,,,,,,,,,,,,,,,,,,,,,,,,,
Yanuel Casiano,C,FA,,,,,,,,,,,,,,,,,,,,,,,,,,,,,,,,,,,,,,,,,,,,,,,
Matt Halbach,1B,FA,,,,,,,,,,,,,,,,,,,,,,,,,,,,,,,,,,,,,,,,,,,,,,,
Joe Delossantos,LF,FA,,,,,,,,,,,,,,,,,,,,,,,,,,,,,,,,,,,,,,,,,,,,,,,
Michael Snyder,LF,FA,,,,,,,,,,,,,,,,,,,,,,,,,,,,,,,,,,,,,,,,,,,,,,,
Anthony Donofrio,RF,FA,,,,,,,,,,,,,,,,,,,,,,,,,,,,,,,,,,,,,,,,,,,,,,,
Daniel Montano,CF,FA,,,,,,,,,,,,,,,,,,,,,,,,,,,,,,,,,,,,,,,,,,,,,,,
Emanuel Luna,CF,T,,,,,,,,,,,,,,,,,,,,,,,,,,,,,,,,,,,,,,,,,,,,,,,
Brady Day,3B,FA,,,,,,,,,,,,,,,,,,,,,,,,,,,,,,,,,,,,,,,,,,,,,,,
Juan Rijo,CF,T,,,,,,,,,,,,,,,,,,,,,,,,,,,,,,,,,,,,,,,,,,,,,,,
Trent Youngblood,LF,FA,,,,,,,,,,,,,,,,,,,,,,,,,,,,,,,,,,,,,,,,,,,,,,,
Elijah Hainline,SS,FA,,,,,,,,,,,,,,,,,,,,,,,,,,,,,,,,,,,,,,,,,,,,,,,
Frank Rodriguez,C,FA,,,,,,,,,,,,,,,,,,,,,,,,,,,,,,,,,,,,,,,,,,,,,,,
Anthwan Brea,LF,FA,,,,,,,,,,,,,,,,,,,,,,,,,,,,,,,,,,,,,,,,,,,,,,,
Alexander Rincon,CF,FA,,,,,,,,,,,,,,,,,,,,,,,,,,,,,,,,,,,,,,,,,,,,,,,
Francisco Espinoza,C,FA,,,,,,,,,,,,,,,,,,,,,,,,,,,,,,,,,,,,,,,,,,,,,,,
Christian Astudillo,C,FA,,,,,,,,,,,,,,,,,,,,,,,,,,,,,,,,,,,,,,,,,,,,,,,
Juan Martinez,2B,T,,,,,,,,,,,,,,,,,,,,,,,,,,,,,,,,,,,,,,,,,,,,,,,
Anderson Garcia,3B,FA,,,,,,,,,,,,,,,,,,,,,,,,,,,,,,,,,,,,,,,,,,,,,,,
Slater de Brun,CF,FA,,,,,,,,,,,,,,,,,,,,,,,,,,,,,,,,,,,,,,,,,,,,,,,
Humberto Tiberi,C,FA,,,,,,,,,,,,,,,,,,,,,,,,,,,,,,,,,,,,,,,,,,,,,,,
Erny Orellana,RF,FA,,,,,,,,,,,,,,,,,,,,,,,,,,,,,,,,,,,,,,,,,,,,,,,
Dylan Shockley,C,FA,,,,,,,,,,,,,,,,,,,,,,,,,,,,,,,,,,,,,,,,,,,,,,,
Chris Brito,1B,FA,,,,,,,,,,,,,,,,,,,,,,,,,,,,,,,,,,,,,,,,,,,,,,,
William Simoneit,C,FA,,,,,,,,,,,,,,,,,,,,,,,,,,,,,,,,,,,,,,,,,,,,,,,
Diego Gonzalez,3B,FA,,,,,,,,,,,,,,,,,,,,,,,,,,,,,,,,,,,,,,,,,,,,,,,
Diego Gonzalez,C,FA,,,,,,,,,,,,,,,,,,,,,,,,,,,,,,,,,,,,,,,,,,,,,,,
Jealmy Frias,RF,FA,,,,,,,,,,,,,,,,,,,,,,,,,,,,,,,,,,,,,,,,,,,,,,,
Gabriel Cesa,LF,FA,,,,,,,,,,,,,,,,,,,,,,,,,,,,,,,,,,,,,,,,,,,,,,,
Jose Riera,2B,FA,,,,,,,,,,,,,,,,,,,,,,,,,,,,,,,,,,,,,,,,,,,,,,,
Kane Kepley,CF,T,,,,,,,,,,,,,,,,,,,,,,,,,,,,,,,,,,,,,,,,,,,,,,,
Pedro Blanco,1B,FA,,,,,,,,,,,,,,,,,,,,,,,,,,,,,,,,,,,,,,,,,,,,,,,
Rodrigo Garcia,C,FA,,,,,,,,,,,,,,,,,,,,,,,,,,,,,,,,,,,,,,,,,,,,,,,
Endry Reyes,1B,FA,,,,,,,,,,,,,,,,,,,,,,,,,,,,,,,,,,,,,,,,,,,,,,,
Jeyson Moya,3B,FA,,,,,,,,,,,,,,,,,,,,,,,,,,,,,,,,,,,,,,,,,,,,,,,
Deuri Castillo,1B,FA,,,,,,,,,,,,,,,,,,,,,,,,,,,,,,,,,,,,,,,,,,,,,,,
Argenis Valdez,LF,FA,,,,,,,,,,,,,,,,,,,,,,,,,,,,,,,,,,,,,,,,,,,,,,,
Albert Jimenez,DH,FA,,,,,,,,,,,,,,,,,,,,,,,,,,,,,,,,,,,,,,,,,,,,,,,
Leury Garcia,RF,FA,,,,,,,,,,,,,,,,,,,,,,,,,,,,,,,,,,,,,,,,,,,,,,,
Blaine Bullard,CF,FA,,,,,,,,,,,,,,,,,,,,,,,,,,,,,,,,,,,,,,,,,,,,,,,
Ely Brown,CF,FA,,,,,,,,,,,,,,,,,,,,,,,,,,,,,,,,,,,,,,,,,,,,,,,
Martin Maldonado,C,FA,,,,,,,,,,,,,,,,,,,,,,,,,,,,,,,,,,,,,,,,,,,-0.96,-1.72,9.4,31.8,61.1
Edwin Darville,2B,FA,,,,,,,,,,,,,,,,,,,,,,,,,,,,,,,,,,,,,,,,,,,,,,,
Sebastian Baquera,C,FA,,,,,,,,,,,,,,,,,,,,,,,,,,,,,,,,,,,,,,,,,,,,,,,
Johan Rodriguez,SS,FA,,,,,,,,,,,,,,,,,,,,,,,,,,,,,,,,,,,,,,,,,,,,,,,
Aaron Bracho,3B,FA,,,,,,,,,,,,,,,,,,,,,,,,,,,,,,,,,,,,,,,,,,,,,,,
Juan Monso,2B,FA,,,,,,,,,,,,,,,,,,,,,,,,,,,,,,,,,,,,,,,,,,,,,,,
Rashawn Pinder,CF,FA,,,,,,,,,,,,,,,,,,,,,,,,,,,,,,,,,,,,,,,,,,,,,,,
Justin Trimble,1B,FA,,,,,,,,,,,,,,,,,,,,,,,,,,,,,,,,,,,,,,,,,,,,,,,
Trevor Austin,2B,FA,,,,,,,,,,,,,,,,,,,,,,,,,,,,,,,,,,,,,,,,,,,,,,,
Colton Becker,SS,FA,,,,,,,,,,,,,,,,,,,,,,,,,,,,,,,,,,,,,,,,,,,,,,,
Colin Summerhill,1B,FA,,,,,,,,,,,,,,,,,,,,,,,,,,,,,,,,,,,,,,,,,,,,,,,
Harold Coll,3B,FA,,,,,,,,,,,,,,,,,,,,,,,,,,,,,,,,,,,,,,,,,,,,,,,
Kaden Hopson,DH,FA,,,,,,,,,,,,,,,,,,,,,,,,,,,,,,,,,,,,,,,,,,,,,,,
Jadyn Fielder,LF,FA,,,,,,,,,,,,,,,,,,,,,,,,,,,,,,,,,,,,,,,,,,,,,,,
Gio Cueto,C,FA,,,,,,,,,,,,,,,,,,,,,,,,,,,,,,,,,,,,,,,,,,,,,,,
Jessada Brown,C,FA,,,,,,,,,,,,,,,,,,,,,,,,,,,,,,,,,,,,,,,,,,,,,,,
Alex Stone,C,FA,,,,,,,,,,,,,,,,,,,,,,,,,,,,,,,,,,,,,,,,,,,,,,,
Owen Gregg,SS,FA,,,,,,,,,,,,,,,,,,,,,,,,,,,,,,,,,,,,,,,,,,,,,,,
Francesco Barbieri,CF,FA,,,,,,,,,,,,,,,,,,,,,,,,,,,,,,,,,,,,,,,,,,,,,,,
Tyler Herron,C,FA,,,,,,,,,,,,,,,,,,,,,,,,,,,,,,,,,,,,,,,,,,,,,,,
Matthew Ellis,C,FA,,,,,,,,,,,,,,,,,,,,,,,,,,,,,,,,,,,,,,,,,,,,,,,
Hunter Dobbins,C,FA,,,,,,,,,,,,,,,,,,,,,,,,,,,,,,,,,,,,,,,,,,,,,,,
Garrett Pennington,1B,FA,,,,,,,,,,,,,,,,,,,,,,,,,,,,,,,,,,,,,,,,,,,,,,,
Connor Dykstra,C,FA,,,,,,,,,,,,,,,,,,,,,,,,,,,,,,,,,,,,,,,,,,,,,,,
Dustin Crenshaw,LF,FA,,,,,,,,,,,,,,,,,,,,,,,,,,,,,,,,,,,,,,,,,,,,,,,
Mac Guscette,C,FA,,,,,,,,,,,,,,,,,,,,,,,,,,,,,,,,,,,,,,,,,,,,,,,
Carter Dorighi,3B,FA,,,,,,,,,,,,,,,,,,,,,,,,,,,,,,,,,,,,,,,,,,,,,,,
Austin Machado,C,FA,,,,,,,,,,,,,,,,,,,,,,,,,,,,,,,,,,,,,,,,,,,,,,,
Jack Mathey,C,FA,,,,,,,,,,,,,,,,,,,,,,,,,,,,,,,,,,,,,,,,,,,,,,,
Alex McCoy,LF,FA,,,,,,,,,,,,,,,,,,,,,,,,,,,,,,,,,,,,,,,,,,,,,,,
Jack Penney,2B,FA,,,,,,,,,,,,,,,,,,,,,,,,,,,,,,,,,,,,,,,,,,,,,,,
Roberto Perez,C,FA,,,,,,,,,,,,,,,,,,,,,,,,,,,,,,,,,,,,,,,,,,,,,,,
Nathan Archer,LF,FA,,,,,,,,,,,,,,,,,,,,,,,,,,,,,,,,,,,,,,,,,,,,,,,
Cesar Franco,RF,FA,,,,,,,,,,,,,,,,,,,,,,,,,,,,,,,,,,,,,,,,,,,,,,,
Javier Francisco,SS,FA,,,,,,,,,,,,,,,,,,,,,,,,,,,,,,,,,,,,,,,,,,,,,,,
Tommy Takayoshi,C,FA,,,,,,,,,,,,,,,,,,,,,,,,,,,,,,,,,,,,,,,,,,,,,,,
Josh Springer,C,FA,,,,,,,,,,,,,,,,,,,,,,,,,,,,,,,,,,,,,,,,,,,,,,,
Parks Harber,3B,FA,,,,,,,,,,,,,,,,,,,,,,,,,,,,,,,,,,,,,,,,,,,,,,,
Owen Cobb,2B,FA,,,,,,,,,,,,,,,,,,,,,,,,,,,,,,,,,,,,,,,,,,,,,,,
Duncan Pastore,2B,FA,,,,,,,,,,,,,,,,,,,,,,,,,,,,,,,,,,,,,,,,,,,,,,,
Tyler Wilson,LF,FA,,,,,,,,,,,,,,,,,,,,,,,,,,,,,,,,,,,,,,,,,,,,,,,
Colin Tuft,C,FA,,,,,,,,,,,,,,,,,,,,,,,,,,,,,,,,,,,,,,,,,,,,,,,
Jan Luis Reyes,LF,FA,,,,,,,,,,,,,,,,,,,,,,,,,,,,,,,,,,,,,,,,,,,,,,,
Bryce Eblin,2B,FA,,,,,,,,,,,,,,,,,,,,,,,,,,,,,,,,,,,,,,,,,,,,,,,
Alec Makarewicz,1B,FA,,,,,,,,,,,,,,,,,,,,,,,,,,,,,,,,,,,,,,,,,,,,,,,
Grant Magill,C,FA,,,,,,,,,,,,,,,,,,,,,,,,,,,,,,,,,,,,,,,,,,,,,,,
Jorge Corona,C,FA,,,,,,,,,,,,,,,,,,,,,,,,,,,,,,,,,,,,,,,,,,,,,,,
Brayden Smith,2B,FA,,,,,,,,,,,,,,,,,,,,,,,,,,,,,,,,,,,,,,,,,,,,,,,
Mason Pike,SS,FA,,,,,,,,,,,,,,,,,,,,,,,,,,,,,,,,,,,,,,,,,,,,,,,
Kenyon Simmons,3B,FA,,,,,,,,,,,,,,,,,,,,,,,,,,,,,,,,,,,,,,,,,,,,,,,
Isaac Osorio,CF,FA,,,,,,,,,,,,,,,,,,,,,,,,,,,,,,,,,,,,,,,,,,,,,,,
Matt Scannell,CF,FA,,,,,,,,,,,,,,,,,,,,,,,,,,,,,,,,,,,,,,,,,,,,,,,
Ethan Moore,SS,FA,,,,,,,,,,,,,,,,,,,,,,,,,,,,,,,,,,,,,,,,,,,,,,,
Winifer Castillo,LF,FA,,,,,,,,,,,,,,,,,,,,,,,,,,,,,,,,,,,,,,,,,,,,,,,
Jhiancarlos Diaz,SS,FA,,,,,,,,,,,,,,,,,,,,,,,,,,,,,,,,,,,,,,,,,,,,,,,
Joshua Francis,LF,FA,,,,,,,,,,,,,,,,,,,,,,,,,,,,,,,,,,,,,,,,,,,,,,,
Givian Sirvania,3B,FA,,,,,,,,,,,,,,,,,,,,,,,,,,,,,,,,,,,,,,,,,,,,,,,
Nomar Velasquez,LF,FA,,,,,,,,,,,,,,,,,,,,,,,,,,,,,,,,,,,,,,,,,,,,,,,
Yadimir Fuentes,1B,FA,,,,,,,,,,,,,,,,,,,,,,,,,,,,,,,,,,,,,,,,,,,,,,,
George Bilecki,RF,FA,,,,,,,,,,,,,,,,,,,,,,,,,,,,,,,,,,,,,,,,,,,,,,,
Elijah Farley,CF,FA,,,,,,,,,,,,,,,,,,,,,,,,,,,,,,,,,,,,,,,,,,,,,,,
Truitt Madonna,C,FA,,,,,,,,,,,,,,,,,,,,,,,,,,,,,,,,,,,,,,,,,,,,,,,
Eli Lovich,RF,FA,,,,,,,,,,,,,,,,,,,,,,,,,,,,,,,,,,,,,,,,,,,,,,,
CJ Hughes,SS,FA,,,,,,,,,,,,,,,,,,,,,,,,,,,,,,,,,,,,,,,,,,,,,,,
Bo Walker,LF,FA,,,,,,,,,,,,,,,,,,,,,,,,,,,,,,,,,,,,,,,,,,,,,,,
Justin Thomas,CF,FA,,,,,,,,,,,,,,,,,,,,,,,,,,,,,,,,,,,,,,,,,,,,,,,
Beau Ankeney,1B,FA,,,,,,,,,,,,,,,,,,,,,,,,,,,,,,,,,,,,,,,,,,,,,,,
Dylan Palmer,2B,FA,,,,,,,,,,,,,,,,,,,,,,,,,,,,,,,,,,,,,,,,,,,,,,,
Logan Poteet,C,FA,,,,,,,,,,,,,,,,,,,,,,,,,,,,,,,,,,,,,,,,,,,,,,,
Jack Arcamone,C,FA,,,,,,,,,,,,,,,,,,,,,,,,,,,,,,,,,,,,,,,,,,,,,,,
Boston Kellner,3B,FA,,,,,,,,,,,,,,,,,,,,,,,,,,,,,,,,,,,,,,,,,,,,,,,
Tyler Howard,C,FA,,,,,,,,,,,,,,,,,,,,,,,,,,,,,,,,,,,,,,,,,,,,,,,
Will Vierling,C,FA,,,,,,,,,,,,,,,,,,,,,,,,,,,,,,,,,,,,,,,,,,,,,,,
Jon Jon Gazdar,SS,FA,,,,,,,,,,,,,,,,,,,,,,,,,,,,,,,,,,,,,,,,,,,,,,,
Peyton Powell,1B,FA,,,,,,,,,,,,,,,,,,,,,,,,,,,,,,,,,,,,,,,,,,,,,,,
Rodny Rosario,3B,FA,,,,,,,,,,,,,,,,,,,,,,,,,,,,,,,,,,,,,,,,,,,,,,,
Rafe Perich,3B,FA,,,,,,,,,,,,,,,,,,,,,,,,,,,,,,,,,,,,,,,,,,,,,,,
Hernan Perez,3B,FA,,,,,,,,,,,,,,,,,,,,,,,,,,,,,,,,,,,,,,,,,,,,,,,
Hayden Friese,1B,FA,,,,,,,,,,,,,,,,,,,,,,,,,,,,,,,,,,,,,,,,,,,,,,,
Cole McConnell,LF,FA,,,,,,,,,,,,,,,,,,,,,,,,,,,,,,,,,,,,,,,,,,,,,,,
Jacob Lojewski,SS,FA,,,,,,,,,,,,,,,,,,,,,,,,,,,,,,,,,,,,,,,,,,,,,,,
Ryan Picollo,RF,FA,,,,,,,,,,,,,,,,,,,,,,,,,,,,,,,,,,,,,,,,,,,,,,,
Hayden Gilliland,C,FA,,,,,,,,,,,,,,,,,,,,,,,,,,,,,,,,,,,,,,,,,,,,,,,
Theo Hardy,SS,FA,,,,,,,,,,,,,,,,,,,,,,,,,,,,,,,,,,,,,,,,,,,,,,,
Christian Fagnant,C,FA,,,,,,,,,,,,,,,,,,,,,,,,,,,,,,,,,,,,,,,,,,,,,,,
Jack Barker,LF,FA,,,,,,,,,,,,,,,,,,,,,,,,,,,,,,,,,,,,,,,,,,,,,,,
Dylan Grego,2B,FA,,,,,,,,,,,,,,,,,,,,,,,,,,,,,,,,,,,,,,,,,,,,,,,
Tyson Moran,SS,FA,,,,,,,,,,,,,,,,,,,,,,,,,,,,,,,,,,,,,,,,,,,,,,,
Maykel Coret,CF,FA,,,,,,,,,,,,,,,,,,,,,,,,,,,,,,,,,,,,,,,,,,,,,,,
Dorian Soto,SS,T,,,,,,,,,,,,,,,,,,,,,,,,,,,,,,,,,,,,,,,,,,,,,,,
Jack Goodman,SS,FA,,,,,,,,,,,,,,,,,,,,,,,,,,,,,,,,,,,,,,,,,,,,,,,
Diego Tornes,CF,FA,,,,,,,,,,,,,,,,,,,,,,,,,,,,,,,,,,,,,,,,,,,,,,,
Wilfri De La Cruz,SS,FA,,,,,,,,,,,,,,,,,,,,,,,,,,,,,,,,,,,,,,,,,,,,,,,
Warel Solano,3B,FA,,,,,,,,,,,,,,,,,,,,,,,,,,,,,,,,,,,,,,,,,,,,,,,
Darwing Ozuna,RF,FA,,,,,,,,,,,,,,,,,,,,,,,,,,,,,,,,,,,,,,,,,,,,,,,
Harold Rivas,CF,FA,,,,,,,,,,,,,,,,,,,,,,,,,,,,,,,,,,,,,,,,,,,,,,,
Jacob Parker,CF,FA,,,,,,,,,,,,,,,,,,,,,,,,,,,,,,,,,,,,,,,,,,,,,,,
Angel Requena,1B,FA,,,,,,,,,,,,,,,,,,,,,,,,,,,,,,,,,,,,,,,,,,,,,,,
Bryan Arendt,C,FA,,,,,,,,,,,,,,,,,,,,,,,,,,,,,,,,,,,,,,,,,,,,,,,
Diego Hernandez,SS,FA,,,,,,,,,,,,,,,,,,,,,,,,,,,,,,,,,,,,,,,,,,,,,,,
Riangelo Richardson,2B,FA,,,,,,,,,,,,,,,,,,,,,,,,,,,,,,,,,,,,,,,,,,,,,,,
Kole Myers,LF,FA,,,,,,,,,,,,,,,,,,,,,,,,,,,,,,,,,,,,,,,,,,,,,,,
Rylan Galvan,C,FA,,,,,,,,,,,,,,,,,,,,,,,,,,,,,,,,,,,,,,,,,,,,,,,
Feldi Tavarez,C,FA,,,,,,,,,,,,,,,,,,,,,,,,,,,,,,,,,,,,,,,,,,,,,,,
Jakob Christian,1B,FA,,,,,,,,,,,,,,,,,,,,,,,,,,,,,,,,,,,,,,,,,,,,,,,
Nayerich Waterfort,2B,FA,,,,,,,,,,,,,,,,,,,,,,,,,,,,,,,,,,,,,,,,,,,,,,,
Ivan Brethowr,RF,FA,,,,,,,,,,,,,,,,,,,,,,,,,,,,,,,,,,,,,,,,,,,,,,,
Jackson Strong,CF,FA,,,,,,,,,,,,,,,,,,,,,,,,,,,,,,,,,,,,,,,,,,,,,,,
Joseph Sullivan,CF,FA,,,,,,,,,,,,,,,,,,,,,,,,,,,,,,,,,,,,,,,,,,,,,,,
Kai Roberts,CF,FA,,,,,,,,,,,,,,,,,,,,,,,,,,,,,,,,,,,,,,,,,,,,,,,
Angel Ramirez,LF,FA,,,,,,,,,,,,,,,,,,,,,,,,,,,,,,,,,,,,,,,,,,,,,,,
Starlin Mieses,RF,FA,,,,,,,,,,,,,,,,,,,,,,,,,,,,,,,,,,,,,,,,,,,,,,,
Logan Hughes,LF,FA,,,,,,,,,,,,,,,,,,,,,,,,,,,,,,,,,,,,,,,,,,,,,,,
Blake Penso,C,FA,,,,,,,,,,,,,,,,,,,,,,,,,,,,,,,,,,,,,,,,,,,,,,,
David McCann,C,FA,,,,,,,,,,,,,,,,,,,,,,,,,,,,,,,,,,,,,,,,,,,,,,,
Logan Maxwell,RF,FA,,,,,,,,,,,,,,,,,,,,,,,,,,,,,,,,,,,,,,,,,,,,,,,
Juan Rujano,DH,FA,,,,,,,,,,,,,,,,,,,,,,,,,,,,,,,,,,,,,,,,,,,,,,,
Franklin Arias,SS,T,,,,,,,,,,,,,,,,,,,,,,,,,,,,,,,,,,,,,,,,,,,,,,,
Timothy Mogen,SS,FA,,,,,,,,,,,,,,,,,,,,,,,,,,,,,,,,,,,,,,,,,,,,,,,
Eduardo Quintero,CF,T,,,,,,,,,,,,,,,,,,,,,,,,,,,,,,,,,,,,,,,,,,,,,,,
Carlos Done,RF,FA,,,,,,,,,,,,,,,,,,,,,,,,,,,,,,,,,,,,,,,,,,,,,,,
Peyton Bonds,CF,FA,,,,,,,,,,,,,,,,,,,,,,,,,,,,,,,,,,,,,,,,,,,,,,,
Jean Paredes,RF,FA,,,,,,,,,,,,,,,,,,,,,,,,,,,,,,,,,,,,,,,,,,,,,,,
Alexey Lumpuy,RF,FA,,,,,,,,,,,,,,,,,,,,,,,,,,,,,,,,,,,,,,,,,,,,,,,
Carlos Rodriguez,RF,FA,,,,,,,,,,,,,,,,,,,,,,,,,,,,,,,,,,,,,,,,,,,,,,,
German Ramirez,SS,FA,,,,,,,,,,,,,,,,,,,,,,,,,,,,,,,,,,,,,,,,,,,,,,,
Ariel Lebron,CF,FA,,,,,,,,,,,,,,,,,,,,,,,,,,,,,,,,,,,,,,,,,,,,,,,
Brayan Figueroa,SS,FA,,,,,,,,,,,,,,,,,,,,,,,,,,,,,,,,,,,,,,,,,,,,,,,
Caden Bodine,C,T,,,,,,,,,,,,,,,,,,,,,,,,,,,,,,,,,,,,,,,,,,,,,,,
Kyle Lodise,SS,FA,,,,,,,,,,,,,,,,,,,,,,,,,,,,,,,,,,,,,,,,,,,,,,,
Anthony Silva,2B,FA,,,,,,,,,,,,,,,,,,,,,,,,,,,,,,,,,,,,,,,,,,,,,,,
Yassel Garcia,3B,FA,,,,,,,,,,,,,,,,,,,,,,,,,,,,,,,,,,,,,,,,,,,,,,,
Cannon Peebles,C,FA,,,,,,,,,,,,,,,,,,,,,,,,,,,,,,,,,,,,,,,,,,,,,,,
Eduardo Tusen,SS,FA,,,,,,,,,,,,,,,,,,,,,,,,,,,,,,,,,,,,,,,,,,,,,,,
Santiago Ventura,CF,FA,,,,,,,,,,,,,,,,,,,,,,,,,,,,,,,,,,,,,,,,,,,,,,,
Grant Jay,C,FA,,,,,,,,,,,,,,,,,,,,,,,,,,,,,,,,,,,,,,,,,,,,,,,
Carlos Martinez,C,FA,,,,,,,,,,,,,,,,,,,,,,,,,,,,,,,,,,,,,,,,,,,,,,,
Malvin Fernandez,3B,FA,,,,,,,,,,,,,,,,,,,,,,,,,,,,,,,,,,,,,,,,,,,,,,,
Kevin Bazzell,C,FA,,,,,,,,,,,,,,,,,,,,,,,,,,,,,,,,,,,,,,,,,,,,,,,
Diego Orro,CF,FA,,,,,,,,,,,,,,,,,,,,,,,,,,,,,,,,,,,,,,,,,,,,,,,
Juan Sulbaran,C,FA,,,,,,,,,,,,,,,,,,,,,,,,,,,,,,,,,,,,,,,,,,,,,,,
Oscar Tineo,SS,FA,,,,,,,,,,,,,,,,,,,,,,,,,,,,,,,,,,,,,,,,,,,,,,,
Angel Paredes,LF,FA,,,,,,,,,,,,,,,,,,,,,,,,,,,,,,,,,,,,,,,,,,,,,,,
Jose Caguana,C,FA,,,,,,,,,,,,,,,,,,,,,,,,,,,,,,,,,,,,,,,,,,,,,,,
DShawn Knowles,CF,FA,,,,,,,,,,,,,,,,,,,,,,,,,,,,,,,,,,,,,,,,,,,,,,,
Kotaro Kiyomiya,1B,FA,,,,,,,,,,,,,,,,,,,,,,,,,,,,,,,,,,,,,,,,,,,,,,,
Manuel Baez,C,FA,,,,,,,,,,,,,,,,,,,,,,,,,,,,,,,,,,,,,,,,,,,,,,,
Hancel Almonte,1B,FA,,,,,,,,,,,,,,,,,,,,,,,,,,,,,,,,,,,,,,,,,,,,,,,
Carlos Benavides,C,FA,,,,,,,,,,,,,,,,,,,,,,,,,,,,,,,,,,,,,,,,,,,,,,,
Deward Tovar,RF,FA,,,,,,,,,,,,,,,,,,,,,,,,,,,,,,,,,,,,,,,,,,,,,,,
Alam Bruno,SS,FA,,,,,,,,,,,,,,,,,,,,,,,,,,,,,,,,,,,,,,,,,,,,,,,
Yulian Barreto,2B,FA,,,,,,,,,,,,,,,,,,,,,,,,,,,,,,,,,,,,,,,,,,,,,,,
Anthony Abreu,3B,FA,,,,,,,,,,,,,,,,,,,,,,,,,,,,,,,,,,,,,,,,,,,,,,,
Mayki De La Rosa,LF,FA,,,,,,,,,,,,,,,,,,,,,,,,,,,,,,,,,,,,,,,,,,,,,,,
Jose Rojas,LF,FA,,,,,,,,,,,,,,,,,,,,,,,,,,,,,,,,,,,,,,,,,,,,,,,
Isais Chavez,C,FA,,,,,,,,,,,,,,,,,,,,,,,,,,,,,,,,,,,,,,,,,,,,,,,
Jake Hanley,1B,FA,,,,,,,,,,,,,,,,,,,,,,,,,,,,,,,,,,,,,,,,,,,,,,,
Luis Steven King,SS,FA,,,,,,,,,,,,,,,,,,,,,,,,,,,,,,,,,,,,,,,,,,,,,,,
Julio Acosta,LF,FA,,,,,,,,,,,,,,,,,,,,,,,,,,,,,,,,,,,,,,,,,,,,,,,
Fidel Pinango,3B,FA,,,,,,,,,,,,,,,,,,,,,,,,,,,,,,,,,,,,,,,,,,,,,,,
Santiago Pinto,LF,FA,,,,,,,,,,,,,,,,,,,,,,,,,,,,,,,,,,,,,,,,,,,,,,,
Johan Macias,2B,FA,,,,,,,,,,,,,,,,,,,,,,,,,,,,,,,,,,,,,,,,,,,,,,,
Frailyn Severino,3B,FA,,,,,,,,,,,,,,,,,,,,,,,,,,,,,,,,,,,,,,,,,,,,,,,
Raudy De Los Santos,2B,FA,,,,,,,,,,,,,,,,,,,,,,,,,,,,,,,,,,,,,,,,,,,,,,,
Raimundo De Los Santos,SS,FA,,,,,,,,,,,,,,,,,,,,,,,,,,,,,,,,,,,,,,,,,,,,,,,
Manuel Campos,SS,FA,,,,,,,,,,,,,,,,,,,,,,,,,,,,,,,,,,,,,,,,,,,,,,,
Jefrey De Los Santos,RF,FA,,,,,,,,,,,,,,,,,,,,,,,,,,,,,,,,,,,,,,,,,,,,,,,
Striker Pence,3B,FA,,,,,,,,,,,,,,,,,,,,,,,,,,,,,,,,,,,,,,,,,,,,,,,
Yeremy Cabrera,CF,FA,,,,,,,,,,,,,,,,,,,,,,,,,,,,,,,,,,,,,,,,,,,,,,,
Yoerny Junco,3B,FA,,,,,,,,,,,,,,,,,,,,,,,,,,,,,,,,,,,,,,,,,,,,,,,
Ronald Terrero,2B,FA,,,,,,,,,,,,,,,,,,,,,,,,,,,,,,,,,,,,,,,,,,,,,,,
Andy Perez,SS,FA,,,,,,,,,,,,,,,,,,,,,,,,,,,,,,,,,,,,,,,,,,,,,,,
Paris Johnson,RF,FA,,,,,,,,,,,,,,,,,,,,,,,,,,,,,,,,,,,,,,,,,,,,,,,
Aiverson Barazarte,1B,FA,,,,,,,,,,,,,,,,,,,,,,,,,,,,,,,,,,,,,,,,,,,,,,,
Carlos Salmeron,RF,FA,,,,,,,,,,,,,,,,,,,,,,,,,,,,,,,,,,,,,,,,,,,,,,,
Facundo Velasquez,CF,FA,,,,,,,,,,,,,,,,,,,,,,,,,,,,,,,,,,,,,,,,,,,,,,,
Fernando Roquez,LF,FA,,,,,,,,,,,,,,,,,,,,,,,,,,,,,,,,,,,,,,,,,,,,,,,
Bracewell Taveras,2B,FA,,,,,,,,,,,,,,,,,,,,,,,,,,,,,,,,,,,,,,,,,,,,,,,
Maikol Rodriguez,RF,FA,,,,,,,,,,,,,,,,,,,,,,,,,,,,,,,,,,,,,,,,,,,,,,,
Luis De Leon,2B,FA,,,,,,,,,,,,,,,,,,,,,,,,,,,,,,,,,,,,,,,,,,,,,,,
Tai Peete,CF,FA,,,,,,,,,,,,,,,,,,,,,,,,,,,,,,,,,,,,,,,,,,,,,,,
Joyner Perez,LF,FA,,,,,,,,,,,,,,,,,,,,,,,,,,,,,,,,,,,,,,,,,,,,,,,
Wilmer Flores,DH,FA,,,,,,,,,,,,,,,,,,,,,,,,,,,,,,,,,,,,,,,,,,,-0.87,-0.6,4.8,29.3,70.7
Jhomnardo Reyes,RF,FA,,,,,,,,,,,,,,,,,,,,,,,,,,,,,,,,,,,,,,,,,,,,,,,
Charles Davalan,CF,T,,,,,,,,,,,,,,,,,,,,,,,,,,,,,,,,,,,,,,,,,,,,,,,
Frederik Jimenez,1B,FA,,,,,,,,,,,,,,,,,,,,,,,,,,,,,,,,,,,,,,,,,,,,,,,
Jose Barrios,2B,FA,,,,,,,,,,,,,,,,,,,,,,,,,,,,,,,,,,,,,,,,,,,,,,,
Wehiwa Aloy,SS,T,,,,,,,,,,,,,,,,,,,,,,,,,,,,,,,,,,,,,,,,,,,,,,,
Guillermo Williamson,1B,FA,,,,,,,,,,,,,,,,,,,,,,,,,,,,,,,,,,,,,,,,,,,,,,,
Gabriel Terrero,2B,FA,,,,,,,,,,,,,,,,,,,,,,,,,,,,,,,,,,,,,,,,,,,,,,,
Ronald Rosario,C,FA,,,,,,,,,,,,,,,,,,,,,,,,,,,,,,,,,,,,,,,,,,,,,,,
Austin Hendrick,RF,FA,,,,,,,,,,,,,,,,,,,,,,,,,,,,,,,,,,,,,,,,,,,,,,,
Carlos Severino,SS,FA,,,,,,,,,,,,,,,,,,,,,,,,,,,,,,,,,,,,,,,,,,,,,,,
Stanley Consuegra,CF,FA,,,,,,,,,,,,,,,,,,,,,,,,,,,,,,,,,,,,,,,,,,,,,,,
Rafael Oropeza,SS,FA,,,,,,,,,,,,,,,,,,,,,,,,,,,,,,,,,,,,,,,,,,,,,,,
Gustavo Baptista,C,FA,,,,,,,,,,,,,,,,,,,,,,,,,,,,,,,,,,,,,,,,,,,,,,,
Cole Weinstein,SS,FA,,,,,,,,,,,,,,,,,,,,,,,,,,,,,,,,,,,,,,,,,,,,,,,
Steele Hall,SS,T,,,,,,,,,,,,,,,,,,,,,,,,,,,,,,,,,,,,,,,,,,,,,,,
Logan Davidson,LF,FA,,,,,,,,,,,,,,,,,,,,,,,,,,,,,,,,,,,,,,,,,,,0.48,1.5,4.5,22.0,85.0
Elaineiker Coronado,2B,FA,,,,,,,,,,,,,,,,,,,,,,,,,,,,,,,,,,,,,,,,,,,,,,,
Jesus Chavez,RF,FA,,,,,,,,,,,,,,,,,,,,,,,,,,,,,,,,,,,,,,,,,,,,,,,
Andres Valor,RF,FA,,,,,,,,,,,,,,,,,,,,,,,,,,,,,,,,,,,,,,,,,,,,,,,
Yorfran Medina,1B,FA,,,,,,,,,,,,,,,,,,,,,,,,,,,,,,,,,,,,,,,,,,,,,,,
Jose Pirela,RF,FA,,,,,,,,,,,,,,,,,,,,,,,,,,,,,,,,,,,,,,,,,,,,,,,
John Cristino,C,FA,,,,,,,,,,,,,,,,,,,,,,,,,,,,,,,,,,,,,,,,,,,,,,,
Williams Wong,2B,FA,,,,,,,,,,,,,,,,,,,,,,,,,,,,,,,,,,,,,,,,,,,,,,,
Eddison Charles,RF,FA,,,,,,,,,,,,,,,,,,,,,,,,,,,,,,,,,,,,,,,,,,,,,,,
Angelo Hernandez,DH,FA,,,,,,,,,,,,,,,,,,,,,,,,,,,,,,,,,,,,,,,,,,,,,,,
Yeiker Reyes,CF,FA,,,,,,,,,,,,,,,,,,,,,,,,,,,,,,,,,,,,,,,,,,,,,,,
Sammy Stafura,SS,FA,,,,,,,,,,,,,,,,,,,,,,,,,,,,,,,,,,,,,,,,,,,,,,,
Cam Cannarella,CF,T,,,,,,,,,,,,,,,,,,,,,,,,,,,,,,,,,,,,,,,,,,,,,,,
Enrique Lovera,LF,FA,,,,,,,,,,,,,,,,,,,,,,,,,,,,,,,,,,,,,,,,,,,,,,,
Ja Wook Koo,RF,FA,,,,,,,,,,,,,,,,,,,,,,,,,,,,,,,,,,,,,,,,,,,,,,,
Chan Eui Song,2B,FA,,,,,,,,,,,,,,,,,,,,,,,,,,,,,,,,,,,,,,,,,,,,,,,
Seung Yeup Na,1B,FA,,,,,,,,,,,,,,,,,,,,,,,,,,,,,,,,,,,,,,,,,,,,,,,
Dong Hee Yoon,RF,FA,,,,,,,,,,,,,,,,,,,,,,,,,,,,,,,,,,,,,,,,,,,,,,,
Djean Macares,CF,FA,,,,,,,,,,,,,,,,,,,,,,,,,,,,,,,,,,,,,,,,,,,,,,,
Kleimir Lemos,1B,FA,,,,,,,,,,,,,,,,,,,,,,,,,,,,,,,,,,,,,,,,,,,,,,,
Devin Taylor,LF,T,,,,,,,,,,,,,,,,,,,,,,,,,,,,,,,,,,,,,,,,,,,,,,,
Levi Clark,C,FA,,,,,,,,,,,,,,,,,,,,,,,,,,,,,,,,,,,,,,,,,,,,,,,
Yorvit Diaz,3B,FA,,,,,,,,,,,,,,,,,,,,,,,,,,,,,,,,,,,,,,,,,,,,,,,
Adrian Rodriguez,3B,FA,,,,,,,,,,,,,,,,,,,,,,,,,,,,,,,,,,,,,,,,,,,,,,,
Kingston George,RF,FA,,,,,,,,,,,,,,,,,,,,,,,,,,,,,,,,,,,,,,,,,,,,,,,
Carter Hadnot,SS,FA,,,,,,,,,,,,,,,,,,,,,,,,,,,,,,,,,,,,,,,,,,,,,,,
Amani Tuiasosopo,SS,FA,,,,,,,,,,,,,,,,,,,,,,,,,,,,,,,,,,,,,,,,,,,,,,,
Mike Hallquist,3B,FA,,,,,,,,,,,,,,,,,,,,,,,,,,,,,,,,,,,,,,,,,,,,,,,
Dale Francis,1B,FA,,,,,,,,,,,,,,,,,,,,,,,,,,,,,,,,,,,,,,,,,,,,,,,
Jake Turner,RF,FA,,,,,,,,,,,,,,,,,,,,,,,,,,,,,,,,,,,,,,,,,,,,,,,
Kien Vu,LF,FA,,,,,,,,,,,,,,,,,,,,,,,,,,,,,,,,,,,,,,,,,,,,,,,
Diago Machado,RF,FA,,,,,,,,,,,,,,,,,,,,,,,,,,,,,,,,,,,,,,,,,,,,,,,
Jose Rodriguez,SS,FA,,,,,,,,,,,,,,,,,,,,,,,,,,,,,,,,,,,,,,,,,,,,,,,
Kyle Dernedde,2B,FA,,,,,,,,,,,,,,,,,,,,,,,,,,,,,,,,,,,,,,,,,,,,,,,
Alexander Frias,RF,T,,,,,,,,,,,,,,,,,,,,,,,,,,,,,,,,,,,,,,,,,,,,,,,
Grant Westphal,LF,FA,,,,,,,,,,,,,,,,,,,,,,,,,,,,,,,,,,,,,,,,,,,,,,,
Dawvris Brito,SS,FA,,,,,,,,,,,,,,,,,,,,,,,,,,,,,,,,,,,,,,,,,,,,,,,
Ricky Duran,SS,FA,,,,,,,,,,,,,,,,,,,,,,,,,,,,,,,,,,,,,,,,,,,,,,,
Max Williams,LF,FA,,,,,,,,,,,,,,,,,,,,,,,,,,,,,,,,,,,,,,,,,,,,,,,
Cade Belyeu,LF,FA,,,,,,,,,,,,,,,,,,,,,,,,,,,,,,,,,,,,,,,,,,,,,,,
Brent Iredale,3B,FA,,,,,,,,,,,,,,,,,,,,,,,,,,,,,,,,,,,,,,,,,,,,,,,
Kyle Schroedle,RF,FA,,,,,,,,,,,,,,,,,,,,,,,,,,,,,,,,,,,,,,,,,,,,,,,
Byron Castillo,CF,FA,,,,,,,,,,,,,,,,,,,,,,,,,,,,,,,,,,,,,,,,,,,,,,,
Jose Ramirez,RF,FA,,,,,,,,,,,,,,,,,,,,,,,,,,,,,,,,,,,,,,,,,,,,,,,
Mario Baez,2B,FA,,,,,,,,,,,,,,,,,,,,,,,,,,,,,,,,,,,,,,,,,,,,,,,
Daniel Gaitor,RF,FA,,,,,,,,,,,,,,,,,,,,,,,,,,,,,,,,,,,,,,,,,,,,,,,
Julio Zayas,C,FA,,,,,,,,,,,,,,,,,,,,,,,,,,,,,,,,,,,,,,,,,,,,,,,
Yaikel Mijares,3B,FA,,,,,,,,,,,,,,,,,,,,,,,,,,,,,,,,,,,,,,,,,,,,,,,
Juan Uribe,2B,FA,,,,,,,,,,,,,,,,,,,,,,,,,,,,,,,,,,,,,,,,,,,,,,,
Emilio Taveras,1B,FA,,,,,,,,,,,,,,,,,,,,,,,,,,,,,,,,,,,,,,,,,,,,,,,
Cade Bunnell,1B,FA,,,,,,,,,,,,,,,,,,,,,,,,,,,,,,,,,,,,,,,,,,,,,,,
Joshua Liranzo,3B,FA,,,,,,,,,,,,,,,,,,,,,,,,,,,,,,,,,,,,,,,,,,,,,,,
Shoei Darvish,LF,FA,,,,,,,,,,,,,,,,,,,,,,,,,,,,,,,,,,,,,,,,,,,,,,,
Carlos Castillo,CF,FA,,,,,,,,,,,,,,,,,,,,,,,,,,,,,,,,,,,,,,,,,,,,,,,
Jhostin Genao,CF,FA,,,,,,,,,,,,,,,,,,,,,,,,,,,,,,,,,,,,,,,,,,,,,,,
Aiden Robbins,RF,FA,,,,,,,,,,,,,,,,,,,,,,,,,,,,,,,,,,,,,,,,,,,,,,,
Tate Southisene,SS,T,,,,,,,,,,,,,,,,,,,,,,,,,,,,,,,,,,,,,,,,,,,,,,,
Jeremy Ciriaco,CF,FA,,,,,,,,,,,,,,,,,,,,,,,,,,,,,,,,,,,,,,,,,,,,,,,
Kay Robles,CF,FA,,,,,,,,,,,,,,,,,,,,,,,,,,,,,,,,,,,,,,,,,,,,,,,
Sebastian Mendez,SS,FA,,,,,,,,,,,,,,,,,,,,,,,,,,,,,,,,,,,,,,,,,,,,,,,
Angel Salio,3B,FA,,,,,,,,,,,,,,,,,,,,,,,,,,,,,,,,,,,,,,,,,,,,,,,
Alessander De La Cruz,RF,FA,,,,,,,,,,,,,,,,,,,,,,,,,,,,,,,,,,,,,,,,,,,,,,,
Dayber Cruceta,CF,FA,,,,,,,,,,,,,,,,,,,,,,,,,,,,,,,,,,,,,,,,,,,,,,,
Emmanuel Cedeno,2B,FA,,,,,,,,,,,,,,,,,,,,,,,,,,,,,,,,,,,,,,,,,,,,,,,
Gabriel Lara,LF,FA,,,,,,,,,,,,,,,,,,,,,,,,,,,,,,,,,,,,,,,,,,,,,,,
Jhoseph Leta,SS,FA,,,,,,,,,,,,,,,,,,,,,,,,,,,,,,,,,,,,,,,,,,,,,,,
Eliezer Alfonzo,2B,FA,,,,,,,,,,,,,,,,,,,,,,,,,,,,,,,,,,,,,,,,,,,,,,,
Jose Guerra,1B,FA,,,,,,,,,,,,,,,,,,,,,,,,,,,,,,,,,,,,,,,,,,,,,,,
Aneudi Severino,LF,FA,,,,,,,,,,,,,,,,,,,,,,,,,,,,,,,,,,,,,,,,,,,,,,,
Sebastian Casanova,SS,FA,,,,,,,,,,,,,,,,,,,,,,,,,,,,,,,,,,,,,,,,,,,,,,,
Diego Felix,CF,FA,,,,,,,,,,,,,,,,,,,,,,,,,,,,,,,,,,,,,,,,,,,,,,,
Cesar Nivar,LF,FA,,,,,,,,,,,,,,,,,,,,,,,,,,,,,,,,,,,,,,,,,,,,,,,
Sebastian Pena,CF,FA,,,,,,,,,,,,,,,,,,,,,,,,,,,,,,,,,,,,,,,,,,,,,,,
Elias Marrero,DH,FA,,,,,,,,,,,,,,,,,,,,,,,,,,,,,,,,,,,,,,,,,,,,,,,
Adan Chacon,1B,FA,,,,,,,,,,,,,,,,,,,,,,,,,,,,,,,,,,,,,,,,,,,,,,,
Oswaldo Bracho,LF,FA,,,,,,,,,,,,,,,,,,,,,,,,,,,,,,,,,,,,,,,,,,,,,,,
Yhon Guerrero,LF,FA,,,,,,,,,,,,,,,,,,,,,,,,,,,,,,,,,,,,,,,,,,,,,,,
Wilber Reinoso,SS,FA,,,,,,,,,,,,,,,,,,,,,,,,,,,,,,,,,,,,,,,,,,,,,,,
Lisandro Sanchez,CF,FA,,,,,,,,,,,,,,,,,,,,,,,,,,,,,,,,,,,,,,,,,,,,,,,
Deivis Velasquez,C,FA,,,,,,,,,,,,,,,,,,,,,,,,,,,,,,,,,,,,,,,,,,,,,,,
Svert Reinoso,SS,FA,,,,,,,,,,,,,,,,,,,,,,,,,,,,,,,,,,,,,,,,,,,,,,,
Johanse Gomez,RF,FA,,,,,,,,,,,,,,,,,,,,,,,,,,,,,,,,,,,,,,,,,,,,,,,
Isaac Garcia,LF,FA,,,,,,,,,,,,,,,,,,,,,,,,,,,,,,,,,,,,,,,,,,,,,,,
Karel Naranjo,SS,FA,,,,,,,,,,,,,,,,,,,,,,,,,,,,,,,,,,,,,,,,,,,,,,,
Freyerso Vasquez,LF,FA,,,,,,,,,,,,,,,,,,,,,,,,,,,,,,,,,,,,,,,,,,,,,,,
Isaac Velasquez,SS,FA,,,,,,,,,,,,,,,,,,,,,,,,,,,,,,,,,,,,,,,,,,,,,,,
Gilberto Rojas,C,FA,,,,,,,,,,,,,,,,,,,,,,,,,,,,,,,,,,,,,,,,,,,,,,,
Joskairo Ramirez,LF,FA,,,,,,,,,,,,,,,,,,,,,,,,,,,,,,,,,,,,,,,,,,,,,,,
Leonel Espinoza,CF,FA,,,,,,,,,,,,,,,,,,,,,,,,,,,,,,,,,,,,,,,,,,,,,,,
Patrick Silva,3B,FA,,,,,,,,,,,,,,,,,,,,,,,,,,,,,,,,,,,,,,,,,,,,,,,
Carlos Batista,LF,FA,,,,,,,,,,,,,,,,,,,,,,,,,,,,,,,,,,,,,,,,,,,,,,,
Young Woong Kim,3B,FA,,,,,,,,,,,,,,,,,,,,,,,,,,,,,,,,,,,,,,,,,,,,,,,
Anthony Scull,CF,FA,,,,,,,,,,,,,,,,,,,,,,,,,,,,,,,,,,,,,,,,,,,,,,,
Esterlin Casanova,SS,FA,,,,,,,,,,,,,,,,,,,,,,,,,,,,,,,,,,,,,,,,,,,,,,,
Capri Ortiz,SS,FA,,,,,,,,,,,,,,,,,,,,,,,,,,,,,,,,,,,,,,,,,,,,,,,
Sebastian Saenz,C,FA,,,,,,,,,,,,,,,,,,,,,,,,,,,,,,,,,,,,,,,,,,,,,,,
Diego Pacheco,C,FA,,,,,,,,,,,,,,,,,,,,,,,,,,,,,,,,,,,,,,,,,,,,,,,
Andru Arthur,CF,FA,,,,,,,,,,,,,,,,,,,,,,,,,,,,,,,,,,,,,,,,,,,,,,,
Douglas Olivo,RF,FA,,,,,,,,,,,,,,,,,,,,,,,,,,,,,,,,,,,,,,,,,,,,,,,
Santiago Martinez,SS,FA,,,,,,,,,,,,,,,,,,,,,,,,,,,,,,,,,,,,,,,,,,,,,,,
Junior Aybar,LF,FA,,,,,,,,,,,,,,,,,,,,,,,,,,,,,,,,,,,,,,,,,,,,,,,
Seung Min Go,2B,FA,,,,,,,,,,,,,,,,,,,,,,,,,,,,,,,,,,,,,,,,,,,,,,,
Rafhlmil Torres,2B,FA,,,,,,,,,,,,,,,,,,,,,,,,,,,,,,,,,,,,,,,,,,,,,,,
Chad Delancey,LF,FA,,,,,,,,,,,,,,,,,,,,,,,,,,,,,,,,,,,,,,,,,,,,,,,
Roman Silgado,C,FA,,,,,,,,,,,,,,,,,,,,,,,,,,,,,,,,,,,,,,,,,,,,,,,
Daris Cordero,3B,FA,,,,,,,,,,,,,,,,,,,,,,,,,,,,,,,,,,,,,,,,,,,,,,,
Jeong Bin Yoon,RF,FA,,,,,,,,,,,,,,,,,,,,,,,,,,,,,,,,,,,,,,,,,,,,,,,
Luis Tomas,SS,FA,,,,,,,,,,,,,,,,,,,,,,,,,,,,,,,,,,,,,,,,,,,,,,,
DAngelo Tejada,SS,FA,,,,,,,,,,,,,,,,,,,,,,,,,,,,,,,,,,,,,,,,,,,,,,,
Ji Hwan Park,2B,FA,,,,,,,,,,,,,,,,,,,,,,,,,,,,,,,,,,,,,,,,,,,,,,,
Kuhio Aloy,1B,FA,,,,,,,,,,,,,,,,,,,,,,,,,,,,,,,,,,,,,,,,,,,,,,,
Sheng-En Lin,DH,FA,,,,,,,,,,,,,,,,,,,,,,,,,,,,,,,,,,,,,,,,,,,,,,,
Franyel Almanzar,SS,FA,,,,,,,,,,,,,,,,,,,,,,,,,,,,,,,,,,,,,,,,,,,,,,,
Roiber Niazoa,1B,FA,,,,,,,,,,,,,,,,,,,,,,,,,,,,,,,,,,,,,,,,,,,,,,,
Nian Hao Wang,1B,FA,,,,,,,,,,,,,,,,,,,,,,,,,,,,,,,,,,,,,,,,,,,,,,,
Dashyll Tejeda,RF,FA,,,,,,,,,,,,,,,,,,,,,,,,,,,,,,,,,,,,,,,,,,,,,,,
Xavier Cadiz,SS,FA,,,,,,,,,,,,,,,,,,,,,,,,,,,,,,,,,,,,,,,,,,,,,,,
Elias Perez,RF,FA,,,,,,,,,,,,,,,,,,,,,,,,,,,,,,,,,,,,,,,,,,,,,,,
Johan Geraldo,SS,FA,,,,,,,,,,,,,,,,,,,,,,,,,,,,,,,,,,,,,,,,,,,,,,,
Isaias Castillo,LF,FA,,,,,,,,,,,,,,,,,,,,,,,,,,,,,,,,,,,,,,,,,,,,,,,
Juan Baez,3B,FA,,,,,,,,,,,,,,,,,,,,,,,,,,,,,,,,,,,,,,,,,,,,,,,
Eduardo Gonzalez,SS,FA,,,,,,,,,,,,,,,,,,,,,,,,,,,,,,,,,,,,,,,,,,,,,,,
Juan Cruz,CF,FA,,,,,,,,,,,,,,,,,,,,,,,,,,,,,,,,,,,,,,,,,,,,,,,
Osmar Abel Torrealba,CF,FA,,,,,,,,,,,,,,,,,,,,,,,,,,,,,,,,,,,,,,,,,,,,,,,
Jaims Martinez,SS,FA,,,,,,,,,,,,,,,,,,,,,,,,,,,,,,,,,,,,,,,,,,,,,,,
Bryant Mendez,2B,FA,,,,,,,,,,,,,,,,,,,,,,,,,,,,,,,,,,,,,,,,,,,,,,,
Rafeliz Lara,SS,FA,,,,,,,,,,,,,,,,,,,,,,,,,,,,,,,,,,,,,,,,,,,,,,,
Jawel Garcia,RF,FA,,,,,,,,,,,,,,,,,,,,,,,,,,,,,,,,,,,,,,,,,,,,,,,
Hyun Seung Lee,3B,FA,,,,,,,,,,,,,,,,,,,,,,,,,,,,,,,,,,,,,,,,,,,,,,,
Jhorman Bravo,SS,FA,,,,,,,,,,,,,,,,,,,,,,,,,,,,,,,,,,,,,,,,,,,,,,,
Jonathan Rivero,C,FA,,,,,,,,,,,,,,,,,,,,,,,,,,,,,,,,,,,,,,,,,,,,,,,
James Clark,SS,FA,,,,,,,,,,,,,,,,,,,,,,,,,,,,,,,,,,,,,,,,,,,,,,,
Heins Brito,SS,FA,,,,,,,,,,,,,,,,,,,,,,,,,,,,,,,,,,,,,,,,,,,,,,,
Carlos Monteverde,1B,FA,,,,,,,,,,,,,,,,,,,,,,,,,,,,,,,,,,,,,,,,,,,,,,,
Connor Comeau,SS,FA,,,,,,,,,,,,,,,,,,,,,,,,,,,,,,,,,,,,,,,,,,,,,,,
John Estevez,RF,FA,,,,,,,,,,,,,,,,,,,,,,,,,,,,,,,,,,,,,,,,,,,,,,,
Fabian Lopez,SS,FA,,,,,,,,,,,,,,,,,,,,,,,,,,,,,,,,,,,,,,,,,,,,,,,
Logan Reddemann,2B,FA,,,,,,,,,,,,,,,,,,,,,,,,,,,,,,,,,,,,,,,,,,,,,,,
Kamuel Villar,SS,FA,,,,,,,,,,,,,,,,,,,,,,,,,,,,,,,,,,,,,,,,,,,,,,,
Donovan Solano,1B,FA,,,,,,,,,,,,,,,,,,,,,,,,,,,,,,,,,,,,,,,,,,,-1.66,-1.58,3.9,36.5,69.0
Richard Meran,RF,FA,,,,,,,,,,,,,,,,,,,,,,,,,,,,,,,,,,,,,,,,,,,,,,,
Jordan Groshans,3B,FA,,,,,,,,,,,,,,,,,,,,,,,,,,,,,,,,,,,,,,,,,,,,,,,
Jose Peroza,3B,FA,,,,,,,,,,,,,,,,,,,,,,,,,,,,,,,,,,,,,,,,,,,,,,,
Emil Martinez,SS,FA,,,,,,,,,,,,,,,,,,,,,,,,,,,,,,,,,,,,,,,,,,,,,,,
Jose Peraza,2B,FA,,,,,,,,,,,,,,,,,,,,,,,,,,,,,,,,,,,,,,,,,,,,,,,
Luis Hernandez,SS,T,,,,,,,,,,,,,,,,,,,,,,,,,,,,,,,,,,,,,,,,,,,,,,,
Luis Merejo,1B,FA,,,,,,,,,,,,,,,,,,,,,,,,,,,,,,,,,,,,,,,,,,,,,,,
Moises Salazar,C,FA,,,,,,,,,,,,,,,,,,,,,,,,,,,,,,,,,,,,,,,,,,,,,,,
Yanfri Serrano,LF,FA,,,,,,,,,,,,,,,,,,,,,,,,,,,,,,,,,,,,,,,,,,,,,,,
Osiris Ramirez,SS,FA,,,,,,,,,,,,,,,,,,,,,,,,,,,,,,,,,,,,,,,,,,,,,,,
Edward Suazo,SS,FA,,,,,,,,,,,,,,,,,,,,,,,,,,,,,,,,,,,,,,,,,,,,,,,
Jarvis Gomez,CF,FA,,,,,,,,,,,,,,,,,,,,,,,,,,,,,,,,,,,,,,,,,,,,,,,
Mason Braun,1B,FA,,,,,,,,,,,,,,,,,,,,,,,,,,,,,,,,,,,,,,,,,,,,,,,
Brayan Mendez,LF,FA,,,,,,,,,,,,,,,,,,,,,,,,,,,,,,,,,,,,,,,,,,,,,,,
Imanol Feliz,LF,FA,,,,,,,,,,,,,,,,,,,,,,,,,,,,,,,,,,,,,,,,,,,,,,,
Yohendi Hernandez,CF,FA,,,,,,,,,,,,,,,,,,,,,,,,,,,,,,,,,,,,,,,,,,,,,,,
Joscar Hernandez,CF,FA,,,,,,,,,,,,,,,,,,,,,,,,,,,,,,,,,,,,,,,,,,,,,,,
Ramon Landaeta,C,FA,,,,,,,,,,,,,,,,,,,,,,,,,,,,,,,,,,,,,,,,,,,,,,,
Loidel Amaya,CF,FA,,,,,,,,,,,,,,,,,,,,,,,,,,,,,,,,,,,,,,,,,,,,,,,
Erick Brito,3B,FA,,,,,,,,,,,,,,,,,,,,,,,,,,,,,,,,,,,,,,,,,,,,,,,
Luis Almanzar,RF,FA,,,,,,,,,,,,,,,,,,,,,,,,,,,,,,,,,,,,,,,,,,,,,,,
Abrahan Ramirez,3B,FA,,,,,,,,,,,,,,,,,,,,,,,,,,,,,,,,,,,,,,,,,,,,,,,
Paulo Asprilla,C,FA,,,,,,,,,,,,,,,,,,,,,,,,,,,,,,,,,,,,,,,,,,,,,,,
Delino DeShields,CF,FA,,,,,,,,,,,,,,,,,,,,,,,,,,,,,,,,,,,,,,,,,,,,,,,
Jesus Bastidas,3B,FA,,,,,,,,,,,,,,,,,,,,,,,,,,,,,,,,,,,,,,,,,,,,,,,
Haydn McGeary,1B,FA,,,,,,,,,,,,,,,,,,,,,,,,,,,,,,,,,,,,,,,,,,,,,,,
Yeison Acosta,C,FA,,,,,,,,,,,,,,,,,,,,,,,,,,,,,,,,,,,,,,,,,,,,,,,
Clark Elliott,LF,FA,,,,,,,,,,,,,,,,,,,,,,,,,,,,,,,,,,,,,,,,,,,,,,,
Anibal Salas,CF,FA,,,,,,,,,,,,,,,,,,,,,,,,,,,,,,,,,,,,,,,,,,,,,,,
Angel Guzman,1B,FA,,,,,,,,,,,,,,,,,,,,,,,,,,,,,,,,,,,,,,,,,,,,,,,
Ryland Zaborowski,1B,FA,,,,,,,,,,,,,,,,,,,,,,,,,,,,,,,,,,,,,,,,,,,,,,,
Frandy Guillen,3B,FA,,,,,,,,,,,,,,,,,,,,,,,,,,,,,,,,,,,,,,,,,,,,,,,
Elijah Nunez,CF,FA,,,,,,,,,,,,,,,,,,,,,,,,,,,,,,,,,,,,,,,,,,,,,,,
RJ Schreck,RF,FA,,,,,,,,,,,,,,,,,,,,,,,,,,,,,,,,,,,,,,,,,,,,,,,
Gavin Dugas,3B,FA,,,,,,,,,,,,,,,,,,,,,,,,,,,,,,,,,,,,,,,,,,,,,,,
Wandy Asigen,SS,T,,,,,,,,,,,,,,,,,,,,,,,,,,,,,,,,,,,,,,,,,,,,,,,
Johenssy Colome,SS,T,,,,,,,,,,,,,,,,,,,,,,,,,,,,,,,,,,,,,,,,,,,,,,,
Julian Hernandez,C,FA,,,,,,,,,,,,,,,,,,,,,,,,,,,,,,,,,,,,,,,,,,,,,,,
Nieves Izaguirre,SS,FA,,,,,,,,,,,,,,,,,,,,,,,,,,,,,,,,,,,,,,,,,,,,,,,
Robbie Tenerowicz,2B,FA,,,,,,,,,,,,,,,,,,,,,,,,,,,,,,,,,,,,,,,,,,,,,,,
Carlos Perez,C,FA,,,,,,,,,,,,,,,,,,,,,,,,,,,,,,,,,,,,,,,,,,,,,,,
Manuel Silva,DH,FA,,,,,,,,,,,,,,,,,,,,,,,,,,,,,,,,,,,,,,,,,,,,,,,
Manny Marin,SS,FA,,,,,,,,,,,,,,,,,,,,,,,,,,,,,,,,,,,,,,,,,,,,,,,
Alen Pineda,C,FA,,,,,,,,,,,,,,,,,,,,,,,,,,,,,,,,,,,,,,,,,,,,,,,
Burke-Lee Mabeus,C,FA,,,,,,,,,,,,,,,,,,,,,,,,,,,,,,,,,,,,,,,,,,,,,,,
Juan Tomas,SS,FA,,,,,,,,,,,,,,,,,,,,,,,,,,,,,,,,,,,,,,,,,,,,,,,
Jhoan De La Cruz,SS,FA,,,,,,,,,,,,,,,,,,,,,,,,,,,,,,,,,,,,,,,,,,,,,,,
Hiverson Lopez,C,FA,,,,,,,,,,,,,,,,,,,,,,,,,,,,,,,,,,,,,,,,,,,,,,,
Kendry Martinez,2B,FA,,,,,,,,,,,,,,,,,,,,,,,,,,,,,,,,,,,,,,,,,,,,,,,
Kenly Hunter,CF,FA,,,,,,,,,,,,,,,,,,,,,,,,,,,,,,,,,,,,,,,,,,,,,,,
Billy Hamilton,CF,FA,,,,,,,,,,,,,,,,,,,,,,,,,,,,,,,,,,,,,,,,,,,,,,,
Jack Payton,C,FA,,,,,,,,,,,,,,,,,,,,,,,,,,,,,,,,,,,,,,,,,,,,,,,
Carson Roccaforte,CF,T,,,,,,,,,,,,,,,,,,,,,,,,,,,,,,,,,,,,,,,,,,,,,,,
Ramon Rodriguez,C,FA,,,,,,,,,,,,,,,,,,,,,,,,,,,,,,,,,,,,,,,,,,,,,,,
Chris Okey,C,FA,,,,,,,,,,,,,,,,,,,,,,,,,,,,,,,,,,,,,,,,,,,,,,,
Juan Fernandez,C,FA,,,,,,,,,,,,,,,,,,,,,,,,,,,,,,,,,,,,,,,,,,,,,,,
Josmir Reyes,C,FA,,,,,,,,,,,,,,,,,,,,,,,,,,,,,,,,,,,,,,,,,,,,,,,
Sawyer Farr,SS,FA,,,,,,,,,,,,,,,,,,,,,,,,,,,,,,,,,,,,,,,,,,,,,,,
Zack Stewart,RF,FA,,,,,,,,,,,,,,,,,,,,,,,,,,,,,,,,,,,,,,,,,,,,,,,
Jurickson Profar,LF,T,,,,,,,,,,,,,,,,,,,,,,,,,,,,,,,,,,,,,,,,,,,0.32,0.62,7.4,24.0,77.6
Lazaro Armenteros,LF,FA,,,,,,,,,,,,,,,,,,,,,,,,,,,,,,,,,,,,,,,,,,,,,,,
Juniel Querecuto,3B,FA,,,,,,,,,,,,,,,,,,,,,,,,,,,,,,,,,,,,,,,,,,,,,,,
Edwin Diaz,SS,FA,,,,,,,,,,,,,,,,,,,,,,,,,,,,,,,,,,,,,,,,,,,,,,,
Jose Aular,1B,FA,,,,,,,,,,,,,,,,,,,,,,,,,,,,,,,,,,,,,,,,,,,,,,,
Jon Singleton,1B,FA,,,,,,,,,,,,,,,,,,,,,,,,,,,,,,,,,,,,,,,,,,,,,,,
Jason Martin,LF,FA,,,,,,,,,,,,,,,,,,,,,,,,,,,,,,,,,,,,,,,,,,,,,,,
Yeycol Soriano,CF,FA,,,,,,,,,,,,,,,,,,,,,,,,,,,,,,,,,,,,,,,,,,,,,,,
Pedro Catuy,CF,FA,,,,,,,,,,,,,,,,,,,,,,,,,,,,,,,,,,,,,,,,,,,,,,,
Henry Godbout,2B,FA,,,,,,,,,,,,,,,,,,,,,,,,,,,,,,,,,,,,,,,,,,,,,,,
Enderson Asencio,1B,FA,,,,,,,,,,,,,,,,,,,,,,,,,,,,,,,,,,,,,,,,,,,,,,,
Alfredo Alcantara,2B,FA,,,,,,,,,,,,,,,,,,,,,,,,,,,,,,,,,,,,,,,,,,,,,,,
Heriberto Rincon,CF,FA,,,,,,,,,,,,,,,,,,,,,,,,,,,,,,,,,,,,,,,,,,,,,,,
Anyelo Gonzalez,C,FA,,,,,,,,,,,,,,,,,,,,,,,,,,,,,,,,,,,,,,,,,,,,,,,
Ivan Sosa,RF,FA,,,,,,,,,,,,,,,,,,,,,,,,,,,,,,,,,,,,,,,,,,,,,,,
Jose Tovar,C,FA,,,,,,,,,,,,,,,,,,,,,,,,,,,,,,,,,,,,,,,,,,,,,,,
Guillermo Sosa,2B,FA,,,,,,,,,,,,,,,,,,,,,,,,,,,,,,,,,,,,,,,,,,,,,,,
Omar Urbina,1B,FA,,,,,,,,,,,,,,,,,,,,,,,,,,,,,,,,,,,,,,,,,,,,,,,
Jorge Ramirez,C,FA,,,,,,,,,,,,,,,,,,,,,,,,,,,,,,,,,,,,,,,,,,,,,,,
Fernando Pena,1B,FA,,,,,,,,,,,,,,,,,,,,,,,,,,,,,,,,,,,,,,,,,,,,,,,
Keiver Garcia,SS,FA,,,,,,,,,,,,,,,,,,,,,,,,,,,,,,,,,,,,,,,,,,,,,,,
Joseph Sequera,C,FA,,,,,,,,,,,,,,,,,,,,,,,,,,,,,,,,,,,,,,,,,,,,,,,
Eduardo Acevedo,RF,FA,,,,,,,,,,,,,,,,,,,,,,,,,,,,,,,,,,,,,,,,,,,,,,,
Jesus Lizardo,C,FA,,,,,,,,,,,,,,,,,,,,,,,,,,,,,,,,,,,,,,,,,,,,,,,
Carlos Garcia,C,FA,,,,,,,,,,,,,,,,,,,,,,,,,,,,,,,,,,,,,,,,,,,,,,,
Max Durrington,2B,FA,,,,,,,,,,,,,,,,,,,,,,,,,,,,,,,,,,,,,,,,,,,,,,,
Daniel Hernandez,C,FA,,,,,,,,,,,,,,,,,,,,,,,,,,,,,,,,,,,,,,,,,,,,,,,
Lennyn Nunez,RF,FA,,,,,,,,,,,,,,,,,,,,,,,,,,,,,,,,,,,,,,,,,,,,,,,
Colby Shelton,SS,FA,,,,,,,,,,,,,,,,,,,,,,,,,,,,,,,,,,,,,,,,,,,,,,,
Joseph Diaz,CF,FA,,,,,,,,,,,,,,,,,,,,,,,,,,,,,,,,,,,,,,,,,,,,,,,
Mario Gomez,C,FA,,,,,,,,,,,,,,,,,,,,,,,,,,,,,,,,,,,,,,,,,,,,,,,
Juan Obispo,RF,FA,,,,,,,,,,,,,,,,,,,,,,,,,,,,,,,,,,,,,,,,,,,,,,,
Eli Serrano,CF,FA,,,,,,,,,,,,,,,,,,,,,,,,,,,,,,,,,,,,,,,,,,,,,,,
Declan Speirs,C,FA,,,,,,,,,,,,,,,,,,,,,,,,,,,,,,,,,,,,,,,,,,,,,,,
Carlos Taveras,CF,FA,,,,,,,,,,,,,,,,,,,,,,,,,,,,,,,,,,,,,,,,,,,,,,,
Orlando Patino,CF,FA,,,,,,,,,,,,,,,,,,,,,,,,,,,,,,,,,,,,,,,,,,,,,,,
Wandi Feliz,CF,FA,,,,,,,,,,,,,,,,,,,,,,,,,,,,,,,,,,,,,,,,,,,,,,,
Larry Suero,3B,FA,,,,,,,,,,,,,,,,,,,,,,,,,,,,,,,,,,,,,,,,,,,,,,,
Armstrong Muhoozi,CF,FA,,,,,,,,,,,,,,,,,,,,,,,,,,,,,,,,,,,,,,,,,,,,,,,
Yilver De Paula,SS,FA,,,,,,,,,,,,,,,,,,,,,,,,,,,,,,,,,,,,,,,,,,,,,,,
Jose De La Cruz,C,FA,,,,,,,,,,,,,,,,,,,,,,,,,,,,,,,,,,,,,,,,,,,,,,,
Alejandro Cruz,3B,FA,,,,,,,,,,,,,,,,,,,,,,,,,,,,,,,,,,,,,,,,,,,,,,,
Ricardo Hurtado,C,FA,,,,,,,,,,,,,,,,,,,,,,,,,,,,,,,,,,,,,,,,,,,,,,,
Martin Tamara,C,FA,,,,,,,,,,,,,,,,,,,,,,,,,,,,,,,,,,,,,,,,,,,,,,,
Armando Lao,1B,FA,,,,,,,,,,,,,,,,,,,,,,,,,,,,,,,,,,,,,,,,,,,,,,,
Mason Bolivar,CF,FA,,,,,,,,,,,,,,,,,,,,,,,,,,,,,,,,,,,,,,,,,,,,,,,
Jeiker Gudino,C,FA,,,,,,,,,,,,,,,,,,,,,,,,,,,,,,,,,,,,,,,,,,,,,,,
Heribert Silva,CF,FA,,,,,,,,,,,,,,,,,,,,,,,,,,,,,,,,,,,,,,,,,,,,,,,
Angel Rodriguez,C,FA,,,,,,,,,,,,,,,,,,,,,,,,,,,,,,,,,,,,,,,,,,,,,,,
Johan Estrada,1B,FA,,,,,,,,,,,,,,,,,,,,,,,,,,,,,,,,,,,,,,,,,,,,,,,
Nelson Marin,1B,FA,,,,,,,,,,,,,,,,,,,,,,,,,,,,,,,,,,,,,,,,,,,,,,,
Kelvin Alcantara,RF,FA,,,,,,,,,,,,,,,,,,,,,,,,,,,,,,,,,,,,,,,,,,,,,,,
Cam Fisher,RF,FA,,,,,,,,,,,,,,,,,,,,,,,,,,,,,,,,,,,,,,,,,,,,,,,
Juan Brima,2B,FA,,,,,,,,,,,,,,,,,,,,,,,,,,,,,,,,,,,,,,,,,,,,,,,
Moises Molero,CF,FA,,,,,,,,,,,,,,,,,,,,,,,,,,,,,,,,,,,,,,,,,,,,,,,
Ike Irish,C,T,,,,,,,,,,,,,,,,,,,,,,,,,,,,,,,,,,,,,,,,,,,,,,,
Delvis Matos,LF,FA,,,,,,,,,,,,,,,,,,,,,,,,,,,,,,,,,,,,,,,,,,,,,,,
Noah Mendlinger,2B,FA,,,,,,,,,,,,,,,,,,,,,,,,,,,,,,,,,,,,,,,,,,,,,,,
Luis Garcia,SS,FA,,,,,,,,,,,,,,,,,,,,,,,,,,,,,,,,,,,,,,,,,,,,,,,
Luis De Los Santos,SS,FA,,,,,,,,,,,,,,,,,,,,,,,,,,,,,,,,,,,,,,,,,,,,,,,
Gabriel Rodriguez,CF,FA,,,,,,,,,,,,,,,,,,,,,,,,,,,,,,,,,,,,,,,,,,,,,,,
Chris Lopez,C,FA,,,,,,,,,,,,,,,,,,,,,,,,,,,,,,,,,,,,,,,,,,,,,,,
Eliomar Garces,SS,FA,,,,,,,,,,,,,,,,,,,,,,,,,,,,,,,,,,,,,,,,,,,,,,,
Alejandro Loaiza,1B,FA,,,,,,,,,,,,,,,,,,,,,,,,,,,,,,,,,,,,,,,,,,,,,,,
Hector Ramos,SS,FA,,,,,,,,,,,,,,,,,,,,,,,,,,,,,,,,,,,,,,,,,,,,,,,
Juan Pablo Cabrera,C,FA,,,,,,,,,,,,,,,,,,,,,,,,,,,,,,,,,,,,,,,,,,,,,,,
Sebastian Blanco,SS,FA,,,,,,,,,,,,,,,,,,,,,,,,,,,,,,,,,,,,,,,,,,,,,,,
Brandy Caraballo,LF,FA,,,,,,,,,,,,,,,,,,,,,,,,,,,,,,,,,,,,,,,,,,,,,,,
Haritzon Castillo,SS,FA,,,,,,,,,,,,,,,,,,,,,,,,,,,,,,,,,,,,,,,,,,,,,,,
Maikel Hernandez,C,FA,,,,,,,,,,,,,,,,,,,,,,,,,,,,,,,,,,,,,,,,,,,,,,,
Heriberto Caraballo,C,FA,,,,,,,,,,,,,,,,,,,,,,,,,,,,,,,,,,,,,,,,,,,,,,,
Liberts Aponte,SS,FA,,,,,,,,,,,,,,,,,,,,,,,,,,,,,,,,,,,,,,,,,,,,,,,
Winder Linares,CF,FA,,,,,,,,,,,,,,,,,,,,,,,,,,,,,,,,,,,,,,,,,,,,,,,
Jesus Castro,C,FA,,,,,,,,,,,,,,,,,,,,,,,,,,,,,,,,,,,,,,,,,,,,,,,
Yohander Linarez,3B,FA,,,,,,,,,,,,,,,,,,,,,,,,,,,,,,,,,,,,,,,,,,,,,,,
Gregori Cano,1B,FA,,,,,,,,,,,,,,,,,,,,,,,,,,,,,,,,,,,,,,,,,,,,,,,
Isaac Ponce,C,FA,,,,,,,,,,,,,,,,,,,,,,,,,,,,,,,,,,,,,,,,,,,,,,,
Coy James,SS,FA,,,,,,,,,,,,,,,,,,,,,,,,,,,,,,,,,,,,,,,,,,,,,,,
Jhojan Downer,C,FA,,,,,,,,,,,,,,,,,,,,,,,,,,,,,,,,,,,,,,,,,,,,,,,
Lucas Franco,SS,FA,,,,,,,,,,,,,,,,,,,,,,,,,,,,,,,,,,,,,,,,,,,,,,,
Andres Garza,C,FA,,,,,,,,,,,,,,,,,,,,,,,,,,,,,,,,,,,,,,,,,,,,,,,
Walfrent Guzman,1B,FA,,,,,,,,,,,,,,,,,,,,,,,,,,,,,,,,,,,,,,,,,,,,,,,
Clay Grady,SS,FA,,,,,,,,,,,,,,,,,,,,,,,,,,,,,,,,,,,,,,,,,,,,,,,
Billy Carlson,SS,T,,,,,,,,,,,,,,,,,,,,,,,,,,,,,,,,,,,,,,,,,,,,,,,
Anderson Tovar,LF,FA,,,,,,,,,,,,,,,,,,,,,,,,,,,,,,,,,,,,,,,,,,,,,,,
Brady Ebel,SS,T,,,,,,,,,,,,,,,,,,,,,,,,,,,,,,,,,,,,,,,,,,,,,,,
Chase Mora,2B,FA,,,,,,,,,,,,,,,,,,,,,,,,,,,,,,,,,,,,,,,,,,,,,,,
Ben McCabe,C,FA,,,,,,,,,,,,,,,,,,,,,,,,,,,,,,,,,,,,,,,,,,,,,,,
Charlie Condon,1B,T,,,,,,,,,,,,,,,,,,,,,,,,,,,,,,,,,,,,,,,,,,,,,,,
Kun Yu Chiang,SS,FA,,,,,,,,,,,,,,,,,,,,,,,,,,,,,,,,,,,,,,,,,,,,,,,
Breyson Guedez,LF,FA,,,,,,,,,,,,,,,,,,,,,,,,,,,,,,,,,,,,,,,,,,,,,,,
Ronny Suarez,RF,FA,,,,,,,,,,,,,,,,,,,,,,,,,,,,,,,,,,,,,,,,,,,,,,,
Eryks Rivero,RF,FA,,,,,,,,,,,,,,,,,,,,,,,,,,,,,,,,,,,,,,,,,,,,,,,
Cristopher Acosta,SS,FA,,,,,,,,,,,,,,,,,,,,,,,,,,,,,,,,,,,,,,,,,,,,,,,
Matt Mervis,1B,FA,,,,,,,,,,,,,,,,,,,,,,,,,,,,,,,,,,,,,,,,,,,0.46,0.59,8.5,35.3,92.3
Raylin Ramos,RF,FA,,,,,,,,,,,,,,,,,,,,,,,,,,,,,,,,,,,,,,,,,,,,,,,
Jhon Simon,3B,FA,,,,,,,,,,,,,,,,,,,,,,,,,,,,,,,,,,,,,,,,,,,,,,,
Geisel Cepeda,CF,FA,,,,,,,,,,,,,,,,,,,,,,,,,,,,,,,,,,,,,,,,,,,,,,,
Asbel Gonzalez,CF,FA,,,,,,,,,,,,,,,,,,,,,,,,,,,,,,,,,,,,,,,,,,,,,,,
Anthony Millan,CF,FA,,,,,,,,,,,,,,,,,,,,,,,,,,,,,,,,,,,,,,,,,,,,,,,
Wilfredo Lara,SS,FA,,,,,,,,,,,,,,,,,,,,,,,,,,,,,,,,,,,,,,,,,,,,,,,
Eduardo Perez,DH,FA,,,,,,,,,,,,,,,,,,,,,,,,,,,,,,,,,,,,,,,,,,,,,,,
Gerlyn Payano,RF,FA,,,,,,,,,,,,,,,,,,,,,,,,,,,,,,,,,,,,,,,,,,,,,,,
David Guzman,RF,FA,,,,,,,,,,,,,,,,,,,,,,,,,,,,,,,,,,,,,,,,,,,,,,,
Meykel Baro,SS,FA,,,,,,,,,,,,,,,,,,,,,,,,,,,,,,,,,,,,,,,,,,,,,,,
Yosneiker Rivas,2B,FA,,,,,,,,,,,,,,,,,,,,,,,,,,,,,,,,,,,,,,,,,,,,,,,
Anielson Buten,LF,FA,,,,,,,,,,,,,,,,,,,,,,,,,,,,,,,,,,,,,,,,,,,,,,,
Jose Pena,SS,FA,,,,,,,,,,,,,,,,,,,,,,,,,,,,,,,,,,,,,,,,,,,,,,,
Cruzmel Arias,1B,FA,,,,,,,,,,,,,,,,,,,,,,,,,,,,,,,,,,,,,,,,,,,,,,,
Angel Carmona,SS,FA,,,,,,,,,,,,,,,,,,,,,,,,,,,,,,,,,,,,,,,,,,,,,,,
Gabriel Lopez,C,FA,,,,,,,,,,,,,,,,,,,,,,,,,,,,,,,,,,,,,,,,,,,,,,,
Moises Marchan,C,FA,,,,,,,,,,,,,,,,,,,,,,,,,,,,,,,,,,,,,,,,,,,,,,,
Hojans Hernandez,1B,FA,,,,,,,,,,,,,,,,,,,,,,,,,,,,,,,,,,,,,,,,,,,,,,,
Raymer Medina,SS,FA,,,,,,,,,,,,,,,,,,,,,,,,,,,,,,,,,,,,,,,,,,,,,,,
Manuel Dos Passos,C,FA,,,,,,,,,,,,,,,,,,,,,,,,,,,,,,,,,,,,,,,,,,,,,,,
Sebastian De Andrade,C,FA,,,,,,,,,,,,,,,,,,,,,,,,,,,,,,,,,,,,,,,,,,,,,,,
Brayan Hernandez,C,FA,,,,,,,,,,,,,,,,,,,,,,,,,,,,,,,,,,,,,,,,,,,,,,,
Ruben Castillo,CF,FA,,,,,,,,,,,,,,,,,,,,,,,,,,,,,,,,,,,,,,,,,,,,,,,
Michael Baez,1B,FA,,,,,,,,,,,,,,,,,,,,,,,,,,,,,,,,,,,,,,,,,,,,,,,
Kegnnalex Seijas,1B,FA,,,,,,,,,,,,,,,,,,,,,,,,,,,,,,,,,,,,,,,,,,,,,,,
Juan Ortega,C,FA,,,,,,,,,,,,,,,,,,,,,,,,,,,,,,,,,,,,,,,,,,,,,,,
Yoneiker Lugo,C,FA,,,,,,,,,,,,,,,,,,,,,,,,,,,,,,,,,,,,,,,,,,,,,,,
Andres Nolaya,C,FA,,,,,,,,,,,,,,,,,,,,,,,,,,,,,,,,,,,,,,,,,,,,,,,
Jared Wegner,RF,FA,,,,,,,,,,,,,,,,,,,,,,,,,,,,,,,,,,,,,,,,,,,,,,,
Yannic Walther,C,FA,,,,,,,,,,,,,,,,,,,,,,,,,,,,,,,,,,,,,,,,,,,,,,,
Wander Frias,2B,FA,,,,,,,,,,,,,,,,,,,,,,,,,,,,,,,,,,,,,,,,,,,,,,,
Tucker Barnhart,C,FA,,,,,,,,,,,,,,,,,,,,,,,,,,,,,,,,,,,,,,,,,,,,,,,
Freider Rojas,C,FA,,,,,,,,,,,,,,,,,,,,,,,,,,,,,,,,,,,,,,,,,,,,,,,
Jhonanderson Robain,C,FA,,,,,,,,,,,,,,,,,,,,,,,,,,,,,,,,,,,,,,,,,,,,,,,
Edgardo Ordonez,C,FA,,,,,,,,,,,,,,,,,,,,,,,,,,,,,,,,,,,,,,,,,,,,,,,
Eric Martinez,C,FA,,,,,,,,,,,,,,,,,,,,,,,,,,,,,,,,,,,,,,,,,,,,,,,
Elijah Green,CF,FA,,,,,,,,,,,,,,,,,,,,,,,,,,,,,,,,,,,,,,,,,,,,,,,
Carlos Linarez,C,FA,,,,,,,,,,,,,,,,,,,,,,,,,,,,,,,,,,,,,,,,,,,,,,,
Jose Gonzalez,LF,FA,,,,,,,,,,,,,,,,,,,,,,,,,,,,,,,,,,,,,,,,,,,,,,,
Santiago Leon,SS,FA,,,,,,,,,,,,,,,,,,,,,,,,,,,,,,,,,,,,,,,,,,,,,,,
Jesus Abreu,C,FA,,,,,,,,,,,,,,,,,,,,,,,,,,,,,,,,,,,,,,,,,,,,,,,
Kevin Novoa,1B,FA,,,,,,,,,,,,,,,,,,,,,,,,,,,,,,,,,,,,,,,,,,,,,,,
Jeremy Almonte,C,FA,,,,,,,,,,,,,,,,,,,,,,,,,,,,,,,,,,,,,,,,,,,,,,,
Rafael Ortega,CF,FA,,,,,,,,,,,,,,,,,,,,,,,,,,,,,,,,,,,,,,,,,,,,,,,
Alexander Requena,C,FA,,,,,,,,,,,,,,,,,,,,,,,,,,,,,,,,,,,,,,,,,,,,,,,
Adrian Bello,C,FA,,,,,,,,,,,,,,,,,,,,,,,,,,,,,,,,,,,,,,,,,,,,,,,
Nixon Chirinos,C,FA,,,,,,,,,,,,,,,,,,,,,,,,,,,,,,,,,,,,,,,,,,,,,,,
Nestor Rios,C,FA,,,,,,,,,,,,,,,,,,,,,,,,,,,,,,,,,,,,,,,,,,,,,,,
Carlos Sanchez,C,FA,,,,,,,,,,,,,,,,,,,,,,,,,,,,,,,,,,,,,,,,,,,,,,,
Erik Parker,SS,FA,,,,,,,,,,,,,,,,,,,,,,,,,,,,,,,,,,,,,,,,,,,,,,,
Juan Sanchez,3B,T,,,,,,,,,,,,,,,,,,,,,,,,,,,,,,,,,,,,,,,,,,,,,,,
Angelo Mora,C,FA,,,,,,,,,,,,,,,,,,,,,,,,,,,,,,,,,,,,,,,,,,,,,,,
Luis Martinez,1B,FA,,,,,,,,,,,,,,,,,,,,,,,,,,,,,,,,,,,,,,,,,,,,,,,
Qyshawn Legito,C,FA,,,,,,,,,,,,,,,,,,,,,,,,,,,,,,,,,,,,,,,,,,,,,,,
Gabriel Gomes,C,FA,,,,,,,,,,,,,,,,,,,,,,,,,,,,,,,,,,,,,,,,,,,,,,,
Kevin Rivas,1B,FA,,,,,,,,,,,,,,,,,,,,,,,,,,,,,,,,,,,,,,,,,,,,,,,
Cristian Jauregui,LF,FA,,,,,,,,,,,,,,,,,,,,,,,,,,,,,,,,,,,,,,,,,,,,,,,
David Leon,C,FA,,,,,,,,,,,,,,,,,,,,,,,,,,,,,,,,,,,,,,,,,,,,,,,
Juan Villavicencio,SS,FA,,,,,,,,,,,,,,,,,,,,,,,,,,,,,,,,,,,,,,,,,,,,,,,
Jesus Ordonez,C,FA,,,,,,,,,,,,,,,,,,,,,,,,,,,,,,,,,,,,,,,,,,,,,,,
Charlie Bates,SS,FA,,,,,,,,,,,,,,,,,,,,,,,,,,,,,,,,,,,,,,,,,,,,,,,
Victor Cardoza,CF,FA,,,,,,,,,,,,,,,,,,,,,,,,,,,,,,,,,,,,,,,,,,,,,,,
Reiner Herrera,C,FA,,,,,,,,,,,,,,,,,,,,,,,,,,,,,,,,,,,,,,,,,,,,,,,
Brayan Cortesia,SS,FA,,,,,,,,,,,,,,,,,,,,,,,,,,,,,,,,,,,,,,,,,,,,,,,
Jorge Mendez,C,FA,,,,,,,,,,,,,,,,,,,,,,,,,,,,,,,,,,,,,,,,,,,,,,,
Vladi Gomez,2B,FA,,,,,,,,,,,,,,,,,,,,,,,,,,,,,,,,,,,,,,,,,,,,,,,
Juan Castillo,C,FA,,,,,,,,,,,,,,,,,,,,,,,,,,,,,,,,,,,,,,,,,,,,,,,
Javier Roman,1B,FA,,,,,,,,,,,,,,,,,,,,,,,,,,,,,,,,,,,,,,,,,,,,,,,
Andriel Lantigua,C,FA,,,,,,,,,,,,,,,,,,,,,,,,,,,,,,,,,,,,,,,,,,,,,,,
Amilcar Vasquez,CF,FA,,,,,,,,,,,,,,,,,,,,,,,,,,,,,,,,,,,,,,,,,,,,,,,
Michel Cervantes,SS,FA,,,,,,,,,,,,,,,,,,,,,,,,,,,,,,,,,,,,,,,,,,,,,,,
Irvin Nunez,C,FA,,,,,,,,,,,,,,,,,,,,,,,,,,,,,,,,,,,,,,,,,,,,,,,
Jonathan Taveras,2B,FA,,,,,,,,,,,,,,,,,,,,,,,,,,,,,,,,,,,,,,,,,,,,,,,
Rodney Green,CF,FA,,,,,,,,,,,,,,,,,,,,,,,,,,,,,,,,,,,,,,,,,,,,,,,
Abraham Nunez,CF,FA,,,,,,,,,,,,,,,,,,,,,,,,,,,,,,,,,,,,,,,,,,,,,,,
Marcos Terrero,C,FA,,,,,,,,,,,,,,,,,,,,,,,,,,,,,,,,,,,,,,,,,,,,,,,
Gabriel Silva,C,FA,,,,,,,,,,,,,,,,,,,,,,,,,,,,,,,,,,,,,,,,,,,,,,,
Kyle Hayes,C,FA,,,,,,,,,,,,,,,,,,,,,,,,,,,,,,,,,,,,,,,,,,,,,,,
Solomon Maguire,CF,FA,,,,,,,,,,,,,,,,,,,,,,,,,,,,,,,,,,,,,,,,,,,,,,,
Dionmy Salon,C,FA,,,,,,,,,,,,,,,,,,,,,,,,,,,,,,,,,,,,,,,,,,,,,,,
Yosweld Vasquez,C,FA,,,,,,,,,,,,,,,,,,,,,,,,,,,,,,,,,,,,,,,,,,,,,,,
Luis Marinez,1B,FA,,,,,,,,,,,,,,,,,,,,,,,,,,,,,,,,,,,,,,,,,,,,,,,
Diego Campos,C,FA,,,,,,,,,,,,,,,,,,,,,,,,,,,,,,,,,,,,,,,,,,,,,,,
Javier Pariguan,C,FA,,,,,,,,,,,,,,,,,,,,,,,,,,,,,,,,,,,,,,,,,,,,,,,
Miguel Flores,C,FA,,,,,,,,,,,,,,,,,,,,,,,,,,,,,,,,,,,,,,,,,,,,,,,
Francisco Caldera,DH,FA,,,,,,,,,,,,,,,,,,,,,,,,,,,,,,,,,,,,,,,,,,,,,,,
Alejandro Pereira,C,FA,,,,,,,,,,,,,,,,,,,,,,,,,,,,,,,,,,,,,,,,,,,,,,,
Luis Puello,RF,FA,,,,,,,,,,,,,,,,,,,,,,,,,,,,,,,,,,,,,,,,,,,,,,,
Brahian Silva,C,FA,,,,,,,,,,,,,,,,,,,,,,,,,,,,,,,,,,,,,,,,,,,,,,,
Johan Contreras,1B,FA,,,,,,,,,,,,,,,,,,,,,,,,,,,,,,,,,,,,,,,,,,,,,,,
Luis Caicuto,C,FA,,,,,,,,,,,,,,,,,,,,,,,,,,,,,,,,,,,,,,,,,,,,,,,
Edison Vivas,DH,FA,,,,,,,,,,,,,,,,,,,,,,,,,,,,,,,,,,,,,,,,,,,,,,,
Francisco Loreto,3B,FA,,,,,,,,,,,,,,,,,,,,,,,,,,,,,,,,,,,,,,,,,,,,,,,
Ethan Wilson,RF,FA,,,,,,,,,,,,,,,,,,,,,,,,,,,,,,,,,,,,,,,,,,,,,,,
Manuel Palencia,C,FA,,,,,,,,,,,,,,,,,,,,,,,,,,,,,,,,,,,,,,,,,,,,,,,
Yhoan Escalona,3B,FA,,,,,,,,,,,,,,,,,,,,,,,,,,,,,,,,,,,,,,,,,,,,,,,
Santiago Prado,2B,FA,,,,,,,,,,,,,,,,,,,,,,,,,,,,,,,,,,,,,,,,,,,,,,,
Andres Sosa,C,FA,,,,,,,,,,,,,,,,,,,,,,,,,,,,,,,,,,,,,,,,,,,,,,,
Estanlin Cassiani,CF,FA,,,,,,,,,,,,,,,,,,,,,,,,,,,,,,,,,,,,,,,,,,,,,,,
Alejandro Rios,C,FA,,,,,,,,,,,,,,,,,,,,,,,,,,,,,,,,,,,,,,,,,,,,,,,
Jose Urbina,C,FA,,,,,,,,,,,,,,,,,,,,,,,,,,,,,,,,,,,,,,,,,,,,,,,
Adrian De Leon,C,FA,,,,,,,,,,,,,,,,,,,,,,,,,,,,,,,,,,,,,,,,,,,,,,,
Luke Shliger,C,FA,,,,,,,,,,,,,,,,,,,,,,,,,,,,,,,,,,,,,,,,,,,,,,,
Johan Fernandez,C,FA,,,,,,,,,,,,,,,,,,,,,,,,,,,,,,,,,,,,,,,,,,,,,,,
Robert Lantigua,C,FA,,,,,,,,,,,,,,,,,,,,,,,,,,,,,,,,,,,,,,,,,,,,,,,
Ryan McCoy,RF,FA,,,,,,,,,,,,,,,,,,,,,,,,,,,,,,,,,,,,,,,,,,,,,,,
Carlos Molina,C,FA,,,,,,,,,,,,,,,,,,,,,,,,,,,,,,,,,,,,,,,,,,,,,,,
Jose Rodriguez,C,FA,,,,,,,,,,,,,,,,,,,,,,,,,,,,,,,,,,,,,,,,,,,,,,,
Josnaider Orellana,C,FA,,,,,,,,,,,,,,,,,,,,,,,,,,,,,,,,,,,,,,,,,,,,,,,
Jose Cordoba,RF,FA,,,,,,,,,,,,,,,,,,,,,,,,,,,,,,,,,,,,,,,,,,,,,,,
Gavin Kash,1B,FA,,,,,,,,,,,,,,,,,,,,,,,,,,,,,,,,,,,,,,,,,,,,,,,
Miguel Rivera,C,FA,,,,,,,,,,,,,,,,,,,,,,,,,,,,,,,,,,,,,,,,,,,,,,,
Casan Evans,SS,FA,,,,,,,,,,,,,,,,,,,,,,,,,,,,,,,,,,,,,,,,,,,,,,,
Alexander Mambel,1B,FA,,,,,,,,,,,,,,,,,,,,,,,,,,,,,,,,,,,,,,,,,,,,,,,
Newremberg Rondon,1B,FA,,,,,,,,,,,,,,,,,,,,,,,,,,,,,,,,,,,,,,,,,,,,,,,
Dilan Granadillo,C,FA,,,,,,,,,,,,,,,,,,,,,,,,,,,,,,,,,,,,,,,,,,,,,,,
Kemp Alderman,RF,T,,,,,,,,,,,,,,,,,,,,,,,,,,,,,,,,,,,,,,,,,,,,,,,
Liosward Marin,DH,FA,,,,,,,,,,,,,,,,,,,,,,,,,,,,,,,,,,,,,,,,,,,,,,,
Jake DeLeo,CF,FA,,,,,,,,,,,,,,,,,,,,,,,,,,,,,,,,,,,,,,,,,,,,,,,
Angel Marte,C,FA,,,,,,,,,,,,,,,,,,,,,,,,,,,,,,,,,,,,,,,,,,,,,,,
Fernando Caldera,C,FA,,,,,,,,,,,,,,,,,,,,,,,,,,,,,,,,,,,,,,,,,,,,,,,
Miguel Pabon,C,FA,,,,,,,,,,,,,,,,,,,,,,,,,,,,,,,,,,,,,,,,,,,,,,,
Jairo Diaz,C,FA,,,,,,,,,,,,,,,,,,,,,,,,,,,,,,,,,,,,,,,,,,,,,,,
Ricson Gonzalez,C,FA,,,,,,,,,,,,,,,,,,,,,,,,,,,,,,,,,,,,,,,,,,,,,,,
Ji-Hwan Bae,LF,FA,,,,,,,,,,,,,,,,,,,,,,,,,,,,,,,,,,,,,,,,,,,,,,,
Yidel Diaz,C,FA,,,,,,,,,,,,,,,,,,,,,,,,,,,,,,,,,,,,,,,,,,,,,,,
Alejandro Castellano,C,FA,,,,,,,,,,,,,,,,,,,,,,,,,,,,,,,,,,,,,,,,,,,,,,,
Ivan Cespedes,C,FA,,,,,,,,,,,,,,,,,,,,,,,,,,,,,,,,,,,,,,,,,,,,,,,
Jesus Morales,C,FA,,,,,,,,,,,,,,,,,,,,,,,,,,,,,,,,,,,,,,,,,,,,,,,
Henniel Alcala,C,FA,,,,,,,,,,,,,,,,,,,,,,,,,,,,,,,,,,,,,,,,,,,,,,,
Edgar Mota,1B,FA,,,,,,,,,,,,,,,,,,,,,,,,,,,,,,,,,,,,,,,,,,,,,,,
Daniel Campos,C,FA,,,,,,,,,,,,,,,,,,,,,,,,,,,,,,,,,,,,,,,,,,,,,,,
Vicent Nunez,C,FA,,,,,,,,,,,,,,,,,,,,,,,,,,,,,,,,,,,,,,,,,,,,,,,
Jhosmmel Zue,C,FA,,,,,,,,,,,,,,,,,,,,,,,,,,,,,,,,,,,,,,,,,,,,,,,
Juan Gonzalez,C,FA,,,,,,,,,,,,,,,,,,,,,,,,,,,,,,,,,,,,,,,,,,,,,,,
Nick Senzel,3B,FA,,,,,,,,,,,,,,,,,,,,,,,,,,,,,,,,,,,,,,,,,,,,,,,
Abel De Leon,C,FA,,,,,,,,,,,,,,,,,,,,,,,,,,,,,,,,,,,,,,,,,,,,,,,
Renny Sillet,C,FA,,,,,,,,,,,,,,,,,,,,,,,,,,,,,,,,,,,,,,,,,,,,,,,
Alvaro Rios,C,FA,,,,,,,,,,,,,,,,,,,,,,,,,,,,,,,,,,,,,,,,,,,,,,,
Juan Garcia,C,FA,,,,,,,,,,,,,,,,,,,,,,,,,,,,,,,,,,,,,,,,,,,,,,,
John Michael Faile,1B,FA,,,,,,,,,,,,,,,,,,,,,,,,,,,,,,,,,,,,,,,,,,,,,,,
Brandon Jaime,C,FA,,,,,,,,,,,,,,,,,,,,,,,,,,,,,,,,,,,,,,,,,,,,,,,
Ramcell Medina,SS,FA,,,,,,,,,,,,,,,,,,,,,,,,,,,,,,,,,,,,,,,,,,,,,,,
Slade Caldwell,CF,FA,,,,,,,,,,,,,,,,,,,,,,,,,,,,,,,,,,,,,,,,,,,,,,,
Enry Torres,C,FA,,,,,,,,,,,,,,,,,,,,,,,,,,,,,,,,,,,,,,,,,,,,,,,
Blake Cyr,SS,FA,,,,,,,,,,,,,,,,,,,,,,,,,,,,,,,,,,,,,,,,,,,,,,,
Emdys Rosillo,1B,FA,,,,,,,,,,,,,,,,,,,,,,,,,,,,,,,,,,,,,,,,,,,,,,,
Elorky Rodriguez,CF,FA,,,,,,,,,,,,,,,,,,,,,,,,,,,,,,,,,,,,,,,,,,,,,,,
Jesus Bugarin,RF,FA,,,,,,,,,,,,,,,,,,,,,,,,,,,,,,,,,,,,,,,,,,,,,,,
Rayne Doncon,3B,FA,,,,,,,,,,,,,,,,,,,,,,,,,,,,,,,,,,,,,,,,,,,,,,,
Trey Lipscomb,3B,FA,,,,,,,,,,,,,,,,,,,,,,,,,,,,,,,,,,,,,,,,,,,,,,,
Luis Ariza,SS,FA,,,,,,,,,,,,,,,,,,,,,,,,,,,,,,,,,,,,,,,,,,,,,,,
Juan Carlos Negret,CF,FA,,,,,,,,,,,,,,,,,,,,,,,,,,,,,,,,,,,,,,,,,,,,,,,
Jose Perez,3B,FA,,,,,,,,,,,,,,,,,,,,,,,,,,,,,,,,,,,,,,,,,,,,,,,
Moises Castillo,SS,FA,,,,,,,,,,,,,,,,,,,,,,,,,,,,,,,,,,,,,,,,,,,,,,,
Hans Montero,1B,FA,,,,,,,,,,,,,,,,,,,,,,,,,,,,,,,,,,,,,,,,,,,,,,,
Juan Montero,C,FA,,,,,,,,,,,,,,,,,,,,,,,,,,,,,,,,,,,,,,,,,,,,,,,
Diego Velasquez,2B,FA,,,,,,,,,,,,,,,,,,,,,,,,,,,,,,,,,,,,,,,,,,,,,,,
Rickardo Perez,1B,FA,,,,,,,,,,,,,,,,,,,,,,,,,,,,,,,,,,,,,,,,,,,,,,,
Neyfy Castillo,1B,FA,,,,,,,,,,,,,,,,,,,,,,,,,,,,,,,,,,,,,,,,,,,,,,,
Roger Lasso,CF,FA,,,,,,,,,,,,,,,,,,,,,,,,,,,,,,,,,,,,,,,,,,,,,,,
Carlos Avila,C,FA,,,,,,,,,,,,,,,,,,,,,,,,,,,,,,,,,,,,,,,,,,,,,,,
Nicolas Deschamps,C,FA,,,,,,,,,,,,,,,,,,,,,,,,,,,,,,,,,,,,,,,,,,,,,,,
Juan Alonso,CF,FA,,,,,,,,,,,,,,,,,,,,,,,,,,,,,,,,,,,,,,,,,,,,,,,
Juan Rosas,C,FA,,,,,,,,,,,,,,,,,,,,,,,,,,,,,,,,,,,,,,,,,,,,,,,
Jeremy Arocho,3B,FA,,,,,,,,,,,,,,,,,,,,,,,,,,,,,,,,,,,,,,,,,,,,,,,
Thayron Liranzo,C,FA,,,,,,,,,,,,,,,,,,,,,,,,,,,,,,,,,,,,,,,,,,,,,,,
Maykel Minoso,C,FA,,,,,,,,,,,,,,,,,,,,,,,,,,,,,,,,,,,,,,,,,,,,,,,
Elio Campos,2B,FA,,,,,,,,,,,,,,,,,,,,,,,,,,,,,,,,,,,,,,,,,,,,,,,
Jermaine Maricuto,1B,FA,,,,,,,,,,,,,,,,,,,,,,,,,,,,,,,,,,,,,,,,,,,,,,,
Agustin Marcano,C,FA,,,,,,,,,,,,,,,,,,,,,,,,,,,,,,,,,,,,,,,,,,,,,,,
Michael De La Cruz,CF,FA,,,,,,,,,,,,,,,,,,,,,,,,,,,,,,,,,,,,,,,,,,,,,,,
Alfredo Rodriguez,C,FA,,,,,,,,,,,,,,,,,,,,,,,,,,,,,,,,,,,,,,,,,,,,,,,
Jhon Franganten,LF,FA,,,,,,,,,,,,,,,,,,,,,,,,,,,,,,,,,,,,,,,,,,,,,,,
Helder Rosario,C,FA,,,,,,,,,,,,,,,,,,,,,,,,,,,,,,,,,,,,,,,,,,,,,,,
Maikel Acosta,SS,FA,,,,,,,,,,,,,,,,,,,,,,,,,,,,,,,,,,,,,,,,,,,,,,,
Neurelin Montero,C,FA,,,,,,,,,,,,,,,,,,,,,,,,,,,,,,,,,,,,,,,,,,,,,,,
Carlos De Sousa,C,FA,,,,,,,,,,,,,,,,,,,,,,,,,,,,,,,,,,,,,,,,,,,,,,,
Carlos Carrion,SS,FA,,,,,,,,,,,,,,,,,,,,,,,,,,,,,,,,,,,,,,,,,,,,,,,
Steven Santos,1B,FA,,,,,,,,,,,,,,,,,,,,,,,,,,,,,,,,,,,,,,,,,,,,,,,
Klendy Leen,C,FA,,,,,,,,,,,,,,,,,,,,,,,,,,,,,,,,,,,,,,,,,,,,,,,
Cal Stark,C,FA,,,,,,,,,,,,,,,,,,,,,,,,,,,,,,,,,,,,,,,,,,,,,,,
Ambioris Tavarez,2B,FA,,,,,,,,,,,,,,,,,,,,,,,,,,,,,,,,,,,,,,,,,,,,,,,
Carlos De La Cruz,RF,FA,,,,,,,,,,,,,,,,,,,,,,,,,,,,,,,,,,,,,,,,,,,,,,,
Victor Acosta,2B,FA,,,,,,,,,,,,,,,,,,,,,,,,,,,,,,,,,,,,,,,,,,,,,,,
Carlos Rubecindo,CF,FA,,,,,,,,,,,,,,,,,,,,,,,,,,,,,,,,,,,,,,,,,,,,,,,
Joshddy Castillo,CF,FA,,,,,,,,,,,,,,,,,,,,,,,,,,,,,,,,,,,,,,,,,,,,,,,
Noelberth Romero,LF,FA,,,,,,,,,,,,,,,,,,,,,,,,,,,,,,,,,,,,,,,,,,,,,,,
Enderson Delgado,C,FA,,,,,,,,,,,,,,,,,,,,,,,,,,,,,,,,,,,,,,,,,,,,,,,
Diego Frontado,SS,T,,,,,,,,,,,,,,,,,,,,,,,,,,,,,,,,,,,,,,,,,,,,,,,
Ariel Roque,CF,FA,,,,,,,,,,,,,,,,,,,,,,,,,,,,,,,,,,,,,,,,,,,,,,,
Randy Santana,RF,FA,,,,,,,,,,,,,,,,,,,,,,,,,,,,,,,,,,,,,,,,,,,,,,,
Ronny Munoz,SS,FA,,,,,,,,,,,,,,,,,,,,,,,,,,,,,,,,,,,,,,,,,,,,,,,
Jeremy Eierman,SS,FA,,,,,,,,,,,,,,,,,,,,,,,,,,,,,,,,,,,,,,,,,,,,,,,
Travis Swaggerty,LF,FA,,,,,,,,,,,,,,,,,,,,,,,,,,,,,,,,,,,,,,,,,,,,,,,
Sebastian Puche,C,FA,,,,,,,,,,,,,,,,,,,,,,,,,,,,,,,,,,,,,,,,,,,,,,,
Luis Verdugo,3B,FA,,,,,,,,,,,,,,,,,,,,,,,,,,,,,,,,,,,,,,,,,,,,,,,
Keyber Rodriguez,3B,FA,,,,,,,,,,,,,,,,,,,,,,,,,,,,,,,,,,,,,,,,,,,,,,,
Pedro Ibarguen,RF,FA,,,,,,,,,,,,,,,,,,,,,,,,,,,,,,,,,,,,,,,,,,,,,,,
JP Head,LF,FA,,,,,,,,,,,,,,,,,,,,,,,,,,,,,,,,,,,,,,,,,,,,,,,
Quinton Coats,1B,FA,,,,,,,,,,,,,,,,,,,,,,,,,,,,,,,,,,,,,,,,,,,,,,,
Roderick Flores,2B,FA,,,,,,,,,,,,,,,,,,,,,,,,,,,,,,,,,,,,,,,,,,,,,,,
Albert Gutierrez,1B,FA,,,,,,,,,,,,,,,,,,,,,,,,,,,,,,,,,,,,,,,,,,,,,,,
John Stuetzer,SS,FA,,,,,,,,,,,,,,,,,,,,,,,,,,,,,,,,,,,,,,,,,,,,,,,
Angel Laya,CF,FA,,,,,,,,,,,,,,,,,,,,,,,,,,,,,,,,,,,,,,,,,,,,,,,
Anthony Martinez,DH,FA,,,,,,,,,,,,,,,,,,,,,,,,,,,,,,,,,,,,,,,,,,,,,,,
Fabricio Blanco,SS,FA,,,,,,,,,,,,,,,,,,,,,,,,,,,,,,,,,,,,,,,,,,,,,,,
Juan Parra,SS,FA,,,,,,,,,,,,,,,,,,,,,,,,,,,,,,,,,,,,,,,,,,,,,,,
Jose Devers,2B,FA,,,,,,,,,,,,,,,,,,,,,,,,,,,,,,,,,,,,,,,,,,,,,,,
Alvaro Gonzalez,2B,FA,,,,,,,,,,,,,,,,,,,,,,,,,,,,,,,,,,,,,,,,,,,,,,,
Albert Fermin,SS,T,,,,,,,,,,,,,,,,,,,,,,,,,,,,,,,,,,,,,,,,,,,,,,,
Dairon Blanco,CF,FA,,,,,,,,,,,,,,,,,,,,,,,,,,,,,,,,,,,,,,,,,,,,,,,
Evan Cabral,3B,FA,,,,,,,,,,,,,,,,,,,,,,,,,,,,,,,,,,,,,,,,,,,,,,,
Francisco Acuna,SS,FA,,,,,,,,,,,,,,,,,,,,,,,,,,,,,,,,,,,,,,,,,,,,,,,
Adrian Lunar,C,FA,,,,,,,,,,,,,,,,,,,,,,,,,,,,,,,,,,,,,,,,,,,,,,,
Jose Victorino,SS,FA,,,,,,,,,,,,,,,,,,,,,,,,,,,,,,,,,,,,,,,,,,,,,,,
Robert Brooks,C,FA,,,,,,,,,,,,,,,,,,,,,,,,,,,,,,,,,,,,,,,,,,,,,,,
Isaac Pena,3B,FA,,,,,,,,,,,,,,,,,,,,,,,,,,,,,,,,,,,,,,,,,,,,,,,
Nathan Rose,3B,FA,,,,,,,,,,,,,,,,,,,,,,,,,,,,,,,,,,,,,,,,,,,,,,,
Jose Perdomo,C,FA,,,,,,,,,,,,,,,,,,,,,,,,,,,,,,,,,,,,,,,,,,,,,,,
Javier Mogollon,2B,FA,,,,,,,,,,,,,,,,,,,,,,,,,,,,,,,,,,,,,,,,,,,,,,,
Bryson Horne,1B,FA,,,,,,,,,,,,,,,,,,,,,,,,,,,,,,,,,,,,,,,,,,,,,,,
Eyke Ugueto,LF,FA,,,,,,,,,,,,,,,,,,,,,,,,,,,,,,,,,,,,,,,,,,,,,,,
Kotaro Tsunematsu,RF,FA,,,,,,,,,,,,,,,,,,,,,,,,,,,,,,,,,,,,,,,,,,,,,,,
Moises Lopez,2B,FA,,,,,,,,,,,,,,,,,,,,,,,,,,,,,,,,,,,,,,,,,,,,,,,
Erick Lara,3B,FA,,,,,,,,,,,,,,,,,,,,,,,,,,,,,,,,,,,,,,,,,,,,,,,
Eduardo Tait,C,T,,,,,,,,,,,,,,,,,,,,,,,,,,,,,,,,,,,,,,,,,,,,,,,
Daniel Vellojin,C,FA,,,,,,,,,,,,,,,,,,,,,,,,,,,,,,,,,,,,,,,,,,,,,,,
Fabian Pertuz,SS,FA,,,,,,,,,,,,,,,,,,,,,,,,,,,,,,,,,,,,,,,,,,,,,,,
Renair Manrique,SS,FA,,,,,,,,,,,,,,,,,,,,,,,,,,,,,,,,,,,,,,,,,,,,,,,
Luis Arias,3B,FA,,,,,,,,,,,,,,,,,,,,,,,,,,,,,,,,,,,,,,,,,,,,,,,
R.J. Yeager,1B,FA,,,,,,,,,,,,,,,,,,,,,,,,,,,,,,,,,,,,,,,,,,,,,,,
Kelvin Diaz,SS,FA,,,,,,,,,,,,,,,,,,,,,,,,,,,,,,,,,,,,,,,,,,,,,,,
Wilderd Patino,CF,FA,,,,,,,,,,,,,,,,,,,,,,,,,,,,,,,,,,,,,,,,,,,,,,,
Luis Cuevas,DH,FA,,,,,,,,,,,,,,,,,,,,,,,,,,,,,,,,,,,,,,,,,,,,,,,
Orelvis Martinez,2B,FA,,,,,,,,,,,,,,,,,,,,,,,,,,,,,,,,,,,,,,,,,,,,,,,
Wyatt Hoffman,LF,FA,,,,,,,,,,,,,,,,,,,,,,,,,,,,,,,,,,,,,,,,,,,,,,,
Phillip Evans,3B,FA,,,,,,,,,,,,,,,,,,,,,,,,,,,,,,,,,,,,,,,,,,,,,,,
Franmil Reyes,LF,FA,,,,,,,,,,,,,,,,,,,,,,,,,,,,,,,,,,,,,,,,,,,,,,,
Ruben Gallego,SS,FA,,,,,,,,,,,,,,,,,,,,,,,,,,,,,,,,,,,,,,,,,,,,,,,
Joey Gallo,1B,FA,,,,,,,,,,,,,,,,,,,,,,,,,,,,,,,,,,,,,,,,,,,,,,,
Isaias Suarez,LF,FA,,,,,,,,,,,,,,,,,,,,,,,,,,,,,,,,,,,,,,,,,,,,,,,
Enmanuel Merlo,SS,FA,,,,,,,,,,,,,,,,,,,,,,,,,,,,,,,,,,,,,,,,,,,,,,,
Jose Colina,CF,FA,,,,,,,,,,,,,,,,,,,,,,,,,,,,,,,,,,,,,,,,,,,,,,,
Angeni Fernandez,SS,FA,,,,,,,,,,,,,,,,,,,,,,,,,,,,,,,,,,,,,,,,,,,,,,,
Harold Ramirez,DH,FA,,,,,,,,,,,,,,,,,,,,,,,,,,,,,,,,,,,,,,,,,,,,,,,
Jason Matthews,3B,FA,,,,,,,,,,,,,,,,,,,,,,,,,,,,,,,,,,,,,,,,,,,,,,,
Carlos Rojas,C,FA,,,,,,,,,,,,,,,,,,,,,,,,,,,,,,,,,,,,,,,,,,,,,,,
Ronald Guzman,1B,FA,,,,,,,,,,,,,,,,,,,,,,,,,,,,,,,,,,,,,,,,,,,,,,,
Fabian Gonzalez,SS,FA,,,,,,,,,,,,,,,,,,,,,,,,,,,,,,,,,,,,,,,,,,,,,,,
Brett Auerbach,2B,FA,,,,,,,,,,,,,,,,,,,,,,,,,,,,,,,,,,,,,,,,,,,,,,,
Estarling Mercado,1B,FA,,,,,,,,,,,,,,,,,,,,,,,,,,,,,,,,,,,,,,,,,,,,,,,
Jeffery Heard,RF,FA,,,,,,,,,,,,,,,,,,,,,,,,,,,,,,,,,,,,,,,,,,,,,,,
Richard De Los Santos,SS,FA,,,,,,,,,,,,,,,,,,,,,,,,,,,,,,,,,,,,,,,,,,,,,,,
Jacob Hurtubise,LF,FA,,,,,,,,,,,,,,,,,,,,,,,,,,,,,,,,,,,,,,,,,,,,,,,
Fernando Graterol,C,FA,,,,,,,,,,,,,,,,,,,,,,,,,,,,,,,,,,,,,,,,,,,,,,,
Dyan Jorge,SS,FA,,,,,,,,,,,,,,,,,,,,,,,,,,,,,,,,,,,,,,,,,,,,,,,
Nick Ward,SS,FA,,,,,,,,,,,,,,,,,,,,,,,,,,,,,,,,,,,,,,,,,,,,,,,
Elier Hernandez,CF,FA,,,,,,,,,,,,,,,,,,,,,,,,,,,,,,,,,,,,,,,,,,,,,,,
Manuel Bolivar,C,FA,,,,,,,,,,,,,,,,,,,,,,,,,,,,,,,,,,,,,,,,,,,,,,,
Leonardo Sevilla,SS,FA,,,,,,,,,,,,,,,,,,,,,,,,,,,,,,,,,,,,,,,,,,,,,,,
Edelson Cabral,SS,FA,,,,,,,,,,,,,,,,,,,,,,,,,,,,,,,,,,,,,,,,,,,,,,,
Pedro Gomez,RF,FA,,,,,,,,,,,,,,,,,,,,,,,,,,,,,,,,,,,,,,,,,,,,,,,
Manuel Margot,RF,FA,,,,,,,,,,,,,,,,,,,,,,,,,,,,,,,,,,,,,,,,,,,,,,,
Alexandel Pio,SS,FA,,,,,,,,,,,,,,,,,,,,,,,,,,,,,,,,,,,,,,,,,,,,,,,
Leonardo Reynoso,SS,FA,,,,,,,,,,,,,,,,,,,,,,,,,,,,,,,,,,,,,,,,,,,,,,,
Albert Almora Jr.,LF,FA,,,,,,,,,,,,,,,,,,,,,,,,,,,,,,,,,,,,,,,,,,,,,,,
Noah Wilson,RF,FA,,,,,,,,,,,,,,,,,,,,,,,,,,,,,,,,,,,,,,,,,,,,,,,
Tyler Lichtenberger,SS,FA,,,,,,,,,,,,,,,,,,,,,,,,,,,,,,,,,,,,,,,,,,,,,,,
Easton OQuinn,3B,FA,,,,,,,,,,,,,,,,,,,,,,,,,,,,,,,,,,,,,,,,,,,,,,,
Macgraw VanWormer,RF,FA,,,,,,,,,,,,,,,,,,,,,,,,,,,,,,,,,,,,,,,,,,,,,,,
Andrew Brown,CF,FA,,,,,,,,,,,,,,,,,,,,,,,,,,,,,,,,,,,,,,,,,,,,,,,
Jordan Leon,SS,FA,,,,,,,,,,,,,,,,,,,,,,,,,,,,,,,,,,,,,,,,,,,,,,,
Keelan Zumwalt,1B,FA,,,,,,,,,,,,,,,,,,,,,,,,,,,,,,,,,,,,,,,,,,,,,,,
Christopher Cabrera,3B,FA,,,,,,,,,,,,,,,,,,,,,,,,,,,,,,,,,,,,,,,,,,,,,,,
Tyler Early,1B,FA,,,,,,,,,,,,,,,,,,,,,,,,,,,,,,,,,,,,,,,,,,,,,,,
Connor Salerno,1B,FA,,,,,,,,,,,,,,,,,,,,,,,,,,,,,,,,,,,,,,,,,,,,,,,
Kinon Bastian,2B,FA,,,,,,,,,,,,,,,,,,,,,,,,,,,,,,,,,,,,,,,,,,,,,,,
Finnian OLoughlin,CF,FA,,,,,,,,,,,,,,,,,,,,,,,,,,,,,,,,,,,,,,,,,,,,,,,
Garielvin Silverio,CF,FA,,,,,,,,,,,,,,,,,,,,,,,,,,,,,,,,,,,,,,,,,,,,,,,
Yadier Munoz,SS,FA,,,,,,,,,,,,,,,,,,,,,,,,,,,,,,,,,,,,,,,,,,,,,,,
Starlyn De La Cruz,CF,FA,,,,,,,,,,,,,,,,,,,,,,,,,,,,,,,,,,,,,,,,,,,,,,,
Yolmer Sanchez,2B,FA,,,,,,,,,,,,,,,,,,,,,,,,,,,,,,,,,,,,,,,,,,,,,,,
Rubel Arias,CF,FA,,,,,,,,,,,,,,,,,,,,,,,,,,,,,,,,,,,,,,,,,,,,,,,
Luke Cantwell,1B,FA,,,,,,,,,,,,,,,,,,,,,,,,,,,,,,,,,,,,,,,,,,,,,,,
AJ Soldra,LF,FA,,,,,,,,,,,,,,,,,,,,,,,,,,,,,,,,,,,,,,,,,,,,,,,
Rylan Mills,C,FA,,,,,,,,,,,,,,,,,,,,,,,,,,,,,,,,,,,,,,,,,,,,,,,
JP Smith,1B,FA,,,,,,,,,,,,,,,,,,,,,,,,,,,,,,,,,,,,,,,,,,,,,,,
Andrew Sojka,CF,FA,,,,,,,,,,,,,,,,,,,,,,,,,,,,,,,,,,,,,,,,,,,,,,,
Trevor Haskins,SS,FA,,,,,,,,,,,,,,,,,,,,,,,,,,,,,,,,,,,,,,,,,,,,,,,
Luke Hanson,3B,FA,,,,,,,,,,,,,,,,,,,,,,,,,,,,,,,,,,,,,,,,,,,,,,,
Juan Cruz,1B,FA,,,,,,,,,,,,,,,,,,,,,,,,,,,,,,,,,,,,,,,,,,,,,,,
Meridian Leffew,3B,FA,,,,,,,,,,,,,,,,,,,,,,,,,,,,,,,,,,,,,,,,,,,,,,,
Kaleb Freeman,2B,FA,,,,,,,,,,,,,,,,,,,,,,,,,,,,,,,,,,,,,,,,,,,,,,,
Carter Gwost,LF,FA,,,,,,,,,,,,,,,,,,,,,,,,,,,,,,,,,,,,,,,,,,,,,,,
Alex Hernandez,2B,FA,,,,,,,,,,,,,,,,,,,,,,,,,,,,,,,,,,,,,,,,,,,,,,,
Ivan Tatis,SS,FA,,,,,,,,,,,,,,,,,,,,,,,,,,,,,,,,,,,,,,,,,,,,,,,
Josh Wakefield,RF,FA,,,,,,,,,,,,,,,,,,,,,,,,,,,,,,,,,,,,,,,,,,,,,,,
Curtis Hebert,SS,FA,,,,,,,,,,,,,,,,,,,,,,,,,,,,,,,,,,,,,,,,,,,,,,,
Tague Davis,1B,FA,,,,,,,,,,,,,,,,,,,,,,,,,,,,,,,,,,,,,,,,,,,,,,,
Chase Fralick,C,FA,,,,,,,,,,,,,,,,,,,,,,,,,,,,,,,,,,,,,,,,,,,,,,,
Rui Muneyama,SS,FA,,,,,,,,,,,,,,,,,,,,,,,,,,,,,,,,,,,,,,,,,,,,,,,
TJ Ford,CF,FA,,,,,,,,,,,,,,,,,,,,,,,,,,,,,,,,,,,,,,,,,,,,,,,
Chase Call,RF,FA,,,,,,,,,,,,,,,,,,,,,,,,,,,,,,,,,,,,,,,,,,,,,,,
Canon Reeder,CF,FA,,,,,,,,,,,,,,,,,,,,,,,,,,,,,,,,,,,,,,,,,,,,,,,
Cardell Thibodeaux,LF,FA,,,,,,,,,,,,,,,,,,,,,,,,,,,,,,,,,,,,,,,,,,,,,,,
Adrian Santana,SS,FA,,,,,,,,,,,,,,,,,,,,,,,,,,,,,,,,,,,,,,,,,,,,,,,
LeTrey McCollum,CF,FA,,,,,,,,,,,,,,,,,,,,,,,,,,,,,,,,,,,,,,,,,,,,,,,
Diego Rosa,C,FA,,,,,,,,,,,,,,,,,,,,,,,,,,,,,,,,,,,,,,,,,,,,,,,
Qrey Lott,CF,FA,,,,,,,,,,,,,,,,,,,,,,,,,,,,,,,,,,,,,,,,,,,,,,,
Cleiner Ramirez,CF,FA,,,,,,,,,,,,,,,,,,,,,,,,,,,,,,,,,,,,,,,,,,,,,,,
Tyler Minick,3B,FA,,,,,,,,,,,,,,,,,,,,,,,,,,,,,,,,,,,,,,,,,,,,,,,
Santiago Solarte,SS,T,,,,,,,,,,,,,,,,,,,,,,,,,,,,,,,,,,,,,,,,,,,,,,,
Robert Phelps,SS,FA,,,,,,,,,,,,,,,,,,,,,,,,,,,,,,,,,,,,,,,,,,,,,,,
Eddie King,CF,FA,,,,,,,,,,,,,,,,,,,,,,,,,,,,,,,,,,,,,,,,,,,,,,,
Jordan Rich,CF,FA,,,,,,,,,,,,,,,,,,,,,,,,,,,,,,,,,,,,,,,,,,,,,,,
Logan Dawson,SS,FA,,,,,,,,,,,,,,,,,,,,,,,,,,,,,,,,,,,,,,,,,,,,,,,
Diego Contreras,SS,FA,,,,,,,,,,,,,,,,,,,,,,,,,,,,,,,,,,,,,,,,,,,,,,,
Jeremiah Jenkins,1B,FA,,,,,,,,,,,,,,,,,,,,,,,,,,,,,,,,,,,,,,,,,,,,,,,
Juanfel Peguero,SS,FA,,,,,,,,,,,,,,,,,,,,,,,,,,,,,,,,,,,,,,,,,,,,,,,
Albert Medina,LF,FA,,,,,,,,,,,,,,,,,,,,,,,,,,,,,,,,,,,,,,,,,,,,,,,
Feliz Genao,1B,FA,,,,,,,,,,,,,,,,,,,,,,,,,,,,,,,,,,,,,,,,,,,,,,,
Rodrigo Gonzalez,SS,FA,,,,,,,,,,,,,,,,,,,,,,,,,,,,,,,,,,,,,,,,,,,,,,,
Eybert Sanchez,SS,FA,,,,,,,,,,,,,,,,,,,,,,,,,,,,,,,,,,,,,,,,,,,,,,,
Daonil Montero,3B,FA,,,,,,,,,,,,,,,,,,,,,,,,,,,,,,,,,,,,,,,,,,,,,,,
Jose Pitre,CF,FA,,,,,,,,,,,,,,,,,,,,,,,,,,,,,,,,,,,,,,,,,,,,,,,
Victor Santana,3B,FA,,,,,,,,,,,,,,,,,,,,,,,,,,,,,,,,,,,,,,,,,,,,,,,
Moises Gallardo,RF,FA,,,,,,,,,,,,,,,,,,,,,,,,,,,,,,,,,,,,,,,,,,,,,,,
Aledmys Diaz,SS,FA,,,,,,,,,,,,,,,,,,,,,,,,,,,,,,,,,,,,,,,,,,,,,,,
David Garcia,C,FA,,,,,,,,,,,,,,,,,,,,,,,,,,,,,,,,,,,,,,,,,,,,,,,
Dencer Diaz,1B,FA,,,,,,,,,,,,,,,,,,,,,,,,,,,,,,,,,,,,,,,,,,,,,,,
Adrian Valdez,LF,FA,,,,,,,,,,,,,,,,,,,,,,,,,,,,,,,,,,,,,,,,,,,,,,,
Kadil Rubio,RF,FA,,,,,,,,,,,,,,,,,,,,,,,,,,,,,,,,,,,,,,,,,,,,,,,
Brainerh Palacios,C,FA,,,,,,,,,,,,,,,,,,,,,,,,,,,,,,,,,,,,,,,,,,,,,,,
Emile Torres,CF,FA,,,,,,,,,,,,,,,,,,,,,,,,,,,,,,,,,,,,,,,,,,,,,,,
Anthony Rendon,3B,FA,,,,,,,,,,,,,,,,,,,,,,,,,,,,,,,,,,,,,,,,,,,,,,,
Raynerd Ortega,2B,FA,,,,,,,,,,,,,,,,,,,,,,,,,,,,,,,,,,,,,,,,,,,,,,,
Simon Muzziotti,LF,FA,,,,,,,,,,,,,,,,,,,,,,,,,,,,,,,,,,,,,,,,,,,,,,,
Jose Sibrian,C,FA,,,,,,,,,,,,,,,,,,,,,,,,,,,,,,,,,,,,,,,,,,,,,,,
Cristopher Navarro,3B,FA,,,,,,,,,,,,,,,,,,,,,,,,,,,,,,,,,,,,,,,,,,,,,,,
Kameron Douglas,RF,FA,,,,,,,,,,,,,,,,,,,,,,,,,,,,,,,,,,,,,,,,,,,,,,,
Derek Cerda,CF,FA,,,,,,,,,,,,,,,,,,,,,,,,,,,,,,,,,,,,,,,,,,,,,,,
Daniel Pierce,SS,FA,,,,,,,,,,,,,,,,,,,,,,,,,,,,,,,,,,,,,,,,,,,,,,,
JoJo Parker,SS,T,,,,,,,,,,,,,,,,,,,,,,,,,,,,,,,,,,,,,,,,,,,,,,,
Alex Lodise,SS,FA,,,,,,,,,,,,,,,,,,,,,,,,,,,,,,,,,,,,,,,,,,,,,,,
Jeshua Mendez,C,FA,,,,,,,,,,,,,,,,,,,,,,,,,,,,,,,,,,,,,,,,,,,,,,,
Santiago Gil,C,FA,,,,,,,,,,,,,,,,,,,,,,,,,,,,,,,,,,,,,,,,,,,,,,,
Ismael Mejia,1B,FA,,,,,,,,,,,,,,,,,,,,,,,,,,,,,,,,,,,,,,,,,,,,,,,
Domingo Leyba,2B,FA,,,,,,,,,,,,,,,,,,,,,,,,,,,,,,,,,,,,,,,,,,,,,,,
Eliesbert Alejos,3B,FA,,,,,,,,,,,,,,,,,,,,,,,,,,,,,,,,,,,,,,,,,,,,,,,
Gustavo Marquez,CF,FA,,,,,,,,,,,,,,,,,,,,,,,,,,,,,,,,,,,,,,,,,,,,,,,
Yael Romero,1B,FA,,,,,,,,,,,,,,,,,,,,,,,,,,,,,,,,,,,,,,,,,,,,,,,
Ryo Ohta,2B,FA,,,,,,,,,,,,,,,,,,,,,,,,,,,,,,,,,,,,,,,,,,,,,,,
Michael Mesa,LF,FA,,,,,,,,,,,,,,,,,,,,,,,,,,,,,,,,,,,,,,,,,,,,,,,
Carlos Gutierrez,RF,FA,,,,,,,,,,,,,,,,,,,,,,,,,,,,,,,,,,,,,,,,,,,,,,,
Samil Serrano,CF,FA,,,,,,,,,,,,,,,,,,,,,,,,,,,,,,,,,,,,,,,,,,,,,,,
Jorge Caballero,RF,FA,,,,,,,,,,,,,,,,,,,,,,,,,,,,,,,,,,,,,,,,,,,,,,,
Santiago Chavez,C,FA,,,,,,,,,,,,,,,,,,,,,,,,,,,,,,,,,,,,,,,,,,,,,,,
Juan Caricote,C,FA,,,,,,,,,,,,,,,,,,,,,,,,,,,,,,,,,,,,,,,,,,,,,,,
Shervyen Newton,SS,FA,,,,,,,,,,,,,,,,,,,,,,,,,,,,,,,,,,,,,,,,,,,,,,,
Kris Bryant,RF,FA,,,,,,,,,,,,,,,,,,,,,,,,,,,,,,,,,,,,,,,,,,,1.55,2.38,7.7,25.6,100.0
Abel Sosa,RF,FA,,,,,,,,,,,,,,,,,,,,,,,,,,,,,,,,,,,,,,,,,,,,,,,
Justin Osterhouse,2B,FA,,,,,,,,,,,,,,,,,,,,,,,,,,,,,,,,,,,,,,,,,,,,,,,
Carson Brumbaugh,SS,FA,,,,,,,,,,,,,,,,,,,,,,,,,,,,,,,,,,,,,,,,,,,,,,,
Joseph Tailor,2B,FA,,,,,,,,,,,,,,,,,,,,,,,,,,,,,,,,,,,,,,,,,,,,,,,
Daniel Lopez,CF,FA,,,,,,,,,,,,,,,,,,,,,,,,,,,,,,,,,,,,,,,,,,,,,,,
Osvaldo Heredia,CF,FA,,,,,,,,,,,,,,,,,,,,,,,,,,,,,,,,,,,,,,,,,,,,,,,
Anyelo Marquez,2B,FA,,,,,,,,,,,,,,,,,,,,,,,,,,,,,,,,,,,,,,,,,,,,,,,
Jose Paulino,CF,FA,,,,,,,,,,,,,,,,,,,,,,,,,,,,,,,,,,,,,,,,,,,,,,,
Enmanuel Santos,RF,FA,,,,,,,,,,,,,,,,,,,,,,,,,,,,,,,,,,,,,,,,,,,,,,,
Antony Gomez,CF,FA,,,,,,,,,,,,,,,,,,,,,,,,,,,,,,,,,,,,,,,,,,,,,,,
Darvin Cruz,CF,FA,,,,,,,,,,,,,,,,,,,,,,,,,,,,,,,,,,,,,,,,,,,,,,,
Henry Hunter,C,FA,,,,,,,,,,,,,,,,,,,,,,,,,,,,,,,,,,,,,,,,,,,,,,,
Ian Francis,C,FA,,,,,,,,,,,,,,,,,,,,,,,,,,,,,,,,,,,,,,,,,,,,,,,
Jeyson Horton,SS,FA,,,,,,,,,,,,,,,,,,,,,,,,,,,,,,,,,,,,,,,,,,,,,,,
Carsten Sabathia,1B,FA,,,,,,,,,,,,,,,,,,,,,,,,,,,,,,,,,,,,,,,,,,,,,,,
Randy Arias,SS,FA,,,,,,,,,,,,,,,,,,,,,,,,,,,,,,,,,,,,,,,,,,,,,,,
Landon Thome,2B,FA,,,,,,,,,,,,,,,,,,,,,,,,,,,,,,,,,,,,,,,,,,,,,,,
Jaider Suarez,SS,FA,,,,,,,,,,,,,,,,,,,,,,,,,,,,,,,,,,,,,,,,,,,,,,,
Fabian Bonilla,LF,FA,,,,,,,,,,,,,,,,,,,,,,,,,,,,,,,,,,,,,,,,,,,,,,,
Noah Franklin,C,FA,,,,,,,,,,,,,,,,,,,,,,,,,,,,,,,,,,,,,,,,,,,,,,,
Landon Arroyos,SS,FA,,,,,,,,,,,,,,,,,,,,,,,,,,,,,,,,,,,,,,,,,,,,,,,
Jay McQueen,RF,FA,,,,,,,,,,,,,,,,,,,,,,,,,,,,,,,,,,,,,,,,,,,,,,,
Anthony Santa Cruz de Oviedo,1B,FA,,,,,,,,,,,,,,,,,,,,,,,,,,,,,,,,,,,,,,,,,,,,,,,
Cole Koeninger,SS,FA,,,,,,,,,,,,,,,,,,,,,,,,,,,,,,,,,,,,,,,,,,,,,,,
Lucas Moore,CF,FA,,,,,,,,,,,,,,,,,,,,,,,,,,,,,,,,,,,,,,,,,,,,,,,
Aiden Ruiz,SS,FA,,,,,,,,,,,,,,,,,,,,,,,,,,,,,,,,,,,,,,,,,,,,,,,
Hansel Jimenez,SS,FA,,,,,,,,,,,,,,,,,,,,,,,,,,,,,,,,,,,,,,,,,,,,,,,
Ezequiel Melburne,SS,FA,,,,,,,,,,,,,,,,,,,,,,,,,,,,,,,,,,,,,,,,,,,,,,,
Yensi De La Cruz,CF,FA,,,,,,,,,,,,,,,,,,,,,,,,,,,,,,,,,,,,,,,,,,,,,,,
Eric Booth Jr,CF,FA,,,,,,,,,,,,,,,,,,,,,,,,,,,,,,,,,,,,,,,,,,,,,,,
Trevor Condon,LF,FA,,,,,,,,,,,,,,,,,,,,,,,,,,,,,,,,,,,,,,,,,,,,,,,
Vahn Lackey,C,FA,,,,,,,,,,,,,,,,,,,,,,,,,,,,,,,,,,,,,,,,,,,,,,,
Rocco Maniscalco,SS,FA,,,,,,,,,,,,,,,,,,,,,,,,,,,,,,,,,,,,,,,,,,,,,,,
Kevin Hacen,3B,FA,,,,,,,,,,,,,,,,,,,,,,,,,,,,,,,,,,,,,,,,,,,,,,,
Edgar Walker,RF,FA,,,,,,,,,,,,,,,,,,,,,,,,,,,,,,,,,,,,,,,,,,,,,,,
Miguel Welch,SS,FA,,,,,,,,,,,,,,,,,,,,,,,,,,,,,,,,,,,,,,,,,,,,,,,
Blaine Brown,RF,FA,,,,,,,,,,,,,,,,,,,,,,,,,,,,,,,,,,,,,,,,,,,,,,,
Gregory Pio,LF,FA,,,,,,,,,,,,,,,,,,,,,,,,,,,,,,,,,,,,,,,,,,,,,,,
Anthony Tandron,1B,FA,,,,,,,,,,,,,,,,,,,,,,,,,,,,,,,,,,,,,,,,,,,,,,,
Wilton Guerrero Jr,SS,FA,,,,,,,,,,,,,,,,,,,,,,,,,,,,,,,,,,,,,,,,,,,,,,,
Ricki Moneys,SS,T,,,,,,,,,,,,,,,,,,,,,,,,,,,,,,,,,,,,,,,,,,,,,,,
Gabriel Rosario,1B,FA,,,,,,,,,,,,,,,,,,,,,,,,,,,,,,,,,,,,,,,,,,,,,,,
Jose Luis Acevedo,SS,FA,,,,,,,,,,,,,,,,,,,,,,,,,,,,,,,,,,,,,,,,,,,,,,,
Jose Manon,SS,FA,,,,,,,,,,,,,,,,,,,,,,,,,,,,,,,,,,,,,,,,,,,,,,,
Jose Mejia,3B,FA,,,,,,,,,,,,,,,,,,,,,,,,,,,,,,,,,,,,,,,,,,,,,,,
Joniel Hernandez,SS,T,,,,,,,,,,,,,,,,,,,,,,,,,,,,,,,,,,,,,,,,,,,,,,,
Andrews Sosa,C,FA,,,,,,,,,,,,,,,,,,,,,,,,,,,,,,,,,,,,,,,,,,,,,,,
Darwin De Leon,2B,FA,,,,,,,,,,,,,,,,,,,,,,,,,,,,,,,,,,,,,,,,,,,,,,,
Tyler Austin,1B,FA,,,,,,,,,,,,,,,,,,,,,,,,,,,,,,,,,,,,,,,,,,,,,,,
Brandon Drury,DH,FA,,,,,,,,,,,,,,,,,,,,,,,,,,,,,,,,,,,,,,,,,,,,,,,
Andy Mata,3B,FA,,,,,,,,,,,,,,,,,,,,,,,,,,,,,,,,,,,,,,,,,,,,,,,
Lizandro Espinoza,SS,FA,,,,,,,,,,,,,,,,,,,,,,,,,,,,,,,,,,,,,,,,,,,,,,,
Nico Partida,SS,FA,,,,,,,,,,,,,,,,,,,,,,,,,,,,,,,,,,,,,,,,,,,,,,,
Christopher Familia,LF,FA,,,,,,,,,,,,,,,,,,,,,,,,,,,,,,,,,,,,,,,,,,,,,,,
Carlos Jimenez,CF,FA,,,,,,,,,,,,,,,,,,,,,,,,,,,,,,,,,,,,,,,,,,,,,,,
Kervin Pichardo,3B,FA,,,,,,,,,,,,,,,,,,,,,,,,,,,,,,,,,,,,,,,,,,,,,,,
Willy Fanas,RF,FA,,,,,,,,,,,,,,,,,,,,,,,,,,,,,,,,,,,,,,,,,,,,,,,
Mairoshendrick Martinus,3B,FA,,,,,,,,,,,,,,,,,,,,,,,,,,,,,,,,,,,,,,,,,,,,,,,
Adam Zebrowski,C,FA,,,,,,,,,,,,,,,,,,,,,,,,,,,,,,,,,,,,,,,,,,,,,,,
Lorenzo Carrier,RF,FA,,,,,,,,,,,,,,,,,,,,,,,,,,,,,,,,,,,,,,,,,,,,,,,
Yuli Gurriel,1B,FA,,,,,,,,,,,,,,,,,,,,,,,,,,,,,,,,,,,,,,,,,,,-2.91,-2.59,0.0,37.2,58.3
Jarren Purify,SS,FA,,,,,,,,,,,,,,,,,,,,,,,,,,,,,,,,,,,,,,,,,,,,,,,
Johan Machado,SS,FA,,,,,,,,,,,,,,,,,,,,,,,,,,,,,,,,,,,,,,,,,,,,,,,
Luis Galan,3B,FA,,,,,,,,,,,,,,,,,,,,,,,,,,,,,,,,,,,,,,,,,,,,,,,
Cesar Paredes,SS,FA,,,,,,,,,,,,,,,,,,,,,,,,,,,,,,,,,,,,,,,,,,,,,,,
Bryant Betancourt,C,FA,,,,,,,,,,,,,,,,,,,,,,,,,,,,,,,,,,,,,,,,,,,,,,,
Jonierbis Garces,CF,FA,,,,,,,,,,,,,,,,,,,,,,,,,,,,,,,,,,,,,,,,,,,,,,,
Junior Suriel,CF,FA,,,,,,,,,,,,,,,,,,,,,,,,,,,,,,,,,,,,,,,,,,,,,,,
Jorge Alfaro,C,FA,,,,,,,,,,,,,,,,,,,,,,,,,,,,,,,,,,,,,,,,,,,-1.62,-2.4,8.0,53.2,81.8
Drew Maggi,2B,FA,,,,,,,,,,,,,,,,,,,,,,,,,,,,,,,,,,,,,,,,,,,,,,,
Elliot Soto,SS,FA,,,,,,,,,,,,,,,,,,,,,,,,,,,,,,,,,,,,,,,,,,,,,,,
Johan Ferreira,3B,FA,,,,,,,,,,,,,,,,,,,,,,,,,,,,,,,,,,,,,,,,,,,,,,,
Max Burt,2B,FA,,,,,,,,,,,,,,,,,,,,,,,,,,,,,,,,,,,,,,,,,,,,,,,
Jack Hurley,CF,FA,,,,,,,,,,,,,,,,,,,,,,,,,,,,,,,,,,,,,,,,,,,,,,,
Rangel Ravelo,1B,FA,,,,,,,,,,,,,,,,,,,,,,,,,,,,,,,,,,,,,,,,,,,,,,,
Dangelo Sarmiento,2B,FA,,,,,,,,,,,,,,,,,,,,,,,,,,,,,,,,,,,,,,,,,,,,,,,
Luis Mendez,1B,FA,,,,,,,,,,,,,,,,,,,,,,,,,,,,,,,,,,,,,,,,,,,,,,,
Cristian Garcia,1B,FA,,,,,,,,,,,,,,,,,,,,,,,,,,,,,,,,,,,,,,,,,,,,,,,
Donovan Antonia,2B,FA,,,,,,,,,,,,,,,,,,,,,,,,,,,,,,,,,,,,,,,,,,,,,,,
Winder Diaz,2B,FA,,,,,,,,,,,,,,,,,,,,,,,,,,,,,,,,,,,,,,,,,,,,,,,
Yoander Rivero,2B,FA,,,,,,,,,,,,,,,,,,,,,,,,,,,,,,,,,,,,,,,,,,,,,,,
Yasmil Bucce,1B,FA,,,,,,,,,,,,,,,,,,,,,,,,,,,,,,,,,,,,,,,,,,,,,,,
Diego Cartaya,C,FA,,,,,,,,,,,,,,,,,,,,,,,,,,,,,,,,,,,,,,,,,,,,,,,
Rob Brantly,C,FA,,,,,,,,,,,,,,,,,,,,,,,,,,,,,,,,,,,,,,,,,,,,,,,
Luis Leon,CF,FA,,,,,,,,,,,,,,,,,,,,,,,,,,,,,,,,,,,,,,,,,,,,,,,
Luis Cruz,LF,FA,,,,,,,,,,,,,,,,,,,,,,,,,,,,,,,,,,,,,,,,,,,,,,,
Jared Dickey,RF,FA,,,,,,,,,,,,,,,,,,,,,,,,,,,,,,,,,,,,,,,,,,,,,,,
Ryan Wideman,CF,FA,,,,,,,,,,,,,,,,,,,,,,,,,,,,,,,,,,,,,,,,,,,,,,,
Marlon Quintero,C,FA,,,,,,,,,,,,,,,,,,,,,,,,,,,,,,,,,,,,,,,,,,,,,,,
Seong-Jun Kim,SS,FA,,,,,,,,,,,,,,,,,,,,,,,,,,,,,,,,,,,,,,,,,,,,,,,
Sami Manzueta,2B,FA,,,,,,,,,,,,,,,,,,,,,,,,,,,,,,,,,,,,,,,,,,,,,,,
Vincent Perozo,C,FA,,,,,,,,,,,,,,,,,,,,,,,,,,,,,,,,,,,,,,,,,,,,,,,
Owen Paino,SS,FA,,,,,,,,,,,,,,,,,,,,,,,,,,,,,,,,,,,,,,,,,,,,,,,
Zach Humphreys,C,FA,,,,,,,,,,,,,,,,,,,,,,,,,,,,,,,,,,,,,,,,,,,,,,,
Cristopfer Gonzalez,LF,FA,,,,,,,,,,,,,,,,,,,,,,,,,,,,,,,,,,,,,,,,,,,,,,,
Ben Gamel,DH,FA,,,,,,,,,,,,,,,,,,,,,,,,,,,,,,,,,,,,,,,,,,,,,,,
Marco Vargas,2B,FA,,,,,,,,,,,,,,,,,,,,,,,,,,,,,,,,,,,,,,,,,,,,,,,
Michael Carico,C,FA,,,,,,,,,,,,,,,,,,,,,,,,,,,,,,,,,,,,,,,,,,,,,,,
Ryan Lasko,CF,FA,,,,,,,,,,,,,,,,,,,,,,,,,,,,,,,,,,,,,,,,,,,,,,,
Tanner Schobel,3B,FA,,,,,,,,,,,,,,,,,,,,,,,,,,,,,,,,,,,,,,,,,,,,,,,
Maui Ahuna,SS,FA,,,,,,,,,,,,,,,,,,,,,,,,,,,,,,,,,,,,,,,,,,,,,,,
Clayton Gray,LF,FA,,,,,,,,,,,,,,,,,,,,,,,,,,,,,,,,,,,,,,,,,,,,,,,
Jhoendris Santos,SS,FA,,,,,,,,,,,,,,,,,,,,,,,,,,,,,,,,,,,,,,,,,,,,,,,
Axiel Plaz,C,FA,,,,,,,,,,,,,,,,,,,,,,,,,,,,,,,,,,,,,,,,,,,,,,,
Max Wagner,3B,FA,,,,,,,,,,,,,,,,,,,,,,,,,,,,,,,,,,,,,,,,,,,,,,,
Bino Watters,LF,FA,,,,,,,,,,,,,,,,,,,,,,,,,,,,,,,,,,,,,,,,,,,,,,,
Ryan Cermak,RF,FA,,,,,,,,,,,,,,,,,,,,,,,,,,,,,,,,,,,,,,,,,,,,,,,
Juan Centeno,C,FA,,,,,,,,,,,,,,,,,,,,,,,,,,,,,,,,,,,,,,,,,,,,,,,
Erik Paulsen,1B,FA,,,,,,,,,,,,,,,,,,,,,,,,,,,,,,,,,,,,,,,,,,,,,,,
Landon Hairston,CF,FA,,,,,,,,,,,,,,,,,,,,,,,,,,,,,,,,,,,,,,,,,,,,,,,
Douglas Glod,RF,FA,,,,,,,,,,,,,,,,,,,,,,,,,,,,,,,,,,,,,,,,,,,,,,,
Gavin Kelly,2B,FA,,,,,,,,,,,,,,,,,,,,,,,,,,,,,,,,,,,,,,,,,,,,,,,
David Carrera,LF,FA,,,,,,,,,,,,,,,,,,,,,,,,,,,,,,,,,,,,,,,,,,,,,,,
Cade Goldstein,RF,FA,,,,,,,,,,,,,,,,,,,,,,,,,,,,,,,,,,,,,,,,,,,,,,,
Alexis Hernandez,RF,FA,,,,,,,,,,,,,,,,,,,,,,,,,,,,,,,,,,,,,,,,,,,,,,,
Mark Canha,LF,FA,,,,,,,,,,,,,,,,,,,,,,,,,,,,,,,,,,,,,,,,,,,-1.31,-0.68,2.2,28.6,68.8
Alex Isola,LF,FA,,,,,,,,,,,,,,,,,,,,,,,,,,,,,,,,,,,,,,,,,,,,,,,
Aneudis Mordan,1B,FA,,,,,,,,,,,,,,,,,,,,,,,,,,,,,,,,,,,,,,,,,,,,,,,
Diosfran Cabeza,1B,FA,,,,,,,,,,,,,,,,,,,,,,,,,,,,,,,,,,,,,,,,,,,,,,,
Casey Saucke,RF,FA,,,,,,,,,,,,,,,,,,,,,,,,,,,,,,,,,,,,,,,,,,,,,,,
Santiago Ramirez,C,FA,,,,,,,,,,,,,,,,,,,,,,,,,,,,,,,,,,,,,,,,,,,,,,,
Eddie Rosario,RF,FA,,,,,,,,,,,,,,,,,,,,,,,,,,,,,,,,,,,,,,,,,,,,,,,
Santiago Pereira,C,FA,,,,,,,,,,,,,,,,,,,,,,,,,,,,,,,,,,,,,,,,,,,,,,,
Hayden Dunhurst,C,FA,,,,,,,,,,,,,,,,,,,,,,,,,,,,,,,,,,,,,,,,,,,,,,,
Yordalin Pena,CF,FA,,,,,,,,,,,,,,,,,,,,,,,,,,,,,,,,,,,,,,,,,,,,,,,
Michael De La Cruz,C,FA,,,,,,,,,,,,,,,,,,,,,,,,,,,,,,,,,,,,,,,,,,,,,,,
Alberto Mendez,2B,FA,,,,,,,,,,,,,,,,,,,,,,,,,,,,,,,,,,,,,,,,,,,,,,,
Yorfran John,SS,FA,,,,,,,,,,,,,,,,,,,,,,,,,,,,,,,,,,,,,,,,,,,,,,,
Termarr Johnson,2B,T,,,,,,,,,,,,,,,,,,,,,,,,,,,,,,,,,,,,,,,,,,,,,,,
Malvin Valdez,LF,FA,,,,,,,,,,,,,,,,,,,,,,,,,,,,,,,,,,,,,,,,,,,,,,,
Robert Moore,2B,FA,,,,,,,,,,,,,,,,,,,,,,,,,,,,,,,,,,,,,,,,,,,,,,,
Luis Ramon King,CF,FA,,,,,,,,,,,,,,,,,,,,,,,,,,,,,,,,,,,,,,,,,,,,,,,
Tony Lira,1B,FA,,,,,,,,,,,,,,,,,,,,,,,,,,,,,,,,,,,,,,,,,,,,,,,
Edgardo Toro,CF,FA,,,,,,,,,,,,,,,,,,,,,,,,,,,,,,,,,,,,,,,,,,,,,,,
Kenny Ishikawa,CF,FA,,,,,,,,,,,,,,,,,,,,,,,,,,,,,,,,,,,,,,,,,,,,,,,
Yeison Morrobel,RF,FA,,,,,,,,,,,,,,,,,,,,,,,,,,,,,,,,,,,,,,,,,,,,,,,
Drew Davies,1B,FA,,,,,,,,,,,,,,,,,,,,,,,,,,,,,,,,,,,,,,,,,,,,,,,
Tyree Reed,LF,FA,,,,,,,,,,,,,,,,,,,,,,,,,,,,,,,,,,,,,,,,,,,,,,,
Daniel Alana,C,FA,,,,,,,,,,,,,,,,,,,,,,,,,,,,,,,,,,,,,,,,,,,,,,,
Alberth Palma,SS,FA,,,,,,,,,,,,,,,,,,,,,,,,,,,,,,,,,,,,,,,,,,,,,,,
Carlos Hernandez,SS,FA,,,,,,,,,,,,,,,,,,,,,,,,,,,,,,,,,,,,,,,,,,,,,,,
Ambeiro Recio,CF,FA,,,,,,,,,,,,,,,,,,,,,,,,,,,,,,,,,,,,,,,,,,,,,,,
Austin Gauthier,2B,FA,,,,,,,,,,,,,,,,,,,,,,,,,,,,,,,,,,,,,,,,,,,,,,,
Luis Yanel Diaz,SS,FA,,,,,,,,,,,,,,,,,,,,,,,,,,,,,,,,,,,,,,,,,,,,,,,
Edgar Basabe,CF,FA,,,,,,,,,,,,,,,,,,,,,,,,,,,,,,,,,,,,,,,,,,,,,,,
Antony Peguero,RF,FA,,,,,,,,,,,,,,,,,,,,,,,,,,,,,,,,,,,,,,,,,,,,,,,
Alberto Hernandez,2B,FA,,,,,,,,,,,,,,,,,,,,,,,,,,,,,,,,,,,,,,,,,,,,,,,
Mateo Gil,SS,FA,,,,,,,,,,,,,,,,,,,,,,,,,,,,,,,,,,,,,,,,,,,,,,,
Jose Sanabria,3B,FA,,,,,,,,,,,,,,,,,,,,,,,,,,,,,,,,,,,,,,,,,,,,,,,
Alex Ungar,RF,FA,,,,,,,,,,,,,,,,,,,,,,,,,,,,,,,,,,,,,,,,,,,,,,,
Kason Siguenza,SS,FA,,,,,,,,,,,,,,,,,,,,,,,,,,,,,,,,,,,,,,,,,,,,,,,
Leandro Pineda,RF,FA,,,,,,,,,,,,,,,,,,,,,,,,,,,,,,,,,,,,,,,,,,,,,,,
C.J. Hinojosa,SS,FA,,,,,,,,,,,,,,,,,,,,,,,,,,,,,,,,,,,,,,,,,,,,,,,
Dayker Baldallo,SS,FA,,,,,,,,,,,,,,,,,,,,,,,,,,,,,,,,,,,,,,,,,,,,,,,
Maick Collado,1B,FA,,,,,,,,,,,,,,,,,,,,,,,,,,,,,,,,,,,,,,,,,,,,,,,
Yamal Encarnacion,RF,FA,,,,,,,,,,,,,,,,,,,,,,,,,,,,,,,,,,,,,,,,,,,,,,,
Jared Walsh,1B,FA,,,,,,,,,,,,,,,,,,,,,,,,,,,,,,,,,,,,,,,,,,,,,,,
Samuel Gil,2B,FA,,,,,,,,,,,,,,,,,,,,,,,,,,,,,,,,,,,,,,,,,,,,,,,
Colby Smelley,C,FA,,,,,,,,,,,,,,,,,,,,,,,,,,,,,,,,,,,,,,,,,,,,,,,
Carlos Virahonda,C,FA,,,,,,,,,,,,,,,,,,,,,,,,,,,,,,,,,,,,,,,,,,,,,,,
Billy Amick,1B,FA,,,,,,,,,,,,,,,,,,,,,,,,,,,,,,,,,,,,,,,,,,,,,,,
Wilmin Candelario,SS,FA,,,,,,,,,,,,,,,,,,,,,,,,,,,,,,,,,,,,,,,,,,,,,,,
Abel Lorenzo,RF,FA,,,,,,,,,,,,,,,,,,,,,,,,,,,,,,,,,,,,,,,,,,,,,,,
Sandro Pereira,2B,FA,,,,,,,,,,,,,,,,,,,,,,,,,,,,,,,,,,,,,,,,,,,,,,,
Marcos Belen,CF,FA,,,,,,,,,,,,,,,,,,,,,,,,,,,,,,,,,,,,,,,,,,,,,,,
Oliver Guerrero,DH,FA,,,,,,,,,,,,,,,,,,,,,,,,,,,,,,,,,,,,,,,,,,,,,,,
Alexander Cuello,SS,FA,,,,,,,,,,,,,,,,,,,,,,,,,,,,,,,,,,,,,,,,,,,,,,,
Angel Ramirez,CF,FA,,,,,,,,,,,,,,,,,,,,,,,,,,,,,,,,,,,,,,,,,,,,,,,
Jhocsuanth Vargas,C,FA,,,,,,,,,,,,,,,,,,,,,,,,,,,,,,,,,,,,,,,,,,,,,,,
Roni Cabrera,RF,FA,,,,,,,,,,,,,,,,,,,,,,,,,,,,,,,,,,,,,,,,,,,,,,,
Bairon Ledesma,2B,FA,,,,,,,,,,,,,,,,,,,,,,,,,,,,,,,,,,,,,,,,,,,,,,,
Andruw Musett,C,FA,,,,,,,,,,,,,,,,,,,,,,,,,,,,,,,,,,,,,,,,,,,,,,,
Angel Diaz,C,FA,,,,,,,,,,,,,,,,,,,,,,,,,,,,,,,,,,,,,,,,,,,,,,,
Austin Overn,CF,FA,,,,,,,,,,,,,,,,,,,,,,,,,,,,,,,,,,,,,,,,,,,,,,,
Ismael Javier,SS,FA,,,,,,,,,,,,,,,,,,,,,,,,,,,,,,,,,,,,,,,,,,,,,,,
Jose De La Cruz,3B,FA,,,,,,,,,,,,,,,,,,,,,,,,,,,,,,,,,,,,,,,,,,,,,,,
Dalton Davis,1B,FA,,,,,,,,,,,,,,,,,,,,,,,,,,,,,,,,,,,,,,,,,,,,,,,
Eric Brown,2B,FA,,,,,,,,,,,,,,,,,,,,,,,,,,,,,,,,,,,,,,,,,,,,,,,
Miguel Useche,C,FA,,,,,,,,,,,,,,,,,,,,,,,,,,,,,,,,,,,,,,,,,,,,,,,
Gustavo Beltran,SS,FA,,,,,,,,,,,,,,,,,,,,,,,,,,,,,,,,,,,,,,,,,,,,,,,
Moises Semerite,SS,FA,,,,,,,,,,,,,,,,,,,,,,,,,,,,,,,,,,,,,,,,,,,,,,,
Jancory De La Cruz,LF,FA,,,,,,,,,,,,,,,,,,,,,,,,,,,,,,,,,,,,,,,,,,,,,,,
Juan Sierra,RF,FA,,,,,,,,,,,,,,,,,,,,,,,,,,,,,,,,,,,,,,,,,,,,,,,
Darlyn Montero,1B,FA,,,,,,,,,,,,,,,,,,,,,,,,,,,,,,,,,,,,,,,,,,,,,,,
Raimel Medina,LF,FA,,,,,,,,,,,,,,,,,,,,,,,,,,,,,,,,,,,,,,,,,,,,,,,
Tyler Smith,2B,FA,,,,,,,,,,,,,,,,,,,,,,,,,,,,,,,,,,,,,,,,,,,,,,,
Christian Doty,SS,FA,,,,,,,,,,,,,,,,,,,,,,,,,,,,,,,,,,,,,,,,,,,,,,,
Antonio Pimentel,LF,FA,,,,,,,,,,,,,,,,,,,,,,,,,,,,,,,,,,,,,,,,,,,,,,,
Samuell Sanchez,LF,FA,,,,,,,,,,,,,,,,,,,,,,,,,,,,,,,,,,,,,,,,,,,,,,,
Noah Franco,1B,FA,,,,,,,,,,,,,,,,,,,,,,,,,,,,,,,,,,,,,,,,,,,,,,,
Jose Gonzalez,1B,FA,,,,,,,,,,,,,,,,,,,,,,,,,,,,,,,,,,,,,,,,,,,,,,,
Ivan Melendez,1B,FA,,,,,,,,,,,,,,,,,,,,,,,,,,,,,,,,,,,,,,,,,,,,,,,
Jose Monzon,3B,FA,,,,,,,,,,,,,,,,,,,,,,,,,,,,,,,,,,,,,,,,,,,,,,,
Josue Gonzalez,1B,FA,,,,,,,,,,,,,,,,,,,,,,,,,,,,,,,,,,,,,,,,,,,,,,,
Josh Kasevich,SS,FA,,,,,,,,,,,,,,,,,,,,,,,,,,,,,,,,,,,,,,,,,,,,,,,
Elias Medina,RF,FA,,,,,,,,,,,,,,,,,,,,,,,,,,,,,,,,,,,,,,,,,,,,,,,
Starlyn Nunez,SS,FA,,,,,,,,,,,,,,,,,,,,,,,,,,,,,,,,,,,,,,,,,,,,,,,
Roynier Hernandez,2B,FA,,,,,,,,,,,,,,,,,,,,,,,,,,,,,,,,,,,,,,,,,,,,,,,
Angel Nieblas,3B,FA,,,,,,,,,,,,,,,,,,,,,,,,,,,,,,,,,,,,,,,,,,,,,,,
Kendall George,CF,T,,,,,,,,,,,,,,,,,,,,,,,,,,,,,,,,,,,,,,,,,,,,,,,
Myles Naylor,3B,FA,,,,,,,,,,,,,,,,,,,,,,,,,,,,,,,,,,,,,,,,,,,,,,,
Mason Greenhouse,LF,FA,,,,,,,,,,,,,,,,,,,,,,,,,,,,,,,,,,,,,,,,,,,,,,,
Lou Helmig,RF,FA,,,,,,,,,,,,,,,,,,,,,,,,,,,,,,,,,,,,,,,,,,,,,,,
Omar Serna,C,FA,,,,,,,,,,,,,,,,,,,,,,,,,,,,,,,,,,,,,,,,,,,,,,,
Chase Fuller,SS,FA,,,,,,,,,,,,,,,,,,,,,,,,,,,,,,,,,,,,,,,,,,,,,,,
Carson Tinney,C,FA,,,,,,,,,,,,,,,,,,,,,,,,,,,,,,,,,,,,,,,,,,,,,,,
Josh Hammond,SS,T,,,,,,,,,,,,,,,,,,,,,,,,,,,,,,,,,,,,,,,,,,,,,,,
Cameron Nickens,LF,FA,,,,,,,,,,,,,,,,,,,,,,,,,,,,,,,,,,,,,,,,,,,,,,,
Ty Head,CF,FA,,,,,,,,,,,,,,,,,,,,,,,,,,,,,,,,,,,,,,,,,,,,,,,
Louis Pierre,RF,FA,,,,,,,,,,,,,,,,,,,,,,,,,,,,,,,,,,,,,,,,,,,,,,,
Luis Castro,1B,FA,,,,,,,,,,,,,,,,,,,,,,,,,,,,,,,,,,,,,,,,,,,,,,,
Keon Johnson,SS,FA,,,,,,,,,,,,,,,,,,,,,,,,,,,,,,,,,,,,,,,,,,,,,,,
Yunior Amparo,1B,FA,,,,,,,,,,,,,,,,,,,,,,,,,,,,,,,,,,,,,,,,,,,,,,,
Jose Rodriguez,RF,FA,,,,,,,,,,,,,,,,,,,,,,,,,,,,,,,,,,,,,,,,,,,,,,,
Carson McCusker,RF,FA,,,,,,,,,,,,,,,,,,,,,,,,,,,,,,,,,,,,,,,,,,,,,,,
Rylan Lujo,3B,FA,,,,,,,,,,,,,,,,,,,,,,,,,,,,,,,,,,,,,,,,,,,,,,,
Jake Schaffner,SS,FA,,,,,,,,,,,,,,,,,,,,,,,,,,,,,,,,,,,,,,,,,,,,,,,
John Cruz,RF,FA,,,,,,,,,,,,,,,,,,,,,,,,,,,,,,,,,,,,,,,,,,,,,,,
Garrett Wright,C,FA,,,,,,,,,,,,,,,,,,,,,,,,,,,,,,,,,,,,,,,,,,,,,,,
Eduardo Oviedo,CF,FA,,,,,,,,,,,,,,,,,,,,,,,,,,,,,,,,,,,,,,,,,,,,,,,
Moises De La Rosa,RF,FA,,,,,,,,,,,,,,,,,,,,,,,,,,,,,,,,,,,,,,,,,,,,,,,
Karson Bowen,C,FA,,,,,,,,,,,,,,,,,,,,,,,,,,,,,,,,,,,,,,,,,,,,,,,
Nate Castellon,SS,FA,,,,,,,,,,,,,,,,,,,,,,,,,,,,,,,,,,,,,,,,,,,,,,,
Joe Tiroly,2B,FA,,,,,,,,,,,,,,,,,,,,,,,,,,,,,,,,,,,,,,,,,,,,,,,
Jett Williams,SS,T,,,,,,,,,,,,,,,,,,,,,,,,,,,,,,,,,,,,,,,,,,,,,,,
Jose Verdugo,SS,FA,,,,,,,,,,,,,,,,,,,,,,,,,,,,,,,,,,,,,,,,,,,,,,,
Angel Montas,3B,FA,,,,,,,,,,,,,,,,,,,,,,,,,,,,,,,,,,,,,,,,,,,,,,,
Braston Basker,SS,FA,,,,,,,,,,,,,,,,,,,,,,,,,,,,,,,,,,,,,,,,,,,,,,,
Yorber Semprun,2B,FA,,,,,,,,,,,,,,,,,,,,,,,,,,,,,,,,,,,,,,,,,,,,,,,
Nauris De La Cruz,CF,FA,,,,,,,,,,,,,,,,,,,,,,,,,,,,,,,,,,,,,,,,,,,,,,,
Sergio Alcantara,SS,FA,,,,,,,,,,,,,,,,,,,,,,,,,,,,,,,,,,,,,,,,,,,,,,,
Alan Angulo,2B,FA,,,,,,,,,,,,,,,,,,,,,,,,,,,,,,,,,,,,,,,,,,,,,,,
Ethan Ball,2B,FA,,,,,,,,,,,,,,,,,,,,,,,,,,,,,,,,,,,,,,,,,,,,,,,
Aiden Aguayo,SS,FA,,,,,,,,,,,,,,,,,,,,,,,,,,,,,,,,,,,,,,,,,,,,,,,
Linkin Garcia,SS,FA,,,,,,,,,,,,,,,,,,,,,,,,,,,,,,,,,,,,,,,,,,,,,,,
Seaver King,SS,T,,,,,,,,,,,,,,,,,,,,,,,,,,,,,,,,,,,,,,,,,,,,,,,
Dylan Dubovik,RF,FA,,,,,,,,,,,,,,,,,,,,,,,,,,,,,,,,,,,,,,,,,,,,,,,
Trent Caraway,3B,FA,,,,,,,,,,,,,,,,,,,,,,,,,,,,,,,,,,,,,,,,,,,,,,,
Luis Baez,RF,FA,,,,,,,,,,,,,,,,,,,,,,,,,,,,,,,,,,,,,,,,,,,,,,,
Roc Riggio,2B,FA,,,,,,,,,,,,,,,,,,,,,,,,,,,,,,,,,,,,,,,,,,,,,,,
Abraham Cohen,CF,FA,,,,,,,,,,,,,,,,,,,,,,,,,,,,,,,,,,,,,,,,,,,,,,,
Sebastian Romero,LF,FA,,,,,,,,,,,,,,,,,,,,,,,,,,,,,,,,,,,,,,,,,,,,,,,
Bryce Clavon,SS,FA,,,,,,,,,,,,,,,,,,,,,,,,,,,,,,,,,,,,,,,,,,,,,,,
Rafael Lantigua,2B,FA,,,,,,,,,,,,,,,,,,,,,,,,,,,,,,,,,,,,,,,,,,,,,,,
Sam Ruta,3B,FA,,,,,,,,,,,,,,,,,,,,,,,,,,,,,,,,,,,,,,,,,,,,,,,
Stiwarts Valdez,LF,FA,,,,,,,,,,,,,,,,,,,,,,,,,,,,,,,,,,,,,,,,,,,,,,,
Carlos Vielma,SS,FA,,,,,,,,,,,,,,,,,,,,,,,,,,,,,,,,,,,,,,,,,,,,,,,
Alexander Ovalles,CF,FA,,,,,,,,,,,,,,,,,,,,,,,,,,,,,,,,,,,,,,,,,,,,,,,
Kyle Hess,RF,FA,,,,,,,,,,,,,,,,,,,,,,,,,,,,,,,,,,,,,,,,,,,,,,,
Carlos Arroyo,2B,FA,,,,,,,,,,,,,,,,,,,,,,,,,,,,,,,,,,,,,,,,,,,,,,,
Jeremias Aponte Aponte,RF,FA,,,,,,,,,,,,,,,,,,,,,,,,,,,,,,,,,,,,,,,,,,,,,,,
Felix Lebron,SS,FA,,,,,,,,,,,,,,,,,,,,,,,,,,,,,,,,,,,,,,,,,,,,,,,
Diego Natera,C,FA,,,,,,,,,,,,,,,,,,,,,,,,,,,,,,,,,,,,,,,,,,,,,,,
Fadriel Cruz,SS,FA,,,,,,,,,,,,,,,,,,,,,,,,,,,,,,,,,,,,,,,,,,,,,,,
Johnny Ascanio,2B,FA,,,,,,,,,,,,,,,,,,,,,,,,,,,,,,,,,,,,,,,,,,,,,,,
Hunter Hines,1B,FA,,,,,,,,,,,,,,,,,,,,,,,,,,,,,,,,,,,,,,,,,,,,,,,
Payton Green,SS,FA,,,,,,,,,,,,,,,,,,,,,,,,,,,,,,,,,,,,,,,,,,,,,,,
Jake Gelof,3B,FA,,,,,,,,,,,,,,,,,,,,,,,,,,,,,,,,,,,,,,,,,,,,,,,
Adrian Garcia,2B,FA,,,,,,,,,,,,,,,,,,,,,,,,,,,,,,,,,,,,,,,,,,,,,,,
Yassel Soler,3B,FA,,,,,,,,,,,,,,,,,,,,,,,,,,,,,,,,,,,,,,,,,,,,,,,
Adam Fogel,RF,FA,,,,,,,,,,,,,,,,,,,,,,,,,,,,,,,,,,,,,,,,,,,,,,,
Mitch Voit,2B,T,,,,,,,,,,,,,,,,,,,,,,,,,,,,,,,,,,,,,,,,,,,,,,,
Yelinson Betances,CF,FA,,,,,,,,,,,,,,,,,,,,,,,,,,,,,,,,,,,,,,,,,,,,,,,
Robbie Glendinning,SS,FA,,,,,,,,,,,,,,,,,,,,,,,,,,,,,,,,,,,,,,,,,,,,,,,
Cam Maldonado,RF,FA,,,,,,,,,,,,,,,,,,,,,,,,,,,,,,,,,,,,,,,,,,,,,,,
Marconi German,2B,T,,,,,,,,,,,,,,,,,,,,,,,,,,,,,,,,,,,,,,,,,,,,,,,
Yeferson Portolatin,2B,FA,,,,,,,,,,,,,,,,,,,,,,,,,,,,,,,,,,,,,,,,,,,,,,,
Alberto Rios,C,FA,,,,,,,,,,,,,,,,,,,,,,,,,,,,,,,,,,,,,,,,,,,,,,,
Jose Santana,SS,FA,,,,,,,,,,,,,,,,,,,,,,,,,,,,,,,,,,,,,,,,,,,,,,,
Alex Rodriguez,LF,FA,,,,,,,,,,,,,,,,,,,,,,,,,,,,,,,,,,,,,,,,,,,,,,,
Anthony Pack Jr.,RF,FA,,,,,,,,,,,,,,,,,,,,,,,,,,,,,,,,,,,,,,,,,,,,,,,
Tyce Armstrong,1B,FA,,,,,,,,,,,,,,,,,,,,,,,,,,,,,,,,,,,,,,,,,,,,,,,
Jordan Lodise,SS,FA,,,,,,,,,,,,,,,,,,,,,,,,,,,,,,,,,,,,,,,,,,,,,,,
Ramon Ramirez,C,FA,,,,,,,,,,,,,,,,,,,,,,,,,,,,,,,,,,,,,,,,,,,,,,,
Carlos Franco,C,FA,,,,,,,,,,,,,,,,,,,,,,,,,,,,,,,,,,,,,,,,,,,,,,,
Ahbram Liendo,3B,FA,,,,,,,,,,,,,,,,,,,,,,,,,,,,,,,,,,,,,,,,,,,,,,,
Eddy Isturiz,LF,FA,,,,,,,,,,,,,,,,,,,,,,,,,,,,,,,,,,,,,,,,,,,,,,,
Carlos Pacheco,RF,FA,,,,,,,,,,,,,,,,,,,,,,,,,,,,,,,,,,,,,,,,,,,,,,,
Luis Liberato,RF,FA,,,,,,,,,,,,,,,,,,,,,,,,,,,,,,,,,,,,,,,,,,,,,,,
Moises Polanco,2B,FA,,,,,,,,,,,,,,,,,,,,,,,,,,,,,,,,,,,,,,,,,,,,,,,
Santiago Gomez,2B,FA,,,,,,,,,,,,,,,,,,,,,,,,,,,,,,,,,,,,,,,,,,,,,,,
Jesus Correa,SS,FA,,,,,,,,,,,,,,,,,,,,,,,,,,,,,,,,,,,,,,,,,,,,,,,
Franchy Cordero,DH,FA,,,,,,,,,,,,,,,,,,,,,,,,,,,,,,,,,,,,,,,,,,,,,,,
Dennys Riera,3B,FA,,,,,,,,,,,,,,,,,,,,,,,,,,,,,,,,,,,,,,,,,,,,,,,
Ezequiel Pagan,RF,FA,,,,,,,,,,,,,,,,,,,,,,,,,,,,,,,,,,,,,,,,,,,,,,,
Felix Cotes,2B,FA,,,,,,,,,,,,,,,,,,,,,,,,,,,,,,,,,,,,,,,,,,,,,,,
Yanki Jean-Baptiste,1B,FA,,,,,,,,,,,,,,,,,,,,,,,,,,,,,,,,,,,,,,,,,,,,,,,
Luis Castillo,LF,FA,,,,,,,,,,,,,,,,,,,,,,,,,,,,,,,,,,,,,,,,,,,,,,,
Echedry Vargas,3B,FA,,,,,,,,,,,,,,,,,,,,,,,,,,,,,,,,,,,,,,,,,,,,,,,
Ruben Santana,3B,FA,,,,,,,,,,,,,,,,,,,,,,,,,,,,,,,,,,,,,,,,,,,,,,,
Karell Paz,LF,FA,,,,,,,,,,,,,,,,,,,,,,,,,,,,,,,,,,,,,,,,,,,,,,,
Jean Joseph,CF,FA,,,,,,,,,,,,,,,,,,,,,,,,,,,,,,,,,,,,,,,,,,,,,,,
Milkar Perez,1B,FA,,,,,,,,,,,,,,,,,,,,,,,,,,,,,,,,,,,,,,,,,,,,,,,
Agustin Acosta,CF,FA,,,,,,,,,,,,,,,,,,,,,,,,,,,,,,,,,,,,,,,,,,,,,,,
Anderson Rodriguez,LF,FA,,,,,,,,,,,,,,,,,,,,,,,,,,,,,,,,,,,,,,,,,,,,,,,
Ryan Rudas,RF,FA,,,,,,,,,,,,,,,,,,,,,,,,,,,,,,,,,,,,,,,,,,,,,,,
Sebastian Toro,SS,FA,,,,,,,,,,,,,,,,,,,,,,,,,,,,,,,,,,,,,,,,,,,,,,,
Tyler Whitaker,RF,FA,,,,,,,,,,,,,,,,,,,,,,,,,,,,,,,,,,,,,,,,,,,,,,,
Lonnie White,CF,FA,,,,,,,,,,,,,,,,,,,,,,,,,,,,,,,,,,,,,,,,,,,,,,,
Blake Whitney,P,FA,,,,,,,,,,,,,,,,,,,,,,,,,,,,,,,,,,,,,,,,,,,,,,,
Leanders Matos,SS,T,,,,,,,,,,,,,,,,,,,,,,,,,,,,,,,,,,,,,,,,,,,,,,,
Wes Kath,1B,FA,,,,,,,,,,,,,,,,,,,,,,,,,,,,,,,,,,,,,,,,,,,,,,,
Kashon Conliffe,CF,FA,,,,,,,,,,,,,,,,,,,,,,,,,,,,,,,,,,,,,,,,,,,,,,,
Jay Allen,CF,FA,,,,,,,,,,,,,,,,,,,,,,,,,,,,,,,,,,,,,,,,,,,,,,,
Aaron Palensky,LF,FA,,,,,,,,,,,,,,,,,,,,,,,,,,,,,,,,,,,,,,,,,,,,,,,
Oscar Mercado,RF,FA,,,,,,,,,,,,,,,,,,,,,,,,,,,,,,,,,,,,,,,,,,,,,,,
Tanner Smith,C,FA,,,,,,,,,,,,,,,,,,,,,,,,,,,,,,,,,,,,,,,,,,,,,,,
Luis Almeida,SS,FA,,,,,,,,,,,,,,,,,,,,,,,,,,,,,,,,,,,,,,,,,,,,,,,
Jack ODowd,2B,FA,,,,,,,,,,,,,,,,,,,,,,,,,,,,,,,,,,,,,,,,,,,,,,,
Tom Poole,CF,FA,,,,,,,,,,,,,,,,,,,,,,,,,,,,,,,,,,,,,,,,,,,,,,,
Victor Duarte,2B,FA,,,,,,,,,,,,,,,,,,,,,,,,,,,,,,,,,,,,,,,,,,,,,,,
Yerald Nin,2B,FA,,,,,,,,,,,,,,,,,,,,,,,,,,,,,,,,,,,,,,,,,,,,,,,
Luke Pelzer,CF,FA,,,,,,,,,,,,,,,,,,,,,,,,,,,,,,,,,,,,,,,,,,,,,,,
Josh Smith,P,FA,,,,,,,,,,,,,,,,,,,,,,,,,,,,,,,,,,,,,,,,,,,,,,,
Alex Madera,SS,FA,,,,,,,,,,,,,,,,,,,,,,,,,,,,,,,,,,,,,,,,,,,,,,,
JT Benson,CF,FA,,,,,,,,,,,,,,,,,,,,,,,,,,,,,,,,,,,,,,,,,,,,,,,
Nolan McCarthy,CF,FA,,,,,,,,,,,,,,,,,,,,,,,,,,,,,,,,,,,,,,,,,,,,,,,
Angelo Ugueto,CF,FA,,,,,,,,,,,,,,,,,,,,,,,,,,,,,,,,,,,,,,,,,,,,,,,
Jendy Martinez,SS,FA,,,,,,,,,,,,,,,,,,,,,,,,,,,,,,,,,,,,,,,,,,,,,,,
Leandro Briceno,SS,FA,,,,,,,,,,,,,,,,,,,,,,,,,,,,,,,,,,,,,,,,,,,,,,,
Jose Serrano,1B,FA,,,,,,,,,,,,,,,,,,,,,,,,,,,,,,,,,,,,,,,,,,,,,,,
Jefferson Rojas,SS,T,,,,,,,,,,,,,,,,,,,,,,,,,,,,,,,,,,,,,,,,,,,,,,,
Cesar Gonzalez,1B,FA,,,,,,,,,,,,,,,,,,,,,,,,,,,,,,,,,,,,,,,,,,,,,,,
Miguel Tamares,SS,FA,,,,,,,,,,,,,,,,,,,,,,,,,,,,,,,,,,,,,,,,,,,,,,,
Jose Contreras,LF,FA,,,,,,,,,,,,,,,,,,,,,,,,,,,,,,,,,,,,,,,,,,,,,,,
Marvin Alcantara,2B,FA,,,,,,,,,,,,,,,,,,,,,,,,,,,,,,,,,,,,,,,,,,,,,,,
Enmanuel Tejeda,2B,FA,,,,,,,,,,,,,,,,,,,,,,,,,,,,,,,,,,,,,,,,,,,,,,,
Reylin Perez,2B,FA,,,,,,,,,,,,,,,,,,,,,,,,,,,,,,,,,,,,,,,,,,,,,,,
Levi Jordan,SS,FA,,,,,,,,,,,,,,,,,,,,,,,,,,,,,,,,,,,,,,,,,,,,,,,
Diego Hernandez,CF,FA,,,,,,,,,,,,,,,,,,,,,,,,,,,,,,,,,,,,,,,,,,,,,,,
Josue Briceno,C,T,,,,,,,,,,,,,,,,,,,,,,,,,,,,,,,,,,,,,,,,,,,,,,,
Willy Montero,CF,FA,,,,,,,,,,,,,,,,,,,,,,,,,,,,,,,,,,,,,,,,,,,,,,,
Mason Dinesen,SS,FA,,,,,,,,,,,,,,,,,,,,,,,,,,,,,,,,,,,,,,,,,,,,,,,
Derek Bernard,LF,FA,,,,,,,,,,,,,,,,,,,,,,,,,,,,,,,,,,,,,,,,,,,,,,,
Graham Brown,CF,FA,,,,,,,,,,,,,,,,,,,,,,,,,,,,,,,,,,,,,,,,,,,,,,,
Cal Miller,3B,FA,,,,,,,,,,,,,,,,,,,,,,,,,,,,,,,,,,,,,,,,,,,,,,,
Nate Savoie,RF,FA,,,,,,,,,,,,,,,,,,,,,,,,,,,,,,,,,,,,,,,,,,,,,,,
Antoni Urena,SS,FA,,,,,,,,,,,,,,,,,,,,,,,,,,,,,,,,,,,,,,,,,,,,,,,
Will Taylor,CF,FA,,,,,,,,,,,,,,,,,,,,,,,,,,,,,,,,,,,,,,,,,,,,,,,
Derik Alcantara,LF,FA,,,,,,,,,,,,,,,,,,,,,,,,,,,,,,,,,,,,,,,,,,,,,,,
Luis Marquez,2B,FA,,,,,,,,,,,,,,,,,,,,,,,,,,,,,,,,,,,,,,,,,,,,,,,
Juan Holmann,SS,FA,,,,,,,,,,,,,,,,,,,,,,,,,,,,,,,,,,,,,,,,,,,,,,,
Frank Mieses,CF,FA,,,,,,,,,,,,,,,,,,,,,,,,,,,,,,,,,,,,,,,,,,,,,,,
Juan Cespedes,SS,FA,,,,,,,,,,,,,,,,,,,,,,,,,,,,,,,,,,,,,,,,,,,,,,,
Samil De La Rosa,LF,FA,,,,,,,,,,,,,,,,,,,,,,,,,,,,,,,,,,,,,,,,,,,,,,,
Victor Reyes,RF,FA,,,,,,,,,,,,,,,,,,,,,,,,,,,,,,,,,,,,,,,,,,,,,,,
Onix Vega,C,FA,,,,,,,,,,,,,,,,,,,,,,,,,,,,,,,,,,,,,,,,,,,,,,,
Jacob Berry,2B,FA,,,,,,,,,,,,,,,,,,,,,,,,,,,,,,,,,,,,,,,,,,,,,,,
Lexer Saduy,CF,FA,,,,,,,,,,,,,,,,,,,,,,,,,,,,,,,,,,,,,,,,,,,,,,,
Marco Luciano,LF,FA,,,,,,,,,,,,,,,,,,,,,,,,,,,,,,,,,,,,,,,,,,,,,,,
Yojancel Cabrera,RF,FA,,,,,,,,,,,,,,,,,,,,,,,,,,,,,,,,,,,,,,,,,,,,,,,
Chris Rembert,2B,FA,,,,,,,,,,,,,,,,,,,,,,,,,,,,,,,,,,,,,,,,,,,,,,,
AJ Evasco,RF,FA,,,,,,,,,,,,,,,,,,,,,,,,,,,,,,,,,,,,,,,,,,,,,,,
Dario Reynoso,2B,FA,,,,,,,,,,,,,,,,,,,,,,,,,,,,,,,,,,,,,,,,,,,,,,,
Tatum Marsh,LF,FA,,,,,,,,,,,,,,,,,,,,,,,,,,,,,,,,,,,,,,,,,,,,,,,
Braden Burress,LF,FA,,,,,,,,,,,,,,,,,,,,,,,,,,,,,,,,,,,,,,,,,,,,,,,
Rett Johnson,LF,FA,,,,,,,,,,,,,,,,,,,,,,,,,,,,,,,,,,,,,,,,,,,,,,,
Dalton Wentz,3B,FA,,,,,,,,,,,,,,,,,,,,,,,,,,,,,,,,,,,,,,,,,,,,,,,
Sean Yamaguchi,3B,FA,,,,,,,,,,,,,,,,,,,,,,,,,,,,,,,,,,,,,,,,,,,,,,,
Cash Strayer,CF,FA,,,,,,,,,,,,,,,,,,,,,,,,,,,,,,,,,,,,,,,,,,,,,,,
Teddy Tokheim,3B,FA,,,,,,,,,,,,,,,,,,,,,,,,,,,,,,,,,,,,,,,,,,,,,,,
Hugo Sanchez,SS,FA,,,,,,,,,,,,,,,,,,,,,,,,,,,,,,,,,,,,,,,,,,,,,,,
Raudelis Martinez,1B,FA,,,,,,,,,,,,,,,,,,,,,,,,,,,,,,,,,,,,,,,,,,,,,,,
Connor Curlis,P,FA,,,,,,,,,,,,,,,,,,,,,,,,,,,,,,,,,,,,,,,,,,,,,,,
Caleb McNeely,RF,FA,,,,,,,,,,,,,,,,,,,,,,,,,,,,,,,,,,,,,,,,,,,,,,,
Jackson Hauge,1B,FA,,,,,,,,,,,,,,,,,,,,,,,,,,,,,,,,,,,,,,,,,,,,,,,
Garrett Martin,RF,FA,,,,,,,,,,,,,,,,,,,,,,,,,,,,,,,,,,,,,,,,,,,,,,,
Blaze OSaben,CF,FA,,,,,,,,,,,,,,,,,,,,,,,,,,,,,,,,,,,,,,,,,,,,,,,
Jeury Ramirez,LF,FA,,,,,,,,,,,,,,,,,,,,,,,,,,,,,,,,,,,,,,,,,,,,,,,
Frainyer Chavez,1B,FA,,,,,,,,,,,,,,,,,,,,,,,,,,,,,,,,,,,,,,,,,,,,,,,
Nikau Pouaka-Grego,2B,FA,,,,,,,,,,,,,,,,,,,,,,,,,,,,,,,,,,,,,,,,,,,,,,,
Justin Barry,3B,FA,,,,,,,,,,,,,,,,,,,,,,,,,,,,,,,,,,,,,,,,,,,,,,,
Jaylen Palmer,RF,FA,,,,,,,,,,,,,,,,,,,,,,,,,,,,,,,,,,,,,,,,,,,,,,,
Robert Perez,LF,FA,,,,,,,,,,,,,,,,,,,,,,,,,,,,,,,,,,,,,,,,,,,,,,,
Peyton Holt,3B,FA,,,,,,,,,,,,,,,,,,,,,,,,,,,,,,,,,,,,,,,,,,,,,,,
Dayne Leonard,C,FA,,,,,,,,,,,,,,,,,,,,,,,,,,,,,,,,,,,,,,,,,,,,,,,
Sammy Sass,C,FA,,,,,,,,,,,,,,,,,,,,,,,,,,,,,,,,,,,,,,,,,,,,,,,
Mairon De La Rosa,SS,FA,,,,,,,,,,,,,,,,,,,,,,,,,,,,,,,,,,,,,,,,,,,,,,,
Jesus Baez,SS,T,,,,,,,,,,,,,,,,,,,,,,,,,,,,,,,,,,,,,,,,,,,,,,,
Lisbel Diaz,LF,FA,,,,,,,,,,,,,,,,,,,,,,,,,,,,,,,,,,,,,,,,,,,,,,,
Michael Guzman,3B,FA,,,,,,,,,,,,,,,,,,,,,,,,,,,,,,,,,,,,,,,,,,,,,,,
Saul Gonzalez,P,FA,,,,,,,,,,,,,,,,,,,,,,,,,,,,,,,,,,,,,,,,,,,,,,,
Andrew Williamson,CF,FA,,,,,,,,,,,,,,,,,,,,,,,,,,,,,,,,,,,,,,,,,,,,,,,
Dayson Croes,3B,FA,,,,,,,,,,,,,,,,,,,,,,,,,,,,,,,,,,,,,,,,,,,,,,,
Yusei Ishizuka,SS,FA,,,,,,,,,,,,,,,,,,,,,,,,,,,,,,,,,,,,,,,,,,,,,,,
Harold Castro,3B,FA,,,,,,,,,,,,,,,,,,,,,,,,,,,,,,,,,,,,,,,,,,,,,,,
Nolan Beltran,SS,FA,,,,,,,,,,,,,,,,,,,,,,,,,,,,,,,,,,,,,,,,,,,,,,,
Nolan Traeger,C,FA,,,,,,,,,,,,,,,,,,,,,,,,,,,,,,,,,,,,,,,,,,,,,,,
Austin Irby,1B,FA,,,,,,,,,,,,,,,,,,,,,,,,,,,,,,,,,,,,,,,,,,,,,,,
Cooper Malamazian,SS,FA,,,,,,,,,,,,,,,,,,,,,,,,,,,,,,,,,,,,,,,,,,,,,,,
Sebastian De Los Santos,RF,FA,,,,,,,,,,,,,,,,,,,,,,,,,,,,,,,,,,,,,,,,,,,,,,,
Caleb Daniel,LF,FA,,,,,,,,,,,,,,,,,,,,,,,,,,,,,,,,,,,,,,,,,,,,,,,
Yosy Galan,RF,FA,,,,,,,,,,,,,,,,,,,,,,,,,,,,,,,,,,,,,,,,,,,,,,,
Brady Ballinger,1B,FA,,,,,,,,,,,,,,,,,,,,,,,,,,,,,,,,,,,,,,,,,,,,,,,
Dylan Leach,C,FA,,,,,,,,,,,,,,,,,,,,,,,,,,,,,,,,,,,,,,,,,,,,,,,
Hunter Stovall,SS,FA,,,,,,,,,,,,,,,,,,,,,,,,,,,,,,,,,,,,,,,,,,,,,,,
Luis Arana,3B,FA,,,,,,,,,,,,,,,,,,,,,,,,,,,,,,,,,,,,,,,,,,,,,,,
Luis Morejon,LF,FA,,,,,,,,,,,,,,,,,,,,,,,,,,,,,,,,,,,,,,,,,,,,,,,
Euri Rosa,C,FA,,,,,,,,,,,,,,,,,,,,,,,,,,,,,,,,,,,,,,,,,,,,,,,
Victor Labrada,LF,FA,,,,,,,,,,,,,,,,,,,,,,,,,,,,,,,,,,,,,,,,,,,,,,,
Sean Dunlap,C,FA,,,,,,,,,,,,,,,,,,,,,,,,,,,,,,,,,,,,,,,,,,,,,,,
Marcos Castanon,3B,FA,,,,,,,,,,,,,,,,,,,,,,,,,,,,,,,,,,,,,,,,,,,,,,,
Kevin Dume,1B,FA,,,,,,,,,,,,,,,,,,,,,,,,,,,,,,,,,,,,,,,,,,,,,,,
Geraldo Quintero,LF,FA,,,,,,,,,,,,,,,,,,,,,,,,,,,,,,,,,,,,,,,,,,,,,,,
Josi Novas,SS,FA,,,,,,,,,,,,,,,,,,,,,,,,,,,,,,,,,,,,,,,,,,,,,,,
Keiner Delgado,2B,FA,,,,,,,,,,,,,,,,,,,,,,,,,,,,,,,,,,,,,,,,,,,,,,,
Ricardo Gonzalez,SS,FA,,,,,,,,,,,,,,,,,,,,,,,,,,,,,,,,,,,,,,,,,,,,,,,
Oswaldo Osorio,2B,FA,,,,,,,,,,,,,,,,,,,,,,,,,,,,,,,,,,,,,,,,,,,,,,,
Ramon Mendoza,3B,FA,,,,,,,,,,,,,,,,,,,,,,,,,,,,,,,,,,,,,,,,,,,,,,,
Erick Torres,LF,FA,,,,,,,,,,,,,,,,,,,,,,,,,,,,,,,,,,,,,,,,,,,,,,,
Brendan Rodgers,2B,FA,,,,,,,,,,,,,,,,,,,,,,,,,,,,,,,,,,,,,,,,,,,0.49,-0.63,14.3,28.2,68.8
Yu Chang,SS,FA,,,,,,,,,,,,,,,,,,,,,,,,,,,,,,,,,,,,,,,,,,,,,,,
Daje Morales,2B,FA,,,,,,,,,,,,,,,,,,,,,,,,,,,,,,,,,,,,,,,,,,,,,,,
Thomas Sosa,RF,FA,,,,,,,,,,,,,,,,,,,,,,,,,,,,,,,,,,,,,,,,,,,,,,,
Nicandro Aybar,LF,FA,,,,,,,,,,,,,,,,,,,,,,,,,,,,,,,,,,,,,,,,,,,,,,,
Gery Holguin,3B,FA,,,,,,,,,,,,,,,,,,,,,,,,,,,,,,,,,,,,,,,,,,,,,,,
Waner Luciano,3B,FA,,,,,,,,,,,,,,,,,,,,,,,,,,,,,,,,,,,,,,,,,,,,,,,
Rafael Ramirez,2B,FA,,,,,,,,,,,,,,,,,,,,,,,,,,,,,,,,,,,,,,,,,,,,,,,
Samuel Capellan,LF,FA,,,,,,,,,,,,,,,,,,,,,,,,,,,,,,,,,,,,,,,,,,,,,,,
Jansel Luis,2B,T,,,,,,,,,,,,,,,,,,,,,,,,,,,,,,,,,,,,,,,,,,,,,,,
Jancel Santana,2B,FA,,,,,,,,,,,,,,,,,,,,,,,,,,,,,,,,,,,,,,,,,,,,,,,
Andy Encarnacion,LF,FA,,,,,,,,,,,,,,,,,,,,,,,,,,,,,,,,,,,,,,,,,,,,,,,
Wuilfredo Antunez,RF,FA,,,,,,,,,,,,,,,,,,,,,,,,,,,,,,,,,,,,,,,,,,,,,,,
Allan Castro,CF,FA,,,,,,,,,,,,,,,,,,,,,,,,,,,,,,,,,,,,,,,,,,,,,,,
Ethan Workinger,RF,FA,,,,,,,,,,,,,,,,,,,,,,,,,,,,,,,,,,,,,,,,,,,,,,,
David Beckles,1B,FA,,,,,,,,,,,,,,,,,,,,,,,,,,,,,,,,,,,,,,,,,,,,,,,
Luis Leones,CF,FA,,,,,,,,,,,,,,,,,,,,,,,,,,,,,,,,,,,,,,,,,,,,,,,
Stephen Hrustich,RF,FA,,,,,,,,,,,,,,,,,,,,,,,,,,,,,,,,,,,,,,,,,,,,,,,
Yhoangel Aponte,RF,FA,,,,,,,,,,,,,,,,,,,,,,,,,,,,,,,,,,,,,,,,,,,,,,,
Drew Brutcher,RF,FA,,,,,,,,,,,,,,,,,,,,,,,,,,,,,,,,,,,,,,,,,,,,,,,
Trace Willhoite,1B,FA,,,,,,,,,,,,,,,,,,,,,,,,,,,,,,,,,,,,,,,,,,,,,,,
Felix Tena,RF,FA,,,,,,,,,,,,,,,,,,,,,,,,,,,,,,,,,,,,,,,,,,,,,,,
Arxy Hernandez,3B,FA,,,,,,,,,,,,,,,,,,,,,,,,,,,,,,,,,,,,,,,,,,,,,,,
Diosbel Arias,SS,FA,,,,,,,,,,,,,,,,,,,,,,,,,,,,,,,,,,,,,,,,,,,,,,,
Yeuni Munoz,RF,FA,,,,,,,,,,,,,,,,,,,,,,,,,,,,,,,,,,,,,,,,,,,,,,,
Luis Freitez,RF,FA,,,,,,,,,,,,,,,,,,,,,,,,,,,,,,,,,,,,,,,,,,,,,,,
C.J. Pittaro,1B,FA,,,,,,,,,,,,,,,,,,,,,,,,,,,,,,,,,,,,,,,,,,,,,,,
Quincy Nieporte,1B,FA,,,,,,,,,,,,,,,,,,,,,,,,,,,,,,,,,,,,,,,,,,,,,,,
Ruben Vizcaya,LF,FA,,,,,,,,,,,,,,,,,,,,,,,,,,,,,,,,,,,,,,,,,,,,,,,
Alexander Suarez,LF,FA,,,,,,,,,,,,,,,,,,,,,,,,,,,,,,,,,,,,,,,,,,,,,,,
Yeiner Fernandez,C,FA,,,,,,,,,,,,,,,,,,,,,,,,,,,,,,,,,,,,,,,,,,,,,,,
Ripken Reyes,SS,FA,,,,,,,,,,,,,,,,,,,,,,,,,,,,,,,,,,,,,,,,,,,,,,,
Brando Mayea,CF,FA,,,,,,,,,,,,,,,,,,,,,,,,,,,,,,,,,,,,,,,,,,,,,,,
Wilton Lara,3B,FA,,,,,,,,,,,,,,,,,,,,,,,,,,,,,,,,,,,,,,,,,,,,,,,
Mauricio Pierre,RF,FA,,,,,,,,,,,,,,,,,,,,,,,,,,,,,,,,,,,,,,,,,,,,,,,
Frank Nigro,C,FA,,,,,,,,,,,,,,,,,,,,,,,,,,,,,,,,,,,,,,,,,,,,,,,
Luis Reyes,1B,FA,,,,,,,,,,,,,,,,,,,,,,,,,,,,,,,,,,,,,,,,,,,,,,,
Connor Scott,RF,FA,,,,,,,,,,,,,,,,,,,,,,,,,,,,,,,,,,,,,,,,,,,,,,,
Ronald Hernandez,C,FA,,,,,,,,,,,,,,,,,,,,,,,,,,,,,,,,,,,,,,,,,,,,,,,
Matt Hogan,CF,FA,,,,,,,,,,,,,,,,,,,,,,,,,,,,,,,,,,,,,,,,,,,,,,,
Enmanuel Terrero,RF,FA,,,,,,,,,,,,,,,,,,,,,,,,,,,,,,,,,,,,,,,,,,,,,,,
Bladimir Restituyo,LF,FA,,,,,,,,,,,,,,,,,,,,,,,,,,,,,,,,,,,,,,,,,,,,,,,
Jorge Julio,RF,FA,,,,,,,,,,,,,,,,,,,,,,,,,,,,,,,,,,,,,,,,,,,,,,,
Luca Tresh,C,FA,,,,,,,,,,,,,,,,,,,,,,,,,,,,,,,,,,,,,,,,,,,,,,,
Meylin De Leon,2B,FA,,,,,,,,,,,,,,,,,,,,,,,,,,,,,,,,,,,,,,,,,,,,,,,
Kenny Castillo,C,FA,,,,,,,,,,,,,,,,,,,,,,,,,,,,,,,,,,,,,,,,,,,,,,,
Ben Newton,3B,FA,,,,,,,,,,,,,,,,,,,,,,,,,,,,,,,,,,,,,,,,,,,,,,,
Jimmy Obertop,1B,FA,,,,,,,,,,,,,,,,,,,,,,,,,,,,,,,,,,,,,,,,,,,,,,,
Ramon Peralta,SS,FA,,,,,,,,,,,,,,,,,,,,,,,,,,,,,,,,,,,,,,,,,,,,,,,
Marcelo Alcala,CF,FA,,,,,,,,,,,,,,,,,,,,,,,,,,,,,,,,,,,,,,,,,,,,,,,
Luis Bolivar,LF,FA,,,,,,,,,,,,,,,,,,,,,,,,,,,,,,,,,,,,,,,,,,,,,,,
Isael Arias,CF,FA,,,,,,,,,,,,,,,,,,,,,,,,,,,,,,,,,,,,,,,,,,,,,,,
Yosmi Fernandez,SS,FA,,,,,,,,,,,,,,,,,,,,,,,,,,,,,,,,,,,,,,,,,,,,,,,
Hendry Mendez,LF,FA,,,,,,,,,,,,,,,,,,,,,,,,,,,,,,,,,,,,,,,,,,,,,,,
Danyer Cueva,SS,FA,,,,,,,,,,,,,,,,,,,,,,,,,,,,,,,,,,,,,,,,,,,,,,,
Fran Alduey,3B,FA,,,,,,,,,,,,,,,,,,,,,,,,,,,,,,,,,,,,,,,,,,,,,,,
Nolan Schubart,1B,FA,,,,,,,,,,,,,,,,,,,,,,,,,,,,,,,,,,,,,,,,,,,,,,,
Adari Grant,SS,FA,,,,,,,,,,,,,,,,,,,,,,,,,,,,,,,,,,,,,,,,,,,,,,,
Nishentel Meyers,2B,FA,,,,,,,,,,,,,,,,,,,,,,,,,,,,,,,,,,,,,,,,,,,,,,,
Hayden Travinski,1B,FA,,,,,,,,,,,,,,,,,,,,,,,,,,,,,,,,,,,,,,,,,,,,,,,
Ashwar Sprok,SS,FA,,,,,,,,,,,,,,,,,,,,,,,,,,,,,,,,,,,,,,,,,,,,,,,
Felix Stevens,RF,FA,,,,,,,,,,,,,,,,,,,,,,,,,,,,,,,,,,,,,,,,,,,,,,,
D-Shawn Martina,CF,FA,,,,,,,,,,,,,,,,,,,,,,,,,,,,,,,,,,,,,,,,,,,,,,,
Brad Rodriguez,RF,FA,,,,,,,,,,,,,,,,,,,,,,,,,,,,,,,,,,,,,,,,,,,,,,,
Willy Bergolla,SS,FA,,,,,,,,,,,,,,,,,,,,,,,,,,,,,,,,,,,,,,,,,,,,,,,
Jendry Guaraco,SS,FA,,,,,,,,,,,,,,,,,,,,,,,,,,,,,,,,,,,,,,,,,,,,,,,
Alex Mooney,SS,FA,,,,,,,,,,,,,,,,,,,,,,,,,,,,,,,,,,,,,,,,,,,,,,,
Ricardo Pulles,C,FA,,,,,,,,,,,,,,,,,,,,,,,,,,,,,,,,,,,,,,,,,,,,,,,
Sebastian Espinoza,CF,FA,,,,,,,,,,,,,,,,,,,,,,,,,,,,,,,,,,,,,,,,,,,,,,,
Jack Valbrune,CF,FA,,,,,,,,,,,,,,,,,,,,,,,,,,,,,,,,,,,,,,,,,,,,,,,
Misael Rodriguez,CF,FA,,,,,,,,,,,,,,,,,,,,,,,,,,,,,,,,,,,,,,,,,,,,,,,
Daniel Guilarte,2B,FA,,,,,,,,,,,,,,,,,,,,,,,,,,,,,,,,,,,,,,,,,,,,,,,
TT Bowens,1B,FA,,,,,,,,,,,,,,,,,,,,,,,,,,,,,,,,,,,,,,,,,,,,,,,
Gregory Barrios,SS,FA,,,,,,,,,,,,,,,,,,,,,,,,,,,,,,,,,,,,,,,,,,,,,,,
Ronald Cardozo,C,FA,,,,,,,,,,,,,,,,,,,,,,,,,,,,,,,,,,,,,,,,,,,,,,,
Min-Woo Park,2B,FA,,,,,,,,,,,,,,,,,,,,,,,,,,,,,,,,,,,,,,,,,,,,,,,
Starlin Aguilar,3B,FA,,,,,,,,,,,,,,,,,,,,,,,,,,,,,,,,,,,,,,,,,,,,,,,
Archer Horn,SS,FA,,,,,,,,,,,,,,,,,,,,,,,,,,,,,,,,,,,,,,,,,,,,,,,
Manuel Pena,1B,FA,,,,,,,,,,,,,,,,,,,,,,,,,,,,,,,,,,,,,,,,,,,,,,,
Izaac Pacheco,3B,FA,,,,,,,,,,,,,,,,,,,,,,,,,,,,,,,,,,,,,,,,,,,,,,,
Jose Hernandez,1B,FA,,,,,,,,,,,,,,,,,,,,,,,,,,,,,,,,,,,,,,,,,,,,,,,
Caleb Pendleton,1B,FA,,,,,,,,,,,,,,,,,,,,,,,,,,,,,,,,,,,,,,,,,,,,,,,
Angel Acosta,2B,FA,,,,,,,,,,,,,,,,,,,,,,,,,,,,,,,,,,,,,,,,,,,,,,,
Jean Perez,2B,FA,,,,,,,,,,,,,,,,,,,,,,,,,,,,,,,,,,,,,,,,,,,,,,,
Edwardo Espinal,CF,FA,,,,,,,,,,,,,,,,,,,,,,,,,,,,,,,,,,,,,,,,,,,,,,,
Jose Ramos,2B,FA,,,,,,,,,,,,,,,,,,,,,,,,,,,,,,,,,,,,,,,,,,,,,,,
Jacob Hinderleider,1B,FA,,,,,,,,,,,,,,,,,,,,,,,,,,,,,,,,,,,,,,,,,,,,,,,
John Rhodes,1B,FA,,,,,,,,,,,,,,,,,,,,,,,,,,,,,,,,,,,,,,,,,,,,,,,
Rey Cruz,C,FA,,,,,,,,,,,,,,,,,,,,,,,,,,,,,,,,,,,,,,,,,,,,,,,
Hanley Ramirez,CF,FA,,,,,,,,,,,,,,,,,,,,,,,,,,,,,,,,,,,,,,,,,,,,,,,
Luis Ravelo,SS,FA,,,,,,,,,,,,,,,,,,,,,,,,,,,,,,,,,,,,,,,,,,,,,,,
Juan Duran,CF,FA,,,,,,,,,,,,,,,,,,,,,,,,,,,,,,,,,,,,,,,,,,,,,,,
Robert Lopez,C,FA,,,,,,,,,,,,,,,,,,,,,,,,,,,,,,,,,,,,,,,,,,,,,,,
Samuel Zavala,CF,FA,,,,,,,,,,,,,,,,,,,,,,,,,,,,,,,,,,,,,,,,,,,,,,,
Abel Bastidas,2B,FA,,,,,,,,,,,,,,,,,,,,,,,,,,,,,,,,,,,,,,,,,,,,,,,
Daniel Montesino,LF,FA,,,,,,,,,,,,,,,,,,,,,,,,,,,,,,,,,,,,,,,,,,,,,,,
Enderso Lira,C,FA,,,,,,,,,,,,,,,,,,,,,,,,,,,,,,,,,,,,,,,,,,,,,,,
George Feliz,CF,FA,,,,,,,,,,,,,,,,,,,,,,,,,,,,,,,,,,,,,,,,,,,,,,,
Romtres Cabrera,LF,FA,,,,,,,,,,,,,,,,,,,,,,,,,,,,,,,,,,,,,,,,,,,,,,,
Tyler Dearden,LF,FA,,,,,,,,,,,,,,,,,,,,,,,,,,,,,,,,,,,,,,,,,,,,,,,
Ray Garrett,SS,FA,,,,,,,,,,,,,,,,,,,,,,,,,,,,,,,,,,,,,,,,,,,,,,,
Yemal Flores,SS,FA,,,,,,,,,,,,,,,,,,,,,,,,,,,,,,,,,,,,,,,,,,,,,,,
Ethan ODonnell,CF,FA,,,,,,,,,,,,,,,,,,,,,,,,,,,,,,,,,,,,,,,,,,,,,,,
Ethan Anderson,C,FA,,,,,,,,,,,,,,,,,,,,,,,,,,,,,,,,,,,,,,,,,,,,,,,
Garrett Michel,1B,FA,,,,,,,,,,,,,,,,,,,,,,,,,,,,,,,,,,,,,,,,,,,,,,,
Joe Vetrano,1B,FA,,,,,,,,,,,,,,,,,,,,,,,,,,,,,,,,,,,,,,,,,,,,,,,
Kevyn Castillo,CF,FA,,,,,,,,,,,,,,,,,,,,,,,,,,,,,,,,,,,,,,,,,,,,,,,
Cole Fontenelle,3B,FA,,,,,,,,,,,,,,,,,,,,,,,,,,,,,,,,,,,,,,,,,,,,,,,
Garret Forrester,C,FA,,,,,,,,,,,,,,,,,,,,,,,,,,,,,,,,,,,,,,,,,,,,,,,
Christopher Vargas,CF,FA,,,,,,,,,,,,,,,,,,,,,,,,,,,,,,,,,,,,,,,,,,,,,,,
Lewis German,CF,FA,,,,,,,,,,,,,,,,,,,,,,,,,,,,,,,,,,,,,,,,,,,,,,,
Brooks Brannon,C,FA,,,,,,,,,,,,,,,,,,,,,,,,,,,,,,,,,,,,,,,,,,,,,,,
Karniel Pratt,LF,FA,,,,,,,,,,,,,,,,,,,,,,,,,,,,,,,,,,,,,,,,,,,,,,,
Luis Frias,CF,FA,,,,,,,,,,,,,,,,,,,,,,,,,,,,,,,,,,,,,,,,,,,,,,,
Toby Simmons,CF,FA,,,,,,,,,,,,,,,,,,,,,,,,,,,,,,,,,,,,,,,,,,,,,,,
Estiven Machado,SS,FA,,,,,,,,,,,,,,,,,,,,,,,,,,,,,,,,,,,,,,,,,,,,,,,
Jeter Worthley,C,FA,,,,,,,,,,,,,,,,,,,,,,,,,,,,,,,,,,,,,,,,,,,,,,,
Hayden Jatczak,3B,FA,,,,,,,,,,,,,,,,,,,,,,,,,,,,,,,,,,,,,,,,,,,,,,,
Carlos Done,RF,FA,,,,,,,,,,,,,,,,,,,,,,,,,,,,,,,,,,,,,,,,,,,,,,,
Aidan Smith,CF,T,,,,,,,,,,,,,,,,,,,,,,,,,,,,,,,,,,,,,,,,,,,,,,,
Jesus Superlano,3B,FA,,,,,,,,,,,,,,,,,,,,,,,,,,,,,,,,,,,,,,,,,,,,,,,
Jesmaylin Arias,RF,FA,,,,,,,,,,,,,,,,,,,,,,,,,,,,,,,,,,,,,,,,,,,,,,,
Braylin Morel,RF,FA,,,,,,,,,,,,,,,,,,,,,,,,,,,,,,,,,,,,,,,,,,,,,,,
Joe Suozzi,RF,FA,,,,,,,,,,,,,,,,,,,,,,,,,,,,,,,,,,,,,,,,,,,,,,,
Eyeksson Rojas,2B,FA,,,,,,,,,,,,,,,,,,,,,,,,,,,,,,,,,,,,,,,,,,,,,,,
Harold Gonzalez,3B,FA,,,,,,,,,,,,,,,,,,,,,,,,,,,,,,,,,,,,,,,,,,,,,,,
Imanol Vargas,1B,FA,,,,,,,,,,,,,,,,,,,,,,,,,,,,,,,,,,,,,,,,,,,,,,,
Vinny Capra,SS,FA,,,,,,,,,,,,,,,,,,,,,,,,,,,,,,,,,,,,,,,,,,,-1.35,-0.84,2.7,26.1,63.6
PJ Morlando,LF,FA,,,,,,,,,,,,,,,,,,,,,,,,,,,,,,,,,,,,,,,,,,,,,,,
Hyun Min Ahn,RF,FA,,,,,,,,,,,,,,,,,,,,,,,,,,,,,,,,,,,,,,,,,,,,,,,
Ricardo Paez,LF,FA,,,,,,,,,,,,,,,,,,,,,,,,,,,,,,,,,,,,,,,,,,,,,,,
CJ Alexander,3B,FA,,,,,,,,,,,,,,,,,,,,,,,,,,,,,,,,,,,,,,,,,,,,,,,
Hogan Denny,RF,FA,,,,,,,,,,,,,,,,,,,,,,,,,,,,,,,,,,,,,,,,,,,,,,,
Aron Estrada,2B,T,,,,,,,,,,,,,,,,,,,,,,,,,,,,,,,,,,,,,,,,,,,,,,,
Eduarlin Tejeda,2B,FA,,,,,,,,,,,,,,,,,,,,,,,,,,,,,,,,,,,,,,,,,,,,,,,
Justin Boyd,RF,FA,,,,,,,,,,,,,,,,,,,,,,,,,,,,,,,,,,,,,,,,,,,,,,,
Matt Kroon,LF,FA,,,,,,,,,,,,,,,,,,,,,,,,,,,,,,,,,,,,,,,,,,,,,,,
Leonel Vivas,SS,FA,,,,,,,,,,,,,,,,,,,,,,,,,,,,,,,,,,,,,,,,,,,,,,,
Joe Lampe,LF,FA,,,,,,,,,,,,,,,,,,,,,,,,,,,,,,,,,,,,,,,,,,,,,,,
Santiago Vargas,SS,FA,,,,,,,,,,,,,,,,,,,,,,,,,,,,,,,,,,,,,,,,,,,,,,,
Esterling Rodriguez,CF,FA,,,,,,,,,,,,,,,,,,,,,,,,,,,,,,,,,,,,,,,,,,,,,,,
Christopher Paciolla,3B,FA,,,,,,,,,,,,,,,,,,,,,,,,,,,,,,,,,,,,,,,,,,,,,,,
Juan Elejandro,2B,FA,,,,,,,,,,,,,,,,,,,,,,,,,,,,,,,,,,,,,,,,,,,,,,,
Dax Kilby,SS,T,,,,,,,,,,,,,,,,,,,,,,,,,,,,,,,,,,,,,,,,,,,,,,,
Juan Alvarez,1B,FA,,,,,,,,,,,,,,,,,,,,,,,,,,,,,,,,,,,,,,,,,,,,,,,
Yeider Mindiola,C,FA,,,,,,,,,,,,,,,,,,,,,,,,,,,,,,,,,,,,,,,,,,,,,,,
Mason Neville,LF,FA,,,,,,,,,,,,,,,,,,,,,,,,,,,,,,,,,,,,,,,,,,,,,,,
Nick Becker,SS,FA,,,,,,,,,,,,,,,,,,,,,,,,,,,,,,,,,,,,,,,,,,,,,,,
Alec Blair,CF,FA,,,,,,,,,,,,,,,,,,,,,,,,,,,,,,,,,,,,,,,,,,,,,,,
Clayton Campbell,1B,FA,,,,,,,,,,,,,,,,,,,,,,,,,,,,,,,,,,,,,,,,,,,,,,,
Tavian Josenberger,RF,FA,,,,,,,,,,,,,,,,,,,,,,,,,,,,,,,,,,,,,,,,,,,,,,,
Roismar Quintana,RF,FA,,,,,,,,,,,,,,,,,,,,,,,,,,,,,,,,,,,,,,,,,,,,,,,
Luis Chevalier,3B,FA,,,,,,,,,,,,,,,,,,,,,,,,,,,,,,,,,,,,,,,,,,,,,,,
Michael Wielansky,3B,FA,,,,,,,,,,,,,,,,,,,,,,,,,,,,,,,,,,,,,,,,,,,,,,,
Jeral Perez,2B,FA,,,,,,,,,,,,,,,,,,,,,,,,,,,,,,,,,,,,,,,,,,,,,,,
Kiko Romero,1B,FA,,,,,,,,,,,,,,,,,,,,,,,,,,,,,,,,,,,,,,,,,,,,,,,
Justin Johnson,2B,FA,,,,,,,,,,,,,,,,,,,,,,,,,,,,,,,,,,,,,,,,,,,,,,,
Demetrio Nadal,LF,FA,,,,,,,,,,,,,,,,,,,,,,,,,,,,,,,,,,,,,,,,,,,,,,,
Zach Yorke,1B,FA,,,,,,,,,,,,,,,,,,,,,,,,,,,,,,,,,,,,,,,,,,,,,,,
Joe Redfield,LF,FA,,,,,,,,,,,,,,,,,,,,,,,,,,,,,,,,,,,,,,,,,,,,,,,
Jefferson Pena,LF,FA,,,,,,,,,,,,,,,,,,,,,,,,,,,,,,,,,,,,,,,,,,,,,,,
John Spikerman,RF,FA,,,,,,,,,,,,,,,,,,,,,,,,,,,,,,,,,,,,,,,,,,,,,,,
Spencer Nivens,LF,FA,,,,,,,,,,,,,,,,,,,,,,,,,,,,,,,,,,,,,,,,,,,,,,,
Julian Brock,C,FA,,,,,,,,,,,,,,,,,,,,,,,,,,,,,,,,,,,,,,,,,,,,,,,
Jhonny Perdomo,2B,FA,,,,,,,,,,,,,,,,,,,,,,,,,,,,,,,,,,,,,,,,,,,,,,,
Jake Cunningham,LF,FA,,,,,,,,,,,,,,,,,,,,,,,,,,,,,,,,,,,,,,,,,,,,,,,
Nick Lorusso,1B,FA,,,,,,,,,,,,,,,,,,,,,,,,,,,,,,,,,,,,,,,,,,,,,,,
Jacob Melton,CF,T,,,,,,,,,,,,,,,,,,,,,,,,,,,,,,,,,,,,,,,,,,,-0.62,-0.24,4.9,28.0,73.1
Daniel Rodriguez,SS,FA,,,,,,,,,,,,,,,,,,,,,,,,,,,,,,,,,,,,,,,,,,,,,,,
Kenedy Corona,CF,FA,,,,,,,,,,,,,,,,,,,,,,,,,,,,,,,,,,,,,,,,,,,,,,,
Daniel Rojas,LF,FA,,,,,,,,,,,,,,,,,,,,,,,,,,,,,,,,,,,,,,,,,,,,,,,
Ricky Cabrera,3B,FA,,,,,,,,,,,,,,,,,,,,,,,,,,,,,,,,,,,,,,,,,,,,,,,
Peyton Stovall,2B,FA,,,,,,,,,,,,,,,,,,,,,,,,,,,,,,,,,,,,,,,,,,,,,,,
Jonathan Peguero,C,FA,,,,,,,,,,,,,,,,,,,,,,,,,,,,,,,,,,,,,,,,,,,,,,,
Omar De Los Santos,LF,FA,,,,,,,,,,,,,,,,,,,,,,,,,,,,,,,,,,,,,,,,,,,,,,,
Luke Napleton,C,FA,,,,,,,,,,,,,,,,,,,,,,,,,,,,,,,,,,,,,,,,,,,,,,,
Geovanny Planchart,C,FA,,,,,,,,,,,,,,,,,,,,,,,,,,,,,,,,,,,,,,,,,,,,,,,
Tomo Otosaka,CF,FA,,,,,,,,,,,,,,,,,,,,,,,,,,,,,,,,,,,,,,,,,,,,,,,
Chase Jaworsky,SS,FA,,,,,,,,,,,,,,,,,,,,,,,,,,,,,,,,,,,,,,,,,,,,,,,
Zach Levenson,CF,FA,,,,,,,,,,,,,,,,,,,,,,,,,,,,,,,,,,,,,,,,,,,,,,,
Jay Harry,SS,FA,,,,,,,,,,,,,,,,,,,,,,,,,,,,,,,,,,,,,,,,,,,,,,,
Alfonsin Rosario,CF,FA,,,,,,,,,,,,,,,,,,,,,,,,,,,,,,,,,,,,,,,,,,,,,,,
Liover Peguero,SS,FA,,,,,,,,,,,,,,,,,,,,,,,,,,,,,,,,,,,,,,,,,,,0.09,-0.1,9.1,21.2,65.6
Emil Turbi,SS,FA,,,,,,,,,,,,,,,,,,,,,,,,,,,,,,,,,,,,,,,,,,,,,,,
Diover De Aza,3B,FA,,,,,,,,,,,,,,,,,,,,,,,,,,,,,,,,,,,,,,,,,,,,,,,
Tommy Hawke,LF,FA,,,,,,,,,,,,,,,,,,,,,,,,,,,,,,,,,,,,,,,,,,,,,,,
Gabriel Azocar,C,FA,,,,,,,,,,,,,,,,,,,,,,,,,,,,,,,,,,,,,,,,,,,,,,,
Cam Righi,RF,FA,,,,,,,,,,,,,,,,,,,,,,,,,,,,,,,,,,,,,,,,,,,,,,,
Luis Suisbel,3B,FA,,,,,,,,,,,,,,,,,,,,,,,,,,,,,,,,,,,,,,,,,,,,,,,
Justin Riemer,2B,FA,,,,,,,,,,,,,,,,,,,,,,,,,,,,,,,,,,,,,,,,,,,,,,,
Kristian Campbell,2B,T,,,,,,,,,,,,,,,,,,,,,,,,,,,,,,,,,,,,,,,,,,,-0.11,0.48,5.1,23.5,75.3
Calvin Harris,C,FA,,,,,,,,,,,,,,,,,,,,,,,,,,,,,,,,,,,,,,,,,,,,,,,
Sebastian Rojas,C,FA,,,,,,,,,,,,,,,,,,,,,,,,,,,,,,,,,,,,,,,,,,,,,,,
Marco Argudin,CF,FA,,,,,,,,,,,,,,,,,,,,,,,,,,,,,,,,,,,,,,,,,,,,,,,
Jorge Hernandez,2B,FA,,,,,,,,,,,,,,,,,,,,,,,,,,,,,,,,,,,,,,,,,,,,,,,
Mike Boeve,1B,FA,,,,,,,,,,,,,,,,,,,,,,,,,,,,,,,,,,,,,,,,,,,,,,,
Brandon Winokur,CF,FA,,,,,,,,,,,,,,,,,,,,,,,,,,,,,,,,,,,,,,,,,,,,,,,
Isaiah Drake,CF,FA,,,,,,,,,,,,,,,,,,,,,,,,,,,,,,,,,,,,,,,,,,,,,,,
Brock Vradenburg,1B,FA,,,,,,,,,,,,,,,,,,,,,,,,,,,,,,,,,,,,,,,,,,,,,,,
Luke Mann,3B,FA,,,,,,,,,,,,,,,,,,,,,,,,,,,,,,,,,,,,,,,,,,,,,,,
Bryan Gonzalez,C,FA,,,,,,,,,,,,,,,,,,,,,,,,,,,,,,,,,,,,,,,,,,,,,,,
Jay Beshears,3B,FA,,,,,,,,,,,,,,,,,,,,,,,,,,,,,,,,,,,,,,,,,,,,,,,
Giomar Ubiera,SS,FA,,,,,,,,,,,,,,,,,,,,,,,,,,,,,,,,,,,,,,,,,,,,,,,
Si-Hwan Roh,3B,FA,,,,,,,,,,,,,,,,,,,,,,,,,,,,,,,,,,,,,,,,,,,,,,,
Max Anderson,2B,T,,,,,,,,,,,,,,,,,,,,,,,,,,,,,,,,,,,,,,,,,,,,,,,
Jose Dicochea,P,FA,,,,,,,,,,,,,,,,,,,,,,,,,,,,,,,,,,,,,,,,,,,,,,,
Josh Hood,SS,FA,,,,,,,,,,,,,,,,,,,,,,,,,,,,,,,,,,,,,,,,,,,,,,,
Douglas Hodo III,LF,FA,,,,,,,,,,,,,,,,,,,,,,,,,,,,,,,,,,,,,,,,,,,,,,,
Ross Adolph,CF,FA,,,,,,,,,,,,,,,,,,,,,,,,,,,,,,,,,,,,,,,,,,,,,,,
Jalen Battles,3B,FA,,,,,,,,,,,,,,,,,,,,,,,,,,,,,,,,,,,,,,,,,,,,,,,
Nathan Martorella,1B,FA,,,,,,,,,,,,,,,,,,,,,,,,,,,,,,,,,,,,,,,,,,,,,,,
Tres Gonzalez,LF,FA,,,,,,,,,,,,,,,,,,,,,,,,,,,,,,,,,,,,,,,,,,,,,,,
Nick Paciorek,P,FA,,,,,,,,,,,,,,,,,,,,,,,,,,,,,,,,,,,,,,,,,,,,,,,
Spencer Henson,1B,FA,,,,,,,,,,,,,,,,,,,,,,,,,,,,,,,,,,,,,,,,,,,,,,,
Nicholas Northcut,3B,FA,,,,,,,,,,,,,,,,,,,,,,,,,,,,,,,,,,,,,,,,,,,,,,,
Darrien Miller,C,FA,,,,,,,,,,,,,,,,,,,,,,,,,,,,,,,,,,,,,,,,,,,,,,,
Eric Yang,C,FA,,,,,,,,,,,,,,,,,,,,,,,,,,,,,,,,,,,,,,,,,,,,,,,
Hunter McMahon,P,FA,,,,,,,,,,,,,,,,,,,,,,,,,,,,,,,,,,,,,,,,,,,,,,,
Cody Milligan,CF,FA,,,,,,,,,,,,,,,,,,,,,,,,,,,,,,,,,,,,,,,,,,,,,,,
Kamren James,LF,FA,,,,,,,,,,,,,,,,,,,,,,,,,,,,,,,,,,,,,,,,,,,,,,,
Davis Bradshaw,LF,FA,,,,,,,,,,,,,,,,,,,,,,,,,,,,,,,,,,,,,,,,,,,,,,,
David Villar,1B,FA,,,,,,,,,,,,,,,,,,,,,,,,,,,,,,,,,,,,,,,,,,,,,,,
Luke Ritter,3B,FA,,,,,,,,,,,,,,,,,,,,,,,,,,,,,,,,,,,,,,,,,,,,,,,
Chandler Pollard,SS,FA,,,,,,,,,,,,,,,,,,,,,,,,,,,,,,,,,,,,,,,,,,,,,,,
Anthony Prato,2B,FA,,,,,,,,,,,,,,,,,,,,,,,,,,,,,,,,,,,,,,,,,,,,,,,
Carlos Cauro,DH,FA,,,,,,,,,,,,,,,,,,,,,,,,,,,,,,,,,,,,,,,,,,,,,,,
Andrew Pintar,CF,FA,,,,,,,,,,,,,,,,,,,,,,,,,,,,,,,,,,,,,,,,,,,,,,,
Dilan Rosario,SS,FA,,,,,,,,,,,,,,,,,,,,,,,,,,,,,,,,,,,,,,,,,,,,,,,
Austin Charles,3B,FA,,,,,,,,,,,,,,,,,,,,,,,,,,,,,,,,,,,,,,,,,,,,,,,
Drake Fellows,P,FA,,,,,,,,,,,,,,,,,,,,,,,,,,,,,,,,,,,,,,,,,,,,,,,
Sean Roby,3B,FA,,,,,,,,,,,,,,,,,,,,,,,,,,,,,,,,,,,,,,,,,,,,,,,
Logan Wagner,3B,FA,,,,,,,,,,,,,,,,,,,,,,,,,,,,,,,,,,,,,,,,,,,,,,,
Lamar King,C,FA,,,,,,,,,,,,,,,,,,,,,,,,,,,,,,,,,,,,,,,,,,,,,,,
Luke Williams,SS,FA,,,,,,,,,,,,,,,,,,,,,,,,,,,,,,,,,,,,,,,,,,,,,,,
Regi Grace,P,FA,,,,,,,,,,,,,,,,,,,,,,,,,,,,,,,,,,,,,,,,,,,,,,,
Andrew Jenkins,1B,FA,,,,,,,,,,,,,,,,,,,,,,,,,,,,,,,,,,,,,,,,,,,,,,,
Cole Prosek,3B,FA,,,,,,,,,,,,,,,,,,,,,,,,,,,,,,,,,,,,,,,,,,,,,,,
Kyle Datres,3B,FA,,,,,,,,,,,,,,,,,,,,,,,,,,,,,,,,,,,,,,,,,,,,,,,
Cam Eden,RF,FA,,,,,,,,,,,,,,,,,,,,,,,,,,,,,,,,,,,,,,,,,,,,,,,
Silas Ardoin,C,FA,,,,,,,,,,,,,,,,,,,,,,,,,,,,,,,,,,,,,,,,,,,,,,,
Cade Hunter,C,FA,,,,,,,,,,,,,,,,,,,,,,,,,,,,,,,,,,,,,,,,,,,,,,,
Marcus Lee Sang,DH,FA,,,,,,,,,,,,,,,,,,,,,,,,,,,,,,,,,,,,,,,,,,,,,,,
Wendell Marrero,RF,FA,,,,,,,,,,,,,,,,,,,,,,,,,,,,,,,,,,,,,,,,,,,,,,,
Victor Torres,C,FA,,,,,,,,,,,,,,,,,,,,,,,,,,,,,,,,,,,,,,,,,,,,,,,
Wyatt Hendrie,C,FA,,,,,,,,,,,,,,,,,,,,,,,,,,,,,,,,,,,,,,,,,,,,,,,
Erick Arosemena,CF,FA,,,,,,,,,,,,,,,,,,,,,,,,,,,,,,,,,,,,,,,,,,,,,,,
Brandon Parker,CF,FA,,,,,,,,,,,,,,,,,,,,,,,,,,,,,,,,,,,,,,,,,,,,,,,
German Ortiz,1B,FA,,,,,,,,,,,,,,,,,,,,,,,,,,,,,,,,,,,,,,,,,,,,,,,
Yan Contreras,SS,FA,,,,,,,,,,,,,,,,,,,,,,,,,,,,,,,,,,,,,,,,,,,,,,,
Anderson Machado,SS,FA,,,,,,,,,,,,,,,,,,,,,,,,,,,,,,,,,,,,,,,,,,,,,,,
Brooks Baldwin,LF,FA,,,,,,,,,,,,,,,,,,,,,,,,,,,,,,,,,,,,,,,,,,,0.62,0.31,10.9,33.3,86.4
Glenn Santiago,2B,FA,,,,,,,,,,,,,,,,,,,,,,,,,,,,,,,,,,,,,,,,,,,,,,,
Oscar Santos,C,FA,,,,,,,,,,,,,,,,,,,,,,,,,,,,,,,,,,,,,,,,,,,,,,,
Corey Joyce,2B,FA,,,,,,,,,,,,,,,,,,,,,,,,,,,,,,,,,,,,,,,,,,,,,,,
Jake Holton,1B,FA,,,,,,,,,,,,,,,,,,,,,,,,,,,,,,,,,,,,,,,,,,,,,,,
Daniel Amaral,CF,FA,,,,,,,,,,,,,,,,,,,,,,,,,,,,,,,,,,,,,,,,,,,,,,,
Cody Wilson,CF,FA,,,,,,,,,,,,,,,,,,,,,,,,,,,,,,,,,,,,,,,,,,,,,,,
Clay Dungan,2B,FA,,,,,,,,,,,,,,,,,,,,,,,,,,,,,,,,,,,,,,,,,,,,,,,
Matt Frisbee,P,FA,,,,,,,,,,,,,,,,,,,,,,,,,,,,,,,,,,,,,,,,,,,,,,,
Jason Blanchard,P,FA,,,,,,,,,,,,,,,,,,,,,,,,,,,,,,,,,,,,,,,,,,,,,,,
Coco Montes,3B,FA,,,,,,,,,,,,,,,,,,,,,,,,,,,,,,,,,,,,,,,,,,,,,,,
C.J. Stubbs,C,FA,,,,,,,,,,,,,,,,,,,,,,,,,,,,,,,,,,,,,,,,,,,,,,,
Nick Lucky,SS,FA,,,,,,,,,,,,,,,,,,,,,,,,,,,,,,,,,,,,,,,,,,,,,,,
Korey Holland,LF,FA,,,,,,,,,,,,,,,,,,,,,,,,,,,,,,,,,,,,,,,,,,,,,,,
TJ Hopkins,RF,FA,,,,,,,,,,,,,,,,,,,,,,,,,,,,,,,,,,,,,,,,,,,,,,,
Logan Driscoll,C,FA,,,,,,,,,,,,,,,,,,,,,,,,,,,,,,,,,,,,,,,,,,,,,,,
Andrew Costello,C,FA,,,,,,,,,,,,,,,,,,,,,,,,,,,,,,,,,,,,,,,,,,,,,,,
Tristin English,1B,FA,,,,,,,,,,,,,,,,,,,,,,,,,,,,,,,,,,,,,,,,,,,,,,,
Wills Maginnis,1B,FA,,,,,,,,,,,,,,,,,,,,,,,,,,,,,,,,,,,,,,,,,,,,,,,
Ian Armstrong,C,FA,,,,,,,,,,,,,,,,,,,,,,,,,,,,,,,,,,,,,,,,,,,,,,,
Alan Escobar,LF,FA,,,,,,,,,,,,,,,,,,,,,,,,,,,,,,,,,,,,,,,,,,,,,,,
Matt Gorski,CF,FA,,,,,,,,,,,,,,,,,,,,,,,,,,,,,,,,,,,,,,,,,,,-1.37,-2.9,12.0,43.0,62.5
Grae Kessinger,1B,FA,,,,,,,,,,,,,,,,,,,,,,,,,,,,,,,,,,,,,,,,,,,,,,,
Jhunior Jose Cordero,C,FA,,,,,,,,,,,,,,,,,,,,,,,,,,,,,,,,,,,,,,,,,,,,,,,
Cameron Barstad,C,FA,,,,,,,,,,,,,,,,,,,,,,,,,,,,,,,,,,,,,,,,,,,,,,,
Aaron Schunk,SS,FA,,,,,,,,,,,,,,,,,,,,,,,,,,,,,,,,,,,,,,,,,,,-1.79,-1.85,4.3,55.9,91.7
James Quinn-Irons,RF,FA,,,,,,,,,,,,,,,,,,,,,,,,,,,,,,,,,,,,,,,,,,,,,,,
Grant Arnold,C,FA,,,,,,,,,,,,,,,,,,,,,,,,,,,,,,,,,,,,,,,,,,,,,,,
Theo Swafford,SS,FA,,,,,,,,,,,,,,,,,,,,,,,,,,,,,,,,,,,,,,,,,,,,,,,
Seth Gray,3B,FA,,,,,,,,,,,,,,,,,,,,,,,,,,,,,,,,,,,,,,,,,,,,,,,
Josh Owens,SS,FA,,,,,,,,,,,,,,,,,,,,,,,,,,,,,,,,,,,,,,,,,,,,,,,
Matti DiMaggio,CF,FA,,,,,,,,,,,,,,,,,,,,,,,,,,,,,,,,,,,,,,,,,,,,,,,
P.J. Hilson,CF,FA,,,,,,,,,,,,,,,,,,,,,,,,,,,,,,,,,,,,,,,,,,,,,,,
Chris Williams,C,FA,,,,,,,,,,,,,,,,,,,,,,,,,,,,,,,,,,,,,,,,,,,,,,,
Kendall Simmons,3B,FA,,,,,,,,,,,,,,,,,,,,,,,,,,,,,,,,,,,,,,,,,,,,,,,
Tyler Fitzgerald,2B,FA,,,,,,,,,,,,,,,,,,,,,,,,,,,,,,,,,,,,,,,,,,,-0.48,0.06,4.5,32.8,82.9
Niko Decolati,CF,FA,,,,,,,,,,,,,,,,,,,,,,,,,,,,,,,,,,,,,,,,,,,,,,,
Jayce Easley,2B,FA,,,,,,,,,,,,,,,,,,,,,,,,,,,,,,,,,,,,,,,,,,,,,,,
Darian Rojas,CF,FA,,,,,,,,,,,,,,,,,,,,,,,,,,,,,,,,,,,,,,,,,,,,,,,
Juan De Jesus,CF,FA,,,,,,,,,,,,,,,,,,,,,,,,,,,,,,,,,,,,,,,,,,,,,,,
Helvin Mendoza,CF,FA,,,,,,,,,,,,,,,,,,,,,,,,,,,,,,,,,,,,,,,,,,,,,,,
Ire Garcia,C,FA,,,,,,,,,,,,,,,,,,,,,,,,,,,,,,,,,,,,,,,,,,,,,,,
Andy Weber,2B,FA,,,,,,,,,,,,,,,,,,,,,,,,,,,,,,,,,,,,,,,,,,,,,,,
Alfiery Matos,CF,FA,,,,,,,,,,,,,,,,,,,,,,,,,,,,,,,,,,,,,,,,,,,,,,,
Joshua Fermin,LF,FA,,,,,,,,,,,,,,,,,,,,,,,,,,,,,,,,,,,,,,,,,,,,,,,
Albert Feliz,1B,FA,,,,,,,,,,,,,,,,,,,,,,,,,,,,,,,,,,,,,,,,,,,,,,,
Elian Reyes,RF,FA,,,,,,,,,,,,,,,,,,,,,,,,,,,,,,,,,,,,,,,,,,,,,,,
Korey Lee,C,FA,,,,,,,,,,,,,,,,,,,,,,,,,,,,,,,,,,,,,,,,,,,0.03,1.06,3.4,29.5,90.0
Jesus Flores,C,FA,,,,,,,,,,,,,,,,,,,,,,,,,,,,,,,,,,,,,,,,,,,,,,,
Yordys Valdes,2B,FA,,,,,,,,,,,,,,,,,,,,,,,,,,,,,,,,,,,,,,,,,,,,,,,
Alessandro Rodriguez,C,FA,,,,,,,,,,,,,,,,,,,,,,,,,,,,,,,,,,,,,,,,,,,,,,,
Carlos Bello,2B,FA,,,,,,,,,,,,,,,,,,,,,,,,,,,,,,,,,,,,,,,,,,,,,,,
Angel Mejia,C,FA,,,,,,,,,,,,,,,,,,,,,,,,,,,,,,,,,,,,,,,,,,,,,,,
William Ferrufino,SS,FA,,,,,,,,,,,,,,,,,,,,,,,,,,,,,,,,,,,,,,,,,,,,,,,
Nick Dunn,2B,FA,,,,,,,,,,,,,,,,,,,,,,,,,,,,,,,,,,,,,,,,,,,,,,,
Angel Suarez,SS,FA,,,,,,,,,,,,,,,,,,,,,,,,,,,,,,,,,,,,,,,,,,,,,,,
Colt Brown,C,FA,,,,,,,,,,,,,,,,,,,,,,,,,,,,,,,,,,,,,,,,,,,,,,,
Jhosep Villarroel,C,FA,,,,,,,,,,,,,,,,,,,,,,,,,,,,,,,,,,,,,,,,,,,,,,,
Grady Lenahan,RF,FA,,,,,,,,,,,,,,,,,,,,,,,,,,,,,,,,,,,,,,,,,,,,,,,
Beau Philip,SS,FA,,,,,,,,,,,,,,,,,,,,,,,,,,,,,,,,,,,,,,,,,,,,,,,
Jefer Lista,1B,FA,,,,,,,,,,,,,,,,,,,,,,,,,,,,,,,,,,,,,,,,,,,,,,,
Elias Reyno,LF,FA,,,,,,,,,,,,,,,,,,,,,,,,,,,,,,,,,,,,,,,,,,,,,,,
Gilbert Ramirez,C,FA,,,,,,,,,,,,,,,,,,,,,,,,,,,,,,,,,,,,,,,,,,,,,,,
Adam Scott,P,FA,,,,,,,,,,,,,,,,,,,,,,,,,,,,,,,,,,,,,,,,,,,,,,,
Adonanfer Reyes,RF,FA,,,,,,,,,,,,,,,,,,,,,,,,,,,,,,,,,,,,,,,,,,,,,,,
Dayron Oramas,SS,FA,,,,,,,,,,,,,,,,,,,,,,,,,,,,,,,,,,,,,,,,,,,,,,,
Esnaider Vargas,RF,FA,,,,,,,,,,,,,,,,,,,,,,,,,,,,,,,,,,,,,,,,,,,,,,,
Germayhoni Beltre,SS,FA,,,,,,,,,,,,,,,,,,,,,,,,,,,,,,,,,,,,,,,,,,,,,,,
Anthony Delgado,1B,FA,,,,,,,,,,,,,,,,,,,,,,,,,,,,,,,,,,,,,,,,,,,,,,,
Charles Mack,SS,FA,,,,,,,,,,,,,,,,,,,,,,,,,,,,,,,,,,,,,,,,,,,,,,,
Juan Figueroa,LF,FA,,,,,,,,,,,,,,,,,,,,,,,,,,,,,,,,,,,,,,,,,,,,,,,
Arturo De Freitas,C,FA,,,,,,,,,,,,,,,,,,,,,,,,,,,,,,,,,,,,,,,,,,,,,,,
Luis Almeyda,3B,FA,,,,,,,,,,,,,,,,,,,,,,,,,,,,,,,,,,,,,,,,,,,,,,,
Anderber Urbina,SS,FA,,,,,,,,,,,,,,,,,,,,,,,,,,,,,,,,,,,,,,,,,,,,,,,
Santiago Garcia,SS,FA,,,,,,,,,,,,,,,,,,,,,,,,,,,,,,,,,,,,,,,,,,,,,,,
Geomaikel Martinez,RF,FA,,,,,,,,,,,,,,,,,,,,,,,,,,,,,,,,,,,,,,,,,,,,,,,
Dean West,CF,FA,,,,,,,,,,,,,,,,,,,,,,,,,,,,,,,,,,,,,,,,,,,,,,,
Luis Estrella,RF,FA,,,,,,,,,,,,,,,,,,,,,,,,,,,,,,,,,,,,,,,,,,,,,,,
Enny Rodriguez,SS,FA,,,,,,,,,,,,,,,,,,,,,,,,,,,,,,,,,,,,,,,,,,,,,,,
Brayan Rodriguez,SS,FA,,,,,,,,,,,,,,,,,,,,,,,,,,,,,,,,,,,,,,,,,,,,,,,
Cesar Lopez,C,FA,,,,,,,,,,,,,,,,,,,,,,,,,,,,,,,,,,,,,,,,,,,,,,,
Fran-Jean Haseth,RF,FA,,,,,,,,,,,,,,,,,,,,,,,,,,,,,,,,,,,,,,,,,,,,,,,
Jose Requena,CF,FA,,,,,,,,,,,,,,,,,,,,,,,,,,,,,,,,,,,,,,,,,,,,,,,
Cal Stevenson,CF,FA,,,,,,,,,,,,,,,,,,,,,,,,,,,,,,,,,,,,,,,,,,,,,,,
Nick Dalesandro,C,FA,,,,,,,,,,,,,,,,,,,,,,,,,,,,,,,,,,,,,,,,,,,,,,,
Zyhir Hope,RF,T,,,,,,,,,,,,,,,,,,,,,,,,,,,,,,,,,,,,,,,,,,,,,,,
Stephen Paolini,RF,FA,,,,,,,,,,,,,,,,,,,,,,,,,,,,,,,,,,,,,,,,,,,,,,,
Grant Ford,P,FA,,,,,,,,,,,,,,,,,,,,,,,,,,,,,,,,,,,,,,,,,,,,,,,
Anthony Huezo,CF,FA,,,,,,,,,,,,,,,,,,,,,,,,,,,,,,,,,,,,,,,,,,,,,,,
Luis Ogando,3B,FA,,,,,,,,,,,,,,,,,,,,,,,,,,,,,,,,,,,,,,,,,,,,,,,
Ben Madison,P,FA,,,,,,,,,,,,,,,,,,,,,,,,,,,,,,,,,,,,,,,,,,,,,,,
Justin Best,CF,FA,,,,,,,,,,,,,,,,,,,,,,,,,,,,,,,,,,,,,,,,,,,,,,,
Brenner Cox,RF,FA,,,,,,,,,,,,,,,,,,,,,,,,,,,,,,,,,,,,,,,,,,,,,,,
Sandro Fabian,LF,FA,,,,,,,,,,,,,,,,,,,,,,,,,,,,,,,,,,,,,,,,,,,,,,,
Cody Roberts,C,FA,,,,,,,,,,,,,,,,,,,,,,,,,,,,,,,,,,,,,,,,,,,,,,,
Blake Sabol,C,FA,,,,,,,,,,,,,,,,,,,,,,,,,,,,,,,,,,,,,,,,,,,,,,,
Derrick Mitchell,RF,FA,,,,,,,,,,,,,,,,,,,,,,,,,,,,,,,,,,,,,,,,,,,,,,,
Ian Moller,C,FA,,,,,,,,,,,,,,,,,,,,,,,,,,,,,,,,,,,,,,,,,,,,,,,
Colin Barber,RF,FA,,,,,,,,,,,,,,,,,,,,,,,,,,,,,,,,,,,,,,,,,,,,,,,
Chase Cohen,P,FA,,,,,,,,,,,,,,,,,,,,,,,,,,,,,,,,,,,,,,,,,,,,,,,
Devonte Brown,CF,FA,,,,,,,,,,,,,,,,,,,,,,,,,,,,,,,,,,,,,,,,,,,,,,,
Michael Limoncelli,P,FA,,,,,,,,,,,,,,,,,,,,,,,,,,,,,,,,,,,,,,,,,,,,,,,
Matt Wood,C,FA,,,,,,,,,,,,,,,,,,,,,,,,,,,,,,,,,,,,,,,,,,,,,,,
Ethan Hearn,C,FA,,,,,,,,,,,,,,,,,,,,,,,,,,,,,,,,,,,,,,,,,,,,,,,
David McCabe,3B,FA,,,,,,,,,,,,,,,,,,,,,,,,,,,,,,,,,,,,,,,,,,,,,,,
Ariel Abreu,SS,FA,,,,,,,,,,,,,,,,,,,,,,,,,,,,,,,,,,,,,,,,,,,,,,,
Derek Curiel,LF,FA,,,,,,,,,,,,,,,,,,,,,,,,,,,,,,,,,,,,,,,,,,,,,,,
Willie MacIver,C,FA,,,,,,,,,,,,,,,,,,,,,,,,,,,,,,,,,,,,,,,,,,,-0.65,-0.08,4.0,30.8,78.6
TJayy Walton,LF,FA,,,,,,,,,,,,,,,,,,,,,,,,,,,,,,,,,,,,,,,,,,,,,,,
Brandon Lewis,1B,FA,,,,,,,,,,,,,,,,,,,,,,,,,,,,,,,,,,,,,,,,,,,,,,,
Jackson Cluff,SS,FA,,,,,,,,,,,,,,,,,,,,,,,,,,,,,,,,,,,,,,,,,,,,,,,
Jacob Reimer,3B,T,,,,,,,,,,,,,,,,,,,,,,,,,,,,,,,,,,,,,,,,,,,,,,,
Christian Cairo,3B,FA,,,,,,,,,,,,,,,,,,,,,,,,,,,,,,,,,,,,,,,,,,,,,,,
Luke Nixon,2B,FA,,,,,,,,,,,,,,,,,,,,,,,,,,,,,,,,,,,,,,,,,,,,,,,
Bryant Zayas,SS,FA,,,,,,,,,,,,,,,,,,,,,,,,,,,,,,,,,,,,,,,,,,,,,,,
Austin Hansen,P,FA,,,,,,,,,,,,,,,,,,,,,,,,,,,,,,,,,,,,,,,,,,,,,,,
GJ Hill,RF,FA,,,,,,,,,,,,,,,,,,,,,,,,,,,,,,,,,,,,,,,,,,,,,,,
Bo Lowrance,3B,FA,,,,,,,,,,,,,,,,,,,,,,,,,,,,,,,,,,,,,,,,,,,,,,,
Evan Edwards,1B,FA,,,,,,,,,,,,,,,,,,,,,,,,,,,,,,,,,,,,,,,,,,,,,,,
Martin Shelar,CF,FA,,,,,,,,,,,,,,,,,,,,,,,,,,,,,,,,,,,,,,,,,,,,,,,
Michael Berglund,C,FA,,,,,,,,,,,,,,,,,,,,,,,,,,,,,,,,,,,,,,,,,,,,,,,
Kyle McCann,C,FA,,,,,,,,,,,,,,,,,,,,,,,,,,,,,,,,,,,,,,,,,,,,,,,
Landon Bonner,SS,FA,,,,,,,,,,,,,,,,,,,,,,,,,,,,,,,,,,,,,,,,,,,,,,,
Jax Biggers,2B,FA,,,,,,,,,,,,,,,,,,,,,,,,,,,,,,,,,,,,,,,,,,,,,,,
Nick Kahle,C,FA,,,,,,,,,,,,,,,,,,,,,,,,,,,,,,,,,,,,,,,,,,,,,,,
Elih Marrero,C,FA,,,,,,,,,,,,,,,,,,,,,,,,,,,,,,,,,,,,,,,,,,,,,,,
Shane Sasaki,CF,FA,,,,,,,,,,,,,,,,,,,,,,,,,,,,,,,,,,,,,,,,,,,,,,,
Garrett Frechette,1B,FA,,,,,,,,,,,,,,,,,,,,,,,,,,,,,,,,,,,,,,,,,,,,,,,
Marcus Smith,RF,FA,,,,,,,,,,,,,,,,,,,,,,,,,,,,,,,,,,,,,,,,,,,,,,,
Joe Naranjo,1B,FA,,,,,,,,,,,,,,,,,,,,,,,,,,,,,,,,,,,,,,,,,,,,,,,
Dasan Brown,CF,FA,,,,,,,,,,,,,,,,,,,,,,,,,,,,,,,,,,,,,,,,,,,,,,,
Luis Perez,LF,FA,,,,,,,,,,,,,,,,,,,,,,,,,,,,,,,,,,,,,,,,,,,,,,,
Poly Ojeda,1B,FA,,,,,,,,,,,,,,,,,,,,,,,,,,,,,,,,,,,,,,,,,,,,,,,
Kellen Strahm,RF,FA,,,,,,,,,,,,,,,,,,,,,,,,,,,,,,,,,,,,,,,,,,,,,,,
Jamari Baylor,SS,FA,,,,,,,,,,,,,,,,,,,,,,,,,,,,,,,,,,,,,,,,,,,,,,,
Jake Anchia,C,FA,,,,,,,,,,,,,,,,,,,,,,,,,,,,,,,,,,,,,,,,,,,,,,,
Hudson Head,RF,FA,,,,,,,,,,,,,,,,,,,,,,,,,,,,,,,,,,,,,,,,,,,,,,,
Gabriel Cotto,P,FA,,,,,,,,,,,,,,,,,,,,,,,,,,,,,,,,,,,,,,,,,,,,,,,
Andre Lipcius,1B,FA,,,,,,,,,,,,,,,,,,,,,,,,,,,,,,,,,,,,,,,,,,,,,,,
Ray-Patrick Didder,SS,FA,,,,,,,,,,,,,,,,,,,,,,,,,,,,,,,,,,,,,,,,,,,,,,,
Matt Fraizer,RF,FA,,,,,,,,,,,,,,,,,,,,,,,,,,,,,,,,,,,,,,,,,,,,,,,
Nick Podkul,3B,FA,,,,,,,,,,,,,,,,,,,,,,,,,,,,,,,,,,,,,,,,,,,,,,,
Michael McAvene,P,FA,,,,,,,,,,,,,,,,,,,,,,,,,,,,,,,,,,,,,,,,,,,,,,,
Alfredo Sena,SS,FA,,,,,,,,,,,,,,,,,,,,,,,,,,,,,,,,,,,,,,,,,,,,,,,
Anibal Beltre,SS,FA,,,,,,,,,,,,,,,,,,,,,,,,,,,,,,,,,,,,,,,,,,,,,,,
Luis Fortunato,SS,FA,,,,,,,,,,,,,,,,,,,,,,,,,,,,,,,,,,,,,,,,,,,,,,,
Jorwin Pulido,C,FA,,,,,,,,,,,,,,,,,,,,,,,,,,,,,,,,,,,,,,,,,,,,,,,
Jeremy Suriel,CF,FA,,,,,,,,,,,,,,,,,,,,,,,,,,,,,,,,,,,,,,,,,,,,,,,
Ariel Reynoso,SS,FA,,,,,,,,,,,,,,,,,,,,,,,,,,,,,,,,,,,,,,,,,,,,,,,
Luis Jaquez,SS,FA,,,,,,,,,,,,,,,,,,,,,,,,,,,,,,,,,,,,,,,,,,,,,,,
Manuel Mejias,C,FA,,,,,,,,,,,,,,,,,,,,,,,,,,,,,,,,,,,,,,,,,,,,,,,
Gavin Cross,RF,FA,,,,,,,,,,,,,,,,,,,,,,,,,,,,,,,,,,,,,,,,,,,,,,,
Zach Kokoska,1B,FA,,,,,,,,,,,,,,,,,,,,,,,,,,,,,,,,,,,,,,,,,,,,,,,
Daiyer Barboza,SS,FA,,,,,,,,,,,,,,,,,,,,,,,,,,,,,,,,,,,,,,,,,,,,,,,
Jake Rucker,2B,FA,,,,,,,,,,,,,,,,,,,,,,,,,,,,,,,,,,,,,,,,,,,,,,,
Jesus Hernandez,3B,FA,,,,,,,,,,,,,,,,,,,,,,,,,,,,,,,,,,,,,,,,,,,,,,,
JT Schwartz,1B,FA,,,,,,,,,,,,,,,,,,,,,,,,,,,,,,,,,,,,,,,,,,,,,,,
Tyler Hardman,1B,FA,,,,,,,,,,,,,,,,,,,,,,,,,,,,,,,,,,,,,,,,,,,,,,,
Yoelvis Betancourt,C,FA,,,,,,,,,,,,,,,,,,,,,,,,,,,,,,,,,,,,,,,,,,,,,,,
Jose M. Mendoza,C,FA,,,,,,,,,,,,,,,,,,,,,,,,,,,,,,,,,,,,,,,,,,,,,,,
Edgardo Gutierrez,C,FA,,,,,,,,,,,,,,,,,,,,,,,,,,,,,,,,,,,,,,,,,,,,,,,
Jonathan Alcantara,SS,FA,,,,,,,,,,,,,,,,,,,,,,,,,,,,,,,,,,,,,,,,,,,,,,,
Enrique Oropeza,RF,FA,,,,,,,,,,,,,,,,,,,,,,,,,,,,,,,,,,,,,,,,,,,,,,,
Junsang Eom,SS,FA,,,,,,,,,,,,,,,,,,,,,,,,,,,,,,,,,,,,,,,,,,,,,,,
Druw Jones,CF,T,,,,,,,,,,,,,,,,,,,,,,,,,,,,,,,,,,,,,,,,,,,,,,,
Gerardo Rodriguez,C,FA,,,,,,,,,,,,,,,,,,,,,,,,,,,,,,,,,,,,,,,,,,,,,,,
Dominic Keegan,C,FA,,,,,,,,,,,,,,,,,,,,,,,,,,,,,,,,,,,,,,,,,,,,,,,
Jimmy Janicki,3B,FA,,,,,,,,,,,,,,,,,,,,,,,,,,,,,,,,,,,,,,,,,,,,,,,
Yonathan Daza,LF,FA,,,,,,,,,,,,,,,,,,,,,,,,,,,,,,,,,,,,,,,,,,,,,,,
Jose Gomez,SS,FA,,,,,,,,,,,,,,,,,,,,,,,,,,,,,,,,,,,,,,,,,,,,,,,
Luke Berryhill,C,FA,,,,,,,,,,,,,,,,,,,,,,,,,,,,,,,,,,,,,,,,,,,,,,,
Micah Pries,1B,FA,,,,,,,,,,,,,,,,,,,,,,,,,,,,,,,,,,,,,,,,,,,,,,,
Sahid Valenzuela,2B,FA,,,,,,,,,,,,,,,,,,,,,,,,,,,,,,,,,,,,,,,,,,,,,,,
T.J. Schofield-Sam,1B,FA,,,,,,,,,,,,,,,,,,,,,,,,,,,,,,,,,,,,,,,,,,,,,,,
Robert Gonzalez,CF,FA,,,,,,,,,,,,,,,,,,,,,,,,,,,,,,,,,,,,,,,,,,,,,,,
Heison Sanchez,2B,FA,,,,,,,,,,,,,,,,,,,,,,,,,,,,,,,,,,,,,,,,,,,,,,,
Jeffrey Mercedes,3B,FA,,,,,,,,,,,,,,,,,,,,,,,,,,,,,,,,,,,,,,,,,,,,,,,
Adam Duvall,LF,FA,,,,,,,,,,,,,,,,,,,,,,,,,,,,,,,,,,,,,,,,,,,,,,,
Elis Cuevas,RF,FA,,,,,,,,,,,,,,,,,,,,,,,,,,,,,,,,,,,,,,,,,,,,,,,
Jadiel Sanchez,RF,FA,,,,,,,,,,,,,,,,,,,,,,,,,,,,,,,,,,,,,,,,,,,,,,,
Drew Mount,CF,FA,,,,,,,,,,,,,,,,,,,,,,,,,,,,,,,,,,,,,,,,,,,,,,,
Ruben Cardenas,RF,FA,,,,,,,,,,,,,,,,,,,,,,,,,,,,,,,,,,,,,,,,,,,,,,,
Oliver Carrillo,1B,FA,,,,,,,,,,,,,,,,,,,,,,,,,,,,,,,,,,,,,,,,,,,,,,,
Bryan Lavastida,C,FA,,,,,,,,,,,,,,,,,,,,,,,,,,,,,,,,,,,,,,,,,,,,,,,
Travis Honeyman,CF,FA,,,,,,,,,,,,,,,,,,,,,,,,,,,,,,,,,,,,,,,,,,,,,,,
Carlos Sanchez,3B,FA,,,,,,,,,,,,,,,,,,,,,,,,,,,,,,,,,,,,,,,,,,,,,,,
J.T. Arruda,2B,FA,,,,,,,,,,,,,,,,,,,,,,,,,,,,,,,,,,,,,,,,,,,,,,,
Carlos De Los Santos,CF,FA,,,,,,,,,,,,,,,,,,,,,,,,,,,,,,,,,,,,,,,,,,,,,,,
August Cuneo,C,FA,,,,,,,,,,,,,,,,,,,,,,,,,,,,,,,,,,,,,,,,,,,,,,,
Sherrintley Da Costa Gomez,CF,FA,,,,,,,,,,,,,,,,,,,,,,,,,,,,,,,,,,,,,,,,,,,,,,,
Carlos Tejera,CF,FA,,,,,,,,,,,,,,,,,,,,,,,,,,,,,,,,,,,,,,,,,,,,,,,
Johnderis Sanchez,SS,FA,,,,,,,,,,,,,,,,,,,,,,,,,,,,,,,,,,,,,,,,,,,,,,,
Chris Ramirez,SS,FA,,,,,,,,,,,,,,,,,,,,,,,,,,,,,,,,,,,,,,,,,,,,,,,
Jackson Hotchkiss,RF,FA,,,,,,,,,,,,,,,,,,,,,,,,,,,,,,,,,,,,,,,,,,,,,,,
Kevin Sim,1B,FA,,,,,,,,,,,,,,,,,,,,,,,,,,,,,,,,,,,,,,,,,,,,,,,
B.Y. Choi,2B,FA,,,,,,,,,,,,,,,,,,,,,,,,,,,,,,,,,,,,,,,,,,,,,,,
Yoiber Ocopio,C,FA,,,,,,,,,,,,,,,,,,,,,,,,,,,,,,,,,,,,,,,,,,,,,,,
Hemmanuel Rosario,C,FA,,,,,,,,,,,,,,,,,,,,,,,,,,,,,,,,,,,,,,,,,,,,,,,
Nelson Quiroz,C,FA,,,,,,,,,,,,,,,,,,,,,,,,,,,,,,,,,,,,,,,,,,,,,,,
Kevin Verde,SS,FA,,,,,,,,,,,,,,,,,,,,,,,,,,,,,,,,,,,,,,,,,,,,,,,
Aldalay Kolokie,LF,FA,,,,,,,,,,,,,,,,,,,,,,,,,,,,,,,,,,,,,,,,,,,,,,,
Daniel Rogers,C,FA,,,,,,,,,,,,,,,,,,,,,,,,,,,,,,,,,,,,,,,,,,,,,,,
Owen Carapellotti,C,FA,,,,,,,,,,,,,,,,,,,,,,,,,,,,,,,,,,,,,,,,,,,,,,,
Judah Morris,1B,FA,,,,,,,,,,,,,,,,,,,,,,,,,,,,,,,,,,,,,,,,,,,,,,,
Will Verdung,1B,FA,,,,,,,,,,,,,,,,,,,,,,,,,,,,,,,,,,,,,,,,,,,,,,,
German Tapia,LF,FA,,,,,,,,,,,,,,,,,,,,,,,,,,,,,,,,,,,,,,,,,,,,,,,
Riquelmin Cabral,3B,FA,,,,,,,,,,,,,,,,,,,,,,,,,,,,,,,,,,,,,,,,,,,,,,,
Dameury Pena,2B,FA,,,,,,,,,,,,,,,,,,,,,,,,,,,,,,,,,,,,,,,,,,,,,,,
Josh Pyne,3B,FA,,,,,,,,,,,,,,,,,,,,,,,,,,,,,,,,,,,,,,,,,,,,,,,
Carson DeMartini,3B,FA,,,,,,,,,,,,,,,,,,,,,,,,,,,,,,,,,,,,,,,,,,,,,,,
Hunter Haas,3B,FA,,,,,,,,,,,,,,,,,,,,,,,,,,,,,,,,,,,,,,,,,,,,,,,
Dylan Jasso,3B,FA,,,,,,,,,,,,,,,,,,,,,,,,,,,,,,,,,,,,,,,,,,,,,,,
Loidel Chapelli,2B,FA,,,,,,,,,,,,,,,,,,,,,,,,,,,,,,,,,,,,,,,,,,,,,,,
Enmanuel Bonilla,CF,FA,,,,,,,,,,,,,,,,,,,,,,,,,,,,,,,,,,,,,,,,,,,,,,,
Alberto Rodriguez,RF,FA,,,,,,,,,,,,,,,,,,,,,,,,,,,,,,,,,,,,,,,,,,,,,,,
Juan Benjamin,3B,FA,,,,,,,,,,,,,,,,,,,,,,,,,,,,,,,,,,,,,,,,,,,,,,,
Jose Cedeno,C,FA,,,,,,,,,,,,,,,,,,,,,,,,,,,,,,,,,,,,,,,,,,,,,,,
Justin Rodriguez,3B,FA,,,,,,,,,,,,,,,,,,,,,,,,,,,,,,,,,,,,,,,,,,,,,,,
Ronny Ugarte,1B,FA,,,,,,,,,,,,,,,,,,,,,,,,,,,,,,,,,,,,,,,,,,,,,,,
Stiven Flores,C,FA,,,,,,,,,,,,,,,,,,,,,,,,,,,,,,,,,,,,,,,,,,,,,,,
Dylan Campbell,CF,FA,,,,,,,,,,,,,,,,,,,,,,,,,,,,,,,,,,,,,,,,,,,,,,,
Quinn McDaniel,2B,FA,,,,,,,,,,,,,,,,,,,,,,,,,,,,,,,,,,,,,,,,,,,,,,,
Connor Burns,C,FA,,,,,,,,,,,,,,,,,,,,,,,,,,,,,,,,,,,,,,,,,,,,,,,
Devin Saltiban,CF,FA,,,,,,,,,,,,,,,,,,,,,,,,,,,,,,,,,,,,,,,,,,,,,,,
Ty Southisene,2B,FA,,,,,,,,,,,,,,,,,,,,,,,,,,,,,,,,,,,,,,,,,,,,,,,
Fabio Peralta,1B,FA,,,,,,,,,,,,,,,,,,,,,,,,,,,,,,,,,,,,,,,,,,,,,,,
Sam Biller,LF,FA,,,,,,,,,,,,,,,,,,,,,,,,,,,,,,,,,,,,,,,,,,,,,,,
Danny Bautista,RF,FA,,,,,,,,,,,,,,,,,,,,,,,,,,,,,,,,,,,,,,,,,,,,,,,
Yunior Garcia,OF,FA,,,,,,,,,,,,,,,,,,,,,,,,,,,,,,,,,,,,,,,,,,,,,,,
Nick Monile,LF,FA,,,,,,,,,,,,,,,,,,,,,,,,,,,,,,,,,,,,,,,,,,,,,,,
Chris Sargent,C,FA,,,,,,,,,,,,,,,,,,,,,,,,,,,,,,,,,,,,,,,,,,,,,,,
Joe Campagna,C,FA,,,,,,,,,,,,,,,,,,,,,,,,,,,,,,,,,,,,,,,,,,,,,,,
Harry Genth,SS,FA,,,,,,,,,,,,,,,,,,,,,,,,,,,,,,,,,,,,,,,,,,,,,,,
Ian Daugherty,C,FA,,,,,,,,,,,,,,,,,,,,,,,,,,,,,,,,,,,,,,,,,,,,,,,
Michael Brooks,SS,FA,,,,,,,,,,,,,,,,,,,,,,,,,,,,,,,,,,,,,,,,,,,,,,,
Alex Birge,C,FA,,,,,,,,,,,,,,,,,,,,,,,,,,,,,,,,,,,,,,,,,,,,,,,
Arturo Flores,C,FA,,,,,,,,,,,,,,,,,,,,,,,,,,,,,,,,,,,,,,,,,,,,,,,
Kyle Fossum,LF,FA,,,,,,,,,,,,,,,,,,,,,,,,,,,,,,,,,,,,,,,,,,,,,,,
Ediel Rivera,C,FA,,,,,,,,,,,,,,,,,,,,,,,,,,,,,,,,,,,,,,,,,,,,,,,
Ty Hodge,SS,FA,,,,,,,,,,,,,,,,,,,,,,,,,,,,,,,,,,,,,,,,,,,,,,,
Bobby Blandford,CF,FA,,,,,,,,,,,,,,,,,,,,,,,,,,,,,,,,,,,,,,,,,,,,,,,
Ethan Holliday,SS,T,,,,,,,,,,,,,,,,,,,,,,,,,,,,,,,,,,,,,,,,,,,,,,,
Roman Martin,SS,FA,,,,,,,,,,,,,,,,,,,,,,,,,,,,,,,,,,,,,,,,,,,,,,,
Sean Gamble,SS,FA,,,,,,,,,,,,,,,,,,,,,,,,,,,,,,,,,,,,,,,,,,,,,,,
Jaime Ferrer,1B,FA,,,,,,,,,,,,,,,,,,,,,,,,,,,,,,,,,,,,,,,,,,,,,,,
Vance Honeycutt,CF,FA,,,,,,,,,,,,,,,,,,,,,,,,,,,,,,,,,,,,,,,,,,,,,,,
Duce Gourson,3B,FA,,,,,,,,,,,,,,,,,,,,,,,,,,,,,,,,,,,,,,,,,,,,,,,
Keaton Anthony,1B,FA,,,,,,,,,,,,,,,,,,,,,,,,,,,,,,,,,,,,,,,,,,,,,,,
Carter Graham,3B,FA,,,,,,,,,,,,,,,,,,,,,,,,,,,,,,,,,,,,,,,,,,,,,,,
Cooper McMurray,1B,FA,,,,,,,,,,,,,,,,,,,,,,,,,,,,,,,,,,,,,,,,,,,,,,,
Hoy Park,RF,FA,,,,,,,,,,,,,,,,,,,,,,,,,,,,,,,,,,,,,,,,,,,,,,,
Carlos Perez,1B,FA,,,,,,,,,,,,,,,,,,,,,,,,,,,,,,,,,,,,,,,,,,,,,,,
Alexander Albertus,3B,FA,,,,,,,,,,,,,,,,,,,,,,,,,,,,,,,,,,,,,,,,,,,,,,,
Luis Valdez,2B,FA,,,,,,,,,,,,,,,,,,,,,,,,,,,,,,,,,,,,,,,,,,,,,,,
Juan Corniel,SS,FA,,,,,,,,,,,,,,,,,,,,,,,,,,,,,,,,,,,,,,,,,,,,,,,
Alain Camou,2B,FA,,,,,,,,,,,,,,,,,,,,,,,,,,,,,,,,,,,,,,,,,,,,,,,
Micah Matthews,3B,FA,,,,,,,,,,,,,,,,,,,,,,,,,,,,,,,,,,,,,,,,,,,,,,,
Jose Monserrate,CF,FA,,,,,,,,,,,,,,,,,,,,,,,,,,,,,,,,,,,,,,,,,,,,,,,
"Jr., Jason Spray",LF,FA,,,,,,,,,,,,,,,,,,,,,,,,,,,,,,,,,,,,,,,,,,,,,,,
Aroon Escobar,2B,T,,,,,,,,,,,,,,,,,,,,,,,,,,,,,,,,,,,,,,,,,,,,,,,
Angel Garcia,LF,FA,,,,,,,,,,,,,,,,,,,,,,,,,,,,,,,,,,,,,,,,,,,,,,,
Braden Holcomb,CF,FA,,,,,,,,,,,,,,,,,,,,,,,,,,,,,,,,,,,,,,,,,,,,,,,
Brennen Davis,LF,FA,,,,,,,,,,,,,,,,,,,,,,,,,,,,,,,,,,,,,,,,,,,,,,,
Aiden Harris,3B,FA,,,,,,,,,,,,,,,,,,,,,,,,,,,,,,,,,,,,,,,,,,,,,,,
Nick Decker,CF,FA,,,,,,,,,,,,,,,,,,,,,,,,,,,,,,,,,,,,,,,,,,,,,,,
Arquimedes Gamboa,SS,FA,,,,,,,,,,,,,,,,,,,,,,,,,,,,,,,,,,,,,,,,,,,,,,,
Osiris Johnson,SS,FA,,,,,,,,,,,,,,,,,,,,,,,,,,,,,,,,,,,,,,,,,,,,,,,
Jayson Jones,SS,FA,,,,,,,,,,,,,,,,,,,,,,,,,,,,,,,,,,,,,,,,,,,,,,,
Carter Young,SS,FA,,,,,,,,,,,,,,,,,,,,,,,,,,,,,,,,,,,,,,,,,,,,,,,
George Wolkow,RF,FA,,,,,,,,,,,,,,,,,,,,,,,,,,,,,,,,,,,,,,,,,,,,,,,
Josh Breaux,C,FA,,,,,,,,,,,,,,,,,,,,,,,,,,,,,,,,,,,,,,,,,,,,,,,
Josh Stowers,CF,FA,,,,,,,,,,,,,,,,,,,,,,,,,,,,,,,,,,,,,,,,,,,,,,,
Theo Gillen,CF,T,,,,,,,,,,,,,,,,,,,,,,,,,,,,,,,,,,,,,,,,,,,,,,,
Grant Lavigne,1B,FA,,,,,,,,,,,,,,,,,,,,,,,,,,,,,,,,,,,,,,,,,,,,,,,
Zane Denton,3B,FA,,,,,,,,,,,,,,,,,,,,,,,,,,,,,,,,,,,,,,,,,,,,,,,
Jameson Hannah,LF,FA,,,,,,,,,,,,,,,,,,,,,,,,,,,,,,,,,,,,,,,,,,,,,,,
Carlos Sandoval,LF,FA,,,,,,,,,,,,,,,,,,,,,,,,,,,,,,,,,,,,,,,,,,,,,,,
Frank Moreno,C,FA,,,,,,,,,,,,,,,,,,,,,,,,,,,,,,,,,,,,,,,,,,,,,,,
Dariel Santana,SS,FA,,,,,,,,,,,,,,,,,,,,,,,,,,,,,,,,,,,,,,,,,,,,,,,
Rafael Morel,RF,FA,,,,,,,,,,,,,,,,,,,,,,,,,,,,,,,,,,,,,,,,,,,,,,,
Anyelo Jean,SS,FA,,,,,,,,,,,,,,,,,,,,,,,,,,,,,,,,,,,,,,,,,,,,,,,
Braulio Cavero,LF,FA,,,,,,,,,,,,,,,,,,,,,,,,,,,,,,,,,,,,,,,,,,,,,,,
Carson Rucker,3B,FA,,,,,,,,,,,,,,,,,,,,,,,,,,,,,,,,,,,,,,,,,,,,,,,
Oscar Borges,C,FA,,,,,,,,,,,,,,,,,,,,,,,,,,,,,,,,,,,,,,,,,,,,,,,
Freilyn Rodriguez,CF,FA,,,,,,,,,,,,,,,,,,,,,,,,,,,,,,,,,,,,,,,,,,,,,,,
Ray Faria,C,FA,,,,,,,,,,,,,,,,,,,,,,,,,,,,,,,,,,,,,,,,,,,,,,,
Jimmy Herron,RF,FA,,,,,,,,,,,,,,,,,,,,,,,,,,,,,,,,,,,,,,,,,,,,,,,
Aiberson Blanco,CF,FA,,,,,,,,,,,,,,,,,,,,,,,,,,,,,,,,,,,,,,,,,,,,,,,
Devin Mann,3B,FA,,,,,,,,,,,,,,,,,,,,,,,,,,,,,,,,,,,,,,,,,,,,,,,
Xavier Isaac,DH,T,,,,,,,,,,,,,,,,,,,,,,,,,,,,,,,,,,,,,,,,,,,,,,,
Santiago Mendoza,C,FA,,,,,,,,,,,,,,,,,,,,,,,,,,,,,,,,,,,,,,,,,,,,,,,
Adrian Del Cid,SS,FA,,,,,,,,,,,,,,,,,,,,,,,,,,,,,,,,,,,,,,,,,,,,,,,
Daniel Pire,C,FA,,,,,,,,,,,,,,,,,,,,,,,,,,,,,,,,,,,,,,,,,,,,,,,
Emerson Estevez,LF,FA,,,,,,,,,,,,,,,,,,,,,,,,,,,,,,,,,,,,,,,,,,,,,,,
Robert Alvarez,C,FA,,,,,,,,,,,,,,,,,,,,,,,,,,,,,,,,,,,,,,,,,,,,,,,
Yiddi Cappe,2B,FA,,,,,,,,,,,,,,,,,,,,,,,,,,,,,,,,,,,,,,,,,,,,,,,
Connor Kaiser,2B,FA,,,,,,,,,,,,,,,,,,,,,,,,,,,,,,,,,,,,,,,,,,,,,,,
David Shirley,SS,FA,,,,,,,,,,,,,,,,,,,,,,,,,,,,,,,,,,,,,,,,,,,,,,,
Luis Torres,1B,FA,,,,,,,,,,,,,,,,,,,,,,,,,,,,,,,,,,,,,,,,,,,,,,,
Francisco Urbaez,2B,FA,,,,,,,,,,,,,,,,,,,,,,,,,,,,,,,,,,,,,,,,,,,,,,,
Moises Alcala,C,FA,,,,,,,,,,,,,,,,,,,,,,,,,,,,,,,,,,,,,,,,,,,,,,,
Brayden Nims,LF,FA,,,,,,,,,,,,,,,,,,,,,,,,,,,,,,,,,,,,,,,,,,,,,,,
Alfonso Rivas,1B,FA,,,,,,,,,,,,,,,,,,,,,,,,,,,,,,,,,,,,,,,,,,,,,,,
Luis Thomas,SS,FA,,,,,,,,,,,,,,,,,,,,,,,,,,,,,,,,,,,,,,,,,,,,,,,
Sebastian Franeites,C,FA,,,,,,,,,,,,,,,,,,,,,,,,,,,,,,,,,,,,,,,,,,,,,,,
Jonnhan Sanchez,1B,FA,,,,,,,,,,,,,,,,,,,,,,,,,,,,,,,,,,,,,,,,,,,,,,,
Ricardo Olivar,C,FA,,,,,,,,,,,,,,,,,,,,,,,,,,,,,,,,,,,,,,,,,,,,,,,
Jhonael Cuello,CF,FA,,,,,,,,,,,,,,,,,,,,,,,,,,,,,,,,,,,,,,,,,,,,,,,
Anthony Hall,RF,FA,,,,,,,,,,,,,,,,,,,,,,,,,,,,,,,,,,,,,,,,,,,,,,,
Victor Gonzalez,SS,FA,,,,,,,,,,,,,,,,,,,,,,,,,,,,,,,,,,,,,,,,,,,,,,,
Griffin Doersching,1B,FA,,,,,,,,,,,,,,,,,,,,,,,,,,,,,,,,,,,,,,,,,,,,,,,
Manny De Los Santos,CF,FA,,,,,,,,,,,,,,,,,,,,,,,,,,,,,,,,,,,,,,,,,,,,,,,
Kody Huff,C,FA,,,,,,,,,,,,,,,,,,,,,,,,,,,,,,,,,,,,,,,,,,,,,,,
Santiago Yanes,C,FA,,,,,,,,,,,,,,,,,,,,,,,,,,,,,,,,,,,,,,,,,,,,,,,
Ricardo Cova,LF,FA,,,,,,,,,,,,,,,,,,,,,,,,,,,,,,,,,,,,,,,,,,,,,,,
Angel Rivera,C,FA,,,,,,,,,,,,,,,,,,,,,,,,,,,,,,,,,,,,,,,,,,,,,,,
Mason McCraine,1B,FA,,,,,,,,,,,,,,,,,,,,,,,,,,,,,,,,,,,,,,,,,,,,,,,
Jesus Castillo,1B,FA,,,,,,,,,,,,,,,,,,,,,,,,,,,,,,,,,,,,,,,,,,,,,,,
Taj Marchand,SS,FA,,,,,,,,,,,,,,,,,,,,,,,,,,,,,,,,,,,,,,,,,,,,,,,
Jadher Areinamo,SS,FA,,,,,,,,,,,,,,,,,,,,,,,,,,,,,,,,,,,,,,,,,,,,,,,
Wyatt Hanoian,SS,FA,,,,,,,,,,,,,,,,,,,,,,,,,,,,,,,,,,,,,,,,,,,,,,,
Anderdson Rojas,3B,FA,,,,,,,,,,,,,,,,,,,,,,,,,,,,,,,,,,,,,,,,,,,,,,,
Blake Burke,1B,T,,,,,,,,,,,,,,,,,,,,,,,,,,,,,,,,,,,,,,,,,,,,,,,
Cade McGee,3B,FA,,,,,,,,,,,,,,,,,,,,,,,,,,,,,,,,,,,,,,,,,,,,,,,
Griff OFerrall,SS,FA,,,,,,,,,,,,,,,,,,,,,,,,,,,,,,,,,,,,,,,,,,,,,,,
Luke Heefner,3B,FA,,,,,,,,,,,,,,,,,,,,,,,,,,,,,,,,,,,,,,,,,,,,,,,
Brady Christman,LF,FA,,,,,,,,,,,,,,,,,,,,,,,,,,,,,,,,,,,,,,,,,,,,,,,
Trent Grindlinger,C,FA,,,,,,,,,,,,,,,,,,,,,,,,,,,,,,,,,,,,,,,,,,,,,,,
Kade Elam,SS,FA,,,,,,,,,,,,,,,,,,,,,,,,,,,,,,,,,,,,,,,,,,,,,,,
Hudson White,C,FA,,,,,,,,,,,,,,,,,,,,,,,,,,,,,,,,,,,,,,,,,,,,,,,
Henry Kusiak,SS,FA,,,,,,,,,,,,,,,,,,,,,,,,,,,,,,,,,,,,,,,,,,,,,,,
Jose Perez,SS,FA,,,,,,,,,,,,,,,,,,,,,,,,,,,,,,,,,,,,,,,,,,,,,,,
Samuel Gonzalez,SS,FA,,,,,,,,,,,,,,,,,,,,,,,,,,,,,,,,,,,,,,,,,,,,,,,
Luis Hernandez,C,FA,,,,,,,,,,,,,,,,,,,,,,,,,,,,,,,,,,,,,,,,,,,,,,,
Caleb Shpur,RF,FA,,,,,,,,,,,,,,,,,,,,,,,,,,,,,,,,,,,,,,,,,,,,,,,
Angel Mata,C,FA,,,,,,,,,,,,,,,,,,,,,,,,,,,,,,,,,,,,,,,,,,,,,,,
Jakey Josepha,CF,FA,,,,,,,,,,,,,,,,,,,,,,,,,,,,,,,,,,,,,,,,,,,,,,,
Cam Collier,1B,T,,,,,,,,,,,,,,,,,,,,,,,,,,,,,,,,,,,,,,,,,,,,,,,
Josue Demey,C,FA,,,,,,,,,,,,,,,,,,,,,,,,,,,,,,,,,,,,,,,,,,,,,,,
Cutter Coffey,3B,FA,,,,,,,,,,,,,,,,,,,,,,,,,,,,,,,,,,,,,,,,,,,,,,,
Brady Neal,C,FA,,,,,,,,,,,,,,,,,,,,,,,,,,,,,,,,,,,,,,,,,,,,,,,
Cade Arrambide,C,FA,,,,,,,,,,,,,,,,,,,,,,,,,,,,,,,,,,,,,,,,,,,,,,,
Aidan Miller,SS,T,,,,,,,,,,,,,,,,,,,,,,,,,,,,,,,,,,,,,,,,,,,,,,,
Samuel Escudero,C,FA,,,,,,,,,,,,,,,,,,,,,,,,,,,,,,,,,,,,,,,,,,,,,,,
Diego Benitez,1B,FA,,,,,,,,,,,,,,,,,,,,,,,,,,,,,,,,,,,,,,,,,,,,,,,
Cole Roederer,LF,FA,,,,,,,,,,,,,,,,,,,,,,,,,,,,,,,,,,,,,,,,,,,,,,,
Jacob Cozart,C,FA,,,,,,,,,,,,,,,,,,,,,,,,,,,,,,,,,,,,,,,,,,,,,,,
J.D. Gonzalez,C,FA,,,,,,,,,,,,,,,,,,,,,,,,,,,,,,,,,,,,,,,,,,,,,,,
Ismael Munguia,CF,FA,,,,,,,,,,,,,,,,,,,,,,,,,,,,,,,,,,,,,,,,,,,,,,,
Nick Schnell,RF,FA,,,,,,,,,,,,,,,,,,,,,,,,,,,,,,,,,,,,,,,,,,,,,,,
Manny Almonte,1B,FA,,,,,,,,,,,,,,,,,,,,,,,,,,,,,,,,,,,,,,,,,,,,,,,
Kyler Murray,CF,FA,,,,,,,,,,,,,,,,,,,,,,,,,,,,,,,,,,,,,,,,,,,,,,,
Hector Barroso,RF,FA,,,,,,,,,,,,,,,,,,,,,,,,,,,,,,,,,,,,,,,,,,,,,,,
Marcos Torres,RF,FA,,,,,,,,,,,,,,,,,,,,,,,,,,,,,,,,,,,,,,,,,,,,,,,
Chadwick Tromp,C,FA,,,,,-3.02,-2.73,0.0,45.6,63.6,,,,,,,,,,,,,,,,,,,,,,,,,,,,,,,,,,,,,,
BJ Murray Jr.,1B,FA,-1.5,-0.21,7.142857142857143,,,,,,,,,,,,,,,,,,-1.0,-0.5,,,,0.0,66.67,100.0,2.0,0.5,0.0,-1.5,-0.21,,,0.0,0.0,30.0,100.0,7.0,1.57,0.0,,,,,
Otto Kemp,3B,FA,-2.0,-0.15,13.333333333333334,,,,,,,,,,,,,,,,,,,,,,,,,,,,,,,,,,,,,,,,1.04,0.68,12.1,29.6,85.7
Oswaldo Cabrera,3B,FA,-2.0,-0.5,4.0,,,,,,,-2.0,-2.0,,,0.0,0.0,22.22,100.0,1.0,3.0,0.0,-2.0,-2.0,,,0.0,0.0,22.22,100.0,1.0,3.0,0.0,-2.0,-2.0,,,0.0,0.0,22.22,100.0,1.0,3.0,0.0,-1.27,-0.14,0.0,28.6,75.0
Aaron Sabato,1B,FA,-2.0,-2.0,1.0,,,,,,,-2.0,-2.0,,,0.0,0.0,100.0,100.0,1.0,3.0,0.0,-2.0,-2.0,,,0.0,0.0,100.0,100.0,1.0,3.0,0.0,-2.0,-2.0,,,0.0,0.0,100.0,100.0,1.0,3.0,0.0,,,,,
Jose Barrero,SS,FA,-2.0,-2.0,1.0,,,,,,,-2.0,-2.0,,,,0.0,80.0,0.0,1.0,2.0,0.0,-2.0,-2.0,,,,0.0,80.0,0.0,1.0,2.0,0.0,-2.0,-2.0,,,,0.0,80.0,0.0,1.0,2.0,0.0,,,,,
Kyren Paris,CF,FA,-3.0,-0.38,7.894736842105263,,,,,,,,,,,,,,,,,,-1.0,-0.33,,,0.0,0.0,14.29,0.0,3.0,2.0,0.0,-3.0,-0.38,,,0.0,0.0,12.82,66.67,8.0,1.88,0.0,1.29,0.04,16.7,30.1,79.1
Blake Hunt,C,FA,-3.0,-1.5,2.0,,,,,,,,,,,,,,,,,,,,,,,,,,,,,,,,,,,,,,,,,,,,
Trei Cruz,SS,FA,-3.0,-1.5,2.0,,,,,,,,,,,,,,,,,,,,,,,,,,,,,,,,,,,,,,,,,,,,
Sandy Leon,C,FA,-8.0,-0.38,21.05263157894737,2.09,-2.1,-1.37,0.0,40.0,71.4,,,,,,,,,,,,,,,,,,,,,,,,,,,,,,,,,,,,,,
