Player,Position,Status,FPts,FP/G,p_game,p_save,p_hold,IP,IP_per_Game,p_era,pitching_score,command_score,whiff_percent,bb_percent,meatball_percent,FPts_7d,FP/G_7d,pitching_score_7d,command_score_7d,whiff_percent_7d,bb_percent_7d,meatball_percent_7d,p_game_7d,p_save_7d,p_hold_7d,IP_per_Game_7d,FPts_14d,FP/G_14d,pitching_score_14d,command_score_14d,whiff_percent_14d,bb_percent_14d,meatball_percent_14d,p_game_14d,p_save_14d,p_hold_14d,IP_per_Game_14d,FPts_30d,FP/G_30d,pitching_score_30d,command_score_30d,whiff_percent_30d,bb_percent_30d,meatball_percent_30d,p_game_30d,p_save_30d,p_hold_30d,IP_per_Game_30d,pitching_score_2025,command_score_2025,whiff_percent_2025,bb_percent_2025,meatball_percent_2025
Jacob Misiorowski,SP,T,1438.0,47.93,30.0,0.0,0.0,174.7,5.8,1.8,2.2,0.59,37.3,6.6,7.4,38.0,38.0,0.59,-0.09,37.14,10.53,7.35,1.0,0.0,0.0,5.33,58.75,29.38,0.94,0.28,35.09,6.9,7.14,2.0,0.0,0.0,4.17,166.5,33.3,0.96,0.17,32.82,9.57,6.6,5.0,0.0,0.0,4.73,0.24,-0.48,29.7,11.0,7.9
Cam Schlittler,SP,T,1429.5,43.32,33.0,0.0,0.0,193.7,5.9,1.95,0.83,0.27,29.4,6.4,8.0,20.75,20.75,0.22,-0.57,36.11,14.29,8.57,1.0,0.0,0.0,3.0,61.25,30.62,0.46,-0.17,32.18,12.82,6.55,2.0,0.0,0.0,4.5,239.25,47.85,0.69,-0.02,31.06,6.36,8.53,5.0,0.0,0.0,6.0,-0.52,-0.84,26.1,10.2,8.9
Cristopher Sanchez,SP,T,1425.75,43.2,33.0,0.0,0.0,207.0,6.3,2.91,1.88,1.35,31.3,5.3,6.7,51.5,51.5,0.32,0.19,28.07,3.7,9.0,1.0,0.0,0.0,7.0,99.0,49.5,0.24,0.29,24.3,1.92,10.1,2.0,0.0,0.0,6.67,170.0,34.0,-0.02,0.08,21.77,4.58,8.87,5.0,0.0,0.0,6.33,1.12,0.61,30.4,5.5,8.3
Dylan Cease,SP,T,1284.5,44.29,29.0,0.0,0.0,169.0,5.8,2.4,1.41,0.29,33.3,11.4,6.0,,,,,,,,,,,,10.75,10.75,-1.35,-2.01,23.08,35.29,5.41,1.0,0.0,0.0,2.67,125.0,31.25,0.16,0.07,24.05,15.48,4.64,4.0,0.0,0.0,4.67,1.48,0.52,33.4,9.8,6.6
Gavin Williams,SP,T,1283.75,40.12,32.0,0.0,0.0,184.3,5.8,3.76,0.86,-0.36,32.8,8.2,8.3,11.75,11.75,-1.02,-1.12,18.42,22.22,8.11,1.0,0.0,0.0,3.33,74.75,37.38,0.51,-0.2,33.33,11.9,7.36,2.0,0.0,0.0,5.17,231.5,46.3,1.46,0.15,38.94,10.43,6.36,5.0,0.0,0.0,5.67,0.1,-0.29,27.7,11.8,7.2
Jesus Luzardo,SP,T,1278.75,42.62,30.0,0.0,0.0,179.7,6.0,2.86,1.96,1.34,31.9,7.1,6.0,3.0,3.0,,,0.0,0.0,0.0,1.0,0.0,0.0,1.0,3.0,3.0,,,0.0,0.0,0.0,1.0,0.0,0.0,1.0,133.5,44.5,0.78,0.33,29.41,3.33,8.49,3.0,0.0,0.0,5.56,0.95,0.3,30.8,7.5,8.0
Yoshinobu Yamamoto,SP,T,1228.75,43.88,28.0,0.0,0.0,185.0,6.6,2.53,1.29,1.2,27.9,5.9,6.7,30.5,30.5,0.22,0.34,24.0,3.85,7.95,1.0,0.0,0.0,6.0,30.5,30.5,0.31,0.43,24.0,3.85,7.95,1.0,0.0,0.0,6.0,187.0,46.75,1.12,0.42,32.81,5.94,7.18,4.0,0.0,0.0,6.75,1.01,0.75,28.9,8.6,6.7
Chris Sale,SP,T,1217.0,45.07,27.0,0.0,0.0,162.7,6.0,2.16,1.79,1.41,30.4,4.8,6.8,44.0,44.0,1.22,0.59,40.74,0.0,8.25,1.0,0.0,0.0,5.67,44.0,44.0,1.61,0.73,40.74,0.0,8.25,1.0,0.0,0.0,5.67,133.0,44.33,0.32,-0.54,30.87,4.11,11.22,3.0,0.0,0.0,6.22,0.98,0.47,30.1,6.3,8.2
Cade Cavalli,SP,T,1183.0,36.97,32.0,0.0,0.0,169.7,5.3,3.02,0.43,0.11,27.4,6.8,8.1,,,,,,,,,,,,40.0,40.0,0.62,0.74,25.64,0.0,8.22,1.0,0.0,0.0,5.0,132.75,44.25,1.37,1.02,31.01,3.03,6.25,3.0,0.0,0.0,5.67,0.99,0.91,27.9,6.8,7.2
Nolan McLean,SP,T,1178.5,38.02,31.0,0.0,0.0,179.7,5.8,3.16,0.23,0.6,23.6,9.4,6.3,47.0,47.0,-0.27,0.05,17.95,4.0,9.76,1.0,0.0,0.0,7.0,81.5,40.75,-0.58,0.09,13.92,7.69,7.93,2.0,0.0,0.0,6.5,145.25,36.31,0.04,0.69,17.65,8.74,5.14,4.0,0.0,0.0,6.0,0.72,0.45,28.4,8.5,7.3
Parker Messick,SP,T,1171.5,36.61,32.0,0.0,0.0,186.3,5.8,2.56,0.77,0.97,25.5,6.6,6.8,11.25,11.25,0.42,1.15,17.14,6.25,1.56,1.0,0.0,0.0,3.0,88.0,29.33,0.44,0.93,21.05,3.23,4.88,3.0,0.0,0.0,4.67,167.5,33.5,0.31,0.53,22.17,5.45,6.98,5.0,0.0,0.0,5.07,1.07,1.39,26.0,3.6,7.7
Reid Detmers,RP,T,1170.0,36.56,32.0,0.0,0.0,185.0,5.8,3.36,0.81,0.31,29.1,6.5,7.9,54.0,54.0,0.04,-0.1,26.19,9.09,8.14,1.0,0.0,0.0,6.0,74.5,37.25,0.49,0.38,27.16,4.65,7.78,2.0,0.0,0.0,5.5,234.5,46.9,0.63,0.51,26.25,3.51,7.82,5.0,0.0,0.0,6.0,1.05,0.06,32.7,9.4,7.6
Drew Rasmussen,SP,T,1158.75,38.62,30.0,0.0,0.0,172.0,5.7,2.67,0.27,0.35,25.1,4.8,8.5,,,,,,,,,,,,96.5,48.25,0.36,0.07,28.41,11.36,5.79,2.0,0.0,0.0,5.83,180.75,45.19,0.33,0.36,23.76,5.26,7.65,4.0,0.0,0.0,6.42,-0.24,0.31,22.2,6.3,8.5
Logan Gilbert,SP,T,1154.5,36.08,32.0,0.0,0.0,186.0,5.8,3.73,1.36,0.74,30.7,6.5,7.2,35.75,35.75,1.43,0.52,46.15,7.69,4.92,1.0,0.0,0.0,4.0,43.75,21.88,0.94,0.41,33.82,8.11,5.48,2.0,0.0,0.0,4.0,171.0,34.2,1.6,0.57,37.27,7.89,5.9,5.0,0.0,0.0,5.13,1.14,0.15,32.9,5.8,9.0
Zack Wheeler,SP,T,1152.5,41.16,28.0,0.0,0.0,162.0,5.8,3.0,2.15,1.79,30.9,7.3,5.2,45.75,45.75,0.18,0.92,15.52,0.0,6.19,1.0,0.0,0.0,6.0,139.0,46.33,0.71,0.82,26.22,2.82,5.88,3.0,0.0,0.0,6.22,249.0,49.8,1.25,1.02,29.52,4.96,5.47,5.0,0.0,0.0,6.33,1.93,1.52,31.5,5.6,6.6
Taj Bradley,SP,T,1151.5,37.15,31.0,0.0,0.0,178.3,5.7,3.73,-0.17,-0.72,27.4,10.2,8.1,,,,,,,,,,,,97.0,48.5,0.21,-0.35,30.3,7.84,10.89,2.0,0.0,0.0,6.5,231.5,46.3,-0.27,-1.0,27.35,10.74,10.21,5.0,0.0,0.0,6.2,-0.12,0.2,23.6,9.3,7.4
Sandy Alcantara,SP,T,1136.25,31.56,36.0,3.0,0.0,214.0,5.9,3.87,-0.22,0.47,21.1,6.6,7.6,32.75,16.38,,,25.0,0.0,4.55,2.0,2.0,0.0,1.0,61.25,15.31,-0.43,-0.3,20.0,5.26,12.12,4.0,3.0,0.0,2.25,93.5,13.36,-0.44,-0.1,18.14,8.04,8.14,7.0,3.0,0.0,3.48,-0.43,0.3,20.9,7.7,7.9
Tarik Skubal,SP,T,1109.75,42.68,26.0,0.0,0.0,158.7,6.1,2.72,1.74,1.07,31.7,4.4,7.5,66.25,66.25,1.81,1.05,46.51,0.0,5.33,1.0,0.0,0.0,7.0,87.75,43.88,1.11,0.56,34.83,4.17,6.83,2.0,0.0,0.0,6.0,226.5,45.3,0.94,0.68,28.51,4.8,6.71,5.0,0.0,0.0,6.4,1.56,0.82,32.5,4.4,8.4
Sonny Gray,SP,T,1096.5,37.81,29.0,0.0,0.0,169.0,5.8,2.72,0.32,0.82,23.1,6.7,7.0,41.75,41.75,-0.49,0.11,12.82,4.55,9.09,1.0,0.0,0.0,6.0,79.25,39.62,-0.14,-0.04,21.88,8.51,8.33,2.0,0.0,0.0,6.17,166.75,41.69,0.05,0.37,20.33,9.18,6.08,4.0,0.0,0.0,6.33,1.44,1.61,27.5,5.0,6.7
Michael Wacha,SP,FA,1092.5,34.14,32.0,0.0,0.0,200.7,6.3,3.32,-0.71,-0.3,21.6,6.7,8.8,31.25,31.25,-0.89,-0.67,15.22,3.85,14.44,1.0,0.0,0.0,6.33,57.25,28.62,-0.82,-0.56,16.81,9.62,11.27,2.0,0.0,0.0,6.0,153.25,30.65,-0.84,-0.97,20.24,9.52,10.57,5.0,0.0,0.0,6.0,-0.25,0.47,21.3,6.3,8.2
Paul Skenes,SP,T,1088.25,34.01,32.0,0.0,0.0,174.3,5.4,3.82,1.29,1.14,28.2,6.9,6.4,47.75,47.75,1.04,0.88,33.33,8.7,2.08,1.0,0.0,0.0,6.33,75.0,37.5,0.84,0.34,32.98,6.38,7.03,2.0,0.0,0.0,6.17,152.75,30.55,0.51,0.4,25.55,6.78,6.9,5.0,0.0,0.0,5.87,1.52,1.22,30.1,5.7,7.1
Eduardo Rodriguez,SP,T,1082.25,33.82,32.0,0.0,0.0,189.7,5.9,2.89,0.43,1.21,21.9,7.9,5.9,36.75,36.75,0.34,1.2,15.0,0.0,4.35,1.0,0.0,0.0,6.0,49.5,24.75,-0.28,0.35,15.93,7.69,6.15,2.0,0.0,0.0,5.67,138.25,27.65,0.27,0.46,22.26,7.87,6.29,5.0,0.0,0.0,5.53,0.35,0.97,23.0,8.6,6.3
Chase Burns,SP,T,1077.0,37.14,29.0,0.0,0.0,154.3,5.3,2.86,1.35,0.47,32.0,8.9,6.7,,,,,,,,,,,,15.5,15.5,-0.08,-0.34,25.81,13.33,7.46,1.0,0.0,0.0,3.0,58.0,19.33,1.37,-0.01,39.13,15.79,4.79,3.0,0.0,0.0,3.0,1.02,0.17,31.9,8.5,7.8
Michael King,SP,T,1064.5,33.27,32.0,0.0,0.0,185.0,5.8,3.21,0.44,0.71,24.5,9.2,6.2,,,,,,,,,,,,58.75,29.38,-0.16,0.05,20.69,8.7,7.57,2.0,0.0,0.0,5.0,192.0,38.4,0.16,0.52,20.48,8.26,5.92,5.0,0.0,0.0,5.8,0.38,0.47,25.8,8.4,7.3
Jacob deGrom,SP,T,1054.75,34.02,31.0,0.0,0.0,162.7,5.2,4.2,2.19,1.39,33.2,6.9,6.0,6.25,6.25,-0.58,-0.71,22.0,13.04,10.11,1.0,0.0,0.0,4.0,15.0,7.5,-0.41,-0.28,20.21,15.22,5.85,2.0,0.0,0.0,4.17,221.25,36.88,1.12,0.84,29.41,7.03,5.28,6.0,0.0,0.0,5.39,1.53,1.22,30.2,5.5,7.2
Sean Burke,SP,T,1052.5,32.89,32.0,0.0,0.0,172.3,5.4,3.34,0.18,0.14,25.5,8.7,7.3,41.75,41.75,0.44,0.63,24.53,4.76,5.62,1.0,0.0,0.0,5.33,86.75,43.38,-0.14,0.0,21.43,8.51,8.02,2.0,0.0,0.0,5.67,153.5,30.7,-0.36,-0.41,21.6,11.54,7.85,5.0,0.0,0.0,4.67,-0.65,-0.83,25.1,10.6,8.7
Luis Garcia,SP,FA,1050.0,7.14,,,,,,,,,,,,,,,,,,,,,,,,,,,,,,,,,,,,,,,,,,,,,,,,,
Bryan Woo,SP,T,1045.25,34.84,30.0,0.0,0.0,173.0,5.8,4.01,0.74,0.99,25.2,5.5,7.2,27.5,27.5,0.56,0.25,32.08,11.54,4.72,1.0,0.0,0.0,5.33,46.75,23.38,0.57,0.5,27.27,7.55,5.21,2.0,0.0,0.0,5.33,212.25,42.45,0.47,0.54,23.97,6.98,6.34,5.0,0.0,0.0,6.13,0.48,0.53,26.2,4.9,8.7
Braxton Ashcraft,RP,T,1040.0,37.14,28.0,0.0,0.0,165.3,5.9,3.65,0.81,1.0,25.6,5.2,7.3,,,,,,,,,,,,,,,,,,,,,,,31.25,31.25,,,26.67,0.0,13.43,1.0,0.0,0.0,5.0,-0.37,-0.64,26.2,8.2,9.4
Mason Miller,RP,T,1036.75,15.71,66.0,38.0,0.0,70.0,1.1,1.67,3.27,0.48,45.3,9.6,6.4,29.25,9.75,0.7,-0.02,38.46,17.65,3.39,3.0,1.0,0.0,1.0,43.5,8.7,0.87,0.11,35.71,11.54,5.43,5.0,1.0,0.0,1.13,175.75,15.98,1.99,0.5,42.55,11.32,4.78,11.0,6.0,0.0,1.15,2.12,-0.89,45.2,12.0,8.2
Shota Imanaga,SP,T,1031.25,32.23,32.0,0.0,0.0,174.3,5.4,3.77,1.89,1.62,30.0,5.2,6.3,9.75,9.75,,,75.0,0.0,8.33,1.0,0.0,0.0,1.0,97.75,32.58,1.05,0.71,32.46,0.0,8.37,3.0,0.0,0.0,4.0,181.25,36.25,1.28,0.8,31.63,2.22,7.3,5.0,0.0,0.0,4.8,0.7,1.16,24.6,4.6,7.7
Foster Griffin,SP,T,1028.75,33.19,31.0,0.0,0.0,172.7,5.6,3.6,0.29,0.75,23.2,6.2,7.3,40.5,40.5,-0.11,-0.19,24.44,0.0,13.25,1.0,0.0,0.0,6.0,40.5,40.5,0.06,0.01,24.44,0.0,13.25,1.0,0.0,0.0,6.0,87.0,21.75,-0.25,-0.29,21.94,6.59,9.38,4.0,0.0,0.0,4.58,,,,,
Cade Smith,RP,T,1019.75,14.78,69.0,41.0,1.0,74.0,1.1,1.95,1.94,0.8,34.5,7.8,6.6,32.0,16.0,,,30.0,0.0,10.0,2.0,1.0,1.0,0.83,117.5,19.58,1.12,0.65,34.09,4.76,5.88,6.0,5.0,1.0,1.06,202.75,18.43,1.27,0.99,30.11,4.55,5.75,11.0,6.0,1.0,1.18,1.97,1.03,34.3,6.3,7.2
Kevin Gausman,SP,T,1007.5,31.48,32.0,0.0,0.0,177.7,5.5,4.51,1.23,1.17,27.7,6.3,6.6,32.25,32.25,0.8,0.15,38.18,4.35,8.91,1.0,0.0,0.0,5.67,32.25,32.25,1.12,0.25,38.18,4.35,8.91,1.0,0.0,0.0,5.67,136.0,34.0,0.95,0.48,30.29,4.21,7.65,4.0,0.0,0.0,5.58,0.83,0.98,26.4,6.5,7.2
Jose Soriano,SP,T,996.0,31.12,32.0,0.0,0.0,177.3,5.5,3.91,0.83,0.44,28.6,9.8,6.4,3.0,3.0,-0.32,-0.07,18.52,0.0,12.5,1.0,0.0,0.0,3.0,28.75,14.38,0.46,0.34,27.27,2.56,9.38,2.0,0.0,0.0,4.0,105.25,21.05,-0.35,-0.07,18.97,5.22,9.14,5.0,0.0,0.0,5.2,-0.03,-0.32,27.0,10.8,7.7
Payton Tolle,RP,T,981.25,37.74,26.0,0.0,0.0,148.7,5.7,3.03,0.67,0.34,27.9,6.6,7.8,,,,,,,,,,,,25.5,25.5,0.47,0.81,22.73,7.14,3.3,1.0,0.0,0.0,5.67,163.25,40.81,0.82,0.58,27.94,5.1,6.95,4.0,0.0,0.0,5.83,-1.5,-2.98,30.1,10.8,12.5
Trevor Rogers,SP,T,955.75,31.86,30.0,0.0,0.0,169.7,5.6,4.03,0.12,0.28,24.4,5.6,8.3,20.75,20.75,0.58,0.46,29.73,0.0,9.09,1.0,0.0,0.0,4.0,77.75,38.88,0.94,0.69,31.03,2.27,7.14,2.0,0.0,0.0,6.0,206.75,41.35,0.91,0.97,25.87,1.67,6.94,5.0,0.0,0.0,6.4,0.29,0.39,25.6,6.9,8.1
Louis Varland,RP,T,954.5,13.44,71.0,35.0,5.0,78.0,1.1,1.27,1.08,0.62,29.4,7.5,7.0,21.0,21.0,,,57.14,0.0,0.0,1.0,1.0,0.0,1.0,44.5,14.83,,,38.1,10.0,2.44,3.0,2.0,0.0,1.0,100.75,11.19,0.52,0.3,26.58,12.5,5.03,9.0,4.0,0.0,1.04,0.1,-0.18,27.1,7.4,8.9
Tanner Bibee,SP,T,946.5,28.68,33.0,0.0,0.0,188.0,5.7,4.36,0.01,0.28,23.6,7.1,7.7,44.0,44.0,0.56,0.57,27.66,4.0,6.38,1.0,0.0,0.0,6.0,49.0,24.5,0.19,0.67,19.8,2.0,7.41,2.0,0.0,0.0,5.33,114.5,22.9,-0.25,-0.1,20.48,7.76,8.26,5.0,0.0,0.0,5.13,0.0,0.34,23.8,7.1,8.1
Aaron Nola,SP,T,944.0,28.61,33.0,0.0,0.0,175.3,5.3,4.67,1.09,1.09,27.1,7.9,6.1,24.75,12.38,0.07,0.48,19.23,3.33,7.34,2.0,0.0,0.0,3.5,72.25,24.08,0.03,0.2,22.09,7.41,7.37,3.0,0.0,0.0,4.67,174.0,29.0,0.23,0.68,20.08,7.81,5.53,6.0,0.0,0.0,5.39,1.78,2.54,25.2,6.9,4.2
Eury Perez,SP,T,938.0,31.27,30.0,0.0,0.0,159.0,5.3,3.91,0.34,-0.25,28.6,10.3,7.3,68.5,68.5,0.35,0.57,23.44,3.45,6.67,1.0,0.0,0.0,9.0,92.75,30.92,0.31,0.51,23.33,6.9,5.56,3.0,0.0,0.0,4.89,134.0,22.33,0.12,0.12,23.19,9.23,6.92,6.0,0.0,0.0,4.72,-0.08,-0.67,28.4,8.3,9.4
Noah Cameron,SP,T,935.5,30.18,31.0,0.0,0.0,177.3,5.7,4.11,0.29,0.24,25.8,7.8,7.5,9.25,9.25,-1.16,-0.47,6.98,14.29,7.92,1.0,0.0,0.0,5.0,35.0,17.5,-0.69,-0.25,15.62,11.11,8.21,2.0,0.0,0.0,5.5,142.0,28.4,-0.15,-0.01,20.92,8.26,7.74,5.0,0.0,0.0,5.6,0.57,0.58,26.6,7.7,7.4
Nick Martinez,SP,T,931.75,30.06,31.0,0.0,0.0,180.0,5.8,3.1,-0.18,1.26,17.4,3.6,7.5,-1.0,-1.0,-0.8,-0.48,14.29,6.25,12.0,1.0,0.0,0.0,2.67,65.25,21.75,-0.37,0.35,14.53,3.39,8.8,3.0,0.0,0.0,4.56,140.0,28.0,-0.1,0.41,18.27,3.85,8.02,5.0,0.0,0.0,5.27,-0.69,0.13,19.9,6.1,8.9
Joey Cantillo,RP,FA,923.75,27.99,33.0,0.0,0.0,159.0,4.8,3.62,0.37,-0.3,29.1,11.8,6.8,34.25,34.25,0.32,0.48,24.24,10.53,3.75,1.0,0.0,0.0,5.0,74.5,37.25,-0.11,0.14,20.55,7.89,7.45,2.0,0.0,0.0,5.5,135.25,27.05,-0.22,-0.1,20.83,11.22,6.91,5.0,0.0,0.0,4.53,0.01,-0.81,29.7,10.5,8.7
MacKenzie Gore,SP,T,921.25,27.1,34.0,0.0,0.0,173.0,5.1,4.58,-0.05,-0.05,24.9,9.5,7.3,4.5,4.5,-0.94,0.39,0.0,11.11,4.0,1.0,0.0,0.0,2.33,27.0,9.0,-1.25,-0.06,5.19,10.87,7.02,3.0,0.0,0.0,3.78,64.0,10.67,-0.94,0.1,10.64,13.51,5.31,6.0,0.0,0.0,3.94,0.57,-0.02,29.7,9.3,7.8
Robbie Ray,SP,T,913.0,29.45,31.0,0.0,0.0,165.7,5.3,3.59,-0.13,-0.1,24.6,12.0,6.4,12.0,12.0,-0.15,0.87,9.52,5.88,3.57,1.0,0.0,0.0,3.33,56.75,28.38,-0.58,0.18,13.1,7.32,7.56,2.0,0.0,0.0,4.67,78.5,19.62,-0.78,-0.64,18.44,13.75,7.78,4.0,0.0,0.0,4.17,0.35,0.05,27.8,9.7,7.5
George Kirby,SP,T,910.0,30.33,30.0,0.0,0.0,174.7,5.8,4.33,0.12,0.67,22.5,6.3,7.4,19.75,19.75,-0.1,-0.11,23.53,13.04,6.25,1.0,0.0,0.0,5.0,41.25,20.62,-0.05,-0.47,27.47,17.39,5.82,2.0,0.0,0.0,4.67,105.25,21.05,-0.14,-0.07,21.52,10.4,7.13,5.0,0.0,0.0,5.4,1.04,1.22,26.7,5.5,7.2
Shane Baz,SP,T,900.5,29.05,31.0,0.0,0.0,179.7,5.8,4.11,-0.31,0.27,21.5,8.2,7.3,,,,,,,,,,,,26.0,26.0,-1.1,-0.0,6.98,11.11,6.45,1.0,0.0,0.0,6.67,103.5,25.88,-0.62,0.47,11.46,8.0,6.18,4.0,0.0,0.0,5.67,-0.44,-0.67,25.8,9.0,9.1
Ian Seymour,RP,T,899.5,19.14,47.0,2.0,10.0,132.7,2.8,4.21,0.32,-0.44,29.4,6.5,9.1,24.75,12.38,1.16,1.36,29.41,0.0,3.33,2.0,0.0,0.0,2.67,42.5,14.17,0.39,0.91,20.48,4.76,4.08,3.0,0.0,0.0,3.44,148.25,24.71,1.16,1.17,27.27,3.81,5.4,6.0,0.0,0.0,4.28,0.04,-0.24,27.0,7.9,8.8
Will Warren,SP,T,897.75,28.05,32.0,0.0,1.0,156.0,4.9,3.92,-0.28,0.07,22.7,8.0,7.7,39.25,39.25,1.79,1.3,42.86,0.0,3.7,1.0,0.0,0.0,3.67,54.0,27.0,0.78,0.55,30.0,8.33,4.38,2.0,0.0,0.0,4.0,148.5,29.7,0.48,0.61,23.6,8.79,5.4,5.0,0.0,0.0,4.4,0.17,0.41,24.6,9.1,7.1
Framber Valdez,SP,T,895.75,28.9,31.0,0.0,0.0,174.0,5.6,4.03,-0.64,-0.01,20.6,8.8,7.5,26.25,26.25,0.33,0.28,27.03,13.64,3.45,1.0,0.0,0.0,5.33,55.5,27.75,0.35,-0.44,33.33,15.56,6.78,2.0,0.0,0.0,5.17,138.5,34.62,0.13,0.2,22.62,10.64,6.09,4.0,0.0,0.0,5.83,0.63,0.67,26.6,8.5,6.9
Walbert Urena,SP,T,886.5,30.57,29.0,0.0,1.0,148.3,5.1,2.97,0.46,0.1,27.7,10.9,6.5,3.0,3.0,-0.14,-0.05,21.95,5.0,9.88,1.0,0.0,0.0,4.0,58.0,29.0,1.11,0.72,33.33,2.22,6.98,2.0,0.0,0.0,5.5,184.0,36.8,1.11,0.92,28.69,3.2,6.51,5.0,0.0,0.0,6.4,,,,,
Joe Ryan,SP,T,879.0,32.56,27.0,0.0,0.0,144.7,5.3,3.79,0.69,0.8,25.8,5.0,7.7,52.75,52.75,0.36,0.52,24.49,3.85,6.8,1.0,0.0,0.0,6.0,76.75,38.38,0.82,0.64,29.7,4.0,6.44,2.0,0.0,0.0,5.5,105.75,26.44,0.88,0.7,27.65,4.4,6.82,4.0,0.0,0.0,4.75,0.33,0.34,26.1,5.7,8.7
Freddy Peralta,SP,T,875.0,27.34,32.0,0.0,0.0,169.0,5.3,4.42,0.64,0.67,26.1,8.6,6.5,34.25,34.25,-0.65,-0.36,15.69,13.64,7.53,1.0,0.0,0.0,5.33,65.75,32.88,-0.42,-0.29,20.0,11.11,8.42,2.0,0.0,0.0,5.5,188.75,37.75,-0.03,0.4,19.21,8.26,6.33,5.0,0.0,0.0,5.6,1.26,0.85,30.1,9.1,6.3
Peter Lambert,SP,FA,872.25,30.08,29.0,0.0,0.0,155.7,5.4,3.82,0.31,0.34,25.4,8.9,6.9,24.5,12.25,-0.03,0.3,19.57,8.7,5.83,2.0,0.0,0.0,2.33,50.75,16.92,0.44,0.67,23.6,6.38,4.74,3.0,0.0,0.0,3.33,142.5,23.75,0.19,0.61,20.17,6.56,6.29,6.0,0.0,0.0,4.61,,,,,
Logan Webb,SP,T,867.0,32.11,27.0,0.0,0.0,160.7,5.9,4.31,0.6,1.53,21.5,6.1,6.1,,,,,,,,,,,,,,,,,,,,,,,54.75,18.25,0.26,-0.19,27.27,7.69,8.59,3.0,0.0,0.0,4.33,0.86,1.35,24.7,5.4,7.0
Bryan Baker,RP,T,862.25,13.27,65.0,41.0,2.0,62.3,1.0,1.44,0.37,0.07,27.2,9.0,7.3,15.0,15.0,,,14.29,0.0,9.09,1.0,1.0,0.0,1.0,31.0,10.33,-0.1,0.61,16.0,8.33,3.92,3.0,1.0,0.0,1.0,77.5,8.61,-0.77,-0.2,15.0,14.71,5.88,9.0,2.0,0.0,0.93,-0.01,-0.72,29.1,6.2,10.4
Brandon Young,SP,FA,856.25,30.58,28.0,0.0,0.0,156.7,5.6,3.56,-0.11,-0.02,24.3,9.1,7.4,27.75,27.75,0.81,0.08,39.39,15.79,3.66,1.0,0.0,0.0,5.0,73.25,36.62,0.6,-0.34,36.0,14.63,6.63,2.0,0.0,0.0,5.5,143.75,28.75,0.3,-0.42,29.61,13.16,7.24,5.0,0.0,0.0,5.27,-0.28,0.37,21.6,8.6,7.4
Nathan Eovaldi,SP,T,847.25,31.38,27.0,0.0,1.0,145.7,5.4,4.2,1.67,1.44,29.4,5.7,6.4,18.5,18.5,-0.23,0.58,11.76,11.11,2.82,1.0,0.0,0.0,4.33,41.25,10.31,-0.24,0.47,15.38,6.67,5.95,4.0,0.0,1.0,2.58,52.25,10.45,-0.05,0.82,15.69,5.17,6.1,5.0,0.0,1.0,2.6,1.36,1.47,27.7,4.2,7.3
Ranger Suarez,SP,T,841.0,30.04,28.0,0.0,0.0,148.3,5.3,3.22,0.34,1.12,21.7,7.5,6.2,25.0,25.0,-0.68,0.2,7.69,5.26,8.14,1.0,0.0,0.0,5.0,61.0,30.5,-0.9,-0.26,12.5,13.95,6.52,2.0,0.0,0.0,5.33,163.25,40.81,-0.21,0.55,15.82,7.29,6.2,4.0,0.0,0.0,6.17,0.76,1.7,22.2,5.8,6.2
Landen Roupp,SP,FA,837.75,28.89,29.0,0.0,0.0,155.0,5.3,4.01,0.67,1.04,24.4,11.4,4.8,,,,,,,,,,,,,,,,,,,,,,,79.5,26.5,-0.14,0.22,19.23,14.52,4.51,3.0,0.0,0.0,5.11,0.54,0.81,25.2,9.5,6.2
David Bednar,RP,T,836.0,13.06,64.0,35.0,0.0,69.3,1.1,2.47,1.99,1.59,30.8,7.1,5.6,11.25,5.62,-0.03,-0.2,26.32,22.22,2.27,2.0,0.0,0.0,1.0,34.0,8.5,0.43,0.32,27.03,10.0,4.94,4.0,1.0,0.0,1.25,106.75,10.68,1.01,1.06,26.37,4.35,5.59,10.0,4.0,0.0,1.1,0.94,0.22,31.1,7.6,8.1
Kyle Bradish,SP,FA,816.5,28.16,29.0,0.0,0.0,155.0,5.3,4.12,-0.1,0.14,23.6,10.5,6.6,,,,,,,,,,,,,,,,,,,,,,,39.0,13.0,-1.7,-1.8,16.53,13.56,11.86,3.0,0.0,0.0,4.0,1.4,0.15,34.8,7.9,8.1
Michael McGreevy,SP,T,815.0,26.29,31.0,0.0,0.0,168.7,5.4,3.95,0.14,1.17,20.1,6.8,6.4,9.25,9.25,-0.82,-0.61,15.79,8.0,11.96,1.0,0.0,0.0,4.67,18.75,9.38,-0.42,-0.05,17.72,6.82,9.44,2.0,0.0,0.0,4.33,126.5,25.3,0.45,0.51,24.02,8.62,5.81,5.0,0.0,0.0,5.27,-0.4,0.67,19.2,5.0,8.4
Dustin May,SP,FA,812.0,26.19,31.0,0.0,0.0,145.7,4.7,4.7,-0.03,0.35,23.0,8.1,7.2,19.0,19.0,-1.21,-1.41,18.52,7.69,17.24,1.0,0.0,0.0,3.0,37.5,12.5,-0.48,-0.45,20.78,10.81,9.76,3.0,0.0,0.0,2.44,109.5,21.9,0.33,0.02,26.49,6.76,8.22,5.0,0.0,0.0,3.4,-1.12,-0.48,20.0,9.6,8.5
Seth Lugo,SP,FA,806.5,25.2,32.0,0.0,0.0,172.3,5.4,5.17,-0.99,-0.11,18.7,7.2,8.3,9.25,9.25,-0.07,0.8,12.0,0.0,6.94,1.0,0.0,0.0,3.33,27.0,13.5,-0.03,0.34,19.7,2.38,9.46,2.0,0.0,0.0,4.17,74.25,18.56,-0.97,-0.81,17.48,5.62,11.54,4.0,0.0,0.0,4.58,-0.89,-0.28,20.6,9.0,8.4
Justin Wrobleski,RP,T,802.0,28.64,28.0,0.0,0.0,140.0,5.0,3.66,-0.43,0.26,20.7,5.4,8.4,16.75,8.38,0.32,0.86,19.05,0.0,6.52,2.0,0.0,0.0,1.33,45.5,11.38,0.86,1.22,24.49,0.0,4.85,4.0,0.0,0.0,1.67,83.75,11.96,0.22,0.23,23.48,4.84,8.26,7.0,0.0,0.0,1.95,-0.75,-0.86,24.6,6.1,10.7
Tyler Mahle,SP,T,795.0,29.44,27.0,0.0,0.0,149.0,5.5,3.99,0.87,1.62,22.9,7.5,5.4,15.0,15.0,-0.35,0.14,15.15,9.09,6.59,1.0,0.0,0.0,5.0,64.0,32.0,0.16,0.7,18.99,6.82,4.23,2.0,0.0,0.0,5.5,140.25,35.06,0.41,1.01,19.65,4.3,5.79,4.0,0.0,0.0,6.0,0.65,1.35,23.2,8.4,5.7
Bryce Elder,SP,FA,794.75,30.57,26.0,0.0,0.0,149.0,5.7,4.11,0.06,0.76,21.6,7.7,6.7,,,,,,,,,,,,,,,,,,,,,,,10.25,10.25,-1.45,-0.81,11.76,11.11,9.41,1.0,0.0,0.0,5.33,0.35,1.07,22.5,7.5,6.6
Gerrit Cole,SP,T,794.0,36.09,22.0,0.0,0.0,127.0,5.8,3.61,-0.14,0.53,21.3,4.8,8.2,43.5,43.5,-0.56,-0.18,15.22,13.04,6.67,1.0,0.0,0.0,5.67,90.5,45.25,-0.28,0.44,14.94,6.67,6.15,2.0,0.0,0.0,5.83,150.5,30.1,-0.4,0.38,14.86,3.39,8.3,5.0,0.0,0.0,5.67,,,,,
Ryan Weathers,SP,T,785.0,31.4,25.0,0.0,0.0,137.3,5.5,3.6,1.29,1.38,27.0,6.7,6.1,,,,,,,,,,,,,,,,,,,,,,,,,,,,,,,,,,0.21,-0.35,28.8,7.2,9.3
Andre Pallante,SP,FA,784.5,27.05,29.0,0.0,0.0,162.0,5.6,3.83,-0.33,0.34,21.0,7.4,7.5,10.25,10.25,0.66,1.4,18.75,4.0,1.1,1.0,0.0,0.0,5.0,37.0,18.5,0.19,0.91,17.44,6.0,3.33,2.0,0.0,0.0,5.5,79.75,15.95,-0.13,0.58,16.58,7.76,5.92,5.0,0.0,0.0,5.2,-0.56,-0.15,22.3,8.7,8.3
Jhoan Duran,RP,T,784.25,12.86,61.0,33.0,0.0,59.3,1.0,1.82,2.66,1.55,35.7,4.2,6.8,15.0,7.5,2.37,1.88,46.67,0.0,0.0,2.0,0.0,0.0,1.0,75.25,15.05,1.56,1.09,36.36,5.56,2.33,5.0,3.0,0.0,1.0,129.0,12.9,1.99,1.23,36.78,2.63,5.66,10.0,5.0,0.0,1.0,1.27,0.73,30.8,6.6,7.6
Andrew Abbott,SP,FA,782.75,24.46,32.0,0.0,0.0,166.0,5.2,4.61,-0.25,0.16,22.4,10.4,6.6,41.25,41.25,0.56,0.82,24.44,3.57,5.0,1.0,0.0,0.0,7.0,66.25,33.12,0.29,0.27,25.32,12.0,4.04,2.0,0.0,0.0,5.83,78.25,19.56,0.38,0.77,21.09,7.5,5.35,4.0,0.0,0.0,4.42,0.68,1.25,24.0,6.3,6.8
Grant Holmes,SP,FA,782.5,25.24,31.0,0.0,0.0,151.7,4.9,3.44,0.57,0.34,27.3,9.7,6.6,9.5,9.5,-0.0,-0.07,25.0,17.65,3.7,1.0,0.0,0.0,4.0,49.5,24.75,0.61,0.66,26.39,7.32,4.26,2.0,0.0,0.0,5.0,110.5,22.1,0.83,0.69,27.16,7.78,5.5,5.0,0.0,0.0,4.6,0.64,0.07,29.7,11.0,6.9
Emerson Hancock,SP,T,780.5,31.22,25.0,0.0,0.0,138.7,5.5,3.57,0.22,0.56,23.7,5.7,7.8,,,,,,,,,,,,,,,,,,,,,,,,,,,,,,,,,,-0.54,0.26,20.3,8.1,7.8
Kyle Leahy,RP,T,773.0,25.77,30.0,0.0,0.0,140.0,4.7,3.66,-0.31,0.02,22.7,6.9,8.2,12.25,12.25,1.14,0.62,38.89,0.0,8.11,1.0,0.0,0.0,2.0,8.25,4.12,-0.42,-0.73,24.44,11.54,11.22,2.0,0.0,0.0,2.5,43.25,10.81,-0.06,0.08,21.35,5.88,8.38,4.0,0.0,0.0,2.67,-0.67,-0.47,23.1,7.7,9.3
Keider Montero,SP,FA,771.75,24.12,32.0,1.0,0.0,155.0,4.8,3.48,-0.75,0.27,18.4,5.9,8.2,,,,,,,,,,,,50.5,25.25,-0.32,0.13,17.46,9.09,6.8,2.0,0.0,0.0,4.0,73.25,18.31,-0.68,-0.19,16.03,8.57,8.25,4.0,0.0,0.0,4.0,-0.59,0.29,19.8,8.0,7.8
Matthew Liberatore,SP,FA,766.0,24.71,31.0,0.0,0.0,155.0,5.0,5.23,-0.06,0.14,23.9,8.2,7.5,39.5,39.5,0.59,0.53,28.95,0.0,8.64,1.0,0.0,0.0,5.67,67.25,33.62,-0.15,0.02,21.13,6.38,9.2,2.0,0.0,0.0,5.83,88.5,22.12,-0.35,-0.65,23.57,9.3,9.54,4.0,0.0,0.0,5.08,-0.19,0.77,20.2,6.2,7.7
Davis Martin,SP,FA,763.0,26.31,29.0,0.0,0.0,146.0,5.0,3.95,-0.18,0.06,23.4,7.5,7.9,-2.0,-2.0,-0.45,-0.48,21.43,14.29,8.0,1.0,0.0,0.0,0.67,27.75,13.88,0.16,-0.52,31.11,12.0,9.47,2.0,0.0,0.0,2.5,77.5,15.5,-0.65,-0.51,18.92,8.05,9.55,5.0,0.0,0.0,4.2,-0.42,0.18,21.6,8.0,8.0
Sean Manaea,SP,T,763.0,23.12,33.0,0.0,0.0,150.7,4.6,4.78,-0.3,0.13,22.2,6.7,8.1,13.0,13.0,-0.06,0.65,14.29,3.85,6.0,1.0,0.0,0.0,6.0,68.75,34.38,0.12,0.32,22.33,5.77,7.54,2.0,0.0,0.0,6.0,131.5,26.3,-0.44,-0.08,18.06,3.33,9.93,5.0,0.0,0.0,5.6,-0.06,-0.34,26.8,4.6,10.4
J.T. Ginn,SP,FA,762.75,28.25,27.0,0.0,0.0,138.3,5.1,3.71,0.65,0.56,26.7,9.8,6.2,,,,,,,,,,,,,,,,,,,,,,,,,,,,,,,,,,1.5,1.47,28.7,7.9,5.7
Aroldis Chapman,RP,T,760.5,14.35,53.0,35.0,0.0,51.7,1.0,1.92,0.87,0.13,30.4,10.8,6.5,24.0,24.0,,,55.56,0.0,0.0,1.0,1.0,0.0,1.0,24.0,24.0,,,55.56,0.0,0.0,1.0,1.0,0.0,1.0,122.5,17.5,1.47,0.88,33.33,11.11,3.57,7.0,5.0,0.0,1.0,1.77,0.46,35.8,6.6,8.1
Walker Buehler,SP,FA,760.25,23.76,32.0,0.0,0.0,153.7,4.8,4.63,-1.06,-0.38,19.5,8.8,8.1,12.5,12.5,0.26,0.59,21.43,5.56,5.48,1.0,0.0,0.0,3.67,59.25,29.62,-0.32,0.3,15.71,7.14,6.79,2.0,0.0,0.0,5.17,113.75,22.75,-0.44,0.05,17.05,8.51,7.44,5.0,0.0,0.0,4.47,-1.16,-0.39,19.2,10.6,7.9
Anthony Kay,SP,T,758.75,22.99,33.0,0.0,0.0,158.0,4.8,4.44,0.42,0.9,23.4,7.9,6.4,31.25,31.25,0.61,-0.06,37.21,9.52,7.69,1.0,0.0,0.0,5.0,65.25,21.75,0.61,0.39,28.97,8.62,5.26,3.0,0.0,0.0,4.33,97.0,16.17,0.45,0.71,22.48,7.38,5.59,6.0,0.0,0.0,4.33,,,,,
Mason Montgomery,RP,T,758.75,10.84,70.0,18.0,9.0,68.7,1.0,2.88,0.2,-1.21,32.5,9.4,9.2,37.75,12.58,1.47,0.96,40.91,0.0,5.88,3.0,2.0,0.0,0.89,94.75,15.79,1.07,-0.18,41.67,12.0,7.14,6.0,5.0,0.0,1.0,212.5,16.35,0.25,-0.44,29.13,7.84,9.39,13.0,11.0,0.0,1.0,0.33,-1.54,35.8,12.9,9.0
David Peterson,SP,FA,755.5,23.61,32.0,1.0,1.0,148.3,4.6,4.79,0.08,0.56,22.7,9.8,6.2,31.75,31.75,0.27,0.2,26.83,10.53,5.49,1.0,0.0,0.0,5.0,83.75,41.88,0.41,0.52,24.71,7.32,5.17,2.0,0.0,0.0,5.5,162.25,32.45,-0.09,-0.06,22.11,12.15,6.39,5.0,0.0,0.0,5.0,0.26,0.66,24.0,9.0,6.7
Kyle Harrison,SP,T,755.0,26.96,28.0,0.0,1.0,115.7,4.1,4.2,0.67,0.35,27.9,7.1,7.6,26.0,26.0,2.17,1.34,50.0,0.0,3.45,1.0,0.0,0.0,2.0,35.25,8.81,0.38,0.39,25.49,10.0,4.42,4.0,0.0,1.0,1.25,35.0,5.0,-0.16,0.03,20.53,10.98,6.54,7.0,0.0,1.0,1.76,0.01,-0.06,25.9,9.0,8.0
Bubba Chandler,SP,T,754.0,24.32,31.0,0.0,0.0,154.0,5.0,4.62,-0.82,-0.58,22.2,11.9,7.2,-2.0,-2.0,-0.51,-0.97,26.67,23.53,6.49,1.0,0.0,0.0,2.67,19.75,9.88,-0.02,-0.03,23.61,13.16,5.39,2.0,0.0,0.0,3.33,116.5,23.3,-0.33,0.03,18.42,11.43,6.36,5.0,0.0,0.0,4.6,3.25,3.59,30.3,3.2,3.9
Adrian Morejon,RP,FA,753.25,9.91,76.0,3.0,28.0,86.0,1.1,2.83,1.06,-0.37,34.2,8.0,8.4,24.0,8.0,0.01,-0.46,30.43,14.29,7.89,3.0,0.0,1.0,1.11,41.5,8.3,0.35,-0.87,37.5,21.05,6.35,5.0,0.0,2.0,0.87,116.0,8.92,0.19,-1.15,34.07,13.73,9.55,13.0,1.0,6.0,0.92,-1.02,-1.09,23.8,5.9,11.2
Trevor Megill,RP,T,751.75,11.93,63.0,30.0,7.0,61.7,1.0,2.63,-0.15,-1.3,30.5,6.2,10.6,23.75,11.88,,,13.33,0.0,13.64,2.0,1.0,0.0,1.0,68.75,13.75,-0.82,-0.36,14.71,0.0,15.79,5.0,3.0,0.0,1.0,115.75,11.58,-1.5,-1.84,19.28,2.56,16.31,10.0,5.0,0.0,0.93,0.72,-0.15,31.4,8.9,8.2
Riley OBrien,RP,T,745.5,11.3,66.0,38.0,1.0,64.0,1.0,4.08,0.18,-0.11,26.8,10.5,7.0,,,,,,,,,,,,22.0,7.33,,,18.75,8.33,11.76,3.0,1.0,0.0,1.0,75.75,7.58,0.8,-0.07,32.84,14.63,5.48,10.0,4.0,0.0,0.93,0.06,0.27,24.6,11.1,6.5
Tanner Scott,RP,T,743.25,10.77,69.0,25.0,13.0,63.7,0.9,2.69,2.09,0.8,35.5,6.0,7.3,41.75,20.88,0.9,-0.2,45.0,0.0,13.33,2.0,2.0,0.0,1.0,71.5,17.88,0.4,-0.55,35.14,7.14,12.7,4.0,3.0,1.0,1.0,117.25,11.72,1.17,-0.25,38.64,7.89,8.72,10.0,5.0,1.0,0.87,0.98,0.59,29.5,7.2,7.6
Aaron Ashby,RP,FA,738.75,9.85,75.0,4.0,15.0,89.3,1.2,3.12,1.0,-0.03,32.1,10.7,6.8,36.0,18.0,1.8,1.35,42.31,0.0,3.39,2.0,1.0,0.0,2.0,52.25,13.06,1.29,0.63,36.84,4.55,6.12,4.0,2.0,0.0,1.5,101.5,8.46,1.21,0.89,30.11,7.14,5.08,12.0,2.0,2.0,1.19,0.34,0.18,27.0,8.9,7.6
Kumar Rocker,SP,T,732.5,24.42,30.0,0.0,0.0,148.0,4.9,4.38,0.35,0.26,26.1,9.5,6.8,31.75,31.75,0.71,0.46,32.35,10.53,3.85,1.0,0.0,0.0,5.0,47.5,23.75,0.28,0.4,23.94,10.81,3.87,2.0,0.0,0.0,4.67,77.75,19.44,0.49,0.6,23.81,7.89,5.78,4.0,0.0,0.0,4.58,-0.12,-0.04,24.9,8.0,8.4
Max Meyer,SP,T,724.5,36.22,20.0,0.0,0.0,111.0,5.6,2.68,0.72,0.28,28.6,8.9,7.0,,,,,,,,,,,,,,,,,,,,,,,,,,,,,,,,,,0.17,-0.14,27.4,7.0,9.0
Raisel Iglesias,RP,T,722.25,12.24,59.0,34.0,0.0,60.0,1.0,2.55,1.42,0.97,30.0,7.1,6.6,14.75,7.38,,,30.77,0.0,4.35,2.0,0.0,0.0,1.0,44.75,11.19,,,40.74,0.0,6.25,4.0,1.0,0.0,1.0,119.75,13.31,1.29,0.73,32.35,3.12,7.2,9.0,5.0,0.0,1.0,1.08,0.45,30.9,6.4,8.2
Shane Drohan,SP,FA,719.75,21.81,33.0,2.0,3.0,124.7,3.8,4.19,0.28,-0.07,27.3,8.3,7.8,33.75,16.88,-0.29,-0.13,20.0,11.11,7.35,2.0,1.0,0.0,2.17,52.0,13.0,0.05,-0.06,25.0,11.11,6.86,4.0,1.0,1.0,1.67,76.5,12.75,0.13,-0.16,25.45,11.29,7.08,6.0,1.0,1.0,2.39,,,,,
Grant Taylor,RP,T,717.0,11.95,60.0,10.0,11.0,84.0,1.4,2.25,0.79,0.22,29.4,8.9,7.1,21.0,21.0,,,40.0,0.0,0.0,1.0,0.0,1.0,2.0,57.75,19.25,0.62,0.45,28.57,10.0,4.0,3.0,2.0,1.0,1.89,91.25,11.41,1.04,0.49,31.25,11.11,4.9,8.0,2.0,1.0,1.62,-0.21,-1.31,30.7,9.6,10.0
Merrill Kelly,SP,FA,713.0,24.59,29.0,0.0,0.0,162.0,5.6,4.94,0.53,1.41,21.6,9.9,4.8,24.75,24.75,-0.11,0.71,12.5,4.76,5.13,1.0,0.0,0.0,5.33,55.5,27.75,-0.2,0.37,16.84,6.82,6.51,2.0,0.0,0.0,5.0,102.5,25.62,-0.1,0.71,15.93,6.82,5.83,4.0,0.0,0.0,5.08,0.48,0.95,24.1,6.4,7.3
Andres Munoz,RP,T,701.5,11.5,61.0,28.0,1.0,57.3,0.9,4.24,2.6,0.7,39.6,10.0,5.9,,,,,,,,,,,,30.75,10.25,,,19.05,10.0,8.33,3.0,1.0,1.0,0.78,97.25,9.72,1.06,-0.03,35.62,11.11,6.72,10.0,4.0,1.0,0.9,1.82,0.4,36.5,11.0,6.3
Michael Soroka,SP,FA,696.5,31.66,22.0,0.0,0.0,116.0,5.3,3.41,0.68,1.34,23.0,6.1,6.4,18.75,18.75,-0.17,0.45,14.71,10.53,3.9,1.0,0.0,0.0,4.67,80.0,40.0,0.21,0.46,22.22,6.82,5.88,2.0,0.0,0.0,5.83,125.25,31.31,0.65,0.75,24.49,6.41,5.84,4.0,0.0,0.0,5.17,-0.51,-0.36,23.7,7.7,9.1
Martin Perez,SP,FA,692.75,23.09,30.0,0.0,0.0,142.0,4.7,3.04,-0.04,0.72,21.1,10.4,5.7,,,,,,,,,,,,15.0,15.0,-0.1,0.34,18.75,9.52,5.06,1.0,0.0,0.0,4.33,95.5,23.88,-0.25,0.67,14.38,12.37,3.78,4.0,0.0,0.0,5.25,0.2,1.18,20.9,9.6,5.5
Zebby Matthews,SP,FA,692.0,30.09,23.0,0.0,0.0,130.3,5.7,4.9,-0.19,0.2,22.7,7.2,7.8,,,,,,,,,,,,77.0,38.5,0.56,0.43,27.84,4.44,7.61,2.0,0.0,0.0,5.5,92.25,23.06,0.21,0.36,22.36,8.97,6.19,4.0,0.0,0.0,4.58,0.14,-0.2,27.5,6.8,9.2
Chad Patrick,SP,FA,690.75,12.12,57.0,6.0,11.0,106.0,1.9,3.4,-0.04,-0.27,26.1,10.9,7.1,-4.25,-2.12,-1.43,-0.83,6.25,30.0,2.38,2.0,0.0,0.0,0.83,31.0,6.2,-1.48,-1.07,11.76,26.09,4.6,5.0,1.0,1.0,0.93,85.25,8.52,-0.53,-0.88,23.29,21.57,5.56,10.0,1.0,1.0,1.1,0.05,0.45,23.5,8.0,7.5
Logan Henderson,SP,T,688.25,38.24,18.0,0.0,0.0,98.3,5.4,2.47,-0.08,-0.41,26.5,5.1,9.6,28.25,28.25,-0.38,-0.08,17.5,13.64,5.75,1.0,0.0,0.0,5.0,59.5,29.75,-0.26,0.03,19.35,9.09,7.47,2.0,0.0,0.0,5.0,143.0,35.75,0.22,0.33,22.73,5.81,7.55,4.0,0.0,0.0,5.5,1.24,1.31,27.6,8.1,5.9
Hogan Harris,RP,FA,683.0,9.23,74.0,17.0,13.0,70.3,0.9,3.33,-1.64,-2.34,25.3,13.5,9.4,23.5,11.75,-0.27,0.08,17.65,16.67,3.23,2.0,1.0,0.0,1.0,43.5,10.88,-0.17,-0.02,21.21,14.29,4.62,4.0,2.0,0.0,0.92,118.25,9.85,0.1,0.48,20.0,11.11,4.93,12.0,4.0,1.0,1.0,-1.53,-1.64,23.0,11.9,9.6
Brent Headrick,RP,T,682.25,8.42,81.0,0.0,29.0,78.3,1.0,2.18,0.66,-0.44,31.8,8.3,8.4,7.0,3.5,-1.52,-1.74,16.67,25.0,10.71,2.0,0.0,0.0,0.67,20.25,4.05,-0.44,-0.89,25.81,15.79,9.72,5.0,0.0,0.0,0.8,88.0,8.0,0.21,-0.38,28.21,14.63,6.55,11.0,0.0,6.0,0.88,1.0,-0.28,34.1,7.6,9.0
Brady Singer,SP,FA,680.5,21.95,31.0,0.0,0.0,157.0,5.1,5.85,0.46,0.85,23.9,8.6,6.2,-0.25,-0.25,-1.12,-0.72,11.11,11.11,11.11,1.0,0.0,0.0,3.0,-9.5,-4.75,-0.95,-0.35,12.7,14.29,6.92,2.0,0.0,0.0,3.17,29.25,5.85,-0.88,-0.77,18.18,14.91,7.76,5.0,0.0,0.0,3.93,0.13,0.47,24.0,8.4,7.3
Hunter Brown,SP,T,680.0,34.0,20.0,0.0,0.0,107.3,5.4,3.19,0.32,0.1,26.7,12.2,6.0,22.5,22.5,-0.89,-0.67,15.0,16.67,8.0,1.0,0.0,0.0,5.33,66.25,33.12,-0.32,-0.65,25.27,13.33,9.6,2.0,0.0,0.0,5.17,191.25,38.25,0.63,0.24,28.37,9.91,6.25,5.0,0.0,0.0,5.27,0.96,0.89,27.8,7.8,6.8
Brandon Pfaadt,SP,T,668.75,23.06,29.0,0.0,2.0,136.0,4.7,3.77,0.06,0.81,21.3,5.7,7.4,41.25,41.25,0.3,0.94,17.65,6.45,2.8,1.0,0.0,0.0,7.67,60.0,30.0,0.24,0.79,19.51,6.12,4.09,2.0,0.0,0.0,6.0,136.75,27.35,0.66,1.12,21.7,4.58,5.29,5.0,0.0,0.0,6.2,0.0,0.67,22.1,4.8,8.5
Roki Sasaki,SP,T,665.75,25.61,26.0,0.0,1.0,122.3,4.7,4.49,0.6,-0.1,29.7,9.2,7.5,24.0,12.0,-0.16,0.21,18.18,0.0,10.71,2.0,0.0,1.0,1.0,32.5,10.83,,,22.73,0.0,8.33,3.0,0.0,1.0,1.0,32.5,10.83,,,22.73,0.0,8.33,3.0,0.0,1.0,1.0,-1.21,-1.02,22.1,13.7,7.7
Casey Mize,SP,T,665.75,25.61,26.0,0.0,0.0,131.3,5.0,4.32,0.21,0.65,23.2,6.9,7.2,-3.25,-3.25,-0.81,-0.15,9.68,9.09,8.45,1.0,0.0,0.0,4.0,-0.75,-0.38,-0.92,-0.54,15.0,17.5,6.21,2.0,0.0,0.0,3.5,59.0,11.8,-0.22,0.21,18.33,10.58,6.08,5.0,0.0,0.0,4.33,0.33,0.73,24.1,5.7,8.0
Matthew Boyd,SP,FA,660.75,30.03,22.0,0.0,0.0,126.7,5.7,3.91,-0.03,0.5,22.3,7.5,7.2,42.25,42.25,-0.61,-0.43,17.65,7.41,11.11,1.0,0.0,0.0,7.0,74.25,37.12,-0.18,0.07,20.22,8.7,7.45,2.0,0.0,0.0,6.0,144.25,28.85,-0.04,0.24,20.36,7.56,7.17,5.0,0.0,0.0,5.93,-0.07,0.37,23.1,5.8,8.6
Emmet Sheehan,SP,T,656.0,28.52,23.0,0.0,0.0,112.3,4.9,4.57,1.13,0.25,31.6,7.0,7.8,,,,,,,,,,,,42.5,42.5,0.33,-0.28,31.37,5.56,11.83,1.0,0.0,0.0,5.33,134.75,44.92,0.58,-0.11,30.43,5.0,9.38,3.0,0.0,0.0,5.67,2.38,1.88,32.9,7.6,5.1
Tomoyuki Sugano,SP,FA,652.25,22.49,29.0,0.0,0.0,154.3,5.3,5.37,-0.2,0.8,19.6,5.5,7.5,23.5,23.5,0.54,0.67,26.09,0.0,7.78,1.0,0.0,0.0,6.67,48.75,24.38,0.45,0.52,25.3,4.76,6.79,2.0,0.0,0.0,5.83,103.0,20.6,0.38,0.64,22.17,6.03,6.38,5.0,0.0,0.0,5.73,0.13,1.54,18.5,5.3,6.7
Randy Vasquez,SP,FA,651.5,20.36,32.0,0.0,2.0,140.7,4.4,3.9,-1.13,-0.39,19.1,6.3,9.1,29.25,29.25,-0.88,-0.64,15.0,0.0,16.18,1.0,0.0,0.0,6.0,40.5,20.25,-0.38,0.12,16.67,0.0,12.5,2.0,0.0,0.0,4.0,83.0,13.83,-0.76,-0.26,15.65,4.23,10.2,6.0,0.0,1.0,2.94,-2.15,-1.08,15.7,9.1,9.8
Jeff Hoffman,RP,FA,651.25,9.17,71.0,6.0,22.0,66.0,0.9,3.55,1.69,-0.25,38.0,10.3,7.3,,,,,,,,,,,,46.0,11.5,0.68,-1.09,44.83,26.67,4.41,4.0,1.0,2.0,0.83,120.5,12.05,2.26,0.42,46.38,14.29,3.9,10.0,1.0,6.0,0.93,1.02,0.23,31.6,9.4,7.3
Gregory Soto,RP,FA,650.5,9.43,69.0,16.0,13.0,67.0,1.0,3.63,0.58,0.34,27.3,10.2,6.4,13.5,6.75,-0.0,0.81,13.33,0.0,6.9,2.0,0.0,1.0,0.83,56.75,11.35,0.04,0.54,18.92,5.56,6.17,5.0,2.0,1.0,0.87,78.25,7.82,-0.26,-0.2,21.21,12.5,6.75,10.0,2.0,3.0,0.8,0.52,-0.13,29.9,8.6,8.3
Shane McClanahan,SP,T,649.0,27.04,24.0,0.0,0.0,118.0,4.9,3.36,-0.01,-0.37,26.8,8.0,8.4,,,,,,,,,,,,,,,,,,,,,,,12.25,12.25,,,14.29,4.76,11.11,1.0,0.0,0.0,5.0,,,,,
Troy Melton,RP,T,648.75,32.44,20.0,0.0,0.0,114.3,5.7,2.76,0.11,0.46,23.4,7.9,7.1,,,,,,,,,,,,11.25,11.25,-1.01,-0.36,11.76,15.79,6.02,1.0,0.0,0.0,3.67,60.25,15.06,-0.78,-0.25,15.29,10.23,7.8,4.0,0.0,0.0,4.33,-1.11,-1.11,23.3,8.3,10.2
Connor Prielipp,SP,FA,648.5,27.02,24.0,0.0,0.0,125.7,5.2,4.87,-0.23,-0.05,23.6,8.2,7.8,19.5,19.5,-0.95,-1.06,19.05,9.09,14.29,1.0,0.0,0.0,5.33,79.5,39.75,-0.14,-0.03,21.69,8.51,8.24,2.0,0.0,0.0,6.17,158.0,31.6,-0.13,0.17,19.8,4.76,8.51,5.0,0.0,0.0,5.33,,,,,
Christian Scott,SP,T,648.0,28.17,23.0,0.0,0.0,110.0,4.8,3.85,0.36,0.1,27.0,9.9,6.9,,,,,,,,,,,,27.25,27.25,0.24,0.03,26.83,4.76,10.13,1.0,0.0,0.0,4.67,97.0,32.33,0.76,0.58,27.2,4.84,7.05,3.0,0.0,0.0,5.11,,,,,
Colin Rea,SP,FA,647.5,19.04,34.0,2.0,0.0,137.0,4.0,4.34,-0.43,0.44,19.8,8.0,7.1,23.75,11.88,1.09,1.41,27.27,0.0,3.03,2.0,1.0,0.0,1.5,26.75,8.92,,,23.08,0.0,4.88,3.0,1.0,0.0,1.33,55.0,7.86,0.31,0.74,20.51,4.88,6.49,7.0,1.0,0.0,1.48,-0.36,0.18,22.0,6.6,8.6
Max Fried,SP,T,645.0,32.25,20.0,0.0,0.0,112.7,5.6,2.8,0.39,0.54,25.0,7.6,7.1,,,,,,,,,,,,20.0,20.0,0.01,0.52,18.6,7.41,5.15,1.0,0.0,0.0,6.67,125.5,31.38,0.72,1.06,22.98,5.75,5.04,4.0,0.0,0.0,5.67,0.63,0.67,26.6,6.4,7.8
Jared Jones,SP,T,636.5,30.31,21.0,0.0,0.0,101.7,4.8,3.72,1.59,0.69,32.6,7.5,6.9,26.75,26.75,1.18,1.6,26.67,0.0,1.82,1.0,0.0,0.0,4.0,124.5,41.5,0.93,0.71,30.71,1.72,7.33,3.0,0.0,0.0,5.33,244.75,48.95,1.64,1.05,34.08,3.88,5.81,5.0,0.0,0.0,5.8,,,,,
Jack Perkins,RP,FA,630.0,17.03,37.0,3.0,2.0,121.0,3.3,6.1,0.49,0.22,27.3,9.4,6.9,26.0,26.0,1.01,-0.01,44.68,13.64,5.32,1.0,0.0,0.0,5.0,58.75,29.38,0.75,0.24,32.58,6.82,7.47,2.0,0.0,0.0,5.5,143.5,28.7,0.46,0.26,26.11,8.33,6.78,5.0,0.0,0.0,5.13,0.51,-0.59,32.2,11.2,8.0
Griffin Jax,RP,T,629.0,18.5,34.0,0.0,2.0,112.3,3.3,3.53,1.15,0.6,30.0,7.6,7.0,11.5,11.5,0.25,0.08,28.0,0.0,11.54,1.0,0.0,0.0,3.0,48.25,24.12,0.67,0.39,29.82,6.9,6.35,2.0,0.0,0.0,4.0,104.75,20.95,0.45,0.49,24.16,6.17,6.83,5.0,0.0,0.0,4.13,1.84,0.27,37.3,7.4,8.1
Kevin Kelly,RP,FA,629.0,8.86,71.0,4.0,33.0,73.7,1.0,2.44,0.4,0.75,24.0,3.9,8.2,12.0,12.0,,,60.0,0.0,11.11,1.0,0.0,1.0,1.0,46.75,9.35,2.06,1.43,40.62,0.0,3.39,5.0,0.0,3.0,0.93,82.0,6.83,2.01,1.5,34.94,0.0,5.77,12.0,0.0,5.0,0.83,-1.48,-1.22,21.2,5.3,11.7
Carmen Mlodzinski,RP,FA,626.75,16.94,37.0,2.0,7.0,123.0,3.3,3.95,-0.35,0.33,20.9,8.2,7.2,25.25,25.25,-0.33,-0.69,26.67,16.67,8.16,1.0,0.0,1.0,2.33,38.75,12.92,-0.57,-0.7,22.0,14.71,9.09,3.0,0.0,1.0,2.44,85.0,12.14,-0.95,-1.1,20.0,14.04,9.26,7.0,0.0,4.0,2.0,0.17,0.73,23.0,6.4,7.7
Yoendrys Gomez,RP,T,620.75,9.55,65.0,22.0,7.0,67.0,1.0,4.3,-0.18,-0.49,26.2,13.1,6.6,25.0,12.5,0.76,0.46,33.33,0.0,9.09,2.0,0.0,0.0,1.33,22.5,4.5,0.33,-0.72,35.71,18.18,7.07,5.0,0.0,1.0,0.8,67.0,6.7,0.69,-0.3,33.33,16.67,5.45,10.0,2.0,1.0,0.9,-0.43,-0.28,23.9,9.7,8.1
Josh Hader,RP,T,620.5,13.79,45.0,26.0,0.0,44.7,1.0,1.01,1.42,0.13,34.2,9.0,7.2,-1.5,-1.5,-1.3,-1.94,23.81,44.44,2.27,1.0,0.0,0.0,1.33,1.5,0.75,-0.87,-1.3,23.33,33.33,1.72,2.0,0.0,0.0,1.17,97.75,12.22,0.79,0.73,26.32,12.12,3.68,8.0,5.0,0.0,1.04,2.58,0.67,40.5,7.8,7.2
Jake Bennett,SP,T,619.75,30.99,20.0,0.0,0.0,113.3,5.7,3.65,0.51,0.96,23.7,4.6,7.6,13.0,13.0,-0.43,0.12,13.79,7.14,7.69,1.0,0.0,0.0,3.67,39.75,19.88,-0.1,0.42,17.86,5.41,7.05,2.0,0.0,0.0,4.17,85.0,21.25,0.1,0.84,17.26,3.66,6.62,4.0,0.0,0.0,4.92,,,,,
Andrew Alvarez,SP,FA,617.5,24.7,25.0,1.0,2.0,112.7,4.5,3.43,0.21,0.0,26.4,10.8,6.7,22.5,22.5,0.17,-0.22,30.43,13.04,6.93,1.0,0.0,0.0,4.67,71.0,35.5,0.73,0.25,32.18,8.7,6.22,2.0,0.0,0.0,5.33,143.25,35.81,0.37,-0.12,28.05,10.99,7.07,4.0,0.0,0.0,5.5,-0.32,0.21,22.2,10.2,7.0
Drew Anderson,SP,FA,615.75,12.57,49.0,2.0,6.0,108.0,2.2,3.67,0.32,0.05,27.0,9.6,7.1,,,,,,,,,,,,31.75,31.75,0.46,0.5,25.71,0.0,9.86,1.0,0.0,0.0,6.0,112.25,28.06,0.22,0.4,22.16,9.2,5.97,4.0,0.0,0.0,5.5,,,,,
Bailey Ober,SP,FA,612.5,24.5,25.0,1.0,0.0,131.0,5.2,4.47,-0.7,-0.03,20.3,6.6,8.4,13.25,13.25,0.37,0.49,25.0,3.85,6.98,1.0,0.0,0.0,5.0,43.0,21.5,0.48,0.69,24.14,2.78,6.84,2.0,1.0,0.0,4.0,82.5,20.62,0.22,0.54,21.05,7.14,6.29,4.0,1.0,0.0,4.42,0.49,0.95,24.1,5.0,7.9
Didier Fuentes,SP,T,610.75,10.53,58.0,3.0,18.0,73.3,1.3,2.45,0.49,-0.4,30.4,7.1,8.8,-2.25,-2.25,0.97,1.28,26.67,0.0,3.85,1.0,0.0,0.0,1.0,22.0,7.33,0.9,0.08,36.36,5.56,9.3,3.0,0.0,1.0,1.33,104.75,11.64,0.44,-0.11,28.83,4.0,9.77,9.0,0.0,3.0,1.44,-0.3,-0.1,23.9,8.7,8.2
Tyler Phillips,RP,FA,610.5,16.5,37.0,2.0,0.0,126.7,3.4,3.34,0.1,-0.15,26.4,10.4,7.1,16.25,16.25,-0.06,-0.49,29.41,22.22,4.11,1.0,0.0,0.0,4.0,35.5,17.75,0.07,-0.22,26.79,16.13,4.88,2.0,0.0,0.0,3.83,109.0,21.8,0.33,0.31,24.18,13.1,4.76,5.0,0.0,0.0,4.27,0.59,0.47,27.3,7.7,7.6
Erick Fedde,SP,FA,606.25,18.37,33.0,0.0,0.0,141.0,4.3,3.83,-0.31,0.92,18.2,8.6,6.1,12.5,12.5,-0.83,-0.05,8.0,15.38,4.69,1.0,0.0,0.0,2.67,41.0,20.5,-0.33,0.31,15.52,11.76,3.92,2.0,0.0,0.0,3.67,80.5,20.12,-0.05,0.73,16.28,9.46,4.73,4.0,0.0,0.0,4.42,-1.36,-0.44,18.0,10.8,7.9
Bryce Miller,SP,T,604.5,27.48,22.0,0.0,0.0,118.7,5.4,4.17,0.35,0.49,25.0,7.8,7.1,25.0,25.0,-0.46,-0.42,20.37,7.69,10.87,1.0,0.0,0.0,6.0,57.5,28.75,-0.25,0.14,18.37,8.33,7.18,2.0,0.0,0.0,5.67,118.0,23.6,-0.47,-0.31,19.55,11.93,7.35,5.0,0.0,0.0,4.93,-0.1,0.12,24.2,8.7,7.8
Jacob Lopez,SP,T,602.0,22.3,27.0,0.0,1.0,123.3,4.6,5.47,-0.12,0.02,24.1,10.5,6.8,43.0,43.0,0.11,0.51,19.51,9.09,4.26,1.0,0.0,0.0,6.0,29.5,14.75,0.01,0.65,17.39,5.0,5.73,2.0,0.0,0.0,4.33,97.25,19.45,-0.01,0.5,18.66,7.27,6.39,5.0,0.0,0.0,4.87,0.33,-0.08,28.3,9.3,7.9
Yohan Ramirez,RP,FA,600.75,9.1,66.0,2.0,9.0,85.0,1.3,2.86,0.08,-0.46,27.9,12.2,6.9,14.5,7.25,1.74,1.1,44.44,10.0,0.0,2.0,0.0,0.0,1.0,56.25,11.25,1.3,1.17,31.82,4.0,2.78,5.0,0.0,0.0,1.27,99.0,9.0,1.26,1.1,29.07,4.17,5.5,11.0,0.0,2.0,1.12,-0.86,-1.25,25.8,10.3,9.6
Cal Quantrill,SP,FA,600.5,18.77,32.0,0.0,0.0,110.0,3.4,2.86,0.19,1.34,19.6,5.6,6.6,,,,,,,,,,,,4.0,4.0,,,14.29,0.0,0.0,1.0,0.0,0.0,1.33,134.25,33.56,-0.27,0.36,16.67,4.0,8.15,4.0,0.0,0.0,5.08,-0.21,0.74,20.2,6.8,7.5
Dylan Lee,RP,FA,594.75,8.38,71.0,0.0,31.0,67.0,0.9,3.09,2.03,0.68,35.7,6.5,7.3,14.75,7.38,,,20.0,0.0,4.35,2.0,0.0,1.0,1.0,18.0,6.0,,,29.17,8.33,4.08,3.0,0.0,1.0,1.0,25.0,3.57,0.93,1.0,25.93,6.9,4.81,7.0,0.0,1.0,0.9,1.44,0.44,33.6,5.3,8.7
Rico Garcia,RP,FA,593.75,7.92,75.0,10.0,19.0,67.0,0.9,3.09,1.66,0.93,31.9,8.3,6.2,9.0,9.0,,,25.0,0.0,0.0,1.0,0.0,1.0,1.0,30.25,10.08,,,31.25,9.09,6.67,3.0,1.0,1.0,0.89,113.75,10.34,0.65,1.03,22.39,5.56,5.22,11.0,4.0,3.0,0.82,0.67,-0.08,30.7,7.0,8.9
Bryan Abreu,RP,FA,591.75,8.97,66.0,9.0,16.0,62.7,0.9,3.73,0.43,-1.16,33.8,15.3,6.8,21.25,10.62,0.03,0.53,17.65,11.11,3.12,2.0,1.0,0.0,1.17,30.25,7.56,0.1,0.45,20.69,7.14,5.77,4.0,1.0,1.0,0.83,116.75,9.73,0.11,-0.61,28.77,6.98,10.32,12.0,2.0,4.0,0.92,2.09,-0.14,41.2,10.5,7.5
Spencer Arrighetti,SP,FA,590.75,24.61,24.0,0.0,0.0,110.7,4.6,4.96,-0.09,-0.22,25.5,13.0,6.2,,,,,,,,,,,,16.0,16.0,,,27.78,18.18,2.33,1.0,0.0,0.0,2.33,65.25,13.05,-0.22,-0.27,22.13,14.08,6.35,5.0,0.0,0.0,3.07,-0.87,-1.58,27.4,12.8,9.1
Andrew Painter,SP,T,588.25,23.53,25.0,0.0,0.0,126.7,5.0,5.4,0.32,0.32,25.6,8.5,7.1,46.0,46.0,-0.37,-0.59,24.39,12.5,9.57,1.0,0.0,0.0,6.0,71.75,35.88,0.62,0.16,31.4,8.89,6.7,2.0,0.0,0.0,5.67,155.75,31.15,0.55,0.45,25.75,8.33,6.13,5.0,0.0,0.0,5.67,,,,,
Robert Gasser,SP,FA,587.5,27.98,21.0,0.0,0.0,109.3,5.2,3.87,-0.3,0.09,22.5,7.4,7.9,50.5,50.5,0.88,0.78,31.43,5.0,4.6,1.0,0.0,0.0,6.0,92.0,46.0,0.17,0.33,22.99,8.7,5.67,2.0,0.0,0.0,6.5,164.25,32.85,0.08,0.26,21.63,9.52,6.33,5.0,0.0,0.0,5.4,,,,,
Ryan Zeferjahn,RP,FA,586.75,9.03,65.0,7.0,14.0,69.7,1.1,3.88,-0.17,-1.63,32.0,12.9,8.5,15.0,15.0,,,40.0,0.0,11.11,1.0,1.0,0.0,1.0,40.0,10.0,0.5,0.3,28.21,6.67,7.14,4.0,1.0,1.0,0.92,91.5,9.15,0.05,-0.41,26.51,10.81,8.12,10.0,3.0,2.0,0.87,0.25,-0.59,30.3,13.3,7.1
Brock Burke,RP,FA,580.0,7.53,77.0,2.0,23.0,74.3,1.0,2.3,0.11,-0.58,28.7,12.7,6.9,8.75,8.75,,,16.67,0.0,0.0,1.0,0.0,1.0,1.0,41.0,10.25,-0.24,-0.01,20.0,6.67,9.26,4.0,0.0,4.0,1.0,96.0,10.67,0.16,0.49,20.69,5.88,6.96,9.0,0.0,7.0,1.0,-1.42,-1.57,23.4,7.0,11.6
A.J. Blubaugh,RP,FA,577.0,9.02,64.0,1.0,12.0,96.0,1.5,3.66,0.64,0.26,28.1,10.5,6.4,11.5,5.75,0.51,0.7,25.0,10.0,2.56,2.0,0.0,0.0,1.33,14.0,2.8,-0.59,-0.29,17.5,17.39,4.55,5.0,0.0,1.0,1.0,54.25,4.52,-0.69,-0.4,17.53,14.55,6.64,12.0,0.0,3.0,0.97,1.31,0.96,30.0,9.6,5.9
Tyler Wells,SP,T,575.75,10.1,57.0,6.0,15.0,72.0,1.3,2.38,1.34,0.74,30.6,6.5,7.2,,,,,,,,,,,,,,,,,,,,,,,74.25,14.85,0.82,0.8,26.09,8.7,4.76,5.0,1.0,1.0,1.33,-0.32,-0.03,23.4,2.4,10.8
Spencer Miles,SP,FA,575.75,11.75,49.0,2.0,4.0,95.7,1.9,2.63,-0.92,-0.04,18.8,6.4,8.5,6.25,6.25,-0.44,0.21,12.5,14.29,3.57,1.0,0.0,0.0,1.0,34.5,11.5,-0.53,0.39,11.76,6.9,6.36,3.0,0.0,0.0,2.0,99.5,14.21,-0.54,-0.18,17.65,7.69,8.57,7.0,1.0,0.0,1.76,,,,,
Rhett Lowder,SP,FA,575.25,19.84,29.0,0.0,0.0,133.3,4.6,5.74,-1.19,-0.38,18.6,9.3,7.9,38.75,38.75,-0.93,-0.21,8.11,9.09,8.86,1.0,0.0,0.0,6.0,42.5,21.25,-1.02,-0.44,12.5,12.5,8.63,2.0,0.0,0.0,4.5,65.0,13.0,-0.8,-0.24,15.06,12.5,6.9,5.0,0.0,0.0,4.27,,,,,
Connelly Early,SP,T,568.0,31.56,18.0,0.0,0.0,94.7,5.2,3.33,-0.21,0.01,23.5,8.5,7.6,11.75,11.75,-0.46,0.04,14.29,0.0,11.76,1.0,0.0,0.0,3.0,11.75,11.75,,,14.29,0.0,11.76,1.0,0.0,0.0,3.0,11.75,11.75,,,14.29,0.0,11.76,1.0,0.0,0.0,3.0,2.04,1.2,33.9,5.1,7.4
Abner Uribe,RP,FA,567.75,9.31,61.0,6.0,23.0,59.3,1.0,1.97,0.38,0.17,26.8,8.1,7.5,25.5,12.75,-0.36,-1.24,33.33,0.0,20.0,2.0,0.0,1.0,1.0,57.75,11.55,0.24,0.06,26.67,0.0,12.9,5.0,0.0,3.0,1.0,112.25,9.35,-0.21,-0.89,27.27,2.33,13.12,12.0,0.0,5.0,0.92,0.65,-0.36,32.0,9.1,8.5
Trey Yesavage,SP,T,560.25,28.01,20.0,0.0,0.0,97.7,4.9,3.69,0.95,0.28,30.2,11.7,5.9,10.25,10.25,-0.13,-1.07,35.71,11.11,13.33,1.0,0.0,0.0,2.0,23.0,11.5,0.45,-0.29,33.33,6.25,11.43,2.0,0.0,0.0,2.0,23.0,11.5,,,33.33,6.25,11.43,2.0,0.0,0.0,2.0,0.15,-1.71,35.4,11.3,10.0
Jeffrey Springs,SP,FA,556.75,19.2,29.0,0.0,0.0,142.7,4.9,6.18,0.07,0.51,22.9,9.0,6.6,14.5,14.5,0.2,0.15,26.19,5.56,8.33,1.0,0.0,0.0,4.33,20.75,10.38,-0.01,0.02,23.29,8.33,8.0,2.0,0.0,0.0,3.83,86.75,21.69,-0.18,0.06,20.0,8.54,7.38,4.0,0.0,0.0,4.92,0.54,0.66,26.0,7.6,7.3
Michael Petersen,RP,FA,556.5,8.56,65.0,1.0,25.0,65.7,1.0,3.02,0.42,-0.43,30.1,10.8,7.4,16.0,8.0,0.07,-0.59,33.33,11.11,10.26,2.0,0.0,0.0,1.0,35.0,8.75,0.58,0.36,28.85,10.0,4.65,4.0,0.0,0.0,1.08,91.25,10.14,1.11,0.68,30.59,7.89,5.52,9.0,0.0,3.0,1.04,0.4,0.85,24.0,8.9,6.4
Carlos Rodon,SP,T,551.75,34.48,16.0,0.0,0.0,84.3,5.3,2.67,0.25,-0.65,30.0,11.2,7.6,,,,,,,,,,,,98.5,49.25,0.78,0.59,29.67,6.0,5.56,2.0,0.0,0.0,7.0,195.25,48.81,0.69,0.56,26.52,7.53,6.05,4.0,0.0,0.0,6.33,1.29,0.86,30.3,9.3,6.2
Paul Sewald,RP,T,551.25,8.89,62.0,24.0,3.0,53.3,0.9,4.73,0.55,0.52,26.2,5.9,7.8,5.75,2.88,0.55,1.46,15.79,0.0,2.7,2.0,0.0,0.0,1.0,21.5,5.38,0.36,0.76,21.43,7.69,3.28,4.0,0.0,1.0,0.83,50.0,4.55,0.79,1.54,20.0,3.03,4.44,11.0,0.0,2.0,0.79,-0.56,-1.17,27.5,7.4,10.7
Slade Cecconi,SP,FA,550.75,19.67,28.0,0.0,0.0,121.0,4.3,4.91,-0.45,0.21,20.8,7.4,7.7,3.0,3.0,,,0.0,0.0,33.33,1.0,0.0,0.0,1.0,23.0,11.5,,,23.08,0.0,21.74,2.0,0.0,0.0,1.5,64.0,12.8,-0.81,-1.48,24.64,5.0,14.09,5.0,0.0,0.0,2.2,-0.37,0.07,22.5,5.9,9.1
Sean Newcomb,RP,FA,549.75,9.16,60.0,4.0,12.0,90.3,1.5,3.09,-0.21,-0.08,23.9,9.1,7.5,36.25,12.08,0.48,-0.35,38.46,6.67,10.94,3.0,0.0,1.0,1.44,17.5,3.5,0.0,-0.5,28.57,16.67,6.48,5.0,0.0,1.0,1.0,41.0,4.1,-0.03,0.14,21.26,11.86,5.84,10.0,0.0,1.0,1.23,-0.47,0.15,21.4,7.9,8.1
Emilio Pagan,RP,T,547.5,12.17,45.0,25.0,0.0,42.7,0.9,3.38,0.66,0.73,25.9,6.3,7.3,17.75,17.75,,,33.33,0.0,7.14,1.0,1.0,0.0,1.0,53.0,13.25,0.06,0.45,20.0,6.25,6.35,4.0,2.0,0.0,1.0,128.75,12.88,-0.02,0.76,16.44,5.41,6.21,10.0,6.0,0.0,0.93,0.79,0.38,29.2,8.1,7.6
Garrett Whitlock,RP,FA,544.25,10.08,54.0,4.0,26.0,52.3,1.0,1.72,1.56,0.86,31.5,4.5,7.8,8.5,8.5,,,0.0,25.0,5.0,1.0,0.0,1.0,1.0,25.5,8.5,-0.29,-0.41,23.33,16.67,5.88,3.0,1.0,1.0,0.89,97.5,12.19,1.47,0.47,36.51,7.41,6.42,8.0,2.0,4.0,0.92,1.35,0.46,32.8,8.2,7.4
Bradgley Rodriguez,RP,FA,542.75,7.98,68.0,2.0,17.0,74.0,1.1,2.19,0.98,0.34,30.1,6.6,7.8,40.0,20.0,0.38,0.18,29.41,13.33,4.23,2.0,0.0,1.0,2.0,57.75,14.44,0.57,0.27,29.55,9.52,5.56,4.0,0.0,2.0,1.5,120.0,10.91,1.45,1.02,32.0,4.08,5.82,11.0,0.0,6.0,1.18,,,,,
Janson Junk,SP,FA,542.0,20.85,26.0,0.0,1.0,123.7,4.7,4.22,-0.87,0.6,15.9,6.3,7.5,26.0,26.0,0.3,0.23,27.03,5.56,7.81,1.0,0.0,0.0,4.67,58.25,29.12,0.03,0.35,20.48,5.56,7.43,2.0,0.0,0.0,4.83,88.5,17.7,-0.17,0.57,16.11,5.68,6.76,5.0,0.0,0.0,4.13,-0.58,0.62,18.2,2.9,9.4
Mitch Keller,SP,FA,541.25,24.6,22.0,0.0,0.0,115.7,5.2,5.29,-0.79,-0.19,20.5,8.3,8.0,,,,,,,,,,,,,,,,,,,,,,,,,,,,,,,,,,-0.87,-0.25,20.6,6.8,9.3
Erik Sabrowski,RP,FA,539.75,9.0,60.0,1.0,28.0,48.3,0.8,2.61,-0.63,-2.03,30.8,15.3,8.2,26.5,13.25,-1.24,-0.07,0.0,12.5,6.25,2.0,0.0,2.0,1.0,51.75,12.94,-1.49,-1.34,14.29,25.0,7.14,4.0,0.0,4.0,0.92,86.5,9.61,-1.04,-0.74,16.07,14.71,7.75,9.0,0.0,5.0,1.0,0.36,-1.96,38.1,17.4,7.8
Gage Jump,SP,T,536.5,26.82,20.0,0.0,0.0,98.7,4.9,5.47,-0.68,-0.98,25.2,10.5,8.4,,,,,,,,,,,,,,,,,,,,,,,24.75,8.25,0.27,0.03,25.66,7.69,7.83,3.0,0.0,0.0,3.44,,,,,
Brayan Bello,SP,FA,535.25,20.59,26.0,1.0,0.0,116.3,4.5,4.33,0.61,0.88,24.8,7.2,6.7,16.75,16.75,0.46,0.29,29.63,6.67,6.9,1.0,0.0,0.0,4.0,78.5,39.25,0.53,0.76,24.1,2.27,6.62,2.0,0.0,0.0,6.0,130.75,26.15,0.63,1.0,22.35,5.68,5.26,5.0,0.0,0.0,4.33,-0.34,0.58,20.1,8.4,7.1
Aaron Civale,SP,FA,533.0,15.68,34.0,2.0,1.0,111.3,3.3,4.2,-0.23,0.53,20.7,7.1,7.3,2.0,2.0,0.36,1.18,15.79,9.09,0.0,1.0,0.0,0.0,2.33,20.75,5.19,-0.52,0.06,15.22,6.9,8.65,4.0,0.0,1.0,1.58,79.25,11.32,-0.64,-0.03,15.22,10.91,6.79,7.0,1.0,1.0,1.9,-0.16,0.49,21.8,7.6,7.6
Tyler Glasnow,SP,T,532.5,40.96,13.0,0.0,0.0,74.0,5.7,3.53,1.08,0.08,32.1,8.7,7.4,50.75,50.75,0.95,0.2,40.54,8.33,6.59,1.0,0.0,0.0,6.33,109.5,54.75,1.25,0.25,40.0,8.51,6.32,2.0,0.0,0.0,6.17,162.0,40.5,1.21,0.03,36.91,11.46,6.37,4.0,0.0,0.0,5.58,-0.09,-0.65,28.2,11.7,7.9
Juan Morillo,RP,FA,530.5,7.58,70.0,3.0,19.0,64.3,0.9,2.24,1.05,0.58,29.4,8.7,6.6,11.0,3.67,-0.35,0.21,14.29,0.0,10.71,3.0,0.0,1.0,0.56,34.75,6.95,0.08,0.41,20.69,5.56,7.02,5.0,0.0,1.0,0.8,96.0,7.38,0.26,0.32,23.23,10.0,5.91,13.0,1.0,2.0,0.85,-0.97,-1.56,26.6,13.2,8.9
Andrew Morris,SP,FA,528.75,8.26,64.0,5.0,24.0,73.7,1.1,4.4,0.41,0.96,23.0,8.4,6.1,22.0,11.0,0.91,-0.1,43.75,10.0,7.69,2.0,1.0,0.0,1.0,54.75,10.95,0.82,0.53,30.77,10.0,3.49,5.0,1.0,2.0,1.0,68.5,6.23,0.28,0.55,21.7,10.87,4.78,11.0,1.0,4.0,0.91,,,,,
Luis Medina,SP,FA,528.5,8.81,60.0,0.0,13.0,73.0,1.2,3.08,0.71,-0.49,32.4,12.3,6.9,16.0,8.0,0.6,-0.28,40.0,22.22,2.78,2.0,0.0,1.0,0.83,41.5,8.3,0.47,-0.48,35.48,14.29,7.79,5.0,0.0,1.0,0.93,112.75,9.4,1.07,-0.51,39.51,14.58,7.0,12.0,0.0,4.0,0.97,,,,,
Ryan Feltner,SP,FA,527.5,20.29,26.0,0.0,0.0,123.3,4.7,5.4,-0.63,-0.6,23.6,9.7,8.1,26.75,26.75,0.24,-0.25,32.26,11.76,7.81,1.0,0.0,0.0,3.67,36.0,18.0,-0.29,-0.24,21.54,10.0,8.8,2.0,0.0,0.0,3.33,104.0,20.8,-0.16,0.06,20.32,8.51,7.42,5.0,0.0,0.0,4.33,0.79,0.9,26.5,8.9,6.3
Steven Okert,RP,FA,526.75,7.75,68.0,0.0,21.0,67.7,1.0,2.13,1.31,0.64,30.9,5.4,7.8,,,,,,,,,,,,,,,,,,,,,,,14.75,14.75,,,44.44,0.0,0.0,1.0,0.0,1.0,1.0,0.9,-0.17,32.8,6.9,9.1
Tyler Rogers,RP,FA,526.25,7.11,74.0,4.0,33.0,71.0,1.0,1.77,-2.23,-1.0,14.5,7.5,9.6,11.75,11.75,,,12.5,0.0,15.38,1.0,0.0,1.0,1.0,13.25,3.31,,,10.0,0.0,12.5,4.0,0.0,1.0,0.83,57.25,5.72,-1.1,-0.16,10.77,2.78,10.4,10.0,0.0,4.0,0.93,-0.44,1.26,15.9,2.3,8.5
Jacob Webb,RP,FA,521.0,7.66,68.0,9.0,9.0,67.0,1.0,3.36,1.46,0.37,33.3,8.8,6.9,21.5,10.75,0.46,0.64,25.0,11.11,2.44,2.0,0.0,1.0,1.17,30.25,10.08,0.6,0.42,28.57,7.69,5.66,3.0,0.0,1.0,1.11,28.25,3.53,0.54,0.31,26.67,11.76,5.26,8.0,0.0,1.0,0.92,0.93,0.89,27.6,7.1,7.1
Paul Blackburn,RP,FA,520.75,8.4,62.0,1.0,11.0,85.0,1.4,1.69,0.18,0.68,22.8,9.8,6.0,6.0,3.0,-0.68,0.21,7.69,10.0,5.71,2.0,0.0,0.0,1.0,18.25,4.56,-0.41,0.37,13.79,10.53,4.29,4.0,0.0,0.0,1.08,45.0,5.0,-0.11,0.21,19.67,13.51,4.93,9.0,0.0,2.0,0.93,0.93,1.88,22.5,6.9,5.4
Clay Holmes,SP,T,520.75,28.93,18.0,0.0,0.0,101.3,5.6,3.29,-0.57,-0.17,21.9,10.0,7.3,16.0,16.0,-0.93,-0.89,17.24,15.0,10.26,1.0,0.0,0.0,4.33,28.0,14.0,-1.04,-1.13,19.12,18.6,9.66,2.0,0.0,0.0,4.83,111.75,22.35,-0.26,-0.58,24.21,14.66,7.22,5.0,0.0,0.0,5.13,-0.14,0.48,22.1,9.3,6.9
Kyle Freeland,SP,FA,520.5,20.02,26.0,0.0,0.0,135.3,5.2,6.65,0.18,0.81,22.2,4.7,7.8,6.25,6.25,0.48,0.88,22.22,0.0,6.45,1.0,0.0,0.0,4.0,6.75,3.38,-0.01,0.59,17.65,2.56,7.63,2.0,0.0,0.0,3.5,13.75,4.58,-0.24,0.42,16.49,1.69,8.84,3.0,0.0,0.0,3.67,-0.29,0.47,21.0,5.4,8.6
Hunter Gaddis,RP,FA,517.75,7.61,68.0,1.0,32.0,60.3,0.9,2.98,1.22,0.79,29.5,8.6,6.3,14.25,7.12,-0.85,0.12,5.26,11.11,5.71,2.0,0.0,1.0,1.0,53.5,8.92,0.27,1.11,16.67,4.0,3.19,6.0,0.0,4.0,0.94,114.0,8.14,0.89,1.31,23.01,5.45,4.29,14.0,0.0,5.0,1.0,1.51,0.8,32.2,7.7,7.0
Seranthony Dominguez,RP,FA,516.75,7.71,67.0,12.0,8.0,62.0,0.9,3.63,0.63,0.3,27.9,11.9,5.8,11.75,5.88,1.3,0.96,37.5,0.0,5.88,2.0,0.0,0.0,1.0,33.25,8.31,1.93,1.3,40.0,0.0,4.29,4.0,0.0,1.0,1.08,73.5,6.68,1.14,0.9,29.21,2.27,6.94,11.0,0.0,3.0,1.12,0.86,-0.32,33.3,13.8,6.4
Alex Vesia,RP,FA,516.5,7.17,72.0,3.0,20.0,58.0,0.8,2.64,0.31,-1.28,33.6,13.5,7.7,23.0,11.5,,,61.54,0.0,9.09,2.0,0.0,0.0,1.0,42.5,8.5,1.16,0.64,34.88,6.25,5.0,5.0,0.0,0.0,0.93,100.75,9.16,1.58,0.75,35.71,2.78,7.28,11.0,0.0,2.0,0.94,0.87,0.2,30.7,9.3,7.4
Kenley Jansen,RP,FA,512.25,10.24,50.0,22.0,1.0,45.0,0.9,3.2,-0.34,-0.8,26.6,12.8,7.2,24.0,12.0,,,30.0,0.0,13.64,2.0,1.0,0.0,1.0,42.0,14.0,,,30.77,0.0,15.62,3.0,2.0,0.0,1.0,111.25,11.12,-0.78,-1.26,23.33,9.38,11.63,10.0,5.0,0.0,0.93,-0.96,-1.39,25.8,8.1,10.8
Calvin Faucher,RP,FA,506.5,7.34,69.0,3.0,19.0,68.3,1.0,3.56,-0.48,-0.87,26.0,12.6,7.4,19.25,9.62,-0.53,0.01,13.33,11.11,6.45,2.0,0.0,2.0,1.0,30.25,7.56,-0.85,-0.49,15.62,11.11,9.86,4.0,0.0,2.0,1.0,90.25,8.2,-0.84,-0.75,18.52,10.87,9.29,11.0,1.0,5.0,0.97,0.07,0.45,23.7,9.4,6.9
Eduard Bazardo,RP,FA,505.5,6.92,73.0,1.0,26.0,67.3,0.9,4.01,-0.42,0.03,21.9,8.4,7.6,18.0,9.0,-0.89,-0.54,13.33,10.0,10.53,2.0,0.0,0.0,1.0,44.5,11.12,-0.41,-0.77,25.0,16.67,8.33,4.0,1.0,0.0,1.0,43.0,4.78,-0.4,-0.43,21.31,12.82,7.43,9.0,1.0,1.0,0.74,-1.78,-1.29,19.4,8.6,10.4
Mason Fluharty,RP,FA,503.5,6.07,83.0,1.0,20.0,62.7,0.7,3.3,0.39,-0.2,28.7,10.6,7.1,19.0,9.5,,,0.0,0.0,11.11,2.0,0.0,1.0,0.83,40.25,8.05,-0.37,-0.2,20.0,15.38,5.17,5.0,0.0,4.0,0.73,80.75,8.07,0.4,0.22,25.81,12.9,5.15,10.0,0.0,5.0,0.77,1.43,0.74,31.9,11.2,5.6
Luke Weaver,RP,FA,497.5,8.29,60.0,1.0,24.0,60.3,1.0,2.69,0.99,0.32,30.3,6.7,7.8,23.75,11.88,,,60.0,0.0,7.69,2.0,0.0,1.0,0.67,58.75,11.75,0.28,0.46,23.33,6.25,6.25,5.0,0.0,3.0,0.8,97.75,9.78,-0.11,-0.37,24.29,5.71,10.0,10.0,0.0,7.0,0.87,1.32,0.77,31.0,7.6,7.1
George Soriano,RP,FA,495.0,7.07,70.0,4.0,21.0,66.0,0.9,4.23,0.67,0.12,29.0,12.1,6.0,8.75,8.75,,,20.0,25.0,5.88,1.0,0.0,0.0,1.0,14.75,7.38,,,17.65,14.29,12.12,2.0,0.0,0.0,1.0,55.25,6.14,-0.54,-0.58,20.73,21.05,4.71,9.0,2.0,1.0,0.78,-0.64,-0.98,26.0,11.0,8.8
Erik Miller,RP,FA,492.75,8.64,57.0,5.0,14.0,51.3,0.9,2.98,1.11,-0.46,35.0,15.0,5.8,6.0,6.0,,,40.0,0.0,25.0,1.0,0.0,0.0,1.0,19.75,4.94,-0.13,-0.42,25.81,16.67,5.95,4.0,1.0,0.0,1.0,68.0,7.56,0.08,-0.51,27.69,20.45,4.71,9.0,1.0,2.0,0.93,0.74,0.02,30.7,15.6,5.0
Lake Bachar,RP,T,489.25,9.23,53.0,2.0,2.0,86.7,1.6,3.43,0.74,-0.01,30.2,10.1,7.0,35.5,17.75,1.21,0.75,38.46,7.69,3.39,2.0,0.0,0.0,1.67,53.75,13.44,1.14,0.92,31.82,4.55,4.17,4.0,0.0,1.0,1.33,86.25,12.32,0.96,-0.13,35.23,12.0,6.7,7.0,0.0,1.0,1.62,0.98,0.45,30.2,10.1,6.6
Tatsuya Imai,SP,T,486.75,21.16,23.0,0.0,0.0,76.7,3.3,4.93,0.13,-1.36,32.7,15.1,7.2,6.0,6.0,,,25.0,0.0,0.0,1.0,0.0,0.0,1.0,29.75,9.92,0.83,0.96,26.67,7.69,1.92,3.0,0.0,0.0,1.33,62.5,12.5,-0.05,-0.84,28.79,18.92,6.45,5.0,0.0,0.0,1.8,,,,,
Ryne Stanek,RP,FA,482.0,6.89,70.0,2.0,26.0,62.7,0.9,4.02,0.69,0.02,29.7,12.0,6.2,6.5,3.25,-1.12,-1.04,15.38,25.0,6.25,2.0,0.0,0.0,1.0,8.5,2.83,,,13.33,20.0,5.71,3.0,0.0,0.0,0.89,58.5,5.85,0.87,0.62,28.17,10.26,4.79,10.0,0.0,2.0,0.93,-0.09,-0.56,27.8,12.5,7.4
Brandon Sproat,SP,T,481.0,21.86,22.0,0.0,0.0,97.0,4.4,5.57,-0.67,-0.92,25.0,12.3,7.6,,,,,,,,,,,,,,,,,,,,,,,-2.0,-2.0,,,16.67,50.0,2.78,1.0,0.0,0.0,1.33,-2.57,-1.55,15.1,8.3,11.0
Dean Kremer,SP,FA,479.25,28.19,17.0,0.0,0.0,90.3,5.3,4.68,0.99,0.69,28.4,8.0,6.7,46.25,46.25,0.73,1.46,19.44,0.0,2.7,1.0,0.0,0.0,7.0,103.25,51.62,0.62,0.65,26.51,6.67,4.71,2.0,0.0,0.0,6.5,176.0,35.2,0.7,0.51,27.0,6.73,6.55,5.0,0.0,0.0,5.53,0.28,0.89,22.9,6.4,7.4
Jake Irvin,SP,FA,479.0,21.77,22.0,0.0,0.0,106.7,4.8,5.48,-0.89,-1.03,24.0,10.2,8.6,20.75,20.75,-0.32,-0.62,26.0,8.33,11.88,1.0,0.0,0.0,5.0,56.0,28.0,-0.22,-0.45,24.74,4.55,13.64,2.0,0.0,0.0,5.17,118.5,23.7,-0.6,-0.91,22.73,8.33,10.82,5.0,0.0,0.0,5.0,-1.31,-0.41,18.2,7.9,9.1
Jack Flaherty,SP,FA,478.25,23.91,20.0,0.0,0.0,88.3,4.4,4.48,0.52,0.3,27.1,10.6,6.3,8.75,8.75,,,33.33,0.0,15.79,1.0,0.0,0.0,2.0,8.75,8.75,,,33.33,0.0,15.79,1.0,0.0,0.0,2.0,8.75,8.75,,,33.33,0.0,15.79,1.0,0.0,0.0,2.0,0.93,0.95,27.3,8.7,6.3
Braydon Fisher,RP,T,477.0,6.36,75.0,1.0,13.0,75.7,1.0,3.21,0.37,-0.14,28.3,14.2,5.6,5.5,5.5,,,33.33,40.0,5.26,1.0,0.0,0.0,1.0,4.75,2.38,,,30.77,40.0,4.76,2.0,0.0,0.0,0.83,48.75,5.42,0.29,-0.71,31.82,23.53,4.19,9.0,0.0,1.0,0.85,0.58,-0.05,29.9,9.4,7.8
Bryan Hudson,RP,FA,477.0,6.81,70.0,8.0,10.0,67.3,1.0,3.74,-0.93,-0.91,23.1,6.4,9.9,-7.75,-2.58,-1.26,-0.85,10.0,7.69,13.64,3.0,0.0,0.0,0.67,3.0,0.6,-0.99,-0.39,12.5,4.76,13.04,5.0,0.0,0.0,0.73,61.0,5.55,-0.69,-0.22,16.22,2.33,10.81,11.0,1.0,2.0,0.94,-0.6,-1.1,26.9,17.3,6.3
Chris Bassitt,SP,FA,476.5,23.82,20.0,0.0,0.0,102.0,5.1,4.59,-0.73,-0.19,20.9,8.3,8.0,23.0,23.0,-0.46,0.31,10.64,4.55,7.78,1.0,0.0,0.0,5.0,72.5,36.25,-0.46,-0.01,16.67,4.17,10.81,2.0,0.0,0.0,5.83,128.0,32.0,-0.66,-0.6,19.54,9.18,9.43,4.0,0.0,0.0,5.58,0.33,0.89,23.3,7.1,7.1
Tyler Alexander,RP,FA,476.0,6.35,75.0,4.0,14.0,73.0,1.0,3.7,-0.26,0.45,20.9,7.7,7.2,20.25,5.06,-0.06,0.43,17.24,10.53,4.05,4.0,0.0,1.0,1.17,21.25,3.04,-1.01,-0.23,10.64,14.29,6.09,7.0,0.0,1.0,0.9,62.5,4.81,-0.22,0.46,16.49,8.77,5.94,13.0,0.0,3.0,1.05,0.12,0.95,21.5,7.1,7.0
Antonio Senzatela,SP,FA,473.25,8.3,57.0,4.0,11.0,73.3,1.3,4.05,0.17,0.53,23.5,8.4,6.8,29.75,14.88,,,16.67,14.29,4.17,2.0,1.0,1.0,1.0,49.75,9.95,-0.22,0.64,13.95,5.56,5.48,5.0,1.0,1.0,0.87,65.5,5.46,-0.59,-0.25,17.65,11.11,7.47,12.0,1.0,2.0,0.86,-0.56,0.66,18.1,7.6,7.3
Eric Lauer,SP,FA,473.0,21.5,22.0,0.0,0.0,108.3,4.9,5.23,-0.24,0.93,18.6,7.5,6.5,,,,,,,,,,,,,,,,,,,,,,,-3.25,-3.25,,,3.12,5.56,7.94,1.0,0.0,0.0,3.0,0.08,0.47,23.7,6.1,8.3
Kevin Ginkel,RP,FA,472.0,6.38,74.0,3.0,11.0,67.7,0.9,4.12,1.6,1.31,29.5,6.2,6.4,20.25,6.75,0.69,-0.0,38.1,11.11,6.52,3.0,0.0,0.0,0.67,21.0,4.2,0.59,0.22,30.3,5.56,8.33,5.0,0.0,0.0,0.8,92.0,7.08,0.99,0.87,27.66,2.22,7.07,13.0,1.0,0.0,0.9,1.02,0.91,28.1,10.7,5.5
Pete Fairbanks,RP,FA,471.0,10.24,46.0,19.0,2.0,41.3,0.9,6.31,0.65,-0.48,31.9,11.5,7.2,,,,,,,,,,,,,,,,,,,,,,,10.25,5.12,,,33.33,33.33,3.57,2.0,1.0,0.0,0.5,0.31,0.32,26.1,7.4,8.0
Brandyn Garcia,RP,FA,468.5,8.22,57.0,5.0,18.0,51.3,0.9,1.93,-0.22,-0.68,26.9,5.7,9.8,19.5,9.75,0.1,1.02,12.5,0.0,5.56,2.0,0.0,1.0,1.17,39.25,9.81,0.06,0.79,16.67,5.56,4.41,4.0,0.0,2.0,1.25,99.5,9.95,0.54,1.07,20.69,2.44,6.29,10.0,1.0,3.0,1.13,-0.89,-0.58,22.1,12.1,7.6
Brad Lord,RP,FA,468.5,11.71,40.0,1.0,7.0,83.3,2.1,3.78,-1.51,-1.04,19.7,9.2,9.0,18.25,18.25,-0.14,-0.69,30.43,16.67,8.16,1.0,0.0,0.0,3.33,33.0,16.5,-0.15,-0.52,26.47,10.53,10.39,2.0,0.0,0.0,2.67,69.25,9.89,-0.98,-0.42,14.29,8.33,9.13,7.0,0.0,1.0,1.95,-0.76,-0.24,21.3,7.9,8.8
Adrian Houser,SP,FA,468.25,18.01,26.0,0.0,1.0,109.7,4.2,4.02,-0.31,0.95,18.1,7.2,6.6,,,,,,,,,,,,,,,,,,,,,,,,,,,,,,,,,,-1.15,-0.15,18.1,7.3,8.9
Yuki Matsui,RP,FA,467.75,8.66,54.0,1.0,11.0,64.0,1.2,1.83,0.68,-0.67,33.1,13.8,6.6,34.25,11.42,-0.66,-0.76,20.83,11.11,11.36,3.0,0.0,1.0,0.78,56.25,9.38,-0.97,-1.24,21.15,19.05,10.1,6.0,0.0,2.0,0.83,103.0,8.58,-0.45,-0.29,19.57,11.63,7.41,12.0,1.0,3.0,0.89,0.69,0.03,30.3,12.1,6.5
Gordon Graceffo,RP,FA,467.75,7.54,62.0,1.0,7.0,81.0,1.3,2.67,-1.07,-0.73,21.2,11.0,7.8,19.0,9.5,-0.49,-0.19,16.67,8.33,9.09,2.0,0.0,0.0,1.33,24.5,6.12,-0.17,-0.52,26.19,12.0,9.47,4.0,0.0,0.0,1.25,95.75,11.97,0.09,-0.57,28.3,10.53,8.8,8.0,0.0,1.0,1.58,-0.58,-0.34,23.1,6.7,9.5
Nick Lodolo,SP,T,465.75,22.18,21.0,0.0,0.0,108.7,5.2,4.97,-0.31,0.26,21.5,9.5,6.8,17.75,17.75,-0.96,-1.14,20.0,8.33,15.22,1.0,0.0,0.0,5.0,39.75,19.88,-1.09,-0.58,12.82,7.55,12.64,2.0,0.0,0.0,6.0,118.25,23.65,-0.65,-0.39,17.92,10.24,8.28,5.0,0.0,0.0,5.93,0.96,0.94,27.5,4.8,8.0
Jack Dreyer,RP,FA,463.75,6.92,67.0,2.0,11.0,64.7,1.0,3.2,0.56,0.18,28.0,8.8,7.2,16.5,8.25,0.36,1.16,16.0,0.0,4.65,2.0,0.0,0.0,1.67,23.75,4.75,0.01,-0.08,24.49,11.54,6.73,5.0,0.0,0.0,1.27,56.0,6.22,0.08,0.36,20.78,7.14,6.92,9.0,1.0,1.0,1.15,-0.15,-0.44,26.7,7.8,9.2
Zack Littell,SP,FA,460.25,17.7,26.0,0.0,0.0,124.3,4.8,5.21,-0.81,0.63,16.2,7.2,7.1,,,,,,,,,,,,,,,,,,,,,,,,,,,,,,,,,,0.1,1.14,20.4,4.2,7.9
Edgardo Henriquez,RP,FA,455.0,7.46,61.0,2.0,11.0,60.0,1.0,2.85,0.63,-0.18,30.3,10.3,7.2,,,,,,,,,,,,,,,,,,,,,,,56.0,9.33,0.07,-0.85,30.23,9.09,10.34,6.0,1.0,2.0,0.78,0.93,0.62,29.0,6.4,7.9
Ryan Johnson,SP,FA,452.25,20.56,22.0,0.0,0.0,100.0,4.5,5.04,-0.41,-0.19,23.1,9.8,7.4,13.25,13.25,-0.63,-0.14,13.33,14.81,5.56,1.0,0.0,0.0,5.0,35.5,17.75,0.26,0.64,21.28,8.16,3.87,2.0,0.0,0.0,4.83,167.0,33.4,0.52,0.76,22.84,5.79,6.05,5.0,0.0,0.0,5.53,0.62,0.44,27.7,6.9,8.0
Elvis Alvarado,RP,FA,449.25,8.02,56.0,6.0,9.0,55.3,1.0,3.9,0.32,-0.83,31.4,10.9,8.0,22.5,7.5,1.36,0.41,46.15,0.0,9.43,3.0,0.0,0.0,1.11,33.5,6.7,1.09,0.12,38.89,9.52,6.59,5.0,0.0,0.0,1.07,76.0,6.91,0.93,0.83,27.27,8.7,4.66,11.0,1.0,1.0,0.94,0.94,-0.28,33.7,12.0,7.1
Enyel De Los Santos,RP,FA,447.75,6.78,66.0,5.0,10.0,71.3,1.1,4.79,1.27,1.34,27.1,6.6,6.2,,,,,,,,,,,,15.5,7.75,0.54,0.06,31.25,12.5,5.17,2.0,0.0,0.0,1.67,45.25,6.46,0.35,0.2,25.35,15.79,4.08,7.0,0.0,1.0,1.1,0.53,-0.13,30.0,8.6,8.3
Orion Kerkering,RP,FA,447.5,7.22,62.0,2.0,17.0,58.0,0.9,4.97,-0.89,-1.46,26.1,12.7,8.3,,,,,,,,,,,,1.75,0.88,0.25,-0.26,30.0,12.5,7.41,2.0,0.0,0.0,1.0,19.75,3.95,-0.55,-1.33,26.67,21.21,7.26,5.0,0.0,1.0,1.0,-0.3,-0.07,23.7,10.2,7.5
Zac Thornton,SP,T,446.0,29.73,15.0,0.0,0.0,84.3,5.6,3.42,-0.96,0.1,17.8,5.3,8.7,19.75,19.75,-0.27,0.91,6.67,5.26,3.61,1.0,0.0,0.0,5.0,60.25,30.12,-0.58,0.67,8.14,4.55,5.88,2.0,0.0,0.0,5.5,120.75,30.19,-0.72,0.16,12.78,4.35,8.68,4.0,0.0,0.0,5.75,,,,,
Fernando Cruz,RP,FA,445.75,7.31,61.0,2.0,19.0,54.7,0.9,3.13,1.79,-0.33,39.1,13.7,6.1,,,,,,,,,,,,,,,,,,,,,,,,,,,,,,,,,,2.65,-0.39,46.5,12.0,7.3
Brent Suter,RP,FA,445.75,8.25,54.0,0.0,3.0,91.0,1.7,3.36,0.04,0.33,23.6,6.9,7.7,31.75,15.88,0.4,0.27,28.57,0.0,10.34,2.0,0.0,0.0,2.0,36.75,12.25,0.76,0.61,29.03,0.0,9.09,3.0,0.0,0.0,1.56,83.5,11.93,0.6,0.19,28.43,7.41,7.41,7.0,0.0,0.0,1.9,-0.65,-0.11,21.4,6.2,9.3
Daniel Lynch,RP,FA,442.25,7.9,56.0,1.0,13.0,86.0,1.5,4.08,0.07,0.67,22.1,7.3,7.0,16.25,16.25,0.52,1.47,15.0,0.0,2.63,1.0,0.0,0.0,5.33,43.0,14.33,-0.23,0.64,13.76,6.45,4.87,3.0,0.0,0.0,4.78,70.5,14.1,-0.34,0.74,12.78,6.54,5.84,5.0,0.0,0.0,4.87,-0.25,0.27,22.3,9.0,7.4
Chase Silseth,RP,FA,441.5,6.05,73.0,0.0,18.0,60.0,0.8,3.6,0.94,-0.26,32.8,12.9,6.3,16.0,5.33,0.68,-1.13,52.94,10.0,14.29,3.0,0.0,1.0,0.56,38.0,6.33,1.1,0.17,38.64,4.76,9.21,6.0,0.0,2.0,0.67,80.0,6.67,1.03,0.25,32.94,9.09,6.51,12.0,0.0,5.0,0.69,1.08,-0.33,34.9,12.2,7.1
Javier Assad,SP,FA,441.5,15.77,28.0,2.0,0.0,94.3,3.4,3.63,-1.55,-0.34,15.9,7.1,8.7,12.75,6.38,-0.27,-1.09,33.33,11.11,13.51,2.0,0.0,0.0,1.33,16.25,5.42,0.54,0.21,29.73,5.56,8.45,3.0,0.0,0.0,1.44,35.5,5.92,-0.85,-0.72,18.28,12.77,8.46,6.0,0.0,0.0,1.83,-0.58,0.94,16.5,7.8,6.7
Jonathan Bowlan,RP,FA,434.0,7.36,59.0,2.0,14.0,56.3,1.0,3.36,1.16,0.34,31.3,6.6,7.8,,,,,,,,,,,,13.75,13.75,,,42.86,33.33,4.76,1.0,0.0,1.0,0.67,53.5,7.64,0.84,0.5,28.79,3.45,7.87,7.0,0.0,3.0,0.95,1.91,1.06,33.7,9.4,5.8
Clayton Beeter,RP,FA,431.75,8.64,50.0,12.0,9.0,48.0,1.0,4.5,-0.47,-1.28,28.2,14.8,7.2,,,,,,,,,,,,,,,,,,,,,,,9.5,2.38,,,17.86,5.26,8.96,4.0,0.0,1.0,0.92,0.28,-1.05,32.9,17.3,6.2
Devin Williams,RP,T,429.5,9.76,44.0,16.0,1.0,40.7,0.9,4.43,1.97,0.85,34.4,11.4,5.1,15.0,7.5,0.22,0.37,23.53,0.0,9.68,2.0,0.0,1.0,1.0,15.0,7.5,,,23.53,0.0,9.68,2.0,0.0,1.0,1.0,15.0,7.5,,,23.53,0.0,9.68,2.0,0.0,1.0,1.0,2.3,0.82,37.7,9.7,6.1
Ryan Rolison,RP,FA,428.75,7.15,60.0,3.0,7.0,63.0,1.0,3.14,-1.05,-0.39,19.7,10.9,7.3,2.0,1.0,-0.31,0.77,7.69,14.29,0.0,2.0,0.0,0.0,0.5,22.25,4.45,-1.15,-0.47,10.87,11.76,9.3,5.0,1.0,0.0,0.67,77.25,6.44,-0.95,0.05,10.99,8.33,7.53,12.0,2.0,0.0,0.94,-1.82,-0.95,17.4,10.4,9.0
Grayson Rodriguez,SP,FA,428.5,21.42,20.0,0.0,0.0,98.7,4.9,6.02,-0.54,-0.54,23.9,9.7,8.0,18.5,18.5,-0.46,-1.01,28.26,21.74,7.69,1.0,0.0,0.0,5.0,48.5,24.25,0.26,0.01,27.37,9.8,7.18,2.0,0.0,0.0,5.83,103.75,20.75,0.16,-0.15,25.75,9.84,7.63,5.0,0.0,0.0,5.4,,,,,
Ben Brown,SP,T,427.5,21.38,20.0,1.0,2.0,68.0,3.4,1.85,0.3,-0.05,27.3,7.2,8.2,,,,,,,,,,,,,,,,,,,,,,,,,,,,,,,,,,0.72,0.46,28.3,6.8,8.0
Tyler Holton,RP,FA,427.5,6.38,67.0,2.0,15.0,72.0,1.1,2.75,-0.11,0.17,23.4,6.3,8.2,7.0,7.0,,,0.0,0.0,0.0,1.0,0.0,1.0,0.33,7.75,2.58,,,6.25,20.0,5.71,3.0,0.0,1.0,0.56,51.75,6.47,-0.42,-0.11,18.46,8.57,7.97,8.0,0.0,1.0,1.12,0.65,1.07,24.6,5.4,7.5
Steven Cruz,RP,FA,423.5,7.56,56.0,8.0,5.0,58.7,1.0,4.3,0.01,-0.71,28.6,8.1,8.9,20.75,20.75,,,22.22,0.0,13.33,1.0,1.0,0.0,1.0,26.25,8.75,0.93,-0.3,40.62,0.0,15.38,3.0,1.0,0.0,1.0,58.25,8.32,-0.29,-1.32,29.69,3.45,14.16,7.0,2.0,0.0,1.0,-1.21,-1.45,24.3,9.5,10.3
JoJo Romero,RP,FA,420.75,7.65,55.0,0.0,23.0,56.3,1.0,3.36,0.83,1.72,22.1,7.6,5.2,34.75,17.38,1.16,0.79,36.84,0.0,6.98,2.0,0.0,1.0,1.5,57.0,11.4,0.78,1.12,24.39,0.0,5.56,5.0,0.0,2.0,1.27,93.75,8.52,0.34,1.29,16.49,3.85,4.98,11.0,0.0,3.0,1.21,-0.09,-0.41,27.0,11.4,7.6
Ryan Watson,RP,FA,419.25,7.91,53.0,4.0,8.0,72.0,1.4,4.0,0.16,0.12,25.5,7.5,7.8,21.0,21.0,,,50.0,0.0,0.0,1.0,1.0,0.0,1.0,30.0,15.0,,,47.37,10.0,0.0,2.0,1.0,0.0,1.0,102.25,11.36,2.36,1.55,38.6,3.23,4.31,9.0,2.0,4.0,0.93,,,,,
Juan Mejia,RP,FA,415.0,6.38,65.0,4.0,9.0,70.0,1.1,5.27,-0.82,-0.88,23.7,12.4,7.5,7.0,3.5,-1.0,-0.2,6.67,0.0,13.33,2.0,0.0,0.0,1.0,41.5,8.3,0.33,1.03,18.42,0.0,6.17,5.0,0.0,0.0,1.2,78.25,6.52,-0.24,0.38,16.82,9.68,5.83,12.0,0.0,1.0,1.11,0.74,0.07,30.4,9.6,7.5
Jose Alvarado,RP,FA,414.5,6.1,68.0,1.0,16.0,58.3,0.9,5.86,0.46,0.23,27.0,11.4,6.1,-13.75,-6.88,-1.91,-1.58,6.67,44.44,0.0,2.0,0.0,0.0,0.33,18.25,3.04,-1.47,-0.98,11.11,27.27,3.26,6.0,0.0,1.0,0.67,74.25,6.19,-0.66,-0.23,16.67,19.15,4.26,12.0,0.0,4.0,0.81,-0.03,0.19,24.3,6.1,8.8
Griffin Canning,SP,FA,413.75,13.79,30.0,0.0,1.0,88.7,2.9,5.68,0.35,0.39,25.5,10.5,6.2,12.0,12.0,-0.16,0.35,16.13,7.14,6.25,1.0,0.0,0.0,3.0,35.0,8.75,0.01,0.29,20.9,11.43,4.23,4.0,0.0,0.0,2.0,57.25,9.54,0.25,0.37,22.73,12.5,4.76,6.0,0.0,0.0,1.94,0.27,0.38,25.5,10.4,6.6
Michael Lorenzen,SP,FA,413.0,12.91,32.0,1.0,0.0,127.3,4.0,7.21,-1.04,-0.04,18.0,8.7,7.6,,,,,,,,,,,,,,,,,,,,,,,30.25,6.05,-0.28,0.33,16.67,8.51,6.47,5.0,1.0,0.0,1.93,0.15,0.62,23.4,6.4,7.9
Jonathan Loaisiga,RP,FA,411.75,6.15,67.0,2.0,10.0,67.0,1.0,2.42,0.48,1.05,23.1,5.0,7.3,19.0,9.5,-0.93,-0.38,10.53,15.38,6.82,2.0,1.0,0.0,1.5,30.25,7.56,-0.57,0.18,13.16,8.7,6.67,4.0,1.0,0.0,1.5,95.75,8.7,0.25,0.92,18.48,4.08,6.18,11.0,1.0,2.0,1.15,1.08,1.32,26.5,7.4,6.2
Dylan Dodd,RP,FA,406.75,8.47,48.0,2.0,14.0,49.7,1.0,2.54,1.51,1.19,29.5,7.2,6.2,13.25,6.62,0.14,0.52,20.0,0.0,8.7,2.0,0.0,0.0,1.5,38.25,9.56,1.0,0.55,33.33,0.0,9.52,4.0,1.0,0.0,1.08,45.5,7.58,0.9,-0.19,35.0,3.85,10.1,6.0,1.0,0.0,1.06,1.46,0.98,30.9,3.7,8.4
Huascar Brazoban,RP,FA,402.75,6.71,60.0,0.0,11.0,67.0,1.1,2.96,0.48,0.54,25.6,10.9,5.8,12.75,6.38,1.8,1.88,35.29,0.0,0.0,2.0,0.0,0.0,1.17,26.5,6.62,1.19,1.68,25.0,0.0,1.69,4.0,0.0,0.0,1.08,26.5,6.62,,,25.0,0.0,1.69,4.0,0.0,0.0,1.08,0.26,0.68,23.9,10.3,6.1
Garrett Cleavinger,RP,FA,402.75,7.9,51.0,2.0,23.0,41.3,0.8,4.79,0.32,-0.21,28.3,12.2,6.5,,,,,,,,,,,,,,,,,,,,,,,-0.5,-0.17,,,20.0,40.0,4.65,3.0,0.0,0.0,0.44,1.22,-0.34,36.0,7.4,9.2
Kai-Wei Teng,SP,FA,402.5,13.42,30.0,0.0,4.0,73.7,2.4,4.76,0.56,0.51,26.3,10.0,6.2,,,,,,,,,,,,,,,,,,,,,,,7.5,3.75,,,33.33,21.43,7.69,2.0,0.0,1.0,1.17,-0.47,-1.05,27.5,12.2,8.4
Grant Wolfram,RP,FA,399.25,6.65,60.0,1.0,13.0,52.3,0.9,4.3,0.37,0.47,25.2,7.1,7.4,4.75,4.75,,,28.57,0.0,18.18,1.0,0.0,0.0,0.67,14.75,4.92,,,27.27,7.69,6.67,3.0,0.0,0.0,1.0,81.25,7.39,1.03,1.11,26.32,4.55,5.35,11.0,0.0,1.0,1.03,-0.37,-0.55,25.7,11.3,7.9
Ryne Nelson,SP,FA,398.5,20.97,19.0,0.0,0.0,87.3,4.6,4.95,-0.16,0.52,21.3,6.4,7.6,5.0,2.5,0.52,0.5,27.78,0.0,8.82,2.0,0.0,0.0,0.67,18.25,4.56,-0.18,-0.6,26.83,10.53,10.98,4.0,0.0,0.0,1.0,18.25,4.56,-0.45,-1.2,26.83,10.53,10.98,4.0,0.0,0.0,1.0,-0.69,-0.21,21.6,6.6,9.3
DL Hall,RP,FA,398.5,8.48,47.0,0.0,6.0,61.3,1.3,1.91,-0.35,-1.09,28.0,14.5,7.0,25.25,12.62,0.88,0.33,37.5,13.33,3.28,2.0,0.0,1.0,1.83,55.75,13.94,0.67,-0.25,36.17,10.71,8.41,4.0,0.0,1.0,1.83,105.0,8.75,-0.08,-0.49,25.66,10.77,8.43,12.0,0.0,1.0,1.36,-2.56,-2.42,19.6,11.0,11.4
Anthony Nunez,RP,FA,397.25,7.64,52.0,3.0,8.0,59.7,1.1,4.07,1.41,0.4,32.8,10.2,6.3,7.0,3.5,-0.68,0.21,7.69,0.0,10.71,2.0,0.0,1.0,1.0,20.0,5.0,,,20.83,0.0,8.16,4.0,0.0,1.0,0.83,59.25,7.41,0.97,0.7,28.79,2.7,7.46,8.0,0.0,1.0,1.17,,,,,
Brennan Bernardino,RP,FA,397.0,5.36,74.0,2.0,14.0,64.0,0.9,2.81,0.29,0.96,22.2,5.6,7.2,13.5,6.75,,,10.0,0.0,38.46,2.0,0.0,1.0,0.83,43.5,8.7,0.4,0.03,29.41,0.0,13.11,5.0,1.0,1.0,0.93,74.75,6.8,-0.59,-0.27,17.74,2.56,10.87,11.0,1.0,3.0,0.82,-1.51,-0.89,19.3,12.0,8.2
Andrew Kittredge,RP,FA,397.0,7.22,55.0,11.0,9.0,48.3,0.9,3.54,-0.03,0.34,23.1,5.6,8.2,17.75,17.75,,,28.57,0.0,15.38,1.0,1.0,0.0,1.0,22.75,11.38,,,22.22,0.0,9.52,2.0,1.0,0.0,0.83,55.5,7.93,0.51,0.89,21.74,0.0,7.87,7.0,3.0,0.0,0.86,1.59,1.37,29.8,5.3,7.0
Ryan Gusto,SP,FA,394.25,17.14,23.0,0.0,1.0,88.0,3.8,4.09,-1.13,-0.71,20.7,7.1,9.3,25.0,25.0,-0.97,-1.05,18.6,8.7,14.46,1.0,0.0,0.0,5.33,43.75,21.88,-0.3,-0.04,19.51,6.67,9.47,2.0,0.0,0.0,4.83,106.25,21.25,-1.11,-0.87,16.27,8.77,10.51,5.0,0.0,0.0,4.93,-0.59,-0.41,23.4,7.9,9.1
Jack Leiter,SP,T,392.25,26.15,15.0,0.0,0.0,80.0,5.3,5.29,0.22,0.22,25.4,9.9,6.7,,,,,,,,,,,,,,,,,,,,,,,,,,,,,,,,,,-0.73,-0.78,24.3,10.4,8.7
Mike Burrows,SP,FA,392.25,21.79,18.0,0.0,0.0,94.7,5.2,5.99,-0.18,0.43,21.6,8.3,7.0,,,,,,,,,,,,,,,,,,,,,,,,,,,,,,,,,,0.51,0.42,27.0,7.7,7.7
Jakob Junis,RP,FA,389.75,7.35,53.0,6.0,18.0,54.3,1.0,3.64,-1.36,-0.55,18.3,7.7,8.8,4.0,2.0,-2.32,-2.27,7.69,37.5,7.89,2.0,0.0,0.0,0.67,18.25,3.65,-1.45,-1.24,13.89,25.0,6.45,5.0,0.0,1.0,0.8,24.25,2.42,-1.6,-0.72,9.23,13.95,7.98,10.0,1.0,1.0,0.8,0.37,1.06,22.7,6.6,7.0
Matt Festa,RP,FA,388.75,5.89,66.0,1.0,7.0,66.7,1.0,3.78,0.37,-0.01,27.6,7.3,8.1,0.25,0.12,-0.99,-0.43,10.0,12.5,8.57,2.0,0.0,0.0,0.83,4.0,1.33,-0.84,-0.58,16.67,15.38,7.81,3.0,0.0,0.0,1.0,35.75,4.47,0.02,-0.3,25.27,12.2,7.22,8.0,0.0,0.0,1.17,0.26,0.02,27.3,6.6,8.9
Jovani Moran,RP,FA,386.75,7.74,50.0,0.0,5.0,65.7,1.3,3.15,0.66,-0.5,32.1,12.1,7.0,4.25,4.25,,,25.0,25.0,0.0,1.0,0.0,0.0,0.67,16.0,8.0,,,50.0,12.5,0.0,2.0,0.0,0.0,0.83,56.0,8.0,1.05,0.16,33.96,13.79,5.0,7.0,0.0,1.0,1.05,,,,,
Jameson Taillon,SP,FA,384.75,21.38,18.0,0.0,0.0,86.0,4.8,5.65,0.74,0.73,26.5,8.6,6.4,,,,,,,,,,,,,,,,,,,,,,,6.5,6.5,,,8.33,0.0,6.9,1.0,0.0,0.0,2.0,0.07,1.01,20.8,5.2,7.7
Tim Herrin,RP,FA,384.0,5.73,67.0,0.0,16.0,56.7,0.8,3.02,0.35,-0.65,30.7,11.7,7.4,11.0,5.5,1.02,1.48,25.0,0.0,2.56,2.0,0.0,0.0,0.83,21.25,5.31,0.13,0.06,25.0,12.5,5.19,4.0,0.0,1.0,0.83,60.5,6.72,0.39,0.47,23.6,10.81,5.08,9.0,0.0,1.0,0.89,-0.46,-1.39,29.4,15.5,7.6
Tyler Kinley,RP,FA,383.5,5.99,64.0,1.0,14.0,57.3,0.9,3.45,0.33,0.03,27.1,11.2,6.5,1.5,0.75,,,7.69,0.0,5.88,2.0,0.0,0.0,0.67,17.25,3.45,0.1,0.58,19.44,5.26,6.06,5.0,0.0,0.0,1.13,68.0,5.67,-0.08,-0.0,21.79,9.52,7.23,12.0,0.0,3.0,0.97,0.58,-0.3,31.2,10.7,7.7
Reynaldo Lopez,SP,FA,383.5,14.75,26.0,0.0,1.0,79.3,3.0,4.54,-0.43,-0.06,22.3,9.8,7.2,,,,,,,,,,,,,,,,,,,,,,,12.5,6.25,0.31,0.12,25.4,12.5,5.63,2.0,0.0,0.0,3.83,,,,,
Cole Sulser,RP,FA,381.5,7.48,51.0,3.0,12.0,56.3,1.1,4.31,1.35,1.44,27.1,7.2,5.8,23.75,7.92,-0.11,-0.7,31.25,14.29,9.38,3.0,0.0,1.0,1.0,50.5,8.42,0.63,0.06,32.65,8.33,7.77,6.0,1.0,1.0,1.0,65.75,6.58,0.96,0.73,28.4,7.69,5.42,10.0,1.0,1.0,1.0,1.34,1.22,28.8,7.8,6.2
Greg Weissert,RP,FA,380.25,6.04,63.0,1.0,8.0,60.7,1.0,3.26,0.08,0.36,23.7,7.8,7.3,14.5,14.5,,,0.0,28.57,4.17,1.0,0.0,0.0,1.33,36.0,12.0,-0.87,-0.11,11.54,10.53,7.58,3.0,0.0,1.0,1.56,68.25,8.53,-0.43,-0.05,17.91,10.53,6.99,8.0,0.0,2.0,1.12,0.2,0.88,22.4,7.6,6.9
Edward Cabrera,SP,FA,379.25,21.07,18.0,0.0,0.0,80.0,4.4,5.96,0.22,0.0,26.5,10.3,6.9,,,,,,,,,,,,0.75,0.38,,,13.33,18.18,12.12,2.0,0.0,0.0,0.83,11.75,3.92,,,21.21,19.05,8.22,3.0,0.0,0.0,1.33,0.62,0.11,29.4,8.3,8.0
Yennier Cano,RP,FA,377.75,5.56,68.0,3.0,14.0,49.7,0.7,2.9,0.7,0.83,25.7,5.9,7.3,9.75,9.75,,,0.0,50.0,10.0,1.0,0.0,1.0,0.33,33.0,8.25,-2.52,-1.98,5.0,14.29,18.18,4.0,0.0,1.0,0.92,56.25,6.25,-1.89,-1.93,15.38,12.5,12.75,9.0,0.0,2.0,0.63,-0.19,0.13,23.5,9.6,7.4
Bryan King,RP,FA,377.0,6.28,60.0,6.0,12.0,60.7,1.0,5.19,-1.73,-1.07,18.3,8.3,9.4,21.0,10.5,-0.11,-0.86,33.33,9.09,13.04,2.0,0.0,0.0,1.17,28.0,5.6,-0.44,-0.82,25.0,12.0,11.54,5.0,0.0,0.0,1.0,21.0,2.33,-1.43,-1.38,16.46,10.0,11.8,9.0,0.0,0.0,0.85,-0.02,0.19,24.4,4.0,9.7
Colin Holderman,RP,FA,376.75,6.98,54.0,1.0,11.0,52.7,1.0,2.73,0.83,0.76,27.0,9.0,6.2,,,,,,,,,,,,,,,,,,,,,,,0.5,0.5,,,11.11,25.0,4.55,1.0,0.0,0.0,0.33,-0.93,-1.35,25.8,12.8,8.7
Brooks Raley,RP,FA,376.25,6.17,61.0,1.0,16.0,52.7,0.9,3.25,-0.03,0.28,23.4,8.9,7.0,2.5,2.5,,,0.0,0.0,0.0,1.0,0.0,0.0,1.0,-2.5,-1.25,,,7.14,25.0,3.03,2.0,0.0,0.0,0.5,2.0,0.29,-0.11,-0.05,21.74,16.0,4.85,7.0,0.0,1.0,0.57,-0.4,0.36,20.8,6.1,8.5
Steven Matz,RP,FA,375.75,10.44,36.0,1.0,1.0,80.3,2.2,5.49,-0.57,0.05,20.8,7.3,8.0,23.0,7.67,0.16,0.49,20.83,7.14,5.36,3.0,0.0,0.0,1.11,37.75,7.55,0.3,0.66,21.62,4.55,5.95,5.0,0.0,0.0,1.07,60.0,6.0,-0.65,-0.3,17.31,7.41,9.09,10.0,0.0,0.0,1.27,-0.77,0.23,18.8,3.6,9.8
Taylor Rogers,RP,FA,375.5,5.78,65.0,2.0,9.0,60.3,0.9,4.33,-1.12,-0.34,18.9,11.2,7.1,8.5,4.25,,,23.08,0.0,0.0,2.0,0.0,0.0,1.0,29.5,7.38,-0.62,-0.53,19.51,9.52,11.11,4.0,0.0,0.0,1.25,56.25,5.62,-0.97,-1.19,20.48,13.21,9.9,10.0,0.0,0.0,1.1,-1.2,-1.22,23.2,10.4,9.5
Alex Lange,RP,FA,375.0,6.36,59.0,10.0,3.0,60.0,1.0,6.75,0.35,0.02,27.3,12.0,6.2,-7.0,-3.5,-1.08,-0.7,11.76,25.0,4.08,2.0,0.0,0.0,0.67,5.75,1.44,-0.0,-0.3,26.47,15.0,6.1,4.0,0.0,0.0,0.83,13.25,1.66,0.09,-0.37,26.67,14.63,6.51,8.0,0.0,0.0,0.92,,,,,
Max Scherzer,SP,FA,374.75,20.82,18.0,0.0,0.0,84.7,4.7,5.74,-0.59,-0.08,21.3,9.6,7.3,78.5,39.25,-0.05,0.05,22.43,8.0,7.73,2.0,0.0,0.0,6.0,107.0,35.67,-0.26,-0.16,21.28,10.0,8.21,3.0,0.0,0.0,5.67,129.5,25.9,-0.24,-0.08,20.36,7.69,8.2,5.0,0.0,0.0,5.53,-0.5,-0.32,23.6,6.4,9.6
Taylor Clarke,RP,FA,372.75,5.25,71.0,0.0,14.0,73.0,1.0,2.96,1.16,2.07,22.7,4.9,5.7,0.25,0.12,0.5,0.56,26.67,0.0,8.47,2.0,0.0,0.0,0.83,13.5,3.38,0.83,1.07,25.58,0.0,5.88,4.0,0.0,1.0,0.83,52.5,5.25,1.5,1.37,29.81,5.66,3.98,10.0,0.0,1.0,1.17,0.4,0.98,23.3,4.4,8.1
Gabe Speier,RP,FA,371.5,6.88,54.0,1.0,21.0,46.0,0.9,2.93,-0.68,-0.84,24.5,7.9,9.2,14.75,7.38,0.41,0.08,31.25,0.0,11.54,2.0,0.0,0.0,1.0,18.75,4.69,0.9,0.77,29.63,0.0,8.0,4.0,0.0,0.0,0.83,76.25,7.62,0.35,-0.33,29.49,5.56,9.93,10.0,0.0,4.0,0.9,1.05,0.41,30.9,4.5,9.1
Tanner Gordon,SP,FA,371.0,15.46,24.0,0.0,0.0,103.7,4.3,6.68,0.22,0.96,21.7,5.1,7.4,-13.0,-13.0,-1.28,-0.5,5.13,16.0,7.29,1.0,0.0,0.0,3.33,-14.0,-7.0,-0.59,-0.3,17.65,13.33,7.14,2.0,0.0,0.0,3.17,37.0,7.4,-0.23,0.03,19.71,8.33,7.58,5.0,0.0,0.0,4.0,-0.88,0.23,18.0,5.0,9.2
Peyton Gray,RP,FA,370.75,7.57,49.0,0.0,8.0,56.0,1.1,3.86,0.45,0.54,25.4,6.8,7.4,,,,,,,,,,,,8.5,8.5,,,44.44,20.0,13.33,1.0,0.0,0.0,1.0,8.5,8.5,,,44.44,20.0,13.33,1.0,0.0,0.0,1.0,,,,,
Tejay Antone,RP,FA,370.5,6.39,58.0,1.0,11.0,55.0,0.9,3.11,0.74,0.45,27.9,7.7,7.2,18.0,9.0,0.67,0.01,37.5,0.0,12.0,2.0,0.0,1.0,1.0,44.0,8.8,1.28,0.46,38.46,5.56,6.67,5.0,0.0,2.0,0.87,105.5,8.12,1.2,0.64,31.94,8.89,5.26,13.0,0.0,3.0,0.87,,,,,
Caleb Kilian,RP,FA,370.25,7.56,49.0,8.0,4.0,47.7,1.0,4.91,0.29,-0.17,27.9,10.5,7.1,,,,,,,,,,,,,,,,,,,,,,,,,,,,,,,,,,,,,,
Justin Bruihl,RP,FA,369.25,5.06,73.0,0.0,11.0,77.7,1.1,3.59,-1.14,-0.15,17.8,8.1,8.0,3.75,1.88,,,0.0,0.0,5.26,2.0,0.0,0.0,1.0,11.75,2.35,-0.98,-0.21,10.81,4.76,11.84,5.0,0.0,0.0,0.93,56.5,4.35,-0.47,-0.32,19.57,5.66,9.84,13.0,0.0,1.0,0.87,-2.12,-2.37,22.5,10.8,11.4
Kodai Senga,SP,FA,366.25,11.81,31.0,8.0,0.0,61.3,2.0,7.34,0.26,-0.46,29.1,14.5,6.0,,,,,,,,,,,,14.75,7.38,,,7.69,30.0,4.44,2.0,1.0,0.0,0.67,86.5,10.81,0.72,0.16,30.0,14.29,4.79,8.0,4.0,0.0,0.92,0.09,-0.25,27.4,11.4,7.3
Jose Fermin,RP,FA,365.0,6.89,53.0,1.0,8.0,53.7,1.0,3.86,0.93,0.33,29.8,10.5,6.3,3.25,1.62,,,14.29,0.0,16.67,2.0,0.0,0.0,0.83,-3.75,-1.25,,,14.29,8.33,12.2,3.0,0.0,0.0,0.56,30.75,3.42,-0.15,0.23,19.05,11.43,5.67,9.0,0.0,1.0,0.78,0.21,-1.19,33.1,15.1,7.4
Camilo Doval,RP,FA,364.0,5.52,66.0,1.0,8.0,60.7,0.9,4.15,0.55,0.06,28.5,12.1,6.1,17.75,8.88,1.96,0.27,60.0,14.29,3.23,2.0,0.0,0.0,1.0,35.75,7.15,1.04,0.09,38.46,4.55,9.88,5.0,0.0,1.0,1.0,55.75,6.19,0.86,-0.23,34.78,10.0,7.84,9.0,0.0,2.0,0.93,-0.06,-0.64,28.4,12.6,7.5
Jordan Hicks,RP,FA,360.5,6.8,53.0,1.0,10.0,48.0,0.9,3.94,-0.28,-1.03,28.2,15.3,6.6,14.75,7.38,1.37,1.06,37.5,0.0,5.26,2.0,0.0,0.0,1.0,42.75,8.55,0.5,-0.22,33.33,18.75,3.26,5.0,0.0,2.0,0.73,79.5,8.83,0.51,-0.52,32.88,18.75,5.42,9.0,0.0,2.0,0.81,-0.47,-0.18,23.1,10.2,7.7
Tommy Nance,RP,FA,358.75,6.29,57.0,0.0,7.0,59.7,1.0,3.92,0.39,0.25,26.5,9.3,6.9,2.75,2.75,,,33.33,33.33,18.18,1.0,0.0,0.0,1.0,34.0,11.33,,,45.45,16.67,8.33,3.0,0.0,1.0,1.0,70.5,7.83,0.7,0.15,29.89,9.62,6.67,9.0,0.0,1.0,1.26,0.51,0.86,24.7,5.6,7.8
Kody Funderburk,RP,FA,356.5,6.15,58.0,1.0,14.0,51.0,0.9,3.71,-0.77,-0.65,22.9,12.2,7.2,8.75,8.75,,,57.14,0.0,10.53,1.0,0.0,0.0,1.0,27.0,5.4,,,25.0,0.0,13.16,5.0,0.0,2.0,0.47,77.75,6.48,-0.98,-1.3,21.21,8.11,12.26,12.0,0.0,4.0,0.67,-1.31,-1.02,21.4,9.8,9.4
Zac Gallen,SP,FA,355.25,16.15,22.0,0.0,0.0,105.3,4.8,6.07,-0.03,1.15,19.0,7.4,6.2,3.0,3.0,,,20.0,0.0,14.29,1.0,0.0,0.0,1.0,15.0,7.5,-0.52,-0.09,16.67,11.76,6.67,2.0,0.0,0.0,2.0,24.5,8.17,-0.72,-0.27,16.18,12.5,6.99,3.0,0.0,0.0,2.44,0.53,1.09,23.7,8.1,6.3
Lucas Erceg,RP,FA,354.25,6.81,52.0,13.0,5.0,48.3,0.9,5.59,-1.33,-1.03,20.9,14.0,7.1,32.0,10.67,-0.85,-0.84,18.18,23.08,5.88,3.0,1.0,1.0,1.0,34.75,8.69,-0.37,-0.34,21.43,17.65,4.76,4.0,1.0,1.0,1.0,40.75,8.15,-0.11,-0.03,21.62,15.0,5.19,5.0,1.0,1.0,1.0,-0.21,-0.13,24.7,7.2,8.9
Casey Legumina,RP,FA,351.0,6.38,55.0,0.0,7.0,71.7,1.3,3.77,-0.42,0.26,20.8,6.2,8.1,9.5,4.75,-0.8,-0.12,9.52,0.0,12.82,2.0,0.0,0.0,1.17,27.75,6.94,-0.16,0.46,16.67,0.0,10.13,4.0,0.0,0.0,1.33,48.25,5.36,-0.39,-0.23,19.77,9.26,8.11,9.0,0.0,0.0,1.33,-0.9,-1.08,24.6,11.4,8.8
Tim Mayza,RP,FA,350.0,5.83,60.0,0.0,2.0,67.3,1.1,3.48,0.43,1.15,22.2,6.6,6.5,6.0,3.0,-1.79,-0.9,0.0,10.0,12.82,2.0,0.0,0.0,1.0,5.75,1.15,-2.22,-1.3,2.86,16.67,12.0,5.0,0.0,1.0,0.6,32.0,4.0,-1.55,-0.7,9.68,8.82,9.92,8.0,0.0,1.0,1.0,-0.71,-0.97,25.4,6.8,10.6
Travis Adams,RP,FA,349.5,8.74,40.0,3.0,1.0,59.0,1.5,4.58,0.26,-0.14,27.5,10.1,7.2,17.25,17.25,0.45,0.52,26.32,12.5,2.5,1.0,0.0,0.0,2.0,57.25,14.31,0.66,0.29,30.77,7.41,6.73,4.0,1.0,0.0,1.92,84.25,10.53,0.7,0.33,28.42,9.26,6.19,8.0,1.0,0.0,1.83,0.37,0.5,25.6,10.8,6.2
J.R. Ritchie,SP,FA,347.0,20.41,17.0,1.0,2.0,73.3,4.3,4.91,-1.06,-0.96,22.4,13.2,7.3,10.75,10.75,-1.32,-0.51,4.26,7.69,11.49,1.0,0.0,0.0,5.67,56.75,18.92,-0.6,-0.27,17.19,10.0,9.02,3.0,0.0,0.0,5.11,56.75,18.92,-0.84,-0.57,17.19,10.0,9.02,3.0,0.0,0.0,5.11,,,,,
John Schreiber,RP,FA,343.75,5.21,66.0,2.0,14.0,60.3,0.9,3.28,-0.64,-0.07,20.9,10.6,6.9,6.75,3.38,,,33.33,0.0,11.76,2.0,0.0,0.0,0.67,7.0,1.4,-0.84,-0.29,13.79,5.26,12.07,5.0,0.0,0.0,0.8,56.0,5.09,-0.76,-0.58,18.18,9.3,9.3,11.0,1.0,0.0,1.0,0.21,0.7,23.4,7.2,7.4
Drew Sommers,SP,FA,343.25,7.98,43.0,0.0,13.0,39.7,0.9,3.63,-0.03,-1.25,31.1,8.3,9.7,7.75,7.75,,,25.0,33.33,0.0,1.0,0.0,0.0,0.67,44.0,11.0,1.36,0.85,35.71,4.76,4.48,4.0,0.0,0.0,1.17,88.75,8.88,0.47,0.68,22.97,4.17,6.96,10.0,0.0,3.0,1.07,,,,,
Kyle Hurt,SP,FA,342.75,7.79,44.0,1.0,9.0,45.7,1.0,4.14,0.97,-0.56,34.6,11.6,7.3,,,,,,,,,,,,11.75,11.75,,,35.71,0.0,4.17,1.0,0.0,0.0,2.0,25.5,8.5,,,27.59,0.0,7.69,3.0,0.0,0.0,1.22,,,,,
Hayden Wesneski,SP,T,342.75,31.16,11.0,0.0,0.0,61.0,5.5,3.25,-0.4,-0.27,23.6,8.1,8.2,47.25,47.25,0.72,0.45,32.56,3.7,7.32,1.0,0.0,0.0,7.0,68.5,34.25,-0.05,0.01,22.78,8.33,8.07,2.0,0.0,0.0,6.17,152.5,30.5,-0.38,0.02,17.99,7.08,8.1,5.0,0.0,0.0,5.67,-0.41,-0.11,23.2,4.6,10.0
Kris Bubic,SP,T,342.5,24.46,14.0,0.0,2.0,55.0,3.9,3.76,-0.66,-1.1,25.9,11.5,8.2,14.5,7.25,,,0.0,0.0,12.5,2.0,0.0,1.0,1.0,48.0,9.6,0.02,-0.11,25.0,0.0,14.08,5.0,0.0,2.0,0.93,48.0,9.6,,,25.0,0.0,14.08,5.0,0.0,2.0,0.93,0.87,0.57,28.8,8.2,7.2
Noah Schultz,SP,T,342.25,18.01,19.0,0.0,1.0,74.3,3.9,5.57,-0.76,-0.26,21.0,9.6,7.6,14.0,14.0,0.07,0.77,15.38,0.0,7.14,1.0,0.0,0.0,3.33,59.5,14.88,0.42,1.04,19.67,0.0,6.09,4.0,0.0,1.0,2.25,59.5,14.88,0.68,1.41,19.67,0.0,6.09,4.0,0.0,1.0,2.25,,,,,
Caleb Thielbar,RP,FA,339.75,5.86,58.0,3.0,7.0,50.0,0.9,4.86,-0.26,-1.14,28.9,8.1,9.6,6.75,6.75,,,37.5,0.0,15.38,1.0,0.0,0.0,1.33,9.25,3.08,,,21.43,0.0,11.11,3.0,0.0,0.0,1.11,37.0,4.11,-0.34,-1.03,26.76,11.11,10.14,9.0,0.0,0.0,0.93,0.4,0.29,26.9,5.9,8.7
Miles Mikolas,SP,FA,338.0,13.52,25.0,0.0,0.0,116.0,4.6,5.82,-0.32,1.64,14.5,4.6,6.5,,,,,,,,,,,,,,,,,,,,,,,,,,,,,,,,,,-1.22,0.06,16.5,5.5,9.3
Patrick Corbin,SP,FA,336.25,17.7,19.0,1.0,0.0,80.0,4.2,5.51,0.67,1.7,21.1,6.9,5.5,,,,,,,,,,,,,,,,,,,,,,,,,,,,,,,,,,0.97,1.08,26.9,7.7,6.5
Kyle Finnegan,RP,FA,334.75,5.31,63.0,2.0,14.0,60.7,1.0,4.3,-1.0,-1.43,25.2,12.6,8.3,,,,,,,,,,,,,,,,,,,,,,,6.0,0.86,-0.5,-0.78,22.78,6.25,11.19,7.0,0.0,0.0,0.81,-0.18,-0.07,24.6,7.9,8.5
Kyle Hart,RP,FA,331.25,7.2,46.0,0.0,9.0,64.0,1.4,4.92,-0.22,0.15,22.7,9.7,6.9,2.0,2.0,-0.05,-2.02,50.0,42.86,3.57,1.0,0.0,0.0,1.0,8.75,4.38,,,46.15,44.44,2.63,2.0,0.0,1.0,0.67,44.25,5.53,-0.37,-0.75,24.24,19.51,5.92,8.0,0.0,2.0,1.08,-0.34,0.62,19.9,7.3,7.5
Will Klein,RP,FA,330.25,9.17,36.0,2.0,12.0,41.7,1.1,3.67,-0.93,-1.07,23.9,11.1,8.3,,,,,,,,,,,,,,,,,,,,,,,,,,,,,,,,,,0.41,0.22,27.3,14.3,5.2
Wandy Peralta,RP,FA,329.5,5.07,65.0,0.0,4.0,77.3,1.2,3.61,0.43,1.13,22.3,7.2,6.3,9.0,9.0,1.29,1.26,33.33,0.0,4.0,1.0,0.0,0.0,2.0,19.25,6.42,0.57,1.3,19.35,0.0,4.29,3.0,0.0,0.0,1.78,54.75,6.08,0.99,1.27,24.49,2.0,5.76,9.0,0.0,0.0,1.37,1.06,0.79,29.0,9.6,6.2
Luis Severino,SP,FA,329.0,27.42,12.0,0.0,0.0,62.7,5.2,4.16,-0.97,-0.95,23.0,11.4,8.0,,,,,,,,,,,,,,,,,,,,,,,,,,,,,,,,,,-0.37,0.89,18.3,7.1,7.1
Trevor McDonald,SP,FA,328.0,23.43,14.0,0.0,0.0,70.3,5.0,5.12,-0.2,0.46,21.3,7.4,7.3,,,,,,,,,,,,,,,,,,,,,,,,,,,,,,,,,,3.17,3.62,29.6,3.3,3.8
Ryan Yarbrough,RP,FA,326.75,8.6,38.0,3.0,2.0,63.3,1.7,3.69,0.21,0.29,25.0,8.6,7.1,20.75,20.75,1.8,0.92,48.15,8.33,2.04,1.0,0.0,0.0,2.33,31.75,10.58,1.23,0.65,35.85,4.35,6.12,3.0,0.0,0.0,1.56,58.0,9.67,0.7,0.26,29.03,4.76,8.2,6.0,0.0,1.0,1.72,0.54,0.53,26.6,7.2,7.7
Sam Bachman,RP,FA,325.5,7.4,44.0,1.0,17.0,48.7,1.1,4.81,0.56,-0.88,33.3,13.4,7.1,3.0,3.0,0.5,-0.43,40.0,14.29,7.69,1.0,0.0,0.0,0.67,0.25,0.08,0.89,0.15,35.71,10.53,5.8,3.0,0.0,0.0,1.0,0.25,0.08,,,35.71,10.53,5.8,3.0,0.0,0.0,1.0,0.06,-0.17,26.8,10.6,7.5
Blake Snell,SP,T,325.25,36.14,9.0,0.0,0.0,42.7,4.7,1.9,2.91,2.08,34.8,9.2,4.0,17.75,17.75,0.52,0.87,23.08,0.0,6.49,1.0,0.0,0.0,4.0,23.5,11.75,0.54,1.02,21.74,0.0,6.25,2.0,0.0,0.0,2.5,122.25,30.56,1.4,1.31,29.17,6.15,4.03,4.0,0.0,0.0,4.17,2.47,1.48,35.6,10.2,4.7
Jordan Romano,RP,FA,324.5,8.54,38.0,15.0,1.0,33.7,0.9,5.61,0.05,-0.57,28.2,12.4,7.0,8.25,4.12,0.52,0.72,25.0,10.0,2.44,2.0,0.0,0.0,1.0,18.5,4.62,0.92,0.54,32.14,10.53,3.08,4.0,0.0,0.0,1.0,59.25,5.92,0.9,0.32,30.95,11.63,5.29,10.0,2.0,0.0,0.97,0.35,-0.14,28.7,9.1,8.1
Randy Dobnak,SP,FA,324.0,21.6,15.0,0.0,0.0,74.3,4.9,3.51,0.35,1.66,19.1,8.1,5.1,-4.75,-4.75,-0.14,0.17,19.05,7.69,7.14,1.0,0.0,0.0,1.33,-1.0,-0.5,-0.59,0.34,11.32,9.38,5.17,2.0,0.0,0.0,2.5,78.75,15.75,0.08,0.88,16.67,4.9,5.99,5.0,0.0,0.0,4.53,,,,,
Patrick Sandoval,SP,FA,322.5,21.5,15.0,0.0,0.0,70.3,4.7,5.12,0.01,-0.05,25.3,10.0,7.1,26.75,13.38,-0.09,0.31,18.33,3.85,8.18,2.0,0.0,0.0,2.83,49.25,16.42,-0.01,0.29,20.54,5.56,7.84,3.0,0.0,0.0,4.22,94.75,15.79,-0.25,-0.26,21.82,8.77,8.43,6.0,0.0,0.0,4.22,,,,,
Grant Anderson,RP,FA,320.5,6.16,52.0,0.0,5.0,59.0,1.1,3.36,-0.3,-0.5,25.4,9.8,7.9,,,,,,,,,,,,,,,,,,,,,,,20.0,10.0,,,22.73,13.33,8.2,2.0,0.0,0.0,1.83,0.23,-0.72,30.9,9.7,8.9
Tyron Guerrero,RP,FA,320.25,8.01,40.0,0.0,19.0,40.7,1.0,3.1,-0.06,0.1,24.1,4.8,8.9,17.75,17.75,,,37.5,25.0,9.09,1.0,0.0,1.0,1.0,26.75,13.38,,,31.82,14.29,11.76,2.0,0.0,1.0,1.0,17.25,5.75,,,29.63,16.67,12.77,3.0,0.0,1.0,0.78,,,,,
Yusei Kikuchi,SP,FA,320.0,22.86,14.0,0.0,0.0,67.7,4.8,4.92,-1.07,-1.18,23.5,9.8,9.0,26.25,26.25,-0.36,-0.02,17.02,4.35,10.0,1.0,0.0,0.0,5.0,54.75,18.25,-0.66,-0.06,14.18,10.14,7.47,3.0,0.0,0.0,4.89,128.0,25.6,-0.85,-0.57,17.05,12.39,8.08,5.0,0.0,0.0,4.93,-0.53,-0.37,23.6,9.6,8.3
Zach Agnos,RP,FA,318.75,7.77,41.0,2.0,1.0,91.0,2.2,5.93,-0.62,-0.08,21.1,8.6,7.7,,,,,,,,,,,,19.75,9.88,-0.53,-0.08,16.36,3.33,11.82,2.0,0.0,0.0,3.5,30.75,5.12,-1.77,-1.98,17.17,13.11,12.67,6.0,0.0,1.0,2.06,0.35,-0.26,29.4,11.7,7.2
Luinder Avila,RP,FA,317.75,15.13,21.0,0.0,0.0,70.0,3.3,5.53,-0.78,-0.87,23.9,13.6,7.0,,,,,,,,,,,,,,,,,,,,,,,,,,,,,,,,,,0.76,0.36,29.1,10.7,6.5
Cam Booser,RP,FA,314.75,7.49,42.0,0.0,13.0,41.0,1.0,1.98,1.29,1.07,28.6,3.9,7.7,16.75,8.38,0.86,1.34,23.53,0.0,3.45,2.0,0.0,1.0,0.83,41.75,8.35,,,27.59,0.0,4.26,5.0,0.0,3.0,0.8,63.25,5.75,1.66,1.88,27.69,0.0,4.46,11.0,0.0,4.0,0.82,0.32,-0.42,30.0,13.3,6.8
Robert Suarez,RP,FA,313.0,9.48,33.0,4.0,12.0,34.0,1.0,1.06,0.87,1.58,23.1,4.6,6.6,1.25,0.62,,,0.0,0.0,9.52,2.0,0.0,0.0,1.0,1.25,0.62,,,0.0,0.0,9.52,2.0,0.0,0.0,1.0,1.25,0.62,,,0.0,0.0,9.52,2.0,0.0,0.0,1.0,-0.2,0.02,24.0,5.9,9.2
Victor Vodnik,RP,FA,312.75,5.9,53.0,4.0,6.0,58.7,1.1,4.91,-0.34,-0.51,25.2,12.4,6.9,11.5,5.75,0.23,-0.77,38.89,11.11,11.43,2.0,0.0,0.0,1.0,29.25,7.31,-0.09,-0.6,28.21,10.53,10.96,4.0,0.0,0.0,1.25,48.25,4.39,-0.57,-1.16,25.0,11.86,10.31,11.0,0.0,0.0,1.18,0.2,0.08,26.5,12.1,6.4
Mitch Farris,SP,FA,307.25,9.31,33.0,1.0,1.0,60.0,1.8,4.05,0.12,-0.59,28.8,11.2,7.5,12.0,6.0,0.36,0.25,28.12,10.0,5.48,2.0,0.0,0.0,2.0,43.25,8.65,0.37,0.1,28.12,10.26,6.25,5.0,0.0,0.0,1.93,57.5,9.58,0.59,0.22,28.0,10.42,6.11,6.0,0.0,0.0,1.94,0.88,0.62,28.6,10.3,6.2
Cole Winn,RP,FA,306.5,6.01,51.0,1.0,9.0,48.0,0.9,5.63,0.23,-0.22,27.7,7.4,8.4,,,,,,,,,,,,,,,,,,,,,,,,,,,,,,,,,,-0.59,-0.31,22.9,10.5,7.8
A.J. Minter,RP,FA,305.0,6.35,48.0,1.0,11.0,45.7,0.9,2.56,-0.25,-0.03,23.4,4.3,9.3,9.75,4.88,,,0.0,0.0,18.75,2.0,0.0,1.0,1.0,39.75,6.62,-0.6,-0.35,17.95,4.35,13.04,6.0,0.0,3.0,0.89,88.25,7.35,-0.59,-0.22,17.39,4.08,10.11,12.0,1.0,5.0,0.92,2.59,1.91,34.2,9.3,4.3
Hunter Dobbins,SP,FA,301.75,27.43,11.0,1.0,0.0,54.0,4.9,3.67,0.21,0.66,23.1,10.4,5.8,,,,,,,,,,,,,,,,,,,,,,,,,,,,,,,,,,-0.53,-0.04,21.9,6.6,9.0
Sam Moll,RP,FA,298.0,4.58,65.0,1.0,7.0,56.3,0.9,4.79,-0.5,-0.22,22.6,11.7,6.7,,,,,,,,,,,,,,,,,,,,,,,4.75,4.75,,,18.18,0.0,8.0,1.0,0.0,0.0,1.0,0.53,-0.74,33.1,12.3,7.8
Nate Pearson,SP,FA,296.25,7.05,42.0,4.0,6.0,46.0,1.1,4.11,-1.62,-1.84,23.0,13.0,8.8,0.75,0.38,-3.4,-4.4,14.29,55.56,12.5,2.0,0.0,0.0,0.67,-4.0,-0.8,-1.0,-1.53,23.68,25.93,7.92,5.0,0.0,0.0,0.8,63.0,5.73,-0.57,-0.97,23.6,14.04,8.82,11.0,1.0,2.0,1.03,-4.03,-4.35,19.0,13.3,13.9
Orlando Ribalta,RP,FA,295.5,6.57,45.0,2.0,12.0,43.0,1.0,3.77,0.69,0.61,26.7,10.1,6.0,,,,,,,,,,,,,,,,,,,,,,,9.0,9.0,,,50.0,0.0,0.0,1.0,0.0,0.0,1.0,-0.58,-0.86,25.8,14.2,7.2
Shane Bieber,SP,FA,293.25,26.66,11.0,0.0,0.0,55.7,5.0,4.37,0.22,0.6,23.5,9.9,6.1,,,,,,,,,,,,,,,,,,,,,,,,,,,,,,,,,,1.56,1.7,27.9,4.4,6.8
Cristian Javier,SP,FA,291.0,17.12,17.0,0.0,0.0,63.0,3.7,5.14,0.61,0.05,29.0,10.1,6.9,,,,,,,,,,,,25.25,12.62,-0.46,-0.1,17.54,15.15,4.62,2.0,0.0,0.0,3.67,107.25,26.81,0.57,0.14,28.37,12.5,5.56,4.0,0.0,0.0,4.58,-0.08,0.18,24.0,9.6,7.3
Dennis Santana,RP,FA,290.75,5.1,57.0,3.0,5.0,56.7,1.0,5.56,-0.55,-0.92,25.8,10.0,8.5,-2.25,-1.12,0.15,0.49,20.59,11.11,3.39,2.0,0.0,0.0,1.5,3.75,1.25,-0.01,0.6,17.5,8.33,4.0,3.0,0.0,0.0,1.67,46.75,6.68,0.55,0.85,22.54,7.32,5.15,7.0,1.0,0.0,1.38,0.31,0.09,27.3,6.3,8.9
Jimmy Herget,RP,FA,290.5,5.7,51.0,3.0,10.0,53.7,1.0,5.7,-1.14,-1.54,24.8,11.0,9.1,14.75,14.75,-0.87,-0.95,19.23,7.69,14.29,1.0,0.0,0.0,2.67,23.25,7.75,-0.73,-0.63,18.75,4.35,14.94,3.0,0.0,0.0,1.89,49.25,6.16,-1.0,-1.03,18.82,8.51,11.17,8.0,0.0,1.0,1.42,-0.19,-0.53,26.9,7.5,9.5
Will Dion,RP,FA,290.25,10.75,27.0,1.0,1.0,49.7,1.8,3.62,0.46,0.32,26.6,8.5,7.1,42.5,21.25,-0.42,0.02,15.38,11.11,6.41,2.0,0.0,0.0,2.0,82.25,16.45,-0.39,-0.07,18.42,10.81,7.14,5.0,1.0,1.0,1.73,96.0,10.67,-0.3,-0.09,19.84,12.9,6.23,9.0,1.0,1.0,1.7,,,,,
Albert Suarez,RP,FA,289.75,10.35,28.0,1.0,0.0,63.0,2.2,3.86,0.92,1.53,23.7,7.6,5.5,34.25,34.25,0.04,-0.0,25.0,0.0,12.07,1.0,0.0,0.0,4.0,34.25,34.25,0.21,0.18,25.0,0.0,12.07,1.0,0.0,0.0,4.0,48.0,16.0,0.81,0.59,27.78,3.12,7.69,3.0,0.0,0.0,2.67,1.17,1.9,24.1,4.5,6.4
Joel Kuhnel,RP,FA,288.75,6.42,45.0,8.0,6.0,45.0,1.0,4.4,-0.65,-0.47,22.8,8.9,8.2,16.5,5.5,0.84,-0.42,46.67,20.0,4.76,3.0,0.0,0.0,0.89,33.0,6.6,-0.01,-0.72,30.56,18.18,7.06,5.0,1.0,0.0,0.87,67.25,6.72,-0.08,-0.21,23.38,13.33,6.45,10.0,2.0,1.0,0.97,,,,,
Jason Adam,RP,T,283.0,7.45,38.0,2.0,18.0,34.3,0.9,2.62,0.5,-0.0,28.5,7.0,8.2,9.5,4.75,-1.18,-2.02,27.27,25.0,12.5,2.0,0.0,1.0,1.0,9.5,4.75,,,27.27,25.0,12.5,2.0,0.0,1.0,1.0,9.5,4.75,,,27.27,25.0,12.5,2.0,0.0,1.0,1.0,0.72,-0.52,33.3,9.3,8.7
Trent Thornton,RP,FA,282.5,5.89,48.0,3.0,6.0,48.3,1.0,3.35,-0.48,0.21,20.6,8.7,7.2,,,,,,,,,,,,,,,,,,,,,,,29.5,5.9,,,20.0,5.26,4.84,5.0,0.0,1.0,0.8,-0.45,0.34,20.6,7.8,7.8
Jose Suarez,RP,FA,282.25,6.27,45.0,1.0,3.0,61.3,1.4,5.87,0.31,0.09,26.7,9.7,7.0,,,,,,,,,,,,,,,,,,,,,,,-2.0,-1.0,,,33.33,15.38,4.88,2.0,0.0,0.0,0.83,-0.59,-2.39,33.6,12.3,10.8
Chase Shugart,RP,FA,281.25,6.11,46.0,0.0,0.0,53.7,1.2,4.02,-0.22,0.01,23.4,9.0,7.4,16.0,8.0,-0.27,0.39,13.33,9.09,5.0,2.0,0.0,0.0,1.17,20.5,5.12,-0.82,0.08,10.34,11.11,5.88,4.0,0.0,0.0,1.0,40.0,4.44,-0.13,0.9,14.04,5.71,5.6,9.0,0.0,0.0,1.07,-0.4,-0.38,24.6,9.4,8.4
Tim Hill,RP,FA,280.25,4.18,67.0,2.0,10.0,58.7,0.9,4.6,-1.56,0.2,13.1,5.4,8.5,3.5,1.75,,,8.33,0.0,5.26,2.0,0.0,0.0,0.67,6.25,2.08,,,6.25,0.0,3.85,3.0,0.0,0.0,0.78,16.5,2.36,-0.34,0.88,11.63,7.14,5.1,7.0,0.0,0.0,0.81,-0.71,0.79,16.4,5.9,7.8
Tony Santillan,RP,FA,279.5,6.35,44.0,5.0,11.0,40.7,0.9,6.42,-0.81,-0.7,22.9,14.7,6.3,,,,,,,,,,,,2.5,2.5,,,20.0,40.0,6.25,1.0,0.0,0.0,1.0,34.25,4.89,-1.0,-1.18,20.0,20.0,7.2,7.0,0.0,0.0,1.0,-0.02,-0.31,27.0,9.6,8.2
Keaton Winn,RP,FA,277.75,6.31,44.0,1.0,14.0,43.0,1.0,3.35,-0.36,-0.1,23.0,9.7,7.3,,,,,,,,,,,,,,,,,,,,,,,,,,,,,,,,,,1.69,1.33,30.8,4.8,7.3
Brad Keller,RP,FA,276.0,8.62,32.0,3.0,13.0,31.3,1.0,4.02,-0.86,-0.7,22.5,9.6,8.3,,,,,,,,,,,,,,,,,,,,,,,,,,,,,,,,,,1.04,1.17,26.9,8.0,6.2
Samy Natera Jr.,RP,FA,274.75,9.81,28.0,3.0,5.0,31.7,1.1,3.13,1.48,-0.09,35.7,9.9,7.2,,,,,,,,,,,,,,,,,,,,,,,19.5,3.9,-0.05,-0.54,26.32,11.11,8.47,5.0,0.0,1.0,0.93,,,,,
Justin Slaten,RP,FA,274.75,7.63,36.0,0.0,17.0,31.3,0.9,4.6,0.11,0.1,25.2,5.8,8.5,,,,,,,,,,,,,,,,,,,,,,,,,,,,,,,,,,0.26,-0.1,27.9,7.3,8.8
Brandon Woodruff,SP,T,273.5,30.39,9.0,0.0,0.0,45.3,5.0,2.98,-0.38,-0.25,23.6,5.7,9.1,,,,,,,,,,,,,,,,,,,,,,,,,,,,,,,,,,0.79,0.63,27.9,5.4,8.3
Pierce Johnson,RP,FA,272.5,4.87,56.0,1.0,8.0,48.7,0.9,4.62,-0.41,-0.37,24.0,9.0,8.0,11.0,5.5,0.11,-0.23,29.41,0.0,13.51,2.0,0.0,0.0,1.0,20.5,5.12,0.42,-0.04,30.3,6.25,9.72,4.0,0.0,0.0,1.0,40.5,3.68,0.0,0.06,22.22,8.7,7.33,11.0,0.0,1.0,0.91,0.34,0.34,26.2,8.0,7.7
Cade Gibson,RP,FA,272.5,5.8,47.0,0.0,4.0,50.3,1.1,5.36,-0.54,-0.18,22.1,9.5,7.5,22.0,11.0,-0.21,-1.24,36.36,0.0,20.0,2.0,0.0,0.0,0.83,32.75,6.55,-0.32,-0.56,24.32,0.0,17.14,5.0,0.0,0.0,0.73,89.25,6.38,-0.3,-0.52,23.17,4.35,11.05,14.0,0.0,0.0,0.86,-0.27,0.25,22.3,9.1,7.4
Evan Sisk,RP,FA,272.25,6.64,41.0,0.0,6.0,44.7,1.1,3.02,0.28,-0.09,27.4,12.7,6.1,16.75,8.38,0.85,-0.65,50.0,18.18,7.14,2.0,0.0,1.0,1.0,16.75,8.38,,,50.0,18.18,7.14,2.0,0.0,1.0,1.0,11.0,3.67,,,38.1,33.33,6.25,3.0,0.0,1.0,0.78,1.0,0.32,31.0,12.5,5.8
Jackson Jobe,SP,T,271.5,30.17,9.0,0.0,0.0,46.0,5.1,3.91,0.31,0.37,25.3,8.3,7.1,42.75,42.75,0.06,-0.68,34.29,9.52,11.63,1.0,0.0,0.0,5.33,86.5,43.25,0.47,0.06,30.23,6.67,8.79,2.0,0.0,0.0,5.67,188.0,37.6,0.2,0.08,24.42,7.02,7.93,5.0,0.0,0.0,5.53,-0.15,-0.04,24.7,12.4,6.5
John King,RP,FA,271.5,5.43,50.0,1.0,4.0,49.7,1.0,3.99,-0.26,0.29,21.7,8.6,7.1,,,,,,,,,,,,,,,,,,,,,,,,,,,,,,,,,,-0.25,0.75,19.9,6.3,7.7
Julian Garcia,SP,FA,269.0,8.15,33.0,2.0,3.0,46.0,1.4,3.13,-0.02,-0.57,27.7,10.6,7.7,,,,,,,,,,,,3.25,3.25,,,20.0,16.67,0.0,1.0,0.0,0.0,1.0,46.0,5.75,-0.47,-0.19,18.57,15.0,5.73,8.0,0.0,0.0,1.21,,,,,
Anthony Bender,RP,FA,268.75,7.68,35.0,2.0,8.0,34.3,1.0,2.62,-1.24,-1.51,24.0,8.6,10.0,,,,,,,,,,,,,,,,,,,,,,,,,,,,,,,,,,-1.27,-0.81,20.6,10.3,8.8
Kirby Yates,RP,FA,267.75,5.82,46.0,3.0,1.0,42.3,0.9,3.19,0.42,-0.01,28.0,9.6,7.2,13.25,6.62,0.27,1.14,14.29,0.0,4.76,2.0,0.0,0.0,1.33,13.25,6.62,,,14.29,0.0,4.76,2.0,0.0,0.0,1.33,13.25,6.62,,,14.29,0.0,4.76,2.0,0.0,0.0,1.33,1.61,0.34,35.3,10.1,6.8
Austin Warren,RP,FA,267.75,6.53,41.0,0.0,2.0,50.3,1.2,4.11,0.28,-0.07,27.3,11.1,6.7,10.25,5.12,1.11,0.39,41.18,10.0,4.55,2.0,0.0,0.0,1.17,21.0,5.25,0.82,-0.33,39.39,11.11,8.75,4.0,0.0,0.0,1.25,53.5,5.35,0.59,0.01,29.58,10.53,6.78,10.0,0.0,1.0,1.03,,,,,
JT Brubaker,RP,FA,266.25,6.49,41.0,2.0,3.0,60.3,1.5,3.58,-0.11,0.66,20.9,10.4,5.8,,,,,,,,,,,,,,,,,,,,,,,,,,,,,,,,,,0.06,0.4,23.9,10.3,6.6
Dylan Smith,RP,FA,266.25,6.34,42.0,4.0,7.0,39.7,0.9,3.86,-1.03,-1.44,25.1,12.4,8.4,10.25,3.42,-1.32,-0.62,5.88,18.18,6.98,3.0,0.0,0.0,0.89,7.5,1.5,-1.08,-1.0,17.14,19.05,8.43,5.0,0.0,0.0,0.87,37.5,3.75,-1.55,-1.17,13.41,17.02,8.33,10.0,1.0,0.0,1.0,-1.63,-2.0,24.1,10.4,10.9
Jack Kochanowicz,SP,T,265.75,20.44,13.0,0.0,0.0,64.0,4.9,6.19,-0.62,-0.59,23.6,12.2,7.1,,,,,,,,,,,,,,,,,,,,,,,,,,,,,,,,,,-1.18,-0.72,20.8,11.3,8.2
Blade Tidwell,SP,FA,265.25,15.6,17.0,1.0,1.0,56.7,3.3,4.45,-0.47,-0.28,23.1,8.9,7.9,,,,,,,,,,,,19.25,19.25,-1.02,-1.12,19.23,0.0,21.05,1.0,0.0,0.0,3.33,92.75,23.19,-0.75,-0.8,20.0,9.88,9.85,4.0,0.0,0.0,4.75,-1.03,-0.31,19.7,12.8,6.8
Cionel Perez,RP,FA,264.5,6.61,40.0,0.0,6.0,45.3,1.1,4.76,-0.38,-0.33,24.0,9.6,7.7,12.0,4.0,-0.73,-0.29,13.33,15.38,6.25,3.0,0.0,0.0,1.0,22.5,5.62,-1.2,-0.8,13.33,17.65,7.95,4.0,0.0,1.0,0.92,22.5,5.62,-1.53,-1.13,13.33,17.65,7.95,4.0,0.0,1.0,0.92,-2.16,-2.82,24.6,16.4,9.8
Richard Lovelady,RP,FA,263.25,6.93,38.0,4.0,10.0,35.0,0.9,4.11,-0.81,-0.59,22.3,14.0,6.4,4.75,2.38,-0.64,0.08,10.0,23.08,0.0,2.0,0.0,0.0,1.17,17.75,4.44,-0.71,-0.15,14.29,13.64,5.95,4.0,0.0,1.0,0.92,31.5,6.3,-0.65,-0.14,16.0,11.54,6.93,5.0,0.0,1.0,0.93,0.11,-0.47,28.7,10.5,8.1
Jaden Hill,RP,FA,262.75,5.71,46.0,2.0,13.0,39.7,0.9,5.22,-0.34,-1.33,29.3,12.7,8.1,14.75,7.38,1.46,0.01,53.33,0.0,12.0,2.0,0.0,0.0,1.0,20.75,5.19,,,40.0,0.0,13.33,4.0,0.0,0.0,1.0,45.0,4.5,-0.55,-1.6,28.77,10.81,12.24,10.0,0.0,1.0,0.9,0.07,-0.02,26.1,9.3,7.8
Justin Sterner,RP,FA,262.25,5.7,46.0,1.0,12.0,42.7,0.9,6.12,1.54,1.16,29.9,7.1,6.3,,,,,,,,,,,,,,,,,,,,,,,,,,,,,,,,,,1.28,0.75,30.8,7.9,7.0
Stephen Kolek,SP,FA,261.25,26.12,10.0,0.0,0.0,54.0,5.4,4.5,0.21,1.32,19.8,5.4,6.7,,,,,,,,,,,,,,,,,,,,,,,,,,,,,,,,,,-1.02,0.1,17.7,6.7,8.7
Jeremiah Estrada,RP,FA,261.0,7.91,33.0,1.0,12.0,31.0,0.9,3.48,0.41,-0.77,31.7,12.7,7.2,,,,,,,,,,,,,,,,,,,,,,,,,,,,,,,,,,1.84,0.74,34.9,8.9,6.6
Tyler Zuber,RP,FA,259.75,5.9,44.0,1.0,10.0,39.7,0.9,5.67,-0.76,-0.64,22.9,6.3,9.5,,,,,,,,,,,,-3.75,-1.88,,,15.79,0.0,17.95,2.0,0.0,0.0,1.0,41.75,3.8,-0.88,-1.02,20.22,10.0,10.55,11.0,0.0,2.0,0.94,-1.92,-1.56,19.8,10.2,10.2
Quinn Mathews,SP,T,259.0,28.78,9.0,0.0,0.0,49.3,5.5,3.83,0.76,0.7,26.8,9.5,6.1,26.25,26.25,-0.83,-0.98,20.51,9.52,13.58,1.0,0.0,0.0,5.0,56.0,28.0,-0.32,-0.1,19.77,8.0,9.04,2.0,0.0,0.0,6.0,165.75,33.15,0.11,0.05,23.58,9.76,6.96,5.0,0.0,0.0,5.93,,,,,
Graham Ashcraft,RP,FA,258.25,7.38,35.0,1.0,11.0,35.3,1.0,4.08,-0.01,-1.12,30.5,15.9,6.5,14.25,4.75,-0.42,-0.2,18.18,16.67,5.0,3.0,0.0,0.0,1.0,25.5,5.1,-0.63,-0.51,19.05,19.05,5.06,5.0,0.0,0.0,1.0,38.5,4.28,-0.58,-0.76,21.79,19.05,6.13,9.0,0.0,1.0,0.93,0.95,0.48,29.8,8.8,7.1
Alex Hoppe,RP,FA,256.25,6.1,42.0,1.0,5.0,42.7,1.0,4.43,-0.29,-0.58,25.9,10.4,7.8,6.5,6.5,,,33.33,16.67,13.64,1.0,0.0,0.0,1.0,12.5,6.25,,,31.25,11.11,11.76,2.0,0.0,0.0,1.0,39.5,4.94,-1.24,-1.3,18.18,18.92,8.05,8.0,0.0,1.0,0.75,,,,,
Gabriel Hughes,SP,FA,251.0,17.93,14.0,1.0,0.0,64.0,4.6,6.33,-0.39,0.32,20.7,8.5,7.1,,,,,,,,,,,,24.5,24.5,0.46,0.56,25.0,5.0,6.32,1.0,0.0,0.0,4.67,73.25,18.31,0.18,0.14,23.72,6.94,7.74,4.0,0.0,0.0,4.08,,,,,
Anthony Banda,RP,FA,249.5,6.4,39.0,2.0,10.0,34.3,0.9,4.46,0.6,0.48,26.7,9.6,6.4,,,,,,,,,,,,,,,,,,,,,,,,,,,,,,,,,,-1.05,-1.79,27.2,13.0,9.4
Jacob Waguespack,RP,FA,247.75,7.08,35.0,0.0,5.0,47.0,1.3,2.49,-0.21,-0.37,25.4,9.8,7.7,27.0,13.5,0.19,0.08,26.92,7.69,7.69,2.0,0.0,0.0,1.67,50.5,12.62,0.22,-0.19,28.89,8.33,9.47,4.0,0.0,0.0,1.58,90.75,9.07,0.14,-0.19,25.81,12.28,6.8,10.0,0.0,1.0,1.47,,,,,
Chase Dollander,SP,T,246.75,24.68,10.0,0.0,0.0,44.0,4.4,3.89,-0.37,-1.11,28.0,9.5,9.0,,,,,,,,,,,,,,,,,,,,,,,,,,,,,,,,,,-0.69,-0.45,22.9,11.1,7.8
Ty Madden,SP,FA,246.25,12.31,20.0,0.0,1.0,47.0,2.4,3.26,1.38,1.89,25.1,7.4,5.0,18.0,18.0,1.75,1.45,40.0,0.0,2.78,1.0,0.0,0.0,3.0,35.75,11.92,0.86,1.22,24.53,3.45,2.75,3.0,0.0,0.0,2.67,35.75,11.92,1.46,1.98,24.53,3.45,2.75,3.0,0.0,0.0,2.67,,,,,
PJ Poulin,RP,FA,246.0,7.03,35.0,3.0,7.0,36.7,1.0,2.7,-2.12,-1.33,16.9,13.7,7.7,,,,,,,,,,,,,,,,,,,,,,,,,,,,,,,,,,-0.41,-0.78,26.6,11.8,8.1
Gus Varland,RP,FA,245.5,7.22,34.0,6.0,6.0,33.0,1.0,6.55,-0.67,-0.29,21.8,9.7,7.6,18.0,18.0,,,14.29,0.0,21.43,1.0,0.0,0.0,1.33,18.0,18.0,,,14.29,0.0,21.43,1.0,0.0,0.0,1.33,18.0,18.0,,,14.29,0.0,21.43,1.0,0.0,0.0,1.33,,,,,
Sam Hentges,RP,FA,241.5,5.37,45.0,0.0,11.0,36.7,0.8,3.19,-0.02,-0.46,27.2,14.5,6.0,24.25,8.08,0.2,1.18,12.5,9.09,0.0,3.0,0.0,1.0,0.78,29.25,5.85,-0.51,0.16,14.29,10.53,5.71,5.0,0.0,1.0,0.73,29.25,5.85,,,14.29,10.53,5.71,5.0,0.0,1.0,0.73,,,,,
Mark Leiter Jr.,RP,FA,241.0,6.69,36.0,4.0,5.0,33.7,0.9,4.28,1.24,0.66,30.3,7.6,6.9,,,,,,,,,,,,,,,,,,,,,,,,,,,,,,,,,,1.18,0.94,29.1,7.8,6.7
Spencer Strider,SP,T,239.75,29.97,8.0,0.0,0.0,39.0,4.9,5.31,0.14,-0.94,30.7,12.1,7.7,,,,,,,,,,,,,,,,,,,,,,,,,,,,,,,,,,0.86,0.21,30.6,9.5,7.3
Victor Mederos,SP,FA,238.75,7.96,30.0,1.0,2.0,34.3,1.1,3.41,0.95,0.32,30.0,9.5,6.7,23.5,11.75,0.22,-0.36,33.33,20.0,4.35,2.0,0.0,0.0,1.17,48.5,12.12,0.69,0.08,33.33,13.33,4.55,4.0,0.0,1.0,1.0,58.25,6.47,0.02,-0.4,26.09,11.11,7.97,9.0,0.0,1.0,0.85,-1.95,-2.11,22.4,14.8,9.2
Brandon Eisert,RP,FA,237.25,5.93,40.0,0.0,2.0,44.0,1.1,5.52,1.9,1.52,30.6,7.4,5.6,-1.0,-0.5,-0.47,-1.22,30.77,11.11,14.29,2.0,0.0,0.0,0.83,6.25,1.56,-0.88,-1.16,21.74,11.76,14.04,4.0,0.0,0.0,0.83,53.75,6.72,0.25,-0.43,28.99,5.13,10.42,8.0,0.0,0.0,1.21,1.79,1.23,32.0,8.2,6.0
Tobias Myers,RP,FA,235.5,7.36,32.0,2.0,3.0,53.7,1.7,5.53,-1.22,-0.75,20.3,7.0,9.4,9.0,9.0,,,33.33,0.0,21.43,1.0,0.0,0.0,1.0,18.0,6.0,-0.67,-1.16,25.0,17.65,10.45,3.0,0.0,0.0,1.33,63.0,10.5,0.23,-0.88,32.35,9.38,10.32,6.0,1.0,0.0,1.28,-0.04,0.74,21.4,6.8,7.5
Daniel Duarte,RP,T,231.5,9.65,24.0,2.0,6.0,29.7,1.2,2.12,0.26,0.85,22.5,6.3,7.1,,,,,,,,,,,,,,,,,,,,,,,34.5,6.9,-0.96,-0.2,12.77,8.0,8.51,5.0,0.0,1.0,1.13,,,,,
Brandon Williamson,SP,FA,230.75,19.23,12.0,0.0,0.0,52.7,4.4,5.3,0.3,0.71,23.5,13.0,4.7,6.25,6.25,-0.71,-0.61,17.86,18.75,6.58,1.0,0.0,0.0,3.0,52.0,17.33,0.02,0.53,18.57,6.98,5.33,3.0,0.0,0.0,3.67,121.25,20.21,-0.08,0.08,21.05,9.71,6.87,6.0,0.0,0.0,4.11,,,,,
Ron Marinaccio,RP,FA,230.0,5.61,41.0,0.0,1.0,57.7,1.4,6.09,-0.29,-0.46,25.3,10.4,7.6,,,,,,,,,,,,,,,,,,,,,,,,,,,,,,,,,,1.66,1.53,29.5,9.5,4.9
German Marquez,SP,FA,228.25,17.56,13.0,1.0,0.0,53.0,4.1,5.26,-1.2,-0.47,19.0,10.2,7.7,,,,,,,,,,,,,,,,,,,,,,,,,,,,,,,,,,-1.09,-0.18,18.6,8.1,8.6
Shawn Armstrong,RP,FA,228.0,5.56,41.0,0.0,9.0,35.3,0.9,4.58,-1.03,-1.17,23.7,12.3,8.0,16.0,5.33,-0.46,-0.13,16.67,0.0,12.9,3.0,0.0,1.0,0.78,16.0,5.33,,,16.67,0.0,12.9,3.0,0.0,1.0,0.78,16.0,5.33,,,16.67,0.0,12.9,3.0,0.0,1.0,0.78,-0.17,-0.02,24.4,7.0,8.8
Lance McCullers Jr.,SP,FA,227.0,22.7,10.0,0.0,1.0,44.0,4.4,6.55,-0.2,-0.85,27.9,13.8,6.9,,,,,,,,,,,,,,,,,,,,,,,,,,,,,,,,,,-0.6,-0.75,25.1,14.2,7.0
Craig Kimbrel,RP,FA,226.0,4.91,46.0,1.0,4.0,46.0,1.0,4.5,0.25,0.72,23.1,11.2,5.4,,,,,,,,,,,,8.75,8.75,,,0.0,0.0,0.0,1.0,0.0,1.0,1.0,31.5,4.5,-0.39,0.55,13.73,12.12,4.31,7.0,0.0,3.0,0.86,-0.27,-1.22,29.8,14.3,7.8
Luis Gastelum,RP,FA,225.75,6.64,34.0,0.0,1.0,36.7,1.1,4.42,1.78,0.53,34.7,7.9,7.0,8.5,4.25,-0.39,0.02,16.0,11.11,6.38,2.0,0.0,0.0,1.17,32.75,6.55,1.18,0.68,34.78,4.76,5.68,5.0,0.0,0.0,0.93,61.5,5.12,0.69,0.26,28.87,8.0,6.93,12.0,0.0,0.0,0.97,,,,,
Mason Barnett,SP,FA,225.25,11.26,20.0,2.0,0.0,50.0,2.5,7.02,-0.16,0.31,22.3,13.1,5.3,32.5,32.5,-0.31,-0.72,27.5,8.33,12.5,1.0,0.0,0.0,6.0,45.75,22.88,-0.53,-0.59,21.43,13.64,8.98,2.0,0.0,0.0,4.67,45.75,22.88,-0.75,-0.97,21.43,13.64,8.98,2.0,0.0,0.0,4.67,-0.68,-0.11,21.2,10.6,7.4
Cooper Criswell,RP,FA,225.25,6.09,37.0,1.0,3.0,40.7,1.1,3.32,-0.21,0.56,20.7,9.3,6.4,16.5,5.5,-1.91,-1.91,11.11,20.0,14.29,3.0,0.0,0.0,1.0,24.5,4.9,-1.85,-1.63,11.76,20.0,12.22,5.0,0.0,0.0,1.0,56.75,5.16,-1.68,-1.69,15.85,15.69,10.64,11.0,0.0,0.0,0.91,0.52,2.79,14.9,6.3,4.0
Scott Barlow,RP,FA,224.25,6.23,36.0,2.0,10.0,33.3,0.9,6.48,1.39,0.31,33.1,13.1,5.3,,,,,,,,,,,,,,,,,,,,,,,,,,,,,,,,,,-0.24,-1.36,30.8,14.9,7.8
Enmanuel De Jesus,SP,FA,222.75,7.42,30.0,1.0,0.0,42.3,1.4,3.83,1.12,1.71,24.2,8.4,4.9,,,,,,,,,,,,,,,,,,,,,,,,,,,,,,,,,,,,,,
David Sandlin,RP,FA,222.75,27.84,8.0,0.0,0.0,40.3,5.0,5.58,0.78,1.17,24.5,7.8,6.0,51.75,51.75,0.99,1.52,23.81,0.0,2.35,1.0,0.0,0.0,6.0,63.75,31.88,0.85,1.16,25.0,2.44,3.77,2.0,0.0,0.0,5.0,93.25,31.08,0.97,1.47,22.64,1.64,5.24,3.0,0.0,0.0,5.22,,,,,
Hagen Smith,SP,T,222.25,12.35,18.0,0.0,2.0,28.0,1.6,1.29,0.83,-1.09,36.2,14.5,7.0,18.25,9.12,-0.52,-0.05,14.29,9.09,7.84,2.0,0.0,1.0,1.33,38.75,7.75,-0.01,-1.15,34.88,22.22,7.56,5.0,0.0,1.0,1.2,126.5,12.65,1.13,0.33,33.63,9.38,6.15,10.0,0.0,1.0,1.7,,,,,
Jesse Scholtens,RP,FA,221.5,18.46,12.0,0.0,0.0,47.7,3.9,4.34,0.16,1.19,20.1,7.2,6.2,11.0,11.0,-0.08,0.66,13.79,7.69,4.0,1.0,0.0,0.0,3.0,11.0,11.0,-0.22,0.66,13.79,7.69,4.0,1.0,0.0,0.0,3.0,11.0,11.0,,,13.79,7.69,4.0,1.0,0.0,0.0,3.0,,,,,
Evan Phillips,RP,FA,219.5,7.08,31.0,1.0,8.0,26.0,0.8,3.46,0.25,0.0,26.7,5.7,8.7,26.25,8.75,1.22,0.71,39.13,0.0,7.5,3.0,0.0,0.0,1.0,41.25,10.31,,,42.31,0.0,6.12,4.0,0.0,1.0,1.0,90.25,10.03,0.34,0.07,26.15,3.23,9.45,9.0,1.0,3.0,0.93,,,,,
Nick Pivetta,SP,FA,219.25,27.41,8.0,0.0,0.0,34.7,4.3,2.86,0.63,1.31,22.8,5.7,6.6,33.75,33.75,0.38,0.24,28.57,5.0,8.05,1.0,0.0,0.0,4.67,65.5,32.75,-0.11,0.32,18.75,5.0,7.98,2.0,0.0,0.0,4.83,115.75,28.94,-0.28,0.61,14.49,2.7,7.8,4.0,0.0,0.0,4.67,0.19,0.44,24.6,6.9,8.0
Craig Yoho,SP,FA,218.75,6.43,34.0,0.0,4.0,38.3,1.1,4.93,0.64,0.2,28.4,11.0,6.3,-3.75,-3.75,,,20.0,0.0,0.0,1.0,0.0,0.0,0.33,6.0,3.0,,,30.0,16.67,4.35,2.0,0.0,1.0,0.33,53.25,6.66,1.14,0.83,29.82,12.5,3.2,8.0,0.0,3.0,0.88,,,,,
David Morgan,RP,FA,218.75,6.84,32.0,0.0,3.0,33.3,1.0,3.78,0.09,-0.99,30.6,13.6,7.2,16.0,5.33,-0.75,-1.08,23.53,25.0,6.52,3.0,0.0,0.0,0.89,48.75,8.12,0.36,-0.05,29.63,13.33,5.45,6.0,0.0,0.0,1.17,86.5,7.21,0.05,-0.25,25.32,14.89,5.99,12.0,0.0,2.0,0.86,-0.54,-0.75,25.5,11.9,8.0
Blake Treinen,RP,FA,218.5,6.07,36.0,1.0,6.0,29.7,0.8,3.64,-0.05,-0.05,24.9,10.0,7.1,-0.75,-0.75,,,30.0,20.0,14.29,1.0,0.0,0.0,0.67,14.25,3.56,-0.65,-0.69,20.59,11.76,10.81,4.0,0.0,0.0,0.92,29.25,4.18,-0.11,-0.13,22.41,10.0,7.5,7.0,0.0,0.0,0.95,-1.25,-1.75,25.6,14.7,8.6
Ryan Thompson,RP,FA,217.5,4.73,46.0,0.0,7.0,40.7,0.9,4.43,-0.02,1.12,19.2,7.0,6.4,,,,,,,,,,,,,,,,,,,,,,,,,,,,,,,,,,0.4,0.6,25.3,7.4,7.5
Jake Bird,RP,FA,216.75,4.93,44.0,0.0,7.0,38.7,0.9,5.35,0.38,0.1,27.1,7.6,7.8,,,,,,,,,,,,,,,,,,,,,,,,,,,,,,,,,,-0.74,-1.54,28.1,10.1,10.2
Eric Orze,RP,FA,216.25,6.01,36.0,1.0,7.0,41.3,1.1,5.66,-0.55,-0.13,21.8,11.1,6.8,,,,,,,,,,,,,,,,,,,,,,,,,,,,,,,,,,-0.21,-0.58,27.0,10.7,8.2
Cam Sanders,SP,FA,215.5,7.7,28.0,3.0,1.0,29.3,1.0,4.6,1.66,-0.1,37.0,15.3,5.1,12.0,12.0,,,28.57,0.0,5.26,1.0,0.0,0.0,1.0,20.75,10.38,,,40.0,14.29,5.41,2.0,0.0,0.0,1.0,52.5,6.56,1.22,-0.15,38.46,13.33,6.25,8.0,0.0,0.0,0.88,,,,,
Michael Rucker,RP,FA,215.5,5.82,37.0,0.0,1.0,43.7,1.2,5.56,-0.24,-0.51,25.9,9.1,8.2,24.25,12.12,1.13,0.11,45.45,15.38,3.7,2.0,0.0,0.0,1.67,30.0,10.0,0.68,-0.36,37.5,18.75,4.23,3.0,0.0,0.0,1.44,60.0,7.5,0.06,-0.49,27.27,9.09,9.09,8.0,0.0,0.0,1.46,,,,,
Cole Ragans,SP,T,214.5,26.81,8.0,0.0,0.0,35.3,4.4,4.84,0.55,-0.57,31.7,15.2,5.9,,,,,,,,,,,,,,,,,,,,,,,,,,,,,,,,,,1.38,0.12,34.8,7.8,8.2
Luis Mey,RP,FA,213.25,7.35,29.0,0.0,5.0,34.7,1.2,6.23,-0.47,-1.85,31.0,13.3,8.7,11.0,3.67,-0.64,0.06,10.53,15.38,4.0,3.0,0.0,1.0,0.78,27.25,5.45,-0.63,-0.46,18.6,12.5,8.79,5.0,0.0,1.0,1.0,59.0,4.92,-0.92,-1.25,21.57,11.48,10.78,12.0,0.0,2.0,0.97,-1.4,-1.97,25.6,17.7,7.7
Robby Ahlstrom,RP,FA,210.25,5.01,42.0,0.0,7.0,37.0,0.9,6.08,0.71,0.86,25.6,9.1,6.0,,,,,,,,,,,,5.5,5.5,,,0.0,50.0,5.56,1.0,0.0,1.0,0.67,30.5,5.08,-1.32,-1.14,15.91,17.86,7.89,6.0,0.0,1.0,0.94,,,,,
Hoby Milner,RP,FA,209.0,4.75,44.0,1.0,7.0,42.0,1.0,3.64,0.01,1.21,19.0,5.6,6.8,26.25,13.12,1.78,1.88,34.78,0.0,0.0,2.0,0.0,1.0,1.5,26.25,13.12,,,34.78,0.0,0.0,2.0,0.0,1.0,1.5,37.75,6.29,2.0,2.49,26.92,3.57,0.94,6.0,0.0,1.0,1.06,-1.25,0.2,15.5,7.2,8.3
Nate Lavender,RP,FA,207.5,9.88,21.0,0.0,12.0,21.7,1.0,1.66,0.56,0.46,26.6,5.1,8.2,15.0,7.5,1.4,1.88,27.27,0.0,0.0,2.0,0.0,1.0,1.0,35.75,8.94,0.95,1.22,25.81,0.0,4.84,4.0,0.0,2.0,1.17,101.25,9.2,0.06,0.52,19.28,4.55,7.39,11.0,0.0,6.0,1.03,,,,,
Daniel Palencia,RP,FA,207.5,6.48,32.0,3.0,3.0,29.7,0.9,3.64,0.27,-0.03,27.0,8.9,7.5,8.75,8.75,,,0.0,25.0,26.67,1.0,0.0,1.0,1.0,36.75,12.25,,,14.29,7.14,17.39,3.0,0.0,2.0,1.44,52.25,5.22,-1.45,-1.07,13.85,10.26,10.64,10.0,0.0,3.0,1.03,0.47,0.27,27.5,7.4,8.1
Wilber Dotel,SP,FA,206.0,9.36,22.0,0.0,3.0,42.3,1.9,4.46,-0.75,-1.0,24.8,8.8,9.1,11.75,11.75,0.41,0.7,23.08,6.67,4.26,1.0,0.0,0.0,3.0,29.5,9.83,-0.19,0.18,18.97,6.25,8.18,3.0,0.0,0.0,2.33,58.5,8.36,-0.47,-0.04,17.39,5.08,9.09,7.0,0.0,1.0,1.95,,,,,
Riley Cornelio,SP,FA,205.25,11.4,18.0,0.0,1.0,36.7,2.0,3.68,0.35,-1.4,34.5,18.1,6.1,17.5,17.5,-0.78,-1.25,25.0,14.29,12.9,1.0,0.0,1.0,2.0,61.5,15.38,-0.35,-0.91,27.27,19.44,7.59,4.0,0.0,1.0,2.25,108.0,15.43,1.05,-0.27,37.4,13.85,6.45,7.0,0.0,1.0,2.38,,,,,
Matt Strahm,RP,FA,204.75,4.99,41.0,0.0,13.0,35.7,0.9,7.32,-0.69,-0.6,23.2,8.7,8.5,,,,,,,,,,,,,,,,,,,,,,,,,,,,,,,,,,-0.04,0.28,23.8,7.8,7.9
Isaac Mattson,RP,FA,203.5,5.36,38.0,0.0,8.0,38.7,1.0,5.35,-1.27,-0.97,21.0,10.2,8.5,,,,,,,,,,,,,,,,,,,,,,,5.0,5.0,,,4.76,0.0,7.69,1.0,0.0,0.0,2.0,-0.63,-0.42,23.2,9.6,8.4
Mitchell Parker,SP,FA,202.75,9.22,22.0,1.0,7.0,39.7,1.8,6.58,0.84,0.55,28.1,7.3,7.2,,,,,,,,,,,,,,,,,,,,,,,,,,,,,,,,,,-0.98,-0.21,19.6,8.0,8.7
Chris Murphy,RP,FA,202.5,6.14,33.0,1.0,2.0,33.7,1.0,4.81,0.4,-0.47,30.1,10.7,7.5,,,,,,,,,,,,9.5,9.5,,,9.09,0.0,5.26,1.0,0.0,1.0,1.0,21.75,5.44,0.39,0.21,25.64,5.56,8.05,4.0,0.0,1.0,0.92,-0.64,-1.08,26.5,13.5,7.9
Brock Stewart,RP,FA,202.25,7.22,28.0,1.0,9.0,26.7,0.9,2.7,1.2,1.02,28.2,9.7,5.5,9.5,9.5,,,20.0,20.0,0.0,1.0,0.0,1.0,1.0,30.25,10.08,,,29.41,8.33,0.0,3.0,0.0,2.0,1.0,51.5,5.72,0.6,0.66,24.59,6.45,6.14,9.0,0.0,2.0,0.85,0.8,0.02,31.1,8.2,8.2
Simeon Woods-Richardson,SP,FA,200.0,10.0,20.0,0.0,0.0,66.0,3.3,6.68,-1.81,-1.21,18.5,12.2,8.1,,,,,,,,,,,,,,,,,,,,,,,,,,,,,,,,,,-0.93,-1.02,24.1,9.8,9.4
Bennett Sousa,RP,FA,198.5,5.67,35.0,0.0,12.0,30.0,0.9,6.0,-1.2,-2.85,31.0,12.8,10.5,1.25,0.62,,,14.29,0.0,22.22,2.0,0.0,1.0,0.33,25.0,5.0,0.04,-0.53,29.55,9.09,11.39,5.0,0.0,2.0,0.8,81.25,6.77,-0.2,-1.29,30.53,12.5,10.53,12.0,0.0,6.0,0.89,1.04,-0.75,36.8,7.5,9.9
Scott Blewett,RP,FA,195.75,7.53,26.0,0.0,2.0,37.3,1.4,3.13,1.36,1.7,25.9,6.9,5.5,5.25,1.75,0.5,1.06,20.0,0.0,5.26,3.0,0.0,0.0,1.0,31.5,5.25,0.77,0.77,27.69,0.0,7.96,6.0,0.0,0.0,1.22,84.5,7.04,0.49,0.11,27.69,7.14,7.79,12.0,0.0,0.0,1.31,-0.16,-0.63,27.6,9.3,8.9
Josh Walker,RP,FA,195.5,6.31,31.0,1.0,4.0,30.3,1.0,2.08,-0.61,-0.18,21.6,9.5,7.5,6.0,3.0,-0.61,-0.99,25.0,22.22,7.32,2.0,0.0,0.0,0.83,16.25,4.06,-1.48,-1.46,15.62,23.53,8.86,4.0,0.0,0.0,0.83,77.0,6.42,-0.54,-0.85,22.99,13.33,8.67,12.0,1.0,1.0,0.92,,,,,
Garrett Crochet,SP,T,190.0,31.67,6.0,0.0,0.0,30.0,5.0,6.3,0.31,0.63,24.0,8.0,6.8,,,,,,,,,,,,,,,,,,,,,,,,,,,,,,,,,,0.83,0.4,29.4,5.7,8.6
Kade Anderson,SP,T,190.0,27.14,7.0,0.0,0.0,35.7,5.0,3.79,-0.35,-0.37,24.4,6.2,9.1,20.75,20.75,0.43,0.04,32.26,6.67,8.47,1.0,0.0,0.0,3.33,78.0,39.0,0.98,0.89,29.63,2.56,5.59,2.0,0.0,0.0,5.17,149.25,29.85,0.35,0.27,24.76,3.81,8.53,5.0,0.0,0.0,5.13,,,,,
Caleb Ferguson,RP,FA,190.0,5.43,35.0,1.0,5.0,33.0,0.9,5.18,-2.13,-1.89,19.7,12.7,9.0,,,,,,,,,,,,,,,,,,,,,,,,,,,,,,,,,,0.17,1.04,21.4,8.1,6.4
Tayler Saucedo,RP,FA,186.0,6.64,28.0,0.0,11.0,21.3,0.8,2.53,1.85,0.13,37.2,8.0,7.6,13.75,6.88,,,66.67,33.33,0.0,2.0,0.0,1.0,0.33,48.25,9.65,1.05,-0.85,48.0,25.0,3.77,5.0,0.0,3.0,0.53,89.0,8.09,0.89,-0.22,35.09,12.9,6.67,11.0,0.0,6.0,0.7,-0.97,-0.91,23.3,9.1,9.5
Adam Macko,SP,FA,186.0,6.2,30.0,0.0,5.0,31.0,1.0,5.23,0.7,0.34,28.2,9.7,6.6,,,,,,,,,,,,12.25,12.25,,,14.29,10.0,2.94,1.0,0.0,0.0,2.33,29.75,4.96,-0.98,-0.24,12.9,8.82,8.33,6.0,0.0,0.0,1.11,,,,,
Connor Phillips,RP,FA,185.5,6.87,27.0,1.0,5.0,30.0,1.1,5.4,-1.9,-2.65,25.1,21.4,6.8,14.75,7.38,-2.41,-1.84,0.0,25.0,11.36,2.0,0.0,0.0,1.17,14.75,7.38,,,0.0,25.0,11.36,2.0,0.0,0.0,1.17,14.75,7.38,,,0.0,25.0,11.36,2.0,0.0,0.0,1.17,1.63,-0.05,37.4,12.2,6.6
Trent Harris,RP,FA,184.25,8.38,22.0,2.0,5.0,23.3,1.0,2.31,0.33,0.77,23.4,7.4,6.8,2.0,0.67,-0.82,0.15,5.56,0.0,11.11,3.0,0.0,0.0,0.78,40.25,6.71,-0.26,0.63,13.51,0.0,8.97,6.0,1.0,1.0,0.89,101.75,7.83,0.28,0.63,21.05,4.26,7.1,13.0,2.0,2.0,0.95,,,,,
Anthony Molina,RP,FA,184.0,20.44,9.0,0.0,0.0,34.0,3.8,3.97,-0.33,-0.1,23.2,5.1,9.1,,,,,,,,,,,,71.0,35.5,-0.41,0.11,16.28,4.76,9.58,2.0,0.0,0.0,5.83,147.25,29.45,-0.19,-0.13,21.43,4.95,9.48,5.0,0.0,0.0,4.93,0.98,1.62,24.2,3.8,7.2
Trevor Williams,SP,FA,181.5,12.1,15.0,0.0,1.0,28.7,1.9,3.14,1.45,1.42,27.9,8.3,5.4,14.25,7.12,0.99,0.39,38.89,10.0,4.55,2.0,0.0,0.0,1.17,45.75,15.25,0.9,0.46,32.61,4.17,7.53,3.0,0.0,0.0,2.11,73.75,10.54,0.93,0.82,27.37,8.16,4.93,7.0,0.0,0.0,1.67,0.02,1.14,19.8,5.6,7.3
Brant Hurter,RP,FA,180.25,6.22,29.0,0.0,1.0,35.3,1.2,3.06,-0.91,-0.42,20.8,10.5,7.5,2.75,2.75,,,33.33,0.0,15.79,1.0,0.0,0.0,1.67,17.0,4.25,-0.01,0.12,22.22,12.5,4.76,4.0,0.0,0.0,1.33,37.0,4.62,0.03,0.39,20.0,7.14,6.8,8.0,0.0,0.0,1.25,-0.29,-0.5,26.0,9.7,8.5
Jonah Tong,SP,FA,178.5,25.5,7.0,0.0,0.0,30.7,4.3,3.82,0.15,-0.83,30.2,10.4,8.2,39.0,39.0,1.79,0.96,47.37,5.0,3.45,1.0,0.0,0.0,5.0,55.75,27.88,0.49,-0.07,31.71,11.63,6.59,2.0,0.0,0.0,4.83,133.25,33.31,0.39,-0.54,31.58,8.05,9.66,4.0,0.0,0.0,5.17,-1.86,-1.92,22.1,10.3,10.8
Will Vest,RP,FA,178.0,6.59,27.0,2.0,7.0,26.7,1.0,6.08,0.71,0.48,27.5,8.6,6.8,,,,,,,,,,,,,,,,,,,,,,,,,,,,,,,,,,1.02,1.19,26.7,7.7,6.3
Matt Svanson,RP,FA,178.0,4.34,41.0,0.0,2.0,43.3,1.1,7.27,-1.53,-0.88,18.8,10.1,8.4,,,,,,,,,,,,,,,,,,,,,,,,,,,,,,,,,,-0.26,0.11,23.1,8.5,7.9
Andrew Nardi,RP,FA,177.5,7.1,25.0,0.0,8.0,22.7,0.9,5.16,0.41,-0.5,30.4,11.1,7.4,,,,,,,,,,,,,,,,,,,,,,,,,,,,,,,,,,,,,,
Mitch Bratt,SP,FA,177.25,17.73,10.0,0.0,0.0,44.0,4.4,4.7,-2.71,-1.75,14.9,13.9,8.3,,,,,,,,,,,,,,,,,,,,,,,,,,,,,,,,,,,,,,
Trey Gibson,SP,FA,177.0,19.67,9.0,0.0,0.0,39.7,4.4,6.13,-1.84,-1.86,21.5,14.6,8.2,55.75,55.75,-0.8,-0.3,11.9,8.33,9.78,1.0,0.0,0.0,6.67,55.75,55.75,-0.92,-0.23,11.9,8.33,9.78,1.0,0.0,0.0,6.67,55.75,55.75,-1.3,-0.61,11.9,8.33,9.78,1.0,0.0,0.0,6.67,,,,,
Edwin Diaz,RP,T,176.75,8.42,21.0,7.0,0.0,18.7,0.9,8.68,-0.99,-1.35,24.9,11.5,8.6,15.0,7.5,,,42.86,0.0,4.55,2.0,0.0,0.0,1.0,41.5,8.3,0.76,0.35,31.58,5.88,7.23,5.0,0.0,0.0,1.0,41.5,8.3,1.01,0.41,31.58,5.88,7.23,5.0,0.0,0.0,1.0,2.43,0.26,41.5,8.1,7.8
Cade Povich,SP,FA,175.25,21.91,8.0,0.0,0.0,37.0,4.6,4.38,-0.23,0.16,22.6,9.4,7.0,,,,,,,,,,,,12.25,12.25,-0.58,-0.09,15.62,11.11,7.04,1.0,0.0,0.0,3.67,35.25,17.62,-0.15,0.29,18.67,12.5,5.06,2.0,0.0,0.0,4.33,-0.47,-0.4,24.2,8.8,8.7
Ryan Helsley,RP,T,174.0,10.24,17.0,8.0,0.0,15.3,0.9,4.11,0.81,-1.45,37.9,13.2,8.1,,,,,,,,,,,,,,,,,,,,,,,,,,,,,,,,,,-0.08,-0.88,29.5,9.9,9.1
Justin Lawrence,RP,FA,173.75,4.7,37.0,1.0,2.0,34.3,0.9,7.34,-1.14,-1.84,26.3,15.8,7.7,,,,,,,,,,,,,,,,,,,,,,,,,,,,,,,,,,0.31,-0.35,29.5,11.6,7.4
Chris Paddack,SP,FA,171.75,12.27,14.0,0.0,0.0,57.0,4.1,6.79,-0.09,0.6,21.4,7.1,7.2,,,,,,,,,,,,,,,,,,,,,,,,,,,,,,,,,,0.48,1.6,20.7,5.5,6.5
Matt Gage,RP,FA,171.25,5.04,34.0,1.0,5.0,27.3,0.8,5.6,-0.56,-0.65,24.4,13.5,6.7,,,,,,,,,,,,,,,,,,,,,,,,,,,,,,,,,,0.13,0.65,23.1,8.8,6.8
Kendry Rojas,SP,FA,169.75,14.15,12.0,0.0,1.0,29.7,2.4,3.34,0.32,-0.18,28.1,16.9,4.6,,,,,,,,,,,,,,,,,,,,,,,,,,,,,,,,,,,,,,
Jose Urquidy,SP,FA,169.5,13.04,13.0,1.0,0.0,36.3,2.8,4.95,0.76,1.65,22.0,4.3,6.6,9.75,9.75,0.22,0.95,16.0,0.0,6.0,1.0,0.0,0.0,2.67,40.5,20.25,0.07,0.78,16.95,0.0,7.89,2.0,0.0,0.0,3.67,52.75,13.19,0.14,0.89,17.31,1.85,7.14,4.0,0.0,0.0,3.08,,,,,
Mason Englert,RP,FA,168.75,11.25,15.0,1.0,0.0,39.3,2.6,5.95,0.87,1.36,24.2,5.0,6.8,8.5,8.5,0.54,0.62,26.67,4.55,5.81,1.0,0.0,0.0,3.67,8.5,8.5,0.65,0.68,26.67,4.55,5.81,1.0,0.0,0.0,3.67,8.5,8.5,0.97,0.97,26.67,4.55,5.81,1.0,0.0,0.0,3.67,0.59,0.9,25.1,5.9,7.6
Brendon Little,RP,FA,168.5,5.62,30.0,0.0,3.0,28.3,0.9,6.35,1.19,-1.66,41.6,18.9,6.2,11.5,5.75,,,50.0,12.5,4.76,2.0,0.0,0.0,1.0,18.75,6.25,,,52.63,21.43,2.17,3.0,0.0,0.0,0.89,55.0,6.88,1.01,-0.62,39.66,16.13,6.77,8.0,0.0,0.0,0.96,2.46,-0.07,43.5,15.3,5.3
Seth Johnson,RP,FA,167.25,5.97,28.0,0.0,0.0,33.7,1.2,5.88,0.21,-0.27,27.8,12.7,6.4,14.0,7.0,-0.15,-0.67,30.0,16.67,8.0,2.0,0.0,0.0,1.33,44.25,8.85,0.3,0.11,27.12,8.33,7.41,5.0,0.0,0.0,1.73,66.25,9.46,0.78,0.56,27.59,5.77,6.74,7.0,0.0,0.0,1.81,0.39,0.1,27.8,7.4,8.4
Josh Ekness,RP,FA,166.75,5.56,30.0,1.0,3.0,30.7,1.0,3.23,-2.08,-2.24,21.8,14.9,8.7,16.75,8.38,-0.37,-0.18,19.05,11.11,7.69,2.0,0.0,1.0,1.33,44.25,8.85,-0.08,-0.65,28.89,11.11,10.98,5.0,0.0,1.0,1.0,65.5,5.04,-1.76,-1.8,15.84,20.0,9.35,13.0,0.0,2.0,0.92,,,,,
Carson Seymour,RP,FA,165.75,6.63,25.0,1.0,8.0,31.7,1.2,4.55,-1.49,-1.82,23.8,11.4,9.4,12.0,6.0,,,50.0,0.0,10.0,2.0,0.0,0.0,1.0,28.5,4.75,0.18,-0.34,29.73,9.52,9.76,6.0,0.0,1.0,0.94,44.0,3.38,-0.12,-0.61,26.14,12.73,8.08,13.0,0.0,3.0,0.92,-0.13,0.55,21.8,8.3,7.2
Matt Waldron,SP,FA,165.0,9.71,17.0,0.0,1.0,42.7,2.5,6.54,0.32,1.87,17.8,5.7,5.7,,,,,,,,,,,,,,,,,,,,,,,20.75,10.38,,,28.57,0.0,2.17,2.0,0.0,0.0,1.83,,,,,
Chris Roycroft,RP,FA,161.75,5.99,27.0,1.0,1.0,38.3,1.4,6.57,-1.43,-0.44,17.3,11.1,7.3,10.0,5.0,-0.4,-0.85,27.27,28.57,3.23,2.0,0.0,0.0,1.0,25.75,6.44,-0.77,-1.09,22.73,24.14,5.93,4.0,0.0,0.0,1.33,66.0,8.25,-0.74,-0.31,16.35,14.75,6.25,8.0,0.0,1.0,1.58,-1.16,-0.81,21.4,11.9,8.1
Brady Basso,RP,FA,160.75,6.18,26.0,0.0,3.0,43.0,1.7,6.07,-0.07,0.86,20.2,5.0,7.6,-5.0,-5.0,,,16.67,12.5,4.35,1.0,0.0,0.0,1.0,-8.75,-2.92,-0.67,-0.15,14.93,7.89,9.45,3.0,0.0,0.0,1.89,36.0,6.0,-0.38,0.06,17.65,7.79,7.69,6.0,0.0,0.0,2.5,-1.73,-1.37,20.2,16.1,7.3
Jose Quintana,SP,FA,160.0,14.55,11.0,0.0,0.0,48.0,4.4,5.44,-0.16,0.6,20.9,9.4,6.3,13.0,13.0,-0.4,-0.36,20.83,15.38,6.67,1.0,0.0,0.0,3.0,23.5,11.75,-0.31,0.06,18.33,9.68,6.92,2.0,0.0,0.0,3.5,23.5,11.75,-0.32,0.07,18.33,9.68,6.92,2.0,0.0,0.0,3.5,-0.52,0.66,18.4,9.0,6.7
Jonathan Pintaro,SP,FA,160.0,7.27,22.0,0.0,3.0,30.7,1.4,5.28,-0.34,-0.61,25.7,12.3,7.1,-7.75,-7.75,,,25.0,25.0,0.0,1.0,0.0,0.0,0.33,-1.0,-0.5,,,18.18,33.33,0.0,2.0,0.0,1.0,0.33,32.0,4.0,0.05,0.67,17.91,8.57,5.26,8.0,0.0,2.0,0.96,,,,,
Tyler Schweitzer,RP,FA,159.75,8.88,18.0,1.0,2.0,37.3,2.1,3.13,-0.49,0.05,21.3,7.8,7.8,,,,,,,,,,,,,,,,,,,,,,,24.75,6.19,-1.22,-0.16,9.3,6.9,8.79,4.0,0.0,0.0,1.92,,,,,
Hunter Greene,SP,T,158.5,31.7,5.0,0.0,0.0,27.7,5.4,6.83,0.38,0.09,27.2,7.4,7.9,,,,,,,,,,,,,,,,,,,,,,,,,,,,,,,,,,1.18,0.5,31.4,6.2,8.2
Tanner Banks,RP,FA,156.75,4.9,32.0,0.0,2.0,36.3,1.1,6.19,-0.13,0.25,22.8,8.5,7.2,18.25,9.12,-0.76,-0.47,15.0,8.33,10.87,2.0,0.0,0.0,1.67,23.5,7.83,-0.68,-0.15,14.71,9.52,8.43,3.0,0.0,0.0,1.78,33.75,8.44,-0.82,-0.04,13.21,6.67,8.47,4.0,0.0,0.0,1.83,-0.21,0.41,21.9,4.5,9.1
Jalen Beeks,RP,FA,156.5,5.4,29.0,0.0,6.0,26.0,0.9,3.81,0.02,0.35,23.4,7.1,7.6,,,,,,,,,,,,,,,,,,,,,,,,,,,,,,,,,,0.71,0.56,27.7,8.7,7.0
Alex McFarlane,SP,FA,156.0,8.21,19.0,0.0,5.0,19.0,1.0,2.84,1.88,2.03,27.9,8.9,4.2,12.75,6.38,0.16,-0.16,29.41,18.18,4.0,2.0,0.0,0.0,1.0,34.25,8.56,0.83,0.38,32.43,10.0,4.49,4.0,0.0,1.0,1.08,69.5,6.95,1.24,1.43,26.19,4.76,4.14,10.0,0.0,4.0,0.97,,,,,
Dax Fulton,SP,FA,155.5,9.72,16.0,0.0,0.0,28.7,1.8,3.77,0.09,-0.24,26.8,12.3,6.5,12.0,12.0,0.97,1.51,23.53,0.0,2.38,1.0,0.0,0.0,2.67,15.75,7.88,0.59,0.67,25.81,5.0,5.56,2.0,0.0,0.0,1.83,79.0,9.88,0.41,0.51,23.6,7.14,6.4,8.0,0.0,0.0,1.58,,,,,
Ethan Pecko,SP,FA,154.25,19.28,8.0,0.0,1.0,34.3,4.3,3.93,-0.54,0.01,21.2,10.0,7.0,29.25,14.62,-0.3,0.13,16.28,8.33,7.06,2.0,0.0,0.0,2.83,61.5,20.5,-0.1,0.5,17.07,4.55,7.05,3.0,0.0,1.0,3.78,103.25,20.65,-0.38,0.34,15.44,6.1,7.37,5.0,0.0,1.0,4.27,,,,,
Ryan Walker,RP,FA,153.75,4.66,33.0,3.0,5.0,32.7,1.0,7.16,-2.39,-1.3,14.9,12.3,8.2,,,,,,,,,,,,,,,,,,,,,,,9.0,4.5,,,5.88,22.22,8.11,2.0,0.0,1.0,0.83,-0.85,-0.42,21.6,6.8,9.6
Dedniel Nunez,RP,FA,151.25,8.4,18.0,1.0,5.0,19.0,1.1,3.32,2.14,0.65,36.6,0.0,9.9,20.0,20.0,,,55.56,0.0,0.0,1.0,0.0,0.0,1.0,63.0,15.75,,,37.5,0.0,10.26,4.0,1.0,2.0,1.08,109.0,12.11,1.76,0.78,37.5,0.0,8.25,9.0,1.0,4.0,1.07,,,,,
Jackson Kent,SP,FA,150.75,18.84,8.0,0.0,0.0,36.3,4.5,5.94,-0.63,-0.64,23.8,14.7,6.2,,,,,,,,,,,,25.0,25.0,0.07,0.18,22.86,10.53,5.56,1.0,0.0,0.0,4.0,62.0,15.5,0.24,0.06,25.0,12.2,5.96,4.0,0.0,0.0,4.25,,,,,
Bryse Wilson,RP,FA,149.75,9.36,16.0,0.0,0.0,35.3,2.2,4.33,-0.2,1.09,18.1,2.0,8.4,-4.25,-4.25,-0.78,0.01,8.33,0.0,12.0,1.0,0.0,0.0,1.0,-4.25,-4.25,,,8.33,0.0,12.0,1.0,0.0,0.0,1.0,-4.25,-4.25,,,8.33,0.0,12.0,1.0,0.0,0.0,1.0,-0.48,1.05,16.7,8.5,6.2
Erik Tolman,RP,FA,149.0,9.93,15.0,5.0,2.0,15.3,1.0,2.93,-1.53,-2.93,29.1,13.4,10.4,29.0,14.5,-0.98,-2.32,35.29,30.0,11.9,2.0,1.0,1.0,1.0,46.75,9.35,-0.2,-0.88,29.27,19.05,7.61,5.0,2.0,1.0,0.8,118.25,10.75,-0.3,-1.24,28.83,14.29,9.63,11.0,5.0,1.0,0.97,,,,,
George Klassen,SP,T,148.0,24.67,6.0,0.0,0.0,27.0,4.5,3.67,-1.0,-2.64,31.3,16.8,8.6,,,,,,,,,,,,,,,,,,,,,,,,,,,,,,,,,,,,,,
Jose Cuas,RP,FA,147.25,6.14,24.0,0.0,5.0,23.3,1.0,2.31,0.51,0.24,27.3,13.9,5.1,11.5,5.75,0.0,-0.47,30.43,20.0,5.08,2.0,0.0,0.0,1.5,27.5,6.88,0.4,-0.03,30.0,15.79,3.75,4.0,0.0,1.0,1.08,48.5,4.85,-0.04,-0.27,24.36,14.63,6.15,10.0,0.0,2.0,0.83,,,,,
Mason Adams,SP,FA,147.25,24.54,6.0,0.0,0.0,29.0,4.8,4.03,-0.38,0.02,22.2,9.7,7.1,46.75,46.75,0.71,0.32,34.15,0.0,10.0,1.0,0.0,0.0,6.0,46.0,23.0,-0.34,0.03,18.07,6.38,9.15,2.0,0.0,0.0,5.17,99.5,24.88,-0.04,0.16,20.92,8.14,7.21,4.0,0.0,0.0,5.0,,,,,
Phil Maton,RP,FA,146.5,4.73,31.0,0.0,5.0,27.7,0.9,6.18,-0.52,-0.86,25.7,11.8,7.7,,,,,,,,,,,,,,,,,,,,,,,,,,,,,,,,,,0.95,-0.76,36.2,9.6,9.0
Paxton Schultz,RP,FA,145.75,5.4,27.0,1.0,0.0,32.3,1.2,6.4,-0.01,1.24,18.7,7.8,5.9,,,,,,,,,,,,,,,,,,,,,,,,,,,,,,,,,,1.54,1.78,27.4,7.3,5.4
J.P. Sears,SP,FA,144.0,18.0,8.0,0.0,0.0,32.7,4.0,4.68,-0.47,0.2,20.7,7.7,7.6,,,,,,,,,,,,,,,,,,,,,,,,,,,,,,,,,,-0.19,0.5,21.6,6.2,8.2
Ryan Fernandez,RP,FA,143.5,8.44,17.0,0.0,2.0,23.0,1.4,3.52,1.87,0.89,33.5,11.0,5.2,,,,,,,,,,,,,,,,,,,,,,,16.25,8.12,,,30.77,18.18,5.88,2.0,0.0,0.0,1.33,1.82,1.24,32.1,11.4,4.6
Joe Mantiply,RP,FA,143.0,5.72,25.0,0.0,1.0,27.0,1.1,3.0,-0.42,1.04,16.8,4.5,7.5,,,,,,,,,,,,5.75,5.75,,,20.0,0.0,9.52,1.0,0.0,0.0,1.0,47.0,5.88,-0.01,0.74,16.67,2.5,7.41,8.0,0.0,1.0,1.17,,,,,
Matt Brash,RP,FA,142.5,7.12,20.0,0.0,6.0,16.7,0.8,0.54,1.72,0.97,32.1,9.4,5.7,,,,,,,,,,,,,,,,,,,,,,,,,,,,,,,,,,1.03,0.38,30.9,9.0,7.2
Ben Joyce,RP,FA,139.25,8.7,16.0,5.0,2.0,15.3,0.9,4.11,0.28,-0.91,31.5,14.8,6.6,,,,,,,,,,,,7.0,3.5,,,45.45,0.0,3.7,2.0,0.0,0.0,1.0,45.75,6.54,-0.18,-0.57,25.0,14.29,7.32,7.0,2.0,0.0,1.0,,,,,
Cody Bradford,SP,FA,137.75,13.78,10.0,0.0,0.0,44.0,4.4,4.3,-0.85,0.19,18.1,5.2,8.6,14.25,7.12,-0.2,-0.18,22.45,0.0,13.19,2.0,0.0,0.0,2.67,35.25,11.75,-0.01,-0.06,24.1,2.44,12.2,3.0,0.0,0.0,3.22,47.75,9.55,-0.66,-0.18,16.25,5.06,9.58,5.0,0.0,0.0,3.53,,,,,
Drew Pomeranz,RP,FA,137.5,4.44,31.0,0.0,8.0,29.0,0.9,5.59,-1.43,-0.51,17.6,11.9,7.1,,,,,,,,,,,,,,,,,,,,,,,,,,,,,,,,,,-0.15,-0.01,24.5,7.4,8.6
Franco Aleman,RP,FA,136.25,6.49,21.0,0.0,3.0,22.3,1.1,4.43,0.17,-0.1,26.7,9.7,7.3,,,,,,,,,,,,,,,,,,,,,,,17.0,5.67,1.12,1.47,24.44,9.52,2.15,3.0,0.0,0.0,1.22,,,,,
Geoff Hartlieb,RP,FA,135.0,7.5,18.0,0.0,2.0,28.0,1.6,4.82,0.44,0.19,27.1,11.3,6.2,20.75,6.92,0.22,-0.68,37.5,21.05,5.88,3.0,0.0,0.0,1.22,38.25,7.65,0.73,-0.16,36.17,13.79,5.88,5.0,0.0,0.0,1.27,89.5,8.95,0.72,0.23,29.46,8.33,6.88,10.0,0.0,1.0,1.47,,,,,
Reiver Sanmartin,RP,FA,132.75,5.53,24.0,0.0,4.0,21.3,0.9,4.22,0.75,1.56,22.4,7.5,5.5,,,,,,,,,,,,9.0,9.0,,,0.0,0.0,100.0,1.0,0.0,0.0,0.33,51.75,5.75,0.57,0.75,23.53,10.0,4.42,9.0,0.0,3.0,0.74,,,,,
Robert Stock,RP,FA,132.75,16.59,8.0,0.0,1.0,30.3,3.8,5.93,-0.39,-0.35,24.0,10.2,7.5,,,,,,,,,,,,,,,,,,,,,,,57.75,19.25,0.09,0.23,21.95,4.65,8.33,3.0,0.0,1.0,3.22,,,,,
Carson Whisenhunt,SP,FA,132.5,16.56,8.0,0.0,0.0,34.7,4.3,6.49,0.2,-0.36,28.2,12.8,6.5,,,,,,,,,,,,,,,,,,,,,,,,,,,,,,,,,,-0.68,-0.62,23.8,11.8,7.8
Blas Castano,RP,FA,130.0,8.67,15.0,0.0,0.0,27.3,1.8,3.62,-1.34,-0.58,18.6,8.1,8.7,,,,,,,,,,,,,,,,,,,,,,,34.0,6.8,-0.66,0.13,13.79,11.54,5.98,5.0,0.0,0.0,1.33,,,,,
Cole Wilcox,SP,FA,130.0,5.65,23.0,0.0,0.0,27.0,1.2,4.0,-1.5,-3.34,31.4,13.8,10.9,,,,,,,,,,,,,,,,,,,,,,,,,,,,,,,,,,,,,,
Jefry Yan,RP,FA,128.25,7.12,18.0,0.0,1.0,20.3,1.1,4.87,0.1,-1.91,35.3,15.6,7.9,5.0,2.5,-0.18,-0.56,28.0,20.0,5.66,2.0,0.0,0.0,1.17,49.25,9.85,0.47,-0.11,31.82,11.76,6.82,5.0,0.0,0.0,1.53,65.25,8.16,0.63,-0.09,30.93,12.0,6.57,8.0,0.0,0.0,1.29,,,,,
Jordan Montgomery,SP,FA,127.5,9.81,13.0,1.0,0.0,26.0,2.0,4.15,0.3,1.16,21.2,5.8,6.8,35.0,11.67,0.23,0.66,20.0,5.88,4.92,3.0,1.0,0.0,1.44,59.75,11.95,-0.59,0.25,12.28,6.25,7.75,5.0,1.0,0.0,1.8,83.5,11.93,-0.41,0.46,14.13,7.69,6.34,7.0,1.0,0.0,2.0,,,,,
Beau Brieske,RP,FA,126.5,7.03,18.0,0.0,1.0,25.3,1.4,4.97,-1.09,-0.97,22.3,6.9,9.8,12.0,12.0,-0.14,-0.91,33.33,9.09,13.33,1.0,0.0,0.0,2.67,34.5,8.62,0.47,0.58,25.0,3.45,7.14,4.0,0.0,0.0,1.75,91.75,9.18,-0.48,-0.65,22.13,4.76,11.34,10.0,0.0,1.0,1.6,-0.99,-0.54,21.2,11.7,7.7
Ronel Blanco,SP,FA,124.5,15.56,8.0,0.0,0.0,33.7,4.2,6.68,-0.39,-0.72,25.9,11.2,7.7,14.75,14.75,1.46,-0.27,57.14,14.29,6.67,1.0,0.0,0.0,2.0,14.75,14.75,,,57.14,14.29,6.67,1.0,0.0,0.0,2.0,45.0,15.0,-0.44,-0.8,23.81,9.52,10.0,3.0,0.0,0.0,3.44,1.39,0.67,32.0,10.1,6.2
Mick Abel,SP,T,124.0,31.0,4.0,0.0,0.0,20.3,5.0,3.98,0.55,0.0,28.8,10.8,6.7,,,,,,,,,,,,,,,,,,,,,,,,,,,,,,,,,,-0.33,-0.44,25.4,9.2,8.6
Matt Wilkinson,SP,FA,123.25,15.41,8.0,0.0,0.0,27.7,3.4,3.58,-0.36,0.79,18.5,4.5,7.9,12.5,12.5,-0.55,-0.09,14.29,9.09,8.11,1.0,0.0,0.0,3.0,44.75,22.38,0.54,0.85,23.4,3.45,5.31,2.0,0.0,0.0,4.0,81.5,16.3,0.27,0.8,19.61,4.76,6.3,5.0,0.0,0.0,3.2,,,,,
Alan Rangel,RP,FA,119.0,17.0,7.0,0.0,1.0,26.0,3.7,5.88,-0.32,-0.32,24.4,10.6,7.3,,,,,,,,,,,,,,,,,,,,,,,,,,,,,,,,,,-0.97,0.25,17.3,13.0,5.7
Connor Thomas,RP,FA,118.75,6.25,19.0,0.0,4.0,25.7,1.3,7.01,0.02,0.79,21.2,7.6,6.7,29.5,9.83,-0.55,0.18,10.71,0.0,10.91,3.0,0.0,0.0,1.78,47.75,7.96,-0.7,-0.04,13.33,6.06,9.84,6.0,0.0,1.0,1.39,79.5,6.62,-0.36,0.38,15.38,3.85,8.12,12.0,0.0,2.0,1.08,,,,,
Justin Martinez,RP,FA,118.25,7.88,15.0,0.0,2.0,13.3,0.9,2.03,0.93,0.25,30.2,18.2,3.4,12.0,4.0,-0.43,-2.25,45.45,40.0,6.52,3.0,0.0,1.0,0.67,31.0,6.2,0.18,-1.37,40.0,26.67,6.35,5.0,0.0,1.0,0.73,88.25,8.02,1.41,0.18,38.18,17.95,3.31,11.0,0.0,2.0,0.88,0.59,-1.47,37.3,17.9,6.7
Jason Foley,RP,FA,117.75,4.91,24.0,0.0,2.0,26.0,1.1,4.15,-1.59,-0.34,15.6,9.4,7.8,8.5,4.25,-1.38,-0.78,6.67,12.5,10.81,2.0,0.0,0.0,1.0,11.75,2.94,-1.28,-0.26,6.67,11.11,8.22,4.0,0.0,0.0,1.08,53.5,5.35,-1.03,-0.36,13.27,10.91,7.93,10.0,0.0,1.0,1.2,,,,,
Jake Woodford,SP,FA,117.25,6.17,19.0,1.0,0.0,27.7,1.4,7.81,0.44,1.49,20.6,6.0,6.2,3.0,3.0,0.19,-0.21,30.77,12.5,7.14,1.0,0.0,0.0,1.33,3.0,3.0,,,30.77,12.5,7.14,1.0,0.0,0.0,1.33,3.0,3.0,,,30.77,12.5,7.14,1.0,0.0,0.0,1.33,-1.0,0.38,16.4,7.6,7.8
Wyatt Olds,RP,FA,116.75,8.34,14.0,0.0,1.0,15.7,1.1,1.15,1.67,0.69,33.1,11.8,5.2,1.75,1.75,,,37.5,25.0,0.0,1.0,0.0,0.0,0.67,25.25,8.42,-0.73,-1.03,22.73,30.0,1.92,3.0,0.0,1.0,0.67,72.0,9.0,1.05,0.7,29.67,12.2,3.76,8.0,0.0,1.0,1.21,,,,,
Beck Way,RP,FA,115.75,6.09,19.0,0.0,1.0,23.3,1.2,3.86,0.36,0.32,25.9,9.5,6.7,,,,,,,,,,,,,,,,,,,,,,,,,,,,,,,,,,,,,,
Connor Brogdon,RP,FA,115.0,7.19,16.0,1.0,4.0,16.0,1.0,5.06,2.39,3.09,26.1,4.3,4.3,,,,,,,,,,,,,,,,,,,,,,,4.75,4.75,,,14.29,0.0,7.14,1.0,0.0,0.0,0.67,0.53,-0.01,29.3,9.0,7.9
Seth Halvorsen,RP,FA,114.5,3.58,32.0,0.0,2.0,29.0,0.9,5.9,-1.83,-1.75,21.0,12.1,9.0,,,,,,,,,,,,5.5,1.83,,,16.67,0.0,6.12,3.0,0.0,0.0,1.0,12.5,1.56,-1.29,-1.12,16.13,2.94,13.68,8.0,0.0,0.0,0.88,0.61,0.09,29.4,11.6,6.6
Robert Garcia,RP,FA,114.0,5.7,20.0,0.0,5.0,18.7,0.9,2.41,-0.11,0.04,24.0,12.7,5.9,22.75,7.58,0.65,1.46,17.65,0.0,2.7,3.0,0.0,1.0,1.0,27.5,4.58,-0.45,0.4,12.82,4.76,7.59,6.0,0.0,1.0,1.06,74.5,6.77,-0.02,0.83,15.87,5.41,5.97,11.0,0.0,3.0,0.97,0.09,-0.48,28.6,8.2,9.1
Gerardo Carrillo,RP,FA,113.5,8.73,13.0,0.0,0.0,17.3,1.3,4.15,-0.45,-1.38,28.8,19.8,5.4,,,,,,,,,,,,,,,,,,,,,,,-9.5,-4.75,,,11.11,25.0,6.45,2.0,0.0,0.0,0.17,,,,,
AJ Smith-Shawver,SP,FA,113.5,12.61,9.0,0.0,1.0,31.3,3.5,6.61,-0.52,-0.38,23.3,11.1,7.2,7.0,3.5,0.79,1.06,25.81,0.0,5.26,2.0,0.0,0.0,1.67,30.75,10.25,0.52,0.65,25.0,0.0,8.79,3.0,0.0,1.0,1.78,66.0,11.0,-0.05,-0.17,23.46,9.88,7.67,6.0,0.0,1.0,2.94,0.2,-0.03,27.1,10.5,7.3
Cody Laweryson,RP,FA,112.25,7.48,15.0,1.0,2.0,16.7,1.1,4.86,-1.08,-0.56,20.3,10.3,7.8,,,,,,,,,,,,,,,,,,,,,,,,,,,,,,,,,,,,,,
Justin Topa,RP,FA,112.25,4.49,25.0,2.0,4.0,22.0,0.9,6.95,-1.71,-0.69,16.6,11.1,7.7,,,,,,,,,,,,,,,,,,,,,,,,,,,,,,,,,,-1.08,-0.06,18.1,6.7,9.0
Raymond Burgos,SP,FA,111.5,12.39,9.0,2.0,0.0,21.3,2.3,4.22,0.76,2.29,18.8,1.2,6.8,36.0,18.0,0.23,0.6,20.69,0.0,8.2,2.0,1.0,0.0,2.0,38.5,12.83,0.17,1.01,16.22,0.0,6.33,3.0,1.0,0.0,1.67,60.5,12.1,0.69,0.96,23.33,0.0,7.63,5.0,1.0,0.0,1.8,,,,,
Gavin Collyer,RP,FA,111.0,4.62,24.0,0.0,0.0,25.0,1.0,5.4,-1.07,-1.58,25.5,16.8,6.9,4.5,4.5,-1.22,-0.87,11.11,0.0,17.65,1.0,0.0,0.0,2.0,4.5,4.5,,,11.11,0.0,17.65,1.0,0.0,0.0,2.0,4.5,4.5,,,11.11,0.0,17.65,1.0,0.0,0.0,2.0,,,,,
Tyler Ferguson,RP,FA,110.75,6.15,18.0,0.0,4.0,18.7,1.0,5.3,1.15,0.9,28.5,5.1,7.5,,,,,,,,,,,,,,,,,,,,,,,5.25,5.25,,,6.67,25.0,8.11,1.0,0.0,0.0,1.67,-0.72,-1.1,26.0,13.8,7.8
Kyle Backhus,RP,FA,110.25,5.25,21.0,0.0,1.0,20.0,1.0,4.95,-0.81,-0.04,19.6,6.4,8.5,,,,,,,,,,,,,,,,,,,,,,,,,,,,,,,,,,-1.57,-1.46,21.8,7.0,11.4
Carlos Vargas,RP,FA,109.5,6.84,16.0,0.0,1.0,19.0,1.2,4.74,-0.71,0.76,16.2,4.9,7.8,18.0,9.0,-0.86,-0.28,10.53,10.0,8.82,2.0,0.0,0.0,1.33,53.75,8.96,-0.42,0.21,15.22,7.14,7.45,6.0,0.0,1.0,1.06,68.75,5.73,-0.37,0.7,12.63,5.36,6.42,12.0,0.0,1.0,1.03,-0.25,0.94,18.9,6.9,7.1
Blake Weiman,RP,FA,108.75,6.04,18.0,0.0,3.0,17.7,1.0,2.55,1.01,1.71,23.4,3.8,6.7,6.5,3.25,,,14.29,16.67,4.55,2.0,0.0,0.0,0.67,27.25,5.45,-0.16,0.35,17.65,11.11,4.0,5.0,0.0,0.0,0.73,57.5,5.75,0.77,1.02,23.88,5.56,5.26,10.0,0.0,1.0,0.87,,,,,
Chase Petty,SP,FA,108.5,6.78,16.0,1.0,0.0,31.7,2.0,4.83,-1.05,-0.38,19.6,6.5,9.0,,,,,,,,,,,,,,,,,,,,,,,,,,,,,,,,,,,,,,
Mason Black,SP,FA,108.5,6.38,17.0,0.0,0.0,31.3,1.8,4.31,-2.14,-1.67,18.5,14.1,8.1,,,,,,,,,,,,,,,,,,,,,,,,,,,,,,,,,,,,,,
Daniel Espino,SP,T,108.25,7.73,14.0,0.0,1.0,15.3,1.1,4.11,0.94,-1.05,36.8,10.8,8.4,21.0,10.5,-0.27,-0.2,21.43,0.0,13.33,2.0,0.0,1.0,1.0,20.0,6.67,-0.63,-1.4,28.0,23.08,8.77,3.0,0.0,1.0,1.0,62.5,7.81,0.14,-0.56,28.75,7.89,9.8,8.0,0.0,1.0,1.17,,,,,
Yerry De Los Santos,RP,FA,108.0,6.75,16.0,0.0,0.0,22.0,1.4,2.05,-2.41,-1.55,16.0,8.5,10.1,7.0,7.0,-0.1,1.16,6.67,0.0,4.65,1.0,0.0,0.0,2.0,7.0,7.0,,,6.67,0.0,4.65,1.0,0.0,0.0,2.0,7.0,7.0,,,6.67,0.0,4.65,1.0,0.0,0.0,2.0,-0.83,-0.61,22.7,10.6,8.3
Luis Gil,SP,T,107.25,11.92,9.0,0.0,0.0,27.3,3.0,4.61,-1.41,-0.9,19.7,14.5,6.7,5.0,5.0,-1.56,-1.62,14.29,40.0,2.44,1.0,0.0,0.0,2.0,19.5,6.5,-1.4,-0.92,11.54,27.78,2.53,3.0,0.0,0.0,1.33,42.75,8.55,-0.63,-0.5,19.18,17.95,5.66,5.0,0.0,0.0,1.6,-0.94,-0.53,21.5,13.5,6.9
Nick Mears,RP,FA,106.75,5.08,21.0,0.0,5.0,19.3,0.9,5.12,-0.85,0.08,18.7,13.3,5.6,,,,,,,,,,,,,,,,,,,,,,,,,,,,,,,,,,0.23,0.42,25.0,6.3,8.3
Luke Murphy,RP,FA,106.0,4.82,22.0,0.0,5.0,20.0,0.9,6.75,-0.17,0.36,22.0,12.4,5.5,5.0,1.67,-0.62,-0.38,16.67,10.0,9.52,3.0,0.0,0.0,0.67,20.5,3.42,-0.26,0.12,18.42,5.26,9.21,6.0,0.0,1.0,0.67,18.25,1.82,-0.43,-0.06,18.07,6.98,8.43,10.0,0.0,1.0,0.77,,,,,
Peyton Pallette,RP,FA,105.75,6.61,16.0,0.0,1.0,20.7,1.3,5.23,-0.33,-1.14,28.4,16.5,6.3,,,,,,,,,,,,,,,,,,,,,,,,,,,,,,,,,,,,,,
Mike Paredes,RP,FA,105.75,11.75,9.0,0.0,0.0,34.3,3.8,4.72,-1.07,-0.34,19.3,8.4,8.2,,,,,,,,,,,,,,,,,,,,,,,,,,,,,,,,,,,,,,
Lucas Giolito,SP,FA,105.25,15.04,7.0,0.0,0.0,29.7,4.2,5.16,-0.86,-1.0,24.0,16.7,6.0,,,,,,,,,,,,,,,,,,,,,,,,,,,,,,,,,,-0.11,0.36,22.9,9.1,7.2
Connor Seabold,RP,FA,104.25,4.96,21.0,0.0,1.0,24.0,1.1,5.25,-0.04,0.94,20.0,8.0,6.3,,,,,,,,,,,,,,,,,,,,,,,,,,,,,,,,,,-2.7,-3.05,21.9,12.5,11.9
Ryan Weiss,SP,FA,104.25,11.58,9.0,0.0,0.0,26.0,2.9,7.62,-0.75,-0.78,23.7,15.3,6.2,,,,,,,,,,,,,,,,,,,,,,,,,,,,,,,,,,,,,,
Nick Davila,RP,FA,103.75,4.32,24.0,1.0,2.0,27.3,1.1,4.94,-1.56,-0.33,15.8,10.9,7.2,,,,,,,,,,,,,,,,,,,,,,,,,,,,,,,,,,,,,,
Cody Bolton,SP,FA,103.25,12.91,8.0,1.0,0.0,20.0,2.5,5.4,-1.41,-0.89,19.6,14.7,6.6,,,,,,,,,,,,,,,,,,,,,,,,,,,,,,,,,,,,,,
Miguel Ullola,SP,FA,103.0,9.36,11.0,0.0,0.0,16.7,1.5,2.16,0.2,-0.21,27.4,8.1,8.1,31.5,15.75,0.5,0.15,32.14,7.14,7.55,2.0,0.0,0.0,2.0,56.5,11.3,-0.37,-0.43,22.22,12.5,8.55,5.0,0.0,0.0,1.73,65.25,9.32,-0.73,-1.12,22.86,10.26,10.81,7.0,0.0,0.0,1.52,,,,,
Garrett Stallings,RP,FA,102.75,17.12,6.0,1.0,0.0,14.0,2.3,0.0,0.66,-0.69,33.0,9.8,8.2,,,,,,,,,,,,26.5,26.5,,,6.25,9.09,7.14,1.0,0.0,0.0,3.0,53.25,26.62,,,21.88,9.52,8.33,2.0,1.0,0.0,3.0,,,,,
Elmer Rodriguez,SP,T,102.5,17.08,6.0,0.0,0.0,26.7,4.4,5.4,0.22,-0.55,29.3,12.8,6.8,,,,,,,,,,,,,,,,,,,,,,,14.25,14.25,0.29,-1.39,37.14,15.0,9.89,1.0,0.0,0.0,3.67,,,,,
Jonathan Hernandez,RP,FA,101.5,6.34,16.0,0.0,0.0,25.3,1.6,5.68,-1.06,-0.45,19.9,11.9,7.0,,,,,,,,,,,,,,,,,,,,,,,,,,,,,,,,,,,,,,
Nick Frasso,RP,FA,101.0,5.05,20.0,0.0,0.0,21.7,1.1,5.82,0.54,0.91,24.2,7.1,6.7,8.75,4.38,-0.62,-1.12,26.67,0.0,19.23,2.0,0.0,0.0,1.0,30.25,6.05,0.98,0.15,36.96,3.85,9.89,5.0,0.0,0.0,1.33,48.0,4.36,0.4,0.38,24.49,8.0,6.5,11.0,0.0,0.0,1.03,,,,,
Danny Coulombe,RP,FA,100.25,3.46,29.0,0.0,7.0,22.0,0.8,4.5,-1.3,-0.23,17.1,15.6,5.2,,,,,,,,,,,,,,,,,,,,,,,,,,,,,,,,,,0.41,0.15,27.7,10.2,7.1
Sammy Peralta,RP,FA,99.75,6.23,16.0,0.0,2.0,23.0,1.4,6.65,-1.64,-1.24,19.8,8.0,9.8,19.0,9.5,-1.03,-0.3,7.32,9.52,9.21,2.0,0.0,1.0,2.33,30.0,6.0,-0.89,-0.21,12.2,8.16,9.71,5.0,0.0,1.0,2.07,47.75,6.82,-1.18,-0.86,15.31,8.33,10.65,7.0,0.0,1.0,1.76,-1.94,-2.04,22.1,11.5,10.5
Chad Dallas,SP,FA,98.75,16.46,6.0,0.0,2.0,14.3,2.4,5.02,0.24,-0.29,28.1,12.5,6.5,12.25,12.25,-0.17,-0.18,23.08,14.29,6.06,1.0,0.0,0.0,1.33,35.75,17.88,0.4,0.01,29.63,11.76,5.97,2.0,0.0,1.0,2.0,35.75,17.88,,,29.63,11.76,5.97,2.0,0.0,1.0,2.0,,,,,
Jordan Leasure,RP,FA,98.75,5.49,18.0,0.0,3.0,18.7,1.0,6.27,0.04,-0.25,26.5,10.3,7.3,,,,,,,,,,,,,,,,,,,,,,,,,,,,,,,,,,0.19,-0.97,31.9,11.2,8.7
Joe Boyle,SP,FA,98.5,24.62,4.0,0.0,0.0,19.0,4.8,5.21,0.02,0.18,24.2,11.1,6.3,,,,,,,,,,,,,,,,,,,,,,,,,,,,,,,,,,-0.38,-1.2,29.0,12.4,8.6
Jack Sinclair,RP,FA,97.5,8.86,11.0,1.0,5.0,11.0,1.0,2.45,-2.22,-1.66,17.9,8.7,10.2,26.5,8.83,0.34,0.24,27.78,0.0,10.53,3.0,0.0,3.0,0.67,49.75,8.29,-0.29,0.03,18.92,4.17,10.53,6.0,0.0,5.0,0.94,97.5,8.86,-0.9,-0.76,17.95,8.7,10.18,11.0,1.0,5.0,1.0,,,,,
Hunter Bigge,RP,FA,95.5,5.31,18.0,0.0,5.0,19.3,1.1,6.98,0.03,-0.14,25.9,16.5,4.7,,,,,,,,,,,,,,,,,,,,,,,,,,,,,,,,,,0.46,0.16,28.0,8.3,7.9
Drew Rom,SP,FA,94.25,5.24,18.0,0.0,3.0,17.7,1.0,5.6,-1.35,-0.66,18.9,8.4,8.7,-1.25,-0.62,-1.31,-0.17,0.0,0.0,13.16,2.0,0.0,0.0,1.0,14.25,2.38,-1.0,0.43,4.26,0.0,10.34,6.0,0.0,0.0,1.06,14.25,2.38,-1.42,0.18,4.26,0.0,10.34,6.0,0.0,0.0,1.06,,,,,
Cesar Perdomo,SP,FA,93.5,18.7,5.0,0.0,0.0,24.7,4.8,3.65,-0.01,1.01,19.9,6.7,6.7,16.75,16.75,0.61,1.27,19.44,0.0,3.9,1.0,0.0,0.0,5.33,27.5,13.75,-0.43,0.4,13.16,6.98,6.25,2.0,0.0,0.0,5.0,93.5,18.7,0.04,0.48,19.35,6.67,6.67,5.0,0.0,0.0,4.93,,,,,
Angel Chivilli,RP,FA,93.25,6.22,15.0,0.0,2.0,16.7,1.1,3.78,1.62,0.73,32.6,9.6,6.0,,,,,,,,,,,,,,,,,,,,,,,,,,,,,,,,,,1.28,0.97,29.7,8.4,6.4
Elieser Hernandez,RP,FA,93.0,18.6,5.0,1.0,0.0,12.0,2.4,2.25,0.04,-0.8,29.3,11.3,7.8,9.0,9.0,,,37.5,0.0,7.14,1.0,0.0,0.0,1.0,9.0,9.0,,,37.5,0.0,7.14,1.0,0.0,0.0,1.0,41.5,13.83,0.3,0.37,23.4,8.0,6.54,3.0,0.0,0.0,2.0,,,,,
Tyler Samaniego,RP,FA,92.5,4.62,20.0,0.0,1.0,20.3,1.0,2.66,0.12,0.84,21.6,8.9,6.1,,,,,,,,,,,,,,,,,,,,,,,,,,,,,,,,,,,,,,
Ray Kerr,RP,FA,91.25,10.14,9.0,0.0,2.0,18.3,2.0,1.47,0.97,1.66,23.4,3.0,7.1,8.25,8.25,-0.79,0.2,5.56,9.09,6.25,1.0,0.0,0.0,3.0,18.0,9.0,,,15.38,6.67,8.16,2.0,0.0,1.0,2.0,75.0,12.5,0.2,0.61,20.24,2.0,8.07,6.0,0.0,1.0,2.5,,,,,
Jose Franco,SP,FA,91.25,9.12,10.0,0.0,1.0,20.3,2.0,4.43,-2.32,-2.33,20.6,16.3,8.3,,,,,,,,,,,,,,,,,,,,,,,,,,,,,,,,,,,,,,
Dietrich Enns,RP,FA,91.0,7.0,13.0,0.0,0.0,16.0,1.2,3.94,-1.22,-1.32,23.1,15.7,6.9,,,,,,,,,,,,,,,,,,,,,,,,,,,,,,,,,,0.21,-0.03,27.2,7.5,8.6
Michael Fulmer,RP,FA,90.25,6.02,15.0,0.0,2.0,13.7,0.9,3.29,0.7,-1.37,36.7,13.1,8.0,10.25,10.25,0.43,0.21,30.0,14.29,3.57,1.0,0.0,0.0,1.33,17.5,4.38,0.37,-0.31,32.26,13.33,7.25,4.0,0.0,0.0,0.75,49.5,4.95,1.13,-0.33,38.82,12.5,7.18,10.0,0.0,0.0,0.87,,,,,
Ryan Borucki,RP,FA,89.5,4.26,21.0,0.0,1.0,23.7,1.1,4.94,0.65,0.27,28.2,8.7,7.1,,,,,,,,,,,,,,,,,,,,,,,,,,,,,,,,,,-0.5,-1.53,29.8,11.0,9.8
Jack Ralston,RP,FA,89.5,5.59,16.0,0.0,3.0,17.3,1.1,5.71,-2.25,-1.65,17.6,11.7,9.0,4.25,2.12,-1.36,-0.83,7.69,6.67,14.04,2.0,0.0,0.0,1.33,37.25,7.45,-0.84,-0.41,14.89,12.5,8.4,5.0,0.0,1.0,1.33,62.0,4.77,-1.43,-1.07,14.13,14.52,8.98,13.0,0.0,2.0,1.0,,,,,
Khristian Curtis,SP,FA,89.25,14.88,6.0,0.0,0.0,21.0,3.5,4.71,-0.7,-0.67,23.5,13.8,6.6,14.5,14.5,-0.07,0.08,21.62,6.25,8.45,1.0,0.0,0.0,3.67,38.5,19.25,-0.15,-0.14,22.73,13.33,6.06,2.0,0.0,0.0,3.5,51.5,12.88,-0.13,0.02,20.91,15.0,5.0,4.0,0.0,0.0,3.25,,,,,
Burch Smith,RP,FA,88.75,6.83,13.0,0.0,0.0,17.0,1.3,3.18,0.38,0.98,22.7,9.6,5.6,,,,,,,,,,,,,,,,,,,,,,,,,,,,,,,,,,,,,,
Gavin Hollowell,RP,FA,88.0,5.87,15.0,1.0,1.0,14.7,0.9,2.45,-0.17,-0.74,27.5,14.1,6.6,0.75,0.75,,,0.0,50.0,16.67,1.0,0.0,0.0,0.33,0.75,0.75,,,0.0,50.0,16.67,1.0,0.0,0.0,0.33,0.75,0.75,,,0.0,50.0,16.67,1.0,0.0,0.0,0.33,,,,,
Yovanny Cruz,RP,FA,87.75,5.16,17.0,1.0,3.0,16.0,0.9,5.06,-0.19,-0.45,25.9,12.9,6.6,31.25,15.62,0.4,0.27,28.57,0.0,10.34,2.0,1.0,1.0,1.17,32.5,6.5,-0.05,0.03,22.58,11.11,6.25,5.0,1.0,1.0,0.8,49.25,7.04,-0.48,-0.27,19.05,11.54,7.37,7.0,1.0,2.0,0.95,,,,,
Ethan Roberts,RP,FA,87.5,3.8,23.0,0.0,0.0,25.7,1.1,4.21,-0.54,-0.27,22.6,12.7,6.4,,,,,,,,,,,,,,,,,,,,,,,,,,,,,,,,,,,,,,
Mark Manfredi,RP,FA,87.0,6.21,14.0,0.0,0.0,17.7,1.2,3.06,-0.15,-0.29,25.4,12.0,6.7,15.25,7.62,0.95,1.29,26.09,0.0,3.77,2.0,0.0,0.0,2.0,21.75,7.25,0.29,0.47,23.33,4.76,7.14,3.0,0.0,0.0,1.78,41.5,4.61,-0.02,0.25,20.48,12.5,5.21,9.0,0.0,0.0,1.3,,,,,
Cade Winquest,SP,FA,86.75,7.89,11.0,0.0,1.0,13.7,1.2,3.95,-0.07,-0.4,26.5,14.0,6.1,8.0,4.0,-2.15,-1.86,5.56,33.33,7.32,2.0,0.0,0.0,1.0,29.5,7.38,-0.85,-1.05,21.05,19.05,8.79,4.0,0.0,0.0,1.33,75.0,7.5,-0.09,-0.19,23.08,13.46,6.33,10.0,0.0,1.0,1.17,,,,,
Eli Morgan,RP,FA,85.75,5.36,16.0,1.0,0.0,19.3,1.2,5.12,-0.28,-0.21,24.1,9.9,7.4,,,,,,,,,,,,,,,,,,,,,,,,,,,,,,,,,,,,,,
Jose Cabrera,SP,FA,85.75,10.72,8.0,0.0,0.0,28.3,3.5,5.72,-0.36,0.69,19.0,8.5,6.5,-7.0,-7.0,-0.46,-0.07,15.79,10.0,7.5,1.0,0.0,0.0,1.33,-7.0,-7.0,,,15.79,10.0,7.5,1.0,0.0,0.0,1.33,12.5,4.17,-0.55,0.26,14.0,10.0,6.14,3.0,0.0,0.0,2.11,,,,,
Osvaldo Bido,RP,FA,84.75,7.7,11.0,1.0,0.0,18.7,1.7,6.27,-0.58,-0.49,23.4,12.3,6.9,,,,,,,,,,,,,,,,,,,,,,,,,,,,,,,,,,-0.97,-1.25,25.0,9.6,9.9
Zack Kelly,RP,FA,84.25,4.96,17.0,0.0,3.0,16.3,0.9,3.31,-0.58,-0.02,21.1,9.9,7.1,,,,,,,,,,,,,,,,,,,,,,,,,,,,,,,,,,0.55,1.2,23.3,7.9,6.2
Shaun Anderson,RP,FA,84.25,7.02,12.0,0.0,0.0,20.0,1.7,7.65,-0.98,-1.68,26.6,10.8,9.4,,,,,,,,,,,,,,,,,,,,,,,,,,,,,,,,,,-0.9,-0.91,23.8,5.4,11.1
Jack Anderson,RP,FA,83.75,11.96,7.0,1.0,0.0,12.3,1.7,2.19,0.87,0.11,30.5,6.3,8.3,,,,,,,,,,,,,,,,,,,,,,,,,,,,,,,,,,,,,,
Yunior Marte,SP,FA,81.5,16.3,5.0,0.0,0.0,24.3,4.8,4.44,-1.5,-1.1,20.1,9.7,8.9,19.25,19.25,0.06,-0.09,26.47,5.0,10.14,1.0,0.0,0.0,5.0,22.5,11.25,-0.37,-0.02,18.18,9.09,7.83,2.0,0.0,0.0,4.83,61.75,15.44,-0.69,-0.65,19.57,9.41,9.51,4.0,0.0,0.0,4.92,,,,,
Nolan Hoffman,RP,FA,81.25,5.42,15.0,0.0,3.0,15.0,1.0,3.6,0.75,1.38,23.3,9.0,5.2,8.75,2.92,-0.14,-0.45,27.27,18.18,5.88,3.0,0.0,0.0,0.67,40.75,5.82,0.62,0.4,29.03,8.0,5.63,7.0,0.0,2.0,0.71,67.5,5.62,0.4,1.25,17.65,6.52,4.08,12.0,0.0,3.0,0.86,,,,,
Tom Cosgrove,RP,FA,80.5,4.47,18.0,1.0,3.0,16.3,0.9,7.71,-2.05,-1.2,16.8,8.1,9.7,,,,,,,,,,,,,,,,,,,,,,,,,,,,,,,,,,,,,,
Keegan Akin,RP,FA,80.0,3.33,24.0,0.0,0.0,25.3,1.0,5.68,-0.84,-0.04,19.3,7.9,7.9,,,,,,,,,,,,,,,,,,,,,,,,,,,,,,,,,,-0.99,-1.4,25.6,12.3,9.0
Brenan Hanifee,RP,FA,78.25,3.4,23.0,0.0,3.0,21.3,0.9,5.06,-1.97,-0.62,14.4,7.5,9.0,,,,,,,,,,,,,,,,,,,,,,,,,,,,,,,,,,-1.54,-0.31,16.1,5.4,10.0
Cole Sands,RP,FA,78.0,6.0,13.0,1.0,3.0,12.0,0.9,8.25,0.55,1.09,23.3,8.9,5.7,,,,,,,,,,,,,,,,,,,,,,,,,,,,,,,,,,0.38,1.17,22.2,6.4,6.9
Brandan Bidois,RP,FA,77.25,5.15,15.0,0.0,0.0,15.7,1.0,6.32,-0.04,-2.58,37.7,15.0,9.2,,,,,,,,,,,,,,,,,,,,,,,,,,,,,,,,,,,,,,
Aaron Bummer,RP,FA,76.25,3.63,21.0,0.0,5.0,16.7,0.8,10.26,-2.62,-2.53,19.5,12.5,10.1,,,,,,,,,,,,,,,,,,,,,,,,,,,,,,,,,,0.31,0.94,22.9,7.6,6.8
William Kempner,RP,FA,76.0,8.44,9.0,0.0,0.0,12.3,1.3,2.92,2.12,1.12,34.1,8.0,6.0,,,,,,,,,,,,,,,,,,,,,,,,,,,,,,,,,,,,,,
Tristan Beck,RP,FA,75.5,5.39,14.0,1.0,0.0,19.0,1.4,5.21,-0.71,0.37,18.2,6.0,8.0,12.0,6.0,-0.29,0.04,17.65,0.0,11.76,2.0,0.0,0.0,1.17,31.0,10.33,0.13,1.05,15.15,0.0,6.06,3.0,0.0,0.0,1.67,31.0,10.33,,,15.15,0.0,6.06,3.0,0.0,0.0,1.67,-0.29,0.11,22.9,6.9,8.6
Danny Young,RP,FA,75.0,4.69,16.0,0.0,4.0,12.3,0.8,8.03,-0.85,-1.12,24.7,20.0,4.9,,,,,,,,,,,,,,,,,,,,,,,,,,,,,,,,,,,,,,
Anthony Gose,RP,FA,74.75,5.34,14.0,0.0,2.0,13.7,0.9,0.66,2.41,3.37,24.8,3.9,4.0,18.0,6.0,0.63,0.53,29.63,7.14,5.08,3.0,0.0,0.0,1.33,38.5,6.42,1.18,0.89,32.61,4.55,4.35,6.0,0.0,1.0,1.0,58.75,4.9,1.22,1.45,25.84,4.65,4.12,12.0,0.0,2.0,0.92,,,,,
Cooper Hjerpe,SP,T,74.0,18.5,4.0,0.0,0.0,12.3,3.0,4.38,-1.55,-2.11,24.8,16.4,7.9,17.5,17.5,-0.44,-1.04,29.03,18.75,9.33,1.0,0.0,0.0,3.33,33.5,16.75,-0.68,-0.73,20.59,15.62,8.72,2.0,0.0,0.0,3.67,74.0,18.5,-0.53,-0.95,23.89,16.36,7.84,4.0,0.0,0.0,3.08,,,,,
Brycen Mautz,SP,FA,73.75,9.22,8.0,0.0,0.0,15.3,1.9,5.87,0.59,-0.7,32.6,14.7,6.3,12.5,6.25,-0.76,-1.22,25.0,11.11,14.29,2.0,0.0,0.0,1.17,23.0,7.67,0.55,-0.41,36.11,12.5,8.45,3.0,0.0,0.0,1.33,42.75,7.12,0.32,-0.87,33.33,17.39,7.14,6.0,0.0,0.0,1.56,,,,,
Kohl Drake,SP,FA,73.25,14.65,5.0,0.0,0.0,20.7,4.0,6.53,0.26,0.96,22.0,7.4,6.5,,,,,,,,,,,,,,,,,,,,,,,,,,,,,,,,,,,,,,
Xzavion Curry,SP,FA,73.25,8.14,9.0,0.0,0.0,21.3,2.3,5.48,-0.53,0.73,17.6,9.6,6.0,,,,,,,,,,,,2.25,2.25,-0.37,0.66,11.54,6.25,4.92,1.0,0.0,0.0,3.0,2.25,2.25,,,11.54,6.25,4.92,1.0,0.0,0.0,3.0,,,,,
Antwone Kelly,SP,FA,71.25,8.91,8.0,0.0,0.0,18.7,2.3,4.82,-3.76,-3.45,16.2,9.9,12.6,22.75,11.38,-0.62,-0.47,17.86,11.11,9.52,2.0,0.0,0.0,2.17,22.75,11.38,-0.67,-0.44,17.86,11.11,9.52,2.0,0.0,0.0,2.17,44.25,11.06,-1.54,-1.26,14.29,8.89,11.84,4.0,0.0,0.0,2.58,,,,,
Logan Allen,SP,FA,68.75,9.82,7.0,0.0,0.0,16.7,2.3,5.94,-1.01,-0.35,19.7,7.4,8.6,,,,,,,,,,,,,,,,,,,,,,,-2.0,-2.0,,,12.9,14.29,1.61,1.0,0.0,0.0,2.33,-0.13,0.78,20.6,9.2,6.4
Drey Jameson,RP,FA,67.75,5.65,12.0,0.0,0.0,19.3,1.6,5.12,-0.33,-0.88,27.1,11.6,7.8,,,,,,,,,,,,,,,,,,,,,,,,,,,,,,,,,,,,,,
Logan VanWey,RP,FA,66.0,6.6,10.0,0.0,0.0,12.7,1.2,1.42,1.57,2.42,23.8,2.2,6.2,13.25,4.42,-0.26,0.06,18.18,9.09,7.14,3.0,0.0,0.0,0.89,28.25,5.65,0.13,0.41,21.54,4.17,7.89,5.0,0.0,0.0,1.33,28.25,5.65,0.18,0.41,21.54,4.17,7.89,5.0,0.0,0.0,1.33,-1.07,0.19,16.9,6.1,8.8
Jason Alexander,SP,FA,65.75,16.44,4.0,0.0,0.0,18.3,4.5,9.33,-1.48,-1.11,20.3,9.5,9.0,,,,,,,,,,,,,,,,,,,,,,,,,,,,,,,,,,0.05,0.25,24.6,7.7,8.0
Landon Knack,SP,FA,65.5,16.38,4.0,1.0,0.0,11.7,2.8,3.86,-1.91,-1.82,20.9,4.0,12.3,,,,,,,,,,,,25.0,25.0,-0.11,0.26,19.35,0.0,11.48,1.0,0.0,0.0,4.0,25.0,25.0,,,19.35,0.0,11.48,1.0,0.0,0.0,4.0,-0.81,-0.37,21.6,10.3,8.0
Zach McCambley,RP,FA,65.25,5.93,11.0,0.0,0.0,13.3,1.2,4.05,1.86,1.76,29.1,10.0,4.2,20.5,10.25,1.12,1.25,30.0,0.0,4.08,2.0,0.0,0.0,1.83,24.25,8.08,1.32,1.27,31.03,0.0,4.55,3.0,0.0,0.0,1.56,24.25,8.08,,,31.03,0.0,4.55,3.0,0.0,0.0,1.56,,,,,
Alimber Santa,RP,FA,62.5,6.25,10.0,0.0,0.0,15.3,1.5,1.17,-0.64,0.4,18.5,10.2,6.3,,,,,,,,,,,,,,,,,,,,,,,,,,,,,,,,,,,,,,
Andrew Sears,SP,FA,62.0,10.33,6.0,0.0,0.0,19.0,3.2,7.11,-0.28,-0.79,27.0,8.7,8.8,-0.25,-0.25,-0.51,-0.04,14.29,10.0,7.32,1.0,0.0,0.0,1.67,0.75,0.38,-1.2,-1.62,21.43,21.05,11.54,2.0,0.0,0.0,1.17,44.25,11.06,-0.43,-0.74,23.36,10.94,9.24,4.0,0.0,0.0,3.08,,,,,
Brett Kerry,SP,FA,61.75,20.58,3.0,0.0,0.0,13.7,4.4,3.95,2.81,3.54,26.7,3.7,3.8,,,,,,,,,,,,,,,,,,,,,,,,,,,,,,,,,,,,,,
Ben Peoples,RP,FA,61.5,3.84,16.0,0.0,0.0,16.3,1.0,2.76,-0.0,0.2,24.0,11.8,6.0,,,,,,,,,,,,,,,,,,,,,,,8.75,4.38,,,22.22,18.18,4.88,2.0,0.0,0.0,1.0,,,,,
Taijuan Walker,SP,FA,61.25,12.25,5.0,0.0,0.0,22.7,4.4,9.13,-0.92,0.36,16.8,9.6,6.6,,,,,,,,,,,,,,,,,,,,,,,,,,,,,,,,,,-0.62,0.5,18.5,7.8,7.5
Angel Zerpa,RP,FA,60.0,5.0,12.0,2.0,2.0,12.7,1.0,6.39,-2.4,-1.89,17.8,10.9,9.7,,,,,,,,,,,,,,,,,,,,,,,,,,,,,,,,,,-1.42,-0.21,16.4,8.0,8.7
Zach Maxwell,RP,FA,60.0,5.0,12.0,1.0,1.0,13.0,1.1,8.31,-2.63,-1.93,16.4,14.9,8.2,,,,,,,,,,,,,,,,,,,,,,,,,,,,,,,,,,1.82,0.59,35.5,9.3,6.7
Garrett Acton,RP,FA,59.5,8.5,7.0,0.0,0.0,11.0,1.6,5.73,1.63,-0.05,36.6,11.8,6.4,,,,,,,,,,,,,,,,,,,,,,,15.75,5.25,0.7,-0.28,33.33,13.04,6.82,3.0,0.0,0.0,1.44,,,,,
Lazaro Estrada,RP,FA,59.0,7.38,8.0,1.0,0.0,13.0,1.6,5.54,-2.66,-3.44,23.8,17.5,9.6,,,,,,,,,,,,,,,,,,,,,,,,,,,,,,,,,,,,,,
Zak Kent,RP,FA,58.25,5.3,11.0,0.0,0.0,16.3,1.5,5.51,-0.53,0.04,21.1,10.4,6.8,,,,,,,,,,,,,,,,,,,,,,,8.5,8.5,,,23.08,12.5,5.88,1.0,0.0,0.0,2.0,-0.71,-0.47,22.9,10.5,8.1
Brendan Cellucci,RP,FA,57.75,9.62,,,,8.7,,,,,,,,18.5,9.25,0.59,0.82,25.0,9.09,2.27,2.0,0.0,0.0,1.67,43.75,8.75,0.81,0.06,35.29,12.0,5.49,5.0,0.0,0.0,1.4,57.75,9.62,0.86,0.04,32.65,10.0,6.9,6.0,0.0,0.0,1.44,,,,,
Hunter Barco,RP,FA,57.0,8.14,7.0,0.0,1.0,17.7,2.5,7.64,-1.25,0.0,16.3,14.9,5.1,,,,,,,,,,,,,,,,,,,,,,,,,,,,,,,,,,,,,,
Coleman Crow,SP,FA,55.25,11.05,5.0,0.0,0.0,18.7,3.6,5.3,-1.54,-0.4,16.3,7.1,8.8,,,,,,,,,,,,,,,,,,,,,,,,,,,,,,,,,,,,,,
Philip Abner,RP,FA,55.0,4.23,13.0,0.0,1.0,19.0,1.5,7.11,-0.74,0.33,18.2,12.8,5.4,,,,,,,,,,,,8.0,2.67,,,11.11,16.67,11.63,3.0,0.0,1.0,0.56,19.5,3.9,,,12.5,13.64,13.24,5.0,0.0,1.0,0.93,,,,,
Carson Palmquist,RP,FA,54.75,4.98,11.0,0.0,0.0,16.3,1.5,7.71,0.14,0.69,22.5,10.3,5.8,,,,,,,,,,,,,,,,,,,,,,,,,,,,,,,,,,-1.5,-1.22,21.0,14.3,7.8
Manuel Rodriguez,RP,FA,54.5,9.08,,,,6.7,,,,,,,,10.75,5.38,-1.17,-1.32,18.18,36.36,2.38,2.0,0.0,0.0,1.0,10.75,5.38,,,18.18,36.36,2.38,2.0,0.0,0.0,1.0,20.0,6.67,-0.27,0.52,15.38,20.0,1.33,3.0,0.0,0.0,1.22,0.66,0.84,25.9,5.0,8.1
Lucas Sims,RP,FA,54.0,6.0,9.0,0.0,2.0,10.0,1.1,4.5,-2.7,-3.06,21.6,15.2,9.9,,,,,,,,,,,,,,,,,,,,,,,,,,,,,,,,,,-0.42,-2.49,35.3,19.4,7.9
Andrew Hoffmann,RP,FA,53.0,6.62,8.0,0.0,0.0,11.7,1.4,7.71,-1.07,-0.31,19.1,13.6,6.1,,,,,,,,,,,,,,,,,,,,,,,,,,,,,,,,,,-0.07,-1.22,31.3,16.4,6.9
James Karinchak,RP,FA,52.75,5.86,,,,9.7,,,,,,,,,,,,,,,,,,,,,,,,,,,,,,,,,,,,,,,,,,,,,
Sean Sullivan,SP,FA,52.75,10.55,5.0,0.0,0.0,22.3,4.4,8.87,-2.31,-1.45,16.2,9.6,9.5,,,,,,,,,,,,,,,,,,,,,,,,,,,,,,,,,,,,,,
Bradley Blalock,SP,FA,52.25,13.06,4.0,0.0,0.0,11.3,2.8,5.56,-1.28,-0.82,20.2,8.3,9.0,14.25,14.25,0.18,0.42,22.22,7.69,5.56,1.0,0.0,0.0,3.33,22.5,11.25,-0.19,-0.06,21.43,9.09,8.14,2.0,0.0,0.0,2.67,52.25,13.06,-0.62,-0.38,18.27,8.33,9.0,4.0,0.0,0.0,2.83,-1.13,0.3,15.9,8.4,7.6
Trevor Martin,RP,FA,50.25,6.28,8.0,0.0,0.0,15.3,1.9,4.11,0.62,1.67,20.9,9.6,4.5,5.25,5.25,-0.23,0.34,15.0,14.29,2.78,1.0,0.0,0.0,1.0,5.25,5.25,,,15.0,14.29,2.78,1.0,0.0,0.0,1.0,5.25,5.25,,,15.0,14.29,2.78,1.0,0.0,0.0,1.0,,,,,
Ty Johnson,SP,FA,49.75,6.22,,,,7.7,,,,,,,,2.25,2.25,-0.3,0.17,15.79,16.67,2.63,1.0,0.0,0.0,1.0,28.75,7.19,0.84,0.96,26.83,5.26,3.45,4.0,0.0,0.0,1.17,49.75,6.22,0.47,0.22,26.58,11.76,5.59,8.0,0.0,1.0,0.96,,,,,
Eddy Yean,RP,FA,49.5,6.19,8.0,0.0,1.0,11.0,1.4,2.45,-2.23,-0.92,14.1,4.4,10.7,,,,,,,,,,,,,,,,,,,,,,,3.25,3.25,,,8.33,0.0,17.86,1.0,0.0,0.0,1.0,,,,,
Riley Martin,RP,FA,49.25,6.16,,,,8.3,,,,,,,,,,,,,,,,,,,,,,,,,,,,,,,,,,,,,,,,,,,,,
Jayden Murray,RP,FA,48.5,4.85,10.0,0.0,0.0,16.3,1.6,9.37,1.37,1.35,27.7,11.4,4.3,,,,,,,,,,,,,,,,,,,,,,,,,,,,,,,,,,-0.6,-0.05,21.5,6.4,9.1
Peter Strzelecki,RP,FA,48.25,6.03,8.0,0.0,0.0,14.0,1.8,5.79,-0.47,0.93,17.0,9.8,5.6,,,,,,,,,,,,,,,,,,,,,,,,,,,,,,,,,,,,,,
Yaramil Hiraldo,RP,FA,47.75,5.97,,,,9.3,,,,,,,,,,,,,,,,,,,,,,,,,,,,,,-4.5,-4.5,,,15.79,36.36,4.08,1.0,0.0,0.0,1.67,1.29,-0.47,37.1,10.7,8.0
Carl Edwards Jr.,RP,FA,47.25,23.62,,,,6.0,,,,,,,,,,,,,,,,,,,,,,,,,,,,,,,,,,,,,,,,,,,,,
Max Kranick,RP,FA,46.5,2.74,17.0,0.0,2.0,18.3,1.1,9.33,-0.54,-0.42,23.3,13.8,6.2,,,,,,,,,,,,,,,,,,,,,,,-4.75,-4.75,,,4.55,27.27,4.08,1.0,0.0,0.0,1.33,-0.61,0.08,20.7,4.7,9.6
Jordan Wicks,RP,FA,46.0,11.5,4.0,2.0,0.0,10.3,2.5,10.45,2.58,3.78,23.9,4.0,3.3,,,,,,,,,,,,,,,,,,,,,,,,,,,,,,,,,,1.44,2.34,23.8,1.5,6.9
Chase Lee,RP,FA,46.0,5.75,,,,9.7,,,,,,,,14.0,14.0,,,42.86,0.0,10.53,1.0,0.0,0.0,1.67,14.0,14.0,,,42.86,0.0,10.53,1.0,0.0,0.0,1.67,14.0,14.0,,,42.86,0.0,10.53,1.0,0.0,0.0,1.67,-0.08,0.74,21.1,6.1,7.8
Bobby Miller,SP,T,45.75,15.25,,,,7.3,,,,,,,,20.25,20.25,0.25,-0.97,42.11,22.22,7.14,1.0,0.0,0.0,2.0,25.5,12.75,0.43,0.38,26.32,10.0,4.49,2.0,0.0,0.0,2.17,45.75,15.25,0.27,0.01,25.86,12.12,6.16,3.0,0.0,0.0,2.44,,,,,
Joel Peguero,RP,FA,45.5,4.14,11.0,0.0,1.0,11.3,1.0,2.38,-1.54,-0.76,18.1,8.3,8.9,,,,,,,,,,,,,,,,,,,,,,,,,,,,,,,,,,-0.53,-0.08,22.1,9.3,7.9
Cole Henry,RP,FA,45.0,4.09,11.0,0.0,0.0,13.7,1.2,7.9,0.3,0.75,23.3,11.3,5.3,,,,,,,,,,,,,,,,,,,,,,,,,,,,,,,,,,-0.45,-0.65,25.6,13.3,7.2
Cade Horton,SP,T,44.5,22.25,,,,7.3,,,,,,,,,,,,,,,,,,,,,,,,,,,,,,,,,,,,,,,,,-0.04,-0.11,25.8,6.9,9.0
Spencer Bivens,RP,FA,44.25,7.38,,,,7.7,,,,,,,,19.0,9.5,0.59,0.3,32.0,16.67,1.82,2.0,0.0,0.0,1.33,19.0,9.5,0.67,0.17,32.0,16.67,1.82,2.0,0.0,0.0,1.33,19.0,9.5,,,32.0,16.67,1.82,2.0,0.0,0.0,1.33,-1.06,0.18,17.0,7.3,8.3
Joe Rock,SP,FA,43.25,8.65,5.0,0.0,0.0,10.3,2.0,5.23,-2.08,-3.27,27.0,23.2,7.1,,,,,,,,,,,,-4.75,-4.75,,,20.0,66.67,0.0,1.0,0.0,0.0,0.0,-4.75,-4.75,,,20.0,66.67,0.0,1.0,0.0,0.0,0.0,,,,,
Jhony Brito,RP,FA,43.0,8.6,,,,9.0,,,,,,,,,,,,,,,,,,,,,,,,,,,,,,14.25,7.12,,,26.92,0.0,6.67,2.0,0.0,0.0,1.83,,,,,
Ricky Tiedemann,SP,FA,42.25,8.45,,,,6.0,,,,,,,,,,,,,,,,,,,,,,,,,,,,,,33.75,8.44,0.04,-1.71,36.67,27.27,6.19,4.0,0.0,1.0,1.08,,,,,
Luis De Leon,SP,FA,42.0,5.25,,,,9.3,,,,,,,,10.5,10.5,,,25.0,0.0,8.33,1.0,0.0,1.0,0.67,14.25,7.12,,,17.65,0.0,9.09,2.0,0.0,1.0,1.0,42.0,5.25,-0.31,0.47,15.25,5.56,7.14,8.0,0.0,1.0,1.17,,,,,
Colton Gordon,SP,FA,41.75,8.35,5.0,0.0,0.0,14.3,2.8,8.79,0.52,2.43,16.4,5.7,4.8,,,,,,,,,,,,10.75,10.75,-0.05,0.86,14.29,5.0,4.29,1.0,0.0,0.0,5.0,10.75,10.75,,,14.29,5.0,4.29,1.0,0.0,0.0,5.0,-0.84,0.29,18.0,5.0,9.1
Keegan Thompson,RP,FA,41.75,8.35,5.0,0.0,0.0,12.0,2.4,8.25,-0.32,0.23,21.6,3.5,9.2,,,,,,,,,,,,,,,,,,,,,,,,,,,,,,,,,,,,,,
Eduardo Rivera,SP,FA,40.5,10.12,4.0,0.0,0.0,10.0,2.5,6.3,-0.49,-0.68,25.0,13.6,6.7,,,,,,,,,,,,,,,,,,,,,,,,,,,,,,,,,,,,,,
Carlos Rodriguez,SP,FA,40.5,10.12,,,,9.3,,,,,,,,,,,,,,,,,,,,,,,,,,,,,,,,,,,,,,,,,,,,,
Paul Gervase,RP,FA,40.0,10.0,,,,7.7,,,,,,,,,,,,,,,,,,,,,,,,,,,,,,,,,,,,,,,,,,,,,
Owen Murphy,SP,T,40.0,8.0,5.0,0.0,0.0,12.0,2.4,6.0,-1.95,-1.54,19.2,5.4,11.3,,,,,,,,,,,,12.0,6.0,-0.34,-0.37,22.0,3.7,13.54,2.0,0.0,0.0,2.67,12.0,6.0,-0.83,-1.17,22.0,3.7,13.54,2.0,0.0,0.0,2.67,,,,,
Brendan Beck,SP,FA,39.75,9.94,4.0,0.0,0.0,12.7,3.0,9.95,0.71,-1.1,35.5,13.8,7.3,20.75,20.75,0.13,-0.38,31.82,12.5,8.25,1.0,0.0,0.0,5.0,20.75,20.75,0.29,-0.38,31.82,12.5,8.25,1.0,0.0,0.0,5.0,20.75,20.75,0.35,-0.63,31.82,12.5,8.25,1.0,0.0,0.0,5.0,,,,,
Kervin Castro,RP,FA,39.75,7.95,,,,6.3,,,,,,,,,,,,,,,,,,,,,,,,,,,,,,,,,,,,,,,,,,,,,
Joey Gerber,RP,FA,38.5,5.5,,,,8.3,,,,,,,,,,,,,,,,,,,,,,,,,,,,,,,,,,,,,,,,,,,,,
Chris Martin,RP,FA,38.25,2.39,16.0,0.0,1.0,14.0,0.9,9.0,-1.46,-0.21,15.9,3.0,10.1,,,,,,,,,,,,,,,,,,,,,,,,,,,,,,,,,,0.73,1.74,21.8,4.0,6.9
Max Rajcic,SP,FA,38.0,6.33,,,,9.0,,,,,,,,,,,,,,,,,,,,,,,,,,,,,,,,,,,,,,,,,,,,,
Derek Law,SP,FA,37.5,5.36,,,,9.0,,,,,,,,,,,,,,,,,,,,,,,,,,,,,,33.25,5.54,0.68,1.79,16.67,3.57,3.36,6.0,0.0,0.0,1.28,,,,,
Austin Peterson,SP,FA,37.5,18.75,,,,7.0,,,,,,,,22.75,22.75,-0.03,0.01,23.33,10.53,6.76,1.0,0.0,0.0,5.0,22.75,22.75,-0.01,0.01,23.33,10.53,6.76,1.0,0.0,0.0,5.0,37.5,18.75,0.65,0.4,27.27,7.41,6.67,2.0,0.0,0.0,3.5,,,,,
Easton McGee,SP,FA,37.5,4.17,9.0,0.0,0.0,11.3,1.2,7.15,-1.07,-0.26,18.9,9.6,7.6,,,,,,,,,,,,,,,,,,,,,,,12.5,4.17,,,11.43,5.88,4.62,3.0,0.0,0.0,1.33,-1.33,-0.62,19.2,8.1,9.4
Hurston Waldrep,SP,FA,37.25,12.42,3.0,0.0,1.0,10.7,3.4,8.44,-0.77,-0.73,23.3,17.9,5.1,,,,,,,,,,,,,,,,,,,,,,,,,,,,,,,,,,0.87,0.62,28.5,9.6,6.5
John Klein,RP,FA,37.25,9.31,,,,8.3,,,,,,,,26.0,26.0,-0.69,-0.99,23.33,12.5,12.12,1.0,0.0,0.0,4.0,26.0,26.0,-0.64,-0.94,23.33,12.5,12.12,1.0,0.0,0.0,4.0,26.0,26.0,,,23.33,12.5,12.12,1.0,0.0,0.0,4.0,,,,,
Joel Payamps,RP,FA,37.25,3.1,,,,7.7,,,,,,,,,,,,,,,,,,,,,,,,,,,,,,,,,,,,,,,,,1.18,1.74,25.0,7.7,5.3
Michael Grove,RP,FA,37.25,12.42,,,,7.0,,,,,,,,,,,,,,,,,,,,,,,,,,,,,,,,,,,,,,,,,,,,,
Luis Perales,RP,FA,37.0,6.17,6.0,0.0,0.0,11.0,1.8,11.45,-1.45,-3.72,33.6,21.7,8.4,,,,,,,,,,,,11.0,5.5,-0.57,-1.7,31.71,30.43,6.25,2.0,0.0,0.0,2.0,31.75,6.35,-0.78,-2.03,29.41,21.28,9.64,5.0,0.0,0.0,1.8,,,,,
Codi Heuer,RP,FA,36.75,4.59,,,,9.7,,,,,,,,,,,,,,,,,,,,,,,,,,,,,,,,,,,,,,,,,,,,,
Marco Gonzales,SP,FA,36.25,12.08,,,,6.7,,,,,,,,,,,,,,,,,,,,,,,,,,,,,,,,,,,,,,,,,,,,,
Max Lazar,RP,FA,36.25,4.53,8.0,0.0,0.0,10.0,1.2,6.3,-1.18,-0.8,20.8,6.7,9.6,10.0,5.0,0.3,0.77,20.0,0.0,7.14,2.0,0.0,0.0,1.0,10.0,5.0,,,20.0,0.0,7.14,2.0,0.0,0.0,1.0,10.0,5.0,,,20.0,0.0,7.14,2.0,0.0,0.0,1.0,-0.96,-0.32,20.3,7.1,9.3
Carlos Carrasco,SP,FA,36.0,4.5,8.0,0.0,0.0,16.7,2.0,5.94,1.31,3.01,19.0,4.1,4.5,,,,,,,,,,,,,,,,,,,,,,,,,,,,,,,,,,0.18,0.84,22.5,8.0,6.8
Chayce McDermott,RP,FA,36.0,7.2,,,,7.7,,,,,,,,,,,,,,,,,,,,,,,,,,,,,,,,,,,,,,,,,,,,,
Jose Rodriguez,RP,FA,34.25,8.56,,,,4.7,,,,,,,,9.0,9.0,,,42.86,0.0,11.11,1.0,0.0,0.0,1.0,34.25,8.56,1.78,1.07,40.0,0.0,5.88,4.0,0.0,1.0,1.17,34.25,8.56,,,40.0,0.0,5.88,4.0,0.0,1.0,1.17,,,,,
Bradley Hanner,RP,FA,34.0,6.8,,,,7.3,,,,,,,,13.5,13.5,-0.98,0.32,0.0,0.0,10.0,1.0,0.0,0.0,2.0,13.5,13.5,,,0.0,0.0,10.0,1.0,0.0,0.0,2.0,11.5,5.75,,,0.0,6.25,5.26,2.0,0.0,0.0,1.67,,,,,
Braxton Garrett,SP,FA,33.5,11.17,,,,9.3,,,,,,,,25.25,25.25,-0.37,0.1,15.38,14.29,4.29,1.0,0.0,0.0,5.0,25.25,25.25,-0.52,0.03,15.38,14.29,4.29,1.0,0.0,0.0,5.0,25.25,25.25,,,15.38,14.29,4.29,1.0,0.0,0.0,5.0,,,,,
Alek Jacob,RP,FA,33.25,11.08,,,,5.0,,,,,,,,,,,,,,,,,,,,,,,,,,,,,,,,,,,,,,,,,-1.3,-0.99,21.3,9.2,9.6
Corbin Burnes,SP,T,33.0,11.0,3.0,0.0,0.0,10.3,3.4,7.84,-0.41,-1.24,28.4,8.5,9.6,,,,,,,,,,,,4.25,4.25,0.06,-0.14,25.93,13.33,6.06,1.0,0.0,0.0,2.67,33.0,11.0,0.01,-0.57,27.37,8.51,9.6,3.0,0.0,0.0,3.44,0.2,0.25,25.7,9.8,7.1
Parker Mushinski,RP,FA,32.5,4.06,,,,6.7,,,,,,,,,,,,,,,,,,,,,,,,,,,,,,,,,,,,,,,,,,,,,
Zach Pop,RP,FA,32.0,4.57,,,,7.3,,,,,,,,,,,,,,,,,,,,,,,,,,,,,,,,,,,,,,,,,,,,,
Valente Bellozo,SP,FA,31.75,10.58,3.0,0.0,0.0,10.7,3.4,7.59,-0.96,-2.23,29.5,14.6,8.8,,,,,,,,,,,,,,,,,,,,,,,,,,,,,,,,,,-0.81,-0.1,20.2,6.6,9.1
Kyle Nicolas,RP,FA,31.75,4.54,,,,7.3,,,,,,,,,,,,,,,,,,,,,,,,,,,,,,,,,,,,,,,,,0.71,0.23,29.4,10.8,6.7
Jedixson Paez,SP,FA,31.5,6.3,5.0,0.0,0.0,11.7,2.2,10.8,-1.02,-0.75,21.7,8.8,8.7,37.25,37.25,0.24,0.26,25.58,0.0,10.39,1.0,0.0,0.0,5.0,37.25,37.25,0.41,0.42,25.58,0.0,10.39,1.0,0.0,0.0,5.0,36.25,18.12,-0.05,-0.03,22.35,4.88,9.15,2.0,0.0,0.0,4.33,,,,,
Ken Waldichuk,SP,FA,31.0,6.2,,,,9.3,,,,,,,,,,,,,,,,,,,,,,,,,,,,,,,,,,,,,,,,,,,,,
Joe Ross,SP,FA,30.5,3.81,8.0,0.0,1.0,11.7,1.4,9.26,0.51,-0.3,30.0,10.5,7.3,,,,,,,,,,,,,,,,,,,,,,,,,,,,,,,,,,-0.09,0.48,22.4,7.9,7.5
Tanner Rainey,RP,FA,30.25,5.04,,,,7.0,,,,,,,,,,,,,,,,,,,,,,,,,,,,,,,,,,,,,,,,,,,,,
Matt Krook,RP,FA,30.25,2.75,,,,8.3,,,,,,,,,,,,,,,,,,,,,,,,,,,,,,,,,,,,,,,,,,,,,
Cameron Foster,RP,FA,29.75,4.96,,,,9.0,,,,,,,,,,,,,,,,,,,,,,,,,,,,,,,,,,,,,,,,,,,,,
Brian Fitzpatrick,RP,FA,29.5,5.9,,,,6.7,,,,,,,,,,,,,,,,,,,,,,,,,,,,,,,,,,,,,,,,,,,,,
Jared Koenig,RP,FA,29.25,3.25,,,,7.0,,,,,,,,,,,,,,,,,,,,,,,,,,,,,,,,,,,,,,,,,-0.55,-0.25,22.9,7.5,9.0
Josiah Gray,SP,FA,29.0,9.67,,,,4.0,,,,,,,,17.75,17.75,,,44.44,25.0,0.0,1.0,1.0,0.0,1.0,29.0,9.67,0.67,1.08,23.08,6.67,1.72,3.0,1.0,0.0,1.33,29.0,9.67,,,23.08,6.67,1.72,3.0,1.0,0.0,1.33,,,,,
Charlie Barnes,SP,FA,29.0,5.8,5.0,0.0,0.0,13.0,2.6,6.92,-1.38,0.06,15.1,11.1,6.5,,,,,,,,,,,,,,,,,,,,,,,,,,,,,,,,,,,,,,
Josh Simpson,RP,FA,28.75,3.59,,,,7.3,,,,,,,,,,,,,,,,,,,,,,,,,,,,,,,,,,,,,,,,,-1.36,-2.01,26.1,14.6,9.1
Shane Smith,SP,FA,28.75,9.58,,,,8.3,,,,,,,,,,,,,,,,,,,,,,,,,,,,,,,,,,,,,,,,,-0.4,-0.98,27.7,9.4,9.5
Kade Morris,SP,FA,28.75,4.79,6.0,0.0,0.0,17.3,2.8,10.9,-1.63,-0.91,18.2,7.9,9.3,,,,,,,,,,,,,,,,,,,,,,,-3.5,-3.5,,,5.56,7.14,16.22,1.0,0.0,0.0,2.67,,,,,
Matt Pushard,RP,FA,28.5,4.75,,,,7.0,,,,,,,,,,,,,,,,,,,,,,,,,,,,,,,,,,,,,,,,,,,,,
Zach Eflin,SP,FA,28.5,28.5,,,,3.7,,,,,,,,,,,,,,,,,,,,,,,,,,,,,,,,,,,,,,,,,0.44,1.58,20.5,4.2,7.1
Carter Baumler,RP,FA,28.5,7.12,,,,5.7,,,,,,,,,,,,,,,,,,,,,,,,,,,,,,,,,,,,,,,,,,,,,
Justin Verlander,SP,FA,28.5,14.25,,,,9.0,,,,,,,,28.5,28.5,0.05,0.29,21.28,5.0,7.69,1.0,0.0,0.0,5.33,28.5,28.5,0.09,0.37,21.28,5.0,7.69,1.0,0.0,0.0,5.33,28.5,28.5,0.13,0.38,21.28,5.0,7.69,1.0,0.0,0.0,5.33,-0.11,-0.02,24.8,7.9,8.4
Kolby Allard,RP,FA,28.25,7.06,,,,8.7,,,,,,,,,,,,,,,,,,,,,,,,,,,,,,,,,,,,,,,,,-0.95,-0.17,19.6,5.3,9.8
Taylor Rashi,RP,FA,27.75,6.94,,,,5.7,,,,,,,,,,,,,,,,,,,,,,,,,,,,,,,,,,,,,,,,,0.44,-0.12,29.3,11.1,7.2
Christian Roa,RP,FA,27.75,3.96,,,,8.7,,,,,,,,,,,,,,,,,,,,,,,,,,,,,,,,,,,,,,,,,,,,,
Justin Hagenman,SP,FA,27.5,9.17,,,,8.0,,,,,,,,14.5,14.5,-0.59,0.31,8.11,5.88,7.14,1.0,0.0,0.0,4.0,14.5,14.5,-0.78,0.37,8.11,5.88,7.14,1.0,0.0,0.0,4.0,27.5,9.17,-1.09,-0.15,10.77,6.06,9.09,3.0,0.0,0.0,2.67,1.38,1.83,26.0,2.0,7.6
Luis Curvelo,RP,FA,27.0,3.0,9.0,0.0,1.0,10.3,1.1,9.58,-2.08,-2.25,21.8,11.1,10.2,,,,,,,,,,,,,,,,,,,,,,,,,,,,,,,,,,-0.26,0.24,22.4,11.9,6.2
Domingo Gonzalez,SP,FA,26.5,5.3,,,,7.7,,,,,,,,,,,,,,,,,,,,,,,,,,,,,,,,,,,,,,,,,,,,,
TJ Shook,RP,FA,26.5,5.3,,,,7.7,,,,,,,,,,,,,,,,,,,,,,,,,,,,,,,,,,,,,,,,,,,,,
Eiberson Castellano,RP,FA,26.0,26.0,,,,3.0,,,,,,,,,,,,,,,,,,,,,,,,,,,,,,,,,,,,,,,,,,,,,
Yariel Rodriguez,RP,FA,25.75,2.58,,,,9.3,,,,,,,,,,,,,,,,,,,,,,,,,,,,,,,,,,,,,,,,,0.38,0.14,27.5,11.4,6.6
Brody Hopkins,SP,T,25.5,4.25,,,,5.3,,,,,,,,9.25,3.08,-1.32,-2.28,27.78,33.33,10.0,3.0,0.0,0.0,0.78,24.0,4.8,-0.93,-2.03,29.63,26.32,11.11,5.0,0.0,0.0,0.87,25.5,4.25,-1.27,-2.47,27.03,25.0,9.71,6.0,0.0,0.0,0.89,,,,,
Yunior Tur,SP,FA,25.0,3.12,8.0,0.0,0.0,12.7,1.5,16.34,0.1,-0.86,30.0,14.1,6.8,3.75,3.75,-0.33,0.55,10.0,8.33,4.35,1.0,0.0,0.0,2.33,13.75,6.88,-0.95,-0.2,11.11,18.18,3.45,2.0,0.0,0.0,2.0,31.5,6.3,-0.67,-0.46,18.31,15.91,6.32,5.0,0.0,0.0,1.6,,,,,
Corbin Martin,RP,FA,24.5,3.5,,,,5.0,,,,,,,,,,,,,,,,,,,,,,,,,,,,,,,,,,,,,,,,,1.46,0.95,31.1,10.1,5.7
Alex Cook,RP,FA,24.5,6.12,,,,5.7,,,,,,,,,,,,,,,,,,,15.0,7.5,,,36.36,0.0,3.85,2.0,0.0,0.0,1.0,15.0,7.5,,,36.36,0.0,3.85,2.0,0.0,0.0,1.0,,,,,
Carson Spiers,SP,FA,24.5,12.25,,,,6.0,,,,,,,,6.75,6.75,,,6.67,0.0,13.04,1.0,0.0,0.0,2.0,24.5,12.25,0.02,0.56,18.37,0.0,9.41,2.0,0.0,0.0,3.0,24.5,12.25,-0.07,0.44,18.37,0.0,9.41,2.0,0.0,0.0,3.0,0.16,0.79,22.6,11.7,5.3
Marco Raya,SP,FA,24.0,8.0,,,,6.0,,,,,,,,,,,,,,,,,,,,,,,,,,,,,,,,,,,,,,,,,,,,,
Luis Morales,SP,FA,23.75,4.75,5.0,0.0,0.0,16.0,3.2,13.5,-1.64,-0.98,18.5,15.6,6.4,,,,,,,,,,,,,,,,,,,,,,,,,,,,,,,,,,0.15,0.6,23.5,9.0,6.8
River Ryan,SP,T,23.0,11.5,,,,4.3,,,,,,,,5.75,5.75,-0.21,-0.65,28.57,22.22,5.13,1.0,0.0,0.0,1.33,23.0,11.5,0.58,0.12,31.25,14.29,3.66,2.0,0.0,0.0,2.17,23.0,11.5,1.04,0.49,31.25,14.29,3.66,2.0,0.0,0.0,2.17,,,,,
Woo-Suk Go,RP,FA,22.5,5.62,,,,4.0,,,,,,,,,,,,,,,,,,,,,,,,,,,,,,,,,,,,,,,,,,,,,
Wyatt Mills,RP,FA,22.5,3.75,,,,6.3,,,,,,,,,,,,,,,,,,,,,,,,,,,,,,,,,,,,,,,,,,,,,
CJ Van Eyk,SP,FA,21.75,4.35,5.0,0.0,0.0,11.7,2.2,5.4,-0.21,1.51,15.9,3.6,7.1,10.0,10.0,0.24,0.58,21.28,0.0,8.33,1.0,0.0,0.0,5.0,10.0,10.0,0.32,0.72,21.28,0.0,8.33,1.0,0.0,0.0,5.0,10.0,10.0,0.38,0.76,21.28,0.0,8.33,1.0,0.0,0.0,5.0,,,,,
Tommy Kahnle,RP,FA,21.5,2.69,,,,9.0,,,,,,,,,,,,,,,,,,,,,,,,,,,,,,,,,,,,,,,,,-0.39,-0.52,25.4,11.6,7.7
Eric Cerantola,SP,FA,21.5,5.38,,,,5.3,,,,,,,,,,,,,,,,,,,,,,,,,,,,,,,,,,,,,,,,,,,,,
Chase Solesky,SP,FA,21.25,21.25,,,,3.0,,,,,,,,,,,,,,,,,,,,,,,,,,,,,,,,,,,,,,,,,,,,,
Jonathan Cannon,SP,FA,21.25,10.62,,,,3.0,,,,,,,,,,,,,,,,,,,,,,,,,,,,,,,,,,,,,,,,,-1.0,-0.59,21.4,8.2,9.3
Bailey Falter,SP,FA,21.0,3.0,7.0,0.0,0.0,13.0,1.9,10.38,-1.64,-1.04,18.8,8.7,9.2,,,,,,,,,,,,,,,,,,,,,,,15.5,7.75,,,14.29,0.0,13.51,2.0,0.0,0.0,1.67,-1.34,-0.42,18.1,8.9,8.7
Noah Murdock,RP,FA,20.5,6.83,,,,3.3,,,,,,,,,,,,,,,,,,,,,,,,,,,,,,,,,,,,,,,,,-1.2,-1.73,25.8,20.4,6.1
Hayden Juenger,RP,FA,20.5,1.37,15.0,0.0,0.0,16.0,1.1,9.0,-1.08,0.54,14.8,9.9,6.2,,,,,,,,,,,,,,,,,,,,,,,,,,,,,,,,,,,,,,
Jake Eder,SP,FA,20.0,5.0,,,,4.0,,,,,,,,,,,,,,,,,,,,,,,,,,,,,,,,,,,,,,,,,-0.89,-1.38,26.2,11.5,9.3
Duncan Davitt,SP,FA,19.5,3.25,,,,8.0,,,,,,,,-2.75,-1.38,-0.26,0.16,16.67,16.67,2.7,2.0,0.0,0.0,0.83,13.25,3.31,0.47,0.85,22.22,10.34,1.03,4.0,0.0,0.0,1.5,13.25,3.31,1.08,1.7,22.22,10.34,1.03,4.0,0.0,0.0,1.5,,,,,
Chris Devenski,RP,FA,19.25,2.14,,,,7.7,,,,,,,,,,,,,,,,,,,,,,,,,,,,,,5.5,1.1,0.06,0.95,15.91,4.17,6.02,5.0,0.0,1.0,0.87,-0.48,0.03,21.9,7.7,8.4
Jared Simpson,RP,FA,19.0,4.75,,,,4.3,,,,,,,,,,,,,,,,,,,-6.25,-6.25,,,0.0,66.67,0.0,1.0,0.0,0.0,0.33,19.0,4.75,-1.69,-1.73,16.13,35.0,3.23,4.0,0.0,0.0,1.08,,,,,
Kent Emanuel,RP,FA,19.0,19.0,,,,5.0,,,,,,,,,,,,,,,,,,,,,,,,,,,,,,,,,,,,,,,,,,,,,
Julian Fernandez,RP,FA,17.75,5.92,,,,4.0,,,,,,,,,,,,,,,,,,,,,,,,,,,,,,,,,,,,,,,,,,,,,
Julian Aguiar,SP,FA,17.75,17.75,,,,3.0,,,,,,,,,,,,,,,,,,,17.75,17.75,-0.62,0.22,12.0,7.14,7.41,1.0,0.0,0.0,3.0,17.75,17.75,,,12.0,7.14,7.41,1.0,0.0,0.0,3.0,,,,,
DJ Herz,SP,FA,17.5,8.75,,,,7.0,,,,,,,,5.25,5.25,-0.44,-0.05,15.79,6.25,9.23,1.0,0.0,0.0,3.0,17.5,8.75,-0.43,-0.08,17.91,8.57,8.59,2.0,0.0,0.0,3.5,17.5,8.75,-0.59,-0.29,17.91,8.57,8.59,2.0,0.0,0.0,3.5,,,,,
J.P. France,RP,FA,17.25,5.75,,,,6.7,,,,,,,,,,,,,,,,,,,,,,,,,,,,,,,,,,,,,,,,,,,,,
Alek Manoah,SP,FA,17.0,5.67,,,,7.3,,,,,,,,,,,,,,,,,,,,,,,,,,,,,,,,,,,,,,,,,,,,,
Jared Shuster,RP,FA,16.75,3.35,,,,9.0,,,,,,,,,,,,,,,,,,,,,,,,,,,,,,,,,,,,,,,,,0.41,0.91,23.8,6.1,7.5
Blake Walston,SP,FA,16.5,8.25,,,,3.0,,,,,,,,,,,,,,,,,,,,,,,,,,,,,,16.5,8.25,,,33.33,23.08,6.25,2.0,0.0,0.0,1.5,,,,,
Nick Sandlin,RP,FA,16.5,2.06,,,,8.7,,,,,,,,,,,,,,,,,,,,,,,,,,,,,,,,,,,,,,,,,1.25,-0.24,35.7,11.6,7.2
Cole Irvin,SP,FA,16.25,16.25,,,,6.0,,,,,,,,,,,,,,,,,,,,,,,,,,,,,,,,,,,,,,,,,,,,,
Ian Hamilton,RP,FA,15.75,3.94,,,,4.7,,,,,,,,,,,,,,,,,,,,,,,,,,,,,,,,,,,,,,,,,-0.3,-0.87,27.8,13.3,7.6
Joey Estes,SP,FA,15.5,7.75,,,,7.3,,,,,,,,,,,,,,,,,,,,,,,,,,,,,,0.0,0.0,,,14.29,6.25,12.96,1.0,0.0,0.0,3.0,-1.9,-1.12,17.7,10.9,9.1
Brian Keller,SP,FA,15.5,15.5,,,,3.0,,,,,,,,,,,,,,,,,,,,,,,,,,,,,,,,,,,,,,,,,,,,,
Carlos Hernandez,RP,FA,15.5,7.75,,,,3.0,,,,,,,,,,,,,,,,,,,,,,,,,,,,,,15.5,7.75,,,19.23,7.14,7.84,2.0,0.0,0.0,1.5,-0.36,-0.71,26.6,10.8,8.4
Braxton Roxby,RP,FA,15.5,3.88,,,,5.3,,,,,,,,8.5,4.25,-0.93,-0.9,17.39,14.29,10.71,2.0,0.0,0.0,1.67,8.5,4.25,-1.0,-0.9,17.39,14.29,10.71,2.0,0.0,0.0,1.67,9.5,3.17,-0.66,-1.52,26.83,9.09,12.64,3.0,0.0,0.0,1.44,,,,,
Jeff Criswell,SP,FA,15.25,5.08,,,,4.0,,,,,,,,,,,,,,,,,,,,,,,,,,,,,,,,,,,,,,,,,,,,,
Ty Blach,SP,FA,14.75,14.75,,,,3.0,,,,,,,,,,,,,,,,,,,,,,,,,,,,,,,,,,,,,,,,,,,,,
Lou Trivino,RP,FA,14.75,2.95,,,,6.0,,,,,,,,,,,,,,,,,,,,,,,,,,,,,,,,,,,,,,,,,-0.21,-0.21,25.1,8.7,8.4
Hunter Harvey,RP,FA,14.5,3.62,,,,4.0,,,,,,,,,,,,,,,,,,,,,,,,,,,,,,,,,,,,,,,,,1.85,1.58,30.6,2.6,7.8
Josh Hendrickson,SP,FA,14.5,7.25,,,,2.7,,,,,,,,14.5,7.25,0.85,0.1,40.0,0.0,11.43,2.0,0.0,0.0,1.33,14.5,7.25,,,40.0,0.0,11.43,2.0,0.0,0.0,1.33,14.5,7.25,,,40.0,0.0,11.43,2.0,0.0,0.0,1.33,,,,,
Brandon Leibrandt,SP,FA,13.75,13.75,,,,6.0,,,,,,,,,,,,,,,,,,,,,,,,,,,,,,,,,,,,,,,,,,,,,
Hunter Stratton,RP,FA,13.5,4.5,,,,3.3,,,,,,,,,,,,,,,,,,,,,,,,,,,,,,,,,,,,,,,,,-0.5,0.26,20.6,7.9,7.9
Bruce Zimmermann,RP,FA,13.25,13.25,,,,5.0,,,,,,,,,,,,,,,,,,,,,,,,,,,,,,,,,,,,,,,,,,,,,
Brooks Kriske,RP,FA,13.25,6.62,,,,2.7,,,,,,,,,,,,,,,,,,,,,,,,,,,,,,,,,,,,,,,,,-2.16,-2.63,23.6,17.0,9.2
Seth Lonsway,SP,FA,13.25,6.62,,,,2.3,,,,,,,,6.5,6.5,,,25.0,0.0,14.29,1.0,0.0,1.0,0.33,6.5,6.5,,,25.0,0.0,14.29,1.0,0.0,1.0,0.33,6.5,6.5,,,25.0,0.0,14.29,1.0,0.0,1.0,0.33,,,,,
Vince Velasquez,SP,FA,12.75,6.38,,,,3.3,,,,,,,,,,,,,,,,,,,,,,,,,,,,,,,,,,,,,,,,,,,,,
Roddery Munoz,RP,FA,12.75,4.25,,,,4.0,,,,,,,,,,,,,,,,,,,,,,,,,,,,,,,,,,,,,,,,,-0.56,-1.78,30.7,17.6,7.4
Cody Ponce,SP,FA,12.5,12.5,,,,2.3,,,,,,,,,,,,,,,,,,,,,,,,,,,,,,,,,,,,,,,,,,,,,
Welinton Herrera,RP,FA,12.25,4.08,,,,2.3,,,,,,,,,,,,,,,,,,,,,,,,,,,,,,,,,,,,,,,,,,,,,
Zach Brzykcy,RP,FA,11.75,5.88,,,,3.0,,,,,,,,,,,,,,,,,,,,,,,,,,,,,,,,,,,,,,,,,0.08,-0.18,27.0,10.9,7.4
Andre Granillo,RP,FA,11.75,1.47,,,,9.3,,,,,,,,,,,,,,,,,,,,,,,,,,,,,,,,,,,,,,,,,0.22,-0.85,31.5,7.7,10.0
Ben Casparius,RP,FA,11.5,2.3,,,,4.7,,,,,,,,,,,,,,,,,,,,,,,,,,,,,,,,,,,,,,,,,0.91,0.86,27.6,6.3,7.5
Tony Gonsolin,SP,FA,11.25,11.25,,,,2.7,,,,,,,,,,,,,,,,,,,11.25,11.25,-0.27,-0.78,27.27,20.0,6.35,1.0,0.0,0.0,2.67,11.25,11.25,,,27.27,20.0,6.35,1.0,0.0,0.0,2.67,0.24,-0.6,30.3,11.5,7.9
Tanner Andrews,RP,FA,11.25,5.62,,,,3.0,,,,,,,,,,,,,,,,,,,,,,,,,,,,,,,,,,,,,,,,,,,,,
Gregory Santos,RP,FA,11.0,3.67,,,,5.0,,,,,,,,,,,,,,,,,,,,,,,,,,,,,,,,,,,,,,,,,,,,,
Yacksel Rios,RP,FA,11.0,11.0,,,,1.7,,,,,,,,,,,,,,,,,,,,,,,,,,,,,,,,,,,,,,,,,,,,,
Robby Snelling,SP,T,10.75,10.75,,,,5.0,,,,,,,,,,,,,,,,,,,,,,,,,,,,,,,,,,,,,,,,,,,,,
Johan Oviedo,SP,FA,10.25,10.25,,,,3.7,,,,,,,,,,,,,,,,,,,,,,,,,,,,,,,,,,,,,,,,,0.04,-0.8,29.9,13.5,7.4
Juan Burgos,RP,FA,10.25,2.56,,,,4.3,,,,,,,,,,,,,,,,,,,,,,,,,,,,,,,,,,,,,,,,,0.06,-0.19,26.9,12.3,6.8
Tyler Gilbert,RP,FA,10.0,2.0,,,,6.0,,,,,,,,,,,,,,,,,,,,,,,,,,,,,,,,,,,,,,,,,-0.32,-0.59,26.2,11.2,8.0
Carlos Duran,SP,FA,9.75,4.88,,,,1.3,,,,,,,,,,,,,,,,,,,,,,,,,,,,,,,,,,,,,,,,,,,,,
Yilber Diaz,SP,FA,9.75,1.95,,,,6.0,,,,,,,,,,,,,,,,,,,,,,,,,,,,,,12.25,4.08,,,20.59,15.79,11.11,3.0,0.0,0.0,1.44,,,,,
Joey Lucchesi,RP,FA,9.25,1.85,,,,3.3,,,,,,,,,,,,,,,,,,,,,,,,,,,,,,,,,,,,,,,,,-0.98,-0.21,19.6,7.3,9.0
Tyler Uberstine,SP,FA,9.0,9.0,,,,2.7,,,,,,,,,,,,,,,,,,,,,,,,,,,,,,,,,,,,,,,,,,,,,
Austin Voth,SP,FA,8.75,2.92,3.0,0.0,0.0,10.0,3.3,9.9,-0.2,1.59,15.6,10.7,4.2,,,,,,,,,,,,,,,,,,,,,,,,,,,,,,,,,,,,,,
Lyon Richardson,RP,FA,8.75,2.92,,,,3.3,,,,,,,,,,,,,,,,,,,,,,,,,,,,,,,,,,,,,,,,,-1.24,-1.1,22.3,12.2,8.5
Patrick Monteverde,SP,FA,8.5,8.5,,,,4.0,,,,,,,,,,,,,,,,,,,,,,,,,,,,,,,,,,,,,,,,,,,,,
Jose Butto,RP,FA,8.5,2.83,,,,2.0,,,,,,,,,,,,,,,,,,,,,,,,,,,,,,,,,,,,,,,,,0.97,0.72,28.8,11.3,5.6
Thomas Pannone,SP,FA,7.75,7.75,,,,3.0,,,,,,,,,,,,,,,,,,,,,,,,,,,,,,,,,,,,,,,,,,,,,
Troy Taylor,RP,FA,7.5,3.75,,,,3.0,,,,,,,,7.5,3.75,0.15,-0.69,36.36,13.33,9.8,2.0,0.0,0.0,1.5,7.5,3.75,0.39,-0.68,36.36,13.33,9.8,2.0,0.0,0.0,1.5,7.5,3.75,,,36.36,13.33,9.8,2.0,0.0,0.0,1.5,,,,,
Clarke Schmidt,SP,FA,7.5,7.5,,,,0.7,,,,,,,,,,,,,,,,,,,7.5,7.5,,,33.33,0.0,0.0,1.0,0.0,0.0,0.67,7.5,7.5,,,33.33,0.0,0.0,1.0,0.0,0.0,0.67,0.06,-0.12,26.6,9.5,7.9
Rolddy Munoz,SP,FA,7.5,7.5,,,,2.0,,,,,,,,,,,,,,,,,,,,,,,,,,,,,,,,,,,,,,,,,,,,,
John Brebbia,RP,FA,7.25,2.42,,,,4.3,,,,,,,,,,,,,,,,,,,,,,,,,,,,,,,,,,,,,,,,,-1.12,-0.45,19.8,10.4,8.1
Kade Strowd,RP,FA,7.25,3.62,,,,2.7,,,,,,,,,,,,,,,,,,,,,,,,,,,,,,4.25,4.25,,,0.0,28.57,0.0,1.0,0.0,0.0,1.67,-0.8,-1.37,26.8,12.4,8.9
Michael Kelly,RP,FA,7.0,1.4,,,,5.0,,,,,,,,,,,,,,,,,,,,,,,,,,,,,,,,,,,,,,,,,-1.67,-1.68,22.2,11.4,9.9
Nick Raquet,SP,FA,6.75,1.69,,,,3.7,,,,,,,,,,,,,,,,,,,,,,,,,,,,,,,,,,,,,,,,,,,,,
Felix Bautista,RP,T,6.75,3.38,,,,1.7,,,,,,,,1.5,1.5,,,41.67,0.0,11.11,1.0,0.0,0.0,1.0,6.75,3.38,,,52.38,10.0,5.41,2.0,0.0,0.0,0.83,6.75,3.38,,,52.38,10.0,5.41,2.0,0.0,0.0,0.83,0.86,-0.79,35.7,16.2,6.2
Antoine Kelly,RP,FA,6.75,6.75,,,,1.3,,,,,,,,,,,,,,,,,,,,,,,,,,,,,,,,,,,,,,,,,,,,,
Hancel Rincon,SP,FA,6.5,2.17,,,,2.3,,,,,,,,9.0,9.0,,,66.67,0.0,6.25,1.0,0.0,0.0,1.0,9.0,9.0,,,66.67,0.0,6.25,1.0,0.0,0.0,1.0,6.5,2.17,,,25.0,7.14,10.17,3.0,0.0,1.0,0.78,,,,,
Doug Nikhazy,SP,FA,6.25,6.25,,,,2.0,,,,,,,,,,,,,,,,,,,,,,,,,,,,,,,,,,,,,,,,,,,,,
Jonathan Heasley,RP,FA,6.0,6.0,,,,4.0,,,,,,,,,,,,,,,,,,,,,,,,,,,,,,,,,,,,,,,,,,,,,
Cameron Weston,SP,FA,5.75,5.75,,,,1.0,,,,,,,,,,,,,,,,,,,,,,,,,,,,,,,,,,,,,,,,,,,,,
Guillo Zuniga,RP,FA,5.75,5.75,,,,1.0,,,,,,,,,,,,,,,,,,,,,,,,,,,,,,,,,,,,,,,,,,,,,
Jhonathan Diaz,RP,FA,4.5,4.5,,,,1.3,,,,,,,,,,,,,,,,,,,,,,,,,,,,,,,,,,,,,,,,,,,,,
Winston Santos,SP,FA,4.25,4.25,,,,2.0,,,,,,,,,,,,,,,,,,,,,,,,,,,,,,,,,,,,,,,,,,,,,
Alexander Cornielle,SP,FA,4.0,4.0,,,,1.0,,,,,,,,4.0,4.0,-0.55,-0.61,21.05,14.29,8.82,1.0,0.0,0.0,1.0,4.0,4.0,,,21.05,14.29,8.82,1.0,0.0,0.0,1.0,4.0,4.0,,,21.05,14.29,8.82,1.0,0.0,0.0,1.0,,,,,
Seth Martinez,RP,FA,3.5,3.5,,,,1.0,,,,,,,,,,,,,,,,,,,,,,,,,,,,,,,,,,,,,,,,,,,,,
Luke Little,RP,FA,3.5,3.5,,,,1.0,,,,,,,,,,,,,,,,,,,,,,,,,,,,,,,,,,,,,,,,,,,,,
Blake Burkhalter,SP,FA,3.5,3.5,,,,1.0,,,,,,,,,,,,,,,,,,,,,,,,,,,,,,3.5,3.5,,,30.0,20.0,0.0,1.0,0.0,0.0,1.0,,,,,
Nolan Kingham,SP,FA,3.25,3.25,,,,1.0,,,,,,,,,,,,,,,,,,,,,,,,,,,,,,,,,,,,,,,,,,,,,
Dylan Ross,RP,FA,3.0,3.0,,,,1.0,,,,,,,,,,,,,,,,,,,,,,,,,,,,,,3.0,3.0,,,16.67,0.0,9.09,1.0,0.0,0.0,1.0,,,,,
Kevin Herget,RP,FA,3.0,3.0,,,,1.0,,,,,,,,,,,,,,,,,,,,,,,,,,,,,,,,,,,,,,,,,-1.05,1.07,12.5,8.9,6.0
Tanner Houck,SP,FA,3.0,3.0,,,,3.0,,,,,,,,3.0,3.0,-0.36,0.95,4.17,0.0,6.0,1.0,0.0,0.0,3.0,3.0,3.0,-0.59,1.06,4.17,0.0,6.0,1.0,0.0,0.0,3.0,3.0,3.0,,,4.17,0.0,6.0,1.0,0.0,0.0,3.0,-0.05,0.69,21.6,8.4,6.9
Emiliano Teodo,RP,FA,2.75,2.75,,,,1.7,,,,,,,,,,,,,,,,,,,,,,,,,,,,,,,,,,,,,,,,,,,,,
Jose Espada,RP,FA,2.5,2.5,,,,1.0,,,,,,,,,,,,,,,,,,,,,,,,,,,,,,,,,,,,,,,,,,,,,
Josh Fleming,RP,FA,2.0,2.0,,,,3.0,,,,,,,,,,,,,,,,,,,,,,,,,,,,,,,,,,,,,,,,,,,,,
Joe La Sorsa,RP,FA,1.75,1.75,,,,0.3,,,,,,,,,,,,,,,,,,,,,,,,,,,,,,,,,,,,,,,,,,,,,
Carlos Estevez,RP,T,0.0,0.0,,,,,,,,,,,,,,,,,,,,,,,,,,,,,,,,,,,,,,,,,,,,,-1.21,-0.42,19.0,8.2,9.0
Andrew Wantz,RP,FA,0.0,0.0,,,,3.7,,,,,,,,,,,,,,,,,,,,,,,,,,,,,,,,,,,,,,,,,,,,,
Grant Holman,RP,FA,-0.25,-0.25,,,,0.3,,,,,,,,,,,,,,,,,,,,,,,,,,,,,,-0.25,-0.25,,,22.22,14.29,2.94,1.0,0.0,0.0,0.33,0.31,0.01,27.7,8.7,8.0
Jose Corniell,RP,FA,-0.75,-0.38,,,,4.3,,,,,,,,,,,,,,,,,,,,,,,,,,,,,,,,,,,,,,,,,,,,,
Trevor Richards,RP,FA,,,54.0,2.0,1.0,,1.5,3.69,0.47,1.31,21.7,7.5,5.9,,,0.13,0.18,24.32,6.25,7.81,2.0,1.0,0.0,2.17,,,-0.1,0.05,21.62,8.11,7.97,5.0,1.0,0.0,1.73,,,-0.24,0.34,17.11,6.25,7.33,12.0,1.0,0.0,1.58,,,,,
Luis Castillo,SP,FA,,,29.0,0.0,1.0,,4.5,5.85,0.1,0.4,23.7,7.4,7.4,,,,,,,,,,,,,,,,11.11,10.0,12.5,2.0,0.0,0.0,1.0,,,-0.91,-0.13,12.82,13.04,6.29,4.0,0.0,0.0,2.17,0.79,1.27,24.6,6.2,6.8
Evan Shawver,RP,FA,,,,,,,,,,,,,,,,,,,,,,,,,,,,,,,,,,,,,,,,,,,,,,,,,,,
Max Debiec,SP,FA,,,,,,,,,,,,,,,,,,,,,,,,,,,,,,,,,,,,,,,,,,,,,,,,,,,
Dillon Tate,RP,FA,,,,,,,,,,,,,,,,,,,,,,,,,,,,,,,,,,,,,,,,,,,,,,,,,,,
Quinn Priester,SP,T,,,,,,,,,,,,,,,,,,,,,,,,,,,,,,,,,,,,,,,,,,,,,,,-0.2,-0.08,24.5,7.7,8.6
Zack Qin,RP,FA,,,,,,,,,,,,,,,,,,,,,,,,,,,,,,,,,,,,,,,,,,,,,,,,,,,
Brody Jessee,RP,FA,,,,,,,,,,,,,,,,,,,,,,,,,,,,,,,,,,,,,,,,,,,,,,,,,,,
Mark McLaughlin,RP,FA,,,,,,,,,,,,,,,,,,,,,,,,,,,,,,,,,,,,,,,,,,,,,,,,,,,
Will Mabrey,RP,FA,,,,,,,,,,,,,,,,,,,,,,,,,,,,,,,,,,,,,,,,,,,,,,,,,,,
Brandon Neeck,RP,FA,,,,,,,,,,,,,,,,,,,,,,,,,,,,,,,,,,,,,,,,,,,,,,,,,,,
Isaiah Lowe,SP,FA,,,,,,,,,,,,,,,,,,,,,,,,,,,,,,,,,,,,,,,,,,,,,,,,,,,
Ian Mejia,SP,FA,,,,,,,,,,,,,,,,,,,,,,,,,,,,,,,,,,,,,,,,,,,,,,,,,,,
Tanner Jacobson,RP,FA,,,,,,,,,,,,,,,,,,,,,,,,,,,,,,,,,,,,,,,,,,,,,,,,,,,
Branden Noriega,SP,FA,,,,,,,,,,,,,,,,,,,,,,,,,,,,,,,,,,,,,,,,,,,,,,,,,,,
Tyler Vogel,RP,FA,,,,,,,,,,,,,,,,,,,,,,,,,,,,,,,,,,,,,,,,,,,,,,,,,,,
Kyle Funkhouser,SP,FA,,,,,,,,,,,,,,,,,,,,,,,,,,,,,,,,,,,,,,,,,,,,,,,,,,,
Hayden Minton,SP,FA,,,,,,,,,,,,,,,,,,,,,,,,,,,,,,,,,,,,,,,,,,,,,,,,,,,
Kyle Amendt,RP,FA,,,,,,,,,,,,,,,,,,,,,,,,,,,,,,,,,,,,,,,,,,,,,,,,,,,
Miguel Cordero,RP,FA,,,,,,,,,,,,,,,,,,,,,,,,,,,,,,,,,,,,,,,,,,,,,,,,,,,
Mavis Graves,SP,FA,,,,,,,,,,,,,,,,,,,,,,,,,,,,,,,,,,,,,,,,,,,,,,,,,,,
Manuel Medina,RP,FA,,,,,,,,,,,,,,,,,,,,,,,,,,,,,,,,,,,,,,,,,,,,,,,,,,,
T.J. Brock,RP,FA,,,,,,,,,,,,,,,,,,,,,,,,,,,,,,,,,,,,,,,,,,,,,,,,,,,
Michael Walsh,RP,FA,,,,,,,,,,,,,,,,,,,,,,,,,,,,,,,,,,,,,,,,,,,,,,,,,,,
Joel Hurtado,SP,FA,,,,,,,,,,,,,,,,,,,,,,,,,,,,,,,,,,,,,,,,,,,,,,,,,,,
Luis Rujano,RP,FA,,,,,,,,,,,,,,,,,,,,,,,,,,,,,,,,,,,,,,,,,,,,,,,,,,,
Miguel Alvarez,RP,FA,,,,,,,,,,,,,,,,,,,,,,,,,,,,,,,,,,,,,,,,,,,,,,,,,,,
Darwin Roa,RP,FA,,,,,,,,,,,,,,,,,,,,,,,,,,,,,,,,,,,,,,,,,,,,,,,,,,,
Tony Gonzalez,RP,FA,,,,,,,,,,,,,,,,,,,,,,,,,,,,,,,,,,,,,,,,,,,,,,,,,,,
Gabriel Paez,SP,FA,,,,,,,,,,,,,,,,,,,,,,,,,,,,,,,,,,,,,,,,,,,,,,,,,,,
Jose Silvestre,SP,FA,,,,,,,,,,,,,,,,,,,,,,,,,,,,,,,,,,,,,,,,,,,,,,,,,,,
Frederick Hiciano,SP,FA,,,,,,,,,,,,,,,,,,,,,,,,,,,,,,,,,,,,,,,,,,,,,,,,,,,
Julien Hernandez,SP,FA,,,,,,,,,,,,,,,,,,,,,,,,,,,,,,,,,,,,,,,,,,,,,,,,,,,
Austin Testerman,SP,FA,,,,,,,,,,,,,,,,,,,,,,,,,,,,,,,,,,,,,,,,,,,,,,,,,,,
Camden Minacci,RP,FA,,,,,,,,,,,,,,,,,,,,,,,,,,,,,,,,,,,,,,,,,,,,,,,,,,,
Grayson Moore,RP,FA,,,,,,,,,,,,,,,,,,,,,,,,,,,,,,,,,,,,,,,,,,,,,,,,,,,
Garrett Schoenle,RP,FA,,,,,,,,,,,,,,,,,,,,,,,,,,,,,,,,,,,,,,,,,,,,,,,,,,,
Brandon Johnson,RP,FA,,,,,,,,,,,,,,,,,,,,,,,,,,,,,,,,,,,,,,,,,,,,,,,,,,,
Braxton Bragg,SP,FA,,,,,,,,,,,,,,,,,,,,,,,,,,,,,,,,,,,,,,,,,,,,,,,,,,,
Preston Johnson,SP,FA,,,,,,,,,,,,,,,,,,,,,,,,,,,,,,,,,,,,,,,,,,,,,,,,,,,
Drew Dowd,RP,FA,,,,,,,,,,,,,,,,,,,,,,,,,,,,,,,,,,,,,,,,,,,,,,,,,,,
Ixan Henderson,SP,FA,,,,,,,,,,,,,,,,,,,,,,,,,,,,,,,,,,,,,,,,,,,,,,,,,,,
Ryan Hawks,SP,FA,,,,,,,,,,,,,,,,,,,,,,,,,,,,,,,,,,,,,,,,,,,,,,,,,,,
Graham Firoved,RP,FA,,,,,,,,,,,,,,,,,,,,,,,,,,,,,,,,,,,,,,,,,,,,,,,,,,,
Cory Wall,RP,FA,,,,,,,,,,,,,,,,,,,,,,,,,,,,,,,,,,,,,,,,,,,,,,,,,,,
Julian Bosnic,RP,FA,,,,,,,,,,,,,,,,,,,,,,,,,,,,,,,,,,,,,,,,,,,,,,,,,,,
Kannon Kemp,SP,FA,,,,,,,,,,,,,,,,,,,,,,,,,,,,,,,,,,,,,,,,,,,,,,,,,,,
Nicholas Judice,RP,FA,,,,,,,,,,,,,,,,,,,,,,,,,,,,,,,,,,,,,,,,,,,,,,,,,,,
Miguel Rodriguez,SP,FA,,,,,,,,,,,,,,,,,,,,,,,,,,,,,,,,,,,,,,,,,,,,,,,,,,,
Thomas Schultz,RP,FA,,,,,,,,,,,,,,,,,,,,,,,,,,,,,,,,,,,,,,,,,,,,,,,,,,,
Corey Avant,SP,FA,,,,,,,,,,,,,,,,,,,,,,,,,,,,,,,,,,,,,,,,,,,,,,,,,,,
Nate Peterson,RP,FA,,,,,,,,,,,,,,,,,,,,,,,,,,,,,,,,,,,,,,,,,,,,,,,,,,,
Dylan Phillips,RP,FA,,,,,,,,,,,,,,,,,,,,,,,,,,,,,,,,,,,,,,,,,,,,,,,,,,,
Brett de Geus,RP,FA,,,,,,,,,,,,,,,,,,,,,,,,,,,,,,,,,,,,,,,,,,,,,,,,,,,
Chazz Martinez,RP,FA,,,,,,,,,,,,,,,,,,,,,,,,,,,,,,,,,,,,,,,,,,,,,,,,,,,
Matt Keating,RP,FA,,,,,,,,,,,,,,,,,,,,,,,,,,,,,,,,,,,,,,,,,,,,,,,,,,,
Luke Pettitte,SP,FA,,,,,,,,,,,,,,,,,,,,,,,,,,,,,,,,,,,,,,,,,,,,,,,,,,,
Jorge Juan,RP,FA,,,,,,,,,,,,,,,,,,,,,,,,,,,,,,,,,,,,,,,,,,,,,,,,,,,
Duke Stone,SP,FA,,,,,,,,,,,,,,,,,,,,,,,,,,,,,,,,,,,,,,,,,,,,,,,,,,,
Julio Dilone,RP,FA,,,,,,,,,,,,,,,,,,,,,,,,,,,,,,,,,,,,,,,,,,,,,,,,,,,
Yunior Villavicencio,SP,FA,,,,,,,,,,,,,,,,,,,,,,,,,,,,,,,,,,,,,,,,,,,,,,,,,,,
Jack Slightom,SP,FA,,,,,,,,,,,,,,,,,,,,,,,,,,,,,,,,,,,,,,,,,,,,,,,,,,,
Carlos Martinez,RP,FA,,,,,,,,,,,,,,,,,,,,,,,,,,,,,,,,,,,,,,,,,,,,,,,,,,,
Lucas Nawrocki,SP,FA,,,,,,,,,,,,,,,,,,,,,,,,,,,,,,,,,,,,,,,,,,,,,,,,,,,
Reggie Crawford,RP,FA,,,,,,,,,,,,,,,,,,,,,,,,,,,,,,,,,,,,,,,,,,,,,,,,,,,
Yoniel Curet,SP,FA,,,,,,,,,,,,,,,,,,,,,,,,,,,,,,,,,,,,,,,,,,,,,,,,,,,
Luis Vizcaino,RP,FA,,,,,,,,,,,,,,,,,,,,,,,,,,,,,,,,,,,,,,,,,,,,,,,,,,,
Dom Hamel,SP,FA,,,,,,,,,,,,,,,,,,,,,,,,,,,,,,,,,,,,,,,,,,,,,,,,,,,
Eiker Huizi,RP,FA,,,,,,,,,,,,,,,,,,,,,,,,,,,,,,,,,,,,,,,,,,,,,,,,,,,
Carlos Garcia,RP,FA,,,,,,,,,,,,,,,,,,,,,,,,,,,,,,,,,,,,,,,,,,,,,,,,,,,
Logan Rinehart,RP,FA,,,,,,,,,,,,,,,,,,,,,,,,,,,,,,,,,,,,,,,,,,,,,,,,,,,
Jay Driver,RP,FA,,,,,,,,,,,,,,,,,,,,,,,,,,,,,,,,,,,,,,,,,,,,,,,,,,,
Riley Gowens,SP,FA,,,,,,,,,,,,,,,,,,,,,,,,,,,,,,,,,,,,,,,,,,,,,,,,,,,
Nick Morreale,RP,FA,,,,,,,,,,,,,,,,,,,,,,,,,,,,,,,,,,,,,,,,,,,,,,,,,,,
Nathanael Cruz,SP,FA,,,,,,,,,,,,,,,,,,,,,,,,,,,,,,,,,,,,,,,,,,,,,,,,,,,
Christian Worley,RP,FA,,,,,,,,,,,,,,,,,,,,,,,,,,,,,,,,,,,,,,,,,,,,,,,,,,,
Ryan Vanderhei,RP,FA,,,,,,,,,,,,,,,,,,,,,,,,,,,,,,,,,,,,,,,,,,,,,,,,,,,
Easton Lucas,RP,FA,,,,,,,,,,,,,,,,,,,,,,,,,,,,,,,,,,,,,,,,,,,,,,,0.09,0.43,23.9,11.1,6.2
Joaquin Tejada,RP,FA,,,,,,,,,,,,,,,,,,,,,,,,,,,,,,,,,,,,,,,,,,,,,,,,,,,
Bodi Rascon,RP,FA,,,,,,,,,,,,,,,,,,,,,,,,,,,,,,,,,,,,,,,,,,,,,,,,,,,
McKinley Moore,RP,FA,,,,,,,,,,,,,,,,,,,,,,,,,,,,,,,,,,,,,,,,,,,,,,,,,,,
Julio Robaina,SP,FA,,,,,,,,,,,,,,,,,,,,,,,,,,,,,,,,,,,,,,,,,,,,,,,,,,,
Zac Kristofak,RP,FA,,,,,,,,,,,,,,,,,,,,,,,,,,,,,,,,,,,,,,,,,,,,,,,,,,,
Shane Telfer,SP,FA,,,,,,,,,,,,,,,,,,,,,,,,,,,,,,,,,,,,,,,,,,,,,,,,,,,
Porter Hodge,RP,FA,,,,,,,,,,,,,,,,,,,,,,,,,,,,,,,,,,,,,,,,,,,,,,,-0.43,-0.82,26.7,12.2,8.0
Ryan Bourassa,RP,FA,,,,,,,,,,,,,,,,,,,,,,,,,,,,,,,,,,,,,,,,,,,,,,,,,,,
Zack Austin,RP,FA,,,,,,,,,,,,,,,,,,,,,,,,,,,,,,,,,,,,,,,,,,,,,,,,,,,
LJ McDonough,RP,FA,,,,,,,,,,,,,,,,,,,,,,,,,,,,,,,,,,,,,,,,,,,,,,,,,,,
Shay Schanaman,RP,FA,,,,,,,,,,,,,,,,,,,,,,,,,,,,,,,,,,,,,,,,,,,,,,,,,,,
Nic Swanson,SP,FA,,,,,,,,,,,,,,,,,,,,,,,,,,,,,,,,,,,,,,,,,,,,,,,,,,,
Tyler Owens,RP,FA,,,,,,,,,,,,,,,,,,,,,,,,,,,,,,,,,,,,,,,,,,,,,,,,,,,
Chase Mobley,SP,FA,,,,,,,,,,,,,,,,,,,,,,,,,,,,,,,,,,,,,,,,,,,,,,,,,,,
Hayden Mullins,SP,FA,,,,,,,,,,,,,,,,,,,,,,,,,,,,,,,,,,,,,,,,,,,,,,,,,,,
Jhoener Tovar,SP,FA,,,,,,,,,,,,,,,,,,,,,,,,,,,,,,,,,,,,,,,,,,,,,,,,,,,
Caedmon Parker,SP,FA,,,,,,,,,,,,,,,,,,,,,,,,,,,,,,,,,,,,,,,,,,,,,,,,,,,
Irvin Machuca,RP,FA,,,,,,,,,,,,,,,,,,,,,,,,,,,,,,,,,,,,,,,,,,,,,,,,,,,
Chun Hsi Lin,SP,FA,,,,,,,,,,,,,,,,,,,,,,,,,,,,,,,,,,,,,,,,,,,,,,,,,,,
Carlos Jimenez,RP,FA,,,,,,,,,,,,,,,,,,,,,,,,,,,,,,,,,,,,,,,,,,,,,,,,,,,
James Hays,SP,FA,,,,,,,,,,,,,,,,,,,,,,,,,,,,,,,,,,,,,,,,,,,,,,,,,,,
Angel Cuenca,RP,FA,,,,,,,,,,,,,,,,,,,,,,,,,,,,,,,,,,,,,,,,,,,,,,,,,,,
Brayan Castillo,RP,FA,,,,,,,,,,,,,,,,,,,,,,,,,,,,,,,,,,,,,,,,,,,,,,,,,,,
Ernesto Mejia,RP,FA,,,,,,,,,,,,,,,,,,,,,,,,,,,,,,,,,,,,,,,,,,,,,,,,,,,
Walter Ford,SP,FA,,,,,,,,,,,,,,,,,,,,,,,,,,,,,,,,,,,,,,,,,,,,,,,,,,,
Daniel Munoz,RP,FA,,,,,,,,,,,,,,,,,,,,,,,,,,,,,,,,,,,,,,,,,,,,,,,,,,,
Derek Garcia,RP,FA,,,,,,,,,,,,,,,,,,,,,,,,,,,,,,,,,,,,,,,,,,,,,,,,,,,
Rio Gomez,RP,FA,,,,,,,,,,,,,,,,,,,,,,,,,,,,,,,,,,,,,,,,,,,,,,,,,,,
T.J. Nichols,SP,FA,,,,,,,,,,,,,,,,,,,,,,,,,,,,,,,,,,,,,,,,,,,,,,,,,,,
Angel Cordova,SP,FA,,,,,,,,,,,,,,,,,,,,,,,,,,,,,,,,,,,,,,,,,,,,,,,,,,,
Gabriel Aguilera,SP,FA,,,,,,,,,,,,,,,,,,,,,,,,,,,,,,,,,,,,,,,,,,,,,,,,,,,
Roberto Mendoza,RP,FA,,,,,,,,,,,,,,,,,,,,,,,,,,,,,,,,,,,,,,,,,,,,,,,,,,,
Sahir De La Cruz,SP,FA,,,,,,,,,,,,,,,,,,,,,,,,,,,,,,,,,,,,,,,,,,,,,,,,,,,
Luciano Prince,SP,FA,,,,,,,,,,,,,,,,,,,,,,,,,,,,,,,,,,,,,,,,,,,,,,,,,,,
Nazier Mule,SP,FA,,,,,,,,,,,,,,,,,,,,,,,,,,,,,,,,,,,,,,,,,,,,,,,,,,,
Josue Rondon,RP,FA,,,,,,,,,,,,,,,,,,,,,,,,,,,,,,,,,,,,,,,,,,,,,,,,,,,
Andrew Taylor,SP,FA,,,,,,,,,,,,,,,,,,,,,,,,,,,,,,,,,,,,,,,,,,,,,,,,,,,
Jake Lankie,SP,FA,,,,,,,,,,,,,,,,,,,,,,,,,,,,,,,,,,,,,,,,,,,,,,,,,,,
Johander Barrios,SP,FA,,,,,,,,,,,,,,,,,,,,,,,,,,,,,,,,,,,,,,,,,,,,,,,,,,,
Jose Garces,RP,FA,,,,,,,,,,,,,,,,,,,,,,,,,,,,,,,,,,,,,,,,,,,,,,,,,,,
Blake Bryant,SP,FA,,,,,,,,,,,,,,,,,,,,,,,,,,,,,,,,,,,,,,,,,,,,,,,,,,,
Mason Pelio,SP,FA,,,,,,,,,,,,,,,,,,,,,,,,,,,,,,,,,,,,,,,,,,,,,,,,,,,
Victor Marin,SP,FA,,,,,,,,,,,,,,,,,,,,,,,,,,,,,,,,,,,,,,,,,,,,,,,,,,,
Kriscol Peralta,RP,FA,,,,,,,,,,,,,,,,,,,,,,,,,,,,,,,,,,,,,,,,,,,,,,,,,,,
Ramon Marquez,SP,T,,,,,,,,,,,,,,,,,,,,,,,,,,,,,,,,,,,,,,,,,,,,,,,,,,,
Connery Peters,SP,FA,,,,,,,,,,,,,,,,,,,,,,,,,,,,,,,,,,,,,,,,,,,,,,,,,,,
Denis Samudio,RP,FA,,,,,,,,,,,,,,,,,,,,,,,,,,,,,,,,,,,,,,,,,,,,,,,,,,,
Carson Jacobs,RP,FA,,,,,,,,,,,,,,,,,,,,,,,,,,,,,,,,,,,,,,,,,,,,,,,,,,,
Nick Sando,RP,FA,,,,,,,,,,,,,,,,,,,,,,,,,,,,,,,,,,,,,,,,,,,,,,,,,,,
Matt Dunaway,RP,FA,,,,,,,,,,,,,,,,,,,,,,,,,,,,,,,,,,,,,,,,,,,,,,,,,,,
Will Labonte,SP,FA,,,,,,,,,,,,,,,,,,,,,,,,,,,,,,,,,,,,,,,,,,,,,,,,,,,
Rorik Maltrud,SP,FA,,,,,,,,,,,,,,,,,,,,,,,,,,,,,,,,,,,,,,,,,,,,,,,,,,,
Gabe Starks,RP,FA,,,,,,,,,,,,,,,,,,,,,,,,,,,,,,,,,,,,,,,,,,,,,,,,,,,
Amilcar Chirinos,RP,FA,,,,,,,,,,,,,,,,,,,,,,,,,,,,,,,,,,,,,,,,,,,,,,,,,,,
Jawilme Ramirez,RP,FA,,,,,,,,,,,,,,,,,,,,,,,,,,,,,,,,,,,,,,,,,,,,,,,,,,,
Leandro Rodriguez,SP,FA,,,,,,,,,,,,,,,,,,,,,,,,,,,,,,,,,,,,,,,,,,,,,,,,,,,
Pedro Montero,SP,FA,,,,,,,,,,,,,,,,,,,,,,,,,,,,,,,,,,,,,,,,,,,,,,,,,,,
Andrew Dunford,RP,FA,,,,,,,,,,,,,,,,,,,,,,,,,,,,,,,,,,,,,,,,,,,,,,,,,,,
Logan Martin,SP,FA,,,,,,,,,,,,,,,,,,,,,,,,,,,,,,,,,,,,,,,,,,,,,,,,,,,
Adam Troy,RP,FA,,,,,,,,,,,,,,,,,,,,,,,,,,,,,,,,,,,,,,,,,,,,,,,,,,,
Matthew Matthijs,RP,FA,,,,,,,,,,,,,,,,,,,,,,,,,,,,,,,,,,,,,,,,,,,,,,,,,,,
Landon Waters,RP,FA,,,,,,,,,,,,,,,,,,,,,,,,,,,,,,,,,,,,,,,,,,,,,,,,,,,
Connor Wilford,SP,FA,,,,,,,,,,,,,,,,,,,,,,,,,,,,,,,,,,,,,,,,,,,,,,,,,,,
Gabe Tanner,RP,FA,,,,,,,,,,,,,,,,,,,,,,,,,,,,,,,,,,,,,,,,,,,,,,,,,,,
Nathan Shinn,SP,FA,,,,,,,,,,,,,,,,,,,,,,,,,,,,,,,,,,,,,,,,,,,,,,,,,,,
Moises Brito,RP,FA,,,,,,,,,,,,,,,,,,,,,,,,,,,,,,,,,,,,,,,,,,,,,,,,,,,
Martires Polanco,SP,FA,,,,,,,,,,,,,,,,,,,,,,,,,,,,,,,,,,,,,,,,,,,,,,,,,,,
Jefferson Jean,SP,FA,,,,,,,,,,,,,,,,,,,,,,,,,,,,,,,,,,,,,,,,,,,,,,,,,,,
Jake Dykhoff,RP,FA,,,,,,,,,,,,,,,,,,,,,,,,,,,,,,,,,,,,,,,,,,,,,,,,,,,
Luke Cooper,RP,FA,,,,,,,,,,,,,,,,,,,,,,,,,,,,,,,,,,,,,,,,,,,,,,,,,,,
Adrian Acosta,RP,FA,,,,,,,,,,,,,,,,,,,,,,,,,,,,,,,,,,,,,,,,,,,,,,,,,,,
Edrwin Veras,RP,FA,,,,,,,,,,,,,,,,,,,,,,,,,,,,,,,,,,,,,,,,,,,,,,,,,,,
Brock Gillis,SP,FA,,,,,,,,,,,,,,,,,,,,,,,,,,,,,,,,,,,,,,,,,,,,,,,,,,,
Steffon Moore,RP,FA,,,,,,,,,,,,,,,,,,,,,,,,,,,,,,,,,,,,,,,,,,,,,,,,,,,
Eddison Septimo,RP,FA,,,,,,,,,,,,,,,,,,,,,,,,,,,,,,,,,,,,,,,,,,,,,,,,,,,
Caden Dana,SP,FA,,,,,,,,,,,,,,,,,,,,,,,,,,,,,,,,,,,,,,,,,,,,,,,0.32,-0.08,28.2,12.8,6.4
Ashton Izzi,SP,FA,,,,,,,,,,,,,,,,,,,,,,,,,,,,,,,,,,,,,,,,,,,,,,,,,,,
Nathan Dettmer,SP,FA,,,,,,,,,,,,,,,,,,,,,,,,,,,,,,,,,,,,,,,,,,,,,,,,,,,
Sandy Mejia,SP,FA,,,,,,,,,,,,,,,,,,,,,,,,,,,,,,,,,,,,,,,,,,,,,,,,,,,
Masahiro Fukuda,RP,FA,,,,,,,,,,,,,,,,,,,,,,,,,,,,,,,,,,,,,,,,,,,,,,,,,,,
Jose Cordova,SP,FA,,,,,,,,,,,,,,,,,,,,,,,,,,,,,,,,,,,,,,,,,,,,,,,,,,,
Mason Olson,SP,FA,,,,,,,,,,,,,,,,,,,,,,,,,,,,,,,,,,,,,,,,,,,,,,,,,,,
Trey Morris,SP,FA,,,,,,,,,,,,,,,,,,,,,,,,,,,,,,,,,,,,,,,,,,,,,,,,,,,
Ricardo Estrada,RP,FA,,,,,,,,,,,,,,,,,,,,,,,,,,,,,,,,,,,,,,,,,,,,,,,,,,,
Hunter Owen,SP,FA,,,,,,,,,,,,,,,,,,,,,,,,,,,,,,,,,,,,,,,,,,,,,,,,,,,
Francisco Pazos,SP,FA,,,,,,,,,,,,,,,,,,,,,,,,,,,,,,,,,,,,,,,,,,,,,,,,,,,
Yenrri Rojas,SP,FA,,,,,,,,,,,,,,,,,,,,,,,,,,,,,,,,,,,,,,,,,,,,,,,,,,,
Ismael Yanez,RP,FA,,,,,,,,,,,,,,,,,,,,,,,,,,,,,,,,,,,,,,,,,,,,,,,,,,,
Mathias LaCombe,SP,FA,,,,,,,,,,,,,,,,,,,,,,,,,,,,,,,,,,,,,,,,,,,,,,,,,,,
Justin Loer,RP,FA,,,,,,,,,,,,,,,,,,,,,,,,,,,,,,,,,,,,,,,,,,,,,,,,,,,
Sawyer Hawks,RP,FA,,,,,,,,,,,,,,,,,,,,,,,,,,,,,,,,,,,,,,,,,,,,,,,,,,,
Hendrick Cana,SP,FA,,,,,,,,,,,,,,,,,,,,,,,,,,,,,,,,,,,,,,,,,,,,,,,,,,,
Jonaikel Meza,RP,FA,,,,,,,,,,,,,,,,,,,,,,,,,,,,,,,,,,,,,,,,,,,,,,,,,,,
Alberto Toribio,SP,FA,,,,,,,,,,,,,,,,,,,,,,,,,,,,,,,,,,,,,,,,,,,,,,,,,,,
Ferny Barreda,SP,FA,,,,,,,,,,,,,,,,,,,,,,,,,,,,,,,,,,,,,,,,,,,,,,,,,,,
Cayden Suchy,SP,FA,,,,,,,,,,,,,,,,,,,,,,,,,,,,,,,,,,,,,,,,,,,,,,,,,,,
Maddox McDougall,RP,FA,,,,,,,,,,,,,,,,,,,,,,,,,,,,,,,,,,,,,,,,,,,,,,,,,,,
Blake Wehunt,SP,FA,,,,,,,,,,,,,,,,,,,,,,,,,,,,,,,,,,,,,,,,,,,,,,,,,,,
Brady Smith,SP,FA,,,,,,,,,,,,,,,,,,,,,,,,,,,,,,,,,,,,,,,,,,,,,,,,,,,
Jose Guzman,RP,FA,,,,,,,,,,,,,,,,,,,,,,,,,,,,,,,,,,,,,,,,,,,,,,,,,,,
Oscar Rayo,RP,FA,,,,,,,,,,,,,,,,,,,,,,,,,,,,,,,,,,,,,,,,,,,,,,,,,,,
Jack Dougherty,SP,FA,,,,,,,,,,,,,,,,,,,,,,,,,,,,,,,,,,,,,,,,,,,,,,,,,,,
Angel Macuare,RP,FA,,,,,,,,,,,,,,,,,,,,,,,,,,,,,,,,,,,,,,,,,,,,,,,,,,,
Moises Rodriguez,RP,FA,,,,,,,,,,,,,,,,,,,,,,,,,,,,,,,,,,,,,,,,,,,,,,,,,,,
Jake Peppers,RP,FA,,,,,,,,,,,,,,,,,,,,,,,,,,,,,,,,,,,,,,,,,,,,,,,,,,,
Elwis Mijares,RP,FA,,,,,,,,,,,,,,,,,,,,,,,,,,,,,,,,,,,,,,,,,,,,,,,,,,,
Jonas Uzcategui,RP,FA,,,,,,,,,,,,,,,,,,,,,,,,,,,,,,,,,,,,,,,,,,,,,,,,,,,
Ubaldo Soto,SP,FA,,,,,,,,,,,,,,,,,,,,,,,,,,,,,,,,,,,,,,,,,,,,,,,,,,,
Yerry Rodriguez,SP,FA,,,,,,,,,,,,,,,,,,,,,,,,,,,,,,,,,,,,,,,,,,,,,,,,,,,
Janderson Linares,RP,FA,,,,,,,,,,,,,,,,,,,,,,,,,,,,,,,,,,,,,,,,,,,,,,,,,,,
Enmanuel Talavera,SP,FA,,,,,,,,,,,,,,,,,,,,,,,,,,,,,,,,,,,,,,,,,,,,,,,,,,,
Eric Prado,SP,FA,,,,,,,,,,,,,,,,,,,,,,,,,,,,,,,,,,,,,,,,,,,,,,,,,,,
Deven Sheerin,RP,FA,,,,,,,,,,,,,,,,,,,,,,,,,,,,,,,,,,,,,,,,,,,,,,,,,,,
Deury Carrasco,RP,FA,,,,,,,,,,,,,,,,,,,,,,,,,,,,,,,,,,,,,,,,,,,,,,,,,,,
Fenuel James,RP,FA,,,,,,,,,,,,,,,,,,,,,,,,,,,,,,,,,,,,,,,,,,,,,,,,,,,
Dauri Moreta,RP,FA,,,,,,,,,,,,,,,,,,,,,,,,,,,,,,,,,,,,,,,,,,,,,,,0.82,-0.21,32.4,10.3,7.7
Chien-Fan Lai,SP,FA,,,,,,,,,,,,,,,,,,,,,,,,,,,,,,,,,,,,,,,,,,,,,,,,,,,
Roansy Contreras,RP,FA,,,,,,,,,,,,,,,,,,,,,,,,,,,,,,,,,,,,,,,,,,,,,,,0.42,1.65,20.0,3.9,7.1
Hua Ho,SP,FA,,,,,,,,,,,,,,,,,,,,,,,,,,,,,,,,,,,,,,,,,,,,,,,,,,,
Gavin Bruni,RP,FA,,,,,,,,,,,,,,,,,,,,,,,,,,,,,,,,,,,,,,,,,,,,,,,,,,,
Antonio Delgado,RP,FA,,,,,,,,,,,,,,,,,,,,,,,,,,,,,,,,,,,,,,,,,,,,,,,,,,,
Neraldo Catalina,SP,FA,,,,,,,,,,,,,,,,,,,,,,,,,,,,,,,,,,,,,,,,,,,,,,,,,,,
Johnny Slawinski,SP,FA,,,,,,,,,,,,,,,,,,,,,,,,,,,,,,,,,,,,,,,,,,,,,,,,,,,
Zach Penrod,RP,FA,,,,,,,,,,,,,,,,,,,,,,,,,,,,,,,,,,,,,,,,,,,,,,,,,,,
Noah Hall,SP,FA,,,,,,,,,,,,,,,,,,,,,,,,,,,,,,,,,,,,,,,,,,,,,,,,,,,
Charles Harrison,RP,FA,,,,,,,,,,,,,,,,,,,,,,,,,,,,,,,,,,,,,,,,,,,,,,,,,,,
Justin Long,RP,FA,,,,,,,,,,,,,,,,,,,,,,,,,,,,,,,,,,,,,,,,,,,,,,,,,,,
Ty Cummings,SP,FA,,,,,,,,,,,,,,,,,,,,,,,,,,,,,,,,,,,,,,,,,,,,,,,,,,,
Jake Eddington,RP,FA,,,,,,,,,,,,,,,,,,,,,,,,,,,,,,,,,,,,,,,,,,,,,,,,,,,
Tucker Musgrove,SP,FA,,,,,,,,,,,,,,,,,,,,,,,,,,,,,,,,,,,,,,,,,,,,,,,,,,,
Andrew Bash,RP,FA,,,,,,,,,,,,,,,,,,,,,,,,,,,,,,,,,,,,,,,,,,,,,,,,,,,
Joey Dixon,RP,FA,,,,,,,,,,,,,,,,,,,,,,,,,,,,,,,,,,,,,,,,,,,,,,,,,,,
Austin Strickland,RP,FA,,,,,,,,,,,,,,,,,,,,,,,,,,,,,,,,,,,,,,,,,,,,,,,,,,,
Kevin Kopps,RP,FA,,,,,,,,,,,,,,,,,,,,,,,,,,,,,,,,,,,,,,,,,,,,,,,,,,,
Spencer Schwellenbach,SP,T,,,,,,,,,,,,,,,,,,,,,,,,,,,,,,,,,,,,,,,,,,,,,,,0.39,0.0,28.3,4.1,10.0
Oliver Ortega,RP,FA,,,,,,,,,,,,,,,,,,,,,,,,,,,,,,,,,,,,,,,,,,,,,,,,,,,
Humberto Castellanos,RP,FA,,,,,,,,,,,,,,,,,,,,,,,,,,,,,,,,,,,,,,,,,,,,,,,,,,,
Jacob Morrison,SP,FA,,,,,,,,,,,,,,,,,,,,,,,,,,,,,,,,,,,,,,,,,,,,,,,,,,,
Trennor ODonnell,RP,FA,,,,,,,,,,,,,,,,,,,,,,,,,,,,,,,,,,,,,,,,,,,,,,,,,,,
Josh Bostick,SP,FA,,,,,,,,,,,,,,,,,,,,,,,,,,,,,,,,,,,,,,,,,,,,,,,,,,,
Peyton Smith,SP,FA,,,,,,,,,,,,,,,,,,,,,,,,,,,,,,,,,,,,,,,,,,,,,,,,,,,
Andrew Dutkanych,SP,FA,,,,,,,,,,,,,,,,,,,,,,,,,,,,,,,,,,,,,,,,,,,,,,,,,,,
Thomas White,SP,T,,,,,,,,,,,,,,,,,,,,,,,,,,,,,,,,,,,,,,,,,,,,,,,,,,,
Ethan Wachsmann,SP,FA,,,,,,,,,,,,,,,,,,,,,,,,,,,,,,,,,,,,,,,,,,,,,,,,,,,
McCarty English,RP,FA,,,,,,,,,,,,,,,,,,,,,,,,,,,,,,,,,,,,,,,,,,,,,,,,,,,
John Damozonio,SP,FA,,,,,,,,,,,,,,,,,,,,,,,,,,,,,,,,,,,,,,,,,,,,,,,,,,,
Bryson Hammer,RP,FA,,,,,,,,,,,,,,,,,,,,,,,,,,,,,,,,,,,,,,,,,,,,,,,,,,,
Duke McCarron,RP,FA,,,,,,,,,,,,,,,,,,,,,,,,,,,,,,,,,,,,,,,,,,,,,,,,,,,
Paul Bonzagni,SP,FA,,,,,,,,,,,,,,,,,,,,,,,,,,,,,,,,,,,,,,,,,,,,,,,,,,,
Sam Knowlton,RP,FA,,,,,,,,,,,,,,,,,,,,,,,,,,,,,,,,,,,,,,,,,,,,,,,,,,,
Richie Roman,RP,FA,,,,,,,,,,,,,,,,,,,,,,,,,,,,,,,,,,,,,,,,,,,,,,,,,,,
Jack Maruskin,SP,FA,,,,,,,,,,,,,,,,,,,,,,,,,,,,,,,,,,,,,,,,,,,,,,,,,,,
Paulshawn Pasqualotto,RP,FA,,,,,,,,,,,,,,,,,,,,,,,,,,,,,,,,,,,,,,,,,,,,,,,,,,,
Cooper Dossett,RP,FA,,,,,,,,,,,,,,,,,,,,,,,,,,,,,,,,,,,,,,,,,,,,,,,,,,,
Ty Weatherly,SP,FA,,,,,,,,,,,,,,,,,,,,,,,,,,,,,,,,,,,,,,,,,,,,,,,,,,,
Daiverson Blanco,SP,FA,,,,,,,,,,,,,,,,,,,,,,,,,,,,,,,,,,,,,,,,,,,,,,,,,,,
Landon Ginn,RP,FA,,,,,,,,,,,,,,,,,,,,,,,,,,,,,,,,,,,,,,,,,,,,,,,,,,,
Ryan Marton,RP,FA,,,,,,,,,,,,,,,,,,,,,,,,,,,,,,,,,,,,,,,,,,,,,,,,,,,
Kenten Egbert,SP,FA,,,,,,,,,,,,,,,,,,,,,,,,,,,,,,,,,,,,,,,,,,,,,,,,,,,
Jake Bockenstedt,SP,FA,,,,,,,,,,,,,,,,,,,,,,,,,,,,,,,,,,,,,,,,,,,,,,,,,,,
Haden Erbe,RP,FA,,,,,,,,,,,,,,,,,,,,,,,,,,,,,,,,,,,,,,,,,,,,,,,,,,,
Danny Wilkinson,RP,FA,,,,,,,,,,,,,,,,,,,,,,,,,,,,,,,,,,,,,,,,,,,,,,,,,,,
Zach Fruit,SP,FA,,,,,,,,,,,,,,,,,,,,,,,,,,,,,,,,,,,,,,,,,,,,,,,,,,,
Mitch Neunborn,SP,FA,,,,,,,,,,,,,,,,,,,,,,,,,,,,,,,,,,,,,,,,,,,,,,,,,,,
Efrain Cubilla,RP,FA,,,,,,,,,,,,,,,,,,,,,,,,,,,,,,,,,,,,,,,,,,,,,,,,,,,
Franly Urena,RP,FA,,,,,,,,,,,,,,,,,,,,,,,,,,,,,,,,,,,,,,,,,,,,,,,,,,,
Taylor Rabe,SP,FA,,,,,,,,,,,,,,,,,,,,,,,,,,,,,,,,,,,,,,,,,,,,,,,,,,,
Xavier Lopez,SP,FA,,,,,,,,,,,,,,,,,,,,,,,,,,,,,,,,,,,,,,,,,,,,,,,,,,,
Carlos De La Rosa,SP,FA,,,,,,,,,,,,,,,,,,,,,,,,,,,,,,,,,,,,,,,,,,,,,,,,,,,
Victor Cabreja,RP,FA,,,,,,,,,,,,,,,,,,,,,,,,,,,,,,,,,,,,,,,,,,,,,,,,,,,
Nate Nabholz,RP,FA,,,,,,,,,,,,,,,,,,,,,,,,,,,,,,,,,,,,,,,,,,,,,,,,,,,
Angelo Ladera,SP,FA,,,,,,,,,,,,,,,,,,,,,,,,,,,,,,,,,,,,,,,,,,,,,,,,,,,
Juan Reyes,SP,FA,,,,,,,,,,,,,,,,,,,,,,,,,,,,,,,,,,,,,,,,,,,,,,,,,,,
Joshua Stewart,SP,FA,,,,,,,,,,,,,,,,,,,,,,,,,,,,,,,,,,,,,,,,,,,,,,,,,,,
Miguel Yajure,RP,FA,,,,,,,,,,,,,,,,,,,,,,,,,,,,,,,,,,,,,,,,,,,,,,,,,,,
Jesus Escobar,SP,FA,,,,,,,,,,,,,,,,,,,,,,,,,,,,,,,,,,,,,,,,,,,,,,,,,,,
Rainy Mota,RP,FA,,,,,,,,,,,,,,,,,,,,,,,,,,,,,,,,,,,,,,,,,,,,,,,,,,,
Joel Lara,SP,FA,,,,,,,,,,,,,,,,,,,,,,,,,,,,,,,,,,,,,,,,,,,,,,,,,,,
Ben DeTaeye,RP,FA,,,,,,,,,,,,,,,,,,,,,,,,,,,,,,,,,,,,,,,,,,,,,,,,,,,
Charlie Weber,RP,FA,,,,,,,,,,,,,,,,,,,,,,,,,,,,,,,,,,,,,,,,,,,,,,,,,,,
Chase Adkins,RP,FA,,,,,,,,,,,,,,,,,,,,,,,,,,,,,,,,,,,,,,,,,,,,,,,,,,,
Luke Hansel,RP,FA,,,,,,,,,,,,,,,,,,,,,,,,,,,,,,,,,,,,,,,,,,,,,,,,,,,
Oliver Sirotti,RP,FA,,,,,,,,,,,,,,,,,,,,,,,,,,,,,,,,,,,,,,,,,,,,,,,,,,,
Richard Gallardo,SP,FA,,,,,,,,,,,,,,,,,,,,,,,,,,,,,,,,,,,,,,,,,,,,,,,,,,,
Ky Bush,SP,FA,,,,,,,,,,,,,,,,,,,,,,,,,,,,,,,,,,,,,,,,,,,,,,,,,,,
Izack Tiger,SP,FA,,,,,,,,,,,,,,,,,,,,,,,,,,,,,,,,,,,,,,,,,,,,,,,,,,,
Denichel Javier,RP,FA,,,,,,,,,,,,,,,,,,,,,,,,,,,,,,,,,,,,,,,,,,,,,,,,,,,
Nolan Santos,RP,FA,,,,,,,,,,,,,,,,,,,,,,,,,,,,,,,,,,,,,,,,,,,,,,,,,,,
Teddy Sharkey,RP,FA,,,,,,,,,,,,,,,,,,,,,,,,,,,,,,,,,,,,,,,,,,,,,,,,,,,
Owen Wild,SP,FA,,,,,,,,,,,,,,,,,,,,,,,,,,,,,,,,,,,,,,,,,,,,,,,,,,,
Tate Kuehner,SP,FA,,,,,,,,,,,,,,,,,,,,,,,,,,,,,,,,,,,,,,,,,,,,,,,,,,,
JT Quinn,RP,FA,,,,,,,,,,,,,,,,,,,,,,,,,,,,,,,,,,,,,,,,,,,,,,,,,,,
Miguel Sime,SP,FA,,,,,,,,,,,,,,,,,,,,,,,,,,,,,,,,,,,,,,,,,,,,,,,,,,,
Martin Herrera,SP,FA,,,,,,,,,,,,,,,,,,,,,,,,,,,,,,,,,,,,,,,,,,,,,,,,,,,
Ignacio Feliz,SP,FA,,,,,,,,,,,,,,,,,,,,,,,,,,,,,,,,,,,,,,,,,,,,,,,,,,,
Matthew Thompson,SP,FA,,,,,,,,,,,,,,,,,,,,,,,,,,,,,,,,,,,,,,,,,,,,,,,,,,,
Deivi Garcia,SP,FA,,,,,,,,,,,,,,,,,,,,,,,,,,,,,,,,,,,,,,,,,,,,,,,,,,,
Landon Mack,SP,FA,,,,,,,,,,,,,,,,,,,,,,,,,,,,,,,,,,,,,,,,,,,,,,,,,,,
Buck Farmer,RP,FA,,,,,,,,,,,,,,,,,,,,,,,,,,,,,,,,,,,,,,,,,,,,,,,,,,,
Marcos Herrera,SP,FA,,,,,,,,,,,,,,,,,,,,,,,,,,,,,,,,,,,,,,,,,,,,,,,,,,,
Jake Marciano,SP,FA,,,,,,,,,,,,,,,,,,,,,,,,,,,,,,,,,,,,,,,,,,,,,,,,,,,
Peter Bonilla,RP,FA,,,,,,,,,,,,,,,,,,,,,,,,,,,,,,,,,,,,,,,,,,,,,,,,,,,
Luciano Romero,RP,FA,,,,,,,,,,,,,,,,,,,,,,,,,,,,,,,,,,,,,,,,,,,,,,,,,,,
Chris Flexen,RP,FA,,,,,,,,,,,,,,,,,,,,,,,,,,,,,,,,,,,,,,,,,,,,,,,-1.24,-0.01,16.7,6.7,8.9
Jose Albertos,RP,FA,,,,,,,,,,,,,,,,,,,,,,,,,,,,,,,,,,,,,,,,,,,,,,,,,,,
Jared Spencer,SP,FA,,,,,,,,,,,,,,,,,,,,,,,,,,,,,,,,,,,,,,,,,,,,,,,,,,,
Brett Crossland,SP,FA,,,,,,,,,,,,,,,,,,,,,,,,,,,,,,,,,,,,,,,,,,,,,,,,,,,
Jackson Stephens,RP,FA,,,,,,,,,,,,,,,,,,,,,,,,,,,,,,,,,,,,,,,,,,,,,,,,,,,
Osiris Calvo,SP,FA,,,,,,,,,,,,,,,,,,,,,,,,,,,,,,,,,,,,,,,,,,,,,,,,,,,
Yency Almonte,RP,FA,,,,,,,,,,,,,,,,,,,,,,,,,,,,,,,,,,,,,,,,,,,,,,,,,,,
Mauricio Llovera,RP,FA,,,,,,,,,,,,,,,,,,,,,,,,,,,,,,,,,,,,,,,,,,,,,,,,,,,
Daysbel Hernandez,RP,FA,,,,,,,,,,,,,,,,,,,,,,,,,,,,,,,,,,,,,,,,,,,,,,,-0.24,-1.06,29.2,17.8,6.0
Ilmerson Colon,RP,FA,,,,,,,,,,,,,,,,,,,,,,,,,,,,,,,,,,,,,,,,,,,,,,,,,,,
Chris Campos,SP,FA,,,,,,,,,,,,,,,,,,,,,,,,,,,,,,,,,,,,,,,,,,,,,,,,,,,
Reid VanScoter,SP,FA,,,,,,,,,,,,,,,,,,,,,,,,,,,,,,,,,,,,,,,,,,,,,,,,,,,
Zack Hess,SP,FA,,,,,,,,,,,,,,,,,,,,,,,,,,,,,,,,,,,,,,,,,,,,,,,,,,,
Eduardo Tovar,RP,FA,,,,,,,,,,,,,,,,,,,,,,,,,,,,,,,,,,,,,,,,,,,,,,,,,,,
Braian Salazar,RP,FA,,,,,,,,,,,,,,,,,,,,,,,,,,,,,,,,,,,,,,,,,,,,,,,,,,,
Dioris Martinez,RP,FA,,,,,,,,,,,,,,,,,,,,,,,,,,,,,,,,,,,,,,,,,,,,,,,,,,,
Luis German,RP,FA,,,,,,,,,,,,,,,,,,,,,,,,,,,,,,,,,,,,,,,,,,,,,,,,,,,
Yorvi Pirela,RP,FA,,,,,,,,,,,,,,,,,,,,,,,,,,,,,,,,,,,,,,,,,,,,,,,,,,,
Jhon Cabral,RP,FA,,,,,,,,,,,,,,,,,,,,,,,,,,,,,,,,,,,,,,,,,,,,,,,,,,,
Mauricio Estrella,RP,FA,,,,,,,,,,,,,,,,,,,,,,,,,,,,,,,,,,,,,,,,,,,,,,,,,,,
Eiver Espinoza,RP,FA,,,,,,,,,,,,,,,,,,,,,,,,,,,,,,,,,,,,,,,,,,,,,,,,,,,
Johandry Fuente,RP,FA,,,,,,,,,,,,,,,,,,,,,,,,,,,,,,,,,,,,,,,,,,,,,,,,,,,
Jui-Chieh Lin,SP,FA,,,,,,,,,,,,,,,,,,,,,,,,,,,,,,,,,,,,,,,,,,,,,,,,,,,
Will Childers,RP,FA,,,,,,,,,,,,,,,,,,,,,,,,,,,,,,,,,,,,,,,,,,,,,,,,,,,
Nick Merkel,RP,FA,,,,,,,,,,,,,,,,,,,,,,,,,,,,,,,,,,,,,,,,,,,,,,,,,,,
Ryan Brady,RP,FA,,,,,,,,,,,,,,,,,,,,,,,,,,,,,,,,,,,,,,,,,,,,,,,,,,,
Javi Torres,RP,FA,,,,,,,,,,,,,,,,,,,,,,,,,,,,,,,,,,,,,,,,,,,,,,,,,,,
David Horn,SP,FA,,,,,,,,,,,,,,,,,,,,,,,,,,,,,,,,,,,,,,,,,,,,,,,,,,,
Tyler Wehrle,SP,FA,,,,,,,,,,,,,,,,,,,,,,,,,,,,,,,,,,,,,,,,,,,,,,,,,,,
Jackson Mitchell,RP,FA,,,,,,,,,,,,,,,,,,,,,,,,,,,,,,,,,,,,,,,,,,,,,,,,,,,
Cade Rusch,RP,FA,,,,,,,,,,,,,,,,,,,,,,,,,,,,,,,,,,,,,,,,,,,,,,,,,,,
Dakota Stone,SP,FA,,,,,,,,,,,,,,,,,,,,,,,,,,,,,,,,,,,,,,,,,,,,,,,,,,,
Isaac Thornton,SP,FA,,,,,,,,,,,,,,,,,,,,,,,,,,,,,,,,,,,,,,,,,,,,,,,,,,,
Austin Becker,RP,FA,,,,,,,,,,,,,,,,,,,,,,,,,,,,,,,,,,,,,,,,,,,,,,,,,,,
Jhonly Taveras,RP,FA,,,,,,,,,,,,,,,,,,,,,,,,,,,,,,,,,,,,,,,,,,,,,,,,,,,
Ethan Stade,SP,FA,,,,,,,,,,,,,,,,,,,,,,,,,,,,,,,,,,,,,,,,,,,,,,,,,,,
Johan Dominguez,SP,FA,,,,,,,,,,,,,,,,,,,,,,,,,,,,,,,,,,,,,,,,,,,,,,,,,,,
Manuel Urias,SP,FA,,,,,,,,,,,,,,,,,,,,,,,,,,,,,,,,,,,,,,,,,,,,,,,,,,,
Nixon Encarnacion,RP,FA,,,,,,,,,,,,,,,,,,,,,,,,,,,,,,,,,,,,,,,,,,,,,,,,,,,
Nate Smithburg,RP,FA,,,,,,,,,,,,,,,,,,,,,,,,,,,,,,,,,,,,,,,,,,,,,,,,,,,
Drake Meeks,RP,FA,,,,,,,,,,,,,,,,,,,,,,,,,,,,,,,,,,,,,,,,,,,,,,,,,,,
Jorge Alcala,RP,FA,,,,,,,,,,,,,,,,,,,,,,,,,,,,,,,,,,,,,,,,,,,,,,,-0.52,-0.76,25.7,11.7,8.1
Cooper Corkrean,RP,FA,,,,,,,,,,,,,,,,,,,,,,,,,,,,,,,,,,,,,,,,,,,,,,,,,,,
Juan Ledezma,RP,FA,,,,,,,,,,,,,,,,,,,,,,,,,,,,,,,,,,,,,,,,,,,,,,,,,,,
Victor Trejo,RP,FA,,,,,,,,,,,,,,,,,,,,,,,,,,,,,,,,,,,,,,,,,,,,,,,,,,,
Carson Fulmer,RP,FA,,,,,,,,,,,,,,,,,,,,,,,,,,,,,,,,,,,,,,,,,,,,,,,0.72,1.12,24.9,8.9,5.9
J.B. Wendelken,RP,FA,,,,,,,,,,,,,,,,,,,,,,,,,,,,,,,,,,,,,,,,,,,,,,,,,,,
Casey Lawrence,SP,FA,,,,,,,,,,,,,,,,,,,,,,,,,,,,,,,,,,,,,,,,,,,,,,,-0.58,1.39,14.2,1.3,8.7
Keone Kela,RP,FA,,,,,,,,,,,,,,,,,,,,,,,,,,,,,,,,,,,,,,,,,,,,,,,,,,,
Hayden Wynja,SP,FA,,,,,,,,,,,,,,,,,,,,,,,,,,,,,,,,,,,,,,,,,,,,,,,,,,,
Greyson Chappel,SP,FA,,,,,,,,,,,,,,,,,,,,,,,,,,,,,,,,,,,,,,,,,,,,,,,,,,,
Elvin Rodriguez,SP,FA,,,,,,,,,,,,,,,,,,,,,,,,,,,,,,,,,,,,,,,,,,,,,,,-0.09,0.5,22.3,7.8,7.5
Seth Clark,RP,FA,,,,,,,,,,,,,,,,,,,,,,,,,,,,,,,,,,,,,,,,,,,,,,,,,,,
Jacob Maton,SP,FA,,,,,,,,,,,,,,,,,,,,,,,,,,,,,,,,,,,,,,,,,,,,,,,,,,,
Ryder Brooks,RP,FA,,,,,,,,,,,,,,,,,,,,,,,,,,,,,,,,,,,,,,,,,,,,,,,,,,,
Sam George,SP,FA,,,,,,,,,,,,,,,,,,,,,,,,,,,,,,,,,,,,,,,,,,,,,,,,,,,
Austin Marozas,RP,FA,,,,,,,,,,,,,,,,,,,,,,,,,,,,,,,,,,,,,,,,,,,,,,,,,,,
Brian Strange,SP,FA,,,,,,,,,,,,,,,,,,,,,,,,,,,,,,,,,,,,,,,,,,,,,,,,,,,
Wilkel Hernandez,SP,FA,,,,,,,,,,,,,,,,,,,,,,,,,,,,,,,,,,,,,,,,,,,,,,,,,,,
Matt Bowman,RP,FA,,,,,,,,,,,,,,,,,,,,,,,,,,,,,,,,,,,,,,,,,,,,,,,-0.74,0.55,17.4,5.3,8.5
Andy Rodriguez,RP,FA,,,,,,,,,,,,,,,,,,,,,,,,,,,,,,,,,,,,,,,,,,,,,,,,,,,
Ryne Palmer,SP,FA,,,,,,,,,,,,,,,,,,,,,,,,,,,,,,,,,,,,,,,,,,,,,,,,,,,
Janser Lara,RP,FA,,,,,,,,,,,,,,,,,,,,,,,,,,,,,,,,,,,,,,,,,,,,,,,,,,,
Alex Amalfi,RP,FA,,,,,,,,,,,,,,,,,,,,,,,,,,,,,,,,,,,,,,,,,,,,,,,,,,,
Tyler Bryan,RP,FA,,,,,,,,,,,,,,,,,,,,,,,,,,,,,,,,,,,,,,,,,,,,,,,,,,,
Christian Ciuffetelli,SP,FA,,,,,,,,,,,,,,,,,,,,,,,,,,,,,,,,,,,,,,,,,,,,,,,,,,,
Jackson Sleeper,RP,FA,,,,,,,,,,,,,,,,,,,,,,,,,,,,,,,,,,,,,,,,,,,,,,,,,,,
Kruz Schoolcraft,SP,FA,,,,,,,,,,,,,,,,,,,,,,,,,,,,,,,,,,,,,,,,,,,,,,,,,,,
Bubba Hall,RP,FA,,,,,,,,,,,,,,,,,,,,,,,,,,,,,,,,,,,,,,,,,,,,,,,,,,,
Gavin Eddy,SP,FA,,,,,,,,,,,,,,,,,,,,,,,,,,,,,,,,,,,,,,,,,,,,,,,,,,,
Griffin Hugus,SP,FA,,,,,,,,,,,,,,,,,,,,,,,,,,,,,,,,,,,,,,,,,,,,,,,,,,,
Justin LeGuernic,SP,FA,,,,,,,,,,,,,,,,,,,,,,,,,,,,,,,,,,,,,,,,,,,,,,,,,,,
Alex Philpott,RP,FA,,,,,,,,,,,,,,,,,,,,,,,,,,,,,,,,,,,,,,,,,,,,,,,,,,,
Zac McCleve,RP,FA,,,,,,,,,,,,,,,,,,,,,,,,,,,,,,,,,,,,,,,,,,,,,,,,,,,
Malachi Witherspoon,SP,FA,,,,,,,,,,,,,,,,,,,,,,,,,,,,,,,,,,,,,,,,,,,,,,,,,,,
Seth Chavez,RP,FA,,,,,,,,,,,,,,,,,,,,,,,,,,,,,,,,,,,,,,,,,,,,,,,,,,,
Dakota Hawkins,RP,FA,,,,,,,,,,,,,,,,,,,,,,,,,,,,,,,,,,,,,,,,,,,,,,,,,,,
Kelly Austin,RP,FA,,,,,,,,,,,,,,,,,,,,,,,,,,,,,,,,,,,,,,,,,,,,,,,,,,,
Hudson Leach,RP,FA,,,,,,,,,,,,,,,,,,,,,,,,,,,,,,,,,,,,,,,,,,,,,,,,,,,
Ben Petschke,RP,FA,,,,,,,,,,,,,,,,,,,,,,,,,,,,,,,,,,,,,,,,,,,,,,,,,,,
Alejandro Torres,RP,FA,,,,,,,,,,,,,,,,,,,,,,,,,,,,,,,,,,,,,,,,,,,,,,,,,,,
Haiden Leffew,RP,FA,,,,,,,,,,,,,,,,,,,,,,,,,,,,,,,,,,,,,,,,,,,,,,,,,,,
Kobe Minchey,RP,FA,,,,,,,,,,,,,,,,,,,,,,,,,,,,,,,,,,,,,,,,,,,,,,,,,,,
Connor Fenlong,SP,FA,,,,,,,,,,,,,,,,,,,,,,,,,,,,,,,,,,,,,,,,,,,,,,,,,,,
Elias Holbert,RP,FA,,,,,,,,,,,,,,,,,,,,,,,,,,,,,,,,,,,,,,,,,,,,,,,,,,,
Micah Worley,SP,FA,,,,,,,,,,,,,,,,,,,,,,,,,,,,,,,,,,,,,,,,,,,,,,,,,,,
Doug Kirkland,SP,FA,,,,,,,,,,,,,,,,,,,,,,,,,,,,,,,,,,,,,,,,,,,,,,,,,,,
Brendan Sweeney,RP,FA,,,,,,,,,,,,,,,,,,,,,,,,,,,,,,,,,,,,,,,,,,,,,,,,,,,
Eric Nachtsheim,SP,FA,,,,,,,,,,,,,,,,,,,,,,,,,,,,,,,,,,,,,,,,,,,,,,,,,,,
Cooper Allen,SP,FA,,,,,,,,,,,,,,,,,,,,,,,,,,,,,,,,,,,,,,,,,,,,,,,,,,,
Cal Higgins,RP,FA,,,,,,,,,,,,,,,,,,,,,,,,,,,,,,,,,,,,,,,,,,,,,,,,,,,
Ethan Lay,SP,FA,,,,,,,,,,,,,,,,,,,,,,,,,,,,,,,,,,,,,,,,,,,,,,,,,,,
Regan Hall,SP,FA,,,,,,,,,,,,,,,,,,,,,,,,,,,,,,,,,,,,,,,,,,,,,,,,,,,
Garrett Lambert,SP,FA,,,,,,,,,,,,,,,,,,,,,,,,,,,,,,,,,,,,,,,,,,,,,,,,,,,
David Lally,SP,FA,,,,,,,,,,,,,,,,,,,,,,,,,,,,,,,,,,,,,,,,,,,,,,,,,,,
Logan Satter,SP,FA,,,,,,,,,,,,,,,,,,,,,,,,,,,,,,,,,,,,,,,,,,,,,,,,,,,
Jack Giordano,RP,FA,,,,,,,,,,,,,,,,,,,,,,,,,,,,,,,,,,,,,,,,,,,,,,,,,,,
Liam Rocha,SP,FA,,,,,,,,,,,,,,,,,,,,,,,,,,,,,,,,,,,,,,,,,,,,,,,,,,,
Andrew Wright,RP,FA,,,,,,,,,,,,,,,,,,,,,,,,,,,,,,,,,,,,,,,,,,,,,,,,,,,
Jacob King,SP,FA,,,,,,,,,,,,,,,,,,,,,,,,,,,,,,,,,,,,,,,,,,,,,,,,,,,
Colton Sampson,SP,FA,,,,,,,,,,,,,,,,,,,,,,,,,,,,,,,,,,,,,,,,,,,,,,,,,,,
Aidan Cochrane,SP,FA,,,,,,,,,,,,,,,,,,,,,,,,,,,,,,,,,,,,,,,,,,,,,,,,,,,
Ian May,RP,FA,,,,,,,,,,,,,,,,,,,,,,,,,,,,,,,,,,,,,,,,,,,,,,,,,,,
Hunter Dietz,SP,FA,,,,,,,,,,,,,,,,,,,,,,,,,,,,,,,,,,,,,,,,,,,,,,,,,,,
Camden Wicker,SP,FA,,,,,,,,,,,,,,,,,,,,,,,,,,,,,,,,,,,,,,,,,,,,,,,,,,,
Cooper Harris,SP,FA,,,,,,,,,,,,,,,,,,,,,,,,,,,,,,,,,,,,,,,,,,,,,,,,,,,
Griffin Long,SP,FA,,,,,,,,,,,,,,,,,,,,,,,,,,,,,,,,,,,,,,,,,,,,,,,,,,,
AJ Rice,SP,FA,,,,,,,,,,,,,,,,,,,,,,,,,,,,,,,,,,,,,,,,,,,,,,,,,,,
Tate McKee,SP,FA,,,,,,,,,,,,,,,,,,,,,,,,,,,,,,,,,,,,,,,,,,,,,,,,,,,
Maxx Yehl,SP,FA,,,,,,,,,,,,,,,,,,,,,,,,,,,,,,,,,,,,,,,,,,,,,,,,,,,
Amp Phillips,SP,FA,,,,,,,,,,,,,,,,,,,,,,,,,,,,,,,,,,,,,,,,,,,,,,,,,,,
Mason Bixby,RP,FA,,,,,,,,,,,,,,,,,,,,,,,,,,,,,,,,,,,,,,,,,,,,,,,,,,,
Kade Woods,RP,FA,,,,,,,,,,,,,,,,,,,,,,,,,,,,,,,,,,,,,,,,,,,,,,,,,,,
Gavin Giese,SP,FA,,,,,,,,,,,,,,,,,,,,,,,,,,,,,,,,,,,,,,,,,,,,,,,,,,,
Hudson Calhoun,RP,FA,,,,,,,,,,,,,,,,,,,,,,,,,,,,,,,,,,,,,,,,,,,,,,,,,,,
Wilson Andersen,SP,FA,,,,,,,,,,,,,,,,,,,,,,,,,,,,,,,,,,,,,,,,,,,,,,,,,,,
Hudson DeVaughan,SP,FA,,,,,,,,,,,,,,,,,,,,,,,,,,,,,,,,,,,,,,,,,,,,,,,,,,,
Bryce Hill,SP,FA,,,,,,,,,,,,,,,,,,,,,,,,,,,,,,,,,,,,,,,,,,,,,,,,,,,
Gannon Grant,SP,FA,,,,,,,,,,,,,,,,,,,,,,,,,,,,,,,,,,,,,,,,,,,,,,,,,,,
Weston Moss,SP,FA,,,,,,,,,,,,,,,,,,,,,,,,,,,,,,,,,,,,,,,,,,,,,,,,,,,
Zack Konstantinovsky,SP,FA,,,,,,,,,,,,,,,,,,,,,,,,,,,,,,,,,,,,,,,,,,,,,,,,,,,
Grant Govel,SP,FA,,,,,,,,,,,,,,,,,,,,,,,,,,,,,,,,,,,,,,,,,,,,,,,,,,,
Cody Howard,RP,FA,,,,,,,,,,,,,,,,,,,,,,,,,,,,,,,,,,,,,,,,,,,,,,,,,,,
Luke Stofel,SP,FA,,,,,,,,,,,,,,,,,,,,,,,,,,,,,,,,,,,,,,,,,,,,,,,,,,,
Zack Lee,SP,FA,,,,,,,,,,,,,,,,,,,,,,,,,,,,,,,,,,,,,,,,,,,,,,,,,,,
Carlos Lequerica,RP,FA,,,,,,,,,,,,,,,,,,,,,,,,,,,,,,,,,,,,,,,,,,,,,,,,,,,
Matthew Bollenbacher,RP,FA,,,,,,,,,,,,,,,,,,,,,,,,,,,,,,,,,,,,,,,,,,,,,,,,,,,
Dylan Blomker,SP,FA,,,,,,,,,,,,,,,,,,,,,,,,,,,,,,,,,,,,,,,,,,,,,,,,,,,
Gerson Calzadilla,SP,FA,,,,,,,,,,,,,,,,,,,,,,,,,,,,,,,,,,,,,,,,,,,,,,,,,,,
Johnny Cueto,SP,FA,,,,,,,,,,,,,,,,,,,,,,,,,,,,,,,,,,,,,,,,,,,,,,,,,,,
Cody Bowker,SP,FA,,,,,,,,,,,,,,,,,,,,,,,,,,,,,,,,,,,,,,,,,,,,,,,,,,,
James Guyette,SP,FA,,,,,,,,,,,,,,,,,,,,,,,,,,,,,,,,,,,,,,,,,,,,,,,,,,,
Tanner Franklin,SP,T,,,,,,,,,,,,,,,,,,,,,,,,,,,,,,,,,,,,,,,,,,,,,,,,,,,
Declan Dahl,SP,FA,,,,,,,,,,,,,,,,,,,,,,,,,,,,,,,,,,,,,,,,,,,,,,,,,,,
Charlie West,SP,FA,,,,,,,,,,,,,,,,,,,,,,,,,,,,,,,,,,,,,,,,,,,,,,,,,,,
Chris Kean,RP,FA,,,,,,,,,,,,,,,,,,,,,,,,,,,,,,,,,,,,,,,,,,,,,,,,,,,
Aaron Nixon,RP,FA,,,,,,,,,,,,,,,,,,,,,,,,,,,,,,,,,,,,,,,,,,,,,,,,,,,
Trent Sellers,SP,FA,,,,,,,,,,,,,,,,,,,,,,,,,,,,,,,,,,,,,,,,,,,,,,,,,,,
Levi Sterling,SP,FA,,,,,,,,,,,,,,,,,,,,,,,,,,,,,,,,,,,,,,,,,,,,,,,,,,,
Joey Oakie,SP,FA,,,,,,,,,,,,,,,,,,,,,,,,,,,,,,,,,,,,,,,,,,,,,,,,,,,
Ben Shields,SP,FA,,,,,,,,,,,,,,,,,,,,,,,,,,,,,,,,,,,,,,,,,,,,,,,,,,,
Michael Lombardi,RP,FA,,,,,,,,,,,,,,,,,,,,,,,,,,,,,,,,,,,,,,,,,,,,,,,,,,,
Tyler Matzek,RP,FA,,,,,,,,,,,,,,,,,,,,,,,,,,,,,,,,,,,,,,,,,,,,,,,,,,,
Kevin Dowdell,RP,FA,,,,,,,,,,,,,,,,,,,,,,,,,,,,,,,,,,,,,,,,,,,,,,,,,,,
Benny Thompson,RP,FA,,,,,,,,,,,,,,,,,,,,,,,,,,,,,,,,,,,,,,,,,,,,,,,,,,,
Isaiah Jackson,RP,FA,,,,,,,,,,,,,,,,,,,,,,,,,,,,,,,,,,,,,,,,,,,,,,,,,,,
Bayden Root,RP,FA,,,,,,,,,,,,,,,,,,,,,,,,,,,,,,,,,,,,,,,,,,,,,,,,,,,
Jack Pineau,SP,FA,,,,,,,,,,,,,,,,,,,,,,,,,,,,,,,,,,,,,,,,,,,,,,,,,,,
Brady Pendley,RP,FA,,,,,,,,,,,,,,,,,,,,,,,,,,,,,,,,,,,,,,,,,,,,,,,,,,,
Elijah Coston,RP,FA,,,,,,,,,,,,,,,,,,,,,,,,,,,,,,,,,,,,,,,,,,,,,,,,,,,
John Carver,RP,FA,,,,,,,,,,,,,,,,,,,,,,,,,,,,,,,,,,,,,,,,,,,,,,,,,,,
Carson Estridge,RP,FA,,,,,,,,,,,,,,,,,,,,,,,,,,,,,,,,,,,,,,,,,,,,,,,,,,,
Noah Chapman,SP,FA,,,,,,,,,,,,,,,,,,,,,,,,,,,,,,,,,,,,,,,,,,,,,,,,,,,
Alex Walsh,SP,FA,,,,,,,,,,,,,,,,,,,,,,,,,,,,,,,,,,,,,,,,,,,,,,,,,,,
Felix Doroteo,RP,FA,,,,,,,,,,,,,,,,,,,,,,,,,,,,,,,,,,,,,,,,,,,,,,,,,,,
Owen Hall,SP,FA,,,,,,,,,,,,,,,,,,,,,,,,,,,,,,,,,,,,,,,,,,,,,,,,,,,
William Schmidt,SP,FA,,,,,,,,,,,,,,,,,,,,,,,,,,,,,,,,,,,,,,,,,,,,,,,,,,,
Chase Hopewell,SP,FA,,,,,,,,,,,,,,,,,,,,,,,,,,,,,,,,,,,,,,,,,,,,,,,,,,,
Braydon Tucker,SP,FA,,,,,,,,,,,,,,,,,,,,,,,,,,,,,,,,,,,,,,,,,,,,,,,,,,,
Noah Takacs,RP,FA,,,,,,,,,,,,,,,,,,,,,,,,,,,,,,,,,,,,,,,,,,,,,,,,,,,
Ronaldo Gallo,RP,FA,,,,,,,,,,,,,,,,,,,,,,,,,,,,,,,,,,,,,,,,,,,,,,,,,,,
Langston Burkett,RP,FA,,,,,,,,,,,,,,,,,,,,,,,,,,,,,,,,,,,,,,,,,,,,,,,,,,,
Ruddy Gomez,RP,FA,,,,,,,,,,,,,,,,,,,,,,,,,,,,,,,,,,,,,,,,,,,,,,,,,,,
Joan Gonzalez,SP,FA,,,,,,,,,,,,,,,,,,,,,,,,,,,,,,,,,,,,,,,,,,,,,,,,,,,
Will Varmette,SP,FA,,,,,,,,,,,,,,,,,,,,,,,,,,,,,,,,,,,,,,,,,,,,,,,,,,,
Ryan Wentz,SP,FA,,,,,,,,,,,,,,,,,,,,,,,,,,,,,,,,,,,,,,,,,,,,,,,,,,,
Nick Fraze,SP,FA,,,,,,,,,,,,,,,,,,,,,,,,,,,,,,,,,,,,,,,,,,,,,,,,,,,
Tyrone Yulie,RP,FA,,,,,,,,,,,,,,,,,,,,,,,,,,,,,,,,,,,,,,,,,,,,,,,,,,,
Jace Beck,RP,FA,,,,,,,,,,,,,,,,,,,,,,,,,,,,,,,,,,,,,,,,,,,,,,,,,,,
Dionys Rodriguez,RP,FA,,,,,,,,,,,,,,,,,,,,,,,,,,,,,,,,,,,,,,,,,,,,,,,,,,,
Ethan Kleinschmit,SP,FA,,,,,,,,,,,,,,,,,,,,,,,,,,,,,,,,,,,,,,,,,,,,,,,,,,,
Cameron Wagoner,SP,FA,,,,,,,,,,,,,,,,,,,,,,,,,,,,,,,,,,,,,,,,,,,,,,,,,,,
Garrett Langrell,RP,FA,,,,,,,,,,,,,,,,,,,,,,,,,,,,,,,,,,,,,,,,,,,,,,,,,,,
Justin Feld,SP,FA,,,,,,,,,,,,,,,,,,,,,,,,,,,,,,,,,,,,,,,,,,,,,,,,,,,
Danny Macchiarola,SP,FA,,,,,,,,,,,,,,,,,,,,,,,,,,,,,,,,,,,,,,,,,,,,,,,,,,,
Isaac Lyon,SP,FA,,,,,,,,,,,,,,,,,,,,,,,,,,,,,,,,,,,,,,,,,,,,,,,,,,,
Luke Craytor,RP,FA,,,,,,,,,,,,,,,,,,,,,,,,,,,,,,,,,,,,,,,,,,,,,,,,,,,
Austin Love,RP,FA,,,,,,,,,,,,,,,,,,,,,,,,,,,,,,,,,,,,,,,,,,,,,,,,,,,
Lucas Kelly,RP,FA,,,,,,,,,,,,,,,,,,,,,,,,,,,,,,,,,,,,,,,,,,,,,,,,,,,
Michael Sharman,SP,FA,,,,,,,,,,,,,,,,,,,,,,,,,,,,,,,,,,,,,,,,,,,,,,,,,,,
Carter Rustad,RP,FA,,,,,,,,,,,,,,,,,,,,,,,,,,,,,,,,,,,,,,,,,,,,,,,,,,,
Anthony Karoly,SP,FA,,,,,,,,,,,,,,,,,,,,,,,,,,,,,,,,,,,,,,,,,,,,,,,,,,,
Nathan Leininger,SP,FA,,,,,,,,,,,,,,,,,,,,,,,,,,,,,,,,,,,,,,,,,,,,,,,,,,,
Cody Delvecchio,SP,FA,,,,,,,,,,,,,,,,,,,,,,,,,,,,,,,,,,,,,,,,,,,,,,,,,,,
Grant Cleavinger,RP,FA,,,,,,,,,,,,,,,,,,,,,,,,,,,,,,,,,,,,,,,,,,,,,,,,,,,
Casey Hintz,RP,FA,,,,,,,,,,,,,,,,,,,,,,,,,,,,,,,,,,,,,,,,,,,,,,,,,,,
Jordan Gottesman,SP,FA,,,,,,,,,,,,,,,,,,,,,,,,,,,,,,,,,,,,,,,,,,,,,,,,,,,
Eric Segura,SP,FA,,,,,,,,,,,,,,,,,,,,,,,,,,,,,,,,,,,,,,,,,,,,,,,,,,,
Bryan Mata,RP,FA,,,,,,,,,,,,,,,,,,,,,,,,,,,,,,,,,,,,,,,,,,,,,,,,,,,
Cole Dennis,SP,FA,,,,,,,,,,,,,,,,,,,,,,,,,,,,,,,,,,,,,,,,,,,,,,,,,,,
Stephen Jones,RP,FA,,,,,,,,,,,,,,,,,,,,,,,,,,,,,,,,,,,,,,,,,,,,,,,,,,,
Fineas Del Bonta-Smith,RP,FA,,,,,,,,,,,,,,,,,,,,,,,,,,,,,,,,,,,,,,,,,,,,,,,,,,,
Jordy Vargas,SP,FA,,,,,,,,,,,,,,,,,,,,,,,,,,,,,,,,,,,,,,,,,,,,,,,,,,,
Jared Southard,RP,FA,,,,,,,,,,,,,,,,,,,,,,,,,,,,,,,,,,,,,,,,,,,,,,,,,,,
Rayner Urbaez,SP,FA,,,,,,,,,,,,,,,,,,,,,,,,,,,,,,,,,,,,,,,,,,,,,,,,,,,
Colby Allen,RP,FA,,,,,,,,,,,,,,,,,,,,,,,,,,,,,,,,,,,,,,,,,,,,,,,,,,,
Cole Fehrman,RP,FA,,,,,,,,,,,,,,,,,,,,,,,,,,,,,,,,,,,,,,,,,,,,,,,,,,,
JR Fordham,RP,FA,,,,,,,,,,,,,,,,,,,,,,,,,,,,,,,,,,,,,,,,,,,,,,,,,,,
Aneurys Zabala,SP,FA,,,,,,,,,,,,,,,,,,,,,,,,,,,,,,,,,,,,,,,,,,,,,,,,,,,
Dylan Tebrake,RP,FA,,,,,,,,,,,,,,,,,,,,,,,,,,,,,,,,,,,,,,,,,,,,,,,,,,,
Hunter Baynes,RP,FA,,,,,,,,,,,,,,,,,,,,,,,,,,,,,,,,,,,,,,,,,,,,,,,,,,,
Michel Baez,RP,FA,,,,,,,,,,,,,,,,,,,,,,,,,,,,,,,,,,,,,,,,,,,,,,,,,,,
Eric Reyzelman,RP,FA,,,,,,,,,,,,,,,,,,,,,,,,,,,,,,,,,,,,,,,,,,,,,,,,,,,
Kory Williams,SP,FA,,,,,,,,,,,,,,,,,,,,,,,,,,,,,,,,,,,,,,,,,,,,,,,,,,,
Ben Brutti,RP,FA,,,,,,,,,,,,,,,,,,,,,,,,,,,,,,,,,,,,,,,,,,,,,,,,,,,
Magnus Ellerts,RP,FA,,,,,,,,,,,,,,,,,,,,,,,,,,,,,,,,,,,,,,,,,,,,,,,,,,,
Trey McGough,RP,FA,,,,,,,,,,,,,,,,,,,,,,,,,,,,,,,,,,,,,,,,,,,,,,,,,,,
Kelvin Bautista,RP,FA,,,,,,,,,,,,,,,,,,,,,,,,,,,,,,,,,,,,,,,,,,,,,,,,,,,
Jeff Lindgren,RP,FA,,,,,,,,,,,,,,,,,,,,,,,,,,,,,,,,,,,,,,,,,,,,,,,,,,,
Francisco Perez,RP,FA,,,,,,,,,,,,,,,,,,,,,,,,,,,,,,,,,,,,,,,,,,,,,,,,,,,
Jackson Bergman,SP,FA,,,,,,,,,,,,,,,,,,,,,,,,,,,,,,,,,,,,,,,,,,,,,,,,,,,
Kyle Casteel,SP,FA,,,,,,,,,,,,,,,,,,,,,,,,,,,,,,,,,,,,,,,,,,,,,,,,,,,
Isaac Yeager,RP,FA,,,,,,,,,,,,,,,,,,,,,,,,,,,,,,,,,,,,,,,,,,,,,,,,,,,
Michell Miliano,RP,FA,,,,,,,,,,,,,,,,,,,,,,,,,,,,,,,,,,,,,,,,,,,,,,,,,,,
Andrew Berg,SP,FA,,,,,,,,,,,,,,,,,,,,,,,,,,,,,,,,,,,,,,,,,,,,,,,,,,,
Darin Horn,RP,FA,,,,,,,,,,,,,,,,,,,,,,,,,,,,,,,,,,,,,,,,,,,,,,,,,,,
Cooper McGrath,RP,FA,,,,,,,,,,,,,,,,,,,,,,,,,,,,,,,,,,,,,,,,,,,,,,,,,,,
Dane Acker,RP,FA,,,,,,,,,,,,,,,,,,,,,,,,,,,,,,,,,,,,,,,,,,,,,,,,,,,
Ben Bybee,RP,FA,,,,,,,,,,,,,,,,,,,,,,,,,,,,,,,,,,,,,,,,,,,,,,,,,,,
Calvin Ziegler,SP,FA,,,,,,,,,,,,,,,,,,,,,,,,,,,,,,,,,,,,,,,,,,,,,,,,,,,
Maddox Long,RP,FA,,,,,,,,,,,,,,,,,,,,,,,,,,,,,,,,,,,,,,,,,,,,,,,,,,,
Toran OHarran,RP,FA,,,,,,,,,,,,,,,,,,,,,,,,,,,,,,,,,,,,,,,,,,,,,,,,,,,
Jack Anker,RP,FA,,,,,,,,,,,,,,,,,,,,,,,,,,,,,,,,,,,,,,,,,,,,,,,,,,,
Tristan Helmick,SP,FA,,,,,,,,,,,,,,,,,,,,,,,,,,,,,,,,,,,,,,,,,,,,,,,,,,,
Isaac Williams,RP,FA,,,,,,,,,,,,,,,,,,,,,,,,,,,,,,,,,,,,,,,,,,,,,,,,,,,
Michael Cuevas,RP,FA,,,,,,,,,,,,,,,,,,,,,,,,,,,,,,,,,,,,,,,,,,,,,,,,,,,
Calvin Proskey,SP,FA,,,,,,,,,,,,,,,,,,,,,,,,,,,,,,,,,,,,,,,,,,,,,,,,,,,
Cooper Carlgren,RP,FA,,,,,,,,,,,,,,,,,,,,,,,,,,,,,,,,,,,,,,,,,,,,,,,,,,,
Yobanny Sanchez,SP,FA,,,,,,,,,,,,,,,,,,,,,,,,,,,,,,,,,,,,,,,,,,,,,,,,,,,
Ray Ladd,SP,FA,,,,,,,,,,,,,,,,,,,,,,,,,,,,,,,,,,,,,,,,,,,,,,,,,,,
Isaiah Magdaleno,SP,FA,,,,,,,,,,,,,,,,,,,,,,,,,,,,,,,,,,,,,,,,,,,,,,,,,,,
Ryder Ryan,SP,FA,,,,,,,,,,,,,,,,,,,,,,,,,,,,,,,,,,,,,,,,,,,,,,,,,,,
Payton Soske,RP,FA,,,,,,,,,,,,,,,,,,,,,,,,,,,,,,,,,,,,,,,,,,,,,,,,,,,
Dusty Revis,SP,FA,,,,,,,,,,,,,,,,,,,,,,,,,,,,,,,,,,,,,,,,,,,,,,,,,,,
Zach Johnston,RP,FA,,,,,,,,,,,,,,,,,,,,,,,,,,,,,,,,,,,,,,,,,,,,,,,,,,,
Adrian Hernandez,RP,FA,,,,,,,,,,,,,,,,,,,,,,,,,,,,,,,,,,,,,,,,,,,,,,,,,,,
Anders Tolhurst,RP,FA,,,,,,,,,,,,,,,,,,,,,,,,,,,,,,,,,,,,,,,,,,,,,,,,,,,
Braydon Risley,RP,FA,,,,,,,,,,,,,,,,,,,,,,,,,,,,,,,,,,,,,,,,,,,,,,,,,,,
Conner Griffin,SP,FA,,,,,,,,,,,,,,,,,,,,,,,,,,,,,,,,,,,,,,,,,,,,,,,,,,,
Josh Newell,SP,FA,,,,,,,,,,,,,,,,,,,,,,,,,,,,,,,,,,,,,,,,,,,,,,,,,,,
Devon King,RP,FA,,,,,,,,,,,,,,,,,,,,,,,,,,,,,,,,,,,,,,,,,,,,,,,,,,,
Mason Peters,RP,FA,,,,,,,,,,,,,,,,,,,,,,,,,,,,,,,,,,,,,,,,,,,,,,,,,,,
Keegan OHearn,RP,FA,,,,,,,,,,,,,,,,,,,,,,,,,,,,,,,,,,,,,,,,,,,,,,,,,,,
Reese Bassinger,RP,FA,,,,,,,,,,,,,,,,,,,,,,,,,,,,,,,,,,,,,,,,,,,,,,,,,,,
Drew Gray,SP,FA,,,,,,,,,,,,,,,,,,,,,,,,,,,,,,,,,,,,,,,,,,,,,,,,,,,
Trey Seeley,SP,FA,,,,,,,,,,,,,,,,,,,,,,,,,,,,,,,,,,,,,,,,,,,,,,,,,,,
Brandon Jaenke,RP,FA,,,,,,,,,,,,,,,,,,,,,,,,,,,,,,,,,,,,,,,,,,,,,,,,,,,
Colton Shaw,SP,FA,,,,,,,,,,,,,,,,,,,,,,,,,,,,,,,,,,,,,,,,,,,,,,,,,,,
Jackson Steensma,SP,FA,,,,,,,,,,,,,,,,,,,,,,,,,,,,,,,,,,,,,,,,,,,,,,,,,,,
Nolan Higgins,RP,FA,,,,,,,,,,,,,,,,,,,,,,,,,,,,,,,,,,,,,,,,,,,,,,,,,,,
Tadeo Gamez,SP,FA,,,,,,,,,,,,,,,,,,,,,,,,,,,,,,,,,,,,,,,,,,,,,,,,,,,
Micah Ottenbreit,SP,FA,,,,,,,,,,,,,,,,,,,,,,,,,,,,,,,,,,,,,,,,,,,,,,,,,,,
Aidan Brainard,SP,FA,,,,,,,,,,,,,,,,,,,,,,,,,,,,,,,,,,,,,,,,,,,,,,,,,,,
Thomas Shurtleff,RP,FA,,,,,,,,,,,,,,,,,,,,,,,,,,,,,,,,,,,,,,,,,,,,,,,,,,,
David Leslie,SP,FA,,,,,,,,,,,,,,,,,,,,,,,,,,,,,,,,,,,,,,,,,,,,,,,,,,,
Griff McGarry,SP,FA,,,,,,,,,,,,,,,,,,,,,,,,,,,,,,,,,,,,,,,,,,,,,,,,,,,
Ryne Barker,SP,FA,,,,,,,,,,,,,,,,,,,,,,,,,,,,,,,,,,,,,,,,,,,,,,,,,,,
Blair Calvo,RP,FA,,,,,,,,,,,,,,,,,,,,,,,,,,,,,,,,,,,,,,,,,,,,,,,,,,,
Luc Rising,SP,FA,,,,,,,,,,,,,,,,,,,,,,,,,,,,,,,,,,,,,,,,,,,,,,,,,,,
Hans Crouse,SP,FA,,,,,,,,,,,,,,,,,,,,,,,,,,,,,,,,,,,,,,,,,,,,,,,,,,,
Jack Cushing,RP,FA,,,,,,,,,,,,,,,,,,,,,,,,,,,,,,,,,,,,,,,,,,,,,,,,,,,
Kellan Montgomery,SP,FA,,,,,,,,,,,,,,,,,,,,,,,,,,,,,,,,,,,,,,,,,,,,,,,,,,,
Tyson Grulkowski,SP,FA,,,,,,,,,,,,,,,,,,,,,,,,,,,,,,,,,,,,,,,,,,,,,,,,,,,
Blayne Enlow,SP,FA,,,,,,,,,,,,,,,,,,,,,,,,,,,,,,,,,,,,,,,,,,,,,,,,,,,
Wil Libbert,SP,FA,,,,,,,,,,,,,,,,,,,,,,,,,,,,,,,,,,,,,,,,,,,,,,,,,,,
A.J. Block,SP,FA,,,,,,,,,,,,,,,,,,,,,,,,,,,,,,,,,,,,,,,,,,,,,,,,,,,
Kyle Wright,SP,FA,,,,,,,,,,,,,,,,,,,,,,,,,,,,,,,,,,,,,,,,,,,,,,,,,,,
Morgan McSweeney,SP,FA,,,,,,,,,,,,,,,,,,,,,,,,,,,,,,,,,,,,,,,,,,,,,,,,,,,
Johzan Oquendo,RP,FA,,,,,,,,,,,,,,,,,,,,,,,,,,,,,,,,,,,,,,,,,,,,,,,,,,,
Cole Raymond,SP,FA,,,,,,,,,,,,,,,,,,,,,,,,,,,,,,,,,,,,,,,,,,,,,,,,,,,
Andrew Baker,RP,FA,,,,,,,,,,,,,,,,,,,,,,,,,,,,,,,,,,,,,,,,,,,,,,,,,,,
Sam Tookoian,RP,FA,,,,,,,,,,,,,,,,,,,,,,,,,,,,,,,,,,,,,,,,,,,,,,,,,,,
Alex Faedo,RP,FA,,,,,,,,,,,,,,,,,,,,,,,,,,,,,,,,,,,,,,,,,,,,,,,,,,,
Kellan Oakes,RP,FA,,,,,,,,,,,,,,,,,,,,,,,,,,,,,,,,,,,,,,,,,,,,,,,,,,,
Braden Osbolt,SP,FA,,,,,,,,,,,,,,,,,,,,,,,,,,,,,,,,,,,,,,,,,,,,,,,,,,,
Elvis Peguero,RP,FA,,,,,,,,,,,,,,,,,,,,,,,,,,,,,,,,,,,,,,,,,,,,,,,,,,,
Justin Henschel,SP,FA,,,,,,,,,,,,,,,,,,,,,,,,,,,,,,,,,,,,,,,,,,,,,,,,,,,
Maison Martinez,RP,FA,,,,,,,,,,,,,,,,,,,,,,,,,,,,,,,,,,,,,,,,,,,,,,,,,,,
Jack Martinez,RP,FA,,,,,,,,,,,,,,,,,,,,,,,,,,,,,,,,,,,,,,,,,,,,,,,,,,,
Tyler Burch,RP,FA,,,,,,,,,,,,,,,,,,,,,,,,,,,,,,,,,,,,,,,,,,,,,,,,,,,
Hunter Allen,SP,FA,,,,,,,,,,,,,,,,,,,,,,,,,,,,,,,,,,,,,,,,,,,,,,,,,,,
Grant Rogers,SP,FA,,,,,,,,,,,,,,,,,,,,,,,,,,,,,,,,,,,,,,,,,,,,,,,,,,,
Bishop Letson,SP,FA,,,,,,,,,,,,,,,,,,,,,,,,,,,,,,,,,,,,,,,,,,,,,,,,,,,
Garrett Edwards,SP,FA,,,,,,,,,,,,,,,,,,,,,,,,,,,,,,,,,,,,,,,,,,,,,,,,,,,
Jesus Liranzo,RP,FA,,,,,,,,,,,,,,,,,,,,,,,,,,,,,,,,,,,,,,,,,,,,,,,,,,,
Ryan Shreve,RP,FA,,,,,,,,,,,,,,,,,,,,,,,,,,,,,,,,,,,,,,,,,,,,,,,,,,,
Nestor German,SP,FA,,,,,,,,,,,,,,,,,,,,,,,,,,,,,,,,,,,,,,,,,,,,,,,,,,,
Casey Anderson,RP,FA,,,,,,,,,,,,,,,,,,,,,,,,,,,,,,,,,,,,,,,,,,,,,,,,,,,
Stu Flesland III,RP,FA,,,,,,,,,,,,,,,,,,,,,,,,,,,,,,,,,,,,,,,,,,,,,,,,,,,
Magdiel Cotto,RP,FA,,,,,,,,,,,,,,,,,,,,,,,,,,,,,,,,,,,,,,,,,,,,,,,,,,,
Drew Conover,SP,FA,,,,,,,,,,,,,,,,,,,,,,,,,,,,,,,,,,,,,,,,,,,,,,,,,,,
Edgar Barclay,SP,FA,,,,,,,,,,,,,,,,,,,,,,,,,,,,,,,,,,,,,,,,,,,,,,,,,,,
Ryan Harbin,RP,FA,,,,,,,,,,,,,,,,,,,,,,,,,,,,,,,,,,,,,,,,,,,,,,,,,,,
Brian Hendry,SP,FA,,,,,,,,,,,,,,,,,,,,,,,,,,,,,,,,,,,,,,,,,,,,,,,,,,,
Antoine Jean,RP,FA,,,,,,,,,,,,,,,,,,,,,,,,,,,,,,,,,,,,,,,,,,,,,,,,,,,
Amos Willingham,RP,FA,,,,,,,,,,,,,,,,,,,,,,,,,,,,,,,,,,,,,,,,,,,,,,,,,,,
Adam Boucher,RP,FA,,,,,,,,,,,,,,,,,,,,,,,,,,,,,,,,,,,,,,,,,,,,,,,,,,,
Josh Mollerus,SP,FA,,,,,,,,,,,,,,,,,,,,,,,,,,,,,,,,,,,,,,,,,,,,,,,,,,,
Adam Leverett,SP,FA,,,,,,,,,,,,,,,,,,,,,,,,,,,,,,,,,,,,,,,,,,,,,,,,,,,
Roman Angelo,SP,FA,,,,,,,,,,,,,,,,,,,,,,,,,,,,,,,,,,,,,,,,,,,,,,,,,,,
Morris Austin,RP,FA,,,,,,,,,,,,,,,,,,,,,,,,,,,,,,,,,,,,,,,,,,,,,,,,,,,
Anthony Tomczak,RP,FA,,,,,,,,,,,,,,,,,,,,,,,,,,,,,,,,,,,,,,,,,,,,,,,,,,,
Andrew Magno,RP,FA,,,,,,,,,,,,,,,,,,,,,,,,,,,,,,,,,,,,,,,,,,,,,,,,,,,
Ryan Ammons,RP,FA,,,,,,,,,,,,,,,,,,,,,,,,,,,,,,,,,,,,,,,,,,,,,,,,,,,
Zach Franklin,RP,FA,,,,,,,,,,,,,,,,,,,,,,,,,,,,,,,,,,,,,,,,,,,,,,,,,,,
Austin Pope,RP,FA,,,,,,,,,,,,,,,,,,,,,,,,,,,,,,,,,,,,,,,,,,,,,,,,,,,
Zane Russell,RP,FA,,,,,,,,,,,,,,,,,,,,,,,,,,,,,,,,,,,,,,,,,,,,,,,,,,,
Luis Martinez-Gomez,RP,FA,,,,,,,,,,,,,,,,,,,,,,,,,,,,,,,,,,,,,,,,,,,,,,,,,,,
Caleb Freeman,RP,FA,,,,,,,,,,,,,,,,,,,,,,,,,,,,,,,,,,,,,,,,,,,,,,,,,,,
Jace Kaminska,SP,FA,,,,,,,,,,,,,,,,,,,,,,,,,,,,,,,,,,,,,,,,,,,,,,,,,,,
Chris Barraza,SP,FA,,,,,,,,,,,,,,,,,,,,,,,,,,,,,,,,,,,,,,,,,,,,,,,,,,,
Russell Smith,RP,FA,,,,,,,,,,,,,,,,,,,,,,,,,,,,,,,,,,,,,,,,,,,,,,,,,,,
Case Matter,RP,FA,,,,,,,,,,,,,,,,,,,,,,,,,,,,,,,,,,,,,,,,,,,,,,,,,,,
Landon Tomkins,RP,FA,,,,,,,,,,,,,,,,,,,,,,,,,,,,,,,,,,,,,,,,,,,,,,,,,,,
Graham Osman,RP,FA,,,,,,,,,,,,,,,,,,,,,,,,,,,,,,,,,,,,,,,,,,,,,,,,,,,
Jared Johnson,RP,FA,,,,,,,,,,,,,,,,,,,,,,,,,,,,,,,,,,,,,,,,,,,,,,,,,,,
Tom Reisinger,RP,FA,,,,,,,,,,,,,,,,,,,,,,,,,,,,,,,,,,,,,,,,,,,,,,,,,,,
Lucas Knowles,RP,FA,,,,,,,,,,,,,,,,,,,,,,,,,,,,,,,,,,,,,,,,,,,,,,,,,,,
Ryan Brown,RP,FA,,,,,,,,,,,,,,,,,,,,,,,,,,,,,,,,,,,,,,,,,,,,,,,,,,,
Christian Foutch,RP,FA,,,,,,,,,,,,,,,,,,,,,,,,,,,,,,,,,,,,,,,,,,,,,,,,,,,
Caden Hunter,SP,T,,,,,,,,,,,,,,,,,,,,,,,,,,,,,,,,,,,,,,,,,,,,,,,,,,,
Tayler Montiel,RP,FA,,,,,,,,,,,,,,,,,,,,,,,,,,,,,,,,,,,,,,,,,,,,,,,,,,,
Matt Stil,RP,FA,,,,,,,,,,,,,,,,,,,,,,,,,,,,,,,,,,,,,,,,,,,,,,,,,,,
Raul Garayzar,RP,FA,,,,,,,,,,,,,,,,,,,,,,,,,,,,,,,,,,,,,,,,,,,,,,,,,,,
Collin Rothermel,SP,FA,,,,,,,,,,,,,,,,,,,,,,,,,,,,,,,,,,,,,,,,,,,,,,,,,,,
Carter Rasmussen,RP,FA,,,,,,,,,,,,,,,,,,,,,,,,,,,,,,,,,,,,,,,,,,,,,,,,,,,
Ethan Walker,SP,FA,,,,,,,,,,,,,,,,,,,,,,,,,,,,,,,,,,,,,,,,,,,,,,,,,,,
Joel Sarver,RP,FA,,,,,,,,,,,,,,,,,,,,,,,,,,,,,,,,,,,,,,,,,,,,,,,,,,,
Parker Coil,RP,FA,,,,,,,,,,,,,,,,,,,,,,,,,,,,,,,,,,,,,,,,,,,,,,,,,,,
Robby Porco,RP,FA,,,,,,,,,,,,,,,,,,,,,,,,,,,,,,,,,,,,,,,,,,,,,,,,,,,
Pedro Gonzalez,RP,FA,,,,,,,,,,,,,,,,,,,,,,,,,,,,,,,,,,,,,,,,,,,,,,,,,,,
Alvin Guzman,RP,FA,,,,,,,,,,,,,,,,,,,,,,,,,,,,,,,,,,,,,,,,,,,,,,,,,,,
Hunter Parsons,RP,FA,,,,,,,,,,,,,,,,,,,,,,,,,,,,,,,,,,,,,,,,,,,,,,,,,,,
Adam Laskey,SP,FA,,,,,,,,,,,,,,,,,,,,,,,,,,,,,,,,,,,,,,,,,,,,,,,,,,,
Marc Church,SP,FA,,,,,,,,,,,,,,,,,,,,,,,,,,,,,,,,,,,,,,,,,,,,,,,,,,,
Jason Ruffcorn,RP,FA,,,,,,,,,,,,,,,,,,,,,,,,,,,,,,,,,,,,,,,,,,,,,,,,,,,
Cole Waites,RP,FA,,,,,,,,,,,,,,,,,,,,,,,,,,,,,,,,,,,,,,,,,,,,,,,,,,,
Joe Ariola,RP,FA,,,,,,,,,,,,,,,,,,,,,,,,,,,,,,,,,,,,,,,,,,,,,,,,,,,
Luke Dotson,RP,FA,,,,,,,,,,,,,,,,,,,,,,,,,,,,,,,,,,,,,,,,,,,,,,,,,,,
Leighton Finley,SP,FA,,,,,,,,,,,,,,,,,,,,,,,,,,,,,,,,,,,,,,,,,,,,,,,,,,,
Alex Galvan,RP,FA,,,,,,,,,,,,,,,,,,,,,,,,,,,,,,,,,,,,,,,,,,,,,,,,,,,
Patrick Galle,RP,FA,,,,,,,,,,,,,,,,,,,,,,,,,,,,,,,,,,,,,,,,,,,,,,,,,,,
Trevor Brigden,RP,FA,,,,,,,,,,,,,,,,,,,,,,,,,,,,,,,,,,,,,,,,,,,,,,,,,,,
Justin Campbell,SP,FA,,,,,,,,,,,,,,,,,,,,,,,,,,,,,,,,,,,,,,,,,,,,,,,,,,,
Peter Heubeck,SP,FA,,,,,,,,,,,,,,,,,,,,,,,,,,,,,,,,,,,,,,,,,,,,,,,,,,,
Luis Serna,SP,FA,,,,,,,,,,,,,,,,,,,,,,,,,,,,,,,,,,,,,,,,,,,,,,,,,,,
Jose Fernandez,RP,FA,,,,,,,,,,,,,,,,,,,,,,,,,,,,,,,,,,,,,,,,,,,,,,,,,,,
Tyree Thompson,RP,FA,,,,,,,,,,,,,,,,,,,,,,,,,,,,,,,,,,,,,,,,,,,,,,,,,,,
Atsuki Taneichi,SP,FA,,,,,,,,,,,,,,,,,,,,,,,,,,,,,,,,,,,,,,,,,,,,,,,,,,,
Nate Webb,SP,FA,,,,,,,,,,,,,,,,,,,,,,,,,,,,,,,,,,,,,,,,,,,,,,,,,,,
Will Rudy,SP,FA,,,,,,,,,,,,,,,,,,,,,,,,,,,,,,,,,,,,,,,,,,,,,,,,,,,
Nicolas Cruz,RP,FA,,,,,,,,,,,,,,,,,,,,,,,,,,,,,,,,,,,,,,,,,,,,,,,,,,,
Nicholas Regalado,RP,FA,,,,,,,,,,,,,,,,,,,,,,,,,,,,,,,,,,,,,,,,,,,,,,,,,,,
Xavier Ruiz,RP,FA,,,,,,,,,,,,,,,,,,,,,,,,,,,,,,,,,,,,,,,,,,,,,,,,,,,
Luis Cesar,RP,FA,,,,,,,,,,,,,,,,,,,,,,,,,,,,,,,,,,,,,,,,,,,,,,,,,,,
Liam Doolan,SP,FA,,,,,,,,,,,,,,,,,,,,,,,,,,,,,,,,,,,,,,,,,,,,,,,,,,,
Jordan Woods,RP,FA,,,,,,,,,,,,,,,,,,,,,,,,,,,,,,,,,,,,,,,,,,,,,,,,,,,
Francis Pena,RP,FA,,,,,,,,,,,,,,,,,,,,,,,,,,,,,,,,,,,,,,,,,,,,,,,,,,,
Michael Darrell-Hicks,SP,FA,,,,,,,,,,,,,,,,,,,,,,,,,,,,,,,,,,,,,,,,,,,,,,,,,,,
Quinton Martinez,SP,FA,,,,,,,,,,,,,,,,,,,,,,,,,,,,,,,,,,,,,,,,,,,,,,,,,,,
Hayden Harris,RP,FA,,,,,,,,,,,,,,,,,,,,,,,,,,,,,,,,,,,,,,,,,,,,,,,,,,,
Justin Militello,RP,FA,,,,,,,,,,,,,,,,,,,,,,,,,,,,,,,,,,,,,,,,,,,,,,,,,,,
Hayden Nierman,RP,FA,,,,,,,,,,,,,,,,,,,,,,,,,,,,,,,,,,,,,,,,,,,,,,,,,,,
Mason Molina,SP,FA,,,,,,,,,,,,,,,,,,,,,,,,,,,,,,,,,,,,,,,,,,,,,,,,,,,
Cristhian Tortosa,RP,FA,,,,,,,,,,,,,,,,,,,,,,,,,,,,,,,,,,,,,,,,,,,,,,,,,,,
Tyrelle Chadwick,SP,FA,,,,,,,,,,,,,,,,,,,,,,,,,,,,,,,,,,,,,,,,,,,,,,,,,,,
Luke Broderick,RP,FA,,,,,,,,,,,,,,,,,,,,,,,,,,,,,,,,,,,,,,,,,,,,,,,,,,,
Bryce Archie,RP,FA,,,,,,,,,,,,,,,,,,,,,,,,,,,,,,,,,,,,,,,,,,,,,,,,,,,
Brody McCullough,SP,FA,,,,,,,,,,,,,,,,,,,,,,,,,,,,,,,,,,,,,,,,,,,,,,,,,,,
Brady Afthim,RP,FA,,,,,,,,,,,,,,,,,,,,,,,,,,,,,,,,,,,,,,,,,,,,,,,,,,,
Colton Book,SP,FA,,,,,,,,,,,,,,,,,,,,,,,,,,,,,,,,,,,,,,,,,,,,,,,,,,,
Enmanuel Pinales,SP,FA,,,,,,,,,,,,,,,,,,,,,,,,,,,,,,,,,,,,,,,,,,,,,,,,,,,
Nick Hull,RP,FA,,,,,,,,,,,,,,,,,,,,,,,,,,,,,,,,,,,,,,,,,,,,,,,,,,,
Kyle Crigger,SP,FA,,,,,,,,,,,,,,,,,,,,,,,,,,,,,,,,,,,,,,,,,,,,,,,,,,,
Emmanuel Reyes,SP,FA,,,,,,,,,,,,,,,,,,,,,,,,,,,,,,,,,,,,,,,,,,,,,,,,,,,
Shane Gray,SP,FA,,,,,,,,,,,,,,,,,,,,,,,,,,,,,,,,,,,,,,,,,,,,,,,,,,,
Hayden Birdsong,SP,FA,,,,,,,,,,,,,,,,,,,,,,,,,,,,,,,,,,,,,,,,,,,,,,,-0.14,-0.76,28.4,12.4,7.8
Grant Gavin,SP,FA,,,,,,,,,,,,,,,,,,,,,,,,,,,,,,,,,,,,,,,,,,,,,,,,,,,
Peter Kussow,SP,FA,,,,,,,,,,,,,,,,,,,,,,,,,,,,,,,,,,,,,,,,,,,,,,,,,,,
Michael Salina,SP,FA,,,,,,,,,,,,,,,,,,,,,,,,,,,,,,,,,,,,,,,,,,,,,,,,,,,
Kyle Barraclough,RP,FA,,,,,,,,,,,,,,,,,,,,,,,,,,,,,,,,,,,,,,,,,,,,,,,,,,,
Abraham Parra,SP,FA,,,,,,,,,,,,,,,,,,,,,,,,,,,,,,,,,,,,,,,,,,,,,,,,,,,
John Michael Bertrand,SP,FA,,,,,,,,,,,,,,,,,,,,,,,,,,,,,,,,,,,,,,,,,,,,,,,,,,,
Andrew Wertz,RP,FA,,,,,,,,,,,,,,,,,,,,,,,,,,,,,,,,,,,,,,,,,,,,,,,,,,,
Brett Renfrow,SP,FA,,,,,,,,,,,,,,,,,,,,,,,,,,,,,,,,,,,,,,,,,,,,,,,,,,,
Nile Adcock,RP,FA,,,,,,,,,,,,,,,,,,,,,,,,,,,,,,,,,,,,,,,,,,,,,,,,,,,
Cal Randall,SP,FA,,,,,,,,,,,,,,,,,,,,,,,,,,,,,,,,,,,,,,,,,,,,,,,,,,,
Aiden VanDeHatert,RP,FA,,,,,,,,,,,,,,,,,,,,,,,,,,,,,,,,,,,,,,,,,,,,,,,,,,,
Aaron Davenport,SP,FA,,,,,,,,,,,,,,,,,,,,,,,,,,,,,,,,,,,,,,,,,,,,,,,,,,,
Griffin Stieg,SP,FA,,,,,,,,,,,,,,,,,,,,,,,,,,,,,,,,,,,,,,,,,,,,,,,,,,,
Zach Bates,RP,FA,,,,,,,,,,,,,,,,,,,,,,,,,,,,,,,,,,,,,,,,,,,,,,,,,,,
Michael Morales,SP,FA,,,,,,,,,,,,,,,,,,,,,,,,,,,,,,,,,,,,,,,,,,,,,,,,,,,
Irv Carter,RP,FA,,,,,,,,,,,,,,,,,,,,,,,,,,,,,,,,,,,,,,,,,,,,,,,,,,,
Eddie Rosado,SP,FA,,,,,,,,,,,,,,,,,,,,,,,,,,,,,,,,,,,,,,,,,,,,,,,,,,,
Randy Rodriguez,RP,FA,,,,,,,,,,,,,,,,,,,,,,,,,,,,,,,,,,,,,,,,,,,,,,,1.56,1.08,31.1,5.6,7.4
Mikell Manzano,RP,FA,,,,,,,,,,,,,,,,,,,,,,,,,,,,,,,,,,,,,,,,,,,,,,,,,,,
Enmanuel Mejia,RP,FA,,,,,,,,,,,,,,,,,,,,,,,,,,,,,,,,,,,,,,,,,,,,,,,,,,,
Tristan Stevens,RP,FA,,,,,,,,,,,,,,,,,,,,,,,,,,,,,,,,,,,,,,,,,,,,,,,,,,,
Lucas Wepf,RP,FA,,,,,,,,,,,,,,,,,,,,,,,,,,,,,,,,,,,,,,,,,,,,,,,,,,,
Victor Juarez,RP,FA,,,,,,,,,,,,,,,,,,,,,,,,,,,,,,,,,,,,,,,,,,,,,,,,,,,
Christian Ruebeck,RP,FA,,,,,,,,,,,,,,,,,,,,,,,,,,,,,,,,,,,,,,,,,,,,,,,,,,,
Antonio Jimenez,RP,FA,,,,,,,,,,,,,,,,,,,,,,,,,,,,,,,,,,,,,,,,,,,,,,,,,,,
Collin Lowe,RP,FA,,,,,,,,,,,,,,,,,,,,,,,,,,,,,,,,,,,,,,,,,,,,,,,,,,,
Connor Godwin,RP,FA,,,,,,,,,,,,,,,,,,,,,,,,,,,,,,,,,,,,,,,,,,,,,,,,,,,
Livan Reinoso,RP,FA,,,,,,,,,,,,,,,,,,,,,,,,,,,,,,,,,,,,,,,,,,,,,,,,,,,
Max Alba,SP,FA,,,,,,,,,,,,,,,,,,,,,,,,,,,,,,,,,,,,,,,,,,,,,,,,,,,
Colin Fields,RP,FA,,,,,,,,,,,,,,,,,,,,,,,,,,,,,,,,,,,,,,,,,,,,,,,,,,,
Connor Holden,SP,FA,,,,,,,,,,,,,,,,,,,,,,,,,,,,,,,,,,,,,,,,,,,,,,,,,,,
Jeferson Figueroa,RP,FA,,,,,,,,,,,,,,,,,,,,,,,,,,,,,,,,,,,,,,,,,,,,,,,,,,,
Brett Lanman,SP,FA,,,,,,,,,,,,,,,,,,,,,,,,,,,,,,,,,,,,,,,,,,,,,,,,,,,
Luis Gonzalez,RP,FA,,,,,,,,,,,,,,,,,,,,,,,,,,,,,,,,,,,,,,,,,,,,,,,,,,,
Luke Alwood,RP,FA,,,,,,,,,,,,,,,,,,,,,,,,,,,,,,,,,,,,,,,,,,,,,,,,,,,
Andy Basora,RP,FA,,,,,,,,,,,,,,,,,,,,,,,,,,,,,,,,,,,,,,,,,,,,,,,,,,,
Carson Revay,RP,FA,,,,,,,,,,,,,,,,,,,,,,,,,,,,,,,,,,,,,,,,,,,,,,,,,,,
Bo Bonds,RP,FA,,,,,,,,,,,,,,,,,,,,,,,,,,,,,,,,,,,,,,,,,,,,,,,,,,,
Cole Tryba,RP,FA,,,,,,,,,,,,,,,,,,,,,,,,,,,,,,,,,,,,,,,,,,,,,,,,,,,
Dylan Marionneaux,SP,FA,,,,,,,,,,,,,,,,,,,,,,,,,,,,,,,,,,,,,,,,,,,,,,,,,,,
Bryson Moore,SP,FA,,,,,,,,,,,,,,,,,,,,,,,,,,,,,,,,,,,,,,,,,,,,,,,,,,,
AJ Colarusso,SP,FA,,,,,,,,,,,,,,,,,,,,,,,,,,,,,,,,,,,,,,,,,,,,,,,,,,,
Domingo Geronimo,RP,FA,,,,,,,,,,,,,,,,,,,,,,,,,,,,,,,,,,,,,,,,,,,,,,,,,,,
Luis Calderon,SP,FA,,,,,,,,,,,,,,,,,,,,,,,,,,,,,,,,,,,,,,,,,,,,,,,,,,,
Chang Tzu-Chun Lin,SP,FA,,,,,,,,,,,,,,,,,,,,,,,,,,,,,,,,,,,,,,,,,,,,,,,,,,,
Tyler Cleveland,RP,FA,,,,,,,,,,,,,,,,,,,,,,,,,,,,,,,,,,,,,,,,,,,,,,,,,,,
Kaleb LaFavor,SP,FA,,,,,,,,,,,,,,,,,,,,,,,,,,,,,,,,,,,,,,,,,,,,,,,,,,,
Adrian Ardines,RP,FA,,,,,,,,,,,,,,,,,,,,,,,,,,,,,,,,,,,,,,,,,,,,,,,,,,,
Manuel Perez,SP,FA,,,,,,,,,,,,,,,,,,,,,,,,,,,,,,,,,,,,,,,,,,,,,,,,,,,
Alfonso Perez,RP,FA,,,,,,,,,,,,,,,,,,,,,,,,,,,,,,,,,,,,,,,,,,,,,,,,,,,
Derek Corro,RP,FA,,,,,,,,,,,,,,,,,,,,,,,,,,,,,,,,,,,,,,,,,,,,,,,,,,,
Jackson Cleveland,RP,FA,,,,,,,,,,,,,,,,,,,,,,,,,,,,,,,,,,,,,,,,,,,,,,,,,,,
Jaycob Deese,RP,FA,,,,,,,,,,,,,,,,,,,,,,,,,,,,,,,,,,,,,,,,,,,,,,,,,,,
Lucas Davenport,SP,FA,,,,,,,,,,,,,,,,,,,,,,,,,,,,,,,,,,,,,,,,,,,,,,,,,,,
Michael Gibson,RP,FA,,,,,,,,,,,,,,,,,,,,,,,,,,,,,,,,,,,,,,,,,,,,,,,,,,,
Raudy Gomez,SP,FA,,,,,,,,,,,,,,,,,,,,,,,,,,,,,,,,,,,,,,,,,,,,,,,,,,,
Jack Turner,SP,FA,,,,,,,,,,,,,,,,,,,,,,,,,,,,,,,,,,,,,,,,,,,,,,,,,,,
Zack Showalter,RP,FA,,,,,,,,,,,,,,,,,,,,,,,,,,,,,,,,,,,,,,,,,,,,,,,,,,,
Mason Lei,SP,FA,,,,,,,,,,,,,,,,,,,,,,,,,,,,,,,,,,,,,,,,,,,,,,,,,,,
Omari Daniel,RP,FA,,,,,,,,,,,,,,,,,,,,,,,,,,,,,,,,,,,,,,,,,,,,,,,,,,,
Josh Volmerding,SP,FA,,,,,,,,,,,,,,,,,,,,,,,,,,,,,,,,,,,,,,,,,,,,,,,,,,,
Eli Saul,RP,FA,,,,,,,,,,,,,,,,,,,,,,,,,,,,,,,,,,,,,,,,,,,,,,,,,,,
Alex Overbay,RP,FA,,,,,,,,,,,,,,,,,,,,,,,,,,,,,,,,,,,,,,,,,,,,,,,,,,,
Owen Kramkowski,SP,FA,,,,,,,,,,,,,,,,,,,,,,,,,,,,,,,,,,,,,,,,,,,,,,,,,,,
Chance Huff,RP,FA,,,,,,,,,,,,,,,,,,,,,,,,,,,,,,,,,,,,,,,,,,,,,,,,,,,
Tazwell Butler,RP,FA,,,,,,,,,,,,,,,,,,,,,,,,,,,,,,,,,,,,,,,,,,,,,,,,,,,
Wyatt Halvorson,RP,FA,,,,,,,,,,,,,,,,,,,,,,,,,,,,,,,,,,,,,,,,,,,,,,,,,,,
Tyler Fay,SP,FA,,,,,,,,,,,,,,,,,,,,,,,,,,,,,,,,,,,,,,,,,,,,,,,,,,,
Ryan Nelson,RP,FA,,,,,,,,,,,,,,,,,,,,,,,,,,,,,,,,,,,,,,,,,,,,,,,,,,,
Jason Krieger,SP,FA,,,,,,,,,,,,,,,,,,,,,,,,,,,,,,,,,,,,,,,,,,,,,,,,,,,
Gary Gill Hill,SP,FA,,,,,,,,,,,,,,,,,,,,,,,,,,,,,,,,,,,,,,,,,,,,,,,,,,,
Jase Evangelista,RP,FA,,,,,,,,,,,,,,,,,,,,,,,,,,,,,,,,,,,,,,,,,,,,,,,,,,,
Grant Hartwig,SP,FA,,,,,,,,,,,,,,,,,,,,,,,,,,,,,,,,,,,,,,,,,,,,,,,,,,,
Steven Gonzalez,SP,FA,,,,,,,,,,,,,,,,,,,,,,,,,,,,,,,,,,,,,,,,,,,,,,,,,,,
Caden Aoki,SP,FA,,,,,,,,,,,,,,,,,,,,,,,,,,,,,,,,,,,,,,,,,,,,,,,,,,,
Gavin Van Kempen,SP,FA,,,,,,,,,,,,,,,,,,,,,,,,,,,,,,,,,,,,,,,,,,,,,,,,,,,
Bryce Osmond,SP,FA,,,,,,,,,,,,,,,,,,,,,,,,,,,,,,,,,,,,,,,,,,,,,,,,,,,
Tyler Guilfoil,RP,FA,,,,,,,,,,,,,,,,,,,,,,,,,,,,,,,,,,,,,,,,,,,,,,,,,,,
Devin Bell,RP,FA,,,,,,,,,,,,,,,,,,,,,,,,,,,,,,,,,,,,,,,,,,,,,,,,,,,
Daniel Burgos,RP,FA,,,,,,,,,,,,,,,,,,,,,,,,,,,,,,,,,,,,,,,,,,,,,,,,,,,
Alex Kranzler,RP,FA,,,,,,,,,,,,,,,,,,,,,,,,,,,,,,,,,,,,,,,,,,,,,,,,,,,
Bryan Carney,SP,FA,,,,,,,,,,,,,,,,,,,,,,,,,,,,,,,,,,,,,,,,,,,,,,,,,,,
Jefferson Timaure,RP,FA,,,,,,,,,,,,,,,,,,,,,,,,,,,,,,,,,,,,,,,,,,,,,,,,,,,
Jackson Smeltz,RP,FA,,,,,,,,,,,,,,,,,,,,,,,,,,,,,,,,,,,,,,,,,,,,,,,,,,,
Juan Lopez,RP,FA,,,,,,,,,,,,,,,,,,,,,,,,,,,,,,,,,,,,,,,,,,,,,,,,,,,
Joan Pena,SP,FA,,,,,,,,,,,,,,,,,,,,,,,,,,,,,,,,,,,,,,,,,,,,,,,,,,,
Maximo Rodriguez,RP,FA,,,,,,,,,,,,,,,,,,,,,,,,,,,,,,,,,,,,,,,,,,,,,,,,,,,
Jose Serva,SP,FA,,,,,,,,,,,,,,,,,,,,,,,,,,,,,,,,,,,,,,,,,,,,,,,,,,,
Steven Duran,SP,FA,,,,,,,,,,,,,,,,,,,,,,,,,,,,,,,,,,,,,,,,,,,,,,,,,,,
Aiden Moffett,RP,FA,,,,,,,,,,,,,,,,,,,,,,,,,,,,,,,,,,,,,,,,,,,,,,,,,,,
Alexander Garcia,SP,FA,,,,,,,,,,,,,,,,,,,,,,,,,,,,,,,,,,,,,,,,,,,,,,,,,,,
Brodie Purcell,RP,FA,,,,,,,,,,,,,,,,,,,,,,,,,,,,,,,,,,,,,,,,,,,,,,,,,,,
Bennett Roemer,SP,FA,,,,,,,,,,,,,,,,,,,,,,,,,,,,,,,,,,,,,,,,,,,,,,,,,,,
Victor Christal,SP,FA,,,,,,,,,,,,,,,,,,,,,,,,,,,,,,,,,,,,,,,,,,,,,,,,,,,
Trevor Moore,RP,FA,,,,,,,,,,,,,,,,,,,,,,,,,,,,,,,,,,,,,,,,,,,,,,,,,,,
Tyner Horn,SP,FA,,,,,,,,,,,,,,,,,,,,,,,,,,,,,,,,,,,,,,,,,,,,,,,,,,,
Tony Neubeck,SP,FA,,,,,,,,,,,,,,,,,,,,,,,,,,,,,,,,,,,,,,,,,,,,,,,,,,,
James Meeker,RP,FA,,,,,,,,,,,,,,,,,,,,,,,,,,,,,,,,,,,,,,,,,,,,,,,,,,,
Emilio Payro,SP,FA,,,,,,,,,,,,,,,,,,,,,,,,,,,,,,,,,,,,,,,,,,,,,,,,,,,
Kaleb Kantola,RP,FA,,,,,,,,,,,,,,,,,,,,,,,,,,,,,,,,,,,,,,,,,,,,,,,,,,,
Cesar Maiz,SP,FA,,,,,,,,,,,,,,,,,,,,,,,,,,,,,,,,,,,,,,,,,,,,,,,,,,,
Will Hynes,SP,FA,,,,,,,,,,,,,,,,,,,,,,,,,,,,,,,,,,,,,,,,,,,,,,,,,,,
Frank Cairone,SP,FA,,,,,,,,,,,,,,,,,,,,,,,,,,,,,,,,,,,,,,,,,,,,,,,,,,,
Marlon Perez,RP,FA,,,,,,,,,,,,,,,,,,,,,,,,,,,,,,,,,,,,,,,,,,,,,,,,,,,
Travis Sthele,SP,FA,,,,,,,,,,,,,,,,,,,,,,,,,,,,,,,,,,,,,,,,,,,,,,,,,,,
Josh Grosz,SP,FA,,,,,,,,,,,,,,,,,,,,,,,,,,,,,,,,,,,,,,,,,,,,,,,,,,,
Trey Nordmann,RP,FA,,,,,,,,,,,,,,,,,,,,,,,,,,,,,,,,,,,,,,,,,,,,,,,,,,,
Drew McDaniel,SP,FA,,,,,,,,,,,,,,,,,,,,,,,,,,,,,,,,,,,,,,,,,,,,,,,,,,,
Carson Hobbs,RP,FA,,,,,,,,,,,,,,,,,,,,,,,,,,,,,,,,,,,,,,,,,,,,,,,,,,,
Connor McCullough,SP,FA,,,,,,,,,,,,,,,,,,,,,,,,,,,,,,,,,,,,,,,,,,,,,,,,,,,
Jonah Scolaro,SP,FA,,,,,,,,,,,,,,,,,,,,,,,,,,,,,,,,,,,,,,,,,,,,,,,,,,,
Jake Palisch,SP,FA,,,,,,,,,,,,,,,,,,,,,,,,,,,,,,,,,,,,,,,,,,,,,,,,,,,
Ben Beutel,SP,FA,,,,,,,,,,,,,,,,,,,,,,,,,,,,,,,,,,,,,,,,,,,,,,,,,,,
Jun-Seok Shim,RP,FA,,,,,,,,,,,,,,,,,,,,,,,,,,,,,,,,,,,,,,,,,,,,,,,,,,,
Daison Acosta,RP,FA,,,,,,,,,,,,,,,,,,,,,,,,,,,,,,,,,,,,,,,,,,,,,,,,,,,
Edwin Gonzalez,SP,FA,,,,,,,,,,,,,,,,,,,,,,,,,,,,,,,,,,,,,,,,,,,,,,,,,,,
Kyle Calzadiaz,RP,FA,,,,,,,,,,,,,,,,,,,,,,,,,,,,,,,,,,,,,,,,,,,,,,,,,,,
Brady Feigl,RP,FA,,,,,,,,,,,,,,,,,,,,,,,,,,,,,,,,,,,,,,,,,,,,,,,,,,,
Doilin Perez,SP,FA,,,,,,,,,,,,,,,,,,,,,,,,,,,,,,,,,,,,,,,,,,,,,,,,,,,
Dawson Montesa,SP,FA,,,,,,,,,,,,,,,,,,,,,,,,,,,,,,,,,,,,,,,,,,,,,,,,,,,
Pitterson Rosa,RP,FA,,,,,,,,,,,,,,,,,,,,,,,,,,,,,,,,,,,,,,,,,,,,,,,,,,,
Evan Dempsey,SP,FA,,,,,,,,,,,,,,,,,,,,,,,,,,,,,,,,,,,,,,,,,,,,,,,,,,,
Ryan Peterson,SP,FA,,,,,,,,,,,,,,,,,,,,,,,,,,,,,,,,,,,,,,,,,,,,,,,,,,,
Cameron Millar,SP,FA,,,,,,,,,,,,,,,,,,,,,,,,,,,,,,,,,,,,,,,,,,,,,,,,,,,
Riley Kelly,SP,FA,,,,,,,,,,,,,,,,,,,,,,,,,,,,,,,,,,,,,,,,,,,,,,,,,,,
Jason Reitz,SP,FA,,,,,,,,,,,,,,,,,,,,,,,,,,,,,,,,,,,,,,,,,,,,,,,,,,,
Mason McConnaughey,SP,FA,,,,,,,,,,,,,,,,,,,,,,,,,,,,,,,,,,,,,,,,,,,,,,,,,,,
Joshua Flores,SP,FA,,,,,,,,,,,,,,,,,,,,,,,,,,,,,,,,,,,,,,,,,,,,,,,,,,,
Diego Hernandez,SP,FA,,,,,,,,,,,,,,,,,,,,,,,,,,,,,,,,,,,,,,,,,,,,,,,,,,,
Cade Crossland,SP,FA,,,,,,,,,,,,,,,,,,,,,,,,,,,,,,,,,,,,,,,,,,,,,,,,,,,
Luichi Casilla,SP,FA,,,,,,,,,,,,,,,,,,,,,,,,,,,,,,,,,,,,,,,,,,,,,,,,,,,
Yoan Valdez,RP,FA,,,,,,,,,,,,,,,,,,,,,,,,,,,,,,,,,,,,,,,,,,,,,,,,,,,
Caleb Leys,SP,FA,,,,,,,,,,,,,,,,,,,,,,,,,,,,,,,,,,,,,,,,,,,,,,,,,,,
Jonah Dipoto,RP,FA,,,,,,,,,,,,,,,,,,,,,,,,,,,,,,,,,,,,,,,,,,,,,,,,,,,
Ryan Bilka,RP,FA,,,,,,,,,,,,,,,,,,,,,,,,,,,,,,,,,,,,,,,,,,,,,,,,,,,
Hung-Leng Chang,SP,FA,,,,,,,,,,,,,,,,,,,,,,,,,,,,,,,,,,,,,,,,,,,,,,,,,,,
Kide Adetuyi,SP,FA,,,,,,,,,,,,,,,,,,,,,,,,,,,,,,,,,,,,,,,,,,,,,,,,,,,
Yuliangel De La Cruz,RP,FA,,,,,,,,,,,,,,,,,,,,,,,,,,,,,,,,,,,,,,,,,,,,,,,,,,,
Mario Pesca,SP,FA,,,,,,,,,,,,,,,,,,,,,,,,,,,,,,,,,,,,,,,,,,,,,,,,,,,
Jose Berrios,SP,FA,,,,,,,,,,,,,,,,,,,,,,,,,,,,,,,,,,,,,,,,,,,,,,,-0.09,0.56,22.0,8.0,7.3
Branneli Franco,RP,FA,,,,,,,,,,,,,,,,,,,,,,,,,,,,,,,,,,,,,,,,,,,,,,,,,,,
Sean Episcope,SP,FA,,,,,,,,,,,,,,,,,,,,,,,,,,,,,,,,,,,,,,,,,,,,,,,,,,,
Hayden Cuthbertson,RP,FA,,,,,,,,,,,,,,,,,,,,,,,,,,,,,,,,,,,,,,,,,,,,,,,,,,,
Brandon Cassedy,SP,FA,,,,,,,,,,,,,,,,,,,,,,,,,,,,,,,,,,,,,,,,,,,,,,,,,,,
Parker Carlson,RP,FA,,,,,,,,,,,,,,,,,,,,,,,,,,,,,,,,,,,,,,,,,,,,,,,,,,,
Frankeli Arias,RP,FA,,,,,,,,,,,,,,,,,,,,,,,,,,,,,,,,,,,,,,,,,,,,,,,,,,,
Kayden Campbell,RP,FA,,,,,,,,,,,,,,,,,,,,,,,,,,,,,,,,,,,,,,,,,,,,,,,,,,,
Cade Obermueller,SP,FA,,,,,,,,,,,,,,,,,,,,,,,,,,,,,,,,,,,,,,,,,,,,,,,,,,,
CJ Gray,SP,FA,,,,,,,,,,,,,,,,,,,,,,,,,,,,,,,,,,,,,,,,,,,,,,,,,,,
Ren Mukunoki,SP,FA,,,,,,,,,,,,,,,,,,,,,,,,,,,,,,,,,,,,,,,,,,,,,,,,,,,
Seo Hyeon Kim,RP,FA,,,,,,,,,,,,,,,,,,,,,,,,,,,,,,,,,,,,,,,,,,,,,,,,,,,
Daniel Brooks,SP,FA,,,,,,,,,,,,,,,,,,,,,,,,,,,,,,,,,,,,,,,,,,,,,,,,,,,
Xavier Cardenas,RP,FA,,,,,,,,,,,,,,,,,,,,,,,,,,,,,,,,,,,,,,,,,,,,,,,,,,,
Woo Young Jung,RP,FA,,,,,,,,,,,,,,,,,,,,,,,,,,,,,,,,,,,,,,,,,,,,,,,,,,,
Frank Camarillo,RP,FA,,,,,,,,,,,,,,,,,,,,,,,,,,,,,,,,,,,,,,,,,,,,,,,,,,,
Keegan Batka,SP,FA,,,,,,,,,,,,,,,,,,,,,,,,,,,,,,,,,,,,,,,,,,,,,,,,,,,
Eui Lee Lee,SP,FA,,,,,,,,,,,,,,,,,,,,,,,,,,,,,,,,,,,,,,,,,,,,,,,,,,,
J.T. Chargois,RP,FA,,,,,,,,,,,,,,,,,,,,,,,,,,,,,,,,,,,,,,,,,,,,,,,,,,,
Treyson Peters,RP,FA,,,,,,,,,,,,,,,,,,,,,,,,,,,,,,,,,,,,,,,,,,,,,,,,,,,
Dong Ju Moon,SP,FA,,,,,,,,,,,,,,,,,,,,,,,,,,,,,,,,,,,,,,,,,,,,,,,,,,,
Todd Kniebbe,RP,FA,,,,,,,,,,,,,,,,,,,,,,,,,,,,,,,,,,,,,,,,,,,,,,,,,,,
Joey Volini,RP,FA,,,,,,,,,,,,,,,,,,,,,,,,,,,,,,,,,,,,,,,,,,,,,,,,,,,
Trace Phillips,SP,FA,,,,,,,,,,,,,,,,,,,,,,,,,,,,,,,,,,,,,,,,,,,,,,,,,,,
Ruddy Navarro,SP,FA,,,,,,,,,,,,,,,,,,,,,,,,,,,,,,,,,,,,,,,,,,,,,,,,,,,
Tanner Perry,SP,FA,,,,,,,,,,,,,,,,,,,,,,,,,,,,,,,,,,,,,,,,,,,,,,,,,,,
Braylon Owens,SP,FA,,,,,,,,,,,,,,,,,,,,,,,,,,,,,,,,,,,,,,,,,,,,,,,,,,,
Davion Hickson,SP,FA,,,,,,,,,,,,,,,,,,,,,,,,,,,,,,,,,,,,,,,,,,,,,,,,,,,
Peyton Niksch,SP,FA,,,,,,,,,,,,,,,,,,,,,,,,,,,,,,,,,,,,,,,,,,,,,,,,,,,
Oscar Pujols,RP,FA,,,,,,,,,,,,,,,,,,,,,,,,,,,,,,,,,,,,,,,,,,,,,,,,,,,
Thomas Conrad,SP,FA,,,,,,,,,,,,,,,,,,,,,,,,,,,,,,,,,,,,,,,,,,,,,,,,,,,
Jarrette Bonet,RP,FA,,,,,,,,,,,,,,,,,,,,,,,,,,,,,,,,,,,,,,,,,,,,,,,,,,,
Chris Stratton,RP,FA,,,,,,,,,,,,,,,,,,,,,,,,,,,,,,,,,,,,,,,,,,,,,,,-0.29,-0.76,27.3,9.6,9.0
Peyton Prescott,RP,FA,,,,,,,,,,,,,,,,,,,,,,,,,,,,,,,,,,,,,,,,,,,,,,,,,,,
Nick Potter,RP,FA,,,,,,,,,,,,,,,,,,,,,,,,,,,,,,,,,,,,,,,,,,,,,,,,,,,
Jackson Wells,SP,FA,,,,,,,,,,,,,,,,,,,,,,,,,,,,,,,,,,,,,,,,,,,,,,,,,,,
Draven Zeigler,RP,FA,,,,,,,,,,,,,,,,,,,,,,,,,,,,,,,,,,,,,,,,,,,,,,,,,,,
Andrew Marrero,RP,FA,,,,,,,,,,,,,,,,,,,,,,,,,,,,,,,,,,,,,,,,,,,,,,,,,,,
Ruben Galindo,RP,FA,,,,,,,,,,,,,,,,,,,,,,,,,,,,,,,,,,,,,,,,,,,,,,,,,,,
Carson Wiggins,SP,FA,,,,,,,,,,,,,,,,,,,,,,,,,,,,,,,,,,,,,,,,,,,,,,,,,,,
Ryan Ure,RP,FA,,,,,,,,,,,,,,,,,,,,,,,,,,,,,,,,,,,,,,,,,,,,,,,,,,,
Pedro Peralta,SP,FA,,,,,,,,,,,,,,,,,,,,,,,,,,,,,,,,,,,,,,,,,,,,,,,,,,,
Cory Ronan,RP,FA,,,,,,,,,,,,,,,,,,,,,,,,,,,,,,,,,,,,,,,,,,,,,,,,,,,
Jamdrick Cornelia,RP,FA,,,,,,,,,,,,,,,,,,,,,,,,,,,,,,,,,,,,,,,,,,,,,,,,,,,
Jeison Calvo,RP,FA,,,,,,,,,,,,,,,,,,,,,,,,,,,,,,,,,,,,,,,,,,,,,,,,,,,
Braden Nett,SP,FA,,,,,,,,,,,,,,,,,,,,,,,,,,,,,,,,,,,,,,,,,,,,,,,,,,,
Shoki Murakami,SP,FA,,,,,,,,,,,,,,,,,,,,,,,,,,,,,,,,,,,,,,,,,,,,,,,,,,,
Cole MacRae,SP,FA,,,,,,,,,,,,,,,,,,,,,,,,,,,,,,,,,,,,,,,,,,,,,,,,,,,
Jeremy Reyes,SP,FA,,,,,,,,,,,,,,,,,,,,,,,,,,,,,,,,,,,,,,,,,,,,,,,,,,,
Louis Marinaro,RP,FA,,,,,,,,,,,,,,,,,,,,,,,,,,,,,,,,,,,,,,,,,,,,,,,,,,,
Nick Falter,SP,FA,,,,,,,,,,,,,,,,,,,,,,,,,,,,,,,,,,,,,,,,,,,,,,,,,,,
Cole Paplham,RP,FA,,,,,,,,,,,,,,,,,,,,,,,,,,,,,,,,,,,,,,,,,,,,,,,,,,,
Nick Nastrini,RP,FA,,,,,,,,,,,,,,,,,,,,,,,,,,,,,,,,,,,,,,,,,,,,,,,,,,,
Colin Poche,RP,FA,,,,,,,,,,,,,,,,,,,,,,,,,,,,,,,,,,,,,,,,,,,,,,,,,,,
Colby Frieda,RP,FA,,,,,,,,,,,,,,,,,,,,,,,,,,,,,,,,,,,,,,,,,,,,,,,,,,,
Peyton Havard,RP,FA,,,,,,,,,,,,,,,,,,,,,,,,,,,,,,,,,,,,,,,,,,,,,,,,,,,
Tyler Dietz,RP,FA,,,,,,,,,,,,,,,,,,,,,,,,,,,,,,,,,,,,,,,,,,,,,,,,,,,
Ryan Dollar,RP,FA,,,,,,,,,,,,,,,,,,,,,,,,,,,,,,,,,,,,,,,,,,,,,,,,,,,
Jonah Conradt,RP,FA,,,,,,,,,,,,,,,,,,,,,,,,,,,,,,,,,,,,,,,,,,,,,,,,,,,
Tyler Bremner,SP,T,,,,,,,,,,,,,,,,,,,,,,,,,,,,,,,,,,,,,,,,,,,,,,,,,,,
Will Eldridge,RP,FA,,,,,,,,,,,,,,,,,,,,,,,,,,,,,,,,,,,,,,,,,,,,,,,,,,,
Sabier Marte,SP,FA,,,,,,,,,,,,,,,,,,,,,,,,,,,,,,,,,,,,,,,,,,,,,,,,,,,
Carlos Mateo,RP,FA,,,,,,,,,,,,,,,,,,,,,,,,,,,,,,,,,,,,,,,,,,,,,,,,,,,
Duane Underwood Jr.,RP,FA,,,,,,,,,,,,,,,,,,,,,,,,,,,,,,,,,,,,,,,,,,,,,,,,,,,
Collin Wiles,SP,FA,,,,,,,,,,,,,,,,,,,,,,,,,,,,,,,,,,,,,,,,,,,,,,,,,,,
Adiel Melendez,SP,FA,,,,,,,,,,,,,,,,,,,,,,,,,,,,,,,,,,,,,,,,,,,,,,,,,,,
Jaylen Paden,RP,FA,,,,,,,,,,,,,,,,,,,,,,,,,,,,,,,,,,,,,,,,,,,,,,,,,,,
Jackson Nove,RP,FA,,,,,,,,,,,,,,,,,,,,,,,,,,,,,,,,,,,,,,,,,,,,,,,,,,,
Xavier Mitchell,SP,FA,,,,,,,,,,,,,,,,,,,,,,,,,,,,,,,,,,,,,,,,,,,,,,,,,,,
Easton Marks,SP,FA,,,,,,,,,,,,,,,,,,,,,,,,,,,,,,,,,,,,,,,,,,,,,,,,,,,
Zach Harris,RP,FA,,,,,,,,,,,,,,,,,,,,,,,,,,,,,,,,,,,,,,,,,,,,,,,,,,,
Noah Edders,RP,FA,,,,,,,,,,,,,,,,,,,,,,,,,,,,,,,,,,,,,,,,,,,,,,,,,,,
Ethan Cole,SP,FA,,,,,,,,,,,,,,,,,,,,,,,,,,,,,,,,,,,,,,,,,,,,,,,,,,,
Seth Clausen,RP,FA,,,,,,,,,,,,,,,,,,,,,,,,,,,,,,,,,,,,,,,,,,,,,,,,,,,
Dylan Crooks,RP,FA,,,,,,,,,,,,,,,,,,,,,,,,,,,,,,,,,,,,,,,,,,,,,,,,,,,
Jake Brink,SP,FA,,,,,,,,,,,,,,,,,,,,,,,,,,,,,,,,,,,,,,,,,,,,,,,,,,,
Tyler Albanese,RP,FA,,,,,,,,,,,,,,,,,,,,,,,,,,,,,,,,,,,,,,,,,,,,,,,,,,,
Heath Andrews,SP,FA,,,,,,,,,,,,,,,,,,,,,,,,,,,,,,,,,,,,,,,,,,,,,,,,,,,
Odalvi Javier,SP,FA,,,,,,,,,,,,,,,,,,,,,,,,,,,,,,,,,,,,,,,,,,,,,,,,,,,
Anthony Watts,RP,FA,,,,,,,,,,,,,,,,,,,,,,,,,,,,,,,,,,,,,,,,,,,,,,,,,,,
Ethan Young,RP,FA,,,,,,,,,,,,,,,,,,,,,,,,,,,,,,,,,,,,,,,,,,,,,,,,,,,
Dylan Watts,RP,FA,,,,,,,,,,,,,,,,,,,,,,,,,,,,,,,,,,,,,,,,,,,,,,,,,,,
Jake Shelagowski,RP,FA,,,,,,,,,,,,,,,,,,,,,,,,,,,,,,,,,,,,,,,,,,,,,,,,,,,
Julius Sanchez,SP,FA,,,,,,,,,,,,,,,,,,,,,,,,,,,,,,,,,,,,,,,,,,,,,,,,,,,
Owen Puk,RP,FA,,,,,,,,,,,,,,,,,,,,,,,,,,,,,,,,,,,,,,,,,,,,,,,,,,,
Deok Ju Ham,RP,FA,,,,,,,,,,,,,,,,,,,,,,,,,,,,,,,,,,,,,,,,,,,,,,,,,,,
Trendan Parish,RP,FA,,,,,,,,,,,,,,,,,,,,,,,,,,,,,,,,,,,,,,,,,,,,,,,,,,,
Ben Moore,RP,FA,,,,,,,,,,,,,,,,,,,,,,,,,,,,,,,,,,,,,,,,,,,,,,,,,,,
Joswal Betancourt,RP,FA,,,,,,,,,,,,,,,,,,,,,,,,,,,,,,,,,,,,,,,,,,,,,,,,,,,
Alex Breckheimer,RP,FA,,,,,,,,,,,,,,,,,,,,,,,,,,,,,,,,,,,,,,,,,,,,,,,,,,,
Liam Best,RP,FA,,,,,,,,,,,,,,,,,,,,,,,,,,,,,,,,,,,,,,,,,,,,,,,,,,,
Trace Baker,RP,FA,,,,,,,,,,,,,,,,,,,,,,,,,,,,,,,,,,,,,,,,,,,,,,,,,,,
Tucker Biven,RP,FA,,,,,,,,,,,,,,,,,,,,,,,,,,,,,,,,,,,,,,,,,,,,,,,,,,,
Shane Van Dam,RP,FA,,,,,,,,,,,,,,,,,,,,,,,,,,,,,,,,,,,,,,,,,,,,,,,,,,,
Randy Ramnarace,RP,FA,,,,,,,,,,,,,,,,,,,,,,,,,,,,,,,,,,,,,,,,,,,,,,,,,,,
Max Martin,RP,FA,,,,,,,,,,,,,,,,,,,,,,,,,,,,,,,,,,,,,,,,,,,,,,,,,,,
Kamden Edge,RP,FA,,,,,,,,,,,,,,,,,,,,,,,,,,,,,,,,,,,,,,,,,,,,,,,,,,,
Matthew Hoskins,RP,FA,,,,,,,,,,,,,,,,,,,,,,,,,,,,,,,,,,,,,,,,,,,,,,,,,,,
Bryson Dudley,RP,FA,,,,,,,,,,,,,,,,,,,,,,,,,,,,,,,,,,,,,,,,,,,,,,,,,,,
Hunter Alberini,RP,FA,,,,,,,,,,,,,,,,,,,,,,,,,,,,,,,,,,,,,,,,,,,,,,,,,,,
Roberto Salas,SP,FA,,,,,,,,,,,,,,,,,,,,,,,,,,,,,,,,,,,,,,,,,,,,,,,,,,,
Derrick Smith,RP,FA,,,,,,,,,,,,,,,,,,,,,,,,,,,,,,,,,,,,,,,,,,,,,,,,,,,
Brady Parker,SP,FA,,,,,,,,,,,,,,,,,,,,,,,,,,,,,,,,,,,,,,,,,,,,,,,,,,,
Izeah Muniz,RP,FA,,,,,,,,,,,,,,,,,,,,,,,,,,,,,,,,,,,,,,,,,,,,,,,,,,,
Carson Latimer,RP,FA,,,,,,,,,,,,,,,,,,,,,,,,,,,,,,,,,,,,,,,,,,,,,,,,,,,
Austin Newton,RP,FA,,,,,,,,,,,,,,,,,,,,,,,,,,,,,,,,,,,,,,,,,,,,,,,,,,,
Noah Palmese,RP,FA,,,,,,,,,,,,,,,,,,,,,,,,,,,,,,,,,,,,,,,,,,,,,,,,,,,
Luke Kovach,SP,FA,,,,,,,,,,,,,,,,,,,,,,,,,,,,,,,,,,,,,,,,,,,,,,,,,,,
Kaden Echeman,SP,FA,,,,,,,,,,,,,,,,,,,,,,,,,,,,,,,,,,,,,,,,,,,,,,,,,,,
Gensi Angeles,RP,FA,,,,,,,,,,,,,,,,,,,,,,,,,,,,,,,,,,,,,,,,,,,,,,,,,,,
Payton Graham,SP,FA,,,,,,,,,,,,,,,,,,,,,,,,,,,,,,,,,,,,,,,,,,,,,,,,,,,
Dylan Driessen,RP,FA,,,,,,,,,,,,,,,,,,,,,,,,,,,,,,,,,,,,,,,,,,,,,,,,,,,
Shawn Rapp,SP,FA,,,,,,,,,,,,,,,,,,,,,,,,,,,,,,,,,,,,,,,,,,,,,,,,,,,
Joseph Menefee,RP,FA,,,,,,,,,,,,,,,,,,,,,,,,,,,,,,,,,,,,,,,,,,,,,,,,,,,
Eli Ankeney,RP,FA,,,,,,,,,,,,,,,,,,,,,,,,,,,,,,,,,,,,,,,,,,,,,,,,,,,
Carlos Torres,RP,FA,,,,,,,,,,,,,,,,,,,,,,,,,,,,,,,,,,,,,,,,,,,,,,,,,,,
Joshua Loeschorn,RP,FA,,,,,,,,,,,,,,,,,,,,,,,,,,,,,,,,,,,,,,,,,,,,,,,,,,,
Jacob Kuhn,SP,FA,,,,,,,,,,,,,,,,,,,,,,,,,,,,,,,,,,,,,,,,,,,,,,,,,,,
Reese Sharp,SP,FA,,,,,,,,,,,,,,,,,,,,,,,,,,,,,,,,,,,,,,,,,,,,,,,,,,,
Gage Stanifer,SP,FA,,,,,,,,,,,,,,,,,,,,,,,,,,,,,,,,,,,,,,,,,,,,,,,,,,,
Cale Wetwiska,SP,FA,,,,,,,,,,,,,,,,,,,,,,,,,,,,,,,,,,,,,,,,,,,,,,,,,,,
Drew Garrett,SP,FA,,,,,,,,,,,,,,,,,,,,,,,,,,,,,,,,,,,,,,,,,,,,,,,,,,,
Will McCausland,SP,FA,,,,,,,,,,,,,,,,,,,,,,,,,,,,,,,,,,,,,,,,,,,,,,,,,,,
Max Gieg,RP,FA,,,,,,,,,,,,,,,,,,,,,,,,,,,,,,,,,,,,,,,,,,,,,,,,,,,
Chris Williams Jr.,RP,FA,,,,,,,,,,,,,,,,,,,,,,,,,,,,,,,,,,,,,,,,,,,,,,,,,,,
Evan Gates,RP,FA,,,,,,,,,,,,,,,,,,,,,,,,,,,,,,,,,,,,,,,,,,,,,,,,,,,
Zach Veen,SP,FA,,,,,,,,,,,,,,,,,,,,,,,,,,,,,,,,,,,,,,,,,,,,,,,,,,,
Bryan Salgado,RP,FA,,,,,,,,,,,,,,,,,,,,,,,,,,,,,,,,,,,,,,,,,,,,,,,,,,,
Jose Saldana,SP,FA,,,,,,,,,,,,,,,,,,,,,,,,,,,,,,,,,,,,,,,,,,,,,,,,,,,
Jose Romero,SP,FA,,,,,,,,,,,,,,,,,,,,,,,,,,,,,,,,,,,,,,,,,,,,,,,,,,,
Jesus Carrera,RP,FA,,,,,,,,,,,,,,,,,,,,,,,,,,,,,,,,,,,,,,,,,,,,,,,,,,,
Joel Heredia,RP,FA,,,,,,,,,,,,,,,,,,,,,,,,,,,,,,,,,,,,,,,,,,,,,,,,,,,
Cole Patten,SP,FA,,,,,,,,,,,,,,,,,,,,,,,,,,,,,,,,,,,,,,,,,,,,,,,,,,,
Tristan Garnett,RP,FA,,,,,,,,,,,,,,,,,,,,,,,,,,,,,,,,,,,,,,,,,,,,,,,,,,,
Enderson Jean,RP,FA,,,,,,,,,,,,,,,,,,,,,,,,,,,,,,,,,,,,,,,,,,,,,,,,,,,
Claudio Gatier,RP,FA,,,,,,,,,,,,,,,,,,,,,,,,,,,,,,,,,,,,,,,,,,,,,,,,,,,
Thomas Ireland,RP,FA,,,,,,,,,,,,,,,,,,,,,,,,,,,,,,,,,,,,,,,,,,,,,,,,,,,
Bryan Chi,RP,FA,,,,,,,,,,,,,,,,,,,,,,,,,,,,,,,,,,,,,,,,,,,,,,,,,,,
Charlie Zink,RP,FA,,,,,,,,,,,,,,,,,,,,,,,,,,,,,,,,,,,,,,,,,,,,,,,,,,,
Taylor Hearn,RP,FA,,,,,,,,,,,,,,,,,,,,,,,,,,,,,,,,,,,,,,,,,,,,,,,,,,,
Ethan Hammerberg,RP,FA,,,,,,,,,,,,,,,,,,,,,,,,,,,,,,,,,,,,,,,,,,,,,,,,,,,
Connor Butler,RP,FA,,,,,,,,,,,,,,,,,,,,,,,,,,,,,,,,,,,,,,,,,,,,,,,,,,,
Christian Rodriguez,SP,FA,,,,,,,,,,,,,,,,,,,,,,,,,,,,,,,,,,,,,,,,,,,,,,,,,,,
Justin Lee,SP,FA,,,,,,,,,,,,,,,,,,,,,,,,,,,,,,,,,,,,,,,,,,,,,,,,,,,
Jostin Florentino,SP,FA,,,,,,,,,,,,,,,,,,,,,,,,,,,,,,,,,,,,,,,,,,,,,,,,,,,
Atsumi Hidaka,SP,FA,,,,,,,,,,,,,,,,,,,,,,,,,,,,,,,,,,,,,,,,,,,,,,,,,,,
Wesley Moore,RP,FA,,,,,,,,,,,,,,,,,,,,,,,,,,,,,,,,,,,,,,,,,,,,,,,,,,,
Peyton Fosher,RP,FA,,,,,,,,,,,,,,,,,,,,,,,,,,,,,,,,,,,,,,,,,,,,,,,,,,,
Lucas Gordillo,SP,FA,,,,,,,,,,,,,,,,,,,,,,,,,,,,,,,,,,,,,,,,,,,,,,,,,,,
Carson Laws,RP,FA,,,,,,,,,,,,,,,,,,,,,,,,,,,,,,,,,,,,,,,,,,,,,,,,,,,
Jean Gutierrez,RP,FA,,,,,,,,,,,,,,,,,,,,,,,,,,,,,,,,,,,,,,,,,,,,,,,,,,,
Alexis De La Cruz,RP,FA,,,,,,,,,,,,,,,,,,,,,,,,,,,,,,,,,,,,,,,,,,,,,,,,,,,
Mac Heuer,SP,FA,,,,,,,,,,,,,,,,,,,,,,,,,,,,,,,,,,,,,,,,,,,,,,,,,,,
Shinnosuke Hada,SP,FA,,,,,,,,,,,,,,,,,,,,,,,,,,,,,,,,,,,,,,,,,,,,,,,,,,,
Caden Wooster,RP,FA,,,,,,,,,,,,,,,,,,,,,,,,,,,,,,,,,,,,,,,,,,,,,,,,,,,
Adam Serwinowski,SP,FA,,,,,,,,,,,,,,,,,,,,,,,,,,,,,,,,,,,,,,,,,,,,,,,,,,,
Jhomber Jimenez,SP,FA,,,,,,,,,,,,,,,,,,,,,,,,,,,,,,,,,,,,,,,,,,,,,,,,,,,
Ryan Hall,SP,FA,,,,,,,,,,,,,,,,,,,,,,,,,,,,,,,,,,,,,,,,,,,,,,,,,,,
Ruben Menes,SP,FA,,,,,,,,,,,,,,,,,,,,,,,,,,,,,,,,,,,,,,,,,,,,,,,,,,,
Hueston Morrill,RP,FA,,,,,,,,,,,,,,,,,,,,,,,,,,,,,,,,,,,,,,,,,,,,,,,,,,,
Bladimir Pichardo,RP,FA,,,,,,,,,,,,,,,,,,,,,,,,,,,,,,,,,,,,,,,,,,,,,,,,,,,
Luke Lacourse,SP,FA,,,,,,,,,,,,,,,,,,,,,,,,,,,,,,,,,,,,,,,,,,,,,,,,,,,
Alex Bustamante,RP,FA,,,,,,,,,,,,,,,,,,,,,,,,,,,,,,,,,,,,,,,,,,,,,,,,,,,
Gabel Pentecost,SP,FA,,,,,,,,,,,,,,,,,,,,,,,,,,,,,,,,,,,,,,,,,,,,,,,,,,,
Baron Stuart,RP,FA,,,,,,,,,,,,,,,,,,,,,,,,,,,,,,,,,,,,,,,,,,,,,,,,,,,
Cannon Pickell,RP,FA,,,,,,,,,,,,,,,,,,,,,,,,,,,,,,,,,,,,,,,,,,,,,,,,,,,
Jaxon Dalena,SP,FA,,,,,,,,,,,,,,,,,,,,,,,,,,,,,,,,,,,,,,,,,,,,,,,,,,,
Kevin Stevens,RP,FA,,,,,,,,,,,,,,,,,,,,,,,,,,,,,,,,,,,,,,,,,,,,,,,,,,,
Grayson Grinsell,SP,FA,,,,,,,,,,,,,,,,,,,,,,,,,,,,,,,,,,,,,,,,,,,,,,,,,,,
Chase Renner,RP,FA,,,,,,,,,,,,,,,,,,,,,,,,,,,,,,,,,,,,,,,,,,,,,,,,,,,
Braeden Fausnaught,SP,FA,,,,,,,,,,,,,,,,,,,,,,,,,,,,,,,,,,,,,,,,,,,,,,,,,,,
Chase Meyer,RP,FA,,,,,,,,,,,,,,,,,,,,,,,,,,,,,,,,,,,,,,,,,,,,,,,,,,,
Nelson Keljo,SP,FA,,,,,,,,,,,,,,,,,,,,,,,,,,,,,,,,,,,,,,,,,,,,,,,,,,,
Ryan Osinski,RP,FA,,,,,,,,,,,,,,,,,,,,,,,,,,,,,,,,,,,,,,,,,,,,,,,,,,,
Jack Dallas,RP,FA,,,,,,,,,,,,,,,,,,,,,,,,,,,,,,,,,,,,,,,,,,,,,,,,,,,
Zack Mack,RP,FA,,,,,,,,,,,,,,,,,,,,,,,,,,,,,,,,,,,,,,,,,,,,,,,,,,,
Cameron Nohos,RP,FA,,,,,,,,,,,,,,,,,,,,,,,,,,,,,,,,,,,,,,,,,,,,,,,,,,,
Andrew Walling,RP,FA,,,,,,,,,,,,,,,,,,,,,,,,,,,,,,,,,,,,,,,,,,,,,,,,,,,
Tyler Duffey,RP,FA,,,,,,,,,,,,,,,,,,,,,,,,,,,,,,,,,,,,,,,,,,,,,,,,,,,
Luis Arestigueta,SP,FA,,,,,,,,,,,,,,,,,,,,,,,,,,,,,,,,,,,,,,,,,,,,,,,,,,,
Brendan Hardy,RP,FA,,,,,,,,,,,,,,,,,,,,,,,,,,,,,,,,,,,,,,,,,,,,,,,,,,,
Jacob Dudan,SP,FA,,,,,,,,,,,,,,,,,,,,,,,,,,,,,,,,,,,,,,,,,,,,,,,,,,,
James Ellwanger,SP,FA,,,,,,,,,,,,,,,,,,,,,,,,,,,,,,,,,,,,,,,,,,,,,,,,,,,
Cole Stokes,SP,FA,,,,,,,,,,,,,,,,,,,,,,,,,,,,,,,,,,,,,,,,,,,,,,,,,,,
Luke Hoskins,RP,FA,,,,,,,,,,,,,,,,,,,,,,,,,,,,,,,,,,,,,,,,,,,,,,,,,,,
Ethan McElvain,SP,FA,,,,,,,,,,,,,,,,,,,,,,,,,,,,,,,,,,,,,,,,,,,,,,,,,,,
Ian Koenig,SP,FA,,,,,,,,,,,,,,,,,,,,,,,,,,,,,,,,,,,,,,,,,,,,,,,,,,,
J.D. Hennen,SP,FA,,,,,,,,,,,,,,,,,,,,,,,,,,,,,,,,,,,,,,,,,,,,,,,,,,,
Colton Hartman,SP,FA,,,,,,,,,,,,,,,,,,,,,,,,,,,,,,,,,,,,,,,,,,,,,,,,,,,
Ryan Sloan,SP,T,,,,,,,,,,,,,,,,,,,,,,,,,,,,,,,,,,,,,,,,,,,,,,,,,,,
Will Geerdes,SP,FA,,,,,,,,,,,,,,,,,,,,,,,,,,,,,,,,,,,,,,,,,,,,,,,,,,,
Brandon Langley,RP,FA,,,,,,,,,,,,,,,,,,,,,,,,,,,,,,,,,,,,,,,,,,,,,,,,,,,
Gerald Ogando,RP,FA,,,,,,,,,,,,,,,,,,,,,,,,,,,,,,,,,,,,,,,,,,,,,,,,,,,
Charlie Walker,RP,FA,,,,,,,,,,,,,,,,,,,,,,,,,,,,,,,,,,,,,,,,,,,,,,,,,,,
K.C. Hunt,SP,FA,,,,,,,,,,,,,,,,,,,,,,,,,,,,,,,,,,,,,,,,,,,,,,,,,,,
Andrew Pogue,RP,FA,,,,,,,,,,,,,,,,,,,,,,,,,,,,,,,,,,,,,,,,,,,,,,,,,,,
Gabe Craig,RP,FA,,,,,,,,,,,,,,,,,,,,,,,,,,,,,,,,,,,,,,,,,,,,,,,,,,,
Roel Garcia III,RP,FA,,,,,,,,,,,,,,,,,,,,,,,,,,,,,,,,,,,,,,,,,,,,,,,,,,,
Cal Riehl,RP,FA,,,,,,,,,,,,,,,,,,,,,,,,,,,,,,,,,,,,,,,,,,,,,,,,,,,
Payton Martin,SP,FA,,,,,,,,,,,,,,,,,,,,,,,,,,,,,,,,,,,,,,,,,,,,,,,,,,,
Jack Lynch,SP,FA,,,,,,,,,,,,,,,,,,,,,,,,,,,,,,,,,,,,,,,,,,,,,,,,,,,
Javier Ramos,SP,FA,,,,,,,,,,,,,,,,,,,,,,,,,,,,,,,,,,,,,,,,,,,,,,,,,,,
Justin Sanchez,RP,FA,,,,,,,,,,,,,,,,,,,,,,,,,,,,,,,,,,,,,,,,,,,,,,,,,,,
Ryan Chasse,SP,FA,,,,,,,,,,,,,,,,,,,,,,,,,,,,,,,,,,,,,,,,,,,,,,,,,,,
Nick Altermatt,RP,FA,,,,,,,,,,,,,,,,,,,,,,,,,,,,,,,,,,,,,,,,,,,,,,,,,,,
Hayden Merda,RP,FA,,,,,,,,,,,,,,,,,,,,,,,,,,,,,,,,,,,,,,,,,,,,,,,,,,,
Omar Cruz,SP,FA,,,,,,,,,,,,,,,,,,,,,,,,,,,,,,,,,,,,,,,,,,,,,,,,,,,
Jake Garland,SP,FA,,,,,,,,,,,,,,,,,,,,,,,,,,,,,,,,,,,,,,,,,,,,,,,,,,,
Stefan Raeth,RP,FA,,,,,,,,,,,,,,,,,,,,,,,,,,,,,,,,,,,,,,,,,,,,,,,,,,,
Easton Sikorski,RP,FA,,,,,,,,,,,,,,,,,,,,,,,,,,,,,,,,,,,,,,,,,,,,,,,,,,,
Daniel Harper,RP,FA,,,,,,,,,,,,,,,,,,,,,,,,,,,,,,,,,,,,,,,,,,,,,,,,,,,
Jack Choate,SP,FA,,,,,,,,,,,,,,,,,,,,,,,,,,,,,,,,,,,,,,,,,,,,,,,,,,,
Brett Gillis,SP,FA,,,,,,,,,,,,,,,,,,,,,,,,,,,,,,,,,,,,,,,,,,,,,,,,,,,
Wyatt Cheney,SP,FA,,,,,,,,,,,,,,,,,,,,,,,,,,,,,,,,,,,,,,,,,,,,,,,,,,,
Rob Hensey,SP,FA,,,,,,,,,,,,,,,,,,,,,,,,,,,,,,,,,,,,,,,,,,,,,,,,,,,
Evan Taylor,RP,FA,,,,,,,,,,,,,,,,,,,,,,,,,,,,,,,,,,,,,,,,,,,,,,,,,,,
Jonathan Brand,RP,FA,,,,,,,,,,,,,,,,,,,,,,,,,,,,,,,,,,,,,,,,,,,,,,,,,,,
Brayan Orrantia,RP,FA,,,,,,,,,,,,,,,,,,,,,,,,,,,,,,,,,,,,,,,,,,,,,,,,,,,
Sean Harney,RP,FA,,,,,,,,,,,,,,,,,,,,,,,,,,,,,,,,,,,,,,,,,,,,,,,,,,,
Kaiden Wilson,RP,FA,,,,,,,,,,,,,,,,,,,,,,,,,,,,,,,,,,,,,,,,,,,,,,,,,,,
Jake Miller,SP,FA,,,,,,,,,,,,,,,,,,,,,,,,,,,,,,,,,,,,,,,,,,,,,,,,,,,
Wesley Scott,SP,FA,,,,,,,,,,,,,,,,,,,,,,,,,,,,,,,,,,,,,,,,,,,,,,,,,,,
Jadon Williamson,RP,FA,,,,,,,,,,,,,,,,,,,,,,,,,,,,,,,,,,,,,,,,,,,,,,,,,,,
Conner Ware,RP,FA,,,,,,,,,,,,,,,,,,,,,,,,,,,,,,,,,,,,,,,,,,,,,,,,,,,
Jason Franks,SP,FA,,,,,,,,,,,,,,,,,,,,,,,,,,,,,,,,,,,,,,,,,,,,,,,,,,,
Brennan Stuprich,SP,FA,,,,,,,,,,,,,,,,,,,,,,,,,,,,,,,,,,,,,,,,,,,,,,,,,,,
Garrett Stratton,RP,FA,,,,,,,,,,,,,,,,,,,,,,,,,,,,,,,,,,,,,,,,,,,,,,,,,,,
Cam Tilly,RP,FA,,,,,,,,,,,,,,,,,,,,,,,,,,,,,,,,,,,,,,,,,,,,,,,,,,,
RJ Shunck,RP,FA,,,,,,,,,,,,,,,,,,,,,,,,,,,,,,,,,,,,,,,,,,,,,,,,,,,
Joe Scarborough,RP,FA,,,,,,,,,,,,,,,,,,,,,,,,,,,,,,,,,,,,,,,,,,,,,,,,,,,
Ryan Middendorf,RP,FA,,,,,,,,,,,,,,,,,,,,,,,,,,,,,,,,,,,,,,,,,,,,,,,,,,,
Cedric De Grandpre,SP,FA,,,,,,,,,,,,,,,,,,,,,,,,,,,,,,,,,,,,,,,,,,,,,,,,,,,
Will Brian,RP,FA,,,,,,,,,,,,,,,,,,,,,,,,,,,,,,,,,,,,,,,,,,,,,,,,,,,
Isaac Coffey,SP,FA,,,,,,,,,,,,,,,,,,,,,,,,,,,,,,,,,,,,,,,,,,,,,,,,,,,
Ben Sears,RP,FA,,,,,,,,,,,,,,,,,,,,,,,,,,,,,,,,,,,,,,,,,,,,,,,,,,,
Trevin Michael,RP,FA,,,,,,,,,,,,,,,,,,,,,,,,,,,,,,,,,,,,,,,,,,,,,,,,,,,
Joe Miller,SP,FA,,,,,,,,,,,,,,,,,,,,,,,,,,,,,,,,,,,,,,,,,,,,,,,,,,,
Ian Churchill,RP,FA,,,,,,,,,,,,,,,,,,,,,,,,,,,,,,,,,,,,,,,,,,,,,,,,,,,
Alex Petrovic,SP,FA,,,,,,,,,,,,,,,,,,,,,,,,,,,,,,,,,,,,,,,,,,,,,,,,,,,
Landon Koenig,RP,FA,,,,,,,,,,,,,,,,,,,,,,,,,,,,,,,,,,,,,,,,,,,,,,,,,,,
AJ Krodel,RP,FA,,,,,,,,,,,,,,,,,,,,,,,,,,,,,,,,,,,,,,,,,,,,,,,,,,,
Nate Isler,SP,FA,,,,,,,,,,,,,,,,,,,,,,,,,,,,,,,,,,,,,,,,,,,,,,,,,,,
Zach Crotchfelt,RP,FA,,,,,,,,,,,,,,,,,,,,,,,,,,,,,,,,,,,,,,,,,,,,,,,,,,,
Dustin Hagens,RP,FA,,,,,,,,,,,,,,,,,,,,,,,,,,,,,,,,,,,,,,,,,,,,,,,,,,,
Michael Harpster,SP,FA,,,,,,,,,,,,,,,,,,,,,,,,,,,,,,,,,,,,,,,,,,,,,,,,,,,
Austin Berggren,RP,FA,,,,,,,,,,,,,,,,,,,,,,,,,,,,,,,,,,,,,,,,,,,,,,,,,,,
Cristhian Duarte,SP,FA,,,,,,,,,,,,,,,,,,,,,,,,,,,,,,,,,,,,,,,,,,,,,,,,,,,
Garrett Ahern,SP,FA,,,,,,,,,,,,,,,,,,,,,,,,,,,,,,,,,,,,,,,,,,,,,,,,,,,
Logan Britt,SP,FA,,,,,,,,,,,,,,,,,,,,,,,,,,,,,,,,,,,,,,,,,,,,,,,,,,,
Steele Murdock,SP,FA,,,,,,,,,,,,,,,,,,,,,,,,,,,,,,,,,,,,,,,,,,,,,,,,,,,
Kade Bragg,RP,FA,,,,,,,,,,,,,,,,,,,,,,,,,,,,,,,,,,,,,,,,,,,,,,,,,,,
Carlos Rey,RP,FA,,,,,,,,,,,,,,,,,,,,,,,,,,,,,,,,,,,,,,,,,,,,,,,,,,,
Ethan Flanagan,SP,FA,,,,,,,,,,,,,,,,,,,,,,,,,,,,,,,,,,,,,,,,,,,,,,,,,,,
Zane Barnhart,RP,FA,,,,,,,,,,,,,,,,,,,,,,,,,,,,,,,,,,,,,,,,,,,,,,,,,,,
Hayden Snelsire,RP,FA,,,,,,,,,,,,,,,,,,,,,,,,,,,,,,,,,,,,,,,,,,,,,,,,,,,
Bryce Jenkins,RP,FA,,,,,,,,,,,,,,,,,,,,,,,,,,,,,,,,,,,,,,,,,,,,,,,,,,,
Carlos Romero,RP,FA,,,,,,,,,,,,,,,,,,,,,,,,,,,,,,,,,,,,,,,,,,,,,,,,,,,
Mason Estrada,SP,FA,,,,,,,,,,,,,,,,,,,,,,,,,,,,,,,,,,,,,,,,,,,,,,,,,,,
Wikelman Gonzalez,RP,FA,,,,,,,,,,,,,,,,,,,,,,,,,,,,,,,,,,,,,,,,,,,,,,,-0.31,-1.76,32.3,13.8,9.0
Thomas Burns,RP,FA,,,,,,,,,,,,,,,,,,,,,,,,,,,,,,,,,,,,,,,,,,,,,,,,,,,
Dakota Chalmers,RP,FA,,,,,,,,,,,,,,,,,,,,,,,,,,,,,,,,,,,,,,,,,,,,,,,,,,,
JT Raab,SP,FA,,,,,,,,,,,,,,,,,,,,,,,,,,,,,,,,,,,,,,,,,,,,,,,,,,,
Beau Burrows,RP,FA,,,,,,,,,,,,,,,,,,,,,,,,,,,,,,,,,,,,,,,,,,,,,,,,,,,
Alec Bouchard,SP,FA,,,,,,,,,,,,,,,,,,,,,,,,,,,,,,,,,,,,,,,,,,,,,,,,,,,
Colter McAnelly,SP,FA,,,,,,,,,,,,,,,,,,,,,,,,,,,,,,,,,,,,,,,,,,,,,,,,,,,
Michael Barnett,SP,FA,,,,,,,,,,,,,,,,,,,,,,,,,,,,,,,,,,,,,,,,,,,,,,,,,,,
Sterling Patick,SP,FA,,,,,,,,,,,,,,,,,,,,,,,,,,,,,,,,,,,,,,,,,,,,,,,,,,,
Harry Gustin,RP,FA,,,,,,,,,,,,,,,,,,,,,,,,,,,,,,,,,,,,,,,,,,,,,,,,,,,
Isaac Gallegos,RP,FA,,,,,,,,,,,,,,,,,,,,,,,,,,,,,,,,,,,,,,,,,,,,,,,,,,,
Alec Baker,SP,FA,,,,,,,,,,,,,,,,,,,,,,,,,,,,,,,,,,,,,,,,,,,,,,,,,,,
Andrew Landry,SP,FA,,,,,,,,,,,,,,,,,,,,,,,,,,,,,,,,,,,,,,,,,,,,,,,,,,,
Daniel Gentile,SP,FA,,,,,,,,,,,,,,,,,,,,,,,,,,,,,,,,,,,,,,,,,,,,,,,,,,,
Yanzel Correa,RP,FA,,,,,,,,,,,,,,,,,,,,,,,,,,,,,,,,,,,,,,,,,,,,,,,,,,,
Sam Whiting,RP,FA,,,,,,,,,,,,,,,,,,,,,,,,,,,,,,,,,,,,,,,,,,,,,,,,,,,
Russell Sandefer,SP,FA,,,,,,,,,,,,,,,,,,,,,,,,,,,,,,,,,,,,,,,,,,,,,,,,,,,
Luke Russo,RP,FA,,,,,,,,,,,,,,,,,,,,,,,,,,,,,,,,,,,,,,,,,,,,,,,,,,,
Angel Roa,SP,FA,,,,,,,,,,,,,,,,,,,,,,,,,,,,,,,,,,,,,,,,,,,,,,,,,,,
Colby Langford,RP,FA,,,,,,,,,,,,,,,,,,,,,,,,,,,,,,,,,,,,,,,,,,,,,,,,,,,
Merrick Baldo,RP,FA,,,,,,,,,,,,,,,,,,,,,,,,,,,,,,,,,,,,,,,,,,,,,,,,,,,
Kaleb Wing,SP,FA,,,,,,,,,,,,,,,,,,,,,,,,,,,,,,,,,,,,,,,,,,,,,,,,,,,
Eric Yost,SP,FA,,,,,,,,,,,,,,,,,,,,,,,,,,,,,,,,,,,,,,,,,,,,,,,,,,,
Kamdyn Perry,SP,FA,,,,,,,,,,,,,,,,,,,,,,,,,,,,,,,,,,,,,,,,,,,,,,,,,,,
Linbel Jimenez,RP,FA,,,,,,,,,,,,,,,,,,,,,,,,,,,,,,,,,,,,,,,,,,,,,,,,,,,
Luke Young,RP,FA,,,,,,,,,,,,,,,,,,,,,,,,,,,,,,,,,,,,,,,,,,,,,,,,,,,
Lenin Mendez,RP,FA,,,,,,,,,,,,,,,,,,,,,,,,,,,,,,,,,,,,,,,,,,,,,,,,,,,
Austin Amaral,RP,FA,,,,,,,,,,,,,,,,,,,,,,,,,,,,,,,,,,,,,,,,,,,,,,,,,,,
Justin Byrd,RP,FA,,,,,,,,,,,,,,,,,,,,,,,,,,,,,,,,,,,,,,,,,,,,,,,,,,,
Riley McDonald,SP,FA,,,,,,,,,,,,,,,,,,,,,,,,,,,,,,,,,,,,,,,,,,,,,,,,,,,
Dylan Alonso,RP,FA,,,,,,,,,,,,,,,,,,,,,,,,,,,,,,,,,,,,,,,,,,,,,,,,,,,
Samuel Gonzalez,RP,FA,,,,,,,,,,,,,,,,,,,,,,,,,,,,,,,,,,,,,,,,,,,,,,,,,,,
Trevor Hansen,SP,FA,,,,,,,,,,,,,,,,,,,,,,,,,,,,,,,,,,,,,,,,,,,,,,,,,,,
Ryan Brown,RP,FA,,,,,,,,,,,,,,,,,,,,,,,,,,,,,,,,,,,,,,,,,,,,,,,,,,,
Jakson Gamboa,SP,FA,,,,,,,,,,,,,,,,,,,,,,,,,,,,,,,,,,,,,,,,,,,,,,,,,,,
Ryan Hetzler,RP,FA,,,,,,,,,,,,,,,,,,,,,,,,,,,,,,,,,,,,,,,,,,,,,,,,,,,
Josh Hansell,SP,FA,,,,,,,,,,,,,,,,,,,,,,,,,,,,,,,,,,,,,,,,,,,,,,,,,,,
Diustin Mayorquin,SP,FA,,,,,,,,,,,,,,,,,,,,,,,,,,,,,,,,,,,,,,,,,,,,,,,,,,,
Ryan Oshinskie,RP,FA,,,,,,,,,,,,,,,,,,,,,,,,,,,,,,,,,,,,,,,,,,,,,,,,,,,
Jacob Sammis,SP,FA,,,,,,,,,,,,,,,,,,,,,,,,,,,,,,,,,,,,,,,,,,,,,,,,,,,
Naimer Rosario,SP,FA,,,,,,,,,,,,,,,,,,,,,,,,,,,,,,,,,,,,,,,,,,,,,,,,,,,
Austin Emener,RP,FA,,,,,,,,,,,,,,,,,,,,,,,,,,,,,,,,,,,,,,,,,,,,,,,,,,,
Diomer Gonzalez,SP,FA,,,,,,,,,,,,,,,,,,,,,,,,,,,,,,,,,,,,,,,,,,,,,,,,,,,
Tate McGuire,SP,FA,,,,,,,,,,,,,,,,,,,,,,,,,,,,,,,,,,,,,,,,,,,,,,,,,,,
Donye Evans,RP,FA,,,,,,,,,,,,,,,,,,,,,,,,,,,,,,,,,,,,,,,,,,,,,,,,,,,
Jake Pfennigs,RP,FA,,,,,,,,,,,,,,,,,,,,,,,,,,,,,,,,,,,,,,,,,,,,,,,,,,,
Giussepe Velasquez,SP,FA,,,,,,,,,,,,,,,,,,,,,,,,,,,,,,,,,,,,,,,,,,,,,,,,,,,
Grant Hill,SP,FA,,,,,,,,,,,,,,,,,,,,,,,,,,,,,,,,,,,,,,,,,,,,,,,,,,,
Gavin Perry,SP,FA,,,,,,,,,,,,,,,,,,,,,,,,,,,,,,,,,,,,,,,,,,,,,,,,,,,
Andrew Gaines,RP,FA,,,,,,,,,,,,,,,,,,,,,,,,,,,,,,,,,,,,,,,,,,,,,,,,,,,
Robert Orloski,SP,FA,,,,,,,,,,,,,,,,,,,,,,,,,,,,,,,,,,,,,,,,,,,,,,,,,,,
Brady Smith,SP,FA,,,,,,,,,,,,,,,,,,,,,,,,,,,,,,,,,,,,,,,,,,,,,,,,,,,
Marcus Kruzan,SP,FA,,,,,,,,,,,,,,,,,,,,,,,,,,,,,,,,,,,,,,,,,,,,,,,,,,,
Bane Barker,SP,FA,,,,,,,,,,,,,,,,,,,,,,,,,,,,,,,,,,,,,,,,,,,,,,,,,,,
Samuel Colmenares,RP,FA,,,,,,,,,,,,,,,,,,,,,,,,,,,,,,,,,,,,,,,,,,,,,,,,,,,
Tyler Bradt,RP,FA,,,,,,,,,,,,,,,,,,,,,,,,,,,,,,,,,,,,,,,,,,,,,,,,,,,
Zac Addkison,SP,FA,,,,,,,,,,,,,,,,,,,,,,,,,,,,,,,,,,,,,,,,,,,,,,,,,,,
Andry Lara,SP,FA,,,,,,,,,,,,,,,,,,,,,,,,,,,,,,,,,,,,,,,,,,,,,,,-2.69,-1.37,13.3,10.3,9.8
Albert Munoz,RP,FA,,,,,,,,,,,,,,,,,,,,,,,,,,,,,,,,,,,,,,,,,,,,,,,,,,,
Jacob Bresnahan,SP,FA,,,,,,,,,,,,,,,,,,,,,,,,,,,,,,,,,,,,,,,,,,,,,,,,,,,
Donny Troconis,SP,FA,,,,,,,,,,,,,,,,,,,,,,,,,,,,,,,,,,,,,,,,,,,,,,,,,,,
Kailen Hamson,SP,FA,,,,,,,,,,,,,,,,,,,,,,,,,,,,,,,,,,,,,,,,,,,,,,,,,,,
Kevin Vaupel,SP,FA,,,,,,,,,,,,,,,,,,,,,,,,,,,,,,,,,,,,,,,,,,,,,,,,,,,
Matthew Linskey,RP,FA,,,,,,,,,,,,,,,,,,,,,,,,,,,,,,,,,,,,,,,,,,,,,,,,,,,
Kyle Cody,RP,FA,,,,,,,,,,,,,,,,,,,,,,,,,,,,,,,,,,,,,,,,,,,,,,,,,,,
Jake Knapp,SP,FA,,,,,,,,,,,,,,,,,,,,,,,,,,,,,,,,,,,,,,,,,,,,,,,,,,,
Isaac Stebens,RP,FA,,,,,,,,,,,,,,,,,,,,,,,,,,,,,,,,,,,,,,,,,,,,,,,,,,,
Sebastian Echavarria,RP,FA,,,,,,,,,,,,,,,,,,,,,,,,,,,,,,,,,,,,,,,,,,,,,,,,,,,
Josh Timmerman,RP,FA,,,,,,,,,,,,,,,,,,,,,,,,,,,,,,,,,,,,,,,,,,,,,,,,,,,
Jack Jasiak,RP,FA,,,,,,,,,,,,,,,,,,,,,,,,,,,,,,,,,,,,,,,,,,,,,,,,,,,
Nolan DeVos,SP,FA,,,,,,,,,,,,,,,,,,,,,,,,,,,,,,,,,,,,,,,,,,,,,,,,,,,
Drew Whalen,RP,FA,,,,,,,,,,,,,,,,,,,,,,,,,,,,,,,,,,,,,,,,,,,,,,,,,,,
Connor Marshburn,SP,FA,,,,,,,,,,,,,,,,,,,,,,,,,,,,,,,,,,,,,,,,,,,,,,,,,,,
Wyatt Queen,RP,FA,,,,,,,,,,,,,,,,,,,,,,,,,,,,,,,,,,,,,,,,,,,,,,,,,,,
Dale Stanavich,RP,FA,,,,,,,,,,,,,,,,,,,,,,,,,,,,,,,,,,,,,,,,,,,,,,,,,,,
Chris Diaz,SP,FA,,,,,,,,,,,,,,,,,,,,,,,,,,,,,,,,,,,,,,,,,,,,,,,,,,,
Anthony Treto,RP,FA,,,,,,,,,,,,,,,,,,,,,,,,,,,,,,,,,,,,,,,,,,,,,,,,,,,
C.J. Culpepper,SP,FA,,,,,,,,,,,,,,,,,,,,,,,,,,,,,,,,,,,,,,,,,,,,,,,,,,,
Chris Torres,SP,FA,,,,,,,,,,,,,,,,,,,,,,,,,,,,,,,,,,,,,,,,,,,,,,,,,,,
Derek Schaefer,RP,FA,,,,,,,,,,,,,,,,,,,,,,,,,,,,,,,,,,,,,,,,,,,,,,,,,,,
Luke Harrison,SP,FA,,,,,,,,,,,,,,,,,,,,,,,,,,,,,,,,,,,,,,,,,,,,,,,,,,,
Riley Frey,RP,FA,,,,,,,,,,,,,,,,,,,,,,,,,,,,,,,,,,,,,,,,,,,,,,,,,,,
Jacob Haley,RP,FA,,,,,,,,,,,,,,,,,,,,,,,,,,,,,,,,,,,,,,,,,,,,,,,,,,,
Spencer Green,SP,FA,,,,,,,,,,,,,,,,,,,,,,,,,,,,,,,,,,,,,,,,,,,,,,,,,,,
Nick Bonn,RP,FA,,,,,,,,,,,,,,,,,,,,,,,,,,,,,,,,,,,,,,,,,,,,,,,,,,,
Josh Harlow,RP,FA,,,,,,,,,,,,,,,,,,,,,,,,,,,,,,,,,,,,,,,,,,,,,,,,,,,
Drew Horn,SP,FA,,,,,,,,,,,,,,,,,,,,,,,,,,,,,,,,,,,,,,,,,,,,,,,,,,,
Aaron Munson,RP,FA,,,,,,,,,,,,,,,,,,,,,,,,,,,,,,,,,,,,,,,,,,,,,,,,,,,
Brian Garmon,RP,FA,,,,,,,,,,,,,,,,,,,,,,,,,,,,,,,,,,,,,,,,,,,,,,,,,,,
Jaden Alba,RP,FA,,,,,,,,,,,,,,,,,,,,,,,,,,,,,,,,,,,,,,,,,,,,,,,,,,,
Owen Stevenson,SP,FA,,,,,,,,,,,,,,,,,,,,,,,,,,,,,,,,,,,,,,,,,,,,,,,,,,,
Dallis Moran,RP,FA,,,,,,,,,,,,,,,,,,,,,,,,,,,,,,,,,,,,,,,,,,,,,,,,,,,
Aidan Russell,RP,FA,,,,,,,,,,,,,,,,,,,,,,,,,,,,,,,,,,,,,,,,,,,,,,,,,,,
Jimmy Cordero,RP,FA,,,,,,,,,,,,,,,,,,,,,,,,,,,,,,,,,,,,,,,,,,,,,,,,,,,
Finnegan Wall,SP,FA,,,,,,,,,,,,,,,,,,,,,,,,,,,,,,,,,,,,,,,,,,,,,,,,,,,
Will Whelan,RP,FA,,,,,,,,,,,,,,,,,,,,,,,,,,,,,,,,,,,,,,,,,,,,,,,,,,,
Cody Brasch,SP,FA,,,,,,,,,,,,,,,,,,,,,,,,,,,,,,,,,,,,,,,,,,,,,,,,,,,
Jackson Nash,RP,FA,,,,,,,,,,,,,,,,,,,,,,,,,,,,,,,,,,,,,,,,,,,,,,,,,,,
Landon Brewer,SP,FA,,,,,,,,,,,,,,,,,,,,,,,,,,,,,,,,,,,,,,,,,,,,,,,,,,,
Ian Korn,RP,FA,,,,,,,,,,,,,,,,,,,,,,,,,,,,,,,,,,,,,,,,,,,,,,,,,,,
Alfredo Capacete,RP,FA,,,,,,,,,,,,,,,,,,,,,,,,,,,,,,,,,,,,,,,,,,,,,,,,,,,
Collin Cobb,SP,FA,,,,,,,,,,,,,,,,,,,,,,,,,,,,,,,,,,,,,,,,,,,,,,,,,,,
Jhosmer Alvarez,RP,FA,,,,,,,,,,,,,,,,,,,,,,,,,,,,,,,,,,,,,,,,,,,,,,,,,,,
Alex Solis,RP,FA,,,,,,,,,,,,,,,,,,,,,,,,,,,,,,,,,,,,,,,,,,,,,,,,,,,
Mathis Nayral,SP,FA,,,,,,,,,,,,,,,,,,,,,,,,,,,,,,,,,,,,,,,,,,,,,,,,,,,
Santiago Garcia,RP,FA,,,,,,,,,,,,,,,,,,,,,,,,,,,,,,,,,,,,,,,,,,,,,,,,,,,
Oliver de la Torre,SP,FA,,,,,,,,,,,,,,,,,,,,,,,,,,,,,,,,,,,,,,,,,,,,,,,,,,,
Connor Kelley,RP,FA,,,,,,,,,,,,,,,,,,,,,,,,,,,,,,,,,,,,,,,,,,,,,,,,,,,
Nathan Taylor,SP,FA,,,,,,,,,,,,,,,,,,,,,,,,,,,,,,,,,,,,,,,,,,,,,,,,,,,
Carson Cormier,SP,FA,,,,,,,,,,,,,,,,,,,,,,,,,,,,,,,,,,,,,,,,,,,,,,,,,,,
Max Hansmann,RP,FA,,,,,,,,,,,,,,,,,,,,,,,,,,,,,,,,,,,,,,,,,,,,,,,,,,,
Gage Peterson,SP,FA,,,,,,,,,,,,,,,,,,,,,,,,,,,,,,,,,,,,,,,,,,,,,,,,,,,
Cooper Consiglio,SP,FA,,,,,,,,,,,,,,,,,,,,,,,,,,,,,,,,,,,,,,,,,,,,,,,,,,,
Luke Fox,SP,FA,,,,,,,,,,,,,,,,,,,,,,,,,,,,,,,,,,,,,,,,,,,,,,,,,,,
Ethan Chenault,RP,FA,,,,,,,,,,,,,,,,,,,,,,,,,,,,,,,,,,,,,,,,,,,,,,,,,,,
Drew Titsworth,RP,FA,,,,,,,,,,,,,,,,,,,,,,,,,,,,,,,,,,,,,,,,,,,,,,,,,,,
Tyler Kennedy,SP,FA,,,,,,,,,,,,,,,,,,,,,,,,,,,,,,,,,,,,,,,,,,,,,,,,,,,
Patrick Clemmey,SP,FA,,,,,,,,,,,,,,,,,,,,,,,,,,,,,,,,,,,,,,,,,,,,,,,,,,,
Derek True,SP,FA,,,,,,,,,,,,,,,,,,,,,,,,,,,,,,,,,,,,,,,,,,,,,,,,,,,
Christian Coppola,RP,FA,,,,,,,,,,,,,,,,,,,,,,,,,,,,,,,,,,,,,,,,,,,,,,,,,,,
Luis De La Rosa,SP,FA,,,,,,,,,,,,,,,,,,,,,,,,,,,,,,,,,,,,,,,,,,,,,,,,,,,
Damarcus Rideout-Carter,RP,FA,,,,,,,,,,,,,,,,,,,,,,,,,,,,,,,,,,,,,,,,,,,,,,,,,,,
Spencer Evans,SP,FA,,,,,,,,,,,,,,,,,,,,,,,,,,,,,,,,,,,,,,,,,,,,,,,,,,,
Nick Dean,SP,FA,,,,,,,,,,,,,,,,,,,,,,,,,,,,,,,,,,,,,,,,,,,,,,,,,,,
Nate Helman,RP,FA,,,,,,,,,,,,,,,,,,,,,,,,,,,,,,,,,,,,,,,,,,,,,,,,,,,
Liam OLeary,SP,FA,,,,,,,,,,,,,,,,,,,,,,,,,,,,,,,,,,,,,,,,,,,,,,,,,,,
Roman Phansalkar,RP,FA,,,,,,,,,,,,,,,,,,,,,,,,,,,,,,,,,,,,,,,,,,,,,,,,,,,
Caleb Franzen,SP,FA,,,,,,,,,,,,,,,,,,,,,,,,,,,,,,,,,,,,,,,,,,,,,,,,,,,
Zach Fogell,RP,FA,,,,,,,,,,,,,,,,,,,,,,,,,,,,,,,,,,,,,,,,,,,,,,,,,,,
Hector Garcia Jr.,SP,FA,,,,,,,,,,,,,,,,,,,,,,,,,,,,,,,,,,,,,,,,,,,,,,,,,,,
T.J. Czyz,SP,FA,,,,,,,,,,,,,,,,,,,,,,,,,,,,,,,,,,,,,,,,,,,,,,,,,,,
Anthony Imhoff,SP,FA,,,,,,,,,,,,,,,,,,,,,,,,,,,,,,,,,,,,,,,,,,,,,,,,,,,
Bryce Warrecker,RP,FA,,,,,,,,,,,,,,,,,,,,,,,,,,,,,,,,,,,,,,,,,,,,,,,,,,,
Hunter Kublick,SP,FA,,,,,,,,,,,,,,,,,,,,,,,,,,,,,,,,,,,,,,,,,,,,,,,,,,,
Joe Adametz,RP,FA,,,,,,,,,,,,,,,,,,,,,,,,,,,,,,,,,,,,,,,,,,,,,,,,,,,
Jeremy Pilon,SP,FA,,,,,,,,,,,,,,,,,,,,,,,,,,,,,,,,,,,,,,,,,,,,,,,,,,,
Matt Jachec,RP,FA,,,,,,,,,,,,,,,,,,,,,,,,,,,,,,,,,,,,,,,,,,,,,,,,,,,
Daniel Ouderkirk,RP,FA,,,,,,,,,,,,,,,,,,,,,,,,,,,,,,,,,,,,,,,,,,,,,,,,,,,
Ryan Harvey,RP,FA,,,,,,,,,,,,,,,,,,,,,,,,,,,,,,,,,,,,,,,,,,,,,,,,,,,
Justin Chambers,RP,FA,,,,,,,,,,,,,,,,,,,,,,,,,,,,,,,,,,,,,,,,,,,,,,,,,,,
Kai Peterson,RP,FA,,,,,,,,,,,,,,,,,,,,,,,,,,,,,,,,,,,,,,,,,,,,,,,,,,,
Vince Reilly,RP,FA,,,,,,,,,,,,,,,,,,,,,,,,,,,,,,,,,,,,,,,,,,,,,,,,,,,
Connor Noland,SP,FA,,,,,,,,,,,,,,,,,,,,,,,,,,,,,,,,,,,,,,,,,,,,,,,,,,,
Benjamin Stubbs,SP,FA,,,,,,,,,,,,,,,,,,,,,,,,,,,,,,,,,,,,,,,,,,,,,,,,,,,
Jared Beck,RP,FA,,,,,,,,,,,,,,,,,,,,,,,,,,,,,,,,,,,,,,,,,,,,,,,,,,,
Garrett Wright,RP,FA,,,,,,,,,,,,,,,,,,,,,,,,,,,,,,,,,,,,,,,,,,,,,,,,,,,
Sean Fitzpatrick,RP,FA,,,,,,,,,,,,,,,,,,,,,,,,,,,,,,,,,,,,,,,,,,,,,,,,,,,
Sean Youngerman,RP,FA,,,,,,,,,,,,,,,,,,,,,,,,,,,,,,,,,,,,,,,,,,,,,,,,,,,
Billy Corcoran,SP,FA,,,,,,,,,,,,,,,,,,,,,,,,,,,,,,,,,,,,,,,,,,,,,,,,,,,
Pico Kohn,SP,FA,,,,,,,,,,,,,,,,,,,,,,,,,,,,,,,,,,,,,,,,,,,,,,,,,,,
Peyton Stumbo,SP,FA,,,,,,,,,,,,,,,,,,,,,,,,,,,,,,,,,,,,,,,,,,,,,,,,,,,
Johnathan Rogers,RP,FA,,,,,,,,,,,,,,,,,,,,,,,,,,,,,,,,,,,,,,,,,,,,,,,,,,,
Rob Evans,SP,FA,,,,,,,,,,,,,,,,,,,,,,,,,,,,,,,,,,,,,,,,,,,,,,,,,,,
Josh McDevitt,SP,FA,,,,,,,,,,,,,,,,,,,,,,,,,,,,,,,,,,,,,,,,,,,,,,,,,,,
Casey Steward,SP,FA,,,,,,,,,,,,,,,,,,,,,,,,,,,,,,,,,,,,,,,,,,,,,,,,,,,
Diego Barrera,RP,FA,,,,,,,,,,,,,,,,,,,,,,,,,,,,,,,,,,,,,,,,,,,,,,,,,,,
Ty Brachbill,SP,FA,,,,,,,,,,,,,,,,,,,,,,,,,,,,,,,,,,,,,,,,,,,,,,,,,,,
Jaxon Jelkin,SP,FA,,,,,,,,,,,,,,,,,,,,,,,,,,,,,,,,,,,,,,,,,,,,,,,,,,,
Bo Rhudy,RP,FA,,,,,,,,,,,,,,,,,,,,,,,,,,,,,,,,,,,,,,,,,,,,,,,,,,,
Adler Cecil,RP,FA,,,,,,,,,,,,,,,,,,,,,,,,,,,,,,,,,,,,,,,,,,,,,,,,,,,
Wyatt Danilowicz,RP,FA,,,,,,,,,,,,,,,,,,,,,,,,,,,,,,,,,,,,,,,,,,,,,,,,,,,
Albert Roblez,RP,FA,,,,,,,,,,,,,,,,,,,,,,,,,,,,,,,,,,,,,,,,,,,,,,,,,,,
Mason Morris,SP,FA,,,,,,,,,,,,,,,,,,,,,,,,,,,,,,,,,,,,,,,,,,,,,,,,,,,
Chris Downs,RP,FA,,,,,,,,,,,,,,,,,,,,,,,,,,,,,,,,,,,,,,,,,,,,,,,,,,,
Beau Bryans,SP,FA,,,,,,,,,,,,,,,,,,,,,,,,,,,,,,,,,,,,,,,,,,,,,,,,,,,
Kyle Luckham,SP,FA,,,,,,,,,,,,,,,,,,,,,,,,,,,,,,,,,,,,,,,,,,,,,,,,,,,
Patrick Pridgen,RP,FA,,,,,,,,,,,,,,,,,,,,,,,,,,,,,,,,,,,,,,,,,,,,,,,,,,,
Marques Johnson,RP,FA,,,,,,,,,,,,,,,,,,,,,,,,,,,,,,,,,,,,,,,,,,,,,,,,,,,
Austin Bergner,SP,FA,,,,,,,,,,,,,,,,,,,,,,,,,,,,,,,,,,,,,,,,,,,,,,,,,,,
Eric Silva,SP,FA,,,,,,,,,,,,,,,,,,,,,,,,,,,,,,,,,,,,,,,,,,,,,,,,,,,
Braxton Hyde,RP,FA,,,,,,,,,,,,,,,,,,,,,,,,,,,,,,,,,,,,,,,,,,,,,,,,,,,
Ysaias Escalona,SP,FA,,,,,,,,,,,,,,,,,,,,,,,,,,,,,,,,,,,,,,,,,,,,,,,,,,,
Rylan McMahan,SP,FA,,,,,,,,,,,,,,,,,,,,,,,,,,,,,,,,,,,,,,,,,,,,,,,,,,,
Micah Dallas,RP,FA,,,,,,,,,,,,,,,,,,,,,,,,,,,,,,,,,,,,,,,,,,,,,,,,,,,
Austin Breedlove,RP,FA,,,,,,,,,,,,,,,,,,,,,,,,,,,,,,,,,,,,,,,,,,,,,,,,,,,
Jack Cebert,RP,FA,,,,,,,,,,,,,,,,,,,,,,,,,,,,,,,,,,,,,,,,,,,,,,,,,,,
Micah Bucknam,SP,FA,,,,,,,,,,,,,,,,,,,,,,,,,,,,,,,,,,,,,,,,,,,,,,,,,,,
Rohan Lettow,SP,FA,,,,,,,,,,,,,,,,,,,,,,,,,,,,,,,,,,,,,,,,,,,,,,,,,,,
Mason Steele,SP,FA,,,,,,,,,,,,,,,,,,,,,,,,,,,,,,,,,,,,,,,,,,,,,,,,,,,
Evan Blanco,SP,FA,,,,,,,,,,,,,,,,,,,,,,,,,,,,,,,,,,,,,,,,,,,,,,,,,,,
Rory Fox,SP,FA,,,,,,,,,,,,,,,,,,,,,,,,,,,,,,,,,,,,,,,,,,,,,,,,,,,
Nathan Aceves,SP,FA,,,,,,,,,,,,,,,,,,,,,,,,,,,,,,,,,,,,,,,,,,,,,,,,,,,
Jacob Frost,SP,FA,,,,,,,,,,,,,,,,,,,,,,,,,,,,,,,,,,,,,,,,,,,,,,,,,,,
Caden Sivrich,SP,FA,,,,,,,,,,,,,,,,,,,,,,,,,,,,,,,,,,,,,,,,,,,,,,,,,,,
Nathan Hall,SP,FA,,,,,,,,,,,,,,,,,,,,,,,,,,,,,,,,,,,,,,,,,,,,,,,,,,,
Ben Grable,SP,FA,,,,,,,,,,,,,,,,,,,,,,,,,,,,,,,,,,,,,,,,,,,,,,,,,,,
Tyler August,RP,FA,,,,,,,,,,,,,,,,,,,,,,,,,,,,,,,,,,,,,,,,,,,,,,,,,,,
Brady Hamilton,SP,FA,,,,,,,,,,,,,,,,,,,,,,,,,,,,,,,,,,,,,,,,,,,,,,,,,,,
Cole Dorland,SP,FA,,,,,,,,,,,,,,,,,,,,,,,,,,,,,,,,,,,,,,,,,,,,,,,,,,,
Jake Fitzgibbons,RP,FA,,,,,,,,,,,,,,,,,,,,,,,,,,,,,,,,,,,,,,,,,,,,,,,,,,,
Jason Gilman,SP,FA,,,,,,,,,,,,,,,,,,,,,,,,,,,,,,,,,,,,,,,,,,,,,,,,,,,
Jack Sellinger,RP,FA,,,,,,,,,,,,,,,,,,,,,,,,,,,,,,,,,,,,,,,,,,,,,,,,,,,
Ross Normal,SP,FA,,,,,,,,,,,,,,,,,,,,,,,,,,,,,,,,,,,,,,,,,,,,,,,,,,,
Jojo Ingrassia,RP,FA,,,,,,,,,,,,,,,,,,,,,,,,,,,,,,,,,,,,,,,,,,,,,,,,,,,
Carter Lovasz,RP,FA,,,,,,,,,,,,,,,,,,,,,,,,,,,,,,,,,,,,,,,,,,,,,,,,,,,
Miguel Hugas,SP,FA,,,,,,,,,,,,,,,,,,,,,,,,,,,,,,,,,,,,,,,,,,,,,,,,,,,
Xander Hamilton,RP,FA,,,,,,,,,,,,,,,,,,,,,,,,,,,,,,,,,,,,,,,,,,,,,,,,,,,
Garrison Sumner,SP,FA,,,,,,,,,,,,,,,,,,,,,,,,,,,,,,,,,,,,,,,,,,,,,,,,,,,
Cale Lansville,SP,FA,,,,,,,,,,,,,,,,,,,,,,,,,,,,,,,,,,,,,,,,,,,,,,,,,,,
Lucas Mahlstedt,RP,FA,,,,,,,,,,,,,,,,,,,,,,,,,,,,,,,,,,,,,,,,,,,,,,,,,,,
Riley Maddox,SP,FA,,,,,,,,,,,,,,,,,,,,,,,,,,,,,,,,,,,,,,,,,,,,,,,,,,,
Braden Smith,SP,FA,,,,,,,,,,,,,,,,,,,,,,,,,,,,,,,,,,,,,,,,,,,,,,,,,,,
Will Holmes,SP,FA,,,,,,,,,,,,,,,,,,,,,,,,,,,,,,,,,,,,,,,,,,,,,,,,,,,
Wilson Betemit Jr.,SP,FA,,,,,,,,,,,,,,,,,,,,,,,,,,,,,,,,,,,,,,,,,,,,,,,,,,,
Antonio Velez,SP,FA,,,,,,,,,,,,,,,,,,,,,,,,,,,,,,,,,,,,,,,,,,,,,,,,,,,
Jo-Hsi Hsu,SP,FA,,,,,,,,,,,,,,,,,,,,,,,,,,,,,,,,,,,,,,,,,,,,,,,,,,,
Kyle Jones,RP,FA,,,,,,,,,,,,,,,,,,,,,,,,,,,,,,,,,,,,,,,,,,,,,,,,,,,
Joseph King,RP,FA,,,,,,,,,,,,,,,,,,,,,,,,,,,,,,,,,,,,,,,,,,,,,,,,,,,
Yereny Teus,SP,FA,,,,,,,,,,,,,,,,,,,,,,,,,,,,,,,,,,,,,,,,,,,,,,,,,,,
Sam Bower,SP,FA,,,,,,,,,,,,,,,,,,,,,,,,,,,,,,,,,,,,,,,,,,,,,,,,,,,
Mason Patel,RP,FA,,,,,,,,,,,,,,,,,,,,,,,,,,,,,,,,,,,,,,,,,,,,,,,,,,,
Colin Fitzgerald,SP,FA,,,,,,,,,,,,,,,,,,,,,,,,,,,,,,,,,,,,,,,,,,,,,,,,,,,
Cesar Navarro,SP,FA,,,,,,,,,,,,,,,,,,,,,,,,,,,,,,,,,,,,,,,,,,,,,,,,,,,
AJ Rogers,RP,FA,,,,,,,,,,,,,,,,,,,,,,,,,,,,,,,,,,,,,,,,,,,,,,,,,,,
Oscar Montero,SP,FA,,,,,,,,,,,,,,,,,,,,,,,,,,,,,,,,,,,,,,,,,,,,,,,,,,,
Brannon Westmoreland,SP,FA,,,,,,,,,,,,,,,,,,,,,,,,,,,,,,,,,,,,,,,,,,,,,,,,,,,
Miguel Herrera,SP,FA,,,,,,,,,,,,,,,,,,,,,,,,,,,,,,,,,,,,,,,,,,,,,,,,,,,
Joseph Jasso,RP,FA,,,,,,,,,,,,,,,,,,,,,,,,,,,,,,,,,,,,,,,,,,,,,,,,,,,
Andrew Evans,SP,FA,,,,,,,,,,,,,,,,,,,,,,,,,,,,,,,,,,,,,,,,,,,,,,,,,,,
Dalton Mall,SP,FA,,,,,,,,,,,,,,,,,,,,,,,,,,,,,,,,,,,,,,,,,,,,,,,,,,,
Dan Kubiuk,RP,FA,,,,,,,,,,,,,,,,,,,,,,,,,,,,,,,,,,,,,,,,,,,,,,,,,,,
Riley Cooper,SP,FA,,,,,,,,,,,,,,,,,,,,,,,,,,,,,,,,,,,,,,,,,,,,,,,,,,,
Colson Lawrence,RP,FA,,,,,,,,,,,,,,,,,,,,,,,,,,,,,,,,,,,,,,,,,,,,,,,,,,,
Brayden Heidel,RP,FA,,,,,,,,,,,,,,,,,,,,,,,,,,,,,,,,,,,,,,,,,,,,,,,,,,,
Dane Lais,RP,FA,,,,,,,,,,,,,,,,,,,,,,,,,,,,,,,,,,,,,,,,,,,,,,,,,,,
Hayden Durke,RP,FA,,,,,,,,,,,,,,,,,,,,,,,,,,,,,,,,,,,,,,,,,,,,,,,,,,,
Reese Lumpkin,RP,FA,,,,,,,,,,,,,,,,,,,,,,,,,,,,,,,,,,,,,,,,,,,,,,,,,,,
Mariano Salomon,RP,FA,,,,,,,,,,,,,,,,,,,,,,,,,,,,,,,,,,,,,,,,,,,,,,,,,,,
Jeremy Lee,SP,FA,,,,,,,,,,,,,,,,,,,,,,,,,,,,,,,,,,,,,,,,,,,,,,,,,,,
Nick Bitsko,RP,FA,,,,,,,,,,,,,,,,,,,,,,,,,,,,,,,,,,,,,,,,,,,,,,,,,,,
Bjorn Johnson,RP,FA,,,,,,,,,,,,,,,,,,,,,,,,,,,,,,,,,,,,,,,,,,,,,,,,,,,
Sam Armstrong,SP,FA,,,,,,,,,,,,,,,,,,,,,,,,,,,,,,,,,,,,,,,,,,,,,,,,,,,
Jared Kelley,RP,FA,,,,,,,,,,,,,,,,,,,,,,,,,,,,,,,,,,,,,,,,,,,,,,,,,,,
Cam Padgett,RP,FA,,,,,,,,,,,,,,,,,,,,,,,,,,,,,,,,,,,,,,,,,,,,,,,,,,,
Deiry Gonzalez,SP,FA,,,,,,,,,,,,,,,,,,,,,,,,,,,,,,,,,,,,,,,,,,,,,,,,,,,
Ryan Piech,SP,FA,,,,,,,,,,,,,,,,,,,,,,,,,,,,,,,,,,,,,,,,,,,,,,,,,,,
Brett Wichrowski,SP,FA,,,,,,,,,,,,,,,,,,,,,,,,,,,,,,,,,,,,,,,,,,,,,,,,,,,
Grant Richardson,SP,FA,,,,,,,,,,,,,,,,,,,,,,,,,,,,,,,,,,,,,,,,,,,,,,,,,,,
Luis Fonseca,RP,FA,,,,,,,,,,,,,,,,,,,,,,,,,,,,,,,,,,,,,,,,,,,,,,,,,,,
Lance Williams,SP,FA,,,,,,,,,,,,,,,,,,,,,,,,,,,,,,,,,,,,,,,,,,,,,,,,,,,
Hagan Banks,RP,FA,,,,,,,,,,,,,,,,,,,,,,,,,,,,,,,,,,,,,,,,,,,,,,,,,,,
Collin McKinney,SP,FA,,,,,,,,,,,,,,,,,,,,,,,,,,,,,,,,,,,,,,,,,,,,,,,,,,,
Elijah Dale,RP,FA,,,,,,,,,,,,,,,,,,,,,,,,,,,,,,,,,,,,,,,,,,,,,,,,,,,
Michael Addari,RP,FA,,,,,,,,,,,,,,,,,,,,,,,,,,,,,,,,,,,,,,,,,,,,,,,,,,,
Ben Simon,RP,FA,,,,,,,,,,,,,,,,,,,,,,,,,,,,,,,,,,,,,,,,,,,,,,,,,,,
Colby Guy,RP,FA,,,,,,,,,,,,,,,,,,,,,,,,,,,,,,,,,,,,,,,,,,,,,,,,,,,
Alex Makarewich,RP,FA,,,,,,,,,,,,,,,,,,,,,,,,,,,,,,,,,,,,,,,,,,,,,,,,,,,
Peyton Fiene,RP,FA,,,,,,,,,,,,,,,,,,,,,,,,,,,,,,,,,,,,,,,,,,,,,,,,,,,
Aidan Weaver,SP,FA,,,,,,,,,,,,,,,,,,,,,,,,,,,,,,,,,,,,,,,,,,,,,,,,,,,
David Rossow,SP,FA,,,,,,,,,,,,,,,,,,,,,,,,,,,,,,,,,,,,,,,,,,,,,,,,,,,
Carson Turnquist,SP,FA,,,,,,,,,,,,,,,,,,,,,,,,,,,,,,,,,,,,,,,,,,,,,,,,,,,
Mick Uebelhor,RP,FA,,,,,,,,,,,,,,,,,,,,,,,,,,,,,,,,,,,,,,,,,,,,,,,,,,,
Joseph Yabbour,RP,FA,,,,,,,,,,,,,,,,,,,,,,,,,,,,,,,,,,,,,,,,,,,,,,,,,,,
Hunter Possehl,SP,FA,,,,,,,,,,,,,,,,,,,,,,,,,,,,,,,,,,,,,,,,,,,,,,,,,,,
Dylan Vigue,SP,FA,,,,,,,,,,,,,,,,,,,,,,,,,,,,,,,,,,,,,,,,,,,,,,,,,,,
Logan Evans,SP,FA,,,,,,,,,,,,,,,,,,,,,,,,,,,,,,,,,,,,,,,,,,,,,,,-0.6,0.35,19.4,8.9,7.3
Grant Fontenot,RP,FA,,,,,,,,,,,,,,,,,,,,,,,,,,,,,,,,,,,,,,,,,,,,,,,,,,,
Keegan Zinn,RP,FA,,,,,,,,,,,,,,,,,,,,,,,,,,,,,,,,,,,,,,,,,,,,,,,,,,,
Chandler Murphy,SP,FA,,,,,,,,,,,,,,,,,,,,,,,,,,,,,,,,,,,,,,,,,,,,,,,,,,,
Ryan Lobus,RP,FA,,,,,,,,,,,,,,,,,,,,,,,,,,,,,,,,,,,,,,,,,,,,,,,,,,,
Lance Hartley,RP,FA,,,,,,,,,,,,,,,,,,,,,,,,,,,,,,,,,,,,,,,,,,,,,,,,,,,
Chay Yeager,RP,FA,,,,,,,,,,,,,,,,,,,,,,,,,,,,,,,,,,,,,,,,,,,,,,,,,,,
Luke Savage,RP,FA,,,,,,,,,,,,,,,,,,,,,,,,,,,,,,,,,,,,,,,,,,,,,,,,,,,
Dalton Hill,RP,FA,,,,,,,,,,,,,,,,,,,,,,,,,,,,,,,,,,,,,,,,,,,,,,,,,,,
J.J. Sanchez,RP,FA,,,,,,,,,,,,,,,,,,,,,,,,,,,,,,,,,,,,,,,,,,,,,,,,,,,
Madden Clement,SP,FA,,,,,,,,,,,,,,,,,,,,,,,,,,,,,,,,,,,,,,,,,,,,,,,,,,,
Nigel Belgrave,RP,FA,,,,,,,,,,,,,,,,,,,,,,,,,,,,,,,,,,,,,,,,,,,,,,,,,,,
Rio Britton,RP,FA,,,,,,,,,,,,,,,,,,,,,,,,,,,,,,,,,,,,,,,,,,,,,,,,,,,
Carlton Perkins,RP,FA,,,,,,,,,,,,,,,,,,,,,,,,,,,,,,,,,,,,,,,,,,,,,,,,,,,
Spencer Bengard,RP,FA,,,,,,,,,,,,,,,,,,,,,,,,,,,,,,,,,,,,,,,,,,,,,,,,,,,
Miles Gosztola,SP,FA,,,,,,,,,,,,,,,,,,,,,,,,,,,,,,,,,,,,,,,,,,,,,,,,,,,
Dylan Carmouche,SP,FA,,,,,,,,,,,,,,,,,,,,,,,,,,,,,,,,,,,,,,,,,,,,,,,,,,,
Cody New,SP,FA,,,,,,,,,,,,,,,,,,,,,,,,,,,,,,,,,,,,,,,,,,,,,,,,,,,
Kelena Sauer,SP,FA,,,,,,,,,,,,,,,,,,,,,,,,,,,,,,,,,,,,,,,,,,,,,,,,,,,
Gavin Chakar,SP,FA,,,,,,,,,,,,,,,,,,,,,,,,,,,,,,,,,,,,,,,,,,,,,,,,,,,
Carson Myers,RP,FA,,,,,,,,,,,,,,,,,,,,,,,,,,,,,,,,,,,,,,,,,,,,,,,,,,,
Will Stevens,RP,FA,,,,,,,,,,,,,,,,,,,,,,,,,,,,,,,,,,,,,,,,,,,,,,,,,,,
Ryne Rodriguez,RP,FA,,,,,,,,,,,,,,,,,,,,,,,,,,,,,,,,,,,,,,,,,,,,,,,,,,,
Justin Lawson,RP,FA,,,,,,,,,,,,,,,,,,,,,,,,,,,,,,,,,,,,,,,,,,,,,,,,,,,
Dayne Pengelly,SP,FA,,,,,,,,,,,,,,,,,,,,,,,,,,,,,,,,,,,,,,,,,,,,,,,,,,,
Camden Wimbish,RP,FA,,,,,,,,,,,,,,,,,,,,,,,,,,,,,,,,,,,,,,,,,,,,,,,,,,,
Justin West,RP,FA,,,,,,,,,,,,,,,,,,,,,,,,,,,,,,,,,,,,,,,,,,,,,,,,,,,
Ethan Sutton,RP,FA,,,,,,,,,,,,,,,,,,,,,,,,,,,,,,,,,,,,,,,,,,,,,,,,,,,
Kyle Scott,RP,FA,,,,,,,,,,,,,,,,,,,,,,,,,,,,,,,,,,,,,,,,,,,,,,,,,,,
Cole Selvig,SP,FA,,,,,,,,,,,,,,,,,,,,,,,,,,,,,,,,,,,,,,,,,,,,,,,,,,,
Tommy ORourke,RP,FA,,,,,,,,,,,,,,,,,,,,,,,,,,,,,,,,,,,,,,,,,,,,,,,,,,,
David Rodriguez,RP,FA,,,,,,,,,,,,,,,,,,,,,,,,,,,,,,,,,,,,,,,,,,,,,,,,,,,
Reece Wissinger,SP,FA,,,,,,,,,,,,,,,,,,,,,,,,,,,,,,,,,,,,,,,,,,,,,,,,,,,
Zane Taylor,SP,FA,,,,,,,,,,,,,,,,,,,,,,,,,,,,,,,,,,,,,,,,,,,,,,,,,,,
Fabio Bundi,SP,FA,,,,,,,,,,,,,,,,,,,,,,,,,,,,,,,,,,,,,,,,,,,,,,,,,,,
Zach Peters,RP,FA,,,,,,,,,,,,,,,,,,,,,,,,,,,,,,,,,,,,,,,,,,,,,,,,,,,
Tyler Kapa,RP,FA,,,,,,,,,,,,,,,,,,,,,,,,,,,,,,,,,,,,,,,,,,,,,,,,,,,
Connor Benge,RP,FA,,,,,,,,,,,,,,,,,,,,,,,,,,,,,,,,,,,,,,,,,,,,,,,,,,,
Cristian Hernandez,SP,FA,,,,,,,,,,,,,,,,,,,,,,,,,,,,,,,,,,,,,,,,,,,,,,,,,,,
Colin Linder,SP,FA,,,,,,,,,,,,,,,,,,,,,,,,,,,,,,,,,,,,,,,,,,,,,,,,,,,
Jeicol Surumay,SP,FA,,,,,,,,,,,,,,,,,,,,,,,,,,,,,,,,,,,,,,,,,,,,,,,,,,,
Porter Buursema,RP,FA,,,,,,,,,,,,,,,,,,,,,,,,,,,,,,,,,,,,,,,,,,,,,,,,,,,
Noe Toribio,SP,FA,,,,,,,,,,,,,,,,,,,,,,,,,,,,,,,,,,,,,,,,,,,,,,,,,,,
Cody Tucker,SP,FA,,,,,,,,,,,,,,,,,,,,,,,,,,,,,,,,,,,,,,,,,,,,,,,,,,,
Cooper Moss,SP,FA,,,,,,,,,,,,,,,,,,,,,,,,,,,,,,,,,,,,,,,,,,,,,,,,,,,
German Fajardo,RP,FA,,,,,,,,,,,,,,,,,,,,,,,,,,,,,,,,,,,,,,,,,,,,,,,,,,,
Sean Loggie,SP,FA,,,,,,,,,,,,,,,,,,,,,,,,,,,,,,,,,,,,,,,,,,,,,,,,,,,
Will Schomberg,SP,FA,,,,,,,,,,,,,,,,,,,,,,,,,,,,,,,,,,,,,,,,,,,,,,,,,,,
Denton Lord,SP,FA,,,,,,,,,,,,,,,,,,,,,,,,,,,,,,,,,,,,,,,,,,,,,,,,,,,
Hayden Robinson,SP,FA,,,,,,,,,,,,,,,,,,,,,,,,,,,,,,,,,,,,,,,,,,,,,,,,,,,
Gunnar Garrison,SP,FA,,,,,,,,,,,,,,,,,,,,,,,,,,,,,,,,,,,,,,,,,,,,,,,,,,,
Michael Forret,SP,FA,,,,,,,,,,,,,,,,,,,,,,,,,,,,,,,,,,,,,,,,,,,,,,,,,,,
Diego Gutierrez,SP,FA,,,,,,,,,,,,,,,,,,,,,,,,,,,,,,,,,,,,,,,,,,,,,,,,,,,
John Valle,RP,FA,,,,,,,,,,,,,,,,,,,,,,,,,,,,,,,,,,,,,,,,,,,,,,,,,,,
Gerson Moreno,RP,FA,,,,,,,,,,,,,,,,,,,,,,,,,,,,,,,,,,,,,,,,,,,,,,,,,,,
Brandon Arvidson,RP,FA,,,,,,,,,,,,,,,,,,,,,,,,,,,,,,,,,,,,,,,,,,,,,,,,,,,
Jacob Odle,SP,FA,,,,,,,,,,,,,,,,,,,,,,,,,,,,,,,,,,,,,,,,,,,,,,,,,,,
Ariston Veasey,RP,FA,,,,,,,,,,,,,,,,,,,,,,,,,,,,,,,,,,,,,,,,,,,,,,,,,,,
Zane Morehouse,RP,FA,,,,,,,,,,,,,,,,,,,,,,,,,,,,,,,,,,,,,,,,,,,,,,,,,,,
Ernie Day,SP,FA,,,,,,,,,,,,,,,,,,,,,,,,,,,,,,,,,,,,,,,,,,,,,,,,,,,
Danny Flatt,SP,FA,,,,,,,,,,,,,,,,,,,,,,,,,,,,,,,,,,,,,,,,,,,,,,,,,,,
Tyler Morgan,RP,FA,,,,,,,,,,,,,,,,,,,,,,,,,,,,,,,,,,,,,,,,,,,,,,,,,,,
Mikey Tepper,SP,FA,,,,,,,,,,,,,,,,,,,,,,,,,,,,,,,,,,,,,,,,,,,,,,,,,,,
Dylan Simmons,RP,FA,,,,,,,,,,,,,,,,,,,,,,,,,,,,,,,,,,,,,,,,,,,,,,,,,,,
Juan Hillman,SP,FA,,,,,,,,,,,,,,,,,,,,,,,,,,,,,,,,,,,,,,,,,,,,,,,,,,,
Chase Isbell,RP,FA,,,,,,,,,,,,,,,,,,,,,,,,,,,,,,,,,,,,,,,,,,,,,,,,,,,
Michael Trausch,RP,FA,,,,,,,,,,,,,,,,,,,,,,,,,,,,,,,,,,,,,,,,,,,,,,,,,,,
Triston McKenzie,SP,FA,,,,,,,,,,,,,,,,,,,,,,,,,,,,,,,,,,,,,,,,,,,,,,,,,,,
Luis Aguilar,RP,FA,,,,,,,,,,,,,,,,,,,,,,,,,,,,,,,,,,,,,,,,,,,,,,,,,,,
Joan Ogando,SP,FA,,,,,,,,,,,,,,,,,,,,,,,,,,,,,,,,,,,,,,,,,,,,,,,,,,,
Angelo Smith,RP,FA,,,,,,,,,,,,,,,,,,,,,,,,,,,,,,,,,,,,,,,,,,,,,,,,,,,
Caleb Jameson,RP,FA,,,,,,,,,,,,,,,,,,,,,,,,,,,,,,,,,,,,,,,,,,,,,,,,,,,
Jarrod Cande,SP,FA,,,,,,,,,,,,,,,,,,,,,,,,,,,,,,,,,,,,,,,,,,,,,,,,,,,
Dean Livingston,SP,FA,,,,,,,,,,,,,,,,,,,,,,,,,,,,,,,,,,,,,,,,,,,,,,,,,,,
Carlson Reed,SP,FA,,,,,,,,,,,,,,,,,,,,,,,,,,,,,,,,,,,,,,,,,,,,,,,,,,,
Dominic Mauro,RP,FA,,,,,,,,,,,,,,,,,,,,,,,,,,,,,,,,,,,,,,,,,,,,,,,,,,,
Hunter Mann,RP,FA,,,,,,,,,,,,,,,,,,,,,,,,,,,,,,,,,,,,,,,,,,,,,,,,,,,
Josh Trentadue,SP,FA,,,,,,,,,,,,,,,,,,,,,,,,,,,,,,,,,,,,,,,,,,,,,,,,,,,
Jake Bean,SP,FA,,,,,,,,,,,,,,,,,,,,,,,,,,,,,,,,,,,,,,,,,,,,,,,,,,,
Carson Lane,SP,FA,,,,,,,,,,,,,,,,,,,,,,,,,,,,,,,,,,,,,,,,,,,,,,,,,,,
Josh Sborz,RP,FA,,,,,,,,,,,,,,,,,,,,,,,,,,,,,,,,,,,,,,,,,,,,,,,,,,,
Ethan Bosacker,SP,FA,,,,,,,,,,,,,,,,,,,,,,,,,,,,,,,,,,,,,,,,,,,,,,,,,,,
Jonathan Hughes,RP,FA,,,,,,,,,,,,,,,,,,,,,,,,,,,,,,,,,,,,,,,,,,,,,,,,,,,
Sebastian Rolon,SP,FA,,,,,,,,,,,,,,,,,,,,,,,,,,,,,,,,,,,,,,,,,,,,,,,,,,,
Griffin Naess,SP,FA,,,,,,,,,,,,,,,,,,,,,,,,,,,,,,,,,,,,,,,,,,,,,,,,,,,
Will Johnston,SP,FA,,,,,,,,,,,,,,,,,,,,,,,,,,,,,,,,,,,,,,,,,,,,,,,,,,,
Parker Dillhoff,SP,FA,,,,,,,,,,,,,,,,,,,,,,,,,,,,,,,,,,,,,,,,,,,,,,,,,,,
Luke McGrath,RP,FA,,,,,,,,,,,,,,,,,,,,,,,,,,,,,,,,,,,,,,,,,,,,,,,,,,,
Cody Adcock,RP,FA,,,,,,,,,,,,,,,,,,,,,,,,,,,,,,,,,,,,,,,,,,,,,,,,,,,
Dalton Neuschwander,SP,FA,,,,,,,,,,,,,,,,,,,,,,,,,,,,,,,,,,,,,,,,,,,,,,,,,,,
Travis Lutz,SP,FA,,,,,,,,,,,,,,,,,,,,,,,,,,,,,,,,,,,,,,,,,,,,,,,,,,,
Ashton Pocol,RP,FA,,,,,,,,,,,,,,,,,,,,,,,,,,,,,,,,,,,,,,,,,,,,,,,,,,,
Hudson Barrett,SP,FA,,,,,,,,,,,,,,,,,,,,,,,,,,,,,,,,,,,,,,,,,,,,,,,,,,,
Brandon Beckel,RP,FA,,,,,,,,,,,,,,,,,,,,,,,,,,,,,,,,,,,,,,,,,,,,,,,,,,,
Truman Pauley,SP,FA,,,,,,,,,,,,,,,,,,,,,,,,,,,,,,,,,,,,,,,,,,,,,,,,,,,
Zac Cowan,SP,FA,,,,,,,,,,,,,,,,,,,,,,,,,,,,,,,,,,,,,,,,,,,,,,,,,,,
Luke Guth,RP,FA,,,,,,,,,,,,,,,,,,,,,,,,,,,,,,,,,,,,,,,,,,,,,,,,,,,
Josh Staumont,RP,FA,,,,,,,,,,,,,,,,,,,,,,,,,,,,,,,,,,,,,,,,,,,,,,,,,,,
Zach Royse,SP,FA,,,,,,,,,,,,,,,,,,,,,,,,,,,,,,,,,,,,,,,,,,,,,,,,,,,
Mikiah Negrete,SP,FA,,,,,,,,,,,,,,,,,,,,,,,,,,,,,,,,,,,,,,,,,,,,,,,,,,,
Noah Ruen,RP,FA,,,,,,,,,,,,,,,,,,,,,,,,,,,,,,,,,,,,,,,,,,,,,,,,,,,
Tanner Sagouspe,SP,FA,,,,,,,,,,,,,,,,,,,,,,,,,,,,,,,,,,,,,,,,,,,,,,,,,,,
Nate Snead,RP,FA,,,,,,,,,,,,,,,,,,,,,,,,,,,,,,,,,,,,,,,,,,,,,,,,,,,
Alberto Laroche,SP,FA,,,,,,,,,,,,,,,,,,,,,,,,,,,,,,,,,,,,,,,,,,,,,,,,,,,
Garrett Brewer,RP,FA,,,,,,,,,,,,,,,,,,,,,,,,,,,,,,,,,,,,,,,,,,,,,,,,,,,
Gavin Swartz,SP,FA,,,,,,,,,,,,,,,,,,,,,,,,,,,,,,,,,,,,,,,,,,,,,,,,,,,
Julian Tonghini,RP,FA,,,,,,,,,,,,,,,,,,,,,,,,,,,,,,,,,,,,,,,,,,,,,,,,,,,
Ty Van Dyke,SP,FA,,,,,,,,,,,,,,,,,,,,,,,,,,,,,,,,,,,,,,,,,,,,,,,,,,,
Danny Thompson,RP,FA,,,,,,,,,,,,,,,,,,,,,,,,,,,,,,,,,,,,,,,,,,,,,,,,,,,
Josh Swink,RP,FA,,,,,,,,,,,,,,,,,,,,,,,,,,,,,,,,,,,,,,,,,,,,,,,,,,,
Matthew Tippie,RP,FA,,,,,,,,,,,,,,,,,,,,,,,,,,,,,,,,,,,,,,,,,,,,,,,,,,,
Sam Larson,RP,FA,,,,,,,,,,,,,,,,,,,,,,,,,,,,,,,,,,,,,,,,,,,,,,,,,,,
Mason Miller,RP,FA,,,,,,,,,,,,,,,,,,,,,,,,,,,,,,,,,,,,,,,,,,,,,,,,,,,
Mason Davenport,RP,FA,,,,,,,,,,,,,,,,,,,,,,,,,,,,,,,,,,,,,,,,,,,,,,,,,,,
James Hicks,SP,FA,,,,,,,,,,,,,,,,,,,,,,,,,,,,,,,,,,,,,,,,,,,,,,,,,,,
Reid Easterly,RP,FA,,,,,,,,,,,,,,,,,,,,,,,,,,,,,,,,,,,,,,,,,,,,,,,,,,,
Jett Johnston,RP,FA,,,,,,,,,,,,,,,,,,,,,,,,,,,,,,,,,,,,,,,,,,,,,,,,,,,
Garrett McMillan,SP,FA,,,,,,,,,,,,,,,,,,,,,,,,,,,,,,,,,,,,,,,,,,,,,,,,,,,
Josh Tiedemann,RP,FA,,,,,,,,,,,,,,,,,,,,,,,,,,,,,,,,,,,,,,,,,,,,,,,,,,,
William Privette,RP,FA,,,,,,,,,,,,,,,,,,,,,,,,,,,,,,,,,,,,,,,,,,,,,,,,,,,
Blake Gillespie,SP,FA,,,,,,,,,,,,,,,,,,,,,,,,,,,,,,,,,,,,,,,,,,,,,,,,,,,
Michael Lane,SP,FA,,,,,,,,,,,,,,,,,,,,,,,,,,,,,,,,,,,,,,,,,,,,,,,,,,,
Marty Gair,RP,FA,,,,,,,,,,,,,,,,,,,,,,,,,,,,,,,,,,,,,,,,,,,,,,,,,,,
Edwin Alicea,SP,FA,,,,,,,,,,,,,,,,,,,,,,,,,,,,,,,,,,,,,,,,,,,,,,,,,,,
A.J. Alexy,SP,FA,,,,,,,,,,,,,,,,,,,,,,,,,,,,,,,,,,,,,,,,,,,,,,,,,,,
Joe Barlow,RP,FA,,,,,,,,,,,,,,,,,,,,,,,,,,,,,,,,,,,,,,,,,,,,,,,,,,,
Esteban Mejia,SP,FA,,,,,,,,,,,,,,,,,,,,,,,,,,,,,,,,,,,,,,,,,,,,,,,,,,,
Jose Paulino,SP,FA,,,,,,,,,,,,,,,,,,,,,,,,,,,,,,,,,,,,,,,,,,,,,,,,,,,
Jordany Ventura,RP,FA,,,,,,,,,,,,,,,,,,,,,,,,,,,,,,,,,,,,,,,,,,,,,,,,,,,
Robert Dominguez,RP,FA,,,,,,,,,,,,,,,,,,,,,,,,,,,,,,,,,,,,,,,,,,,,,,,,,,,
Charlie Morton,SP,FA,,,,,,,,,,,,,,,,,,,,,,,,,,,,,,,,,,,,,,,,,,,,,,,0.5,0.24,27.9,11.0,6.6
Ronny Henriquez,RP,FA,,,,,,,,,,,,,,,,,,,,,,,,,,,,,,,,,,,,,,,,,,,,,,,1.76,0.41,36.0,8.9,7.2
James Naile,RP,FA,,,,,,,,,,,,,,,,,,,,,,,,,,,,,,,,,,,,,,,,,,,,,,,,,,,
Jeisson Cabrera,RP,FA,,,,,,,,,,,,,,,,,,,,,,,,,,,,,,,,,,,,,,,,,,,,,,,,,,,
Nic Enright,RP,FA,,,,,,,,,,,,,,,,,,,,,,,,,,,,,,,,,,,,,,,,,,,,,,,0.05,-0.1,26.4,9.4,7.9
Kenny Rosenberg,RP,FA,,,,,,,,,,,,,,,,,,,,,,,,,,,,,,,,,,,,,,,,,,,,,,,,,,,
Humberto Cruz,SP,FA,,,,,,,,,,,,,,,,,,,,,,,,,,,,,,,,,,,,,,,,,,,,,,,,,,,
Rafi Vazquez,SP,FA,,,,,,,,,,,,,,,,,,,,,,,,,,,,,,,,,,,,,,,,,,,,,,,,,,,
Greider Colina,SP,FA,,,,,,,,,,,,,,,,,,,,,,,,,,,,,,,,,,,,,,,,,,,,,,,,,,,
Art Warren,RP,FA,,,,,,,,,,,,,,,,,,,,,,,,,,,,,,,,,,,,,,,,,,,,,,,,,,,
Blake Cederlind,RP,FA,,,,,,,,,,,,,,,,,,,,,,,,,,,,,,,,,,,,,,,,,,,,,,,,,,,
Nick Krauth,RP,FA,,,,,,,,,,,,,,,,,,,,,,,,,,,,,,,,,,,,,,,,,,,,,,,,,,,
John Curtiss,RP,FA,,,,,,,,,,,,,,,,,,,,,,,,,,,,,,,,,,,,,,,,,,,,,,,0.46,1.64,20.4,3.5,7.3
Mason Albright,SP,FA,,,,,,,,,,,,,,,,,,,,,,,,,,,,,,,,,,,,,,,,,,,,,,,,,,,
Fernando Guanare,SP,FA,,,,,,,,,,,,,,,,,,,,,,,,,,,,,,,,,,,,,,,,,,,,,,,,,,,
Samuel Pateti,RP,FA,,,,,,,,,,,,,,,,,,,,,,,,,,,,,,,,,,,,,,,,,,,,,,,,,,,
Frank Chessman,RP,FA,,,,,,,,,,,,,,,,,,,,,,,,,,,,,,,,,,,,,,,,,,,,,,,,,,,
Jhonny Aranguren,RP,FA,,,,,,,,,,,,,,,,,,,,,,,,,,,,,,,,,,,,,,,,,,,,,,,,,,,
Misael De La Cruz,SP,FA,,,,,,,,,,,,,,,,,,,,,,,,,,,,,,,,,,,,,,,,,,,,,,,,,,,
Damian Alcala,RP,FA,,,,,,,,,,,,,,,,,,,,,,,,,,,,,,,,,,,,,,,,,,,,,,,,,,,
Sebastian Perez,SP,FA,,,,,,,,,,,,,,,,,,,,,,,,,,,,,,,,,,,,,,,,,,,,,,,,,,,
Sean Paul Linan,SP,FA,,,,,,,,,,,,,,,,,,,,,,,,,,,,,,,,,,,,,,,,,,,,,,,,,,,
Christian Suarez,RP,FA,,,,,,,,,,,,,,,,,,,,,,,,,,,,,,,,,,,,,,,,,,,,,,,,,,,
Cam Day,RP,FA,,,,,,,,,,,,,,,,,,,,,,,,,,,,,,,,,,,,,,,,,,,,,,,,,,,
Franklin De La Paz,SP,FA,,,,,,,,,,,,,,,,,,,,,,,,,,,,,,,,,,,,,,,,,,,,,,,,,,,
Roque Gutierrez,RP,FA,,,,,,,,,,,,,,,,,,,,,,,,,,,,,,,,,,,,,,,,,,,,,,,,,,,
Eduarniel Nunez,RP,FA,,,,,,,,,,,,,,,,,,,,,,,,,,,,,,,,,,,,,,,,,,,,,,,-0.2,-1.62,32.4,18.3,6.8
Orlando Ortiz-Mayr,SP,FA,,,,,,,,,,,,,,,,,,,,,,,,,,,,,,,,,,,,,,,,,,,,,,,,,,,
Justin Garza,RP,FA,,,,,,,,,,,,,,,,,,,,,,,,,,,,,,,,,,,,,,,,,,,,,,,,,,,
James Kaprielian,SP,FA,,,,,,,,,,,,,,,,,,,,,,,,,,,,,,,,,,,,,,,,,,,,,,,,,,,
Sem Robberse,SP,FA,,,,,,,,,,,,,,,,,,,,,,,,,,,,,,,,,,,,,,,,,,,,,,,,,,,
Pablo Aldonis,RP,FA,,,,,,,,,,,,,,,,,,,,,,,,,,,,,,,,,,,,,,,,,,,,,,,,,,,
Cristian Hernandez,RP,FA,,,,,,,,,,,,,,,,,,,,,,,,,,,,,,,,,,,,,,,,,,,,,,,,,,,
Yander Maria,SP,FA,,,,,,,,,,,,,,,,,,,,,,,,,,,,,,,,,,,,,,,,,,,,,,,,,,,
Kohei Arihara,SP,FA,,,,,,,,,,,,,,,,,,,,,,,,,,,,,,,,,,,,,,,,,,,,,,,,,,,
Alex Young,RP,FA,,,,,,,,,,,,,,,,,,,,,,,,,,,,,,,,,,,,,,,,,,,,,,,,,,,
Emmanuel Clase,RP,FA,,,,,,,,,,,,,,,,,,,,,,,,,,,,,,,,,,,,,,,,,,,,,,,0.64,-0.39,32.1,6.0,9.9
Axel Andueza,RP,FA,,,,,,,,,,,,,,,,,,,,,,,,,,,,,,,,,,,,,,,,,,,,,,,,,,,
Logan Workman,SP,FA,,,,,,,,,,,,,,,,,,,,,,,,,,,,,,,,,,,,,,,,,,,,,,,,,,,
Brendan White,RP,FA,,,,,,,,,,,,,,,,,,,,,,,,,,,,,,,,,,,,,,,,,,,,,,,,,,,
Garrett Davila,RP,FA,,,,,,,,,,,,,,,,,,,,,,,,,,,,,,,,,,,,,,,,,,,,,,,,,,,
Ryan Sublette,RP,FA,,,,,,,,,,,,,,,,,,,,,,,,,,,,,,,,,,,,,,,,,,,,,,,,,,,
Ryan Burr,RP,FA,,,,,,,,,,,,,,,,,,,,,,,,,,,,,,,,,,,,,,,,,,,,,,,,,,,
Yondrei Rojas,RP,FA,,,,,,,,,,,,,,,,,,,,,,,,,,,,,,,,,,,,,,,,,,,,,,,,,,,
Eli Jerzembeck,RP,FA,,,,,,,,,,,,,,,,,,,,,,,,,,,,,,,,,,,,,,,,,,,,,,,,,,,
Luis Palacios,RP,FA,,,,,,,,,,,,,,,,,,,,,,,,,,,,,,,,,,,,,,,,,,,,,,,,,,,
Adam Hachman,SP,FA,,,,,,,,,,,,,,,,,,,,,,,,,,,,,,,,,,,,,,,,,,,,,,,,,,,
Alfredo Zarraga,RP,FA,,,,,,,,,,,,,,,,,,,,,,,,,,,,,,,,,,,,,,,,,,,,,,,,,,,
Zander Mueth,SP,FA,,,,,,,,,,,,,,,,,,,,,,,,,,,,,,,,,,,,,,,,,,,,,,,,,,,
Cam Leiter,SP,FA,,,,,,,,,,,,,,,,,,,,,,,,,,,,,,,,,,,,,,,,,,,,,,,,,,,
Stiven Cruz,RP,FA,,,,,,,,,,,,,,,,,,,,,,,,,,,,,,,,,,,,,,,,,,,,,,,,,,,
Benjamin Arias,RP,FA,,,,,,,,,,,,,,,,,,,,,,,,,,,,,,,,,,,,,,,,,,,,,,,,,,,
Drew Smith,RP,FA,,,,,,,,,,,,,,,,,,,,,,,,,,,,,,,,,,,,,,,,,,,,,,,,,,,
Gustavo Rodriguez,RP,FA,,,,,,,,,,,,,,,,,,,,,,,,,,,,,,,,,,,,,,,,,,,,,,,,,,,
Levi Huesman,RP,FA,,,,,,,,,,,,,,,,,,,,,,,,,,,,,,,,,,,,,,,,,,,,,,,,,,,
Janero Miller,RP,FA,,,,,,,,,,,,,,,,,,,,,,,,,,,,,,,,,,,,,,,,,,,,,,,,,,,
Jose Pena Jr.,RP,FA,,,,,,,,,,,,,,,,,,,,,,,,,,,,,,,,,,,,,,,,,,,,,,,,,,,
Sean Sullivan,RP,FA,,,,,,,,,,,,,,,,,,,,,,,,,,,,,,,,,,,,,,,,,,,,,,,,,,,
Albert Polanco,RP,FA,,,,,,,,,,,,,,,,,,,,,,,,,,,,,,,,,,,,,,,,,,,,,,,,,,,
Tyler Ras,RP,FA,,,,,,,,,,,,,,,,,,,,,,,,,,,,,,,,,,,,,,,,,,,,,,,,,,,
Joe Record,RP,FA,,,,,,,,,,,,,,,,,,,,,,,,,,,,,,,,,,,,,,,,,,,,,,,,,,,
Hendry Chivilli,SP,FA,,,,,,,,,,,,,,,,,,,,,,,,,,,,,,,,,,,,,,,,,,,,,,,,,,,
Caden Vire,RP,FA,,,,,,,,,,,,,,,,,,,,,,,,,,,,,,,,,,,,,,,,,,,,,,,,,,,
Reiner Lopez,RP,FA,,,,,,,,,,,,,,,,,,,,,,,,,,,,,,,,,,,,,,,,,,,,,,,,,,,
Brett Sanchez,SP,FA,,,,,,,,,,,,,,,,,,,,,,,,,,,,,,,,,,,,,,,,,,,,,,,,,,,
Darwin Rodriguez,RP,FA,,,,,,,,,,,,,,,,,,,,,,,,,,,,,,,,,,,,,,,,,,,,,,,,,,,
Yorman Galindez,SP,FA,,,,,,,,,,,,,,,,,,,,,,,,,,,,,,,,,,,,,,,,,,,,,,,,,,,
Nelfri Payano,RP,FA,,,,,,,,,,,,,,,,,,,,,,,,,,,,,,,,,,,,,,,,,,,,,,,,,,,
Enger Sanchez,SP,FA,,,,,,,,,,,,,,,,,,,,,,,,,,,,,,,,,,,,,,,,,,,,,,,,,,,
Federik Jimenez,RP,FA,,,,,,,,,,,,,,,,,,,,,,,,,,,,,,,,,,,,,,,,,,,,,,,,,,,
Dustin Saenz,RP,FA,,,,,,,,,,,,,,,,,,,,,,,,,,,,,,,,,,,,,,,,,,,,,,,,,,,
Carlos Tavera,RP,FA,,,,,,,,,,,,,,,,,,,,,,,,,,,,,,,,,,,,,,,,,,,,,,,,,,,
Tyler Myrick,RP,FA,,,,,,,,,,,,,,,,,,,,,,,,,,,,,,,,,,,,,,,,,,,,,,,,,,,
Mat Olsen,SP,FA,,,,,,,,,,,,,,,,,,,,,,,,,,,,,,,,,,,,,,,,,,,,,,,,,,,
Jesus Mendez,RP,FA,,,,,,,,,,,,,,,,,,,,,,,,,,,,,,,,,,,,,,,,,,,,,,,,,,,
Zach Messinger,RP,FA,,,,,,,,,,,,,,,,,,,,,,,,,,,,,,,,,,,,,,,,,,,,,,,,,,,
Jesse Bergin,RP,FA,,,,,,,,,,,,,,,,,,,,,,,,,,,,,,,,,,,,,,,,,,,,,,,,,,,
Edwin Cervantes,RP,FA,,,,,,,,,,,,,,,,,,,,,,,,,,,,,,,,,,,,,,,,,,,,,,,,,,,
Mac Lardner,SP,FA,,,,,,,,,,,,,,,,,,,,,,,,,,,,,,,,,,,,,,,,,,,,,,,,,,,
Alaska Abney,RP,FA,,,,,,,,,,,,,,,,,,,,,,,,,,,,,,,,,,,,,,,,,,,,,,,,,,,
Marco Vega,RP,FA,,,,,,,,,,,,,,,,,,,,,,,,,,,,,,,,,,,,,,,,,,,,,,,,,,,
Wyatt Crowell,SP,FA,,,,,,,,,,,,,,,,,,,,,,,,,,,,,,,,,,,,,,,,,,,,,,,,,,,
Franklin Sanchez,RP,FA,,,,,,,,,,,,,,,,,,,,,,,,,,,,,,,,,,,,,,,,,,,,,,,,,,,
Josh Stephan,SP,FA,,,,,,,,,,,,,,,,,,,,,,,,,,,,,,,,,,,,,,,,,,,,,,,,,,,
DJ McCarty,SP,FA,,,,,,,,,,,,,,,,,,,,,,,,,,,,,,,,,,,,,,,,,,,,,,,,,,,
Erick Matos,SP,FA,,,,,,,,,,,,,,,,,,,,,,,,,,,,,,,,,,,,,,,,,,,,,,,,,,,
Miguel Flores,SP,FA,,,,,,,,,,,,,,,,,,,,,,,,,,,,,,,,,,,,,,,,,,,,,,,,,,,
Jose Feliz,SP,FA,,,,,,,,,,,,,,,,,,,,,,,,,,,,,,,,,,,,,,,,,,,,,,,,,,,
Manuel Genao,RP,FA,,,,,,,,,,,,,,,,,,,,,,,,,,,,,,,,,,,,,,,,,,,,,,,,,,,
Lebarron Johnson,SP,FA,,,,,,,,,,,,,,,,,,,,,,,,,,,,,,,,,,,,,,,,,,,,,,,,,,,
Earle Zulueta,SP,FA,,,,,,,,,,,,,,,,,,,,,,,,,,,,,,,,,,,,,,,,,,,,,,,,,,,
Eli Villalobos,RP,FA,,,,,,,,,,,,,,,,,,,,,,,,,,,,,,,,,,,,,,,,,,,,,,,,,,,
Travis Lakins Sr.,RP,FA,,,,,,,,,,,,,,,,,,,,,,,,,,,,,,,,,,,,,,,,,,,,,,,,,,,
Bryce McGowan,RP,FA,,,,,,,,,,,,,,,,,,,,,,,,,,,,,,,,,,,,,,,,,,,,,,,,,,,
Darlin Pinales,RP,FA,,,,,,,,,,,,,,,,,,,,,,,,,,,,,,,,,,,,,,,,,,,,,,,,,,,
Mason Auer,RP,FA,,,,,,,,,,,,,,,,,,,,,,,,,,,,,,,,,,,,,,,,,,,,,,,,,,,
Brayan Mendoza,RP,FA,,,,,,,,,,,,,,,,,,,,,,,,,,,,,,,,,,,,,,,,,,,,,,,,,,,
Adam Shoemaker,SP,FA,,,,,,,,,,,,,,,,,,,,,,,,,,,,,,,,,,,,,,,,,,,,,,,,,,,
Cooper Benson,SP,FA,,,,,,,,,,,,,,,,,,,,,,,,,,,,,,,,,,,,,,,,,,,,,,,,,,,
Austin Vernon,RP,FA,,,,,,,,,,,,,,,,,,,,,,,,,,,,,,,,,,,,,,,,,,,,,,,,,,,
Jake Miller,RP,FA,,,,,,,,,,,,,,,,,,,,,,,,,,,,,,,,,,,,,,,,,,,,,,,,,,,
Quinton Low,SP,FA,,,,,,,,,,,,,,,,,,,,,,,,,,,,,,,,,,,,,,,,,,,,,,,,,,,
Brendan Collins,RP,FA,,,,,,,,,,,,,,,,,,,,,,,,,,,,,,,,,,,,,,,,,,,,,,,,,,,
Leam Mendez,SP,FA,,,,,,,,,,,,,,,,,,,,,,,,,,,,,,,,,,,,,,,,,,,,,,,,,,,
Alex Martinez,RP,FA,,,,,,,,,,,,,,,,,,,,,,,,,,,,,,,,,,,,,,,,,,,,,,,,,,,
Brandon Waddell,RP,FA,,,,,,,,,,,,,,,,,,,,,,,,,,,,,,,,,,,,,,,,,,,,,,,-0.36,0.46,20.6,8.2,7.4
Tanner Kohlhepp,RP,FA,,,,,,,,,,,,,,,,,,,,,,,,,,,,,,,,,,,,,,,,,,,,,,,,,,,
Thomas Szapucki,RP,FA,,,,,,,,,,,,,,,,,,,,,,,,,,,,,,,,,,,,,,,,,,,,,,,,,,,
Shane Murphy,SP,FA,,,,,,,,,,,,,,,,,,,,,,,,,,,,,,,,,,,,,,,,,,,,,,,,,,,
Matt Hickey,SP,FA,,,,,,,,,,,,,,,,,,,,,,,,,,,,,,,,,,,,,,,,,,,,,,,,,,,
Aidan Maldonado,RP,FA,,,,,,,,,,,,,,,,,,,,,,,,,,,,,,,,,,,,,,,,,,,,,,,,,,,
Hunter Parks,RP,FA,,,,,,,,,,,,,,,,,,,,,,,,,,,,,,,,,,,,,,,,,,,,,,,,,,,
Mark Adamiak,RP,FA,,,,,,,,,,,,,,,,,,,,,,,,,,,,,,,,,,,,,,,,,,,,,,,,,,,
William Silva,SP,FA,,,,,,,,,,,,,,,,,,,,,,,,,,,,,,,,,,,,,,,,,,,,,,,,,,,
Logan Gillaspie,RP,FA,,,,,,,,,,,,,,,,,,,,,,,,,,,,,,,,,,,,,,,,,,,,,,,,,,,
Collin Snider,RP,FA,,,,,,,,,,,,,,,,,,,,,,,,,,,,,,,,,,,,,,,,,,,,,,,-0.13,0.56,21.7,5.0,8.6
Joel Valdez,RP,FA,,,,,,,,,,,,,,,,,,,,,,,,,,,,,,,,,,,,,,,,,,,,,,,,,,,
Nathan Landry,SP,FA,,,,,,,,,,,,,,,,,,,,,,,,,,,,,,,,,,,,,,,,,,,,,,,,,,,
Reynaldo Yean,RP,FA,,,,,,,,,,,,,,,,,,,,,,,,,,,,,,,,,,,,,,,,,,,,,,,,,,,
Nick Bautista III,SP,FA,,,,,,,,,,,,,,,,,,,,,,,,,,,,,,,,,,,,,,,,,,,,,,,,,,,
Joey Mancini,SP,FA,,,,,,,,,,,,,,,,,,,,,,,,,,,,,,,,,,,,,,,,,,,,,,,,,,,
Corey Braun,SP,FA,,,,,,,,,,,,,,,,,,,,,,,,,,,,,,,,,,,,,,,,,,,,,,,,,,,
Quinn Gudaitis,SP,FA,,,,,,,,,,,,,,,,,,,,,,,,,,,,,,,,,,,,,,,,,,,,,,,,,,,
JP Wheat,SP,FA,,,,,,,,,,,,,,,,,,,,,,,,,,,,,,,,,,,,,,,,,,,,,,,,,,,
Trey Braithwaite,SP,FA,,,,,,,,,,,,,,,,,,,,,,,,,,,,,,,,,,,,,,,,,,,,,,,,,,,
Blaze Pontes,RP,FA,,,,,,,,,,,,,,,,,,,,,,,,,,,,,,,,,,,,,,,,,,,,,,,,,,,
Edwin Uceta,RP,FA,,,,,,,,,,,,,,,,,,,,,,,,,,,,,,,,,,,,,,,,,,,,,,,2.07,0.91,35.6,8.4,6.5
Jimmy Loper,SP,FA,,,,,,,,,,,,,,,,,,,,,,,,,,,,,,,,,,,,,,,,,,,,,,,,,,,
Josh Bortka,SP,FA,,,,,,,,,,,,,,,,,,,,,,,,,,,,,,,,,,,,,,,,,,,,,,,,,,,
Tristan Stivors,SP,FA,,,,,,,,,,,,,,,,,,,,,,,,,,,,,,,,,,,,,,,,,,,,,,,,,,,
Hunter Hayes,RP,FA,,,,,,,,,,,,,,,,,,,,,,,,,,,,,,,,,,,,,,,,,,,,,,,,,,,
Gage Ziehl,SP,FA,,,,,,,,,,,,,,,,,,,,,,,,,,,,,,,,,,,,,,,,,,,,,,,,,,,
Luis Ledo,RP,FA,,,,,,,,,,,,,,,,,,,,,,,,,,,,,,,,,,,,,,,,,,,,,,,,,,,
Ben Hess,SP,FA,,,,,,,,,,,,,,,,,,,,,,,,,,,,,,,,,,,,,,,,,,,,,,,,,,,
Zuher Yousuf,SP,FA,,,,,,,,,,,,,,,,,,,,,,,,,,,,,,,,,,,,,,,,,,,,,,,,,,,
Wyatt Evans,RP,FA,,,,,,,,,,,,,,,,,,,,,,,,,,,,,,,,,,,,,,,,,,,,,,,,,,,
Ike Buxton,RP,FA,,,,,,,,,,,,,,,,,,,,,,,,,,,,,,,,,,,,,,,,,,,,,,,,,,,
Adam Tulloch,RP,FA,,,,,,,,,,,,,,,,,,,,,,,,,,,,,,,,,,,,,,,,,,,,,,,,,,,
Brady Hill,RP,FA,,,,,,,,,,,,,,,,,,,,,,,,,,,,,,,,,,,,,,,,,,,,,,,,,,,
Jake Faherty,RP,FA,,,,,,,,,,,,,,,,,,,,,,,,,,,,,,,,,,,,,,,,,,,,,,,,,,,
Thomas Balboni Jr.,RP,FA,,,,,,,,,,,,,,,,,,,,,,,,,,,,,,,,,,,,,,,,,,,,,,,,,,,
Alessandro Ercolani,SP,FA,,,,,,,,,,,,,,,,,,,,,,,,,,,,,,,,,,,,,,,,,,,,,,,,,,,
Dairon De Jesus,RP,FA,,,,,,,,,,,,,,,,,,,,,,,,,,,,,,,,,,,,,,,,,,,,,,,,,,,
Joelvis Del Rosario,SP,FA,,,,,,,,,,,,,,,,,,,,,,,,,,,,,,,,,,,,,,,,,,,,,,,,,,,
Genesis Cabrera,RP,FA,,,,,,,,,,,,,,,,,,,,,,,,,,,,,,,,,,,,,,,,,,,,,,,0.51,0.4,27.1,9.6,6.9
Harrison Ruiz,SP,FA,,,,,,,,,,,,,,,,,,,,,,,,,,,,,,,,,,,,,,,,,,,,,,,,,,,
Denyi Reyes,SP,FA,,,,,,,,,,,,,,,,,,,,,,,,,,,,,,,,,,,,,,,,,,,,,,,,,,,
Tahnaj Thomas,SP,FA,,,,,,,,,,,,,,,,,,,,,,,,,,,,,,,,,,,,,,,,,,,,,,,,,,,
Marcelo Perez,SP,FA,,,,,,,,,,,,,,,,,,,,,,,,,,,,,,,,,,,,,,,,,,,,,,,,,,,
Mathew Peters,RP,FA,,,,,,,,,,,,,,,,,,,,,,,,,,,,,,,,,,,,,,,,,,,,,,,,,,,
Alvaro Benua,RP,FA,,,,,,,,,,,,,,,,,,,,,,,,,,,,,,,,,,,,,,,,,,,,,,,,,,,
Nash Walters,RP,FA,,,,,,,,,,,,,,,,,,,,,,,,,,,,,,,,,,,,,,,,,,,,,,,,,,,
Pat Gallagher,RP,FA,,,,,,,,,,,,,,,,,,,,,,,,,,,,,,,,,,,,,,,,,,,,,,,,,,,
Jackson Kelley,RP,FA,,,,,,,,,,,,,,,,,,,,,,,,,,,,,,,,,,,,,,,,,,,,,,,,,,,
Jose Cruz,RP,FA,,,,,,,,,,,,,,,,,,,,,,,,,,,,,,,,,,,,,,,,,,,,,,,,,,,
Johnathan Harmon,SP,FA,,,,,,,,,,,,,,,,,,,,,,,,,,,,,,,,,,,,,,,,,,,,,,,,,,,
Darren Bowen,SP,FA,,,,,,,,,,,,,,,,,,,,,,,,,,,,,,,,,,,,,,,,,,,,,,,,,,,
Randel Clemente,RP,FA,,,,,,,,,,,,,,,,,,,,,,,,,,,,,,,,,,,,,,,,,,,,,,,,,,,
Yehizon Sanchez,RP,FA,,,,,,,,,,,,,,,,,,,,,,,,,,,,,,,,,,,,,,,,,,,,,,,,,,,
Geoffrey Gilbert,RP,FA,,,,,,,,,,,,,,,,,,,,,,,,,,,,,,,,,,,,,,,,,,,,,,,,,,,
Jared Lyons,SP,FA,,,,,,,,,,,,,,,,,,,,,,,,,,,,,,,,,,,,,,,,,,,,,,,,,,,
Aidan Cremarosa,SP,FA,,,,,,,,,,,,,,,,,,,,,,,,,,,,,,,,,,,,,,,,,,,,,,,,,,,
Hayden Vucinovich,SP,FA,,,,,,,,,,,,,,,,,,,,,,,,,,,,,,,,,,,,,,,,,,,,,,,,,,,
Kristofer Bow,SP,FA,,,,,,,,,,,,,,,,,,,,,,,,,,,,,,,,,,,,,,,,,,,,,,,,,,,
Dylan Brown,SP,FA,,,,,,,,,,,,,,,,,,,,,,,,,,,,,,,,,,,,,,,,,,,,,,,,,,,
Landon Harper,SP,FA,,,,,,,,,,,,,,,,,,,,,,,,,,,,,,,,,,,,,,,,,,,,,,,,,,,
Evan Siary,SP,FA,,,,,,,,,,,,,,,,,,,,,,,,,,,,,,,,,,,,,,,,,,,,,,,,,,,
D.J. Carpenter,RP,FA,,,,,,,,,,,,,,,,,,,,,,,,,,,,,,,,,,,,,,,,,,,,,,,,,,,
Blaine Wynk,SP,FA,,,,,,,,,,,,,,,,,,,,,,,,,,,,,,,,,,,,,,,,,,,,,,,,,,,
Chris Cortez,SP,FA,,,,,,,,,,,,,,,,,,,,,,,,,,,,,,,,,,,,,,,,,,,,,,,,,,,
Jose Castillo,RP,FA,,,,,,,,,,,,,,,,,,,,,,,,,,,,,,,,,,,,,,,,,,,,,,,-0.04,0.51,22.6,9.4,6.8
Daniel Avitia,SP,FA,,,,,,,,,,,,,,,,,,,,,,,,,,,,,,,,,,,,,,,,,,,,,,,,,,,
Jeter Martinez,SP,FA,,,,,,,,,,,,,,,,,,,,,,,,,,,,,,,,,,,,,,,,,,,,,,,,,,,
Luis Reyes,SP,FA,,,,,,,,,,,,,,,,,,,,,,,,,,,,,,,,,,,,,,,,,,,,,,,,,,,
Evan Reifert,RP,FA,,,,,,,,,,,,,,,,,,,,,,,,,,,,,,,,,,,,,,,,,,,,,,,,,,,
Freddy Pacheco,RP,FA,,,,,,,,,,,,,,,,,,,,,,,,,,,,,,,,,,,,,,,,,,,,,,,,,,,
Marwys Cabrera,SP,FA,,,,,,,,,,,,,,,,,,,,,,,,,,,,,,,,,,,,,,,,,,,,,,,,,,,
Jamie Hitt,RP,FA,,,,,,,,,,,,,,,,,,,,,,,,,,,,,,,,,,,,,,,,,,,,,,,,,,,
Brian Walters,RP,FA,,,,,,,,,,,,,,,,,,,,,,,,,,,,,,,,,,,,,,,,,,,,,,,,,,,
Camden Lohman,SP,FA,,,,,,,,,,,,,,,,,,,,,,,,,,,,,,,,,,,,,,,,,,,,,,,,,,,
Rodney Boone,SP,FA,,,,,,,,,,,,,,,,,,,,,,,,,,,,,,,,,,,,,,,,,,,,,,,,,,,
Adam Oller,SP,FA,,,,,,,,,,,,,,,,,,,,,,,,,,,,,,,,,,,,,,,,,,,,,,,,,,,
Matt Foster,RP,FA,,,,,,,,,,,,,,,,,,,,,,,,,,,,,,,,,,,,,,,,,,,,,,,,,,,
Sean Poppen,RP,FA,,,,,,,,,,,,,,,,,,,,,,,,,,,,,,,,,,,,,,,,,,,,,,,,,,,
Cristian Alvarado,SP,FA,,,,,,,,,,,,,,,,,,,,,,,,,,,,,,,,,,,,,,,,,,,,,,,,,,,
Bowden Francis,SP,FA,,,,,,,,,,,,,,,,,,,,,,,,,,,,,,,,,,,,,,,,,,,,,,,-0.38,-0.1,23.3,9.4,7.9
Sam Long,RP,FA,,,,,,,,,,,,,,,,,,,,,,,,,,,,,,,,,,,,,,,,,,,,,,,-1.7,-1.12,19.1,11.6,8.8
Robert Dugger,SP,FA,,,,,,,,,,,,,,,,,,,,,,,,,,,,,,,,,,,,,,,,,,,,,,,,,,,
Trevor Stephan,RP,FA,,,,,,,,,,,,,,,,,,,,,,,,,,,,,,,,,,,,,,,,,,,,,,,,,,,
Christian Young,RP,FA,,,,,,,,,,,,,,,,,,,,,,,,,,,,,,,,,,,,,,,,,,,,,,,,,,,
Cam Vieaux,RP,FA,,,,,,,,,,,,,,,,,,,,,,,,,,,,,,,,,,,,,,,,,,,,,,,,,,,
Blair Henley,RP,FA,,,,,,,,,,,,,,,,,,,,,,,,,,,,,,,,,,,,,,,,,,,,,,,,,,,
Will Stewart,SP,FA,,,,,,,,,,,,,,,,,,,,,,,,,,,,,,,,,,,,,,,,,,,,,,,,,,,
Kyle Keller,RP,FA,,,,,,,,,,,,,,,,,,,,,,,,,,,,,,,,,,,,,,,,,,,,,,,,,,,
Anthony Misiewicz,RP,FA,,,,,,,,,,,,,,,,,,,,,,,,,,,,,,,,,,,,,,,,,,,,,,,,,,,
Sterling Sharp,SP,FA,,,,,,,,,,,,,,,,,,,,,,,,,,,,,,,,,,,,,,,,,,,,,,,,,,,
John McMillon,RP,FA,,,,,,,,,,,,,,,,,,,,,,,,,,,,,,,,,,,,,,,,,,,,,,,,,,,
Cristofer Gomez,RP,FA,,,,,,,,,,,,,,,,,,,,,,,,,,,,,,,,,,,,,,,,,,,,,,,,,,,
Ezequiel Bonilla,SP,FA,,,,,,,,,,,,,,,,,,,,,,,,,,,,,,,,,,,,,,,,,,,,,,,,,,,
Nick Vespi,RP,FA,,,,,,,,,,,,,,,,,,,,,,,,,,,,,,,,,,,,,,,,,,,,,,,,,,,
Trey Wingenter,RP,FA,,,,,,,,,,,,,,,,,,,,,,,,,,,,,,,,,,,,,,,,,,,,,,,,,,,
Denison Sanchez,RP,FA,,,,,,,,,,,,,,,,,,,,,,,,,,,,,,,,,,,,,,,,,,,,,,,,,,,
Jose Montero,SP,FA,,,,,,,,,,,,,,,,,,,,,,,,,,,,,,,,,,,,,,,,,,,,,,,,,,,
Madison Jeffrey,RP,FA,,,,,,,,,,,,,,,,,,,,,,,,,,,,,,,,,,,,,,,,,,,,,,,,,,,
Cesar Lares,SP,FA,,,,,,,,,,,,,,,,,,,,,,,,,,,,,,,,,,,,,,,,,,,,,,,,,,,
Jean Cabrera,SP,FA,,,,,,,,,,,,,,,,,,,,,,,,,,,,,,,,,,,,,,,,,,,,,,,,,,,
Raimon Gomez,RP,FA,,,,,,,,,,,,,,,,,,,,,,,,,,,,,,,,,,,,,,,,,,,,,,,,,,,
Chandler Champlain,SP,FA,,,,,,,,,,,,,,,,,,,,,,,,,,,,,,,,,,,,,,,,,,,,,,,,,,,
Jack Neely,RP,FA,,,,,,,,,,,,,,,,,,,,,,,,,,,,,,,,,,,,,,,,,,,,,,,,,,,
Kyle Virbitsky,RP,FA,,,,,,,,,,,,,,,,,,,,,,,,,,,,,,,,,,,,,,,,,,,,,,,,,,,
Gerardo Salas,SP,FA,,,,,,,,,,,,,,,,,,,,,,,,,,,,,,,,,,,,,,,,,,,,,,,,,,,
Wilmer Flores,RP,FA,,,,,,,,,,,,,,,,,,,,,,,,,,,,,,,,,,,,,,,,,,,,,,,,,,,
Jarlin Susana,SP,T,,,,,,,,,,,,,,,,,,,,,,,,,,,,,,,,,,,,,,,,,,,,,,,,,,,
Kenyon Yovan,RP,FA,,,,,,,,,,,,,,,,,,,,,,,,,,,,,,,,,,,,,,,,,,,,,,,,,,,
Kevin Miranda,SP,FA,,,,,,,,,,,,,,,,,,,,,,,,,,,,,,,,,,,,,,,,,,,,,,,,,,,
Hader Blanco,RP,FA,,,,,,,,,,,,,,,,,,,,,,,,,,,,,,,,,,,,,,,,,,,,,,,,,,,
Bryan Rivera,RP,FA,,,,,,,,,,,,,,,,,,,,,,,,,,,,,,,,,,,,,,,,,,,,,,,,,,,
Kyle Larsen,RP,FA,,,,,,,,,,,,,,,,,,,,,,,,,,,,,,,,,,,,,,,,,,,,,,,,,,,
Mitch Myers,RP,FA,,,,,,,,,,,,,,,,,,,,,,,,,,,,,,,,,,,,,,,,,,,,,,,,,,,
Luis Gonzalez,SP,FA,,,,,,,,,,,,,,,,,,,,,,,,,,,,,,,,,,,,,,,,,,,,,,,,,,,
Raimy Rodriguez,SP,FA,,,,,,,,,,,,,,,,,,,,,,,,,,,,,,,,,,,,,,,,,,,,,,,,,,,
Jeffrey Colon,RP,FA,,,,,,,,,,,,,,,,,,,,,,,,,,,,,,,,,,,,,,,,,,,,,,,,,,,
Sulivan Ribeiro,SP,FA,,,,,,,,,,,,,,,,,,,,,,,,,,,,,,,,,,,,,,,,,,,,,,,,,,,
Jovi Galvez,RP,FA,,,,,,,,,,,,,,,,,,,,,,,,,,,,,,,,,,,,,,,,,,,,,,,,,,,
Doimil Perez,SP,FA,,,,,,,,,,,,,,,,,,,,,,,,,,,,,,,,,,,,,,,,,,,,,,,,,,,
Dalvinson Reyes,SP,FA,,,,,,,,,,,,,,,,,,,,,,,,,,,,,,,,,,,,,,,,,,,,,,,,,,,
Jordy Luciano,SP,FA,,,,,,,,,,,,,,,,,,,,,,,,,,,,,,,,,,,,,,,,,,,,,,,,,,,
Jose Fleury,SP,FA,,,,,,,,,,,,,,,,,,,,,,,,,,,,,,,,,,,,,,,,,,,,,,,,,,,
Logan Allen,RP,FA,,,,,,,,,,,,,,,,,,,,,,,,,,,,,,,,,,,,,,,,,,,,,,,,,,,
Nixon Parra,RP,FA,,,,,,,,,,,,,,,,,,,,,,,,,,,,,,,,,,,,,,,,,,,,,,,,,,,
Nicholas Padilla,RP,FA,,,,,,,,,,,,,,,,,,,,,,,,,,,,,,,,,,,,,,,,,,,,,,,,,,,
Garrett Horn,SP,FA,,,,,,,,,,,,,,,,,,,,,,,,,,,,,,,,,,,,,,,,,,,,,,,,,,,
J.C. Flowers,RP,FA,,,,,,,,,,,,,,,,,,,,,,,,,,,,,,,,,,,,,,,,,,,,,,,,,,,
Michael Boyle,RP,FA,,,,,,,,,,,,,,,,,,,,,,,,,,,,,,,,,,,,,,,,,,,,,,,,,,,
Tucker Davidson,SP,FA,,,,,,,,,,,,,,,,,,,,,,,,,,,,,,,,,,,,,,,,,,,,,,,,,,,
Scott Effross,RP,FA,,,,,,,,,,,,,,,,,,,,,,,,,,,,,,,,,,,,,,,,,,,,,,,-1.49,-0.2,15.9,5.9,9.6
Jacob Bosiokovic,RP,FA,,,,,,,,,,,,,,,,,,,,,,,,,,,,,,,,,,,,,,,,,,,,,,,,,,,
Gabe Bierman,RP,FA,,,,,,,,,,,,,,,,,,,,,,,,,,,,,,,,,,,,,,,,,,,,,,,,,,,
Royber Salinas,RP,FA,,,,,,,,,,,,,,,,,,,,,,,,,,,,,,,,,,,,,,,,,,,,,,,,,,,
Taylor Broadway,RP,FA,,,,,,,,,,,,,,,,,,,,,,,,,,,,,,,,,,,,,,,,,,,,,,,,,,,
Zac Leigh,RP,FA,,,,,,,,,,,,,,,,,,,,,,,,,,,,,,,,,,,,,,,,,,,,,,,,,,,
Alexis Diaz,RP,FA,,,,,,,,,,,,,,,,,,,,,,,,,,,,,,,,,,,,,,,,,,,,,,,-0.79,-1.0,25.0,14.1,7.5
John Lash,SP,FA,,,,,,,,,,,,,,,,,,,,,,,,,,,,,,,,,,,,,,,,,,,,,,,,,,,
Jack Frankel,SP,FA,,,,,,,,,,,,,,,,,,,,,,,,,,,,,,,,,,,,,,,,,,,,,,,,,,,
Tommy Case,SP,FA,,,,,,,,,,,,,,,,,,,,,,,,,,,,,,,,,,,,,,,,,,,,,,,,,,,
Michael Fowler,RP,FA,,,,,,,,,,,,,,,,,,,,,,,,,,,,,,,,,,,,,,,,,,,,,,,,,,,
Jose Davila,SP,FA,,,,,,,,,,,,,,,,,,,,,,,,,,,,,,,,,,,,,,,,,,,,,,,,,,,
Luis Carrasco,RP,FA,,,,,,,,,,,,,,,,,,,,,,,,,,,,,,,,,,,,,,,,,,,,,,,,,,,
Jose Hernandez,RP,FA,,,,,,,,,,,,,,,,,,,,,,,,,,,,,,,,,,,,,,,,,,,,,,,,,,,
Joshua Cornielly,RP,FA,,,,,,,,,,,,,,,,,,,,,,,,,,,,,,,,,,,,,,,,,,,,,,,,,,,
Cody Stashak,RP,FA,,,,,,,,,,,,,,,,,,,,,,,,,,,,,,,,,,,,,,,,,,,,,,,,,,,
Ricardo Yan,RP,FA,,,,,,,,,,,,,,,,,,,,,,,,,,,,,,,,,,,,,,,,,,,,,,,,,,,
Jimmy Joyce,RP,FA,,,,,,,,,,,,,,,,,,,,,,,,,,,,,,,,,,,,,,,,,,,,,,,,,,,
Nick Avila,RP,FA,,,,,,,,,,,,,,,,,,,,,,,,,,,,,,,,,,,,,,,,,,,,,,,,,,,
Ian Gibaut,RP,FA,,,,,,,,,,,,,,,,,,,,,,,,,,,,,,,,,,,,,,,,,,,,,,,-1.39,-0.37,17.5,7.3,9.3
Alberto Pacheco,SP,FA,,,,,,,,,,,,,,,,,,,,,,,,,,,,,,,,,,,,,,,,,,,,,,,,,,,
Yoelvin Silven,SP,FA,,,,,,,,,,,,,,,,,,,,,,,,,,,,,,,,,,,,,,,,,,,,,,,,,,,
Jaime Arias,RP,FA,,,,,,,,,,,,,,,,,,,,,,,,,,,,,,,,,,,,,,,,,,,,,,,,,,,
Juan Daniel Encarnacion,SP,FA,,,,,,,,,,,,,,,,,,,,,,,,,,,,,,,,,,,,,,,,,,,,,,,,,,,
Chase Shores,RP,FA,,,,,,,,,,,,,,,,,,,,,,,,,,,,,,,,,,,,,,,,,,,,,,,,,,,
Landon Victorian,SP,FA,,,,,,,,,,,,,,,,,,,,,,,,,,,,,,,,,,,,,,,,,,,,,,,,,,,
Hunter Hollan,SP,FA,,,,,,,,,,,,,,,,,,,,,,,,,,,,,,,,,,,,,,,,,,,,,,,,,,,
Blake Larson,SP,FA,,,,,,,,,,,,,,,,,,,,,,,,,,,,,,,,,,,,,,,,,,,,,,,,,,,
Josh Winckowski,RP,FA,,,,,,,,,,,,,,,,,,,,,,,,,,,,,,,,,,,,,,,,,,,,,,,0.5,0.46,26.7,9.6,6.8
Hayden Murphy,RP,FA,,,,,,,,,,,,,,,,,,,,,,,,,,,,,,,,,,,,,,,,,,,,,,,,,,,
Noah Denoyer,SP,FA,,,,,,,,,,,,,,,,,,,,,,,,,,,,,,,,,,,,,,,,,,,,,,,,,,,
Eric Torres,RP,FA,,,,,,,,,,,,,,,,,,,,,,,,,,,,,,,,,,,,,,,,,,,,,,,,,,,
Michael Tonkin,RP,FA,,,,,,,,,,,,,,,,,,,,,,,,,,,,,,,,,,,,,,,,,,,,,,,-0.55,0.17,20.7,7.8,8.1
Adam Smith,RP,FA,,,,,,,,,,,,,,,,,,,,,,,,,,,,,,,,,,,,,,,,,,,,,,,,,,,
Francesco Capocci,RP,FA,,,,,,,,,,,,,,,,,,,,,,,,,,,,,,,,,,,,,,,,,,,,,,,,,,,
Frank Alvarez,RP,FA,,,,,,,,,,,,,,,,,,,,,,,,,,,,,,,,,,,,,,,,,,,,,,,,,,,
Alexis Dominguez,RP,FA,,,,,,,,,,,,,,,,,,,,,,,,,,,,,,,,,,,,,,,,,,,,,,,,,,,
Carlos Hinestroza,SP,FA,,,,,,,,,,,,,,,,,,,,,,,,,,,,,,,,,,,,,,,,,,,,,,,,,,,
Trenton Wallace,RP,FA,,,,,,,,,,,,,,,,,,,,,,,,,,,,,,,,,,,,,,,,,,,,,,,,,,,
Ryan Och,RP,FA,,,,,,,,,,,,,,,,,,,,,,,,,,,,,,,,,,,,,,,,,,,,,,,,,,,
Theo Denlinger,SP,FA,,,,,,,,,,,,,,,,,,,,,,,,,,,,,,,,,,,,,,,,,,,,,,,,,,,
Luke Holman,SP,FA,,,,,,,,,,,,,,,,,,,,,,,,,,,,,,,,,,,,,,,,,,,,,,,,,,,
Coleman Willis,SP,FA,,,,,,,,,,,,,,,,,,,,,,,,,,,,,,,,,,,,,,,,,,,,,,,,,,,
Chase Hampton,SP,FA,,,,,,,,,,,,,,,,,,,,,,,,,,,,,,,,,,,,,,,,,,,,,,,,,,,
Gil Luna Jr.,SP,FA,,,,,,,,,,,,,,,,,,,,,,,,,,,,,,,,,,,,,,,,,,,,,,,,,,,
Juan Mercedes,RP,FA,,,,,,,,,,,,,,,,,,,,,,,,,,,,,,,,,,,,,,,,,,,,,,,,,,,
Connor Cooke,RP,FA,,,,,,,,,,,,,,,,,,,,,,,,,,,,,,,,,,,,,,,,,,,,,,,,,,,
Joshua Quezada,RP,FA,,,,,,,,,,,,,,,,,,,,,,,,,,,,,,,,,,,,,,,,,,,,,,,,,,,
Wen-Hui Pan,RP,FA,,,,,,,,,,,,,,,,,,,,,,,,,,,,,,,,,,,,,,,,,,,,,,,,,,,
Lael Lockhart,SP,FA,,,,,,,,,,,,,,,,,,,,,,,,,,,,,,,,,,,,,,,,,,,,,,,,,,,
Erian Rodriguez,SP,FA,,,,,,,,,,,,,,,,,,,,,,,,,,,,,,,,,,,,,,,,,,,,,,,,,,,
Ronan Kopp,RP,FA,,,,,,,,,,,,,,,,,,,,,,,,,,,,,,,,,,,,,,,,,,,,,,,,,,,
Evan Justice,SP,FA,,,,,,,,,,,,,,,,,,,,,,,,,,,,,,,,,,,,,,,,,,,,,,,,,,,
Dominic Hambley,RP,FA,,,,,,,,,,,,,,,,,,,,,,,,,,,,,,,,,,,,,,,,,,,,,,,,,,,
Taylor Widener,RP,FA,,,,,,,,,,,,,,,,,,,,,,,,,,,,,,,,,,,,,,,,,,,,,,,,,,,
Ryan Costeiu,SP,FA,,,,,,,,,,,,,,,,,,,,,,,,,,,,,,,,,,,,,,,,,,,,,,,,,,,
Drew Thorpe,SP,FA,,,,,,,,,,,,,,,,,,,,,,,,,,,,,,,,,,,,,,,,,,,,,,,,,,,
Kirby Snead,RP,FA,,,,,,,,,,,,,,,,,,,,,,,,,,,,,,,,,,,,,,,,,,,,,,,,,,,
Aaron Rozek,RP,FA,,,,,,,,,,,,,,,,,,,,,,,,,,,,,,,,,,,,,,,,,,,,,,,,,,,
Justus Sheffield,RP,FA,,,,,,,,,,,,,,,,,,,,,,,,,,,,,,,,,,,,,,,,,,,,,,,,,,,
Arij Fransen,RP,FA,,,,,,,,,,,,,,,,,,,,,,,,,,,,,,,,,,,,,,,,,,,,,,,,,,,
Rhett Kouba,RP,FA,,,,,,,,,,,,,,,,,,,,,,,,,,,,,,,,,,,,,,,,,,,,,,,,,,,
Travis Sykora,SP,T,,,,,,,,,,,,,,,,,,,,,,,,,,,,,,,,,,,,,,,,,,,,,,,,,,,
Jaden Noot,SP,FA,,,,,,,,,,,,,,,,,,,,,,,,,,,,,,,,,,,,,,,,,,,,,,,,,,,
Nick Jones,RP,FA,,,,,,,,,,,,,,,,,,,,,,,,,,,,,,,,,,,,,,,,,,,,,,,,,,,
Brody Brecht,SP,FA,,,,,,,,,,,,,,,,,,,,,,,,,,,,,,,,,,,,,,,,,,,,,,,,,,,
Jared Karros,SP,FA,,,,,,,,,,,,,,,,,,,,,,,,,,,,,,,,,,,,,,,,,,,,,,,,,,,
Donovan Benoit,SP,FA,,,,,,,,,,,,,,,,,,,,,,,,,,,,,,,,,,,,,,,,,,,,,,,,,,,
Liam Sullivan,SP,FA,,,,,,,,,,,,,,,,,,,,,,,,,,,,,,,,,,,,,,,,,,,,,,,,,,,
Zach Edwards,SP,FA,,,,,,,,,,,,,,,,,,,,,,,,,,,,,,,,,,,,,,,,,,,,,,,,,,,
Matthew Becker,RP,FA,,,,,,,,,,,,,,,,,,,,,,,,,,,,,,,,,,,,,,,,,,,,,,,,,,,
Michael Stryffeler,SP,FA,,,,,,,,,,,,,,,,,,,,,,,,,,,,,,,,,,,,,,,,,,,,,,,,,,,
Eury Ramos,RP,FA,,,,,,,,,,,,,,,,,,,,,,,,,,,,,,,,,,,,,,,,,,,,,,,,,,,
Dylan Heid,RP,FA,,,,,,,,,,,,,,,,,,,,,,,,,,,,,,,,,,,,,,,,,,,,,,,,,,,
William Fleming,RP,FA,,,,,,,,,,,,,,,,,,,,,,,,,,,,,,,,,,,,,,,,,,,,,,,,,,,
Nolan Blackwood,RP,FA,,,,,,,,,,,,,,,,,,,,,,,,,,,,,,,,,,,,,,,,,,,,,,,,,,,
Aaron Brown,SP,FA,,,,,,,,,,,,,,,,,,,,,,,,,,,,,,,,,,,,,,,,,,,,,,,,,,,
Zach Plesac,SP,FA,,,,,,,,,,,,,,,,,,,,,,,,,,,,,,,,,,,,,,,,,,,,,,,,,,,
David Festa,SP,FA,,,,,,,,,,,,,,,,,,,,,,,,,,,,,,,,,,,,,,,,,,,,,,,0.18,-0.11,27.4,8.3,8.4
Garrett Hawkins,RP,FA,,,,,,,,,,,,,,,,,,,,,,,,,,,,,,,,,,,,,,,,,,,,,,,,,,,
Nicholas Bradley,SP,FA,,,,,,,,,,,,,,,,,,,,,,,,,,,,,,,,,,,,,,,,,,,,,,,,,,,
Devereaux Harrison,RP,FA,,,,,,,,,,,,,,,,,,,,,,,,,,,,,,,,,,,,,,,,,,,,,,,,,,,
Jacob Miller,SP,FA,,,,,,,,,,,,,,,,,,,,,,,,,,,,,,,,,,,,,,,,,,,,,,,,,,,
Liam Peterson,SP,FA,,,,,,,,,,,,,,,,,,,,,,,,,,,,,,,,,,,,,,,,,,,,,,,,,,,
Larson Kindreich,RP,FA,,,,,,,,,,,,,,,,,,,,,,,,,,,,,,,,,,,,,,,,,,,,,,,,,,,
Garrett Burhenn,SP,FA,,,,,,,,,,,,,,,,,,,,,,,,,,,,,,,,,,,,,,,,,,,,,,,,,,,
Tommy Sommer,SP,FA,,,,,,,,,,,,,,,,,,,,,,,,,,,,,,,,,,,,,,,,,,,,,,,,,,,
Nick Margevicius,SP,FA,,,,,,,,,,,,,,,,,,,,,,,,,,,,,,,,,,,,,,,,,,,,,,,,,,,
Jordan Jackson,RP,FA,,,,,,,,,,,,,,,,,,,,,,,,,,,,,,,,,,,,,,,,,,,,,,,,,,,
Ivan Oviedo,RP,FA,,,,,,,,,,,,,,,,,,,,,,,,,,,,,,,,,,,,,,,,,,,,,,,,,,,
Antonio Knowles,RP,FA,,,,,,,,,,,,,,,,,,,,,,,,,,,,,,,,,,,,,,,,,,,,,,,,,,,
Dameivi Tineo,SP,FA,,,,,,,,,,,,,,,,,,,,,,,,,,,,,,,,,,,,,,,,,,,,,,,,,,,
Christian Edwards,SP,FA,,,,,,,,,,,,,,,,,,,,,,,,,,,,,,,,,,,,,,,,,,,,,,,,,,,
Malik Binns,SP,FA,,,,,,,,,,,,,,,,,,,,,,,,,,,,,,,,,,,,,,,,,,,,,,,,,,,
Justin Armbruester,RP,FA,,,,,,,,,,,,,,,,,,,,,,,,,,,,,,,,,,,,,,,,,,,,,,,,,,,
Caden Monke,RP,FA,,,,,,,,,,,,,,,,,,,,,,,,,,,,,,,,,,,,,,,,,,,,,,,,,,,
Luke McNeillie,SP,FA,,,,,,,,,,,,,,,,,,,,,,,,,,,,,,,,,,,,,,,,,,,,,,,,,,,
Braden Scott,SP,FA,,,,,,,,,,,,,,,,,,,,,,,,,,,,,,,,,,,,,,,,,,,,,,,,,,,
Aaron Leasher,SP,FA,,,,,,,,,,,,,,,,,,,,,,,,,,,,,,,,,,,,,,,,,,,,,,,,,,,
Cole Phillips,SP,FA,,,,,,,,,,,,,,,,,,,,,,,,,,,,,,,,,,,,,,,,,,,,,,,,,,,
Bryan Sammons,RP,FA,,,,,,,,,,,,,,,,,,,,,,,,,,,,,,,,,,,,,,,,,,,,,,,,,,,
David Griffin,RP,FA,,,,,,,,,,,,,,,,,,,,,,,,,,,,,,,,,,,,,,,,,,,,,,,,,,,
Jose Atencio,SP,FA,,,,,,,,,,,,,,,,,,,,,,,,,,,,,,,,,,,,,,,,,,,,,,,,,,,
Adrian Quintana,RP,FA,,,,,,,,,,,,,,,,,,,,,,,,,,,,,,,,,,,,,,,,,,,,,,,,,,,
Hunter Stanley,RP,FA,,,,,,,,,,,,,,,,,,,,,,,,,,,,,,,,,,,,,,,,,,,,,,,,,,,
Sean Guenther,RP,FA,,,,,,,,,,,,,,,,,,,,,,,,,,,,,,,,,,,,,,,,,,,,,,,-3.93,-4.16,18.8,11.6,14.3
Pierson Ohl,SP,FA,,,,,,,,,,,,,,,,,,,,,,,,,,,,,,,,,,,,,,,,,,,,,,,0.3,1.1,22.0,5.3,7.5
Bobby Milacki,RP,FA,,,,,,,,,,,,,,,,,,,,,,,,,,,,,,,,,,,,,,,,,,,,,,,,,,,
Tyler Thomas,RP,FA,,,,,,,,,,,,,,,,,,,,,,,,,,,,,,,,,,,,,,,,,,,,,,,,,,,
Ethan Lindow,SP,FA,,,,,,,,,,,,,,,,,,,,,,,,,,,,,,,,,,,,,,,,,,,,,,,,,,,
Lucas Gilbreath,RP,FA,,,,,,,,,,,,,,,,,,,,,,,,,,,,,,,,,,,,,,,,,,,,,,,,,,,
Andrew Bechtold,RP,FA,,,,,,,,,,,,,,,,,,,,,,,,,,,,,,,,,,,,,,,,,,,,,,,,,,,
Glenn Otto,RP,FA,,,,,,,,,,,,,,,,,,,,,,,,,,,,,,,,,,,,,,,,,,,,,,,,,,,
Jake Madden,RP,FA,,,,,,,,,,,,,,,,,,,,,,,,,,,,,,,,,,,,,,,,,,,,,,,,,,,
Luis F. Castillo,SP,FA,,,,,,,,,,,,,,,,,,,,,,,,,,,,,,,,,,,,,,,,,,,,,,,,,,,
Gabriel Rodriguez,RP,FA,,,,,,,,,,,,,,,,,,,,,,,,,,,,,,,,,,,,,,,,,,,,,,,,,,,
Zach Logue,RP,FA,,,,,,,,,,,,,,,,,,,,,,,,,,,,,,,,,,,,,,,,,,,,,,,,,,,
Keagan Gillies,RP,FA,,,,,,,,,,,,,,,,,,,,,,,,,,,,,,,,,,,,,,,,,,,,,,,,,,,
Yerlin Rodriguez,RP,FA,,,,,,,,,,,,,,,,,,,,,,,,,,,,,,,,,,,,,,,,,,,,,,,,,,,
Johnny Ray,SP,FA,,,,,,,,,,,,,,,,,,,,,,,,,,,,,,,,,,,,,,,,,,,,,,,,,,,
Jared Solomon,RP,FA,,,,,,,,,,,,,,,,,,,,,,,,,,,,,,,,,,,,,,,,,,,,,,,,,,,
Jacob Webb,RP,FA,,,,,,,,,,,,,,,,,,,,,,,,,,,,,,,,,,,,,,,,,,,,,,,,,,,
Joseph Montalvo,SP,FA,,,,,,,,,,,,,,,,,,,,,,,,,,,,,,,,,,,,,,,,,,,,,,,,,,,
Brandon Bielak,RP,FA,,,,,,,,,,,,,,,,,,,,,,,,,,,,,,,,,,,,,,,,,,,,,,,,,,,
Antonio Menendez,RP,FA,,,,,,,,,,,,,,,,,,,,,,,,,,,,,,,,,,,,,,,,,,,,,,,,,,,
Joander Suarez,SP,FA,,,,,,,,,,,,,,,,,,,,,,,,,,,,,,,,,,,,,,,,,,,,,,,,,,,
Daniel Lloyd,RP,FA,,,,,,,,,,,,,,,,,,,,,,,,,,,,,,,,,,,,,,,,,,,,,,,,,,,
Ty Collins,SP,FA,,,,,,,,,,,,,,,,,,,,,,,,,,,,,,,,,,,,,,,,,,,,,,,,,,,
Mason Green,RP,FA,,,,,,,,,,,,,,,,,,,,,,,,,,,,,,,,,,,,,,,,,,,,,,,,,,,
Tyson Guerrero,SP,FA,,,,,,,,,,,,,,,,,,,,,,,,,,,,,,,,,,,,,,,,,,,,,,,,,,,
Trent Baker,SP,FA,,,,,,,,,,,,,,,,,,,,,,,,,,,,,,,,,,,,,,,,,,,,,,,,,,,
Tommy Ventimiglia,SP,FA,,,,,,,,,,,,,,,,,,,,,,,,,,,,,,,,,,,,,,,,,,,,,,,,,,,
Samuel Strickland,RP,FA,,,,,,,,,,,,,,,,,,,,,,,,,,,,,,,,,,,,,,,,,,,,,,,,,,,
Keyshawn Askew,RP,FA,,,,,,,,,,,,,,,,,,,,,,,,,,,,,,,,,,,,,,,,,,,,,,,,,,,
Conor Larkin,RP,FA,,,,,,,,,,,,,,,,,,,,,,,,,,,,,,,,,,,,,,,,,,,,,,,,,,,
Marc Davis,SP,FA,,,,,,,,,,,,,,,,,,,,,,,,,,,,,,,,,,,,,,,,,,,,,,,,,,,
Justin Meis,RP,FA,,,,,,,,,,,,,,,,,,,,,,,,,,,,,,,,,,,,,,,,,,,,,,,,,,,
Jackson Tetreault,SP,FA,,,,,,,,,,,,,,,,,,,,,,,,,,,,,,,,,,,,,,,,,,,,,,,,,,,
Jonny Cuevas,RP,FA,,,,,,,,,,,,,,,,,,,,,,,,,,,,,,,,,,,,,,,,,,,,,,,,,,,
Jorge Benitez,RP,FA,,,,,,,,,,,,,,,,,,,,,,,,,,,,,,,,,,,,,,,,,,,,,,,,,,,
Max Roberts,RP,FA,,,,,,,,,,,,,,,,,,,,,,,,,,,,,,,,,,,,,,,,,,,,,,,,,,,
Travis Smith,SP,FA,,,,,,,,,,,,,,,,,,,,,,,,,,,,,,,,,,,,,,,,,,,,,,,,,,,
David Shields,SP,FA,,,,,,,,,,,,,,,,,,,,,,,,,,,,,,,,,,,,,,,,,,,,,,,,,,,
Carter Holton,SP,FA,,,,,,,,,,,,,,,,,,,,,,,,,,,,,,,,,,,,,,,,,,,,,,,,,,,
Boston Bateman,SP,FA,,,,,,,,,,,,,,,,,,,,,,,,,,,,,,,,,,,,,,,,,,,,,,,,,,,
Ethan Schiefelbein,RP,FA,,,,,,,,,,,,,,,,,,,,,,,,,,,,,,,,,,,,,,,,,,,,,,,,,,,
Juan Olmos,RP,FA,,,,,,,,,,,,,,,,,,,,,,,,,,,,,,,,,,,,,,,,,,,,,,,,,,,
Cory Abbott,SP,FA,,,,,,,,,,,,,,,,,,,,,,,,,,,,,,,,,,,,,,,,,,,,,,,,,,,
Kristian Cardozo,RP,FA,,,,,,,,,,,,,,,,,,,,,,,,,,,,,,,,,,,,,,,,,,,,,,,,,,,
Tommy Doyle,RP,FA,,,,,,,,,,,,,,,,,,,,,,,,,,,,,,,,,,,,,,,,,,,,,,,,,,,
Jeremy Molero,RP,FA,,,,,,,,,,,,,,,,,,,,,,,,,,,,,,,,,,,,,,,,,,,,,,,,,,,
Sam Carlson,RP,FA,,,,,,,,,,,,,,,,,,,,,,,,,,,,,,,,,,,,,,,,,,,,,,,,,,,
Garrett Hill,RP,FA,,,,,,,,,,,,,,,,,,,,,,,,,,,,,,,,,,,,,,,,,,,,,,,,,,,
Matt Sauer,SP,FA,,,,,,,,,,,,,,,,,,,,,,,,,,,,,,,,,,,,,,,,,,,,,,,-0.84,0.06,19.2,6.2,9.0
Domingo Acevedo,RP,FA,,,,,,,,,,,,,,,,,,,,,,,,,,,,,,,,,,,,,,,,,,,,,,,,,,,
Accimias Morales,RP,FA,,,,,,,,,,,,,,,,,,,,,,,,,,,,,,,,,,,,,,,,,,,,,,,,,,,
Cameron Johnson,SP,FA,,,,,,,,,,,,,,,,,,,,,,,,,,,,,,,,,,,,,,,,,,,,,,,,,,,
Braylon Doughty,SP,T,,,,,,,,,,,,,,,,,,,,,,,,,,,,,,,,,,,,,,,,,,,,,,,,,,,
Trey Gregory-Alford,SP,FA,,,,,,,,,,,,,,,,,,,,,,,,,,,,,,,,,,,,,,,,,,,,,,,,,,,
Jake Rice,RP,FA,,,,,,,,,,,,,,,,,,,,,,,,,,,,,,,,,,,,,,,,,,,,,,,,,,,
Lazaro Collera,SP,FA,,,,,,,,,,,,,,,,,,,,,,,,,,,,,,,,,,,,,,,,,,,,,,,,,,,
William Kirk,SP,FA,,,,,,,,,,,,,,,,,,,,,,,,,,,,,,,,,,,,,,,,,,,,,,,,,,,
Zach Swanson,SP,FA,,,,,,,,,,,,,,,,,,,,,,,,,,,,,,,,,,,,,,,,,,,,,,,,,,,
Jason Savacool,SP,FA,,,,,,,,,,,,,,,,,,,,,,,,,,,,,,,,,,,,,,,,,,,,,,,,,,,
Max Carlson,RP,FA,,,,,,,,,,,,,,,,,,,,,,,,,,,,,,,,,,,,,,,,,,,,,,,,,,,
Eric Pardinho,RP,FA,,,,,,,,,,,,,,,,,,,,,,,,,,,,,,,,,,,,,,,,,,,,,,,,,,,
John Swanda,SP,FA,,,,,,,,,,,,,,,,,,,,,,,,,,,,,,,,,,,,,,,,,,,,,,,,,,,
Pete Hansen,SP,FA,,,,,,,,,,,,,,,,,,,,,,,,,,,,,,,,,,,,,,,,,,,,,,,,,,,
Henry Lalane,SP,FA,,,,,,,,,,,,,,,,,,,,,,,,,,,,,,,,,,,,,,,,,,,,,,,,,,,
Tyler Ivey,SP,FA,,,,,,,,,,,,,,,,,,,,,,,,,,,,,,,,,,,,,,,,,,,,,,,,,,,
Alex Scherff,SP,FA,,,,,,,,,,,,,,,,,,,,,,,,,,,,,,,,,,,,,,,,,,,,,,,,,,,
Aaron Wilkerson,SP,FA,,,,,,,,,,,,,,,,,,,,,,,,,,,,,,,,,,,,,,,,,,,,,,,,,,,
Freddy Tarnok,SP,FA,,,,,,,,,,,,,,,,,,,,,,,,,,,,,,,,,,,,,,,,,,,,,,,,,,,
Jacob Heatherly,SP,FA,,,,,,,,,,,,,,,,,,,,,,,,,,,,,,,,,,,,,,,,,,,,,,,,,,,
Edelvis Perez,SP,FA,,,,,,,,,,,,,,,,,,,,,,,,,,,,,,,,,,,,,,,,,,,,,,,,,,,
Henry Henry,RP,FA,,,,,,,,,,,,,,,,,,,,,,,,,,,,,,,,,,,,,,,,,,,,,,,,,,,
Irwin Ramirez,SP,FA,,,,,,,,,,,,,,,,,,,,,,,,,,,,,,,,,,,,,,,,,,,,,,,,,,,
Abraham Hernandez,SP,FA,,,,,,,,,,,,,,,,,,,,,,,,,,,,,,,,,,,,,,,,,,,,,,,,,,,
Estarlin Francisco,RP,FA,,,,,,,,,,,,,,,,,,,,,,,,,,,,,,,,,,,,,,,,,,,,,,,,,,,
Gerinton Mendez,SP,FA,,,,,,,,,,,,,,,,,,,,,,,,,,,,,,,,,,,,,,,,,,,,,,,,,,,
Mike Baumann,RP,FA,,,,,,,,,,,,,,,,,,,,,,,,,,,,,,,,,,,,,,,,,,,,,,,,,,,
Eric Gutierrez,RP,FA,,,,,,,,,,,,,,,,,,,,,,,,,,,,,,,,,,,,,,,,,,,,,,,,,,,
Manuel De La Rosa,SP,FA,,,,,,,,,,,,,,,,,,,,,,,,,,,,,,,,,,,,,,,,,,,,,,,,,,,
Kifraidy Encarnacion,RP,FA,,,,,,,,,,,,,,,,,,,,,,,,,,,,,,,,,,,,,,,,,,,,,,,,,,,
Carlos Ochoa,RP,FA,,,,,,,,,,,,,,,,,,,,,,,,,,,,,,,,,,,,,,,,,,,,,,,,,,,
Gilberto Batista,RP,FA,,,,,,,,,,,,,,,,,,,,,,,,,,,,,,,,,,,,,,,,,,,,,,,,,,,
Blake Holub,RP,FA,,,,,,,,,,,,,,,,,,,,,,,,,,,,,,,,,,,,,,,,,,,,,,,,,,,
Joe Perez,RP,FA,,,,,,,,,,,,,,,,,,,,,,,,,,,,,,,,,,,,,,,,,,,,,,,,,,,
Spencer Howard,SP,FA,,,,,,,,,,,,,,,,,,,,,,,,,,,,,,,,,,,,,,,,,,,,,,,,,,,
Drew Strotman,RP,FA,,,,,,,,,,,,,,,,,,,,,,,,,,,,,,,,,,,,,,,,,,,,,,,,,,,
Michael Mercado,SP,FA,,,,,,,,,,,,,,,,,,,,,,,,,,,,,,,,,,,,,,,,,,,,,,,,,,,
Steven Jennings,RP,FA,,,,,,,,,,,,,,,,,,,,,,,,,,,,,,,,,,,,,,,,,,,,,,,,,,,
Erich Uelmen,RP,FA,,,,,,,,,,,,,,,,,,,,,,,,,,,,,,,,,,,,,,,,,,,,,,,,,,,
Lincoln Henzman,RP,FA,,,,,,,,,,,,,,,,,,,,,,,,,,,,,,,,,,,,,,,,,,,,,,,,,,,
Angel Jimenez,SP,FA,,,,,,,,,,,,,,,,,,,,,,,,,,,,,,,,,,,,,,,,,,,,,,,,,,,
Ryan Forcucci,SP,FA,,,,,,,,,,,,,,,,,,,,,,,,,,,,,,,,,,,,,,,,,,,,,,,,,,,
Marcus Morgan,SP,FA,,,,,,,,,,,,,,,,,,,,,,,,,,,,,,,,,,,,,,,,,,,,,,,,,,,
Teddy McGraw,SP,FA,,,,,,,,,,,,,,,,,,,,,,,,,,,,,,,,,,,,,,,,,,,,,,,,,,,
Norge Vera,SP,FA,,,,,,,,,,,,,,,,,,,,,,,,,,,,,,,,,,,,,,,,,,,,,,,,,,,
Adam Stone,RP,FA,,,,,,,,,,,,,,,,,,,,,,,,,,,,,,,,,,,,,,,,,,,,,,,,,,,
Adam Maier,SP,FA,,,,,,,,,,,,,,,,,,,,,,,,,,,,,,,,,,,,,,,,,,,,,,,,,,,
Bryce Hubbart,RP,FA,,,,,,,,,,,,,,,,,,,,,,,,,,,,,,,,,,,,,,,,,,,,,,,,,,,
Yeriel Santos,SP,FA,,,,,,,,,,,,,,,,,,,,,,,,,,,,,,,,,,,,,,,,,,,,,,,,,,,
Henry Williams,SP,FA,,,,,,,,,,,,,,,,,,,,,,,,,,,,,,,,,,,,,,,,,,,,,,,,,,,
Luis Ortiz,SP,FA,,,,,,,,,,,,,,,,,,,,,,,,,,,,,,,,,,,,,,,,,,,,,,,0.4,-0.1,28.9,11.0,7.2
Ian Bedell,SP,FA,,,,,,,,,,,,,,,,,,,,,,,,,,,,,,,,,,,,,,,,,,,,,,,,,,,
Luis Cessa,SP,FA,,,,,,,,,,,,,,,,,,,,,,,,,,,,,,,,,,,,,,,,,,,,,,,,,,,
Hunter Gregory,RP,FA,,,,,,,,,,,,,,,,,,,,,,,,,,,,,,,,,,,,,,,,,,,,,,,,,,,
Dylan Cumming,RP,FA,,,,,,,,,,,,,,,,,,,,,,,,,,,,,,,,,,,,,,,,,,,,,,,,,,,
Daniel Corniel,RP,FA,,,,,,,,,,,,,,,,,,,,,,,,,,,,,,,,,,,,,,,,,,,,,,,,,,,
Frankie Scalzo Jr.,RP,FA,,,,,,,,,,,,,,,,,,,,,,,,,,,,,,,,,,,,,,,,,,,,,,,,,,,
Joely Rodriguez,RP,FA,,,,,,,,,,,,,,,,,,,,,,,,,,,,,,,,,,,,,,,,,,,,,,,,,,,
Bryan Perez,SP,FA,,,,,,,,,,,,,,,,,,,,,,,,,,,,,,,,,,,,,,,,,,,,,,,,,,,
Endrys Briceno,RP,FA,,,,,,,,,,,,,,,,,,,,,,,,,,,,,,,,,,,,,,,,,,,,,,,,,,,
Dane Dunning,SP,FA,,,,,,,,,,,,,,,,,,,,,,,,,,,,,,,,,,,,,,,,,,,,,,,0.77,1.15,25.1,7.4,6.5
Justin Dunn,SP,FA,,,,,,,,,,,,,,,,,,,,,,,,,,,,,,,,,,,,,,,,,,,,,,,,,,,
T.J. Zeuch,RP,FA,,,,,,,,,,,,,,,,,,,,,,,,,,,,,,,,,,,,,,,,,,,,,,,,,,,
Ian Anderson,SP,FA,,,,,,,,,,,,,,,,,,,,,,,,,,,,,,,,,,,,,,,,,,,,,,,,,,,
Matt Manning,RP,FA,,,,,,,,,,,,,,,,,,,,,,,,,,,,,,,,,,,,,,,,,,,,,,,,,,,
Forrest Whitley,RP,FA,,,,,,,,,,,,,,,,,,,,,,,,,,,,,,,,,,,,,,,,,,,,,,,-2.57,-2.4,19.5,12.1,10.9
Louis Rodriguez,RP,FA,,,,,,,,,,,,,,,,,,,,,,,,,,,,,,,,,,,,,,,,,,,,,,,,,,,
Connor Mattison,SP,FA,,,,,,,,,,,,,,,,,,,,,,,,,,,,,,,,,,,,,,,,,,,,,,,,,,,
Owen Kellington,SP,FA,,,,,,,,,,,,,,,,,,,,,,,,,,,,,,,,,,,,,,,,,,,,,,,,,,,
Jacob Steinmetz,SP,FA,,,,,,,,,,,,,,,,,,,,,,,,,,,,,,,,,,,,,,,,,,,,,,,,,,,
Shane Panzini,RP,FA,,,,,,,,,,,,,,,,,,,,,,,,,,,,,,,,,,,,,,,,,,,,,,,,,,,
Nick Sinacola,RP,FA,,,,,,,,,,,,,,,,,,,,,,,,,,,,,,,,,,,,,,,,,,,,,,,,,,,
Tyler Mattison,SP,FA,,,,,,,,,,,,,,,,,,,,,,,,,,,,,,,,,,,,,,,,,,,,,,,,,,,
Connor Oliver,RP,FA,,,,,,,,,,,,,,,,,,,,,,,,,,,,,,,,,,,,,,,,,,,,,,,,,,,
Zane Mills,RP,FA,,,,,,,,,,,,,,,,,,,,,,,,,,,,,,,,,,,,,,,,,,,,,,,,,,,
Hayden Seig,RP,FA,,,,,,,,,,,,,,,,,,,,,,,,,,,,,,,,,,,,,,,,,,,,,,,,,,,
Kyle Johnson,SP,FA,,,,,,,,,,,,,,,,,,,,,,,,,,,,,,,,,,,,,,,,,,,,,,,,,,,
Anyer Laureano,RP,FA,,,,,,,,,,,,,,,,,,,,,,,,,,,,,,,,,,,,,,,,,,,,,,,,,,,
Diego Navarro,RP,FA,,,,,,,,,,,,,,,,,,,,,,,,,,,,,,,,,,,,,,,,,,,,,,,,,,,
Erubiel Armenta,RP,FA,,,,,,,,,,,,,,,,,,,,,,,,,,,,,,,,,,,,,,,,,,,,,,,,,,,
Rayner Castillo,SP,FA,,,,,,,,,,,,,,,,,,,,,,,,,,,,,,,,,,,,,,,,,,,,,,,,,,,
Danny Kirwin,RP,FA,,,,,,,,,,,,,,,,,,,,,,,,,,,,,,,,,,,,,,,,,,,,,,,,,,,
Tyler Pitzer,SP,FA,,,,,,,,,,,,,,,,,,,,,,,,,,,,,,,,,,,,,,,,,,,,,,,,,,,
Jason DeCaro,SP,FA,,,,,,,,,,,,,,,,,,,,,,,,,,,,,,,,,,,,,,,,,,,,,,,,,,,
Cameron Flukey,SP,FA,,,,,,,,,,,,,,,,,,,,,,,,,,,,,,,,,,,,,,,,,,,,,,,,,,,
Nestor Lorant,SP,FA,,,,,,,,,,,,,,,,,,,,,,,,,,,,,,,,,,,,,,,,,,,,,,,,,,,
Chase Morgan,SP,FA,,,,,,,,,,,,,,,,,,,,,,,,,,,,,,,,,,,,,,,,,,,,,,,,,,,
Jorge Gonzalez,SP,FA,,,,,,,,,,,,,,,,,,,,,,,,,,,,,,,,,,,,,,,,,,,,,,,,,,,
Austin Ehrlicher,SP,FA,,,,,,,,,,,,,,,,,,,,,,,,,,,,,,,,,,,,,,,,,,,,,,,,,,,
Dylan Spain,RP,FA,,,,,,,,,,,,,,,,,,,,,,,,,,,,,,,,,,,,,,,,,,,,,,,,,,,
Thomas Farr,RP,FA,,,,,,,,,,,,,,,,,,,,,,,,,,,,,,,,,,,,,,,,,,,,,,,,,,,
Christian McGowan,SP,FA,,,,,,,,,,,,,,,,,,,,,,,,,,,,,,,,,,,,,,,,,,,,,,,,,,,
Jackson Wolf,SP,FA,,,,,,,,,,,,,,,,,,,,,,,,,,,,,,,,,,,,,,,,,,,,,,,,,,,
Ryan Bergert,SP,FA,,,,,,,,,,,,,,,,,,,,,,,,,,,,,,,,,,,,,,,,,,,,,,,-0.5,-0.38,23.9,10.8,7.8
Shinnosuke Ogasawara,RP,FA,,,,,,,,,,,,,,,,,,,,,,,,,,,,,,,,,,,,,,,,,,,,,,,-0.9,-0.86,23.5,9.8,9.1
Bryan Mena,SP,FA,,,,,,,,,,,,,,,,,,,,,,,,,,,,,,,,,,,,,,,,,,,,,,,,,,,
Ismael Luciano,RP,FA,,,,,,,,,,,,,,,,,,,,,,,,,,,,,,,,,,,,,,,,,,,,,,,,,,,
Bryce Cunningham,SP,FA,,,,,,,,,,,,,,,,,,,,,,,,,,,,,,,,,,,,,,,,,,,,,,,,,,,
Brian Edgington,SP,FA,,,,,,,,,,,,,,,,,,,,,,,,,,,,,,,,,,,,,,,,,,,,,,,,,,,
Jordan Balazovic,SP,FA,,,,,,,,,,,,,,,,,,,,,,,,,,,,,,,,,,,,,,,,,,,,,,,,,,,
Bradley Loftin,SP,FA,,,,,,,,,,,,,,,,,,,,,,,,,,,,,,,,,,,,,,,,,,,,,,,,,,,
Devin Smeltzer,RP,FA,,,,,,,,,,,,,,,,,,,,,,,,,,,,,,,,,,,,,,,,,,,,,,,,,,,
Blake Dickerson,SP,FA,,,,,,,,,,,,,,,,,,,,,,,,,,,,,,,,,,,,,,,,,,,,,,,,,,,
Chris Rodriguez,RP,FA,,,,,,,,,,,,,,,,,,,,,,,,,,,,,,,,,,,,,,,,,,,,,,,,,,,
Woo Jin An,SP,FA,,,,,,,,,,,,,,,,,,,,,,,,,,,,,,,,,,,,,,,,,,,,,,,,,,,
Braeden Ogle,RP,FA,,,,,,,,,,,,,,,,,,,,,,,,,,,,,,,,,,,,,,,,,,,,,,,,,,,
Jaden Woods,RP,FA,,,,,,,,,,,,,,,,,,,,,,,,,,,,,,,,,,,,,,,,,,,,,,,,,,,
Sean Reynolds,RP,FA,,,,,,,,,,,,,,,,,,,,,,,,,,,,,,,,,,,,,,,,,,,,,,,-1.34,-1.32,22.7,14.5,7.9
Austin Smith,RP,FA,,,,,,,,,,,,,,,,,,,,,,,,,,,,,,,,,,,,,,,,,,,,,,,,,,,
Franklin Gomez,SP,FA,,,,,,,,,,,,,,,,,,,,,,,,,,,,,,,,,,,,,,,,,,,,,,,,,,,
Curtis Taylor,SP,FA,,,,,,,,,,,,,,,,,,,,,,,,,,,,,,,,,,,,,,,,,,,,,,,,,,,
Cam Wynne,RP,FA,,,,,,,,,,,,,,,,,,,,,,,,,,,,,,,,,,,,,,,,,,,,,,,,,,,
Vaughn Neckar,SP,FA,,,,,,,,,,,,,,,,,,,,,,,,,,,,,,,,,,,,,,,,,,,,,,,,,,,
Barrett Kent,SP,FA,,,,,,,,,,,,,,,,,,,,,,,,,,,,,,,,,,,,,,,,,,,,,,,,,,,
Cole Schoenwetter,SP,FA,,,,,,,,,,,,,,,,,,,,,,,,,,,,,,,,,,,,,,,,,,,,,,,,,,,
Nolan Perry,SP,T,,,,,,,,,,,,,,,,,,,,,,,,,,,,,,,,,,,,,,,,,,,,,,,,,,,
Levi Wells,SP,FA,,,,,,,,,,,,,,,,,,,,,,,,,,,,,,,,,,,,,,,,,,,,,,,,,,,
Tyson Miller,RP,FA,,,,,,,,,,,,,,,,,,,,,,,,,,,,,,,,,,,,,,,,,,,,,,,,,,,
Mason Thompson,RP,FA,,,,,,,,,,,,,,,,,,,,,,,,,,,,,,,,,,,,,,,,,,,,,,,-1.13,-0.81,21.6,20.0,4.6
Alvaro Mejias,RP,FA,,,,,,,,,,,,,,,,,,,,,,,,,,,,,,,,,,,,,,,,,,,,,,,,,,,
Jimmy Lambert,RP,FA,,,,,,,,,,,,,,,,,,,,,,,,,,,,,,,,,,,,,,,,,,,,,,,,,,,
Ryan Hennen,RP,FA,,,,,,,,,,,,,,,,,,,,,,,,,,,,,,,,,,,,,,,,,,,,,,,,,,,
Jon Duplantier,RP,FA,,,,,,,,,,,,,,,,,,,,,,,,,,,,,,,,,,,,,,,,,,,,,,,,,,,
Justin Yeager,RP,FA,,,,,,,,,,,,,,,,,,,,,,,,,,,,,,,,,,,,,,,,,,,,,,,,,,,
Thomas Hatch,RP,FA,,,,,,,,,,,,,,,,,,,,,,,,,,,,,,,,,,,,,,,,,,,,,,,-0.91,-0.03,19.2,11.2,7.0
Victor Santos,RP,FA,,,,,,,,,,,,,,,,,,,,,,,,,,,,,,,,,,,,,,,,,,,,,,,,,,,
John Gant,SP,FA,,,,,,,,,,,,,,,,,,,,,,,,,,,,,,,,,,,,,,,,,,,,,,,,,,,
Francisco Morales,RP,FA,,,,,,,,,,,,,,,,,,,,,,,,,,,,,,,,,,,,,,,,,,,,,,,,,,,
Dinelson Lamet,RP,FA,,,,,,,,,,,,,,,,,,,,,,,,,,,,,,,,,,,,,,,,,,,,,,,,,,,
Caleb Baragar,RP,FA,,,,,,,,,,,,,,,,,,,,,,,,,,,,,,,,,,,,,,,,,,,,,,,,,,,
Henry Tejada,RP,FA,,,,,,,,,,,,,,,,,,,,,,,,,,,,,,,,,,,,,,,,,,,,,,,,,,,
Elias Moscoso,RP,FA,,,,,,,,,,,,,,,,,,,,,,,,,,,,,,,,,,,,,,,,,,,,,,,,,,,
Jesus Palacios,SP,FA,,,,,,,,,,,,,,,,,,,,,,,,,,,,,,,,,,,,,,,,,,,,,,,,,,,
Joneiker Arellano,SP,FA,,,,,,,,,,,,,,,,,,,,,,,,,,,,,,,,,,,,,,,,,,,,,,,,,,,
Domingo German,SP,FA,,,,,,,,,,,,,,,,,,,,,,,,,,,,,,,,,,,,,,,,,,,,,,,,,,,
Adrian Delgado,RP,FA,,,,,,,,,,,,,,,,,,,,,,,,,,,,,,,,,,,,,,,,,,,,,,,,,,,
Stephen Nogosek,RP,FA,,,,,,,,,,,,,,,,,,,,,,,,,,,,,,,,,,,,,,,,,,,,,,,,,,,
Andre Scrubb,RP,FA,,,,,,,,,,,,,,,,,,,,,,,,,,,,,,,,,,,,,,,,,,,,,,,,,,,
Parker Detmers,SP,FA,,,,,,,,,,,,,,,,,,,,,,,,,,,,,,,,,,,,,,,,,,,,,,,,,,,
Yoel Tejeda,SP,FA,,,,,,,,,,,,,,,,,,,,,,,,,,,,,,,,,,,,,,,,,,,,,,,,,,,
Seth Hernandez,SP,T,,,,,,,,,,,,,,,,,,,,,,,,,,,,,,,,,,,,,,,,,,,,,,,,,,,
Paul Wilson,SP,FA,,,,,,,,,,,,,,,,,,,,,,,,,,,,,,,,,,,,,,,,,,,,,,,,,,,
Yoljeldriz Diaz,RP,FA,,,,,,,,,,,,,,,,,,,,,,,,,,,,,,,,,,,,,,,,,,,,,,,,,,,
Cam Brown,RP,FA,,,,,,,,,,,,,,,,,,,,,,,,,,,,,,,,,,,,,,,,,,,,,,,,,,,
Brian Metoyer,RP,FA,,,,,,,,,,,,,,,,,,,,,,,,,,,,,,,,,,,,,,,,,,,,,,,,,,,
Dakota Hudson,SP,FA,,,,,,,,,,,,,,,,,,,,,,,,,,,,,,,,,,,,,,,,,,,,,,,,,,,
Diego Castillo,RP,FA,,,,,,,,,,,,,,,,,,,,,,,,,,,,,,,,,,,,,,,,,,,,,,,,,,,
Mitch White,SP,FA,,,,,,,,,,,,,,,,,,,,,,,,,,,,,,,,,,,,,,,,,,,,,,,,,,,
Travis MacGregor,RP,FA,,,,,,,,,,,,,,,,,,,,,,,,,,,,,,,,,,,,,,,,,,,,,,,,,,,
Nick Nelson,RP,FA,,,,,,,,,,,,,,,,,,,,,,,,,,,,,,,,,,,,,,,,,,,,,,,,,,,
A.J. Puckett,RP,FA,,,,,,,,,,,,,,,,,,,,,,,,,,,,,,,,,,,,,,,,,,,,,,,,,,,
Luis Viloria,RP,FA,,,,,,,,,,,,,,,,,,,,,,,,,,,,,,,,,,,,,,,,,,,,,,,,,,,
Joey Wentz,RP,FA,,,,,,,,,,,,,,,,,,,,,,,,,,,,,,,,,,,,,,,,,,,,,,,-0.37,-0.12,23.5,9.7,7.8
Johan Simon,RP,FA,,,,,,,,,,,,,,,,,,,,,,,,,,,,,,,,,,,,,,,,,,,,,,,,,,,
Adbert Alzolay,RP,FA,,,,,,,,,,,,,,,,,,,,,,,,,,,,,,,,,,,,,,,,,,,,,,,,,,,
Victor Gonzalez,RP,FA,,,,,,,,,,,,,,,,,,,,,,,,,,,,,,,,,,,,,,,,,,,,,,,,,,,
Alex Santos,SP,FA,,,,,,,,,,,,,,,,,,,,,,,,,,,,,,,,,,,,,,,,,,,,,,,,,,,
Carson Montgomery,SP,FA,,,,,,,,,,,,,,,,,,,,,,,,,,,,,,,,,,,,,,,,,,,,,,,,,,,
Joe Jimenez,RP,FA,,,,,,,,,,,,,,,,,,,,,,,,,,,,,,,,,,,,,,,,,,,,,,,,,,,
Alex Speas,SP,FA,,,,,,,,,,,,,,,,,,,,,,,,,,,,,,,,,,,,,,,,,,,,,,,,,,,
Kyle Muller,RP,FA,,,,,,,,,,,,,,,,,,,,,,,,,,,,,,,,,,,,,,,,,,,,,,,,,,,
Allen Facundo,SP,FA,,,,,,,,,,,,,,,,,,,,,,,,,,,,,,,,,,,,,,,,,,,,,,,,,,,
Kevin Gowdy,RP,FA,,,,,,,,,,,,,,,,,,,,,,,,,,,,,,,,,,,,,,,,,,,,,,,,,,,
Oddanier Mosqueda,RP,FA,,,,,,,,,,,,,,,,,,,,,,,,,,,,,,,,,,,,,,,,,,,,,,,,,,,
Adonis Medina,RP,FA,,,,,,,,,,,,,,,,,,,,,,,,,,,,,,,,,,,,,,,,,,,,,,,,,,,
Anthony Vizcaya,RP,FA,,,,,,,,,,,,,,,,,,,,,,,,,,,,,,,,,,,,,,,,,,,,,,,,,,,
Bryce Jarvis,RP,FA,,,,,,,,,,,,,,,,,,,,,,,,,,,,,,,,,,,,,,,,,,,,,,,-0.54,0.15,20.9,10.2,7.1
Luis R. Rodriguez,SP,FA,,,,,,,,,,,,,,,,,,,,,,,,,,,,,,,,,,,,,,,,,,,,,,,,,,,
Trevor Gott,RP,FA,,,,,,,,,,,,,,,,,,,,,,,,,,,,,,,,,,,,,,,,,,,,,,,,,,,
Julio Rodriguez,RP,FA,,,,,,,,,,,,,,,,,,,,,,,,,,,,,,,,,,,,,,,,,,,,,,,,,,,
Ubert Mejias,RP,FA,,,,,,,,,,,,,,,,,,,,,,,,,,,,,,,,,,,,,,,,,,,,,,,,,,,
Bailey Dees,RP,FA,,,,,,,,,,,,,,,,,,,,,,,,,,,,,,,,,,,,,,,,,,,,,,,,,,,
Chen Zhong-Ao Zhuang,SP,FA,,,,,,,,,,,,,,,,,,,,,,,,,,,,,,,,,,,,,,,,,,,,,,,,,,,
Mason McGwire,SP,FA,,,,,,,,,,,,,,,,,,,,,,,,,,,,,,,,,,,,,,,,,,,,,,,,,,,
Charlee Soto,SP,FA,,,,,,,,,,,,,,,,,,,,,,,,,,,,,,,,,,,,,,,,,,,,,,,,,,,
Michael Brewer,RP,FA,,,,,,,,,,,,,,,,,,,,,,,,,,,,,,,,,,,,,,,,,,,,,,,,,,,
Luis Gutierrez,SP,FA,,,,,,,,,,,,,,,,,,,,,,,,,,,,,,,,,,,,,,,,,,,,,,,,,,,
Esmerlin Vinicio,RP,FA,,,,,,,,,,,,,,,,,,,,,,,,,,,,,,,,,,,,,,,,,,,,,,,,,,,
Shohei Tomioka,RP,FA,,,,,,,,,,,,,,,,,,,,,,,,,,,,,,,,,,,,,,,,,,,,,,,,,,,
Blake Townsend,RP,FA,,,,,,,,,,,,,,,,,,,,,,,,,,,,,,,,,,,,,,,,,,,,,,,,,,,
Pablo Lopez,SP,T,,,,,,,,,,,,,,,,,,,,,,,,,,,,,,,,,,,,,,,,,,,,,,,0.34,0.39,25.9,6.4,8.3
Johnny King,SP,T,,,,,,,,,,,,,,,,,,,,,,,,,,,,,,,,,,,,,,,,,,,,,,,,,,,
Yordin Chalas,SP,FA,,,,,,,,,,,,,,,,,,,,,,,,,,,,,,,,,,,,,,,,,,,,,,,,,,,
Gerardo Gutierrez,RP,FA,,,,,,,,,,,,,,,,,,,,,,,,,,,,,,,,,,,,,,,,,,,,,,,,,,,
Kash Mayfield,SP,FA,,,,,,,,,,,,,,,,,,,,,,,,,,,,,,,,,,,,,,,,,,,,,,,,,,,
Junior Tavera,SP,FA,,,,,,,,,,,,,,,,,,,,,,,,,,,,,,,,,,,,,,,,,,,,,,,,,,,
Marlin Willis,RP,FA,,,,,,,,,,,,,,,,,,,,,,,,,,,,,,,,,,,,,,,,,,,,,,,,,,,
Ovis Portes,RP,FA,,,,,,,,,,,,,,,,,,,,,,,,,,,,,,,,,,,,,,,,,,,,,,,,,,,
Ryan Prager,SP,FA,,,,,,,,,,,,,,,,,,,,,,,,,,,,,,,,,,,,,,,,,,,,,,,,,,,
Hunter Dula,RP,FA,,,,,,,,,,,,,,,,,,,,,,,,,,,,,,,,,,,,,,,,,,,,,,,,,,,
Maxwel Hernandez,RP,FA,,,,,,,,,,,,,,,,,,,,,,,,,,,,,,,,,,,,,,,,,,,,,,,,,,,
Nate Savino,RP,FA,,,,,,,,,,,,,,,,,,,,,,,,,,,,,,,,,,,,,,,,,,,,,,,,,,,
Justin King,RP,FA,,,,,,,,,,,,,,,,,,,,,,,,,,,,,,,,,,,,,,,,,,,,,,,,,,,
Talan Bell,SP,FA,,,,,,,,,,,,,,,,,,,,,,,,,,,,,,,,,,,,,,,,,,,,,,,,,,,
Amilcar Medina,RP,FA,,,,,,,,,,,,,,,,,,,,,,,,,,,,,,,,,,,,,,,,,,,,,,,,,,,
Pedro Santos,RP,FA,,,,,,,,,,,,,,,,,,,,,,,,,,,,,,,,,,,,,,,,,,,,,,,,,,,
Kelvis Salcedo,SP,FA,,,,,,,,,,,,,,,,,,,,,,,,,,,,,,,,,,,,,,,,,,,,,,,,,,,
Dioris De La Rosa,SP,FA,,,,,,,,,,,,,,,,,,,,,,,,,,,,,,,,,,,,,,,,,,,,,,,,,,,
Ettore Giulianelli,RP,FA,,,,,,,,,,,,,,,,,,,,,,,,,,,,,,,,,,,,,,,,,,,,,,,,,,,
Chris Muller,RP,FA,,,,,,,,,,,,,,,,,,,,,,,,,,,,,,,,,,,,,,,,,,,,,,,,,,,
Yaki Mondesir,SP,FA,,,,,,,,,,,,,,,,,,,,,,,,,,,,,,,,,,,,,,,,,,,,,,,,,,,
Ericksson De Los Santos,RP,FA,,,,,,,,,,,,,,,,,,,,,,,,,,,,,,,,,,,,,,,,,,,,,,,,,,,
Pedro Alfonseca,RP,FA,,,,,,,,,,,,,,,,,,,,,,,,,,,,,,,,,,,,,,,,,,,,,,,,,,,
Luis Alvarez,RP,FA,,,,,,,,,,,,,,,,,,,,,,,,,,,,,,,,,,,,,,,,,,,,,,,,,,,
Brandon Hughes,RP,FA,,,,,,,,,,,,,,,,,,,,,,,,,,,,,,,,,,,,,,,,,,,,,,,,,,,
Paul Campbell,SP,FA,,,,,,,,,,,,,,,,,,,,,,,,,,,,,,,,,,,,,,,,,,,,,,,,,,,
Carlos Pena,RP,FA,,,,,,,,,,,,,,,,,,,,,,,,,,,,,,,,,,,,,,,,,,,,,,,,,,,
Dylan File,SP,FA,,,,,,,,,,,,,,,,,,,,,,,,,,,,,,,,,,,,,,,,,,,,,,,,,,,
David Leal,RP,FA,,,,,,,,,,,,,,,,,,,,,,,,,,,,,,,,,,,,,,,,,,,,,,,,,,,
Rodolfo Sanchez,SP,FA,,,,,,,,,,,,,,,,,,,,,,,,,,,,,,,,,,,,,,,,,,,,,,,,,,,
Walter Pennington,RP,FA,,,,,,,,,,,,,,,,,,,,,,,,,,,,,,,,,,,,,,,,,,,,,,,,,,,
Sixto Sanchez,SP,FA,,,,,,,,,,,,,,,,,,,,,,,,,,,,,,,,,,,,,,,,,,,,,,,,,,,
Daniel Robert,RP,FA,,,,,,,,,,,,,,,,,,,,,,,,,,,,,,,,,,,,,,,,,,,,,,,-1.37,-2.94,30.8,16.9,9.8
Jake Cousins,RP,FA,,,,,,,,,,,,,,,,,,,,,,,,,,,,,,,,,,,,,,,,,,,,,,,,,,,
Leonardo Taveras,RP,FA,,,,,,,,,,,,,,,,,,,,,,,,,,,,,,,,,,,,,,,,,,,,,,,,,,,
Dahian Santos,RP,FA,,,,,,,,,,,,,,,,,,,,,,,,,,,,,,,,,,,,,,,,,,,,,,,,,,,
Gabriel Chinchilla,SP,FA,,,,,,,,,,,,,,,,,,,,,,,,,,,,,,,,,,,,,,,,,,,,,,,,,,,
Dominic Freeberger,SP,FA,,,,,,,,,,,,,,,,,,,,,,,,,,,,,,,,,,,,,,,,,,,,,,,,,,,
Yosber Sanchez,RP,FA,,,,,,,,,,,,,,,,,,,,,,,,,,,,,,,,,,,,,,,,,,,,,,,,,,,
Adam Stauffer,RP,FA,,,,,,,,,,,,,,,,,,,,,,,,,,,,,,,,,,,,,,,,,,,,,,,,,,,
Jackson Wentworth,SP,FA,,,,,,,,,,,,,,,,,,,,,,,,,,,,,,,,,,,,,,,,,,,,,,,,,,,
Riley Huge,RP,FA,,,,,,,,,,,,,,,,,,,,,,,,,,,,,,,,,,,,,,,,,,,,,,,,,,,
James Gonzalez,SP,FA,,,,,,,,,,,,,,,,,,,,,,,,,,,,,,,,,,,,,,,,,,,,,,,,,,,
Zach Root,SP,FA,,,,,,,,,,,,,,,,,,,,,,,,,,,,,,,,,,,,,,,,,,,,,,,,,,,
Aidan Knaak,SP,FA,,,,,,,,,,,,,,,,,,,,,,,,,,,,,,,,,,,,,,,,,,,,,,,,,,,
Luis Rodriguez,SP,FA,,,,,,,,,,,,,,,,,,,,,,,,,,,,,,,,,,,,,,,,,,,,,,,,,,,
Zach Willeman,SP,FA,,,,,,,,,,,,,,,,,,,,,,,,,,,,,,,,,,,,,,,,,,,,,,,,,,,
Ruben Salinas,RP,FA,,,,,,,,,,,,,,,,,,,,,,,,,,,,,,,,,,,,,,,,,,,,,,,,,,,
Matt Givin,RP,FA,,,,,,,,,,,,,,,,,,,,,,,,,,,,,,,,,,,,,,,,,,,,,,,,,,,
Duncan Marsten,SP,FA,,,,,,,,,,,,,,,,,,,,,,,,,,,,,,,,,,,,,,,,,,,,,,,,,,,
Christopher Peralta,SP,FA,,,,,,,,,,,,,,,,,,,,,,,,,,,,,,,,,,,,,,,,,,,,,,,,,,,
Luis Ilarraza,RP,FA,,,,,,,,,,,,,,,,,,,,,,,,,,,,,,,,,,,,,,,,,,,,,,,,,,,
Andrew Quezada,SP,FA,,,,,,,,,,,,,,,,,,,,,,,,,,,,,,,,,,,,,,,,,,,,,,,,,,,
Alexander Almonte,SP,FA,,,,,,,,,,,,,,,,,,,,,,,,,,,,,,,,,,,,,,,,,,,,,,,,,,,
Marco Manzano,RP,FA,,,,,,,,,,,,,,,,,,,,,,,,,,,,,,,,,,,,,,,,,,,,,,,,,,,
Osvaldo Berrios,RP,FA,,,,,,,,,,,,,,,,,,,,,,,,,,,,,,,,,,,,,,,,,,,,,,,,,,,
Enixon Sanchez,SP,FA,,,,,,,,,,,,,,,,,,,,,,,,,,,,,,,,,,,,,,,,,,,,,,,,,,,
Schuyler Sandford,SP,FA,,,,,,,,,,,,,,,,,,,,,,,,,,,,,,,,,,,,,,,,,,,,,,,,,,,
Ricky Karcher,RP,FA,,,,,,,,,,,,,,,,,,,,,,,,,,,,,,,,,,,,,,,,,,,,,,,,,,,
Brady Tygart,SP,FA,,,,,,,,,,,,,,,,,,,,,,,,,,,,,,,,,,,,,,,,,,,,,,,,,,,
Randy Labaut,RP,FA,,,,,,,,,,,,,,,,,,,,,,,,,,,,,,,,,,,,,,,,,,,,,,,,,,,
Aidan Anderson,RP,FA,,,,,,,,,,,,,,,,,,,,,,,,,,,,,,,,,,,,,,,,,,,,,,,,,,,
Ruben Castillo,SP,FA,,,,,,,,,,,,,,,,,,,,,,,,,,,,,,,,,,,,,,,,,,,,,,,,,,,
Tommy Mace,SP,FA,,,,,,,,,,,,,,,,,,,,,,,,,,,,,,,,,,,,,,,,,,,,,,,,,,,
Eliazar Dishmey,SP,FA,,,,,,,,,,,,,,,,,,,,,,,,,,,,,,,,,,,,,,,,,,,,,,,,,,,
Argenis Cayama,SP,FA,,,,,,,,,,,,,,,,,,,,,,,,,,,,,,,,,,,,,,,,,,,,,,,,,,,
Josh Roberson,RP,FA,,,,,,,,,,,,,,,,,,,,,,,,,,,,,,,,,,,,,,,,,,,,,,,,,,,
Nestor Cortes Jr.,SP,FA,,,,,,,,,,,,,,,,,,,,,,,,,,,,,,,,,,,,,,,,,,,,,,,-0.67,-0.83,25.0,12.7,7.8
Andre Jackson,RP,FA,,,,,,,,,,,,,,,,,,,,,,,,,,,,,,,,,,,,,,,,,,,,,,,,,,,
Emmanuel Chapman,RP,FA,,,,,,,,,,,,,,,,,,,,,,,,,,,,,,,,,,,,,,,,,,,,,,,,,,,
Matt Turner,RP,FA,,,,,,,,,,,,,,,,,,,,,,,,,,,,,,,,,,,,,,,,,,,,,,,,,,,
Shawn Semple,SP,FA,,,,,,,,,,,,,,,,,,,,,,,,,,,,,,,,,,,,,,,,,,,,,,,,,,,
Darren McCaughan,RP,FA,,,,,,,,,,,,,,,,,,,,,,,,,,,,,,,,,,,,,,,,,,,,,,,,,,,
David Parkinson,SP,FA,,,,,,,,,,,,,,,,,,,,,,,,,,,,,,,,,,,,,,,,,,,,,,,,,,,
Ricky Vanasco,SP,FA,,,,,,,,,,,,,,,,,,,,,,,,,,,,,,,,,,,,,,,,,,,,,,,,,,,
Tommy Romero,SP,FA,,,,,,,,,,,,,,,,,,,,,,,,,,,,,,,,,,,,,,,,,,,,,,,,,,,
Naykel Cruz,RP,FA,,,,,,,,,,,,,,,,,,,,,,,,,,,,,,,,,,,,,,,,,,,,,,,,,,,
Wellington Aracena,SP,FA,,,,,,,,,,,,,,,,,,,,,,,,,,,,,,,,,,,,,,,,,,,,,,,,,,,
Adrian Herrera,RP,FA,,,,,,,,,,,,,,,,,,,,,,,,,,,,,,,,,,,,,,,,,,,,,,,,,,,
Kyle Nelson,RP,FA,,,,,,,,,,,,,,,,,,,,,,,,,,,,,,,,,,,,,,,,,,,,,,,,,,,
Aaron McGarity,RP,FA,,,,,,,,,,,,,,,,,,,,,,,,,,,,,,,,,,,,,,,,,,,,,,,,,,,
Kutter Crawford,SP,FA,,,,,,,,,,,,,,,,,,,,,,,,,,,,,,,,,,,,,,,,,,,,,,,,,,,
Eiver Mosquera,SP,FA,,,,,,,,,,,,,,,,,,,,,,,,,,,,,,,,,,,,,,,,,,,,,,,,,,,
Jamie Arnold,SP,T,,,,,,,,,,,,,,,,,,,,,,,,,,,,,,,,,,,,,,,,,,,,,,,,,,,
Shuto Ogata,SP,FA,,,,,,,,,,,,,,,,,,,,,,,,,,,,,,,,,,,,,,,,,,,,,,,,,,,
Jake Walsh,RP,FA,,,,,,,,,,,,,,,,,,,,,,,,,,,,,,,,,,,,,,,,,,,,,,,,,,,
Shinya Matsuyama,SP,FA,,,,,,,,,,,,,,,,,,,,,,,,,,,,,,,,,,,,,,,,,,,,,,,,,,,
Katsuki Azuma,SP,FA,,,,,,,,,,,,,,,,,,,,,,,,,,,,,,,,,,,,,,,,,,,,,,,,,,,
Hiroto Saiki,SP,FA,,,,,,,,,,,,,,,,,,,,,,,,,,,,,,,,,,,,,,,,,,,,,,,,,,,
Samuel Mejia,RP,FA,,,,,,,,,,,,,,,,,,,,,,,,,,,,,,,,,,,,,,,,,,,,,,,,,,,
Brody Rodning,RP,FA,,,,,,,,,,,,,,,,,,,,,,,,,,,,,,,,,,,,,,,,,,,,,,,,,,,
Trey Supak,SP,FA,,,,,,,,,,,,,,,,,,,,,,,,,,,,,,,,,,,,,,,,,,,,,,,,,,,
Brent Honeywell Jr.,RP,FA,,,,,,,,,,,,,,,,,,,,,,,,,,,,,,,,,,,,,,,,,,,,,,,,,,,
Sean Reid-Foley,RP,FA,,,,,,,,,,,,,,,,,,,,,,,,,,,,,,,,,,,,,,,,,,,,,,,,,,,
Luis Reyes,RP,FA,,,,,,,,,,,,,,,,,,,,,,,,,,,,,,,,,,,,,,,,,,,,,,,,,,,
Michael Kopech,RP,FA,,,,,,,,,,,,,,,,,,,,,,,,,,,,,,,,,,,,,,,,,,,,,,,-2.02,-3.43,28.7,24.5,7.4
Chad Kuhl,SP,FA,,,,,,,,,,,,,,,,,,,,,,,,,,,,,,,,,,,,,,,,,,,,,,,,,,,
D.J. Snelten,RP,FA,,,,,,,,,,,,,,,,,,,,,,,,,,,,,,,,,,,,,,,,,,,,,,,,,,,
Adam Cimber,RP,FA,,,,,,,,,,,,,,,,,,,,,,,,,,,,,,,,,,,,,,,,,,,,,,,,,,,
Cam Robinson,RP,FA,,,,,,,,,,,,,,,,,,,,,,,,,,,,,,,,,,,,,,,,,,,,,,,,,,,
Tommy McCollum,RP,FA,,,,,,,,,,,,,,,,,,,,,,,,,,,,,,,,,,,,,,,,,,,,,,,,,,,
Blake Taylor,RP,FA,,,,,,,,,,,,,,,,,,,,,,,,,,,,,,,,,,,,,,,,,,,,,,,,,,,
Jordany Chirinos,SP,FA,,,,,,,,,,,,,,,,,,,,,,,,,,,,,,,,,,,,,,,,,,,,,,,,,,,
Bryce Collins,RP,FA,,,,,,,,,,,,,,,,,,,,,,,,,,,,,,,,,,,,,,,,,,,,,,,,,,,
Bryce Conley,SP,FA,,,,,,,,,,,,,,,,,,,,,,,,,,,,,,,,,,,,,,,,,,,,,,,,,,,
Phil Bickford,RP,FA,,,,,,,,,,,,,,,,,,,,,,,,,,,,,,,,,,,,,,,,,,,,,,,,,,,
Ernesto Mercedes,RP,FA,,,,,,,,,,,,,,,,,,,,,,,,,,,,,,,,,,,,,,,,,,,,,,,,,,,
Justin Lamkin,SP,FA,,,,,,,,,,,,,,,,,,,,,,,,,,,,,,,,,,,,,,,,,,,,,,,,,,,
Javier Perez,RP,FA,,,,,,,,,,,,,,,,,,,,,,,,,,,,,,,,,,,,,,,,,,,,,,,,,,,
Fernando Duarte,RP,FA,,,,,,,,,,,,,,,,,,,,,,,,,,,,,,,,,,,,,,,,,,,,,,,,,,,
Carlo Reyes,SP,FA,,,,,,,,,,,,,,,,,,,,,,,,,,,,,,,,,,,,,,,,,,,,,,,,,,,
Jakob Hernandez,RP,FA,,,,,,,,,,,,,,,,,,,,,,,,,,,,,,,,,,,,,,,,,,,,,,,,,,,
Carson Pierce,RP,FA,,,,,,,,,,,,,,,,,,,,,,,,,,,,,,,,,,,,,,,,,,,,,,,,,,,
Ryan Boyer,RP,FA,,,,,,,,,,,,,,,,,,,,,,,,,,,,,,,,,,,,,,,,,,,,,,,,,,,
Ben Lively,SP,FA,,,,,,,,,,,,,,,,,,,,,,,,,,,,,,,,,,,,,,,,,,,,,,,-1.36,-0.08,16.2,8.4,8.3
Alonzo Tredwell,SP,FA,,,,,,,,,,,,,,,,,,,,,,,,,,,,,,,,,,,,,,,,,,,,,,,,,,,
Ty Langenberg,SP,FA,,,,,,,,,,,,,,,,,,,,,,,,,,,,,,,,,,,,,,,,,,,,,,,,,,,
Jerson Alejandro,SP,FA,,,,,,,,,,,,,,,,,,,,,,,,,,,,,,,,,,,,,,,,,,,,,,,,,,,
Trevor Clifton,SP,FA,,,,,,,,,,,,,,,,,,,,,,,,,,,,,,,,,,,,,,,,,,,,,,,,,,,
Mauricio Veliz,RP,FA,,,,,,,,,,,,,,,,,,,,,,,,,,,,,,,,,,,,,,,,,,,,,,,,,,,
Spencer Adams,SP,FA,,,,,,,,,,,,,,,,,,,,,,,,,,,,,,,,,,,,,,,,,,,,,,,,,,,
Tyler Danish,SP,FA,,,,,,,,,,,,,,,,,,,,,,,,,,,,,,,,,,,,,,,,,,,,,,,,,,,
Spencer Turnbull,SP,FA,,,,,,,,,,,,,,,,,,,,,,,,,,,,,,,,,,,,,,,,,,,,,,,,,,,
Mark Washington,RP,FA,,,,,,,,,,,,,,,,,,,,,,,,,,,,,,,,,,,,,,,,,,,,,,,,,,,
Riley Thompson,RP,FA,,,,,,,,,,,,,,,,,,,,,,,,,,,,,,,,,,,,,,,,,,,,,,,,,,,
Corey Knebel,RP,FA,,,,,,,,,,,,,,,,,,,,,,,,,,,,,,,,,,,,,,,,,,,,,,,,,,,
Andrew Thurman,SP,FA,,,,,,,,,,,,,,,,,,,,,,,,,,,,,,,,,,,,,,,,,,,,,,,,,,,
Rob Zastryzny,RP,FA,,,,,,,,,,,,,,,,,,,,,,,,,,,,,,,,,,,,,,,,,,,,,,,1.26,0.45,32.2,10.8,6.3
Rob Kaminsky,SP,FA,,,,,,,,,,,,,,,,,,,,,,,,,,,,,,,,,,,,,,,,,,,,,,,,,,,
Sam Clay,RP,FA,,,,,,,,,,,,,,,,,,,,,,,,,,,,,,,,,,,,,,,,,,,,,,,,,,,
Daniel Mengden,SP,FA,,,,,,,,,,,,,,,,,,,,,,,,,,,,,,,,,,,,,,,,,,,,,,,,,,,
Chris Ellis,SP,FA,,,,,,,,,,,,,,,,,,,,,,,,,,,,,,,,,,,,,,,,,,,,,,,,,,,
Daniel Missaki,RP,FA,,,,,,,,,,,,,,,,,,,,,,,,,,,,,,,,,,,,,,,,,,,,,,,,,,,
Thomas Bruss,RP,FA,,,,,,,,,,,,,,,,,,,,,,,,,,,,,,,,,,,,,,,,,,,,,,,,,,,
Edgar Moreta,SP,FA,,,,,,,,,,,,,,,,,,,,,,,,,,,,,,,,,,,,,,,,,,,,,,,,,,,
Yoel Roque,SP,FA,,,,,,,,,,,,,,,,,,,,,,,,,,,,,,,,,,,,,,,,,,,,,,,,,,,
David Davalillo,SP,FA,,,,,,,,,,,,,,,,,,,,,,,,,,,,,,,,,,,,,,,,,,,,,,,,,,,
Rafael Gonzalez,RP,FA,,,,,,,,,,,,,,,,,,,,,,,,,,,,,,,,,,,,,,,,,,,,,,,,,,,
Luis Vargas,RP,FA,,,,,,,,,,,,,,,,,,,,,,,,,,,,,,,,,,,,,,,,,,,,,,,,,,,
Yeferson Vargas,SP,FA,,,,,,,,,,,,,,,,,,,,,,,,,,,,,,,,,,,,,,,,,,,,,,,,,,,
Colin Fisher,SP,FA,,,,,,,,,,,,,,,,,,,,,,,,,,,,,,,,,,,,,,,,,,,,,,,,,,,
Zach Thompson,RP,FA,,,,,,,,,,,,,,,,,,,,,,,,,,,,,,,,,,,,,,,,,,,,,,,,,,,
Davian Garcia,SP,FA,,,,,,,,,,,,,,,,,,,,,,,,,,,,,,,,,,,,,,,,,,,,,,,,,,,
Robinson Javier,RP,FA,,,,,,,,,,,,,,,,,,,,,,,,,,,,,,,,,,,,,,,,,,,,,,,,,,,
Wes Benjamin,SP,FA,,,,,,,,,,,,,,,,,,,,,,,,,,,,,,,,,,,,,,,,,,,,,,,,,,,
Daniel Eagen,SP,FA,,,,,,,,,,,,,,,,,,,,,,,,,,,,,,,,,,,,,,,,,,,,,,,,,,,
Manuel Marchan,SP,FA,,,,,,,,,,,,,,,,,,,,,,,,,,,,,,,,,,,,,,,,,,,,,,,,,,,
Hunter Cranton,RP,FA,,,,,,,,,,,,,,,,,,,,,,,,,,,,,,,,,,,,,,,,,,,,,,,,,,,
Juan Valera,SP,FA,,,,,,,,,,,,,,,,,,,,,,,,,,,,,,,,,,,,,,,,,,,,,,,,,,,
Jeff Brigham,RP,FA,,,,,,,,,,,,,,,,,,,,,,,,,,,,,,,,,,,,,,,,,,,,,,,,,,,
Austin Gomber,SP,FA,,,,,,,,,,,,,,,,,,,,,,,,,,,,,,,,,,,,,,,,,,,,,,,-0.96,0.53,15.9,6.3,8.1
Jose Guevara,SP,FA,,,,,,,,,,,,,,,,,,,,,,,,,,,,,,,,,,,,,,,,,,,,,,,,,,,
Jhoan Thomas,RP,FA,,,,,,,,,,,,,,,,,,,,,,,,,,,,,,,,,,,,,,,,,,,,,,,,,,,
Anferni Gonzalez,SP,FA,,,,,,,,,,,,,,,,,,,,,,,,,,,,,,,,,,,,,,,,,,,,,,,,,,,
Jairon Digon,RP,FA,,,,,,,,,,,,,,,,,,,,,,,,,,,,,,,,,,,,,,,,,,,,,,,,,,,
Marco Eluscat,SP,FA,,,,,,,,,,,,,,,,,,,,,,,,,,,,,,,,,,,,,,,,,,,,,,,,,,,
Denny Lima,SP,FA,,,,,,,,,,,,,,,,,,,,,,,,,,,,,,,,,,,,,,,,,,,,,,,,,,,
Nathan Arends,RP,FA,,,,,,,,,,,,,,,,,,,,,,,,,,,,,,,,,,,,,,,,,,,,,,,,,,,
Drew Pestka,RP,FA,,,,,,,,,,,,,,,,,,,,,,,,,,,,,,,,,,,,,,,,,,,,,,,,,,,
Alain Pena,SP,FA,,,,,,,,,,,,,,,,,,,,,,,,,,,,,,,,,,,,,,,,,,,,,,,,,,,
Jose Leclerc,RP,FA,,,,,,,,,,,,,,,,,,,,,,,,,,,,,,,,,,,,,,,,,,,,,,,,,,,
Juan Medina,SP,FA,,,,,,,,,,,,,,,,,,,,,,,,,,,,,,,,,,,,,,,,,,,,,,,,,,,
Dominic Voegele,SP,FA,,,,,,,,,,,,,,,,,,,,,,,,,,,,,,,,,,,,,,,,,,,,,,,,,,,
Manuel Davila,RP,FA,,,,,,,,,,,,,,,,,,,,,,,,,,,,,,,,,,,,,,,,,,,,,,,,,,,
Jesus Delgado,RP,FA,,,,,,,,,,,,,,,,,,,,,,,,,,,,,,,,,,,,,,,,,,,,,,,,,,,
Shnaider Rojas,SP,FA,,,,,,,,,,,,,,,,,,,,,,,,,,,,,,,,,,,,,,,,,,,,,,,,,,,
Ricardo Guzman,RP,FA,,,,,,,,,,,,,,,,,,,,,,,,,,,,,,,,,,,,,,,,,,,,,,,,,,,
Antawn Leal,RP,FA,,,,,,,,,,,,,,,,,,,,,,,,,,,,,,,,,,,,,,,,,,,,,,,,,,,
Austin Kitchen,RP,FA,,,,,,,,,,,,,,,,,,,,,,,,,,,,,,,,,,,,,,,,,,,,,,,,,,,
Ryan Hendrix,RP,FA,,,,,,,,,,,,,,,,,,,,,,,,,,,,,,,,,,,,,,,,,,,,,,,,,,,
Trenton Denholm,SP,FA,,,,,,,,,,,,,,,,,,,,,,,,,,,,,,,,,,,,,,,,,,,,,,,,,,,
Sam Weatherly,RP,FA,,,,,,,,,,,,,,,,,,,,,,,,,,,,,,,,,,,,,,,,,,,,,,,,,,,
Jake Latz,RP,T,,,,,,,,,,,,,,,,,,,,,,,,,,,,,,,,,,,,,,,,,,,,,,,,,,,
Timmy Manning,RP,FA,,,,,,,,,,,,,,,,,,,,,,,,,,,,,,,,,,,,,,,,,,,,,,,,,,,
Luarbert Arias,RP,FA,,,,,,,,,,,,,,,,,,,,,,,,,,,,,,,,,,,,,,,,,,,,,,,-1.1,0.36,15.8,9.1,7.2
John Means,SP,FA,,,,,,,,,,,,,,,,,,,,,,,,,,,,,,,,,,,,,,,,,,,,,,,,,,,
Alexandre Valdiviezo,RP,FA,,,,,,,,,,,,,,,,,,,,,,,,,,,,,,,,,,,,,,,,,,,,,,,,,,,
Kevin Abel,SP,FA,,,,,,,,,,,,,,,,,,,,,,,,,,,,,,,,,,,,,,,,,,,,,,,,,,,
Burl Carraway,RP,FA,,,,,,,,,,,,,,,,,,,,,,,,,,,,,,,,,,,,,,,,,,,,,,,,,,,
Yeri Perez,RP,FA,,,,,,,,,,,,,,,,,,,,,,,,,,,,,,,,,,,,,,,,,,,,,,,,,,,
Kyson Witherspoon,SP,T,,,,,,,,,,,,,,,,,,,,,,,,,,,,,,,,,,,,,,,,,,,,,,,,,,,
Tommy Vail,RP,FA,,,,,,,,,,,,,,,,,,,,,,,,,,,,,,,,,,,,,,,,,,,,,,,,,,,
Justin Lange,RP,FA,,,,,,,,,,,,,,,,,,,,,,,,,,,,,,,,,,,,,,,,,,,,,,,,,,,
Alejandro Rosario,SP,FA,,,,,,,,,,,,,,,,,,,,,,,,,,,,,,,,,,,,,,,,,,,,,,,,,,,
Houston Roth,RP,FA,,,,,,,,,,,,,,,,,,,,,,,,,,,,,,,,,,,,,,,,,,,,,,,,,,,
Jackson Phipps,SP,FA,,,,,,,,,,,,,,,,,,,,,,,,,,,,,,,,,,,,,,,,,,,,,,,,,,,
Ben Heller,RP,FA,,,,,,,,,,,,,,,,,,,,,,,,,,,,,,,,,,,,,,,,,,,,,,,,,,,
Ben Hernandez,RP,FA,,,,,,,,,,,,,,,,,,,,,,,,,,,,,,,,,,,,,,,,,,,,,,,,,,,
Jonathan Rosario,RP,FA,,,,,,,,,,,,,,,,,,,,,,,,,,,,,,,,,,,,,,,,,,,,,,,,,,,
Holden Powell,RP,FA,,,,,,,,,,,,,,,,,,,,,,,,,,,,,,,,,,,,,,,,,,,,,,,,,,,
Jonfreider Torrealba,RP,FA,,,,,,,,,,,,,,,,,,,,,,,,,,,,,,,,,,,,,,,,,,,,,,,,,,,
Franco Zabaleta,SP,FA,,,,,,,,,,,,,,,,,,,,,,,,,,,,,,,,,,,,,,,,,,,,,,,,,,,
Mason Erla,RP,FA,,,,,,,,,,,,,,,,,,,,,,,,,,,,,,,,,,,,,,,,,,,,,,,,,,,
Koen Moreno,RP,FA,,,,,,,,,,,,,,,,,,,,,,,,,,,,,,,,,,,,,,,,,,,,,,,,,,,
Ryan Bruno,RP,FA,,,,,,,,,,,,,,,,,,,,,,,,,,,,,,,,,,,,,,,,,,,,,,,,,,,
Jack Leftwich,RP,FA,,,,,,,,,,,,,,,,,,,,,,,,,,,,,,,,,,,,,,,,,,,,,,,,,,,
Tekoah Roby,SP,FA,,,,,,,,,,,,,,,,,,,,,,,,,,,,,,,,,,,,,,,,,,,,,,,,,,,
Marquis Grissom Jr.,RP,FA,,,,,,,,,,,,,,,,,,,,,,,,,,,,,,,,,,,,,,,,,,,,,,,,,,,
Grayson Hitt,RP,FA,,,,,,,,,,,,,,,,,,,,,,,,,,,,,,,,,,,,,,,,,,,,,,,,,,,
Silvino Bracho,RP,FA,,,,,,,,,,,,,,,,,,,,,,,,,,,,,,,,,,,,,,,,,,,,,,,,,,,
Nick Swiney,RP,FA,,,,,,,,,,,,,,,,,,,,,,,,,,,,,,,,,,,,,,,,,,,,,,,,,,,
Tink Hence,SP,FA,,,,,,,,,,,,,,,,,,,,,,,,,,,,,,,,,,,,,,,,,,,,,,,,,,,
Mario Zabala,RP,FA,,,,,,,,,,,,,,,,,,,,,,,,,,,,,,,,,,,,,,,,,,,,,,,,,,,
Jackson Fristoe,RP,FA,,,,,,,,,,,,,,,,,,,,,,,,,,,,,,,,,,,,,,,,,,,,,,,,,,,
Adam Seminaris,SP,FA,,,,,,,,,,,,,,,,,,,,,,,,,,,,,,,,,,,,,,,,,,,,,,,,,,,
Brandon Birdsell,SP,FA,,,,,,,,,,,,,,,,,,,,,,,,,,,,,,,,,,,,,,,,,,,,,,,,,,,
Nate Wohlgemuth,RP,FA,,,,,,,,,,,,,,,,,,,,,,,,,,,,,,,,,,,,,,,,,,,,,,,,,,,
Patrick Reilly,SP,FA,,,,,,,,,,,,,,,,,,,,,,,,,,,,,,,,,,,,,,,,,,,,,,,,,,,
Austin Davis,RP,FA,,,,,,,,,,,,,,,,,,,,,,,,,,,,,,,,,,,,,,,,,,,,,,,,,,,
Stevie Emanuels,RP,FA,,,,,,,,,,,,,,,,,,,,,,,,,,,,,,,,,,,,,,,,,,,,,,,,,,,
Bryce Bonnin,RP,FA,,,,,,,,,,,,,,,,,,,,,,,,,,,,,,,,,,,,,,,,,,,,,,,,,,,
Paul Fry,RP,FA,,,,,,,,,,,,,,,,,,,,,,,,,,,,,,,,,,,,,,,,,,,,,,,,,,,
Kendall Graveman,RP,FA,,,,,,,,,,,,,,,,,,,,,,,,,,,,,,,,,,,,,,,,,,,,,,,0.71,0.48,28.1,14.6,4.6
Luis Espinoza,SP,FA,,,,,,,,,,,,,,,,,,,,,,,,,,,,,,,,,,,,,,,,,,,,,,,,,,,
Victor Santos,SP,FA,,,,,,,,,,,,,,,,,,,,,,,,,,,,,,,,,,,,,,,,,,,,,,,,,,,
Franyer Mendez,SP,FA,,,,,,,,,,,,,,,,,,,,,,,,,,,,,,,,,,,,,,,,,,,,,,,,,,,
Wander Arias,RP,FA,,,,,,,,,,,,,,,,,,,,,,,,,,,,,,,,,,,,,,,,,,,,,,,,,,,
Stharlin Torres,SP,FA,,,,,,,,,,,,,,,,,,,,,,,,,,,,,,,,,,,,,,,,,,,,,,,,,,,
Julian Merryweather,RP,FA,,,,,,,,,,,,,,,,,,,,,,,,,,,,,,,,,,,,,,,,,,,,,,,-1.05,-0.23,19.2,12.5,6.8
Reidis Sena,RP,FA,,,,,,,,,,,,,,,,,,,,,,,,,,,,,,,,,,,,,,,,,,,,,,,,,,,
Gregory Sanchez,SP,FA,,,,,,,,,,,,,,,,,,,,,,,,,,,,,,,,,,,,,,,,,,,,,,,,,,,
Nathanael Heredia,RP,FA,,,,,,,,,,,,,,,,,,,,,,,,,,,,,,,,,,,,,,,,,,,,,,,,,,,
Melvin Hernandez,SP,FA,,,,,,,,,,,,,,,,,,,,,,,,,,,,,,,,,,,,,,,,,,,,,,,,,,,
Derek Arellan,RP,FA,,,,,,,,,,,,,,,,,,,,,,,,,,,,,,,,,,,,,,,,,,,,,,,,,,,
Chris Levonas,SP,FA,,,,,,,,,,,,,,,,,,,,,,,,,,,,,,,,,,,,,,,,,,,,,,,,,,,
Sam Coonrod,RP,FA,,,,,,,,,,,,,,,,,,,,,,,,,,,,,,,,,,,,,,,,,,,,,,,,,,,
Dax Whitney,SP,FA,,,,,,,,,,,,,,,,,,,,,,,,,,,,,,,,,,,,,,,,,,,,,,,,,,,
Justin Steele,SP,T,,,,,,,,,,,,,,,,,,,,,,,,,,,,,,,,,,,,,,,,,,,,,,,0.47,2.01,18.5,5.4,5.8
Dasan Hill,SP,FA,,,,,,,,,,,,,,,,,,,,,,,,,,,,,,,,,,,,,,,,,,,,,,,,,,,
Bryce Meccage,SP,FA,,,,,,,,,,,,,,,,,,,,,,,,,,,,,,,,,,,,,,,,,,,,,,,,,,,
Harley Fernandez,RP,FA,,,,,,,,,,,,,,,,,,,,,,,,,,,,,,,,,,,,,,,,,,,,,,,,,,,
Dan Altavilla,RP,FA,,,,,,,,,,,,,,,,,,,,,,,,,,,,,,,,,,,,,,,,,,,,,,,-1.03,-0.84,22.5,12.5,7.9
Clark Candiotti,SP,FA,,,,,,,,,,,,,,,,,,,,,,,,,,,,,,,,,,,,,,,,,,,,,,,,,,,
Sam Stuhr,SP,FA,,,,,,,,,,,,,,,,,,,,,,,,,,,,,,,,,,,,,,,,,,,,,,,,,,,
Roberto Medina,RP,FA,,,,,,,,,,,,,,,,,,,,,,,,,,,,,,,,,,,,,,,,,,,,,,,,,,,
Sandy Ozuna,SP,FA,,,,,,,,,,,,,,,,,,,,,,,,,,,,,,,,,,,,,,,,,,,,,,,,,,,
Yander Bonaci,RP,FA,,,,,,,,,,,,,,,,,,,,,,,,,,,,,,,,,,,,,,,,,,,,,,,,,,,
Julian Duran,RP,FA,,,,,,,,,,,,,,,,,,,,,,,,,,,,,,,,,,,,,,,,,,,,,,,,,,,
Eddy Felix,SP,FA,,,,,,,,,,,,,,,,,,,,,,,,,,,,,,,,,,,,,,,,,,,,,,,,,,,
Daniel Keaney,RP,FA,,,,,,,,,,,,,,,,,,,,,,,,,,,,,,,,,,,,,,,,,,,,,,,,,,,
Frailin Alejo,RP,FA,,,,,,,,,,,,,,,,,,,,,,,,,,,,,,,,,,,,,,,,,,,,,,,,,,,
Jose Bello,RP,FA,,,,,,,,,,,,,,,,,,,,,,,,,,,,,,,,,,,,,,,,,,,,,,,,,,,
Javier Bartolozzi,RP,FA,,,,,,,,,,,,,,,,,,,,,,,,,,,,,,,,,,,,,,,,,,,,,,,,,,,
Christian Lim,SP,FA,,,,,,,,,,,,,,,,,,,,,,,,,,,,,,,,,,,,,,,,,,,,,,,,,,,
Shane Sdao,RP,FA,,,,,,,,,,,,,,,,,,,,,,,,,,,,,,,,,,,,,,,,,,,,,,,,,,,
Nico Zeglin,RP,FA,,,,,,,,,,,,,,,,,,,,,,,,,,,,,,,,,,,,,,,,,,,,,,,,,,,
Sam McWilliams,RP,FA,,,,,,,,,,,,,,,,,,,,,,,,,,,,,,,,,,,,,,,,,,,,,,,,,,,
Elison Joseph,RP,FA,,,,,,,,,,,,,,,,,,,,,,,,,,,,,,,,,,,,,,,,,,,,,,,,,,,
Edward Cedano,RP,FA,,,,,,,,,,,,,,,,,,,,,,,,,,,,,,,,,,,,,,,,,,,,,,,,,,,
Juan Cazarez,SP,FA,,,,,,,,,,,,,,,,,,,,,,,,,,,,,,,,,,,,,,,,,,,,,,,,,,,
Landon Beidelschies,SP,FA,,,,,,,,,,,,,,,,,,,,,,,,,,,,,,,,,,,,,,,,,,,,,,,,,,,
Anthony Eyanson,SP,T,,,,,,,,,,,,,,,,,,,,,,,,,,,,,,,,,,,,,,,,,,,,,,,,,,,
Jake Brentz,RP,FA,,,,,,,,,,,,,,,,,,,,,,,,,,,,,,,,,,,,,,,,,,,,,,,,,,,
Dennison Rodriguez,SP,FA,,,,,,,,,,,,,,,,,,,,,,,,,,,,,,,,,,,,,,,,,,,,,,,,,,,
Alvin De Leon,RP,FA,,,,,,,,,,,,,,,,,,,,,,,,,,,,,,,,,,,,,,,,,,,,,,,,,,,
Dariel Morillo,SP,FA,,,,,,,,,,,,,,,,,,,,,,,,,,,,,,,,,,,,,,,,,,,,,,,,,,,
Victor De Leon,SP,FA,,,,,,,,,,,,,,,,,,,,,,,,,,,,,,,,,,,,,,,,,,,,,,,,,,,
Reykelly Rubi,RP,FA,,,,,,,,,,,,,,,,,,,,,,,,,,,,,,,,,,,,,,,,,,,,,,,,,,,
Yadier Concepcion,SP,FA,,,,,,,,,,,,,,,,,,,,,,,,,,,,,,,,,,,,,,,,,,,,,,,,,,,
Orlando Suarez,SP,FA,,,,,,,,,,,,,,,,,,,,,,,,,,,,,,,,,,,,,,,,,,,,,,,,,,,
Jorge Miranda,RP,FA,,,,,,,,,,,,,,,,,,,,,,,,,,,,,,,,,,,,,,,,,,,,,,,,,,,
Reinold Navarro,SP,FA,,,,,,,,,,,,,,,,,,,,,,,,,,,,,,,,,,,,,,,,,,,,,,,,,,,
Darren Pereira,RP,FA,,,,,,,,,,,,,,,,,,,,,,,,,,,,,,,,,,,,,,,,,,,,,,,,,,,
Patrick Murphy,RP,FA,,,,,,,,,,,,,,,,,,,,,,,,,,,,,,,,,,,,,,,,,,,,,,,,,,,
Keynan Middleton,RP,FA,,,,,,,,,,,,,,,,,,,,,,,,,,,,,,,,,,,,,,,,,,,,,,,,,,,
Hector Perez,RP,FA,,,,,,,,,,,,,,,,,,,,,,,,,,,,,,,,,,,,,,,,,,,,,,,,,,,
Chris McElvain,SP,FA,,,,,,,,,,,,,,,,,,,,,,,,,,,,,,,,,,,,,,,,,,,,,,,,,,,
Luis Ramirez,RP,FA,,,,,,,,,,,,,,,,,,,,,,,,,,,,,,,,,,,,,,,,,,,,,,,,,,,
Manuel Veloz,RP,FA,,,,,,,,,,,,,,,,,,,,,,,,,,,,,,,,,,,,,,,,,,,,,,,,,,,
Blake Money,SP,FA,,,,,,,,,,,,,,,,,,,,,,,,,,,,,,,,,,,,,,,,,,,,,,,,,,,
Thomas Harrington,SP,FA,,,,,,,,,,,,,,,,,,,,,,,,,,,,,,,,,,,,,,,,,,,,,,,,,,,
Jackson Rees,SP,FA,,,,,,,,,,,,,,,,,,,,,,,,,,,,,,,,,,,,,,,,,,,,,,,,,,,
Brennan Malone,RP,FA,,,,,,,,,,,,,,,,,,,,,,,,,,,,,,,,,,,,,,,,,,,,,,,,,,,
Nate Knowles,SP,FA,,,,,,,,,,,,,,,,,,,,,,,,,,,,,,,,,,,,,,,,,,,,,,,,,,,
Pedro Avila,SP,FA,,,,,,,,,,,,,,,,,,,,,,,,,,,,,,,,,,,,,,,,,,,,,,,,,,,
Gijs van den Brink,SP,FA,,,,,,,,,,,,,,,,,,,,,,,,,,,,,,,,,,,,,,,,,,,,,,,,,,,
Adrian Bohorquez,SP,FA,,,,,,,,,,,,,,,,,,,,,,,,,,,,,,,,,,,,,,,,,,,,,,,,,,,
Ryan Miller,RP,FA,,,,,,,,,,,,,,,,,,,,,,,,,,,,,,,,,,,,,,,,,,,,,,,,,,,
Richard Fernandez,RP,FA,,,,,,,,,,,,,,,,,,,,,,,,,,,,,,,,,,,,,,,,,,,,,,,,,,,
Darlin Saladin,SP,FA,,,,,,,,,,,,,,,,,,,,,,,,,,,,,,,,,,,,,,,,,,,,,,,,,,,
Manuel Mercedes,SP,FA,,,,,,,,,,,,,,,,,,,,,,,,,,,,,,,,,,,,,,,,,,,,,,,,,,,
Cristian Mena,RP,FA,,,,,,,,,,,,,,,,,,,,,,,,,,,,,,,,,,,,,,,,,,,,,,,,,,,
Yosver Zulueta,RP,FA,,,,,,,,,,,,,,,,,,,,,,,,,,,,,,,,,,,,,,,,,,,,,,,,,,,
Luis Velasquez,RP,FA,,,,,,,,,,,,,,,,,,,,,,,,,,,,,,,,,,,,,,,,,,,,,,,,,,,
Anderson Cardenas,RP,FA,,,,,,,,,,,,,,,,,,,,,,,,,,,,,,,,,,,,,,,,,,,,,,,,,,,
Aneuris Rodriguez,RP,FA,,,,,,,,,,,,,,,,,,,,,,,,,,,,,,,,,,,,,,,,,,,,,,,,,,,
Elvis Reyes,RP,FA,,,,,,,,,,,,,,,,,,,,,,,,,,,,,,,,,,,,,,,,,,,,,,,,,,,
Jose Lopez,RP,FA,,,,,,,,,,,,,,,,,,,,,,,,,,,,,,,,,,,,,,,,,,,,,,,,,,,
JeanPierre Ortiz,RP,FA,,,,,,,,,,,,,,,,,,,,,,,,,,,,,,,,,,,,,,,,,,,,,,,,,,,
Silvano Hechavarria,SP,FA,,,,,,,,,,,,,,,,,,,,,,,,,,,,,,,,,,,,,,,,,,,,,,,,,,,
Leuris Portorreal,SP,FA,,,,,,,,,,,,,,,,,,,,,,,,,,,,,,,,,,,,,,,,,,,,,,,,,,,
Abel Mercedes,RP,FA,,,,,,,,,,,,,,,,,,,,,,,,,,,,,,,,,,,,,,,,,,,,,,,,,,,
Anderson Brito,SP,FA,,,,,,,,,,,,,,,,,,,,,,,,,,,,,,,,,,,,,,,,,,,,,,,,,,,
Jose Gonzalez,SP,FA,,,,,,,,,,,,,,,,,,,,,,,,,,,,,,,,,,,,,,,,,,,,,,,,,,,
Yhoiker Fajardo,SP,FA,,,,,,,,,,,,,,,,,,,,,,,,,,,,,,,,,,,,,,,,,,,,,,,,,,,
Samuel Carpio,RP,FA,,,,,,,,,,,,,,,,,,,,,,,,,,,,,,,,,,,,,,,,,,,,,,,,,,,
Christian Montes De Oca,RP,FA,,,,,,,,,,,,,,,,,,,,,,,,,,,,,,,,,,,,,,,,,,,,,,,,,,,
Logan Schmidt,SP,FA,,,,,,,,,,,,,,,,,,,,,,,,,,,,,,,,,,,,,,,,,,,,,,,,,,,
Jose Urbina,SP,FA,,,,,,,,,,,,,,,,,,,,,,,,,,,,,,,,,,,,,,,,,,,,,,,,,,,
Luis Garcia,RP,FA,,,,,,,,,,,,,,,,,,,,,,,,,,,,,,,,,,,,,,,,,,,,,,,,,,,
Yujanyer Herrera,SP,FA,,,,,,,,,,,,,,,,,,,,,,,,,,,,,,,,,,,,,,,,,,,,,,,,,,,
Henry Baez,SP,FA,,,,,,,,,,,,,,,,,,,,,,,,,,,,,,,,,,,,,,,,,,,,,,,,,,,
Cody Poteet,SP,FA,,,,,,,,,,,,,,,,,,,,,,,,,,,,,,,,,,,,,,,,,,,,,,,,,,,
Jose Acuna,SP,FA,,,,,,,,,,,,,,,,,,,,,,,,,,,,,,,,,,,,,,,,,,,,,,,,,,,
Listher Sosa,SP,FA,,,,,,,,,,,,,,,,,,,,,,,,,,,,,,,,,,,,,,,,,,,,,,,,,,,
Valentin Linarez,RP,FA,,,,,,,,,,,,,,,,,,,,,,,,,,,,,,,,,,,,,,,,,,,,,,,,,,,
Dayeison Arias,RP,FA,,,,,,,,,,,,,,,,,,,,,,,,,,,,,,,,,,,,,,,,,,,,,,,,,,,
Sadrac Franco,RP,FA,,,,,,,,,,,,,,,,,,,,,,,,,,,,,,,,,,,,,,,,,,,,,,,,,,,
Deivy Cruz,RP,FA,,,,,,,,,,,,,,,,,,,,,,,,,,,,,,,,,,,,,,,,,,,,,,,,,,,
Josh Knoth,SP,FA,,,,,,,,,,,,,,,,,,,,,,,,,,,,,,,,,,,,,,,,,,,,,,,,,,,
Landon Green,SP,FA,,,,,,,,,,,,,,,,,,,,,,,,,,,,,,,,,,,,,,,,,,,,,,,,,,,
Darrel Lunar,SP,FA,,,,,,,,,,,,,,,,,,,,,,,,,,,,,,,,,,,,,,,,,,,,,,,,,,,
Matt Allan,SP,FA,,,,,,,,,,,,,,,,,,,,,,,,,,,,,,,,,,,,,,,,,,,,,,,,,,,
Aidan Major,SP,FA,,,,,,,,,,,,,,,,,,,,,,,,,,,,,,,,,,,,,,,,,,,,,,,,,,,
Helcris Olivarez,RP,FA,,,,,,,,,,,,,,,,,,,,,,,,,,,,,,,,,,,,,,,,,,,,,,,,,,,
Carlos Guzman,RP,FA,,,,,,,,,,,,,,,,,,,,,,,,,,,,,,,,,,,,,,,,,,,,,,,,,,,
JJ Goss,RP,FA,,,,,,,,,,,,,,,,,,,,,,,,,,,,,,,,,,,,,,,,,,,,,,,,,,,
Jose Marte,RP,FA,,,,,,,,,,,,,,,,,,,,,,,,,,,,,,,,,,,,,,,,,,,,,,,,,,,
Ofreidy Gomez,RP,FA,,,,,,,,,,,,,,,,,,,,,,,,,,,,,,,,,,,,,,,,,,,,,,,,,,,
Denny Larrondo,SP,FA,,,,,,,,,,,,,,,,,,,,,,,,,,,,,,,,,,,,,,,,,,,,,,,,,,,
Esteban Luna,SP,FA,,,,,,,,,,,,,,,,,,,,,,,,,,,,,,,,,,,,,,,,,,,,,,,,,,,
Jerming Rosario,RP,FA,,,,,,,,,,,,,,,,,,,,,,,,,,,,,,,,,,,,,,,,,,,,,,,,,,,
Nate Dohm,SP,FA,,,,,,,,,,,,,,,,,,,,,,,,,,,,,,,,,,,,,,,,,,,,,,,,,,,
Josh Randall,SP,FA,,,,,,,,,,,,,,,,,,,,,,,,,,,,,,,,,,,,,,,,,,,,,,,,,,,
Brian Holiday,SP,FA,,,,,,,,,,,,,,,,,,,,,,,,,,,,,,,,,,,,,,,,,,,,,,,,,,,
Khal Stephen,SP,FA,,,,,,,,,,,,,,,,,,,,,,,,,,,,,,,,,,,,,,,,,,,,,,,,,,,
Blake Goldsberry,RP,FA,,,,,,,,,,,,,,,,,,,,,,,,,,,,,,,,,,,,,,,,,,,,,,,,,,,
Chang-mo Koo,SP,FA,,,,,,,,,,,,,,,,,,,,,,,,,,,,,,,,,,,,,,,,,,,,,,,,,,,
Oliver Gonzalez,SP,FA,,,,,,,,,,,,,,,,,,,,,,,,,,,,,,,,,,,,,,,,,,,,,,,,,,,
Joel Ibarra,RP,FA,,,,,,,,,,,,,,,,,,,,,,,,,,,,,,,,,,,,,,,,,,,,,,,,,,,
Gabriel Barbosa,RP,FA,,,,,,,,,,,,,,,,,,,,,,,,,,,,,,,,,,,,,,,,,,,,,,,,,,,
Franyerson Reyes,SP,FA,,,,,,,,,,,,,,,,,,,,,,,,,,,,,,,,,,,,,,,,,,,,,,,,,,,
Richard Guasch,RP,FA,,,,,,,,,,,,,,,,,,,,,,,,,,,,,,,,,,,,,,,,,,,,,,,,,,,
Efrain Contreras,RP,FA,,,,,,,,,,,,,,,,,,,,,,,,,,,,,,,,,,,,,,,,,,,,,,,,,,,
Jayvien Sandridge,RP,FA,,,,,,,,,,,,,,,,,,,,,,,,,,,,,,,,,,,,,,,,,,,,,,,,,,,
Connor Foley,SP,FA,,,,,,,,,,,,,,,,,,,,,,,,,,,,,,,,,,,,,,,,,,,,,,,,,,,
Grant Shepardson,SP,FA,,,,,,,,,,,,,,,,,,,,,,,,,,,,,,,,,,,,,,,,,,,,,,,,,,,
Dylan Jordan,SP,FA,,,,,,,,,,,,,,,,,,,,,,,,,,,,,,,,,,,,,,,,,,,,,,,,,,,
Juan Bello,SP,FA,,,,,,,,,,,,,,,,,,,,,,,,,,,,,,,,,,,,,,,,,,,,,,,,,,,
Woo-Young Jin,SP,FA,,,,,,,,,,,,,,,,,,,,,,,,,,,,,,,,,,,,,,,,,,,,,,,,,,,
Santiago Florez,SP,FA,,,,,,,,,,,,,,,,,,,,,,,,,,,,,,,,,,,,,,,,,,,,,,,,,,,
Robert Gsellman,RP,FA,,,,,,,,,,,,,,,,,,,,,,,,,,,,,,,,,,,,,,,,,,,,,,,,,,,
Cam Hill,RP,FA,,,,,,,,,,,,,,,,,,,,,,,,,,,,,,,,,,,,,,,,,,,,,,,,,,,
Teofilo Mendez,RP,FA,,,,,,,,,,,,,,,,,,,,,,,,,,,,,,,,,,,,,,,,,,,,,,,,,,,
Jacob Barnes,RP,FA,,,,,,,,,,,,,,,,,,,,,,,,,,,,,,,,,,,,,,,,,,,,,,,,,,,
Reed Garrett,RP,FA,,,,,,,,,,,,,,,,,,,,,,,,,,,,,,,,,,,,,,,,,,,,,,,0.92,0.31,30.5,10.9,6.5
Adrian Sampson,SP,FA,,,,,,,,,,,,,,,,,,,,,,,,,,,,,,,,,,,,,,,,,,,,,,,,,,,
J.B. Bukauskas,RP,FA,,,,,,,,,,,,,,,,,,,,,,,,,,,,,,,,,,,,,,,,,,,,,,,,,,,
Jordan Holloway,RP,FA,,,,,,,,,,,,,,,,,,,,,,,,,,,,,,,,,,,,,,,,,,,,,,,,,,,
Juan Sanchez,RP,FA,,,,,,,,,,,,,,,,,,,,,,,,,,,,,,,,,,,,,,,,,,,,,,,,,,,
Hyun-il Choi,SP,FA,,,,,,,,,,,,,,,,,,,,,,,,,,,,,,,,,,,,,,,,,,,,,,,,,,,
Aldo Ramirez,RP,FA,,,,,,,,,,,,,,,,,,,,,,,,,,,,,,,,,,,,,,,,,,,,,,,,,,,
Peter Solomon,RP,FA,,,,,,,,,,,,,,,,,,,,,,,,,,,,,,,,,,,,,,,,,,,,,,,,,,,
Aiden May,SP,FA,,,,,,,,,,,,,,,,,,,,,,,,,,,,,,,,,,,,,,,,,,,,,,,,,,,
Andy Rodriguez,RP,FA,,,,,,,,,,,,,,,,,,,,,,,,,,,,,,,,,,,,,,,,,,,,,,,,,,,
Jacob Kmatz,SP,FA,,,,,,,,,,,,,,,,,,,,,,,,,,,,,,,,,,,,,,,,,,,,,,,,,,,
Gabe Davis,RP,FA,,,,,,,,,,,,,,,,,,,,,,,,,,,,,,,,,,,,,,,,,,,,,,,,,,,
Trey Rangel,SP,FA,,,,,,,,,,,,,,,,,,,,,,,,,,,,,,,,,,,,,,,,,,,,,,,,,,,
Justin Anderson,RP,FA,,,,,,,,,,,,,,,,,,,,,,,,,,,,,,,,,,,,,,,,,,,,,,,,,,,
Joshua Whritenour,SP,FA,,,,,,,,,,,,,,,,,,,,,,,,,,,,,,,,,,,,,,,,,,,,,,,,,,,
Jackson Barberi,SP,FA,,,,,,,,,,,,,,,,,,,,,,,,,,,,,,,,,,,,,,,,,,,,,,,,,,,
Jaron DeBerry,SP,FA,,,,,,,,,,,,,,,,,,,,,,,,,,,,,,,,,,,,,,,,,,,,,,,,,,,
Will Sanders,SP,FA,,,,,,,,,,,,,,,,,,,,,,,,,,,,,,,,,,,,,,,,,,,,,,,,,,,
Michel Otanez,RP,FA,,,,,,,,,,,,,,,,,,,,,,,,,,,,,,,,,,,,,,,,,,,,,,,,,,,
Tanner Witt,RP,FA,,,,,,,,,,,,,,,,,,,,,,,,,,,,,,,,,,,,,,,,,,,,,,,,,,,
Alejandro De La Cruz,RP,FA,,,,,,,,,,,,,,,,,,,,,,,,,,,,,,,,,,,,,,,,,,,,,,,,,,,
Alan Busenitz,RP,FA,,,,,,,,,,,,,,,,,,,,,,,,,,,,,,,,,,,,,,,,,,,,,,,,,,,
Luis Morellis,SP,FA,,,,,,,,,,,,,,,,,,,,,,,,,,,,,,,,,,,,,,,,,,,,,,,,,,,
Jack Lafflam,SP,FA,,,,,,,,,,,,,,,,,,,,,,,,,,,,,,,,,,,,,,,,,,,,,,,,,,,
Evan Gray,RP,FA,,,,,,,,,,,,,,,,,,,,,,,,,,,,,,,,,,,,,,,,,,,,,,,,,,,
Niko Janssens,SP,FA,,,,,,,,,,,,,,,,,,,,,,,,,,,,,,,,,,,,,,,,,,,,,,,,,,,
Sann Omosako,SP,FA,,,,,,,,,,,,,,,,,,,,,,,,,,,,,,,,,,,,,,,,,,,,,,,,,,,
Matt Mikulski,RP,FA,,,,,,,,,,,,,,,,,,,,,,,,,,,,,,,,,,,,,,,,,,,,,,,,,,,
Reiver Camacho,RP,FA,,,,,,,,,,,,,,,,,,,,,,,,,,,,,,,,,,,,,,,,,,,,,,,,,,,
Taylor Dollard,SP,FA,,,,,,,,,,,,,,,,,,,,,,,,,,,,,,,,,,,,,,,,,,,,,,,,,,,
Luis Maracara,RP,FA,,,,,,,,,,,,,,,,,,,,,,,,,,,,,,,,,,,,,,,,,,,,,,,,,,,
Brandon Neely,RP,FA,,,,,,,,,,,,,,,,,,,,,,,,,,,,,,,,,,,,,,,,,,,,,,,,,,,
J.P. Feyereisen,RP,FA,,,,,,,,,,,,,,,,,,,,,,,,,,,,,,,,,,,,,,,,,,,,,,,,,,,
Juan Carela,SP,FA,,,,,,,,,,,,,,,,,,,,,,,,,,,,,,,,,,,,,,,,,,,,,,,,,,,
Connor Overton,RP,FA,,,,,,,,,,,,,,,,,,,,,,,,,,,,,,,,,,,,,,,,,,,,,,,,,,,
Trevor Kelley,RP,FA,,,,,,,,,,,,,,,,,,,,,,,,,,,,,,,,,,,,,,,,,,,,,,,,,,,
Bryce Montes de Oca,RP,FA,,,,,,,,,,,,,,,,,,,,,,,,,,,,,,,,,,,,,,,,,,,,,,,,,,,
Junior Santos,RP,FA,,,,,,,,,,,,,,,,,,,,,,,,,,,,,,,,,,,,,,,,,,,,,,,,,,,
Daniel Camarena,RP,FA,,,,,,,,,,,,,,,,,,,,,,,,,,,,,,,,,,,,,,,,,,,,,,,,,,,
Patrick Weigel,RP,FA,,,,,,,,,,,,,,,,,,,,,,,,,,,,,,,,,,,,,,,,,,,,,,,,,,,
Breidy Encarnacion,SP,FA,,,,,,,,,,,,,,,,,,,,,,,,,,,,,,,,,,,,,,,,,,,,,,,,,,,
Gabe Klobosits,RP,FA,,,,,,,,,,,,,,,,,,,,,,,,,,,,,,,,,,,,,,,,,,,,,,,,,,,
CD Pelham,RP,FA,,,,,,,,,,,,,,,,,,,,,,,,,,,,,,,,,,,,,,,,,,,,,,,,,,,
Nathan Blasick,RP,FA,,,,,,,,,,,,,,,,,,,,,,,,,,,,,,,,,,,,,,,,,,,,,,,,,,,
Nick Pinto,SP,FA,,,,,,,,,,,,,,,,,,,,,,,,,,,,,,,,,,,,,,,,,,,,,,,,,,,
Dash Albus,RP,FA,,,,,,,,,,,,,,,,,,,,,,,,,,,,,,,,,,,,,,,,,,,,,,,,,,,
Luke Hayden,SP,FA,,,,,,,,,,,,,,,,,,,,,,,,,,,,,,,,,,,,,,,,,,,,,,,,,,,
David Hagaman,SP,FA,,,,,,,,,,,,,,,,,,,,,,,,,,,,,,,,,,,,,,,,,,,,,,,,,,,
Jarold Rosado,RP,FA,,,,,,,,,,,,,,,,,,,,,,,,,,,,,,,,,,,,,,,,,,,,,,,,,,,
Jeury Espinal,RP,FA,,,,,,,,,,,,,,,,,,,,,,,,,,,,,,,,,,,,,,,,,,,,,,,,,,,
Wei-En Lin,SP,FA,,,,,,,,,,,,,,,,,,,,,,,,,,,,,,,,,,,,,,,,,,,,,,,,,,,
Austin Gordon,SP,FA,,,,,,,,,,,,,,,,,,,,,,,,,,,,,,,,,,,,,,,,,,,,,,,,,,,
Rafe Schlesinger,SP,FA,,,,,,,,,,,,,,,,,,,,,,,,,,,,,,,,,,,,,,,,,,,,,,,,,,,
A.J. Causey,RP,FA,,,,,,,,,,,,,,,,,,,,,,,,,,,,,,,,,,,,,,,,,,,,,,,,,,,
Jakob Wright,SP,FA,,,,,,,,,,,,,,,,,,,,,,,,,,,,,,,,,,,,,,,,,,,,,,,,,,,
Parker Smith,SP,FA,,,,,,,,,,,,,,,,,,,,,,,,,,,,,,,,,,,,,,,,,,,,,,,,,,,
Gabe Mosser,SP,FA,,,,,,,,,,,,,,,,,,,,,,,,,,,,,,,,,,,,,,,,,,,,,,,,,,,
Chase Allsup,SP,FA,,,,,,,,,,,,,,,,,,,,,,,,,,,,,,,,,,,,,,,,,,,,,,,,,,,
Herick Hernandez,SP,FA,,,,,,,,,,,,,,,,,,,,,,,,,,,,,,,,,,,,,,,,,,,,,,,,,,,
Javy Guerra,RP,FA,,,,,,,,,,,,,,,,,,,,,,,,,,,,,,,,,,,,,,,,,,,,,,,,,,,
Alfred Morillo,RP,FA,,,,,,,,,,,,,,,,,,,,,,,,,,,,,,,,,,,,,,,,,,,,,,,,,,,
Mason Hickman,RP,FA,,,,,,,,,,,,,,,,,,,,,,,,,,,,,,,,,,,,,,,,,,,,,,,,,,,
Edgar Isea,RP,FA,,,,,,,,,,,,,,,,,,,,,,,,,,,,,,,,,,,,,,,,,,,,,,,,,,,
Logan Whitaker,RP,FA,,,,,,,,,,,,,,,,,,,,,,,,,,,,,,,,,,,,,,,,,,,,,,,,,,,
Luke Lashutka,RP,FA,,,,,,,,,,,,,,,,,,,,,,,,,,,,,,,,,,,,,,,,,,,,,,,,,,,
Erasmo Ramirez,RP,FA,,,,,,,,,,,,,,,,,,,,,,,,,,,,,,,,,,,,,,,,,,,,,,,-0.87,0.83,15.0,4.8,8.2
Vicarte Domingo,RP,FA,,,,,,,,,,,,,,,,,,,,,,,,,,,,,,,,,,,,,,,,,,,,,,,,,,,
Brandon Decker,SP,FA,,,,,,,,,,,,,,,,,,,,,,,,,,,,,,,,,,,,,,,,,,,,,,,,,,,
Joe Vogatsky,RP,FA,,,,,,,,,,,,,,,,,,,,,,,,,,,,,,,,,,,,,,,,,,,,,,,,,,,
Cam Schuelke,RP,FA,,,,,,,,,,,,,,,,,,,,,,,,,,,,,,,,,,,,,,,,,,,,,,,,,,,
Ryan Minckler,RP,FA,,,,,,,,,,,,,,,,,,,,,,,,,,,,,,,,,,,,,,,,,,,,,,,,,,,
Frank Elissalt,RP,FA,,,,,,,,,,,,,,,,,,,,,,,,,,,,,,,,,,,,,,,,,,,,,,,,,,,
Jagger Haynes,SP,FA,,,,,,,,,,,,,,,,,,,,,,,,,,,,,,,,,,,,,,,,,,,,,,,,,,,
Brooks Crawford,RP,FA,,,,,,,,,,,,,,,,,,,,,,,,,,,,,,,,,,,,,,,,,,,,,,,,,,,
Seth Mayberry,RP,FA,,,,,,,,,,,,,,,,,,,,,,,,,,,,,,,,,,,,,,,,,,,,,,,,,,,
Devin Sweet,RP,FA,,,,,,,,,,,,,,,,,,,,,,,,,,,,,,,,,,,,,,,,,,,,,,,,,,,
Griffin Herring,SP,FA,,,,,,,,,,,,,,,,,,,,,,,,,,,,,,,,,,,,,,,,,,,,,,,,,,,
Victor Lizarraga,SP,FA,,,,,,,,,,,,,,,,,,,,,,,,,,,,,,,,,,,,,,,,,,,,,,,,,,,
Edwin Nunez,RP,FA,,,,,,,,,,,,,,,,,,,,,,,,,,,,,,,,,,,,,,,,,,,,,,,,,,,
Robinson Pina,RP,FA,,,,,,,,,,,,,,,,,,,,,,,,,,,,,,,,,,,,,,,,,,,,,,,,,,,
Naswell Paulino,RP,FA,,,,,,,,,,,,,,,,,,,,,,,,,,,,,,,,,,,,,,,,,,,,,,,,,,,
Max Castillo,SP,FA,,,,,,,,,,,,,,,,,,,,,,,,,,,,,,,,,,,,,,,,,,,,,,,,,,,
J.D. McReynolds,RP,FA,,,,,,,,,,,,,,,,,,,,,,,,,,,,,,,,,,,,,,,,,,,,,,,,,,,
Samuel Dutton,SP,FA,,,,,,,,,,,,,,,,,,,,,,,,,,,,,,,,,,,,,,,,,,,,,,,,,,,
Ethin Bingaman,SP,FA,,,,,,,,,,,,,,,,,,,,,,,,,,,,,,,,,,,,,,,,,,,,,,,,,,,
Reid Worley,SP,FA,,,,,,,,,,,,,,,,,,,,,,,,,,,,,,,,,,,,,,,,,,,,,,,,,,,
Cole Gilley,RP,FA,,,,,,,,,,,,,,,,,,,,,,,,,,,,,,,,,,,,,,,,,,,,,,,,,,,
Justin Mitrovich,SP,FA,,,,,,,,,,,,,,,,,,,,,,,,,,,,,,,,,,,,,,,,,,,,,,,,,,,
Tyler McLoughlin,SP,FA,,,,,,,,,,,,,,,,,,,,,,,,,,,,,,,,,,,,,,,,,,,,,,,,,,,
Mason Nichols,RP,FA,,,,,,,,,,,,,,,,,,,,,,,,,,,,,,,,,,,,,,,,,,,,,,,,,,,
Harrison Bodendorf,SP,FA,,,,,,,,,,,,,,,,,,,,,,,,,,,,,,,,,,,,,,,,,,,,,,,,,,,
Trevor Heishman,SP,FA,,,,,,,,,,,,,,,,,,,,,,,,,,,,,,,,,,,,,,,,,,,,,,,,,,,
Will Koger,RP,FA,,,,,,,,,,,,,,,,,,,,,,,,,,,,,,,,,,,,,,,,,,,,,,,,,,,
Ricardo Roman,SP,FA,,,,,,,,,,,,,,,,,,,,,,,,,,,,,,,,,,,,,,,,,,,,,,,,,,,
Riley Eikhoff,SP,FA,,,,,,,,,,,,,,,,,,,,,,,,,,,,,,,,,,,,,,,,,,,,,,,,,,,
Claudio Estelie,RP,FA,,,,,,,,,,,,,,,,,,,,,,,,,,,,,,,,,,,,,,,,,,,,,,,,,,,
Jesse Hahn,RP,FA,,,,,,,,,,,,,,,,,,,,,,,,,,,,,,,,,,,,,,,,,,,,,,,,,,,
Jose Quijada,RP,FA,,,,,,,,,,,,,,,,,,,,,,,,,,,,,,,,,,,,,,,,,,,,,,,,,,,
Luis Patino,SP,FA,,,,,,,,,,,,,,,,,,,,,,,,,,,,,,,,,,,,,,,,,,,,,,,,,,,
Daniel Wright,RP,FA,,,,,,,,,,,,,,,,,,,,,,,,,,,,,,,,,,,,,,,,,,,,,,,,,,,
Kyle Crick,RP,FA,,,,,,,,,,,,,,,,,,,,,,,,,,,,,,,,,,,,,,,,,,,,,,,,,,,
Andrew Chafin,RP,FA,,,,,,,,,,,,,,,,,,,,,,,,,,,,,,,,,,,,,,,,,,,,,,,-0.36,-0.92,27.7,13.3,7.7
Brayan Perez,RP,FA,,,,,,,,,,,,,,,,,,,,,,,,,,,,,,,,,,,,,,,,,,,,,,,,,,,
Joan Adon,SP,FA,,,,,,,,,,,,,,,,,,,,,,,,,,,,,,,,,,,,,,,,,,,,,,,,,,,
Enoli Paredes,RP,FA,,,,,,,,,,,,,,,,,,,,,,,,,,,,,,,,,,,,,,,,,,,,,,,,,,,
Tylor Megill,SP,FA,,,,,,,,,,,,,,,,,,,,,,,,,,,,,,,,,,,,,,,,,,,,,,,0.49,-0.32,30.7,10.8,7.7
Tyler Beede,RP,FA,,,,,,,,,,,,,,,,,,,,,,,,,,,,,,,,,,,,,,,,,,,,,,,,,,,
Robert Stephenson,RP,FA,,,,,,,,,,,,,,,,,,,,,,,,,,,,,,,,,,,,,,,,,,,,,,,0.64,-1.6,38.3,7.1,11.6
Matt Andriese,RP,FA,,,,,,,,,,,,,,,,,,,,,,,,,,,,,,,,,,,,,,,,,,,,,,,,,,,
Jordan Weems,RP,FA,,,,,,,,,,,,,,,,,,,,,,,,,,,,,,,,,,,,,,,,,,,,,,,,,,,
Colten Brewer,RP,FA,,,,,,,,,,,,,,,,,,,,,,,,,,,,,,,,,,,,,,,,,,,,,,,,,,,
Jorge Lopez,RP,FA,,,,,,,,,,,,,,,,,,,,,,,,,,,,,,,,,,,,,,,,,,,,,,,-1.29,-0.16,17.1,5.7,9.6
Joe Musgrove,SP,T,,,,,,,,,,,,,,,,,,,,,,,,,,,,,,,,,,,,,,,,,,,,,,,,,,,
Juan Then,RP,FA,,,,,,,,,,,,,,,,,,,,,,,,,,,,,,,,,,,,,,,,,,,,,,,,,,,
Randy Wynne,RP,FA,,,,,,,,,,,,,,,,,,,,,,,,,,,,,,,,,,,,,,,,,,,,,,,,,,,
Luis Frias,RP,FA,,,,,,,,,,,,,,,,,,,,,,,,,,,,,,,,,,,,,,,,,,,,,,,,,,,
Franny Cobos,RP,FA,,,,,,,,,,,,,,,,,,,,,,,,,,,,,,,,,,,,,,,,,,,,,,,,,,,
Anderson Espinoza,RP,FA,,,,,,,,,,,,,,,,,,,,,,,,,,,,,,,,,,,,,,,,,,,,,,,,,,,
L.P. Langevin,RP,FA,,,,,,,,,,,,,,,,,,,,,,,,,,,,,,,,,,,,,,,,,,,,,,,,,,,
Conrad Cason,SP,FA,,,,,,,,,,,,,,,,,,,,,,,,,,,,,,,,,,,,,,,,,,,,,,,,,,,
Sauryn Lao,RP,FA,,,,,,,,,,,,,,,,,,,,,,,,,,,,,,,,,,,,,,,,,,,,,,,2.44,2.55,29.9,4.1,5.4
Davis Polo,SP,FA,,,,,,,,,,,,,,,,,,,,,,,,,,,,,,,,,,,,,,,,,,,,,,,,,,,
Danis Correa,RP,FA,,,,,,,,,,,,,,,,,,,,,,,,,,,,,,,,,,,,,,,,,,,,,,,,,,,
Adrian Heredia,SP,FA,,,,,,,,,,,,,,,,,,,,,,,,,,,,,,,,,,,,,,,,,,,,,,,,,,,
Dugan Darnell,RP,FA,,,,,,,,,,,,,,,,,,,,,,,,,,,,,,,,,,,,,,,,,,,,,,,-1.64,-0.64,17.1,16.3,5.9
Derek Clark,SP,FA,,,,,,,,,,,,,,,,,,,,,,,,,,,,,,,,,,,,,,,,,,,,,,,,,,,
Naoyuki Uwasawa,SP,FA,,,,,,,,,,,,,,,,,,,,,,,,,,,,,,,,,,,,,,,,,,,,,,,,,,,
Jon Gray,RP,FA,,,,,,,,,,,,,,,,,,,,,,,,,,,,,,,,,,,,,,,,,,,,,,,-1.55,-1.28,21.0,9.5,10.0
Luis Moreno,RP,FA,,,,,,,,,,,,,,,,,,,,,,,,,,,,,,,,,,,,,,,,,,,,,,,,,,,
Carson Ragsdale,RP,FA,,,,,,,,,,,,,,,,,,,,,,,,,,,,,,,,,,,,,,,,,,,,,,,,,,,
Liam Norris,RP,FA,,,,,,,,,,,,,,,,,,,,,,,,,,,,,,,,,,,,,,,,,,,,,,,,,,,
Joey Krehbiel,RP,FA,,,,,,,,,,,,,,,,,,,,,,,,,,,,,,,,,,,,,,,,,,,,,,,,,,,
Connor Sadzeck,RP,FA,,,,,,,,,,,,,,,,,,,,,,,,,,,,,,,,,,,,,,,,,,,,,,,,,,,
Anthony DeSclafani,SP,FA,,,,,,,,,,,,,,,,,,,,,,,,,,,,,,,,,,,,,,,,,,,,,,,0.61,0.78,25.9,7.1,7.3
Scott McGough,RP,FA,,,,,,,,,,,,,,,,,,,,,,,,,,,,,,,,,,,,,,,,,,,,,,,1.8,1.47,30.8,9.3,5.1
Tayler Scott,RP,FA,,,,,,,,,,,,,,,,,,,,,,,,,,,,,,,,,,,,,,,,,,,,,,,0.38,0.1,27.7,13.4,5.8
Mike Clevinger,SP,FA,,,,,,,,,,,,,,,,,,,,,,,,,,,,,,,,,,,,,,,,,,,,,,,,,,,
Nick Garcia,RP,FA,,,,,,,,,,,,,,,,,,,,,,,,,,,,,,,,,,,,,,,,,,,,,,,,,,,
Ken Giles,RP,FA,,,,,,,,,,,,,,,,,,,,,,,,,,,,,,,,,,,,,,,,,,,,,,,,,,,
Will Watson,SP,FA,,,,,,,,,,,,,,,,,,,,,,,,,,,,,,,,,,,,,,,,,,,,,,,,,,,
Connor Wietgrefe,SP,FA,,,,,,,,,,,,,,,,,,,,,,,,,,,,,,,,,,,,,,,,,,,,,,,,,,,
Cesar Muzziotti,SP,FA,,,,,,,,,,,,,,,,,,,,,,,,,,,,,,,,,,,,,,,,,,,,,,,,,,,
Robert Cranz,RP,FA,,,,,,,,,,,,,,,,,,,,,,,,,,,,,,,,,,,,,,,,,,,,,,,,,,,
Yohandry Gonzalez,RP,FA,,,,,,,,,,,,,,,,,,,,,,,,,,,,,,,,,,,,,,,,,,,,,,,,,,,
Bridger Holmes,RP,FA,,,,,,,,,,,,,,,,,,,,,,,,,,,,,,,,,,,,,,,,,,,,,,,,,,,
Jesus Travieso,SP,FA,,,,,,,,,,,,,,,,,,,,,,,,,,,,,,,,,,,,,,,,,,,,,,,,,,,
Fidel Ulloa,RP,FA,,,,,,,,,,,,,,,,,,,,,,,,,,,,,,,,,,,,,,,,,,,,,,,,,,,
Jhon Alcantara,SP,FA,,,,,,,,,,,,,,,,,,,,,,,,,,,,,,,,,,,,,,,,,,,,,,,,,,,
Phil Fox,RP,FA,,,,,,,,,,,,,,,,,,,,,,,,,,,,,,,,,,,,,,,,,,,,,,,,,,,
Madinson Frias,RP,FA,,,,,,,,,,,,,,,,,,,,,,,,,,,,,,,,,,,,,,,,,,,,,,,,,,,
Shurland Smith,SP,FA,,,,,,,,,,,,,,,,,,,,,,,,,,,,,,,,,,,,,,,,,,,,,,,,,,,
Angel Herrera,SP,FA,,,,,,,,,,,,,,,,,,,,,,,,,,,,,,,,,,,,,,,,,,,,,,,,,,,
Jesus Lopez,RP,FA,,,,,,,,,,,,,,,,,,,,,,,,,,,,,,,,,,,,,,,,,,,,,,,,,,,
Tanner Gresham,SP,FA,,,,,,,,,,,,,,,,,,,,,,,,,,,,,,,,,,,,,,,,,,,,,,,,,,,
Wuilliams Rodriguez,RP,FA,,,,,,,,,,,,,,,,,,,,,,,,,,,,,,,,,,,,,,,,,,,,,,,,,,,
Abis Prado,RP,FA,,,,,,,,,,,,,,,,,,,,,,,,,,,,,,,,,,,,,,,,,,,,,,,,,,,
Gilbel Galvan,RP,FA,,,,,,,,,,,,,,,,,,,,,,,,,,,,,,,,,,,,,,,,,,,,,,,,,,,
Jose Sanchez,RP,FA,,,,,,,,,,,,,,,,,,,,,,,,,,,,,,,,,,,,,,,,,,,,,,,,,,,
Ryan Dromboski,SP,FA,,,,,,,,,,,,,,,,,,,,,,,,,,,,,,,,,,,,,,,,,,,,,,,,,,,
Junior Sanchez,SP,FA,,,,,,,,,,,,,,,,,,,,,,,,,,,,,,,,,,,,,,,,,,,,,,,,,,,
Daniel Colina,RP,FA,,,,,,,,,,,,,,,,,,,,,,,,,,,,,,,,,,,,,,,,,,,,,,,,,,,
Zack Tukis,RP,FA,,,,,,,,,,,,,,,,,,,,,,,,,,,,,,,,,,,,,,,,,,,,,,,,,,,
Eddy Mota,RP,FA,,,,,,,,,,,,,,,,,,,,,,,,,,,,,,,,,,,,,,,,,,,,,,,,,,,
Myles Patton,SP,FA,,,,,,,,,,,,,,,,,,,,,,,,,,,,,,,,,,,,,,,,,,,,,,,,,,,
David Pena,SP,FA,,,,,,,,,,,,,,,,,,,,,,,,,,,,,,,,,,,,,,,,,,,,,,,,,,,
Anhuar Garcia,SP,FA,,,,,,,,,,,,,,,,,,,,,,,,,,,,,,,,,,,,,,,,,,,,,,,,,,,
Christian Little,SP,FA,,,,,,,,,,,,,,,,,,,,,,,,,,,,,,,,,,,,,,,,,,,,,,,,,,,
Dennis Colleran,RP,FA,,,,,,,,,,,,,,,,,,,,,,,,,,,,,,,,,,,,,,,,,,,,,,,,,,,
Mason Marriott,SP,FA,,,,,,,,,,,,,,,,,,,,,,,,,,,,,,,,,,,,,,,,,,,,,,,,,,,
Brooks Auger,SP,FA,,,,,,,,,,,,,,,,,,,,,,,,,,,,,,,,,,,,,,,,,,,,,,,,,,,
Marlon Quintana,SP,FA,,,,,,,,,,,,,,,,,,,,,,,,,,,,,,,,,,,,,,,,,,,,,,,,,,,
Oscar Melgarejo,SP,FA,,,,,,,,,,,,,,,,,,,,,,,,,,,,,,,,,,,,,,,,,,,,,,,,,,,
Chandler Welch,SP,FA,,,,,,,,,,,,,,,,,,,,,,,,,,,,,,,,,,,,,,,,,,,,,,,,,,,
Julio Polanco,RP,FA,,,,,,,,,,,,,,,,,,,,,,,,,,,,,,,,,,,,,,,,,,,,,,,,,,,
Yohandri Contreras,RP,FA,,,,,,,,,,,,,,,,,,,,,,,,,,,,,,,,,,,,,,,,,,,,,,,,,,,
Rene Yrish,RP,FA,,,,,,,,,,,,,,,,,,,,,,,,,,,,,,,,,,,,,,,,,,,,,,,,,,,
Geremi Delpino,RP,FA,,,,,,,,,,,,,,,,,,,,,,,,,,,,,,,,,,,,,,,,,,,,,,,,,,,
Alexis Marin,SP,FA,,,,,,,,,,,,,,,,,,,,,,,,,,,,,,,,,,,,,,,,,,,,,,,,,,,
Anthony Astudillo,SP,FA,,,,,,,,,,,,,,,,,,,,,,,,,,,,,,,,,,,,,,,,,,,,,,,,,,,
Alejandro Rivera,SP,FA,,,,,,,,,,,,,,,,,,,,,,,,,,,,,,,,,,,,,,,,,,,,,,,,,,,
Erich Tovar,RP,FA,,,,,,,,,,,,,,,,,,,,,,,,,,,,,,,,,,,,,,,,,,,,,,,,,,,
Javier Salomon,SP,FA,,,,,,,,,,,,,,,,,,,,,,,,,,,,,,,,,,,,,,,,,,,,,,,,,,,
Hector Castillo,RP,FA,,,,,,,,,,,,,,,,,,,,,,,,,,,,,,,,,,,,,,,,,,,,,,,,,,,
Wilinyer Ardiles,SP,FA,,,,,,,,,,,,,,,,,,,,,,,,,,,,,,,,,,,,,,,,,,,,,,,,,,,
Drew Rerick,SP,FA,,,,,,,,,,,,,,,,,,,,,,,,,,,,,,,,,,,,,,,,,,,,,,,,,,,
Gio Rojas,SP,FA,,,,,,,,,,,,,,,,,,,,,,,,,,,,,,,,,,,,,,,,,,,,,,,,,,,
Paul Hoff,SP,FA,,,,,,,,,,,,,,,,,,,,,,,,,,,,,,,,,,,,,,,,,,,,,,,,,,,
Cristian Aray,SP,FA,,,,,,,,,,,,,,,,,,,,,,,,,,,,,,,,,,,,,,,,,,,,,,,,,,,
J.D. Thompson,SP,FA,,,,,,,,,,,,,,,,,,,,,,,,,,,,,,,,,,,,,,,,,,,,,,,,,,,
Maikel Rodriguez,RP,FA,,,,,,,,,,,,,,,,,,,,,,,,,,,,,,,,,,,,,,,,,,,,,,,,,,,
Jarlen De La Paz,SP,FA,,,,,,,,,,,,,,,,,,,,,,,,,,,,,,,,,,,,,,,,,,,,,,,,,,,
Jan Caraballo,RP,FA,,,,,,,,,,,,,,,,,,,,,,,,,,,,,,,,,,,,,,,,,,,,,,,,,,,
Cristian Navarro,SP,FA,,,,,,,,,,,,,,,,,,,,,,,,,,,,,,,,,,,,,,,,,,,,,,,,,,,
Bjay Cooke,RP,FA,,,,,,,,,,,,,,,,,,,,,,,,,,,,,,,,,,,,,,,,,,,,,,,,,,,
Gregori Arrieche,SP,FA,,,,,,,,,,,,,,,,,,,,,,,,,,,,,,,,,,,,,,,,,,,,,,,,,,,
Jay Dill,RP,FA,,,,,,,,,,,,,,,,,,,,,,,,,,,,,,,,,,,,,,,,,,,,,,,,,,,
Andres Cova,RP,FA,,,,,,,,,,,,,,,,,,,,,,,,,,,,,,,,,,,,,,,,,,,,,,,,,,,
Kevin Santana,SP,FA,,,,,,,,,,,,,,,,,,,,,,,,,,,,,,,,,,,,,,,,,,,,,,,,,,,
Melvin Rodriguez,SP,FA,,,,,,,,,,,,,,,,,,,,,,,,,,,,,,,,,,,,,,,,,,,,,,,,,,,
Franniel Reynoso,SP,FA,,,,,,,,,,,,,,,,,,,,,,,,,,,,,,,,,,,,,,,,,,,,,,,,,,,
Oniel Diaz,SP,FA,,,,,,,,,,,,,,,,,,,,,,,,,,,,,,,,,,,,,,,,,,,,,,,,,,,
Cameron Sullivan,SP,FA,,,,,,,,,,,,,,,,,,,,,,,,,,,,,,,,,,,,,,,,,,,,,,,,,,,
Anyel Manzueta,RP,FA,,,,,,,,,,,,,,,,,,,,,,,,,,,,,,,,,,,,,,,,,,,,,,,,,,,
Darvin Garcia,SP,FA,,,,,,,,,,,,,,,,,,,,,,,,,,,,,,,,,,,,,,,,,,,,,,,,,,,
Anderson Bido,RP,FA,,,,,,,,,,,,,,,,,,,,,,,,,,,,,,,,,,,,,,,,,,,,,,,,,,,
Nolan Clenney,RP,FA,,,,,,,,,,,,,,,,,,,,,,,,,,,,,,,,,,,,,,,,,,,,,,,,,,,
Augusto Calderon,SP,FA,,,,,,,,,,,,,,,,,,,,,,,,,,,,,,,,,,,,,,,,,,,,,,,,,,,
Cameron Cotter,SP,FA,,,,,,,,,,,,,,,,,,,,,,,,,,,,,,,,,,,,,,,,,,,,,,,,,,,
Chris Jefferson,SP,FA,,,,,,,,,,,,,,,,,,,,,,,,,,,,,,,,,,,,,,,,,,,,,,,,,,,
Anthony Susac,RP,FA,,,,,,,,,,,,,,,,,,,,,,,,,,,,,,,,,,,,,,,,,,,,,,,,,,,
Delni Uribe,SP,FA,,,,,,,,,,,,,,,,,,,,,,,,,,,,,,,,,,,,,,,,,,,,,,,,,,,
Angel Soriano,SP,FA,,,,,,,,,,,,,,,,,,,,,,,,,,,,,,,,,,,,,,,,,,,,,,,,,,,
Luis Rodriguez,SP,FA,,,,,,,,,,,,,,,,,,,,,,,,,,,,,,,,,,,,,,,,,,,,,,,,,,,
Wenderlyn King,RP,FA,,,,,,,,,,,,,,,,,,,,,,,,,,,,,,,,,,,,,,,,,,,,,,,,,,,
Landon Harmon,SP,FA,,,,,,,,,,,,,,,,,,,,,,,,,,,,,,,,,,,,,,,,,,,,,,,,,,,
Frediry Bierd,RP,FA,,,,,,,,,,,,,,,,,,,,,,,,,,,,,,,,,,,,,,,,,,,,,,,,,,,
Ryan Langford,RP,FA,,,,,,,,,,,,,,,,,,,,,,,,,,,,,,,,,,,,,,,,,,,,,,,,,,,
Houston Harding,RP,FA,,,,,,,,,,,,,,,,,,,,,,,,,,,,,,,,,,,,,,,,,,,,,,,,,,,
Luke Westphal,SP,FA,,,,,,,,,,,,,,,,,,,,,,,,,,,,,,,,,,,,,,,,,,,,,,,,,,,
John OReilly,RP,FA,,,,,,,,,,,,,,,,,,,,,,,,,,,,,,,,,,,,,,,,,,,,,,,,,,,
Miguel Cienfuegos,SP,FA,,,,,,,,,,,,,,,,,,,,,,,,,,,,,,,,,,,,,,,,,,,,,,,,,,,
Fernando Sanchez,RP,FA,,,,,,,,,,,,,,,,,,,,,,,,,,,,,,,,,,,,,,,,,,,,,,,,,,,
Reid Birlingmair,SP,FA,,,,,,,,,,,,,,,,,,,,,,,,,,,,,,,,,,,,,,,,,,,,,,,,,,,
Yuhi Sako,RP,FA,,,,,,,,,,,,,,,,,,,,,,,,,,,,,,,,,,,,,,,,,,,,,,,,,,,
Ruben Medina,SP,FA,,,,,,,,,,,,,,,,,,,,,,,,,,,,,,,,,,,,,,,,,,,,,,,,,,,
Aleiman Cruz,SP,FA,,,,,,,,,,,,,,,,,,,,,,,,,,,,,,,,,,,,,,,,,,,,,,,,,,,
Henry Gomez,RP,FA,,,,,,,,,,,,,,,,,,,,,,,,,,,,,,,,,,,,,,,,,,,,,,,,,,,
Franck De La Rosa,RP,FA,,,,,,,,,,,,,,,,,,,,,,,,,,,,,,,,,,,,,,,,,,,,,,,,,,,
Blane Abeyta,RP,FA,,,,,,,,,,,,,,,,,,,,,,,,,,,,,,,,,,,,,,,,,,,,,,,,,,,
Bryan Magdaleno,RP,FA,,,,,,,,,,,,,,,,,,,,,,,,,,,,,,,,,,,,,,,,,,,,,,,,,,,
Adrian Aray,SP,FA,,,,,,,,,,,,,,,,,,,,,,,,,,,,,,,,,,,,,,,,,,,,,,,,,,,
Jesus Tapia,RP,FA,,,,,,,,,,,,,,,,,,,,,,,,,,,,,,,,,,,,,,,,,,,,,,,,,,,
Rubens Romero,RP,FA,,,,,,,,,,,,,,,,,,,,,,,,,,,,,,,,,,,,,,,,,,,,,,,,,,,
Omar Calcurian,RP,FA,,,,,,,,,,,,,,,,,,,,,,,,,,,,,,,,,,,,,,,,,,,,,,,,,,,
Randol Martinez,RP,FA,,,,,,,,,,,,,,,,,,,,,,,,,,,,,,,,,,,,,,,,,,,,,,,,,,,
Elkyns Villarreal,SP,FA,,,,,,,,,,,,,,,,,,,,,,,,,,,,,,,,,,,,,,,,,,,,,,,,,,,
Jose De La Rosa,SP,FA,,,,,,,,,,,,,,,,,,,,,,,,,,,,,,,,,,,,,,,,,,,,,,,,,,,
Uilfe Caraballo,SP,FA,,,,,,,,,,,,,,,,,,,,,,,,,,,,,,,,,,,,,,,,,,,,,,,,,,,
Ismauri Bueno,RP,FA,,,,,,,,,,,,,,,,,,,,,,,,,,,,,,,,,,,,,,,,,,,,,,,,,,,
Sadbiel Delzine,SP,T,,,,,,,,,,,,,,,,,,,,,,,,,,,,,,,,,,,,,,,,,,,,,,,,,,,
Carlos Alvarez,SP,FA,,,,,,,,,,,,,,,,,,,,,,,,,,,,,,,,,,,,,,,,,,,,,,,,,,,
Ariel Yean,RP,FA,,,,,,,,,,,,,,,,,,,,,,,,,,,,,,,,,,,,,,,,,,,,,,,,,,,
Takahiro Norimoto,SP,FA,,,,,,,,,,,,,,,,,,,,,,,,,,,,,,,,,,,,,,,,,,,,,,,,,,,
Ryan Brasier,RP,FA,,,,,,,,,,,,,,,,,,,,,,,,,,,,,,,,,,,,,,,,,,,,,,,-0.06,0.83,20.8,4.8,8.2
Kolton Curtis,SP,FA,,,,,,,,,,,,,,,,,,,,,,,,,,,,,,,,,,,,,,,,,,,,,,,,,,,
Jeremy Wu-Yelland,RP,FA,,,,,,,,,,,,,,,,,,,,,,,,,,,,,,,,,,,,,,,,,,,,,,,,,,,
Jose Vasquez,SP,FA,,,,,,,,,,,,,,,,,,,,,,,,,,,,,,,,,,,,,,,,,,,,,,,,,,,
Jacob Stretch,RP,FA,,,,,,,,,,,,,,,,,,,,,,,,,,,,,,,,,,,,,,,,,,,,,,,,,,,
Adisyn Coffey,RP,FA,,,,,,,,,,,,,,,,,,,,,,,,,,,,,,,,,,,,,,,,,,,,,,,,,,,
Jake Clemente,RP,FA,,,,,,,,,,,,,,,,,,,,,,,,,,,,,,,,,,,,,,,,,,,,,,,,,,,
Marlon De La Cruz,SP,FA,,,,,,,,,,,,,,,,,,,,,,,,,,,,,,,,,,,,,,,,,,,,,,,,,,,
Enmanuel Carela,RP,FA,,,,,,,,,,,,,,,,,,,,,,,,,,,,,,,,,,,,,,,,,,,,,,,,,,,
Cesar Aquino,RP,FA,,,,,,,,,,,,,,,,,,,,,,,,,,,,,,,,,,,,,,,,,,,,,,,,,,,
Edinson Hernandez,RP,FA,,,,,,,,,,,,,,,,,,,,,,,,,,,,,,,,,,,,,,,,,,,,,,,,,,,
Jean Robles,SP,FA,,,,,,,,,,,,,,,,,,,,,,,,,,,,,,,,,,,,,,,,,,,,,,,,,,,
Kendry Castro,RP,FA,,,,,,,,,,,,,,,,,,,,,,,,,,,,,,,,,,,,,,,,,,,,,,,,,,,
Axel Perez,SP,FA,,,,,,,,,,,,,,,,,,,,,,,,,,,,,,,,,,,,,,,,,,,,,,,,,,,
Carlos Olivo,SP,FA,,,,,,,,,,,,,,,,,,,,,,,,,,,,,,,,,,,,,,,,,,,,,,,,,,,
Pedro Tucent,RP,FA,,,,,,,,,,,,,,,,,,,,,,,,,,,,,,,,,,,,,,,,,,,,,,,,,,,
Victor Espiritu,RP,FA,,,,,,,,,,,,,,,,,,,,,,,,,,,,,,,,,,,,,,,,,,,,,,,,,,,
Huascar Ynoa,SP,FA,,,,,,,,,,,,,,,,,,,,,,,,,,,,,,,,,,,,,,,,,,,,,,,,,,,
Rafael Lasorsa,SP,FA,,,,,,,,,,,,,,,,,,,,,,,,,,,,,,,,,,,,,,,,,,,,,,,,,,,
Tejahari Wilson,RP,FA,,,,,,,,,,,,,,,,,,,,,,,,,,,,,,,,,,,,,,,,,,,,,,,,,,,
Yoandys Veraza,RP,FA,,,,,,,,,,,,,,,,,,,,,,,,,,,,,,,,,,,,,,,,,,,,,,,,,,,
Jorge Nunez,RP,FA,,,,,,,,,,,,,,,,,,,,,,,,,,,,,,,,,,,,,,,,,,,,,,,,,,,
Bo Holloway,SP,FA,,,,,,,,,,,,,,,,,,,,,,,,,,,,,,,,,,,,,,,,,,,,,,,,,,,
Noslen Marquez,SP,FA,,,,,,,,,,,,,,,,,,,,,,,,,,,,,,,,,,,,,,,,,,,,,,,,,,,
Brody Bumila,SP,FA,,,,,,,,,,,,,,,,,,,,,,,,,,,,,,,,,,,,,,,,,,,,,,,,,,,
Savion Sims,SP,FA,,,,,,,,,,,,,,,,,,,,,,,,,,,,,,,,,,,,,,,,,,,,,,,,,,,
Darien Nunez,RP,FA,,,,,,,,,,,,,,,,,,,,,,,,,,,,,,,,,,,,,,,,,,,,,,,,,,,
Gary Morse,SP,FA,,,,,,,,,,,,,,,,,,,,,,,,,,,,,,,,,,,,,,,,,,,,,,,,,,,
Nien-Hsi Yang,SP,FA,,,,,,,,,,,,,,,,,,,,,,,,,,,,,,,,,,,,,,,,,,,,,,,,,,,
Jomar Fernandez,SP,FA,,,,,,,,,,,,,,,,,,,,,,,,,,,,,,,,,,,,,,,,,,,,,,,,,,,
Kenny Serwa,SP,FA,,,,,,,,,,,,,,,,,,,,,,,,,,,,,,,,,,,,,,,,,,,,,,,,,,,
Chia-Shi Shen,SP,FA,,,,,,,,,,,,,,,,,,,,,,,,,,,,,,,,,,,,,,,,,,,,,,,,,,,
Ryuhei Sotani,SP,FA,,,,,,,,,,,,,,,,,,,,,,,,,,,,,,,,,,,,,,,,,,,,,,,,,,,
Daniel Nunez,SP,FA,,,,,,,,,,,,,,,,,,,,,,,,,,,,,,,,,,,,,,,,,,,,,,,,,,,
Miguel Mendez,RP,FA,,,,,,,,,,,,,,,,,,,,,,,,,,,,,,,,,,,,,,,,,,,,,,,,,,,
Wilmy Sanchez,RP,FA,,,,,,,,,,,,,,,,,,,,,,,,,,,,,,,,,,,,,,,,,,,,,,,,,,,
Gavin Stone,SP,FA,,,,,,,,,,,,,,,,,,,,,,,,,,,,,,,,,,,,,,,,,,,,,,,,,,,
Jack Bushell,RP,FA,,,,,,,,,,,,,,,,,,,,,,,,,,,,,,,,,,,,,,,,,,,,,,,,,,,
Raudy Reyes,SP,FA,,,,,,,,,,,,,,,,,,,,,,,,,,,,,,,,,,,,,,,,,,,,,,,,,,,
Ryan Murphy,RP,FA,,,,,,,,,,,,,,,,,,,,,,,,,,,,,,,,,,,,,,,,,,,,,,,,,,,
Marcos Pol,SP,FA,,,,,,,,,,,,,,,,,,,,,,,,,,,,,,,,,,,,,,,,,,,,,,,,,,,
Bailey Horn,RP,FA,,,,,,,,,,,,,,,,,,,,,,,,,,,,,,,,,,,,,,,,,,,,,,,-1.11,-1.03,22.9,14.0,7.6
Johandi Medina,RP,FA,,,,,,,,,,,,,,,,,,,,,,,,,,,,,,,,,,,,,,,,,,,,,,,,,,,
Case Williams,SP,FA,,,,,,,,,,,,,,,,,,,,,,,,,,,,,,,,,,,,,,,,,,,,,,,,,,,
Donovan Zsak,RP,FA,,,,,,,,,,,,,,,,,,,,,,,,,,,,,,,,,,,,,,,,,,,,,,,,,,,
Christian Chamberlain,RP,FA,,,,,,,,,,,,,,,,,,,,,,,,,,,,,,,,,,,,,,,,,,,,,,,,,,,
Jack Hartman,RP,FA,,,,,,,,,,,,,,,,,,,,,,,,,,,,,,,,,,,,,,,,,,,,,,,,,,,
Antonio Santos,SP,FA,,,,,,,,,,,,,,,,,,,,,,,,,,,,,,,,,,,,,,,,,,,,,,,,,,,
Hector Neris,RP,FA,,,,,,,,,,,,,,,,,,,,,,,,,,,,,,,,,,,,,,,,,,,,,,,-0.0,-0.61,28.6,12.9,7.3
Dany Jimenez,RP,FA,,,,,,,,,,,,,,,,,,,,,,,,,,,,,,,,,,,,,,,,,,,,,,,,,,,
Miguel Castro,RP,FA,,,,,,,,,,,,,,,,,,,,,,,,,,,,,,,,,,,,,,,,,,,,,,,,,,,
Nabil Crismatt,RP,FA,,,,,,,,,,,,,,,,,,,,,,,,,,,,,,,,,,,,,,,,,,,,,,,0.53,1.07,23.8,5.9,7.3
German Nunez,SP,FA,,,,,,,,,,,,,,,,,,,,,,,,,,,,,,,,,,,,,,,,,,,,,,,,,,,
Colby Holcombe,SP,FA,,,,,,,,,,,,,,,,,,,,,,,,,,,,,,,,,,,,,,,,,,,,,,,,,,,
Mason Russell,SP,FA,,,,,,,,,,,,,,,,,,,,,,,,,,,,,,,,,,,,,,,,,,,,,,,,,,,
Blake Aita,SP,FA,,,,,,,,,,,,,,,,,,,,,,,,,,,,,,,,,,,,,,,,,,,,,,,,,,,
Peyton Olejnik,SP,FA,,,,,,,,,,,,,,,,,,,,,,,,,,,,,,,,,,,,,,,,,,,,,,,,,,,
Caden Favors,SP,FA,,,,,,,,,,,,,,,,,,,,,,,,,,,,,,,,,,,,,,,,,,,,,,,,,,,
Cole Hertzler,SP,FA,,,,,,,,,,,,,,,,,,,,,,,,,,,,,,,,,,,,,,,,,,,,,,,,,,,
Tanner Jones,SP,FA,,,,,,,,,,,,,,,,,,,,,,,,,,,,,,,,,,,,,,,,,,,,,,,,,,,
Josiah Romeo,SP,FA,,,,,,,,,,,,,,,,,,,,,,,,,,,,,,,,,,,,,,,,,,,,,,,,,,,
Konner Eaton,SP,FA,,,,,,,,,,,,,,,,,,,,,,,,,,,,,,,,,,,,,,,,,,,,,,,,,,,
John Holobetz,SP,FA,,,,,,,,,,,,,,,,,,,,,,,,,,,,,,,,,,,,,,,,,,,,,,,,,,,
Charlie Beilenson,RP,FA,,,,,,,,,,,,,,,,,,,,,,,,,,,,,,,,,,,,,,,,,,,,,,,,,,,
Connor Gatwood,SP,FA,,,,,,,,,,,,,,,,,,,,,,,,,,,,,,,,,,,,,,,,,,,,,,,,,,,
Ethan Bagwell,SP,FA,,,,,,,,,,,,,,,,,,,,,,,,,,,,,,,,,,,,,,,,,,,,,,,,,,,
Aaron Combs,SP,FA,,,,,,,,,,,,,,,,,,,,,,,,,,,,,,,,,,,,,,,,,,,,,,,,,,,
Kodi Whitley,RP,FA,,,,,,,,,,,,,,,,,,,,,,,,,,,,,,,,,,,,,,,,,,,,,,,,,,,
Angel De Jesus,RP,FA,,,,,,,,,,,,,,,,,,,,,,,,,,,,,,,,,,,,,,,,,,,,,,,,,,,
Eduardo Herrera,RP,FA,,,,,,,,,,,,,,,,,,,,,,,,,,,,,,,,,,,,,,,,,,,,,,,,,,,
Natanael Garabitos,RP,FA,,,,,,,,,,,,,,,,,,,,,,,,,,,,,,,,,,,,,,,,,,,,,,,,,,,
Cristofer Melendez,RP,FA,,,,,,,,,,,,,,,,,,,,,,,,,,,,,,,,,,,,,,,,,,,,,,,,,,,
Bryce Tassin,RP,FA,,,,,,,,,,,,,,,,,,,,,,,,,,,,,,,,,,,,,,,,,,,,,,,,,,,
Joey Broughton,SP,FA,,,,,,,,,,,,,,,,,,,,,,,,,,,,,,,,,,,,,,,,,,,,,,,,,,,
Leandro Lopez,RP,FA,,,,,,,,,,,,,,,,,,,,,,,,,,,,,,,,,,,,,,,,,,,,,,,,,,,
Mike Montgomery,RP,FA,,,,,,,,,,,,,,,,,,,,,,,,,,,,,,,,,,,,,,,,,,,,,,,,,,,
Kyle Whitten,RP,FA,,,,,,,,,,,,,,,,,,,,,,,,,,,,,,,,,,,,,,,,,,,,,,,,,,,
Kevin Velasco,SP,FA,,,,,,,,,,,,,,,,,,,,,,,,,,,,,,,,,,,,,,,,,,,,,,,,,,,
Melkis Hernandez,SP,FA,,,,,,,,,,,,,,,,,,,,,,,,,,,,,,,,,,,,,,,,,,,,,,,,,,,
Xavier Rivas,SP,FA,,,,,,,,,,,,,,,,,,,,,,,,,,,,,,,,,,,,,,,,,,,,,,,,,,,
Tegan Cain,RP,FA,,,,,,,,,,,,,,,,,,,,,,,,,,,,,,,,,,,,,,,,,,,,,,,,,,,
Wande Torres,SP,FA,,,,,,,,,,,,,,,,,,,,,,,,,,,,,,,,,,,,,,,,,,,,,,,,,,,
Ryan Magdic,RP,FA,,,,,,,,,,,,,,,,,,,,,,,,,,,,,,,,,,,,,,,,,,,,,,,,,,,
Andrew Vasquez,RP,FA,,,,,,,,,,,,,,,,,,,,,,,,,,,,,,,,,,,,,,,,,,,,,,,,,,,
Alex Cobb,SP,FA,,,,,,,,,,,,,,,,,,,,,,,,,,,,,,,,,,,,,,,,,,,,,,,,,,,
Rocco Reid,RP,FA,,,,,,,,,,,,,,,,,,,,,,,,,,,,,,,,,,,,,,,,,,,,,,,,,,,
Brooks Fowler,SP,FA,,,,,,,,,,,,,,,,,,,,,,,,,,,,,,,,,,,,,,,,,,,,,,,,,,,
Luke Gabrysh,SP,FA,,,,,,,,,,,,,,,,,,,,,,,,,,,,,,,,,,,,,,,,,,,,,,,,,,,
Cole Peschl,SP,FA,,,,,,,,,,,,,,,,,,,,,,,,,,,,,,,,,,,,,,,,,,,,,,,,,,,
Thomas Higgins Jr.,SP,FA,,,,,,,,,,,,,,,,,,,,,,,,,,,,,,,,,,,,,,,,,,,,,,,,,,,
Victor Diaz,RP,FA,,,,,,,,,,,,,,,,,,,,,,,,,,,,,,,,,,,,,,,,,,,,,,,,,,,
Hayden Frank,SP,FA,,,,,,,,,,,,,,,,,,,,,,,,,,,,,,,,,,,,,,,,,,,,,,,,,,,
Jordan Little,RP,FA,,,,,,,,,,,,,,,,,,,,,,,,,,,,,,,,,,,,,,,,,,,,,,,,,,,
Tanner Smith,RP,FA,,,,,,,,,,,,,,,,,,,,,,,,,,,,,,,,,,,,,,,,,,,,,,,,,,,
Joey Gartrell,RP,FA,,,,,,,,,,,,,,,,,,,,,,,,,,,,,,,,,,,,,,,,,,,,,,,,,,,
Owen Woodward,RP,FA,,,,,,,,,,,,,,,,,,,,,,,,,,,,,,,,,,,,,,,,,,,,,,,,,,,
Conner Whittaker,RP,FA,,,,,,,,,,,,,,,,,,,,,,,,,,,,,,,,,,,,,,,,,,,,,,,,,,,
Sam Brodersen,RP,FA,,,,,,,,,,,,,,,,,,,,,,,,,,,,,,,,,,,,,,,,,,,,,,,,,,,
Mason Moore,SP,FA,,,,,,,,,,,,,,,,,,,,,,,,,,,,,,,,,,,,,,,,,,,,,,,,,,,
Aidan Curry,SP,FA,,,,,,,,,,,,,,,,,,,,,,,,,,,,,,,,,,,,,,,,,,,,,,,,,,,
Tyler Davis,RP,FA,,,,,,,,,,,,,,,,,,,,,,,,,,,,,,,,,,,,,,,,,,,,,,,,,,,
Eric Loomis,RP,FA,,,,,,,,,,,,,,,,,,,,,,,,,,,,,,,,,,,,,,,,,,,,,,,,,,,
Blake Hammond,RP,FA,,,,,,,,,,,,,,,,,,,,,,,,,,,,,,,,,,,,,,,,,,,,,,,,,,,
Bryce Mayer,SP,FA,,,,,,,,,,,,,,,,,,,,,,,,,,,,,,,,,,,,,,,,,,,,,,,,,,,
Dawson Brown,RP,FA,,,,,,,,,,,,,,,,,,,,,,,,,,,,,,,,,,,,,,,,,,,,,,,,,,,
Jimmy Romano,RP,FA,,,,,,,,,,,,,,,,,,,,,,,,,,,,,,,,,,,,,,,,,,,,,,,,,,,
Griffin Kilander,RP,FA,,,,,,,,,,,,,,,,,,,,,,,,,,,,,,,,,,,,,,,,,,,,,,,,,,,
Tyler Switalski,RP,FA,,,,,,,,,,,,,,,,,,,,,,,,,,,,,,,,,,,,,,,,,,,,,,,,,,,
Josh Blum,RP,FA,,,,,,,,,,,,,,,,,,,,,,,,,,,,,,,,,,,,,,,,,,,,,,,,,,,
Andres Machado,RP,FA,,,,,,,,,,,,,,,,,,,,,,,,,,,,,,,,,,,,,,,,,,,,,,,,,,,
Jacob Remily,SP,FA,,,,,,,,,,,,,,,,,,,,,,,,,,,,,,,,,,,,,,,,,,,,,,,,,,,
Nolan Hughes,RP,FA,,,,,,,,,,,,,,,,,,,,,,,,,,,,,,,,,,,,,,,,,,,,,,,,,,,
Will Gervase,RP,FA,,,,,,,,,,,,,,,,,,,,,,,,,,,,,,,,,,,,,,,,,,,,,,,,,,,
Jervis Alfaro,SP,FA,,,,,,,,,,,,,,,,,,,,,,,,,,,,,,,,,,,,,,,,,,,,,,,,,,,
Luis Flores,RP,FA,,,,,,,,,,,,,,,,,,,,,,,,,,,,,,,,,,,,,,,,,,,,,,,,,,,
Jayden Dubanewicz,SP,FA,,,,,,,,,,,,,,,,,,,,,,,,,,,,,,,,,,,,,,,,,,,,,,,,,,,
Haruto Inoue,SP,FA,,,,,,,,,,,,,,,,,,,,,,,,,,,,,,,,,,,,,,,,,,,,,,,,,,,
Robert Wegielnik,RP,FA,,,,,,,,,,,,,,,,,,,,,,,,,,,,,,,,,,,,,,,,,,,,,,,,,,,
Andrew Morones,RP,FA,,,,,,,,,,,,,,,,,,,,,,,,,,,,,,,,,,,,,,,,,,,,,,,,,,,
Haruya Tanaka,SP,FA,,,,,,,,,,,,,,,,,,,,,,,,,,,,,,,,,,,,,,,,,,,,,,,,,,,
Jose Martinez,RP,FA,,,,,,,,,,,,,,,,,,,,,,,,,,,,,,,,,,,,,,,,,,,,,,,,,,,
Zach Barnes,RP,FA,,,,,,,,,,,,,,,,,,,,,,,,,,,,,,,,,,,,,,,,,,,,,,,,,,,
Julio Zapata,RP,FA,,,,,,,,,,,,,,,,,,,,,,,,,,,,,,,,,,,,,,,,,,,,,,,,,,,
Steven Perez,RP,FA,,,,,,,,,,,,,,,,,,,,,,,,,,,,,,,,,,,,,,,,,,,,,,,,,,,
Connor Schultz,RP,FA,,,,,,,,,,,,,,,,,,,,,,,,,,,,,,,,,,,,,,,,,,,,,,,,,,,
Kaleb Bowman,RP,FA,,,,,,,,,,,,,,,,,,,,,,,,,,,,,,,,,,,,,,,,,,,,,,,,,,,
Alex Gonzalez,SP,FA,,,,,,,,,,,,,,,,,,,,,,,,,,,,,,,,,,,,,,,,,,,,,,,,,,,
Carlos Francisco,RP,FA,,,,,,,,,,,,,,,,,,,,,,,,,,,,,,,,,,,,,,,,,,,,,,,,,,,
Tyler Bryant,RP,FA,,,,,,,,,,,,,,,,,,,,,,,,,,,,,,,,,,,,,,,,,,,,,,,,,,,
Wyatt Parliament,SP,FA,,,,,,,,,,,,,,,,,,,,,,,,,,,,,,,,,,,,,,,,,,,,,,,,,,,
Nick Brink,SP,FA,,,,,,,,,,,,,,,,,,,,,,,,,,,,,,,,,,,,,,,,,,,,,,,,,,,
Kaemyn Franklin,SP,FA,,,,,,,,,,,,,,,,,,,,,,,,,,,,,,,,,,,,,,,,,,,,,,,,,,,
Greg Farone,SP,FA,,,,,,,,,,,,,,,,,,,,,,,,,,,,,,,,,,,,,,,,,,,,,,,,,,,
Ryan Smith,RP,FA,,,,,,,,,,,,,,,,,,,,,,,,,,,,,,,,,,,,,,,,,,,,,,,,,,,
Jason Doktorczyk,SP,FA,,,,,,,,,,,,,,,,,,,,,,,,,,,,,,,,,,,,,,,,,,,,,,,,,,,
Jack Crowder,RP,FA,,,,,,,,,,,,,,,,,,,,,,,,,,,,,,,,,,,,,,,,,,,,,,,,,,,
Griffin Tobias,RP,FA,,,,,,,,,,,,,,,,,,,,,,,,,,,,,,,,,,,,,,,,,,,,,,,,,,,
Aidan Deakins,SP,FA,,,,,,,,,,,,,,,,,,,,,,,,,,,,,,,,,,,,,,,,,,,,,,,,,,,
Kyle Ayers,RP,FA,,,,,,,,,,,,,,,,,,,,,,,,,,,,,,,,,,,,,,,,,,,,,,,,,,,
Mike Villani,RP,FA,,,,,,,,,,,,,,,,,,,,,,,,,,,,,,,,,,,,,,,,,,,,,,,,,,,
Fisher Jameson,RP,FA,,,,,,,,,,,,,,,,,,,,,,,,,,,,,,,,,,,,,,,,,,,,,,,,,,,
Nate Ackenhausen,RP,FA,,,,,,,,,,,,,,,,,,,,,,,,,,,,,,,,,,,,,,,,,,,,,,,,,,,
Xavier Kolhosser,RP,FA,,,,,,,,,,,,,,,,,,,,,,,,,,,,,,,,,,,,,,,,,,,,,,,,,,,
Brandon Downer,SP,FA,,,,,,,,,,,,,,,,,,,,,,,,,,,,,,,,,,,,,,,,,,,,,,,,,,,
Luke Johnson,RP,FA,,,,,,,,,,,,,,,,,,,,,,,,,,,,,,,,,,,,,,,,,,,,,,,,,,,
R.J. Sales,SP,FA,,,,,,,,,,,,,,,,,,,,,,,,,,,,,,,,,,,,,,,,,,,,,,,,,,,
Matthew Watson,SP,FA,,,,,,,,,,,,,,,,,,,,,,,,,,,,,,,,,,,,,,,,,,,,,,,,,,,
Evan Aschenbeck,SP,FA,,,,,,,,,,,,,,,,,,,,,,,,,,,,,,,,,,,,,,,,,,,,,,,,,,,
Cade Vernon,RP,FA,,,,,,,,,,,,,,,,,,,,,,,,,,,,,,,,,,,,,,,,,,,,,,,,,,,
Drake George,SP,FA,,,,,,,,,,,,,,,,,,,,,,,,,,,,,,,,,,,,,,,,,,,,,,,,,,,
Lucas Elissalt,SP,FA,,,,,,,,,,,,,,,,,,,,,,,,,,,,,,,,,,,,,,,,,,,,,,,,,,,
Wily Peralta,RP,FA,,,,,,,,,,,,,,,,,,,,,,,,,,,,,,,,,,,,,,,,,,,,,,,,,,,
Shea Sprague,RP,FA,,,,,,,,,,,,,,,,,,,,,,,,,,,,,,,,,,,,,,,,,,,,,,,,,,,
Matt McShane,RP,FA,,,,,,,,,,,,,,,,,,,,,,,,,,,,,,,,,,,,,,,,,,,,,,,,,,,
Fulton Lockhart,RP,FA,,,,,,,,,,,,,,,,,,,,,,,,,,,,,,,,,,,,,,,,,,,,,,,,,,,
R.J. Gordon,SP,FA,,,,,,,,,,,,,,,,,,,,,,,,,,,,,,,,,,,,,,,,,,,,,,,,,,,
Nolan Sparks,SP,FA,,,,,,,,,,,,,,,,,,,,,,,,,,,,,,,,,,,,,,,,,,,,,,,,,,,
Robinson Martinez,RP,FA,,,,,,,,,,,,,,,,,,,,,,,,,,,,,,,,,,,,,,,,,,,,,,,,,,,
Pierce George,RP,FA,,,,,,,,,,,,,,,,,,,,,,,,,,,,,,,,,,,,,,,,,,,,,,,,,,,
Bryant Olson,RP,FA,,,,,,,,,,,,,,,,,,,,,,,,,,,,,,,,,,,,,,,,,,,,,,,,,,,
Braden Quinn,SP,FA,,,,,,,,,,,,,,,,,,,,,,,,,,,,,,,,,,,,,,,,,,,,,,,,,,,
Ryan Mathiesen,RP,FA,,,,,,,,,,,,,,,,,,,,,,,,,,,,,,,,,,,,,,,,,,,,,,,,,,,
Cohen Achen,RP,FA,,,,,,,,,,,,,,,,,,,,,,,,,,,,,,,,,,,,,,,,,,,,,,,,,,,
Aiden Butler,SP,FA,,,,,,,,,,,,,,,,,,,,,,,,,,,,,,,,,,,,,,,,,,,,,,,,,,,
Will Gagnon,SP,FA,,,,,,,,,,,,,,,,,,,,,,,,,,,,,,,,,,,,,,,,,,,,,,,,,,,
Tanner Bauman,SP,FA,,,,,,,,,,,,,,,,,,,,,,,,,,,,,,,,,,,,,,,,,,,,,,,,,,,
Jacob Kisting,RP,FA,,,,,,,,,,,,,,,,,,,,,,,,,,,,,,,,,,,,,,,,,,,,,,,,,,,
Brooks Caple,SP,FA,,,,,,,,,,,,,,,,,,,,,,,,,,,,,,,,,,,,,,,,,,,,,,,,,,,
Ryan Schiefer,SP,FA,,,,,,,,,,,,,,,,,,,,,,,,,,,,,,,,,,,,,,,,,,,,,,,,,,,
Sean Matson,RP,FA,,,,,,,,,,,,,,,,,,,,,,,,,,,,,,,,,,,,,,,,,,,,,,,,,,,
Ryosuke Ohtsu,SP,FA,,,,,,,,,,,,,,,,,,,,,,,,,,,,,,,,,,,,,,,,,,,,,,,,,,,
Preston Howey,RP,FA,,,,,,,,,,,,,,,,,,,,,,,,,,,,,,,,,,,,,,,,,,,,,,,,,,,
Jack Young,RP,FA,,,,,,,,,,,,,,,,,,,,,,,,,,,,,,,,,,,,,,,,,,,,,,,,,,,
Alex Bouchard,SP,FA,,,,,,,,,,,,,,,,,,,,,,,,,,,,,,,,,,,,,,,,,,,,,,,,,,,
Najer Victor,RP,FA,,,,,,,,,,,,,,,,,,,,,,,,,,,,,,,,,,,,,,,,,,,,,,,,,,,
Justin Sinibaldi,SP,FA,,,,,,,,,,,,,,,,,,,,,,,,,,,,,,,,,,,,,,,,,,,,,,,,,,,
Hunter Strickland,RP,FA,,,,,,,,,,,,,,,,,,,,,,,,,,,,,,,,,,,,,,,,,,,,,,,-1.25,-0.92,21.3,11.0,8.7
Mason Burns,RP,FA,,,,,,,,,,,,,,,,,,,,,,,,,,,,,,,,,,,,,,,,,,,,,,,,,,,
Kyle DeGroat,SP,FA,,,,,,,,,,,,,,,,,,,,,,,,,,,,,,,,,,,,,,,,,,,,,,,,,,,
Sam Gerth,RP,FA,,,,,,,,,,,,,,,,,,,,,,,,,,,,,,,,,,,,,,,,,,,,,,,,,,,
Wade Miley,SP,FA,,,,,,,,,,,,,,,,,,,,,,,,,,,,,,,,,,,,,,,,,,,,,,,-2.39,-0.68,11.9,10.9,8.3
Merritt Beeker,RP,FA,,,,,,,,,,,,,,,,,,,,,,,,,,,,,,,,,,,,,,,,,,,,,,,,,,,
Blake Shepardson,RP,FA,,,,,,,,,,,,,,,,,,,,,,,,,,,,,,,,,,,,,,,,,,,,,,,,,,,
Sebastian Gongora,SP,FA,,,,,,,,,,,,,,,,,,,,,,,,,,,,,,,,,,,,,,,,,,,,,,,,,,,
Michael Carpenter,SP,FA,,,,,,,,,,,,,,,,,,,,,,,,,,,,,,,,,,,,,,,,,,,,,,,,,,,
Kevin Warunek,RP,FA,,,,,,,,,,,,,,,,,,,,,,,,,,,,,,,,,,,,,,,,,,,,,,,,,,,
Aidan Foeller,SP,FA,,,,,,,,,,,,,,,,,,,,,,,,,,,,,,,,,,,,,,,,,,,,,,,,,,,
Isaac Ayon,SP,FA,,,,,,,,,,,,,,,,,,,,,,,,,,,,,,,,,,,,,,,,,,,,,,,,,,,
Titan Kennedy-Hayes,RP,FA,,,,,,,,,,,,,,,,,,,,,,,,,,,,,,,,,,,,,,,,,,,,,,,,,,,
Michael Ross,SP,FA,,,,,,,,,,,,,,,,,,,,,,,,,,,,,,,,,,,,,,,,,,,,,,,,,,,
Dalton Pence,SP,FA,,,,,,,,,,,,,,,,,,,,,,,,,,,,,,,,,,,,,,,,,,,,,,,,,,,
Michael Caldon,RP,FA,,,,,,,,,,,,,,,,,,,,,,,,,,,,,,,,,,,,,,,,,,,,,,,,,,,
Everett Catlett,SP,FA,,,,,,,,,,,,,,,,,,,,,,,,,,,,,,,,,,,,,,,,,,,,,,,,,,,
Tyler Renz,SP,FA,,,,,,,,,,,,,,,,,,,,,,,,,,,,,,,,,,,,,,,,,,,,,,,,,,,
Tommy Molsky,RP,FA,,,,,,,,,,,,,,,,,,,,,,,,,,,,,,,,,,,,,,,,,,,,,,,,,,,
Holden Wilkerson,SP,FA,,,,,,,,,,,,,,,,,,,,,,,,,,,,,,,,,,,,,,,,,,,,,,,,,,,
Ethan Lanthier,SP,FA,,,,,,,,,,,,,,,,,,,,,,,,,,,,,,,,,,,,,,,,,,,,,,,,,,,
Matt Tiberia,SP,FA,,,,,,,,,,,,,,,,,,,,,,,,,,,,,,,,,,,,,,,,,,,,,,,,,,,
Alexander Meckley,SP,FA,,,,,,,,,,,,,,,,,,,,,,,,,,,,,,,,,,,,,,,,,,,,,,,,,,,
Nate Payne,SP,FA,,,,,,,,,,,,,,,,,,,,,,,,,,,,,,,,,,,,,,,,,,,,,,,,,,,
Sean Heppner,RP,FA,,,,,,,,,,,,,,,,,,,,,,,,,,,,,,,,,,,,,,,,,,,,,,,,,,,
Thomas Mangus,RP,FA,,,,,,,,,,,,,,,,,,,,,,,,,,,,,,,,,,,,,,,,,,,,,,,,,,,
Will Cannon,RP,FA,,,,,,,,,,,,,,,,,,,,,,,,,,,,,,,,,,,,,,,,,,,,,,,,,,,
Evan Truitt,SP,FA,,,,,,,,,,,,,,,,,,,,,,,,,,,,,,,,,,,,,,,,,,,,,,,,,,,
Tyson Hardin,SP,FA,,,,,,,,,,,,,,,,,,,,,,,,,,,,,,,,,,,,,,,,,,,,,,,,,,,
Carson Messina,RP,FA,,,,,,,,,,,,,,,,,,,,,,,,,,,,,,,,,,,,,,,,,,,,,,,,,,,
Christian Becerra,SP,FA,,,,,,,,,,,,,,,,,,,,,,,,,,,,,,,,,,,,,,,,,,,,,,,,,,,
Cayman Goode,SP,FA,,,,,,,,,,,,,,,,,,,,,,,,,,,,,,,,,,,,,,,,,,,,,,,,,,,
Cody Morse,RP,FA,,,,,,,,,,,,,,,,,,,,,,,,,,,,,,,,,,,,,,,,,,,,,,,,,,,
Jacob Bimbi,RP,FA,,,,,,,,,,,,,,,,,,,,,,,,,,,,,,,,,,,,,,,,,,,,,,,,,,,
Steven Brooks,SP,FA,,,,,,,,,,,,,,,,,,,,,,,,,,,,,,,,,,,,,,,,,,,,,,,,,,,
Micah Ashman,RP,FA,,,,,,,,,,,,,,,,,,,,,,,,,,,,,,,,,,,,,,,,,,,,,,,,,,,
Edgar Colon,SP,FA,,,,,,,,,,,,,,,,,,,,,,,,,,,,,,,,,,,,,,,,,,,,,,,,,,,
Mack Estrada,SP,FA,,,,,,,,,,,,,,,,,,,,,,,,,,,,,,,,,,,,,,,,,,,,,,,,,,,
Troy Guthrie,RP,FA,,,,,,,,,,,,,,,,,,,,,,,,,,,,,,,,,,,,,,,,,,,,,,,,,,,
Cade Citelli,RP,FA,,,,,,,,,,,,,,,,,,,,,,,,,,,,,,,,,,,,,,,,,,,,,,,,,,,
Jesse Wainscott,RP,FA,,,,,,,,,,,,,,,,,,,,,,,,,,,,,,,,,,,,,,,,,,,,,,,,,,,
Jarod Bayless,RP,FA,,,,,,,,,,,,,,,,,,,,,,,,,,,,,,,,,,,,,,,,,,,,,,,,,,,
Johnathan Lavallee,RP,FA,,,,,,,,,,,,,,,,,,,,,,,,,,,,,,,,,,,,,,,,,,,,,,,,,,,
Derrick Edington,RP,FA,,,,,,,,,,,,,,,,,,,,,,,,,,,,,,,,,,,,,,,,,,,,,,,,,,,
Billy Sullivan,RP,FA,,,,,,,,,,,,,,,,,,,,,,,,,,,,,,,,,,,,,,,,,,,,,,,,,,,
Jacob Shafer,SP,FA,,,,,,,,,,,,,,,,,,,,,,,,,,,,,,,,,,,,,,,,,,,,,,,,,,,
Ryan Degges,SP,FA,,,,,,,,,,,,,,,,,,,,,,,,,,,,,,,,,,,,,,,,,,,,,,,,,,,
Iziah Salinas,SP,FA,,,,,,,,,,,,,,,,,,,,,,,,,,,,,,,,,,,,,,,,,,,,,,,,,,,
Eli Trop,RP,FA,,,,,,,,,,,,,,,,,,,,,,,,,,,,,,,,,,,,,,,,,,,,,,,,,,,
Filippo Sabatini,RP,FA,,,,,,,,,,,,,,,,,,,,,,,,,,,,,,,,,,,,,,,,,,,,,,,,,,,
Evan Shaw,RP,FA,,,,,,,,,,,,,,,,,,,,,,,,,,,,,,,,,,,,,,,,,,,,,,,,,,,
Colby Martin,RP,FA,,,,,,,,,,,,,,,,,,,,,,,,,,,,,,,,,,,,,,,,,,,,,,,,,,,
Andres Galan,SP,FA,,,,,,,,,,,,,,,,,,,,,,,,,,,,,,,,,,,,,,,,,,,,,,,,,,,
Henry Alcantara,RP,FA,,,,,,,,,,,,,,,,,,,,,,,,,,,,,,,,,,,,,,,,,,,,,,,,,,,
Ben Johnson,RP,FA,,,,,,,,,,,,,,,,,,,,,,,,,,,,,,,,,,,,,,,,,,,,,,,,,,,
Harrison Kreiling,SP,FA,,,,,,,,,,,,,,,,,,,,,,,,,,,,,,,,,,,,,,,,,,,,,,,,,,,
Jiorgeny Casimiri,RP,FA,,,,,,,,,,,,,,,,,,,,,,,,,,,,,,,,,,,,,,,,,,,,,,,,,,,
Christian Gordon,SP,FA,,,,,,,,,,,,,,,,,,,,,,,,,,,,,,,,,,,,,,,,,,,,,,,,,,,
Wyatt Lunsford-Shenkman,RP,FA,,,,,,,,,,,,,,,,,,,,,,,,,,,,,,,,,,,,,,,,,,,,,,,,,,,
Hunter Dryden,SP,FA,,,,,,,,,,,,,,,,,,,,,,,,,,,,,,,,,,,,,,,,,,,,,,,,,,,
Trent Hodgdon,RP,FA,,,,,,,,,,,,,,,,,,,,,,,,,,,,,,,,,,,,,,,,,,,,,,,,,,,
Shelby Miller,RP,FA,,,,,,,,,,,,,,,,,,,,,,,,,,,,,,,,,,,,,,,,,,,,,,,0.9,0.04,31.7,8.1,8.2
Logan McGuire,RP,FA,,,,,,,,,,,,,,,,,,,,,,,,,,,,,,,,,,,,,,,,,,,,,,,,,,,
Aidan Layton,RP,FA,,,,,,,,,,,,,,,,,,,,,,,,,,,,,,,,,,,,,,,,,,,,,,,,,,,
Grant Burleson,RP,FA,,,,,,,,,,,,,,,,,,,,,,,,,,,,,,,,,,,,,,,,,,,,,,,,,,,
Gus Hughes,RP,FA,,,,,,,,,,,,,,,,,,,,,,,,,,,,,,,,,,,,,,,,,,,,,,,,,,,
Ryan Slater,RP,FA,,,,,,,,,,,,,,,,,,,,,,,,,,,,,,,,,,,,,,,,,,,,,,,,,,,
Bryce Alewine,RP,FA,,,,,,,,,,,,,,,,,,,,,,,,,,,,,,,,,,,,,,,,,,,,,,,,,,,
Christopher Quiroz,SP,FA,,,,,,,,,,,,,,,,,,,,,,,,,,,,,,,,,,,,,,,,,,,,,,,,,,,
Cole Tolbert,SP,FA,,,,,,,,,,,,,,,,,,,,,,,,,,,,,,,,,,,,,,,,,,,,,,,,,,,
Wisler Infante,SP,FA,,,,,,,,,,,,,,,,,,,,,,,,,,,,,,,,,,,,,,,,,,,,,,,,,,,
Jace Hampson,SP,FA,,,,,,,,,,,,,,,,,,,,,,,,,,,,,,,,,,,,,,,,,,,,,,,,,,,
Raul Brito,RP,FA,,,,,,,,,,,,,,,,,,,,,,,,,,,,,,,,,,,,,,,,,,,,,,,,,,,
Jake Shirk,RP,FA,,,,,,,,,,,,,,,,,,,,,,,,,,,,,,,,,,,,,,,,,,,,,,,,,,,
Alan Carpinteiro,SP,FA,,,,,,,,,,,,,,,,,,,,,,,,,,,,,,,,,,,,,,,,,,,,,,,,,,,
Kaleb Corbett,RP,FA,,,,,,,,,,,,,,,,,,,,,,,,,,,,,,,,,,,,,,,,,,,,,,,,,,,
Cruz Noriega,RP,FA,,,,,,,,,,,,,,,,,,,,,,,,,,,,,,,,,,,,,,,,,,,,,,,,,,,
Evan Yates,SP,FA,,,,,,,,,,,,,,,,,,,,,,,,,,,,,,,,,,,,,,,,,,,,,,,,,,,
Zach Jacobs,RP,FA,,,,,,,,,,,,,,,,,,,,,,,,,,,,,,,,,,,,,,,,,,,,,,,,,,,
Brayden Risedorph,RP,FA,,,,,,,,,,,,,,,,,,,,,,,,,,,,,,,,,,,,,,,,,,,,,,,,,,,
Chase Centala,RP,FA,,,,,,,,,,,,,,,,,,,,,,,,,,,,,,,,,,,,,,,,,,,,,,,,,,,
Nick Richmond,RP,FA,,,,,,,,,,,,,,,,,,,,,,,,,,,,,,,,,,,,,,,,,,,,,,,,,,,
Ben Hansen,SP,FA,,,,,,,,,,,,,,,,,,,,,,,,,,,,,,,,,,,,,,,,,,,,,,,,,,,
Jake Sanchez,RP,FA,,,,,,,,,,,,,,,,,,,,,,,,,,,,,,,,,,,,,,,,,,,,,,,,,,,
Joey Danielson,RP,FA,,,,,,,,,,,,,,,,,,,,,,,,,,,,,,,,,,,,,,,,,,,,,,,,,,,
Cam Walty,SP,FA,,,,,,,,,,,,,,,,,,,,,,,,,,,,,,,,,,,,,,,,,,,,,,,,,,,
Dawson Price,RP,FA,,,,,,,,,,,,,,,,,,,,,,,,,,,,,,,,,,,,,,,,,,,,,,,,,,,
Zachary Redner,RP,FA,,,,,,,,,,,,,,,,,,,,,,,,,,,,,,,,,,,,,,,,,,,,,,,,,,,
Twine Palmer,SP,FA,,,,,,,,,,,,,,,,,,,,,,,,,,,,,,,,,,,,,,,,,,,,,,,,,,,
Hunter Omlid,RP,FA,,,,,,,,,,,,,,,,,,,,,,,,,,,,,,,,,,,,,,,,,,,,,,,,,,,
Erik Ritchie,RP,FA,,,,,,,,,,,,,,,,,,,,,,,,,,,,,,,,,,,,,,,,,,,,,,,,,,,
Zachary Cawyer,RP,FA,,,,,,,,,,,,,,,,,,,,,,,,,,,,,,,,,,,,,,,,,,,,,,,,,,,
Jaime Barria,SP,FA,,,,,,,,,,,,,,,,,,,,,,,,,,,,,,,,,,,,,,,,,,,,,,,,,,,
Jay Groome,SP,FA,,,,,,,,,,,,,,,,,,,,,,,,,,,,,,,,,,,,,,,,,,,,,,,,,,,
A.J. Puk,RP,FA,,,,,,,,,,,,,,,,,,,,,,,,,,,,,,,,,,,,,,,,,,,,,,,,,,,
Aiberson Ventura,RP,FA,,,,,,,,,,,,,,,,,,,,,,,,,,,,,,,,,,,,,,,,,,,,,,,,,,,
Erlin Aguero,SP,FA,,,,,,,,,,,,,,,,,,,,,,,,,,,,,,,,,,,,,,,,,,,,,,,,,,,
Jhan Almeida,SP,FA,,,,,,,,,,,,,,,,,,,,,,,,,,,,,,,,,,,,,,,,,,,,,,,,,,,
Juan Nunez,RP,FA,,,,,,,,,,,,,,,,,,,,,,,,,,,,,,,,,,,,,,,,,,,,,,,,,,,
Ljay Newsome,SP,FA,,,,,,,,,,,,,,,,,,,,,,,,,,,,,,,,,,,,,,,,,,,,,,,,,,,
Abrahan Milan,RP,FA,,,,,,,,,,,,,,,,,,,,,,,,,,,,,,,,,,,,,,,,,,,,,,,,,,,
Enderson Mercado,SP,FA,,,,,,,,,,,,,,,,,,,,,,,,,,,,,,,,,,,,,,,,,,,,,,,,,,,
Lukas Gonzalez,RP,FA,,,,,,,,,,,,,,,,,,,,,,,,,,,,,,,,,,,,,,,,,,,,,,,,,,,
Domingo Robles,SP,FA,,,,,,,,,,,,,,,,,,,,,,,,,,,,,,,,,,,,,,,,,,,,,,,,,,,
Cam Appenzeller,SP,FA,,,,,,,,,,,,,,,,,,,,,,,,,,,,,,,,,,,,,,,,,,,,,,,,,,,
Garrett McDaniels,RP,FA,,,,,,,,,,,,,,,,,,,,,,,,,,,,,,,,,,,,,,,,,,,,,,,-1.42,-1.68,24.0,16.0,7.9
Angel Reyes,SP,FA,,,,,,,,,,,,,,,,,,,,,,,,,,,,,,,,,,,,,,,,,,,,,,,,,,,
Blaine Knight,RP,FA,,,,,,,,,,,,,,,,,,,,,,,,,,,,,,,,,,,,,,,,,,,,,,,,,,,
Tyler Santana,RP,FA,,,,,,,,,,,,,,,,,,,,,,,,,,,,,,,,,,,,,,,,,,,,,,,,,,,
Chris Kachmar,SP,FA,,,,,,,,,,,,,,,,,,,,,,,,,,,,,,,,,,,,,,,,,,,,,,,,,,,
Jarret Whorff,RP,FA,,,,,,,,,,,,,,,,,,,,,,,,,,,,,,,,,,,,,,,,,,,,,,,,,,,
Seojun Moon,SP,FA,,,,,,,,,,,,,,,,,,,,,,,,,,,,,,,,,,,,,,,,,,,,,,,,,,,
Kyle Bischoff,RP,FA,,,,,,,,,,,,,,,,,,,,,,,,,,,,,,,,,,,,,,,,,,,,,,,,,,,
Izaak Martinez,RP,FA,,,,,,,,,,,,,,,,,,,,,,,,,,,,,,,,,,,,,,,,,,,,,,,,,,,
Robert Kwiatkowski,RP,FA,,,,,,,,,,,,,,,,,,,,,,,,,,,,,,,,,,,,,,,,,,,,,,,,,,,
C.J. Widger,RP,FA,,,,,,,,,,,,,,,,,,,,,,,,,,,,,,,,,,,,,,,,,,,,,,,,,,,
Jose Ramirez,RP,FA,,,,,,,,,,,,,,,,,,,,,,,,,,,,,,,,,,,,,,,,,,,,,,,,,,,
Jordan Mikel,RP,FA,,,,,,,,,,,,,,,,,,,,,,,,,,,,,,,,,,,,,,,,,,,,,,,,,,,
Chase Plymell,RP,FA,,,,,,,,,,,,,,,,,,,,,,,,,,,,,,,,,,,,,,,,,,,,,,,,,,,
Tyler Hampu,RP,FA,,,,,,,,,,,,,,,,,,,,,,,,,,,,,,,,,,,,,,,,,,,,,,,,,,,
Liam Paddack,RP,FA,,,,,,,,,,,,,,,,,,,,,,,,,,,,,,,,,,,,,,,,,,,,,,,,,,,
Pedro Lemos,RP,FA,,,,,,,,,,,,,,,,,,,,,,,,,,,,,,,,,,,,,,,,,,,,,,,,,,,
Felix Ramires,RP,FA,,,,,,,,,,,,,,,,,,,,,,,,,,,,,,,,,,,,,,,,,,,,,,,,,,,
Tucker Novotny,RP,FA,,,,,,,,,,,,,,,,,,,,,,,,,,,,,,,,,,,,,,,,,,,,,,,,,,,
Anderson Pilar,RP,FA,,,,,,,,,,,,,,,,,,,,,,,,,,,,,,,,,,,,,,,,,,,,,,,,,,,
Danery Meyer,RP,FA,,,,,,,,,,,,,,,,,,,,,,,,,,,,,,,,,,,,,,,,,,,,,,,,,,,
Wilfredo Cordero,RP,FA,,,,,,,,,,,,,,,,,,,,,,,,,,,,,,,,,,,,,,,,,,,,,,,,,,,
Luis Amoroso,RP,FA,,,,,,,,,,,,,,,,,,,,,,,,,,,,,,,,,,,,,,,,,,,,,,,,,,,
Michael Gomez,RP,FA,,,,,,,,,,,,,,,,,,,,,,,,,,,,,,,,,,,,,,,,,,,,,,,,,,,
Trey Pooser,SP,FA,,,,,,,,,,,,,,,,,,,,,,,,,,,,,,,,,,,,,,,,,,,,,,,,,,,
Ethan Dorchies,SP,FA,,,,,,,,,,,,,,,,,,,,,,,,,,,,,,,,,,,,,,,,,,,,,,,,,,,
Seamus Barrett,RP,FA,,,,,,,,,,,,,,,,,,,,,,,,,,,,,,,,,,,,,,,,,,,,,,,,,,,
Christian Rodriguez,SP,FA,,,,,,,,,,,,,,,,,,,,,,,,,,,,,,,,,,,,,,,,,,,,,,,,,,,
Ramsey David,RP,FA,,,,,,,,,,,,,,,,,,,,,,,,,,,,,,,,,,,,,,,,,,,,,,,,,,,
Cole Ayers,RP,FA,,,,,,,,,,,,,,,,,,,,,,,,,,,,,,,,,,,,,,,,,,,,,,,,,,,
Liomar Martinez,SP,FA,,,,,,,,,,,,,,,,,,,,,,,,,,,,,,,,,,,,,,,,,,,,,,,,,,,
Jake Jekielek,RP,FA,,,,,,,,,,,,,,,,,,,,,,,,,,,,,,,,,,,,,,,,,,,,,,,,,,,
Luke Craig,RP,FA,,,,,,,,,,,,,,,,,,,,,,,,,,,,,,,,,,,,,,,,,,,,,,,,,,,
Austin Cates,SP,FA,,,,,,,,,,,,,,,,,,,,,,,,,,,,,,,,,,,,,,,,,,,,,,,,,,,
Merit Jones,SP,FA,,,,,,,,,,,,,,,,,,,,,,,,,,,,,,,,,,,,,,,,,,,,,,,,,,,
Carson Dorsey,SP,FA,,,,,,,,,,,,,,,,,,,,,,,,,,,,,,,,,,,,,,,,,,,,,,,,,,,
Ray Gaither,RP,FA,,,,,,,,,,,,,,,,,,,,,,,,,,,,,,,,,,,,,,,,,,,,,,,,,,,
Cesar Gomez,RP,FA,,,,,,,,,,,,,,,,,,,,,,,,,,,,,,,,,,,,,,,,,,,,,,,,,,,
Maicol Reyes,RP,FA,,,,,,,,,,,,,,,,,,,,,,,,,,,,,,,,,,,,,,,,,,,,,,,,,,,
Pedro Garcia,SP,FA,,,,,,,,,,,,,,,,,,,,,,,,,,,,,,,,,,,,,,,,,,,,,,,,,,,
Michael Martinez,RP,FA,,,,,,,,,,,,,,,,,,,,,,,,,,,,,,,,,,,,,,,,,,,,,,,,,,,
Andres Ortiz,SP,FA,,,,,,,,,,,,,,,,,,,,,,,,,,,,,,,,,,,,,,,,,,,,,,,,,,,
Isaac Palacio,RP,FA,,,,,,,,,,,,,,,,,,,,,,,,,,,,,,,,,,,,,,,,,,,,,,,,,,,
Dony Aguilera,SP,FA,,,,,,,,,,,,,,,,,,,,,,,,,,,,,,,,,,,,,,,,,,,,,,,,,,,
Will Smith,RP,FA,,,,,,,,,,,,,,,,,,,,,,,,,,,,,,,,,,,,,,,,,,,,,,,,,,,
Aaron Watson,SP,FA,,,,,,,,,,,,,,,,,,,,,,,,,,,,,,,,,,,,,,,,,,,,,,,,,,,
Geronimo Franzua,SP,FA,,,,,,,,,,,,,,,,,,,,,,,,,,,,,,,,,,,,,,,,,,,,,,,,,,,
Juan Zapata,SP,FA,,,,,,,,,,,,,,,,,,,,,,,,,,,,,,,,,,,,,,,,,,,,,,,,,,,
Abdiel Mendoza,RP,FA,,,,,,,,,,,,,,,,,,,,,,,,,,,,,,,,,,,,,,,,,,,,,,,,,,,
Yadiel Roquez,RP,FA,,,,,,,,,,,,,,,,,,,,,,,,,,,,,,,,,,,,,,,,,,,,,,,,,,,
Brian Moran,RP,FA,,,,,,,,,,,,,,,,,,,,,,,,,,,,,,,,,,,,,,,,,,,,,,,,,,,
Koyo Aoyagi,RP,FA,,,,,,,,,,,,,,,,,,,,,,,,,,,,,,,,,,,,,,,,,,,,,,,,,,,
Tyler Davis,RP,FA,,,,,,,,,,,,,,,,,,,,,,,,,,,,,,,,,,,,,,,,,,,,,,,,,,,
Jose Alvarado,SP,FA,,,,,,,,,,,,,,,,,,,,,,,,,,,,,,,,,,,,,,,,,,,,,,,,,,,
Taylor Lehman,RP,FA,,,,,,,,,,,,,,,,,,,,,,,,,,,,,,,,,,,,,,,,,,,,,,,,,,,
Albert Cordero,RP,FA,,,,,,,,,,,,,,,,,,,,,,,,,,,,,,,,,,,,,,,,,,,,,,,,,,,
Eli Jones,SP,FA,,,,,,,,,,,,,,,,,,,,,,,,,,,,,,,,,,,,,,,,,,,,,,,,,,,
Angel Peralta,SP,FA,,,,,,,,,,,,,,,,,,,,,,,,,,,,,,,,,,,,,,,,,,,,,,,,,,,
Ben Jacobs,SP,FA,,,,,,,,,,,,,,,,,,,,,,,,,,,,,,,,,,,,,,,,,,,,,,,,,,,
Kolten Smith,RP,FA,,,,,,,,,,,,,,,,,,,,,,,,,,,,,,,,,,,,,,,,,,,,,,,,,,,
Anel Martinez,SP,FA,,,,,,,,,,,,,,,,,,,,,,,,,,,,,,,,,,,,,,,,,,,,,,,,,,,
Yander Pinero,RP,FA,,,,,,,,,,,,,,,,,,,,,,,,,,,,,,,,,,,,,,,,,,,,,,,,,,,
Kendy Richard,SP,FA,,,,,,,,,,,,,,,,,,,,,,,,,,,,,,,,,,,,,,,,,,,,,,,,,,,
Dominic Niman,RP,FA,,,,,,,,,,,,,,,,,,,,,,,,,,,,,,,,,,,,,,,,,,,,,,,,,,,
Jake Barbee,SP,FA,,,,,,,,,,,,,,,,,,,,,,,,,,,,,,,,,,,,,,,,,,,,,,,,,,,
Brady Jones,SP,FA,,,,,,,,,,,,,,,,,,,,,,,,,,,,,,,,,,,,,,,,,,,,,,,,,,,
Cameron Keshock,RP,FA,,,,,,,,,,,,,,,,,,,,,,,,,,,,,,,,,,,,,,,,,,,,,,,,,,,
Talon Haley,SP,FA,,,,,,,,,,,,,,,,,,,,,,,,,,,,,,,,,,,,,,,,,,,,,,,,,,,
Alex Barr,SP,FA,,,,,,,,,,,,,,,,,,,,,,,,,,,,,,,,,,,,,,,,,,,,,,,,,,,
Devin Kirby,SP,FA,,,,,,,,,,,,,,,,,,,,,,,,,,,,,,,,,,,,,,,,,,,,,,,,,,,
Owen Proksch,RP,FA,,,,,,,,,,,,,,,,,,,,,,,,,,,,,,,,,,,,,,,,,,,,,,,,,,,
Ryan Cabarcas,RP,FA,,,,,,,,,,,,,,,,,,,,,,,,,,,,,,,,,,,,,,,,,,,,,,,,,,,
Trent Turzenski,RP,FA,,,,,,,,,,,,,,,,,,,,,,,,,,,,,,,,,,,,,,,,,,,,,,,,,,,
Chipper Menard,RP,FA,,,,,,,,,,,,,,,,,,,,,,,,,,,,,,,,,,,,,,,,,,,,,,,,,,,
Roberto Perez,RP,FA,,,,,,,,,,,,,,,,,,,,,,,,,,,,,,,,,,,,,,,,,,,,,,,,,,,
Yu Darvish,SP,FA,,,,,,,,,,,,,,,,,,,,,,,,,,,,,,,,,,,,,,,,,,,,,,,-0.27,0.12,23.0,6.4,8.8
Dariel Florentino,SP,FA,,,,,,,,,,,,,,,,,,,,,,,,,,,,,,,,,,,,,,,,,,,,,,,,,,,
Raisei Nakamura,RP,FA,,,,,,,,,,,,,,,,,,,,,,,,,,,,,,,,,,,,,,,,,,,,,,,,,,,
Albert Abreu,RP,FA,,,,,,,,,,,,,,,,,,,,,,,,,,,,,,,,,,,,,,,,,,,,,,,,,,,
Danny Trehey,RP,FA,,,,,,,,,,,,,,,,,,,,,,,,,,,,,,,,,,,,,,,,,,,,,,,,,,,
Christian Herberholz,RP,FA,,,,,,,,,,,,,,,,,,,,,,,,,,,,,,,,,,,,,,,,,,,,,,,,,,,
Tyler Stasiowski,RP,FA,,,,,,,,,,,,,,,,,,,,,,,,,,,,,,,,,,,,,,,,,,,,,,,,,,,
Ivran Romero,RP,FA,,,,,,,,,,,,,,,,,,,,,,,,,,,,,,,,,,,,,,,,,,,,,,,,,,,
Jagger Beck,RP,FA,,,,,,,,,,,,,,,,,,,,,,,,,,,,,,,,,,,,,,,,,,,,,,,,,,,
Hunter Hoopes,RP,FA,,,,,,,,,,,,,,,,,,,,,,,,,,,,,,,,,,,,,,,,,,,,,,,,,,,
Stone Hewlett,RP,FA,,,,,,,,,,,,,,,,,,,,,,,,,,,,,,,,,,,,,,,,,,,,,,,,,,,
Jack Hostetler,SP,FA,,,,,,,,,,,,,,,,,,,,,,,,,,,,,,,,,,,,,,,,,,,,,,,,,,,
Zander Sechrist,RP,FA,,,,,,,,,,,,,,,,,,,,,,,,,,,,,,,,,,,,,,,,,,,,,,,,,,,
Miles Langhorne,RP,FA,,,,,,,,,,,,,,,,,,,,,,,,,,,,,,,,,,,,,,,,,,,,,,,,,,,
Kyle Roche,RP,FA,,,,,,,,,,,,,,,,,,,,,,,,,,,,,,,,,,,,,,,,,,,,,,,,,,,
Nick Conte,RP,FA,,,,,,,,,,,,,,,,,,,,,,,,,,,,,,,,,,,,,,,,,,,,,,,,,,,
Rolando De La Cruz,SP,FA,,,,,,,,,,,,,,,,,,,,,,,,,,,,,,,,,,,,,,,,,,,,,,,,,,,
Jaren Warwick,RP,FA,,,,,,,,,,,,,,,,,,,,,,,,,,,,,,,,,,,,,,,,,,,,,,,,,,,
Logan Tabeling,SP,FA,,,,,,,,,,,,,,,,,,,,,,,,,,,,,,,,,,,,,,,,,,,,,,,,,,,
Myles Caba,RP,FA,,,,,,,,,,,,,,,,,,,,,,,,,,,,,,,,,,,,,,,,,,,,,,,,,,,
Bennett Flynn,SP,FA,,,,,,,,,,,,,,,,,,,,,,,,,,,,,,,,,,,,,,,,,,,,,,,,,,,
Javen Coleman,RP,FA,,,,,,,,,,,,,,,,,,,,,,,,,,,,,,,,,,,,,,,,,,,,,,,,,,,
Jay Schueler,RP,FA,,,,,,,,,,,,,,,,,,,,,,,,,,,,,,,,,,,,,,,,,,,,,,,,,,,
Jadon Bercovich,RP,FA,,,,,,,,,,,,,,,,,,,,,,,,,,,,,,,,,,,,,,,,,,,,,,,,,,,
Noah Beal,RP,FA,,,,,,,,,,,,,,,,,,,,,,,,,,,,,,,,,,,,,,,,,,,,,,,,,,,
Stephen Quigley,RP,FA,,,,,,,,,,,,,,,,,,,,,,,,,,,,,,,,,,,,,,,,,,,,,,,,,,,
Clete Hartzog,RP,FA,,,,,,,,,,,,,,,,,,,,,,,,,,,,,,,,,,,,,,,,,,,,,,,,,,,
Michael Watson,RP,FA,,,,,,,,,,,,,,,,,,,,,,,,,,,,,,,,,,,,,,,,,,,,,,,,,,,
Xavier Martinez,RP,FA,,,,,,,,,,,,,,,,,,,,,,,,,,,,,,,,,,,,,,,,,,,,,,,,,,,
Trevor Long,RP,FA,,,,,,,,,,,,,,,,,,,,,,,,,,,,,,,,,,,,,,,,,,,,,,,,,,,
Gage Boehm,RP,FA,,,,,,,,,,,,,,,,,,,,,,,,,,,,,,,,,,,,,,,,,,,,,,,,,,,
Shay Timmer,RP,FA,,,,,,,,,,,,,,,,,,,,,,,,,,,,,,,,,,,,,,,,,,,,,,,,,,,
Jacob Gomez,RP,FA,,,,,,,,,,,,,,,,,,,,,,,,,,,,,,,,,,,,,,,,,,,,,,,,,,,
Charlie McDaniel,SP,FA,,,,,,,,,,,,,,,,,,,,,,,,,,,,,,,,,,,,,,,,,,,,,,,,,,,
Alex Ramos,SP,FA,,,,,,,,,,,,,,,,,,,,,,,,,,,,,,,,,,,,,,,,,,,,,,,,,,,
Ben Peterson,RP,FA,,,,,,,,,,,,,,,,,,,,,,,,,,,,,,,,,,,,,,,,,,,,,,,,,,,
Cam Pferrer,RP,FA,,,,,,,,,,,,,,,,,,,,,,,,,,,,,,,,,,,,,,,,,,,,,,,,,,,
Josh Mallitz,RP,FA,,,,,,,,,,,,,,,,,,,,,,,,,,,,,,,,,,,,,,,,,,,,,,,,,,,
Adam Conrad,RP,FA,,,,,,,,,,,,,,,,,,,,,,,,,,,,,,,,,,,,,,,,,,,,,,,,,,,
Carson Swilling,RP,FA,,,,,,,,,,,,,,,,,,,,,,,,,,,,,,,,,,,,,,,,,,,,,,,,,,,
Brandon Clarke,SP,T,,,,,,,,,,,,,,,,,,,,,,,,,,,,,,,,,,,,,,,,,,,,,,,,,,,
Brendan Girton,SP,FA,,,,,,,,,,,,,,,,,,,,,,,,,,,,,,,,,,,,,,,,,,,,,,,,,,,
Owen Hackman,SP,FA,,,,,,,,,,,,,,,,,,,,,,,,,,,,,,,,,,,,,,,,,,,,,,,,,,,
Ryan Lambert,RP,FA,,,,,,,,,,,,,,,,,,,,,,,,,,,,,,,,,,,,,,,,,,,,,,,,,,,
A.J. Wilson,RP,FA,,,,,,,,,,,,,,,,,,,,,,,,,,,,,,,,,,,,,,,,,,,,,,,,,,,
John West,SP,FA,,,,,,,,,,,,,,,,,,,,,,,,,,,,,,,,,,,,,,,,,,,,,,,,,,,
Ryan Verdugo,SP,FA,,,,,,,,,,,,,,,,,,,,,,,,,,,,,,,,,,,,,,,,,,,,,,,,,,,
Brady Kirtner,RP,FA,,,,,,,,,,,,,,,,,,,,,,,,,,,,,,,,,,,,,,,,,,,,,,,,,,,
Jack Sokol,RP,FA,,,,,,,,,,,,,,,,,,,,,,,,,,,,,,,,,,,,,,,,,,,,,,,,,,,
Parker Seay,RP,FA,,,,,,,,,,,,,,,,,,,,,,,,,,,,,,,,,,,,,,,,,,,,,,,,,,,
Cole Zaffiro,RP,FA,,,,,,,,,,,,,,,,,,,,,,,,,,,,,,,,,,,,,,,,,,,,,,,,,,,
Tony Rossi,RP,FA,,,,,,,,,,,,,,,,,,,,,,,,,,,,,,,,,,,,,,,,,,,,,,,,,,,
J.T. Etheridge,SP,FA,,,,,,,,,,,,,,,,,,,,,,,,,,,,,,,,,,,,,,,,,,,,,,,,,,,
Chris Veach,RP,FA,,,,,,,,,,,,,,,,,,,,,,,,,,,,,,,,,,,,,,,,,,,,,,,,,,,
Channing Austin,SP,FA,,,,,,,,,,,,,,,,,,,,,,,,,,,,,,,,,,,,,,,,,,,,,,,,,,,
Eldridge Armstrong III,RP,FA,,,,,,,,,,,,,,,,,,,,,,,,,,,,,,,,,,,,,,,,,,,,,,,,,,,
Hunter Hodges,RP,FA,,,,,,,,,,,,,,,,,,,,,,,,,,,,,,,,,,,,,,,,,,,,,,,,,,,
Hoss Brewer,RP,FA,,,,,,,,,,,,,,,,,,,,,,,,,,,,,,,,,,,,,,,,,,,,,,,,,,,
Chandler Marsh,RP,FA,,,,,,,,,,,,,,,,,,,,,,,,,,,,,,,,,,,,,,,,,,,,,,,,,,,
Luke Jewett,RP,FA,,,,,,,,,,,,,,,,,,,,,,,,,,,,,,,,,,,,,,,,,,,,,,,,,,,
Niko Mazza,SP,FA,,,,,,,,,,,,,,,,,,,,,,,,,,,,,,,,,,,,,,,,,,,,,,,,,,,
Sam Garcia,SP,FA,,,,,,,,,,,,,,,,,,,,,,,,,,,,,,,,,,,,,,,,,,,,,,,,,,,
Will Riley,RP,FA,,,,,,,,,,,,,,,,,,,,,,,,,,,,,,,,,,,,,,,,,,,,,,,,,,,
Jakob Hall,RP,FA,,,,,,,,,,,,,,,,,,,,,,,,,,,,,,,,,,,,,,,,,,,,,,,,,,,
Jayden Voelker,SP,FA,,,,,,,,,,,,,,,,,,,,,,,,,,,,,,,,,,,,,,,,,,,,,,,,,,,
Camron Hill,SP,FA,,,,,,,,,,,,,,,,,,,,,,,,,,,,,,,,,,,,,,,,,,,,,,,,,,,
Travis Garnett,RP,FA,,,,,,,,,,,,,,,,,,,,,,,,,,,,,,,,,,,,,,,,,,,,,,,,,,,
Dylan Howard,SP,FA,,,,,,,,,,,,,,,,,,,,,,,,,,,,,,,,,,,,,,,,,,,,,,,,,,,
Calvin Bickerstaff,RP,FA,,,,,,,,,,,,,,,,,,,,,,,,,,,,,,,,,,,,,,,,,,,,,,,,,,,
Gray Thomas,RP,FA,,,,,,,,,,,,,,,,,,,,,,,,,,,,,,,,,,,,,,,,,,,,,,,,,,,
Nico Wagner,RP,FA,,,,,,,,,,,,,,,,,,,,,,,,,,,,,,,,,,,,,,,,,,,,,,,,,,,
Orlando Marcelin,RP,FA,,,,,,,,,,,,,,,,,,,,,,,,,,,,,,,,,,,,,,,,,,,,,,,,,,,
Cooper Underwood,SP,FA,,,,,,,,,,,,,,,,,,,,,,,,,,,,,,,,,,,,,,,,,,,,,,,,,,,
Tommy Milone,RP,FA,,,,,,,,,,,,,,,,,,,,,,,,,,,,,,,,,,,,,,,,,,,,,,,,,,,
Ryan DeSanto,SP,FA,,,,,,,,,,,,,,,,,,,,,,,,,,,,,,,,,,,,,,,,,,,,,,,,,,,
Jorge Guzman,SP,FA,,,,,,,,,,,,,,,,,,,,,,,,,,,,,,,,,,,,,,,,,,,,,,,,,,,
Jormy Nivar,RP,FA,,,,,,,,,,,,,,,,,,,,,,,,,,,,,,,,,,,,,,,,,,,,,,,,,,,
Alejandro Vera,SP,FA,,,,,,,,,,,,,,,,,,,,,,,,,,,,,,,,,,,,,,,,,,,,,,,,,,,
Anderson Jimenez,SP,FA,,,,,,,,,,,,,,,,,,,,,,,,,,,,,,,,,,,,,,,,,,,,,,,,,,,
Tyler Bowen,RP,FA,,,,,,,,,,,,,,,,,,,,,,,,,,,,,,,,,,,,,,,,,,,,,,,,,,,
Cash Kuiper,SP,FA,,,,,,,,,,,,,,,,,,,,,,,,,,,,,,,,,,,,,,,,,,,,,,,,,,,
Jay Woolfolk,SP,FA,,,,,,,,,,,,,,,,,,,,,,,,,,,,,,,,,,,,,,,,,,,,,,,,,,,
Connor Spencer,RP,FA,,,,,,,,,,,,,,,,,,,,,,,,,,,,,,,,,,,,,,,,,,,,,,,,,,,
Joe Glassey,SP,FA,,,,,,,,,,,,,,,,,,,,,,,,,,,,,,,,,,,,,,,,,,,,,,,,,,,
Kenny Leiner,RP,FA,,,,,,,,,,,,,,,,,,,,,,,,,,,,,,,,,,,,,,,,,,,,,,,,,,,
Colin Daniel,SP,FA,,,,,,,,,,,,,,,,,,,,,,,,,,,,,,,,,,,,,,,,,,,,,,,,,,,
Ben Vespi,RP,FA,,,,,,,,,,,,,,,,,,,,,,,,,,,,,,,,,,,,,,,,,,,,,,,,,,,
River Hamilton,SP,FA,,,,,,,,,,,,,,,,,,,,,,,,,,,,,,,,,,,,,,,,,,,,,,,,,,,
Denton Biller,RP,FA,,,,,,,,,,,,,,,,,,,,,,,,,,,,,,,,,,,,,,,,,,,,,,,,,,,
Holden deJong,SP,FA,,,,,,,,,,,,,,,,,,,,,,,,,,,,,,,,,,,,,,,,,,,,,,,,,,,
Luke Jackson,RP,FA,,,,,,,,,,,,,,,,,,,,,,,,,,,,,,,,,,,,,,,,,,,,,,,,,,,
Ryan Heppner,SP,FA,,,,,,,,,,,,,,,,,,,,,,,,,,,,,,,,,,,,,,,,,,,,,,,,,,,
Barrett Morgan,SP,FA,,,,,,,,,,,,,,,,,,,,,,,,,,,,,,,,,,,,,,,,,,,,,,,,,,,
Riely Hunsaker,SP,FA,,,,,,,,,,,,,,,,,,,,,,,,,,,,,,,,,,,,,,,,,,,,,,,,,,,
Jacob Johnson,SP,FA,,,,,,,,,,,,,,,,,,,,,,,,,,,,,,,,,,,,,,,,,,,,,,,,,,,
Connor Knox,SP,FA,,,,,,,,,,,,,,,,,,,,,,,,,,,,,,,,,,,,,,,,,,,,,,,,,,,
Alton Davis II,RP,FA,,,,,,,,,,,,,,,,,,,,,,,,,,,,,,,,,,,,,,,,,,,,,,,,,,,
Freddy Rodriguez,RP,FA,,,,,,,,,,,,,,,,,,,,,,,,,,,,,,,,,,,,,,,,,,,,,,,,,,,
Dylan Tate,RP,FA,,,,,,,,,,,,,,,,,,,,,,,,,,,,,,,,,,,,,,,,,,,,,,,,,,,
Brock Moore,RP,FA,,,,,,,,,,,,,,,,,,,,,,,,,,,,,,,,,,,,,,,,,,,,,,,,,,,
Jacob Kroeger,SP,FA,,,,,,,,,,,,,,,,,,,,,,,,,,,,,,,,,,,,,,,,,,,,,,,,,,,
Brandt Thompson,SP,FA,,,,,,,,,,,,,,,,,,,,,,,,,,,,,,,,,,,,,,,,,,,,,,,,,,,
Christian Mracna,RP,FA,,,,,,,,,,,,,,,,,,,,,,,,,,,,,,,,,,,,,,,,,,,,,,,,,,,
Brody Fowler,SP,FA,,,,,,,,,,,,,,,,,,,,,,,,,,,,,,,,,,,,,,,,,,,,,,,,,,,
Ryan Andrade,SP,FA,,,,,,,,,,,,,,,,,,,,,,,,,,,,,,,,,,,,,,,,,,,,,,,,,,,
Josh Sanders,RP,FA,,,,,,,,,,,,,,,,,,,,,,,,,,,,,,,,,,,,,,,,,,,,,,,,,,,
Mathieu Curtis,RP,FA,,,,,,,,,,,,,,,,,,,,,,,,,,,,,,,,,,,,,,,,,,,,,,,,,,,
KK Clark,RP,FA,,,,,,,,,,,,,,,,,,,,,,,,,,,,,,,,,,,,,,,,,,,,,,,,,,,
Adam Bloebaum,RP,FA,,,,,,,,,,,,,,,,,,,,,,,,,,,,,,,,,,,,,,,,,,,,,,,,,,,
Christian Rodriguez,RP,FA,,,,,,,,,,,,,,,,,,,,,,,,,,,,,,,,,,,,,,,,,,,,,,,,,,,
Grant Cherry,RP,FA,,,,,,,,,,,,,,,,,,,,,,,,,,,,,,,,,,,,,,,,,,,,,,,,,,,
Franyer Herrera,RP,FA,,,,,,,,,,,,,,,,,,,,,,,,,,,,,,,,,,,,,,,,,,,,,,,,,,,
JBriell Easley,SP,FA,,,,,,,,,,,,,,,,,,,,,,,,,,,,,,,,,,,,,,,,,,,,,,,,,,,
Aaron Savary,SP,FA,,,,,,,,,,,,,,,,,,,,,,,,,,,,,,,,,,,,,,,,,,,,,,,,,,,
Aubrey Smith,RP,FA,,,,,,,,,,,,,,,,,,,,,,,,,,,,,,,,,,,,,,,,,,,,,,,,,,,
Nate Williams,RP,FA,,,,,,,,,,,,,,,,,,,,,,,,,,,,,,,,,,,,,,,,,,,,,,,,,,,
Logan Forsythe,RP,FA,,,,,,,,,,,,,,,,,,,,,,,,,,,,,,,,,,,,,,,,,,,,,,,,,,,
Ethan Storm,SP,FA,,,,,,,,,,,,,,,,,,,,,,,,,,,,,,,,,,,,,,,,,,,,,,,,,,,
Greyson Gimenez,RP,FA,,,,,,,,,,,,,,,,,,,,,,,,,,,,,,,,,,,,,,,,,,,,,,,,,,,
Callan Fang,SP,FA,,,,,,,,,,,,,,,,,,,,,,,,,,,,,,,,,,,,,,,,,,,,,,,,,,,
Garrett Gainey,RP,FA,,,,,,,,,,,,,,,,,,,,,,,,,,,,,,,,,,,,,,,,,,,,,,,,,,,
Dylan Mathiesen,SP,FA,,,,,,,,,,,,,,,,,,,,,,,,,,,,,,,,,,,,,,,,,,,,,,,,,,,
Nick Wissman,RP,FA,,,,,,,,,,,,,,,,,,,,,,,,,,,,,,,,,,,,,,,,,,,,,,,,,,,
Xavier Mitchell,SP,FA,,,,,,,,,,,,,,,,,,,,,,,,,,,,,,,,,,,,,,,,,,,,,,,,,,,
Ethan Sloan,RP,FA,,,,,,,,,,,,,,,,,,,,,,,,,,,,,,,,,,,,,,,,,,,,,,,,,,,
Logan Samuels,RP,FA,,,,,,,,,,,,,,,,,,,,,,,,,,,,,,,,,,,,,,,,,,,,,,,,,,,
Braden Davis,SP,FA,,,,,,,,,,,,,,,,,,,,,,,,,,,,,,,,,,,,,,,,,,,,,,,,,,,
Kyle Robinson,SP,FA,,,,,,,,,,,,,,,,,,,,,,,,,,,,,,,,,,,,,,,,,,,,,,,,,,,
Jonathan Todd,RP,FA,,,,,,,,,,,,,,,,,,,,,,,,,,,,,,,,,,,,,,,,,,,,,,,,,,,
Cesar Acosta,SP,FA,,,,,,,,,,,,,,,,,,,,,,,,,,,,,,,,,,,,,,,,,,,,,,,,,,,
Brett Sears,SP,FA,,,,,,,,,,,,,,,,,,,,,,,,,,,,,,,,,,,,,,,,,,,,,,,,,,,
Carson Fischer,RP,FA,,,,,,,,,,,,,,,,,,,,,,,,,,,,,,,,,,,,,,,,,,,,,,,,,,,
Braeden Sloan,RP,FA,,,,,,,,,,,,,,,,,,,,,,,,,,,,,,,,,,,,,,,,,,,,,,,,,,,
Robert Puason,RP,FA,,,,,,,,,,,,,,,,,,,,,,,,,,,,,,,,,,,,,,,,,,,,,,,,,,,
Noah Samol,RP,FA,,,,,,,,,,,,,,,,,,,,,,,,,,,,,,,,,,,,,,,,,,,,,,,,,,,
Jose Chirinos,SP,FA,,,,,,,,,,,,,,,,,,,,,,,,,,,,,,,,,,,,,,,,,,,,,,,,,,,
Andrew Healy,SP,FA,,,,,,,,,,,,,,,,,,,,,,,,,,,,,,,,,,,,,,,,,,,,,,,,,,,
Dominick Reid,SP,FA,,,,,,,,,,,,,,,,,,,,,,,,,,,,,,,,,,,,,,,,,,,,,,,,,,,
Evan Chrest,SP,FA,,,,,,,,,,,,,,,,,,,,,,,,,,,,,,,,,,,,,,,,,,,,,,,,,,,
Jacob Mayers,RP,FA,,,,,,,,,,,,,,,,,,,,,,,,,,,,,,,,,,,,,,,,,,,,,,,,,,,
Kyler Carmack,RP,FA,,,,,,,,,,,,,,,,,,,,,,,,,,,,,,,,,,,,,,,,,,,,,,,,,,,
DJ Newman,SP,FA,,,,,,,,,,,,,,,,,,,,,,,,,,,,,,,,,,,,,,,,,,,,,,,,,,,
Ulices Campos,SP,FA,,,,,,,,,,,,,,,,,,,,,,,,,,,,,,,,,,,,,,,,,,,,,,,,,,,
Jogly Garcia,SP,FA,,,,,,,,,,,,,,,,,,,,,,,,,,,,,,,,,,,,,,,,,,,,,,,,,,,
Alexander Campos,RP,FA,,,,,,,,,,,,,,,,,,,,,,,,,,,,,,,,,,,,,,,,,,,,,,,,,,,
Deivid Burgos,RP,FA,,,,,,,,,,,,,,,,,,,,,,,,,,,,,,,,,,,,,,,,,,,,,,,,,,,
Roberto Burgos,RP,FA,,,,,,,,,,,,,,,,,,,,,,,,,,,,,,,,,,,,,,,,,,,,,,,,,,,
Luis Burgos,SP,FA,,,,,,,,,,,,,,,,,,,,,,,,,,,,,,,,,,,,,,,,,,,,,,,,,,,
Zack Thompson,RP,FA,,,,,,,,,,,,,,,,,,,,,,,,,,,,,,,,,,,,,,,,,,,,,,,,,,,
Keythel Key,SP,FA,,,,,,,,,,,,,,,,,,,,,,,,,,,,,,,,,,,,,,,,,,,,,,,,,,,
Danny Portel,RP,FA,,,,,,,,,,,,,,,,,,,,,,,,,,,,,,,,,,,,,,,,,,,,,,,,,,,
Christopher Montilla,RP,FA,,,,,,,,,,,,,,,,,,,,,,,,,,,,,,,,,,,,,,,,,,,,,,,,,,,
Eliseo Mota,RP,FA,,,,,,,,,,,,,,,,,,,,,,,,,,,,,,,,,,,,,,,,,,,,,,,,,,,
Raidel Martinez,SP,FA,,,,,,,,,,,,,,,,,,,,,,,,,,,,,,,,,,,,,,,,,,,,,,,,,,,
Eccel Correa,SP,FA,,,,,,,,,,,,,,,,,,,,,,,,,,,,,,,,,,,,,,,,,,,,,,,,,,,
Alberto Mota,RP,FA,,,,,,,,,,,,,,,,,,,,,,,,,,,,,,,,,,,,,,,,,,,,,,,,,,,
Grant Kipp,SP,FA,,,,,,,,,,,,,,,,,,,,,,,,,,,,,,,,,,,,,,,,,,,,,,,,,,,
Eliazar De Los Santos,RP,FA,,,,,,,,,,,,,,,,,,,,,,,,,,,,,,,,,,,,,,,,,,,,,,,,,,,
David De Los Santos,SP,FA,,,,,,,,,,,,,,,,,,,,,,,,,,,,,,,,,,,,,,,,,,,,,,,,,,,
Moises Lugo,RP,FA,,,,,,,,,,,,,,,,,,,,,,,,,,,,,,,,,,,,,,,,,,,,,,,,,,,
Francis Texido,SP,FA,,,,,,,,,,,,,,,,,,,,,,,,,,,,,,,,,,,,,,,,,,,,,,,,,,,
Patrick Copen,SP,FA,,,,,,,,,,,,,,,,,,,,,,,,,,,,,,,,,,,,,,,,,,,,,,,,,,,
Bryan Balzer,SP,FA,,,,,,,,,,,,,,,,,,,,,,,,,,,,,,,,,,,,,,,,,,,,,,,,,,,
Rudit Pina,SP,FA,,,,,,,,,,,,,,,,,,,,,,,,,,,,,,,,,,,,,,,,,,,,,,,,,,,
Cole Reynolds,RP,FA,,,,,,,,,,,,,,,,,,,,,,,,,,,,,,,,,,,,,,,,,,,,,,,,,,,
Candido Cuevas,SP,FA,,,,,,,,,,,,,,,,,,,,,,,,,,,,,,,,,,,,,,,,,,,,,,,,,,,
Jose Pinto,SP,FA,,,,,,,,,,,,,,,,,,,,,,,,,,,,,,,,,,,,,,,,,,,,,,,,,,,
Lluveres Severino,RP,FA,,,,,,,,,,,,,,,,,,,,,,,,,,,,,,,,,,,,,,,,,,,,,,,,,,,
Jordan Goldmann,SP,FA,,,,,,,,,,,,,,,,,,,,,,,,,,,,,,,,,,,,,,,,,,,,,,,,,,,
Saul Garcia,RP,FA,,,,,,,,,,,,,,,,,,,,,,,,,,,,,,,,,,,,,,,,,,,,,,,,,,,
Anthony Arguelles,RP,FA,,,,,,,,,,,,,,,,,,,,,,,,,,,,,,,,,,,,,,,,,,,,,,,,,,,
Jack Ohman,SP,FA,,,,,,,,,,,,,,,,,,,,,,,,,,,,,,,,,,,,,,,,,,,,,,,,,,,
Keuri Almonte,SP,FA,,,,,,,,,,,,,,,,,,,,,,,,,,,,,,,,,,,,,,,,,,,,,,,,,,,
Edwin Mendoza,RP,FA,,,,,,,,,,,,,,,,,,,,,,,,,,,,,,,,,,,,,,,,,,,,,,,,,,,
Jesus Miranda,SP,FA,,,,,,,,,,,,,,,,,,,,,,,,,,,,,,,,,,,,,,,,,,,,,,,,,,,
Weslin De Los Santos,RP,FA,,,,,,,,,,,,,,,,,,,,,,,,,,,,,,,,,,,,,,,,,,,,,,,,,,,
Angel Roman,RP,FA,,,,,,,,,,,,,,,,,,,,,,,,,,,,,,,,,,,,,,,,,,,,,,,,,,,
Alexander Padilla,SP,FA,,,,,,,,,,,,,,,,,,,,,,,,,,,,,,,,,,,,,,,,,,,,,,,,,,,
Joldelanio De Los Santos,RP,FA,,,,,,,,,,,,,,,,,,,,,,,,,,,,,,,,,,,,,,,,,,,,,,,,,,,
Greudis De Los Santos,SP,FA,,,,,,,,,,,,,,,,,,,,,,,,,,,,,,,,,,,,,,,,,,,,,,,,,,,
Ethan Wheeler,SP,FA,,,,,,,,,,,,,,,,,,,,,,,,,,,,,,,,,,,,,,,,,,,,,,,,,,,
Anderson Diaz,SP,FA,,,,,,,,,,,,,,,,,,,,,,,,,,,,,,,,,,,,,,,,,,,,,,,,,,,
Geremy Villoria,SP,FA,,,,,,,,,,,,,,,,,,,,,,,,,,,,,,,,,,,,,,,,,,,,,,,,,,,
Eric Dominguez,RP,FA,,,,,,,,,,,,,,,,,,,,,,,,,,,,,,,,,,,,,,,,,,,,,,,,,,,
Daniel Gomez,SP,FA,,,,,,,,,,,,,,,,,,,,,,,,,,,,,,,,,,,,,,,,,,,,,,,,,,,
Giovanni Vargas,RP,FA,,,,,,,,,,,,,,,,,,,,,,,,,,,,,,,,,,,,,,,,,,,,,,,,,,,
Jesus Delgado,SP,FA,,,,,,,,,,,,,,,,,,,,,,,,,,,,,,,,,,,,,,,,,,,,,,,,,,,
Kelvin Zapata,SP,FA,,,,,,,,,,,,,,,,,,,,,,,,,,,,,,,,,,,,,,,,,,,,,,,,,,,
Samuel Aldegheri,SP,FA,,,,,,,,,,,,,,,,,,,,,,,,,,,,,,,,,,,,,,,,,,,,,,,,,,,
Nelfy Ynfante,SP,FA,,,,,,,,,,,,,,,,,,,,,,,,,,,,,,,,,,,,,,,,,,,,,,,,,,,
Alan Zhang Carter,RP,FA,,,,,,,,,,,,,,,,,,,,,,,,,,,,,,,,,,,,,,,,,,,,,,,,,,,
Derik Aquino,RP,FA,,,,,,,,,,,,,,,,,,,,,,,,,,,,,,,,,,,,,,,,,,,,,,,,,,,
Alex Cornwell,SP,FA,,,,,,,,,,,,,,,,,,,,,,,,,,,,,,,,,,,,,,,,,,,,,,,,,,,
Jefferson Moran,SP,FA,,,,,,,,,,,,,,,,,,,,,,,,,,,,,,,,,,,,,,,,,,,,,,,,,,,
Jesus Tillero,SP,FA,,,,,,,,,,,,,,,,,,,,,,,,,,,,,,,,,,,,,,,,,,,,,,,,,,,
Yadiel Batista,RP,FA,,,,,,,,,,,,,,,,,,,,,,,,,,,,,,,,,,,,,,,,,,,,,,,,,,,
Kyle McCoy,SP,FA,,,,,,,,,,,,,,,,,,,,,,,,,,,,,,,,,,,,,,,,,,,,,,,,,,,
Andrew Bolivar,RP,FA,,,,,,,,,,,,,,,,,,,,,,,,,,,,,,,,,,,,,,,,,,,,,,,,,,,
Gabriel Yanez,RP,FA,,,,,,,,,,,,,,,,,,,,,,,,,,,,,,,,,,,,,,,,,,,,,,,,,,,
Emisael Carrera,SP,FA,,,,,,,,,,,,,,,,,,,,,,,,,,,,,,,,,,,,,,,,,,,,,,,,,,,
Diego Dominguez,RP,FA,,,,,,,,,,,,,,,,,,,,,,,,,,,,,,,,,,,,,,,,,,,,,,,,,,,
Xavier Cruz,SP,FA,,,,,,,,,,,,,,,,,,,,,,,,,,,,,,,,,,,,,,,,,,,,,,,,,,,
Brailyn Paulino,RP,FA,,,,,,,,,,,,,,,,,,,,,,,,,,,,,,,,,,,,,,,,,,,,,,,,,,,
Ronny Oliver,SP,FA,,,,,,,,,,,,,,,,,,,,,,,,,,,,,,,,,,,,,,,,,,,,,,,,,,,
Stiveen Rojas,RP,FA,,,,,,,,,,,,,,,,,,,,,,,,,,,,,,,,,,,,,,,,,,,,,,,,,,,
Carlos Duran,SP,FA,,,,,,,,,,,,,,,,,,,,,,,,,,,,,,,,,,,,,,,,,,,,,,,,,,,
Ranciel Abreu,SP,FA,,,,,,,,,,,,,,,,,,,,,,,,,,,,,,,,,,,,,,,,,,,,,,,,,,,
Briggs McKenzie,SP,FA,,,,,,,,,,,,,,,,,,,,,,,,,,,,,,,,,,,,,,,,,,,,,,,,,,,
Adriano Marrero,SP,FA,,,,,,,,,,,,,,,,,,,,,,,,,,,,,,,,,,,,,,,,,,,,,,,,,,,
Jack OLoughlin,SP,FA,,,,,,,,,,,,,,,,,,,,,,,,,,,,,,,,,,,,,,,,,,,,,,,,,,,
Juan Fraide,SP,FA,,,,,,,,,,,,,,,,,,,,,,,,,,,,,,,,,,,,,,,,,,,,,,,,,,,
Yoslaniel Hernandez,SP,FA,,,,,,,,,,,,,,,,,,,,,,,,,,,,,,,,,,,,,,,,,,,,,,,,,,,
Dylan Volantis,RP,FA,,,,,,,,,,,,,,,,,,,,,,,,,,,,,,,,,,,,,,,,,,,,,,,,,,,
Yostin Pinales,SP,FA,,,,,,,,,,,,,,,,,,,,,,,,,,,,,,,,,,,,,,,,,,,,,,,,,,,
Robinson Smith,SP,FA,,,,,,,,,,,,,,,,,,,,,,,,,,,,,,,,,,,,,,,,,,,,,,,,,,,
Luis Guerrero,RP,FA,,,,,,,,,,,,,,,,,,,,,,,,,,,,,,,,,,,,,,,,,,,,,,,-1.55,-2.93,29.5,19.4,8.7
Francisco Morao,SP,FA,,,,,,,,,,,,,,,,,,,,,,,,,,,,,,,,,,,,,,,,,,,,,,,,,,,
Emilker Guzman,RP,FA,,,,,,,,,,,,,,,,,,,,,,,,,,,,,,,,,,,,,,,,,,,,,,,,,,,
Joe Jacques,SP,FA,,,,,,,,,,,,,,,,,,,,,,,,,,,,,,,,,,,,,,,,,,,,,,,,,,,
Kaiden McCarthy,SP,FA,,,,,,,,,,,,,,,,,,,,,,,,,,,,,,,,,,,,,,,,,,,,,,,,,,,
Johan Palacios,RP,FA,,,,,,,,,,,,,,,,,,,,,,,,,,,,,,,,,,,,,,,,,,,,,,,,,,,
Erigaldi Perez,SP,FA,,,,,,,,,,,,,,,,,,,,,,,,,,,,,,,,,,,,,,,,,,,,,,,,,,,
Joe Whitman,SP,FA,,,,,,,,,,,,,,,,,,,,,,,,,,,,,,,,,,,,,,,,,,,,,,,,,,,
Jackson Lancaster,RP,FA,,,,,,,,,,,,,,,,,,,,,,,,,,,,,,,,,,,,,,,,,,,,,,,,,,,
Blake Wolters,SP,FA,,,,,,,,,,,,,,,,,,,,,,,,,,,,,,,,,,,,,,,,,,,,,,,,,,,
Adrian Torres,SP,FA,,,,,,,,,,,,,,,,,,,,,,,,,,,,,,,,,,,,,,,,,,,,,,,,,,,
Shosei Togo,SP,FA,,,,,,,,,,,,,,,,,,,,,,,,,,,,,,,,,,,,,,,,,,,,,,,,,,,
Chase Costello,RP,FA,,,,,,,,,,,,,,,,,,,,,,,,,,,,,,,,,,,,,,,,,,,,,,,,,,,
Matt Scott,SP,FA,,,,,,,,,,,,,,,,,,,,,,,,,,,,,,,,,,,,,,,,,,,,,,,,,,,
Ruei Yang Gu Lin,SP,FA,,,,,,,,,,,,,,,,,,,,,,,,,,,,,,,,,,,,,,,,,,,,,,,,,,,
Marcos Veras,SP,FA,,,,,,,,,,,,,,,,,,,,,,,,,,,,,,,,,,,,,,,,,,,,,,,,,,,
Taisei Ota,SP,FA,,,,,,,,,,,,,,,,,,,,,,,,,,,,,,,,,,,,,,,,,,,,,,,,,,,
Hiroya Miyagi,SP,FA,,,,,,,,,,,,,,,,,,,,,,,,,,,,,,,,,,,,,,,,,,,,,,,,,,,
Tae In Won,SP,FA,,,,,,,,,,,,,,,,,,,,,,,,,,,,,,,,,,,,,,,,,,,,,,,,,,,
Garrett Apker,RP,FA,,,,,,,,,,,,,,,,,,,,,,,,,,,,,,,,,,,,,,,,,,,,,,,,,,,
Been Gwak,SP,FA,,,,,,,,,,,,,,,,,,,,,,,,,,,,,,,,,,,,,,,,,,,,,,,,,,,
Tzu-Chen Sha,SP,FA,,,,,,,,,,,,,,,,,,,,,,,,,,,,,,,,,,,,,,,,,,,,,,,,,,,
Sean Jenkins,SP,FA,,,,,,,,,,,,,,,,,,,,,,,,,,,,,,,,,,,,,,,,,,,,,,,,,,,
Yordanny Monegro,SP,FA,,,,,,,,,,,,,,,,,,,,,,,,,,,,,,,,,,,,,,,,,,,,,,,,,,,
Luis Avila,RP,FA,,,,,,,,,,,,,,,,,,,,,,,,,,,,,,,,,,,,,,,,,,,,,,,,,,,
Jan Cabrera,SP,FA,,,,,,,,,,,,,,,,,,,,,,,,,,,,,,,,,,,,,,,,,,,,,,,,,,,
Wilner Berroteran,SP,FA,,,,,,,,,,,,,,,,,,,,,,,,,,,,,,,,,,,,,,,,,,,,,,,,,,,
Peyton Alford,RP,FA,,,,,,,,,,,,,,,,,,,,,,,,,,,,,,,,,,,,,,,,,,,,,,,,,,,
Brian Curley,SP,FA,,,,,,,,,,,,,,,,,,,,,,,,,,,,,,,,,,,,,,,,,,,,,,,,,,,
Bowen Landry,SP,FA,,,,,,,,,,,,,,,,,,,,,,,,,,,,,,,,,,,,,,,,,,,,,,,,,,,
Ezequiel Ventura,RP,FA,,,,,,,,,,,,,,,,,,,,,,,,,,,,,,,,,,,,,,,,,,,,,,,,,,,
Greyson Bell,SP,FA,,,,,,,,,,,,,,,,,,,,,,,,,,,,,,,,,,,,,,,,,,,,,,,,,,,
Jose Mejia,SP,FA,,,,,,,,,,,,,,,,,,,,,,,,,,,,,,,,,,,,,,,,,,,,,,,,,,,
Tommy LaPour,SP,FA,,,,,,,,,,,,,,,,,,,,,,,,,,,,,,,,,,,,,,,,,,,,,,,,,,,
Damian Jimenez,SP,FA,,,,,,,,,,,,,,,,,,,,,,,,,,,,,,,,,,,,,,,,,,,,,,,,,,,
Jackson Flora,SP,FA,,,,,,,,,,,,,,,,,,,,,,,,,,,,,,,,,,,,,,,,,,,,,,,,,,,
Karson Ligon,SP,FA,,,,,,,,,,,,,,,,,,,,,,,,,,,,,,,,,,,,,,,,,,,,,,,,,,,
Josh James,RP,FA,,,,,,,,,,,,,,,,,,,,,,,,,,,,,,,,,,,,,,,,,,,,,,,,,,,
Patrick Forbes,SP,FA,,,,,,,,,,,,,,,,,,,,,,,,,,,,,,,,,,,,,,,,,,,,,,,,,,,
Liam Doyle,SP,T,,,,,,,,,,,,,,,,,,,,,,,,,,,,,,,,,,,,,,,,,,,,,,,,,,,
Logan Lunceford,SP,FA,,,,,,,,,,,,,,,,,,,,,,,,,,,,,,,,,,,,,,,,,,,,,,,,,,,
Ethan Norby,SP,FA,,,,,,,,,,,,,,,,,,,,,,,,,,,,,,,,,,,,,,,,,,,,,,,,,,,
Keito Mombetsu,SP,FA,,,,,,,,,,,,,,,,,,,,,,,,,,,,,,,,,,,,,,,,,,,,,,,,,,,
Connor Prins,SP,FA,,,,,,,,,,,,,,,,,,,,,,,,,,,,,,,,,,,,,,,,,,,,,,,,,,,
Wardquelin Vasquez,RP,FA,,,,,,,,,,,,,,,,,,,,,,,,,,,,,,,,,,,,,,,,,,,,,,,,,,,
Luis Cohen,SP,FA,,,,,,,,,,,,,,,,,,,,,,,,,,,,,,,,,,,,,,,,,,,,,,,,,,,
Aidan King,RP,FA,,,,,,,,,,,,,,,,,,,,,,,,,,,,,,,,,,,,,,,,,,,,,,,,,,,
Trey McLoughlin,RP,FA,,,,,,,,,,,,,,,,,,,,,,,,,,,,,,,,,,,,,,,,,,,,,,,,,,,
Garrett Baumann,SP,FA,,,,,,,,,,,,,,,,,,,,,,,,,,,,,,,,,,,,,,,,,,,,,,,,,,,
Andersson Barvosa,RP,FA,,,,,,,,,,,,,,,,,,,,,,,,,,,,,,,,,,,,,,,,,,,,,,,,,,,
Kai Wynyard,RP,FA,,,,,,,,,,,,,,,,,,,,,,,,,,,,,,,,,,,,,,,,,,,,,,,,,,,
Pedro Nunez,SP,FA,,,,,,,,,,,,,,,,,,,,,,,,,,,,,,,,,,,,,,,,,,,,,,,,,,,
Brian Tiburcio,RP,FA,,,,,,,,,,,,,,,,,,,,,,,,,,,,,,,,,,,,,,,,,,,,,,,,,,,
Josh Perez,SP,FA,,,,,,,,,,,,,,,,,,,,,,,,,,,,,,,,,,,,,,,,,,,,,,,,,,,
Jack Cropper,RP,FA,,,,,,,,,,,,,,,,,,,,,,,,,,,,,,,,,,,,,,,,,,,,,,,,,,,
Yordan Rodriguez,RP,FA,,,,,,,,,,,,,,,,,,,,,,,,,,,,,,,,,,,,,,,,,,,,,,,,,,,
Christopher Cordero,SP,FA,,,,,,,,,,,,,,,,,,,,,,,,,,,,,,,,,,,,,,,,,,,,,,,,,,,
Alison Zacarias,SP,FA,,,,,,,,,,,,,,,,,,,,,,,,,,,,,,,,,,,,,,,,,,,,,,,,,,,
Riley Quick,SP,FA,,,,,,,,,,,,,,,,,,,,,,,,,,,,,,,,,,,,,,,,,,,,,,,,,,,
Yohanfer Santana,SP,FA,,,,,,,,,,,,,,,,,,,,,,,,,,,,,,,,,,,,,,,,,,,,,,,,,,,
Brayan Narvaez,SP,FA,,,,,,,,,,,,,,,,,,,,,,,,,,,,,,,,,,,,,,,,,,,,,,,,,,,
Chalniel Arias,RP,FA,,,,,,,,,,,,,,,,,,,,,,,,,,,,,,,,,,,,,,,,,,,,,,,,,,,
Alexandre Moreti,SP,FA,,,,,,,,,,,,,,,,,,,,,,,,,,,,,,,,,,,,,,,,,,,,,,,,,,,
Justin Burgos,SP,FA,,,,,,,,,,,,,,,,,,,,,,,,,,,,,,,,,,,,,,,,,,,,,,,,,,,
Joseph Dzierwa,SP,T,,,,,,,,,,,,,,,,,,,,,,,,,,,,,,,,,,,,,,,,,,,,,,,,,,,
Jun Seo Hwang,SP,FA,,,,,,,,,,,,,,,,,,,,,,,,,,,,,,,,,,,,,,,,,,,,,,,,,,,
Young Cheol Yoon,SP,FA,,,,,,,,,,,,,,,,,,,,,,,,,,,,,,,,,,,,,,,,,,,,,,,,,,,
Myles Upchurch,SP,FA,,,,,,,,,,,,,,,,,,,,,,,,,,,,,,,,,,,,,,,,,,,,,,,,,,,
Hyeong Jun So,SP,FA,,,,,,,,,,,,,,,,,,,,,,,,,,,,,,,,,,,,,,,,,,,,,,,,,,,
Wensloby Jhon,SP,FA,,,,,,,,,,,,,,,,,,,,,,,,,,,,,,,,,,,,,,,,,,,,,,,,,,,
Cristobal Abreu,RP,FA,,,,,,,,,,,,,,,,,,,,,,,,,,,,,,,,,,,,,,,,,,,,,,,,,,,
Kelvin Carmona,RP,FA,,,,,,,,,,,,,,,,,,,,,,,,,,,,,,,,,,,,,,,,,,,,,,,,,,,
Shawndrick Oduber,RP,FA,,,,,,,,,,,,,,,,,,,,,,,,,,,,,,,,,,,,,,,,,,,,,,,,,,,
Pao Lo Huang,SP,FA,,,,,,,,,,,,,,,,,,,,,,,,,,,,,,,,,,,,,,,,,,,,,,,,,,,
Gleiner Diaz,RP,FA,,,,,,,,,,,,,,,,,,,,,,,,,,,,,,,,,,,,,,,,,,,,,,,,,,,
Daviel Hurtado,SP,FA,,,,,,,,,,,,,,,,,,,,,,,,,,,,,,,,,,,,,,,,,,,,,,,,,,,
Marco Patino,SP,FA,,,,,,,,,,,,,,,,,,,,,,,,,,,,,,,,,,,,,,,,,,,,,,,,,,,
Aiden Jimenez,RP,FA,,,,,,,,,,,,,,,,,,,,,,,,,,,,,,,,,,,,,,,,,,,,,,,,,,,
Aneury Lora,RP,FA,,,,,,,,,,,,,,,,,,,,,,,,,,,,,,,,,,,,,,,,,,,,,,,,,,,
Efrailin Caminero,SP,FA,,,,,,,,,,,,,,,,,,,,,,,,,,,,,,,,,,,,,,,,,,,,,,,,,,,
Geowin Gomez,SP,FA,,,,,,,,,,,,,,,,,,,,,,,,,,,,,,,,,,,,,,,,,,,,,,,,,,,
Jhon Medina,SP,FA,,,,,,,,,,,,,,,,,,,,,,,,,,,,,,,,,,,,,,,,,,,,,,,,,,,
Eliezer Pena,SP,FA,,,,,,,,,,,,,,,,,,,,,,,,,,,,,,,,,,,,,,,,,,,,,,,,,,,
Keywill Cedeno,RP,FA,,,,,,,,,,,,,,,,,,,,,,,,,,,,,,,,,,,,,,,,,,,,,,,,,,,
Ryan Marohn,SP,FA,,,,,,,,,,,,,,,,,,,,,,,,,,,,,,,,,,,,,,,,,,,,,,,,,,,
Luis Oviedo,SP,FA,,,,,,,,,,,,,,,,,,,,,,,,,,,,,,,,,,,,,,,,,,,,,,,,,,,
Lachlan Wells,SP,FA,,,,,,,,,,,,,,,,,,,,,,,,,,,,,,,,,,,,,,,,,,,,,,,,,,,
Melky Ventura,SP,FA,,,,,,,,,,,,,,,,,,,,,,,,,,,,,,,,,,,,,,,,,,,,,,,,,,,
Jesus Lopez,SP,FA,,,,,,,,,,,,,,,,,,,,,,,,,,,,,,,,,,,,,,,,,,,,,,,,,,,
Carlos Castillo,SP,FA,,,,,,,,,,,,,,,,,,,,,,,,,,,,,,,,,,,,,,,,,,,,,,,,,,,
Josimar Cousin,RP,FA,,,,,,,,,,,,,,,,,,,,,,,,,,,,,,,,,,,,,,,,,,,,,,,,,,,
Franchel Crisostomo,SP,FA,,,,,,,,,,,,,,,,,,,,,,,,,,,,,,,,,,,,,,,,,,,,,,,,,,,
Harrison Cohen,RP,FA,,,,,,,,,,,,,,,,,,,,,,,,,,,,,,,,,,,,,,,,,,,,,,,,,,,
Leonardo Pestana,RP,FA,,,,,,,,,,,,,,,,,,,,,,,,,,,,,,,,,,,,,,,,,,,,,,,,,,,
Rafael Sanchez,SP,FA,,,,,,,,,,,,,,,,,,,,,,,,,,,,,,,,,,,,,,,,,,,,,,,,,,,
Mingxuan Zhang,SP,FA,,,,,,,,,,,,,,,,,,,,,,,,,,,,,,,,,,,,,,,,,,,,,,,,,,,
Raibel Reyes,SP,FA,,,,,,,,,,,,,,,,,,,,,,,,,,,,,,,,,,,,,,,,,,,,,,,,,,,
Mavrick Rizy,RP,FA,,,,,,,,,,,,,,,,,,,,,,,,,,,,,,,,,,,,,,,,,,,,,,,,,,,
Marino Santy,RP,FA,,,,,,,,,,,,,,,,,,,,,,,,,,,,,,,,,,,,,,,,,,,,,,,,,,,
Eli Zielinski,SP,FA,,,,,,,,,,,,,,,,,,,,,,,,,,,,,,,,,,,,,,,,,,,,,,,,,,,
Jordan Geber,SP,FA,,,,,,,,,,,,,,,,,,,,,,,,,,,,,,,,,,,,,,,,,,,,,,,,,,,
Yordy Herrera,RP,FA,,,,,,,,,,,,,,,,,,,,,,,,,,,,,,,,,,,,,,,,,,,,,,,,,,,
Yilmar Samudio,SP,FA,,,,,,,,,,,,,,,,,,,,,,,,,,,,,,,,,,,,,,,,,,,,,,,,,,,
Luke Sinnard,SP,FA,,,,,,,,,,,,,,,,,,,,,,,,,,,,,,,,,,,,,,,,,,,,,,,,,,,
Aiven Cabral,SP,FA,,,,,,,,,,,,,,,,,,,,,,,,,,,,,,,,,,,,,,,,,,,,,,,,,,,
Juan Severino,RP,FA,,,,,,,,,,,,,,,,,,,,,,,,,,,,,,,,,,,,,,,,,,,,,,,,,,,
Shaddon Peavyhouse,RP,FA,,,,,,,,,,,,,,,,,,,,,,,,,,,,,,,,,,,,,,,,,,,,,,,,,,,
Andinson Ferrer,SP,FA,,,,,,,,,,,,,,,,,,,,,,,,,,,,,,,,,,,,,,,,,,,,,,,,,,,
Jarol Baez,RP,FA,,,,,,,,,,,,,,,,,,,,,,,,,,,,,,,,,,,,,,,,,,,,,,,,,,,
Douglas Orellana,RP,FA,,,,,,,,,,,,,,,,,,,,,,,,,,,,,,,,,,,,,,,,,,,,,,,,,,,
Kona Takahashi,SP,FA,,,,,,,,,,,,,,,,,,,,,,,,,,,,,,,,,,,,,,,,,,,,,,,,,,,
Justin Hernandez,RP,FA,,,,,,,,,,,,,,,,,,,,,,,,,,,,,,,,,,,,,,,,,,,,,,,,,,,
Michael Arias,SP,FA,,,,,,,,,,,,,,,,,,,,,,,,,,,,,,,,,,,,,,,,,,,,,,,,,,,
Omar Damian,SP,FA,,,,,,,,,,,,,,,,,,,,,,,,,,,,,,,,,,,,,,,,,,,,,,,,,,,
Connor Staine,SP,FA,,,,,,,,,,,,,,,,,,,,,,,,,,,,,,,,,,,,,,,,,,,,,,,,,,,
Andrew Moore,RP,FA,,,,,,,,,,,,,,,,,,,,,,,,,,,,,,,,,,,,,,,,,,,,,,,,,,,
Nick Maldonado,RP,FA,,,,,,,,,,,,,,,,,,,,,,,,,,,,,,,,,,,,,,,,,,,,,,,,,,,
Jose Suriel,SP,FA,,,,,,,,,,,,,,,,,,,,,,,,,,,,,,,,,,,,,,,,,,,,,,,,,,,
Itsuki Takemoto,SP,FA,,,,,,,,,,,,,,,,,,,,,,,,,,,,,,,,,,,,,,,,,,,,,,,,,,,
Manuel Rodriguez,SP,FA,,,,,,,,,,,,,,,,,,,,,,,,,,,,,,,,,,,,,,,,,,,,,,,,,,,
Griffin Kirn,SP,FA,,,,,,,,,,,,,,,,,,,,,,,,,,,,,,,,,,,,,,,,,,,,,,,,,,,
Yonny Chirinos,SP,FA,,,,,,,,,,,,,,,,,,,,,,,,,,,,,,,,,,,,,,,,,,,,,,,,,,,
Tomohiro Anraku,SP,FA,,,,,,,,,,,,,,,,,,,,,,,,,,,,,,,,,,,,,,,,,,,,,,,,,,,
Jose De Leon,SP,FA,,,,,,,,,,,,,,,,,,,,,,,,,,,,,,,,,,,,,,,,,,,,,,,,,,,
Aidan Haugh,SP,FA,,,,,,,,,,,,,,,,,,,,,,,,,,,,,,,,,,,,,,,,,,,,,,,,,,,
Jason Flores,RP,FA,,,,,,,,,,,,,,,,,,,,,,,,,,,,,,,,,,,,,,,,,,,,,,,,,,,
Jesus Flores,RP,FA,,,,,,,,,,,,,,,,,,,,,,,,,,,,,,,,,,,,,,,,,,,,,,,,,,,
Hudson Barton,SP,FA,,,,,,,,,,,,,,,,,,,,,,,,,,,,,,,,,,,,,,,,,,,,,,,,,,,
Hayden Morris,SP,FA,,,,,,,,,,,,,,,,,,,,,,,,,,,,,,,,,,,,,,,,,,,,,,,,,,,
Bryce Navarre,SP,FA,,,,,,,,,,,,,,,,,,,,,,,,,,,,,,,,,,,,,,,,,,,,,,,,,,,
Joangel Gonzalez,RP,FA,,,,,,,,,,,,,,,,,,,,,,,,,,,,,,,,,,,,,,,,,,,,,,,,,,,
Euri Pineda,RP,FA,,,,,,,,,,,,,,,,,,,,,,,,,,,,,,,,,,,,,,,,,,,,,,,,,,,
Leonardo Rondon,SP,FA,,,,,,,,,,,,,,,,,,,,,,,,,,,,,,,,,,,,,,,,,,,,,,,,,,,
Gavin Adams,RP,FA,,,,,,,,,,,,,,,,,,,,,,,,,,,,,,,,,,,,,,,,,,,,,,,,,,,
Anthony Simonelli,RP,FA,,,,,,,,,,,,,,,,,,,,,,,,,,,,,,,,,,,,,,,,,,,,,,,,,,,
Yunior Marte,RP,FA,,,,,,,,,,,,,,,,,,,,,,,,,,,,,,,,,,,,,,,,,,,,,,,,,,,
Caleb Smith,SP,FA,,,,,,,,,,,,,,,,,,,,,,,,,,,,,,,,,,,,,,,,,,,,,,,,,,,
Jose Ortega,RP,FA,,,,,,,,,,,,,,,,,,,,,,,,,,,,,,,,,,,,,,,,,,,,,,,,,,,
Conner Greene,RP,FA,,,,,,,,,,,,,,,,,,,,,,,,,,,,,,,,,,,,,,,,,,,,,,,,,,,
Stephen Gonsalves,RP,FA,,,,,,,,,,,,,,,,,,,,,,,,,,,,,,,,,,,,,,,,,,,,,,,,,,,
Taylor Williams,RP,FA,,,,,,,,,,,,,,,,,,,,,,,,,,,,,,,,,,,,,,,,,,,,,,,,,,,
Tanner Tully,SP,FA,,,,,,,,,,,,,,,,,,,,,,,,,,,,,,,,,,,,,,,,,,,,,,,,,,,
Aaron Sanchez,SP,FA,,,,,,,,,,,,,,,,,,,,,,,,,,,,,,,,,,,,,,,,,,,,,,,,,,,
Wilking Rodriguez,RP,FA,,,,,,,,,,,,,,,,,,,,,,,,,,,,,,,,,,,,,,,,,,,,,,,,,,,
Hobie Harris,RP,FA,,,,,,,,,,,,,,,,,,,,,,,,,,,,,,,,,,,,,,,,,,,,,,,,,,,
Chad Green,RP,FA,,,,,,,,,,,,,,,,,,,,,,,,,,,,,,,,,,,,,,,,,,,,,,,-0.06,0.46,22.7,6.8,8.0
Xavier Alvero,SP,FA,,,,,,,,,,,,,,,,,,,,,,,,,,,,,,,,,,,,,,,,,,,,,,,,,,,
Stijn Van Der Schaaf,SP,FA,,,,,,,,,,,,,,,,,,,,,,,,,,,,,,,,,,,,,,,,,,,,,,,,,,,
Gabriel Rivero,RP,FA,,,,,,,,,,,,,,,,,,,,,,,,,,,,,,,,,,,,,,,,,,,,,,,,,,,
Wilmer Lugo,RP,FA,,,,,,,,,,,,,,,,,,,,,,,,,,,,,,,,,,,,,,,,,,,,,,,,,,,
Gabriel Sosa,RP,FA,,,,,,,,,,,,,,,,,,,,,,,,,,,,,,,,,,,,,,,,,,,,,,,,,,,
Leyvi Rodriguez,RP,FA,,,,,,,,,,,,,,,,,,,,,,,,,,,,,,,,,,,,,,,,,,,,,,,,,,,
Andre Vasquez,RP,FA,,,,,,,,,,,,,,,,,,,,,,,,,,,,,,,,,,,,,,,,,,,,,,,,,,,
Yenfri Sosa,RP,FA,,,,,,,,,,,,,,,,,,,,,,,,,,,,,,,,,,,,,,,,,,,,,,,,,,,
Christian Lopez,RP,FA,,,,,,,,,,,,,,,,,,,,,,,,,,,,,,,,,,,,,,,,,,,,,,,,,,,
Raymond Sosa,RP,FA,,,,,,,,,,,,,,,,,,,,,,,,,,,,,,,,,,,,,,,,,,,,,,,,,,,
Irvin Gonzalez,RP,FA,,,,,,,,,,,,,,,,,,,,,,,,,,,,,,,,,,,,,,,,,,,,,,,,,,,
Angel Perez,RP,FA,,,,,,,,,,,,,,,,,,,,,,,,,,,,,,,,,,,,,,,,,,,,,,,,,,,
Oswaldo Aponte,SP,FA,,,,,,,,,,,,,,,,,,,,,,,,,,,,,,,,,,,,,,,,,,,,,,,,,,,
David Burgos,RP,FA,,,,,,,,,,,,,,,,,,,,,,,,,,,,,,,,,,,,,,,,,,,,,,,,,,,
Tyler LaPorte,RP,FA,,,,,,,,,,,,,,,,,,,,,,,,,,,,,,,,,,,,,,,,,,,,,,,,,,,
Juan Amarante,SP,FA,,,,,,,,,,,,,,,,,,,,,,,,,,,,,,,,,,,,,,,,,,,,,,,,,,,
Brad Pacheco,SP,FA,,,,,,,,,,,,,,,,,,,,,,,,,,,,,,,,,,,,,,,,,,,,,,,,,,,
Yeferson Gonzalez,SP,FA,,,,,,,,,,,,,,,,,,,,,,,,,,,,,,,,,,,,,,,,,,,,,,,,,,,
Joseph Deng Thon,RP,FA,,,,,,,,,,,,,,,,,,,,,,,,,,,,,,,,,,,,,,,,,,,,,,,,,,,
Roiber Talavera,RP,FA,,,,,,,,,,,,,,,,,,,,,,,,,,,,,,,,,,,,,,,,,,,,,,,,,,,
Darling Perez,SP,FA,,,,,,,,,,,,,,,,,,,,,,,,,,,,,,,,,,,,,,,,,,,,,,,,,,,
Hansel Marcelino,RP,FA,,,,,,,,,,,,,,,,,,,,,,,,,,,,,,,,,,,,,,,,,,,,,,,,,,,
Jose Lopez,SP,FA,,,,,,,,,,,,,,,,,,,,,,,,,,,,,,,,,,,,,,,,,,,,,,,,,,,
Brandon White,SP,FA,,,,,,,,,,,,,,,,,,,,,,,,,,,,,,,,,,,,,,,,,,,,,,,,,,,
Josue Lopez,RP,FA,,,,,,,,,,,,,,,,,,,,,,,,,,,,,,,,,,,,,,,,,,,,,,,,,,,
Jackson Finley,SP,FA,,,,,,,,,,,,,,,,,,,,,,,,,,,,,,,,,,,,,,,,,,,,,,,,,,,
Ismael Cabral,SP,FA,,,,,,,,,,,,,,,,,,,,,,,,,,,,,,,,,,,,,,,,,,,,,,,,,,,
Santiago Castellanos,SP,FA,,,,,,,,,,,,,,,,,,,,,,,,,,,,,,,,,,,,,,,,,,,,,,,,,,,
Kendry Chourio,SP,T,,,,,,,,,,,,,,,,,,,,,,,,,,,,,,,,,,,,,,,,,,,,,,,,,,,
Carlos Rodriguez,SP,FA,,,,,,,,,,,,,,,,,,,,,,,,,,,,,,,,,,,,,,,,,,,,,,,,,,,
Juan Mendez,RP,FA,,,,,,,,,,,,,,,,,,,,,,,,,,,,,,,,,,,,,,,,,,,,,,,,,,,
Wuilberth Mendez,SP,FA,,,,,,,,,,,,,,,,,,,,,,,,,,,,,,,,,,,,,,,,,,,,,,,,,,,
Edelson Canelon,RP,FA,,,,,,,,,,,,,,,,,,,,,,,,,,,,,,,,,,,,,,,,,,,,,,,,,,,
Isaias Uribe,RP,FA,,,,,,,,,,,,,,,,,,,,,,,,,,,,,,,,,,,,,,,,,,,,,,,,,,,
Adrian Ogando,RP,FA,,,,,,,,,,,,,,,,,,,,,,,,,,,,,,,,,,,,,,,,,,,,,,,,,,,
Jyun Yue Tseng,RP,FA,,,,,,,,,,,,,,,,,,,,,,,,,,,,,,,,,,,,,,,,,,,,,,,,,,,
Daury Vasquez,SP,FA,,,,,,,,,,,,,,,,,,,,,,,,,,,,,,,,,,,,,,,,,,,,,,,,,,,
Dom Fritton,SP,FA,,,,,,,,,,,,,,,,,,,,,,,,,,,,,,,,,,,,,,,,,,,,,,,,,,,
Lisnerkin Lantigua,RP,FA,,,,,,,,,,,,,,,,,,,,,,,,,,,,,,,,,,,,,,,,,,,,,,,,,,,
Rayven Antonio,SP,FA,,,,,,,,,,,,,,,,,,,,,,,,,,,,,,,,,,,,,,,,,,,,,,,,,,,
Sadiel Baro,RP,FA,,,,,,,,,,,,,,,,,,,,,,,,,,,,,,,,,,,,,,,,,,,,,,,,,,,
Brayan Romero,SP,FA,,,,,,,,,,,,,,,,,,,,,,,,,,,,,,,,,,,,,,,,,,,,,,,,,,,
Janzen Keisel,SP,FA,,,,,,,,,,,,,,,,,,,,,,,,,,,,,,,,,,,,,,,,,,,,,,,,,,,
Carlos Lopez,RP,FA,,,,,,,,,,,,,,,,,,,,,,,,,,,,,,,,,,,,,,,,,,,,,,,,,,,
Shai Romero,RP,FA,,,,,,,,,,,,,,,,,,,,,,,,,,,,,,,,,,,,,,,,,,,,,,,,,,,
Frenny Grant,SP,FA,,,,,,,,,,,,,,,,,,,,,,,,,,,,,,,,,,,,,,,,,,,,,,,,,,,
Tanner Gillis,SP,FA,,,,,,,,,,,,,,,,,,,,,,,,,,,,,,,,,,,,,,,,,,,,,,,,,,,
Daniel Garcia,SP,FA,,,,,,,,,,,,,,,,,,,,,,,,,,,,,,,,,,,,,,,,,,,,,,,,,,,
Luis De La Cruz,RP,FA,,,,,,,,,,,,,,,,,,,,,,,,,,,,,,,,,,,,,,,,,,,,,,,,,,,
Jose Cabrera,RP,FA,,,,,,,,,,,,,,,,,,,,,,,,,,,,,,,,,,,,,,,,,,,,,,,,,,,
Juan Duran,RP,FA,,,,,,,,,,,,,,,,,,,,,,,,,,,,,,,,,,,,,,,,,,,,,,,,,,,
Geremy Tovar,RP,FA,,,,,,,,,,,,,,,,,,,,,,,,,,,,,,,,,,,,,,,,,,,,,,,,,,,
Jhemiangel Tovar,RP,FA,,,,,,,,,,,,,,,,,,,,,,,,,,,,,,,,,,,,,,,,,,,,,,,,,,,
Junior Ciprian,SP,FA,,,,,,,,,,,,,,,,,,,,,,,,,,,,,,,,,,,,,,,,,,,,,,,,,,,
Kenyi Perez,RP,FA,,,,,,,,,,,,,,,,,,,,,,,,,,,,,,,,,,,,,,,,,,,,,,,,,,,
Yobal Rodriguez,SP,FA,,,,,,,,,,,,,,,,,,,,,,,,,,,,,,,,,,,,,,,,,,,,,,,,,,,
Kelvin Rosario,RP,FA,,,,,,,,,,,,,,,,,,,,,,,,,,,,,,,,,,,,,,,,,,,,,,,,,,,
Po-Chun Lin,SP,FA,,,,,,,,,,,,,,,,,,,,,,,,,,,,,,,,,,,,,,,,,,,,,,,,,,,
Duque Hebbert,RP,FA,,,,,,,,,,,,,,,,,,,,,,,,,,,,,,,,,,,,,,,,,,,,,,,,,,,
Kole Klecker,SP,FA,,,,,,,,,,,,,,,,,,,,,,,,,,,,,,,,,,,,,,,,,,,,,,,,,,,
Carter Spivey,RP,FA,,,,,,,,,,,,,,,,,,,,,,,,,,,,,,,,,,,,,,,,,,,,,,,,,,,
Yeuri Ramirez,SP,FA,,,,,,,,,,,,,,,,,,,,,,,,,,,,,,,,,,,,,,,,,,,,,,,,,,,
Andrew Carson,RP,FA,,,,,,,,,,,,,,,,,,,,,,,,,,,,,,,,,,,,,,,,,,,,,,,,,,,
Chen-Hsun Lee,SP,FA,,,,,,,,,,,,,,,,,,,,,,,,,,,,,,,,,,,,,,,,,,,,,,,,,,,
Keeler Morfe,SP,FA,,,,,,,,,,,,,,,,,,,,,,,,,,,,,,,,,,,,,,,,,,,,,,,,,,,
Dominic Scheffler,RP,FA,,,,,,,,,,,,,,,,,,,,,,,,,,,,,,,,,,,,,,,,,,,,,,,,,,,
Angel Cervantes,SP,FA,,,,,,,,,,,,,,,,,,,,,,,,,,,,,,,,,,,,,,,,,,,,,,,,,,,
Juan Sanchez,RP,FA,,,,,,,,,,,,,,,,,,,,,,,,,,,,,,,,,,,,,,,,,,,,,,,,,,,
Biembenido Brito,SP,FA,,,,,,,,,,,,,,,,,,,,,,,,,,,,,,,,,,,,,,,,,,,,,,,,,,,
David Matoma,RP,FA,,,,,,,,,,,,,,,,,,,,,,,,,,,,,,,,,,,,,,,,,,,,,,,,,,,
Jose Guedez,SP,FA,,,,,,,,,,,,,,,,,,,,,,,,,,,,,,,,,,,,,,,,,,,,,,,,,,,
Nicolas De La Cruz,RP,FA,,,,,,,,,,,,,,,,,,,,,,,,,,,,,,,,,,,,,,,,,,,,,,,,,,,
Cade Fisher,SP,FA,,,,,,,,,,,,,,,,,,,,,,,,,,,,,,,,,,,,,,,,,,,,,,,,,,,
Nick Dombkowski,RP,FA,,,,,,,,,,,,,,,,,,,,,,,,,,,,,,,,,,,,,,,,,,,,,,,,,,,
Anderson Melendez,RP,FA,,,,,,,,,,,,,,,,,,,,,,,,,,,,,,,,,,,,,,,,,,,,,,,,,,,
Jack OConnor,RP,FA,,,,,,,,,,,,,,,,,,,,,,,,,,,,,,,,,,,,,,,,,,,,,,,,,,,
Livan Moinelo,SP,FA,,,,,,,,,,,,,,,,,,,,,,,,,,,,,,,,,,,,,,,,,,,,,,,,,,,
Dikember Sanchez,RP,FA,,,,,,,,,,,,,,,,,,,,,,,,,,,,,,,,,,,,,,,,,,,,,,,,,,,
Jackson Dannelley,RP,FA,,,,,,,,,,,,,,,,,,,,,,,,,,,,,,,,,,,,,,,,,,,,,,,,,,,
Angel Camacho,RP,FA,,,,,,,,,,,,,,,,,,,,,,,,,,,,,,,,,,,,,,,,,,,,,,,,,,,
Kevin Defrank,SP,FA,,,,,,,,,,,,,,,,,,,,,,,,,,,,,,,,,,,,,,,,,,,,,,,,,,,
Kaima Taira,SP,FA,,,,,,,,,,,,,,,,,,,,,,,,,,,,,,,,,,,,,,,,,,,,,,,,,,,
Kendal Meza,RP,FA,,,,,,,,,,,,,,,,,,,,,,,,,,,,,,,,,,,,,,,,,,,,,,,,,,,
Estibenzon Jimenez,SP,FA,,,,,,,,,,,,,,,,,,,,,,,,,,,,,,,,,,,,,,,,,,,,,,,,,,,
Stevie Branche,RP,FA,,,,,,,,,,,,,,,,,,,,,,,,,,,,,,,,,,,,,,,,,,,,,,,,,,,
Noah Skirrow,SP,FA,,,,,,,,,,,,,,,,,,,,,,,,,,,,,,,,,,,,,,,,,,,,,,,,,,,
Wil Jensen,RP,FA,,,,,,,,,,,,,,,,,,,,,,,,,,,,,,,,,,,,,,,,,,,,,,,,,,,
Jhostin Betances,SP,FA,,,,,,,,,,,,,,,,,,,,,,,,,,,,,,,,,,,,,,,,,,,,,,,,,,,
Kleyderve Andrade,RP,FA,,,,,,,,,,,,,,,,,,,,,,,,,,,,,,,,,,,,,,,,,,,,,,,,,,,
Adrian Pena,SP,FA,,,,,,,,,,,,,,,,,,,,,,,,,,,,,,,,,,,,,,,,,,,,,,,,,,,
Engel Silvestre,RP,FA,,,,,,,,,,,,,,,,,,,,,,,,,,,,,,,,,,,,,,,,,,,,,,,,,,,
Wilkelma Castillo,RP,FA,,,,,,,,,,,,,,,,,,,,,,,,,,,,,,,,,,,,,,,,,,,,,,,,,,,
Roy Garcia,RP,FA,,,,,,,,,,,,,,,,,,,,,,,,,,,,,,,,,,,,,,,,,,,,,,,,,,,
Abrahan Tejada,SP,FA,,,,,,,,,,,,,,,,,,,,,,,,,,,,,,,,,,,,,,,,,,,,,,,,,,,
Diego Viloria,RP,FA,,,,,,,,,,,,,,,,,,,,,,,,,,,,,,,,,,,,,,,,,,,,,,,,,,,
Brusdar Graterol,RP,FA,,,,,,,,,,,,,,,,,,,,,,,,,,,,,,,,,,,,,,,,,,,,,,,,,,,
Tanner Kiest,RP,FA,,,,,,,,,,,,,,,,,,,,,,,,,,,,,,,,,,,,,,,,,,,,,,,,,,,
Hiroto Takahashi,SP,FA,,,,,,,,,,,,,,,,,,,,,,,,,,,,,,,,,,,,,,,,,,,,,,,,,,,
Alex Mauricio,RP,FA,,,,,,,,,,,,,,,,,,,,,,,,,,,,,,,,,,,,,,,,,,,,,,,,,,,
Seth Keener,SP,FA,,,,,,,,,,,,,,,,,,,,,,,,,,,,,,,,,,,,,,,,,,,,,,,,,,,
Keiji Takahashi,SP,FA,,,,,,,,,,,,,,,,,,,,,,,,,,,,,,,,,,,,,,,,,,,,,,,,,,,
Greysen Carter,SP,FA,,,,,,,,,,,,,,,,,,,,,,,,,,,,,,,,,,,,,,,,,,,,,,,,,,,
Daniel Juarez,RP,FA,,,,,,,,,,,,,,,,,,,,,,,,,,,,,,,,,,,,,,,,,,,,,,,,,,,
Dailoui Abad,RP,FA,,,,,,,,,,,,,,,,,,,,,,,,,,,,,,,,,,,,,,,,,,,,,,,,,,,
Kelvin Ramirez,RP,FA,,,,,,,,,,,,,,,,,,,,,,,,,,,,,,,,,,,,,,,,,,,,,,,,,,,
Michael Vilchez,RP,FA,,,,,,,,,,,,,,,,,,,,,,,,,,,,,,,,,,,,,,,,,,,,,,,,,,,
Pedro Santillan,RP,FA,,,,,,,,,,,,,,,,,,,,,,,,,,,,,,,,,,,,,,,,,,,,,,,,,,,
Brandon Knarr,SP,FA,,,,,,,,,,,,,,,,,,,,,,,,,,,,,,,,,,,,,,,,,,,,,,,,,,,
Jackson Cox,SP,FA,,,,,,,,,,,,,,,,,,,,,,,,,,,,,,,,,,,,,,,,,,,,,,,,,,,
Alonzo Richardson,RP,FA,,,,,,,,,,,,,,,,,,,,,,,,,,,,,,,,,,,,,,,,,,,,,,,,,,,
Brian Van Belle,RP,FA,,,,,,,,,,,,,,,,,,,,,,,,,,,,,,,,,,,,,,,,,,,,,,,,,,,
Kelvin Caceres,RP,FA,,,,,,,,,,,,,,,,,,,,,,,,,,,,,,,,,,,,,,,,,,,,,,,,,,,
Blake Brown,RP,FA,,,,,,,,,,,,,,,,,,,,,,,,,,,,,,,,,,,,,,,,,,,,,,,,,,,
Lorenzo Encarnacion,SP,FA,,,,,,,,,,,,,,,,,,,,,,,,,,,,,,,,,,,,,,,,,,,,,,,,,,,
Bradley Zayac,SP,FA,,,,,,,,,,,,,,,,,,,,,,,,,,,,,,,,,,,,,,,,,,,,,,,,,,,
Colton Johnson,RP,FA,,,,,,,,,,,,,,,,,,,,,,,,,,,,,,,,,,,,,,,,,,,,,,,,,,,
Jorge Minyety,RP,FA,,,,,,,,,,,,,,,,,,,,,,,,,,,,,,,,,,,,,,,,,,,,,,,,,,,
Wyatt Nadeau,SP,FA,,,,,,,,,,,,,,,,,,,,,,,,,,,,,,,,,,,,,,,,,,,,,,,,,,,
Gabriel Jackson,RP,FA,,,,,,,,,,,,,,,,,,,,,,,,,,,,,,,,,,,,,,,,,,,,,,,,,,,
Ismael Contreras,SP,FA,,,,,,,,,,,,,,,,,,,,,,,,,,,,,,,,,,,,,,,,,,,,,,,,,,,
Jake McSteen,RP,FA,,,,,,,,,,,,,,,,,,,,,,,,,,,,,,,,,,,,,,,,,,,,,,,,,,,
Jhonny Jimenez,RP,FA,,,,,,,,,,,,,,,,,,,,,,,,,,,,,,,,,,,,,,,,,,,,,,,,,,,
Yovanny Cabrera,RP,FA,,,,,,,,,,,,,,,,,,,,,,,,,,,,,,,,,,,,,,,,,,,,,,,,,,,
Samuel Ortiz,SP,FA,,,,,,,,,,,,,,,,,,,,,,,,,,,,,,,,,,,,,,,,,,,,,,,,,,,
Cristofer Brujan,SP,FA,,,,,,,,,,,,,,,,,,,,,,,,,,,,,,,,,,,,,,,,,,,,,,,,,,,
Luis Garces,SP,FA,,,,,,,,,,,,,,,,,,,,,,,,,,,,,,,,,,,,,,,,,,,,,,,,,,,
Christian Romero,SP,FA,,,,,,,,,,,,,,,,,,,,,,,,,,,,,,,,,,,,,,,,,,,,,,,,,,,
Felix Martinez,RP,FA,,,,,,,,,,,,,,,,,,,,,,,,,,,,,,,,,,,,,,,,,,,,,,,,,,,
Yimi Garcia,RP,FA,,,,,,,,,,,,,,,,,,,,,,,,,,,,,,,,,,,,,,,,,,,,,,,0.14,-0.81,30.7,13.3,7.5
J.C. Mejia,RP,FA,,,,,,,,,,,,,,,,,,,,,,,,,,,,,,,,,,,,,,,,,,,,,,,,,,,
Edwar Colina,SP,FA,,,,,,,,,,,,,,,,,,,,,,,,,,,,,,,,,,,,,,,,,,,,,,,,,,,
Alfred Vega,RP,FA,,,,,,,,,,,,,,,,,,,,,,,,,,,,,,,,,,,,,,,,,,,,,,,,,,,
Jose Lopez,RP,FA,,,,,,,,,,,,,,,,,,,,,,,,,,,,,,,,,,,,,,,,,,,,,,,,,,,
Jimmy Burnette,RP,FA,,,,,,,,,,,,,,,,,,,,,,,,,,,,,,,,,,,,,,,,,,,,,,,,,,,
Nick Zwack,SP,FA,,,,,,,,,,,,,,,,,,,,,,,,,,,,,,,,,,,,,,,,,,,,,,,,,,,
Austin Aldeano,SP,FA,,,,,,,,,,,,,,,,,,,,,,,,,,,,,,,,,,,,,,,,,,,,,,,,,,,
Maikel Hernandez,SP,FA,,,,,,,,,,,,,,,,,,,,,,,,,,,,,,,,,,,,,,,,,,,,,,,,,,,
Enyel Lopez,SP,FA,,,,,,,,,,,,,,,,,,,,,,,,,,,,,,,,,,,,,,,,,,,,,,,,,,,
Damian Mendoza,RP,FA,,,,,,,,,,,,,,,,,,,,,,,,,,,,,,,,,,,,,,,,,,,,,,,,,,,
Claudio Pereira,SP,FA,,,,,,,,,,,,,,,,,,,,,,,,,,,,,,,,,,,,,,,,,,,,,,,,,,,
Jack Radel,SP,FA,,,,,,,,,,,,,,,,,,,,,,,,,,,,,,,,,,,,,,,,,,,,,,,,,,,
Yordi Jose,RP,FA,,,,,,,,,,,,,,,,,,,,,,,,,,,,,,,,,,,,,,,,,,,,,,,,,,,
Jackson Kowar,RP,FA,,,,,,,,,,,,,,,,,,,,,,,,,,,,,,,,,,,,,,,,,,,,,,,0.23,0.39,25.2,9.9,6.8
Enniel Cortez,SP,FA,,,,,,,,,,,,,,,,,,,,,,,,,,,,,,,,,,,,,,,,,,,,,,,,,,,
Caden Glauber,RP,FA,,,,,,,,,,,,,,,,,,,,,,,,,,,,,,,,,,,,,,,,,,,,,,,,,,,
Gavin Blachowicz,SP,FA,,,,,,,,,,,,,,,,,,,,,,,,,,,,,,,,,,,,,,,,,,,,,,,,,,,
Keiverson Ramirez,SP,FA,,,,,,,,,,,,,,,,,,,,,,,,,,,,,,,,,,,,,,,,,,,,,,,,,,,
Emannoel Madeira,SP,FA,,,,,,,,,,,,,,,,,,,,,,,,,,,,,,,,,,,,,,,,,,,,,,,,,,,
Yeiber Cartaya,SP,FA,,,,,,,,,,,,,,,,,,,,,,,,,,,,,,,,,,,,,,,,,,,,,,,,,,,
Fran Oschell,RP,FA,,,,,,,,,,,,,,,,,,,,,,,,,,,,,,,,,,,,,,,,,,,,,,,,,,,
Vinny Nittoli,RP,FA,,,,,,,,,,,,,,,,,,,,,,,,,,,,,,,,,,,,,,,,,,,,,,,,,,,
Sandro Santana,RP,FA,,,,,,,,,,,,,,,,,,,,,,,,,,,,,,,,,,,,,,,,,,,,,,,,,,,
Anderson Severino,RP,FA,,,,,,,,,,,,,,,,,,,,,,,,,,,,,,,,,,,,,,,,,,,,,,,,,,,
Caden McDonald,RP,FA,,,,,,,,,,,,,,,,,,,,,,,,,,,,,,,,,,,,,,,,,,,,,,,,,,,
Easton Hawk,RP,FA,,,,,,,,,,,,,,,,,,,,,,,,,,,,,,,,,,,,,,,,,,,,,,,,,,,
Uli Fernsler,SP,FA,,,,,,,,,,,,,,,,,,,,,,,,,,,,,,,,,,,,,,,,,,,,,,,,,,,
Cade Townsend,SP,FA,,,,,,,,,,,,,,,,,,,,,,,,,,,,,,,,,,,,,,,,,,,,,,,,,,,
Osiel Rodriguez,SP,FA,,,,,,,,,,,,,,,,,,,,,,,,,,,,,,,,,,,,,,,,,,,,,,,,,,,
Penn Murfee,RP,FA,,,,,,,,,,,,,,,,,,,,,,,,,,,,,,,,,,,,,,,,,,,,,,,0.77,1.03,25.7,7.9,6.5
Ricardo Reyes,SP,FA,,,,,,,,,,,,,,,,,,,,,,,,,,,,,,,,,,,,,,,,,,,,,,,,,,,
Alexander Mercedes,SP,FA,,,,,,,,,,,,,,,,,,,,,,,,,,,,,,,,,,,,,,,,,,,,,,,,,,,
Jhose Brea,RP,FA,,,,,,,,,,,,,,,,,,,,,,,,,,,,,,,,,,,,,,,,,,,,,,,,,,,
Justin Batista,SP,FA,,,,,,,,,,,,,,,,,,,,,,,,,,,,,,,,,,,,,,,,,,,,,,,,,,,
Esmerlin Peguero,SP,FA,,,,,,,,,,,,,,,,,,,,,,,,,,,,,,,,,,,,,,,,,,,,,,,,,,,
Ricardo Velez,RP,FA,,,,,,,,,,,,,,,,,,,,,,,,,,,,,,,,,,,,,,,,,,,,,,,,,,,
Angel Sanchez,RP,FA,,,,,,,,,,,,,,,,,,,,,,,,,,,,,,,,,,,,,,,,,,,,,,,,,,,
Hale Sims,RP,FA,,,,,,,,,,,,,,,,,,,,,,,,,,,,,,,,,,,,,,,,,,,,,,,,,,,
Jacob Wosinski,RP,FA,,,,,,,,,,,,,,,,,,,,,,,,,,,,,,,,,,,,,,,,,,,,,,,,,,,
Ricardo Osorio,RP,FA,,,,,,,,,,,,,,,,,,,,,,,,,,,,,,,,,,,,,,,,,,,,,,,,,,,
Heitor Tokar,RP,FA,,,,,,,,,,,,,,,,,,,,,,,,,,,,,,,,,,,,,,,,,,,,,,,,,,,
Jonathan Hechavarria,SP,FA,,,,,,,,,,,,,,,,,,,,,,,,,,,,,,,,,,,,,,,,,,,,,,,,,,,
Roderic Ramirez,RP,FA,,,,,,,,,,,,,,,,,,,,,,,,,,,,,,,,,,,,,,,,,,,,,,,,,,,
Fabian Ysalla,SP,FA,,,,,,,,,,,,,,,,,,,,,,,,,,,,,,,,,,,,,,,,,,,,,,,,,,,
Frandel Pineda,RP,FA,,,,,,,,,,,,,,,,,,,,,,,,,,,,,,,,,,,,,,,,,,,,,,,,,,,
Raudy Rivera,RP,FA,,,,,,,,,,,,,,,,,,,,,,,,,,,,,,,,,,,,,,,,,,,,,,,,,,,
Yatner Crisostomo,RP,FA,,,,,,,,,,,,,,,,,,,,,,,,,,,,,,,,,,,,,,,,,,,,,,,,,,,
Alejandro Mendez,RP,FA,,,,,,,,,,,,,,,,,,,,,,,,,,,,,,,,,,,,,,,,,,,,,,,,,,,
Juan Martinez,SP,FA,,,,,,,,,,,,,,,,,,,,,,,,,,,,,,,,,,,,,,,,,,,,,,,,,,,
Po-Yu Chen,SP,FA,,,,,,,,,,,,,,,,,,,,,,,,,,,,,,,,,,,,,,,,,,,,,,,,,,,
Eudry Alcantara,RP,FA,,,,,,,,,,,,,,,,,,,,,,,,,,,,,,,,,,,,,,,,,,,,,,,,,,,
Adolfo Oviedo,RP,FA,,,,,,,,,,,,,,,,,,,,,,,,,,,,,,,,,,,,,,,,,,,,,,,,,,,
Engert Garcia,SP,FA,,,,,,,,,,,,,,,,,,,,,,,,,,,,,,,,,,,,,,,,,,,,,,,,,,,
Estarlin Escalante,RP,FA,,,,,,,,,,,,,,,,,,,,,,,,,,,,,,,,,,,,,,,,,,,,,,,,,,,
Jack Noble,RP,FA,,,,,,,,,,,,,,,,,,,,,,,,,,,,,,,,,,,,,,,,,,,,,,,,,,,
Leandro Hernandez,RP,FA,,,,,,,,,,,,,,,,,,,,,,,,,,,,,,,,,,,,,,,,,,,,,,,,,,,
Ryan Cusick,RP,FA,,,,,,,,,,,,,,,,,,,,,,,,,,,,,,,,,,,,,,,,,,,,,,,,,,,
Brayan Vergara,RP,FA,,,,,,,,,,,,,,,,,,,,,,,,,,,,,,,,,,,,,,,,,,,,,,,,,,,
Samuel Fabian,RP,FA,,,,,,,,,,,,,,,,,,,,,,,,,,,,,,,,,,,,,,,,,,,,,,,,,,,
Ricardo Brizuela,SP,FA,,,,,,,,,,,,,,,,,,,,,,,,,,,,,,,,,,,,,,,,,,,,,,,,,,,
Wandisson Charles,RP,FA,,,,,,,,,,,,,,,,,,,,,,,,,,,,,,,,,,,,,,,,,,,,,,,,,,,
Miqueas Mercedes,SP,FA,,,,,,,,,,,,,,,,,,,,,,,,,,,,,,,,,,,,,,,,,,,,,,,,,,,
Shane Rademacher,SP,FA,,,,,,,,,,,,,,,,,,,,,,,,,,,,,,,,,,,,,,,,,,,,,,,,,,,
David Lorduy,SP,FA,,,,,,,,,,,,,,,,,,,,,,,,,,,,,,,,,,,,,,,,,,,,,,,,,,,
Shintaro Fujinami,RP,FA,,,,,,,,,,,,,,,,,,,,,,,,,,,,,,,,,,,,,,,,,,,,,,,,,,,
Yerlin Burgos,RP,FA,,,,,,,,,,,,,,,,,,,,,,,,,,,,,,,,,,,,,,,,,,,,,,,,,,,
Miguelangel Boadas,SP,FA,,,,,,,,,,,,,,,,,,,,,,,,,,,,,,,,,,,,,,,,,,,,,,,,,,,
Chance Nolan,RP,FA,,,,,,,,,,,,,,,,,,,,,,,,,,,,,,,,,,,,,,,,,,,,,,,,,,,
Igor Gil,RP,FA,,,,,,,,,,,,,,,,,,,,,,,,,,,,,,,,,,,,,,,,,,,,,,,,,,,
Michael Gemma,SP,FA,,,,,,,,,,,,,,,,,,,,,,,,,,,,,,,,,,,,,,,,,,,,,,,,,,,
Luis Pacheco,RP,FA,,,,,,,,,,,,,,,,,,,,,,,,,,,,,,,,,,,,,,,,,,,,,,,,,,,
Cole Stasio,SP,FA,,,,,,,,,,,,,,,,,,,,,,,,,,,,,,,,,,,,,,,,,,,,,,,,,,,
Melvin Cuevas,RP,FA,,,,,,,,,,,,,,,,,,,,,,,,,,,,,,,,,,,,,,,,,,,,,,,,,,,
Emmanuel Hernandez,SP,FA,,,,,,,,,,,,,,,,,,,,,,,,,,,,,,,,,,,,,,,,,,,,,,,,,,,
Jeremy Peguero,RP,FA,,,,,,,,,,,,,,,,,,,,,,,,,,,,,,,,,,,,,,,,,,,,,,,,,,,
Chih-Jung Liu,SP,FA,,,,,,,,,,,,,,,,,,,,,,,,,,,,,,,,,,,,,,,,,,,,,,,,,,,
Jorge Mercedes,RP,FA,,,,,,,,,,,,,,,,,,,,,,,,,,,,,,,,,,,,,,,,,,,,,,,,,,,
Luis Carias,SP,FA,,,,,,,,,,,,,,,,,,,,,,,,,,,,,,,,,,,,,,,,,,,,,,,,,,,
Ricky Castro,SP,FA,,,,,,,,,,,,,,,,,,,,,,,,,,,,,,,,,,,,,,,,,,,,,,,,,,,
Alexis Gallego,SP,FA,,,,,,,,,,,,,,,,,,,,,,,,,,,,,,,,,,,,,,,,,,,,,,,,,,,
Marlon Nieves,SP,FA,,,,,,,,,,,,,,,,,,,,,,,,,,,,,,,,,,,,,,,,,,,,,,,,,,,
Joel Cesar,RP,FA,,,,,,,,,,,,,,,,,,,,,,,,,,,,,,,,,,,,,,,,,,,,,,,,,,,
Yoel Duarte,SP,FA,,,,,,,,,,,,,,,,,,,,,,,,,,,,,,,,,,,,,,,,,,,,,,,,,,,
Keyner Benitez,SP,FA,,,,,,,,,,,,,,,,,,,,,,,,,,,,,,,,,,,,,,,,,,,,,,,,,,,
Edwin Escobar,RP,FA,,,,,,,,,,,,,,,,,,,,,,,,,,,,,,,,,,,,,,,,,,,,,,,,,,,
Amir Garrett,RP,FA,,,,,,,,,,,,,,,,,,,,,,,,,,,,,,,,,,,,,,,,,,,,,,,,,,,
Kendri Fana,SP,FA,,,,,,,,,,,,,,,,,,,,,,,,,,,,,,,,,,,,,,,,,,,,,,,,,,,
Robbie Knowles,RP,FA,,,,,,,,,,,,,,,,,,,,,,,,,,,,,,,,,,,,,,,,,,,,,,,,,,,
Ty Bothwell,SP,FA,,,,,,,,,,,,,,,,,,,,,,,,,,,,,,,,,,,,,,,,,,,,,,,,,,,
Anderson Paulino,RP,FA,,,,,,,,,,,,,,,,,,,,,,,,,,,,,,,,,,,,,,,,,,,,,,,,,,,
Iori Yamasaki,SP,FA,,,,,,,,,,,,,,,,,,,,,,,,,,,,,,,,,,,,,,,,,,,,,,,,,,,
Kiefer Lord,SP,FA,,,,,,,,,,,,,,,,,,,,,,,,,,,,,,,,,,,,,,,,,,,,,,,,,,,
Leonard Garcia,RP,FA,,,,,,,,,,,,,,,,,,,,,,,,,,,,,,,,,,,,,,,,,,,,,,,,,,,
Cristian Alvarado,SP,FA,,,,,,,,,,,,,,,,,,,,,,,,,,,,,,,,,,,,,,,,,,,,,,,,,,,
German Arvayo,SP,FA,,,,,,,,,,,,,,,,,,,,,,,,,,,,,,,,,,,,,,,,,,,,,,,,,,,
Saul Siri,RP,FA,,,,,,,,,,,,,,,,,,,,,,,,,,,,,,,,,,,,,,,,,,,,,,,,,,,
Adan Vallenilla,SP,FA,,,,,,,,,,,,,,,,,,,,,,,,,,,,,,,,,,,,,,,,,,,,,,,,,,,
Tanner Burns,RP,FA,,,,,,,,,,,,,,,,,,,,,,,,,,,,,,,,,,,,,,,,,,,,,,,,,,,
Daichi Ishii,RP,FA,,,,,,,,,,,,,,,,,,,,,,,,,,,,,,,,,,,,,,,,,,,,,,,,,,,
Rodney Theophile,SP,FA,,,,,,,,,,,,,,,,,,,,,,,,,,,,,,,,,,,,,,,,,,,,,,,,,,,
Haru Matsumoto,RP,FA,,,,,,,,,,,,,,,,,,,,,,,,,,,,,,,,,,,,,,,,,,,,,,,,,,,
Jack Bowery,SP,FA,,,,,,,,,,,,,,,,,,,,,,,,,,,,,,,,,,,,,,,,,,,,,,,,,,,
Ryan Long,SP,FA,,,,,,,,,,,,,,,,,,,,,,,,,,,,,,,,,,,,,,,,,,,,,,,,,,,
Robinson Ortiz,RP,FA,,,,,,,,,,,,,,,,,,,,,,,,,,,,,,,,,,,,,,,,,,,,,,,,,,,
Jordan Perez,SP,FA,,,,,,,,,,,,,,,,,,,,,,,,,,,,,,,,,,,,,,,,,,,,,,,,,,,
Jose Ruiz,RP,FA,,,,,,,,,,,,,,,,,,,,,,,,,,,,,,,,,,,,,,,,,,,,,,,-0.91,-1.52,26.8,11.4,9.6
Reo Shibata,SP,FA,,,,,,,,,,,,,,,,,,,,,,,,,,,,,,,,,,,,,,,,,,,,,,,,,,,
Tom Apfelbaum,SP,FA,,,,,,,,,,,,,,,,,,,,,,,,,,,,,,,,,,,,,,,,,,,,,,,,,,,
Taegen Tate,SP,FA,,,,,,,,,,,,,,,,,,,,,,,,,,,,,,,,,,,,,,,,,,,,,,,,,,,
Konnor Pilkington,RP,FA,,,,,,,,,,,,,,,,,,,,,,,,,,,,,,,,,,,,,,,,,,,,,,,0.27,-0.32,29.1,13.8,6.4
Brandon Cain,RP,FA,,,,,,,,,,,,,,,,,,,,,,,,,,,,,,,,,,,,,,,,,,,,,,,,,,,
Richie Cortese,RP,FA,,,,,,,,,,,,,,,,,,,,,,,,,,,,,,,,,,,,,,,,,,,,,,,,,,,
Carson Bolemon,SP,FA,,,,,,,,,,,,,,,,,,,,,,,,,,,,,,,,,,,,,,,,,,,,,,,,,,,
Jonathan Stevens,RP,FA,,,,,,,,,,,,,,,,,,,,,,,,,,,,,,,,,,,,,,,,,,,,,,,,,,,
Chase Bentley,SP,FA,,,,,,,,,,,,,,,,,,,,,,,,,,,,,,,,,,,,,,,,,,,,,,,,,,,
MaKale Holden,SP,FA,,,,,,,,,,,,,,,,,,,,,,,,,,,,,,,,,,,,,,,,,,,,,,,,,,,
Reed Moring,SP,FA,,,,,,,,,,,,,,,,,,,,,,,,,,,,,,,,,,,,,,,,,,,,,,,,,,,
Lan-Hong Su,SP,FA,,,,,,,,,,,,,,,,,,,,,,,,,,,,,,,,,,,,,,,,,,,,,,,,,,,
Matt Lanzendorfer,RP,FA,,,,,,,,,,,,,,,,,,,,,,,,,,,,,,,,,,,,,,,,,,,,,,,,,,,
Matthew Dalquist,SP,FA,,,,,,,,,,,,,,,,,,,,,,,,,,,,,,,,,,,,,,,,,,,,,,,,,,,
Michael Hilker,SP,FA,,,,,,,,,,,,,,,,,,,,,,,,,,,,,,,,,,,,,,,,,,,,,,,,,,,
Connor OHara,RP,FA,,,,,,,,,,,,,,,,,,,,,,,,,,,,,,,,,,,,,,,,,,,,,,,,,,,
Davis Chastain,RP,FA,,,,,,,,,,,,,,,,,,,,,,,,,,,,,,,,,,,,,,,,,,,,,,,,,,,
Harold Chirino,RP,FA,,,,,,,,,,,,,,,,,,,,,,,,,,,,,,,,,,,,,,,,,,,,,,,,,,,
Alex Wallace,SP,FA,,,,,,,,,,,,,,,,,,,,,,,,,,,,,,,,,,,,,,,,,,,,,,,,,,,
Shunpeita Yamashita,SP,FA,,,,,,,,,,,,,,,,,,,,,,,,,,,,,,,,,,,,,,,,,,,,,,,,,,,
Brayden Jones,RP,FA,,,,,,,,,,,,,,,,,,,,,,,,,,,,,,,,,,,,,,,,,,,,,,,,,,,
Jacob Hartlaub,SP,FA,,,,,,,,,,,,,,,,,,,,,,,,,,,,,,,,,,,,,,,,,,,,,,,,,,,
Joey Wimpelberg,SP,FA,,,,,,,,,,,,,,,,,,,,,,,,,,,,,,,,,,,,,,,,,,,,,,,,,,,
Nick Weyrich,RP,FA,,,,,,,,,,,,,,,,,,,,,,,,,,,,,,,,,,,,,,,,,,,,,,,,,,,
Andrew Sentlinger,RP,FA,,,,,,,,,,,,,,,,,,,,,,,,,,,,,,,,,,,,,,,,,,,,,,,,,,,
Zane Petty,SP,FA,,,,,,,,,,,,,,,,,,,,,,,,,,,,,,,,,,,,,,,,,,,,,,,,,,,
Andrew Shaffner,RP,FA,,,,,,,,,,,,,,,,,,,,,,,,,,,,,,,,,,,,,,,,,,,,,,,,,,,
Joe Ruzicka,SP,FA,,,,,,,,,,,,,,,,,,,,,,,,,,,,,,,,,,,,,,,,,,,,,,,,,,,
Luke Fernandez,RP,FA,,,,,,,,,,,,,,,,,,,,,,,,,,,,,,,,,,,,,,,,,,,,,,,,,,,
Derek Munoz,SP,FA,,,,,,,,,,,,,,,,,,,,,,,,,,,,,,,,,,,,,,,,,,,,,,,,,,,
Jose Gabriel Torres,SP,FA,,,,,,,,,,,,,,,,,,,,,,,,,,,,,,,,,,,,,,,,,,,,,,,,,,,
Henderson Hernandez,SP,FA,,,,,,,,,,,,,,,,,,,,,,,,,,,,,,,,,,,,,,,,,,,,,,,,,,,
Johan Otanez,RP,FA,,,,,,,,,,,,,,,,,,,,,,,,,,,,,,,,,,,,,,,,,,,,,,,,,,,
Smith Bailey,SP,FA,,,,,,,,,,,,,,,,,,,,,,,,,,,,,,,,,,,,,,,,,,,,,,,,,,,
Jose Vielma,SP,FA,,,,,,,,,,,,,,,,,,,,,,,,,,,,,,,,,,,,,,,,,,,,,,,,,,,
Grayson Saunier,SP,FA,,,,,,,,,,,,,,,,,,,,,,,,,,,,,,,,,,,,,,,,,,,,,,,,,,,
Anderson Ozuna,SP,FA,,,,,,,,,,,,,,,,,,,,,,,,,,,,,,,,,,,,,,,,,,,,,,,,,,,
Mikey Cascino,SP,FA,,,,,,,,,,,,,,,,,,,,,,,,,,,,,,,,,,,,,,,,,,,,,,,,,,,
McLane Moody,SP,FA,,,,,,,,,,,,,,,,,,,,,,,,,,,,,,,,,,,,,,,,,,,,,,,,,,,
Ricardo Fernandez,SP,FA,,,,,,,,,,,,,,,,,,,,,,,,,,,,,,,,,,,,,,,,,,,,,,,,,,,
Tyler Schmitt,SP,FA,,,,,,,,,,,,,,,,,,,,,,,,,,,,,,,,,,,,,,,,,,,,,,,,,,,
Ryan Reed,SP,FA,,,,,,,,,,,,,,,,,,,,,,,,,,,,,,,,,,,,,,,,,,,,,,,,,,,
Jakob Guardado,SP,FA,,,,,,,,,,,,,,,,,,,,,,,,,,,,,,,,,,,,,,,,,,,,,,,,,,,
Alex Clemmey,SP,FA,,,,,,,,,,,,,,,,,,,,,,,,,,,,,,,,,,,,,,,,,,,,,,,,,,,
Drew Christo,RP,FA,,,,,,,,,,,,,,,,,,,,,,,,,,,,,,,,,,,,,,,,,,,,,,,,,,,
Andri Hidalgo,SP,FA,,,,,,,,,,,,,,,,,,,,,,,,,,,,,,,,,,,,,,,,,,,,,,,,,,,
Grayson Boles,SP,FA,,,,,,,,,,,,,,,,,,,,,,,,,,,,,,,,,,,,,,,,,,,,,,,,,,,
Kade Brown,RP,FA,,,,,,,,,,,,,,,,,,,,,,,,,,,,,,,,,,,,,,,,,,,,,,,,,,,
Joseph Contreras,SP,FA,,,,,,,,,,,,,,,,,,,,,,,,,,,,,,,,,,,,,,,,,,,,,,,,,,,
Jacob Pruitt,RP,FA,,,,,,,,,,,,,,,,,,,,,,,,,,,,,,,,,,,,,,,,,,,,,,,,,,,
Luke Roupe,SP,FA,,,,,,,,,,,,,,,,,,,,,,,,,,,,,,,,,,,,,,,,,,,,,,,,,,,
Matt Potok,RP,FA,,,,,,,,,,,,,,,,,,,,,,,,,,,,,,,,,,,,,,,,,,,,,,,,,,,
Landry Jurecka,SP,FA,,,,,,,,,,,,,,,,,,,,,,,,,,,,,,,,,,,,,,,,,,,,,,,,,,,
Clay Edmondson,SP,FA,,,,,,,,,,,,,,,,,,,,,,,,,,,,,,,,,,,,,,,,,,,,,,,,,,,
Jonathan Gonzalez,SP,FA,,,,,,,,,,,,,,,,,,,,,,,,,,,,,,,,,,,,,,,,,,,,,,,,,,,
Joey Volchko,RP,FA,,,,,,,,,,,,,,,,,,,,,,,,,,,,,,,,,,,,,,,,,,,,,,,,,,,
Malvin Baez,SP,FA,,,,,,,,,,,,,,,,,,,,,,,,,,,,,,,,,,,,,,,,,,,,,,,,,,,
Keivan Vasquez,SP,FA,,,,,,,,,,,,,,,,,,,,,,,,,,,,,,,,,,,,,,,,,,,,,,,,,,,
Raymi Castillo,RP,FA,,,,,,,,,,,,,,,,,,,,,,,,,,,,,,,,,,,,,,,,,,,,,,,,,,,
Carlos Zambrano,RP,FA,,,,,,,,,,,,,,,,,,,,,,,,,,,,,,,,,,,,,,,,,,,,,,,,,,,
Paul Chacon,RP,FA,,,,,,,,,,,,,,,,,,,,,,,,,,,,,,,,,,,,,,,,,,,,,,,,,,,
Angel Bolivar,SP,FA,,,,,,,,,,,,,,,,,,,,,,,,,,,,,,,,,,,,,,,,,,,,,,,,,,,
Miguel Valdez,RP,FA,,,,,,,,,,,,,,,,,,,,,,,,,,,,,,,,,,,,,,,,,,,,,,,,,,,
Nicolas Carreno,RP,FA,,,,,,,,,,,,,,,,,,,,,,,,,,,,,,,,,,,,,,,,,,,,,,,,,,,
Kleiber Olmedo,RP,FA,,,,,,,,,,,,,,,,,,,,,,,,,,,,,,,,,,,,,,,,,,,,,,,,,,,
Brayden Spears,RP,FA,,,,,,,,,,,,,,,,,,,,,,,,,,,,,,,,,,,,,,,,,,,,,,,,,,,
Billy Oldham,SP,FA,,,,,,,,,,,,,,,,,,,,,,,,,,,,,,,,,,,,,,,,,,,,,,,,,,,
Anderson Alvarez,SP,FA,,,,,,,,,,,,,,,,,,,,,,,,,,,,,,,,,,,,,,,,,,,,,,,,,,,
Manuel Osorio,SP,FA,,,,,,,,,,,,,,,,,,,,,,,,,,,,,,,,,,,,,,,,,,,,,,,,,,,
Adam Bates,RP,FA,,,,,,,,,,,,,,,,,,,,,,,,,,,,,,,,,,,,,,,,,,,,,,,,,,,
Reynell Ramos,SP,FA,,,,,,,,,,,,,,,,,,,,,,,,,,,,,,,,,,,,,,,,,,,,,,,,,,,
Miguel Molina,SP,FA,,,,,,,,,,,,,,,,,,,,,,,,,,,,,,,,,,,,,,,,,,,,,,,,,,,
Yon Castro,SP,FA,,,,,,,,,,,,,,,,,,,,,,,,,,,,,,,,,,,,,,,,,,,,,,,,,,,
Thyago Vieira,RP,FA,,,,,,,,,,,,,,,,,,,,,,,,,,,,,,,,,,,,,,,,,,,,,,,,,,,
Johan Cabeza,SP,FA,,,,,,,,,,,,,,,,,,,,,,,,,,,,,,,,,,,,,,,,,,,,,,,,,,,
Emmanuel Ramirez,SP,FA,,,,,,,,,,,,,,,,,,,,,,,,,,,,,,,,,,,,,,,,,,,,,,,,,,,
Yorsua Balanta,RP,FA,,,,,,,,,,,,,,,,,,,,,,,,,,,,,,,,,,,,,,,,,,,,,,,,,,,
Yeremmy Cabeza,SP,FA,,,,,,,,,,,,,,,,,,,,,,,,,,,,,,,,,,,,,,,,,,,,,,,,,,,
Brayan Cabello,RP,FA,,,,,,,,,,,,,,,,,,,,,,,,,,,,,,,,,,,,,,,,,,,,,,,,,,,
Jesus Lopez,SP,FA,,,,,,,,,,,,,,,,,,,,,,,,,,,,,,,,,,,,,,,,,,,,,,,,,,,
Charlie Christensen,SP,FA,,,,,,,,,,,,,,,,,,,,,,,,,,,,,,,,,,,,,,,,,,,,,,,,,,,
Max Banks,SP,FA,,,,,,,,,,,,,,,,,,,,,,,,,,,,,,,,,,,,,,,,,,,,,,,,,,,
Adrian Rodriguez,RP,FA,,,,,,,,,,,,,,,,,,,,,,,,,,,,,,,,,,,,,,,,,,,,,,,,,,,
David Buchanan,SP,FA,,,,,,,,,,,,,,,,,,,,,,,,,,,,,,,,,,,,,,,,,,,,,,,,,,,
Landen Payne,RP,FA,,,,,,,,,,,,,,,,,,,,,,,,,,,,,,,,,,,,,,,,,,,,,,,,,,,
Yaury Jimenez,SP,FA,,,,,,,,,,,,,,,,,,,,,,,,,,,,,,,,,,,,,,,,,,,,,,,,,,,
Johan Calcano,RP,FA,,,,,,,,,,,,,,,,,,,,,,,,,,,,,,,,,,,,,,,,,,,,,,,,,,,
Miguel Valdez,RP,FA,,,,,,,,,,,,,,,,,,,,,,,,,,,,,,,,,,,,,,,,,,,,,,,,,,,
Liam Hendriks,RP,FA,,,,,,,,,,,,,,,,,,,,,,,,,,,,,,,,,,,,,,,,,,,,,,,0.82,0.35,29.6,11.9,6.0
Irving Cota,RP,FA,,,,,,,,,,,,,,,,,,,,,,,,,,,,,,,,,,,,,,,,,,,,,,,,,,,
Yovannki Pascual,RP,FA,,,,,,,,,,,,,,,,,,,,,,,,,,,,,,,,,,,,,,,,,,,,,,,,,,,
Hiromi Itoh,SP,FA,,,,,,,,,,,,,,,,,,,,,,,,,,,,,,,,,,,,,,,,,,,,,,,,,,,
Ricardo Montero,RP,FA,,,,,,,,,,,,,,,,,,,,,,,,,,,,,,,,,,,,,,,,,,,,,,,,,,,
Tyler Boudreau,RP,FA,,,,,,,,,,,,,,,,,,,,,,,,,,,,,,,,,,,,,,,,,,,,,,,,,,,
Walvin Mena,RP,FA,,,,,,,,,,,,,,,,,,,,,,,,,,,,,,,,,,,,,,,,,,,,,,,,,,,
Samuel Sanchez,SP,FA,,,,,,,,,,,,,,,,,,,,,,,,,,,,,,,,,,,,,,,,,,,,,,,,,,,
Nate Garkow,RP,FA,,,,,,,,,,,,,,,,,,,,,,,,,,,,,,,,,,,,,,,,,,,,,,,,,,,
Alex Pham,RP,FA,,,,,,,,,,,,,,,,,,,,,,,,,,,,,,,,,,,,,,,,,,,,,,,,,,,
Dylan Covey,RP,FA,,,,,,,,,,,,,,,,,,,,,,,,,,,,,,,,,,,,,,,,,,,,,,,,,,,
Jean Pinto,SP,FA,,,,,,,,,,,,,,,,,,,,,,,,,,,,,,,,,,,,,,,,,,,,,,,,,,,
Jaitoine Kelly,SP,FA,,,,,,,,,,,,,,,,,,,,,,,,,,,,,,,,,,,,,,,,,,,,,,,,,,,
Bryan Shaw,RP,FA,,,,,,,,,,,,,,,,,,,,,,,,,,,,,,,,,,,,,,,,,,,,,,,,,,,
Daniel Federman,RP,FA,,,,,,,,,,,,,,,,,,,,,,,,,,,,,,,,,,,,,,,,,,,,,,,,,,,
Luke Taggart,RP,FA,,,,,,,,,,,,,,,,,,,,,,,,,,,,,,,,,,,,,,,,,,,,,,,,,,,
Nico Tellache,SP,FA,,,,,,,,,,,,,,,,,,,,,,,,,,,,,,,,,,,,,,,,,,,,,,,,,,,
Michael Winter,SP,FA,,,,,,,,,,,,,,,,,,,,,,,,,,,,,,,,,,,,,,,,,,,,,,,,,,,
Grabiel Salazar,RP,FA,,,,,,,,,,,,,,,,,,,,,,,,,,,,,,,,,,,,,,,,,,,,,,,,,,,
Mauricio Vargas,RP,FA,,,,,,,,,,,,,,,,,,,,,,,,,,,,,,,,,,,,,,,,,,,,,,,,,,,
Aiden Stillman,SP,FA,,,,,,,,,,,,,,,,,,,,,,,,,,,,,,,,,,,,,,,,,,,,,,,,,,,
Trey Beard,SP,FA,,,,,,,,,,,,,,,,,,,,,,,,,,,,,,,,,,,,,,,,,,,,,,,,,,,
Ronald Tejada,RP,FA,,,,,,,,,,,,,,,,,,,,,,,,,,,,,,,,,,,,,,,,,,,,,,,,,,,
Nick Putnam,RP,FA,,,,,,,,,,,,,,,,,,,,,,,,,,,,,,,,,,,,,,,,,,,,,,,,,,,
Brad Rudis,RP,FA,,,,,,,,,,,,,,,,,,,,,,,,,,,,,,,,,,,,,,,,,,,,,,,,,,,
Chase Jessee,RP,FA,,,,,,,,,,,,,,,,,,,,,,,,,,,,,,,,,,,,,,,,,,,,,,,,,,,
Jean Henriquez,RP,FA,,,,,,,,,,,,,,,,,,,,,,,,,,,,,,,,,,,,,,,,,,,,,,,,,,,
Eli Herst,SP,FA,,,,,,,,,,,,,,,,,,,,,,,,,,,,,,,,,,,,,,,,,,,,,,,,,,,
Cooper Sides,SP,FA,,,,,,,,,,,,,,,,,,,,,,,,,,,,,,,,,,,,,,,,,,,,,,,,,,,
Woo Joo Jeong,RP,FA,,,,,,,,,,,,,,,,,,,,,,,,,,,,,,,,,,,,,,,,,,,,,,,,,,,
Sam Mettert,RP,FA,,,,,,,,,,,,,,,,,,,,,,,,,,,,,,,,,,,,,,,,,,,,,,,,,,,
Kaden Waechter,SP,FA,,,,,,,,,,,,,,,,,,,,,,,,,,,,,,,,,,,,,,,,,,,,,,,,,,,
Luke Mensik,SP,FA,,,,,,,,,,,,,,,,,,,,,,,,,,,,,,,,,,,,,,,,,,,,,,,,,,,
Connor Gehr,SP,FA,,,,,,,,,,,,,,,,,,,,,,,,,,,,,,,,,,,,,,,,,,,,,,,,,,,
Dillon Stiltner,SP,FA,,,,,,,,,,,,,,,,,,,,,,,,,,,,,,,,,,,,,,,,,,,,,,,,,,,
Cory Geinzer,SP,FA,,,,,,,,,,,,,,,,,,,,,,,,,,,,,,,,,,,,,,,,,,,,,,,,,,,
Jensen Hirschkorn,SP,FA,,,,,,,,,,,,,,,,,,,,,,,,,,,,,,,,,,,,,,,,,,,,,,,,,,,
Efrailin Ramos,SP,FA,,,,,,,,,,,,,,,,,,,,,,,,,,,,,,,,,,,,,,,,,,,,,,,,,,,
Luis Ghisays,SP,FA,,,,,,,,,,,,,,,,,,,,,,,,,,,,,,,,,,,,,,,,,,,,,,,,,,,
Cole Carlon,SP,FA,,,,,,,,,,,,,,,,,,,,,,,,,,,,,,,,,,,,,,,,,,,,,,,,,,,
Nicolo Pinazzi,RP,FA,,,,,,,,,,,,,,,,,,,,,,,,,,,,,,,,,,,,,,,,,,,,,,,,,,,
Frank Martinez,RP,FA,,,,,,,,,,,,,,,,,,,,,,,,,,,,,,,,,,,,,,,,,,,,,,,,,,,
Jesus Gamez,RP,FA,,,,,,,,,,,,,,,,,,,,,,,,,,,,,,,,,,,,,,,,,,,,,,,,,,,
Davidxon Lara,RP,FA,,,,,,,,,,,,,,,,,,,,,,,,,,,,,,,,,,,,,,,,,,,,,,,,,,,
Francis Marte,SP,FA,,,,,,,,,,,,,,,,,,,,,,,,,,,,,,,,,,,,,,,,,,,,,,,,,,,
Jesus Rios,RP,FA,,,,,,,,,,,,,,,,,,,,,,,,,,,,,,,,,,,,,,,,,,,,,,,,,,,
Genei Sato,SP,FA,,,,,,,,,,,,,,,,,,,,,,,,,,,,,,,,,,,,,,,,,,,,,,,,,,,
MT Morrissey,RP,FA,,,,,,,,,,,,,,,,,,,,,,,,,,,,,,,,,,,,,,,,,,,,,,,,,,,
Jeronimo Palmeros,SP,FA,,,,,,,,,,,,,,,,,,,,,,,,,,,,,,,,,,,,,,,,,,,,,,,,,,,
Yendy Gomez,RP,FA,,,,,,,,,,,,,,,,,,,,,,,,,,,,,,,,,,,,,,,,,,,,,,,,,,,
Hansel Rincon,RP,FA,,,,,,,,,,,,,,,,,,,,,,,,,,,,,,,,,,,,,,,,,,,,,,,,,,,
Christopher Hernandez,SP,FA,,,,,,,,,,,,,,,,,,,,,,,,,,,,,,,,,,,,,,,,,,,,,,,,,,,
Eybersson Polanco,RP,FA,,,,,,,,,,,,,,,,,,,,,,,,,,,,,,,,,,,,,,,,,,,,,,,,,,,
Redinson Gomez,RP,FA,,,,,,,,,,,,,,,,,,,,,,,,,,,,,,,,,,,,,,,,,,,,,,,,,,,
Trevor Bauer,SP,FA,,,,,,,,,,,,,,,,,,,,,,,,,,,,,,,,,,,,,,,,,,,,,,,,,,,
Dauris Valdez,RP,FA,,,,,,,,,,,,,,,,,,,,,,,,,,,,,,,,,,,,,,,,,,,,,,,,,,,
Ramiro Villanueva,SP,FA,,,,,,,,,,,,,,,,,,,,,,,,,,,,,,,,,,,,,,,,,,,,,,,,,,,
Francisco Frias,RP,FA,,,,,,,,,,,,,,,,,,,,,,,,,,,,,,,,,,,,,,,,,,,,,,,,,,,
Nick McAuliffe,RP,FA,,,,,,,,,,,,,,,,,,,,,,,,,,,,,,,,,,,,,,,,,,,,,,,,,,,
Delio Centeno,SP,FA,,,,,,,,,,,,,,,,,,,,,,,,,,,,,,,,,,,,,,,,,,,,,,,,,,,
Omar Victorino,SP,FA,,,,,,,,,,,,,,,,,,,,,,,,,,,,,,,,,,,,,,,,,,,,,,,,,,,
Ethan Grim,SP,FA,,,,,,,,,,,,,,,,,,,,,,,,,,,,,,,,,,,,,,,,,,,,,,,,,,,
Maddox Miller,RP,FA,,,,,,,,,,,,,,,,,,,,,,,,,,,,,,,,,,,,,,,,,,,,,,,,,,,
Miguel Pozo,SP,FA,,,,,,,,,,,,,,,,,,,,,,,,,,,,,,,,,,,,,,,,,,,,,,,,,,,
Jesus Silverio,SP,FA,,,,,,,,,,,,,,,,,,,,,,,,,,,,,,,,,,,,,,,,,,,,,,,,,,,
Chasen Shreve,RP,FA,,,,,,,,,,,,,,,,,,,,,,,,,,,,,,,,,,,,,,,,,,,,,,,,,,,
Fernando Abad,RP,FA,,,,,,,,,,,,,,,,,,,,,,,,,,,,,,,,,,,,,,,,,,,,,,,,,,,
Holt Jones,RP,FA,,,,,,,,,,,,,,,,,,,,,,,,,,,,,,,,,,,,,,,,,,,,,,,,,,,
RJ Petit,RP,FA,,,,,,,,,,,,,,,,,,,,,,,,,,,,,,,,,,,,,,,,,,,,,,,,,,,
Jonathan Santucci,SP,FA,,,,,,,,,,,,,,,,,,,,,,,,,,,,,,,,,,,,,,,,,,,,,,,,,,,
Bryan Pope,SP,FA,,,,,,,,,,,,,,,,,,,,,,,,,,,,,,,,,,,,,,,,,,,,,,,,,,,
Santiago Martinez,SP,FA,,,,,,,,,,,,,,,,,,,,,,,,,,,,,,,,,,,,,,,,,,,,,,,,,,,
Freddy Hernandez,SP,FA,,,,,,,,,,,,,,,,,,,,,,,,,,,,,,,,,,,,,,,,,,,,,,,,,,,
Erick Leal,SP,FA,,,,,,,,,,,,,,,,,,,,,,,,,,,,,,,,,,,,,,,,,,,,,,,,,,,
Touki Toussaint,RP,FA,,,,,,,,,,,,,,,,,,,,,,,,,,,,,,,,,,,,,,,,,,,,,,,,,,,
Gerlin Rosario,RP,FA,,,,,,,,,,,,,,,,,,,,,,,,,,,,,,,,,,,,,,,,,,,,,,,,,,,
Yumeto Kanemaru,SP,FA,,,,,,,,,,,,,,,,,,,,,,,,,,,,,,,,,,,,,,,,,,,,,,,,,,,
Patrick Halligan,RP,FA,,,,,,,,,,,,,,,,,,,,,,,,,,,,,,,,,,,,,,,,,,,,,,,,,,,
Danyony Pulido,RP,FA,,,,,,,,,,,,,,,,,,,,,,,,,,,,,,,,,,,,,,,,,,,,,,,,,,,
Chihiro Sumida,SP,FA,,,,,,,,,,,,,,,,,,,,,,,,,,,,,,,,,,,,,,,,,,,,,,,,,,,
Sean Nolin,RP,FA,,,,,,,,,,,,,,,,,,,,,,,,,,,,,,,,,,,,,,,,,,,,,,,,,,,
John Stankiewicz,RP,FA,,,,,,,,,,,,,,,,,,,,,,,,,,,,,,,,,,,,,,,,,,,,,,,,,,,
Santiago Suarez,SP,FA,,,,,,,,,,,,,,,,,,,,,,,,,,,,,,,,,,,,,,,,,,,,,,,,,,,
Gerelmi Maldonado,SP,FA,,,,,,,,,,,,,,,,,,,,,,,,,,,,,,,,,,,,,,,,,,,,,,,,,,,
Manuel Castro,RP,FA,,,,,,,,,,,,,,,,,,,,,,,,,,,,,,,,,,,,,,,,,,,,,,,,,,,
Peniel Otano,SP,FA,,,,,,,,,,,,,,,,,,,,,,,,,,,,,,,,,,,,,,,,,,,,,,,,,,,
Julio Mendez,SP,FA,,,,,,,,,,,,,,,,,,,,,,,,,,,,,,,,,,,,,,,,,,,,,,,,,,,
Dylan Floro,RP,FA,,,,,,,,,,,,,,,,,,,,,,,,,,,,,,,,,,,,,,,,,,,,,,,,,,,
Luis Carrasco,RP,FA,,,,,,,,,,,,,,,,,,,,,,,,,,,,,,,,,,,,,,,,,,,,,,,,,,,
Luis Cruz,RP,FA,,,,,,,,,,,,,,,,,,,,,,,,,,,,,,,,,,,,,,,,,,,,,,,,,,,
Luis Cepeda,SP,FA,,,,,,,,,,,,,,,,,,,,,,,,,,,,,,,,,,,,,,,,,,,,,,,,,,,
Luis Paredes,RP,FA,,,,,,,,,,,,,,,,,,,,,,,,,,,,,,,,,,,,,,,,,,,,,,,,,,,
Wander Guante,RP,FA,,,,,,,,,,,,,,,,,,,,,,,,,,,,,,,,,,,,,,,,,,,,,,,,,,,
Benony Robles,RP,FA,,,,,,,,,,,,,,,,,,,,,,,,,,,,,,,,,,,,,,,,,,,,,,,,,,,
Scott Alexander,RP,FA,,,,,,,,,,,,,,,,,,,,,,,,,,,,,,,,,,,,,,,,,,,,,,,-0.74,0.32,18.6,11.1,6.4
Luigi Hernandez,SP,FA,,,,,,,,,,,,,,,,,,,,,,,,,,,,,,,,,,,,,,,,,,,,,,,,,,,
Cal Scolari,SP,FA,,,,,,,,,,,,,,,,,,,,,,,,,,,,,,,,,,,,,,,,,,,,,,,,,,,
Angel Felipe,RP,FA,,,,,,,,,,,,,,,,,,,,,,,,,,,,,,,,,,,,,,,,,,,,,,,,,,,
Travis Kuhn,RP,FA,,,,,,,,,,,,,,,,,,,,,,,,,,,,,,,,,,,,,,,,,,,,,,,,,,,
Francis Peguero,RP,FA,,,,,,,,,,,,,,,,,,,,,,,,,,,,,,,,,,,,,,,,,,,,,,,,,,,
Steven Echavarria,SP,FA,,,,,,,,,,,,,,,,,,,,,,,,,,,,,,,,,,,,,,,,,,,,,,,,,,,
Ryan Cardona,SP,FA,,,,,,,,,,,,,,,,,,,,,,,,,,,,,,,,,,,,,,,,,,,,,,,,,,,
Ismael Agreda,SP,FA,,,,,,,,,,,,,,,,,,,,,,,,,,,,,,,,,,,,,,,,,,,,,,,,,,,
Noah Owen,SP,FA,,,,,,,,,,,,,,,,,,,,,,,,,,,,,,,,,,,,,,,,,,,,,,,,,,,
Carlos Espinosa,RP,FA,,,,,,,,,,,,,,,,,,,,,,,,,,,,,,,,,,,,,,,,,,,,,,,,,,,
Zack Weiss,RP,FA,,,,,,,,,,,,,,,,,,,,,,,,,,,,,,,,,,,,,,,,,,,,,,,,,,,
Aric McAtee,RP,FA,,,,,,,,,,,,,,,,,,,,,,,,,,,,,,,,,,,,,,,,,,,,,,,,,,,
Will Sanford,SP,FA,,,,,,,,,,,,,,,,,,,,,,,,,,,,,,,,,,,,,,,,,,,,,,,,,,,
Michael Hobbs,RP,FA,,,,,,,,,,,,,,,,,,,,,,,,,,,,,,,,,,,,,,,,,,,,,,,,,,,
Ruger Riojas,RP,FA,,,,,,,,,,,,,,,,,,,,,,,,,,,,,,,,,,,,,,,,,,,,,,,,,,,
Tanner Hall,SP,FA,,,,,,,,,,,,,,,,,,,,,,,,,,,,,,,,,,,,,,,,,,,,,,,,,,,
Jake Gilbert,RP,FA,,,,,,,,,,,,,,,,,,,,,,,,,,,,,,,,,,,,,,,,,,,,,,,,,,,
James Litman,SP,FA,,,,,,,,,,,,,,,,,,,,,,,,,,,,,,,,,,,,,,,,,,,,,,,,,,,
Aldry Acosta,RP,FA,,,,,,,,,,,,,,,,,,,,,,,,,,,,,,,,,,,,,,,,,,,,,,,,,,,
Harry Blum,RP,FA,,,,,,,,,,,,,,,,,,,,,,,,,,,,,,,,,,,,,,,,,,,,,,,,,,,
Ryan McPherson,RP,FA,,,,,,,,,,,,,,,,,,,,,,,,,,,,,,,,,,,,,,,,,,,,,,,,,,,
Ryan McDonagh,SP,FA,,,,,,,,,,,,,,,,,,,,,,,,,,,,,,,,,,,,,,,,,,,,,,,,,,,
Felix Cepeda,SP,FA,,,,,,,,,,,,,,,,,,,,,,,,,,,,,,,,,,,,,,,,,,,,,,,,,,,
Luke Jackson,RP,FA,,,,,,,,,,,,,,,,,,,,,,,,,,,,,,,,,,,,,,,,,,,,,,,,,,,
Cole Gibler,RP,FA,,,,,,,,,,,,,,,,,,,,,,,,,,,,,,,,,,,,,,,,,,,,,,,,,,,
Cord Rager,SP,FA,,,,,,,,,,,,,,,,,,,,,,,,,,,,,,,,,,,,,,,,,,,,,,,,,,,
Noah Syndergaard,SP,FA,,,,,,,,,,,,,,,,,,,,,,,,,,,,,,,,,,,,,,,,,,,,,,,,,,,
Ethan Lund,SP,FA,,,,,,,,,,,,,,,,,,,,,,,,,,,,,,,,,,,,,,,,,,,,,,,,,,,
John Paone,SP,FA,,,,,,,,,,,,,,,,,,,,,,,,,,,,,,,,,,,,,,,,,,,,,,,,,,,
Diego Castelo,SP,FA,,,,,,,,,,,,,,,,,,,,,,,,,,,,,,,,,,,,,,,,,,,,,,,,,,,
Drew Smyly,RP,FA,,,,,,,,,,,,,,,,,,,,,,,,,,,,,,,,,,,,,,,,,,,,,,,,,,,
Mason Edwards,SP,FA,,,,,,,,,,,,,,,,,,,,,,,,,,,,,,,,,,,,,,,,,,,,,,,,,,,
Michael Mariot,RP,FA,,,,,,,,,,,,,,,,,,,,,,,,,,,,,,,,,,,,,,,,,,,,,,,,,,,
Genderson Zapata,SP,FA,,,,,,,,,,,,,,,,,,,,,,,,,,,,,,,,,,,,,,,,,,,,,,,,,,,
Brian Zeldin,RP,FA,,,,,,,,,,,,,,,,,,,,,,,,,,,,,,,,,,,,,,,,,,,,,,,,,,,
Lenerd Ramos,RP,FA,,,,,,,,,,,,,,,,,,,,,,,,,,,,,,,,,,,,,,,,,,,,,,,,,,,
Jairo Iriarte,RP,FA,,,,,,,,,,,,,,,,,,,,,,,,,,,,,,,,,,,,,,,,,,,,,,,,,,,
Ethan Routzahn,RP,FA,,,,,,,,,,,,,,,,,,,,,,,,,,,,,,,,,,,,,,,,,,,,,,,,,,,
Chance Mako,SP,FA,,,,,,,,,,,,,,,,,,,,,,,,,,,,,,,,,,,,,,,,,,,,,,,,,,,
Andres Silvera,RP,FA,,,,,,,,,,,,,,,,,,,,,,,,,,,,,,,,,,,,,,,,,,,,,,,,,,,
Eliander Alcalde,RP,FA,,,,,,,,,,,,,,,,,,,,,,,,,,,,,,,,,,,,,,,,,,,,,,,,,,,
Carlos Marcano,SP,FA,,,,,,,,,,,,,,,,,,,,,,,,,,,,,,,,,,,,,,,,,,,,,,,,,,,
Gabriel Reyes,SP,FA,,,,,,,,,,,,,,,,,,,,,,,,,,,,,,,,,,,,,,,,,,,,,,,,,,,
Gabriel Hidalgo,SP,FA,,,,,,,,,,,,,,,,,,,,,,,,,,,,,,,,,,,,,,,,,,,,,,,,,,,
Carlos Martinez,SP,FA,,,,,,,,,,,,,,,,,,,,,,,,,,,,,,,,,,,,,,,,,,,,,,,,,,,
Jose Urena,RP,FA,,,,,,,,,,,,,,,,,,,,,,,,,,,,,,,,,,,,,,,,,,,,,,,-0.75,0.06,19.8,9.4,7.6
Garvin Alston,RP,FA,,,,,,,,,,,,,,,,,,,,,,,,,,,,,,,,,,,,,,,,,,,,,,,,,,,
Anthony Hoopii-Tuionetoa,RP,FA,,,,,,,,,,,,,,,,,,,,,,,,,,,,,,,,,,,,,,,,,,,,,,,,,,,
Jacob DeLabio,RP,FA,,,,,,,,,,,,,,,,,,,,,,,,,,,,,,,,,,,,,,,,,,,,,,,,,,,
Jordan DiValerio,SP,FA,,,,,,,,,,,,,,,,,,,,,,,,,,,,,,,,,,,,,,,,,,,,,,,,,,,
Jimmy Endersby,SP,FA,,,,,,,,,,,,,,,,,,,,,,,,,,,,,,,,,,,,,,,,,,,,,,,,,,,
Leomar Rosario,SP,FA,,,,,,,,,,,,,,,,,,,,,,,,,,,,,,,,,,,,,,,,,,,,,,,,,,,
Emilio Jimenez,SP,FA,,,,,,,,,,,,,,,,,,,,,,,,,,,,,,,,,,,,,,,,,,,,,,,,,,,
Rafeli Moronta,SP,FA,,,,,,,,,,,,,,,,,,,,,,,,,,,,,,,,,,,,,,,,,,,,,,,,,,,
Austin Adams,RP,FA,,,,,,,,,,,,,,,,,,,,,,,,,,,,,,,,,,,,,,,,,,,,,,,,,,,
Brandol Fernandez,SP,FA,,,,,,,,,,,,,,,,,,,,,,,,,,,,,,,,,,,,,,,,,,,,,,,,,,,
Jordan Beltran,SP,FA,,,,,,,,,,,,,,,,,,,,,,,,,,,,,,,,,,,,,,,,,,,,,,,,,,,
Luis Devers,SP,FA,,,,,,,,,,,,,,,,,,,,,,,,,,,,,,,,,,,,,,,,,,,,,,,,,,,
Moises Chace,SP,FA,,,,,,,,,,,,,,,,,,,,,,,,,,,,,,,,,,,,,,,,,,,,,,,,,,,
Railin Perez,RP,FA,,,,,,,,,,,,,,,,,,,,,,,,,,,,,,,,,,,,,,,,,,,,,,,,,,,
Tyler Naquin,RP,FA,,,,,,,,,,,,,,,,,,,,,,,,,,,,,,,,,,,,,,,,,,,,,,,,,,,
Luis Peralta,RP,FA,,,,,,,,,,,,,,,,,,,,,,,,,,,,,,,,,,,,,,,,,,,,,,,-2.05,-1.94,20.8,17.8,7.6
Sean Hjelle,RP,FA,,,,,,,,,,,,,,,,,,,,,,,,,,,,,,,,,,,,,,,,,,,,,,,-1.18,-1.24,23.4,12.3,8.7
Jaylen Nowlin,RP,FA,,,,,,,,,,,,,,,,,,,,,,,,,,,,,,,,,,,,,,,,,,,,,,,,,,,
Sal Romano,RP,FA,,,,,,,,,,,,,,,,,,,,,,,,,,,,,,,,,,,,,,,,,,,,,,,,,,,
Drew Hutchison,RP,FA,,,,,,,,,,,,,,,,,,,,,,,,,,,,,,,,,,,,,,,,,,,,,,,,,,,
Tim Naughton,RP,FA,,,,,,,,,,,,,,,,,,,,,,,,,,,,,,,,,,,,,,,,,,,,,,,,,,,
Jake Brooks,SP,FA,,,,,,,,,,,,,,,,,,,,,,,,,,,,,,,,,,,,,,,,,,,,,,,,,,,
Eddy Demurias,RP,FA,,,,,,,,,,,,,,,,,,,,,,,,,,,,,,,,,,,,,,,,,,,,,,,,,,,
Justin Wilson,RP,FA,,,,,,,,,,,,,,,,,,,,,,,,,,,,,,,,,,,,,,,,,,,,,,,0.49,-0.56,31.9,9.7,8.6
Rowan Wick,RP,FA,,,,,,,,,,,,,,,,,,,,,,,,,,,,,,,,,,,,,,,,,,,,,,,,,,,
Ryjeteri Merite,SP,FA,,,,,,,,,,,,,,,,,,,,,,,,,,,,,,,,,,,,,,,,,,,,,,,,,,,
Vin Timpanelli,RP,FA,,,,,,,,,,,,,,,,,,,,,,,,,,,,,,,,,,,,,,,,,,,,,,,,,,,
Reynardo Cruz,RP,FA,,,,,,,,,,,,,,,,,,,,,,,,,,,,,,,,,,,,,,,,,,,,,,,,,,,
Kolton Ingram,RP,FA,,,,,,,,,,,,,,,,,,,,,,,,,,,,,,,,,,,,,,,,,,,,,,,,,,,
Samuel Perez,RP,FA,,,,,,,,,,,,,,,,,,,,,,,,,,,,,,,,,,,,,,,,,,,,,,,,,,,
Florencio Serrano,RP,FA,,,,,,,,,,,,,,,,,,,,,,,,,,,,,,,,,,,,,,,,,,,,,,,,,,,
Yanquiel Sanchez,RP,FA,,,,,,,,,,,,,,,,,,,,,,,,,,,,,,,,,,,,,,,,,,,,,,,,,,,
Jack Carey,RP,FA,,,,,,,,,,,,,,,,,,,,,,,,,,,,,,,,,,,,,,,,,,,,,,,,,,,
Gabriel Sequeira,RP,FA,,,,,,,,,,,,,,,,,,,,,,,,,,,,,,,,,,,,,,,,,,,,,,,,,,,
Jonatan Bernal,RP,FA,,,,,,,,,,,,,,,,,,,,,,,,,,,,,,,,,,,,,,,,,,,,,,,,,,,
Andrew Misiaszek,RP,FA,,,,,,,,,,,,,,,,,,,,,,,,,,,,,,,,,,,,,,,,,,,,,,,,,,,
Jose Gerardo,RP,FA,,,,,,,,,,,,,,,,,,,,,,,,,,,,,,,,,,,,,,,,,,,,,,,,,,,
Reny Artiles,RP,FA,,,,,,,,,,,,,,,,,,,,,,,,,,,,,,,,,,,,,,,,,,,,,,,,,,,
Yasunobu Okugawa,SP,FA,,,,,,,,,,,,,,,,,,,,,,,,,,,,,,,,,,,,,,,,,,,,,,,,,,,
Hunter Elliott,SP,FA,,,,,,,,,,,,,,,,,,,,,,,,,,,,,,,,,,,,,,,,,,,,,,,,,,,
Sam Benschoter,RP,FA,,,,,,,,,,,,,,,,,,,,,,,,,,,,,,,,,,,,,,,,,,,,,,,,,,,
Darrell Thompson,RP,FA,,,,,,,,,,,,,,,,,,,,,,,,,,,,,,,,,,,,,,,,,,,,,,,,,,,
Yimi Presinal,RP,FA,,,,,,,,,,,,,,,,,,,,,,,,,,,,,,,,,,,,,,,,,,,,,,,,,,,
Tyler Baum,RP,FA,,,,,,,,,,,,,,,,,,,,,,,,,,,,,,,,,,,,,,,,,,,,,,,,,,,
Nick Anello,RP,FA,,,,,,,,,,,,,,,,,,,,,,,,,,,,,,,,,,,,,,,,,,,,,,,,,,,
Sam Horn,SP,FA,,,,,,,,,,,,,,,,,,,,,,,,,,,,,,,,,,,,,,,,,,,,,,,,,,,
Adonys Perez,SP,FA,,,,,,,,,,,,,,,,,,,,,,,,,,,,,,,,,,,,,,,,,,,,,,,,,,,
Jhancarlos Lara,RP,FA,,,,,,,,,,,,,,,,,,,,,,,,,,,,,,,,,,,,,,,,,,,,,,,,,,,
Jack Snyder,RP,FA,,,,,,,,,,,,,,,,,,,,,,,,,,,,,,,,,,,,,,,,,,,,,,,,,,,
Paxton Thompson,RP,FA,,,,,,,,,,,,,,,,,,,,,,,,,,,,,,,,,,,,,,,,,,,,,,,,,,,
Jean Reyes,RP,FA,,,,,,,,,,,,,,,,,,,,,,,,,,,,,,,,,,,,,,,,,,,,,,,,,,,
Alvaro Carrillo,RP,FA,,,,,,,,,,,,,,,,,,,,,,,,,,,,,,,,,,,,,,,,,,,,,,,,,,,
Alex Carrillo,RP,FA,,,,,,,,,,,,,,,,,,,,,,,,,,,,,,,,,,,,,,,,,,,,,,,,,,,
Johan Moreno,SP,FA,,,,,,,,,,,,,,,,,,,,,,,,,,,,,,,,,,,,,,,,,,,,,,,,,,,
Angel Rivero,SP,FA,,,,,,,,,,,,,,,,,,,,,,,,,,,,,,,,,,,,,,,,,,,,,,,,,,,
Tijn Fredrikze,SP,FA,,,,,,,,,,,,,,,,,,,,,,,,,,,,,,,,,,,,,,,,,,,,,,,,,,,
Mason Vinyard,RP,FA,,,,,,,,,,,,,,,,,,,,,,,,,,,,,,,,,,,,,,,,,,,,,,,,,,,
Aldrin Batista,RP,FA,,,,,,,,,,,,,,,,,,,,,,,,,,,,,,,,,,,,,,,,,,,,,,,,,,,
Jack Bauer,SP,FA,,,,,,,,,,,,,,,,,,,,,,,,,,,,,,,,,,,,,,,,,,,,,,,,,,,
JB Middleton,SP,FA,,,,,,,,,,,,,,,,,,,,,,,,,,,,,,,,,,,,,,,,,,,,,,,,,,,
Luis Andujar,RP,FA,,,,,,,,,,,,,,,,,,,,,,,,,,,,,,,,,,,,,,,,,,,,,,,,,,,
Jose De La Rosa,RP,FA,,,,,,,,,,,,,,,,,,,,,,,,,,,,,,,,,,,,,,,,,,,,,,,,,,,
Shane Greene,RP,FA,,,,,,,,,,,,,,,,,,,,,,,,,,,,,,,,,,,,,,,,,,,,,,,,,,,
Grif Hughes,RP,FA,,,,,,,,,,,,,,,,,,,,,,,,,,,,,,,,,,,,,,,,,,,,,,,,,,,
Jose Geraldo,RP,FA,,,,,,,,,,,,,,,,,,,,,,,,,,,,,,,,,,,,,,,,,,,,,,,,,,,
Brett Garcia,RP,FA,,,,,,,,,,,,,,,,,,,,,,,,,,,,,,,,,,,,,,,,,,,,,,,,,,,
Nick DeCarlo,RP,FA,,,,,,,,,,,,,,,,,,,,,,,,,,,,,,,,,,,,,,,,,,,,,,,,,,,
Johan Moreno,RP,FA,,,,,,,,,,,,,,,,,,,,,,,,,,,,,,,,,,,,,,,,,,,,,,,,,,,
Dwayne Matos,SP,FA,,,,,,,,,,,,,,,,,,,,,,,,,,,,,,,,,,,,,,,,,,,,,,,,,,,
Sebastian Pulido,RP,FA,,,,,,,,,,,,,,,,,,,,,,,,,,,,,,,,,,,,,,,,,,,,,,,,,,,
Luis Pimentel,RP,FA,,,,,,,,,,,,,,,,,,,,,,,,,,,,,,,,,,,,,,,,,,,,,,,,,,,
Anderson Ramos,RP,FA,,,,,,,,,,,,,,,,,,,,,,,,,,,,,,,,,,,,,,,,,,,,,,,,,,,
Ruben Ramirez,RP,FA,,,,,,,,,,,,,,,,,,,,,,,,,,,,,,,,,,,,,,,,,,,,,,,,,,,
Darwin Rodriguez,SP,FA,,,,,,,,,,,,,,,,,,,,,,,,,,,,,,,,,,,,,,,,,,,,,,,,,,,
Jhon Reyes,RP,FA,,,,,,,,,,,,,,,,,,,,,,,,,,,,,,,,,,,,,,,,,,,,,,,,,,,
Wilmis Paulino,RP,FA,,,,,,,,,,,,,,,,,,,,,,,,,,,,,,,,,,,,,,,,,,,,,,,,,,,
Bryan Lara,SP,FA,,,,,,,,,,,,,,,,,,,,,,,,,,,,,,,,,,,,,,,,,,,,,,,,,,,
Geury Rodriguez,RP,FA,,,,,,,,,,,,,,,,,,,,,,,,,,,,,,,,,,,,,,,,,,,,,,,,,,,
Emilio Obispo,SP,FA,,,,,,,,,,,,,,,,,,,,,,,,,,,,,,,,,,,,,,,,,,,,,,,,,,,
Ayendy Pena,RP,FA,,,,,,,,,,,,,,,,,,,,,,,,,,,,,,,,,,,,,,,,,,,,,,,,,,,
Moises Morales,RP,FA,,,,,,,,,,,,,,,,,,,,,,,,,,,,,,,,,,,,,,,,,,,,,,,,,,,
Alexis Paulino,RP,FA,,,,,,,,,,,,,,,,,,,,,,,,,,,,,,,,,,,,,,,,,,,,,,,,,,,
Moises Meza,SP,FA,,,,,,,,,,,,,,,,,,,,,,,,,,,,,,,,,,,,,,,,,,,,,,,,,,,
Frankie Montas,SP,FA,,,,,,,,,,,,,,,,,,,,,,,,,,,,,,,,,,,,,,,,,,,,,,,-0.05,0.26,23.8,7.9,7.9
Matt Barr,SP,FA,,,,,,,,,,,,,,,,,,,,,,,,,,,,,,,,,,,,,,,,,,,,,,,,,,,
Jhonan Coba,SP,FA,,,,,,,,,,,,,,,,,,,,,,,,,,,,,,,,,,,,,,,,,,,,,,,,,,,
Freddy Contreras,SP,FA,,,,,,,,,,,,,,,,,,,,,,,,,,,,,,,,,,,,,,,,,,,,,,,,,,,
Drew Beam,SP,FA,,,,,,,,,,,,,,,,,,,,,,,,,,,,,,,,,,,,,,,,,,,,,,,,,,,
Wilkin Paredes,SP,FA,,,,,,,,,,,,,,,,,,,,,,,,,,,,,,,,,,,,,,,,,,,,,,,,,,,
Wuilliams Rodriguez,RP,FA,,,,,,,,,,,,,,,,,,,,,,,,,,,,,,,,,,,,,,,,,,,,,,,,,,,
Max Bayles,SP,FA,,,,,,,,,,,,,,,,,,,,,,,,,,,,,,,,,,,,,,,,,,,,,,,,,,,
Luis Torres,RP,FA,,,,,,,,,,,,,,,,,,,,,,,,,,,,,,,,,,,,,,,,,,,,,,,,,,,
Domenic Picone,RP,FA,,,,,,,,,,,,,,,,,,,,,,,,,,,,,,,,,,,,,,,,,,,,,,,,,,,
Christian Zazueta,SP,T,,,,,,,,,,,,,,,,,,,,,,,,,,,,,,,,,,,,,,,,,,,,,,,,,,,
Wylan Moss,SP,FA,,,,,,,,,,,,,,,,,,,,,,,,,,,,,,,,,,,,,,,,,,,,,,,,,,,
Ervin Torres,RP,FA,,,,,,,,,,,,,,,,,,,,,,,,,,,,,,,,,,,,,,,,,,,,,,,,,,,
Zeke Wood,RP,FA,,,,,,,,,,,,,,,,,,,,,,,,,,,,,,,,,,,,,,,,,,,,,,,,,,,
Juan Reynoso,RP,FA,,,,,,,,,,,,,,,,,,,,,,,,,,,,,,,,,,,,,,,,,,,,,,,,,,,
LJ Mercurius,SP,FA,,,,,,,,,,,,,,,,,,,,,,,,,,,,,,,,,,,,,,,,,,,,,,,,,,,
Roilan Portuondo,RP,FA,,,,,,,,,,,,,,,,,,,,,,,,,,,,,,,,,,,,,,,,,,,,,,,,,,,
Carson Bailey,SP,FA,,,,,,,,,,,,,,,,,,,,,,,,,,,,,,,,,,,,,,,,,,,,,,,,,,,
Tegan Kuhns,SP,FA,,,,,,,,,,,,,,,,,,,,,,,,,,,,,,,,,,,,,,,,,,,,,,,,,,,
Jurrangelo Cijntje,SP,T,,,,,,,,,,,,,,,,,,,,,,,,,,,,,,,,,,,,,,,,,,,,,,,,,,,
Omar Montano,SP,FA,,,,,,,,,,,,,,,,,,,,,,,,,,,,,,,,,,,,,,,,,,,,,,,,,,,
Genki Ishigaki,SP,FA,,,,,,,,,,,,,,,,,,,,,,,,,,,,,,,,,,,,,,,,,,,,,,,,,,,
Marcus Stroman,SP,FA,,,,,,,,,,,,,,,,,,,,,,,,,,,,,,,,,,,,,,,,,,,,,,,-0.43,0.63,19.2,9.1,6.7
Felipe Hernandez,SP,FA,,,,,,,,,,,,,,,,,,,,,,,,,,,,,,,,,,,,,,,,,,,,,,,,,,,
Tyson Neighbors,RP,FA,,,,,,,,,,,,,,,,,,,,,,,,,,,,,,,,,,,,,,,,,,,,,,,,,,,
Tyler Schoff,RP,FA,,,,,,,,,,,,,,,,,,,,,,,,,,,,,,,,,,,,,,,,,,,,,,,,,,,
Alejandro Melean,RP,FA,,,,,,,,,,,,,,,,,,,,,,,,,,,,,,,,,,,,,,,,,,,,,,,,,,,
Matt Ager,SP,FA,,,,,,,,,,,,,,,,,,,,,,,,,,,,,,,,,,,,,,,,,,,,,,,,,,,
Kota Tatsu,SP,FA,,,,,,,,,,,,,,,,,,,,,,,,,,,,,,,,,,,,,,,,,,,,,,,,,,,
Miguel Gomez,RP,FA,,,,,,,,,,,,,,,,,,,,,,,,,,,,,,,,,,,,,,,,,,,,,,,,,,,
Michael Perez,RP,FA,,,,,,,,,,,,,,,,,,,,,,,,,,,,,,,,,,,,,,,,,,,,,,,,,,,
Ronald Kelly,SP,FA,,,,,,,,,,,,,,,,,,,,,,,,,,,,,,,,,,,,,,,,,,,,,,,,,,,
Raul Alcantara,RP,FA,,,,,,,,,,,,,,,,,,,,,,,,,,,,,,,,,,,,,,,,,,,,,,,,,,,
Jesus Clode,RP,FA,,,,,,,,,,,,,,,,,,,,,,,,,,,,,,,,,,,,,,,,,,,,,,,,,,,
Jorger Petri,RP,FA,,,,,,,,,,,,,,,,,,,,,,,,,,,,,,,,,,,,,,,,,,,,,,,,,,,
Yordany Marte,SP,FA,,,,,,,,,,,,,,,,,,,,,,,,,,,,,,,,,,,,,,,,,,,,,,,,,,,
Riskiel Tineo,RP,FA,,,,,,,,,,,,,,,,,,,,,,,,,,,,,,,,,,,,,,,,,,,,,,,,,,,
Matt Merrill,RP,FA,,,,,,,,,,,,,,,,,,,,,,,,,,,,,,,,,,,,,,,,,,,,,,,,,,,
Grant Umberger,SP,FA,,,,,,,,,,,,,,,,,,,,,,,,,,,,,,,,,,,,,,,,,,,,,,,,,,,
Jholbran Herder,RP,FA,,,,,,,,,,,,,,,,,,,,,,,,,,,,,,,,,,,,,,,,,,,,,,,,,,,
Steven Sanchez,RP,FA,,,,,,,,,,,,,,,,,,,,,,,,,,,,,,,,,,,,,,,,,,,,,,,,,,,
Chuck King,SP,FA,,,,,,,,,,,,,,,,,,,,,,,,,,,,,,,,,,,,,,,,,,,,,,,,,,,
Juan Mercedes,RP,FA,,,,,,,,,,,,,,,,,,,,,,,,,,,,,,,,,,,,,,,,,,,,,,,,,,,
Bernard Jose,RP,FA,,,,,,,,,,,,,,,,,,,,,,,,,,,,,,,,,,,,,,,,,,,,,,,,,,,
Jose Geraldo,RP,FA,,,,,,,,,,,,,,,,,,,,,,,,,,,,,,,,,,,,,,,,,,,,,,,,,,,
Jack White,RP,FA,,,,,,,,,,,,,,,,,,,,,,,,,,,,,,,,,,,,,,,,,,,,,,,,,,,
Alejandro Lugo,RP,FA,,,,,,,,,,,,,,,,,,,,,,,,,,,,,,,,,,,,,,,,,,,,,,,,,,,
Victor Simeon,RP,FA,,,,,,,,,,,,,,,,,,,,,,,,,,,,,,,,,,,,,,,,,,,,,,,,,,,
Samuel Vasquez,RP,FA,,,,,,,,,,,,,,,,,,,,,,,,,,,,,,,,,,,,,,,,,,,,,,,,,,,
Cooper Adams,RP,FA,,,,,,,,,,,,,,,,,,,,,,,,,,,,,,,,,,,,,,,,,,,,,,,,,,,
Rob Griswold,RP,FA,,,,,,,,,,,,,,,,,,,,,,,,,,,,,,,,,,,,,,,,,,,,,,,,,,,
Jackson Kirkpatrick,RP,FA,,,,,,,,,,,,,,,,,,,,,,,,,,,,,,,,,,,,,,,,,,,,,,,,,,,
Ethan Bell,RP,FA,,,,,,,,,,,,,,,,,,,,,,,,,,,,,,,,,,,,,,,,,,,,,,,,,,,
Trevor Kuncl,RP,FA,,,,,,,,,,,,,,,,,,,,,,,,,,,,,,,,,,,,,,,,,,,,,,,,,,,
Marco Jimenez,RP,FA,,,,,,,,,,,,,,,,,,,,,,,,,,,,,,,,,,,,,,,,,,,,,,,,,,,
Cam Brown,RP,FA,,,,,,,,,,,,,,,,,,,,,,,,,,,,,,,,,,,,,,,,,,,,,,,,,,,
Konnor Ash,RP,FA,,,,,,,,,,,,,,,,,,,,,,,,,,,,,,,,,,,,,,,,,,,,,,,,,,,
Geison Urbaez,RP,FA,,,,,,,,,,,,,,,,,,,,,,,,,,,,,,,,,,,,,,,,,,,,,,,,,,,
Devin Futrell,SP,FA,,,,,,,,,,,,,,,,,,,,,,,,,,,,,,,,,,,,,,,,,,,,,,,,,,,
Robert Terrero,SP,FA,,,,,,,,,,,,,,,,,,,,,,,,,,,,,,,,,,,,,,,,,,,,,,,,,,,
Grayson Thurman,RP,FA,,,,,,,,,,,,,,,,,,,,,,,,,,,,,,,,,,,,,,,,,,,,,,,,,,,
Jimmy Kingsbury,RP,FA,,,,,,,,,,,,,,,,,,,,,,,,,,,,,,,,,,,,,,,,,,,,,,,,,,,
Pedro Rodriguez,RP,FA,,,,,,,,,,,,,,,,,,,,,,,,,,,,,,,,,,,,,,,,,,,,,,,,,,,
Jonawel Valdez,RP,FA,,,,,,,,,,,,,,,,,,,,,,,,,,,,,,,,,,,,,,,,,,,,,,,,,,,
Brandon Dufault,SP,FA,,,,,,,,,,,,,,,,,,,,,,,,,,,,,,,,,,,,,,,,,,,,,,,,,,,
Alix Hernandez,RP,FA,,,,,,,,,,,,,,,,,,,,,,,,,,,,,,,,,,,,,,,,,,,,,,,,,,,
Jorge Luna,SP,FA,,,,,,,,,,,,,,,,,,,,,,,,,,,,,,,,,,,,,,,,,,,,,,,,,,,
James Tallon,RP,FA,,,,,,,,,,,,,,,,,,,,,,,,,,,,,,,,,,,,,,,,,,,,,,,,,,,
AJ Russell,SP,FA,,,,,,,,,,,,,,,,,,,,,,,,,,,,,,,,,,,,,,,,,,,,,,,,,,,
Edinzo Marquez,SP,FA,,,,,,,,,,,,,,,,,,,,,,,,,,,,,,,,,,,,,,,,,,,,,,,,,,,
Caleb Boushley,RP,FA,,,,,,,,,,,,,,,,,,,,,,,,,,,,,,,,,,,,,,,,,,,,,,,0.03,0.95,20.8,7.3,6.9
Ben Abeldt,RP,FA,,,,,,,,,,,,,,,,,,,,,,,,,,,,,,,,,,,,,,,,,,,,,,,,,,,
Jhonny Morao,RP,FA,,,,,,,,,,,,,,,,,,,,,,,,,,,,,,,,,,,,,,,,,,,,,,,,,,,
Jesus Cova,SP,FA,,,,,,,,,,,,,,,,,,,,,,,,,,,,,,,,,,,,,,,,,,,,,,,,,,,
Cory Lewis,RP,FA,,,,,,,,,,,,,,,,,,,,,,,,,,,,,,,,,,,,,,,,,,,,,,,,,,,
Ben Blair,SP,FA,,,,,,,,,,,,,,,,,,,,,,,,,,,,,,,,,,,,,,,,,,,,,,,,,,,
Angel Cruz,RP,FA,,,,,,,,,,,,,,,,,,,,,,,,,,,,,,,,,,,,,,,,,,,,,,,,,,,
Jose Zerpa,RP,FA,,,,,,,,,,,,,,,,,,,,,,,,,,,,,,,,,,,,,,,,,,,,,,,,,,,
Chen-Wei Lin,SP,FA,,,,,,,,,,,,,,,,,,,,,,,,,,,,,,,,,,,,,,,,,,,,,,,,,,,
John Murphy,RP,FA,,,,,,,,,,,,,,,,,,,,,,,,,,,,,,,,,,,,,,,,,,,,,,,,,,,
Rich Hill,SP,FA,,,,,,,,,,,,,,,,,,,,,,,,,,,,,,,,,,,,,,,,,,,,,,,,,,,
Montana Semmel,RP,FA,,,,,,,,,,,,,,,,,,,,,,,,,,,,,,,,,,,,,,,,,,,,,,,,,,,
Bryan Polanco,SP,FA,,,,,,,,,,,,,,,,,,,,,,,,,,,,,,,,,,,,,,,,,,,,,,,,,,,
Angel Gonzalez,RP,FA,,,,,,,,,,,,,,,,,,,,,,,,,,,,,,,,,,,,,,,,,,,,,,,,,,,
Gabriel Rodriguez,RP,FA,,,,,,,,,,,,,,,,,,,,,,,,,,,,,,,,,,,,,,,,,,,,,,,,,,,
Adam Mazur,SP,FA,,,,,,,,,,,,,,,,,,,,,,,,,,,,,,,,,,,,,,,,,,,,,,,-0.89,-0.52,21.8,8.6,9.0
Dariel Polanco,RP,FA,,,,,,,,,,,,,,,,,,,,,,,,,,,,,,,,,,,,,,,,,,,,,,,,,,,
Natanael Polanco,RP,FA,,,,,,,,,,,,,,,,,,,,,,,,,,,,,,,,,,,,,,,,,,,,,,,,,,,
Yarison Ruiz,RP,FA,,,,,,,,,,,,,,,,,,,,,,,,,,,,,,,,,,,,,,,,,,,,,,,,,,,
Brandison Polanco,RP,FA,,,,,,,,,,,,,,,,,,,,,,,,,,,,,,,,,,,,,,,,,,,,,,,,,,,
Brayan Polanco,RP,FA,,,,,,,,,,,,,,,,,,,,,,,,,,,,,,,,,,,,,,,,,,,,,,,,,,,
Evelio Hernandez,RP,FA,,,,,,,,,,,,,,,,,,,,,,,,,,,,,,,,,,,,,,,,,,,,,,,,,,,
Colin Selby,RP,FA,,,,,,,,,,,,,,,,,,,,,,,,,,,,,,,,,,,,,,,,,,,,,,,1.07,0.8,29.0,3.3,8.9
Miguel Molina,SP,FA,,,,,,,,,,,,,,,,,,,,,,,,,,,,,,,,,,,,,,,,,,,,,,,,,,,
Yorman Gomez,SP,FA,,,,,,,,,,,,,,,,,,,,,,,,,,,,,,,,,,,,,,,,,,,,,,,,,,,
Eliezer Peralta,SP,FA,,,,,,,,,,,,,,,,,,,,,,,,,,,,,,,,,,,,,,,,,,,,,,,,,,,
Aaron Holiday,RP,FA,,,,,,,,,,,,,,,,,,,,,,,,,,,,,,,,,,,,,,,,,,,,,,,,,,,
Austin Warner,SP,FA,,,,,,,,,,,,,,,,,,,,,,,,,,,,,,,,,,,,,,,,,,,,,,,,,,,
Eric Lin,RP,FA,,,,,,,,,,,,,,,,,,,,,,,,,,,,,,,,,,,,,,,,,,,,,,,,,,,
Chan-Min Park,SP,FA,,,,,,,,,,,,,,,,,,,,,,,,,,,,,,,,,,,,,,,,,,,,,,,,,,,
Thatcher Hurd,SP,FA,,,,,,,,,,,,,,,,,,,,,,,,,,,,,,,,,,,,,,,,,,,,,,,,,,,
Maddux Bruns,SP,FA,,,,,,,,,,,,,,,,,,,,,,,,,,,,,,,,,,,,,,,,,,,,,,,,,,,
Ben Kudrna,SP,FA,,,,,,,,,,,,,,,,,,,,,,,,,,,,,,,,,,,,,,,,,,,,,,,,,,,
Chase Anderson,RP,FA,,,,,,,,,,,,,,,,,,,,,,,,,,,,,,,,,,,,,,,,,,,,,,,,,,,
Will Bednar,RP,FA,,,,,,,,,,,,,,,,,,,,,,,,,,,,,,,,,,,,,,,,,,,,,,,,,,,
Isaiah Campbell,SP,FA,,,,,,,,,,,,,,,,,,,,,,,,,,,,,,,,,,,,,,,,,,,,,,,,,,,
Reese Dutton,SP,FA,,,,,,,,,,,,,,,,,,,,,,,,,,,,,,,,,,,,,,,,,,,,,,,,,,,
Abel Fuerte,SP,FA,,,,,,,,,,,,,,,,,,,,,,,,,,,,,,,,,,,,,,,,,,,,,,,,,,,
Brandon McPherson,SP,FA,,,,,,,,,,,,,,,,,,,,,,,,,,,,,,,,,,,,,,,,,,,,,,,,,,,
Jose Cedeno,SP,FA,,,,,,,,,,,,,,,,,,,,,,,,,,,,,,,,,,,,,,,,,,,,,,,,,,,
Jonathan Bermudez,SP,FA,,,,,,,,,,,,,,,,,,,,,,,,,,,,,,,,,,,,,,,,,,,,,,,,,,,
Indigo Diaz,RP,FA,,,,,,,,,,,,,,,,,,,,,,,,,,,,,,,,,,,,,,,,,,,,,,,,,,,
Sean Boyle,SP,FA,,,,,,,,,,,,,,,,,,,,,,,,,,,,,,,,,,,,,,,,,,,,,,,,,,,
Jesus Lafalaise,SP,FA,,,,,,,,,,,,,,,,,,,,,,,,,,,,,,,,,,,,,,,,,,,,,,,,,,,
Ross Dunn,SP,FA,,,,,,,,,,,,,,,,,,,,,,,,,,,,,,,,,,,,,,,,,,,,,,,,,,,
Yu-Min Lin,SP,FA,,,,,,,,,,,,,,,,,,,,,,,,,,,,,,,,,,,,,,,,,,,,,,,,,,,
Tyler Jay,RP,FA,,,,,,,,,,,,,,,,,,,,,,,,,,,,,,,,,,,,,,,,,,,,,,,,,,,
Jorge Marcheco,RP,FA,,,,,,,,,,,,,,,,,,,,,,,,,,,,,,,,,,,,,,,,,,,,,,,,,,,
Reid Johnston,SP,FA,,,,,,,,,,,,,,,,,,,,,,,,,,,,,,,,,,,,,,,,,,,,,,,,,,,
Luis Moreno,RP,FA,,,,,,,,,,,,,,,,,,,,,,,,,,,,,,,,,,,,,,,,,,,,,,,,,,,
Mike Sansone,SP,FA,,,,,,,,,,,,,,,,,,,,,,,,,,,,,,,,,,,,,,,,,,,,,,,,,,,
Jamison Hill,RP,FA,,,,,,,,,,,,,,,,,,,,,,,,,,,,,,,,,,,,,,,,,,,,,,,,,,,
Wilfredo Pereira,SP,FA,,,,,,,,,,,,,,,,,,,,,,,,,,,,,,,,,,,,,,,,,,,,,,,,,,,
Leonel Sequera,SP,FA,,,,,,,,,,,,,,,,,,,,,,,,,,,,,,,,,,,,,,,,,,,,,,,,,,,
Tim Cate,RP,FA,,,,,,,,,,,,,,,,,,,,,,,,,,,,,,,,,,,,,,,,,,,,,,,,,,,
Jean Munoz,RP,FA,,,,,,,,,,,,,,,,,,,,,,,,,,,,,,,,,,,,,,,,,,,,,,,,,,,
Jose Taveras,RP,FA,,,,,,,,,,,,,,,,,,,,,,,,,,,,,,,,,,,,,,,,,,,,,,,,,,,
Kevin Martinez,SP,FA,,,,,,,,,,,,,,,,,,,,,,,,,,,,,,,,,,,,,,,,,,,,,,,,,,,
Michael Prosecky,SP,FA,,,,,,,,,,,,,,,,,,,,,,,,,,,,,,,,,,,,,,,,,,,,,,,,,,,
Jonathan Jimenez,SP,FA,,,,,,,,,,,,,,,,,,,,,,,,,,,,,,,,,,,,,,,,,,,,,,,,,,,
Angel Bello,SP,FA,,,,,,,,,,,,,,,,,,,,,,,,,,,,,,,,,,,,,,,,,,,,,,,,,,,
Noah Millikan,SP,FA,,,,,,,,,,,,,,,,,,,,,,,,,,,,,,,,,,,,,,,,,,,,,,,,,,,
Oliver Franco,SP,FA,,,,,,,,,,,,,,,,,,,,,,,,,,,,,,,,,,,,,,,,,,,,,,,,,,,
LJ Waco,SP,FA,,,,,,,,,,,,,,,,,,,,,,,,,,,,,,,,,,,,,,,,,,,,,,,,,,,
Sthiven Benitez,RP,FA,,,,,,,,,,,,,,,,,,,,,,,,,,,,,,,,,,,,,,,,,,,,,,,,,,,
Dalton Roach,RP,FA,,,,,,,,,,,,,,,,,,,,,,,,,,,,,,,,,,,,,,,,,,,,,,,,,,,
Dariel Francia,RP,FA,,,,,,,,,,,,,,,,,,,,,,,,,,,,,,,,,,,,,,,,,,,,,,,,,,,
Camden Clark,RP,FA,,,,,,,,,,,,,,,,,,,,,,,,,,,,,,,,,,,,,,,,,,,,,,,,,,,
Jaime Melendez,RP,FA,,,,,,,,,,,,,,,,,,,,,,,,,,,,,,,,,,,,,,,,,,,,,,,,,,,
Walker McDuffie,RP,FA,,,,,,,,,,,,,,,,,,,,,,,,,,,,,,,,,,,,,,,,,,,,,,,,,,,
Noah Yoder,RP,FA,,,,,,,,,,,,,,,,,,,,,,,,,,,,,,,,,,,,,,,,,,,,,,,,,,,
Alexander Fuentes,SP,FA,,,,,,,,,,,,,,,,,,,,,,,,,,,,,,,,,,,,,,,,,,,,,,,,,,,
Marlon Franco,RP,FA,,,,,,,,,,,,,,,,,,,,,,,,,,,,,,,,,,,,,,,,,,,,,,,,,,,
Cole Cheatham,RP,FA,,,,,,,,,,,,,,,,,,,,,,,,,,,,,,,,,,,,,,,,,,,,,,,,,,,
Javier Gonzalez,RP,FA,,,,,,,,,,,,,,,,,,,,,,,,,,,,,,,,,,,,,,,,,,,,,,,,,,,
Jaiker Garcia,RP,FA,,,,,,,,,,,,,,,,,,,,,,,,,,,,,,,,,,,,,,,,,,,,,,,,,,,
Yeider Pineda,SP,FA,,,,,,,,,,,,,,,,,,,,,,,,,,,,,,,,,,,,,,,,,,,,,,,,,,,
Michel Cervantes,RP,FA,,,,,,,,,,,,,,,,,,,,,,,,,,,,,,,,,,,,,,,,,,,,,,,,,,,
Bryce Schaum,SP,FA,,,,,,,,,,,,,,,,,,,,,,,,,,,,,,,,,,,,,,,,,,,,,,,,,,,
Angel Vizcaino,RP,FA,,,,,,,,,,,,,,,,,,,,,,,,,,,,,,,,,,,,,,,,,,,,,,,,,,,
Gerardo Lopez,SP,FA,,,,,,,,,,,,,,,,,,,,,,,,,,,,,,,,,,,,,,,,,,,,,,,,,,,
Abner Meza,SP,FA,,,,,,,,,,,,,,,,,,,,,,,,,,,,,,,,,,,,,,,,,,,,,,,,,,,
Wilton Castillo,SP,FA,,,,,,,,,,,,,,,,,,,,,,,,,,,,,,,,,,,,,,,,,,,,,,,,,,,
Sam Gardner,RP,FA,,,,,,,,,,,,,,,,,,,,,,,,,,,,,,,,,,,,,,,,,,,,,,,,,,,
Berny Ortiz,SP,FA,,,,,,,,,,,,,,,,,,,,,,,,,,,,,,,,,,,,,,,,,,,,,,,,,,,
Kyle Tyler,RP,FA,,,,,,,,,,,,,,,,,,,,,,,,,,,,,,,,,,,,,,,,,,,,,,,,,,,
Stephen Still,SP,FA,,,,,,,,,,,,,,,,,,,,,,,,,,,,,,,,,,,,,,,,,,,,,,,,,,,
Aneudy Almonte,SP,FA,,,,,,,,,,,,,,,,,,,,,,,,,,,,,,,,,,,,,,,,,,,,,,,,,,,
Andrew Herbert,RP,FA,,,,,,,,,,,,,,,,,,,,,,,,,,,,,,,,,,,,,,,,,,,,,,,,,,,
Varis Villarreal,RP,FA,,,,,,,,,,,,,,,,,,,,,,,,,,,,,,,,,,,,,,,,,,,,,,,,,,,
Reiss Knehr,RP,FA,,,,,,,,,,,,,,,,,,,,,,,,,,,,,,,,,,,,,,,,,,,,,,,,,,,
Adam Bogosian,RP,FA,,,,,,,,,,,,,,,,,,,,,,,,,,,,,,,,,,,,,,,,,,,,,,,,,,,
Winyer Chourio,RP,FA,,,,,,,,,,,,,,,,,,,,,,,,,,,,,,,,,,,,,,,,,,,,,,,,,,,
Alejandro Chiquillo,RP,FA,,,,,,,,,,,,,,,,,,,,,,,,,,,,,,,,,,,,,,,,,,,,,,,,,,,
Anderson Nance,RP,FA,,,,,,,,,,,,,,,,,,,,,,,,,,,,,,,,,,,,,,,,,,,,,,,,,,,
Austin Schulfer,RP,FA,,,,,,,,,,,,,,,,,,,,,,,,,,,,,,,,,,,,,,,,,,,,,,,,,,,
Tate Carey,SP,FA,,,,,,,,,,,,,,,,,,,,,,,,,,,,,,,,,,,,,,,,,,,,,,,,,,,
Victor Duarte,RP,FA,,,,,,,,,,,,,,,,,,,,,,,,,,,,,,,,,,,,,,,,,,,,,,,,,,,
Josehp Marte,SP,FA,,,,,,,,,,,,,,,,,,,,,,,,,,,,,,,,,,,,,,,,,,,,,,,,,,,
Michael Ramirez,RP,FA,,,,,,,,,,,,,,,,,,,,,,,,,,,,,,,,,,,,,,,,,,,,,,,,,,,
Bradley Brehmer,RP,FA,,,,,,,,,,,,,,,,,,,,,,,,,,,,,,,,,,,,,,,,,,,,,,,,,,,
Santiago Rojas,RP,FA,,,,,,,,,,,,,,,,,,,,,,,,,,,,,,,,,,,,,,,,,,,,,,,,,,,
Jesse Rusinek,RP,FA,,,,,,,,,,,,,,,,,,,,,,,,,,,,,,,,,,,,,,,,,,,,,,,,,,,
Jose Miguel Rodriguez,SP,FA,,,,,,,,,,,,,,,,,,,,,,,,,,,,,,,,,,,,,,,,,,,,,,,,,,,
Sam Rochard,RP,FA,,,,,,,,,,,,,,,,,,,,,,,,,,,,,,,,,,,,,,,,,,,,,,,,,,,
Augie Mojica,RP,FA,,,,,,,,,,,,,,,,,,,,,,,,,,,,,,,,,,,,,,,,,,,,,,,,,,,
Jake Walkinshaw,RP,FA,,,,,,,,,,,,,,,,,,,,,,,,,,,,,,,,,,,,,,,,,,,,,,,,,,,
Justin Kelly,RP,FA,,,,,,,,,,,,,,,,,,,,,,,,,,,,,,,,,,,,,,,,,,,,,,,,,,,
Cesar Rojas,RP,FA,,,,,,,,,,,,,,,,,,,,,,,,,,,,,,,,,,,,,,,,,,,,,,,,,,,
Edgar Leon,RP,FA,,,,,,,,,,,,,,,,,,,,,,,,,,,,,,,,,,,,,,,,,,,,,,,,,,,
Cam Alldred,SP,FA,,,,,,,,,,,,,,,,,,,,,,,,,,,,,,,,,,,,,,,,,,,,,,,,,,,
Jose Ledesma,RP,FA,,,,,,,,,,,,,,,,,,,,,,,,,,,,,,,,,,,,,,,,,,,,,,,,,,,
Diovel Mariano,RP,FA,,,,,,,,,,,,,,,,,,,,,,,,,,,,,,,,,,,,,,,,,,,,,,,,,,,
Jecsua Liborius,RP,FA,,,,,,,,,,,,,,,,,,,,,,,,,,,,,,,,,,,,,,,,,,,,,,,,,,,
Inohan Paniagua,SP,FA,,,,,,,,,,,,,,,,,,,,,,,,,,,,,,,,,,,,,,,,,,,,,,,,,,,
Logan Mercado,RP,FA,,,,,,,,,,,,,,,,,,,,,,,,,,,,,,,,,,,,,,,,,,,,,,,,,,,
Elier Morillo,RP,FA,,,,,,,,,,,,,,,,,,,,,,,,,,,,,,,,,,,,,,,,,,,,,,,,,,,
Keisther Castillo,SP,FA,,,,,,,,,,,,,,,,,,,,,,,,,,,,,,,,,,,,,,,,,,,,,,,,,,,
Nick Trabacchi,RP,FA,,,,,,,,,,,,,,,,,,,,,,,,,,,,,,,,,,,,,,,,,,,,,,,,,,,
Beau Blanchard,SP,FA,,,,,,,,,,,,,,,,,,,,,,,,,,,,,,,,,,,,,,,,,,,,,,,,,,,
Ivan Armstrong,RP,FA,,,,,,,,,,,,,,,,,,,,,,,,,,,,,,,,,,,,,,,,,,,,,,,,,,,
Carlos Medina,SP,FA,,,,,,,,,,,,,,,,,,,,,,,,,,,,,,,,,,,,,,,,,,,,,,,,,,,
Teague Conrad,SP,FA,,,,,,,,,,,,,,,,,,,,,,,,,,,,,,,,,,,,,,,,,,,,,,,,,,,
Sayer Diederich,RP,FA,,,,,,,,,,,,,,,,,,,,,,,,,,,,,,,,,,,,,,,,,,,,,,,,,,,
Zack Morris,RP,FA,,,,,,,,,,,,,,,,,,,,,,,,,,,,,,,,,,,,,,,,,,,,,,,,,,,
Clay Helvey,RP,FA,,,,,,,,,,,,,,,,,,,,,,,,,,,,,,,,,,,,,,,,,,,,,,,,,,,
Will Sandy,SP,FA,,,,,,,,,,,,,,,,,,,,,,,,,,,,,,,,,,,,,,,,,,,,,,,,,,,
Owen Pote,SP,FA,,,,,,,,,,,,,,,,,,,,,,,,,,,,,,,,,,,,,,,,,,,,,,,,,,,
Tanner Shears,SP,FA,,,,,,,,,,,,,,,,,,,,,,,,,,,,,,,,,,,,,,,,,,,,,,,,,,,
Xiomer Guacache,RP,FA,,,,,,,,,,,,,,,,,,,,,,,,,,,,,,,,,,,,,,,,,,,,,,,,,,,
Derek Vartanian,SP,FA,,,,,,,,,,,,,,,,,,,,,,,,,,,,,,,,,,,,,,,,,,,,,,,,,,,
Brady Choban,RP,FA,,,,,,,,,,,,,,,,,,,,,,,,,,,,,,,,,,,,,,,,,,,,,,,,,,,
Bryson Van Sickle,RP,FA,,,,,,,,,,,,,,,,,,,,,,,,,,,,,,,,,,,,,,,,,,,,,,,,,,,
Maikel Miralles,SP,FA,,,,,,,,,,,,,,,,,,,,,,,,,,,,,,,,,,,,,,,,,,,,,,,,,,,
Josh Hartle,SP,FA,,,,,,,,,,,,,,,,,,,,,,,,,,,,,,,,,,,,,,,,,,,,,,,,,,,
Jose Gutierrez,SP,FA,,,,,,,,,,,,,,,,,,,,,,,,,,,,,,,,,,,,,,,,,,,,,,,,,,,
Haruki Komoda,SP,FA,,,,,,,,,,,,,,,,,,,,,,,,,,,,,,,,,,,,,,,,,,,,,,,,,,,
Anderson Guevara,RP,FA,,,,,,,,,,,,,,,,,,,,,,,,,,,,,,,,,,,,,,,,,,,,,,,,,,,
Jorge Herrera,RP,FA,,,,,,,,,,,,,,,,,,,,,,,,,,,,,,,,,,,,,,,,,,,,,,,,,,,
Anthony Solometo,SP,FA,,,,,,,,,,,,,,,,,,,,,,,,,,,,,,,,,,,,,,,,,,,,,,,,,,,
Neiker Palacios,RP,FA,,,,,,,,,,,,,,,,,,,,,,,,,,,,,,,,,,,,,,,,,,,,,,,,,,,
Jesus Colina,RP,FA,,,,,,,,,,,,,,,,,,,,,,,,,,,,,,,,,,,,,,,,,,,,,,,,,,,
Diego Figueroa,RP,FA,,,,,,,,,,,,,,,,,,,,,,,,,,,,,,,,,,,,,,,,,,,,,,,,,,,
Hyun-Seok Jang,SP,FA,,,,,,,,,,,,,,,,,,,,,,,,,,,,,,,,,,,,,,,,,,,,,,,,,,,
Bryce Shaffer,RP,FA,,,,,,,,,,,,,,,,,,,,,,,,,,,,,,,,,,,,,,,,,,,,,,,,,,,
Mauricio Colmenares,SP,FA,,,,,,,,,,,,,,,,,,,,,,,,,,,,,,,,,,,,,,,,,,,,,,,,,,,
Yeferson Silva,RP,FA,,,,,,,,,,,,,,,,,,,,,,,,,,,,,,,,,,,,,,,,,,,,,,,,,,,
Daniel Martinez,SP,FA,,,,,,,,,,,,,,,,,,,,,,,,,,,,,,,,,,,,,,,,,,,,,,,,,,,
Lane Ramsey,RP,FA,,,,,,,,,,,,,,,,,,,,,,,,,,,,,,,,,,,,,,,,,,,,,,,,,,,
Alec Barger,SP,FA,,,,,,,,,,,,,,,,,,,,,,,,,,,,,,,,,,,,,,,,,,,,,,,,,,,
Yoryi Simarra,RP,FA,,,,,,,,,,,,,,,,,,,,,,,,,,,,,,,,,,,,,,,,,,,,,,,,,,,
Edinson Salgado,RP,FA,,,,,,,,,,,,,,,,,,,,,,,,,,,,,,,,,,,,,,,,,,,,,,,,,,,
Ryan Lynch,RP,FA,,,,,,,,,,,,,,,,,,,,,,,,,,,,,,,,,,,,,,,,,,,,,,,,,,,
Yeuris Jimenez,RP,FA,,,,,,,,,,,,,,,,,,,,,,,,,,,,,,,,,,,,,,,,,,,,,,,,,,,
Nelson Alvarez,RP,FA,,,,,,,,,,,,,,,,,,,,,,,,,,,,,,,,,,,,,,,,,,,,,,,,,,,
Jack Mahoney,RP,FA,,,,,,,,,,,,,,,,,,,,,,,,,,,,,,,,,,,,,,,,,,,,,,,,,,,
Juan Rojas,RP,FA,,,,,,,,,,,,,,,,,,,,,,,,,,,,,,,,,,,,,,,,,,,,,,,,,,,
Tomas Valincius,SP,FA,,,,,,,,,,,,,,,,,,,,,,,,,,,,,,,,,,,,,,,,,,,,,,,,,,,
Angel Obando,RP,FA,,,,,,,,,,,,,,,,,,,,,,,,,,,,,,,,,,,,,,,,,,,,,,,,,,,
Matt Moore,RP,FA,,,,,,,,,,,,,,,,,,,,,,,,,,,,,,,,,,,,,,,,,,,,,,,,,,,
Aaron Haase,RP,FA,,,,,,,,,,,,,,,,,,,,,,,,,,,,,,,,,,,,,,,,,,,,,,,,,,,
Tyler Thornton,RP,FA,,,,,,,,,,,,,,,,,,,,,,,,,,,,,,,,,,,,,,,,,,,,,,,,,,,
Joseph Hernandez,RP,FA,,,,,,,,,,,,,,,,,,,,,,,,,,,,,,,,,,,,,,,,,,,,,,,,,,,
Tyler Anderson,SP,FA,,,,,,,,,,,,,,,,,,,,,,,,,,,,,,,,,,,,,,,,,,,,,,,0.35,0.59,25.0,9.5,6.6
Nick Ramirez,RP,FA,,,,,,,,,,,,,,,,,,,,,,,,,,,,,,,,,,,,,,,,,,,,,,,,,,,
Edinson Batista,SP,FA,,,,,,,,,,,,,,,,,,,,,,,,,,,,,,,,,,,,,,,,,,,,,,,,,,,
Sammy Tavarez,RP,FA,,,,,,,,,,,,,,,,,,,,,,,,,,,,,,,,,,,,,,,,,,,,,,,,,,,
Angel Bastardo,SP,FA,,,,,,,,,,,,,,,,,,,,,,,,,,,,,,,,,,,,,,,,,,,,,,,,,,,
Sean Hermann,RP,FA,,,,,,,,,,,,,,,,,,,,,,,,,,,,,,,,,,,,,,,,,,,,,,,,,,,
Jesus Cruz,RP,FA,,,,,,,,,,,,,,,,,,,,,,,,,,,,,,,,,,,,,,,,,,,,,,,,,,,
Prelander Berroa,RP,FA,,,,,,,,,,,,,,,,,,,,,,,,,,,,,,,,,,,,,,,,,,,,,,,,,,,
Angel Benitez,SP,FA,,,,,,,,,,,,,,,,,,,,,,,,,,,,,,,,,,,,,,,,,,,,,,,,,,,
Javier Rivera,SP,FA,,,,,,,,,,,,,,,,,,,,,,,,,,,,,,,,,,,,,,,,,,,,,,,,,,,
Jordy Arias,RP,FA,,,,,,,,,,,,,,,,,,,,,,,,,,,,,,,,,,,,,,,,,,,,,,,,,,,
Daury Zapata,RP,FA,,,,,,,,,,,,,,,,,,,,,,,,,,,,,,,,,,,,,,,,,,,,,,,,,,,
Brent Francisco,RP,FA,,,,,,,,,,,,,,,,,,,,,,,,,,,,,,,,,,,,,,,,,,,,,,,,,,,
Jacob Edwards,RP,FA,,,,,,,,,,,,,,,,,,,,,,,,,,,,,,,,,,,,,,,,,,,,,,,,,,,
Gage Wood,SP,T,,,,,,,,,,,,,,,,,,,,,,,,,,,,,,,,,,,,,,,,,,,,,,,,,,,
Dariel Fregio,RP,FA,,,,,,,,,,,,,,,,,,,,,,,,,,,,,,,,,,,,,,,,,,,,,,,,,,,
David Lee,RP,FA,,,,,,,,,,,,,,,,,,,,,,,,,,,,,,,,,,,,,,,,,,,,,,,,,,,
P.J. Labriola,RP,FA,,,,,,,,,,,,,,,,,,,,,,,,,,,,,,,,,,,,,,,,,,,,,,,,,,,
Baldemix Cabrera,SP,FA,,,,,,,,,,,,,,,,,,,,,,,,,,,,,,,,,,,,,,,,,,,,,,,,,,,
Zach Murray,SP,FA,,,,,,,,,,,,,,,,,,,,,,,,,,,,,,,,,,,,,,,,,,,,,,,,,,,
Landon Sims,RP,FA,,,,,,,,,,,,,,,,,,,,,,,,,,,,,,,,,,,,,,,,,,,,,,,,,,,
Kevin Camacho,RP,FA,,,,,,,,,,,,,,,,,,,,,,,,,,,,,,,,,,,,,,,,,,,,,,,,,,,
Alexander Alberto,RP,FA,,,,,,,,,,,,,,,,,,,,,,,,,,,,,,,,,,,,,,,,,,,,,,,,,,,
Juan Pinto,SP,FA,,,,,,,,,,,,,,,,,,,,,,,,,,,,,,,,,,,,,,,,,,,,,,,,,,,
Brandon Barriera,SP,FA,,,,,,,,,,,,,,,,,,,,,,,,,,,,,,,,,,,,,,,,,,,,,,,,,,,
Bryan Sanchez,SP,FA,,,,,,,,,,,,,,,,,,,,,,,,,,,,,,,,,,,,,,,,,,,,,,,,,,,
Kaleb Ort,RP,FA,,,,,,,,,,,,,,,,,,,,,,,,,,,,,,,,,,,,,,,,,,,,,,,0.03,-0.68,29.2,13.9,7.0
Jeison Payano,RP,FA,,,,,,,,,,,,,,,,,,,,,,,,,,,,,,,,,,,,,,,,,,,,,,,,,,,
Sandy Gaston,RP,FA,,,,,,,,,,,,,,,,,,,,,,,,,,,,,,,,,,,,,,,,,,,,,,,,,,,
Moises Palma,RP,FA,,,,,,,,,,,,,,,,,,,,,,,,,,,,,,,,,,,,,,,,,,,,,,,,,,,
Jank Pichardo,RP,FA,,,,,,,,,,,,,,,,,,,,,,,,,,,,,,,,,,,,,,,,,,,,,,,,,,,
Fermin Magallanes,RP,FA,,,,,,,,,,,,,,,,,,,,,,,,,,,,,,,,,,,,,,,,,,,,,,,,,,,
Ronny Lopez,SP,FA,,,,,,,,,,,,,,,,,,,,,,,,,,,,,,,,,,,,,,,,,,,,,,,,,,,
Brandon Walter,SP,T,,,,,,,,,,,,,,,,,,,,,,,,,,,,,,,,,,,,,,,,,,,,,,,0.37,0.7,24.6,1.9,9.7
Naoel Mejia,RP,FA,,,,,,,,,,,,,,,,,,,,,,,,,,,,,,,,,,,,,,,,,,,,,,,,,,,
Clarence Martina,RP,FA,,,,,,,,,,,,,,,,,,,,,,,,,,,,,,,,,,,,,,,,,,,,,,,,,,,
Ronaldys Jimenez,RP,FA,,,,,,,,,,,,,,,,,,,,,,,,,,,,,,,,,,,,,,,,,,,,,,,,,,,
Chung-Hsiang Huang,SP,FA,,,,,,,,,,,,,,,,,,,,,,,,,,,,,,,,,,,,,,,,,,,,,,,,,,,
Juan Henriquez,SP,FA,,,,,,,,,,,,,,,,,,,,,,,,,,,,,,,,,,,,,,,,,,,,,,,,,,,
Danny Hilario,RP,FA,,,,,,,,,,,,,,,,,,,,,,,,,,,,,,,,,,,,,,,,,,,,,,,,,,,
Jommy Hernandez,RP,FA,,,,,,,,,,,,,,,,,,,,,,,,,,,,,,,,,,,,,,,,,,,,,,,,,,,
Fred Fajardo,RP,FA,,,,,,,,,,,,,,,,,,,,,,,,,,,,,,,,,,,,,,,,,,,,,,,,,,,
Andy Fabian,RP,FA,,,,,,,,,,,,,,,,,,,,,,,,,,,,,,,,,,,,,,,,,,,,,,,,,,,
Jharold Clemente,SP,FA,,,,,,,,,,,,,,,,,,,,,,,,,,,,,,,,,,,,,,,,,,,,,,,,,,,
Junior Flores,RP,FA,,,,,,,,,,,,,,,,,,,,,,,,,,,,,,,,,,,,,,,,,,,,,,,,,,,
Cesar De Jesus,RP,FA,,,,,,,,,,,,,,,,,,,,,,,,,,,,,,,,,,,,,,,,,,,,,,,,,,,
Norbis Diaz,RP,FA,,,,,,,,,,,,,,,,,,,,,,,,,,,,,,,,,,,,,,,,,,,,,,,,,,,
Alexander De Los Santos,SP,FA,,,,,,,,,,,,,,,,,,,,,,,,,,,,,,,,,,,,,,,,,,,,,,,,,,,
Geovanny Vasquez,RP,FA,,,,,,,,,,,,,,,,,,,,,,,,,,,,,,,,,,,,,,,,,,,,,,,,,,,
Reudis Diaz,RP,FA,,,,,,,,,,,,,,,,,,,,,,,,,,,,,,,,,,,,,,,,,,,,,,,,,,,
Carlos Carra,RP,FA,,,,,,,,,,,,,,,,,,,,,,,,,,,,,,,,,,,,,,,,,,,,,,,,,,,
Yoelvin Chirino,SP,FA,,,,,,,,,,,,,,,,,,,,,,,,,,,,,,,,,,,,,,,,,,,,,,,,,,,
Luis Beltran,RP,FA,,,,,,,,,,,,,,,,,,,,,,,,,,,,,,,,,,,,,,,,,,,,,,,,,,,
Aaron Rund,RP,FA,,,,,,,,,,,,,,,,,,,,,,,,,,,,,,,,,,,,,,,,,,,,,,,,,,,
Jeiki Beltran,RP,FA,,,,,,,,,,,,,,,,,,,,,,,,,,,,,,,,,,,,,,,,,,,,,,,,,,,
Jose Romero,RP,FA,,,,,,,,,,,,,,,,,,,,,,,,,,,,,,,,,,,,,,,,,,,,,,,,,,,
Alejandro Hidalgo,SP,FA,,,,,,,,,,,,,,,,,,,,,,,,,,,,,,,,,,,,,,,,,,,,,,,,,,,
Merlin Bido,SP,FA,,,,,,,,,,,,,,,,,,,,,,,,,,,,,,,,,,,,,,,,,,,,,,,,,,,
Ramon Suarez,RP,FA,,,,,,,,,,,,,,,,,,,,,,,,,,,,,,,,,,,,,,,,,,,,,,,,,,,
Gabriel Agostini,RP,FA,,,,,,,,,,,,,,,,,,,,,,,,,,,,,,,,,,,,,,,,,,,,,,,,,,,
Victor Brea,RP,FA,,,,,,,,,,,,,,,,,,,,,,,,,,,,,,,,,,,,,,,,,,,,,,,,,,,
Jose Nova,RP,FA,,,,,,,,,,,,,,,,,,,,,,,,,,,,,,,,,,,,,,,,,,,,,,,,,,,
Will Armbruester,RP,FA,,,,,,,,,,,,,,,,,,,,,,,,,,,,,,,,,,,,,,,,,,,,,,,,,,,
Eligio Arias,RP,FA,,,,,,,,,,,,,,,,,,,,,,,,,,,,,,,,,,,,,,,,,,,,,,,,,,,
Jhoster Baez,RP,FA,,,,,,,,,,,,,,,,,,,,,,,,,,,,,,,,,,,,,,,,,,,,,,,,,,,
Miguel Mesa,RP,FA,,,,,,,,,,,,,,,,,,,,,,,,,,,,,,,,,,,,,,,,,,,,,,,,,,,
Rowell Arroyo,RP,FA,,,,,,,,,,,,,,,,,,,,,,,,,,,,,,,,,,,,,,,,,,,,,,,,,,,
Edwardo Melendez,RP,FA,,,,,,,,,,,,,,,,,,,,,,,,,,,,,,,,,,,,,,,,,,,,,,,,,,,
Marco Barrios,RP,FA,,,,,,,,,,,,,,,,,,,,,,,,,,,,,,,,,,,,,,,,,,,,,,,,,,,
Dawil Almonte,RP,FA,,,,,,,,,,,,,,,,,,,,,,,,,,,,,,,,,,,,,,,,,,,,,,,,,,,
Jay Allmer,RP,FA,,,,,,,,,,,,,,,,,,,,,,,,,,,,,,,,,,,,,,,,,,,,,,,,,,,
Tate DeRias,SP,FA,,,,,,,,,,,,,,,,,,,,,,,,,,,,,,,,,,,,,,,,,,,,,,,,,,,
AJ Ciscar,SP,FA,,,,,,,,,,,,,,,,,,,,,,,,,,,,,,,,,,,,,,,,,,,,,,,,,,,
Adrian Belen,RP,FA,,,,,,,,,,,,,,,,,,,,,,,,,,,,,,,,,,,,,,,,,,,,,,,,,,,
Jimmy Reyes,RP,FA,,,,,,,,,,,,,,,,,,,,,,,,,,,,,,,,,,,,,,,,,,,,,,,,,,,
Eston Stull,RP,FA,,,,,,,,,,,,,,,,,,,,,,,,,,,,,,,,,,,,,,,,,,,,,,,,,,,
Logan Berrier,RP,FA,,,,,,,,,,,,,,,,,,,,,,,,,,,,,,,,,,,,,,,,,,,,,,,,,,,
Anthony Garcia,RP,FA,,,,,,,,,,,,,,,,,,,,,,,,,,,,,,,,,,,,,,,,,,,,,,,,,,,
Peyton Glavine,RP,FA,,,,,,,,,,,,,,,,,,,,,,,,,,,,,,,,,,,,,,,,,,,,,,,,,,,
Adolfo Ramirez,RP,FA,,,,,,,,,,,,,,,,,,,,,,,,,,,,,,,,,,,,,,,,,,,,,,,,,,,
Edgar Sanchez,RP,FA,,,,,,,,,,,,,,,,,,,,,,,,,,,,,,,,,,,,,,,,,,,,,,,,,,,
Ryan Ramsey,SP,FA,,,,,,,,,,,,,,,,,,,,,,,,,,,,,,,,,,,,,,,,,,,,,,,,,,,
Andrew Walters,RP,FA,,,,,,,,,,,,,,,,,,,,,,,,,,,,,,,,,,,,,,,,,,,,,,,,,,,
Maximo Martinez,RP,FA,,,,,,,,,,,,,,,,,,,,,,,,,,,,,,,,,,,,,,,,,,,,,,,,,,,
Richard Fitts,SP,FA,,,,,,,,,,,,,,,,,,,,,,,,,,,,,,,,,,,,,,,,,,,,,,,0.42,0.63,25.3,8.2,7.1
Juan De Los Santos,SP,FA,,,,,,,,,,,,,,,,,,,,,,,,,,,,,,,,,,,,,,,,,,,,,,,,,,,
Blake Morgan,SP,FA,,,,,,,,,,,,,,,,,,,,,,,,,,,,,,,,,,,,,,,,,,,,,,,,,,,
McCade Brown,SP,FA,,,,,,,,,,,,,,,,,,,,,,,,,,,,,,,,,,,,,,,,,,,,,,,-0.81,-0.69,23.3,13.5,7.2
Clevari Tejada,SP,FA,,,,,,,,,,,,,,,,,,,,,,,,,,,,,,,,,,,,,,,,,,,,,,,,,,,
Zach Bryant,RP,FA,,,,,,,,,,,,,,,,,,,,,,,,,,,,,,,,,,,,,,,,,,,,,,,,,,,
Ross Carver,RP,FA,,,,,,,,,,,,,,,,,,,,,,,,,,,,,,,,,,,,,,,,,,,,,,,,,,,
Christian MacLeod,SP,FA,,,,,,,,,,,,,,,,,,,,,,,,,,,,,,,,,,,,,,,,,,,,,,,,,,,
Wilian Bormie,RP,FA,,,,,,,,,,,,,,,,,,,,,,,,,,,,,,,,,,,,,,,,,,,,,,,,,,,
Jose Chacin,SP,FA,,,,,,,,,,,,,,,,,,,,,,,,,,,,,,,,,,,,,,,,,,,,,,,,,,,
Raymon Rosario,RP,FA,,,,,,,,,,,,,,,,,,,,,,,,,,,,,,,,,,,,,,,,,,,,,,,,,,,
Daniel Guerra,SP,FA,,,,,,,,,,,,,,,,,,,,,,,,,,,,,,,,,,,,,,,,,,,,,,,,,,,
Junior William,RP,FA,,,,,,,,,,,,,,,,,,,,,,,,,,,,,,,,,,,,,,,,,,,,,,,,,,,
Conor Steinbaugh,RP,FA,,,,,,,,,,,,,,,,,,,,,,,,,,,,,,,,,,,,,,,,,,,,,,,,,,,
Joseilyn Gonzalez,RP,FA,,,,,,,,,,,,,,,,,,,,,,,,,,,,,,,,,,,,,,,,,,,,,,,,,,,
Jesus Camejo,RP,FA,,,,,,,,,,,,,,,,,,,,,,,,,,,,,,,,,,,,,,,,,,,,,,,,,,,
Cesar Espinal,RP,FA,,,,,,,,,,,,,,,,,,,,,,,,,,,,,,,,,,,,,,,,,,,,,,,,,,,
Samuel Savinon,SP,FA,,,,,,,,,,,,,,,,,,,,,,,,,,,,,,,,,,,,,,,,,,,,,,,,,,,
Felix Castro,RP,FA,,,,,,,,,,,,,,,,,,,,,,,,,,,,,,,,,,,,,,,,,,,,,,,,,,,
Raffi Vizcaino,RP,FA,,,,,,,,,,,,,,,,,,,,,,,,,,,,,,,,,,,,,,,,,,,,,,,,,,,
Luke Anderson,SP,FA,,,,,,,,,,,,,,,,,,,,,,,,,,,,,,,,,,,,,,,,,,,,,,,,,,,
Mervin Fell,SP,FA,,,,,,,,,,,,,,,,,,,,,,,,,,,,,,,,,,,,,,,,,,,,,,,,,,,
Hunter Breault,RP,FA,,,,,,,,,,,,,,,,,,,,,,,,,,,,,,,,,,,,,,,,,,,,,,,,,,,
Luis De La Torre,SP,FA,,,,,,,,,,,,,,,,,,,,,,,,,,,,,,,,,,,,,,,,,,,,,,,,,,,
Jesus Broca,RP,FA,,,,,,,,,,,,,,,,,,,,,,,,,,,,,,,,,,,,,,,,,,,,,,,,,,,
Deylen Miley,SP,FA,,,,,,,,,,,,,,,,,,,,,,,,,,,,,,,,,,,,,,,,,,,,,,,,,,,
Andrew Perez,RP,FA,,,,,,,,,,,,,,,,,,,,,,,,,,,,,,,,,,,,,,,,,,,,,,,,,,,
Fidel Montero,RP,FA,,,,,,,,,,,,,,,,,,,,,,,,,,,,,,,,,,,,,,,,,,,,,,,,,,,
Zane Adams,SP,FA,,,,,,,,,,,,,,,,,,,,,,,,,,,,,,,,,,,,,,,,,,,,,,,,,,,
Jake Bloss,SP,FA,,,,,,,,,,,,,,,,,,,,,,,,,,,,,,,,,,,,,,,,,,,,,,,,,,,
Jose Olivares,SP,FA,,,,,,,,,,,,,,,,,,,,,,,,,,,,,,,,,,,,,,,,,,,,,,,,,,,
Jose Varela,RP,FA,,,,,,,,,,,,,,,,,,,,,,,,,,,,,,,,,,,,,,,,,,,,,,,,,,,
Hiro Wyatt,SP,FA,,,,,,,,,,,,,,,,,,,,,,,,,,,,,,,,,,,,,,,,,,,,,,,,,,,
Casey Kelly,RP,FA,,,,,,,,,,,,,,,,,,,,,,,,,,,,,,,,,,,,,,,,,,,,,,,,,,,
Emmanuel Pena,SP,FA,,,,,,,,,,,,,,,,,,,,,,,,,,,,,,,,,,,,,,,,,,,,,,,,,,,
Brad Case,RP,FA,,,,,,,,,,,,,,,,,,,,,,,,,,,,,,,,,,,,,,,,,,,,,,,,,,,
Yorlin Calderon,RP,FA,,,,,,,,,,,,,,,,,,,,,,,,,,,,,,,,,,,,,,,,,,,,,,,,,,,
Josh Hejka,RP,FA,,,,,,,,,,,,,,,,,,,,,,,,,,,,,,,,,,,,,,,,,,,,,,,,,,,
Keyner Martinez,SP,FA,,,,,,,,,,,,,,,,,,,,,,,,,,,,,,,,,,,,,,,,,,,,,,,,,,,
Cole Percival,RP,FA,,,,,,,,,,,,,,,,,,,,,,,,,,,,,,,,,,,,,,,,,,,,,,,,,,,
Danny Watson,RP,FA,,,,,,,,,,,,,,,,,,,,,,,,,,,,,,,,,,,,,,,,,,,,,,,,,,,
Marcelo Harsch,RP,FA,,,,,,,,,,,,,,,,,,,,,,,,,,,,,,,,,,,,,,,,,,,,,,,,,,,
Jatnk Diaz,SP,FA,,,,,,,,,,,,,,,,,,,,,,,,,,,,,,,,,,,,,,,,,,,,,,,,,,,
Evan Jones,RP,FA,,,,,,,,,,,,,,,,,,,,,,,,,,,,,,,,,,,,,,,,,,,,,,,,,,,
Victor Rodriguez,RP,FA,,,,,,,,,,,,,,,,,,,,,,,,,,,,,,,,,,,,,,,,,,,,,,,,,,,
Yeraldo Salcedo,RP,FA,,,,,,,,,,,,,,,,,,,,,,,,,,,,,,,,,,,,,,,,,,,,,,,,,,,
Chaily Ramirez,RP,FA,,,,,,,,,,,,,,,,,,,,,,,,,,,,,,,,,,,,,,,,,,,,,,,,,,,
Joe Nahas,RP,FA,,,,,,,,,,,,,,,,,,,,,,,,,,,,,,,,,,,,,,,,,,,,,,,,,,,
Sam Thoresen,RP,FA,,,,,,,,,,,,,,,,,,,,,,,,,,,,,,,,,,,,,,,,,,,,,,,,,,,
Roberto Urdaneta,RP,FA,,,,,,,,,,,,,,,,,,,,,,,,,,,,,,,,,,,,,,,,,,,,,,,,,,,
Deivi Villafana,SP,FA,,,,,,,,,,,,,,,,,,,,,,,,,,,,,,,,,,,,,,,,,,,,,,,,,,,
Mendry Solano,RP,FA,,,,,,,,,,,,,,,,,,,,,,,,,,,,,,,,,,,,,,,,,,,,,,,,,,,
Stanly Alcantara,RP,FA,,,,,,,,,,,,,,,,,,,,,,,,,,,,,,,,,,,,,,,,,,,,,,,,,,,
Erick Batista,RP,FA,,,,,,,,,,,,,,,,,,,,,,,,,,,,,,,,,,,,,,,,,,,,,,,,,,,
Jack Mahoney,SP,FA,,,,,,,,,,,,,,,,,,,,,,,,,,,,,,,,,,,,,,,,,,,,,,,,,,,
Yeimison Arias,RP,FA,,,,,,,,,,,,,,,,,,,,,,,,,,,,,,,,,,,,,,,,,,,,,,,,,,,
Christian Oppor,SP,FA,,,,,,,,,,,,,,,,,,,,,,,,,,,,,,,,,,,,,,,,,,,,,,,,,,,
Jubrayker Salaya,RP,FA,,,,,,,,,,,,,,,,,,,,,,,,,,,,,,,,,,,,,,,,,,,,,,,,,,,
Yaqui Rivera,RP,FA,,,,,,,,,,,,,,,,,,,,,,,,,,,,,,,,,,,,,,,,,,,,,,,,,,,
Ian Villers,RP,FA,,,,,,,,,,,,,,,,,,,,,,,,,,,,,,,,,,,,,,,,,,,,,,,,,,,
Albert Ramos,SP,FA,,,,,,,,,,,,,,,,,,,,,,,,,,,,,,,,,,,,,,,,,,,,,,,,,,,
R.J. Dabovich,RP,FA,,,,,,,,,,,,,,,,,,,,,,,,,,,,,,,,,,,,,,,,,,,,,,,,,,,
Dalton Fowler,RP,FA,,,,,,,,,,,,,,,,,,,,,,,,,,,,,,,,,,,,,,,,,,,,,,,,,,,
Luis De Avila,SP,FA,,,,,,,,,,,,,,,,,,,,,,,,,,,,,,,,,,,,,,,,,,,,,,,,,,,
Yosangel Braffit,SP,FA,,,,,,,,,,,,,,,,,,,,,,,,,,,,,,,,,,,,,,,,,,,,,,,,,,,
Justin Storm,RP,FA,,,,,,,,,,,,,,,,,,,,,,,,,,,,,,,,,,,,,,,,,,,,,,,,,,,
Emilio Ramos,RP,FA,,,,,,,,,,,,,,,,,,,,,,,,,,,,,,,,,,,,,,,,,,,,,,,,,,,
Jacob Widener,RP,FA,,,,,,,,,,,,,,,,,,,,,,,,,,,,,,,,,,,,,,,,,,,,,,,,,,,
Bradley Wilson,RP,FA,,,,,,,,,,,,,,,,,,,,,,,,,,,,,,,,,,,,,,,,,,,,,,,,,,,
Hunter Furtado,RP,FA,,,,,,,,,,,,,,,,,,,,,,,,,,,,,,,,,,,,,,,,,,,,,,,,,,,
Justin Fuson,SP,FA,,,,,,,,,,,,,,,,,,,,,,,,,,,,,,,,,,,,,,,,,,,,,,,,,,,
Simon Gregersen,RP,FA,,,,,,,,,,,,,,,,,,,,,,,,,,,,,,,,,,,,,,,,,,,,,,,,,,,
Luis Valdez,RP,FA,,,,,,,,,,,,,,,,,,,,,,,,,,,,,,,,,,,,,,,,,,,,,,,,,,,
Leonil De Leon,SP,FA,,,,,,,,,,,,,,,,,,,,,,,,,,,,,,,,,,,,,,,,,,,,,,,,,,,
Dalton Rogers,SP,FA,,,,,,,,,,,,,,,,,,,,,,,,,,,,,,,,,,,,,,,,,,,,,,,,,,,
Matthew Fisher,SP,FA,,,,,,,,,,,,,,,,,,,,,,,,,,,,,,,,,,,,,,,,,,,,,,,,,,,
Marcus Phillips,SP,FA,,,,,,,,,,,,,,,,,,,,,,,,,,,,,,,,,,,,,,,,,,,,,,,,,,,
Edgar Portes,RP,FA,,,,,,,,,,,,,,,,,,,,,,,,,,,,,,,,,,,,,,,,,,,,,,,,,,,
Trystan Vrieling,SP,FA,,,,,,,,,,,,,,,,,,,,,,,,,,,,,,,,,,,,,,,,,,,,,,,,,,,
Michael Knorr,RP,FA,,,,,,,,,,,,,,,,,,,,,,,,,,,,,,,,,,,,,,,,,,,,,,,,,,,
Delvis Alegre,SP,FA,,,,,,,,,,,,,,,,,,,,,,,,,,,,,,,,,,,,,,,,,,,,,,,,,,,
Carson Coleman,RP,FA,,,,,,,,,,,,,,,,,,,,,,,,,,,,,,,,,,,,,,,,,,,,,,,,,,,
Luis Rodriguez,SP,FA,,,,,,,,,,,,,,,,,,,,,,,,,,,,,,,,,,,,,,,,,,,,,,,,,,,
Cristian Rego,SP,FA,,,,,,,,,,,,,,,,,,,,,,,,,,,,,,,,,,,,,,,,,,,,,,,,,,,
Tomoya Kinjo,SP,FA,,,,,,,,,,,,,,,,,,,,,,,,,,,,,,,,,,,,,,,,,,,,,,,,,,,
Blake Beers,SP,FA,,,,,,,,,,,,,,,,,,,,,,,,,,,,,,,,,,,,,,,,,,,,,,,,,,,
Jackson Nezuh,SP,FA,,,,,,,,,,,,,,,,,,,,,,,,,,,,,,,,,,,,,,,,,,,,,,,,,,,
Misael Tamarez,RP,FA,,,,,,,,,,,,,,,,,,,,,,,,,,,,,,,,,,,,,,,,,,,,,,,,,,,
Saul Teran,RP,FA,,,,,,,,,,,,,,,,,,,,,,,,,,,,,,,,,,,,,,,,,,,,,,,,,,,
Michael Massey,SP,FA,,,,,,,,,,,,,,,,,,,,,,,,,,,,,,,,,,,,,,,,,,,,,,,,,,,
Darien Smith,RP,FA,,,,,,,,,,,,,,,,,,,,,,,,,,,,,,,,,,,,,,,,,,,,,,,,,,,
Jose Serrano,RP,FA,,,,,,,,,,,,,,,,,,,,,,,,,,,,,,,,,,,,,,,,,,,,,,,,,,,
Josdanner Suarez,RP,FA,,,,,,,,,,,,,,,,,,,,,,,,,,,,,,,,,,,,,,,,,,,,,,,,,,,
Ayendy Bravo,RP,FA,,,,,,,,,,,,,,,,,,,,,,,,,,,,,,,,,,,,,,,,,,,,,,,,,,,
Gant Starling,RP,FA,,,,,,,,,,,,,,,,,,,,,,,,,,,,,,,,,,,,,,,,,,,,,,,,,,,
Yokelvin Reyes,RP,FA,,,,,,,,,,,,,,,,,,,,,,,,,,,,,,,,,,,,,,,,,,,,,,,,,,,
Alan Reyes,RP,FA,,,,,,,,,,,,,,,,,,,,,,,,,,,,,,,,,,,,,,,,,,,,,,,,,,,
Luifer Romero,SP,FA,,,,,,,,,,,,,,,,,,,,,,,,,,,,,,,,,,,,,,,,,,,,,,,,,,,
Wanmer Ramirez,RP,FA,,,,,,,,,,,,,,,,,,,,,,,,,,,,,,,,,,,,,,,,,,,,,,,,,,,
Yermain Ruiz,SP,FA,,,,,,,,,,,,,,,,,,,,,,,,,,,,,,,,,,,,,,,,,,,,,,,,,,,
Renil Ramos,RP,FA,,,,,,,,,,,,,,,,,,,,,,,,,,,,,,,,,,,,,,,,,,,,,,,,,,,
Fernando Ramos,RP,FA,,,,,,,,,,,,,,,,,,,,,,,,,,,,,,,,,,,,,,,,,,,,,,,,,,,
Jake Curtis,RP,FA,,,,,,,,,,,,,,,,,,,,,,,,,,,,,,,,,,,,,,,,,,,,,,,,,,,
Brennen Oxford,RP,FA,,,,,,,,,,,,,,,,,,,,,,,,,,,,,,,,,,,,,,,,,,,,,,,,,,,
Kaleb Sophy,SP,FA,,,,,,,,,,,,,,,,,,,,,,,,,,,,,,,,,,,,,,,,,,,,,,,,,,,
Tommy Sheehan,SP,FA,,,,,,,,,,,,,,,,,,,,,,,,,,,,,,,,,,,,,,,,,,,,,,,,,,,
Wilmer Blanco,SP,FA,,,,,,,,,,,,,,,,,,,,,,,,,,,,,,,,,,,,,,,,,,,,,,,,,,,
Deyer Zapata,RP,FA,,,,,,,,,,,,,,,,,,,,,,,,,,,,,,,,,,,,,,,,,,,,,,,,,,,
Jhoniel Serrano,SP,FA,,,,,,,,,,,,,,,,,,,,,,,,,,,,,,,,,,,,,,,,,,,,,,,,,,,
Orlando Gonzalez,RP,FA,,,,,,,,,,,,,,,,,,,,,,,,,,,,,,,,,,,,,,,,,,,,,,,,,,,
Jacob Denner,RP,FA,,,,,,,,,,,,,,,,,,,,,,,,,,,,,,,,,,,,,,,,,,,,,,,,,,,
Noah Manning,RP,FA,,,,,,,,,,,,,,,,,,,,,,,,,,,,,,,,,,,,,,,,,,,,,,,,,,,
Joel Diaz,SP,FA,,,,,,,,,,,,,,,,,,,,,,,,,,,,,,,,,,,,,,,,,,,,,,,,,,,
Onias Jimenez,RP,FA,,,,,,,,,,,,,,,,,,,,,,,,,,,,,,,,,,,,,,,,,,,,,,,,,,,
Porfirio Ramos,RP,FA,,,,,,,,,,,,,,,,,,,,,,,,,,,,,,,,,,,,,,,,,,,,,,,,,,,
Felipe De La Cruz,RP,FA,,,,,,,,,,,,,,,,,,,,,,,,,,,,,,,,,,,,,,,,,,,,,,,,,,,
Trevor Harrison,SP,FA,,,,,,,,,,,,,,,,,,,,,,,,,,,,,,,,,,,,,,,,,,,,,,,,,,,
Landen Maroudis,SP,FA,,,,,,,,,,,,,,,,,,,,,,,,,,,,,,,,,,,,,,,,,,,,,,,,,,,
Ryan Birchard,SP,FA,,,,,,,,,,,,,,,,,,,,,,,,,,,,,,,,,,,,,,,,,,,,,,,,,,,
Coleman Picard,RP,FA,,,,,,,,,,,,,,,,,,,,,,,,,,,,,,,,,,,,,,,,,,,,,,,,,,,
Cade Denton,RP,FA,,,,,,,,,,,,,,,,,,,,,,,,,,,,,,,,,,,,,,,,,,,,,,,,,,,
Jesus Luna,RP,FA,,,,,,,,,,,,,,,,,,,,,,,,,,,,,,,,,,,,,,,,,,,,,,,,,,,
Caden Scarborough,SP,FA,,,,,,,,,,,,,,,,,,,,,,,,,,,,,,,,,,,,,,,,,,,,,,,,,,,
Pedro Garcia,RP,FA,,,,,,,,,,,,,,,,,,,,,,,,,,,,,,,,,,,,,,,,,,,,,,,,,,,
Anthony Crespo,RP,FA,,,,,,,,,,,,,,,,,,,,,,,,,,,,,,,,,,,,,,,,,,,,,,,,,,,
Edwin Marte,SP,FA,,,,,,,,,,,,,,,,,,,,,,,,,,,,,,,,,,,,,,,,,,,,,,,,,,,
Efren Alvarez,SP,FA,,,,,,,,,,,,,,,,,,,,,,,,,,,,,,,,,,,,,,,,,,,,,,,,,,,
Juan Muniz,RP,FA,,,,,,,,,,,,,,,,,,,,,,,,,,,,,,,,,,,,,,,,,,,,,,,,,,,
Lucas Gordon,SP,FA,,,,,,,,,,,,,,,,,,,,,,,,,,,,,,,,,,,,,,,,,,,,,,,,,,,
Miguel Toscano,SP,FA,,,,,,,,,,,,,,,,,,,,,,,,,,,,,,,,,,,,,,,,,,,,,,,,,,,
Luis Garcia,RP,FA,,,,,,,,,,,,,,,,,,,,,,,,,,,,,,,,,,,,,,,,,,,,,,,,,,,
CJ Weins,RP,FA,,,,,,,,,,,,,,,,,,,,,,,,,,,,,,,,,,,,,,,,,,,,,,,,,,,
Alistair Tanner,SP,FA,,,,,,,,,,,,,,,,,,,,,,,,,,,,,,,,,,,,,,,,,,,,,,,,,,,
Elvin Jimenez,RP,FA,,,,,,,,,,,,,,,,,,,,,,,,,,,,,,,,,,,,,,,,,,,,,,,,,,,
Jack Wenninger,SP,T,,,,,,,,,,,,,,,,,,,,,,,,,,,,,,,,,,,,,,,,,,,,,,,,,,,
Vince Vannelle,RP,FA,,,,,,,,,,,,,,,,,,,,,,,,,,,,,,,,,,,,,,,,,,,,,,,,,,,
Manuel Cruz,SP,FA,,,,,,,,,,,,,,,,,,,,,,,,,,,,,,,,,,,,,,,,,,,,,,,,,,,
Jacob Cravey,RP,FA,,,,,,,,,,,,,,,,,,,,,,,,,,,,,,,,,,,,,,,,,,,,,,,,,,,
Jean Brito,SP,FA,,,,,,,,,,,,,,,,,,,,,,,,,,,,,,,,,,,,,,,,,,,,,,,,,,,
Alonso Carrera,RP,FA,,,,,,,,,,,,,,,,,,,,,,,,,,,,,,,,,,,,,,,,,,,,,,,,,,,
Connor Hamilton,SP,FA,,,,,,,,,,,,,,,,,,,,,,,,,,,,,,,,,,,,,,,,,,,,,,,,,,,
Raminel Almonte,SP,FA,,,,,,,,,,,,,,,,,,,,,,,,,,,,,,,,,,,,,,,,,,,,,,,,,,,
Aiden Sims,SP,FA,,,,,,,,,,,,,,,,,,,,,,,,,,,,,,,,,,,,,,,,,,,,,,,,,,,
Chris Clark,SP,FA,,,,,,,,,,,,,,,,,,,,,,,,,,,,,,,,,,,,,,,,,,,,,,,,,,,
Dylan Questad,RP,FA,,,,,,,,,,,,,,,,,,,,,,,,,,,,,,,,,,,,,,,,,,,,,,,,,,,
Eriq Swan,SP,FA,,,,,,,,,,,,,,,,,,,,,,,,,,,,,,,,,,,,,,,,,,,,,,,,,,,
Sean Hunley,RP,FA,,,,,,,,,,,,,,,,,,,,,,,,,,,,,,,,,,,,,,,,,,,,,,,,,,,
Jaden Hamm,SP,FA,,,,,,,,,,,,,,,,,,,,,,,,,,,,,,,,,,,,,,,,,,,,,,,,,,,
Austin Troesser,RP,FA,,,,,,,,,,,,,,,,,,,,,,,,,,,,,,,,,,,,,,,,,,,,,,,,,,,
Yohemy Nolasco,RP,FA,,,,,,,,,,,,,,,,,,,,,,,,,,,,,,,,,,,,,,,,,,,,,,,,,,,
Jason Woodward,SP,FA,,,,,,,,,,,,,,,,,,,,,,,,,,,,,,,,,,,,,,,,,,,,,,,,,,,
Wyatt Hudepohl,SP,FA,,,,,,,,,,,,,,,,,,,,,,,,,,,,,,,,,,,,,,,,,,,,,,,,,,,
Matt Duffy,SP,FA,,,,,,,,,,,,,,,,,,,,,,,,,,,,,,,,,,,,,,,,,,,,,,,,,,,
Franyel Diaz,RP,FA,,,,,,,,,,,,,,,,,,,,,,,,,,,,,,,,,,,,,,,,,,,,,,,,,,,
Jose Parra,SP,FA,,,,,,,,,,,,,,,,,,,,,,,,,,,,,,,,,,,,,,,,,,,,,,,,,,,
Marcos Paz,SP,FA,,,,,,,,,,,,,,,,,,,,,,,,,,,,,,,,,,,,,,,,,,,,,,,,,,,
Ryoji Kuribayashi,SP,FA,,,,,,,,,,,,,,,,,,,,,,,,,,,,,,,,,,,,,,,,,,,,,,,,,,,
Mike Vasil,RP,FA,,,,,,,,,,,,,,,,,,,,,,,,,,,,,,,,,,,,,,,,,,,,,,,-0.27,-0.08,24.0,12.3,6.6
Haruki Hosono,SP,FA,,,,,,,,,,,,,,,,,,,,,,,,,,,,,,,,,,,,,,,,,,,,,,,,,,,
Dawson Netz,RP,FA,,,,,,,,,,,,,,,,,,,,,,,,,,,,,,,,,,,,,,,,,,,,,,,,,,,
Euri Montero,RP,FA,,,,,,,,,,,,,,,,,,,,,,,,,,,,,,,,,,,,,,,,,,,,,,,,,,,
Iker Redona,SP,FA,,,,,,,,,,,,,,,,,,,,,,,,,,,,,,,,,,,,,,,,,,,,,,,,,,,
Yulian Quintana,RP,FA,,,,,,,,,,,,,,,,,,,,,,,,,,,,,,,,,,,,,,,,,,,,,,,,,,,
Lucas Braun,SP,FA,,,,,,,,,,,,,,,,,,,,,,,,,,,,,,,,,,,,,,,,,,,,,,,,,,,
Cade Smith,SP,FA,,,,,,,,,,,,,,,,,,,,,,,,,,,,,,,,,,,,,,,,,,,,,,,,,,,
Angel Montero,SP,FA,,,,,,,,,,,,,,,,,,,,,,,,,,,,,,,,,,,,,,,,,,,,,,,,,,,
Jonathan Russell,RP,FA,,,,,,,,,,,,,,,,,,,,,,,,,,,,,,,,,,,,,,,,,,,,,,,,,,,
Kyle Carr,SP,FA,,,,,,,,,,,,,,,,,,,,,,,,,,,,,,,,,,,,,,,,,,,,,,,,,,,
Eduardo Salazar,RP,FA,,,,,,,,,,,,,,,,,,,,,,,,,,,,,,,,,,,,,,,,,,,,,,,-1.51,-1.16,20.7,11.3,9.0
Augusto Mendieta,RP,FA,,,,,,,,,,,,,,,,,,,,,,,,,,,,,,,,,,,,,,,,,,,,,,,,,,,
Davis Palermo,RP,FA,,,,,,,,,,,,,,,,,,,,,,,,,,,,,,,,,,,,,,,,,,,,,,,,,,,
Austin Roberts,RP,FA,,,,,,,,,,,,,,,,,,,,,,,,,,,,,,,,,,,,,,,,,,,,,,,,,,,
Cy Nielson,RP,FA,,,,,,,,,,,,,,,,,,,,,,,,,,,,,,,,,,,,,,,,,,,,,,,,,,,
Ty Adcock,RP,FA,,,,,,,,,,,,,,,,,,,,,,,,,,,,,,,,,,,,,,,,,,,,,,,,,,,
Tyler Gough,SP,FA,,,,,,,,,,,,,,,,,,,,,,,,,,,,,,,,,,,,,,,,,,,,,,,,,,,
Logan Gragg,RP,FA,,,,,,,,,,,,,,,,,,,,,,,,,,,,,,,,,,,,,,,,,,,,,,,,,,,
John Matthews,RP,FA,,,,,,,,,,,,,,,,,,,,,,,,,,,,,,,,,,,,,,,,,,,,,,,,,,,
Austin Krob,RP,FA,,,,,,,,,,,,,,,,,,,,,,,,,,,,,,,,,,,,,,,,,,,,,,,,,,,
Drew Parrish,RP,FA,,,,,,,,,,,,,,,,,,,,,,,,,,,,,,,,,,,,,,,,,,,,,,,,,,,
Reese Olson,SP,T,,,,,,,,,,,,,,,,,,,,,,,,,,,,,,,,,,,,,,,,,,,,,,,1.49,1.26,29.7,8.8,5.7
Brock Bell,RP,FA,,,,,,,,,,,,,,,,,,,,,,,,,,,,,,,,,,,,,,,,,,,,,,,,,,,
Thomas Ponticelli,RP,FA,,,,,,,,,,,,,,,,,,,,,,,,,,,,,,,,,,,,,,,,,,,,,,,,,,,
Tyler Schlaffer,SP,FA,,,,,,,,,,,,,,,,,,,,,,,,,,,,,,,,,,,,,,,,,,,,,,,,,,,
Edwin Jimenez,SP,FA,,,,,,,,,,,,,,,,,,,,,,,,,,,,,,,,,,,,,,,,,,,,,,,,,,,
Cade Halemanu,RP,FA,,,,,,,,,,,,,,,,,,,,,,,,,,,,,,,,,,,,,,,,,,,,,,,,,,,
Tanner Myatt,RP,FA,,,,,,,,,,,,,,,,,,,,,,,,,,,,,,,,,,,,,,,,,,,,,,,,,,,
Noah Dean,SP,FA,,,,,,,,,,,,,,,,,,,,,,,,,,,,,,,,,,,,,,,,,,,,,,,,,,,
Nick Robertson,SP,FA,,,,,,,,,,,,,,,,,,,,,,,,,,,,,,,,,,,,,,,,,,,,,,,,,,,
Dominic Perachi,SP,FA,,,,,,,,,,,,,,,,,,,,,,,,,,,,,,,,,,,,,,,,,,,,,,,,,,,
J.P. Massey,RP,FA,,,,,,,,,,,,,,,,,,,,,,,,,,,,,,,,,,,,,,,,,,,,,,,,,,,
Spencer Giesting,SP,FA,,,,,,,,,,,,,,,,,,,,,,,,,,,,,,,,,,,,,,,,,,,,,,,,,,,
Connor Van Scoyoc,RP,FA,,,,,,,,,,,,,,,,,,,,,,,,,,,,,,,,,,,,,,,,,,,,,,,,,,,
Tyler Stuart,SP,FA,,,,,,,,,,,,,,,,,,,,,,,,,,,,,,,,,,,,,,,,,,,,,,,,,,,
Seth Keller,RP,FA,,,,,,,,,,,,,,,,,,,,,,,,,,,,,,,,,,,,,,,,,,,,,,,,,,,
Chris Villaman,RP,FA,,,,,,,,,,,,,,,,,,,,,,,,,,,,,,,,,,,,,,,,,,,,,,,,,,,
Jackson Humphries,SP,FA,,,,,,,,,,,,,,,,,,,,,,,,,,,,,,,,,,,,,,,,,,,,,,,,,,,
Trace Bright,SP,FA,,,,,,,,,,,,,,,,,,,,,,,,,,,,,,,,,,,,,,,,,,,,,,,,,,,
Liam Simon,RP,FA,,,,,,,,,,,,,,,,,,,,,,,,,,,,,,,,,,,,,,,,,,,,,,,,,,,
Todd Peterson,RP,FA,,,,,,,,,,,,,,,,,,,,,,,,,,,,,,,,,,,,,,,,,,,,,,,,,,,
Noah Davis,SP,FA,,,,,,,,,,,,,,,,,,,,,,,,,,,,,,,,,,,,,,,,,,,,,,,1.03,1.22,26.6,9.2,5.6
Sawyer Gipson-Long,RP,FA,,,,,,,,,,,,,,,,,,,,,,,,,,,,,,,,,,,,,,,,,,,,,,,0.33,0.68,24.4,4.5,8.6
Josh Maciejewski,RP,FA,,,,,,,,,,,,,,,,,,,,,,,,,,,,,,,,,,,,,,,,,,,,,,,,,,,
Jacob Meador,RP,FA,,,,,,,,,,,,,,,,,,,,,,,,,,,,,,,,,,,,,,,,,,,,,,,,,,,
Rylan Kaufman,RP,FA,,,,,,,,,,,,,,,,,,,,,,,,,,,,,,,,,,,,,,,,,,,,,,,,,,,
Nathan Wiles,SP,FA,,,,,,,,,,,,,,,,,,,,,,,,,,,,,,,,,,,,,,,,,,,,,,,,,,,
MD Johnson,SP,FA,,,,,,,,,,,,,,,,,,,,,,,,,,,,,,,,,,,,,,,,,,,,,,,,,,,
Avery Weems,RP,FA,,,,,,,,,,,,,,,,,,,,,,,,,,,,,,,,,,,,,,,,,,,,,,,,,,,
Jon Olsen,SP,FA,,,,,,,,,,,,,,,,,,,,,,,,,,,,,,,,,,,,,,,,,,,,,,,,,,,
Colby White,RP,FA,,,,,,,,,,,,,,,,,,,,,,,,,,,,,,,,,,,,,,,,,,,,,,,,,,,
Ricky DeVito,RP,FA,,,,,,,,,,,,,,,,,,,,,,,,,,,,,,,,,,,,,,,,,,,,,,,,,,,
Dylan DeLucia,SP,FA,,,,,,,,,,,,,,,,,,,,,,,,,,,,,,,,,,,,,,,,,,,,,,,,,,,
James McArthur,RP,T,,,,,,,,,,,,,,,,,,,,,,,,,,,,,,,,,,,,,,,,,,,,,,,,,,,
Kyle Brnovich,SP,FA,,,,,,,,,,,,,,,,,,,,,,,,,,,,,,,,,,,,,,,,,,,,,,,,,,,
Kenya Huggins,SP,FA,,,,,,,,,,,,,,,,,,,,,,,,,,,,,,,,,,,,,,,,,,,,,,,,,,,
Sean Duncan,SP,FA,,,,,,,,,,,,,,,,,,,,,,,,,,,,,,,,,,,,,,,,,,,,,,,,,,,
Derek Diamond,RP,FA,,,,,,,,,,,,,,,,,,,,,,,,,,,,,,,,,,,,,,,,,,,,,,,,,,,
Jacob Watters,SP,FA,,,,,,,,,,,,,,,,,,,,,,,,,,,,,,,,,,,,,,,,,,,,,,,,,,,
Hunter Patteson,SP,FA,,,,,,,,,,,,,,,,,,,,,,,,,,,,,,,,,,,,,,,,,,,,,,,,,,,
Michael Kennedy,SP,FA,,,,,,,,,,,,,,,,,,,,,,,,,,,,,,,,,,,,,,,,,,,,,,,,,,,
Jacob Zibin,SP,FA,,,,,,,,,,,,,,,,,,,,,,,,,,,,,,,,,,,,,,,,,,,,,,,,,,,
Andrew Schultz,RP,FA,,,,,,,,,,,,,,,,,,,,,,,,,,,,,,,,,,,,,,,,,,,,,,,,,,,
Andrew Saalfrank,RP,FA,,,,,,,,,,,,,,,,,,,,,,,,,,,,,,,,,,,,,,,,,,,,,,,0.72,0.54,27.9,8.8,7.0
Zach Peek,RP,FA,,,,,,,,,,,,,,,,,,,,,,,,,,,,,,,,,,,,,,,,,,,,,,,,,,,
Troy Watson,RP,FA,,,,,,,,,,,,,,,,,,,,,,,,,,,,,,,,,,,,,,,,,,,,,,,,,,,
Anthony Maldonado,RP,FA,,,,,,,,,,,,,,,,,,,,,,,,,,,,,,,,,,,,,,,,,,,,,,,,,,,
Nick Lockhart,RP,FA,,,,,,,,,,,,,,,,,,,,,,,,,,,,,,,,,,,,,,,,,,,,,,,,,,,
Taylor Floyd,RP,FA,,,,,,,,,,,,,,,,,,,,,,,,,,,,,,,,,,,,,,,,,,,,,,,,,,,
Sam Ryan,RP,FA,,,,,,,,,,,,,,,,,,,,,,,,,,,,,,,,,,,,,,,,,,,,,,,,,,,
Karson Milbrandt,SP,T,,,,,,,,,,,,,,,,,,,,,,,,,,,,,,,,,,,,,,,,,,,,,,,,,,,
Tyler McKay,RP,FA,,,,,,,,,,,,,,,,,,,,,,,,,,,,,,,,,,,,,,,,,,,,,,,,,,,
Giovanny Gallegos,RP,FA,,,,,,,,,,,,,,,,,,,,,,,,,,,,,,,,,,,,,,,,,,,,,,,,,,,
Joe Corbett,RP,FA,,,,,,,,,,,,,,,,,,,,,,,,,,,,,,,,,,,,,,,,,,,,,,,,,,,
Jake Stevenson,RP,FA,,,,,,,,,,,,,,,,,,,,,,,,,,,,,,,,,,,,,,,,,,,,,,,,,,,
Shawn Dubin,RP,FA,,,,,,,,,,,,,,,,,,,,,,,,,,,,,,,,,,,,,,,,,,,,,,,0.67,1.88,20.7,7.6,5.1
Anthony Veneziano,SP,FA,,,,,,,,,,,,,,,,,,,,,,,,,,,,,,,,,,,,,,,,,,,,,,,0.15,0.45,24.3,9.4,6.9
Logan Boyer,RP,FA,,,,,,,,,,,,,,,,,,,,,,,,,,,,,,,,,,,,,,,,,,,,,,,,,,,
Nick Mikolajchak,RP,FA,,,,,,,,,,,,,,,,,,,,,,,,,,,,,,,,,,,,,,,,,,,,,,,,,,,
Colin Peluse,RP,FA,,,,,,,,,,,,,,,,,,,,,,,,,,,,,,,,,,,,,,,,,,,,,,,,,,,
Connor Gillispie,SP,FA,,,,,,,,,,,,,,,,,,,,,,,,,,,,,,,,,,,,,,,,,,,,,,,-0.36,0.29,21.4,8.9,7.4
Josh Green,RP,FA,,,,,,,,,,,,,,,,,,,,,,,,,,,,,,,,,,,,,,,,,,,,,,,,,,,
Evan McKendry,SP,FA,,,,,,,,,,,,,,,,,,,,,,,,,,,,,,,,,,,,,,,,,,,,,,,,,,,
Jason Bilous,SP,FA,,,,,,,,,,,,,,,,,,,,,,,,,,,,,,,,,,,,,,,,,,,,,,,,,,,
Josh Winder,RP,FA,,,,,,,,,,,,,,,,,,,,,,,,,,,,,,,,,,,,,,,,,,,,,,,,,,,
Alec Marsh,SP,FA,,,,,,,,,,,,,,,,,,,,,,,,,,,,,,,,,,,,,,,,,,,,,,,,,,,
Shane Brinham,SP,FA,,,,,,,,,,,,,,,,,,,,,,,,,,,,,,,,,,,,,,,,,,,,,,,,,,,
Waner Perez,RP,FA,,,,,,,,,,,,,,,,,,,,,,,,,,,,,,,,,,,,,,,,,,,,,,,,,,,
Tim Brennan,SP,FA,,,,,,,,,,,,,,,,,,,,,,,,,,,,,,,,,,,,,,,,,,,,,,,,,,,
Ryan Loutos,RP,FA,,,,,,,,,,,,,,,,,,,,,,,,,,,,,,,,,,,,,,,,,,,,,,,-1.12,0.1,17.0,11.8,6.5
Ricky Ojeda,RP,FA,,,,,,,,,,,,,,,,,,,,,,,,,,,,,,,,,,,,,,,,,,,,,,,,,,,
Tommy Henry,RP,FA,,,,,,,,,,,,,,,,,,,,,,,,,,,,,,,,,,,,,,,,,,,,,,,,,,,
LJ Cormier,RP,FA,,,,,,,,,,,,,,,,,,,,,,,,,,,,,,,,,,,,,,,,,,,,,,,,,,,
Matt Canterino,SP,FA,,,,,,,,,,,,,,,,,,,,,,,,,,,,,,,,,,,,,,,,,,,,,,,,,,,
Matt Cronin,RP,FA,,,,,,,,,,,,,,,,,,,,,,,,,,,,,,,,,,,,,,,,,,,,,,,,,,,
Ryan Garcia,RP,FA,,,,,,,,,,,,,,,,,,,,,,,,,,,,,,,,,,,,,,,,,,,,,,,,,,,
Noah Song,RP,FA,,,,,,,,,,,,,,,,,,,,,,,,,,,,,,,,,,,,,,,,,,,,,,,,,,,
Patrick Wicklander,RP,FA,,,,,,,,,,,,,,,,,,,,,,,,,,,,,,,,,,,,,,,,,,,,,,,,,,,
Ryan Jensen,RP,FA,,,,,,,,,,,,,,,,,,,,,,,,,,,,,,,,,,,,,,,,,,,,,,,,,,,
Ryan Webb,SP,FA,,,,,,,,,,,,,,,,,,,,,,,,,,,,,,,,,,,,,,,,,,,,,,,,,,,
Michael Flynn,RP,FA,,,,,,,,,,,,,,,,,,,,,,,,,,,,,,,,,,,,,,,,,,,,,,,,,,,
Tristan Blalock,SP,FA,,,,,,,,,,,,,,,,,,,,,,,,,,,,,,,,,,,,,,,,,,,,,,,,,,,
Rodolfo Martinez,RP,FA,,,,,,,,,,,,,,,,,,,,,,,,,,,,,,,,,,,,,,,,,,,,,,,,,,,
Ricardo Pinto,RP,FA,,,,,,,,,,,,,,,,,,,,,,,,,,,,,,,,,,,,,,,,,,,,,,,,,,,
TJ Sikkema,SP,FA,,,,,,,,,,,,,,,,,,,,,,,,,,,,,,,,,,,,,,,,,,,,,,,,,,,
Angel Castillo,RP,FA,,,,,,,,,,,,,,,,,,,,,,,,,,,,,,,,,,,,,,,,,,,,,,,,,,,
Jesus Tinoco,RP,FA,,,,,,,,,,,,,,,,,,,,,,,,,,,,,,,,,,,,,,,,,,,,,,,-1.44,-0.24,16.5,10.0,7.9
Erick Mejia,RP,FA,,,,,,,,,,,,,,,,,,,,,,,,,,,,,,,,,,,,,,,,,,,,,,,,,,,
Ethan Small,RP,FA,,,,,,,,,,,,,,,,,,,,,,,,,,,,,,,,,,,,,,,,,,,,,,,,,,,
Julio Chivilli,RP,FA,,,,,,,,,,,,,,,,,,,,,,,,,,,,,,,,,,,,,,,,,,,,,,,,,,,
Justin Jarvis,SP,FA,,,,,,,,,,,,,,,,,,,,,,,,,,,,,,,,,,,,,,,,,,,,,,,,,,,
Thaddeus Ward,SP,FA,,,,,,,,,,,,,,,,,,,,,,,,,,,,,,,,,,,,,,,,,,,,,,,,,,,
Austin Cox,RP,FA,,,,,,,,,,,,,,,,,,,,,,,,,,,,,,,,,,,,,,,,,,,,,,,0.16,1.6,18.4,6.9,5.9
Chris Vallimont,SP,FA,,,,,,,,,,,,,,,,,,,,,,,,,,,,,,,,,,,,,,,,,,,,,,,,,,,
Adam Wolf,RP,FA,,,,,,,,,,,,,,,,,,,,,,,,,,,,,,,,,,,,,,,,,,,,,,,,,,,
Wander Suero,RP,FA,,,,,,,,,,,,,,,,,,,,,,,,,,,,,,,,,,,,,,,,,,,,,,,,,,,
Karl Kauffmann,RP,FA,,,,,,,,,,,,,,,,,,,,,,,,,,,,,,,,,,,,,,,,,,,,,,,,,,,
Lance Davis,SP,FA,,,,,,,,,,,,,,,,,,,,,,,,,,,,,,,,,,,,,,,,,,,,,,,,,,,
Luke Schafer,SP,FA,,,,,,,,,,,,,,,,,,,,,,,,,,,,,,,,,,,,,,,,,,,,,,,,,,,
Trey Williford,SP,FA,,,,,,,,,,,,,,,,,,,,,,,,,,,,,,,,,,,,,,,,,,,,,,,,,,,
Josh Wolf,RP,FA,,,,,,,,,,,,,,,,,,,,,,,,,,,,,,,,,,,,,,,,,,,,,,,,,,,
Luisberth Valdez,SP,FA,,,,,,,,,,,,,,,,,,,,,,,,,,,,,,,,,,,,,,,,,,,,,,,,,,,
Jack Walker,RP,FA,,,,,,,,,,,,,,,,,,,,,,,,,,,,,,,,,,,,,,,,,,,,,,,,,,,
Kohl Franklin,SP,FA,,,,,,,,,,,,,,,,,,,,,,,,,,,,,,,,,,,,,,,,,,,,,,,,,,,
Kendall Williams,SP,FA,,,,,,,,,,,,,,,,,,,,,,,,,,,,,,,,,,,,,,,,,,,,,,,,,,,
Cesar Familia,RP,FA,,,,,,,,,,,,,,,,,,,,,,,,,,,,,,,,,,,,,,,,,,,,,,,,,,,
Albert Morel,SP,FA,,,,,,,,,,,,,,,,,,,,,,,,,,,,,,,,,,,,,,,,,,,,,,,,,,,
Dominic Castellano,RP,FA,,,,,,,,,,,,,,,,,,,,,,,,,,,,,,,,,,,,,,,,,,,,,,,,,,,
Jack Nedrow,SP,FA,,,,,,,,,,,,,,,,,,,,,,,,,,,,,,,,,,,,,,,,,,,,,,,,,,,
Randy Baron,RP,FA,,,,,,,,,,,,,,,,,,,,,,,,,,,,,,,,,,,,,,,,,,,,,,,,,,,
Zach Haake,RP,FA,,,,,,,,,,,,,,,,,,,,,,,,,,,,,,,,,,,,,,,,,,,,,,,,,,,
Maximin Medina,SP,FA,,,,,,,,,,,,,,,,,,,,,,,,,,,,,,,,,,,,,,,,,,,,,,,,,,,
Williams Montero,SP,FA,,,,,,,,,,,,,,,,,,,,,,,,,,,,,,,,,,,,,,,,,,,,,,,,,,,
Richard Rodriguez,RP,FA,,,,,,,,,,,,,,,,,,,,,,,,,,,,,,,,,,,,,,,,,,,,,,,,,,,
Sam Highfill,SP,FA,,,,,,,,,,,,,,,,,,,,,,,,,,,,,,,,,,,,,,,,,,,,,,,,,,,
Hagen Danner,RP,FA,,,,,,,,,,,,,,,,,,,,,,,,,,,,,,,,,,,,,,,,,,,,,,,,,,,
Alan Perdomo,RP,FA,,,,,,,,,,,,,,,,,,,,,,,,,,,,,,,,,,,,,,,,,,,,,,,,,,,
Wes Mendes,SP,FA,,,,,,,,,,,,,,,,,,,,,,,,,,,,,,,,,,,,,,,,,,,,,,,,,,,
Brock Porter,RP,FA,,,,,,,,,,,,,,,,,,,,,,,,,,,,,,,,,,,,,,,,,,,,,,,,,,,
Nick Dugan,SP,FA,,,,,,,,,,,,,,,,,,,,,,,,,,,,,,,,,,,,,,,,,,,,,,,,,,,
Michael Plassmeyer,RP,FA,,,,,,,,,,,,,,,,,,,,,,,,,,,,,,,,,,,,,,,,,,,,,,,,,,,
Jackson Ferris,SP,FA,,,,,,,,,,,,,,,,,,,,,,,,,,,,,,,,,,,,,,,,,,,,,,,,,,,
Nick Bennett,RP,FA,,,,,,,,,,,,,,,,,,,,,,,,,,,,,,,,,,,,,,,,,,,,,,,,,,,
Seth Shuman,SP,FA,,,,,,,,,,,,,,,,,,,,,,,,,,,,,,,,,,,,,,,,,,,,,,,,,,,
Gunner Mayer,RP,FA,,,,,,,,,,,,,,,,,,,,,,,,,,,,,,,,,,,,,,,,,,,,,,,,,,,
Jack Little,SP,FA,,,,,,,,,,,,,,,,,,,,,,,,,,,,,,,,,,,,,,,,,,,,,,,,,,,
Bryan Hoeing,RP,FA,,,,,,,,,,,,,,,,,,,,,,,,,,,,,,,,,,,,,,,,,,,,,,,,,,,
Davis Daniel,SP,FA,,,,,,,,,,,,,,,,,,,,,,,,,,,,,,,,,,,,,,,,,,,,,,,-4.04,-4.08,17.6,15.2,12.6
Brad Deppermann,RP,FA,,,,,,,,,,,,,,,,,,,,,,,,,,,,,,,,,,,,,,,,,,,,,,,,,,,
Alex Williams,RP,FA,,,,,,,,,,,,,,,,,,,,,,,,,,,,,,,,,,,,,,,,,,,,,,,,,,,
Evan Da Souza,SP,FA,,,,,,,,,,,,,,,,,,,,,,,,,,,,,,,,,,,,,,,,,,,,,,,,,,,
Dominic Pipkin,RP,FA,,,,,,,,,,,,,,,,,,,,,,,,,,,,,,,,,,,,,,,,,,,,,,,,,,,
Evan Kravetz,RP,FA,,,,,,,,,,,,,,,,,,,,,,,,,,,,,,,,,,,,,,,,,,,,,,,,,,,
Darius Vines,SP,FA,,,,,,,,,,,,,,,,,,,,,,,,,,,,,,,,,,,,,,,,,,,,,,,,,,,
Steven Zobac,SP,FA,,,,,,,,,,,,,,,,,,,,,,,,,,,,,,,,,,,,,,,,,,,,,,,,,,,
Eric Adler,RP,FA,,,,,,,,,,,,,,,,,,,,,,,,,,,,,,,,,,,,,,,,,,,,,,,,,,,
Jeyver Manaure,SP,FA,,,,,,,,,,,,,,,,,,,,,,,,,,,,,,,,,,,,,,,,,,,,,,,,,,,
Jake Higginbotham,RP,FA,,,,,,,,,,,,,,,,,,,,,,,,,,,,,,,,,,,,,,,,,,,,,,,,,,,
Jake Walters,SP,FA,,,,,,,,,,,,,,,,,,,,,,,,,,,,,,,,,,,,,,,,,,,,,,,,,,,
Alieski Torres,SP,FA,,,,,,,,,,,,,,,,,,,,,,,,,,,,,,,,,,,,,,,,,,,,,,,,,,,
Austin Brown,RP,FA,,,,,,,,,,,,,,,,,,,,,,,,,,,,,,,,,,,,,,,,,,,,,,,,,,,
Julio M Rossi,SP,FA,,,,,,,,,,,,,,,,,,,,,,,,,,,,,,,,,,,,,,,,,,,,,,,,,,,
Riley Stanford,SP,FA,,,,,,,,,,,,,,,,,,,,,,,,,,,,,,,,,,,,,,,,,,,,,,,,,,,
Marcus Johnson,SP,FA,,,,,,,,,,,,,,,,,,,,,,,,,,,,,,,,,,,,,,,,,,,,,,,,,,,
Erik Rivera,RP,FA,,,,,,,,,,,,,,,,,,,,,,,,,,,,,,,,,,,,,,,,,,,,,,,,,,,
Jackson Sanders,SP,FA,,,,,,,,,,,,,,,,,,,,,,,,,,,,,,,,,,,,,,,,,,,,,,,,,,,
Julian Garcia,SP,FA,,,,,,,,,,,,,,,,,,,,,,,,,,,,,,,,,,,,,,,,,,,,,,,,,,,
Brock Selvidge,SP,FA,,,,,,,,,,,,,,,,,,,,,,,,,,,,,,,,,,,,,,,,,,,,,,,,,,,
Jackson Baumeister,SP,FA,,,,,,,,,,,,,,,,,,,,,,,,,,,,,,,,,,,,,,,,,,,,,,,,,,,
Tristan Smith,RP,FA,,,,,,,,,,,,,,,,,,,,,,,,,,,,,,,,,,,,,,,,,,,,,,,,,,,
Walin Castillo,SP,FA,,,,,,,,,,,,,,,,,,,,,,,,,,,,,,,,,,,,,,,,,,,,,,,,,,,
Davis Sharpe,RP,FA,,,,,,,,,,,,,,,,,,,,,,,,,,,,,,,,,,,,,,,,,,,,,,,,,,,
Jordan Marks,RP,FA,,,,,,,,,,,,,,,,,,,,,,,,,,,,,,,,,,,,,,,,,,,,,,,,,,,
Miguel Pantoja,RP,FA,,,,,,,,,,,,,,,,,,,,,,,,,,,,,,,,,,,,,,,,,,,,,,,,,,,
Cullen Scott,SP,FA,,,,,,,,,,,,,,,,,,,,,,,,,,,,,,,,,,,,,,,,,,,,,,,,,,,
Starlyn Pichardo,RP,FA,,,,,,,,,,,,,,,,,,,,,,,,,,,,,,,,,,,,,,,,,,,,,,,,,,,
Steven Wilson,RP,FA,,,,,,,,,,,,,,,,,,,,,,,,,,,,,,,,,,,,,,,,,,,,,,,0.44,0.74,24.8,9.1,6.5
Evan Fitterer,RP,FA,,,,,,,,,,,,,,,,,,,,,,,,,,,,,,,,,,,,,,,,,,,,,,,,,,,
Raymond Sarmiento,SP,FA,,,,,,,,,,,,,,,,,,,,,,,,,,,,,,,,,,,,,,,,,,,,,,,,,,,
Andrew Dalquist,RP,FA,,,,,,,,,,,,,,,,,,,,,,,,,,,,,,,,,,,,,,,,,,,,,,,,,,,
Grant Gambrell,SP,FA,,,,,,,,,,,,,,,,,,,,,,,,,,,,,,,,,,,,,,,,,,,,,,,,,,,
Conor Grammes,SP,FA,,,,,,,,,,,,,,,,,,,,,,,,,,,,,,,,,,,,,,,,,,,,,,,,,,,
Levi Stoudt,RP,FA,,,,,,,,,,,,,,,,,,,,,,,,,,,,,,,,,,,,,,,,,,,,,,,,,,,
Jose Cisnero,RP,FA,,,,,,,,,,,,,,,,,,,,,,,,,,,,,,,,,,,,,,,,,,,,,,,,,,,
Ryan Pepiot,SP,T,,,,,,,,,,,,,,,,,,,,,,,,,,,,,,,,,,,,,,,,,,,,,,,-0.13,-0.28,26.0,9.0,8.4
Rafael Ohashi,SP,FA,,,,,,,,,,,,,,,,,,,,,,,,,,,,,,,,,,,,,,,,,,,,,,,,,,,
Ben Wereski,SP,FA,,,,,,,,,,,,,,,,,,,,,,,,,,,,,,,,,,,,,,,,,,,,,,,,,,,
Jordan Lyles,SP,FA,,,,,,,,,,,,,,,,,,,,,,,,,,,,,,,,,,,,,,,,,,,,,,,,,,,
Jacob Wallace,RP,FA,,,,,,,,,,,,,,,,,,,,,,,,,,,,,,,,,,,,,,,,,,,,,,,,,,,
Luis Perdomo,SP,FA,,,,,,,,,,,,,,,,,,,,,,,,,,,,,,,,,,,,,,,,,,,,,,,,,,,
Giacomo Taschin,RP,FA,,,,,,,,,,,,,,,,,,,,,,,,,,,,,,,,,,,,,,,,,,,,,,,,,,,
Zach Vennaro,RP,FA,,,,,,,,,,,,,,,,,,,,,,,,,,,,,,,,,,,,,,,,,,,,,,,,,,,
Halton Hardy,RP,FA,,,,,,,,,,,,,,,,,,,,,,,,,,,,,,,,,,,,,,,,,,,,,,,,,,,
Frank Mozzicato,SP,FA,,,,,,,,,,,,,,,,,,,,,,,,,,,,,,,,,,,,,,,,,,,,,,,,,,,
Juan Nunez,RP,FA,,,,,,,,,,,,,,,,,,,,,,,,,,,,,,,,,,,,,,,,,,,,,,,,,,,
Alexander Vallecillo,SP,FA,,,,,,,,,,,,,,,,,,,,,,,,,,,,,,,,,,,,,,,,,,,,,,,,,,,
Rafael Marcano,RP,FA,,,,,,,,,,,,,,,,,,,,,,,,,,,,,,,,,,,,,,,,,,,,,,,,,,,
Dylan Lesko,RP,T,,,,,,,,,,,,,,,,,,,,,,,,,,,,,,,,,,,,,,,,,,,,,,,,,,,
Pierce Coppola,SP,FA,,,,,,,,,,,,,,,,,,,,,,,,,,,,,,,,,,,,,,,,,,,,,,,,,,,
Allan Winans,SP,FA,,,,,,,,,,,,,,,,,,,,,,,,,,,,,,,,,,,,,,,,,,,,,,,,,,,
Clayton Andrews,SP,FA,,,,,,,,,,,,,,,,,,,,,,,,,,,,,,,,,,,,,,,,,,,,,,,,,,,
Rhett Britt,SP,FA,,,,,,,,,,,,,,,,,,,,,,,,,,,,,,,,,,,,,,,,,,,,,,,,,,,
Keylan Killgore,RP,FA,,,,,,,,,,,,,,,,,,,,,,,,,,,,,,,,,,,,,,,,,,,,,,,,,,,
Brandon Komar,SP,FA,,,,,,,,,,,,,,,,,,,,,,,,,,,,,,,,,,,,,,,,,,,,,,,,,,,
Zach King,SP,FA,,,,,,,,,,,,,,,,,,,,,,,,,,,,,,,,,,,,,,,,,,,,,,,,,,,
Anthony Flores,RP,FA,,,,,,,,,,,,,,,,,,,,,,,,,,,,,,,,,,,,,,,,,,,,,,,,,,,
Gabe Gaeckle,SP,FA,,,,,,,,,,,,,,,,,,,,,,,,,,,,,,,,,,,,,,,,,,,,,,,,,,,
Matthew Dallas,SP,FA,,,,,,,,,,,,,,,,,,,,,,,,,,,,,,,,,,,,,,,,,,,,,,,,,,,
Yoendris Gonzalez,RP,FA,,,,,,,,,,,,,,,,,,,,,,,,,,,,,,,,,,,,,,,,,,,,,,,,,,,
Trey Dillard,RP,FA,,,,,,,,,,,,,,,,,,,,,,,,,,,,,,,,,,,,,,,,,,,,,,,,,,,
Dan Hammer,RP,FA,,,,,,,,,,,,,,,,,,,,,,,,,,,,,,,,,,,,,,,,,,,,,,,,,,,
Rodolfo De La Cruz,SP,FA,,,,,,,,,,,,,,,,,,,,,,,,,,,,,,,,,,,,,,,,,,,,,,,,,,,
Juan De La Cruz,SP,FA,,,,,,,,,,,,,,,,,,,,,,,,,,,,,,,,,,,,,,,,,,,,,,,,,,,
Kendeglys Virguez,RP,FA,,,,,,,,,,,,,,,,,,,,,,,,,,,,,,,,,,,,,,,,,,,,,,,,,,,
Ben Anderson,SP,FA,,,,,,,,,,,,,,,,,,,,,,,,,,,,,,,,,,,,,,,,,,,,,,,,,,,
Ryan Anderson,RP,FA,,,,,,,,,,,,,,,,,,,,,,,,,,,,,,,,,,,,,,,,,,,,,,,,,,,
Chase Chaney,SP,FA,,,,,,,,,,,,,,,,,,,,,,,,,,,,,,,,,,,,,,,,,,,,,,,,,,,
Allan Hernandez,RP,FA,,,,,,,,,,,,,,,,,,,,,,,,,,,,,,,,,,,,,,,,,,,,,,,,,,,
Avery Short,SP,FA,,,,,,,,,,,,,,,,,,,,,,,,,,,,,,,,,,,,,,,,,,,,,,,,,,,
Chris Wright,RP,FA,,,,,,,,,,,,,,,,,,,,,,,,,,,,,,,,,,,,,,,,,,,,,,,,,,,
Mitchell Tyranski,RP,FA,,,,,,,,,,,,,,,,,,,,,,,,,,,,,,,,,,,,,,,,,,,,,,,,,,,
Sebastian Keane,RP,FA,,,,,,,,,,,,,,,,,,,,,,,,,,,,,,,,,,,,,,,,,,,,,,,,,,,
Kevin Valdez,SP,FA,,,,,,,,,,,,,,,,,,,,,,,,,,,,,,,,,,,,,,,,,,,,,,,,,,,
Jack Dashwood,RP,FA,,,,,,,,,,,,,,,,,,,,,,,,,,,,,,,,,,,,,,,,,,,,,,,,,,,
Trey Dombroski,SP,FA,,,,,,,,,,,,,,,,,,,,,,,,,,,,,,,,,,,,,,,,,,,,,,,,,,,
Noble Meyer,SP,FA,,,,,,,,,,,,,,,,,,,,,,,,,,,,,,,,,,,,,,,,,,,,,,,,,,,
Nick Trogrlic-Iverson,RP,FA,,,,,,,,,,,,,,,,,,,,,,,,,,,,,,,,,,,,,,,,,,,,,,,,,,,
Cade Kuehler,SP,FA,,,,,,,,,,,,,,,,,,,,,,,,,,,,,,,,,,,,,,,,,,,,,,,,,,,
Inmer Lobo,RP,FA,,,,,,,,,,,,,,,,,,,,,,,,,,,,,,,,,,,,,,,,,,,,,,,,,,,
Zach Greene,RP,FA,,,,,,,,,,,,,,,,,,,,,,,,,,,,,,,,,,,,,,,,,,,,,,,,,,,
Engel Peralta,RP,FA,,,,,,,,,,,,,,,,,,,,,,,,,,,,,,,,,,,,,,,,,,,,,,,,,,,
Jhordari Jimenez,SP,FA,,,,,,,,,,,,,,,,,,,,,,,,,,,,,,,,,,,,,,,,,,,,,,,,,,,
Jake Covey,SP,FA,,,,,,,,,,,,,,,,,,,,,,,,,,,,,,,,,,,,,,,,,,,,,,,,,,,
Jhosued Marcano,SP,FA,,,,,,,,,,,,,,,,,,,,,,,,,,,,,,,,,,,,,,,,,,,,,,,,,,,
Luke Albright,RP,FA,,,,,,,,,,,,,,,,,,,,,,,,,,,,,,,,,,,,,,,,,,,,,,,,,,,
Dallas Keuchel,SP,FA,,,,,,,,,,,,,,,,,,,,,,,,,,,,,,,,,,,,,,,,,,,,,,,,,,,
Breyner Figuereo,SP,FA,,,,,,,,,,,,,,,,,,,,,,,,,,,,,,,,,,,,,,,,,,,,,,,,,,,
Isaiah Coupet,RP,FA,,,,,,,,,,,,,,,,,,,,,,,,,,,,,,,,,,,,,,,,,,,,,,,,,,,
Carlos Lagrange,SP,T,,,,,,,,,,,,,,,,,,,,,,,,,,,,,,,,,,,,,,,,,,,,,,,,,,,
Dylan Wilson,SP,FA,,,,,,,,,,,,,,,,,,,,,,,,,,,,,,,,,,,,,,,,,,,,,,,,,,,
Declan Cronin,RP,FA,,,,,,,,,,,,,,,,,,,,,,,,,,,,,,,,,,,,,,,,,,,,,,,,,,,
Jorge Bautista,SP,FA,,,,,,,,,,,,,,,,,,,,,,,,,,,,,,,,,,,,,,,,,,,,,,,,,,,
Emmett Olson,SP,FA,,,,,,,,,,,,,,,,,,,,,,,,,,,,,,,,,,,,,,,,,,,,,,,,,,,
Jack Findlay,RP,FA,,,,,,,,,,,,,,,,,,,,,,,,,,,,,,,,,,,,,,,,,,,,,,,,,,,
Fernando Perez,SP,FA,,,,,,,,,,,,,,,,,,,,,,,,,,,,,,,,,,,,,,,,,,,,,,,,,,,
Xavier Meachem,RP,FA,,,,,,,,,,,,,,,,,,,,,,,,,,,,,,,,,,,,,,,,,,,,,,,,,,,
Angel Liranzo,SP,FA,,,,,,,,,,,,,,,,,,,,,,,,,,,,,,,,,,,,,,,,,,,,,,,,,,,
Jose Meneses,RP,FA,,,,,,,,,,,,,,,,,,,,,,,,,,,,,,,,,,,,,,,,,,,,,,,,,,,
Gerson Garabito,RP,FA,,,,,,,,,,,,,,,,,,,,,,,,,,,,,,,,,,,,,,,,,,,,,,,,,,,
Anfernny Reyes,RP,FA,,,,,,,,,,,,,,,,,,,,,,,,,,,,,,,,,,,,,,,,,,,,,,,,,,,
David Bracho,SP,FA,,,,,,,,,,,,,,,,,,,,,,,,,,,,,,,,,,,,,,,,,,,,,,,,,,,
Garrett Hodges,RP,FA,,,,,,,,,,,,,,,,,,,,,,,,,,,,,,,,,,,,,,,,,,,,,,,,,,,
Ryan Gallagher,SP,FA,,,,,,,,,,,,,,,,,,,,,,,,,,,,,,,,,,,,,,,,,,,,,,,,,,,
Jack Kartsonas,SP,FA,,,,,,,,,,,,,,,,,,,,,,,,,,,,,,,,,,,,,,,,,,,,,,,,,,,
Braylon Myers,RP,FA,,,,,,,,,,,,,,,,,,,,,,,,,,,,,,,,,,,,,,,,,,,,,,,,,,,
Dilan Figueredo,RP,FA,,,,,,,,,,,,,,,,,,,,,,,,,,,,,,,,,,,,,,,,,,,,,,,,,,,
Adam Falinski,RP,FA,,,,,,,,,,,,,,,,,,,,,,,,,,,,,,,,,,,,,,,,,,,,,,,,,,,
Jackson Brockett,RP,FA,,,,,,,,,,,,,,,,,,,,,,,,,,,,,,,,,,,,,,,,,,,,,,,,,,,
Sebastian Caseres,RP,FA,,,,,,,,,,,,,,,,,,,,,,,,,,,,,,,,,,,,,,,,,,,,,,,,,,,
Juanmi Vasquez,RP,FA,,,,,,,,,,,,,,,,,,,,,,,,,,,,,,,,,,,,,,,,,,,,,,,,,,,
Jonathan Clark,RP,FA,,,,,,,,,,,,,,,,,,,,,,,,,,,,,,,,,,,,,,,,,,,,,,,,,,,
Braulio Salas,RP,FA,,,,,,,,,,,,,,,,,,,,,,,,,,,,,,,,,,,,,,,,,,,,,,,,,,,
Wily Villar,RP,FA,,,,,,,,,,,,,,,,,,,,,,,,,,,,,,,,,,,,,,,,,,,,,,,,,,,
Mitch Mueller,RP,FA,,,,,,,,,,,,,,,,,,,,,,,,,,,,,,,,,,,,,,,,,,,,,,,,,,,
Eric Hammond,RP,FA,,,,,,,,,,,,,,,,,,,,,,,,,,,,,,,,,,,,,,,,,,,,,,,,,,,
Eminen Flores,RP,FA,,,,,,,,,,,,,,,,,,,,,,,,,,,,,,,,,,,,,,,,,,,,,,,,,,,
Henson Leal,RP,FA,,,,,,,,,,,,,,,,,,,,,,,,,,,,,,,,,,,,,,,,,,,,,,,,,,,
Trey Cooper,RP,FA,,,,,,,,,,,,,,,,,,,,,,,,,,,,,,,,,,,,,,,,,,,,,,,,,,,
Grant Manning,RP,FA,,,,,,,,,,,,,,,,,,,,,,,,,,,,,,,,,,,,,,,,,,,,,,,,,,,
Tommy Kane,RP,FA,,,,,,,,,,,,,,,,,,,,,,,,,,,,,,,,,,,,,,,,,,,,,,,,,,,
Connor OHalloran,SP,FA,,,,,,,,,,,,,,,,,,,,,,,,,,,,,,,,,,,,,,,,,,,,,,,,,,,
Andrew Lindsey,SP,FA,,,,,,,,,,,,,,,,,,,,,,,,,,,,,,,,,,,,,,,,,,,,,,,,,,,
Cole Miller,SP,FA,,,,,,,,,,,,,,,,,,,,,,,,,,,,,,,,,,,,,,,,,,,,,,,,,,,
Zac Lampton,RP,FA,,,,,,,,,,,,,,,,,,,,,,,,,,,,,,,,,,,,,,,,,,,,,,,,,,,
Jordan Carr,RP,FA,,,,,,,,,,,,,,,,,,,,,,,,,,,,,,,,,,,,,,,,,,,,,,,,,,,
Anthony Steele,RP,FA,,,,,,,,,,,,,,,,,,,,,,,,,,,,,,,,,,,,,,,,,,,,,,,,,,,
Layonel Ovalles,RP,FA,,,,,,,,,,,,,,,,,,,,,,,,,,,,,,,,,,,,,,,,,,,,,,,,,,,
Drue Hackenberg,SP,FA,,,,,,,,,,,,,,,,,,,,,,,,,,,,,,,,,,,,,,,,,,,,,,,,,,,
Dylan Ray,SP,FA,,,,,,,,,,,,,,,,,,,,,,,,,,,,,,,,,,,,,,,,,,,,,,,,,,,
Blake Purnell,RP,FA,,,,,,,,,,,,,,,,,,,,,,,,,,,,,,,,,,,,,,,,,,,,,,,,,,,
Cade Austin,RP,FA,,,,,,,,,,,,,,,,,,,,,,,,,,,,,,,,,,,,,,,,,,,,,,,,,,,
Cam Caminiti,SP,T,,,,,,,,,,,,,,,,,,,,,,,,,,,,,,,,,,,,,,,,,,,,,,,,,,,
Jackson Holmes,SP,FA,,,,,,,,,,,,,,,,,,,,,,,,,,,,,,,,,,,,,,,,,,,,,,,,,,,
Alejandro Manzano,RP,FA,,,,,,,,,,,,,,,,,,,,,,,,,,,,,,,,,,,,,,,,,,,,,,,,,,,
Wilfred Alvarado,RP,FA,,,,,,,,,,,,,,,,,,,,,,,,,,,,,,,,,,,,,,,,,,,,,,,,,,,
Jose Ferrer,RP,FA,,,,,,,,,,,,,,,,,,,,,,,,,,,,,,,,,,,,,,,,,,,,,,,,,,,
Miguel Diaz,RP,FA,,,,,,,,,,,,,,,,,,,,,,,,,,,,,,,,,,,,,,,,,,,,,,,,,,,
Cole Roland,RP,FA,,,,,,,,,,,,,,,,,,,,,,,,,,,,,,,,,,,,,,,,,,,,,,,,,,,
Jhon Almonte,SP,FA,,,,,,,,,,,,,,,,,,,,,,,,,,,,,,,,,,,,,,,,,,,,,,,,,,,
Luis Contreras,SP,FA,,,,,,,,,,,,,,,,,,,,,,,,,,,,,,,,,,,,,,,,,,,,,,,-0.45,-1.94,32.3,14.8,8.9
Diego Lanzosa,SP,FA,,,,,,,,,,,,,,,,,,,,,,,,,,,,,,,,,,,,,,,,,,,,,,,,,,,
Rafael Montero,RP,FA,,,,,,,,,,,,,,,,,,,,,,,,,,,,,,,,,,,,,,,,,,,,,,,0.52,-0.02,29.3,14.6,5.5
Walker Powell,SP,FA,,,,,,,,,,,,,,,,,,,,,,,,,,,,,,,,,,,,,,,,,,,,,,,,,,,
Brady Miller,SP,FA,,,,,,,,,,,,,,,,,,,,,,,,,,,,,,,,,,,,,,,,,,,,,,,,,,,
Derek Yormack,SP,FA,,,,,,,,,,,,,,,,,,,,,,,,,,,,,,,,,,,,,,,,,,,,,,,,,,,
Gerardo Reyes,RP,FA,,,,,,,,,,,,,,,,,,,,,,,,,,,,,,,,,,,,,,,,,,,,,,,,,,,
Enrique Segura,SP,FA,,,,,,,,,,,,,,,,,,,,,,,,,,,,,,,,,,,,,,,,,,,,,,,,,,,
Samir Mohammed,SP,FA,,,,,,,,,,,,,,,,,,,,,,,,,,,,,,,,,,,,,,,,,,,,,,,,,,,
Adrian Martinez,RP,FA,,,,,,,,,,,,,,,,,,,,,,,,,,,,,,,,,,,,,,,,,,,,,,,,,,,
Caden Grice,SP,FA,,,,,,,,,,,,,,,,,,,,,,,,,,,,,,,,,,,,,,,,,,,,,,,,,,,
Owen White,SP,FA,,,,,,,,,,,,,,,,,,,,,,,,,,,,,,,,,,,,,,,,,,,,,,,,,,,
Jaxon Wiggins,SP,T,,,,,,,,,,,,,,,,,,,,,,,,,,,,,,,,,,,,,,,,,,,,,,,,,,,
Ty Floyd,SP,FA,,,,,,,,,,,,,,,,,,,,,,,,,,,,,,,,,,,,,,,,,,,,,,,,,,,
Lenny Torres,RP,FA,,,,,,,,,,,,,,,,,,,,,,,,,,,,,,,,,,,,,,,,,,,,,,,,,,,
Gunnar Hoglund,SP,FA,,,,,,,,,,,,,,,,,,,,,,,,,,,,,,,,,,,,,,,,,,,,,,,0.09,0.81,22.0,7.9,6.9
Aaron Shortridge,SP,FA,,,,,,,,,,,,,,,,,,,,,,,,,,,,,,,,,,,,,,,,,,,,,,,,,,,
Skylar Hales,RP,FA,,,,,,,,,,,,,,,,,,,,,,,,,,,,,,,,,,,,,,,,,,,,,,,,,,,
Vladimir Gutierrez,RP,FA,,,,,,,,,,,,,,,,,,,,,,,,,,,,,,,,,,,,,,,,,,,,,,,,,,,
Durbin Feltman,SP,FA,,,,,,,,,,,,,,,,,,,,,,,,,,,,,,,,,,,,,,,,,,,,,,,,,,,
Adam Kloffenstein,SP,FA,,,,,,,,,,,,,,,,,,,,,,,,,,,,,,,,,,,,,,,,,,,,,,,,,,,
Junior Fernandez,RP,FA,,,,,,,,,,,,,,,,,,,,,,,,,,,,,,,,,,,,,,,,,,,,,,,,,,,
Trey Riley,RP,FA,,,,,,,,,,,,,,,,,,,,,,,,,,,,,,,,,,,,,,,,,,,,,,,,,,,
John Rooney,RP,FA,,,,,,,,,,,,,,,,,,,,,,,,,,,,,,,,,,,,,,,,,,,,,,,,,,,
Juanyerlin Duran,SP,FA,,,,,,,,,,,,,,,,,,,,,,,,,,,,,,,,,,,,,,,,,,,,,,,,,,,
Patricio Aquino,RP,FA,,,,,,,,,,,,,,,,,,,,,,,,,,,,,,,,,,,,,,,,,,,,,,,,,,,
Tyler Woessner,RP,FA,,,,,,,,,,,,,,,,,,,,,,,,,,,,,,,,,,,,,,,,,,,,,,,,,,,
Scott Rouse,RP,FA,,,,,,,,,,,,,,,,,,,,,,,,,,,,,,,,,,,,,,,,,,,,,,,,,,,
Win Scott,RP,FA,,,,,,,,,,,,,,,,,,,,,,,,,,,,,,,,,,,,,,,,,,,,,,,,,,,
Javier Chacon,RP,FA,,,,,,,,,,,,,,,,,,,,,,,,,,,,,,,,,,,,,,,,,,,,,,,,,,,
Dylan Coleman,RP,FA,,,,,,,,,,,,,,,,,,,,,,,,,,,,,,,,,,,,,,,,,,,,,,,,,,,
T.J. Fondtain,RP,FA,,,,,,,,,,,,,,,,,,,,,,,,,,,,,,,,,,,,,,,,,,,,,,,,,,,
Jaydenn Estanista,RP,FA,,,,,,,,,,,,,,,,,,,,,,,,,,,,,,,,,,,,,,,,,,,,,,,,,,,
Luis Gamez,SP,FA,,,,,,,,,,,,,,,,,,,,,,,,,,,,,,,,,,,,,,,,,,,,,,,,,,,
Jesus Castro,SP,FA,,,,,,,,,,,,,,,,,,,,,,,,,,,,,,,,,,,,,,,,,,,,,,,,,,,
Yordan Nodal,RP,FA,,,,,,,,,,,,,,,,,,,,,,,,,,,,,,,,,,,,,,,,,,,,,,,,,,,
Jacob Weaver,RP,FA,,,,,,,,,,,,,,,,,,,,,,,,,,,,,,,,,,,,,,,,,,,,,,,,,,,
Jordarlin Mendoza,RP,FA,,,,,,,,,,,,,,,,,,,,,,,,,,,,,,,,,,,,,,,,,,,,,,,,,,,
Brendan Parks,RP,FA,,,,,,,,,,,,,,,,,,,,,,,,,,,,,,,,,,,,,,,,,,,,,,,,,,,
Jason Shockley,RP,FA,,,,,,,,,,,,,,,,,,,,,,,,,,,,,,,,,,,,,,,,,,,,,,,,,,,
Jackson Rose,RP,FA,,,,,,,,,,,,,,,,,,,,,,,,,,,,,,,,,,,,,,,,,,,,,,,,,,,
Jordan Morales,RP,FA,,,,,,,,,,,,,,,,,,,,,,,,,,,,,,,,,,,,,,,,,,,,,,,,,,,
Jose Adames,RP,FA,,,,,,,,,,,,,,,,,,,,,,,,,,,,,,,,,,,,,,,,,,,,,,,,,,,
Benito Garcia,RP,FA,,,,,,,,,,,,,,,,,,,,,,,,,,,,,,,,,,,,,,,,,,,,,,,,,,,
Ryan Feczko,SP,FA,,,,,,,,,,,,,,,,,,,,,,,,,,,,,,,,,,,,,,,,,,,,,,,,,,,
Haruto Takahashi,SP,FA,,,,,,,,,,,,,,,,,,,,,,,,,,,,,,,,,,,,,,,,,,,,,,,,,,,
Juaron Watts-Brown,SP,FA,,,,,,,,,,,,,,,,,,,,,,,,,,,,,,,,,,,,,,,,,,,,,,,,,,,
Landon Hood,SP,FA,,,,,,,,,,,,,,,,,,,,,,,,,,,,,,,,,,,,,,,,,,,,,,,,,,,
Carson Jasa,SP,FA,,,,,,,,,,,,,,,,,,,,,,,,,,,,,,,,,,,,,,,,,,,,,,,,,,,
Jacob Roberts,RP,FA,,,,,,,,,,,,,,,,,,,,,,,,,,,,,,,,,,,,,,,,,,,,,,,,,,,
Rordy Mejia,RP,FA,,,,,,,,,,,,,,,,,,,,,,,,,,,,,,,,,,,,,,,,,,,,,,,,,,,
Jack Seppings,RP,FA,,,,,,,,,,,,,,,,,,,,,,,,,,,,,,,,,,,,,,,,,,,,,,,,,,,
Alfredo Romero,RP,FA,,,,,,,,,,,,,,,,,,,,,,,,,,,,,,,,,,,,,,,,,,,,,,,,,,,
Jordan Henriquez,RP,FA,,,,,,,,,,,,,,,,,,,,,,,,,,,,,,,,,,,,,,,,,,,,,,,,,,,
Dylan Carter,RP,FA,,,,,,,,,,,,,,,,,,,,,,,,,,,,,,,,,,,,,,,,,,,,,,,,,,,
Jack Eshleman,RP,FA,,,,,,,,,,,,,,,,,,,,,,,,,,,,,,,,,,,,,,,,,,,,,,,,,,,
Erick Reynoso,RP,FA,,,,,,,,,,,,,,,,,,,,,,,,,,,,,,,,,,,,,,,,,,,,,,,,,,,
Sam Cozart,SP,FA,,,,,,,,,,,,,,,,,,,,,,,,,,,,,,,,,,,,,,,,,,,,,,,,,,,
Ben Leeper,RP,FA,,,,,,,,,,,,,,,,,,,,,,,,,,,,,,,,,,,,,,,,,,,,,,,,,,,
Ethan Robinson,SP,FA,,,,,,,,,,,,,,,,,,,,,,,,,,,,,,,,,,,,,,,,,,,,,,,,,,,
Zach Kirby,SP,FA,,,,,,,,,,,,,,,,,,,,,,,,,,,,,,,,,,,,,,,,,,,,,,,,,,,
Tanner Dodson,RP,FA,,,,,,,,,,,,,,,,,,,,,,,,,,,,,,,,,,,,,,,,,,,,,,,,,,,
Omar Gonzalez,SP,FA,,,,,,,,,,,,,,,,,,,,,,,,,,,,,,,,,,,,,,,,,,,,,,,,,,,
Emilio Marquez,RP,FA,,,,,,,,,,,,,,,,,,,,,,,,,,,,,,,,,,,,,,,,,,,,,,,,,,,
Luis Quinones,SP,FA,,,,,,,,,,,,,,,,,,,,,,,,,,,,,,,,,,,,,,,,,,,,,,,,,,,
Emmanuel Martinez,RP,FA,,,,,,,,,,,,,,,,,,,,,,,,,,,,,,,,,,,,,,,,,,,,,,,,,,,
Carter Holjes,RP,FA,,,,,,,,,,,,,,,,,,,,,,,,,,,,,,,,,,,,,,,,,,,,,,,,,,,
Angel Perdomo,RP,FA,,,,,,,,,,,,,,,,,,,,,,,,,,,,,,,,,,,,,,,,,,,,,,,,,,,
Choyce Diffey,RP,FA,,,,,,,,,,,,,,,,,,,,,,,,,,,,,,,,,,,,,,,,,,,,,,,,,,,
Felix Arronde,SP,FA,,,,,,,,,,,,,,,,,,,,,,,,,,,,,,,,,,,,,,,,,,,,,,,,,,,
Randy Guzman,RP,FA,,,,,,,,,,,,,,,,,,,,,,,,,,,,,,,,,,,,,,,,,,,,,,,,,,,
Tanner McDougal,SP,FA,-1.75,-1.75,,,,0.3,,,,,,,,,,,,,,,,,,,,,,,,,,,,,,,,,,,,,,,,,,,,,
Wilkin Ramos,RP,FA,-3.25,-1.62,,,,2.0,,,,,,,,,,,,,,,,,,,,,,,,,,,,,,,,,,,,,,,,,,,,,
Ben Bowden,RP,FA,-6.0,-6.0,,,,1.0,,,,,,,,,,,,,,,,,,,,,,,,,,,,,,,,,,,,,,,,,-1.87,-1.93,22.1,10.6,10.7
Jackson Rutledge,RP,FA,-6.0,-6.0,,,,1.3,,,,,,,,,,,,,,,,,,,,,,,,,,,,,,,,,,,,,,,,,0.84,1.21,25.3,7.6,6.3
Josh White,RP,FA,-6.25,-6.25,,,,0.7,,,,,,,,,,,,,,,,,,,,,,,,,,,,,,,,,,,,,,,,,,,,,
Matt Seelinger,RP,FA,-6.25,-6.25,,,,2.0,,,,,,,,,,,,,,,,,,,,,,,,,,,,,,,,,,,,,,,,,,,,,
Blake Adams,SP,FA,-8.75,-8.75,,,,1.0,,,,,,,,,,,,,,,,,,,,,,,,,,,,,,,,,,,,,,,,,,,,,
Mitch Spence,RP,FA,-9.0,-3.0,,,,9.3,,,,,,,,,,,,,,,,,,,,,,,,,,,,,,,,,,,,,,,,,0.46,0.61,25.7,6.9,7.7
Aaron Brooks,SP,FA,-11.25,-11.25,,,,0.3,,,,,,,,,,,,,,,,,,,,,,,,,,,,,,,,,,,,,,,,,,,,,
