Name,Team,Level,Age,IP,K/9,BB/9,K/BB,HR/9,K%,BB%,K-BB%,AVG,WHIP,BABIP,LOB%,ERA,FIP,E-F,xFIP,PlayerId
Julio Dilone,SDP,DSL,26,9.1,11.57,5.79,2.00,0.96,26.1%,13.0%,13.0%,.263,1.71,.360,54.2%,7.71,5.86,1.85,5.26,sa3015085
Junior Pina,MIA,DSL,23,29.0,13.97,10.55,1.32,0.62,30.4%,23.0%,7.4%,.208,1.93,.339,57.2%,7.76,6.61,1.15,6.30,sa3016911
Brayan Cabello,SFG,DSL,22,36.1,6.44,3.96,1.63,0.00,18.6%,11.4%,7.1%,.140,0.91,.179,83.3%,1.24,4.61,-3.37,5.35,sa3018304
Andy Encarnacion,ARI,DSL,21,37.0,7.54,5.35,1.41,0.73,19.1%,13.6%,5.6%,.246,1.51,.298,74.3%,3.16,5.79,-2.63,5.80,sa3018498
Joldelanio De Los Santos,LAD,DSL,22,1.1,20.25,54.00,0.38,6.75,20.0%,53.3%,-33.3%,.167,6.75,.000,-11.6%,54.00,29.97,24.03,20.83,sa3018804
Edgar Leon,DET,DSL,21,10.1,13.06,5.23,2.50,0.00,28.8%,11.5%,17.3%,.267,1.74,.400,57.9%,6.10,3.60,2.50,4.31,sa3019161
Fernando Estrella,SFG,DSL,23,18.0,10.50,6.00,1.75,1.00,23.3%,13.3%,10.0%,.253,1.72,.327,44.9%,8.50,6.08,2.42,5.23,sa3019252
Donal Montas,DET,DSL,24,25.0,4.68,4.68,1.00,0.72,11.0%,11.0%,0.0%,.311,1.80,.341,61.1%,6.12,6.27,-0.15,6.27,sa3019394
Alfonso Perez,SFG,DSL,20,4.0,4.50,9.00,0.50,0.00,11.8%,23.5%,-11.8%,.154,1.50,.182,83.3%,2.25,6.47,-4.22,7.29,sa3019659
Carlos Hampshire,NYY,DSL,21,7.2,9.39,15.26,0.62,2.35,17.8%,28.9%,-11.1%,.323,3.00,.381,33.0%,18.78,11.25,7.53,8.93,sa3020971
Luis Vasquez,DET,DSL,21,34.0,6.62,3.71,1.79,0.26,16.7%,9.3%,7.3%,.276,1.50,.333,50.4%,5.29,4.79,0.50,5.54,sa3021001
Luis Porfirio,MIA,DSL,20,36.2,13.50,9.82,1.38,0.74,30.6%,22.2%,8.3%,.203,1.83,.320,60.2%,5.15,6.38,-1.22,5.89,sa3021015
Rainy Mota,PHI,DSL,20,2.2,13.50,0.00,4.00,0.00,40.0%,0.0%,40.0%,.200,0.75,.333,100.0%,0.00,1.47,-1.47,2.08,sa3021024
Junior Suarez,KCR,DSL,21,25.1,12.79,7.82,1.64,0.00,33.0%,20.2%,12.8%,.163,1.42,.280,73.0%,3.20,4.35,-1.15,5.09,sa3021031
Abelardo Medrano,DET,DSL,20,24.2,9.49,7.30,1.30,1.09,21.5%,16.5%,5.0%,.255,1.82,.319,52.5%,7.30,6.74,0.56,6.18,sa3021184
Moises Semerite,ATL,DSL,20,25.0,7.20,9.00,0.80,0.72,16.5%,20.7%,-4.1%,.253,1.96,.301,59.3%,7.20,7.03,0.17,6.81,sa3021246
Pedro Tovar,BAL,DSL,20,12.1,8.76,5.84,1.50,0.73,22.2%,14.8%,7.4%,.239,1.54,.303,62.5%,5.84,5.52,0.31,5.20,sa3021248
Osvaldo Heredia,MIA,DSL,20,22.0,9.82,15.14,0.65,1.23,17.4%,26.8%,-9.4%,.277,2.86,.343,41.0%,15.14,10.06,5.08,9.29,sa3021282
Ismael Cabral,TBR,DSL,22,14.2,9.20,3.68,2.50,0.00,29.4%,11.8%,17.6%,.067,0.61,.100,77.8%,0.00,3.65,-3.65,4.49,sa3021481
Jesus Lopez,SFG,DSL,21,40.0,6.53,2.93,2.23,0.90,16.0%,7.2%,8.8%,.311,1.58,.359,68.3%,5.18,5.82,-0.64,5.25,sa3021529
Frainer Mejias,SFG,DSL,20,22.2,8.34,8.34,1.00,0.40,18.4%,18.4%,0.0%,.212,1.72,.270,74.6%,4.37,7.03,-2.66,7.28,sa3021535
Eddy Peralta,TEX,DSL,23,32.0,13.50,6.19,2.18,0.28,32.0%,14.7%,17.3%,.230,1.56,.370,53.1%,5.63,4.50,1.12,4.71,sa3021757
Andersson Barvosa,TBR,DSL,20,0.1,27.00,27.00,1.00,0.00,33.3%,33.3%,0.0%,.500,6.00,1.000,0.0%,0.00,7.47,-7.47,7.47,sa3021759
Stiveen Rojas,MIA,DSL,19,34.1,9.44,9.96,0.95,0.79,20.1%,21.2%,-1.1%,.275,2.21,.354,58.8%,7.34,7.09,0.25,6.72,sa3021775
Daiher Hernandez,CLE,DSL,20,28.2,9.10,8.79,1.04,0.63,20.7%,20.0%,0.7%,.255,1.95,.329,58.0%,6.59,6.49,0.10,6.64,sa3021811
Ericksson De Los Santos,DET,DSL,20,23.0,14.87,10.96,1.36,0.00,33.3%,24.6%,8.8%,.205,1.96,.378,66.7%,6.26,5.21,1.05,5.88,sa3021823
Greudis De Los Santos,ARI,DSL,20,25.0,11.16,5.04,2.21,0.36,29.2%,13.2%,16.0%,.222,1.36,.328,57.8%,4.68,4.43,0.25,4.82,sa3022012
Randry De Leon,SFG,DSL,20,48.1,9.31,3.72,2.50,1.12,23.8%,9.5%,14.3%,.286,1.51,.364,71.8%,5.21,5.57,-0.35,4.78,sa3022025
Bayant Melo,MIA,DSL,21,31.2,10.80,7.96,1.36,0.57,25.3%,18.7%,6.7%,.200,1.61,.280,70.7%,4.83,6.21,-1.37,6.03,sa3022028
Esteban Dicent,BAL,DSL,23,30.0,12.30,8.40,1.46,0.00,29.7%,20.3%,9.4%,.165,1.50,.274,59.6%,6.00,5.24,0.76,6.11,sa3022033
Carlos Gonzalez,KCR,DSL,20,34.2,6.75,3.12,2.17,0.26,16.9%,7.8%,9.1%,.282,1.50,.339,47.4%,6.23,4.38,1.85,4.81,sa3022036
Kevin Tejada,DET,DSL,21,20.0,7.20,3.15,2.29,0.90,16.5%,7.2%,9.3%,.315,1.75,.366,54.2%,7.20,5.37,1.83,5.54,sa3022046
Alvin Veras,OAK,DSL,20,49.2,5.44,2.90,1.88,0.36,14.4%,7.7%,6.7%,.253,1.29,.291,67.0%,3.81,4.93,-1.13,5.40,sa3022216
Richard Jimenez,MIA,DSL,21,30.0,10.20,9.00,1.13,0.60,21.3%,18.8%,2.5%,.285,2.17,.379,50.6%,9.30,6.77,2.53,6.64,sa3022335
Bryan Landaez,CHC,DSL,21,25.2,11.57,6.31,1.83,1.05,27.5%,15.0%,12.5%,.216,1.52,.295,62.8%,4.56,6.11,-1.55,5.19,sa3022421
Samuel Carmona,KCR,DSL,21,29.1,10.13,3.68,2.75,0.31,26.2%,9.5%,16.7%,.209,1.19,.289,71.8%,3.07,4.30,-1.23,4.47,sa3023050
Yolvin Mesa,TBR,DSL,20,30.0,8.70,4.20,2.07,0.60,21.6%,10.4%,11.2%,.239,1.40,.302,61.6%,4.80,5.10,-0.30,4.92,sa3023690
Alejandro De La Cruz,MIA,DSL,19,7.1,7.36,19.64,0.38,1.23,12.5%,33.3%,-20.8%,.276,3.27,.318,54.7%,15.95,12.38,3.58,11.50,sa3023692
Angel Herrera,PIT,DSL,18,41.0,5.93,4.17,1.42,0.22,16.0%,11.2%,4.7%,.230,1.29,.275,78.4%,2.85,5.01,-2.15,5.41,sa3023694
Frank Chessman,TBR,DSL,19,4.2,5.79,19.29,0.30,1.93,10.0%,33.3%,-23.3%,.294,3.21,.308,78.3%,9.64,14.33,-4.68,12.07,sa3023697
Mathias Sato,SEA,DSL,19,3.0,9.00,6.00,1.50,3.00,15.8%,10.5%,5.3%,.400,2.67,.455,46.5%,18.00,10.80,7.20,7.29,sa3023699
Dariel Morillo,DET,DSL,19,30.0,4.80,4.20,1.14,0.90,12.4%,10.9%,1.6%,.239,1.37,.255,69.6%,3.90,6.30,-2.40,6.39,sa3023700
Ronald Tejada,NYY,DSL,19,25.1,8.17,7.11,1.15,0.00,19.8%,17.2%,2.6%,.253,1.74,.333,71.1%,4.26,5.14,-0.88,5.95,sa3023705
Gregori Arias,MIA,DSL,19,6.2,5.40,9.45,0.57,4.05,10.3%,17.9%,-7.7%,.323,2.55,.292,29.0%,17.55,12.72,4.83,8.71,sa3023734
Jesus Lizardo,PIT,DSL,19,0.2,13.50,13.50,1.00,0.00,16.7%,16.7%,0.0%,.600,6.00,.750,25.0%,27.00,5.97,21.03,8.42,sa3023753
Frankeli Mesta,PIT,DSL,19,0.2,0.00,0.00,0.00,0.00,0.0%,0.0%,0.0%,.000,0.00,.000,100.0%,0.00,4.47,-4.47,6.92,sa3023756
Omar Mejia,KCR,DSL,19,0.1,0.00,54.00,0.00,0.00,0.0%,50.0%,-50.0%,.500,9.00,.500,100.0%,0.00,22.47,-22.47,24.92,sa3023773
Jeyson Moya,SFG,DSL,19,2.2,0.00,3.37,0.00,0.00,0.0%,7.1%,-7.1%,.308,1.87,.308,40.0%,3.37,5.59,-2.22,7.43,sa3023779
Junior Tavera,NYY,DSL,19,48.1,11.17,6.14,1.82,0.93,26.9%,14.8%,12.1%,.266,1.72,.366,62.8%,6.33,5.50,0.83,5.19,sa3023813
Jose Meza,SFG,DSL,20,4.0,11.25,11.25,1.00,0.00,20.8%,20.8%,0.0%,.368,3.00,.500,66.7%,9.00,5.72,3.28,6.54,sa3023816
Charlie Zink,BOS,DSL,20,11.0,12.27,34.36,0.36,0.00,18.1%,50.6%,-32.5%,.108,4.18,.182,60.0%,16.36,14.29,2.08,14.88,sa3023827
Ricardo Guzman,TBR,DSL,21,32.2,10.47,3.86,2.71,0.00,27.7%,10.2%,17.5%,.186,1.10,.275,65.9%,3.31,3.89,-0.58,4.66,sa3023830
Franniel Reynoso,WSN,DSL,19,25.0,9.00,14.40,0.63,0.00,16.9%,27.0%,-10.1%,.231,2.44,.318,50.0%,12.60,9.31,3.29,10.06,sa3023832
Victor Espiritu,TOR,DSL,21,14.2,7.36,2.45,3.00,0.00,21.4%,7.1%,14.3%,.250,1.16,.325,70.6%,3.07,3.65,-0.58,4.21,sa3023847
Jose Silvestre,TEX,DSL,19,40.2,11.29,4.43,2.55,0.22,30.5%,12.0%,18.6%,.166,1.08,.247,67.3%,2.66,3.90,-1.25,3.95,sa3023849
Elkyns Villarreal,SFG,DSL,19,11.0,9.00,18.00,0.50,0.00,16.4%,32.8%,-16.4%,.211,2.73,.296,43.2%,16.36,10.38,5.99,10.82,sa3023850
Josue Henrique,COL,DSL,19,21.0,11.57,3.00,3.86,0.00,29.7%,7.7%,22.0%,.277,1.43,.411,45.2%,5.14,3.04,2.10,3.51,sa3023853
Oscar Melgarejo,CLE,DSL,20,1.2,5.40,21.60,0.25,0.00,11.1%,44.4%,-33.3%,.000,2.40,.000,25.0%,16.20,10.47,5.73,11.94,sa3023855
Robert Terrero,ARI,DSL,19,10.2,5.91,14.34,0.41,1.69,10.6%,25.8%,-15.2%,.326,3.00,.351,59.0%,10.12,11.22,-1.09,9.85,sa3023858
Lender Bracho,SFG,DSL,21,34.1,6.29,3.15,2.00,0.52,17.4%,8.7%,8.7%,.274,1.34,.327,84.1%,2.10,5.05,-2.95,4.84,sa3023866
Danny Martinez,TOR,DSL,20,3.1,8.10,24.30,0.33,0.00,11.5%,34.6%,-23.1%,.313,4.20,.385,53.3%,18.90,11.67,7.23,12.16,sa3023870
Brayan Amoroso,STL,DSL,18,21.0,10.71,9.00,1.19,1.29,23.8%,20.0%,3.8%,.280,2.10,.370,52.6%,8.57,7.23,1.34,6.70,sa3023910
Samuel Estevez,MIA,DSL,19,5.1,6.75,11.81,0.57,0.00,13.8%,24.1%,-10.3%,.238,2.25,.294,46.2%,11.81,7.47,4.34,8.69,sa3023924
Jose Marcano,TEX,DSL,19,0.0,0.00,0.00,0.00,0.00,0.0%,0.0%,0.0%,1.000,2.00,1.000,50.0%,9.00,4.47,4.53,5.29,sa3023953
Juan Colorado,SFG,DSL,19,17.2,6.62,10.70,0.62,1.53,13.4%,21.6%,-8.2%,.257,2.21,.278,61.3%,9.17,9.79,-0.62,8.32,sa3023954
Johan Cabeza,CIN,DSL,19,8.1,9.72,2.16,4.50,0.00,29.0%,6.5%,22.6%,.207,0.96,.300,87.5%,1.08,3.03,-1.95,4.01,sa3024075
Carlos Canales,MIL,DSL,20,14.0,8.36,12.21,0.68,0.00,17.1%,25.0%,-7.9%,.309,2.57,.405,47.4%,10.93,7.11,3.82,8.10,sa3024076
Oliver Sirotti,OAK,DSL,19,7.0,3.86,7.71,0.50,1.29,10.0%,20.0%,-10.0%,.333,2.00,.350,71.4%,6.43,8.04,-1.61,6.53,sa3024082
Jhostin Betances,LAA,DSL,19,30.1,8.60,8.01,1.07,0.30,17.9%,16.7%,1.2%,.344,2.34,.439,54.8%,9.49,6.35,3.15,6.24,sa3024083
Oniel Diaz,CIN,DSL,20,56.0,6.75,3.38,2.00,0.48,17.7%,8.9%,8.9%,.250,1.32,.299,74.5%,3.38,5.00,-1.63,5.34,sa3024089
Rubens Romero,PIT,DSL,19,1.1,6.75,13.50,0.50,0.00,14.3%,28.6%,-14.3%,.400,3.00,.500,100.0%,0.00,7.47,-7.47,7.47,sa3024093
Yohandy Cruz,DET,DSL,19,2.0,4.50,0.00,1.00,0.00,12.5%,0.0%,12.5%,.250,1.00,.286,100.0%,0.00,3.47,-3.47,5.92,sa3024131
Boris Sarduy,SFG,DSL,19,0.1,0.00,0.00,0.00,0.00,0.0%,0.0%,0.0%,.000,0.00,.000,100.0%,0.00,4.47,-4.47,4.47,sa3024141
Wilmer Lugo,NYM,DSL,20,2.1,11.57,11.57,1.00,0.00,30.0%,30.0%,0.0%,.000,1.29,.000,100.0%,0.00,5.75,-5.75,6.80,sa3024204
Daniel Nolasco,WSN,DSL,20,4.2,15.43,7.71,2.00,1.93,32.0%,16.0%,16.0%,.250,1.93,.364,69.8%,7.71,7.04,0.67,4.78,sa3024206
Oscar Pujols,COL,DSL,19,4.0,6.75,4.50,1.50,0.00,15.8%,10.5%,5.3%,.294,1.75,.357,57.1%,6.75,4.47,2.28,5.69,sa3024212
Ricardo Ramirez,TBR,DSL,20,14.2,13.50,15.34,0.88,0.00,27.8%,31.6%,-3.8%,.216,2.45,.379,59.0%,7.36,7.20,0.17,7.81,sa3024216
Mendry Solano,DET,DSL,22,5.2,4.76,11.12,0.43,0.00,11.1%,25.9%,-14.8%,.211,1.94,.250,83.3%,1.59,7.65,-6.06,8.51,sa3024221
Neftali Taveras,KCR,DSL,21,22.0,5.73,4.09,1.40,0.00,15.6%,11.1%,4.4%,.238,1.32,.288,65.5%,3.27,4.56,-1.29,5.49,sa3024224
Carlos Beras,KCR,DSL,21,19.0,9.00,8.53,1.06,0.95,21.6%,20.5%,1.1%,.200,1.68,.245,54.8%,4.74,6.68,-1.94,5.96,sa3024233
Abraham Hernandez,MIA,DSL,19,20.2,11.32,15.68,0.72,1.31,18.2%,25.2%,-7.0%,.363,3.53,.466,31.2%,14.81,9.79,5.01,8.77,sa3024236
Nathan Arends,OAK,DSL,19,8.0,10.13,5.63,1.80,1.13,22.5%,12.5%,10.0%,.314,2.00,.400,54.8%,9.00,5.72,3.28,5.22,sa3024238
Maxgregori Harvey,NYM,DSL,19,29.2,14.26,7.28,1.96,0.30,37.3%,19.0%,18.3%,.143,1.28,.260,81.3%,1.82,4.57,-2.75,4.65,sa3024258
Jhonny Aranguren,TBR,DSL,19,30.0,7.80,6.00,1.30,0.60,18.3%,14.1%,4.2%,.252,1.67,.308,49.8%,4.50,5.90,-1.40,5.96,sa3024259
Christopher Peralta,MIL,DSL,19,6.2,12.15,14.85,0.82,0.00,23.1%,28.2%,-5.1%,.296,2.85,.444,55.0%,10.80,7.17,3.63,8.15,sa3024261
Kendry Castro,SFG,DSL,19,11.0,6.55,1.64,4.00,0.00,19.5%,4.9%,14.6%,.162,0.73,.207,80.0%,1.64,4.11,-2.47,4.62,sa3024263
Carlos Rangel,CHC,DSL,20,27.2,9.76,5.86,1.67,0.00,23.6%,14.2%,9.4%,.262,1.66,.364,70.8%,3.90,4.47,-0.57,5.18,sa3024283
Ariel De La Cruz,CIN,DSL,20,27.1,11.20,7.24,1.55,0.66,27.4%,17.7%,9.7%,.218,1.61,.308,66.4%,4.28,5.46,-1.18,5.31,sa3024287
Armando Lao,DET,DSL,19,1.0,9.00,0.00,1.00,0.00,25.0%,0.0%,25.0%,.000,0.00,.000,100.0%,0.00,5.47,-5.47,6.29,sa3024343
Juan Martinez,CHW,DSL,19,4.0,9.00,22.50,0.40,0.00,12.9%,32.3%,-19.4%,.300,4.00,.375,35.3%,15.75,10.72,5.03,12.15,sa3024370
Jeiker Gudino,DET,DSL,19,2.0,4.50,4.50,1.00,0.00,12.5%,12.5%,0.0%,.286,1.50,.333,66.7%,4.50,4.97,-0.47,,sa3024371
Raul Trujillo,CLE,DSL,19,32.1,8.07,5.57,1.45,1.11,18.5%,12.7%,5.7%,.318,1.92,.384,55.4%,8.07,6.60,1.47,5.95,sa3024458
Eric Veras,COL,DSL,19,14.1,8.16,3.77,2.17,0.00,19.1%,8.8%,10.3%,.233,1.40,.298,45.5%,3.14,4.33,-1.19,5.41,sa3024462
Delvis Heredia,SFG,DSL,21,24.0,8.25,7.88,1.05,0.75,20.4%,19.4%,0.9%,.202,1.58,.250,65.4%,5.25,6.72,-1.47,6.52,sa3024524
Jhon Leon,SFG,DSL,22,31.2,13.93,7.39,1.88,0.00,32.0%,17.0%,15.0%,.250,1.80,.413,68.3%,3.98,4.12,-0.14,4.66,sa3024525
Wandy Cabrera,MIL,DSL,20,23.2,9.51,5.32,1.79,0.00,25.5%,14.3%,11.2%,.171,1.18,.246,73.3%,2.28,4.38,-2.10,5.01,sa3024527
Jordin Jhonni,KCR,DSL,21,37.0,5.84,5.35,1.09,0.24,14.9%,13.7%,1.2%,.196,1.32,.230,59.7%,3.89,5.39,-1.50,5.63,sa3024534
Maximo Gonzalez,COL,DSL,19,32.0,9.56,1.69,5.67,0.56,26.0%,4.6%,21.4%,.282,1.28,.375,58.7%,4.50,3.81,0.69,4.20,sa3024541
Franyer Mendez,CIN,DSL,19,37.0,6.32,7.30,0.87,0.24,14.7%,16.9%,-2.3%,.283,1.92,.339,53.1%,8.51,6.01,2.50,6.65,sa3024544
Jhoan Thomas,WSN,DSL,19,20.2,8.71,9.15,0.95,0.87,20.2%,21.2%,-1.0%,.200,1.74,.245,47.0%,8.71,7.28,1.43,6.85,sa3024546
Stiven Rogers,ARI,DSL,19,40.0,4.50,3.38,1.33,0.68,11.6%,8.7%,2.9%,.275,1.43,.300,62.3%,5.40,5.94,-0.54,6.07,sa3024560
Carlos Ochoa,MIA,DSL,19,24.2,10.58,4.01,2.64,0.73,26.1%,9.9%,16.2%,.265,1.50,.358,58.0%,5.84,4.75,1.09,4.66,sa3024561
Leyvi Rodriguez,NYM,DSL,20,28.2,8.79,10.05,0.88,0.31,19.6%,22.4%,-2.8%,.202,1.81,.271,59.1%,6.59,7.57,-0.98,7.80,sa3024563
Lonell Downs,MIL,DSL,19,8.0,9.00,7.88,1.14,1.13,21.6%,18.9%,2.7%,.148,1.38,.167,79.4%,1.13,7.84,-6.72,6.93,sa3024564
Wilinyer Ardiles,CLE,DSL,18,30.2,8.22,8.80,0.93,1.17,18.7%,20.0%,-1.3%,.280,2.05,.337,57.2%,7.92,7.47,0.45,6.63,sa3024566
Manuel Moreno,MIL,DSL,19,5.1,10.13,1.69,6.00,0.00,35.3%,5.9%,29.4%,.063,0.38,.100,50.0%,1.69,2.78,-1.09,3.09,sa3024567
Anderson Jimenez,SEA,DSL,18,26.2,8.44,9.11,0.93,0.34,18.9%,20.5%,-1.5%,.200,1.76,.257,61.3%,5.74,6.68,-0.94,7.14,sa3024571
Albert Ramos,DET,DSL,20,34.0,7.94,3.44,2.31,0.53,20.4%,8.8%,11.6%,.240,1.29,.299,69.3%,3.71,5.06,-1.35,5.37,sa3024581
Franyerson Reyes,DET,DSL,19,29.0,7.45,3.72,2.00,0.31,18.3%,9.2%,9.2%,.291,1.59,.359,57.9%,5.90,4.71,1.19,5.36,sa3024586
Erick Lanza,SEA,DSL,19,46.0,9.78,3.52,2.78,0.98,27.0%,9.7%,17.3%,.199,1.11,.252,84.4%,2.15,4.95,-2.80,4.08,sa3024589
Danery Meyer,SEA,DSL,19,10.1,10.45,10.45,1.00,0.00,19.7%,19.7%,0.0%,.375,2.90,.500,61.3%,9.58,5.92,3.66,7.50,sa3024598
Yadiel Ramon,COL,DSL,18,31.2,5.68,3.41,1.67,1.42,15.3%,9.2%,6.1%,.211,1.14,.213,73.5%,3.13,6.87,-3.74,5.64,sa3024600
Justin Lugo,MIL,DSL,20,18.1,14.24,9.33,1.53,0.49,34.9%,22.9%,12.0%,.180,1.64,.323,66.5%,5.89,5.61,0.28,5.53,sa3024601
Marlon Quintana,PIT,DSL,20,34.0,9.79,5.03,1.95,0.26,26.2%,13.5%,12.8%,.192,1.24,.268,68.1%,3.18,4.53,-1.35,4.87,sa3024603
Chaury Gomez,NYY,DSL,19,1.1,0.00,54.00,0.00,0.00,0.0%,53.3%,-53.3%,.400,7.50,.400,25.0%,60.75,26.97,33.78,27.58,sa3024621
Varis Villarreal,NYY,DSL,20,17.1,10.38,6.23,1.67,1.56,24.4%,14.6%,9.8%,.290,1.85,.370,69.4%,6.23,6.66,-0.43,5.26,sa3024622
Fabian Reyes,DET,DSL,21,5.0,10.80,5.40,2.00,0.00,26.1%,13.0%,13.0%,.400,2.20,.571,54.5%,7.20,3.87,3.33,5.01,sa3024623
Yunny Tovar,SDP,DSL,19,39.0,8.08,5.77,1.40,0.69,20.6%,14.7%,5.9%,.250,1.51,.316,72.1%,3.92,6.29,-2.37,5.81,sa3024648
Darling Reyes,WSN,DSL,21,15.1,10.57,7.63,1.38,0.00,23.7%,17.1%,6.6%,.339,2.22,.477,65.7%,7.04,4.86,2.18,5.39,sa3024770
Rene Yrish,PHI,DSL,19,11.1,14.29,15.88,0.90,0.00,24.0%,26.7%,-2.7%,.300,3.09,.469,40.0%,16.68,7.91,8.77,8.41,sa3024774
Paul Hoff,MIL,DSL,19,44.2,9.07,4.23,2.14,0.20,23.9%,11.2%,12.8%,.180,1.14,.240,72.6%,2.01,4.16,-2.14,4.61,sa3024777
Lukas Gonzalez,MIL,DSL,19,25.2,7.71,4.56,1.69,0.35,20.2%,11.9%,8.3%,.172,1.13,.214,85.0%,2.10,5.13,-3.03,5.55,sa3024778
Jean Rodriguez,MIL,DSL,19,19.0,9.47,8.05,1.18,0.00,23.8%,20.2%,3.6%,.159,1.42,.233,74.2%,3.79,5.68,-1.89,6.37,sa3024779
Manuel Davila,MIL,DSL,18,9.1,9.64,2.89,3.33,0.96,20.8%,6.3%,14.6%,.326,1.82,.406,39.8%,6.75,5.33,1.42,4.90,sa3024787
Jose Mejia,KCR,DSL,19,14.1,5.02,11.93,0.42,0.63,11.3%,26.8%,-15.5%,.196,2.02,.214,55.9%,5.02,8.45,-3.42,8.74,sa3024842
Jose Cruz,CLE,DSL,21,25.0,11.88,6.48,1.83,1.08,26.4%,14.4%,12.0%,.269,1.84,.368,49.1%,5.76,5.91,-0.15,5.23,sa3024843
Edinson Hernandez,WSN,DSL,20,8.0,10.13,25.88,0.39,0.00,15.8%,40.4%,-24.6%,.241,3.75,.350,45.7%,19.13,12.72,6.41,13.33,sa3024844
Jonaikel Meza,CLE,DSL,19,6.2,10.80,5.40,2.00,0.00,22.2%,11.1%,11.1%,.367,2.25,.500,58.8%,9.45,4.77,4.68,5.63,sa3024849
Juan Ramirez,TOR,DSL,20,23.1,15.04,8.10,1.86,0.00,40.2%,21.6%,18.6%,.081,1.16,.171,75.9%,1.16,4.08,-2.93,4.61,sa3024851
Manuel Marchan,CIN,DSL,19,37.2,7.17,5.73,1.25,0.48,16.1%,12.9%,3.2%,.287,1.83,.344,46.3%,6.93,5.88,1.05,5.94,sa3024869
Erich Tovar,CLE,DSL,19,10.2,5.91,3.37,1.75,0.00,15.6%,8.9%,6.7%,.256,1.31,.313,50.0%,4.22,4.84,-0.63,5.69,sa3024871
Rey Feliz,CLE,DSL,19,12.0,5.25,12.00,0.44,0.75,10.9%,25.0%,-14.1%,.250,2.33,.275,48.9%,9.75,8.39,1.36,8.53,sa3024874
Josue Silvestre,NYY,DSL,21,22.0,13.50,9.41,1.43,0.00,31.7%,22.1%,9.6%,.143,1.55,.250,68.4%,4.50,5.15,-0.65,5.71,sa3024875
Oliver Del Rosario,KCR,DSL,21,28.2,7.53,4.08,1.85,0.00,20.5%,11.1%,9.4%,.218,1.22,.286,76.3%,2.51,4.47,-1.96,5.10,sa3024888
Dariel Florentino,PIT,DSL,20,32.0,8.44,5.91,1.43,0.56,21.1%,14.8%,6.3%,.212,1.44,.267,69.3%,3.94,5.66,-1.72,5.71,sa3024894
Mauricio Vargas,NYY,DSL,19,7.0,7.71,20.57,0.38,1.29,11.3%,30.2%,-18.9%,.323,3.71,.375,29.4%,23.14,14.04,9.10,13.93,sa3024895
Juan Rivera,KCR,DSL,19,20.2,5.66,4.35,1.30,0.87,13.7%,10.5%,3.2%,.298,1.69,.333,66.3%,4.79,6.07,-1.28,5.56,sa3024917
Kevin Santana,HOU,DSL,19,6.1,5.68,25.58,0.22,0.00,8.7%,39.1%,-30.4%,.261,3.79,.316,51.7%,17.05,14.10,2.95,15.13,sa3024923
Luis Plicet,OAK,DSL,19,14.2,9.82,7.36,1.33,0.00,23.9%,17.9%,6.0%,.173,1.43,.250,62.5%,4.30,5.36,-1.06,6.13,sa3024924
Oscar Echegarreta,ARI,DSL,22,17.1,9.35,8.83,1.06,0.00,20.0%,18.9%,1.1%,.271,2.08,.365,56.4%,6.75,5.85,0.90,6.80,sa3024952
Christian Sáez,STL,DSL,19,2.1,0.00,3.86,0.00,0.00,0.0%,7.1%,-7.1%,.462,3.00,.462,57.1%,11.57,5.75,5.82,8.90,sa3024955
Enmanuel Carela,WSN,DSL,19,35.1,5.35,5.60,0.95,1.27,13.4%,14.0%,-0.6%,.235,1.50,.245,59.2%,5.86,7.24,-1.38,6.51,sa3024966
Oscar Vasquez,NYY,DSL,21,16.1,9.37,8.82,1.06,1.10,18.5%,17.4%,1.1%,.311,2.39,.382,60.2%,4.96,7.29,-2.33,7.09,sa3024969
Ransel Cruz,TBR,DSL,20,16.1,3.86,3.31,1.17,0.00,11.5%,9.8%,1.6%,.204,1.04,.234,88.9%,1.10,4.90,-3.80,5.50,sa3025011
Luis Ilarraza,NYY,DSL,19,11.2,11.57,10.80,1.07,0.00,23.1%,21.5%,1.5%,.250,2.23,.364,65.5%,3.86,6.27,-2.41,7.32,sa3025014
Emanuel Vargas,NYY,DSL,20,17.0,12.71,9.00,1.41,0.00,28.2%,20.0%,8.2%,.203,1.76,.325,70.6%,4.24,5.35,-1.12,5.69,sa3025022
Luis Carrasco,ARI,DSL,21,20.2,13.50,5.23,2.58,0.00,35.6%,13.8%,21.8%,.137,1.06,.238,62.5%,1.74,3.50,-1.76,4.13,sa3025023
Omar Calcurian,SFG,DSL,21,39.2,7.49,3.63,2.06,0.45,19.9%,9.6%,10.2%,.228,1.24,.282,72.3%,3.63,5.05,-1.42,5.11,sa3025025
Marco Eluscat,SDP,DSL,19,11.0,8.18,9.82,0.83,0.00,18.9%,22.6%,-3.8%,.154,1.64,.207,75.0%,2.45,6.47,-4.01,7.29,sa3025026
Nomar Jimenez,KCR,DSL,19,1.0,9.00,0.00,1.00,0.00,33.3%,0.0%,33.3%,.000,0.00,.000,100.0%,0.00,2.47,-2.47,4.10,sa3025027
Edwyn Hernandez,SDP,DSL,18,8.1,11.88,4.32,2.75,1.08,27.5%,10.0%,17.5%,.306,1.80,.417,73.5%,4.32,4.83,-0.51,4.25,sa3025028
Henry Ramirez,BAL,DSL,20,17.1,8.31,9.35,0.89,0.52,16.0%,18.0%,-2.0%,.303,2.37,.373,54.8%,11.42,7.53,3.90,7.44,sa3025037
Gregg Ferrera,LAD,DSL,20,40.0,11.03,4.73,2.33,0.68,28.5%,12.2%,16.3%,.228,1.38,.320,54.9%,4.95,4.72,0.23,4.48,sa3025038
Yeisy Celesten,TEX,DSL,21,0.1,0.00,0.00,0.00,0.00,0.0%,0.0%,0.0%,.000,0.00,.000,100.0%,0.00,13.47,-13.47,15.92,sa3025069
Yunier De Jesus,TEX,DSL,20,14.0,9.64,11.57,0.83,0.64,16.7%,20.0%,-3.3%,.365,2.93,.468,39.1%,18.00,9.04,8.96,9.45,sa3025074
Dalvin Bodre,MIL,DSL,19,20.1,8.85,7.97,1.11,0.89,19.4%,17.5%,1.9%,.300,2.07,.379,54.3%,8.41,7.17,1.24,6.70,sa3025081
Michael Gil,CIN,DSL,21,24.1,9.25,1.48,6.25,0.37,20.2%,3.2%,16.9%,.316,1.68,.396,49.3%,6.29,3.81,2.48,3.88,sa3025082
David De Los Santos,BAL,DSL,20,24.2,8.76,5.84,1.50,1.46,21.1%,14.0%,7.0%,.242,1.54,.286,76.1%,5.11,7.43,-2.32,6.38,sa3025094
Ruben Saldana,MIL,DSL,20,25.1,8.88,3.20,2.78,0.36,22.7%,8.2%,14.5%,.280,1.46,.365,65.6%,4.26,4.19,0.07,4.52,sa3025095
Anthony Aquino,CIN,DSL,20,22.2,7.54,7.54,1.00,0.40,18.3%,18.3%,0.0%,.160,1.41,.197,54.9%,5.16,6.41,-1.25,6.70,sa3025108
Nomar Meza,HOU,DSL,19,20.1,7.52,7.52,1.00,0.44,18.7%,18.7%,0.0%,.189,1.52,.232,70.9%,3.98,5.94,-1.96,6.03,sa3025125
Alvaro Carrillo,NYM,DSL,21,21.2,13.71,9.14,1.50,0.00,32.0%,21.4%,10.7%,.120,1.43,.214,67.6%,2.49,5.30,-2.81,5.64,sa3025127
Gabriel Paez,TBR,DSL,19,10.1,12.19,5.23,2.33,0.87,27.5%,11.8%,15.7%,.356,2.13,.500,68.0%,6.97,4.76,2.21,4.77,sa3025143
Samuel Bello,ARI,DSL,21,21.2,8.72,6.23,1.40,0.83,21.0%,15.0%,6.0%,.256,1.66,.322,60.8%,6.65,6.22,0.42,5.70,sa3025144
Gustavo De La Cruz,ARI,DSL,20,20.1,13.28,8.41,1.58,0.44,31.6%,20.0%,11.6%,.162,1.52,.256,53.8%,4.87,5.26,-0.39,5.34,sa3025150
Allen Ajoti,LAD,DSL,20,18.2,6.75,6.27,1.08,0.48,15.6%,14.4%,1.1%,.289,1.87,.344,43.4%,8.68,5.92,2.76,6.36,sa3025172
Geremias Pena,ARI,DSL,19,26.0,11.42,4.50,2.54,0.35,29.7%,11.7%,18.0%,.194,1.19,.288,66.5%,2.42,4.51,-2.08,4.67,sa3025191
Alberto Toribio,KCR,DSL,19,10.1,9.58,6.10,1.57,0.00,25.0%,15.9%,9.1%,.297,1.74,.423,72.2%,3.48,4.37,-0.89,5.16,sa3025239
Luis Hernandez,SFG,DSL,20,39.0,5.31,7.38,0.72,0.46,12.4%,17.2%,-4.8%,.252,1.74,.288,72.2%,5.08,7.26,-2.19,7.46,sa3025447
Luis Yepes,CIN,DSL,20,25.2,3.86,8.42,0.46,0.70,7.9%,17.3%,-9.4%,.268,2.10,.283,49.8%,8.42,7.78,0.63,7.98,sa3025464
Christopher Rochin,NYM,DSL,19,29.0,7.45,5.59,1.33,0.62,19.4%,14.5%,4.8%,.274,1.62,.338,61.1%,4.97,5.57,-0.61,5.32,sa3025466
Shai Romero,LAD,DSL,18,8.0,9.00,24.75,0.36,0.00,14.0%,38.6%,-24.6%,.294,4.00,.385,33.3%,22.50,11.09,11.41,11.50,sa3067273
Joseph Deng Thon,LAD,DSL,18,11.1,5.56,19.85,0.28,0.79,9.7%,34.7%,-25.0%,.273,3.26,.306,31.1%,17.47,11.79,5.68,11.51,sa3067274
Dani Richar,BOS,DSL,20,18.0,9.00,13.00,0.69,0.00,18.6%,26.8%,-8.2%,.250,2.39,.340,54.3%,9.50,7.30,2.20,7.67,sa3067561
Kauriel Leon,LAA,DSL,19,16.2,7.56,9.72,0.78,0.54,15.7%,20.2%,-4.5%,.314,2.40,.382,55.6%,8.64,6.99,1.65,7.09,sa3067562
Daniel Gómez,STL,DSL,18,37.1,8.92,2.89,3.08,0.96,23.1%,7.5%,15.6%,.234,1.23,.288,62.2%,4.10,5.09,-0.99,4.72,sa3067564
Ranci Castillo,BOS,DSL,19,22.1,8.46,8.87,0.95,0.40,19.1%,20.0%,-0.9%,.289,2.06,.377,72.6%,4.03,6.80,-2.77,6.80,sa3067568
Maickol Reyes,PIT,DSL,18,35.1,5.35,5.35,1.00,0.25,13.6%,13.6%,0.0%,.200,1.33,.231,61.7%,3.57,5.69,-2.12,6.13,sa3067569
Asael Arias,BAL,DSL,20,14.0,9.64,12.21,0.79,0.00,21.7%,27.5%,-5.8%,.180,2.00,.257,53.6%,5.79,6.40,-0.61,7.56,sa3067570
Laurens Sosa,BAL,DSL,18,12.1,10.22,17.51,0.58,0.00,15.6%,26.7%,-11.1%,.435,4.14,.563,56.4%,16.05,9.01,7.04,9.87,sa3067571
Carlos Luces,KCR,DSL,19,18.1,8.84,11.78,0.75,0.00,20.2%,27.0%,-6.7%,.177,1.91,.250,68.4%,5.40,6.92,-1.52,7.64,sa3067573
Jorge Mitre,PHI,DSL,20,17.0,12.71,5.29,2.40,0.00,32.9%,13.7%,19.2%,.226,1.41,.368,68.0%,3.18,3.59,-0.41,4.21,sa3067575
Fernando Figuera,PIT,DSL,20,12.1,8.03,15.32,0.52,0.00,18.3%,35.0%,-16.7%,.081,1.95,.115,69.2%,3.65,8.28,-4.63,9.14,sa3067584
Manuel Ruiz,WSN,DSL,20,32.2,9.37,5.79,1.62,0.00,21.8%,13.5%,8.3%,.208,1.41,.291,63.9%,4.41,5.69,-1.29,6.59,sa3067585
Juan Quinones,MIN,DSL,18,16.2,10.26,10.26,1.00,1.08,20.4%,20.4%,0.0%,.301,2.46,.385,61.2%,9.18,7.35,1.83,6.82,sa3067587
Keyner Cedeno,MIA,DSL,18,39.0,14.54,3.92,3.71,0.23,38.9%,10.5%,28.4%,.170,1.05,.299,71.1%,2.54,3.19,-0.65,3.31,sa3067588
Yerlin Burgos,OAK,DSL,18,8.1,10.80,17.28,0.63,0.00,17.9%,28.6%,-10.7%,.316,3.36,.429,56.7%,10.80,8.55,2.25,9.33,sa3067591
Henry Alcantara,SEA,DSL,18,33.2,5.88,8.82,0.67,0.80,13.3%,20.0%,-6.7%,.236,1.87,.265,59.6%,7.49,7.71,-0.22,7.37,sa3067592
Starlin Alberto,CIN,DSL,18,22.2,9.13,7.94,1.15,0.00,22.1%,19.2%,2.9%,.217,1.68,.300,64.1%,5.16,5.22,-0.06,6.30,sa3067594
Jider Corpas,CHC,DSL,18,38.2,5.35,3.03,1.77,0.70,14.3%,8.1%,6.2%,.271,1.34,.305,69.5%,4.19,5.61,-1.42,5.32,sa3067596
Ricardo Reyes,OAK,DSL,18,46.1,7.58,4.08,1.86,0.97,18.7%,10.0%,8.6%,.272,1.53,.321,69.1%,4.86,5.81,-0.95,5.29,sa3067598
Albert Munoz,CHW,DSL,17,3.1,5.40,2.70,2.00,0.00,18.2%,9.1%,9.1%,.000,0.30,.000,0.0%,0.00,4.17,-4.17,4.66,sa3067599
Luis Dorante,CLE,DSL,19,17.0,6.35,10.06,0.63,1.06,13.3%,21.1%,-7.8%,.314,2.41,.357,56.1%,9.00,8.12,0.88,7.50,sa3067600
Amilcar Teran,CLE,DSL,18,18.0,9.50,2.00,4.75,3.50,20.2%,4.3%,16.0%,.416,2.28,.476,43.5%,12.00,8.25,3.75,4.64,sa3067605
Randy Angomas,NYY,DSL,18,26.0,10.04,12.12,0.83,0.69,19.2%,23.2%,-4.0%,.305,2.58,.405,38.6%,13.85,8.55,5.30,8.30,sa3067607
Maicol Lauriano,BAL,DSL,20,8.0,10.13,10.13,1.00,0.00,24.3%,24.3%,0.0%,.179,1.75,.263,71.4%,4.50,5.59,-1.09,6.21,sa3067608
Luis Rodriguez,NYY,DSL,21,24.2,9.49,4.74,2.00,0.36,23.2%,11.6%,11.6%,.268,1.58,.357,60.6%,5.11,4.71,0.40,4.85,sa3067609
Albertt Medina,PHI,DSL,18,19.1,8.84,4.19,2.11,0.00,23.2%,11.0%,12.2%,.222,1.29,.302,76.9%,1.40,4.06,-2.66,5.03,sa3067610
Reynell Ramos,KCR,DSL,19,37.1,10.13,2.17,4.67,0.00,26.4%,5.7%,20.8%,.245,1.21,.343,70.8%,2.41,3.18,-0.77,3.88,sa3067611
Antwan Montana,CLE,DSL,18,10.1,8.71,9.58,0.91,0.87,17.2%,19.0%,-1.7%,.262,2.13,.323,39.1%,13.94,8.44,5.50,7.65,sa3067614
Jainer Marmolejos,BAL,DSL,18,19.0,8.05,7.58,1.06,0.00,18.5%,17.4%,1.1%,.189,1.58,.246,46.9%,7.11,5.52,1.58,6.34,sa3067619
Cristhian Duarte,TOR,DSL,18,43.0,7.95,1.26,6.33,0.21,21.6%,3.4%,18.2%,.254,1.14,.323,67.9%,3.35,3.49,-0.14,4.04,sa3067622
Starling Reyes,LAA,DSL,19,23.1,10.41,10.80,0.96,0.00,22.0%,22.8%,-0.8%,.222,2.06,.317,49.1%,8.10,6.40,1.70,7.06,sa3067625
Kelvin Marte,SDP,DSL,19,15.0,6.60,6.00,1.10,1.80,13.9%,12.7%,1.3%,.313,2.00,.340,61.7%,7.20,8.60,-1.40,6.93,sa3067627
Angel Rosado,PIT,DSL,20,25.1,8.88,5.33,1.67,0.71,23.1%,13.9%,9.3%,.180,1.22,.226,77.6%,2.49,5.77,-3.28,5.58,sa3067628
Alexander Lopez,TBR,DSL,20,26.0,9.00,3.12,2.89,0.69,23.0%,8.0%,15.0%,.248,1.31,.315,70.2%,3.81,4.85,-1.05,4.86,sa3067631
Gregory Sanchez,ARI,DSL,21,19.1,9.78,5.59,1.75,0.93,21.0%,12.0%,9.0%,.330,2.12,.415,44.5%,8.84,5.50,3.34,4.83,sa3067633
Allan Griman,BOS,DSL,19,33.2,13.10,5.61,2.33,0.27,31.6%,13.5%,18.1%,.240,1.54,.380,52.2%,6.42,4.26,2.15,4.51,sa3067636
Anderson Ozuna,NYM,DSL,19,18.0,7.00,4.00,1.75,0.00,18.9%,10.8%,8.1%,.169,1.06,.216,75.0%,2.00,4.41,-2.41,4.96,sa3067637
Breyner Figuereo,TEX,DSL,18,15.1,17.61,7.63,2.31,0.59,40.0%,17.3%,22.7%,.190,1.57,.370,60.2%,4.11,4.73,-0.62,4.10,sa3067647
Victor Familia,PIT,DSL,19,1.0,9.00,27.00,0.33,0.00,16.7%,50.0%,-33.3%,.333,4.00,.500,75.0%,0.00,11.47,-11.47,11.47,sa3067654
Esnaider Vargas,WSN,DSL,18,0.1,27.00,27.00,1.00,0.00,25.0%,25.0%,0.0%,.000,3.00,.000,100.0%,0.00,7.47,-7.47,7.47,sa3067726
Elias Reyno,ATL,DSL,18,0.2,0.00,13.50,0.00,0.00,0.0%,25.0%,-25.0%,.333,3.00,.333,50.0%,13.50,8.97,4.53,10.19,sa3067741
Luis Sanchez,CHC,DSL,18,2.0,0.00,18.00,0.00,0.00,0.0%,33.3%,-33.3%,.375,3.50,.375,28.6%,18.00,10.47,7.53,10.88,sa3067759
Yananyer Luis Abreu,CHC,DSL,18,10.1,6.97,7.84,0.89,2.61,16.3%,18.4%,-2.0%,.225,1.74,.207,79.7%,3.48,9.31,-5.82,6.24,sa3067763
Geomaikel Martinez,BOS,DSL,18,0.2,0.00,13.50,0.00,0.00,0.0%,14.3%,-14.3%,.600,6.00,.600,20.0%,54.00,13.47,40.53,15.92,sa3067774
Jhonny Osta,BOS,DSL,18,0.1,0.00,0.00,0.00,0.00,0.0%,0.0%,0.0%,.000,0.00,.000,100.0%,0.00,4.47,-4.47,6.92,sa3067777
Fabian Dorta,DET,DSL,18,0.1,27.00,27.00,1.00,0.00,33.3%,33.3%,0.0%,.500,6.00,1.000,50.0%,27.00,7.47,19.53,7.47,sa3067823
Jayln Pinder,TEX,DSL,18,0.1,0.00,0.00,0.00,0.00,0.0%,0.0%,0.0%,.500,3.00,.500,100.0%,0.00,4.47,-4.47,6.92,sa3067867
Christian Colon,HOU,DSL,18,2.0,0.00,9.00,0.00,0.00,0.0%,18.2%,-18.2%,.333,2.50,.333,60.0%,9.00,7.47,1.53,8.29,sa3067876
Cesar Garcia,MIA,DSL,18,4.2,0.00,5.79,0.00,1.93,0.0%,12.5%,-12.5%,.350,2.14,.316,72.9%,7.71,9.83,-2.11,9.67,sa3067883
Yowander Mercedes,DET,DSL,21,15.1,15.26,18.20,0.84,1.17,27.4%,32.6%,-5.3%,.200,2.74,.333,56.0%,14.09,10.60,3.49,9.44,sa3068073
Ryan Rodríguez,STL,DSL,18,1.2,0.00,27.00,0.00,5.40,0.0%,33.3%,-33.3%,.600,6.60,.556,20.8%,48.60,21.27,27.33,14.94,sa3068074
Albert Vega,PIT,DSL,19,19.2,9.61,16.02,0.60,0.92,20.4%,34.0%,-13.6%,.154,2.29,.190,66.4%,7.32,9.45,-2.13,9.08,sa3068077
Alving Campusano,KCR,DSL,19,17.2,7.13,4.58,1.56,0.00,19.4%,12.5%,6.9%,.145,1.02,.188,52.6%,2.04,4.58,-2.54,5.04,sa3068081
Carlos Alvarez,SDP,DSL,18,44.1,7.51,4.06,1.85,0.00,20.2%,10.9%,9.3%,.229,1.26,.300,71.0%,3.25,4.56,-1.31,5.41,sa3068082
Miguel Valdez,ARI,DSL,19,9.2,8.38,5.59,1.50,0.00,18.4%,12.2%,6.1%,.375,2.17,.484,70.8%,3.72,5.40,-1.68,6.58,sa3068085
Dariel Miguel,PIT,DSL,19,13.1,8.78,11.48,0.76,1.35,18.8%,24.6%,-5.8%,.224,2.10,.265,74.5%,6.08,8.97,-2.89,8.00,sa3068088
Agustin Campusano,MIN,DSL,18,36.0,6.75,7.25,0.93,0.25,14.5%,15.6%,-1.1%,.344,2.28,.413,51.4%,9.50,6.00,3.50,6.93,sa3068091
Yadiel Roquez,TEX,DSL,19,43.1,9.97,3.74,2.67,0.21,25.9%,9.7%,16.2%,.232,1.29,.322,76.4%,2.91,4.01,-1.10,4.84,sa3068093
Andres Ortiz,DET,DSL,19,39.2,7.94,7.49,1.06,1.36,19.1%,18.0%,1.1%,.243,1.74,.280,67.1%,5.22,7.32,-2.10,6.50,sa3068094
Jousuet Martinez,WSN,DSL,19,3.2,7.36,9.82,0.75,0.00,15.8%,21.1%,-5.3%,.154,1.64,.200,62.5%,2.45,7.74,-5.29,8.63,sa3068095
Oliver Castillo,DET,DSL,21,24.2,8.76,6.20,1.41,0.73,19.8%,14.0%,5.8%,.330,2.03,.419,58.6%,8.76,6.13,2.63,6.20,sa3068099
Jorman Santana,HOU,DSL,19,18.2,4.34,5.30,0.82,0.96,10.6%,12.9%,-2.4%,.268,1.61,.283,76.2%,4.34,7.15,-2.81,6.89,sa3068101
Mario Gonzalez,SFG,DSL,19,32.1,10.30,3.90,2.64,0.84,24.2%,9.2%,15.0%,.343,1.86,.457,60.9%,6.96,5.15,1.81,4.52,sa3068102
Alex Gonzalez,HOU,DSL,20,27.2,8.78,9.11,0.96,0.65,22.0%,22.8%,-0.8%,.200,1.70,.258,74.7%,4.23,6.49,-2.26,6.44,sa3068103
Yosniel Menendez,TBR,DSL,19,24.0,8.63,6.75,1.28,0.75,20.4%,15.9%,4.4%,.289,1.83,.369,58.4%,6.75,6.51,0.24,6.11,sa3068104
Jesus Delgado,OAK,DSL,20,15.2,10.91,3.45,3.17,0.00,28.4%,9.0%,19.4%,.237,1.28,.350,59.1%,4.02,3.58,0.45,4.46,sa3068106
Lionel Prevosti,ATL,DSL,19,33.2,8.55,8.29,1.03,0.80,18.5%,17.9%,0.6%,.279,2.05,.347,45.2%,9.36,7.02,2.33,6.81,sa3068107
Edelson Canelon,MIA,DSL,18,8.2,13.50,15.58,0.87,0.00,29.5%,34.1%,-4.5%,.037,1.85,.071,27.8%,7.27,7.35,-0.08,7.82,sa3068108
Santiago Linares,MIA,DSL,18,36.2,7.61,5.89,1.29,0.00,16.8%,13.0%,3.8%,.297,1.94,.370,55.4%,5.65,4.99,0.66,6.01,sa3068109
Adrian Pena,MIA,DSL,18,28.0,12.21,16.07,0.76,0.00,23.5%,30.9%,-7.4%,.240,2.64,.387,57.0%,10.93,8.40,2.53,9.01,sa3068110
Juan Jordan,LAA,DSL,18,13.2,5.93,4.61,1.29,0.66,16.7%,13.0%,3.7%,.128,0.95,.135,60.3%,1.32,5.64,-4.32,5.82,sa3068115
Jeremiah Jones,SFG,DSL,18,14.0,7.07,7.07,1.00,0.00,15.3%,15.3%,0.0%,.305,2.07,.375,41.9%,9.00,5.68,3.32,6.79,sa3068116
Ramces Camargo,CIN,DSL,19,19.0,7.11,11.84,0.60,0.95,14.7%,24.5%,-9.8%,.315,2.53,.375,44.7%,13.26,8.84,4.43,8.37,sa3068117
Ismanuel Piña,SEA,DSL,20,20.1,6.20,7.97,0.78,0.89,14.7%,18.9%,-4.2%,.208,1.67,.230,60.9%,6.20,7.03,-0.83,6.95,sa3068119
Jhose Brea,OAK,DSL,18,43.0,7.95,7.53,1.06,0.42,19.7%,18.7%,1.0%,.212,1.60,.267,67.0%,3.56,5.89,-2.33,5.91,sa3068120
Sheroky Rodriguez,DET,DSL,18,45.1,6.35,4.57,1.39,0.40,15.7%,11.3%,4.4%,.240,1.43,.284,54.3%,4.76,5.55,-0.79,5.79,sa3068121
Emmanuel Pena,BAL,DSL,18,30.1,10.09,10.38,0.97,0.59,23.9%,24.6%,-0.7%,.192,1.81,.265,65.2%,5.93,6.84,-0.91,6.66,sa3068124
Samuel Teran,BAL,DSL,17,21.1,6.75,8.44,0.80,0.84,14.7%,18.3%,-3.7%,.286,2.06,.333,64.9%,6.75,7.70,-0.95,7.29,sa3068125
Johander Rivero,CLE,DSL,18,31.0,11.32,4.65,2.44,0.29,28.5%,11.7%,16.8%,.202,1.29,.291,61.6%,4.35,4.11,0.24,4.25,sa3068126
Yoshtner Farfan,CLE,DSL,18,14.0,9.00,6.43,1.40,0.00,22.6%,16.1%,6.5%,.167,1.29,.235,72.7%,3.21,5.47,-2.25,6.40,sa3068127
Kevin Centeno,NYY,DSL,20,21.2,11.63,9.55,1.22,0.83,26.9%,22.1%,4.8%,.195,1.75,.277,58.7%,5.40,6.82,-1.42,6.49,sa3068130
Kevin Martinez,COL,DSL,18,39.2,8.85,2.95,3.00,1.13,23.2%,7.7%,15.5%,.250,1.29,.306,72.3%,3.86,5.35,-1.49,4.56,sa3068133
Derik Aquino,LAD,DSL,19,34.1,9.96,6.55,1.52,0.26,24.2%,15.9%,8.3%,.208,1.49,.291,79.5%,3.15,5.43,-2.28,5.69,sa3068135
Jonathan Santana,CIN,DSL,19,11.2,12.34,20.06,0.62,1.54,21.6%,35.1%,-13.5%,.182,2.91,.231,51.1%,13.11,11.67,1.45,10.49,sa3068138
Luis Cruz,CIN,DSL,19,25.1,7.82,7.11,1.10,1.07,16.7%,15.2%,1.5%,.342,2.29,.407,45.6%,9.95,6.76,3.19,6.38,sa3068139
Ivan Pacheco,LAD,DSL,19,10.0,10.80,5.40,2.00,0.90,24.0%,12.0%,12.0%,.326,2.00,.433,61.2%,8.10,5.47,2.63,4.99,sa3068140
Melvin Robles,KCR,DSL,18,35.2,9.34,3.53,2.64,0.00,24.0%,9.1%,14.9%,.235,1.29,.323,68.0%,3.53,3.91,-0.38,4.76,sa3068142
Jefferson Encarnacion,TEX,DSL,21,31.2,9.66,5.68,1.70,0.28,20.2%,11.9%,8.3%,.361,2.27,.468,49.6%,10.52,5.01,5.51,5.45,sa3068145
Gustavo Garcia,MIL,DSL,18,22.2,5.16,3.97,1.30,1.59,12.4%,9.5%,2.9%,.326,1.81,.346,45.2%,6.35,6.94,-0.59,5.65,sa3068146
Wilfred Paca,SDP,DSL,20,17.0,6.88,5.82,1.18,1.59,16.0%,13.6%,2.5%,.284,1.76,.314,59.0%,6.88,7.70,-0.82,6.51,sa3068148
Juan Felix,CHW,DSL,17,11.1,7.15,9.53,0.75,0.00,14.8%,19.7%,-4.9%,.277,2.21,.342,55.6%,9.53,6.59,2.94,7.16,sa3068151
Hector Dos Santos,SFG,DSL,20,25.1,8.53,6.39,1.33,0.36,22.9%,17.1%,5.7%,.200,1.38,.267,61.8%,4.62,5.46,-0.84,5.94,sa3068152
Beiker Rodríguez,STL,DSL,19,37.1,6.51,2.41,2.70,1.45,16.4%,6.1%,10.3%,.273,1.39,.298,60.5%,4.34,6.00,-1.66,5.00,sa3068155
Yariel Valdez,BOS,DSL,18,24.0,8.63,11.63,0.74,0.38,18.0%,24.2%,-6.2%,.236,2.17,.308,68.3%,6.38,7.97,-1.59,8.35,sa3068156
Enyer Dominguez,TOR,DSL,19,3.2,2.45,19.64,0.13,0.00,4.5%,36.4%,-31.8%,.308,3.27,.333,38.5%,19.64,11.29,8.35,11.96,sa3068157
Diego Carrillo,NYY,DSL,19,23.1,8.87,6.17,1.44,1.54,18.9%,13.1%,5.7%,.350,2.23,.421,52.6%,8.10,7.17,0.93,6.20,sa3068158
Fredy Penuelas,NYY,DSL,19,52.0,9.69,3.29,2.95,0.35,27.7%,9.4%,18.3%,.180,1.00,.248,79.3%,1.56,3.91,-2.35,4.10,sa3068160
Jose Trevizo,SFG,DSL,18,38.1,9.39,2.82,3.33,0.00,25.5%,7.6%,17.8%,.213,1.10,.297,60.9%,3.52,3.63,-0.11,4.21,sa3068161
Deimer Rodriguez,BAL,DSL,18,35.2,7.32,4.04,1.81,0.00,17.4%,9.6%,7.8%,.270,1.57,.336,61.0%,3.79,4.44,-0.66,5.08,sa3068164
Cristhian Espinosa,TOR,DSL,23,16.0,4.50,1.69,2.67,0.56,12.1%,4.5%,7.6%,.194,0.94,.208,75.3%,1.69,5.03,-3.34,5.29,sa3068166
Jesús  Pérez,STL,DSL,18,2.0,9.00,9.00,1.00,9.00,13.3%,13.3%,0.0%,.400,3.00,.333,0.0%,40.50,22.97,17.53,12.42,sa3068197
Daonil Montero,ARI,DSL,18,8.2,9.35,8.31,1.13,2.08,18.8%,16.7%,2.1%,.333,2.42,.393,57.3%,11.42,8.51,2.92,6.64,sa3068202
Stiven De La Cruz,BOS,DSL,18,0.1,0.00,54.00,0.00,0.00,0.0%,66.7%,-66.7%,.000,6.00,.000,100.0%,0.00,22.47,-22.47,24.92,sa3068209
Diego Natera,CHW,DSL,18,4.0,9.00,4.50,2.00,2.25,21.1%,10.5%,10.5%,.313,1.75,.364,45.5%,9.00,7.97,1.03,6.15,sa3068217
Victor Saez,BAL,DSL,18,0.2,0.00,13.50,0.00,0.00,0.0%,25.0%,-25.0%,.333,3.00,.333,100.0%,0.00,8.97,-8.97,11.42,sa3068220
Yaury Jimenez,ARI,DSL,19,33.1,8.10,3.51,2.31,1.35,20.3%,8.8%,11.5%,.252,1.41,.290,47.5%,5.40,5.79,-0.39,4.67,sa3068331
Randy Constanza,DET,DSL,19,20.0,7.20,6.75,1.07,0.90,16.7%,15.6%,1.0%,.257,1.70,.304,57.6%,7.65,7.47,0.18,7.15,sa3068335
Marco Arcia,DET,DSL,21,2.1,0.00,27.00,0.00,7.71,0.0%,36.8%,-36.8%,.273,4.29,.111,24.4%,30.86,25.90,4.96,17.20,sa3068336
Ernesto Meza,ATL,DSL,18,25.0,9.36,7.20,1.30,0.72,20.8%,16.0%,4.8%,.240,1.76,.306,58.4%,5.04,6.43,-1.39,6.24,sa3068337
Jose Arias,MIL,DSL,19,15.1,9.39,7.04,1.33,0.00,19.5%,14.6%,4.9%,.262,1.89,.347,50.0%,8.22,5.71,2.51,6.56,sa3068338
Alexis Reyes,LAD,DSL,19,20.1,7.97,7.52,1.06,1.33,16.4%,15.5%,0.9%,.310,2.16,.364,37.1%,11.07,8.01,3.06,7.18,sa3068341
Francis Valdez,TBR,DSL,21,10.1,8.71,14.81,0.59,0.87,14.9%,25.4%,-10.4%,.364,3.19,.455,45.2%,19.16,10.47,8.69,10.24,sa3068343
Isaac Prince,MIA,DSL,18,36.1,9.17,4.95,1.85,0.50,22.0%,11.9%,10.1%,.259,1.60,.333,56.9%,4.71,4.88,-0.18,5.04,sa3068346
Jhondel Salas,WSN,DSL,18,29.2,7.89,5.16,1.53,1.52,18.3%,12.0%,6.3%,.280,1.69,.322,48.0%,7.28,7.33,-0.05,6.33,sa3068347
Randy Baron,CLE,DSL,18,12.2,12.79,7.11,1.80,0.71,29.0%,16.1%,12.9%,.245,1.74,.367,59.3%,6.39,5.73,0.66,5.41,sa3068349
Josh Perez,CLE,DSL,18,31.1,6.32,4.60,1.38,0.29,15.5%,11.3%,4.2%,.262,1.53,.313,61.3%,4.88,5.39,-0.51,5.76,sa3068351
Abraham Utrera,SFG,DSL,21,35.1,14.77,5.35,2.76,0.25,36.3%,13.1%,23.1%,.237,1.53,.400,70.3%,4.33,3.34,0.99,3.80,sa3068353
Frankelly Desis,CHC,DSL,19,21.1,8.86,14.34,0.62,0.84,18.4%,29.8%,-11.4%,.225,2.44,.281,58.9%,8.44,8.50,-0.06,8.20,sa3068356
Freddy Hernandez,LAA,DSL,18,29.0,6.52,3.72,1.75,0.93,16.4%,9.4%,7.0%,.296,1.59,.341,60.7%,4.66,5.71,-1.06,5.27,sa3068357
Wisler Infante,SEA,DSL,18,47.2,6.23,2.64,2.36,0.38,15.9%,6.7%,9.1%,.257,1.32,.301,66.5%,3.02,4.70,-1.68,4.79,sa3068358
Carlos Galindo,MIL,DSL,18,56.1,6.39,4.31,1.48,0.48,15.5%,10.5%,5.0%,.257,1.51,.301,59.4%,4.63,5.45,-0.81,5.88,sa3068361
Jesus Sosa,HOU,DSL,18,18.0,8.00,5.50,1.45,0.50,21.9%,15.1%,6.8%,.161,1.17,.200,66.3%,4.00,5.25,-1.25,5.66,sa3068362
Ebduar Loina,SFG,DSL,19,13.0,6.92,22.15,0.31,0.69,11.0%,35.2%,-24.2%,.283,3.62,.333,56.2%,15.92,12.70,3.22,12.58,sa3068363
Omar Damian,HOU,DSL,17,40.1,9.60,8.03,1.19,0.22,24.7%,20.7%,4.0%,.191,1.54,.272,71.9%,4.02,5.49,-1.47,5.99,sa3068364
Juan García,STL,DSL,18,43.0,8.16,2.09,3.90,0.63,20.5%,5.3%,15.3%,.253,1.28,.309,58.7%,4.40,4.40,0.00,4.50,sa3068366
Miguel Molina,DET,DSL,18,16.1,11.02,12.12,0.91,2.20,23.3%,25.6%,-2.3%,.226,2.20,.263,34.0%,13.22,9.61,3.61,7.13,sa3068368
Yorsua Balanta,DET,DSL,20,25.0,8.28,10.44,0.79,0.00,19.0%,24.0%,-5.0%,.287,2.16,.391,76.3%,4.32,6.71,-2.39,7.53,sa3068369
Iverson Paulino,SFG,DSL,19,3.1,8.10,2.70,3.00,2.70,25.0%,8.3%,16.7%,.182,0.90,.143,100.0%,2.70,7.47,-4.77,4.06,sa3068370
Jorge Gonzalez,TOR,DSL,20,4.2,9.64,36.64,0.26,0.00,12.8%,48.7%,-35.9%,.125,4.50,.182,36.0%,21.21,17.11,4.10,17.81,sa3068372
Luis Cepeda,ARI,DSL,18,27.2,7.16,8.78,0.81,0.65,15.7%,19.3%,-3.6%,.241,1.95,.284,53.6%,6.51,6.85,-0.35,7.07,sa3068373
Carlos Sanchez,CLE,DSL,18,1.2,10.80,21.60,0.50,0.00,22.2%,44.4%,-22.2%,.000,2.40,.000,25.0%,16.20,9.27,6.93,10.25,sa3068375
Alexis Marinez,DET,DSL,20,38.1,11.97,6.81,1.76,0.70,31.1%,17.7%,13.4%,.178,1.36,.267,74.3%,4.23,5.56,-1.34,5.34,sa3068376
Edrwin Veras,TOR,DSL,23,2.2,10.12,6.75,1.50,0.00,23.1%,15.4%,7.7%,.091,1.12,.125,33.3%,0.00,4.47,-4.47,5.39,sa3068378
Angel Lopez,BOS,DSL,18,16.2,10.26,7.02,1.46,1.08,20.9%,14.3%,6.6%,.347,2.34,.444,51.0%,11.34,6.63,4.71,5.90,sa3068379
Ysaias Escalona,CIN,DSL,19,63.1,8.38,2.56,3.28,0.14,24.6%,7.5%,17.1%,.175,0.88,.236,87.2%,0.99,3.90,-2.91,4.56,sa3068380
Albert Feliz,LAD,DSL,20,22.1,16.52,8.87,1.86,0.00,34.7%,18.6%,16.1%,.301,2.24,.538,49.1%,9.27,4.16,5.11,4.74,sa3068381
Jefersson Marte,CIN,DSL,18,9.1,7.71,17.36,0.44,1.93,13.6%,30.5%,-16.9%,.317,3.32,.355,39.0%,19.29,11.33,7.96,10.12,sa3068382
Oscar Vaamonde,BOS,DSL,18,34.1,7.86,9.96,0.79,0.00,18.2%,23.0%,-4.8%,.252,2.01,.333,58.9%,7.08,6.39,0.69,6.99,sa3068383
Carlos Falcon,BOS,DSL,18,22.1,12.49,4.43,2.82,0.81,32.0%,11.3%,20.6%,.241,1.39,.360,76.9%,3.63,4.74,-1.11,4.34,sa3068384
Victor De Jesus,CLE,DSL,19,26.1,9.23,6.15,1.50,0.68,21.1%,14.1%,7.0%,.257,1.71,.329,53.0%,6.84,6.03,0.81,6.00,sa3068385
Angel De Jesus,BAL,DSL,20,42.0,6.43,7.93,0.81,0.21,15.1%,18.6%,-3.5%,.258,1.86,.313,66.6%,5.14,6.21,-1.06,6.83,sa3068387
Logan Tinkam,LAD,DSL,19,22.2,8.74,5.16,1.69,0.00,21.8%,12.9%,8.9%,.207,1.37,.277,71.9%,2.38,4.38,-2.00,5.07,sa3068391
Gustavo Antunez,BOS,DSL,18,1.2,0.00,5.40,0.00,0.00,0.0%,16.7%,-16.7%,.200,1.20,.200,100.0%,0.00,6.27,-6.27,7.25,sa3068402
Ezequiel Aparicio,LAD,DSL,18,0.1,0.00,0.00,0.00,0.00,0.0%,0.0%,0.0%,.000,0.00,.000,100.0%,0.00,4.47,-4.47,4.47,sa3068412
Diego Palacios,TBR,DSL,20,19.2,8.69,3.66,2.38,0.92,22.6%,9.5%,13.1%,.227,1.27,.278,51.7%,4.12,5.23,-1.11,4.57,sa3068458
Ricardo Osorio,OAK,DSL,18,50.2,8.70,2.84,3.06,0.00,23.0%,7.5%,15.5%,.240,1.24,.320,62.5%,4.09,3.54,0.54,4.17,sa3068460
Hamlet Santos,PIT,DSL,18,16.2,7.56,8.10,0.93,0.00,17.5%,18.8%,-1.2%,.194,1.62,.250,73.3%,3.24,6.03,-2.79,6.47,sa3068461
Roberto Salas,COL,DSL,18,6.0,13.50,1.50,9.00,0.00,42.9%,4.8%,38.1%,.150,0.67,.273,100.0%,0.00,1.97,-1.97,2.51,sa3068462
Angel Montero,NYM,DSL,18,14.0,9.00,5.79,1.56,0.64,23.7%,15.3%,8.5%,.245,1.50,.324,82.5%,3.21,5.54,-2.33,5.14,sa3068464
Enmanuel Figuereo,TEX,DSL,17,13.0,9.69,13.15,0.74,2.77,16.1%,21.8%,-5.7%,.375,3.31,.435,41.1%,18.69,11.62,7.07,8.63,sa3068466
Jose Puello,ARI,DSL,19,39.1,5.49,5.03,1.09,1.14,13.5%,12.4%,1.1%,.288,1.70,.315,71.7%,4.81,6.58,-1.77,5.78,sa3068470
Isael Fis,BOS,DSL,19,18.2,6.27,7.23,0.87,0.96,13.3%,15.3%,-2.0%,.304,2.09,.344,67.2%,6.75,7.52,-0.77,7.35,sa3068471
Albert Cordero,TEX,DSL,20,20.0,8.55,5.85,1.46,0.90,19.8%,13.5%,6.3%,.275,1.75,.339,73.9%,4.50,6.27,-1.77,6.03,sa3068472
Ruben Medina,TEX,DSL,20,16.1,7.16,13.78,0.52,0.55,14.6%,28.1%,-13.5%,.276,2.51,.341,57.0%,8.27,9.37,-1.10,9.37,sa3068473
Diego Arroyo,COL,DSL,18,37.1,9.88,1.93,5.13,1.21,27.0%,5.3%,21.7%,.268,1.23,.344,82.9%,3.13,4.82,-1.68,3.73,sa3068474
Geovanny Villarroel,CHC,DSL,18,36.1,7.93,3.47,2.29,0.25,19.9%,8.7%,11.2%,.266,1.40,.340,52.1%,5.94,4.88,1.06,5.09,sa3068475
Anthony Feliz,CHC,DSL,19,41.0,9.66,5.05,1.91,0.88,24.2%,12.6%,11.5%,.291,1.68,.382,73.0%,4.61,5.35,-0.74,4.68,sa3068476
Jesus Carrasco,WSN,DSL,20,38.0,7.11,3.55,2.00,1.18,17.9%,8.9%,8.9%,.285,1.53,.328,62.3%,5.45,5.94,-0.50,5.13,sa3068477
Leudy Reyes,PIT,DSL,18,27.0,10.00,7.33,1.36,0.33,25.2%,18.5%,6.7%,.160,1.37,.222,75.1%,3.00,5.51,-2.51,5.72,sa3068478
Yobanny Sanchez,NYM,DSL,18,11.0,8.18,7.36,1.11,1.64,21.7%,19.6%,2.2%,.143,1.27,.130,53.0%,7.36,8.01,-0.65,6.84,sa3068479
Raymond Sarmiento,MIL,DSL,18,48.2,7.21,2.77,2.60,0.55,19.6%,7.5%,12.1%,.246,1.21,.299,73.6%,3.51,4.90,-1.39,5.01,sa3068482
Darwin Ramos,SEA,DSL,19,15.1,4.70,9.39,0.50,0.00,10.1%,20.3%,-10.1%,.306,2.28,.352,55.6%,6.46,6.75,-0.30,8.30,sa3068483
Leosmar Perez,BOS,DSL,19,33.1,8.37,4.86,1.72,1.62,18.2%,10.6%,7.6%,.299,1.86,.345,52.9%,7.29,7.02,0.27,5.76,sa3068488
Daniel Gentile,CLE,DSL,17,42.1,10.20,4.68,2.18,0.64,24.5%,11.2%,13.3%,.281,1.65,.375,59.6%,5.95,4.89,1.06,4.94,sa3068490
Jainer Almanza,BOS,DSL,18,20.2,9.58,11.32,0.85,0.87,19.8%,23.4%,-3.6%,.247,2.23,.316,44.5%,9.58,7.95,1.63,7.80,sa3068492
Andre Avila,NYY,DSL,20,26.2,12.49,5.40,2.31,1.01,29.4%,12.7%,16.7%,.227,1.54,.314,43.5%,4.39,4.96,-0.57,4.32,sa3068495
Argenis Done,KCR,DSL,18,6.0,3.00,4.50,0.67,0.00,7.4%,11.1%,-3.7%,.261,1.50,.286,80.0%,1.50,5.80,-4.30,7.03,sa3068496
Cristopher Alburquerque,COL,DSL,18,17.1,7.27,7.79,0.93,1.04,14.7%,15.8%,-1.1%,.355,2.42,.417,60.2%,9.35,7.64,1.70,6.75,sa3068498
Angel Garcia,KCR,DSL,17,21.2,4.57,7.06,0.65,0.83,10.2%,15.7%,-5.6%,.289,1.98,.312,53.4%,8.31,7.15,1.16,7.11,sa3068500
Antonio Delgado,HOU,DSL,19,13.0,13.85,9.00,1.54,0.69,28.6%,18.6%,10.0%,.333,2.38,.515,52.1%,11.08,6.08,4.99,5.78,sa3068504
Leonel Murrieta,HOU,DSL,19,40.0,6.53,3.83,1.71,0.00,16.6%,9.7%,6.9%,.235,1.33,.290,51.7%,5.18,4.67,0.51,5.51,sa3068505
Cesar Acosta,NYY,DSL,19,51.2,12.19,3.66,3.33,0.17,34.5%,10.3%,24.1%,.172,1.01,.275,62.7%,3.31,3.35,-0.04,3.63,sa3068506
Carlos Lorenzo,PIT,DSL,19,14.0,9.64,16.07,0.60,0.00,19.2%,32.1%,-12.8%,.163,2.36,.235,51.4%,10.29,8.54,1.75,9.47,sa3068507
Aneudy Santos,TEX,DSL,20,43.0,9.84,5.23,1.88,0.63,24.0%,12.8%,11.2%,.225,1.47,.294,49.3%,4.60,5.07,-0.47,4.89,sa3068508
Ralph Sierra,TBR,DSL,18,0.1,0.00,81.00,0.00,0.00,0.0%,60.0%,-60.0%,.500,12.00,.500,0.0%,108.00,31.47,76.53,33.92,sa3068509
Hendrick Caña,STL,DSL,18,19.0,12.32,2.37,5.20,0.00,29.9%,5.7%,24.1%,.291,1.47,.434,58.1%,4.26,3.00,1.27,3.73,sa3068510
Guillermo Baldelomar,CIN,DSL,19,26.1,6.15,6.49,0.95,0.68,15.1%,16.0%,-0.8%,.278,1.75,.325,64.9%,6.49,6.60,-0.10,6.35,sa3068511
Isaac Vegas,TBR,DSL,20,13.1,5.40,6.75,0.80,0.00,14.3%,17.9%,-3.6%,.156,1.28,.189,66.7%,3.38,5.74,-2.37,6.48,sa3068512
Greison Acosta,NYM,DSL,18,8.2,9.35,18.69,0.50,1.04,14.1%,28.1%,-14.1%,.366,3.81,.452,35.5%,21.81,11.85,9.95,11.20,sa3068513
Bryan Lara,LAD,DSL,18,10.1,3.48,10.45,0.33,0.00,7.1%,21.4%,-14.3%,.279,2.32,.308,44.0%,9.58,7.47,2.11,8.42,sa3068514
Jose Menes,TBR,DSL,22,48.2,7.40,2.77,2.67,0.18,18.8%,7.0%,11.7%,.290,1.46,.362,60.3%,5.36,4.33,1.04,4.78,sa3068515
Luisangel Chirino,CIN,DSL,19,22.2,8.74,5.56,1.57,0.79,20.4%,13.0%,7.4%,.250,1.59,.313,79.1%,3.97,6.32,-2.35,5.97,sa3068516
Jose Vargas,NYY,DSL,18,16.0,6.75,6.19,1.09,0.00,16.4%,15.1%,1.4%,.224,1.50,.283,60.7%,4.50,5.78,-1.28,6.75,sa3068517
Fleury Soriano,CHC,DSL,21,23.1,14.27,6.17,2.31,0.39,37.0%,16.0%,21.0%,.136,1.16,.233,55.9%,3.09,4.30,-1.21,4.62,sa3068519
Yordy Magdariaga,DET,DSL,20,26.1,6.15,6.15,1.00,0.68,15.3%,15.3%,0.0%,.212,1.48,.241,59.1%,5.13,6.25,-1.13,6.38,sa3068520
Jose Padilla,NYM,DSL,18,1.0,0.00,18.00,0.00,0.00,0.0%,40.0%,-40.0%,.000,2.00,.000,50.0%,0.00,10.47,-10.47,11.29,sa3068527
Anyel Manzueta,WSN,DSL,19,35.0,10.03,10.03,1.00,0.26,21.0%,21.0%,0.0%,.254,2.11,.347,46.6%,10.03,6.73,3.30,7.10,sa3068590
Hector Moreno,NYY,DSL,18,27.1,13.50,11.85,1.14,0.99,28.1%,24.7%,3.4%,.200,2.05,.304,69.6%,7.24,7.94,-0.70,7.20,sa3068595
Josias Figuereo,SDP,DSL,19,40.0,6.53,5.18,1.26,0.90,15.8%,12.5%,3.3%,.221,1.40,.250,76.9%,4.28,6.94,-2.67,6.42,sa3068599
Francis Aquino,ARI,DSL,19,38.0,8.76,6.39,1.37,0.00,21.4%,15.6%,5.8%,.229,1.58,.308,58.1%,5.45,4.81,0.64,5.46,sa3068600
Carlos Toro,SFG,DSL,19,31.2,6.25,7.96,0.79,0.57,14.9%,18.9%,-4.1%,.274,1.89,.323,66.4%,6.54,6.84,-0.30,6.84,sa3068601
Miguel Alvarez,SDP,DSL,21,11.2,14.66,4.63,3.17,1.54,33.3%,10.5%,22.8%,.275,1.71,.400,64.0%,6.17,4.98,1.19,3.59,sa3068602
Edwin Mendoza,OAK,DSL,18,21.0,6.00,10.29,0.58,0.00,13.5%,23.1%,-9.6%,.218,1.95,.266,74.4%,3.43,6.85,-3.42,7.36,sa3068606
Keivan Vasquez,ARI,DSL,18,26.0,6.58,6.92,0.95,0.35,14.8%,15.6%,-0.8%,.291,1.92,.349,57.8%,8.31,6.39,1.92,6.68,sa3068607
Yhosneiber Torres,PIT,DSL,18,35.1,10.19,7.13,1.43,0.25,25.0%,17.5%,7.5%,.172,1.42,.241,64.6%,4.08,5.29,-1.21,5.66,sa3068609
Julio M Rossi,CLE,DSL,17,45.0,8.40,5.40,1.56,0.60,20.2%,13.0%,7.2%,.259,1.60,.326,61.5%,4.80,5.74,-0.94,5.83,sa3068610
Salvador Burgos,CHC,DSL,20,30.1,8.60,3.86,2.23,0.30,21.6%,9.7%,11.9%,.239,1.35,.310,55.0%,5.34,4.67,0.67,4.86,sa3068612
Miguel Liendo,LAA,DSL,18,20.2,8.71,5.66,1.54,0.87,21.1%,13.7%,7.4%,.235,1.55,.288,76.2%,3.05,5.82,-2.78,5.95,sa3068613
Christopher Quiroz,SEA,DSL,18,7.1,9.82,20.86,0.47,1.23,14.3%,30.4%,-16.1%,.361,4.09,.444,41.1%,19.64,12.24,7.39,11.47,sa3068614
Jose D. Gonzalez,SFG,DSL,20,11.0,7.36,2.45,3.00,0.00,18.8%,6.3%,12.5%,.302,1.45,.382,66.7%,4.09,4.20,-0.11,5.38,sa3068615
Amilkar Romero,CHC,DSL,18,21.1,7.59,6.33,1.20,0.00,19.1%,16.0%,3.2%,.156,1.27,.203,75.9%,1.69,5.17,-3.48,6.05,sa3068616
Wilner Berroteran,LAA,DSL,18,58.0,8.84,3.72,2.38,0.78,23.0%,9.7%,13.3%,.244,1.34,.308,73.0%,3.41,5.02,-1.61,4.58,sa3068617
Jesus Martinez,BOS,DSL,18,21.1,7.17,11.81,0.61,0.84,13.5%,22.2%,-8.7%,.347,2.86,.408,58.8%,10.55,8.45,2.09,8.42,sa3068618
Carlos Barrientos,CHC,DSL,18,3.0,15.00,9.00,1.67,0.00,35.7%,21.4%,14.3%,.182,1.67,.333,40.0%,9.00,4.14,4.86,4.41,sa3068619
Victor Castellano,COL,DSL,18,23.0,8.61,5.09,1.69,1.57,18.6%,11.0%,7.6%,.316,1.91,.375,63.9%,6.26,7.43,-1.16,5.91,sa3068620
Frederik Dolsi,TEX,DSL,18,41.1,6.75,5.66,1.19,1.31,16.0%,13.4%,2.6%,.288,1.74,.325,61.5%,7.40,7.32,0.08,6.29,sa3068621
Kelvin Zapata,BAL,DSL,18,38.1,12.21,5.17,2.36,0.00,32.9%,13.9%,19.0%,.202,1.25,.338,65.5%,3.05,4.03,-0.97,4.43,sa3068622
Anderson Alvarez,TBR,DSL,18,51.1,7.01,4.56,1.54,1.23,17.7%,11.5%,6.2%,.269,1.54,.307,69.3%,4.91,6.38,-1.47,5.53,sa3068623
Enderson Amaya,CLE,DSL,19,16.0,9.56,5.06,1.89,1.13,23.3%,12.3%,11.0%,.250,1.56,.311,49.5%,6.75,5.66,1.09,5.00,sa3068624
Gleiderson Mendoza,COL,DSL,18,26.0,9.35,5.19,1.80,0.00,23.3%,12.9%,10.3%,.240,1.46,.333,65.1%,3.81,4.70,-0.89,5.36,sa3068625
Raduan Perez,TOR,DSL,17,9.1,13.50,5.79,2.33,0.00,30.4%,13.0%,17.4%,.308,1.93,.480,42.1%,9.64,3.72,5.92,4.33,sa3068627
Kenyer Penaloza,KCR,DSL,17,37.0,5.59,2.92,1.92,0.24,15.5%,8.1%,7.4%,.203,1.05,.239,71.4%,3.16,4.79,-1.63,5.15,sa3068630
Melky Ventura,COL,DSL,18,2.1,7.71,7.71,1.00,0.00,15.4%,15.4%,0.0%,.364,2.57,.444,66.7%,3.86,5.33,-1.47,6.03,sa3068631
Abner Meza,NYM,DSL,19,49.2,9.06,1.81,5.00,0.18,24.9%,5.0%,19.9%,.205,0.97,.276,77.9%,1.81,3.68,-1.87,4.28,sa3068632
Javier Rojas,KCR,DSL,18,22.0,7.36,6.14,1.20,1.23,15.7%,13.0%,2.6%,.316,2.09,.364,36.5%,11.05,6.92,4.12,6.38,sa3068634
Ronny Arias,CLE,DSL,17,19.1,6.98,11.17,0.63,0.93,15.8%,25.3%,-9.5%,.300,2.33,.358,62.5%,6.98,8.14,-1.16,7.89,sa3068636
Mauricio De La Cruz,PIT,DSL,20,15.2,10.34,4.02,2.57,0.57,26.5%,10.3%,16.2%,.246,1.40,.333,72.8%,3.45,4.34,-0.89,4.24,sa3068637
Henderson Hernandez,NYM,DSL,19,27.0,8.33,6.67,1.25,0.33,19.5%,15.6%,3.9%,.186,1.44,.237,57.3%,4.00,5.99,-1.99,6.29,sa3068641
Diego Castro,TBR,DSL,19,30.2,6.75,6.46,1.05,0.29,15.8%,15.1%,0.7%,.250,1.70,.302,45.8%,7.34,5.94,1.40,6.60,sa3068642
Carlos Virla,BAL,DSL,19,20.0,9.45,4.95,1.91,0.00,23.1%,12.1%,11.0%,.227,1.40,.315,63.6%,3.60,4.77,-1.17,5.30,sa3068643
Maykol Vasquez,NYM,DSL,18,13.2,9.88,17.78,0.56,0.00,16.7%,30.0%,-13.3%,.222,2.85,.308,41.7%,12.51,10.18,2.34,11.13,sa3068653
Ricardo Montilla,KCR,DSL,19,16.1,4.41,5.51,0.80,0.00,11.9%,14.9%,-3.0%,.211,1.35,.245,72.7%,0.55,5.33,-4.78,6.18,sa3068656
Jose Sequera,PIT,DSL,19,24.2,6.93,9.85,0.70,1.09,15.4%,22.0%,-6.5%,.234,1.99,.264,68.4%,6.57,8.04,-1.47,7.55,sa3068660
Sebastian Pina,TBR,DSL,18,22.2,8.74,6.75,1.29,0.40,20.6%,15.9%,4.7%,.235,1.63,.306,64.0%,5.96,6.01,-0.06,6.16,sa3068667
Jhosneyker Colina,NYY,DSL,18,48.0,8.81,2.81,3.13,0.94,21.9%,7.0%,14.9%,.273,1.44,.336,62.5%,4.31,4.93,-0.61,4.32,sa3068683
Jose Andrades,TOR,DSL,19,30.1,10.09,4.45,2.27,0.59,25.2%,11.1%,14.1%,.286,1.62,.386,67.8%,4.45,4.67,-0.22,4.13,sa3068687
Malvin Garcia,CIN,DSL,20,16.1,9.37,11.57,0.81,0.00,19.1%,23.6%,-4.5%,.279,2.45,.373,70.0%,6.61,6.24,0.37,7.44,sa3068697
Jose Vielma,NYM,DSL,19,12.0,9.75,4.50,2.17,0.00,26.5%,12.2%,14.3%,.175,1.08,.259,43.8%,6.00,4.55,1.45,5.64,sa3068699
Jhordari Jimenez,CLE,DSL,18,35.0,8.23,7.71,1.07,0.26,20.3%,19.0%,1.3%,.212,1.57,.282,59.7%,5.91,6.44,-0.53,6.65,sa3068700
Merwin Manrique,MIL,DSL,18,6.1,4.26,18.47,0.23,2.84,7.7%,33.3%,-25.6%,.250,3.00,.211,71.4%,8.53,14.73,-6.21,11.53,sa3068701
Carlos Martinez,DET,DSL,20,28.0,5.14,6.43,0.80,0.32,10.9%,13.6%,-2.7%,.320,2.11,.362,47.9%,9.00,6.47,2.53,6.76,sa3068702
Steven Duran,MIL,DSL,17,42.2,7.17,9.07,0.79,0.63,15.5%,19.6%,-4.1%,.271,2.06,.326,55.4%,9.07,7.52,1.55,7.37,sa3068703
Daniel Burciaga,SDP,DSL,18,10.2,8.44,8.44,1.00,0.00,18.9%,18.9%,0.0%,.286,2.06,.375,69.6%,5.91,5.69,0.22,6.76,sa3068704
Junior Medina,BAL,DSL,19,42.2,8.86,6.33,1.40,0.00,19.8%,14.2%,5.7%,.272,1.80,.359,54.7%,6.96,5.24,1.72,5.99,sa3068707
Antony Ventura,COL,DSL,17,13.2,7.24,9.88,0.73,0.00,13.6%,18.5%,-4.9%,.293,2.34,.362,32.5%,13.83,7.91,5.92,8.74,sa3068708
Tony Gonzalez,PIT,DSL,22,9.1,15.43,6.75,2.29,0.00,32.7%,14.3%,18.4%,.310,2.14,.500,40.0%,9.64,3.29,6.35,3.90,sa3068729
Daniel Castro,TBR,DSL,18,13.2,5.27,7.24,0.73,2.63,11.4%,15.7%,-4.3%,.298,2.05,.289,49.2%,11.20,9.96,1.24,7.59,sa3068730
Robert Moreno,BOS,DSL,20,29.1,8.59,7.06,1.22,0.31,19.6%,16.1%,3.5%,.278,1.88,.360,47.8%,7.98,5.87,2.11,6.15,sa3068742
Ire Martinez,TOR,DSL,18,20.1,10.62,8.85,1.20,0.44,24.2%,20.2%,4.0%,.250,1.92,.353,59.1%,6.20,6.14,0.06,6.06,sa3068743
Jose Blanco,SDP,DSL,22,19.0,6.63,12.79,0.52,0.95,13.1%,25.2%,-12.1%,.289,2.58,.333,55.8%,11.84,9.26,2.58,9.01,sa3068744
Rafael Gonzalez,DET,DSL,20,27.0,10.00,7.00,1.43,0.67,24.0%,16.8%,7.2%,.220,1.59,.294,61.1%,6.33,5.99,0.35,6.05,sa3068745
Onofer De La Cruz,COL,DSL,18,18.0,11.00,5.00,2.20,1.50,24.4%,11.1%,13.3%,.219,1.44,.271,59.0%,3.50,7.02,-3.52,5.99,sa3068750
Hansel Pinales,CHW,DSL,18,15.2,9.19,5.17,1.78,1.15,22.5%,12.7%,9.9%,.259,1.53,.325,63.5%,6.32,6.58,-0.26,5.59,sa3068752
Antonio Morales,HOU,DSL,19,45.1,6.35,2.78,2.29,0.20,17.2%,7.5%,9.7%,.187,0.99,.226,66.5%,2.38,4.67,-2.29,5.10,sa3068754
Sebastian Lopez,CHC,DSL,18,2.2,13.50,13.50,1.00,0.00,30.8%,30.8%,0.0%,.111,1.87,.200,60.0%,3.37,5.97,-2.59,7.50,sa3068760
Cesar Cerezo,TOR,DSL,18,3.2,0.00,2.45,0.00,0.00,0.0%,6.3%,-6.2%,.333,1.64,.333,66.7%,0.00,5.29,-5.29,6.62,sa3068770
Raimi Mueses,DET,DSL,19,27.1,5.93,3.29,1.80,0.66,14.3%,7.9%,6.3%,.263,1.46,.298,56.1%,3.95,5.42,-1.47,5.60,sa3068775
Yangel Martinez,ATL,DSL,18,3.0,0.00,48.00,0.00,0.00,0.0%,48.5%,-48.5%,.333,7.00,.333,34.8%,39.00,22.47,16.53,23.83,sa3068777
Daniel Ramos,TEX,DSL,19,21.2,9.55,8.72,1.10,1.25,22.1%,20.2%,1.9%,.250,1.89,.315,70.4%,5.82,7.47,-1.65,6.65,sa3068788
Gensy Aquino,SDP,DSL,18,17.2,7.13,15.28,0.47,0.00,12.3%,26.3%,-14.0%,.370,3.40,.448,47.6%,13.75,8.49,5.27,9.13,sa3068789
Eddison Septimo,BOS,DSL,19,1.1,6.75,6.75,1.00,13.50,14.3%,14.3%,0.0%,.333,2.25,.000,100.0%,13.50,24.72,-11.22,8.28,sa3068790
Maikol Tovar,BOS,DSL,18,2.0,9.00,9.00,1.00,0.00,22.2%,22.2%,0.0%,.143,1.50,.200,100.0%,0.00,5.47,-5.47,7.10,sa3068793
Kriscol Peralta,STL,DSL,18,18.1,9.82,10.80,0.91,0.49,21.3%,23.4%,-2.1%,.217,2.02,.292,64.8%,5.89,7.09,-1.20,7.63,sa3068798
Waner Perez,BAL,DSL,20,9.1,8.68,2.89,3.00,0.00,20.9%,7.0%,14.0%,.263,1.39,.345,60.0%,3.86,4.15,-0.29,4.85,sa3068799
Jhendry Ciriaco,TBR,DSL,20,36.0,5.25,6.25,0.84,0.75,11.8%,14.0%,-2.2%,.331,2.06,.371,53.5%,8.00,6.89,1.11,6.80,sa3068800
Edwin Reynoso,SFG,DSL,19,25.2,7.36,8.42,0.88,0.35,18.8%,21.4%,-2.7%,.217,1.64,.279,68.0%,4.91,6.73,-1.82,6.86,sa3068802
Rayner Reyes,STL,DSL,20,9.2,3.72,0.93,4.00,0.00,9.8%,2.4%,7.3%,.333,1.45,.371,86.7%,1.86,4.26,-2.40,5.19,sa3068803
Wascar Berroa,BOS,DSL,20,21.2,10.38,7.89,1.32,0.00,26.6%,20.2%,6.4%,.192,1.52,.292,80.0%,2.08,5.07,-2.99,5.71,sa3068804
Welin Aponte,PIT,DSL,19,34.1,7.86,7.60,1.03,0.00,20.3%,19.6%,0.7%,.188,1.49,.253,56.6%,4.98,5.43,-0.45,6.00,sa3068816
Julio Ozoria,BAL,DSL,20,20.2,10.89,7.40,1.47,0.00,28.1%,19.1%,9.0%,.159,1.35,.250,58.1%,4.35,4.95,-0.60,5.59,sa3068820
Ariel Dilone,SDP,DSL,18,19.0,8.05,9.95,0.81,0.00,19.1%,23.6%,-4.5%,.239,1.95,.320,68.4%,5.68,6.15,-0.47,7.06,sa3068821
Masahiro Fukuda,TEX,DSL,24,31.1,8.33,2.59,3.22,1.72,20.0%,6.2%,13.8%,.309,1.63,.356,63.4%,6.32,5.97,0.35,4.52,sa3068828
Jarlin Ugarte,TOR,DSL,19,26.0,8.31,4.85,1.71,0.00,21.2%,12.4%,8.8%,.211,1.31,.282,60.5%,2.77,4.70,-1.93,5.23,sa3068829
Gabriel Brito,TOR,DSL,18,2.1,3.86,15.43,0.25,0.00,10.0%,40.0%,-30.0%,.000,1.71,.000,75.0%,3.86,8.75,-4.90,9.80,sa3068830
Derlin Garcia,MIL,DSL,19,56.2,8.42,3.34,2.52,0.48,22.0%,8.7%,13.3%,.237,1.27,.302,67.3%,3.65,4.66,-1.01,4.87,sa3068831
Luis Perdomo,BAL,DSL,19,24.0,7.13,3.38,2.11,0.75,18.1%,8.6%,9.5%,.234,1.29,.274,53.0%,5.63,5.34,0.28,5.38,sa3068833
Kleiver Benitez,SEA,DSL,17,23.1,5.40,4.63,1.17,1.16,12.1%,10.3%,1.7%,.301,1.84,.326,50.3%,8.49,6.61,1.87,6.34,sa3068846
Erickson Ettien,BOS,DSL,19,25.2,9.47,10.87,0.87,0.35,21.1%,24.2%,-3.1%,.176,1.83,.238,75.6%,4.21,7.20,-2.99,7.33,sa3068847
Yusef Hanania,CHC,DSL,20,30.1,12.16,4.75,2.56,0.30,33.6%,13.1%,20.5%,.170,1.12,.266,73.6%,2.37,3.78,-1.40,3.94,sa3068848
Axel Perez,BAL,DSL,20,32.1,8.35,8.07,1.03,0.56,18.1%,17.5%,0.6%,.308,2.16,.386,56.2%,8.07,6.48,1.59,6.38,sa3068854
Ricardo Heredia,HOU,DSL,20,30.1,7.12,9.79,0.73,0.30,16.6%,22.8%,-6.2%,.236,1.91,.296,73.5%,4.45,7.17,-2.72,7.69,sa3068855
Anderson Rivera,CHC,DSL,19,33.0,7.64,7.36,1.04,0.00,17.6%,17.0%,0.6%,.262,1.85,.333,47.6%,6.55,5.41,1.14,6.40,sa3068856
Guillermo Romero,SDP,DSL,21,32.2,10.47,5.23,2.00,0.83,26.0%,13.0%,13.0%,.224,1.44,.298,49.1%,6.06,5.26,0.80,4.82,sa3068857
Elisandro Ramirez,ATL,DSL,18,1.2,16.20,10.80,1.50,5.40,30.0%,20.0%,10.0%,.375,3.00,.500,0.0%,27.00,12.27,14.73,5.45,sa3068858
Jhossua Castro,ARI,DSL,20,10.2,11.81,11.81,1.00,1.69,25.0%,25.0%,0.0%,.244,2.25,.320,72.1%,7.59,8.50,-0.91,6.60,sa3068861
Osvaldo Platas,SEA,DSL,19,9.1,9.64,5.79,1.67,2.89,22.7%,13.6%,9.1%,.237,1.61,.240,64.8%,4.82,8.43,-3.61,5.57,sa3068864
Enyel Garcia,BAL,DSL,18,25.0,10.44,9.72,1.07,0.00,24.4%,22.7%,1.7%,.258,2.00,.383,69.8%,5.40,5.75,-0.35,6.37,sa3068865
Luis  Avila,CIN,DSL,19,24.0,8.25,1.50,5.50,0.38,23.7%,4.3%,19.4%,.184,0.83,.234,72.8%,1.88,3.93,-2.05,4.41,sa3068866
Darwin Roa,PIT,DSL,19,8.0,10.13,9.00,1.13,0.00,26.5%,23.5%,2.9%,.120,1.38,.188,91.7%,1.13,5.59,-4.47,6.21,sa3068867
Randy Maria,LAD,DSL,21,36.2,7.12,5.15,1.38,0.49,18.2%,13.2%,5.0%,.207,1.34,.250,63.0%,4.17,5.56,-1.39,5.79,sa3068868
Michael Manjarres,BOS,DSL,20,19.1,13.97,13.50,1.03,0.00,24.6%,23.8%,0.8%,.326,2.95,.500,48.4%,12.57,6.95,5.62,7.29,sa3068877
David Medina,BAL,DSL,19,35.0,7.97,3.86,2.07,0.00,19.3%,9.3%,9.9%,.262,1.49,.336,50.9%,6.69,4.41,2.27,5.07,sa3068879
Daniel Garcia,MIL,DSL,18,18.0,5.50,6.00,0.92,0.50,14.3%,15.6%,-1.3%,.197,1.33,.224,75.2%,3.50,6.64,-3.14,6.68,sa3068885
Edgar Benitez,BAL,DSL,21,6.2,4.05,10.80,0.38,0.00,8.1%,21.6%,-13.5%,.379,2.85,.423,42.1%,12.15,7.17,4.98,8.15,sa3068886
Rafi Santo,KCR,DSL,19,24.1,4.44,3.33,1.33,0.74,10.7%,8.0%,2.7%,.337,1.77,.368,56.9%,5.92,5.91,0.01,5.41,sa3068887
Ezequiel Martinez,TBR,DSL,19,46.0,7.04,3.52,2.00,0.39,17.9%,9.0%,9.0%,.225,1.26,.271,64.8%,3.13,4.97,-1.84,5.31,sa3068894
Roberto Castellanos,TOR,DSL,19,57.0,7.89,1.42,5.56,0.32,21.4%,3.8%,17.5%,.240,1.11,.301,59.8%,3.63,3.64,-0.01,4.16,sa3068897
Brailin Aguirrez,MIL,DSL,18,9.2,6.52,8.38,0.78,1.86,14.0%,18.0%,-4.0%,.341,2.38,.375,54.5%,11.17,8.50,2.67,7.00,sa3068906
Rodrigo Ramirez,TOR,DSL,19,32.0,9.28,3.94,2.36,0.56,24.3%,10.3%,14.0%,.242,1.34,.318,61.6%,4.78,4.72,0.06,4.98,sa3068907
Kevin Pino,SEA,DSL,19,22.2,7.54,7.94,0.95,0.00,17.0%,17.9%,-0.9%,.247,1.85,.314,53.3%,5.16,5.84,-0.67,6.63,sa3068908
Jesus Garcia,KCR,DSL,18,15.0,7.20,10.80,0.67,1.20,14.8%,22.2%,-7.4%,.258,2.27,.292,52.8%,8.40,8.40,0.00,7.98,sa3068909
Ranger Sarit,WSN,DSL,20,44.0,8.59,6.34,1.35,0.00,21.1%,15.6%,5.5%,.172,1.32,.235,58.0%,4.50,5.42,-0.92,6.24,sa3068911
Edgar Lugo,CIN,DSL,18,2.2,3.37,20.25,0.17,3.37,6.7%,40.0%,-33.3%,.333,3.37,.286,39.5%,20.25,15.34,4.91,11.39,sa3068918
Josue Perez,SFG,DSL,19,27.0,9.00,11.67,0.77,0.00,20.3%,26.3%,-6.0%,.176,1.89,.250,56.9%,6.33,7.14,-0.80,7.77,sa3068919
Diego Soriano,TBR,DSL,21,20.1,7.08,8.41,0.84,0.00,17.0%,20.2%,-3.2%,.197,1.62,.255,75.7%,3.98,6.29,-2.31,7.41,sa3068920
Rendy Naveo,MIA,DSL,18,2.0,0.00,27.00,0.00,9.00,0.0%,37.5%,-37.5%,.400,5.00,.250,41.7%,31.50,26.47,5.03,17.14,sa3068922
Handrychson Colina,CLE,DSL,19,31.0,6.39,7.55,0.85,1.16,14.6%,17.2%,-2.6%,.270,1.90,.302,55.0%,7.55,7.53,0.01,6.91,sa3068927
Yoneiber Rodriguez,CHW,DSL,19,4.2,7.71,13.50,0.57,0.00,13.8%,24.1%,-10.3%,.300,2.79,.375,33.3%,17.36,8.54,8.82,9.42,sa3068928
Deivi Garcia,CIN,DSL,21,26.1,5.81,5.81,1.00,0.68,14.5%,14.5%,0.0%,.237,1.52,.269,77.1%,3.08,6.44,-3.37,6.48,sa3068941
Alexander Heredia,BOS,DSL,19,18.1,8.84,14.24,0.62,0.98,15.5%,25.0%,-9.5%,.284,2.84,.344,56.2%,10.80,9.65,1.15,8.95,sa3068942
Roimer Rosas,LAD,DSL,19,23.2,8.37,7.23,1.16,0.00,17.9%,15.4%,2.4%,.287,2.03,.367,52.9%,6.46,5.40,1.07,6.12,sa3068943
Victor Jimenez,HOU,DSL,19,38.2,5.12,4.66,1.10,0.47,14.7%,13.3%,1.3%,.138,0.98,.151,88.1%,1.40,5.56,-4.16,5.92,sa3068957
Anderson Reyes,BAL,DSL,18,21.0,9.86,2.14,4.60,0.00,27.1%,5.9%,21.2%,.257,1.14,.373,70.0%,3.00,3.85,-0.85,4.51,sa3068958
Aurelvys Batista,NYM,DSL,20,20.2,9.15,9.15,1.00,0.00,20.2%,20.2%,0.0%,.237,1.89,.327,58.7%,7.84,6.50,1.34,7.41,sa3068961
Jhony Osoria,NYM,DSL,19,26.2,12.15,5.74,2.12,0.34,26.5%,12.5%,14.0%,.305,1.99,.432,28.5%,9.45,4.28,5.17,4.62,sa3068986
Yoslaniel Hernandez,PIT,DSL,18,26.2,9.11,12.15,0.75,0.34,19.9%,26.5%,-6.6%,.300,2.47,.403,52.6%,8.44,6.98,1.46,6.89,sa3068993
Wagner Soto,TOR,DSL,17,9.2,8.38,21.41,0.39,1.86,12.9%,32.9%,-20.0%,.436,4.14,.536,53.1%,19.55,14.92,4.63,13.24,sa3068994
Juan Yan,CLE,DSL,18,18.0,6.50,4.00,1.63,2.00,16.3%,10.0%,6.3%,.254,1.44,.259,70.1%,3.00,7.41,-4.41,5.57,sa3068995
Julio Pinales,CIN,DSL,19,30.2,9.39,8.51,1.10,1.17,22.1%,20.0%,2.1%,.229,1.76,.288,65.0%,7.04,7.60,-0.56,6.81,sa3068996
Miguel Vargas,ARI,DSL,18,23.1,6.17,7.33,0.84,0.00,15.0%,17.8%,-2.8%,.229,1.63,.284,60.5%,6.17,6.18,-0.01,7.30,sa3068998
Justino Francisco,PIT,DSL,19,24.1,8.14,4.44,1.83,0.00,22.7%,12.4%,10.3%,.188,1.15,.254,64.3%,2.96,4.14,-1.18,4.95,sa3069001
Yonaiker Perez,TBR,DSL,19,39.1,7.32,7.78,0.94,0.00,18.1%,19.2%,-1.1%,.168,1.45,.219,61.9%,4.58,5.89,-1.32,6.68,sa3069002
Joismer Sandoval,BAL,DSL,21,20.1,9.74,8.85,1.10,0.00,21.8%,19.8%,2.0%,.160,1.57,.226,68.4%,3.54,6.14,-2.60,6.70,sa3069003
Orlando Marcelin,TOR,DSL,18,34.0,11.91,10.32,1.15,0.26,26.5%,22.9%,3.5%,.214,1.94,.325,63.2%,4.76,6.09,-1.32,6.30,sa3069029
Julio J Rossi,CLE,DSL,19,24.0,5.63,4.88,1.15,0.75,14.9%,12.9%,2.0%,.230,1.38,.257,73.7%,3.38,6.05,-2.68,5.96,sa3069030
Wilfi Rodriguez,CLE,DSL,18,15.2,7.47,17.23,0.43,1.15,13.0%,30.0%,-17.0%,.262,2.94,.304,61.3%,11.49,11.94,-0.45,11.01,sa3069037
David Hernandez,TOR,DSL,20,24.0,9.75,10.50,0.93,1.88,20.0%,21.5%,-1.5%,.306,2.42,.373,58.2%,10.50,9.01,1.49,7.56,sa3069038
Albert Perez,SDP,DSL,18,36.1,9.91,4.71,2.11,0.50,24.1%,11.4%,12.7%,.273,1.60,.366,67.6%,3.96,4.88,-0.92,5.11,sa3069039
Simon Colmenares,SFG,DSL,19,35.1,8.41,5.35,1.57,0.76,19.6%,12.5%,7.1%,.252,1.58,.311,55.2%,7.64,6.17,1.47,6.03,sa3069044
Rainiel Duran,SFG,DSL,22,26.1,6.84,7.18,0.95,0.68,16.8%,17.6%,-0.8%,.250,1.71,.297,72.4%,4.10,6.56,-2.46,6.38,sa3069046
Santiago Martinez,MIL,DSL,17,11.2,14.66,2.31,6.33,0.00,44.2%,7.0%,37.2%,.077,0.51,.150,71.4%,0.77,2.24,-1.47,2.52,sa3069047
Hancer Regalado,KCR,DSL,18,24.1,8.51,3.33,2.56,0.74,24.2%,9.5%,14.7%,.202,1.07,.254,87.3%,1.85,5.00,-3.15,4.64,sa3069048
Enmanuel De La Rosa,LAD,DSL,23,41.2,8.42,4.54,1.86,0.43,22.3%,12.0%,10.3%,.247,1.42,.319,71.2%,3.67,4.73,-1.06,4.76,sa3069049
Sebastian Perez,TBR,DSL,19,19.1,7.45,7.45,1.00,0.47,17.0%,17.0%,0.0%,.267,1.86,.328,74.5%,4.19,6.43,-2.24,6.65,sa3069084
Wilfran Ortega,CHC,DSL,19,28.2,11.93,5.34,2.24,0.31,29.2%,13.1%,16.2%,.255,1.57,.380,62.2%,5.34,4.36,0.97,4.71,sa3069086
Jesus Griman,NYM,DSL,18,0.2,0.00,13.50,0.00,0.00,0.0%,25.0%,-25.0%,.333,3.00,.333,100.0%,0.00,8.97,-8.97,12.64,sa3069094
Jesus Moreno,MIN,DSL,18,14.0,10.29,6.43,1.60,1.93,21.6%,13.5%,8.1%,.349,2.29,.432,52.1%,9.64,7.33,2.32,5.36,sa3069099
Edgar Liriano,TEX,DSL,19,35.1,8.15,7.90,1.03,0.51,19.2%,18.6%,0.6%,.223,1.70,.281,58.5%,6.11,6.54,-0.42,6.70,sa3069114
Dariel Pena,TEX,DSL,20,20.2,12.63,19.60,0.64,1.31,23.2%,36.0%,-12.8%,.244,3.10,.348,58.3%,12.63,10.37,2.26,9.43,sa3069115
Gabriel Teran,SDP,DSL,18,0.2,13.50,13.50,1.00,0.00,33.3%,33.3%,0.0%,.000,1.50,.000,100.0%,0.00,5.97,-5.97,7.19,sa3069116
Ricardo Arredondo,MIA,DSL,19,29.0,9.93,9.00,1.10,0.31,22.7%,20.6%,2.1%,.211,1.79,.289,65.3%,4.34,6.02,-1.68,6.42,sa3069121
Manuel Gomez,TEX,DSL,22,35.0,8.74,3.60,2.43,0.51,20.5%,8.4%,12.0%,.297,1.66,.375,52.4%,5.66,4.81,0.85,5.03,sa3069122
Alberto Arias,BAL,DSL,18,33.0,9.00,4.36,2.06,0.00,23.4%,11.3%,12.1%,.211,1.27,.289,65.9%,2.73,4.11,-1.38,4.82,sa3069131
Berlin Fransua,ARI,DSL,18,20.1,7.52,7.97,0.94,0.00,15.6%,16.5%,-0.9%,.349,2.36,.435,62.3%,7.97,6.19,1.78,7.19,sa3069135
Lenixon Armas,COL,DSL,20,27.0,7.67,5.33,1.44,0.67,18.9%,13.1%,5.7%,.233,1.48,.282,72.1%,4.67,5.84,-1.17,5.75,sa3069143
Lenin Caceres,NYY,DSL,23,4.2,17.36,23.14,0.75,0.00,29.0%,38.7%,-9.7%,.222,3.43,.444,70.6%,7.71,8.97,-1.25,9.32,sa3069145
Kendri Fana,LAA,DSL,17,51.0,7.59,2.47,3.07,0.71,20.9%,6.8%,14.1%,.238,1.16,.289,76.2%,2.82,4.80,-1.98,4.55,sa3069444
Diego Serna,SDP,DSL,17,2.2,10.12,16.87,0.60,0.00,18.8%,31.3%,-12.5%,.273,3.00,.375,37.5%,13.50,7.84,5.66,9.99,sa3075044
Ismael Contreras,COL,DSL,16,28.1,6.99,6.35,1.10,0.64,17.1%,15.5%,1.6%,.267,1.69,.321,69.1%,4.45,6.37,-1.93,6.12,sa3075081
Cristian Alvarado,SEA,DSL,22,23.2,5.70,1.14,5.00,0.76,15.5%,3.1%,12.4%,.255,1.14,.286,66.1%,2.28,4.68,-2.40,4.96,sa3076432
Alexander Pichardo,LAD,DSL,18,36.2,8.35,7.36,1.13,0.25,18.3%,16.1%,2.2%,.280,1.96,.357,69.2%,4.91,5.91,-1.01,6.43,sa3076433
Jensey Duran,TBR,DSL,19,31.2,7.96,7.67,1.04,0.28,20.4%,19.7%,0.7%,.222,1.61,.291,56.2%,6.82,5.86,0.96,6.14,sa3076434
Junior Pena,LAD,DSL,18,29.0,7.14,4.34,1.64,0.62,16.9%,10.3%,6.6%,.267,1.55,.319,53.9%,6.83,5.85,0.98,5.91,sa3076435
Yohn Melendez,SDP,DSL,20,31.2,5.97,5.40,1.11,1.42,13.7%,12.4%,1.3%,.333,1.99,.368,48.3%,9.38,7.18,2.19,6.27,sa3076436
Wilmer Almonte,ATL,DSL,18,13.2,8.56,9.22,0.93,0.00,16.0%,17.3%,-1.2%,.311,2.41,.396,46.2%,7.90,6.96,0.95,7.49,sa3076438
Javier Pedreanez,CLE,DSL,19,6.2,5.40,4.05,1.33,1.35,15.4%,11.5%,3.8%,.174,1.05,.167,89.3%,1.35,6.57,-5.22,5.97,sa3076439
Michel Cervantes,SDP,DSL,18,32.1,10.02,9.74,1.03,0.56,23.1%,22.4%,0.6%,.235,1.95,.321,69.1%,6.12,6.48,-0.36,6.36,sa3076440
Miguel Martinez,MIN,DSL,19,26.0,10.38,7.96,1.30,1.38,24.0%,18.4%,5.6%,.260,1.88,.333,59.5%,6.92,7.05,-0.12,5.89,sa3076442
Eliezer Peralta,MIA,DSL,17,11.0,7.36,13.09,0.56,1.64,13.6%,24.2%,-10.6%,.304,2.73,.343,32.1%,17.18,10.65,6.53,9.55,sa3076443
Emmanuel Polo,SDP,DSL,18,4.0,9.00,13.50,0.67,0.00,19.0%,28.6%,-9.5%,.214,2.25,.300,60.0%,6.75,7.72,-0.97,8.33,sa3076444
Jose Alexandro,BOS,DSL,19,18.1,10.80,13.75,0.79,0.00,19.5%,24.8%,-5.3%,.263,2.67,.362,38.9%,10.80,7.47,3.33,8.36,sa3076445
Juan Marquez,MIN,DSL,18,1.0,0.00,9.00,0.00,0.00,0.0%,12.5%,-12.5%,.714,6.00,.714,66.7%,18.00,7.47,10.53,8.29,sa3076446
Gregory Sipion,ARI,DSL,18,44.1,6.29,2.64,2.38,0.61,15.7%,6.6%,9.1%,.278,1.40,.324,62.3%,5.08,5.37,-0.30,5.28,sa3076447
Frandel Pineda,TEX,DSL,17,38.0,7.82,4.74,1.65,1.18,18.5%,11.2%,7.3%,.265,1.55,.312,60.3%,6.63,6.89,-0.26,6.15,sa3076448
Steven Garcia,BOS,DSL,20,29.0,8.07,9.62,0.84,1.55,17.7%,21.1%,-3.4%,.292,2.21,.341,53.3%,9.62,8.43,1.19,7.07,sa3076449
Jose Gonzalez,CHC,DSL,17,39.2,7.71,2.72,2.83,0.00,19.2%,6.8%,12.4%,.307,1.56,.388,57.8%,4.99,3.81,1.18,4.62,sa3076450
David Colmenares,CHW,DSL,18,30.1,10.38,4.75,2.19,0.00,25.4%,11.6%,13.8%,.267,1.55,.383,67.9%,4.15,4.34,-0.18,5.36,sa3076451
Hector Perez,PIT,DSL,18,27.2,9.43,5.53,1.71,0.00,24.0%,14.0%,9.9%,.155,1.16,.221,59.0%,4.23,4.97,-0.75,5.68,sa3076452
Andey Garrido,STL,DSL,19,12.0,15.00,12.75,1.18,0.00,27.0%,23.0%,4.1%,.346,2.92,.563,42.5%,17.25,6.64,10.61,7.45,sa3076453
Keiver De Horta,OAK,DSL,19,21.2,12.46,7.89,1.58,0.00,30.9%,19.6%,11.3%,.182,1.52,.298,61.8%,2.49,4.47,-1.98,5.15,sa3076454
Luis Contreras,OAK,DSL,19,28.0,7.39,5.46,1.35,0.96,17.7%,13.1%,4.6%,.277,1.71,.326,64.7%,5.46,6.15,-0.68,5.69,sa3076455
Juan Santillán,STL,DSL,19,22.2,9.93,5.96,1.67,1.19,24.5%,14.7%,9.8%,.190,1.37,.232,77.2%,3.18,6.37,-3.19,5.65,sa3076456
Isaac De La Cruz,NYM,DSL,18,17.0,6.88,11.65,0.59,2.65,13.1%,22.2%,-9.1%,.290,2.47,.294,62.8%,12.18,12.06,0.12,9.53,sa3076457
Enrique Quintana,PIT,DSL,18,12.1,5.84,13.86,0.42,0.00,10.5%,25.0%,-14.5%,.327,2.92,.386,41.5%,16.05,9.01,7.04,10.07,sa3076458
Yerison Mendez,MIA,DSL,16,30.0,6.30,6.60,0.95,1.80,13.9%,14.6%,-0.7%,.280,1.90,.296,66.5%,4.50,8.27,-3.77,6.98,sa3076459
Jose Rosal,MIA,DSL,17,31.2,10.52,7.96,1.32,0.28,23.6%,17.8%,5.7%,.264,1.93,.368,62.9%,4.55,5.57,-1.03,5.78,sa3076460
Justin Batista,MIA,DSL,17,30.2,11.15,7.04,1.58,0.59,27.3%,17.3%,10.1%,.189,1.47,.268,56.3%,5.58,5.58,0.00,5.66,sa3076461
Yilmar Samudio,PHI,DSL,17,32.0,12.66,7.59,1.67,0.00,31.5%,18.9%,12.6%,.167,1.44,.275,60.4%,4.22,4.38,-0.16,4.96,sa3076462
Rafeli Moronta,STL,DSL,16,25.2,12.27,11.22,1.09,1.40,23.8%,21.8%,2.0%,.290,2.45,.397,52.0%,11.92,8.44,3.48,7.56,sa3076463
Jean Nino,COL,DSL,18,9.1,0.96,1.93,0.50,1.93,2.1%,4.3%,-2.1%,.378,2.04,.357,43.2%,9.64,7.68,1.96,5.68,sa3076464
Johander Barrios,COL,DSL,17,5.0,7.20,1.80,4.00,3.60,16.0%,4.0%,12.0%,.391,2.00,.412,48.8%,12.60,9.27,3.33,5.05,sa3076465
Emanuel Mejia,COL,DSL,17,25.0,6.48,3.96,1.64,1.44,14.0%,8.5%,5.4%,.351,2.04,.391,48.6%,9.36,6.91,2.45,6.07,sa3076466
Jesus Rojas,CLE,DSL,18,19.2,9.15,8.69,1.05,0.46,19.8%,18.8%,1.0%,.266,2.03,.345,45.7%,8.69,6.45,2.24,6.75,sa3076467
Victor De Leon,NYY,DSL,18,33.1,7.83,7.56,1.04,0.27,19.5%,18.8%,0.7%,.220,1.62,.284,79.1%,2.70,5.91,-3.21,6.35,sa3076468
Anderson Carias,LAD,DSL,17,33.2,8.29,4.81,1.72,0.27,19.9%,11.5%,8.3%,.284,1.66,.363,52.9%,7.22,4.97,2.24,5.12,sa3076469
Miguel Herrera,LAD,DSL,17,40.1,10.04,8.70,1.15,0.45,22.2%,19.2%,3.0%,.270,2.03,.366,60.6%,6.47,6.15,0.32,6.28,sa3076470
Raudi Perez,SDP,DSL,18,39.1,5.03,6.41,0.79,1.14,11.9%,15.1%,-3.2%,.228,1.55,.237,59.1%,7.09,8.05,-0.96,7.46,sa3076471
Jhoangel Marquez,NYM,DSL,19,31.0,9.87,5.81,1.70,0.29,23.4%,13.8%,9.7%,.229,1.52,.313,72.2%,4.06,5.31,-1.24,5.42,sa3076472
Joan Gonzalez,MIL,DSL,17,39.2,8.85,5.90,1.50,0.68,20.6%,13.8%,6.9%,.266,1.71,.336,59.6%,5.22,5.83,-0.61,5.61,sa3076473
Yoandres Valdiviezo,SDP,DSL,17,35.2,6.56,9.84,0.67,1.26,13.8%,20.6%,-6.9%,.264,2.16,.292,52.6%,8.58,8.62,-0.04,7.78,sa3076474
Beinel Adon,CHW,DSL,17,12.2,12.08,9.24,1.31,0.71,22.1%,16.9%,5.2%,.356,2.68,.488,58.5%,8.53,7.07,1.45,7.14,sa3076475
Edgardo Rodriguez,NYM,DSL,16,16.0,5.63,11.81,0.48,1.69,10.5%,22.1%,-11.6%,.324,2.75,.345,49.1%,12.94,10.16,2.78,9.05,sa3076476
Yordany Marte,CHW,DSL,16,29.0,8.07,4.34,1.86,0.00,19.7%,10.6%,9.1%,.261,1.48,.341,58.0%,4.03,4.85,-0.81,5.97,sa3076477
Yoel Zambrano,PHI,DSL,16,28.0,11.89,5.79,2.06,0.64,31.6%,15.4%,16.2%,.163,1.21,.237,65.2%,4.18,4.79,-0.61,4.39,sa3076478
Roldanny Sena,BAL,DSL,18,22.1,6.85,4.03,1.70,0.00,15.3%,9.0%,6.3%,.320,1.88,.386,51.2%,4.84,4.42,0.41,5.37,sa3076479
Angel Adames,COL,DSL,17,10.0,4.50,7.20,0.63,3.60,8.2%,13.1%,-4.9%,.408,2.80,.400,37.9%,18.00,12.27,5.73,8.70,sa3076480
Samuel Santos,ARI,DSL,18,23.1,10.80,3.47,3.11,0.39,29.8%,9.6%,20.2%,.205,1.11,.296,78.9%,2.70,4.04,-1.34,4.29,sa3076481
Anllelo Gutierrez,LAA,DSL,17,16.1,5.51,8.27,0.67,1.65,10.9%,16.3%,-5.4%,.397,2.57,.436,53.4%,13.78,10.04,3.74,9.00,sa3076482
Luis Villamizar,DET,DSL,17,16.2,8.64,10.80,0.80,1.08,17.4%,21.7%,-4.3%,.250,2.22,.300,60.2%,6.48,8.43,-1.95,7.80,sa3076483
Roberto Mendoza,TBR,DSL,19,23.2,6.08,6.08,1.00,0.00,14.7%,14.7%,0.0%,.272,1.73,.329,59.5%,4.56,5.27,-0.71,6.31,sa3076484
Jhoriel De La Rosa,CHW,DSL,19,34.0,8.21,3.97,2.07,0.79,19.4%,9.4%,10.0%,.282,1.62,.343,55.8%,5.56,5.38,0.18,5.12,sa3076485
Ronelbi Garcia,MIA,DSL,19,23.2,11.79,7.61,1.55,0.00,27.4%,17.7%,9.7%,.205,1.61,.316,55.8%,6.85,5.02,1.83,5.81,sa3076486
Charlis Medina,ATL,DSL,21,40.2,10.62,5.31,2.00,0.00,28.4%,14.2%,14.2%,.177,1.20,.269,60.4%,3.76,4.17,-0.41,5.14,sa3076487
Derlin Rojas,NYM,DSL,18,21.0,15.00,10.71,1.40,0.00,32.7%,23.4%,9.3%,.192,1.90,.349,63.6%,4.71,5.28,-0.56,5.67,sa3076488
Frank Quiroz,SFG,DSL,19,15.2,6.89,21.26,0.32,0.00,12.8%,39.4%,-26.6%,.240,3.13,.316,66.1%,9.77,11.36,-1.60,11.83,sa3076489
Deyvi Almonte,ARI,DSL,18,12.2,7.82,16.34,0.48,0.71,14.7%,30.7%,-16.0%,.314,3.08,.385,57.0%,12.08,9.44,2.64,9.06,sa3076490
Mario Garcia,COL,DSL,17,23.0,9.78,8.61,1.14,0.39,22.1%,19.5%,2.7%,.236,1.87,.317,52.8%,7.04,5.99,1.05,6.03,sa3076491
Herkyn Taveras,MIN,DSL,17,26.2,7.76,6.41,1.21,0.67,16.0%,13.2%,2.8%,.314,2.14,.375,46.4%,8.77,6.31,2.47,6.46,sa3076492
Rafael Mejias,WSN,DSL,21,11.0,11.45,10.64,1.08,0.00,25.5%,23.6%,1.8%,.175,1.82,.269,59.1%,4.91,6.01,-1.11,6.39,sa3076493
Olyver Rosas,KCR,DSL,19,28.0,4.82,4.18,1.15,0.32,12.1%,10.5%,1.6%,.248,1.43,.280,66.5%,3.54,5.47,-1.93,6.03,sa3076494
Samuel Orellana,TOR,DSL,17,1.0,18.00,0.00,2.00,0.00,25.0%,0.0%,25.0%,.500,4.00,.667,25.0%,18.00,0.47,17.53,3.74,sa3076532
Fabian Ulloa,MIN,DSL,17,1.0,0.00,0.00,0.00,0.00,0.0%,0.0%,0.0%,.250,1.00,.250,100.0%,0.00,4.47,-4.47,6.92,sa3076625
Sebastian Mireles,ARI,DSL,17,2.0,0.00,0.00,0.00,0.00,0.0%,0.0%,0.0%,.143,0.50,.143,100.0%,0.00,4.47,-4.47,6.51,sa3076683
Reillin Aquino,ATL,DSL,18,0.1,27.00,0.00,1.00,0.00,100.0%,0.0%,100.0%,.000,0.00,.000,100.0%,0.00,-1.53,1.53,-1.53,sa3076711
Nestor Perez,CHW,DSL,19,0.1,0.00,27.00,0.00,0.00,0.0%,20.0%,-20.0%,.750,12.00,.750,25.0%,81.00,13.47,67.53,20.82,sa3076712
Alexander De Los Santos,CHW,DSL,17,24.2,8.76,6.57,1.33,0.73,18.3%,13.7%,4.6%,.288,2.03,.353,48.8%,8.76,6.01,2.75,5.82,sa3076943
Luis Diaz,CHC,DSL,17,34.1,7.08,5.24,1.35,0.52,16.2%,12.0%,4.2%,.266,1.69,.316,47.3%,7.60,5.75,1.85,5.87,sa3076944
Arnaldo Tejeda,NYM,DSL,18,26.2,8.10,8.44,0.96,0.00,17.0%,17.7%,-0.7%,.287,2.10,.369,48.4%,10.12,6.38,3.74,7.36,sa3076945
Ismael Sanchez,TBR,DSL,20,17.2,5.60,2.55,2.20,0.51,12.8%,5.8%,7.0%,.333,1.75,.379,49.1%,6.11,5.32,0.80,5.65,sa3076946
Luis Aguayo,MIL,DSL,18,34.1,8.65,1.57,5.50,0.26,23.2%,4.2%,19.0%,.222,1.05,.287,67.4%,2.36,3.54,-1.18,4.13,sa3076947
Jefferson Lopez,PIT,DSL,20,27.1,6.26,3.95,1.58,0.00,14.7%,9.3%,5.4%,.321,1.76,.387,47.2%,7.57,4.94,2.63,6.11,sa3076948
Albieris Polanco,SDP,DSL,20,31.0,6.39,3.48,1.83,1.45,16.3%,8.9%,7.4%,.281,1.48,.309,80.5%,3.19,6.50,-3.31,5.51,sa3076949
Jodarlin Perez,NYM,DSL,18,28.1,9.85,5.08,1.94,0.00,25.0%,12.9%,12.1%,.206,1.34,.289,66.7%,3.81,4.08,-0.27,4.77,sa3076950
Alfredo Guzman,ARI,DSL,21,32.1,6.68,8.63,0.77,0.56,16.1%,20.8%,-4.7%,.216,1.73,.256,52.5%,6.40,6.85,-0.45,6.98,sa3076951
Hicter Ruiz,BOS,DSL,18,33.0,6.00,2.18,2.75,0.55,15.0%,5.4%,9.5%,.292,1.45,.336,59.3%,5.18,4.83,0.35,5.13,sa3076952
Olmedo Barria,NYM,DSL,19,45.0,9.20,1.20,7.67,0.20,26.9%,3.5%,23.4%,.225,0.93,.310,81.1%,2.00,3.45,-1.45,3.74,sa3076953
Jorge Miranda,PHI,DSL,17,6.0,4.50,4.50,1.00,3.00,9.1%,9.1%,0.0%,.500,3.00,.520,72.4%,10.50,9.30,1.20,6.87,sa3076954
Jose Tovar,PHI,DSL,17,0.1,27.00,0.00,1.00,0.00,100.0%,0.0%,100.0%,.000,0.00,.000,100.0%,0.00,-1.53,1.53,-1.53,sa3076955
Dalvin Marte,COL,DSL,18,34.2,5.71,4.67,1.22,1.56,12.8%,10.5%,2.3%,.313,1.87,.336,57.8%,7.53,7.35,0.18,6.12,sa3076956
Maximin Medina,WSN,DSL,18,18.2,10.12,2.41,4.20,0.00,29.2%,6.9%,22.2%,.194,0.96,.283,72.2%,0.96,3.02,-2.06,3.42,sa3076957
Randy Soto,SDP,DSL,18,27.0,6.00,8.00,0.75,0.00,13.4%,17.9%,-4.5%,.302,2.07,.364,50.0%,8.00,6.25,1.75,7.12,sa3076958
Domingo Mejía,STL,DSL,19,19.1,7.45,6.98,1.07,1.86,16.0%,15.0%,1.0%,.260,1.76,.283,59.4%,8.84,9.69,-0.85,7.97,sa3076959
Francisco Coronado,TEX,DSL,17,1.0,0.00,18.00,0.00,9.00,0.0%,22.2%,-22.2%,.500,5.00,.400,21.7%,45.00,26.47,18.53,16.74,sa3076960
David Victorino,PHI,DSL,19,18.1,11.29,9.82,1.15,0.49,22.5%,19.6%,2.9%,.257,2.13,.360,52.6%,7.85,7.25,0.60,7.12,sa3076961
Jean Ballesteros,TEX,DSL,18,30.0,7.80,4.50,1.73,0.60,18.8%,10.9%,8.0%,.258,1.53,.315,60.6%,3.90,5.40,-1.50,5.46,sa3076962
Juan Ramirez,HOU,DSL,19,17.1,8.31,9.35,0.89,0.00,21.1%,23.7%,-2.6%,.179,1.62,.250,73.3%,2.08,6.08,-4.01,6.74,sa3076963
Frandy Lora,NYM,DSL,18,24.1,9.62,8.88,1.08,0.00,22.0%,20.3%,1.7%,.184,1.64,.262,68.1%,4.44,6.15,-1.72,7.13,sa3076964
Cristopher Silvestre,BOS,DSL,17,30.0,4.80,10.20,0.47,0.90,10.2%,21.7%,-11.5%,.286,2.27,.310,57.5%,9.00,8.50,0.50,8.10,sa3076965
Christian Rojas,BAL,DSL,18,22.1,8.87,8.46,1.05,0.00,19.8%,18.9%,0.9%,.271,1.97,.365,59.2%,4.84,5.99,-1.16,6.65,sa3076966
Sammy Zarraga,DET,DSL,20,44.1,8.73,4.67,1.87,0.61,20.6%,11.0%,9.6%,.319,1.85,.403,54.6%,6.90,5.03,1.87,5.11,sa3076967
Darlin Mejia,PIT,DSL,18,12.2,7.11,14.21,0.50,1.42,13.3%,26.7%,-13.3%,.288,2.76,.325,56.8%,12.08,10.39,1.69,9.30,sa3076968
Michael Castillo,PIT,DSL,21,22.1,10.88,11.28,0.96,0.40,26.0%,26.9%,-1.0%,.107,1.61,.149,75.8%,2.42,6.53,-4.11,6.90,sa3076969
Emiliano Mache,ARI,DSL,18,7.0,5.14,12.86,0.40,0.00,9.5%,23.8%,-14.3%,.323,2.86,.370,28.6%,18.00,8.04,9.96,9.09,sa3076970
Enmanuel Mena,MIN,DSL,18,17.0,11.12,6.35,1.75,1.59,24.7%,14.1%,10.6%,.310,2.00,.404,47.2%,7.41,6.76,0.65,5.48,sa3076971
Antonio Gonzalez,CLE,DSL,18,20.1,4.43,10.18,0.43,2.21,10.2%,23.5%,-13.3%,.178,1.77,.138,58.1%,7.97,10.37,-2.40,8.26,sa3076972
Deiker Rojas,CLE,DSL,20,24.2,8.39,4.74,1.77,0.73,20.4%,11.5%,8.8%,.237,1.46,.292,55.2%,6.57,5.60,0.96,5.18,sa3076973
Amin Ramirez,WSN,DSL,19,18.1,6.87,8.35,0.82,0.49,15.1%,18.3%,-3.2%,.303,2.18,.361,51.8%,8.35,6.43,1.91,6.93,sa3076974
Elian Guzman,TOR,DSL,18,16.2,14.04,17.28,0.81,0.00,28.0%,34.4%,-6.5%,.220,2.70,.394,63.8%,9.18,7.47,1.71,8.06,sa3076975
Ruben Torres,CHC,DSL,19,24.2,9.12,10.95,0.83,1.09,20.0%,24.0%,-4.0%,.228,2.07,.281,50.2%,8.39,8.04,0.36,6.99,sa3076976
Adrian Rumardo,KCR,DSL,19,13.0,11.77,11.08,1.06,0.69,25.8%,24.2%,1.5%,.184,1.92,.258,69.1%,4.85,6.78,-1.93,6.28,sa3076977
Esmerbin Guerrero,CHC,DSL,18,23.1,8.10,10.03,0.81,0.39,19.6%,24.3%,-4.7%,.173,1.67,.226,64.2%,6.17,7.34,-1.17,7.48,sa3076978
Cristian Ron,HOU,DSL,19,28.0,6.75,4.82,1.40,0.00,18.3%,13.0%,5.2%,.210,1.29,.266,77.8%,2.57,4.58,-2.00,5.66,sa3076979
Wilmer Duarte,MIL,DSL,18,29.0,4.34,13.03,0.33,0.00,8.1%,24.3%,-16.2%,.265,2.52,.301,56.3%,11.17,9.30,1.88,10.48,sa3076980
Joel Jimenez,HOU,DSL,18,32.2,7.99,7.44,1.07,0.28,20.7%,19.3%,1.4%,.189,1.47,.247,53.5%,5.79,5.75,0.03,5.98,sa3076981
Dioscaride Sarit,SDP,DSL,17,29.0,8.38,12.10,0.69,0.62,16.4%,23.6%,-7.3%,.271,2.45,.337,45.9%,11.48,8.37,3.12,8.23,sa3076982
Dennison Rodriguez,PIT,DSL,17,28.0,7.39,8.36,0.88,0.00,18.0%,20.3%,-2.3%,.212,1.68,.276,60.0%,5.79,5.93,-0.15,6.84,sa3076983
Wensloby Jhon,OAK,DSL,18,31.1,8.90,8.04,1.11,0.57,21.5%,19.4%,2.1%,.214,1.66,.278,62.0%,4.88,6.38,-1.50,6.21,sa3076984
Yenderberth Rivas,COL,DSL,17,31.2,8.53,5.97,1.43,0.57,19.0%,13.3%,5.7%,.321,1.99,.404,49.8%,9.66,5.95,3.71,6.19,sa3076985
Pietro Albanez-Rienzo,PIT,DSL,18,14.0,3.86,3.21,1.20,0.00,11.1%,9.3%,1.9%,.146,0.86,.167,76.9%,0.64,4.90,-4.25,5.95,sa3076986
Frelian Flores,TOR,DSL,17,0.1,0.00,0.00,0.00,0.00,0.0%,0.0%,0.0%,.000,0.00,.000,100.0%,0.00,4.47,-4.47,4.47,sa3076987
Adrian Moreta,TOR,DSL,17,21.1,6.75,5.91,1.14,0.42,15.5%,13.6%,1.9%,.253,1.64,.303,70.7%,4.64,6.39,-1.75,6.85,sa3076988
Franiel Severino,TOR,DSL,17,36.1,7.68,6.19,1.24,0.50,18.6%,15.0%,3.6%,.254,1.65,.314,57.2%,5.94,5.87,0.07,6.19,sa3076989
Jeremy Jimenez,MIN,DSL,17,22.2,5.16,10.32,0.50,1.19,10.6%,21.1%,-10.6%,.269,2.25,.286,29.5%,12.71,9.01,3.69,8.37,sa3076990
Jordan Beltrán,STL,DSL,17,23.2,15.59,8.37,1.86,1.14,34.5%,18.5%,16.0%,.191,1.65,.311,53.7%,8.37,6.45,1.91,5.46,sa3076991
Juan Villamizar,COL,DSL,17,36.2,7.12,2.95,2.42,0.25,20.6%,8.5%,12.1%,.181,0.95,.227,78.7%,1.72,4.39,-2.67,4.75,sa3076992
Yeremi Mendez,COL,DSL,17,31.0,7.26,6.39,1.14,1.45,16.3%,14.4%,2.0%,.291,1.90,.330,55.4%,6.68,7.47,-0.79,6.43,sa3076993
Miguel Vargas,COL,DSL,17,21.2,6.23,6.23,1.00,1.66,14.7%,14.7%,0.0%,.256,1.66,.270,50.8%,5.82,8.25,-2.44,6.95,sa3076994
Sebastian Rivas,NYY,DSL,17,2.2,16.87,6.75,2.50,0.00,38.5%,15.4%,23.1%,.091,1.12,.167,0.0%,0.00,2.97,-2.97,3.89,sa3076995
Garvell Pinales,KCR,DSL,17,13.0,10.38,5.54,1.88,1.38,26.8%,14.3%,12.5%,.196,1.31,.241,74.1%,4.85,6.47,-1.62,4.97,sa3076996
Javier Martínez,STL,DSL,17,17.1,6.23,4.67,1.33,2.60,14.0%,10.5%,3.5%,.338,1.96,.351,60.0%,9.87,8.91,0.95,6.95,sa3076997
Jesus Miranda,DET,DSL,17,21.2,5.82,7.06,0.82,0.42,14.3%,17.3%,-3.1%,.218,1.57,.254,70.2%,4.15,6.55,-2.39,7.08,sa3076998
Brandon Rodriguez,NYY,DSL,19,10.1,9.58,10.45,0.92,3.48,17.2%,18.8%,-1.6%,.367,2.90,.412,43.8%,17.42,11.73,5.69,8.35,sa3076999
Marcos Veras,MIL,DSL,17,34.0,9.26,7.41,1.25,0.79,21.7%,17.4%,4.3%,.256,1.79,.330,62.5%,6.62,6.38,0.24,6.19,sa3077000
Luis Martinez,CHC,DSL,19,36.2,7.36,5.65,1.30,0.00,19.2%,14.7%,4.5%,.197,1.34,.255,78.0%,2.45,4.80,-2.34,5.82,sa3077001
Jefferson Timaure,CHW,DSL,17,15.1,6.46,7.63,0.85,0.00,14.1%,16.7%,-2.6%,.290,2.02,.353,44.1%,9.39,6.16,3.23,7.18,sa3077002
Jordy Brache,MIL,DSL,16,23.2,9.89,14.45,0.68,1.14,18.3%,26.8%,-8.5%,.347,3.08,.444,41.8%,14.83,9.12,5.71,8.50,sa3077003
Jose Romero,PHI,DSL,17,20.1,13.72,6.20,2.21,2.21,33.0%,14.9%,18.1%,.275,1.77,.386,44.8%,8.85,6.68,2.17,4.33,sa3077004
Isaac Mendez,ARI,DSL,20,21.0,12.43,7.29,1.71,0.43,32.2%,18.9%,13.3%,.157,1.33,.250,70.9%,4.29,5.18,-0.90,5.42,sa3077005
Luis Mirabal,PHI,DSL,18,23.1,8.87,5.01,1.77,1.16,19.7%,11.1%,8.5%,.337,2.01,.413,61.1%,6.17,6.23,-0.05,5.67,sa3077006
Erlyn Lauriano,CHW,DSL,17,23.2,8.37,6.08,1.38,0.76,17.9%,13.0%,4.9%,.304,1.99,.372,48.8%,8.75,6.37,2.38,6.38,sa3077007
Ronald Kelly,CHW,DSL,17,30.0,10.80,7.20,1.50,0.30,24.5%,16.3%,8.2%,.222,1.67,.313,53.1%,6.00,5.50,0.50,5.99,sa3077008
Felipe Alcazar,TBR,DSL,17,16.1,7.16,7.71,0.93,2.20,17.6%,18.9%,-1.4%,.283,1.90,.302,59.1%,8.27,8.63,-0.37,6.50,sa3077009
Christopher Green,COL,DSL,17,19.2,5.95,4.58,1.30,0.92,12.7%,9.8%,2.9%,.289,1.73,.324,72.1%,5.95,7.37,-1.42,7.00,sa3077010
Jeyver Manaure,ARI,DSL,19,49.0,8.08,1.47,5.50,0.00,23.9%,4.3%,19.6%,.139,0.65,.186,68.6%,1.10,3.35,-2.24,3.96,sa3077011
D'wichi Ramirez,PHI,DSL,17,18.2,12.54,5.30,2.36,0.96,28.3%,12.0%,16.3%,.288,1.82,.404,59.0%,6.75,5.00,1.75,4.75,sa3077012
Jose Belisario,ARI,DSL,22,32.2,9.09,3.86,2.36,0.55,24.3%,10.3%,14.0%,.248,1.35,.326,82.9%,2.48,4.62,-2.14,4.48,sa3077013
Johan Rengifo,SFG,DSL,17,1.2,5.40,21.60,0.25,0.00,7.1%,28.6%,-21.4%,.500,5.40,.556,44.4%,27.00,10.47,16.53,11.45,sa3077014
Luis Polo,CIN,DSL,17,17.2,4.58,9.17,0.50,0.00,9.4%,18.8%,-9.4%,.342,2.49,.388,50.0%,9.68,6.85,2.83,7.54,sa3077015
Jerlin Madera,KCR,DSL,19,20.2,7.84,6.97,1.13,0.44,18.6%,16.5%,2.1%,.278,1.84,.350,67.4%,5.23,5.97,-0.74,6.09,sa3077016
Carlos Martinez,SEA,DSL,19,24.0,7.88,11.25,0.70,0.00,16.8%,24.0%,-7.2%,.176,1.88,.234,67.3%,6.00,7.72,-1.72,8.81,sa3077017
German Arvayo,SEA,DSL,19,35.0,7.97,3.09,2.58,1.03,19.4%,7.5%,11.9%,.299,1.60,.357,56.4%,6.17,5.30,0.87,4.72,sa3077018
Roberto Geraldo,BAL,DSL,17,19.2,10.07,6.86,1.47,0.00,22.4%,15.3%,7.1%,.216,1.58,.308,75.0%,3.20,5.89,-2.69,6.89,sa3077019
Kelvin Herrera,HOU,DSL,18,14.1,6.91,10.05,0.69,0.63,15.5%,22.5%,-7.0%,.222,1.95,.262,65.2%,6.91,7.40,-0.49,7.63,sa3077020
Yosangel Braffit,MIN,DSL,18,30.0,10.20,9.60,1.06,0.30,19.9%,18.7%,1.2%,.346,2.63,.455,42.2%,12.00,6.14,5.86,6.27,sa3077021
Jehiber Fernandez,TEX,DSL,17,28.0,12.54,10.93,1.15,1.61,25.8%,22.5%,3.3%,.273,2.29,.379,56.3%,10.61,8.40,2.21,6.95,sa3077022
Manuel Gamez,TEX,DSL,17,42.2,7.80,3.16,2.47,1.27,21.5%,8.7%,12.8%,.242,1.22,.282,69.3%,4.43,5.90,-1.47,5.07,sa3077023
Christopher Romero,CHW,DSL,17,12.0,9.00,13.50,0.67,0.00,16.7%,25.0%,-8.3%,.400,3.17,.526,45.2%,17.25,7.97,9.28,8.79,sa3077024
Jeyson Bautista,TEX,DSL,19,19.2,9.61,9.15,1.05,1.37,18.8%,17.9%,0.9%,.360,2.64,.446,49.2%,11.44,7.82,3.62,6.88,sa3077025
Dalvin Taveras,NYY,DSL,18,35.1,7.39,9.17,0.81,0.25,15.2%,18.8%,-3.7%,.276,2.15,.339,48.5%,6.62,7.10,-0.48,7.45,sa3077026
Angel Rodriguez,LAD,DSL,21,5.1,13.50,15.19,0.89,0.00,21.1%,23.7%,-2.6%,.321,3.38,.450,26.3%,16.88,7.09,9.78,7.71,sa3077027
Cesar Mora,KCR,DSL,19,16.0,5.63,5.06,1.11,0.56,13.2%,11.8%,1.3%,.333,1.94,.382,42.5%,10.13,5.91,4.22,6.42,sa3077028
Luis Acevedo,MIA,DSL,17,20.0,8.55,18.00,0.48,1.35,16.4%,34.5%,-18.1%,.219,2.70,.262,55.0%,10.80,12.32,-1.52,11.10,sa3077029
Josbel Torrez,NYM,DSL,19,33.0,9.00,6.00,1.50,1.91,21.2%,14.1%,7.1%,.248,1.64,.281,46.7%,7.64,7.68,-0.04,6.21,sa3077030
Santiago Guerrero,SFG,DSL,18,35.0,10.03,8.74,1.15,0.26,24.8%,21.7%,3.2%,.154,1.49,.221,79.5%,3.34,6.04,-2.70,6.39,sa3077031
Michael Moreno,LAA,DSL,17,22.1,11.69,10.48,1.12,0.81,26.4%,23.6%,2.7%,.205,1.93,.288,53.4%,7.25,6.66,0.59,6.38,sa3077032
Braylin Moreno,WSN,DSL,20,14.1,8.16,11.30,0.72,0.00,17.8%,24.7%,-6.8%,.122,1.67,.167,63.3%,2.51,7.68,-5.17,8.59,sa3077033
Oscar Borges,PIT,DSL,17,2.0,4.50,0.00,1.00,0.00,12.5%,0.0%,12.5%,.000,0.00,.000,0.0%,0.00,4.97,-4.97,6.19,sa3077048
Víctor Gonzalez,TEX,DSL,17,0.1,0.00,0.00,0.00,0.00,0.0%,0.0%,0.0%,.000,0.00,.000,100.0%,0.00,4.47,-4.47,6.92,sa3077054
Luis Palencia,CHC,DSL,18,0.0,0.00,0.00,0.00,0.00,0.0%,0.0%,0.0%,1.000,1.00,1.000,0.0%,0.00,4.47,-4.47,4.47,sa3077058
Martires Polanco,ATL,DSL,19,37.1,13.98,6.75,2.07,0.00,35.8%,17.3%,18.5%,.138,1.23,.250,64.0%,2.89,3.93,-1.04,4.24,sa3077201
Frederi Altagracia,HOU,DSL,18,34.1,7.86,4.98,1.58,0.79,19.9%,12.6%,7.3%,.187,1.22,.222,62.0%,3.93,6.30,-2.37,5.88,sa3077202
Yeuri Ramirez,DET,DSL,19,2.1,3.86,11.57,0.33,0.00,7.1%,21.4%,-14.3%,.556,3.43,.625,40.0%,11.57,10.04,1.53,11.09,sa3077204
Fenuel James,CHC,DSL,23,9.0,11.00,6.00,1.83,1.00,28.2%,15.4%,12.8%,.152,1.22,.190,62.5%,4.00,5.47,-1.47,4.39,sa3077205
Evington Gascon,TOR,DSL,17,16.0,5.63,12.94,0.43,0.00,11.8%,27.1%,-15.3%,.241,2.31,.292,63.4%,8.44,8.28,0.16,9.15,sa3077206
Manuel Parra,TOR,DSL,19,20.0,9.00,12.15,0.74,0.45,17.2%,23.3%,-6.0%,.305,2.60,.393,41.7%,13.05,8.22,4.83,8.63,sa3077207
Oswal Hernandez,CHC,DSL,16,8.1,7.56,5.40,1.40,0.00,19.4%,13.9%,5.6%,.258,1.56,.333,61.5%,5.40,4.59,0.81,5.67,sa3077208
Jhosued Marcano,CHC,DSL,17,35.0,13.11,4.11,3.19,0.51,34.5%,10.8%,23.6%,.220,1.29,.342,68.7%,3.60,3.67,-0.07,3.53,sa3077209
Victor De La Cruz,LAA,DSL,18,37.1,7.23,5.30,1.36,0.24,18.8%,13.8%,5.0%,.200,1.31,.250,69.2%,3.62,5.22,-1.60,5.72,sa3077210
Josue Castro,ATL,DSL,17,7.0,3.86,10.29,0.38,0.00,9.4%,25.0%,-15.6%,.125,1.57,.143,81.8%,1.29,7.04,-5.75,8.32,sa3077211
Yanixan Resendiz,MIA,DSL,17,27.1,7.90,5.27,1.50,0.33,18.0%,12.0%,6.0%,.252,1.61,.314,49.4%,6.26,5.60,0.65,5.81,sa3077212
Tomoya Kinjo,TOR,DSL,23,15.0,8.40,18.00,0.47,0.00,14.9%,31.9%,-17.0%,.283,3.13,.370,54.9%,12.00,9.40,2.60,9.84,sa3077213
Santiago De Freitas,DET,DSL,17,28.1,9.21,5.72,1.61,0.64,22.5%,14.0%,8.5%,.259,1.62,.338,69.3%,4.76,5.56,-0.80,5.51,sa3077214
Luis Espinoza,MIA,DSL,18,17.0,13.24,6.35,2.08,0.53,34.2%,16.4%,17.8%,.153,1.24,.242,64.8%,4.24,4.76,-0.53,4.53,sa3077215
Andy Gonzalez,HOU,DSL,17,0.1,0.00,0.00,0.00,0.00,0.0%,0.0%,0.0%,.000,0.00,.000,100.0%,0.00,4.47,-4.47,6.92,sa3077219
Alejandro Martinez,COL,DSL,17,3.2,14.73,2.45,6.00,0.00,40.0%,6.7%,33.3%,.143,0.82,.250,66.7%,0.00,2.01,-2.01,2.46,sa3077232
Jabes Martinez,PIT,DSL,19,24.2,6.57,10.22,0.64,0.73,15.3%,23.7%,-8.5%,.184,1.78,.209,65.6%,6.20,7.83,-1.63,7.74,sa3077233
Felix Bello,COL,DSL,19,15.0,6.60,3.00,2.20,1.80,16.2%,7.4%,8.8%,.279,1.47,.298,85.9%,3.60,7.00,-3.40,5.49,sa3077234
Baldwin Moreno,CIN,DSL,18,11.2,7.71,14.66,0.53,0.00,14.9%,28.4%,-13.4%,.319,2.91,.405,57.1%,9.26,7.90,1.36,9.02,sa3077235
Raibel Reyes,TBR,DSL,17,23.0,7.04,5.09,1.38,0.39,17.8%,12.9%,5.0%,.233,1.43,.284,56.5%,4.70,5.43,-0.73,5.64,sa3077236
Samuel Ortiz,PHI,DSL,17,37.0,8.51,4.14,2.06,0.73,23.6%,11.5%,12.2%,.213,1.19,.270,75.3%,2.68,5.33,-2.66,5.21,sa3077237
Juan Cordero,KCR,DSL,20,28.1,9.53,3.18,3.00,0.32,26.8%,8.9%,17.9%,.168,0.95,.229,71.4%,2.54,3.97,-1.43,3.95,sa3077238
Danny Sanchez,KCR,DSL,17,15.1,9.98,8.80,1.13,0.00,21.3%,18.8%,2.5%,.267,2.02,.372,38.9%,11.15,6.16,4.99,7.07,sa3077239
Ramon Pena,MIA,DSL,17,26.2,7.76,11.47,0.68,1.01,17.0%,25.2%,-8.1%,.245,2.17,.292,52.8%,8.10,8.37,-0.27,7.64,sa3077240
Nehemias Valdez,LAD,DSL,19,24.2,8.03,6.93,1.16,0.36,17.1%,14.7%,2.3%,.283,1.99,.349,40.7%,8.76,6.01,2.75,6.48,sa3077241
Fernando Hernandez,MIN,DSL,19,13.1,10.80,1.35,8.00,0.00,27.6%,3.4%,24.1%,.245,1.13,.351,61.1%,4.05,3.19,0.86,3.81,sa3077242
Alam Soriano,MIN,DSL,19,28.0,8.36,4.50,1.86,1.61,20.0%,10.8%,9.2%,.261,1.57,.298,52.6%,7.39,6.54,0.85,5.09,sa3077243
Noel Brito,HOU,DSL,18,24.1,4.44,12.95,0.34,0.74,10.4%,30.4%,-20.0%,.241,2.22,.262,74.7%,5.18,8.99,-3.81,8.83,sa3077244
Alsy Torres,NYM,DSL,18,14.2,4.30,10.43,0.41,1.23,9.7%,23.6%,-13.9%,.173,1.77,.163,72.5%,5.52,9.38,-3.86,9.00,sa3077245
Jose Navarrete,CIN,DSL,18,57.1,8.95,4.40,2.04,0.31,23.3%,11.4%,11.8%,.211,1.27,.279,64.7%,3.61,4.61,-1.00,4.95,sa3077246
Carlos Lara,TEX,DSL,18,26.1,10.25,7.52,1.36,1.03,22.9%,16.8%,6.1%,.250,1.82,.324,65.6%,5.47,6.75,-1.28,6.10,sa3077247
Mauricio Flores,TBR,DSL,18,20.1,9.30,11.07,0.84,0.89,18.1%,21.6%,-3.4%,.348,2.75,.439,56.2%,10.62,7.67,2.96,7.35,sa3077248
Gabriel Fuentes,BAL,DSL,21,23.0,9.39,6.65,1.41,0.00,22.0%,15.6%,6.4%,.222,1.61,.303,64.1%,3.13,4.86,-1.73,5.71,sa3077249
Micheal Morfe,LAD,DSL,17,25.1,4.97,4.97,1.00,0.36,11.8%,11.8%,0.0%,.222,1.42,.250,44.3%,7.46,6.25,1.22,6.83,sa3077250
Cristopher Hernandez,NYM,DSL,18,14.1,6.28,16.33,0.38,0.00,12.3%,32.1%,-19.8%,.212,2.58,.262,37.5%,11.30,9.14,2.16,10.51,sa3077251
Angel Medina,LAD,DSL,18,23.2,6.46,9.13,0.71,0.00,15.3%,21.6%,-6.3%,.253,1.90,.318,59.2%,6.46,6.58,-0.12,7.34,sa3077252
Dahel Lopez,HOU,DSL,19,11.2,6.94,13.89,0.50,3.09,15.0%,30.0%,-15.0%,.200,2.23,.148,67.0%,10.03,12.53,-2.50,9.26,sa3077253
Yoenis Morales,TOR,DSL,22,34.0,10.59,8.21,1.29,0.26,25.6%,19.9%,5.8%,.226,1.74,.325,54.6%,4.76,5.32,-0.56,5.56,sa3077254
Tom Apfelbaum,LAD,DSL,17,29.2,7.89,8.19,0.96,0.30,18.1%,18.8%,-0.7%,.221,1.69,.286,68.2%,5.46,7.20,-1.74,7.23,sa3077255
Fredery Solano,PIT,DSL,17,25.2,8.77,6.66,1.32,1.05,20.2%,15.3%,4.8%,.288,1.91,.355,63.3%,6.31,6.38,-0.07,5.81,sa3077256
Luis Delgado,CIN,DSL,17,43.2,8.66,4.12,2.10,0.21,24.3%,11.6%,12.7%,.171,1.05,.229,72.4%,2.27,4.29,-2.02,4.62,sa3077257
Alexandre Moreti,PHI,DSL,19,17.2,6.62,9.68,0.68,2.55,11.9%,17.4%,-5.5%,.425,3.17,.464,46.2%,16.30,10.41,5.89,8.03,sa3077258
Isaac Brujan,BOS,DSL,18,38.0,6.39,5.45,1.17,1.18,15.0%,12.8%,2.2%,.263,1.66,.292,57.4%,6.39,6.97,-0.57,6.31,sa3077259
Juan Germosen,MIN,DSL,17,5.1,5.06,27.00,0.19,0.00,7.5%,40.0%,-32.5%,.333,4.31,.389,46.2%,23.63,14.03,9.59,14.80,sa3077261
Diland Cepeda,ARI,DSL,17,19.0,5.68,13.74,0.41,0.00,11.0%,26.6%,-15.6%,.194,2.26,.233,54.9%,8.53,9.05,-0.52,9.82,sa3077262
Janiel Hernandez,KCR,DSL,18,22.2,8.34,7.54,1.11,0.79,19.4%,17.6%,1.9%,.224,1.68,.274,48.5%,6.35,6.81,-0.45,6.24,sa3077263
Frankeurys Marte,KCR,DSL,17,18.0,9.50,6.00,1.58,2.00,21.1%,13.3%,7.8%,.293,1.89,.346,60.5%,6.50,7.75,-1.25,6.13,sa3077264
Miguel Andrade,MIL,DSL,18,11.0,8.18,4.09,2.00,0.82,18.5%,9.3%,9.3%,.354,2.00,.432,50.9%,9.00,5.47,3.53,5.55,sa3077265
Alejandro Beltran,KCR,DSL,17,26.2,5.74,3.37,1.70,1.35,14.9%,8.8%,6.1%,.238,1.27,.250,51.0%,5.74,6.61,-0.87,5.67,sa3077266
Angel Salazar,NYY,DSL,19,24.2,8.39,4.74,1.77,0.36,20.4%,11.5%,8.8%,.276,1.62,.351,54.2%,6.20,4.96,1.25,4.83,sa3077267
Anderson Encarnacion,LAA,DSL,17,37.1,5.79,2.65,2.18,0.00,14.7%,6.7%,8.0%,.236,1.21,.283,58.5%,3.62,4.71,-1.09,5.76,sa3077268
Yamel Pinto,CHC,DSL,18,16.1,7.16,10.47,0.68,1.10,15.3%,22.4%,-7.1%,.266,2.20,.306,62.5%,6.61,8.33,-1.71,7.68,sa3077269
Cristian Dudamel,NYM,DSL,19,14.0,7.07,11.57,0.61,0.00,15.7%,25.7%,-10.0%,.240,2.14,.308,65.6%,5.79,7.18,-1.40,8.12,sa3077270
Roderic Ramirez,CHW,DSL,17,33.1,7.29,4.59,1.59,0.27,16.1%,10.1%,6.0%,.299,1.83,.361,40.9%,6.75,5.13,1.62,5.60,sa3077271
Emmanuel Hernandez,TBR,DSL,17,46.0,7.24,5.48,1.32,0.78,17.8%,13.5%,4.3%,.227,1.48,.267,76.8%,3.52,6.08,-2.56,6.14,sa3077272
Rafael Torres,SDP,DSL,17,15.1,8.80,16.43,0.54,0.00,17.0%,31.8%,-14.8%,.267,2.87,.356,47.7%,11.15,7.99,3.16,8.84,sa3077273
Christopher Navas,WSN,DSL,17,8.2,8.31,12.46,0.67,2.08,14.3%,21.4%,-7.1%,.350,3.00,.400,40.4%,18.69,11.16,7.53,10.14,sa3077274
Diego Ramirez,ATL,DSL,17,12.1,9.49,10.22,0.93,0.73,19.1%,20.6%,-1.5%,.315,2.51,.400,50.7%,9.49,6.82,2.67,6.76,sa3077275
Miguel Molina,PIT,DSL,16,7.0,14.14,27.00,0.52,0.00,23.9%,45.7%,-21.7%,.208,3.71,.385,63.0%,11.57,10.75,0.82,10.99,sa3077276
Sebastian Gomez,NYM,DSL,17,29.0,7.14,5.59,1.28,0.00,16.8%,13.1%,3.6%,.228,1.52,.286,59.2%,4.34,5.26,-0.92,6.33,sa3077277
Eliecer Zambrano,LAD,DSL,17,16.2,3.24,8.10,0.40,0.54,7.4%,18.5%,-11.1%,.226,1.74,.236,79.1%,3.78,7.95,-4.17,8.54,sa3077278
Anderson Venero,CIN,DSL,17,14.1,5.02,1.88,2.67,2.51,12.1%,4.5%,7.6%,.258,1.33,.240,55.6%,3.77,7.82,-4.05,5.44,sa3077279
Adan Vallenilla,SEA,DSL,20,39.0,11.77,2.54,4.64,0.46,32.5%,7.0%,25.5%,.212,1.08,.312,66.3%,3.23,3.37,-0.14,3.54,sa3077280
Jesus Febles,DET,DSL,21,11.0,7.36,31.91,0.23,0.82,10.8%,47.0%,-36.1%,.216,4.27,.259,49.4%,21.27,16.56,4.71,16.12,sa3077281
Justin Suero,TBR,DSL,17,6.0,10.50,28.50,0.37,0.00,15.9%,43.2%,-27.3%,.208,4.00,.294,60.0%,12.00,12.14,-0.14,13.50,sa3077282
Alberto Gomez,SFG,DSL,18,9.1,7.71,6.75,1.14,0.00,17.0%,14.9%,2.1%,.250,1.82,.313,58.8%,3.86,5.00,-1.15,5.88,sa3077283
Ronaldson Estevez,PHI,DSL,18,24.1,6.29,5.92,1.06,0.37,15.7%,14.8%,0.9%,.253,1.60,.301,67.4%,4.81,5.70,-0.89,6.21,sa3077284
Jostin Alcantara,TEX,DSL,19,31.2,7.39,9.09,0.81,0.00,17.1%,21.1%,-3.9%,.189,1.67,.247,61.3%,6.25,6.71,-0.46,7.59,sa3077285
Angel Brito,HOU,DSL,18,35.2,7.07,5.80,1.22,0.00,18.1%,14.8%,3.2%,.186,1.32,.238,76.0%,2.52,5.09,-2.56,6.16,sa3077286
Angel Alcantara,HOU,DSL,19,28.0,6.43,6.75,0.95,1.29,14.3%,15.0%,-0.7%,.293,1.96,.326,57.3%,8.36,7.47,0.89,6.46,sa3077287
Jefrey Gonzalez,DET,DSL,18,21.1,12.23,11.81,1.04,0.42,25.2%,24.3%,0.9%,.207,2.11,.308,55.6%,7.17,7.00,0.17,7.39,sa3077288
Emanuel Jimenez,BOS,DSL,19,3.1,16.20,8.10,2.00,0.00,42.9%,21.4%,21.4%,.182,1.50,.400,100.0%,0.00,3.57,-3.57,,sa3077289
Maicol Santana,SFG,DSL,18,17.1,8.31,9.35,0.89,0.52,17.8%,20.0%,-2.2%,.275,2.13,.346,46.6%,8.31,7.01,1.30,7.58,sa3077290
Dylan Lozada,CHC,DSL,18,1.0,0.00,54.00,0.00,0.00,0.0%,54.5%,-54.5%,.400,8.00,.400,25.0%,54.00,22.47,31.53,24.92,sa3077291
Omar Gonzalez,DET,DSL,18,15.1,7.63,16.43,0.46,0.59,13.8%,29.8%,-16.0%,.295,3.00,.362,46.4%,15.26,10.08,5.18,10.19,sa3077292
Jose Cedeño,CLE,DSL,17,33.1,7.29,6.48,1.13,1.08,16.0%,14.2%,1.8%,.331,2.13,.387,55.6%,9.45,6.84,2.61,6.38,sa3077293
Juan Perez,TEX,DSL,20,29.2,9.71,8.19,1.19,2.12,20.9%,17.6%,3.3%,.264,1.99,.305,60.9%,7.89,8.62,-0.73,6.79,sa3077294
Angel Perez,TBR,DSL,17,3.1,8.10,29.70,0.27,10.80,9.7%,35.5%,-25.8%,.526,6.30,.500,54.9%,35.10,29.07,6.03,14.69,sa3077295
Leonil De Leon,STL,DSL,17,0.0,0.00,9.00,0.00,0.00,0.0%,100.0%,-100.0%,.000,1.00,.000,100.0%,0.00,7.47,-7.47,7.47,sa3077296
Aitol Lopez,CIN,DSL,17,17.1,7.79,5.71,1.36,0.00,17.4%,12.8%,4.7%,.236,1.62,.298,54.8%,4.67,5.16,-0.49,6.39,sa3077297
Kenyer Navarro,TOR,DSL,17,34.2,4.93,3.63,1.36,0.52,12.4%,9.2%,3.3%,.302,1.62,.339,67.7%,4.15,5.33,-1.18,5.60,sa3077298
Maique Basanta,COL,DSL,18,33.2,7.49,6.15,1.22,0.27,17.9%,14.7%,3.2%,.233,1.57,.290,61.2%,4.28,5.60,-1.32,5.75,sa3077299
Andrik Linarez,TBR,DSL,19,21.0,6.00,8.14,0.74,0.86,13.5%,18.3%,-4.8%,.277,2.00,.313,53.4%,7.71,7.37,0.34,7.30,sa3077300
Enmanuel Rodriguez,BAL,DSL,19,25.1,8.53,3.91,2.18,0.71,22.0%,10.1%,11.9%,.208,1.22,.257,59.6%,3.91,5.14,-1.23,4.92,sa3077301
Robinson Martinez,TBR,DSL,18,43.2,6.60,3.71,1.78,0.21,17.6%,9.9%,7.7%,.215,1.19,.264,79.5%,2.47,4.95,-2.48,5.55,sa3077302
Francisco Perez,COL,DSL,19,13.1,6.75,10.13,0.67,0.00,12.7%,19.0%,-6.3%,.317,2.55,.380,60.5%,7.43,7.24,0.18,8.29,sa3077303
Hector Aguilar,ATL,DSL,18,18.2,5.30,21.70,0.24,0.96,8.3%,33.8%,-25.6%,.390,4.12,.435,38.7%,22.66,12.88,9.78,11.84,sa3077304
Yolber Mendez,KCR,DSL,18,28.1,5.40,4.45,1.21,0.64,13.5%,11.1%,2.4%,.257,1.48,.289,61.6%,4.76,5.99,-1.22,6.05,sa3077305
Yolcar Garcia,MIN,DSL,18,29.0,8.07,4.03,2.00,0.62,20.3%,10.2%,10.2%,.243,1.41,.299,36.6%,7.45,4.92,2.53,4.75,sa3077306
Deiby Marrero,HOU,DSL,19,25.0,7.56,8.64,0.88,0.00,18.6%,21.2%,-2.7%,.190,1.60,.254,60.0%,5.40,6.27,-0.87,7.09,sa3077307
Randiel Vicente,NYM,DSL,17,13.2,9.88,13.17,0.75,3.95,17.0%,22.7%,-5.7%,.267,2.63,.256,44.9%,15.15,14.13,1.02,9.67,sa3077308
Maximiliano Quezada,COL,DSL,17,19.0,7.58,7.58,1.00,1.89,18.0%,18.0%,0.0%,.254,1.79,.275,62.5%,6.63,8.36,-1.73,6.36,sa3077309
David Colina,HOU,DSL,17,1.0,0.00,0.00,0.00,0.00,0.0%,0.0%,0.0%,.500,3.00,.500,66.7%,9.00,4.47,4.53,6.92,sa3077315
Brad Rodriguez,WSN,DSL,17,1.2,5.40,16.20,0.33,0.00,10.0%,30.0%,-20.0%,.286,3.00,.333,20.0%,16.20,8.67,7.53,9.65,sa3077328
Victor Tovar,LAD,DSL,17,9.0,8.00,22.00,0.36,0.00,13.8%,37.9%,-24.1%,.182,3.11,.240,45.2%,9.00,11.02,-2.02,11.48,sa3077361
Kahley Chan,COL,DSL,17,35.1,4.84,2.29,2.11,0.51,11.9%,5.6%,6.3%,.303,1.50,.339,42.7%,7.90,5.40,2.49,5.59,sa3077362
Yunior Jerez,NYY,DSL,20,43.0,9.63,4.40,2.19,0.63,26.3%,12.0%,14.3%,.179,1.12,.235,68.4%,3.77,4.91,-1.14,4.52,sa3077363
Marcos Reynoso,BAL,DSL,21,20.2,7.84,5.23,1.50,0.44,19.1%,12.8%,6.4%,.263,1.60,.328,56.5%,5.23,5.39,-0.16,5.91,sa3077364
Fayon Dumorne,TOR,DSL,20,28.1,10.48,6.67,1.57,0.64,27.3%,17.4%,9.9%,.153,1.27,.206,73.9%,2.86,5.49,-2.63,5.44,sa3077365
Alexander Mercedes,MIL,DSL,17,34.1,11.80,6.03,1.96,0.26,28.7%,14.6%,14.0%,.229,1.54,.341,53.1%,6.03,4.50,1.53,4.55,sa3077366
Emanuel Jimenez,BOS,DSL,19,33.0,11.73,6.55,1.79,0.00,29.9%,16.7%,13.2%,.183,1.39,.286,65.2%,2.73,4.04,-1.32,4.74,sa3077367
Efrén Álvarez,STL,DSL,18,13.2,9.88,11.20,0.88,0.66,20.3%,23.0%,-2.7%,.264,2.27,.351,47.6%,11.85,7.83,4.02,7.78,sa3077368
Alex Lamu,TEX,DSL,18,17.0,10.59,10.06,1.05,0.53,20.8%,19.8%,1.0%,.254,2.18,.340,31.3%,8.47,7.29,1.18,7.39,sa3077369
Justin Burgos,PHI,DSL,17,33.0,7.09,7.09,1.00,0.82,16.5%,16.5%,0.0%,.328,2.06,.394,70.8%,6.00,6.80,-0.80,6.56,sa3077370
Sebastian Castillo,NYY,DSL,19,37.1,9.16,5.06,1.81,0.96,19.9%,11.0%,8.9%,.311,1.96,.384,58.2%,6.75,5.75,1.00,5.17,sa3077371
Scarling Sterling,BAL,DSL,18,20.0,12.15,9.00,1.35,0.00,30.0%,22.2%,7.8%,.132,1.45,.220,58.1%,4.95,5.07,-0.12,5.89,sa3077372
Geferlyn Avelino,LAD,DSL,19,23.0,7.43,12.13,0.61,0.39,15.7%,25.6%,-9.9%,.230,2.22,.284,51.3%,7.43,7.82,-0.38,8.39,sa3077373
Frailyn Minier,OAK,DSL,17,5.1,6.75,27.00,0.25,1.69,8.5%,34.0%,-25.5%,.500,5.63,.565,47.5%,30.38,16.09,14.28,14.73,sa3077374
Franklin Mejia,MIA,DSL,16,20.0,7.65,18.00,0.43,1.80,12.8%,30.1%,-17.3%,.310,3.35,.348,34.1%,21.60,12.27,9.33,10.85,sa3077375
Adrianyer Lopez,HOU,DSL,18,33.0,6.55,5.45,1.20,0.27,17.1%,14.3%,2.9%,.217,1.39,.263,56.1%,4.91,5.23,-0.32,5.67,sa3077376
Randy Guzman,NYM,DSL,18,38.2,7.91,2.79,2.83,0.47,20.6%,7.3%,13.3%,.238,1.24,.296,55.1%,3.96,4.47,-0.51,4.79,sa3077377
Angel Castillo,TBR,DSL,24,10.1,12.19,1.74,7.00,0.00,35.0%,5.0%,30.0%,.162,0.77,.261,88.9%,0.87,2.63,-1.76,3.74,sa3077378
Miguel Barras,PIT,DSL,19,16.2,9.72,15.12,0.64,0.54,19.1%,29.8%,-10.6%,.277,2.76,.370,59.2%,9.72,8.31,1.41,8.07,sa3077379
Santiago Valencia,OAK,DSL,19,6.2,10.80,16.20,0.67,0.00,22.9%,34.3%,-11.4%,.182,2.40,.286,64.7%,8.10,7.92,0.18,8.16,sa3077380
Sahir De La Cruz,TOR,DSL,18,24.2,2.92,8.03,0.36,0.36,7.1%,19.5%,-12.4%,.222,1.70,.235,64.9%,4.38,7.14,-2.77,7.78,sa3077381
Emilio Jiménez,STL,DSL,17,28.1,10.16,10.16,1.00,0.64,22.2%,22.2%,0.0%,.257,2.12,.347,51.5%,9.21,6.83,2.38,6.58,sa3077382
Adrian Martinez,MIN,DSL,16,29.2,10.62,8.49,1.25,0.91,23.6%,18.9%,4.7%,.233,1.85,.308,60.2%,6.67,6.66,0.01,6.45,sa3077383
Juan Collado,MIN,DSL,19,23.1,10.41,9.26,1.13,1.16,22.0%,19.5%,2.4%,.223,1.93,.281,48.0%,8.87,7.55,1.32,6.51,sa3077384
Brandol Fernandez,COL,DSL,17,24.2,7.30,2.55,2.86,2.55,19.8%,6.9%,12.9%,.215,1.09,.197,76.9%,5.11,7.51,-2.40,4.91,sa3077385
Alexander Padilla,DET,DSL,17,12.2,12.08,7.82,1.55,0.00,27.0%,17.5%,9.5%,.224,1.74,.344,40.0%,6.39,5.10,1.29,5.68,sa3077386
Matthew Luna,ATL,DSL,17,8.0,11.25,27.00,0.42,2.25,13.9%,33.3%,-19.4%,.439,5.25,.552,34.6%,34.88,16.84,18.03,14.21,sa3077387
Jean Rivero,MIL,DSL,18,29.1,8.90,7.06,1.26,0.61,22.3%,17.7%,4.6%,.208,1.50,.271,67.8%,5.22,6.34,-1.13,6.26,sa3077388
Daniel Munoz,MIL,DSL,17,24.1,9.25,13.32,0.69,1.11,18.8%,27.1%,-8.3%,.215,2.30,.262,57.3%,7.03,8.95,-1.92,8.29,sa3077389
Kenry Alvear,LAD,DSL,18,18.1,6.87,12.27,0.56,0.98,13.6%,24.3%,-10.7%,.270,2.45,.310,43.3%,11.78,9.11,2.68,8.67,sa3077390
Santiago Lopez,CHC,DSL,17,29.2,12.13,7.28,1.67,0.30,27.2%,16.3%,10.9%,.286,1.96,.423,57.8%,6.98,5.04,1.94,4.88,sa3077391
Angel Roa,BOS,DSL,17,22.1,8.46,2.42,3.50,0.00,24.1%,6.9%,17.2%,.173,0.90,.233,55.0%,3.22,3.39,-0.17,4.45,sa3077392
Franchel Crisostomo,CHW,DSL,17,22.0,10.23,13.91,0.74,0.82,18.2%,24.8%,-6.6%,.347,3.09,.451,49.9%,14.32,8.70,5.62,8.63,sa3077393
Yadier Concepcion,CHC,DSL,17,32.0,3.09,4.22,0.73,0.84,7.8%,10.6%,-2.8%,.244,1.41,.248,75.3%,3.38,6.69,-3.31,6.72,sa3077394
Harry Canedo,BOS,DSL,17,13.0,6.23,5.54,1.13,0.00,14.8%,13.1%,1.6%,.255,1.62,.310,60.9%,5.54,5.39,0.15,6.27,sa3077395
Yojansy Perez,SDP,DSL,18,30.1,6.53,2.97,2.20,0.89,16.2%,7.4%,8.8%,.268,1.42,.306,55.0%,4.75,5.59,-0.84,5.27,sa3077396
Derek Torres,ATL,DSL,17,6.2,6.75,37.80,0.18,0.00,9.1%,50.9%,-41.8%,.105,4.50,.143,55.3%,21.60,19.17,2.43,19.66,sa3077397
Yunior Canario,NYM,DSL,17,18.2,8.20,8.20,1.00,1.93,14.7%,14.7%,0.0%,.337,2.52,.382,35.0%,11.09,9.77,1.32,8.21,sa3077398
Aldemaro Sevilla,WSN,DSL,17,12.2,3.55,14.21,0.25,1.42,6.7%,26.7%,-20.0%,.280,2.68,.279,52.5%,12.08,11.65,0.43,10.89,sa3077399
Evan Da Souza,MIA,DSL,16,28.0,12.86,11.25,1.14,0.00,29.0%,25.4%,3.6%,.188,1.89,.321,66.7%,5.14,6.11,-0.97,6.55,sa3077400
Mingxuan Zhang,PIT,DSL,18,16.2,9.72,14.58,0.67,1.08,19.4%,29.0%,-9.7%,.206,2.40,.256,52.2%,10.80,9.27,1.53,8.79,sa3077401
William Perez,HOU,DSL,19,17.1,5.19,6.23,0.83,0.52,11.6%,14.0%,-2.3%,.338,2.08,.383,63.8%,7.79,6.66,1.13,6.90,sa3077402
Higor Requena,NYY,DSL,18,38.1,9.63,5.17,1.86,0.23,21.9%,11.8%,10.2%,.252,1.62,.333,66.1%,3.05,4.86,-1.81,5.56,sa3077403
Luis Garces,KCR,DSL,17,28.0,11.57,5.46,2.12,0.00,29.8%,14.0%,15.7%,.243,1.50,.373,65.1%,4.82,3.83,1.00,4.56,sa3077404
Antony Constanza,HOU,DSL,17,24.0,7.88,7.88,1.00,0.00,18.4%,18.4%,0.0%,.278,1.92,.362,71.4%,4.50,5.72,-1.22,6.50,sa3077405
Francisco Mercedes,PHI,DSL,16,23.0,8.22,9.00,0.91,0.39,17.8%,19.5%,-1.7%,.286,2.13,.362,54.3%,7.83,6.73,1.10,7.02,sa3077406
Jesus Lopez,BOS,DSL,17,24.1,11.10,8.14,1.36,0.00,26.8%,19.6%,7.1%,.205,1.64,.310,76.2%,2.59,4.96,-2.37,5.50,sa3077407
Jose Uribe,DET,DSL,19,14.1,8.79,18.21,0.48,0.63,17.1%,35.4%,-18.3%,.200,2.72,.257,54.2%,10.67,10.12,0.55,10.07,sa3077408
Wandelin Garcia,PHI,DSL,17,16.0,9.00,15.19,0.59,1.69,18.4%,31.0%,-12.6%,.193,2.38,.211,62.5%,9.56,10.53,-0.97,9.22,sa3077409
Cesar Pastrano,HOU,DSL,18,25.0,9.00,7.92,1.14,0.72,22.1%,19.5%,2.7%,.184,1.52,.233,71.4%,3.24,6.63,-3.39,6.34,sa3077410
Argenis Granado,TEX,DSL,19,28.0,9.96,6.75,1.48,1.29,21.4%,14.5%,6.9%,.254,1.79,.316,53.3%,8.68,7.43,1.25,6.39,sa3077411
Diego Bohorquez,MIA,DSL,19,2.0,13.50,9.00,1.50,0.00,23.1%,15.4%,7.7%,.444,3.00,.667,37.5%,22.50,7.47,15.03,9.51,sa3077412
Eliezel Marte,LAD,DSL,17,13.2,5.27,13.83,0.38,1.98,8.9%,23.3%,-14.4%,.365,3.22,.385,45.9%,17.78,12.08,5.70,10.36,sa3077413
Juan Medina,TEX,DSL,19,42.1,10.42,3.40,3.06,0.85,25.3%,8.2%,17.0%,.279,1.51,.370,51.2%,6.59,4.94,1.65,4.62,sa3077414
Wilfry Michel,PHI,DSL,18,18.0,12.00,15.50,0.77,1.50,21.8%,28.2%,-6.4%,.365,3.22,.511,52.7%,15.50,9.97,5.53,8.48,sa3077415
Heriberto Ron,ARI,DSL,19,44.0,10.02,2.05,4.90,0.41,27.5%,5.6%,21.9%,.235,1.11,.322,60.2%,3.89,3.65,0.24,4.06,sa3077416
Keury De Jesus,CIN,DSL,18,27.1,7.90,7.90,1.00,0.00,18.2%,18.2%,0.0%,.308,2.09,.398,55.2%,8.23,5.46,2.77,6.35,sa3077417
Jesus Colmenarez,CLE,DSL,18,31.1,4.88,6.89,0.71,0.86,10.3%,14.5%,-4.2%,.343,2.30,.375,55.2%,9.48,7.02,2.46,6.90,sa3077418
Alvin De Leon,CHC,DSL,18,28.0,8.36,0.96,8.67,0.32,23.9%,2.8%,21.1%,.214,0.89,.276,86.5%,0.64,3.72,-3.08,4.07,sa3077419
Yadier Zamora,LAD,DSL,20,30.0,12.00,5.70,2.11,0.30,28.2%,13.4%,14.8%,.277,1.73,.410,53.1%,7.80,4.54,3.26,4.70,sa3077420
Andruw Solarte,KCR,DSL,18,15.0,7.80,7.20,1.08,0.60,16.3%,15.0%,1.3%,.397,2.60,.481,58.5%,9.60,6.00,3.60,6.12,sa3077421
Jhon Beltre,NYY,DSL,17,27.2,7.48,11.39,0.66,0.33,15.4%,23.5%,-8.1%,.233,2.13,.291,43.7%,10.08,8.26,1.82,8.50,sa3077423
Ismanuel Rondon,LAD,DSL,19,21.0,6.00,6.86,0.88,0.43,12.1%,13.8%,-1.7%,.316,2.19,.363,38.3%,10.29,6.75,3.53,6.84,sa3077424
Cristian Alvino,MIN,DSL,17,1.0,0.00,0.00,0.00,0.00,0.0%,0.0%,0.0%,.400,2.00,.400,100.0%,0.00,4.47,-4.47,7.74,sa3077425
Eliecer Mendoza,MIA,DSL,17,2.0,4.50,9.00,0.50,4.50,7.7%,15.4%,-7.7%,.455,3.50,.444,35.7%,22.50,12.97,9.53,9.33,sa3077429
Cristian Seminiel,TEX,DSL,17,4.2,1.93,13.50,0.14,3.86,2.9%,20.6%,-17.6%,.462,4.07,.435,64.0%,17.36,14.75,2.60,10.93,sa3077431
Felix Colina,TEX,DSL,17,1.0,0.00,18.00,0.00,0.00,0.0%,25.0%,-25.0%,.333,4.00,.333,25.0%,9.00,10.47,-1.47,12.10,sa3077432
Carlos Olivo,TOR,DSL,19,17.0,13.76,12.18,1.13,0.53,28.9%,25.6%,3.3%,.242,2.29,.385,44.0%,11.12,6.41,4.71,6.37,sa3077490
Cesar Navarro,ATL,DSL,17,47.1,6.85,3.80,1.80,0.19,18.2%,10.1%,8.1%,.209,1.20,.257,72.4%,2.47,4.55,-2.08,5.33,sa3077491
Yunior Villavicencio,BAL,DSL,18,31.0,10.16,6.97,1.46,0.00,26.9%,18.5%,8.5%,.186,1.39,.284,76.6%,2.61,4.92,-2.31,5.68,sa3077492
Oby Escalante,COL,DSL,18,13.0,6.23,9.00,0.69,0.69,12.7%,18.3%,-5.6%,.250,2.00,.286,49.0%,7.62,8.47,-0.85,8.60,sa3077493
Benjamin Vasquez,BAL,DSL,18,10.2,15.19,23.62,0.64,0.00,24.7%,38.4%,-13.7%,.317,3.84,.565,42.2%,18.56,10.09,8.47,10.40,sa3077494
Androu Gabriel,LAD,DSL,19,14.2,11.66,16.57,0.70,0.00,23.5%,33.3%,-9.9%,.140,2.32,.226,60.5%,9.20,8.22,0.99,8.66,sa3077495
Luis Martinez,COL,DSL,17,34.0,6.35,6.09,1.04,0.79,14.8%,14.2%,0.6%,.301,1.88,.349,66.9%,5.03,6.50,-1.47,6.50,sa3077496
Cristian Rego,PHI,DSL,17,29.2,12.44,4.25,2.93,0.61,29.7%,10.1%,19.6%,.275,1.58,.403,58.1%,5.76,4.40,1.36,4.19,sa3077497
Jose Vega,STL,DSL,17,38.2,6.05,6.28,0.96,0.93,13.8%,14.4%,-0.5%,.232,1.60,.256,63.3%,5.82,7.34,-1.52,6.73,sa3077498
Alejandro Bustamante,MIL,DSL,18,13.1,6.08,10.13,0.60,0.00,15.3%,25.4%,-10.2%,.136,1.58,.171,81.0%,2.70,6.49,-3.79,7.66,sa3077499
Victor Vizcaya,HOU,DSL,19,34.0,6.88,5.03,1.37,0.00,17.6%,12.8%,4.7%,.211,1.35,.265,59.6%,3.44,4.70,-1.26,5.59,sa3077500
Jareth Rayo,OAK,DSL,18,36.0,9.00,5.00,1.80,1.25,22.5%,12.5%,10.0%,.243,1.50,.293,66.0%,5.50,5.94,-0.44,5.25,sa3077501
Jhonaiker Castillo,CLE,DSL,18,13.2,5.27,16.46,0.32,0.66,9.6%,30.1%,-20.5%,.269,2.85,.302,34.4%,19.10,11.05,8.04,10.88,sa3077502
Jesus Vasquez,MIL,DSL,17,36.2,6.63,6.38,1.04,0.00,16.9%,16.3%,0.6%,.187,1.39,.234,66.7%,2.70,5.12,-2.42,5.84,sa3077503
Mervin Maiz,PIT,DSL,18,0.1,0.00,54.00,0.00,0.00,0.0%,66.7%,-66.7%,.000,6.00,.000,50.0%,27.00,22.47,4.53,22.47,sa3077504
Adrian Bello,MIL,DSL,17,15.1,7.04,9.39,0.75,1.17,14.8%,19.8%,-4.9%,.220,1.89,.244,40.4%,10.57,8.90,1.66,8.65,sa3077505
David Mendoza,CIN,DSL,18,20.1,6.20,8.85,0.70,1.77,13.1%,18.7%,-5.6%,.272,2.07,.286,56.6%,8.85,9.49,-0.63,7.77,sa3077506
Rafael Quezada,COL,DSL,18,14.0,7.07,5.14,1.38,0.00,17.7%,12.9%,4.8%,.226,1.43,.286,76.2%,2.57,4.83,-2.25,5.88,sa3077507
Rickelby Ramos,SDP,DSL,17,29.1,6.44,9.20,0.70,1.53,13.7%,19.6%,-5.9%,.319,2.28,.356,50.7%,10.13,9.04,1.09,7.66,sa3077508
Ronaldo Serrano,PIT,DSL,19,11.1,5.56,7.15,0.78,0.00,11.9%,15.3%,-3.4%,.204,1.68,.238,55.0%,3.97,5.88,-1.91,7.25,sa3077509
Jose Saldana,CIN,DSL,16,36.0,7.00,6.00,1.17,0.00,17.2%,14.7%,2.5%,.211,1.44,.267,69.0%,4.00,5.41,-1.41,6.12,sa3077510
Cristofer Brujan,CLE,DSL,17,31.2,5.97,11.08,0.54,0.57,13.7%,25.5%,-11.8%,.266,2.15,.314,51.3%,9.66,8.13,1.53,8.32,sa3077511
Antony Carela,CLE,DSL,17,33.0,8.45,9.27,0.91,0.27,19.0%,20.9%,-1.8%,.287,2.09,.378,63.0%,7.09,6.71,0.38,6.96,sa3077512
Daiverson Blanco,TBR,DSL,16,24.2,8.39,4.38,1.92,1.09,22.5%,11.8%,10.8%,.213,1.26,.254,68.3%,3.65,5.77,-2.12,5.11,sa3077513
Oscar Montero,NYM,DSL,17,23.2,10.65,12.17,0.88,0.38,23.0%,26.2%,-3.3%,.186,2.03,.263,57.3%,7.61,7.22,0.39,7.11,sa3077514
Gensil Rosario,NYM,DSL,17,23.0,10.17,12.13,0.84,0.00,21.1%,25.2%,-4.1%,.267,2.39,.375,47.4%,9.39,6.51,2.88,7.65,sa3077515
Sebastian Echavarria,MIN,DSL,16,16.1,4.96,11.57,0.43,0.55,10.1%,23.6%,-13.5%,.266,2.33,.296,51.7%,9.92,8.75,1.16,8.76,sa3077516
Jhon Castro,NYY,DSL,18,2.2,13.50,50.62,0.27,0.00,16.7%,62.5%,-45.8%,.375,6.75,.750,47.4%,33.75,19.47,14.28,20.08,sa3077517
Andres Perez,CLE,DSL,17,29.1,5.83,8.59,0.68,0.92,12.3%,18.2%,-5.8%,.305,2.18,.344,59.0%,7.67,8.18,-0.51,7.75,sa3077518
John Rosillo,NYY,DSL,18,1.0,0.00,9.00,0.00,9.00,0.0%,14.3%,-14.3%,.500,4.00,.400,76.9%,9.00,20.47,-11.47,8.29,sa3077519
Alexander Garcia,LAA,DSL,17,18.0,6.50,11.50,0.57,1.00,13.1%,23.2%,-10.1%,.264,2.33,.298,48.6%,10.50,8.97,1.53,8.43,sa3077520
Jose Serva,CHC,DSL,17,30.2,10.57,4.40,2.40,0.29,29.0%,12.1%,16.9%,.189,1.14,.275,79.2%,2.64,4.31,-1.66,4.71,sa3077521
Luciano Prince,CHC,DSL,17,24.1,10.73,9.25,1.16,0.00,22.5%,19.4%,3.1%,.283,2.18,.400,53.4%,8.88,5.78,3.09,6.49,sa3077522
Jose Avendano,CHC,DSL,17,10.0,11.70,11.70,1.00,0.00,22.0%,22.0%,0.0%,.341,2.80,.484,36.7%,13.50,6.37,7.13,6.78,sa3077523
Mauricio Nunez,NYM,DSL,17,15.2,13.79,20.11,0.69,0.57,23.8%,34.7%,-10.9%,.206,3.06,.316,36.3%,12.06,9.51,2.55,9.05,sa3077524
Eduardo Pina,NYM,DSL,17,18.2,9.16,2.41,3.80,0.00,27.1%,7.1%,20.0%,.231,1.07,.326,70.0%,2.89,3.24,-0.34,3.76,sa3077525
Enmanuel Rodriguez,CHW,DSL,16,20.0,9.00,10.35,0.87,0.45,19.0%,21.9%,-2.9%,.263,2.20,.339,47.1%,9.45,6.87,2.58,6.91,sa3077526
Cesar Vivanco,NYY,DSL,17,4.0,2.25,2.25,1.00,0.00,6.7%,6.7%,0.0%,.286,1.25,.308,40.0%,6.75,4.72,2.03,5.54,sa3077527
Isaias Acosta,TEX,DSL,17,36.0,7.00,8.00,0.88,0.75,15.8%,18.1%,-2.3%,.309,2.08,.370,66.4%,7.25,7.16,0.09,6.92,sa3077528
Thomas Sveyda,HOU,DSL,19,21.2,11.63,14.54,0.80,0.00,24.6%,30.7%,-6.1%,.187,2.26,.298,62.3%,5.82,7.28,-1.47,7.85,sa3077529
Albert Castillo,TEX,DSL,18,25.2,9.12,5.26,1.73,1.40,21.3%,12.3%,9.0%,.276,1.71,.333,61.9%,6.66,6.46,0.21,5.26,sa3077530
Joseph Moschetto,BAL,DSL,16,18.2,12.54,11.09,1.13,0.96,24.1%,21.3%,2.8%,.286,2.41,.408,55.8%,11.57,8.06,3.51,7.58,sa3077531
Cristian Alcantara,BOS,DSL,16,9.1,8.68,0.96,9.00,0.96,18.4%,2.0%,16.3%,.378,1.93,.457,40.8%,10.61,5.22,5.39,4.70,sa3077532
Alexander Bertiz,DET,DSL,17,17.1,4.67,3.12,1.50,1.04,11.1%,7.4%,3.7%,.315,1.67,.339,46.1%,4.67,6.32,-1.64,5.76,sa3077533
Freddy Lopez,NYY,DSL,17,27.0,9.00,9.00,1.00,1.00,19.7%,19.7%,0.0%,.245,1.96,.303,56.8%,7.33,7.36,-0.02,6.73,sa3077534
Braillin Cordero,CIN,DSL,18,4.1,10.38,8.31,1.25,2.08,19.2%,15.4%,3.8%,.300,2.31,.357,66.0%,6.23,9.32,-3.08,7.45,sa3077535
Yorgenson Artigas,PIT,DSL,20,15.0,8.40,11.40,0.74,1.20,16.7%,22.6%,-6.0%,.361,2.73,.444,49.8%,13.20,8.94,4.26,7.80,sa3077536
Natali Familia,CIN,DSL,18,12.0,11.25,11.25,1.00,0.00,25.0%,25.0%,0.0%,.220,2.00,.346,71.4%,6.00,6.72,-0.72,7.54,sa3077537
Manuel Meza,MIN,DSL,19,6.2,6.75,13.50,0.50,0.00,15.2%,30.3%,-15.2%,.217,2.25,.278,46.7%,8.10,7.47,0.63,8.08,sa3077538
Jarol Lopez,COL,DSL,17,31.1,9.19,3.45,2.67,0.86,22.9%,8.6%,14.3%,.286,1.53,.363,67.7%,4.60,5.01,-0.42,4.60,sa3077539
Jesus Heredia,SDP,DSL,19,11.2,6.17,18.51,0.33,0.00,10.5%,31.6%,-21.1%,.360,3.60,.429,52.3%,14.66,9.78,4.87,10.90,sa3077540
Wranigher Navas,NYM,DSL,18,9.2,8.38,16.76,0.50,2.79,13.8%,27.7%,-13.8%,.289,3.00,.308,59.2%,16.76,15.02,1.74,12.59,sa3077541
Ricardo Morel,MIA,DSL,20,27.1,12.84,11.52,1.11,0.33,26.7%,24.0%,2.7%,.255,2.27,.394,61.0%,7.90,6.48,1.42,6.87,sa3077542
Jose Taveras,CHW,DSL,18,26.1,9.57,5.13,1.87,0.00,20.7%,11.1%,9.6%,.322,1.97,.425,59.6%,6.49,4.62,1.87,5.27,sa3077543
Kevin Colmenares,TEX,DSL,18,35.0,12.60,5.66,2.23,0.51,31.2%,14.0%,17.2%,.258,1.60,.395,65.8%,5.14,4.55,0.59,4.68,sa3077544
Carlos Mueses,WSN,DSL,17,2.1,0.00,11.57,0.00,0.00,0.0%,37.5%,-37.5%,.200,1.71,.200,100.0%,0.00,8.33,-8.33,9.73,sa3077546
Juandy Romero,CIN,DSL,17,0.1,27.00,0.00,1.00,0.00,50.0%,0.0%,50.0%,.000,0.00,.000,100.0%,0.00,7.47,-7.47,7.47,sa3077548
Luis Cedeno,TEX,DSL,17,1.0,0.00,18.00,0.00,0.00,0.0%,50.0%,-50.0%,.000,2.00,.000,100.0%,0.00,10.47,-10.47,11.29,sa3077549
Carlos Pena,TOR,DSL,18,14.2,7.98,7.98,1.00,0.61,18.3%,18.3%,0.0%,.250,1.84,.310,65.2%,3.68,6.65,-2.97,6.49,sa3077556
Jordan Perez,SDP,DSL,17,1.0,9.00,0.00,1.00,9.00,12.5%,0.0%,12.5%,.500,4.00,.500,0.0%,27.00,15.47,11.53,4.92,sa3077557
Luis Morales,SDP,DSL,18,14.2,5.52,20.86,0.26,0.61,9.3%,35.1%,-25.8%,.322,3.61,.367,48.6%,17.80,11.90,5.89,12.63,sa3077558
Denichel Javier,TBR,DSL,18,29.0,9.62,4.03,2.38,0.00,24.0%,10.1%,14.0%,.212,1.28,.293,42.5%,4.66,3.99,0.67,4.49,sa3077559
Ekin Decena,CIN,DSL,19,10.1,13.06,11.32,1.15,1.74,25.4%,22.0%,3.4%,.275,2.32,.391,47.8%,12.19,9.60,2.60,7.79,sa3077560
Aldwin Morillo,MIN,DSL,18,17.0,6.35,13.24,0.48,1.59,12.1%,25.3%,-13.1%,.279,2.59,.302,52.4%,12.18,10.82,1.35,9.68,sa3077561
Francisco Tavarez,LAD,DSL,18,19.2,8.24,12.81,0.64,0.00,17.3%,26.9%,-9.6%,.257,2.34,.346,48.1%,12.36,7.82,4.53,8.66,sa3077562
Sebastian Saud,HOU,DSL,19,6.1,4.26,24.16,0.18,0.00,6.7%,37.8%,-31.1%,.346,4.11,.391,57.1%,17.05,12.52,4.53,13.42,sa3077563
Miguel Reyes,HOU,DSL,18,13.2,10.54,7.90,1.33,1.32,23.2%,17.4%,5.8%,.273,1.98,.351,53.4%,8.56,7.10,1.46,6.22,sa3077564
Alexander Garcia,TOR,DSL,20,12.1,3.65,10.22,0.36,0.00,8.1%,22.6%,-14.5%,.326,2.35,.366,67.7%,5.84,7.55,-1.71,8.34,sa3077566
Ashwar Sprok,MIN,DSL,17,1.1,0.00,20.25,0.00,6.75,0.0%,33.3%,-33.3%,.333,3.75,.200,55.6%,20.25,20.97,-0.72,13.67,sa3077569
Gerson Rivero,SFG,DSL,18,11.2,6.17,6.17,1.00,0.77,12.9%,12.9%,0.0%,.320,2.06,.366,60.2%,6.17,7.30,-1.13,7.44,sa3077572
Kevin Meza,COL,DSL,17,24.2,6.20,7.66,0.81,0.36,14.5%,17.9%,-3.4%,.244,1.74,.292,50.4%,6.57,6.90,-0.33,7.30,sa3077573
Jose Alcantara,CIN,DSL,19,3.1,13.50,45.90,0.29,2.70,16.7%,56.7%,-40.0%,.231,6.00,.286,43.0%,32.40,20.67,11.73,18.24,sa3077574
Aneury Sosa,SDP,DSL,19,22.1,7.66,11.28,0.68,0.81,16.1%,23.7%,-7.6%,.279,2.33,.338,54.5%,8.87,8.23,0.64,7.76,sa3077575
Failin Placencio,MIN,DSL,20,8.0,7.88,24.75,0.32,1.13,12.7%,40.0%,-27.3%,.313,4.00,.375,50.6%,18.00,12.97,5.03,12.77,sa3077576
Saúl Figuereo,STL,DSL,18,0.0,0.00,9.00,0.00,0.00,0.0%,100.0%,-100.0%,.000,1.00,.000,0.0%,9.00,7.47,1.53,7.47,sa3077579
Eduardo Villegas,LAD,DSL,17,7.1,6.14,13.50,0.45,1.23,10.6%,23.4%,-12.8%,.371,3.27,.414,46.6%,17.18,9.79,7.39,9.24,sa3077580
Isaias Harvey,HOU,DSL,18,12.0,9.00,6.75,1.33,0.00,23.5%,17.6%,5.9%,.143,1.25,.200,40.0%,4.50,4.72,-0.22,5.47,sa3077585
Josue Rondon,WSN,DSL,17,13.1,3.38,6.08,0.56,3.38,6.7%,12.0%,-5.3%,.381,2.48,.358,58.6%,11.48,11.29,0.18,7.77,sa3077586
Ranfi Vargas,BOS,DSL,18,10.1,3.48,25.26,0.14,0.87,5.7%,41.4%,-35.7%,.206,3.48,.207,40.9%,17.42,15.40,2.01,15.25,sa3077587
Esteban Mejia,NYM,DSL,17,28.0,8.68,4.50,1.93,0.00,20.9%,10.9%,10.1%,.250,1.46,.333,60.4%,5.14,4.79,0.35,5.52,sa3077588
Dennisom Carrera,HOU,DSL,19,16.2,5.94,7.56,0.79,0.54,14.1%,17.9%,-3.8%,.250,1.80,.288,59.4%,3.78,6.45,-2.67,6.40,sa3077589
Nolwer Barboza,MIN,DSL,17,0.2,0.00,0.00,0.00,0.00,0.0%,0.0%,0.0%,.000,0.00,.000,100.0%,0.00,4.47,-4.47,,sa3077595
Yostin Pinales,ATL,DSL,18,9.1,6.75,6.75,1.00,0.00,16.7%,16.7%,0.0%,.147,1.29,.185,38.5%,6.75,5.54,1.21,6.24,sa3077603
Lemin Bens,HOU,DSL,16,7.1,6.14,17.18,0.36,0.00,12.2%,34.1%,-22.0%,.154,2.45,.190,31.6%,13.50,9.24,4.26,10.24,sa3077604
Alieski Torres,TOR,DSL,18,30.1,6.82,2.37,2.88,0.00,21.9%,7.6%,14.3%,.105,0.59,.139,85.0%,0.89,3.94,-3.05,4.88,sa3077605
Geowin Gomez,ATL,DSL,17,32.0,7.88,3.94,2.00,0.00,20.4%,10.2%,10.2%,.235,1.31,.308,67.4%,3.09,4.41,-1.31,5.20,sa3077606
Yeider Pineda,BOS,DSL,17,10.1,7.84,9.58,0.82,0.87,17.3%,21.2%,-3.8%,.256,2.03,.310,50.9%,10.45,7.76,2.69,7.21,sa3077607
Hollis Watson,LAA,DSL,21,7.1,9.82,31.91,0.31,1.23,12.3%,40.0%,-27.7%,.394,5.32,.500,32.1%,34.36,17.15,17.21,16.38,sa3077608
Giovanni Medina,ATL,DSL,17,23.2,10.65,6.08,1.75,0.38,25.0%,14.3%,10.7%,.239,1.61,.333,54.2%,6.08,5.19,0.90,5.36,sa3077609
Anthony Herrera,BOS,DSL,18,32.0,9.00,6.47,1.39,0.84,22.7%,16.3%,6.4%,.195,1.41,.244,69.9%,3.94,6.31,-2.38,5.96,sa3077610
Jose Sanchez,NYY,DSL,17,31.0,11.03,4.94,2.24,1.45,29.9%,13.4%,16.5%,.227,1.35,.299,77.1%,3.77,5.76,-1.99,4.82,sa3077611
Rinangel Mayora,BOS,DSL,16,12.2,8.53,13.50,0.63,0.71,16.2%,25.7%,-9.5%,.302,2.76,.375,53.4%,12.08,8.57,3.50,8.51,sa3077612
Juan Poche,CLE,DSL,17,13.2,3.95,9.22,0.43,0.66,7.4%,17.3%,-9.9%,.413,2.93,.446,63.4%,11.20,8.49,2.70,8.86,sa3077613
Enmanuel Feliz,NYM,DSL,19,13.2,8.56,15.15,0.57,1.32,15.5%,27.4%,-11.9%,.286,2.85,.341,46.1%,16.46,10.62,5.85,9.67,sa3077614
Christian Polanco,LAD,DSL,20,23.0,5.87,10.17,0.58,0.78,12.3%,21.3%,-9.0%,.301,2.35,.342,66.4%,7.04,8.08,-1.03,7.87,sa3077615
Enmanuel Araujo,TOR,DSL,20,8.1,8.64,28.08,0.31,0.00,13.8%,44.8%,-31.0%,.172,3.72,.238,41.2%,17.28,12.99,4.29,13.67,sa3077617
Jose Melo,TOR,DSL,21,31.1,8.04,2.59,3.11,0.29,23.5%,7.6%,16.0%,.140,0.77,.179,82.0%,1.72,4.25,-2.52,4.72,sa3077618
Emmy De Oleo,ARI,DSL,17,10.0,9.90,9.00,1.10,0.90,19.6%,17.9%,1.8%,.295,2.30,.375,50.8%,9.90,7.17,2.73,6.77,sa3077634
Nathanael Jacinto,SDP,DSL,20,12.2,9.24,17.05,0.54,0.00,17.3%,32.0%,-14.7%,.313,3.08,.429,42.9%,12.08,8.81,3.27,9.20,sa3077635
Delvin Medina,KCR,DSL,17,7.1,6.14,4.91,1.25,1.23,14.3%,11.4%,2.9%,.258,1.64,.280,47.2%,4.91,6.51,-1.61,5.97,sa3077636
Jesus Garcia,LAD,DSL,18,13.1,5.40,12.15,0.44,2.03,9.8%,22.0%,-12.2%,.355,3.00,.373,55.6%,12.15,10.69,1.46,8.81,sa3077637
Victor Gallegos,NYM,DSL,18,9.2,7.45,8.38,0.89,0.00,16.7%,18.8%,-2.1%,.257,1.86,.333,50.0%,6.52,6.85,-0.33,8.12,sa3077638
Hector Ozuna,ARI,DSL,19,18.2,7.23,5.79,1.25,0.48,16.7%,13.3%,3.3%,.240,1.61,.288,63.3%,3.86,5.97,-2.11,6.23,sa3077646
Darren Pereira,ATL,DSL,17,12.2,7.82,7.11,1.10,0.71,15.3%,13.9%,1.4%,.367,2.53,.438,55.2%,10.66,6.60,4.06,6.48,sa3077647
Misael Almanzar,LAA,DSL,18,22.0,8.59,4.91,1.75,0.00,20.8%,11.9%,8.9%,.247,1.50,.328,75.7%,3.68,4.74,-1.06,5.78,sa3077648
Axel De Lira,HOU,DSL,19,19.0,9.47,7.58,1.25,0.47,21.7%,17.4%,4.3%,.264,1.84,.353,58.5%,8.05,6.21,1.85,6.34,sa3077649
Steuri Amancio,LAA,DSL,17,28.0,7.71,4.50,1.71,0.00,20.0%,11.7%,8.3%,.252,1.43,.329,72.1%,2.25,4.58,-2.33,5.33,sa3077660
Filippo Sabatini,PHI,DSL,19,20.0,8.10,5.40,1.50,0.90,18.4%,12.2%,6.1%,.305,1.85,.371,57.6%,7.65,6.37,1.28,6.09,sa3077661
Juan Martinez,HOU,DSL,19,12.0,6.00,12.75,0.47,2.25,11.3%,23.9%,-12.7%,.306,2.67,.316,76.2%,9.00,11.89,-2.89,9.45,sa3077662
Jesus Cova,ATL,DSL,18,29.1,7.67,2.45,3.13,0.00,20.8%,6.7%,14.2%,.189,0.95,.247,64.7%,3.07,4.20,-1.13,4.75,sa3077663
Abrahan Diaz,TOR,DSL,17,18.1,11.29,6.87,1.64,0.49,29.1%,17.7%,11.4%,.222,1.53,.333,76.9%,3.93,5.29,-1.36,5.29,sa3077664
Maikel Vargas,BOS,DSL,17,8.2,5.19,21.81,0.24,0.00,8.8%,36.8%,-28.1%,.290,3.46,.346,40.0%,18.69,12.32,6.38,12.97,sa3077665
Leonel Figuera,BOS,DSL,18,17.1,8.31,7.79,1.07,0.52,20.5%,19.2%,1.3%,.213,1.62,.273,69.9%,4.67,6.32,-1.64,6.60,sa3077666
Manuel Fernandez,OAK,DSL,21,13.2,11.85,7.90,1.50,1.98,24.7%,16.4%,8.2%,.293,2.12,.378,57.6%,8.56,7.98,0.58,6.44,sa3077667
Anderson Franco,COL,DSL,17,10.2,7.59,6.75,1.13,0.00,15.8%,14.0%,1.8%,.356,2.25,.444,60.7%,8.44,6.16,2.28,6.92,sa3077679
Luis Guevara,OAK,DSL,18,19.0,4.74,4.26,1.11,0.00,11.5%,10.3%,1.1%,.282,1.63,.324,64.5%,3.32,4.84,-1.52,6.17,sa3077680
Jordan Key,OAK,DSL,19,5.1,5.06,20.25,0.25,0.00,8.8%,35.3%,-26.5%,.250,3.19,.294,52.6%,11.81,11.22,0.59,11.98,sa3077681
Sebastian Rodriguez,TOR,DSL,19,9.0,11.00,3.00,3.67,0.00,30.6%,8.3%,22.2%,.188,1.00,.286,30.0%,6.00,3.36,2.64,3.81,sa3077682
Brandy Luis,NYY,DSL,18,26.1,6.15,7.52,0.82,0.00,14.1%,17.2%,-3.1%,.282,1.94,.341,68.5%,3.76,5.95,-2.19,6.85,sa3077683
Jhon Cabrera,STL,DSL,18,18.1,4.42,9.33,0.47,0.00,9.6%,20.2%,-10.6%,.292,2.18,.333,62.8%,7.85,7.09,0.77,8.16,sa3077684
Joseph Uzeta,SDP,DSL,18,24.1,5.55,1.11,5.00,0.00,14.4%,2.9%,11.5%,.273,1.23,.321,65.6%,2.59,3.85,-1.26,4.93,sa3077694
John Reynoso,PIT,DSL,17,16.0,8.44,11.25,0.75,0.56,17.9%,23.8%,-6.0%,.200,2.00,.250,66.5%,6.75,7.91,-1.16,8.32,sa3077695
Christopher Peralta,CLE,DSL,18,20.2,6.53,9.15,0.71,1.74,14.3%,20.0%,-5.7%,.266,2.03,.283,62.8%,7.40,9.31,-1.90,8.10,sa3077696
Jose Alvarez,TOR,DSL,17,1.2,16.20,10.80,1.50,0.00,33.3%,22.2%,11.1%,.286,2.40,.500,50.0%,10.80,4.47,6.33,5.94,sa3077702
Saul Aguero,PIT,DSL,18,22.0,11.05,4.91,2.25,1.64,27.3%,12.1%,15.2%,.238,1.45,.302,68.0%,5.73,6.42,-0.70,4.95,sa3077703
Raymond Cruz,CIN,DSL,18,15.2,10.91,5.17,2.11,0.00,27.9%,13.2%,14.7%,.190,1.28,.282,66.7%,3.45,3.96,-0.51,4.58,sa3077704
Mario Sosa,CHW,DSL,19,13.0,16.62,9.00,1.85,0.00,35.8%,19.4%,16.4%,.176,1.69,.333,28.0%,6.92,4.47,2.45,4.91,sa3077709
Hamley Eusebio,ARI,DSL,17,12.0,9.00,9.75,0.92,0.75,18.2%,19.7%,-1.5%,.333,2.50,.421,68.6%,7.50,7.30,0.20,7.04,sa3077710
Luis Vasquez,CIN,DSL,18,16.0,6.19,6.19,1.00,0.56,14.9%,14.9%,0.0%,.194,1.44,.220,61.9%,5.06,6.16,-1.09,6.11,sa3077711
Kelvin Silva,SFG,DSL,20,10.1,10.45,5.23,2.00,0.87,26.1%,13.0%,13.0%,.211,1.35,.280,61.6%,6.10,5.73,0.37,5.18,sa3077712
Anderson Aguilar,HOU,DSL,20,5.2,4.76,7.94,0.60,0.00,9.4%,15.6%,-6.2%,.385,2.65,.435,56.3%,11.12,6.59,4.53,7.31,sa3077717
Pedro Meza,BOS,DSL,17,19.2,8.69,7.78,1.12,0.46,20.7%,18.5%,2.2%,.189,1.58,.241,71.9%,4.58,5.94,-1.37,6.15,sa3077719
Juan Verdus,BOS,DSL,17,17.1,8.31,10.38,0.80,0.00,18.0%,22.5%,-4.5%,.254,2.08,.340,47.6%,10.38,7.12,3.26,7.59,sa3077720
Breidy Adames,NYY,DSL,19,13.0,9.69,6.23,1.56,2.08,21.5%,13.8%,7.7%,.273,1.85,.316,76.9%,5.54,7.62,-2.08,5.69,sa3077721
Michael Castillo,ATL,DSL,18,4.0,4.50,40.50,0.11,0.00,4.5%,40.9%,-36.4%,.409,6.75,.450,35.5%,38.25,19.97,18.28,20.58,sa3077722
Arthur De La Cruz,MIN,DSL,18,9.0,12.00,10.00,1.20,0.00,22.6%,18.9%,3.8%,.286,2.44,.400,34.8%,10.00,5.47,4.53,6.29,sa3077733
Carlos Guerrero,MIA,DSL,19,15.0,6.00,4.80,1.25,0.00,15.6%,12.5%,3.1%,.255,1.47,.311,91.3%,1.20,4.94,-3.74,5.86,sa3077734
Leuris Paulino,PIT,DSL,18,7.1,6.14,14.73,0.42,0.00,10.4%,25.0%,-14.6%,.455,3.68,.536,46.7%,19.64,9.24,10.39,9.69,sa3077735
Yancarlos Vasquez,MIL,DSL,18,14.2,7.36,14.11,0.52,0.61,16.2%,31.1%,-14.9%,.160,2.11,.189,52.3%,9.82,8.63,1.19,8.52,sa3077740
Derek Garcia,PIT,DSL,17,7.1,9.82,20.86,0.47,0.00,15.4%,32.7%,-17.3%,.333,3.82,.440,40.0%,19.64,10.06,9.58,10.51,sa3077741
Leonardo Larez,PHI,DSL,17,9.0,5.00,2.00,2.50,1.00,12.2%,4.9%,7.3%,.316,1.56,.344,73.5%,3.00,5.80,-2.80,5.27,sa3077742
Ernesto Mejia,KCR,DSL,17,12.1,5.11,4.38,1.17,0.73,11.9%,10.2%,1.7%,.280,1.62,.310,64.8%,3.65,6.58,-2.93,6.52,sa3077743
Joan Sinvil,CIN,DSL,17,5.2,11.12,20.65,0.54,1.59,17.1%,31.7%,-14.6%,.407,4.24,.526,33.9%,25.41,11.70,13.71,10.27,sa3077744
Jose Perez,SDP,DSL,21,16.1,9.92,2.76,3.60,1.10,23.4%,6.5%,16.9%,.271,1.47,.340,77.6%,3.86,5.14,-1.29,4.55,sa3077745
Cesar Morales,NYM,DSL,19,19.1,13.50,5.59,2.42,0.47,34.9%,14.5%,20.5%,.200,1.34,.325,66.4%,1.86,4.16,-2.30,4.04,sa3077746
Dariel Chalas,NYY,DSL,17,10.0,11.70,10.80,1.08,1.80,22.0%,20.3%,1.7%,.275,2.30,.360,55.1%,11.70,10.17,1.53,7.98,sa3077763
Luis Lora,KCR,DSL,20,10.1,9.58,9.58,1.00,0.87,19.6%,19.6%,0.0%,.256,2.13,.323,39.8%,10.45,7.37,3.08,6.83,sa3077770
Maximiliano Villanueva,HOU,DSL,18,7.1,14.73,8.59,1.71,0.00,34.3%,20.0%,14.3%,.080,1.23,.154,58.3%,6.14,5.29,0.85,6.18,sa3077771
Edwing Fernandez,CLE,DSL,17,19.0,5.21,4.74,1.10,0.95,12.6%,11.5%,1.1%,.267,1.58,.290,51.4%,6.63,6.57,0.06,5.98,sa3077772
Eithan Mendez,TEX,DSL,17,17.2,8.66,12.74,0.68,0.51,17.5%,25.8%,-8.2%,.265,2.43,.340,43.9%,12.23,8.20,4.02,8.35,sa3077773
Noel Cepeda,MIL,DSL,18,3.2,7.36,22.09,0.33,2.45,11.1%,33.3%,-22.2%,.333,4.09,.357,44.1%,17.18,13.74,3.44,12.42,sa3077774
Erick Rosso,CHW,DSL,21,11.1,13.50,7.94,1.70,0.79,30.9%,18.2%,12.7%,.205,1.68,.308,64.5%,5.56,5.53,0.03,4.96,sa3077776
Breimy Gueson,DET,DSL,21,7.1,8.59,15.95,0.54,1.23,14.9%,27.7%,-12.8%,.344,3.27,.417,40.7%,19.64,10.47,9.17,9.92,sa3077787
Efrailin Caminero,ATL,DSL,17,0.2,13.50,108.00,0.13,0.00,7.7%,61.5%,-53.8%,.250,13.50,.333,40.0%,67.50,41.97,25.53,41.97,sa3077788
Darling VIllalona,BAL,DSL,19,12.0,9.00,5.25,1.71,0.00,26.1%,15.2%,10.9%,.154,1.08,.222,53.8%,3.00,4.22,-1.22,4.83,sa3077789
Angel Gamarra,SDP,DSL,18,21.1,7.59,10.13,0.75,0.42,18.2%,24.2%,-6.1%,.205,1.83,.259,80.8%,3.38,7.05,-3.67,7.05,sa3077790
Yos Magallanes,LAD,DSL,18,17.2,7.64,2.04,3.75,0.51,19.5%,5.2%,14.3%,.278,1.36,.339,63.6%,2.55,4.36,-1.81,4.54,sa3077794
Jesus Rondon,SEA,DSL,18,1.0,0.00,27.00,0.00,0.00,0.0%,37.5%,-37.5%,.000,3.00,.000,20.0%,36.00,19.47,16.53,20.29,sa3077795
Ronieel Cabreja,HOU,DSL,18,12.1,6.57,3.65,1.80,0.00,17.3%,9.6%,7.7%,.255,1.38,.316,70.6%,2.19,4.23,-2.04,5.22,sa3077796
Leonardo Vargas,SFG,DSL,17,1.0,0.00,0.00,0.00,0.00,0.0%,0.0%,0.0%,.000,0.00,.000,100.0%,0.00,4.47,-4.47,6.10,sa3077806
Edward Bonifacio,SDP,DSL,17,9.0,6.00,21.00,0.29,0.00,9.0%,31.3%,-22.4%,.395,4.22,.459,41.5%,21.00,11.14,9.86,11.68,sa3077810
Arturo Cambero,PIT,DSL,19,13.0,6.23,11.08,0.56,0.69,12.2%,21.6%,-9.5%,.302,2.46,.349,59.0%,9.00,8.93,0.07,9.00,sa3077811
Guillermo Regalado,MIA,DSL,20,13.0,11.08,13.85,0.80,1.38,22.2%,27.8%,-5.6%,.265,2.54,.355,63.3%,9.00,9.32,-0.32,8.07,sa3077813
Lizdawin Paulino,MIA,DSL,18,16.0,6.19,7.31,0.85,1.69,13.4%,15.9%,-2.4%,.313,2.13,.340,78.6%,5.63,8.34,-2.72,7.49,sa3077814
Jairo Bautista,HOU,DSL,17,11.0,4.91,15.55,0.32,2.45,10.0%,31.7%,-21.7%,.250,2.64,.226,69.8%,8.18,12.38,-4.20,10.24,sa3077815
Mario Vasquez,SEA,DSL,19,11.1,7.15,6.35,1.13,0.79,15.8%,14.0%,1.8%,.306,2.03,.359,60.2%,7.15,6.15,1.00,6.22,sa3077816
Wisarly Reinoso,MIN,DSL,19,7.1,3.68,8.59,0.43,2.45,6.7%,15.6%,-8.9%,.500,3.41,.516,53.7%,17.18,10.88,6.30,8.45,sa3077817
Alexis Gallego,SFG,DSL,17,8.0,11.25,7.88,1.43,0.00,22.7%,15.9%,6.8%,.233,1.75,.350,42.9%,12.38,7.22,5.16,8.04,sa3077821
