Role,Player,playerid,mlbamid,Snapshot season,Highest level,Projection level,Highest rank,N levels,Level pattern,Current workload,Current age,Current meets application minimum,Current meets training minimum,History: top-20 age 27-30,History: made MLB,Made MLB percentile,Made MLB percentile reference N,Top-20 percentile,Top-20 percentile reference N,Combined percentile,Conservative percentile,Combined rank
Hitter,Juneiker Caceres,sa3024329,821181,2026,A,A,3,3,International Rookie | Complex | A,237.0,18.0,True,True,0.49678200106725817,0.9614512778533225,99.97520456236053,4033,100.0,2524,99.98760228118027,99.97520456236053,1
Hitter,Johan De Los Santos,sa3066666,829059,2026,Complex,Complex,2,2,International Rookie | Complex,138.0,17.0,True,True,0.18419359816357475,0.9118081992145971,100.0,2487,99.94780793319416,1916,99.97390396659708,99.94780793319416,2
Hitter,Josiah Hartshorn,sa3069285,815824,2026,A+,A+,4,2,A | A+,370.0,19.0,True,True,0.5231963107143294,0.9626229403605145,99.68412740194788,3799,99.77293369663941,2202,99.72853054929365,99.68412740194788,3
Hitter,Luke Adams,sa3020135,702726,2026,AAA,AAA,6,4,A | A+ | AA | AAA,279.0,22.0,True,True,0.7446109386871153,0.9993160770509354,99.50203712086918,2209,99.89212513484358,927,99.69708112785638,99.50203712086918,4
Hitter,Leanders Matos,sa3076667,837864,2026,International Rookie,International Rookie,1,1,International Rookie,228.0,16.0,True,True,0.04756618615783635,0.7346921633672107,99.87217724755007,2347,99.38080495356037,1938,99.62649110055523,99.38080495356037,5
Hitter,Eli Willits,sa3069164,816113,2026,A+,A+,4,2,A | A+,289.0,18.0,True,True,0.443392689380004,0.9711775051331466,99.86838641747828,3799,99.27338782924615,2202,99.57088712336221,99.27338782924615,6
Hitter,Leo De Vries,sa3023363,815888,2026,AA,AA,5,3,A | A+ | AA,428.0,19.0,True,True,0.5874143355979291,0.9903610714156361,99.4267515923567,3140,99.57264957264957,1638,99.49970058250312,99.4267515923567,7
Hitter,Josuar Gonzalez,sa3067675,829034,2026,A,A,3,3,International Rookie | Complex | A,153.0,18.0,True,True,0.2554129213538727,0.914050092358989,99.72725018596579,4033,99.16798732171156,2524,99.44761875383867,99.16798732171156,8
Hitter,Luis Hernandez,sa3076284,836582,2026,Complex,Complex,2,1,Complex,228.0,17.0,True,True,0.1628336574053594,0.6263240983932623,98.9545637314033,2487,99.89561586638831,1916,99.42508979889581,98.9545637314033,9
Hitter,Samil Serrano,sa3075061,836603,2026,International Rookie,International Rookie,1,1,International Rookie,179.0,17.0,True,True,0.04960992944031341,0.4818118213964503,99.4034938219003,2347,99.38080495356037,1938,99.39214938773034,99.38080495356037,10
Hitter,Rainiel Rodriguez,sa3023987,823787,2026,A+,A+,4,4,International Rookie | Complex | A | A+,128.0,19.0,True,True,0.3913863329778647,0.9638978159461771,99.68412740194788,3799,99.09173478655768,2202,99.38793109425278,99.09173478655768,11
Hitter,Juneiker Caceres,sa3024329,821181,2026,A+,A+,4,4,International Rookie | Complex | A | A+,100.0,18.0,True,True,0.4002500106597218,0.9552942405996762,99.65780468544354,3799,99.09173478655768,2202,99.37476973600062,99.09173478655768,12
Hitter,Eduardo Quintero,sa3021208,808234,2026,A+,A+,4,4,International Rookie | Complex | A | A+,501.0,20.0,True,True,0.38257594928435357,0.9527555780248278,99.6314819689392,3799,99.09173478655768,2202,99.36160837774844,99.09173478655768,13
Hitter,Yostin Pena,sa3076545,829769,2026,A,A,3,2,International Rookie | A,108.0,18.0,True,True,0.2738297150308711,0.8595666742001339,99.38011405901314,4033,99.32646592709985,2524,99.35328999305649,99.32646592709985,14
Hitter,Justin Gonzales,sa3023757,821100,2026,A+,A+,4,3,International Rookie | A | A+,422.0,19.0,True,True,0.4072914376704074,0.9462483136282133,99.52619110292183,3799,99.13714804722979,2202,99.33166957507581,99.13714804722979,15
Hitter,Theo Gillen,sa3025565,815394,2026,A+,A+,4,2,A | A+,265.0,20.0,True,True,0.37950177783492905,0.9418598717443372,99.52619110292183,3799,99.04632152588556,2202,99.28625631440369,99.04632152588556,16
Hitter,Angeibel Gomez,sa3075040,825412,2026,International Rookie,International Rookie,1,1,International Rookie,180.0,17.0,True,True,0.03690563623539257,0.694128957481209,99.82956966340008,2347,98.65841073271415,1938,99.2439901980571,98.65841073271415,17
Hitter,Jesus Made,sa3024108,815908,2026,AA,AA,5,4,International Rookie | A | A+ | AA,554.0,19.0,True,True,0.4984862262805342,0.9928368660119997,99.61783439490446,3140,98.71794871794872,1638,99.16789155642658,98.71794871794872,18
Hitter,Theo Gillen,sa3025565,815394,2026,AA,AA,5,3,A | A+ | AA,264.0,20.0,True,True,0.5214555009889204,0.9884408012538629,99.23566878980891,3140,98.9010989010989,1638,99.06838384545391,98.9010989010989,19
Hitter,Jhonny Level,sa3023898,815929,2026,A,A,3,3,International Rookie | Complex | A,217.0,19.0,True,True,0.20367287487677518,0.848462874767306,99.28093230845525,4033,98.73217115689381,2524,99.00655173267452,98.73217115689381,20
Hitter,Angeni Fernandez,sa3076671,837875,2026,International Rookie,International Rookie,1,1,International Rookie,207.0,16.0,True,True,0.030734206721210633,0.6795585321690116,99.82956966340008,2347,98.14241486068111,1938,98.9859922620406,98.14241486068111,21
Hitter,Rainiel Rodriguez,sa3023987,823787,2026,AA,AA,5,5,International Rookie | Complex | A | A+ | AA,393.0,19.0,True,True,0.45051794374902826,0.9939588688101285,99.71337579617834,3140,98.22954822954823,1638,98.97146201286328,98.22954822954823,22
Hitter,Eli Willits,sa3069164,816113,2026,A,A,3,1,A,232.0,18.0,True,True,0.19480678538807927,0.8702346794892165,99.47929580957104,4033,98.41521394611728,2524,98.94725487784416,98.41521394611728,23
Hitter,Sebastian Walcott,sa3021069,806964,2026,AA,AA,5,3,Complex | A+ | AA,162.0,20.0,True,True,0.4697765530828918,0.9909586536846963,99.49044585987261,3140,98.35164835164835,1638,98.92104710576048,98.35164835164835,24
Hitter,Cristian Arguelles,sa3023968,821692,2026,Complex,Complex,2,2,International Rookie | Complex,255.0,19.0,True,True,0.081771200580841,0.6398756169229889,99.1556091676719,2487,98.59081419624218,1916,98.87321168195703,98.59081419624218,25
Hitter,Caleb Bonemer,sa3067043,815352,2026,AA,AA,5,3,A | A+ | AA,304.0,20.0,True,True,0.5084883927166807,0.9845179109330617,98.88535031847134,3140,98.77899877899878,1638,98.83217454873505,98.77899877899878,26
Hitter,Joshddy Castillo,sa3077046,825450,2026,International Rookie,International Rookie,1,1,International Rookie,197.0,16.0,True,True,0.02994889274245662,0.5233127005325507,99.48870899020025,2347,98.03921568627452,1938,98.76396233823738,98.03921568627452,27
Hitter,Ralphy Velazquez,sa3023013,806252,2026,AA,AA,5,3,A | A+ | AA,169.0,21.0,True,True,0.5267171338777029,0.9801220523469749,98.53503184713375,3140,98.96214896214896,1638,98.74859040464136,98.53503184713375,28
Hitter,Francisco Renteria,sa3069440,836353,2026,International Rookie,International Rookie,1,1,International Rookie,236.0,17.0,True,True,0.028978451671714953,0.5271811740541555,99.48870899020025,2347,97.9876160990712,1938,98.73816254463573,97.9876160990712,29
Hitter,Ralphy Velazquez,sa3023013,806252,2026,AAA,AAA,6,4,A | A+ | AA | AAA,352.0,21.0,True,True,0.5851383506679626,0.9978299452691601,98.37030330466274,2209,99.02912621359224,927,98.69971475912749,98.37030330466274,30
Hitter,Chase Harlan,sa3067256,815792,2026,A,A,3,2,Complex | A,266.0,19.0,True,True,0.22440743926538786,0.7946086036764473,98.41309199107364,4033,98.85103011093503,2524,98.63206105100434,98.41309199107364,31
Hitter,Luis Pena,sa3024134,821270,2026,A+,A+,4,3,International Rookie | A | A+,219.0,19.0,True,True,0.2527832610208429,0.9631178655295901,99.68412740194788,3799,97.54768392370572,2202,98.6159056628268,97.54768392370572,32
Hitter,Dax Kilby,sa3069080,828076,2026,A,A,3,1,A,154.0,19.0,True,True,0.21220664948045903,0.789760031548672,98.36350111579469,4033,98.81141045958796,2524,98.58745578769133,98.36350111579469,33
Hitter,Ace Reese,sa3040543,814505,2026,A,A,3,1,A,100.0,21.0,True,True,0.3288223846596164,0.7409560547625689,97.64443342424994,4033,99.52456418383518,2524,98.58449880404257,97.64443342424994,34
Hitter,Edward Florentino,sa3023944,821273,2026,A+,A+,4,4,International Rookie | Complex | A | A+,435.0,19.0,True,True,0.3153504531908389,0.877914473743518,98.28902342721769,3799,98.68301544050863,2202,98.48601943386316,98.28902342721769,35
Hitter,Alexander Frias,sa3068835,825484,2026,Complex,Complex,2,2,International Rookie | Complex,137.0,18.0,True,True,0.07264206624222316,0.633411146940308,99.1556091676719,2487,97.7035490605428,1916,98.42957911410736,97.7035490605428,36
Hitter,Franklin Arias,sa3021845,808265,2026,AAA,AAA,6,6,International Rookie | Complex | A | A+ | AA | AAA,157.0,20.0,True,True,0.4448955693352131,0.9997696867269837,99.95473064735174,2209,96.87162891046385,927,98.41317977890779,96.87162891046385,37
Hitter,Luis Escudero,sa3021063,806884,2026,A,A,3,3,International Rookie | Complex | A,202.0,20.0,True,True,0.24795107242361847,0.7489718510351862,97.71881973716836,4033,99.04912836767036,2524,98.38397405241936,97.71881973716836,38
Hitter,Tate Southisene,sa3069150,816111,2026,A+,A+,4,2,A | A+,177.0,19.0,True,True,0.2771562504904009,0.8953254503345911,98.81547775730455,3799,97.91099000908265,2202,98.3632338831936,97.91099000908265,39
Hitter,Yeremy Cabrera,sa3018549,800393,2026,A,A,3,3,International Rookie | Complex | A,142.0,20.0,True,True,0.1914425828757696,0.7880554991917715,98.31391024051574,4033,98.29635499207608,2524,98.30513261629591,98.29635499207608,40
Hitter,Ryan Sprock,sa3042879,823779,2026,A+,A+,4,2,A | A+,139.0,21.0,True,True,0.31755647175135104,0.8598414904581368,97.86785996314819,3799,98.72842870118075,2202,98.29814433216447,97.86785996314819,41
Hitter,Franklin Arias,sa3021845,808265,2026,AA,AA,5,5,International Rookie | Complex | A | A+ | AA,332.0,20.0,True,True,0.3559153606776145,0.9957052173154504,99.87261146496816,3140,96.52014652014653,1638,98.19637899255734,96.52014652014653,42
Hitter,Caleb Bonemer,sa3067043,815352,2026,A+,A+,4,2,A | A+,278.0,20.0,True,True,0.31530492136023913,0.8465722774646438,97.60463279810476,3799,98.68301544050863,2202,98.14382411930669,97.60463279810476,43
Hitter,Jaiden Lo Re,sa3069280,828318,2026,A,A,3,2,Complex | A,247.0,19.0,True,True,0.20781863183057644,0.731217531006974,97.52045623605257,4033,98.73217115689381,2524,98.12631369647319,97.52045623605257,44
Hitter,Juan Torres,sa3067646,825153,2026,International Rookie,International Rookie,1,1,International Rookie,248.0,18.0,True,True,0.02195666676766863,0.5798338706665127,99.70174691095015,2347,96.54282765737874,1938,98.12228728416444,96.54282765737874,45
Hitter,Conor Essenburg,sa3069281,828148,2026,A+,A+,4,2,A | A+,136.0,19.0,True,True,0.2817854228614123,0.8744720669137911,98.23637799420901,3799,98.00181653042688,2202,98.11909726231795,98.00181653042688,46
Hitter,Jhonny Level,sa3023898,815929,2026,A+,A+,4,4,International Rookie | Complex | A | A+,331.0,19.0,True,True,0.23664346500336747,0.9136019695727426,99.10502763885233,3799,97.09355131698456,2202,98.09928947791845,97.09355131698456,47
Hitter,Brady Ebel,sa3069149,815816,2026,A,A,3,1,A,494.0,18.0,True,True,0.16428711662969672,0.8064667560038626,98.61145549218944,4033,97.58320126782884,2524,98.09732838000915,97.58320126782884,48
Hitter,Raunny Figueredo,sa3076588,837642,2026,International Rookie,International Rookie,1,1,International Rookie,217.0,17.0,True,True,0.021172908183597232,0.6104451190765703,99.74435449510013,2347,96.38802889576884,1938,98.06619169543448,96.38802889576884,49
Hitter,Josh Adamczewski,sa3023168,815304,2026,A+,A+,4,3,Complex | A | A+,211.0,21.0,True,True,0.2765342434086981,0.8699944255812141,98.10476441168728,3799,97.91099000908265,2202,98.00787721038498,97.91099000908265,50
Hitter,Brayan Rodriguez,sa3076623,837750,2026,International Rookie,International Rookie,1,1,International Rookie,238.0,17.0,True,True,0.02076595921774807,0.6337396929012336,99.7869620792501,2347,96.18163054695563,1938,97.98429631310287,96.18163054695563,51
Hitter,Josiah Hartshorn,sa3069285,815824,2026,A,A,3,1,A,177.0,19.0,True,True,0.17535686535188022,0.7494691720270503,97.76841061244731,4033,98.01901743264659,2524,97.89371402254696,97.76841061244731,52
Hitter,Daniel Pire,sa3076589,837643,2026,International Rookie,International Rookie,1,1,International Rookie,160.0,17.0,True,True,0.022021400838510858,0.446016536452387,99.23306348530038,2347,96.54282765737874,1938,97.88794557133956,96.54282765737874,53
Hitter,Arjun Nimmala,sa3022892,805796,2026,A+,A+,4,2,A | A+,105.0,20.0,True,True,0.31547011241457346,0.8202634393857885,97.02553303500922,3799,98.68301544050863,2202,97.85427423775891,97.02553303500922,54
Hitter,Franklin Primera,sa3067709,829398,2026,A,A,3,3,International Rookie | Complex | A,206.0,19.0,True,True,0.1694089384647225,0.7573001884803184,97.84279692536573,4033,97.82091917591126,2524,97.83185805063849,97.82091917591126,55
Hitter,Braylon Payne,sa3025647,815520,2026,A+,A+,4,2,A | A+,357.0,19.0,True,True,0.20190557733234532,0.9038510603435389,98.94709133982627,3799,96.23069936421435,2202,97.5888953520203,96.23069936421435,56
Hitter,Yostin Pena,sa3076545,829769,2026,International Rookie,International Rookie,1,1,International Rookie,175.0,18.0,True,True,0.030650798829548884,0.30722001315897185,96.97486152535151,2347,98.14241486068111,1938,97.55863819301632,96.97486152535151,57
Hitter,Johan De Los Santos,sa3066666,829059,2026,A,A,3,3,International Rookie | Complex | A,93.0,17.0,True,False,0.1368403225679347,0.7933751233645111,98.38829655343417,4033,96.59270998415214,2524,97.49050326879316,96.59270998415214,58
Hitter,Juan Duran,sa3075087,838013,2026,International Rookie,International Rookie,1,1,International Rookie,162.0,16.0,True,True,0.019057196877446603,0.5800540346486236,99.70174691095015,2347,95.09803921568627,1938,97.39989306331822,95.09803921568627,59
Hitter,Alfredo Duno,sa3021066,806957,2026,AA,AA,5,4,International Rookie | A | A+ | AA,129.0,20.0,True,True,0.35307388090471975,0.9782825572806663,98.28025477707007,3140,96.45909645909646,1638,97.36967561808326,96.45909645909646,60
Hitter,Conor Essenburg,sa3069281,828148,2026,A,A,3,1,A,279.0,19.0,True,True,0.16418384033910535,0.7110010310887573,97.14852467146045,4033,97.58320126782884,2524,97.36586296964464,97.14852467146045,61
Hitter,Emil Morales,sa3023887,815896,2026,A+,A+,4,4,International Rookie | Complex | A | A+,368.0,19.0,True,True,0.2301994432909437,0.8510205371757558,97.70992366412214,3799,96.86648501362397,2202,97.28820433887306,96.86648501362397,62
Hitter,Rafeliz Lara,sa3076614,837706,2026,International Rookie,International Rookie,1,1,International Rookie,201.0,17.0,True,True,0.01830237043152111,0.7157894488232543,99.87217724755007,2347,94.68524251805985,1938,97.27870988280496,94.68524251805985,63
Hitter,Elian Pena,sa3067674,829033,2026,A+,A+,4,3,International Rookie | A | A+,77.0,18.0,True,False,0.20953691269588545,0.8643444810448322,98.02579626217425,3799,96.50317892824705,2202,97.26448759521065,96.50317892824705,64
Hitter,Deniel Ortiz,sa3066597,811765,2026,AA,AA,5,3,A | A+ | AA,258.0,21.0,True,True,0.40537778055936324,0.9640743259932758,96.94267515923566,3140,97.55799755799755,1638,97.25033635861661,96.94267515923566,65
Hitter,Tate Southisene,sa3069150,816111,2026,A,A,3,1,A,240.0,19.0,True,True,0.1284387182168485,0.7806324390815234,98.2643193652368,4033,96.23613312202852,2524,97.25022624363265,96.23613312202852,66
Hitter,Alfredo Duno,sa3021066,806957,2026,A+,A+,4,3,International Rookie | A | A+,295.0,20.0,True,True,0.29881915777647866,0.7753647077107148,95.94630165833114,3799,98.50136239782016,2202,97.22383202807565,95.94630165833114,67
Hitter,Demetrio Crisantes,sa3021051,702679,2026,AA,AA,5,4,Complex | A | A+ | AA,160.0,21.0,True,True,0.32924111076754886,0.97764541000264,98.21656050955414,3140,96.15384615384616,1638,97.18520333170015,96.15384615384616,68
Hitter,Luis Thomas,sa3076663,837854,2026,International Rookie,International Rookie,1,1,International Rookie,143.0,17.0,True,True,0.02187725546834087,0.3366012813932239,97.61397528760119,2347,96.54282765737874,1938,97.07840147248996,96.54282765737874,69
Hitter,Miguel Hernandez,sa3067750,829791,2026,A,A,3,3,International Rookie | Complex | A,103.0,18.0,True,True,0.13296433055903156,0.7382562251621183,97.64443342424994,4033,96.47385103011094,2524,97.05914222718044,96.47385103011094,70
Hitter,Cam Cannarella,sa3028360,703448,2026,AA,AA,5,2,A+ | AA,150.0,22.0,True,True,0.343673773686013,0.9709982394167149,97.67515923566879,3140,96.27594627594628,1638,96.97555275580754,96.27594627594628,71
Hitter,Elian Pena,sa3067674,829033,2026,A,A,3,2,International Rookie | A,439.0,18.0,True,True,0.1398015193611555,0.7162592567007977,97.17332010909992,4033,96.67194928684627,2524,96.9226346979731,96.67194928684627,72
Hitter,Jarvis Gomez,sa3076669,837869,2026,International Rookie,International Rookie,1,1,International Rookie,197.0,17.0,True,True,0.022881330469540634,0.3109892920630819,96.97486152535151,2347,96.85242518059856,1938,96.91364335297504,96.85242518059856,73
Hitter,Kevin Alvarez,sa3067677,829037,2026,A,A,3,2,International Rookie | A,443.0,18.0,True,True,0.11934429870569142,0.7637813991671744,98.01636498884206,4033,95.80031695721078,2524,96.90834097302641,95.80031695721078,74
Hitter,Wilder Dalis,sa3022347,815195,2026,A,A,3,3,International Rookie | Complex | A,328.0,19.0,True,True,0.11500671437856766,0.7802206803433519,98.2643193652368,4033,95.4041204437401,2524,96.83421990448845,95.4041204437401,75
Hitter,Sebastian Dos Santos,sa3067732,829741,2026,A,A,3,3,International Rookie | Complex | A,255.0,18.0,True,True,0.11908892795920062,0.751724272586698,97.76841061244731,4033,95.76069730586372,2524,96.7645539591555,95.76069730586372,76
Hitter,Jefferson Rojas,sa3018571,800473,2026,AA,AA,5,4,International Rookie | A | A+ | AA,525.0,21.0,True,True,0.3526706985489225,0.9662380871497817,97.03821656050955,3140,96.45909645909646,1638,96.748656509803,96.45909645909646,77
Hitter,Andrew Fischer,sa3031366,702652,2026,AA,AA,5,2,A+ | AA,299.0,22.0,True,True,0.4223639450600002,0.9515974459591438,95.73248407643312,3140,97.74114774114774,1638,96.73681590879043,95.73248407643312,78
Hitter,Diego Frontado,sa3075060,836601,2026,International Rookie,International Rookie,1,1,International Rookie,205.0,17.0,True,True,0.025137188794493354,0.26459284844036063,95.90967192160204,2347,97.31682146542828,1938,96.61324669351515,95.90967192160204,79
Hitter,Juan Flores,sa3021185,808129,2026,A+,A+,4,3,International Rookie | A | A+,195.0,20.0,True,True,0.19454996383563358,0.8236095136647593,97.15714661753093,3799,96.04904632152588,2202,96.6030964695284,96.04904632152588,80
Hitter,Taitn Gray,sa3069266,828685,2026,A,A,3,1,A,312.0,18.0,True,True,0.11641178306581006,0.7464555795840062,97.69402429952889,4033,95.48335974643423,2524,96.58869202298156,95.48335974643423,81
Hitter,Luis Hernandez,sa3076284,836582,2026,A,A,3,2,Complex | A,98.0,17.0,True,False,0.12351509049496026,0.711903320737909,97.14852467146045,4033,95.99841521394612,2524,96.57346994270328,95.99841521394612,82
Hitter,Brailyn Antunez,sa3067486,829073,2026,A,A,3,3,International Rookie | Complex | A,150.0,18.0,True,True,0.12080786603189062,0.7247701899382419,97.29729729729729,4033,95.80031695721078,2524,96.54880712725404,95.80031695721078,83
Hitter,Luis Dias,sa3076656,837842,2026,International Rookie,International Rookie,1,1,International Rookie,188.0,16.0,True,True,0.017040609064457177,0.47062907394219616,99.36088623775032,2347,93.6016511867905,1938,96.4812687122704,93.6016511867905,84
Hitter,Angel Nunez,sa3075047,836585,2026,International Rookie,International Rookie,1,1,International Rookie,219.0,17.0,True,True,0.024150979922372667,0.26218796427489444,95.86706433745206,2347,97.00722394220847,1938,96.43714413983027,95.86706433745206,85
Hitter,Arjun Nimmala,sa3022892,805796,2026,AA,AA,5,3,A | A+ | AA,255.0,20.0,True,True,0.4252719476757841,0.9431880446385577,95.03184713375796,3140,97.8021978021978,1638,96.41702246797789,95.03184713375796,86
Hitter,Luis Arana,sa3067767,829854,2026,Complex,Complex,2,2,International Rookie | Complex,65.0,18.0,True,False,0.09238125246222326,0.39031480259766616,93.60675512665863,2487,99.16492693110648,1916,96.38584102888255,93.60675512665863,87
Hitter,Robert Arias,sa3024304,815897,2026,A,A,3,3,International Rookie | Complex | A,190.0,19.0,True,True,0.11206298486486897,0.7319042192267761,97.54525167369204,4033,95.16640253565768,2524,96.35582710467486,95.16640253565768,88
Hitter,Tanner Mally,sa3036924,842179,2026,A,A,3,1,A,107.0,21.0,True,True,0.17805353431225457,0.6214747038635693,94.64418546987355,4033,98.01901743264659,2524,96.33160145126007,94.64418546987355,89
Hitter,Luke Stevenson,sa3043081,806233,2026,A+,A+,4,2,A | A+,474.0,21.0,True,True,0.29061607847414295,0.7415485425050029,94.41958410107924,3799,98.22888283378747,2202,96.32423346743334,94.41958410107924,90
Hitter,Kane Kepley,sa3035293,823807,2026,A+,A+,4,2,A | A+,451.0,22.0,True,True,0.23464238524054115,0.7660863227461785,95.4988154777573,3799,97.00272479564033,2202,96.25077013669882,95.4988154777573,91
Hitter,Kane Kepley,sa3035293,823807,2026,AA,AA,5,3,A | A+ | AA,130.0,22.0,True,True,0.3804984871734268,0.9475399034618239,95.28662420382166,3140,97.06959706959707,1638,96.17811063670936,95.28662420382166,92
Hitter,Jose Mejia,sa3021169,808090,2026,A,A,3,3,International Rookie | Complex | A,136.0,20.0,True,True,0.14547312649188557,0.6384579260885086,95.2640714108604,4033,97.02852614896989,2524,96.14629877991514,95.2640714108604,93
Hitter,Brandon Compton,sa3029229,703680,2026,AA,AA,5,2,A+ | AA,216.0,22.0,True,True,0.2766295255172724,0.9744277643316048,97.89808917197452,3140,94.38339438339439,1638,96.14074177768445,94.38339438339439,94
Hitter,Jett Williams,sa3020134,702518,2026,AAA,AAA,6,4,A | A+ | AA | AAA,359.0,22.0,True,True,0.6179973013122999,0.9905277001408893,93.11905839746491,2209,99.13700107874865,927,96.12802973810679,93.11905839746491,95
Hitter,Owen Carey,sa3067044,826928,2026,A+,A+,4,2,A | A+,225.0,19.0,True,True,0.16065435194968286,0.8677441423813876,98.07844169518295,3799,94.141689373297,2202,96.11006553423996,94.141689373297,96
Hitter,Eider Gutierrez,sa3076585,837635,2026,International Rookie,International Rookie,1,1,International Rookie,210.0,17.0,True,True,0.015511546654920773,0.5214839402233153,99.48870899020025,2347,92.51805985552116,1938,96.0033844228607,92.51805985552116,97
Hitter,Franyel Almanzar,sa3076700,838011,2026,International Rookie,International Rookie,1,1,International Rookie,179.0,16.0,True,True,0.015529194210889202,0.49137705567391243,99.4034938219003,2347,92.51805985552116,1938,95.96077683871073,92.51805985552116,98
Hitter,Trey Ebel,sa3078039,821931,2026,A,A,3,1,A,59.0,17.0,True,False,0.12464236792125732,0.6593580760258284,95.85916191420779,4033,96.03803486529318,2524,95.94859838975049,95.85916191420779,99
Hitter,Eric Booth Jr.,sa3077993,835727,2026,A,A,3,1,A,82.0,17.0,True,False,0.12464236792125732,0.6593580760258284,95.85916191420779,4033,96.03803486529318,2524,95.94859838975049,95.85916191420779,99
Hitter,Mitch Voit,sa3044552,702491,2026,AA,AA,5,3,A | A+ | AA,132.0,21.0,True,True,0.2604058707476446,0.9720286759138482,97.70700636942675,3140,93.95604395604396,1638,95.83152516273535,93.95604395604396,101
Hitter,Zach Ehrhard,sa3025247,701394,2026,AAA,AAA,6,3,A+ | AA | AAA,604.0,23.0,True,True,0.45431687752144845,0.9931608903164454,94.38660027161612,2209,97.19525350593312,927,95.79092688877462,94.38660027161612,102
Hitter,Justin Gonzales,sa3023757,821100,2026,AA,AA,5,4,International Rookie | A | A+ | AA,76.0,19.0,True,False,0.27309119175207325,0.9672029987033381,97.22929936305732,3140,94.32234432234432,1638,95.77582184270082,94.32234432234432,103
Hitter,Pablo Guerrero,sa3021249,808326,2026,A,A,3,3,International Rookie | Complex | A,156.0,19.0,True,True,0.12009474507359187,0.6560058325210832,95.71038928837093,4033,95.80031695721078,2524,95.75535312279086,95.71038928837093,104
Hitter,Devin Fitz-Gerald,sa3067320,803849,2026,A+,A+,4,2,Complex | A+,237.0,20.0,True,True,0.16307238681932493,0.8161542718914703,96.99921031850486,3799,94.36875567665759,2202,95.68398299758123,94.36875567665759,105
Hitter,Euris Acosta,sa3076686,837971,2026,International Rookie,International Rookie,1,1,International Rookie,168.0,17.0,True,True,0.016542347137727273,0.3636274310091363,98.12526629740094,2347,93.24045407636739,1938,95.68286018688417,93.24045407636739,106
Hitter,Jonny Farmelo,sa3023362,806071,2026,A+,A+,4,2,A | A+,399.0,21.0,True,True,0.1688994244651267,0.8109501582296881,96.78862858647013,3799,94.55040871934605,2202,95.6695186529081,94.55040871934605,107
Hitter,Braylon Payne,sa3025647,815520,2026,AA,AA,5,3,A | A+ | AA,99.0,19.0,True,False,0.27827092702297845,0.9636471220863394,96.91082802547771,3140,94.38339438339439,1638,95.64711120443604,94.38339438339439,108
Hitter,Felnin Celesten,sa3023381,806958,2026,A+,A+,4,3,Complex | A | A+,364.0,20.0,True,True,0.14086029444372675,0.8697460722301107,98.07844169518295,3799,93.14259763851045,2202,95.6105196668467,93.14259763851045,109
Hitter,Johan Rodriguez,sa3024364,821759,2026,Complex,Complex,2,2,International Rookie | Complex,101.0,18.0,True,True,0.056461239112450615,0.46054181046561643,95.73783675110575,2487,95.45929018789144,1916,95.5985634694986,95.45929018789144,110
Hitter,Carlos Rubecindo,sa3076654,837838,2026,International Rookie,International Rookie,1,1,International Rookie,183.0,17.0,True,True,0.016803363262291312,0.3440274790441858,97.69919045590115,2347,93.4468524251806,1938,95.57302144054087,93.4468524251806,111
Hitter,Miguel Caraballo,sa3067756,829813,2026,Complex,Complex,2,2,International Rookie | Complex,166.0,17.0,True,True,0.16902418766230082,0.3280454008330214,91.19420989143546,2487,99.94780793319416,1916,95.57100891231481,91.19420989143546,112
Hitter,Joskairo Ramirez,sa3076619,837734,2026,International Rookie,International Rookie,1,1,International Rookie,185.0,17.0,True,True,0.015038983850685292,0.4195464795981332,98.93481039625053,2347,92.00206398348813,1938,95.46843718986932,92.00206398348813,113
Hitter,Xavier Neyens,sa3069252,815832,2026,A,A,3,1,A,305.0,19.0,True,True,0.11803356297558865,0.6365872468971413,95.21448053558146,4033,95.6418383518225,2524,95.42815944370199,95.21448053558146,114
Hitter,Maikel Acosta,sa3076533,825591,2026,International Rookie,International Rookie,1,1,International Rookie,154.0,16.0,True,True,0.014251863457809459,0.5487873003629546,99.70174691095015,2347,91.07327141382869,1938,95.38750916238942,91.07327141382869,115
Hitter,Santiago Almao,sa3067839,830046,2026,Complex,Complex,2,2,International Rookie | Complex,153.0,18.0,True,True,0.060972894161115974,0.4095497584764672,94.20989143546441,2487,96.5553235908142,1916,95.3826075131393,94.20989143546441,116
Hitter,Ethan Holliday,sa3069100,815787,2026,A,A,3,1,A,152.0,19.0,True,True,0.12746047659263357,0.613025570226395,94.32184478056038,4033,96.19651347068145,2524,95.25917912562092,94.32184478056038,117
Hitter,Caden Bodine,sa3027305,805207,2026,A,A,3,1,A,152.0,22.0,True,True,0.27181170157625983,0.5253556688314793,91.14802876270767,4033,99.32646592709985,2524,95.23724734490375,91.14802876270767,118
Hitter,Luis Nunez,sa3076598,837669,2026,International Rookie,International Rookie,1,1,International Rookie,170.0,17.0,True,True,0.015326743794281365,0.365283613449184,98.16787388155092,2347,92.26006191950465,1938,95.21396790052779,92.26006191950465,119
Hitter,Ricardo Romero,sa3068225,829997,2026,Complex,Complex,2,2,International Rookie | Complex,200.0,18.0,True,True,0.04916738354004365,0.4933241743818215,96.66264575794129,2487,93.6847599164927,1916,95.173702837217,93.6847599164927,120
Hitter,Nathan Flewelling,sa3067041,807083,2026,A+,A+,4,2,A | A+,486.0,19.0,True,True,0.15315996464945605,0.7960753323615006,96.34114240589629,3799,93.82379654859218,2202,95.08246947724425,93.82379654859218,121
Hitter,Eduardo Tusen,sa3076611,837698,2026,International Rookie,International Rookie,1,1,International Rookie,209.0,17.0,True,True,0.014053099749270955,0.4986595442757734,99.4034938219003,2347,90.71207430340557,1938,95.05778406265293,90.71207430340557,122
Hitter,Kayson Cunningham,sa3069148,815617,2026,A,A,3,1,A,207.0,20.0,True,True,0.10290824460842508,0.6554096831622224,95.71038928837093,4033,94.29477020602219,2524,95.00257974719656,94.29477020602219,123
Hitter,Oswaldo Bracho,sa3076602,837683,2026,International Rookie,International Rookie,1,1,International Rookie,132.0,17.0,True,True,0.017524706387511267,0.26401810173429996,95.90967192160204,2347,94.06604747162022,1938,94.98785969661114,94.06604747162022,124
Hitter,Jordan Yost,sa3069254,803723,2026,A,A,3,1,A,378.0,19.0,True,True,0.10352629078113106,0.6476628848271517,95.51202578725514,4033,94.45324881141046,2524,94.9826372993328,94.45324881141046,125
Hitter,Luis Jaquez,sa3076679,837951,2026,International Rookie,International Rookie,1,1,International Rookie,189.0,17.0,True,True,0.013901205138187196,0.44293811191083,99.14784831700042,2347,90.66047471620227,1938,94.90416151660135,90.66047471620227,126
Hitter,Jesus  Baez,sa3018507,800305,2026,AA,AA,5,5,International Rookie | Complex | A | A+ | AA,248.0,21.0,True,True,0.21732210588135986,0.9834804404189396,98.6624203821656,3140,90.96459096459097,1638,94.81350567337829,90.96459096459097,127
Hitter,Frainker Benitez,sa3076693,837991,2026,International Rookie,International Rookie,1,1,International Rookie,175.0,17.0,True,True,0.014432623992027193,0.3838970020685661,98.38091180230082,2347,91.2280701754386,1938,94.8044909888697,91.2280701754386,128
Hitter,Karel Naranjo,sa3076658,837844,2026,International Rookie,International Rookie,1,1,International Rookie,206.0,17.0,True,True,0.013564273180904975,0.4250288090513769,99.06263314870047,2347,90.40247678018576,1938,94.73255496444312,90.40247678018576,129
Hitter,JoJo Parker,sa3069248,828098,2026,A,A,3,1,A,399.0,19.0,True,True,0.0889855904854051,0.7265097623639063,97.3964790478552,4033,91.99683042789223,2524,94.69665473787371,91.99683042789223,130
Hitter,Jose Rodriguez,sa3075073,836624,2026,International Rookie,International Rookie,1,1,International Rookie,246.0,17.0,True,True,0.019165701179742818,0.2218563720460097,94.07754580315296,2347,95.20123839009288,1938,94.63939209662291,94.07754580315296,131
Hitter,JoJo Parker,sa3069248,828098,2026,A+,A+,4,2,A | A+,97.0,19.0,True,False,0.13861258353575107,0.795518549719981,96.34114240589629,3799,92.82470481380562,2202,94.58292360985095,92.82470481380562,132
Hitter,Jaison Chourio,sa3018399,702693,2026,A+,A+,4,4,International Rookie | Complex | A | A+,102.0,21.0,True,True,0.19790832921637658,0.6989884812053506,92.86654382732299,3799,96.23069936421435,2202,94.54862159576867,92.86654382732299,133
Hitter,Ricki Moneys,sa3075043,835022,2026,International Rookie,International Rookie,1,1,International Rookie,243.0,17.0,True,True,0.022674852484666132,0.19477977941226454,92.24541968470388,2347,96.80082559339526,1938,94.52312263904957,92.24541968470388,134
Hitter,Svert Reinoso,sa3076565,836614,2026,International Rookie,International Rookie,1,1,International Rookie,188.0,17.0,True,True,0.016298989968355614,0.2628844071379675,95.86706433745206,2347,93.13725490196079,1938,94.50215961970642,93.13725490196079,135
Hitter,Josiah Ragsdale,sa3040392,828824,2026,AA,AA,5,3,A | A+ | AA,247.0,22.0,True,True,0.24114225941885475,0.9563513841030008,96.24203821656052,3140,92.73504273504274,1638,94.48854047580163,92.73504273504274,136
Hitter,Ty Southisene,sa3066842,807257,2026,A+,A+,4,2,A | A+,263.0,20.0,True,True,0.12288033715380153,0.8380475731995605,97.44669649907871,3799,91.50772025431426,2202,94.4772083766965,91.50772025431426,137
Hitter,Eric Hartman,sa3067040,807080,2026,A+,A+,4,2,A | A+,426.0,20.0,True,True,0.13448399793199245,0.796710548794627,96.34114240589629,3799,92.50681198910081,2202,94.42397719749854,92.50681198910081,138
Hitter,Bryan Rincon,sa3020221,804858,2026,AA,AA,5,3,A | A+ | AA,529.0,22.0,True,True,0.2483605778150523,0.94891854623642,95.47770700636943,3140,93.34554334554335,1638,94.41162517595639,93.34554334554335,139
Hitter,Carlos Vielma,sa3076674,837886,2026,International Rookie,International Rookie,1,1,International Rookie,175.0,16.0,True,True,0.014826013611958021,0.3085841280706724,96.97486152535151,2347,91.74406604747162,1938,94.35946378641157,91.74406604747162,140
Hitter,JP Smith II,sa3042582,823770,2026,A+,A+,4,2,A | A+,124.0,21.0,True,True,0.21088476422078659,0.6826516384217475,92.18215319821006,3799,96.50317892824705,2202,94.34266606322856,92.18215319821006,141
Hitter,Zyhir Hope,sa3022703,814307,2026,AA,AA,5,3,A | A+ | AA,554.0,21.0,True,True,0.2643875985082264,0.9396668438692427,94.5859872611465,3140,94.07814407814408,1638,94.33206566964529,94.07814407814408,142
Hitter,Joniel Hernandez,sa3075052,836592,2026,International Rookie,International Rookie,1,1,International Rookie,238.0,17.0,True,True,0.016175974810686666,0.2583227590265228,95.73924158500213,2347,92.87925696594428,1938,94.3092492754732,92.87925696594428,143
Hitter,Enddy Azocar,sa3023764,821150,2026,A+,A+,4,4,International Rookie | Complex | A | A+,332.0,19.0,True,True,0.11403998195179768,0.8499672541142375,97.68360094761779,3799,90.7811080835604,2202,94.2323545155891,90.7811080835604,144
Hitter,Chase Harlan,sa3067256,815792,2026,A+,A+,4,3,Complex | A | A+,130.0,19.0,True,True,0.1541316350744089,0.7438928284803165,94.47222953408792,3799,93.91462306993643,2202,94.19342630201217,93.91462306993643,145
Hitter,Freyerso Vasquez,sa3076672,837876,2026,International Rookie,International Rookie,1,1,International Rookie,186.0,17.0,True,True,0.016022674729846424,0.2569366580008826,95.65402641670217,2347,92.72445820433437,1938,94.18924231051827,92.72445820433437,146
Hitter,Adrian Santana,sa3022890,803745,2026,A+,A+,4,2,A | A+,241.0,20.0,True,True,0.11826428617693588,0.8234092609528653,97.15714661753093,3799,91.14441416893733,2202,94.15078039323413,91.14441416893733,147
Hitter,Mike Sirota,sa3042374,701527,2026,A+,A+,4,2,A | A+,159.0,23.0,True,True,0.27025172985537677,0.6380100058436917,90.28691760989734,3799,97.86557674841053,2202,94.07624717915394,90.28691760989734,148
Hitter,Tai Peete,sa3022966,806191,2026,A+,A+,4,2,A | A+,200.0,20.0,True,True,0.11502993639033761,0.8293622197371274,97.18346933403527,3799,90.96276112624886,2202,94.07311523014207,90.96276112624886,149
Hitter,Hayden Alvarez,sa3023906,820986,2026,A,A,3,3,International Rookie | Complex | A,446.0,19.0,True,True,0.08775905998080691,0.6755492399784774,96.30547979171833,4033,91.83835182250397,2524,94.07191580711114,91.83835182250397,150
Hitter,Slater de Brun,sa3069257,828173,2026,A,A,3,1,A,133.0,19.0,True,True,0.21994708297695692,0.48459163008937367,89.28837093974708,4033,98.85103011093503,2524,94.06970052534106,89.28837093974708,151
Hitter,Jaims Martinez,sa3075083,837824,2026,International Rookie,International Rookie,1,1,International Rookie,183.0,17.0,True,True,0.016335477001869943,0.23971338984580895,94.88708990200256,2347,93.13725490196079,1938,94.01217240198167,93.13725490196079,152
Hitter,Kayson Cunningham,sa3069148,815617,2026,A+,A+,4,2,A | A+,283.0,20.0,True,True,0.12824717349772438,0.7763386430155591,95.94630165833114,3799,91.87102633969118,2202,93.90866399901117,91.87102633969118,153
Hitter,Caden Bodine,sa3027305,805207,2026,AA,AA,5,3,A | A+ | AA,179.0,22.0,True,True,0.32939389631794463,0.8999233232873904,91.46496815286625,3140,96.15384615384616,1638,93.8094071533562,91.46496815286625,154
Hitter,Josh Adamczewski,sa3023168,815304,2026,AA,AA,5,4,Complex | A | A+ | AA,274.0,21.0,True,True,0.2760321719061013,0.9212791534930705,93.18471337579618,3140,94.32234432234432,1638,93.75352884907025,93.18471337579618,155
Hitter,James Tibbs III,sa3025333,696486,2026,AAA,AAA,6,3,A+ | AA | AAA,606.0,23.0,True,True,0.4878274284017215,0.98485184564395,89.49751018560434,2209,97.95037756202805,927,93.7239438738162,89.49751018560434,156
Hitter,Drew Burress,sa3028100,806039,2026,A,A,3,1,A,137.0,21.0,True,True,0.1151275942900929,0.5459336152106954,91.81750557897347,4033,95.4041204437401,2524,93.61081301135678,91.81750557897347,157
Hitter,Emmanuel Cedeno,sa3067717,829703,2026,Complex,Complex,2,2,International Rookie | Complex,243.0,18.0,True,True,0.04732914416516763,0.39695760281529596,93.92842782468838,2487,93.16283924843424,1916,93.54563353656131,93.16283924843424,158
Hitter,Breyson Guedez,sa3067688,829052,2026,A+,A+,4,3,International Rookie | A | A+,134.0,18.0,True,True,0.11214983960155442,0.8073222883567396,96.60436957093972,3799,90.41780199818346,2202,93.5110857845616,90.41780199818346,159
Hitter,Dameury Pena,sa3021624,808365,2026,A,A,3,3,International Rookie | Complex | A,323.0,20.0,True,True,0.09355189359222332,0.6135339702654349,94.34664021819985,4033,92.59112519809825,2524,93.46888270814905,92.59112519809825,160
Hitter,Wilder Dalis,sa3022347,815195,2026,A+,A+,4,4,International Rookie | Complex | A | A+,61.0,19.0,True,False,0.11754696488846653,0.7708009491152134,95.78836535930508,3799,91.09900090826521,2202,93.44368313378514,91.09900090826521,161
Hitter,Poly Ojeda,sa3077592,822180,2026,International Rookie,International Rookie,1,1,International Rookie,148.0,17.0,True,True,0.016479572843986993,0.2122807505947459,93.65146996165318,2347,93.18885448916409,1938,93.42016222540863,93.18885448916409,162
Hitter,Jendy Martinez,sa3076627,837757,2026,International Rookie,International Rookie,1,1,International Rookie,210.0,17.0,True,True,0.016052327425549823,0.21818935769761896,93.90711546655305,2347,92.77605779153767,1938,93.34158662904537,92.77605779153767,163
Hitter,Hayden Alvarez,sa3023906,820986,2026,A+,A+,4,4,International Rookie | Complex | A | A+,105.0,19.0,True,True,0.11052676706916283,0.8039509597617348,96.49907870492235,3799,90.09990917347865,2202,93.2994939392005,90.09990917347865,164
Hitter,Xavier Neyens,sa3069252,815832,2026,A+,A+,4,2,A | A+,161.0,19.0,True,True,0.21773879363790302,0.6261867855635997,89.89207686233219,3799,96.68483197093552,2202,93.28845441663385,89.89207686233219,165
Hitter,Carlos Virahonda,sa3021144,808024,2026,A+,A+,4,4,International Rookie | Complex | A | A+,213.0,20.0,True,True,0.13217633011945742,0.7313536956349583,94.20900236904448,3799,92.23433242506812,2202,93.22166739705631,92.23433242506812,166
Hitter,Wilton Guerrero Jr.,sa3075055,836595,2026,International Rookie,International Rookie,1,1,International Rookie,186.0,17.0,True,True,0.011549411937916455,0.423359136356897,98.97741798040052,2347,87.40970072239422,1938,93.19355935139737,87.40970072239422,167
Hitter,Luis Pena,sa3024134,821270,2026,AA,AA,5,4,International Rookie | A | A+ | AA,61.0,19.0,True,False,0.1983799547270694,0.9574296665104648,96.27388535031847,3140,89.92673992673993,1638,93.1003126385292,89.92673992673993,168
Hitter,Elian Rosario,sa3075049,836589,2026,International Rookie,International Rookie,1,1,International Rookie,222.0,17.0,True,True,0.013723636678022677,0.2568860249485657,95.61141883255219,2347,90.50567595459236,1938,93.05854739357227,90.50567595459236,169
Hitter,Diego Fernandez,sa3076613,837702,2026,International Rookie,International Rookie,1,1,International Rookie,204.0,17.0,True,True,0.03152301079631654,0.14354896884918614,87.85683851725607,2347,98.24561403508773,1938,93.05122627617189,87.85683851725607,170
Hitter,Cooper Flemming,sa3069260,828237,2026,A,A,3,1,A,518.0,19.0,True,True,0.08761397740055005,0.6108149022495118,94.22266303000248,4033,91.83835182250397,2524,93.03050742625322,91.83835182250397,171
Hitter,Jake Fox,sa3017734,695780,2026,AA,AA,5,3,A | A+ | AA,166.0,23.0,True,True,0.29589665618788935,0.8948623744796959,90.828025477707,3140,95.17704517704517,1638,93.00253532737608,90.828025477707,172
Hitter,Stiven Marinez,sa3067713,829501,2026,International Rookie,International Rookie,1,1,International Rookie,250.0,18.0,True,True,0.01576550965990145,0.20917307850730382,93.43843204090328,2347,92.51805985552116,1938,92.97824594821222,92.51805985552116,173
Hitter,Junior Suriel,sa3067773,829866,2026,International Rookie,International Rookie,1,1,International Rookie,177.0,17.0,True,True,0.014241030475458062,0.2347429885551738,94.8018747337026,2347,91.07327141382869,1938,92.93757307376565,91.07327141382869,174
Hitter,Hector Osorio,sa3020461,800540,2026,A,A,3,3,International Rookie | Complex | A,239.0,21.0,True,True,0.16419499131348864,0.46460864946483316,88.22216712124968,4033,97.58320126782884,2524,92.90268419453926,88.22216712124968,175
Hitter,Ryan Cesarini,sa3025440,825761,2026,AA,AA,5,3,A | A+ | AA,174.0,23.0,True,True,0.18876006768105874,0.9599134664537935,96.56050955414013,3140,89.1941391941392,1638,92.87732437413966,89.1941391941392,176
Hitter,Xavier Isaac,sa3020498,800060,2026,AA,AA,5,3,A | A+ | AA,425.0,22.0,True,True,0.2448672576507042,0.9160517080759659,92.77070063694268,3140,92.91819291819291,1638,92.8444467775678,92.77070063694268,177
Hitter,Jeremy Suriel,sa3076603,837684,2026,International Rookie,International Rookie,1,1,International Rookie,218.0,17.0,True,True,0.011371093762667624,0.38212370823760644,98.38091180230082,2347,87.20330237358101,1938,92.7921070879409,87.20330237358101,178
Hitter,Axiel Plaz,sa3018480,800208,2026,A+,A+,4,4,International Rookie | Complex | A | A+,412.0,20.0,True,True,0.1154867781135213,0.7397020829096692,94.39326138457488,3799,90.96276112624886,2202,92.67801125541187,90.96276112624886,179
Hitter,Ryan Sprock,sa3042879,823779,2026,A,A,3,1,A,280.0,21.0,True,True,0.1155751200084367,0.49342821366856343,89.7594842548971,4033,95.44374009508716,2524,92.60161217499214,89.7594842548971,180
Hitter,Boston Smith,sa3042491,695722,2026,AA,AA,5,2,A+ | AA,229.0,23.0,True,True,0.31273359257178207,0.8772438541324439,89.4267515923567,3140,95.72649572649573,1638,92.57662365942622,89.4267515923567,181
Hitter,Emil Morales,sa3023887,815896,2026,A,A,3,3,International Rookie | Complex | A,179.0,19.0,True,True,0.09682425499041064,0.5504850817830458,91.99107364244979,4033,93.1458003169572,2524,92.5684369797035,91.99107364244979,182
Hitter,Kellon Lindsey,sa3067042,813916,2026,A,A,3,1,A,290.0,20.0,True,True,0.09668778950859348,0.544575576174791,91.81750557897347,4033,93.10618066561014,2524,92.46184312229181,91.81750557897347,183
Hitter,Luis Fragoza,sa3023955,821613,2026,A,A,3,3,International Rookie | Complex | A,245.0,19.0,True,True,0.07682418462804537,0.6502766965045048,95.53682122489462,4033,89.34231378763867,2524,92.43956750626666,89.34231378763867,184
Hitter,Helvin Mendoza,sa3076636,837780,2026,International Rookie,International Rookie,1,1,International Rookie,206.0,17.0,True,True,0.01850968920780199,0.1608262498204313,89.73157221985514,2347,94.94324045407637,1938,92.33740633696576,89.73157221985514,185
Hitter,Ivan Luciano,sa3067397,813930,2026,A,A,3,2,Complex | A,377.0,19.0,True,True,0.08154117827052415,0.6076655376041381,94.04909496652616,4033,90.37242472266244,2524,92.21075984459429,90.37242472266244,186
Hitter,Carlos Gutierrez,sa3022336,806872,2026,A+,A+,4,3,International Rookie | A | A+,415.0,21.0,True,True,0.11749008160261454,0.7060248001315838,93.12977099236642,3799,91.09900090826521,2202,92.1143859503158,91.09900090826521,187
Hitter,Charles Davalan,sa3029860,804560,2026,A+,A+,4,1,A+,530.0,22.0,True,True,0.14159446215020005,0.6543128377362599,91.0502763885233,3799,93.14259763851045,2202,92.09643701351688,91.0502763885233,188
Hitter,Murf Gray,sa3032619,809092,2026,AA,AA,5,3,A | A+ | AA,184.0,22.0,True,True,0.27442668936298975,0.8847106898323646,89.8407643312102,3140,94.32234432234432,1638,92.08155432677725,89.8407643312102,189
Hitter,Johenssy Colome,sa3075046,836584,2026,International Rookie,International Rookie,1,1,International Rookie,138.0,17.0,True,True,0.01633928003057325,0.1795494650941104,91.0097997443545,2347,93.13725490196079,1938,92.07352732315763,91.0097997443545,190
Hitter,Tre' Morgan,sa3022919,691003,2026,AAA,Complex,6,5,Complex | A | A+ | AA | AAA,402.0,22.0,True,True,0.3885419098374931,0.9827911688541202,88.63739248528746,2209,95.361380798274,927,91.99938664178073,88.63739248528746,191
Hitter,Andrew Salas,sa3067045,829035,2026,A,Complex,3,2,Complex | A,453.0,17.0,True,True,0.07519494747088916,0.6268656197352855,94.8921398462683,4033,88.98573692551506,2524,91.93893838589167,88.98573692551506,192
Hitter,Noah Franklin,sa3069310,829252,2026,Complex,Complex,2,1,Complex,115.0,19.0,True,True,0.045361590391242455,0.3274465657076927,91.19420989143546,2487,92.64091858037578,1916,91.91756423590562,91.19420989143546,193
Hitter,Slade Caldwell,sa3066460,815154,2026,A+,A+,4,2,A | A+,465.0,20.0,True,True,0.1145229130466043,0.6957590409222021,92.73493024480126,3799,90.87193460490464,2202,91.80343242485296,90.87193460490464,194
Hitter,Ching-Hsien Ko,sa3025230,828667,2026,A,A,3,2,Complex | A,531.0,19.0,True,True,0.07741044741994134,0.6038496504691067,93.94991321596827,4033,89.58003169572108,2524,91.76497245584467,89.58003169572108,195
Hitter,Jacob Lombard,sa3077955,813075,2026,A,A,3,1,A,99.0,18.0,True,False,0.09031667317718077,0.5334977437143543,91.29680138854451,4033,92.19492868462757,2524,91.74586503658604,91.29680138854451,196
Hitter,Elliot Lascelles,sa3078041,828900,2026,A,A,3,1,A,64.0,18.0,True,False,0.08922681307942416,0.528650292053838,91.27200595090504,4033,92.1553090332805,2524,91.71365749209278,91.27200595090504,197
Hitter,Alexander Frias,sa3068835,825484,2026,A,A,3,3,International Rookie | Complex | A,236.0,18.0,True,True,0.06991541599023407,0.6582152973232454,95.85916191420779,4033,87.51980982567353,2524,91.68948586994065,87.51980982567353,198
Hitter,Murf Gray,sa3032619,809092,2026,A+,A+,4,2,A | A+,197.0,22.0,True,True,0.176837984841015,0.5984612670860643,88.3127138720716,3799,95.04995458673933,2202,91.68133422940546,88.3127138720716,199
Hitter,Eduardo Tait,sa3022162,806953,2026,A+,A+,4,4,International Rookie | Complex | A | A+,520.0,19.0,True,True,0.09994111225646972,0.7540745039614835,94.89339299815741,3799,88.23796548592189,2202,91.56567924203965,88.23796548592189,200
Hitter,Khadim Diaw,sa3025259,813715,2026,AA,AA,5,3,A | A+ | AA,220.0,22.0,True,True,0.199033768832887,0.9209079880604792,93.18471337579618,3140,89.92673992673993,1638,91.55572665126806,89.92673992673993,201
Hitter,Tai Peete,sa3022966,806191,2026,AA,AA,5,3,A | A+ | AA,91.0,20.0,True,False,0.18854542662745824,0.9296170409097861,93.88535031847134,3140,89.1941391941392,1638,91.53974475630527,89.1941391941392,202
Hitter,Jake Munroe,sa3060109,827719,2026,AA,AA,5,3,A | A+ | AA,268.0,22.0,True,True,0.24620821624330896,0.8855300995920603,89.90445859872611,3140,93.16239316239316,1638,91.53342588055963,89.90445859872611,203
Hitter,Jhorman Bravo,sa3067799,829939,2026,Complex,Complex,2,2,International Rookie | Complex,189.0,18.0,True,True,0.03685595987623699,0.38935809854647135,93.56654603940491,2487,89.30062630480167,1916,91.43358617210329,89.30062630480167,204
Hitter,Edelson Cabral,sa3075039,825227,2026,International Rookie,International Rookie,1,1,International Rookie,204.0,16.0,True,True,0.014317078191910278,0.18746676859689806,91.64891350660417,2347,91.17647058823529,1938,91.41269204741974,91.17647058823529,205
Hitter,Steele Hall,sa3069249,829162,2026,Complex,Complex,2,1,Complex,270.0,18.0,True,True,0.042897029731495895,0.3227078174093949,90.99316445516686,2487,91.7536534446764,1916,91.37340894992164,90.99316445516686,206
Hitter,Adrian Santana,sa3022890,803745,2026,AA,AA,5,3,A | A+ | AA,137.0,20.0,True,True,0.19346624154119854,0.9214891304473192,93.18471337579618,3140,89.56043956043956,1638,91.37257646811787,89.56043956043956,207
Hitter,Yilver De Paula,sa3067753,829795,2026,Complex,Complex,2,1,Complex,247.0,18.0,True,True,0.07021525924401449,0.23711354492400757,85.12263771612385,2487,97.59916492693111,1916,91.36090132152748,85.12263771612385,208
Hitter,Yairo Padilla,sa3023925,821107,2026,A,A,3,3,International Rookie | Complex | A,128.0,19.0,True,True,0.07490168415982694,0.5974071283952961,93.70195883957352,4033,88.94611727416799,2524,91.32403805687076,88.94611727416799,209
Hitter,Mike Sirota,sa3042374,701527,2026,AA,AA,5,3,A | A+ | AA,328.0,23.0,True,True,0.3311028965055298,0.8451722862728428,86.36942675159236,3140,96.15384615384616,1638,91.26163645271926,86.36942675159236,210
Hitter,Luis Arana,sa3067767,829854,2026,A,A,3,3,International Rookie | Complex | A,282.0,18.0,True,True,0.0697059515132142,0.6289144644605618,95.01611703446567,4033,87.4405705229794,2524,91.22834377872253,87.4405705229794,211
Hitter,Bryce Rainer,sa3066592,800614,2026,A+,A+,4,2,A | A+,429.0,20.0,True,True,0.10732757847412382,0.6948087668768503,92.73493024480126,3799,89.69118982742961,2202,91.21306003611544,89.69118982742961,212
Hitter,Edian Espinal,sa3059139,832420,2026,A,A,3,1,A,280.0,21.0,True,True,0.09089996867783023,0.4954880614005663,89.83387056781552,4033,92.27416798732172,2524,91.05401927756861,89.83387056781552,213
Hitter,Gavin Kilen,sa3035353,702264,2026,AA,AA,5,2,A+ | AA,135.0,22.0,True,True,0.23853303386533398,0.8790993627859072,89.55414012738854,3140,92.4908424908425,1638,91.02249130911551,89.55414012738854,214
Hitter,Roldy Brito,sa3023917,821041,2026,A,A,3,3,International Rookie | Complex | A,378.0,19.0,True,True,0.06398645988242163,0.6704438637599782,96.131911728242,4033,85.77654516640254,2524,90.95422844732227,85.77654516640254,215
Hitter,Welbyn Francisca,sa3021087,806988,2026,A+,A+,4,4,International Rookie | Complex | A | A+,289.0,20.0,True,True,0.09488823005559884,0.7460391178153236,94.55119768360095,3799,87.32970027247957,2202,90.94044897804025,87.32970027247957,216
Hitter,Maicor Degollado,sa3076537,825723,2026,International Rookie,International Rookie,1,1,International Rookie,188.0,17.0,True,True,0.010122524590283613,0.3083240865906629,96.97486152535151,2347,84.8813209494324,1938,90.92809123739195,84.8813209494324,217
Hitter,Andrew Fischer,sa3031366,702652,2026,A+,A+,4,1,A+,246.0,22.0,True,True,0.15209895699738898,0.5941576764930075,87.97051855751513,3799,93.77838328792008,2202,90.87445092271761,87.97051855751513,218
Hitter,Jhosep Villarroel,sa3076577,837600,2026,International Rookie,International Rookie,1,1,International Rookie,192.0,17.0,True,True,0.010829978608585382,0.25517268517449576,95.48359608010226,2347,86.22291021671826,1938,90.85325314841026,86.22291021671826,219
Hitter,Johan Machado,sa3067724,829721,2026,International Rookie,International Rookie,1,1,International Rookie,220.0,18.0,True,True,0.019278703253354595,0.13387306091080428,86.4081806561568,2347,95.20123839009288,1938,90.80470952312484,86.4081806561568,220
Hitter,Angel Arredondo,sa3023647,802397,2026,A,A,3,2,Complex | A,468.0,19.0,True,True,0.07875063020796051,0.539920648256767,91.64393751549714,4033,89.85736925515056,2524,90.75065338532386,89.85736925515056,221
Hitter,Jason Schiavone,sa3025370,828395,2026,A+,A+,4,2,A | A+,168.0,23.0,True,True,0.17855323996647282,0.5666465384855366,86.25954198473282,3799,95.2316076294278,2202,90.74557480708032,86.25954198473282,222
Hitter,Yophery Rodriguez,sa3021083,806983,2026,A+,A+,4,3,International Rookie | A | A+,400.0,20.0,True,True,0.1279737421864749,0.620587302072213,89.65517241379311,3799,91.82561307901908,2202,90.74039274640609,89.65517241379311,223
Hitter,Luke Hill,sa3033826,702619,2026,A+,A+,4,2,A | A+,164.0,22.0,True,True,0.12718126784085437,0.622459601617178,89.68149513029745,3799,91.78019981834696,2202,90.7308474743222,89.68149513029745,224
Hitter,Jonathon Long,sa3022864,675085,2026,AAA,AAA,6,4,A | A+ | AA | AAA,570.0,24.0,True,True,0.26406809003284243,0.9899559855276158,92.62109551833409,2209,88.78101402373247,927,90.70105477103328,88.78101402373247,225
Hitter,Albert Fermin,sa3075075,837522,2026,International Rookie,International Rookie,1,1,International Rookie,206.0,17.0,True,True,0.03702584050015949,0.10531046969456681,82.48828291435876,2347,98.65841073271415,1938,90.57334682353645,82.48828291435876,226
Hitter,Lisbel Diaz,sa3022399,815464,2026,A+,A+,4,4,International Rookie | Complex | A | A+,360.0,20.0,True,True,0.08743044204247995,0.7544841710906541,94.91971571466175,3799,85.92188919164396,2202,90.42080245315285,85.92188919164396,227
Hitter,Caden Bodine,sa3027305,805207,2026,A+,A+,4,2,A | A+,151.0,22.0,True,True,0.1658001036708341,0.5662552705160693,86.25954198473282,3799,94.4141689373297,2202,90.33685546103126,86.25954198473282,228
Hitter,Bryant Betancourt,sa3015846,700164,2026,AA,AA,5,4,International Rookie | A | A+ | AA,268.0,22.0,True,True,0.16976842508578333,0.9364526942998228,94.23566878980891,3140,86.38583638583638,1638,90.31075258782265,86.38583638583638,229
Hitter,Ivan Luciano,sa3067397,813930,2026,A+,A+,4,3,Complex | A | A+,51.0,19.0,True,False,0.09301646336109604,0.7127733174148383,93.44564359041853,3799,87.1480472297911,2202,90.29684541010482,87.1480472297911,230
Hitter,Ethan Anderson,sa3025410,803175,2026,AA,AA,5,3,A | A+ | AA,347.0,22.0,True,True,0.17528997544034713,0.9157958361525944,92.73885350318471,3140,87.78998778998779,1638,90.26442064658625,87.78998778998779,231
Hitter,Luis Fragoza,sa3023955,821613,2026,A+,A+,4,4,International Rookie | Complex | A | A+,58.0,19.0,True,False,0.09385825220905526,0.7103584065137264,93.28770729139246,3799,87.23887375113533,2202,90.2632905212639,87.23887375113533,232
Hitter,Wyatt Sanford,sa3066665,815608,2026,A+,A+,4,3,Complex | A | A+,341.0,20.0,True,True,0.07916251808666394,0.8122999287553113,96.86759673598316,3799,83.65122615803814,2202,90.25941144701065,83.65122615803814,233
Hitter,D'Alessandro Barile,sa3077748,837884,2026,International Rookie,International Rookie,1,1,International Rookie,72.0,16.0,True,False,0.011075274295937064,0.21404092134302202,93.77929271410311,2347,86.63570691434468,1938,90.2074998142239,86.63570691434468,234
Hitter,Francisco De Marchena,sa3077047,825718,2026,International Rookie,International Rookie,1,1,International Rookie,81.0,16.0,True,False,0.011075274295937064,0.21404092134302202,93.77929271410311,2347,86.63570691434468,1938,90.2074998142239,86.63570691434468,234
Hitter,Wandy Asigen,sa3075045,836583,2026,International Rookie,International Rookie,1,1,International Rookie,83.0,16.0,True,False,0.011075274295937064,0.21404092134302202,93.77929271410311,2347,86.63570691434468,1938,90.2074998142239,86.63570691434468,234
Hitter,Luis Padron,sa3077805,839503,2026,International Rookie,International Rookie,1,1,International Rookie,52.0,16.0,True,False,0.011075274295937064,0.21404092134302202,93.77929271410311,2347,86.63570691434468,1938,90.2074998142239,86.63570691434468,234
Hitter,Edgardo Gutierrez,sa3076668,837865,2026,International Rookie,International Rookie,1,1,International Rookie,96.0,16.0,True,False,0.011075274295937064,0.21404092134302202,93.77929271410311,2347,86.63570691434468,1938,90.2074998142239,86.63570691434468,234
Hitter,Ricardo De La Paz,sa3076538,825750,2026,International Rookie,International Rookie,1,1,International Rookie,52.0,16.0,True,False,0.011075274295937064,0.21404092134302202,93.77929271410311,2347,86.63570691434468,1938,90.2074998142239,86.63570691434468,234
Hitter,Haram Hernandez,sa3076657,837843,2026,International Rookie,International Rookie,1,1,International Rookie,143.0,17.0,True,True,0.00897634332641983,0.4142757516524652,98.84959522795057,2347,81.52734778121776,1938,90.18847150458416,81.52734778121776,240
Hitter,Germayhoni Beltre,sa3076508,822236,2026,International Rookie,International Rookie,1,1,International Rookie,198.0,17.0,True,True,0.010120586415952579,0.25295926714679423,95.3983809118023,2347,84.82972136222911,1938,90.11405113701571,84.82972136222911,241
Hitter,Josue Briceno,sa3018584,800522,2026,AA,AA,5,5,International Rookie | Complex | A | A+ | AA,76.0,21.0,True,False,0.17966923408908933,0.9030746967895615,91.81528662420382,3140,88.21733821733822,1638,90.01631242077102,88.21733821733822,242
Hitter,Alejandro Blasco,sa3023938,821246,2026,Complex,Complex,2,2,International Rookie | Complex,100.0,19.0,True,True,0.0284873501284047,0.5409278075044791,97.86891837555288,2487,81.9937369519833,1916,89.93132766376809,81.9937369519833,243
Hitter,Jose Verdugo,sa3067649,825269,2026,A,A,3,2,International Rookie | A,429.0,18.0,True,True,0.06432607711840595,0.6071934085613107,94.02429952888669,4033,85.81616481774961,2524,89.92023217331814,85.81616481774961,244
Hitter,Cristian Arguelles,sa3023968,821692,2026,A,A,3,3,International Rookie | Complex | A,162.0,19.0,True,True,0.06578097532572359,0.5866983845460599,93.28043639970245,4033,86.25198098256736,2524,89.7662086911349,86.25198098256736,245
Hitter,Avery Owusu-Asiedu,sa3022604,801938,2026,AA,AA,5,4,Complex | A | A+ | AA,127.0,23.0,True,True,0.13240900382940432,0.9816965938525523,98.53503184713375,3140,80.83028083028083,1638,89.68265633870729,80.83028083028083,246
Hitter,Ronald Cardozo,sa3076673,837878,2026,International Rookie,International Rookie,1,1,International Rookie,187.0,17.0,True,True,0.010978466540477544,0.20128013148905544,92.67149552620367,2347,86.48090815273478,1938,89.57620183946923,86.48090815273478,247
Hitter,Trevor Cohen,sa3029111,701906,2026,A+,A+,4,2,A | A+,380.0,22.0,True,True,0.11153423638789983,0.608573961391437,88.83916820215846,3799,90.28156221616712,2202,89.5603652091628,88.83916820215846,248
Hitter,Dean Curley,sa3029706,806053,2026,A+,A+,4,1,A+,329.0,22.0,True,True,0.16273383384777956,0.5392615648715793,84.54856541195052,3799,94.36875567665759,2202,89.45866054430405,84.54856541195052,249
Hitter,Sebastian Blanco,sa3067801,829949,2026,Complex,Complex,2,2,International Rookie | Complex,265.0,18.0,True,True,0.036481285662050646,0.3061084977588502,90.0281463610776,2487,88.8830897703549,1916,89.45561806571625,88.8830897703549,250
Hitter,Anderson Araujo,sa3067663,827410,2026,Complex,Complex,2,2,International Rookie | Complex,142.0,18.0,True,True,0.03493327286103161,0.3207312562539139,90.91274628065943,2487,87.99582463465553,1916,89.45428545765748,87.99582463465553,251
Hitter,Santiago Figueroa,sa3067886,833411,2026,International Rookie,International Rookie,1,1,International Rookie,195.0,17.0,True,True,0.010166081325465922,0.21987806294528958,93.992330634853,2347,84.8813209494324,1938,89.43682579214271,84.8813209494324,252
Hitter,Santiago Yanes,sa3076709,839494,2026,International Rookie,International Rookie,1,1,International Rookie,158.0,17.0,True,True,0.016650207496325925,0.12341473528652461,85.42820622070728,2347,93.343653250774,1938,89.38592973574063,85.42820622070728,253
Hitter,Israel Alvarez,sa3067817,829980,2026,International Rookie,International Rookie,1,1,International Rookie,162.0,18.0,True,True,0.00927749943542488,0.28526921694150564,96.54878568385172,2347,82.19814241486068,1938,89.3734640493562,82.19814241486068,254
Hitter,Dylan Dreiling,sa3025251,702662,2026,AA,AA,5,2,A+ | AA,523.0,23.0,True,True,0.23067996621909093,0.8453059320978601,86.36942675159236,3140,92.24664224664225,1638,89.3080344991173,86.36942675159236,255
Hitter,Carlos Renzullo,sa3024879,827281,2026,A,A,3,3,International Rookie | Complex | A,354.0,19.0,True,True,0.06481762569303356,0.5657770351081443,92.48698239523928,4033,86.05388272583201,2524,89.27043256053565,86.05388272583201,256
Hitter,Adrian Lunar,sa3076566,836619,2026,International Rookie,International Rookie,1,1,International Rookie,145.0,17.0,True,True,0.00854488766512072,0.38400042028828174,98.38091180230082,2347,80.08255933952529,1938,89.23173557091306,80.08255933952529,257
Hitter,Jose Mejia,sa3021169,808090,2026,A+,A+,4,4,International Rookie | Complex | A | A+,348.0,20.0,True,True,0.09942681013519922,0.63590222964393,90.260594893393,3799,88.19255222524977,2202,89.2265735593214,88.19255222524977,258
Hitter,Owen Hull,sa3034286,833382,2026,A+,A+,4,1,A+,117.0,21.0,True,True,0.1303266443478488,0.5677735429386187,86.28586470123717,3799,92.09809264305177,2202,89.19197867214447,86.28586470123717,259
Hitter,Gemerson Blanco,sa3077038,822293,2026,International Rookie,International Rookie,1,1,International Rookie,145.0,16.0,True,True,0.009832104871377544,0.22956649235444207,94.41840647635279,2347,83.90092879256966,1938,89.15966763446121,83.90092879256966,260
Hitter,Manuel Bolivar,sa3075078,837681,2026,International Rookie,International Rookie,1,1,International Rookie,178.0,17.0,True,True,0.027144794939603437,0.09491636578181409,80.57094162760971,2347,97.6264189886481,1938,89.0986803081289,80.57094162760971,261
Hitter,Gavin Grahovac,sa3032567,800606,2026,A,A,3,1,A,107.0,21.0,True,True,0.0792035223136973,0.4620480283276058,88.1229853706918,4033,90.01584786053883,2524,89.06941661561531,88.1229853706918,262
Hitter,Luis Galan,sa3067744,829766,2026,International Rookie,International Rookie,1,1,International Rookie,136.0,17.0,True,True,0.012313677765200431,0.15248053226356287,89.09245845760546,2347,88.69969040247678,1938,88.89607443004112,88.69969040247678,263
Hitter,Jossiel Feliz,sa3077069,837742,2026,International Rookie,International Rookie,1,1,International Rookie,162.0,17.0,True,True,0.008739300950085968,0.3239537630231397,97.23050703025139,2347,80.54695562435501,1938,88.88873132730319,80.54695562435501,264
Hitter,Isaiah Barkett,sa3026572,701373,2026,A,A,3,1,A,341.0,22.0,True,True,0.0864882241697312,0.4233465767700641,86.11455492189437,4033,91.60063391442155,2524,88.85759441815796,86.11455492189437,265
Hitter,Matias Palacio,sa3076687,837973,2026,International Rookie,International Rookie,1,1,International Rookie,212.0,17.0,True,True,0.013721047969729915,0.13996329634050703,87.13250958670643,2347,90.50567595459236,1938,88.8190927706494,87.13250958670643,266
Hitter,Gage Miller,sa3025205,824028,2026,AAA,AAA,6,3,A+ | AA | AAA,173.0,23.0,True,True,0.28798517784444533,0.9798456018900602,87.0076957899502,2209,90.61488673139158,927,88.81129126067088,87.0076957899502,267
Hitter,Geomaikel Martinez,sa3067774,829867,2026,International Rookie,International Rookie,1,1,International Rookie,191.0,18.0,True,True,0.010566328400628143,0.1890725397506305,91.77673625905412,2347,85.65531475748195,1938,88.71602550826803,85.65531475748195,268
Hitter,Sebastian Rojas,sa3076676,837943,2026,International Rookie,International Rookie,1,1,International Rookie,139.0,17.0,True,True,0.009186987444334238,0.25015056561650445,95.31316574350234,2347,82.09494324045407,1938,88.70405449197821,82.09494324045407,269
Hitter,Axell Herrera,sa3076626,837756,2026,International Rookie,International Rookie,1,1,International Rookie,196.0,17.0,True,True,0.009212482980153758,0.2508991138130957,95.31316574350234,2347,82.09494324045407,1938,88.70405449197821,82.09494324045407,269
Hitter,Martin Shelar,sa3078052,835678,2026,A,A,3,1,A,60.0,18.0,True,False,0.0759093600049859,0.46447084803517663,88.22216712124968,4033,89.14421553090332,2524,88.6831913260765,88.22216712124968,271
Hitter,Grady Emerson,sa3077867,815690,2026,A,A,3,1,A,60.0,18.0,True,False,0.0759093600049859,0.46447084803517663,88.22216712124968,4033,89.14421553090332,2524,88.6831913260765,88.22216712124968,271
Hitter,Owen Carey,sa3067044,826928,2026,AA,AA,5,3,A | A+ | AA,143.0,19.0,True,True,0.17364367798876093,0.889552800513459,90.19108280254777,3140,87.11843711843711,1638,88.65475996049244,87.11843711843711,273
Hitter,Cam Cannarella,sa3028360,703448,2026,AAA,AAA,6,3,A+ | AA | AAA,177.0,22.0,True,True,0.22312646929681154,0.9916415652018142,93.48121321865098,2209,83.81877022653721,927,88.6499917225941,83.81877022653721,274
Hitter,Eric Bitonti,sa3022866,800724,2026,A+,A+,4,3,Complex | A | A+,489.0,20.0,True,True,0.08970591261524707,0.6508397477695136,90.83969465648855,3799,86.28519527702089,2202,88.56244496675473,86.28519527702089,275
Hitter,Marconi German,sa3067715,829699,2026,Complex,Complex,2,2,International Rookie | Complex,186.0,18.0,True,True,0.045073201291171906,0.2332522695669279,84.68033775633293,2487,92.4321503131524,1916,88.55624403474266,84.68033775633293,276
Hitter,Gregory Pio,sa3075065,836609,2026,International Rookie,International Rookie,1,1,International Rookie,206.0,17.0,True,True,0.011168904370930962,0.1655502833457353,90.2002556455049,2347,86.8937048503612,1938,88.54698024793305,86.8937048503612,277
Hitter,Carlos Martinez,sa3076610,837695,2026,International Rookie,International Rookie,1,1,International Rookie,173.0,16.0,True,True,0.008312283878769536,0.34629077522452656,97.78440562420111,2347,79.30856553147575,1938,88.54648557783844,79.30856553147575,278
Hitter,Boston Smith,sa3042491,695722,2026,A+,A+,4,1,A+,216.0,23.0,True,True,0.15277138388551345,0.5063439492821497,82.81126612266385,3799,93.82379654859218,2202,88.31753133562802,82.81126612266385,279
Hitter,Coy James,sa3069277,815983,2026,A,A,3,1,A,514.0,19.0,True,True,0.07012465745022811,0.47439355341413303,88.94123481279445,4033,87.63866877971473,2524,88.2899517962546,87.63866877971473,280
Hitter,Hector Osorio,sa3020461,800540,2026,A+,A+,4,4,International Rookie | Complex | A | A+,155.0,21.0,True,True,0.17039485058898898,0.4942676163067546,81.96893919452488,3799,94.59582198001817,2202,88.28238058727152,81.96893919452488,281
Hitter,Luis De La Cruz,sa3023928,821139,2026,A+,A+,4,4,International Rookie | Complex | A | A+,61.0,19.0,True,False,0.08159425359422087,0.6787246200708493,92.05053961568834,3799,84.28701180744777,2202,88.16877571156806,84.28701180744777,282
Hitter,Jostin Melo,sa3077074,837803,2026,International Rookie,International Rookie,1,1,International Rookie,160.0,17.0,True,True,0.012827494815844649,0.13482275149032338,86.66382616105666,2347,89.57688338493293,1938,88.1203547729948,86.66382616105666,283
Hitter,Cristofer Torin,sa3018938,800198,2026,AA,AA,5,5,International Rookie | Complex | A | A+ | AA,540.0,21.0,True,True,0.13556142705988944,0.9407555969952425,94.71337579617834,3140,81.5018315018315,1638,88.10760364900491,81.5018315018315,284
Hitter,Ty Doucette,sa3030503,802494,2026,A+,A+,4,2,A | A+,112.0,22.0,True,True,0.14577802975437118,0.5063810074216434,82.81126612266385,3799,93.3242506811989,2202,88.06775840193137,82.81126612266385,285
Hitter,Yolfran Castillo,sa3023726,815931,2026,A,A,3,3,International Rookie | Complex | A,537.0,19.0,True,True,0.05849836113247949,0.5649535925207084,92.43739151996033,4033,83.63708399366085,2524,88.03723775681058,83.63708399366085,286
Hitter,Louis Andujar,sa3068889,829943,2026,A,A,3,3,International Rookie | Complex | A,273.0,18.0,True,True,0.06141166012195974,0.5276384553271709,91.24721051326556,4033,84.78605388272584,2524,88.0166321979957,84.78605388272584,287
Hitter,Carlos Sandoval,sa3077095,839312,2026,International Rookie,International Rookie,1,1,International Rookie,159.0,17.0,True,True,0.010246258293593597,0.17855129352310936,90.92458457605454,2347,85.08771929824562,1938,88.00615193715008,85.08771929824562,288
Hitter,Breyson Guedez,sa3067688,829052,2026,A,A,3,2,International Rookie | A,414.0,18.0,True,True,0.05730019308895328,0.5817038428096667,93.10686833622613,4033,82.88431061806656,2524,87.99558947714635,82.88431061806656,289
Hitter,Sebastian Blanco,sa3067801,829949,2026,A,A,3,3,International Rookie | Complex | A,96.0,18.0,True,False,0.06903910750672887,0.47115646155378293,88.76766674931812,4033,87.20285261489698,2524,87.98525968210755,87.20285261489698,290
Hitter,Matthew Ferrara,sa3069108,814955,2026,A,A,3,1,A,486.0,19.0,True,True,0.06708122299414081,0.4795183220187862,89.11480287627077,4033,86.64817749603803,2524,87.8814901861544,86.64817749603803,291
Hitter,Jake Munroe,sa3060109,827719,2026,A+,A+,4,2,A | A+,239.0,22.0,True,True,0.12661669390022243,0.5275157613472728,83.83785206633324,3799,91.73478655767484,2202,87.78631931200404,83.83785206633324,292
Hitter,Brayden Taylor,sa3022921,694966,2026,AAA,AAA,6,4,A | A+ | AA | AAA,107.0,24.0,True,True,0.3712595929386502,0.9654074613882732,80.76052512449073,2209,94.60625674217907,927,87.68339093333489,80.76052512449073,293
Hitter,Gabriel Davalillo,sa3068659,829058,2026,A,A,3,2,International Rookie | A,459.0,18.0,True,True,0.0826571723578175,0.39352318610576464,84.45326060004959,4033,90.76862123613313,2524,87.61094091809136,84.45326060004959,294
Hitter,Yoander Santana,sa3067727,829729,2026,International Rookie,International Rookie,1,1,International Rookie,180.0,18.0,True,True,0.0134527532138802,0.12036404295146445,84.91691521090755,2347,90.29927760577915,1938,87.60809640834336,84.91691521090755,295
Hitter,Fabian Ulloa,sa3076625,837754,2026,International Rookie,International Rookie,1,1,International Rookie,124.0,17.0,True,True,0.008784853751464509,0.22908570026222955,94.37579889220281,2347,80.70175438596492,1938,87.53877663908386,80.70175438596492,296
Hitter,Carson DeMartini,sa3025198,701831,2026,AA,AA,5,3,A | A+ | AA,221.0,23.0,True,True,0.17443442036447893,0.8602819357156154,87.54777070063695,3140,87.36263736263736,1638,87.45520403163715,87.36263736263736,297
Hitter,Dauri Fernandez,sa3024327,821171,2026,A+,A+,4,4,International Rookie | Complex | A | A+,67.0,19.0,True,False,0.06793849189901534,0.730347799281541,94.10371150302711,3799,80.79019073569482,2202,87.44695111936096,80.79019073569482,298
Hitter,Samuel Zavala,sa3015718,694214,2026,AA,AA,5,4,International Rookie | A | A+ | AA,472.0,21.0,True,True,0.18947851625513532,0.8390224725981974,85.6687898089172,3140,89.1941391941392,1638,87.4314645015282,85.6687898089172,299
Hitter,Nico Perez,sa3023603,703639,2026,A+,A+,4,3,Complex | A | A+,358.0,21.0,True,True,0.07707072452932759,0.6752059417432729,91.86628060015794,3799,82.97002724795641,2202,87.41815392405718,82.97002724795641,300
Hitter,Charlie Condon,sa3025257,809707,2026,AAA,AAA,6,3,A+ | AA | AAA,560.0,23.0,True,True,0.2256878876485604,0.9867269571191014,90.44816659121774,2209,83.92664509169363,927,87.18740584145569,83.92664509169363,301
Hitter,Yordani Soto,sa3067834,830027,2026,Complex,Complex,2,2,International Rookie | Complex,165.0,17.0,True,True,0.039298613547887565,0.22844189433578643,84.15761962203457,2487,90.18789144050105,1916,87.17275553126781,84.15761962203457,302
Hitter,Ely Brown,sa3027822,836058,2026,A+,A+,4,2,A | A+,539.0,21.0,True,True,0.09931491616838087,0.5630200900843546,86.07528296920242,3799,88.14713896457765,2202,87.11121096689004,86.07528296920242,303
Hitter,Justin Lebron,sa3036129,807311,2026,A+,A+,4,1,A+,104.0,21.0,True,True,0.08852433375964228,0.5944592518862475,88.02316399052383,3799,86.14895549500454,2202,87.08605974276418,86.14895549500454,304
Hitter,Hayden Yost,sa3045723,803734,2026,A,A,3,1,A,114.0,21.0,True,True,0.07525311270041457,0.40600043327930124,85.07314654103645,4033,89.06497622820919,2524,87.06906138462281,85.07314654103645,305
Hitter,Franklin Primera,sa3067709,829398,2026,Complex,Complex,2,2,International Rookie | Complex,134.0,19.0,True,True,0.02549402193612164,0.4321940726537514,95.0140731805388,2487,78.96659707724426,1916,86.99033512889153,78.96659707724426,306
Hitter,Marco Dinges,sa3025495,701392,2026,A+,A+,4,2,A | A+,266.0,22.0,True,True,0.12560642809761668,0.49396782869841616,81.94261647802053,3799,91.73478655767484,2202,86.83870151784768,81.94261647802053,307
Hitter,Aaron Guzman,sa3077035,822239,2026,International Rookie,International Rookie,1,1,International Rookie,134.0,17.0,True,True,0.01016746842164373,0.14996880918041317,88.79420536855561,2347,84.8813209494324,1938,86.83776315899401,84.8813209494324,308
Hitter,Jose Camacho,sa3076595,837663,2026,International Rookie,International Rookie,1,1,International Rookie,213.0,17.0,True,True,0.009228789252510134,0.18491496714820443,91.43587558585428,2347,82.14654282765738,1938,86.79120920675584,82.14654282765738,309
Hitter,Starlyn Caba,sa3021070,806965,2026,A+,A+,4,4,International Rookie | Complex | A | A+,373.0,20.0,True,True,0.0753813410200112,0.6564667404690439,91.0502763885233,3799,82.51589464123523,2202,86.78308551487928,82.51589464123523,310
Hitter,Colby Turner,sa3044160,827522,2026,A,A,3,1,A,110.0,21.0,True,True,0.07145660448361708,0.41473344633133824,85.69303248202331,4033,87.83676703645008,2524,86.7648997592367,85.69303248202331,311
Hitter,Carson Tinney,sa3043851,806245,2026,A,A,3,1,A,105.0,21.0,True,True,0.08366660738952038,0.3643750897459447,82.46962558889165,4033,90.88748019017433,2524,86.678552889533,82.46962558889165,312
Hitter,Santiago Solarte,sa3075054,836594,2026,International Rookie,International Rookie,1,1,International Rookie,209.0,17.0,True,True,0.0149780688127986,0.09927868462866501,81.33787814230934,2347,91.84726522187823,1938,86.59257168209379,81.33787814230934,313
Hitter,Aaron Walton,sa3044756,830239,2026,AA,AA,5,3,A | A+ | AA,188.0,22.0,True,True,0.1360440126820935,0.8979717984373013,91.24203821656052,3140,81.74603174603175,1638,86.49403498129612,81.74603174603175,314
Hitter,Juan Ortuno,sa3024330,821187,2026,A,A,3,3,International Rookie | Complex | A,480.0,19.0,True,True,0.061437894714094686,0.4606352049863836,88.02380362013389,4033,84.8256735340729,2524,86.4247385771034,84.8256735340729,315
Hitter,Ty Southisene,sa3066842,807257,2026,A,A,3,1,A,105.0,20.0,True,True,0.05792691229131288,0.4902170398939186,89.48673444086288,4033,83.28050713153725,2524,86.38362078620005,83.28050713153725,316
Hitter,Henry Godbout,sa3032331,804995,2026,A+,A+,4,1,A+,161.0,22.0,True,True,0.14452517613832583,0.45510087269031685,79.44195841010793,3799,93.3242506811989,2202,86.38310454565342,79.44195841010793,317
Hitter,Jaden Fauske,sa3069258,828262,2026,A,A,3,1,A,538.0,19.0,True,True,0.05354013864812154,0.5267723570557478,91.22241507562609,4033,81.53724247226624,2524,86.37982877394617,81.53724247226624,318
Hitter,Jeferson Abreu,sa3077039,824914,2026,International Rookie,International Rookie,1,1,International Rookie,128.0,17.0,True,True,0.008783464565228624,0.1898311992981796,91.77673625905412,2347,80.70175438596492,1938,86.23924532250952,80.70175438596492,319
Hitter,Cesar Mateo,sa3076526,825234,2026,International Rookie,International Rookie,1,1,International Rookie,225.0,17.0,True,True,0.01127479718916615,0.12259514262563052,85.34299105240733,2347,87.10010319917441,1938,86.22154712579086,85.34299105240733,320
Hitter,Dameury Pena,sa3021624,808365,2026,A+,A+,4,4,International Rookie | Complex | A | A+,159.0,20.0,True,True,0.06628002447778807,0.6791255438509028,92.05053961568834,3799,80.33605812897366,2202,86.193298872331,80.33605812897366,321
Hitter,Carlos Hernandez,sa3076590,837645,2026,International Rookie,International Rookie,1,1,International Rookie,169.0,17.0,True,True,0.010748220307527338,0.13133811585466956,86.23775031955688,2347,85.96491228070175,1938,86.10133130012932,85.96491228070175,322
Hitter,Yovanny Duran,sa3067747,829773,2026,A,A,3,3,International Rookie | Complex | A,83.0,18.0,True,False,0.06017756050265677,0.4556018663493821,87.87503099429705,4033,84.31061806656102,2524,86.09282453042903,84.31061806656102,323
Hitter,Ramiro Dominguez,sa3023985,823719,2026,A,A,3,3,International Rookie | Complex | A,413.0,19.0,True,True,0.05204254795712935,0.525202098850003,91.14802876270767,4033,81.02218700475436,2524,86.08510788373101,81.02218700475436,324
Hitter,Reiner Herrera,sa3021172,808096,2026,A,A,3,3,International Rookie | Complex | A,153.0,20.0,True,True,0.07059861800470559,0.3936460434618523,84.45326060004959,4033,87.6782884310618,2524,86.06577451555569,84.45326060004959,325
Hitter,Kendall George,sa3022660,806077,2026,AA,AA,5,4,Complex | A | A+ | AA,257.0,21.0,True,True,0.11281764578610341,0.94406017139316,95.09554140127389,3140,76.8009768009768,1638,85.94825910112534,76.8009768009768,326
Hitter,Hyun Seung Lee,sa3067735,829748,2026,A,A,3,3,International Rookie | Complex | A,60.0,18.0,True,False,0.06561066697531577,0.4134750704524076,85.59385073146541,4033,86.25198098256736,2524,85.92291585701639,85.59385073146541,327
Hitter,Yojan Coronel,sa3076689,837978,2026,International Rookie,International Rookie,1,1,International Rookie,138.0,17.0,True,True,0.007864853930731762,0.21825839419211981,93.94972305070303,2347,77.86377708978328,1938,85.90675007024316,77.86377708978328,328
Hitter,Tyson Moran,sa3069392,828903,2026,Complex,Complex,2,1,Complex,208.0,20.0,True,True,0.04466694132467567,0.18788784226771832,79.45315641334942,2487,92.27557411273486,1916,85.86436526304215,79.45315641334942,329
Hitter,Seaver King,sa3025414,814409,2026,AA,AA,5,3,A | A+ | AA,165.0,23.0,True,True,0.13066194150262914,0.8952593133048367,90.92356687898089,3140,80.64713064713065,1638,85.78534876305577,80.64713064713065,330
Hitter,Luke Dickerson,sa3067329,815380,2026,A,A,3,1,A,431.0,20.0,True,True,0.07161728090740002,0.3820643918715368,83.70939747086535,4033,87.83676703645008,2524,85.77308225365772,83.70939747086535,331
Hitter,Josh Springer,sa3067323,807256,2026,A,A,3,2,Complex | A,209.0,20.0,True,True,0.07781092661183268,0.35461933218160263,81.87453508554427,4033,89.65927099841521,2524,85.76690304197973,81.87453508554427,332
Hitter,Josuar Gonzalez,sa3067675,829034,2026,Complex,Complex,2,2,International Rookie | Complex,122.0,18.0,True,True,0.023215162920306516,0.45212862396198245,95.61720948934459,2487,75.88726513569938,1916,85.75223731252198,75.88726513569938,333
Hitter,Stalen Ramirez,sa3076546,830475,2026,International Rookie,International Rookie,1,1,International Rookie,115.0,17.0,True,True,0.008544022864309312,0.18413400610563185,91.3932680017043,2347,80.08255933952529,1938,85.7379136706148,80.08255933952529,334
Hitter,Sebastian Saenz,sa3076543,829368,2026,International Rookie,International Rookie,1,1,International Rookie,195.0,17.0,True,True,0.007768460758469342,0.22398370456033226,94.12015338730293,2347,77.24458204334366,1938,85.6823677153233,77.24458204334366,335
Hitter,Dylan O'Rae,sa3020220,802506,2026,AA,AA,5,4,Complex | A | A+ | AA,419.0,22.0,True,True,0.1363681324545388,0.8810434202162559,89.61783439490446,3140,81.74603174603175,1638,85.6819330704681,81.74603174603175,336
Hitter,Garielvin Silverio,sa3075069,836613,2026,International Rookie,International Rookie,1,1,International Rookie,210.0,17.0,True,True,0.013754097058820847,0.09550303011475197,80.78397954835961,2347,90.55727554179566,1938,85.67062754507764,80.78397954835961,337
Hitter,Kenly Hunter,sa3067701,829077,2026,Complex,Complex,2,2,International Rookie | Complex,155.0,18.0,True,True,0.022713571217115043,0.466224254741276,96.01930036188179,2487,75.31315240083508,1916,85.66622638135843,75.31315240083508,338
Hitter,Alessandro Rodriguez,sa3068806,832491,2026,International Rookie,International Rookie,1,1,International Rookie,181.0,17.0,True,True,0.013361251410418771,0.09702543505504112,81.12484022155944,2347,90.19607843137256,1938,85.660459326466,81.12484022155944,339
Hitter,Easton Shelton,sa3023287,806221,2026,A,A,3,2,Complex | A,486.0,20.0,True,True,0.0797266946645598,0.34410076545675206,81.18026283163898,4033,90.13470681458003,2524,85.65748482310951,81.18026283163898,340
Hitter,Sebastian Puche,sa3076643,837800,2026,International Rookie,International Rookie,1,1,International Rookie,169.0,17.0,True,True,0.008723116601928978,0.1721160114187529,90.71154665530464,2347,80.49535603715171,1938,85.60345134622818,80.49535603715171,341
Hitter,Luis De La Cruz,sa3023928,821139,2026,A,A,3,3,International Rookie | Complex | A,315.0,19.0,True,True,0.050102792391159244,0.5273816825136097,91.24721051326556,4033,79.87321711568939,2524,85.56021381447746,79.87321711568939,342
Hitter,Jeral Perez,sa3018557,800419,2026,A+,A+,4,4,International Rookie | Complex | A | A+,254.0,21.0,True,True,0.099003088450815,0.511910289734811,82.99552513819427,3799,88.10172570390554,2202,85.5486254210499,82.99552513819427,343
Hitter,Blake Burke,sa3025381,695501,2026,AA,AA,5,2,A+ | AA,431.0,23.0,True,True,0.15827146973577516,0.8430258020387328,86.17834394904459,3140,84.85958485958486,1638,85.51896440431472,84.85958485958486,344
Hitter,Javier Sanchez,sa3023975,821795,2026,Complex,Complex,2,2,International Rookie | Complex,74.0,18.0,True,False,0.027852160845656893,0.2949684318098772,89.46521913952553,2487,81.419624217119,1916,85.44242167832226,81.419624217119,345
Hitter,Nolan Schubart,sa3041794,702278,2026,AA,AA,5,3,A | A+ | AA,185.0,22.0,True,True,0.14293213527904738,0.86625605523093,88.15286624203821,3140,82.72283272283272,1638,85.43784948243547,82.72283272283272,346
Hitter,Cleiner Ramirez,sa3075059,836600,2026,International Rookie,International Rookie,1,1,International Rookie,171.0,17.0,True,True,0.00711634150042772,0.2985482020055279,96.67660843630166,2347,73.9422084623323,1938,85.30940844931698,73.9422084623323,347
Hitter,Nick Mitchell,sa3025315,814455,2026,AA,AA,5,3,A | A+ | AA,460.0,22.0,True,True,0.15439512476315229,0.8442640551389691,86.30573248407643,3140,84.24908424908425,1638,85.27740836658035,84.24908424908425,348
Hitter,Miguel Welch,sa3067796,829924,2026,International Rookie,International Rookie,1,1,International Rookie,219.0,18.0,True,True,0.012676897516730559,0.09696194099406663,81.08223263740946,2347,89.42208462332302,1938,85.25215863036624,81.08223263740946,349
Hitter,Eduardo Gonzalez,sa3076517,822294,2026,International Rookie,International Rookie,1,1,International Rookie,175.0,17.0,True,True,0.007889384212211099,0.19954543982936573,92.54367277375373,2347,77.86377708978328,1938,85.2037249317685,77.86377708978328,350
Hitter,Angel Abreu,sa3067887,834685,2026,Complex,Complex,2,2,International Rookie | Complex,212.0,17.0,True,True,0.01985544156594853,0.5944023109140723,98.67310012062727,2487,71.50313152400835,1916,85.0881158223178,71.50313152400835,351
Hitter,Yohendi Hernandez,sa3076516,822277,2026,International Rookie,International Rookie,1,1,International Rookie,139.0,16.0,True,True,0.00661442417100812,0.3491686721854195,97.91222837665104,2347,72.18782249742002,1938,85.05002543703553,72.18782249742002,352
Hitter,John Gil,sa3021284,808535,2026,AA,AA,5,5,International Rookie | Complex | A | A+ | AA,152.0,20.0,True,True,0.0993194939584951,0.9662347249422804,97.03821656050955,3140,73.01587301587301,1638,85.02704478819129,73.01587301587301,353
Hitter,Enddy Azocar,sa3023764,821150,2026,A,A,3,3,International Rookie | Complex | A,180.0,19.0,True,True,0.04843782535753778,0.5195672056668798,90.85048351103397,4033,79.16006339144215,2524,85.00527345123805,79.16006339144215,354
Hitter,Luis Bruno,sa3069017,836277,2026,International Rookie,International Rookie,1,1,International Rookie,169.0,17.0,True,True,0.008897873516360143,0.14950964653513624,88.75159778440562,2347,81.21775025799793,1938,84.98467402120178,81.21775025799793,355
Hitter,Trevor Cohen,sa3029111,701906,2026,AA,AA,5,3,A | A+ | AA,220.0,22.0,True,True,0.12151122429826294,0.8990297597413069,91.30573248407643,3140,78.63247863247864,1638,84.96910555827753,78.63247863247864,356
Hitter,Jake Schaffner,sa3041661,835279,2026,A+,A+,4,1,A+,116.0,21.0,True,True,0.08271787755872197,0.5507586877866235,85.28560147407212,3799,84.60490463215258,2202,84.94525305311235,84.60490463215258,357
Hitter,Jesus  Baez,sa3018507,800305,2026,A+,A+,4,4,International Rookie | Complex | A | A+,243.0,21.0,True,True,0.08643955250363645,0.5375206832419961,84.4169518294288,3799,85.4677565849228,2202,84.9423542071758,84.4169518294288,358
Hitter,Maicoll Rondon,sa3076704,838677,2026,International Rookie,International Rookie,1,1,International Rookie,165.0,17.0,True,True,0.006624373915777596,0.33192952475923554,97.44354495100127,2347,72.34262125902993,1938,84.89308310501559,72.34262125902993,359
Hitter,Antonio Anderson,sa3023167,702995,2026,A+,A+,4,2,A | A+,339.0,21.0,True,True,0.09157070418626125,0.5102248245468691,82.86391155567254,3799,86.83015440508629,2202,84.84703298037942,82.86391155567254,360
Hitter,Jacob Reimer,sa3020416,702544,2026,AA,AA,5,3,A | A+ | AA,341.0,22.0,True,True,0.22168337743853758,0.7535908432693419,78.34394904458598,3140,91.33089133089133,1638,84.83742018773866,78.34394904458598,361
Hitter,Emilien Pitre,sa3025391,692150,2026,AA,AA,5,3,A | A+ | AA,207.0,23.0,True,True,0.1268080849069555,0.8832940898294956,89.7452229299363,3140,79.85347985347985,1638,84.79935139170809,79.85347985347985,362
Hitter,Nate George,sa3067128,825582,2026,A+,A+,4,3,Complex | A | A+,94.0,20.0,True,False,0.06880250296163773,0.6033159045810808,88.54961832061069,3799,80.97184377838329,2202,84.760731049497,80.97184377838329,363
Hitter,Emilio Barreras,sa3026631,808903,2026,A,A,3,1,A,154.0,22.0,True,True,0.08848757131580157,0.30512271478930947,77.53533349863625,4033,91.95721077654517,2524,84.74627213759071,77.53533349863625,364
Hitter,Anthony Martinez,sa3037212,814452,2026,A+,A+,4,2,A | A+,181.0,22.0,True,True,0.1387236825319768,0.4152219996592508,76.6254277441432,3799,92.82470481380562,2202,84.72506627897441,76.6254277441432,365
Hitter,Hiverson Lopez,sa3067699,829075,2026,International Rookie,International Rookie,1,1,International Rookie,184.0,18.0,True,True,0.011181557064704636,0.10490198697708511,82.4030677460588,2347,86.9453044375645,1938,84.67418609181165,82.4030677460588,366
Hitter,Mario Baez,sa3021286,808545,2026,Complex,Complex,2,2,International Rookie | Complex,79.0,19.0,True,False,0.0334673889720437,0.21251738499573217,82.46883795737837,2487,86.48225469728601,1916,84.47554632733218,82.46883795737837,367
Hitter,RJ Schreck,sa3022602,702302,2026,AAA,AAA,6,4,A | A+ | AA | AAA,236.0,25.0,True,True,0.3412135754471853,0.9468081462647591,75.5092802172929,2209,93.41963322545847,927,84.46445672137568,75.5092802172929,368
Hitter,Cesar Lopez,sa3076502,822210,2026,International Rookie,International Rookie,1,1,International Rookie,180.0,17.0,True,True,0.010586732957218509,0.11129974365226035,83.2126118449084,2347,85.70691434468525,1938,84.45976309479681,83.2126118449084,369
Hitter,Handelfry Encarnacion,sa3024124,821136,2026,A,A,3,3,International Rookie | Complex | A,531.0,19.0,True,True,0.056919307800264274,0.4242294703017204,86.13935035953385,4033,82.76545166402536,2524,84.45240101177961,82.76545166402536,370
Hitter,Murf Gray,sa3032619,809092,2026,A,A,3,1,A,166.0,22.0,True,True,0.06901783288246946,0.3509481111967568,81.70096702206794,4033,87.20285261489698,2524,84.45190981848246,81.70096702206794,371
Hitter,Joscar Hernandez,sa3076497,822191,2026,International Rookie,International Rookie,1,1,International Rookie,188.0,17.0,True,True,0.009127062973814793,0.1371612452664723,86.87686408180656,2347,81.99174406604747,1938,84.43430407392702,81.99174406604747,372
Hitter,Dalton Wentz,sa3060904,807275,2026,A+,A+,4,1,A+,57.0,20.0,True,False,0.08107825986497033,0.5415119547508677,84.70650171097657,3799,84.15077202543142,2202,84.428636868204,84.15077202543142,373
Hitter,Juan Rijo,sa3075051,836591,2026,International Rookie,International Rookie,1,1,International Rookie,219.0,17.0,True,True,0.011904853037866363,0.09608943320501348,80.91180230080954,2347,87.87409700722394,1938,84.39294965401675,80.91180230080954,374
Hitter,Ronny Hernandez,sa3018643,805082,2026,A+,A+,4,4,International Rookie | Complex | A | A+,275.0,21.0,True,True,0.08896878738093064,0.5002444508763478,82.36377994209002,3799,86.23978201634877,2202,84.30178097921939,82.36377994209002,375
Hitter,Michalle Mercedes,sa3076630,837765,2026,International Rookie,International Rookie,1,1,International Rookie,195.0,17.0,True,True,0.006527617276923505,0.28862214056480523,96.59139326800171,2347,71.7750257997936,1938,84.18320953389765,71.7750257997936,376
Hitter,Jesus Pinto,sa3023973,821765,2026,A,A,3,3,International Rookie | Complex | A,437.0,19.0,True,True,0.0465391220381859,0.5038741055796624,90.03223406893132,4033,78.32805071315373,2524,84.18014239104252,78.32805071315373,377
Hitter,Marek Houston,sa3034152,701339,2026,AA,AA,5,3,A | A+ | AA,271.0,22.0,True,True,0.1214485534208494,0.8822872953037958,89.71337579617834,3140,78.63247863247864,1638,84.1729272143285,78.63247863247864,378
Hitter,Jacob McCombs,sa3037488,829643,2026,A+,A+,4,1,A+,284.0,21.0,True,True,0.06854631237997265,0.5871778638084103,87.31245064490655,3799,80.88101725703906,2202,84.0967339509728,80.88101725703906,379
Hitter,Jose Silva,sa3076313,834925,2026,A,A,3,2,Complex | A,133.0,19.0,True,True,0.06019104968831058,0.38491068985586596,83.83337465906273,4033,84.31061806656102,2524,84.07199636281187,83.83337465906273,380
Hitter,Miguel Rodriguez,sa3021226,808277,2026,A,A,3,3,International Rookie | Complex | A,246.0,20.0,True,True,0.07276585232053137,0.33092838946186953,79.86610463674684,4033,88.23296354992075,2524,84.04953409333379,79.86610463674684,381
Hitter,Kyle Lodise,sa3059833,827517,2026,A+,A+,4,1,A+,525.0,22.0,True,True,0.0930683513883049,0.4755218878278261,80.81073966833377,3799,87.19346049046321,2202,84.00210007939849,80.81073966833377,382
Hitter,Nishentel Meyers,sa3077318,837674,2026,International Rookie,International Rookie,1,1,International Rookie,106.0,17.0,True,True,0.006773327283418912,0.24313807461750983,95.05752023860246,2347,72.70381836945305,1938,83.88066930402775,72.70381836945305,383
Hitter,JD Dix,sa3066859,807267,2026,A,A,3,2,Complex | A,235.0,20.0,True,True,0.04436150442983854,0.5090366604035773,90.20580213240764,4033,77.45641838351823,2524,83.83111025796293,77.45641838351823,384
Hitter,Brandon Butterworth,sa3025264,822578,2026,AA,AA,5,3,A | A+ | AA,231.0,23.0,True,True,0.13165615014064794,0.8518697263787185,86.84713375796179,3140,80.76923076923077,1638,83.80818226359628,80.76923076923077,385
Hitter,T.J. White,sa3017697,695604,2026,A+,A+,4,3,Complex | A | A+,174.0,22.0,True,True,0.081981600581367,0.5154962300828129,83.20610687022901,3799,84.33242506811989,2202,83.76926596917446,83.20610687022901,386
Hitter,Brayden Taylor,sa3022921,694966,2026,AA,AA,5,3,A | A+ | AA,380.0,24.0,True,True,0.16174755052433867,0.7976923307669616,81.84713375796179,3140,85.53113553113553,1638,83.68913464454866,81.84713375796179,387
Hitter,Jose Manon,sa3075041,825495,2026,International Rookie,International Rookie,1,1,International Rookie,125.0,17.0,True,True,0.008074386308062715,0.14911177480004206,88.70899020025564,2347,78.63777089783282,1938,83.67338054904423,78.63777089783282,388
Hitter,Anderber Urbina,sa3076670,837872,2026,International Rookie,International Rookie,1,1,International Rookie,207.0,17.0,True,True,0.007731764790696581,0.1651983471907806,90.15764806135492,2347,77.14138286893704,1938,83.64951546514598,77.14138286893704,389
Hitter,Daniel Dickinson,sa3030286,823658,2026,A+,A+,4,1,A+,499.0,22.0,True,True,0.08199595057244258,0.5111085337111878,82.94287970518558,3799,84.33242506811989,2202,83.63765238665273,82.94287970518558,390
Hitter,Andrew Williamson,sa3045245,824713,2026,A+,A+,4,1,A+,88.0,20.0,True,False,0.07850084328945932,0.5273064133005425,83.8115293498289,3799,83.37874659400545,2202,83.59513797191718,83.37874659400545,391
Hitter,Robbie Lavey,sa3036054,835215,2026,A+,A+,4,1,A+,63.0,20.0,True,False,0.07850084328945932,0.5273064133005425,83.8115293498289,3799,83.37874659400545,2202,83.59513797191718,83.37874659400545,391
Hitter,Nelson Rada,sa3018421,703185,2026,AAA,AAA,6,4,International Rookie | A | AA | AAA,542.0,20.0,True,True,0.1594276416261354,0.9933622551669554,94.52240832956089,2209,72.59978425026969,927,83.5610962899153,72.59978425026969,393
Hitter,Lonnie White Jr.,sa3017628,696145,2026,A+,A+,4,3,Complex | A | A+,104.0,23.0,True,True,0.08045549779890622,0.5141520152238812,83.10081600421164,3799,83.87829246139873,2202,83.48955423280518,83.10081600421164,394
Hitter,Andruw Musett,sa3021175,808104,2026,A+,A,4,4,International Rookie | Complex | A | A+,69.0,19.0,True,False,0.06561983402021002,0.57793445670514,86.733350881811,3799,80.24523160762942,2202,83.48929124472022,80.24523160762942,395
Hitter,Ricardo Olivar,sa3015234,691627,2026,AA,AA,5,4,Complex | A | A+ | AA,137.0,24.0,True,True,0.1606124184722475,0.7955294250350923,81.7515923566879,3140,85.22588522588522,1638,83.48873879128655,81.7515923566879,396
Hitter,Juan Martinez,sa3024128,821197,2026,A,A,3,3,International Rookie | Complex | A,183.0,19.0,True,True,0.04822780757551525,0.4534895944340194,87.80064468137863,4033,79.08082408874802,2524,83.44073438506332,79.08082408874802,397
Hitter,Nehomar Ochoa Jr.,sa3022572,806441,2026,A+,A+,4,2,A | A+,126.0,20.0,True,True,0.06804630059291154,0.5627661288071364,86.07528296920242,3799,80.79019073569482,2202,83.43273685244861,80.79019073569482,398
Hitter,Jonny Farmelo,sa3023362,806071,2026,AA,AA,5,3,A | A+ | AA,205.0,21.0,True,True,0.1427649107293091,0.821351222224998,84.10828025477707,3140,82.53968253968254,1638,83.3239813972298,82.53968253968254,399
Hitter,Billy Carlson,sa3069250,815814,2026,A,A,3,1,A,257.0,19.0,True,True,0.046690115703574474,0.46398712083735566,88.22216712124968,4033,78.32805071315373,2524,83.2751089172017,78.32805071315373,400
Hitter,DJ Layton,sa3067333,816152,2026,A+,A+,4,3,Complex | A | A+,93.0,19.0,True,False,0.059272406508671924,0.6086656629932792,88.83916820215846,3799,77.70208900999091,2202,83.2706286060747,77.70208900999091,401
Hitter,Royner Bravo,sa3076697,838001,2026,International Rookie,International Rookie,1,1,International Rookie,214.0,17.0,True,True,0.009809721574233208,0.10687897511374649,82.61610566680869,2347,83.90092879256966,1938,83.25851722968918,82.61610566680869,402
Hitter,Edian Espinal,sa3059139,832420,2026,A+,A+,4,2,A | A+,110.0,21.0,True,True,0.05977294080426744,0.6027872080624985,88.54961832061069,3799,77.88374205267938,2202,83.21668018664504,77.88374205267938,403
Hitter,Easton Carmichael,sa3028459,702695,2026,AA,AA,5,2,A+ | AA,139.0,22.0,True,True,0.1612312431900898,0.786683635106566,80.95541401273886,3140,85.47008547008546,1638,83.21274974141215,80.95541401273886,404
Hitter,Wilson Rodriguez,sa3022760,815147,2026,A+,A+,4,3,Complex | A | A+,364.0,21.0,True,True,0.06417154082537291,0.5744639763389707,86.49644643327191,3799,79.6094459582198,2202,83.05294619574585,79.6094459582198,405
Hitter,Jeyson Horton,sa3069443,836588,2026,International Rookie,International Rookie,1,1,International Rookie,194.0,17.0,True,True,0.01494405979029914,0.07185521656831459,74.22241158926289,2347,91.84726522187823,1938,83.03483840557055,74.22241158926289,406
Hitter,Bennett Thompson,sa3025451,701750,2026,A+,A+,4,2,A | A+,231.0,23.0,True,True,0.11802459608668539,0.3951194435692905,74.73019215583048,3799,91.14441416893733,2202,82.9373031623839,74.73019215583048,407
Hitter,Alfonsin Rosario,sa3022868,806210,2026,AA,AA,5,3,A | A+ | AA,283.0,22.0,True,True,0.1274129079668768,0.8396433270297157,85.76433121019109,3140,80.03663003663004,1638,82.90048062341057,80.03663003663004,408
Hitter,Manny Almonte,sa3077034,822190,2026,International Rookie,International Rookie,1,1,International Rookie,188.0,17.0,True,True,0.012584118050123808,0.07880168899807966,76.48061354921175,2347,89.3188854489164,1938,82.89974949906409,76.48061354921175,409
Hitter,Cayden Wallace,sa3019996,691024,2026,AA,AA,5,3,A | A+ | AA,318.0,24.0,True,True,0.1388720170717189,0.819332757207487,83.9171974522293,3140,81.86813186813187,1638,82.89266466018059,81.86813186813187,410
Hitter,Aron Estrada,sa3018552,800406,2026,AA,AA,5,5,International Rookie | Complex | A | A+ | AA,504.0,21.0,True,True,0.09703875312965653,0.922599420446099,93.31210191082802,3140,72.28327228327228,1638,82.79768709705016,72.28327228327228,411
Hitter,Blake Mitchell,sa3022756,805810,2026,A+,A+,4,3,Complex | A | A+,511.0,21.0,True,True,0.06751157360152693,0.5446553340208958,84.86443801000263,3799,80.6993642143506,2202,82.78190111217661,80.6993642143506,412
Hitter,Luke Dickerson,sa3067329,815380,2026,A+,A+,4,2,A | A+,96.0,20.0,True,False,0.07690780796110458,0.503514227475063,82.62700710713345,3799,82.87920072661217,2202,82.75310391687282,82.62700710713345,413
Hitter,Gabriel Porras,sa3076500,822205,2026,International Rookie,International Rookie,1,1,International Rookie,201.0,17.0,True,True,0.011633972184993062,0.08425008570142777,77.92927141031103,2347,87.51289989680083,1938,82.72108565355593,77.92927141031103,414
Hitter,Omar Munoz,sa3068781,835644,2026,International Rookie,International Rookie,1,1,International Rookie,222.0,18.0,True,True,0.007580803234883844,0.15344286197801343,89.17767362590541,2347,76.2641898864809,1938,82.72093175619315,76.2641898864809,415
Hitter,Josh Hammond,sa3069255,815843,2026,A,A,3,1,A,487.0,19.0,True,True,0.044247217585475174,0.4532623599190327,87.77584924373915,4033,77.41679873217116,2524,82.59632398795515,77.41679873217116,416
Hitter,Aiden Taurek,sa3069071,702522,2026,A+,A+,4,2,A | A+,135.0,22.0,True,True,0.07502884875905788,0.5061768733044233,82.81126612266385,3799,82.37965485921889,2202,82.59546049094138,82.37965485921889,417
Hitter,Luis Morejon,sa3067853,830435,2026,International Rookie,International Rookie,1,1,International Rookie,199.0,18.0,True,True,0.007439669968415437,0.15838511982176692,89.6037494674052,2347,75.54179566563468,1938,82.57277256651994,75.54179566563468,418
Hitter,Diego Contreras,sa3068240,832559,2026,Complex,Complex,2,2,International Rookie | Complex,191.0,18.0,True,True,0.020857909658307843,0.3467906884753025,91.91797346200241,2487,73.17327766179541,1916,82.5456255618989,73.17327766179541,419
Hitter,Bruin Agbayani,sa3069188,828202,2026,A,A,3,1,A,64.0,19.0,True,False,0.05702323547278684,0.3567755707783044,82.04810314902058,4033,82.80507131537243,2524,82.42658723219651,82.04810314902058,420
Hitter,Aidan Smith,sa3022611,806223,2026,A+,A+,4,2,A | A+,327.0,21.0,True,True,0.07336183198290074,0.5092594157232556,82.86391155567254,3799,81.97093551316985,2202,82.4174235344212,81.97093551316985,421
Hitter,Sabin Ceballos,sa3022500,694754,2026,AA,AA,5,2,A+ | AA,496.0,23.0,True,True,0.20726219215235767,0.7092042735445776,74.36305732484077,3140,90.41514041514041,1638,82.38909886999059,74.36305732484077,422
Hitter,Will Turner,sa3025313,814444,2026,AA,AA,5,2,A+ | AA,406.0,23.0,True,True,0.179560435436949,0.7350855367574761,76.56050955414013,3140,88.21733821733822,1638,82.38892388573917,76.56050955414013,423
Hitter,Jose Colina,sa3076587,837640,2026,International Rookie,International Rookie,1,1,International Rookie,157.0,17.0,True,True,0.011916864557882337,0.08033468848674373,76.8214742224116,2347,87.92569659442725,1938,82.37358540841942,76.8214742224116,424
Hitter,Kevyn Castillo,sa3019771,800203,2026,A+,A+,4,3,International Rookie | A | A+,111.0,21.0,True,True,0.07591692829722735,0.4964131475136228,82.12687549355094,3799,82.60672116257948,2202,82.36679832806522,82.12687549355094,425
Hitter,Sebastian Dos Santos,sa3067732,829741,2026,Complex,Complex,2,2,International Rookie | Complex,112.0,18.0,True,True,0.018312088410149478,0.44827374345175985,95.53679131483716,2487,69.1544885177453,1916,82.34563991629123,69.1544885177453,426
Hitter,Santiago Camacho,sa3023775,821666,2026,Complex,Complex,2,2,International Rookie | Complex,103.0,19.0,True,True,0.037497978269911206,0.15636237078693244,75.11057498994772,2487,89.5615866388309,1916,82.3360808143893,75.11057498994772,427
Hitter,Hyun Seung Lee,sa3067735,829748,2026,Complex,Complex,2,2,International Rookie | Complex,144.0,18.0,True,True,0.0295817163706307,0.20499348222438651,81.46361077603538,2487,83.19415448851774,1916,82.32888263227656,81.46361077603538,428
Hitter,Yorger Bautista,sa3067684,829045,2026,A,A,3,3,International Rookie | Complex | A,98.0,18.0,True,False,0.05318192681528899,0.37355181512622776,83.01512521696007,4033,81.49762282091918,2524,82.25637401893962,81.49762282091918,429
Hitter,Jaron Elkins,sa3023288,814696,2026,A,A,3,2,Complex | A,332.0,21.0,True,True,0.046556886159986884,0.42071513674680056,86.01537317133648,4033,78.32805071315373,2524,82.17171194224511,78.32805071315373,430
Hitter,Lisbel Diaz,sa3022399,815464,2026,AA,AA,5,5,International Rookie | Complex | A | A+ | AA,87.0,20.0,True,False,0.0913382633297546,0.9296239576185298,93.88535031847134,3140,70.45177045177046,1638,82.1685603851209,70.45177045177046,431
Hitter,Rafael Ramirez Jr.,sa3018476,800201,2026,A,A,3,3,International Rookie | Complex | A,342.0,20.0,True,True,0.05104645726469554,0.38567033171326065,83.88296553434168,4033,80.42789223454834,2524,82.155428884445,80.42789223454834,432
Hitter,Devin Taylor,sa3043560,805127,2026,AA,AA,5,3,A | A+ | AA,325.0,22.0,True,True,0.14877065985001076,0.7838968176619883,80.70063694267516,3140,83.3943833943834,1638,82.04751016852927,80.70063694267516,433
Hitter,Diego Velasquez,sa3016144,694196,2026,AA,AA,5,4,Complex | A | A+ | AA,334.0,22.0,True,True,0.12271491261781617,0.8359876595860238,85.38216560509554,3140,78.69352869352869,1638,82.03784714931211,78.69352869352869,434
Hitter,Sebastian Casanova,sa3076505,822232,2026,International Rookie,International Rookie,1,1,International Rookie,144.0,17.0,True,True,0.009438769309303766,0.09556866958894651,80.78397954835961,2347,83.17853457172343,1938,81.98125706004151,80.78397954835961,435
Hitter,Jaison Chourio,sa3018399,702693,2026,AA,AA,5,5,International Rookie | Complex | A | A+ | AA,412.0,21.0,True,True,0.10634974768766965,0.8760739377783398,89.29936305732484,3140,74.60317460317461,1638,81.95126883024972,74.60317460317461,436
Hitter,Gavin Kilen,sa3035353,702264,2026,A+,A+,4,1,A+,349.0,22.0,True,True,0.08626365488062002,0.442786736152911,78.46801789944722,3799,85.42234332425068,2202,81.94518061184894,78.46801789944722,437
Hitter,Kevyn Castillo,sa3019771,800203,2026,A,A,3,2,International Rookie | A,438.0,21.0,True,True,0.056758717450966036,0.3427944166557431,81.13067195636003,4033,82.68621236133121,2524,81.90844215884562,81.13067195636003,438
Hitter,Mason White,sa3045125,702517,2026,A+,A+,4,1,A+,282.0,22.0,True,True,0.10009765593770989,0.40404433480436647,75.49355093445644,3799,88.23796548592189,2202,81.86575821018917,75.49355093445644,439
Hitter,Ryan Mitchell,sa3069261,815829,2026,A,A,3,1,A,496.0,19.0,True,True,0.04519276726679339,0.41322681703297554,85.59385073146541,4033,77.93185419968304,2524,81.76285246557423,77.93185419968304,440
Hitter,Isaiah Drake,sa3022507,806061,2026,A+,A+,4,3,Complex | A | A+,313.0,20.0,True,True,0.053730218542274215,0.5889252047949269,87.47038694393261,3799,75.84014532243415,2202,81.65526613318337,75.84014532243415,441
Hitter,Jacob Humphrey,sa3069172,814410,2026,A+,A+,4,1,A+,266.0,23.0,True,True,0.06984325532046469,0.4943366280857364,81.96893919452488,3799,81.2897366030881,2202,81.62933789880648,81.2897366030881,442
Hitter,Sebastian Romero,sa3075085,837870,2026,International Rookie,International Rookie,1,1,International Rookie,207.0,17.0,True,True,0.01094336782408797,0.0803039133972298,76.8214742224116,2347,86.37770897832817,1938,81.59959160036988,76.8214742224116,443
Hitter,Brock Wilken,sa3022499,694385,2026,AAA,AAA,6,3,A+ | AA | AAA,508.0,24.0,True,True,0.29413669914798446,0.9341891564277178,71.7971933001358,2209,91.04638619201727,927,81.42178974607654,71.7971933001358,444
Hitter,Josiah Ragsdale,sa3040392,828824,2026,A+,A+,4,2,A | A+,264.0,22.0,True,True,0.07021751274143011,0.48340121582492895,81.33719399842063,3799,81.38056312443233,2202,81.35887856142648,81.33719399842063,445
Hitter,Mikey Romero,sa3020216,702540,2026,AAA,AAA,6,4,A | A+ | AA | AAA,460.0,22.0,True,True,0.19635544639403685,0.9698676064691508,82.66183793571751,2209,80.04314994606257,927,81.35249394089004,80.04314994606257,446
Hitter,Alirio Ferrebus,sa3022306,808232,2026,A,A,3,3,International Rookie | Complex | A,307.0,20.0,True,True,0.044566625904716786,0.4066308723499445,85.1227374163154,4033,77.53565768621236,2524,81.32919755126389,77.53565768621236,447
Hitter,Rylan Mills,sa3069313,836079,2026,A,A,3,1,A,250.0,19.0,True,True,0.05502024914547291,0.3371977713965352,80.53558145301264,4033,82.0919175911252,2524,81.31374952206892,80.53558145301264,448
Hitter,Wilber Reinoso,sa3076519,824897,2026,International Rookie,International Rookie,1,1,International Rookie,162.0,17.0,True,True,0.006749083336435448,0.16194832251212565,89.85939497230507,2347,72.70381836945305,1938,81.28160667087906,72.70381836945305,449
Hitter,Diego Tornes,sa3066458,829053,2026,Complex,Complex,2,2,International Rookie | Complex,124.0,17.0,True,True,0.022887922161656978,0.2542523540819496,86.77121029352634,2487,75.67849686847599,1916,81.22485358100116,75.67849686847599,450
Hitter,Dylan Guzman,sa3076573,837232,2026,International Rookie,International Rookie,1,1,International Rookie,181.0,18.0,True,True,0.009439767510981318,0.08945000050984385,79.25010651896038,2347,83.17853457172343,1938,81.2143205453419,79.25010651896038,451
Hitter,Core Jackson,sa3034485,692110,2026,A+,A+,4,1,A+,352.0,22.0,True,True,0.06584919263351963,0.49683195922407525,82.17952092655962,3799,80.24523160762942,2202,81.21237626709453,80.24523160762942,452
Hitter,Sammy Hernandez,sa3020141,803679,2026,A+,A+,4,3,Complex | A | A+,253.0,22.0,True,True,0.07778511020982441,0.4517186026982505,79.20505396156884,3799,83.10626702997276,2202,81.1556604957708,79.20505396156884,453
Hitter,Gavin Fien,sa3069166,815818,2026,A,A,3,1,A,344.0,19.0,True,True,0.057840719664126496,0.3215565504304357,78.97346888172576,4033,83.28050713153725,2524,81.1269880066315,78.97346888172576,454
Hitter,Michael Dattalo,sa3029852,809633,2026,A,A,3,1,A,136.0,22.0,True,True,0.07426406103172388,0.26538101678632975,73.27051822464666,4033,88.82725832012679,2524,81.04888827238673,73.27051822464666,455
Hitter,Kody Huff,sa3019982,687627,2026,AAA,AAA,6,3,A | AA | AAA,460.0,25.0,True,True,0.2306478119015751,0.9529045849572707,77.04843820733363,2209,84.89751887810141,927,80.97297854271753,77.04843820733363,456
Hitter,Jancel Villarroel,sa3020102,806611,2026,A+,A+,4,4,International Rookie | Complex | A | A+,198.0,21.0,True,True,0.05334737270752029,0.5683660140682144,86.28586470123717,3799,75.61307901907357,2202,80.94947186015537,75.61307901907357,457
Hitter,Devin Fitz-Gerald,sa3067320,803849,2026,AA,AA,5,3,Complex | A+ | AA,273.0,20.0,True,True,0.12412375143014345,0.804857290866763,82.61146496815287,3140,79.24297924297925,1638,80.92722210556606,79.24297924297925,458
Hitter,Josh Caron,sa3025435,701805,2026,A+,A+,4,2,A | A+,293.0,22.0,True,True,0.06170582349249199,0.5124768085986852,82.99552513819427,3799,78.83742052679382,2202,80.91647283249404,78.83742052679382,459
Hitter,Sam Petersen,sa3025609,695763,2026,AA,AA,5,2,A+ | AA,419.0,23.0,True,True,0.1495671769399593,0.7557599677612836,78.40764331210191,3140,83.3943833943834,1638,80.90101335324266,78.40764331210191,460
Hitter,Vahn Lackey,sa3035829,822518,2026,A+,A+,4,2,A | A+,52.0,20.0,True,False,0.06470947101306584,0.49399350062614344,81.94261647802053,3799,79.83651226158038,2202,80.88956436980045,79.83651226158038,461
Hitter,Kala'i Rosario,sa3015199,693850,2026,AAA,AAA,6,5,Complex | A | A+ | AA | AAA,127.0,23.0,True,True,0.18846084217929074,0.9698940067390609,82.66183793571751,2209,79.0722761596548,927,80.86705704768616,79.0722761596548,462
Hitter,Moises Salazar,sa3076621,837747,2026,International Rookie,International Rookie,1,1,International Rookie,167.0,16.0,True,True,0.006664241026899306,0.15549250379731736,89.22028121005539,2347,72.49742002063984,1938,80.85885061534762,72.49742002063984,463
Hitter,Hendry Mendez,sa3015727,694230,2026,AA,AA,5,5,International Rookie | Complex | A | A+ | AA,102.0,22.0,True,True,0.0873598448910803,0.917881613144815,92.86624203821655,3140,68.80341880341881,1638,80.83483042081768,68.80341880341881,464
Hitter,Jendry Guaraco,sa3076694,837992,2026,International Rookie,International Rookie,1,1,International Rookie,219.0,17.0,True,True,0.007087762929071775,0.14273027739439462,87.68640818065616,2347,73.83900928792569,1938,80.76270873429092,73.83900928792569,465
Hitter,Jose Tovar,sa3076955,832154,2026,International Rookie,International Rookie,1,1,International Rookie,184.0,17.0,True,True,0.00611624333543821,0.19533028858587856,92.28802726885385,2347,69.09184726522187,1938,80.68993726703786,69.09184726522187,466
Hitter,Eric Hartman,sa3067040,807080,2026,AA,AA,5,3,A | A+ | AA,148.0,20.0,True,True,0.09850302478648748,0.8716792429306026,88.69426751592357,3140,72.52747252747253,1638,80.61087002169805,72.52747252747253,467
Hitter,Willy Bergolla,sa3076648,837822,2026,International Rookie,International Rookie,1,1,International Rookie,123.0,17.0,True,True,0.010363835321035861,0.0768042637912009,75.7988922028121,2347,85.34571723426212,1938,80.57230471853711,75.7988922028121,468
Hitter,Tanner Thach,sa3043649,805880,2026,A,A,3,1,A,338.0,22.0,True,True,0.05066913655222366,0.3406424967576698,80.93230845524424,4033,80.19017432646592,2524,80.56124139085509,80.19017432646592,469
Hitter,Seaver King,sa3025414,814409,2026,AAA,AAA,6,4,A | A+ | AA | AAA,310.0,23.0,True,True,0.1404685797617292,0.9904587583258094,93.0285196921684,2209,67.96116504854369,927,80.49484237035605,67.96116504854369,470
Hitter,Rafe Perich,sa3025368,825927,2026,AA,AA,5,3,A | A+ | AA,340.0,24.0,True,True,0.13499514844606988,0.7668901533376361,79.52229299363057,3140,81.44078144078144,1638,80.48153721720601,79.52229299363057,471
Hitter,Darwin Almanzar,sa3068186,829714,2026,Complex,Complex,2,2,International Rookie | Complex,166.0,18.0,True,True,0.016765695310775763,0.4247060500519476,94.69240048250904,2487,66.12734864300626,1916,80.40987456275765,66.12734864300626,472
Hitter,Mason White,sa3045125,702517,2026,AA,AA,5,2,A+ | AA,122.0,22.0,True,True,0.152287854533013,0.7358410002001525,76.68789808917198,3140,83.94383394383394,1638,80.31586601650295,76.68789808917198,473
Hitter,Jaider Suarez,sa3075058,836598,2026,International Rookie,International Rookie,1,1,International Rookie,177.0,17.0,True,True,0.007184501363560599,0.13373370617126665,86.4081806561568,2347,74.14860681114551,1938,80.27839373365116,74.14860681114551,474
Hitter,Anthony Martinez,sa3037212,814452,2026,A,A,3,1,A,182.0,22.0,True,True,0.08397715857296095,0.23672125446951311,69.50161170344657,4033,90.96671949286846,2524,80.23416559815752,69.50161170344657,475
Hitter,Juan Parra,sa3076549,832324,2026,International Rookie,International Rookie,1,1,International Rookie,247.0,17.0,True,True,0.007954515666635407,0.10368226678443468,82.27524499360887,2347,78.17337461300309,1938,80.22430980330597,78.17337461300309,476
Hitter,Juan Cabada,sa3067679,829040,2026,A,A,3,3,International Rookie | Complex | A,74.0,18.0,True,False,0.04706787694237047,0.3530891726006719,81.82494421026531,4033,78.6053882725832,2524,80.21516624142426,78.6053882725832,477
Hitter,Richard Matic,sa3023749,821043,2026,Complex,Complex,2,2,International Rookie | Complex,264.0,18.0,True,True,0.025277693980097073,0.2073333346201237,81.74507438681142,2487,78.65344467640918,1916,80.1992595316103,78.65344467640918,478
Hitter,Drew Davies,sa3023580,806730,2026,A,A,3,2,Complex | A,405.0,20.0,True,True,0.04577992451704601,0.360641486272166,82.3208529630548,4033,78.05071315372425,2524,80.18578305838952,78.05071315372425,479
Hitter,Max Durrington,sa3067341,828589,2026,A,A,3,2,Complex | A,412.0,19.0,True,True,0.037603428610389615,0.45380576115558097,87.80064468137863,4033,72.54358161648177,2524,80.17211314893021,72.54358161648177,480
Hitter,John Gil,sa3021284,808535,2026,A+,A+,4,4,International Rookie | Complex | A | A+,431.0,20.0,True,True,0.0536927113749361,0.5389588935878531,84.54856541195052,3799,75.79473206176203,2202,80.17164873685627,75.79473206176203,481
Hitter,Trey Snyder,sa3025611,815551,2026,A,A,3,1,A,162.0,20.0,True,True,0.03853543434713807,0.43861593763035234,87.00719067691544,4033,73.21711568938193,2524,80.11215318314868,73.21711568938193,482
Hitter,Wes Kath,sa3017172,695770,2026,AA,A+,5,4,Complex | A | A+ | AA,52.0,19.0,True,False,0.0800990114288686,0.9298615810908675,93.88535031847134,3140,66.3003663003663,1638,80.09285830941883,66.3003663003663,483
Hitter,Aneudi Severino,sa3076584,837634,2026,International Rookie,International Rookie,1,1,International Rookie,200.0,17.0,True,True,0.009661558774687612,0.07811935880288631,76.35279079676182,2347,83.38493292053664,1938,79.86886185864924,76.35279079676182,484
Hitter,Samuel Orellana,sa3076532,825496,2026,International Rookie,International Rookie,1,1,International Rookie,151.0,17.0,True,True,0.005349445159245644,0.24654570100449932,95.22795057520239,2347,64.49948400412796,1938,79.86371728966517,64.49948400412796,485
Hitter,Cannon Peebles,sa3039628,702555,2026,A+,A+,4,2,A | A+,104.0,22.0,True,True,0.1249894317148193,0.32215163430091304,67.93893129770993,3799,91.73478655767484,2202,79.83685892769239,67.93893129770993,486
Hitter,Jose Valdez,sa3076703,838649,2026,International Rookie,International Rookie,1,1,International Rookie,191.0,17.0,True,True,0.013313469842182787,0.056848343345113767,69.5781849169152,2347,90.04127966976264,1938,79.80973229333893,69.5781849169152,487
Hitter,Juan Sanchez,sa3067129,825646,2026,A,A,3,2,International Rookie | A,402.0,18.0,True,True,0.03827505725465673,0.43034088473673676,86.51128192412597,4033,72.97939778129953,2524,79.74533985271275,72.97939778129953,488
Hitter,Cam Collier,sa3020131,702253,2026,AA,AA,5,3,A | A+ | AA,562.0,21.0,True,True,0.16696544406213942,0.6929457853649343,73.31210191082802,3140,86.14163614163614,1638,79.72686902623208,73.31210191082802,489
Hitter,Abel Sosa,sa3076609,837694,2026,International Rookie,International Rookie,1,1,International Rookie,174.0,17.0,True,True,0.005946019200357429,0.17737814957381526,90.88197699190457,2347,68.52425180598556,1938,79.70311439894506,68.52425180598556,490
Hitter,August Cuneo,sa3076335,836276,2026,Complex,Complex,2,1,Complex,70.0,18.0,True,False,0.02546279660842591,0.19623363903642546,80.49859268194612,2487,78.81002087682673,1916,79.65430677938642,78.81002087682673,491
Hitter,Jhon Gil,sa3068235,830459,2026,Complex,Complex,2,2,International Rookie | Complex,128.0,18.0,True,True,0.020486227767418277,0.25610529479121247,86.85162846803378,2487,72.44258872651356,1916,79.64710859727367,72.44258872651356,492
Hitter,Jared Jones,sa3034881,702262,2026,A+,A+,4,1,A+,358.0,22.0,True,True,0.08407317765850475,0.38922893995546565,74.36167412476968,3799,84.87738419618529,2202,79.61952916047748,74.36167412476968,493
Hitter,Dante Nori,sa3025411,807276,2026,AA,AA,5,3,A | A+ | AA,297.0,21.0,True,True,0.1120207512877124,0.8033035761883519,82.48407643312102,3140,76.67887667887668,1638,79.58147655599885,76.67887667887668,494
Hitter,Henry Godbout,sa3032331,804995,2026,AA,AA,5,2,A+ | AA,92.0,22.0,True,False,0.16735102043261182,0.6836619127948973,72.80254777070064,3140,86.20268620268621,1638,79.50261698669343,72.80254777070064,495
Hitter,Josue Briceno,sa3018584,800522,2026,AAA,AAA,6,6,International Rookie | Complex | A | A+ | AA | AAA,59.0,21.0,True,False,0.1673208614783059,0.9752510618974276,84.88003621548212,2209,74.11003236245955,927,79.49503428897083,74.11003236245955,496
Hitter,Braylon Whitaker,sa3067340,828519,2026,A+,A+,4,2,A | A+,79.0,20.0,True,False,0.058765362621748134,0.4873455060595725,81.44248486443801,3799,77.52043596730245,2202,79.48146041587023,77.52043596730245,497
Hitter,Eduardo Beltre,sa3024928,815924,2026,A,A,3,3,International Rookie | Complex | A,67.0,19.0,True,False,0.05808196990754512,0.285531497927184,75.60128936275726,4033,83.35974643423138,2524,79.48051789849433,75.60128936275726,498
Hitter,Eliomar Garces,sa3068523,829055,2026,International Rookie,International Rookie,1,1,International Rookie,248.0,18.0,True,True,0.017375208094025145,0.04734960434424264,64.89135066041756,2347,94.01444788441692,1938,79.45289927241724,64.89135066041756,499
Hitter,Dauri Fernandez,sa3024327,821171,2026,A,A,3,3,International Rookie | Complex | A,357.0,19.0,True,True,0.033211554456937444,0.4987618018925165,89.85866600545499,4033,69.01743264659271,2524,79.43804932602384,69.01743264659271,500
Hitter,Carter Johnson,sa3025203,815793,2026,A,A,3,1,A,282.0,20.0,True,True,0.04647608559173026,0.3368111243850404,80.51078601537317,4033,78.32805071315373,2524,79.41941836426345,78.32805071315373,501
Hitter,Davis Diaz,sa3025494,696286,2026,AA,AA,5,3,A | A+ | AA,217.0,23.0,True,True,0.14368577323617807,0.7284405499289397,75.98726114649682,3140,82.84493284493284,1638,79.41609699571484,75.98726114649682,502
Hitter,Javier Mogollon,sa3021855,808684,2026,A+,A+,4,4,International Rookie | Complex | A | A+,170.0,20.0,True,True,0.04499094844463162,0.5853598418225087,87.20715977888918,3799,71.52588555858311,2202,79.36652266873614,71.52588555858311,503
Hitter,Dean Curley,sa3029706,806053,2026,AA,AA,5,2,A+ | AA,189.0,22.0,True,True,0.20470232159513568,0.6253358753267586,68.43949044585987,3140,90.29304029304029,1638,79.36626536945008,68.43949044585987,504
Hitter,Adrian Feliz,sa3068239,832447,2026,International Rookie,International Rookie,1,1,International Rookie,107.0,17.0,True,True,0.007541412683005118,0.10648304755894536,82.57349808265872,2347,76.109391124871,1938,79.34144460376486,76.109391124871,505
Hitter,Manuel Pena,sa3015715,694211,2026,AA,AA,5,5,International Rookie | Complex | A | A+ | AA,279.0,22.0,True,True,0.07288266996506586,0.9377436559949964,94.3312101910828,3140,64.28571428571429,1638,79.30846223839855,64.28571428571429,506
Hitter,Carlos Virahonda,sa3021144,808024,2026,A,A,3,3,International Rookie | Complex | A,217.0,20.0,True,True,0.042114493933516524,0.36363061056267737,82.4200347136127,4033,76.18858954041204,2524,79.30431212701237,76.18858954041204,507
Hitter,Adriander Mejia,sa3021253,808337,2026,Complex,Complex,2,2,International Rookie | Complex,114.0,19.0,True,True,0.030232605019235477,0.15532827547592934,74.82911137917169,2487,83.7160751565762,1916,79.27259326787394,74.82911137917169,508
Hitter,Rubel Arias,sa3075076,837601,2026,International Rookie,International Rookie,1,1,International Rookie,202.0,17.0,True,True,0.008813462534631755,0.082660274492332,77.46058798466127,2347,80.95975232198143,1938,79.21017015332134,77.46058798466127,509
Hitter,Ramon Ramirez,sa3021637,808675,2026,A+,A+,4,4,International Rookie | Complex | A | A+,372.0,21.0,True,True,0.05426648801337752,0.49774755921551345,82.25848907607265,3799,76.15803814713897,2202,79.20826361160582,76.15803814713897,510
Hitter,Frederick Bencosme,sa3016779,695930,2026,AA,AA,5,4,International Rookie | A | A+ | AA,421.0,23.0,True,True,0.10618133044392367,0.8163847448919144,83.63057324840764,3140,74.60317460317461,1638,79.11687392579113,74.60317460317461,511
Hitter,Caden Kendle,sa3025262,814522,2026,AA,AA,5,3,A | A+ | AA,200.0,24.0,True,True,0.11583794531183288,0.7838698908142556,80.70063694267516,3140,77.4114774114774,1638,79.05605717707628,77.4114774114774,512
Hitter,Jesus Perez,sa3067785,829895,2026,International Rookie,International Rookie,1,1,International Rookie,129.0,18.0,True,True,0.005518112408688967,0.20039024798262145,92.62888794205368,2347,65.47987616099071,1938,79.0543820515222,65.47987616099071,513
Hitter,Yaxson Lucena,sa3024326,821164,2026,Complex,Complex,2,2,International Rookie | Complex,88.0,18.0,True,False,0.01979042825074342,0.2523455183823273,86.65058303176518,2487,71.45093945720251,1916,79.05076124448385,71.45093945720251,514
Hitter,Merphy Hernandez,sa3023921,821075,2026,A,A,3,3,International Rookie | Complex | A,242.0,19.0,True,True,0.035630321510756506,0.4397101632773349,87.00719067691544,4033,71.03803486529318,2524,79.02261277110432,71.03803486529318,515
Hitter,Yandel Ricardo,sa3024305,815902,2026,A,A,3,3,International Rookie | Complex | A,458.0,19.0,True,True,0.035050793778838074,0.44346712981204384,87.27994049094967,4033,70.60221870047543,2524,78.94107959571255,70.60221870047543,516
Hitter,Bryant Betancourt,sa3015846,700164,2026,AAA,AAA,6,5,International Rookie | A | A+ | AA | AAA,131.0,22.0,True,True,0.1386715144326586,0.9859867805303455,90.1765504753282,2209,67.4217907227616,927,78.7991705990449,67.4217907227616,517
Hitter,Tayden Hall,sa3019929,695554,2026,A+,A+,4,2,A | A+,371.0,23.0,True,True,0.08834936999525934,0.3548794384929305,71.43985259278757,3799,86.14895549500454,2202,78.79440404389607,71.43985259278757,518
Hitter,Eli Pitts,sa3069279,812503,2026,Complex,Complex,2,1,Complex,166.0,19.0,True,True,0.021483912333867962,0.22042258137142265,83.51427422597507,2487,74.00835073068893,1916,78.761312478332,74.00835073068893,519
Hitter,Sammy Stafura,sa3022612,806230,2026,A+,A+,4,3,Complex | A | A+,309.0,21.0,True,True,0.04936982660048745,0.5279650663198581,83.89049749934193,3799,73.433242506812,2202,78.66187000307696,73.433242506812,520
Hitter,Victor Valdez,sa3075050,836590,2026,International Rookie,International Rookie,1,1,International Rookie,147.0,17.0,True,True,0.004958635516128104,0.2337465742860272,94.75926714955261,2347,62.280701754385966,1938,78.5199844519693,62.280701754385966,521
Hitter,Easton Carmichael,sa3028459,702695,2026,A+,A+,4,1,A+,337.0,22.0,True,True,0.06291188658796067,0.43069226876148575,77.83627270334298,3799,79.20072661217075,2202,78.51849965775688,77.83627270334298,522
Hitter,Angel Feliz,sa3023892,815906,2026,A+,A+,4,4,International Rookie | Complex | A | A+,495.0,19.0,True,True,0.03937689560080852,0.6197751565285952,89.57620426428008,3799,67.39327883742052,2202,78.4847415508503,67.39327883742052,523
Hitter,Alan Angulo,sa3067846,830406,2026,International Rookie,International Rookie,1,1,International Rookie,173.0,18.0,True,True,0.008211877998726766,0.08456043893363255,78.014486578611,2347,78.94736842105263,1938,78.48092749983181,78.014486578611,524
Hitter,Santiago Ramirez,sa3076698,838002,2026,International Rookie,International Rookie,1,1,International Rookie,181.0,17.0,True,True,0.006425243229472408,0.12631931243754024,85.68385172560716,2347,71.00103199174407,1938,78.34244185867561,71.00103199174407,525
Hitter,Jesus Mancera,sa3077327,840230,2026,International Rookie,International Rookie,1,1,International Rookie,107.0,17.0,True,True,0.0293084858813759,0.03714648371682563,58.62803579037069,2347,98.03921568627452,1938,78.33362573832261,58.62803579037069,526
Hitter,Roynier Hernandez,sa3018495,800281,2026,A+,A+,4,4,International Rookie | Complex | A | A+,404.0,21.0,True,True,0.053607121492220154,0.47478591795733277,80.73177151882074,3799,75.79473206176203,2202,78.26325179029138,75.79473206176203,527
Hitter,Chase Jaworsky,sa3022700,814172,2026,A+,A+,4,2,A | A+,268.0,21.0,True,True,0.049778938020772164,0.5039673225123683,82.62700710713345,3799,73.70572207084469,2202,78.16636458898907,73.70572207084469,528
Hitter,Stiven Martinez,sa3024627,815913,2026,A,A,3,3,International Rookie | Complex | A,431.0,18.0,True,True,0.03750264720388564,0.38750619734805924,83.90776097198116,4033,72.42472266244057,2524,78.16624181721087,72.42472266244057,529
Hitter,Cooper Kinney,sa3017793,695692,2026,AA,AA,5,3,A | A+ | AA,249.0,23.0,True,True,0.1396959944196494,0.7016237467525906,73.9171974522293,3140,82.23443223443223,1638,78.07581484333076,73.9171974522293,530
Hitter,Devin Taylor,sa3043560,805127,2026,A+,A+,4,2,A | A+,254.0,22.0,True,True,0.08292531172085447,0.35362460879402624,71.3872071597789,3799,84.69573115349682,2202,78.04146915663786,71.3872071597789,531
Hitter,Carlos Rodriguez,sa3005478,677578,2026,AAA,AAA,6,4,International Rookie | A+ | AA | AAA,515.0,25.0,True,True,0.1744353643049605,0.9628446822260793,80.21729289271164,2209,75.83603020496224,927,78.02666154883694,75.83603020496224,532
Hitter,Angel Cepeda,sa3021080,806980,2026,A+,A+,4,4,International Rookie | Complex | A | A+,306.0,20.0,True,True,0.04269364322796962,0.5689154825190074,86.28586470123717,3799,69.75476839237058,2202,78.02031654680388,69.75476839237058,533
Hitter,Juan Martinez,sa3024128,821197,2026,Complex,Complex,2,2,International Rookie | Complex,164.0,19.0,True,True,0.014316213819588062,0.45433163564947465,95.61720948934459,2487,60.38622129436326,1916,78.00171539185392,60.38622129436326,534
Hitter,Enrique Jimenez,sa3021091,806992,2026,A+,A+,4,4,International Rookie | Complex | A | A+,106.0,20.0,True,True,0.06506296227897071,0.4100810379433831,76.0200052645433,3799,79.92733878292461,2202,77.97367202373395,76.0200052645433,535
Hitter,Steele Hall,sa3069249,829162,2026,A,A,3,2,Complex | A,121.0,18.0,True,True,0.04258786165399742,0.32701307647580313,79.39499132159682,4033,76.46592709984152,2524,77.93045921071916,76.46592709984152,536
Hitter,Rosniell De Paula,sa3067827,830010,2026,International Rookie,International Rookie,1,1,International Rookie,171.0,17.0,True,True,0.005293828883745217,0.18649666615102023,91.64891350660417,2347,64.13828689370484,1938,77.89360020015451,64.13828689370484,537
Hitter,DJ Layton,sa3067333,816152,2026,A,A,3,2,Complex | A,397.0,19.0,True,True,0.03649503610719506,0.3880699738405107,83.9573518472601,4033,71.71156893819334,2524,77.83446039272673,71.71156893819334,538
Hitter,Drew Brutcher,sa3067038,695046,2026,AA,AA,5,3,A | A+ | AA,128.0,24.0,True,True,0.09618792962132361,0.8166663138498502,83.6624203821656,3140,71.97802197802197,1638,77.8202211800938,71.97802197802197,539
Hitter,Davis Diaz,sa3025494,696286,2026,A+,A+,4,2,A | A+,127.0,23.0,True,True,0.10382890958076148,0.31040736774650507,66.59647275598842,3799,89.00999091734786,2202,77.80323183666815,66.59647275598842,540
Hitter,Yovanny Duran,sa3067747,829773,2026,Complex,Complex,2,2,International Rookie | Complex,214.0,18.0,True,True,0.015833847099972966,0.3276501727455273,91.19420989143546,2487,64.40501043841336,1916,77.79961016492442,64.40501043841336,541
Hitter,Ronald Rodriguez,sa3076592,837651,2026,International Rookie,International Rookie,1,1,International Rookie,131.0,17.0,True,True,0.009523429687789207,0.06421012952495261,72.26246271836386,2347,83.28173374613003,1938,77.77209823224695,72.26246271836386,542
Hitter,Santiago Vargas,sa3076283,829700,2026,Complex,Complex,2,1,Complex,176.0,18.0,True,True,0.026863185823715885,0.15710263143513103,75.15078407720145,2487,80.27139874739039,1916,77.71109141229593,75.15078407720145,543
Hitter,Carlos De Los Santos,sa3076586,837639,2026,International Rookie,International Rookie,1,1,International Rookie,161.0,17.0,True,True,0.007674016871592841,0.08557323938398372,78.27013208351086,2347,76.98658410732715,1938,77.628358095419,76.98658410732715,544
Hitter,Leudy Arache,sa3067850,830423,2026,International Rookie,International Rookie,1,1,International Rookie,165.0,18.0,True,True,0.006182662206820659,0.1256998157013882,85.64124414145718,2347,69.6078431372549,1938,77.62454363935603,69.6078431372549,545
Hitter,Juan Caricote,sa3075077,837611,2026,International Rookie,International Rookie,1,1,International Rookie,195.0,17.0,True,True,0.005046645245730021,0.1962234586533246,92.37324243715382,2347,62.745098039215684,1938,77.55917023818475,62.745098039215684,546
Hitter,Derek Bernard,sa3018477,800204,2026,A+,A+,4,4,International Rookie | Complex | A | A+,61.0,20.0,True,False,0.047987330807428535,0.4982811964662472,82.31113450908134,3799,72.79745685740237,2202,77.55429568324186,72.79745685740237,547
Hitter,Kervin Pichardo,sa3011260,682775,2026,AAA,AA,6,5,International Rookie | A | A+ | AA | AAA,93.0,20.0,True,False,0.1621116106406245,0.9688984271016711,82.07333635129018,2209,73.03128371089537,927,77.55231003109277,73.03128371089537,548
Hitter,Yassel Soler,sa3022281,807957,2026,A+,A+,4,4,International Rookie | Complex | A | A+,451.0,20.0,True,True,0.05283926681871153,0.4584616709054443,79.7315082916557,3799,75.24977293369663,2202,77.49064061267617,75.24977293369663,549
Hitter,Rony Bello,sa3068187,829719,2026,International Rookie,International Rookie,1,1,International Rookie,136.0,18.0,True,True,0.006182324425731513,0.12223239315415375,85.30038346825735,2347,69.6078431372549,1938,77.45411330275613,69.6078431372549,550
Hitter,Paulino Santana,sa3023718,815889,2026,A,A,3,3,International Rookie | Complex | A,566.0,19.0,True,True,0.0342181616259848,0.4031331428140193,84.92437391519961,4033,69.88906497622821,2524,77.40671944571392,69.88906497622821,551
Hitter,Duce Gourson,sa3025248,701546,2026,AA,AA,5,2,A+ | AA,337.0,23.0,True,True,0.14718354889740873,0.6650533006996937,71.27388535031847,3140,83.3943833943834,1638,77.33413437235093,71.27388535031847,552
Hitter,Cayden Wallace,sa3019996,691024,2026,AAA,AAA,6,4,A | A+ | AA | AAA,205.0,24.0,True,True,0.1588937896732117,0.9687251217351955,81.98279764599366,2209,72.59978425026969,927,77.29129094813167,72.59978425026969,553
Hitter,Brandon Butterworth,sa3025264,822578,2026,AAA,AAA,6,4,A | A+ | AA | AAA,80.0,23.0,True,False,0.16453970939087992,0.9663429599474211,81.21321865097329,2209,73.35490830636462,927,77.28406347866895,73.35490830636462,554
Hitter,Anthony Huezo,sa3022691,805953,2026,A+,A+,4,3,Complex | A | A+,169.0,20.0,True,True,0.04104545137707767,0.558880312634999,85.86470123716768,3799,68.66485013623978,2202,77.26477568670373,68.66485013623978,555
Hitter,Emilien Pitre,sa3025391,692150,2026,AAA,AAA,6,4,A | A+ | AA | AAA,72.0,23.0,True,False,0.1405874430286851,0.9787416549402648,86.50973291081938,2209,67.96116504854369,927,77.23544897968154,67.96116504854369,556
Hitter,Eduardo Guerrero,sa3018536,800370,2026,AA,A+,5,5,International Rookie | Complex | A | A+ | AA,53.0,20.0,True,False,0.06916463344611336,0.9036320308022338,91.81528662420382,3140,62.39316239316239,1638,77.1042245086831,62.39316239316239,557
Hitter,Dom Krupinski,sa3077937,702597,2026,AA,AA,5,1,AA,84.0,22.0,True,False,0.14986218145947425,0.65633207905051,70.54140127388536,3140,83.57753357753357,1638,77.05946742570947,70.54140127388536,558
Hitter,Fernando Graterol,sa3075064,836608,2026,International Rookie,International Rookie,1,1,International Rookie,151.0,17.0,True,True,0.02602394846386015,0.03403068995615236,56.49765658287175,2347,97.47162022703819,1938,76.98463840495496,56.49765658287175,559
Hitter,Luis Guanipa,sa3020884,806994,2026,A,A,3,3,International Rookie | Complex | A,422.0,20.0,True,True,0.038797072984259336,0.33686617192682194,80.51078601537317,4033,73.45483359746434,2524,76.98280980641876,73.45483359746434,560
Hitter,JP Smith II,sa3042582,823770,2026,A,A,3,1,A,319.0,21.0,True,True,0.055589614077322526,0.2522412604912776,71.55963302752293,4033,82.32963549920761,2524,76.94463426336527,71.55963302752293,561
Hitter,Kleyver Salazar,sa3021241,808307,2026,A,A,3,3,International Rookie | Complex | A,412.0,20.0,True,True,0.05067502307832726,0.26871153980038875,73.69204066451773,4033,80.19017432646592,2524,76.94110749549182,73.69204066451773,562
Hitter,Ronnier Heras,sa3076557,834331,2026,International Rookie,International Rookie,1,1,International Rookie,220.0,17.0,True,True,0.006708065242309762,0.0982341781088085,81.21005538985939,2347,72.54901960784314,1938,76.87953749885126,72.54901960784314,563
Hitter,Pablo Nunez,sa3023710,807647,2026,A,A,3,2,International Rookie | A,63.0,19.0,True,False,0.04892822831133939,0.27506043457336654,74.38631291842302,4033,79.3581616481775,2524,76.87223728330025,74.38631291842302,564
Hitter,Austin Overn,sa3025408,702556,2026,AA,AA,5,3,A | A+ | AA,282.0,23.0,True,True,0.07167344982645438,0.8864966842525347,90.03184713375796,3140,63.675213675213676,1638,76.85353040448582,63.675213675213676,565
Hitter,Malcolm Moore,sa3025250,702270,2026,A+,A+,4,1,A+,217.0,22.0,True,True,0.07381626935963732,0.35757704627874665,71.54514345880494,3799,82.1071752951862,2202,76.82615937699558,71.54514345880494,566
Hitter,Enmanuel Merlo,sa3075067,836611,2026,International Rookie,International Rookie,1,1,International Rookie,192.0,17.0,True,True,0.007581060074126843,0.08217235208550579,77.24755006391138,2347,76.2641898864809,1938,76.75586997519613,76.2641898864809,567
Hitter,Fernando Peguero,sa3018546,800387,2026,AAA,AA,6,5,International Rookie | Complex | A | AA | AAA,83.0,20.0,True,False,0.12666530903603745,0.9867515383239133,90.44816659121774,2209,62.7831715210356,927,76.61566905612668,62.7831715210356,568
Hitter,Luis Santos,sa3067788,829901,2026,International Rookie,International Rookie,1,1,International Rookie,151.0,18.0,True,True,0.010466808469470713,0.05357415556820075,67.57562846186622,2347,85.60371517027863,1938,76.58967181607242,67.57562846186622,569
Hitter,Demetrio Crisantes,sa3021051,702679,2026,AAA,AAA,6,5,Complex | A | A+ | AA | AAA,171.0,21.0,True,True,0.12162255847883986,0.9884208783444535,91.4440923494794,2209,61.704422869471415,927,76.57425760947541,61.704422869471415,570
Hitter,Yasmil Bucce,sa3015739,698935,2026,A+,A+,4,4,International Rookie | Complex | A | A+,224.0,21.0,True,True,0.06932026172464724,0.3608441388215575,71.83469334035273,3799,81.15349682107176,2202,76.49409508071224,71.83469334035273,571
Hitter,Brennen Davis,sa3007876,680695,2026,AAA,AAA,6,4,Complex | A | AA | AAA,205.0,26.0,True,True,0.14152291637759185,0.9737072992605476,84.4726120416478,2209,68.50053937432578,927,76.48657570798679,68.50053937432578,572
Hitter,Yoeilin Cespedes,sa3021085,806985,2026,A+,A+,4,4,International Rookie | Complex | A | A+,378.0,20.0,True,True,0.046708175601661614,0.47473822944410443,80.7054488023164,3799,72.20708446866485,2202,76.45626663549062,72.20708446866485,573
Hitter,Justin Riemer,sa3025086,811312,2026,AA,AA,5,2,A+ | AA,119.0,24.0,True,True,0.12499598785837535,0.6930309001352485,73.34394904458598,3140,79.48717948717949,1638,76.41556426588274,73.34394904458598,574
Hitter,Braylon Whitaker,sa3067340,828519,2026,A,A,3,1,A,344.0,20.0,True,True,0.03780565142216626,0.33268443809942433,80.11405901314158,4033,72.66244057052297,2524,76.38824979183228,72.66244057052297,575
Hitter,Kien Vu,sa3044590,809844,2026,A+,A+,4,2,A | A+,348.0,22.0,True,True,0.050185498693156756,0.44763145460157394,78.88918136351671,3799,73.84196185286103,2202,76.36557160818887,73.84196185286103,576
Hitter,Jesus Fernandez,sa3021123,807967,2026,A,Complex,3,3,International Rookie | Complex | A,77.0,19.0,True,False,0.03724752707871609,0.3355198019770331,80.43639970245475,4033,72.14738510301109,2524,76.29189240273291,72.14738510301109,577
Hitter,Bo Davidson,sa3022706,815589,2026,AAA,AAA,6,5,Complex | A | A+ | AA | AAA,213.0,23.0,True,True,0.13796225679573315,0.9762373234389672,85.28746038931644,2209,67.20604099244876,927,76.2467506908826,67.20604099244876,578
Hitter,Alberto Barriga,sa3018595,800569,2026,A+,A+,4,4,International Rookie | Complex | A | A+,168.0,21.0,True,True,0.04761446463164139,0.46120219307100757,79.86312187417741,3799,72.57039055404178,2202,76.2167562141096,72.57039055404178,579
Hitter,Carter Johnson,sa3025203,815793,2026,A+,A+,4,2,A | A+,214.0,20.0,True,True,0.044473717244347025,0.47948363757609536,81.02132140036852,3799,71.16257947320618,2202,76.09195043678736,71.16257947320618,580
Hitter,Jonathan Martinez,sa3021197,808159,2026,A,A,3,3,International Rookie | Complex | A,253.0,19.0,True,True,0.030957500975708405,0.4000658859625892,84.80039672700224,4033,67.31378763866879,2524,76.0570921828355,67.31378763866879,581
Hitter,Jose Riera,sa3067819,829986,2026,International Rookie,International Rookie,1,1,International Rookie,197.0,18.0,True,True,0.005715403742596873,0.1256616659859456,85.5986365573072,2347,66.51186790505676,1938,76.05525223118198,66.51186790505676,582
Hitter,Max Anderson,sa3022567,801194,2026,AAA,AAA,6,4,A | A+ | AA | AAA,448.0,24.0,True,True,0.14638356497299107,0.9700363053421371,82.70710728836578,2209,69.36353829557713,927,76.03532279197145,69.36353829557713,583
Hitter,Dub Gleed,sa3032302,801957,2026,AA,AA,5,3,A | A+ | AA,280.0,23.0,True,True,0.10947889559213289,0.730505827193427,76.17834394904459,3140,75.76312576312576,1638,75.97073485608517,75.76312576312576,584
Hitter,Davis Diaz,sa3025494,696286,2026,AAA,AAA,6,4,A | A+ | AA | AAA,56.0,23.0,True,False,0.1640356078349807,0.957914914420649,78.49705749207786,2209,73.35490830636462,927,75.92598289922124,73.35490830636462,585
Hitter,Daiyer Barboza,sa3076624,837751,2026,International Rookie,International Rookie,1,1,International Rookie,197.0,17.0,True,True,0.011244196571252725,0.046598493395139835,64.67831273966766,2347,87.10010319917441,1938,75.88920796942104,64.67831273966766,586
Hitter,Termarr Johnson,sa3020214,702261,2026,AAA,AAA,6,4,A | A+ | AA | AAA,406.0,22.0,True,True,0.20399487967223373,0.9261728504793021,70.07695789950203,2209,81.66127292340884,927,75.86911541145544,70.07695789950203,587
Hitter,Cody Miller,sa3038041,811764,2026,A+,A,4,2,A | A+,70.0,20.0,True,False,0.0527031223284253,0.41394324461190274,76.52013687812583,3799,75.11353315168029,2202,75.81683501490306,75.11353315168029,588
Hitter,Jay McQueen,sa3069321,827084,2026,A,A,3,2,Complex | A,102.0,19.0,True,True,0.05315908827716329,0.24115714970304045,70.047111331515,4033,81.49762282091918,2524,75.77236707621708,70.047111331515,589
Hitter,Bennett Thompson,sa3025451,701750,2026,AA,AA,5,3,A | A+ | AA,214.0,23.0,True,True,0.14360191938856545,0.6306772311812066,68.69426751592357,3140,82.84493284493284,1638,75.7696001804282,68.69426751592357,590
Hitter,Jaxon Willits,sa3045313,806261,2026,A,A,3,1,A,119.0,21.0,True,True,0.04698031360710709,0.2625461682140284,72.92338209769403,4033,78.56576862123613,2524,75.74457535946507,72.92338209769403,591
Hitter,Sawyer Strosnider,sa3060685,820831,2026,A+,A+,4,1,A+,103.0,21.0,True,True,0.04771328478798577,0.44634810653975304,78.81021321400368,3799,72.6158038147139,2202,75.71300851435879,72.6158038147139,592
Hitter,Andreimi Antunez,sa3067643,821782,2026,Complex,Complex,2,2,International Rookie | Complex,238.0,19.0,True,True,0.015637216254227173,0.26149844482409956,87.37434660233212,2487,63.987473903966595,1916,75.68091025314936,63.987473903966595,593
Hitter,Jhoendris Santos,sa3076531,825494,2026,International Rookie,International Rookie,1,1,International Rookie,178.0,16.0,True,True,0.0050070106825569295,0.15014133201789964,88.83681295270559,2347,62.43550051599587,1938,75.63615673435072,62.43550051599587,594
Hitter,Yhoscar Perez,sa3076628,837759,2026,International Rookie,International Rookie,1,1,International Rookie,180.0,17.0,True,True,0.006622241727899818,0.08794984383752799,78.90924584576055,2347,72.34262125902993,1938,75.62593355239524,72.34262125902993,595
Hitter,Jose Escobar,sa3018629,803241,2026,A+,A+,4,4,International Rookie | Complex | A | A+,333.0,21.0,True,True,0.04447744006349984,0.46328190060885704,80.07370360621216,3799,71.16257947320618,2202,75.61814153970917,71.16257947320618,596
Hitter,Roberth Castillo,sa3076506,822233,2026,International Rookie,International Rookie,1,1,International Rookie,168.0,17.0,True,True,0.0063943024209240544,0.09468668932108826,80.48572645930976,2347,70.74303405572755,1938,75.61438025751866,70.74303405572755,597
Hitter,Won-Bin Cho,sa3019526,800231,2026,AA,AA,5,4,Complex | A | A+ | AA,212.0,22.0,True,True,0.08160377256601754,0.8208616739114898,84.10828025477707,3140,66.91086691086691,1638,75.50957358282199,66.91086691086691,598
Hitter,Pedro Ibarguen,sa3021254,808338,2026,A,A,3,3,International Rookie | Complex | A,335.0,19.0,True,True,0.03338820541105684,0.34880452824900654,81.57698983387057,4033,69.21553090332804,2524,75.39626036859931,69.21553090332804,599
Hitter,Colby Shelton,sa3042129,701333,2026,A+,A+,4,2,A | A+,140.0,23.0,True,True,0.05849593973034612,0.37802894720273644,73.36141089760463,3799,77.3841961852861,2202,75.37280354144536,73.36141089760463,600
Hitter,Hector Hernandez,sa3076665,837859,2026,International Rookie,International Rookie,1,1,International Rookie,180.0,17.0,True,True,0.0057289326629323305,0.11521951726643243,83.979548359608,2347,66.71826625386997,1938,75.348907306739,66.71826625386997,601
Hitter,Gage Miller,sa3025205,824028,2026,AA,AA,5,2,A+ | AA,106.0,23.0,True,True,0.12169033584081557,0.6750258489436861,71.97452229299363,3140,78.63247863247864,1638,75.30350046273614,71.97452229299363,602
Hitter,Josmir Reyes,sa3023929,821145,2026,Complex,Complex,2,2,International Rookie | Complex,153.0,19.0,True,True,0.026069483678417563,0.13206084681280328,70.76799356654604,2487,79.64509394572025,1916,75.20654375613314,70.76799356654604,603
Hitter,Moises Bolivar,sa3023770,821240,2026,Complex,Complex,2,2,International Rookie | Complex,169.0,18.0,True,True,0.019565647157749458,0.18697408048331263,79.33252915158826,2487,71.03340292275574,1916,75.18296603717201,71.03340292275574,604
Hitter,Douglas Veliz,sa3076581,837624,2026,International Rookie,International Rookie,1,1,International Rookie,117.0,17.0,True,True,0.007305268811919921,0.07646845688038358,75.7988922028121,2347,74.56140350877193,1938,75.18014785579201,74.56140350877193,605
Hitter,Daury Martinez,sa3076562,835332,2026,International Rookie,International Rookie,1,1,International Rookie,166.0,17.0,True,True,0.005355163679509277,0.1259498500943008,85.64124414145718,2347,64.49948400412796,1938,75.07036407279257,64.49948400412796,606
Hitter,Yeison Morrobel,sa3015720,694218,2026,A+,A+,4,4,International Rookie | Complex | A | A+,339.0,22.0,True,True,0.04940287637468161,0.41597469352097843,76.65175046064753,3799,73.433242506812,2202,75.04249648372976,73.433242506812,607
Hitter,Esnaider Vargas,sa3067726,829726,2026,International Rookie,International Rookie,1,1,International Rookie,166.0,18.0,True,True,0.006128443648106459,0.09578969818804794,80.91180230080954,2347,69.14344685242519,1938,75.02762457661737,69.14344685242519,608
Hitter,Wyatt Vincent,sa3069295,831488,2026,A,A,3,2,Complex | A,67.0,19.0,True,False,0.03850053696576653,0.29421017980402087,76.54351599305728,4033,73.17749603803486,2524,74.86050601554606,73.17749603803486,609
Hitter,Randy Arias,sa3077055,836599,2026,International Rookie,International Rookie,1,1,International Rookie,204.0,17.0,True,True,0.008296421219106084,0.058643559083526156,70.3877290157648,2347,79.30856553147575,1938,74.84814727362027,70.3877290157648,610
Hitter,Aidan West,sa3069275,828140,2026,A,A,3,2,Complex | A,58.0,19.0,True,False,0.03876156814566003,0.2904239656123165,76.14678899082568,4033,73.45483359746434,2524,74.800811294145,73.45483359746434,611
Hitter,Core Jackson,sa3034485,692110,2026,AA,AA,5,2,A+ | AA,89.0,22.0,True,False,0.1102983566156605,0.6944913071225531,73.43949044585987,3140,76.06837606837607,1638,74.75393325711798,73.43949044585987,612
Hitter,Carlos Sanchez,sa3018465,800176,2026,A+,A+,4,4,International Rookie | Complex | A | A+,325.0,21.0,True,True,0.03730489171739498,0.5225031786241494,83.57462490128981,3799,65.84922797456858,2202,74.7119264379292,65.84922797456858,613
Hitter,Leonardo Sevilla,sa3076675,837892,2026,International Rookie,International Rookie,1,1,International Rookie,217.0,18.0,True,True,0.007944622175730855,0.061219497832936384,71.28248828291436,2347,78.12177502579979,1938,74.70213165435707,71.28248828291436,614
Hitter,Dawvris Brito,sa3075063,836605,2026,International Rookie,International Rookie,1,1,International Rookie,147.0,17.0,True,True,0.006288815367380771,0.08799504144680116,78.95185342991053,2347,70.38183694530444,1938,74.66684518760749,70.38183694530444,615
Hitter,Fran-Jean Haseth,sa3076651,837832,2026,International Rookie,International Rookie,1,1,International Rookie,190.0,17.0,True,True,0.011932731091901167,0.04074086966904753,61.09927567106945,2347,87.97729618163055,1938,74.53828592635,61.09927567106945,616
Hitter,Dayron Oramas,sa3077738,837954,2026,International Rookie,International Rookie,1,1,International Rookie,134.0,17.0,True,True,0.0036617784659507074,0.2981240873981147,96.67660843630166,2347,52.3219814241486,1938,74.49929493022513,52.3219814241486,617
Hitter,Luke Hill,sa3033826,702619,2026,AA,AA,5,3,A | A+ | AA,138.0,22.0,True,True,0.10974002361085956,0.6853780444865424,72.8343949044586,3140,75.88522588522588,1638,74.35981039484224,72.8343949044586,618
Hitter,Djean Macares,sa3067126,829079,2026,International Rookie,International Rookie,1,1,International Rookie,238.0,18.0,True,True,0.006199728987521084,0.08746474335323093,78.73881550916063,2347,69.6594427244582,1938,74.19912911680942,69.6594427244582,619
Hitter,William Ferrufino,sa3076574,837307,2026,International Rookie,International Rookie,1,1,International Rookie,213.0,18.0,True,True,0.005356092207683148,0.11514042719724034,83.89433319130805,2347,64.49948400412796,1938,74.19690859771801,64.49948400412796,620
Hitter,Michael Oliveto,sa3069256,834672,2026,A,A,3,2,Complex | A,87.0,19.0,True,False,0.03805672590253495,0.2845437111834032,75.42772129928093,4033,72.93977812995246,2524,74.1837497146167,72.93977812995246,621
Hitter,Elaineiker Coronado,sa3067843,830398,2026,International Rookie,International Rookie,1,1,International Rookie,129.0,18.0,True,True,0.01340462176521027,0.035992021784888056,57.90370685982105,2347,90.24767801857585,1938,74.07569243919845,57.90370685982105,622
Hitter,Mitch Voit,sa3044552,702491,2026,A+,A+,4,2,A | A+,347.0,21.0,True,True,0.04861223329723518,0.3981524096692544,75.01974203737825,3799,73.06993642143506,2202,74.04483922940665,73.06993642143506,623
Hitter,Raudi Rodriguez,sa3022506,804558,2026,AA,AA,5,3,Complex | A | AA,414.0,22.0,True,True,0.09877443354240639,0.7180900681062931,75.2547770700637,3140,72.64957264957265,1638,73.95217485981817,72.64957264957265,624
Hitter,Aiva Arquette,sa3026235,804109,2026,AA,AA,5,2,A+ | AA,223.0,22.0,True,True,0.09220784756731762,0.7397968203152341,77.19745222929936,3140,70.6959706959707,1638,73.94671146263502,70.6959706959707,625
Hitter,Alejandro Nunez,sa3018977,805168,2026,A+,A+,4,4,International Rookie | Complex | A | A+,331.0,21.0,True,True,0.04072699984870873,0.45356744934912757,79.33666754409055,3799,68.52861035422343,2202,73.932638949157,68.52861035422343,626
Hitter,Blaine Bullard,sa3069298,828557,2026,A,A,3,1,A,477.0,19.0,True,True,0.028816800019153144,0.37151396018803357,82.96553434168113,4033,64.85736925515056,2524,73.91145179841584,64.85736925515056,627
Hitter,Yhon Guerrero,sa3076655,837840,2026,International Rookie,International Rookie,1,1,International Rookie,179.0,17.0,True,True,0.013244286654898062,0.035889872733767744,57.86109927567107,2347,89.93808049535603,1938,73.89958988551355,57.86109927567107,628
Hitter,Max Williams,sa3045333,703637,2026,A+,A+,4,2,A | A+,102.0,21.0,True,True,0.044273980026912296,0.4188693177252461,76.8096867596736,3799,70.98092643051771,2202,73.89530659509566,70.98092643051771,629
Hitter,Andreimi Antunez,sa3067643,821782,2026,A,A,3,3,International Rookie | Complex | A,125.0,19.0,True,True,0.026986837184637975,0.408273266840199,85.27151004215224,4033,62.40095087163233,2524,73.83623045689228,62.40095087163233,630
Hitter,Gable Mitchell,sa3038166,808852,2026,A+,A+,4,1,A+,109.0,22.0,True,True,0.05907990738768826,0.3430786325328444,70.04474861805738,3799,77.61126248864669,2202,73.82800555335203,70.04474861805738,631
Hitter,Chris Suero,sa3018614,801523,2026,AA,AA,5,5,International Rookie | Complex | A | A+ | AA,494.0,22.0,True,True,0.06558688128538077,0.8430545864986485,86.17834394904459,3140,61.47741147741148,1638,73.82787771322803,61.47741147741148,632
Hitter,Kaeden Kent,sa3035283,809763,2026,A+,A+,4,1,A+,400.0,22.0,True,True,0.05209251170350856,0.3723435711089114,72.88760200052646,3799,74.75022706630337,2202,73.81891453341491,72.88760200052646,633
Hitter,Juan Martinez,sa3077322,837831,2026,International Rookie,International Rookie,1,1,International Rookie,167.0,18.0,True,True,0.0046890868158022195,0.13982665205053935,87.08990200255646,2347,60.371517027863774,1938,73.73070951521012,60.371517027863774,634
Hitter,Daniel Bucciero,sa3027937,827759,2026,A,A,3,1,A,347.0,21.0,True,True,0.03144422584802542,0.32919750602823905,79.66774113563105,4033,67.74960380348652,2524,73.70867246955879,67.74960380348652,635
Hitter,Marek Houston,sa3034152,701339,2026,A+,A+,4,2,A | A+,268.0,22.0,True,True,0.04819860343033381,0.38887495043374126,74.36167412476968,3799,72.93369663941871,2202,73.6476853820942,72.93369663941871,636
Hitter,Raudi Rodriguez,sa3022506,804558,2026,AAA,AAA,6,4,Complex | A | AA | AAA,133.0,22.0,True,True,0.19585800283189503,0.9152029629241359,67.31552738795835,2209,79.82740021574973,927,73.57146380185404,67.31552738795835,637
Hitter,Lester Suarez,sa3067761,829835,2026,International Rookie,International Rookie,1,1,International Rookie,152.0,17.0,True,True,0.006398840379448149,0.07731275825661418,76.1823604601619,2347,70.89783281733746,1938,73.54009663874967,70.89783281733746,638
Hitter,Freiker Betencourt,sa3067776,829870,2026,Complex,Complex,2,2,International Rookie | Complex,179.0,17.0,True,True,0.013956286408781462,0.26784475585007167,87.81664656212304,2487,59.23799582463466,1916,73.52732119337885,59.23799582463466,639
Hitter,Miguel Hernandez,sa3067750,829791,2026,Complex,Complex,2,2,International Rookie | Complex,191.0,18.0,True,True,0.014184126660945082,0.25487214386081464,86.81141938078005,2487,60.12526096033403,1916,73.46834017055704,60.12526096033403,640
Hitter,Jayson Bass,sa3021323,814188,2026,A+,A+,4,4,International Rookie | Complex | A | A+,82.0,20.0,True,False,0.03826485176487291,0.46367681099888064,80.1526717557252,3799,66.57584014532243,2202,73.36425595052381,66.57584014532243,641
Hitter,Luis German,sa3076659,837847,2026,International Rookie,International Rookie,1,1,International Rookie,145.0,16.0,True,True,0.007892860261498755,0.055266622158128574,68.72603323391564,2347,77.86377708978328,1938,73.29490516184947,68.72603323391564,642
Hitter,Cris Rodriguez,sa3066593,829038,2026,Complex,Complex,2,2,International Rookie | Complex,197.0,18.0,True,True,0.018456991958253614,0.17196317700430883,77.1210293526337,2487,69.41544885177453,1916,73.26823910220412,69.41544885177453,643
Hitter,Enrique Lovera,sa3076631,837768,2026,International Rookie,International Rookie,1,1,International Rookie,223.0,17.0,True,True,0.007196899761957065,0.06307048914393534,72.006817213464,2347,74.20020639834881,1938,73.10351180590641,72.006817213464,644
Hitter,Malcolm Moore,sa3025250,702270,2026,AA,AA,5,2,A+ | AA,202.0,22.0,True,True,0.12953319582393785,0.591252027839624,65.85987261146497,3140,80.34188034188034,1638,73.10087647667265,65.85987261146497,645
Hitter,Sam Shaw,sa3022889,802511,2026,A+,A+,4,3,Complex | A | A+,96.0,21.0,True,False,0.044276413114958356,0.3987530741662648,75.01974203737825,3799,70.98092643051771,2202,73.00033423394798,70.98092643051771,646
Hitter,Tucker Toman,sa3020132,702283,2026,A+,A+,4,2,A | A+,336.0,22.0,True,True,0.04534978636938029,0.3882233223527881,74.33535140826534,3799,71.61671207992734,2202,72.97603174409633,71.61671207992734,647
Hitter,Diego Alambarrio,sa3068761,829864,2026,International Rookie,International Rookie,1,1,International Rookie,153.0,18.0,True,True,0.004009437364854136,0.176131368615674,90.83936940775457,2347,55.10835913312693,1938,72.97386427044076,55.10835913312693,648
Hitter,Samuel Luis,sa3076536,825680,2026,International Rookie,International Rookie,1,1,International Rookie,159.0,17.0,True,True,0.008040716705672768,0.053121913581459144,67.31998295696634,2347,78.48297213622291,1938,72.90147754659463,67.31998295696634,649
Hitter,David Guzman,sa3021135,807999,2026,Complex,Complex,2,2,International Rookie | Complex,103.0,20.0,True,True,0.024215464555504638,0.12072754863632494,68.27503015681545,2487,77.45302713987473,1916,72.86402864834508,68.27503015681545,650
Hitter,Dub Gleed,sa3032302,801957,2026,AA,A+,5,3,A | A+ | AA,102.0,22.0,True,True,0.08874343819323988,0.7336860305266028,76.40127388535032,3140,69.23076923076923,1638,72.81602155805977,69.23076923076923,651
Hitter,Isaac Velasquez,sa3076635,837778,2026,International Rookie,International Rookie,1,1,International Rookie,157.0,16.0,True,True,0.004707709256952077,0.12076948059567034,85.04473796335748,2347,60.577915376676984,1938,72.81132667001722,60.577915376676984,652
Hitter,Eric Snow,sa3042680,702526,2026,A+,A+,4,2,A | A+,167.0,22.0,True,True,0.04384765246668189,0.3944231025672049,74.6775467228218,3799,70.6630336058129,2202,72.67029016431735,70.6630336058129,653
Hitter,Caden Ferraro,sa3070075,821299,2026,A+,A+,4,1,A+,85.0,21.0,True,False,0.05162553731838189,0.3500029408819228,70.83443011318768,3799,74.47774750227066,2202,72.65608880772916,70.83443011318768,654
Hitter,Eric Becker,sa3026844,806027,2026,A+,A+,4,1,A+,95.0,21.0,True,False,0.05162553731838189,0.3500029408819228,70.83443011318768,3799,74.47774750227066,2202,72.65608880772916,70.83443011318768,654
Hitter,Zion Rose,sa3041154,805799,2026,A+,A+,4,1,A+,90.0,21.0,True,False,0.05162553731838189,0.3500029408819228,70.83443011318768,3799,74.47774750227066,2202,72.65608880772916,70.83443011318768,654
Hitter,Johan Rodriguez,sa3024364,821759,2026,A,A,3,3,International Rookie | Complex | A,208.0,18.0,True,True,0.0350772955183667,0.2784164918195455,74.6838581700967,4033,70.60221870047543,2524,72.64303843528606,70.60221870047543,657
Hitter,Ilan Fernandez,sa3023766,821180,2026,A,A,3,3,International Rookie | Complex | A,245.0,19.0,True,True,0.03554985027449536,0.274498183238399,74.36151748078353,4033,70.91917591125198,2524,72.64034669601776,70.91917591125198,658
Hitter,Jake Gelof,sa3022600,695372,2026,AA,AA,5,3,A | A+ | AA,508.0,24.0,True,True,0.12458649327147053,0.5906113171522961,65.828025477707,3140,79.42612942612942,1638,72.62707745191821,65.828025477707,659
Hitter,Victor Santana,sa3067736,829750,2026,Complex,Complex,2,2,International Rookie | Complex,215.0,18.0,True,True,0.017774185547756834,0.17067577091729594,77.04061117812626,2487,68.16283924843424,1916,72.60172521328025,68.16283924843424,660
Hitter,Luis Leon,sa3067401,828783,2026,A,A,3,2,Complex | A,62.0,19.0,True,False,0.03541074307835079,0.2738078709175869,74.26233573022564,4033,70.87955625990492,2524,72.57094599506527,70.87955625990492,661
Hitter,Joendry Vargas,sa3021067,806959,2026,A,A,3,3,International Rookie | Complex | A,554.0,20.0,True,True,0.027506080360197322,0.3532436735339843,81.82494421026531,4033,63.312202852614895,2524,72.56857353144011,63.312202852614895,662
Hitter,Tyler Howard,sa3034172,804946,2026,A+,A+,4,2,A | A+,121.0,22.0,True,True,0.052449164163018334,0.3447405497670462,70.20268491708345,3799,74.93188010899182,2202,72.56728251303764,70.20268491708345,663
Hitter,Spencer Nivens,sa3022697,811289,2026,AA,AA,5,3,A | A+ | AA,437.0,24.0,True,True,0.13326532248741452,0.5674757147031328,63.72611464968153,3140,80.8913308913309,1638,72.30872277050621,63.72611464968153,664
Hitter,Ike Irish,sa3034445,702610,2026,A+,A+,4,2,A | A+,343.0,22.0,True,True,0.04868511924708705,0.35447228954659543,71.43985259278757,3799,73.11534968210718,2202,72.27760113744738,71.43985259278757,665
Hitter,Ricardo Paez,sa3023961,821671,2026,A,A,3,3,International Rookie | Complex | A,93.0,19.0,True,False,0.03567732134263384,0.2667852138837297,73.46888172576246,4033,71.07765451664025,2524,72.27326812120135,71.07765451664025,666
Hitter,Austin Charles,sa3020497,800051,2026,A+,A+,4,2,A | A+,186.0,22.0,True,True,0.042654713945187786,0.393330274620613,74.62490128981311,3799,69.75476839237058,2202,72.18983484109185,69.75476839237058,667
Hitter,Gerardo Rodriguez,sa3021614,808269,2026,A+,A+,4,4,International Rookie | Complex | A | A+,400.0,20.0,True,True,0.03769573797517875,0.435806994180561,78.09949986838642,3799,66.25794732061762,2202,72.17872359450202,66.25794732061762,668
Hitter,Austin Smith,sa3042481,801563,2026,A+,A+,4,2,A | A+,116.0,23.0,True,True,0.05588682434058833,0.31979470703941515,67.64938141616214,3799,76.70299727520435,2202,72.17618934568324,67.64938141616214,669
Hitter,Ruben Castillo,sa3067849,830419,2026,International Rookie,International Rookie,1,1,International Rookie,103.0,18.0,True,True,0.004750619872363564,0.11107252888389256,83.2126118449084,2347,60.9907120743034,1938,72.1016619596059,60.9907120743034,670
Hitter,Luis Cruz,sa3067650,825411,2026,International Rookie,International Rookie,1,1,International Rookie,121.0,18.0,True,True,0.005378224457640023,0.0909271432753245,79.54835960801023,2347,64.55108359133126,1938,72.04972159967075,64.55108359133126,671
Hitter,Ethan Petry,sa3039828,701337,2026,A+,A+,4,2,A | A+,194.0,22.0,True,True,0.05883698822723869,0.3058022704504127,66.20163200842327,3799,77.56584922797457,2202,71.88374061819891,66.20163200842327,672
Hitter,Roberto Saucedo,sa3077323,838101,2026,International Rookie,International Rookie,1,1,International Rookie,130.0,17.0,True,True,0.008448332363882339,0.04528702464558101,63.95398380911802,2347,79.77296181630547,1938,71.86347281271175,63.95398380911802,673
Hitter,Bo Davidson,sa3022706,815589,2026,AA,AA,5,4,Complex | A | A+ | AA,315.0,23.0,True,True,0.08581508653959898,0.7174085929161674,75.22292993630573,3140,68.25396825396825,1638,71.73844909513699,68.25396825396825,674
Hitter,Kerrington Cross,sa3029598,701136,2026,A,A,3,1,A,228.0,24.0,True,True,0.04922470944894598,0.1937477705676469,63.92263823456484,4033,79.51664025356577,2524,71.7196392440653,63.92263823456484,675
Hitter,Carson Kerce,sa3035297,812668,2026,A,A,3,1,A,115.0,21.0,True,True,0.03903837123104965,0.23853543476489403,69.77436151748078,4033,73.57369255150554,2524,71.67402703449316,69.77436151748078,676
Hitter,Ryan Weingartner,sa3044957,805550,2026,A,A,3,1,A,382.0,21.0,True,True,0.03402857988085305,0.2687916992926741,73.69204066451773,4033,69.6513470681458,2524,71.67169386633176,69.6513470681458,677
Hitter,Ryder Helfrick,sa3033556,805785,2026,A,A,3,1,A,110.0,21.0,True,True,0.04267376539942377,0.21542743919682156,66.65013637490702,4033,76.54516640253566,2524,71.59765138872135,66.65013637490702,678
Hitter,Noah Franklin,sa3069310,829252,2026,A,A,3,2,Complex | A,92.0,19.0,True,False,0.034790418445950315,0.26025877643603396,72.67542772129929,4033,70.48335974643423,2524,71.57939373386677,70.48335974643423,679
Hitter,Elorky Rodriguez,sa3067697,829069,2026,Complex,Complex,2,2,International Rookie | Complex,180.0,18.0,True,True,0.02586539866807737,0.10006743282257896,63.610776035384,2487,79.38413361169103,1916,71.49745482353751,63.610776035384,680
Hitter,Arnaldo Lantigua,sa3021084,806984,2026,A,Complex,3,3,International Rookie | Complex | A,129.0,19.0,True,True,0.028725948267420396,0.3112446236614392,78.18001487726258,4033,64.77812995245642,2524,71.4790724148595,64.77812995245642,681
Hitter,Dariel Ramon,sa3022236,814748,2026,A+,A+,4,4,International Rookie | Complex | A | A+,58.0,20.0,True,False,0.04081938371021559,0.3893020123261744,74.36167412476968,3799,68.52861035422343,2202,71.44514223949656,68.52861035422343,682
Hitter,Samuel Escudero,sa3015807,699167,2026,AA,AA,5,3,International Rookie | Complex | AA,57.0,22.0,True,False,0.07896941895227753,0.736295631391229,76.78343949044586,3140,66.05616605616606,1638,71.41980277330596,66.05616605616606,683
Hitter,Ronny Cruz,sa3067336,826723,2026,A,A,3,2,Complex | A,63.0,19.0,True,False,0.035223092980922126,0.2546669035103431,71.981155467394,4033,70.76069730586372,2524,71.37092638662887,70.76069730586372,684
Hitter,Anthony Huezo,sa3022691,805953,2026,A,A,3,2,Complex | A,321.0,20.0,True,True,0.028217607419951215,0.31435695349822534,78.52715100421523,4033,64.18383518225039,2524,71.35549309323281,64.18383518225039,685
Hitter,Jay Allen II,sa3017403,695481,2026,AA,AA,5,4,Complex | A | A+ | AA,377.0,23.0,True,True,0.0711095731037431,0.7643947253966213,79.29936305732484,3140,63.30891330891331,1638,71.30413818311908,63.30891330891331,686
Hitter,Enmanuel Tejeda,sa3018497,800285,2026,A,A,3,3,International Rookie | Complex | A,144.0,21.0,True,True,0.03190378304450822,0.2733364114752312,74.21274485494669,4033,68.30427892234549,2524,71.2585118886461,68.30427892234549,687
Hitter,Brendan Jones,sa3025253,800957,2026,AA,AA,5,2,A+ | AA,352.0,24.0,True,True,0.11005599780132777,0.5987165781513116,66.43312101910828,3140,75.94627594627595,1638,71.18969848269211,66.43312101910828,688
Hitter,Fernando Peguero,sa3018546,800387,2026,AAA,AAA,6,5,International Rookie | Complex | A | AA | AAA,80.0,21.0,True,False,0.10750139994763425,0.9794885571331766,86.78134902670892,2209,55.55555555555556,927,71.16845229113224,55.55555555555556,689
Hitter,Frank Moreno,sa3076617,837731,2026,International Rookie,International Rookie,1,1,International Rookie,159.0,17.0,True,True,0.004478105561122208,0.1125698841187001,83.51086493395825,2347,58.6687306501548,1938,71.08979779205652,58.6687306501548,690
Hitter,Gilbert Ramirez,sa3077063,837658,2026,International Rookie,International Rookie,1,1,International Rookie,161.0,17.0,True,True,0.008306354511898241,0.0432038743209875,62.8035790370686,2347,79.30856553147575,1938,71.05607228427218,62.8035790370686,691
Hitter,Ryan Burrowes,sa3018619,802018,2026,A+,A+,4,4,International Rookie | Complex | A | A+,403.0,21.0,True,True,0.03285468818967389,0.4619058974015533,79.9157673071861,3799,62.12534059945504,2202,71.02055395332057,62.12534059945504,692
Hitter,Angel Ramirez,sa3075086,837979,2026,International Rookie,International Rookie,1,1,International Rookie,129.0,17.0,True,True,0.006953512781288393,0.05519570219350165,68.64081806561568,2347,73.37461300309597,1938,71.00771553435582,68.64081806561568,693
Hitter,Aroon Escobar,sa3018463,800169,2026,AA,AA,5,5,International Rookie | Complex | A | A+ | AA,558.0,21.0,True,True,0.053005963331220915,0.8463307514914515,86.43312101910828,3140,55.55555555555556,1638,70.99433828733191,55.55555555555556,694
Hitter,Joswa Lugo,sa3023894,815915,2026,Complex,Complex,2,2,International Rookie | Complex,241.0,19.0,True,True,0.019379987663811386,0.13464412924656527,71.00924809006835,2487,70.82463465553236,1916,70.91694137280035,70.82463465553236,695
Hitter,Alfredo Alcantara,sa3022184,807643,2026,A+,A+,4,4,International Rookie | Complex | A | A+,433.0,20.0,True,True,0.04064949567597742,0.3785828941177566,73.41405633061332,3799,68.39237057220708,2202,70.90321345141021,68.39237057220708,696
Hitter,Sebastian Franeites,sa3076640,837788,2026,International Rookie,International Rookie,1,1,International Rookie,190.0,17.0,True,True,0.007794530532017953,0.04600646385385121,64.29484448231786,2347,77.34778121775025,1938,70.82131285003405,64.29484448231786,697
Hitter,Cole Conn,sa3029251,813833,2026,AA,AA,5,3,A | A+ | AA,311.0,24.0,True,True,0.11448248915474851,0.5748783672122119,64.39490445859873,3140,77.10622710622711,1638,70.75056578241292,64.39490445859873,698
Hitter,Juan Figueroa,sa3077061,837649,2026,International Rookie,International Rookie,1,1,International Rookie,159.0,17.0,True,True,0.0057605620701247015,0.07280358388697893,74.56327226246272,2347,66.87306501547988,1938,70.71816863897129,66.87306501547988,699
Hitter,Duce Gourson,sa3025248,701546,2026,AAA,AAA,6,3,A+ | AA | AAA,173.0,23.0,True,True,0.16994382042111386,0.9114405461089066,66.45540968764146,2209,74.75728155339806,927,70.60634562051976,66.45540968764146,700
Hitter,Ashly Andujar,sa3023890,815903,2026,A,A,3,3,International Rookie | Complex | A,361.0,18.0,True,True,0.023001570944777592,0.3950672225484744,84.47805603768907,4033,56.65610142630745,2524,70.56707873199827,56.65610142630745,701
Hitter,Andrew Salas,sa3067045,829035,2026,A,A,3,2,Complex | A,184.0,18.0,True,True,0.028865125612875655,0.2902939638018079,76.14678899082568,4033,64.89698890649763,2524,70.52188894866165,64.89698890649763,702
Hitter,Efren Teran,sa3023769,821236,2026,A,A,3,3,International Rookie | Complex | A,279.0,19.0,True,True,0.02905926349710897,0.2873851836055388,75.79965286387305,4033,64.97622820919176,2524,70.3879405365324,64.97622820919176,703
Hitter,Dariel Ramon,sa3022236,814748,2026,A,A,3,3,International Rookie | Complex | A,279.0,20.0,True,True,0.029689200093743113,0.27984579442388713,74.85742623357302,4033,65.61014263074485,2524,70.23378443215893,65.61014263074485,704
Hitter,Aaron Walton,sa3044756,830239,2026,A+,A+,4,2,A | A+,368.0,22.0,True,True,0.04678085910459501,0.325258088748316,68.25480389576204,3799,72.20708446866485,2202,70.23094418221345,68.25480389576204,705
Hitter,Jordan Rich,sa3069308,813417,2026,Complex,Complex,2,1,Complex,101.0,19.0,True,True,0.020622704749897778,0.11913094894282038,67.91314837153196,2487,72.54697286012527,1916,70.23006061582862,67.91314837153196,706
Hitter,Juan Cespedes,sa3076652,837836,2026,International Rookie,International Rookie,1,1,International Rookie,211.0,17.0,True,True,0.003841979388565414,0.13263555479747788,86.36557307200681,2347,53.76676986584107,1938,70.06617146892394,53.76676986584107,707
Hitter,Luke Cantwell,sa3028378,822877,2026,A,A,3,1,A,160.0,23.0,True,True,0.04867866768782028,0.17555729977404452,60.87279940490949,4033,79.19968304278922,2524,70.03624122384936,60.87279940490949,708
Hitter,Liberts Aponte,sa3067288,829051,2026,International Rookie,International Rookie,1,1,International Rookie,150.0,18.0,True,True,0.008860621872162607,0.0375615397100979,58.883681295270556,2347,81.16615067079464,1938,70.0249159830326,58.883681295270556,709
Hitter,Brandon Compton,sa3029229,703680,2026,A+,A+,4,1,A+,283.0,22.0,True,True,0.04574125438807008,0.3241899849778969,68.2284811792577,3799,71.7983651226158,2202,70.01342315093675,68.2284811792577,710
Hitter,Sebastian Mendez,sa3076507,822234,2026,International Rookie,International Rookie,1,1,International Rookie,224.0,17.0,True,True,0.006010119741860112,0.061210468344096124,71.28248828291436,2347,68.73065015479877,1938,70.00656921885655,68.73065015479877,711
Hitter,Khadim Diaw,sa3025259,813715,2026,A+,A+,4,2,A | A+,247.0,22.0,True,True,0.04744113078047314,0.3184773184632406,67.41247696762306,3799,72.43415077202543,2202,69.92331386982426,67.41247696762306,712
Hitter,Callan Moss,sa3025392,801978,2026,AA,AA,5,3,A | A+ | AA,519.0,22.0,True,True,0.09312295725683492,0.6280218339350103,68.56687898089172,3140,71.12332112332112,1638,69.84510005210642,68.56687898089172,713
Hitter,Rod Barajas Jr.,sa3069385,805371,2026,A,A,3,1,A,384.0,21.0,True,True,0.037869639237703846,0.21689306472171271,66.89809075130177,4033,72.78129952456419,2524,69.83969513793298,66.89809075130177,714
Hitter,Jhon Gonzalez,sa3076607,837691,2026,International Rookie,International Rookie,1,1,International Rookie,198.0,17.0,True,True,0.0037438668117228406,0.13325158309522142,86.4081806561568,2347,53.04437564499484,1938,69.72627815057582,53.04437564499484,715
Hitter,Trey Snyder,sa3025611,815551,2026,A+,A+,4,2,A | A+,145.0,20.0,True,True,0.03123298168755468,0.44636153807136064,78.81021321400368,3799,60.445049954586736,2202,69.62763158429522,60.445049954586736,716
Hitter,Jake Brown,sa3027844,806701,2026,A,A,3,1,A,109.0,21.0,True,True,0.03798612833140884,0.21032313475105013,66.30300024795437,4033,72.90015847860539,2524,69.60157936327988,66.30300024795437,717
Hitter,Matthew Miura,sa3038183,834681,2026,A,A,3,1,A,253.0,22.0,True,True,0.03461786954340026,0.22977315744121488,68.46020332258864,4033,70.44374009508716,2524,69.4519717088379,68.46020332258864,718
Hitter,JD Dix,sa3066859,807267,2026,A+,A+,4,3,Complex | A | A+,251.0,20.0,True,True,0.027957694823218058,0.49699805169838107,82.17952092655962,3799,56.67574931880109,2202,69.42763512268036,56.67574931880109,719
Hitter,Alessander De La Cruz,sa3021132,807987,2026,Complex,Complex,2,2,International Rookie | Complex,198.0,20.0,True,True,0.012748510750628165,0.21999957813204693,83.43385605146763,2487,55.2713987473904,1916,69.35262739942901,55.2713987473904,720
Hitter,Ryan Weingartner,sa3044957,805550,2026,A+,A+,4,2,A | A+,52.0,21.0,True,False,0.041573143035099194,0.34105954925611653,69.72887602000526,3799,68.93732970027249,2202,69.33310286013887,68.93732970027249,721
Hitter,Francisco Del Campo,sa3076561,835316,2026,International Rookie,International Rookie,1,1,International Rookie,132.0,17.0,True,True,0.006572618699162473,0.05127808337877595,66.68086919471666,2347,71.9814241486068,1938,69.33114667166174,66.68086919471666,722
Hitter,Carlos Sanchez,sa3018613,801522,2026,A,A,3,3,International Rookie | Complex | A,102.0,21.0,True,True,0.04964995362095469,0.1644204181325352,58.78998264319365,4033,79.63549920760697,2524,69.21274092540031,58.78998264319365,723
Hitter,Alex Conover,sa3065515,824558,2026,A,A,3,1,A,87.0,20.0,True,False,0.0362877548978911,0.21742361766549684,66.89809075130177,4033,71.513470681458,2524,69.20578071637988,66.89809075130177,724
Hitter,Alex Hernandez,sa3059481,815415,2026,A,A,3,1,A,77.0,20.0,True,False,0.0362877548978911,0.21742361766549684,66.89809075130177,4033,71.513470681458,2524,69.20578071637988,66.89809075130177,724
Hitter,Chris McHugh,sa3037627,824569,2026,A,A,3,1,A,71.0,20.0,True,False,0.0362877548978911,0.21742361766549684,66.89809075130177,4033,71.513470681458,2524,69.20578071637988,66.89809075130177,724
Hitter,Angel Salio,sa3067657,825620,2026,International Rookie,International Rookie,1,1,International Rookie,241.0,18.0,True,True,0.005029636294056374,0.07614151871244923,75.71367703451214,2347,62.64189886480908,1938,69.17778794966061,62.64189886480908,727
Hitter,Won-Bin Cho,sa3019526,800231,2026,A+,A+,4,3,Complex | A | A+,233.0,22.0,True,True,0.03206797778390725,0.42017242086887574,76.94130034219532,3799,61.39872842870118,2202,69.17001438544825,61.39872842870118,728
Hitter,Sebastian Nadales,sa3076510,822238,2026,International Rookie,International Rookie,1,1,International Rookie,118.0,17.0,True,True,0.005613802873305087,0.06437621848530606,72.26246271836386,2347,66.04747162022704,1938,69.15496716929545,66.04747162022704,729
Hitter,Yeremy Cabrera,sa3018549,800393,2026,A+,A+,4,4,International Rookie | Complex | A | A+,361.0,20.0,True,True,0.030520435117654288,0.4406308443952255,78.36272703342985,3799,59.763851044504996,2202,69.06328903896743,59.763851044504996,730
Hitter,Juan Mateo,sa3024340,821379,2026,A,A,3,3,International Rookie | Complex | A,427.0,19.0,True,True,0.026402356692490244,0.29244092174903136,76.32035705430201,4033,61.76703645007924,2524,69.04369675219063,61.76703645007924,731
Hitter,Hendry Mendez,sa3015727,694230,2026,AAA,AAA,6,6,International Rookie | Complex | A | A+ | AA | AAA,309.0,22.0,True,True,0.08629184529380897,0.9874512208445688,90.90086011770032,2209,47.14131607335491,927,69.02108809552762,47.14131607335491,732
Hitter,Dylan Palmer,sa3039377,805590,2026,A+,A+,4,2,A | A+,244.0,22.0,True,True,0.038235774976435294,0.35697625836471203,71.49249802579627,3799,66.53042688465032,2202,69.0114624552233,66.53042688465032,733
Hitter,Jeremy Rodriguez,sa3021101,807007,2026,A,A,3,3,International Rookie | Complex | A,230.0,19.0,True,True,0.024807334322512482,0.3170155997270386,78.79990081824944,4033,59.11251980982567,2524,68.95621031403755,59.11251980982567,734
Hitter,Santiago Garcia,sa3077073,837799,2026,International Rookie,International Rookie,1,1,International Rookie,156.0,17.0,True,True,0.006456877504627626,0.05092448402997244,66.51043885811674,2347,71.25902992776058,1938,68.88473439293867,66.51043885811674,735
Hitter,Victor Figueroa,sa3031322,809372,2026,A+,A+,4,2,A | A+,335.0,22.0,True,True,0.04230639935162217,0.32427280437039213,68.2284811792577,3799,69.52770208900999,2202,68.87809163413385,68.2284811792577,736
Hitter,Jay Harry,sa3022607,803385,2026,AA,AA,5,3,A | A+ | AA,179.0,23.0,True,True,0.07632475358969745,0.6778065017059315,72.26114649681529,3140,65.44566544566544,1638,68.85340597124036,65.44566544566544,737
Hitter,Adriander Mejia,sa3021253,808337,2026,A,A,3,3,International Rookie | Complex | A,89.0,19.0,True,False,0.03503097051661337,0.21920495021147265,67.09645425241756,4033,70.60221870047543,2524,68.8493364764465,67.09645425241756,738
Hitter,Jhostin Fuentes,sa3077764,842034,2026,International Rookie,International Rookie,1,1,International Rookie,125.0,17.0,True,True,0.006832534817775897,0.04665816319618791,64.67831273966766,2347,72.96181630546955,1938,68.8200645225686,64.67831273966766,739
Hitter,Gabriel Rosario,sa3075071,836617,2026,International Rookie,International Rookie,1,1,International Rookie,191.0,17.0,True,True,0.006822074694324589,0.0467992849214644,64.72092032381764,2347,72.91021671826626,1938,68.81556852104194,64.72092032381764,740
Hitter,Jacob Friend,sa3031730,701820,2026,A,A,3,1,A,187.0,23.0,True,True,0.03549043366983716,0.21514986944894787,66.65013637490702,4033,70.91917591125198,2524,68.7846561430795,66.65013637490702,741
Hitter,Orlando Patino,sa3067810,829971,2026,International Rookie,International Rookie,1,1,International Rookie,178.0,18.0,True,True,0.0070359792443852745,0.04476348846976182,63.613123135918194,2347,73.78740970072239,1938,68.7002664183203,63.613123135918194,742
Hitter,Ethan Frey,sa3031717,703676,2026,A+,A+,4,2,A | A+,291.0,22.0,True,True,0.045723574512629164,0.29958863489875204,65.59620952882338,3799,71.7983651226158,2202,68.6972873257196,65.59620952882338,743
Hitter,Jack Winnay,sa3045455,813400,2026,AA,AA,5,3,A | A+ | AA,181.0,23.0,True,True,0.09700959142407203,0.5813311930822442,65.12738853503184,3140,72.22222222222223,1638,68.67480537862704,65.12738853503184,744
Hitter,Paul Gutierrez-Contreras II,sa3077957,827290,2026,A,A,3,1,A,74.0,20.0,True,False,0.03552349463237475,0.21199102862933522,66.42697743615174,4033,70.91917591125198,2524,68.67307667370187,66.42697743615174,745
Hitter,Gabe Camacho,sa3028295,814761,2026,A,A,3,1,A,89.0,20.0,True,False,0.03552349463237475,0.21199102862933522,66.42697743615174,4033,70.91917591125198,2524,68.67307667370187,66.42697743615174,745
Hitter,Brayden Martin,sa3037139,842047,2026,A,A,3,1,A,64.0,20.0,True,False,0.03552349463237475,0.21199102862933522,66.42697743615174,4033,70.91917591125198,2524,68.67307667370187,66.42697743615174,745
Hitter,Vahn Lackey,sa3035829,822518,2026,A,A,3,1,A,72.0,20.0,True,False,0.03552349463237475,0.21199102862933522,66.42697743615174,4033,70.91917591125198,2524,68.67307667370187,66.42697743615174,745
Hitter,Ryan Tayman,sa3043594,822034,2026,A,A,3,1,A,95.0,20.0,True,False,0.03552349463237475,0.21199102862933522,66.42697743615174,4033,70.91917591125198,2524,68.67307667370187,66.42697743615174,745
Hitter,Kuhio Aloy,sa3025960,821920,2026,A,A,3,1,A,93.0,20.0,True,False,0.03552349463237475,0.21199102862933522,66.42697743615174,4033,70.91917591125198,2524,68.67307667370187,66.42697743615174,745
Hitter,Chris Rembert,sa3060352,807300,2026,A,A,3,1,A,82.0,20.0,True,False,0.03552349463237475,0.21199102862933522,66.42697743615174,4033,70.91917591125198,2524,68.67307667370187,66.42697743615174,745
Hitter,Wilberson De Pena,sa3025019,821648,2026,A,A,3,3,International Rookie | Complex | A,92.0,19.0,True,False,0.032936024143189746,0.23014525113149825,68.50979419786759,4033,68.81933438985737,2524,68.66456429386248,68.50979419786759,752
Hitter,Ryan Wideman,sa3060916,834240,2026,A,A,3,1,A,299.0,22.0,True,True,0.02629170828662758,0.28715389229897126,75.79965286387305,4033,61.450079239302696,2524,68.62486605158787,61.450079239302696,753
Hitter,Victor Santana,sa3067736,829750,2026,A,A,3,3,International Rookie | Complex | A,122.0,18.0,True,True,0.02635077290095639,0.28635971343304234,75.67567567567568,4033,61.5689381933439,2524,68.6223069345098,61.5689381933439,754
Hitter,Devin Saltiban,sa3022827,813880,2026,A+,A+,4,2,A | A+,456.0,21.0,True,True,0.033622656891035135,0.389684972883164,74.38799684127402,3799,62.80653950953678,2202,68.5972681754054,62.80653950953678,755
Hitter,Sebastian Espinoza,sa3076612,837699,2026,International Rookie,International Rookie,1,1,International Rookie,167.0,17.0,True,True,0.007974685733446512,0.03750965426985151,58.883681295270556,2347,78.2249742002064,1938,68.55432774773848,58.883681295270556,756
Hitter,Victor Rodrigues,sa3018520,800332,2026,A+,A+,4,4,International Rookie | Complex | A | A+,308.0,21.0,True,True,0.05773628115962812,0.2535725327401587,59.56830744932877,3799,77.29336966394187,2202,68.43083855663532,59.56830744932877,757
Hitter,Lonnie White Jr.,sa3017628,696145,2026,AA,AA,5,4,Complex | A | A+ | AA,377.0,23.0,True,True,0.07912070510720644,0.6601157701530931,70.79617834394904,3140,66.05616605616606,1638,68.42617220005755,66.05616605616606,758
Hitter,RJ Austin,sa3026315,702720,2026,A+,A+,4,2,A | A+,274.0,22.0,True,True,0.03522521591845965,0.36970157736637105,72.54540668597,3799,64.30517711171662,2202,68.42529189884331,64.30517711171662,759
Hitter,Henry Manrique,sa3076691,837985,2026,International Rookie,International Rookie,1,1,International Rookie,220.0,17.0,True,True,0.005380627501474706,0.06430353078555963,72.26246271836386,2347,64.55108359133126,1938,68.40677315484757,64.55108359133126,760
Hitter,Roldy Brito,sa3023917,821041,2026,A+,A+,4,4,International Rookie | Complex | A | A+,175.0,19.0,True,True,0.02509888473682928,0.5246669912115997,83.65359305080284,3799,52.997275204359674,2202,68.32543412758126,52.997275204359674,761
Hitter,Marco Dinges,sa3025495,701392,2026,AA,AA,5,3,A | A+ | AA,58.0,22.0,True,False,0.0915705263350599,0.5932143288055995,66.0828025477707,3140,70.51282051282051,1638,68.2978115302956,66.0828025477707,762
Hitter,Jace Avina,sa3018398,701778,2026,AA,AA,5,4,Complex | A | A+ | AA,518.0,23.0,True,True,0.08518180158788863,0.6309088158410792,68.69426751592357,3140,67.88766788766789,1638,68.29096770179572,67.88766788766789,763
Hitter,Fenwick Trimble,sa3025202,814458,2026,AA,AA,5,3,A | A+ | AA,369.0,23.0,True,True,0.08174526882650993,0.6426981752667643,69.52229299363057,3140,66.97191697191697,1638,68.24710498277378,66.97191697191697,764
Hitter,Max Belyeu,sa3026937,803284,2026,A+,A+,4,1,A+,281.0,22.0,True,True,0.044126849888788136,0.30032368966957923,65.64885496183206,3799,70.84468664850137,2202,68.2467708051667,65.64885496183206,765
Hitter,Nolan Sailors,sa3041417,823073,2026,A+,A+,4,1,A+,450.0,22.0,True,True,0.03910531062592464,0.3348272493394094,69.17609897341406,3799,67.25703905540418,2202,68.21656901440912,67.25703905540418,766
Hitter,Billy Amick,sa3025249,701771,2026,AA,AA,5,3,A | A+ | AA,433.0,23.0,True,True,0.08559938029967189,0.6216205881840067,68.21656050955414,3140,68.1929181929182,1638,68.20473935123617,68.1929181929182,767
Hitter,Jason Schiavone,sa3025370,828395,2026,AA,AA,5,3,A | A+ | AA,339.0,23.0,True,True,0.09900382303264449,0.5651929491861144,63.47133757961783,3140,72.83272283272284,1638,68.15203020617034,63.47133757961783,768
Hitter,Justin DeCriscio,sa3030012,813664,2026,A,A,3,1,A,117.0,23.0,True,True,0.03468065487199138,0.20828632360694027,65.85668237044383,4033,70.44374009508716,2524,68.1502112327655,65.85668237044383,769
Hitter,Stiven Flores,sa3021638,808696,2026,A,A,3,3,International Rookie | Complex | A,393.0,20.0,True,True,0.036209929430631754,0.20094191776975498,64.88966030250434,4033,71.3946117274168,2524,68.14213601496057,64.88966030250434,770
Hitter,Victor Ortega,sa3018439,703861,2026,A,A,3,3,International Rookie | Complex | A,201.0,22.0,True,True,0.04831293187294158,0.15380310150097984,57.128688321348875,4033,79.12044374009508,2524,68.12456603072198,57.128688321348875,771
Hitter,Nauris De La Cruz,sa3067878,832703,2026,Complex,Complex,2,2,International Rookie | Complex,198.0,18.0,True,True,0.011883172738806189,0.22141817239152123,83.63490148773623,2487,52.505219206680586,1916,68.07006034720841,52.505219206680586,772
Hitter,Ronny Cruz,sa3067336,826723,2026,A+,A+,4,3,Complex | A | A+,460.0,19.0,True,True,0.026723530076800926,0.47571512334073485,80.81073966833377,3799,55.3133514986376,2202,68.06204558348568,55.3133514986376,773
Hitter,Cristian Montilla,sa3067798,829937,2026,International Rookie,International Rookie,1,1,International Rookie,126.0,18.0,True,True,0.005597489163960144,0.05749106759109983,69.96165317426502,2347,65.99587203302373,1938,67.97876260364438,65.99587203302373,774
Hitter,Isaiah Jackson,sa3034493,805365,2026,A+,A+,4,1,A+,444.0,22.0,True,True,0.043533518334763766,0.29860474844323653,65.43827322979732,3799,70.3905540417802,2202,67.91441363578876,65.43827322979732,775
Hitter,Misael Sanchez,sa3077075,837805,2026,International Rookie,International Rookie,1,1,International Rookie,183.0,17.0,True,True,0.004651098606974201,0.0767115798062173,75.7988922028121,2347,59.907120743034056,1938,67.85300647292308,59.907120743034056,776
Hitter,Fredderick Ovalle,sa3067718,829704,2026,A,A,3,3,International Rookie | Complex | A,153.0,19.0,True,True,0.03312915653606729,0.2151262801614098,66.65013637490702,4033,68.97781299524564,2524,67.81397468507633,66.65013637490702,777
Hitter,J.D. Gonzalez,sa3023546,806083,2026,A+,A+,4,2,A | A+,98.0,20.0,True,False,0.03295360143644163,0.37766159330761423,73.36141089760463,3799,62.21616712079928,2202,67.78878900920195,62.21616712079928,778
Hitter,Dylan Campbell,sa3022751,694749,2026,AA,AA,5,2,A+ | AA,526.0,23.0,True,True,0.08888922577485829,0.5917016149890237,65.98726114649682,3140,69.47496947496947,1638,67.73111531073314,65.98726114649682,779
Hitter,Parks Harber,sa3025308,692238,2026,AA,AA,5,3,A | A+ | AA,298.0,24.0,True,True,0.09507477362811091,0.5673838070833607,63.72611464968153,3140,71.73382173382173,1638,67.72996819175162,63.72611464968153,780
Hitter,Patrick Clohisy,sa3025223,802117,2026,AAA,AAA,6,4,A | A+ | AA | AAA,156.0,24.0,True,True,0.1055282778696553,0.9653113675156273,80.71525577184246,2209,54.69255663430421,927,67.70390620307333,54.69255663430421,781
Hitter,Jose Barrios,sa3067730,829737,2026,Complex,Complex,2,2,International Rookie | Complex,121.0,18.0,True,True,0.012770883017038461,0.19269499006022398,80.01608363490149,2487,55.37578288100209,1916,67.6959332579518,55.37578288100209,782
Hitter,Maykel Coret,sa3067683,829044,2026,International Rookie,International Rookie,1,1,International Rookie,209.0,18.0,True,True,0.013700486208462898,0.0217302348732154,44.823178525777585,2347,90.50567595459236,1938,67.66442724018498,44.823178525777585,783
Hitter,Daniel Bucciero,sa3027937,827759,2026,A+,A+,4,2,A | A+,192.0,21.0,True,True,0.034415289977840956,0.3602041205301717,71.7557251908397,3799,63.53315168029064,2202,67.64443843556518,63.53315168029064,784
Hitter,Jace Bohrofen,sa3022653,690957,2026,AA,AA,5,3,A | A+ | AA,197.0,24.0,True,True,0.06684772803355088,0.6880680165572691,73.05732484076434,3140,62.02686202686203,1638,67.54209343381318,62.02686202686203,785
Hitter,Joephillip Guzman,sa3075625,829191,2026,Complex,Complex,2,1,Complex,113.0,19.0,True,True,0.023528659538872967,0.08703140359378977,59.026940088459995,2487,76.04384133611691,1916,67.53539071228846,59.026940088459995,786
Hitter,Billy Amick,sa3025249,701771,2026,AAA,AAA,6,4,A | A+ | AA | AAA,65.0,23.0,True,False,0.12399931343673194,0.9366985669997951,72.61204164780443,2209,62.351672060409925,927,67.48185685410718,62.351672060409925,787
Hitter,Angel De Los Santos,sa3067737,829751,2026,A,A,3,3,International Rookie | Complex | A,105.0,18.0,True,True,0.02371077081645807,0.30097144375305634,77.08901562112571,4033,57.765451664025356,2524,67.42723364257553,57.765451664025356,788
Hitter,Nehomar Ochoa Jr.,sa3022572,806441,2026,A,A,3,1,A,146.0,20.0,True,True,0.03027936917200046,0.22524528916085848,67.96429456979915,4033,66.60063391442155,2524,67.28246424211035,66.60063391442155,789
Hitter,Jeans Carrizalez,sa3077326,839294,2026,International Rookie,International Rookie,1,1,International Rookie,84.0,17.0,True,False,0.005632004330718543,0.05492588968558558,68.51299531316575,2347,66.04747162022704,1938,67.28023346669639,66.04747162022704,790
Hitter,Berman Moreno,sa3076699,838007,2026,International Rookie,International Rookie,1,1,International Rookie,73.0,17.0,True,False,0.005632004330718543,0.05492588968558558,68.51299531316575,2347,66.04747162022704,1938,67.28023346669639,66.04747162022704,790
Hitter,Jorge Silvera,sa3076582,837630,2026,International Rookie,International Rookie,1,1,International Rookie,99.0,17.0,True,False,0.005632004330718543,0.05492588968558558,68.51299531316575,2347,66.04747162022704,1938,67.28023346669639,66.04747162022704,790
Hitter,Alberto Aguilar,sa3077092,838134,2026,International Rookie,International Rookie,1,1,International Rookie,54.0,17.0,True,False,0.005632004330718543,0.05492588968558558,68.51299531316575,2347,66.04747162022704,1938,67.28023346669639,66.04747162022704,790
Hitter,Marcos Mateo,sa3076523,825173,2026,International Rookie,International Rookie,1,1,International Rookie,54.0,17.0,True,False,0.005632004330718543,0.05492588968558558,68.51299531316575,2347,66.04747162022704,1938,67.28023346669639,66.04747162022704,790
Hitter,Yariel Cordero,sa3077216,837623,2026,International Rookie,International Rookie,1,1,International Rookie,61.0,17.0,True,False,0.005632004330718543,0.05492588968558558,68.51299531316575,2347,66.04747162022704,1938,67.28023346669639,66.04747162022704,790
Hitter,Felix Colina,sa3077432,839235,2026,International Rookie,International Rookie,1,1,International Rookie,66.0,17.0,True,False,0.005632004330718543,0.05492588968558558,68.51299531316575,2347,66.04747162022704,1938,67.28023346669639,66.04747162022704,790
Hitter,Juandy Romero,sa3077548,837671,2026,International Rookie,International Rookie,1,1,International Rookie,76.0,17.0,True,False,0.005632004330718543,0.05492588968558558,68.51299531316575,2347,66.04747162022704,1938,67.28023346669639,66.04747162022704,790
Hitter,Jorwin Pulido,sa3076639,837787,2026,International Rookie,International Rookie,1,1,International Rookie,87.0,17.0,True,False,0.005632004330718543,0.05492588968558558,68.51299531316575,2347,66.04747162022704,1938,67.28023346669639,66.04747162022704,790
Hitter,Andres Rivero,sa3076706,838977,2026,International Rookie,International Rookie,1,1,International Rookie,90.0,17.0,True,False,0.005632004330718543,0.05492588968558558,68.51299531316575,2347,66.04747162022704,1938,67.28023346669639,66.04747162022704,790
Hitter,Yonathan Aro,sa3077089,837989,2026,International Rookie,International Rookie,1,1,International Rookie,87.0,17.0,True,False,0.005632004330718543,0.05492588968558558,68.51299531316575,2347,66.04747162022704,1938,67.28023346669639,66.04747162022704,790
Hitter,Sebastian Mireles,sa3076683,837963,2026,International Rookie,International Rookie,1,1,International Rookie,57.0,17.0,True,False,0.005632004330718543,0.05492588968558558,68.51299531316575,2347,66.04747162022704,1938,67.28023346669639,66.04747162022704,790
Hitter,Luis Consoro,sa3077828,843876,2026,International Rookie,International Rookie,1,1,International Rookie,70.0,17.0,True,False,0.005632004330718543,0.05492588968558558,68.51299531316575,2347,66.04747162022704,1938,67.28023346669639,66.04747162022704,790
Hitter,Jesus Linares,sa3076501,822208,2026,International Rookie,International Rookie,1,1,International Rookie,99.0,17.0,True,False,0.005632004330718543,0.05492588968558558,68.51299531316575,2347,66.04747162022704,1938,67.28023346669639,66.04747162022704,790
Hitter,Wilneyker Bruce,sa3077076,837826,2026,International Rookie,International Rookie,1,1,International Rookie,78.0,17.0,True,False,0.005632004330718543,0.05492588968558558,68.51299531316575,2347,66.04747162022704,1938,67.28023346669639,66.04747162022704,790
Hitter,David Manzueta,sa3077077,837833,2026,International Rookie,International Rookie,1,1,International Rookie,91.0,17.0,True,False,0.005632004330718543,0.05492588968558558,68.51299531316575,2347,66.04747162022704,1938,67.28023346669639,66.04747162022704,790
Hitter,Carlos Brito,sa3077848,844168,2026,International Rookie,International Rookie,1,1,International Rookie,94.0,17.0,True,False,0.005632004330718543,0.05492588968558558,68.51299531316575,2347,66.04747162022704,1938,67.28023346669639,66.04747162022704,790
Hitter,Joan Hernandez,sa3077865,844205,2026,International Rookie,International Rookie,1,1,International Rookie,51.0,17.0,True,False,0.005632004330718543,0.05492588968558558,68.51299531316575,2347,66.04747162022704,1938,67.28023346669639,66.04747162022704,790
Hitter,Victor Rodriguez,sa3077577,822247,2026,International Rookie,International Rookie,1,1,International Rookie,53.0,17.0,True,False,0.005632004330718543,0.05492588968558558,68.51299531316575,2347,66.04747162022704,1938,67.28023346669639,66.04747162022704,790
Hitter,Ambeiro Recio,sa3077080,837873,2026,International Rookie,International Rookie,1,1,International Rookie,70.0,17.0,True,False,0.005632004330718543,0.05492588968558558,68.51299531316575,2347,66.04747162022704,1938,67.28023346669639,66.04747162022704,790
Hitter,Jose Suarez,sa3077043,825163,2026,International Rookie,International Rookie,1,1,International Rookie,93.0,17.0,True,False,0.005632004330718543,0.05492588968558558,68.51299531316575,2347,66.04747162022704,1938,67.28023346669639,66.04747162022704,790
Hitter,Starlyn De La Cruz,sa3075080,837707,2026,International Rookie,International Rookie,1,1,International Rookie,64.0,17.0,True,False,0.005632004330718543,0.05492588968558558,68.51299531316575,2347,66.04747162022704,1938,67.28023346669639,66.04747162022704,790
Hitter,Andy Gonzalez,sa3077219,842355,2026,International Rookie,International Rookie,1,1,International Rookie,60.0,17.0,True,False,0.005632004330718543,0.05492588968558558,68.51299531316575,2347,66.04747162022704,1938,67.28023346669639,66.04747162022704,790
Hitter,Diego Hernandez,sa3077079,837871,2026,International Rookie,International Rookie,1,1,International Rookie,78.0,17.0,True,False,0.005632004330718543,0.05492588968558558,68.51299531316575,2347,66.04747162022704,1938,67.28023346669639,66.04747162022704,790
Hitter,Jesus Flores,sa3077086,837965,2026,International Rookie,International Rookie,1,1,International Rookie,87.0,17.0,True,False,0.005632004330718543,0.05492588968558558,68.51299531316575,2347,66.04747162022704,1938,67.28023346669639,66.04747162022704,790
Hitter,Carlos Goncalves,sa3077568,837662,2026,International Rookie,International Rookie,1,1,International Rookie,51.0,17.0,True,False,0.005632004330718543,0.05492588968558558,68.51299531316575,2347,66.04747162022704,1938,67.28023346669639,66.04747162022704,790
Hitter,Kendry Diaz,sa3077052,833200,2026,International Rookie,International Rookie,1,1,International Rookie,92.0,17.0,True,False,0.005632004330718543,0.05492588968558558,68.51299531316575,2347,66.04747162022704,1938,67.28023346669639,66.04747162022704,790
Hitter,Ronny Felix,sa3077062,837650,2026,International Rookie,International Rookie,1,1,International Rookie,83.0,17.0,True,False,0.005632004330718543,0.05492588968558558,68.51299531316575,2347,66.04747162022704,1938,67.28023346669639,66.04747162022704,790
Hitter,Jesus Gomez,sa3077715,843588,2026,International Rookie,International Rookie,1,1,International Rookie,92.0,17.0,True,False,0.005632004330718543,0.05492588968558558,68.51299531316575,2347,66.04747162022704,1938,67.28023346669639,66.04747162022704,790
Hitter,Jose Gori,sa3077065,837689,2026,International Rookie,International Rookie,1,1,International Rookie,99.0,17.0,True,False,0.005632004330718543,0.05492588968558558,68.51299531316575,2347,66.04747162022704,1938,67.28023346669639,66.04747162022704,790
Hitter,Romano Donato,sa3068201,829818,2026,International Rookie,International Rookie,1,1,International Rookie,83.0,17.0,True,False,0.005632004330718543,0.05492588968558558,68.51299531316575,2347,66.04747162022704,1938,67.28023346669639,66.04747162022704,790
Hitter,Ruben Revost,sa3077085,837964,2026,International Rookie,International Rookie,1,1,International Rookie,61.0,17.0,True,False,0.005632004330718543,0.05492588968558558,68.51299531316575,2347,66.04747162022704,1938,67.28023346669639,66.04747162022704,790
Hitter,Anderson Gonzalez,sa3077081,837889,2026,International Rookie,International Rookie,1,1,International Rookie,85.0,17.0,True,False,0.005632004330718543,0.05492588968558558,68.51299531316575,2347,66.04747162022704,1938,67.28023346669639,66.04747162022704,790
Hitter,Giancarlos Mendoza,sa3077724,822295,2026,International Rookie,International Rookie,1,1,International Rookie,61.0,17.0,True,False,0.005632004330718543,0.05492588968558558,68.51299531316575,2347,66.04747162022704,1938,67.28023346669639,66.04747162022704,790
Hitter,Jesus Hernandez,sa3077324,838567,2026,International Rookie,International Rookie,1,1,International Rookie,64.0,17.0,True,False,0.005632004330718543,0.05492588968558558,68.51299531316575,2347,66.04747162022704,1938,67.28023346669639,66.04747162022704,790
Hitter,Santiago Ventura,sa3077791,837810,2026,International Rookie,International Rookie,1,1,International Rookie,94.0,17.0,True,False,0.005632004330718543,0.05492588968558558,68.51299531316575,2347,66.04747162022704,1938,67.28023346669639,66.04747162022704,790
Hitter,Jose Victorino,sa3076593,837652,2026,International Rookie,International Rookie,1,1,International Rookie,90.0,17.0,True,False,0.005632004330718543,0.05492588968558558,68.51299531316575,2347,66.04747162022704,1938,67.28023346669639,66.04747162022704,790
Hitter,Adrian La Rosa,sa3077090,837994,2026,International Rookie,International Rookie,1,1,International Rookie,89.0,17.0,True,False,0.005632004330718543,0.05492588968558558,68.51299531316575,2347,66.04747162022704,1938,67.28023346669639,66.04747162022704,790
Hitter,Jesus Teran,sa3077218,840307,2026,International Rookie,International Rookie,1,1,International Rookie,94.0,17.0,True,False,0.005632004330718543,0.05492588968558558,68.51299531316575,2347,66.04747162022704,1938,67.28023346669639,66.04747162022704,790
Hitter,Deret Gonzalez,sa3077317,837629,2026,International Rookie,International Rookie,1,1,International Rookie,76.0,17.0,True,False,0.005632004330718543,0.05492588968558558,68.51299531316575,2347,66.04747162022704,1938,67.28023346669639,66.04747162022704,790
Hitter,Angel Nieto,sa3076606,837687,2026,International Rookie,International Rookie,1,1,International Rookie,72.0,17.0,True,False,0.005632004330718543,0.05492588968558558,68.51299531316575,2347,66.04747162022704,1938,67.28023346669639,66.04747162022704,790
Hitter,Brad Rodriguez,sa3077328,842262,2026,International Rookie,International Rookie,1,1,International Rookie,61.0,17.0,True,False,0.005632004330718543,0.05492588968558558,68.51299531316575,2347,66.04747162022704,1938,67.28023346669639,66.04747162022704,790
Hitter,Francisco Coronado,sa3076960,835343,2026,International Rookie,International Rookie,1,1,International Rookie,68.0,17.0,True,False,0.005632004330718543,0.05492588968558558,68.51299531316575,2347,66.04747162022704,1938,67.28023346669639,66.04747162022704,790
Hitter,Maiker Ramirez,sa3077838,837762,2026,International Rookie,International Rookie,1,1,International Rookie,88.0,17.0,True,False,0.005632004330718543,0.05492588968558558,68.51299531316575,2347,66.04747162022704,1938,67.28023346669639,66.04747162022704,790
Hitter,Emmanuel Orozco,sa3068242,832789,2026,International Rookie,International Rookie,1,1,International Rookie,62.0,17.0,True,False,0.005632004330718543,0.05492588968558558,68.51299531316575,2347,66.04747162022704,1938,67.28023346669639,66.04747162022704,790
Hitter,Fraimy Sanchez,sa3076556,834316,2026,International Rookie,International Rookie,1,1,International Rookie,62.0,17.0,True,False,0.005632004330718543,0.05492588968558558,68.51299531316575,2347,66.04747162022704,1938,67.28023346669639,66.04747162022704,790
Hitter,Samir Guerrero,sa3077040,824932,2026,International Rookie,International Rookie,1,1,International Rookie,72.0,17.0,True,False,0.005632004330718543,0.05492588968558558,68.51299531316575,2347,66.04747162022704,1938,67.28023346669639,66.04747162022704,790
Hitter,Eiker Lothar,sa3077066,837708,2026,International Rookie,International Rookie,1,1,International Rookie,98.0,17.0,True,False,0.005632004330718543,0.05492588968558558,68.51299531316575,2347,66.04747162022704,1938,67.28023346669639,66.04747162022704,790
Hitter,Eliecer Mendoza,sa3077429,837636,2026,International Rookie,International Rookie,1,1,International Rookie,51.0,17.0,True,False,0.005632004330718543,0.05492588968558558,68.51299531316575,2347,66.04747162022704,1938,67.28023346669639,66.04747162022704,790
Hitter,Alexander Huerta,sa3076708,839409,2026,International Rookie,International Rookie,1,1,International Rookie,85.0,17.0,True,False,0.005632004330718543,0.05492588968558558,68.51299531316575,2347,66.04747162022704,1938,67.28023346669639,66.04747162022704,790
Hitter,Nicola Perdomo,sa3077621,840719,2026,International Rookie,International Rookie,1,1,International Rookie,60.0,17.0,True,False,0.005632004330718543,0.05492588968558558,68.51299531316575,2347,66.04747162022704,1938,67.28023346669639,66.04747162022704,790
Hitter,Edwinyer Martinez,sa3077087,837966,2026,International Rookie,International Rookie,1,1,International Rookie,88.0,17.0,True,False,0.005632004330718543,0.05492588968558558,68.51299531316575,2347,66.04747162022704,1938,67.28023346669639,66.04747162022704,790
Hitter,Patrick Silva,sa3077311,832061,2026,International Rookie,International Rookie,1,1,International Rookie,85.0,17.0,True,False,0.005632004330718543,0.05492588968558558,68.51299531316575,2347,66.04747162022704,1938,67.28023346669639,66.04747162022704,790
Hitter,Juan Batista,sa3077434,842442,2026,International Rookie,International Rookie,1,1,International Rookie,82.0,17.0,True,False,0.005632004330718543,0.05492588968558558,68.51299531316575,2347,66.04747162022704,1938,67.28023346669639,66.04747162022704,790
Hitter,Jawel Garcia,sa3077083,837952,2026,International Rookie,International Rookie,1,1,International Rookie,58.0,17.0,True,False,0.005632004330718543,0.05492588968558558,68.51299531316575,2347,66.04747162022704,1938,67.28023346669639,66.04747162022704,790
Hitter,Wilker Rosales,sa3077088,837977,2026,International Rookie,International Rookie,1,1,International Rookie,84.0,17.0,True,False,0.005632004330718543,0.05492588968558558,68.51299531316575,2347,66.04747162022704,1938,67.28023346669639,66.04747162022704,790
Hitter,Juan Mosqueda,sa3077545,822178,2026,International Rookie,International Rookie,1,1,International Rookie,85.0,17.0,True,False,0.005632004330718543,0.05492588968558558,68.51299531316575,2347,66.04747162022704,1938,67.28023346669639,66.04747162022704,790
Hitter,Cristopher Jaquez,sa3077067,837738,2026,International Rookie,International Rookie,1,1,International Rookie,68.0,17.0,True,False,0.005632004330718543,0.05492588968558558,68.51299531316575,2347,66.04747162022704,1938,67.28023346669639,66.04747162022704,790
Hitter,Edward Suazo,sa3076579,837606,2026,International Rookie,International Rookie,1,1,International Rookie,76.0,17.0,True,False,0.005632004330718543,0.05492588968558558,68.51299531316575,2347,66.04747162022704,1938,67.28023346669639,66.04747162022704,790
Hitter,Daniel Alana,sa3077749,838807,2026,International Rookie,International Rookie,1,1,International Rookie,68.0,17.0,True,False,0.005632004330718543,0.05492588968558558,68.51299531316575,2347,66.04747162022704,1938,67.28023346669639,66.04747162022704,790
Hitter,Angel Alvarez,sa3077097,842300,2026,International Rookie,International Rookie,1,1,International Rookie,74.0,17.0,True,False,0.005632004330718543,0.05492588968558558,68.51299531316575,2347,66.04747162022704,1938,67.28023346669639,66.04747162022704,790
Hitter,Angel Chacon,sa3076495,822179,2026,International Rookie,International Rookie,1,1,International Rookie,75.0,17.0,True,False,0.005632004330718543,0.05492588968558558,68.51299531316575,2347,66.04747162022704,1938,67.28023346669639,66.04747162022704,790
Hitter,Carlos Tejera,sa3076555,834311,2026,International Rookie,International Rookie,1,1,International Rookie,78.0,17.0,True,False,0.005632004330718543,0.05492588968558558,68.51299531316575,2347,66.04747162022704,1938,67.28023346669639,66.04747162022704,790
Hitter,Jesmaylin Arias,sa3024311,820942,2026,A,A,3,3,International Rookie | Complex | A,81.0,19.0,True,False,0.03008143874399217,0.22845104509893943,68.3114306967518,4033,66.24405705229793,2524,67.27774387452487,66.24405705229793,853
Hitter,John Cruz,sa3018573,800476,2026,A,Complex,3,3,International Rookie | Complex | A,54.0,19.0,True,False,0.031869632912058785,0.21181031460609073,66.40218199851228,4033,68.1458003169572,2524,67.27399115773474,66.40218199851228,854
Hitter,Jose Pirela,sa3021191,808141,2026,A+,A+,4,4,International Rookie | Complex | A | A+,98.0,20.0,True,False,0.032682294002851976,0.3673192458090957,72.44011581995262,3799,62.07992733878292,2202,67.26002157936777,62.07992733878292,855
Hitter,Jhonael Cuello,sa3067648,825182,2026,International Rookie,International Rookie,1,1,International Rookie,211.0,18.0,True,True,0.0034767070714424747,0.11623673560072433,84.06476352790797,2347,50.41279669762642,1938,67.23878011276719,50.41279669762642,856
Hitter,Engelth Urena,sa3018484,800246,2026,A+,A,4,3,Complex | A | A+,90.0,20.0,True,False,0.03659177315969652,0.3344291425586833,69.14977625690972,3799,65.25885558583106,2202,67.20431592137038,65.25885558583106,857
Hitter,Diego Velasquez,sa3016144,694196,2026,AAA,AAA,6,5,Complex | A | A+ | AA | AAA,120.0,22.0,True,True,0.12256793716082404,0.9370815434279485,72.70258035310096,2209,61.704422869471415,927,67.20350161128619,61.704422869471415,858
Hitter,Brooks Brannon,sa3020417,703477,2026,AA,AA,5,4,Complex | A | A+ | AA,390.0,22.0,True,True,0.05242884102952415,0.7597291107210914,78.9171974522293,3140,55.25030525030525,1638,67.08375135126728,55.25030525030525,859
Hitter,Luiyin Alastre,sa3021210,808236,2026,A+,A+,4,4,International Rookie | Complex | A | A+,279.0,20.0,True,True,0.035464797637389876,0.3393438389906815,69.67623058699658,3799,64.48683015440508,2202,67.08153037070083,64.48683015440508,860
Hitter,Angel Suarez,sa3068414,831849,2026,International Rookie,International Rookie,1,1,International Rookie,145.0,17.0,True,True,0.007506006400833584,0.03648623654941688,58.159352364720924,2347,75.9545923632611,1938,67.05697236399101,58.159352364720924,861
Hitter,Jesus Chavez,sa3076696,837999,2026,International Rookie,International Rookie,1,1,International Rookie,140.0,17.0,True,True,0.0048577063784340565,0.06551240139353501,72.64593097571368,2347,61.35190918472652,1938,66.9989200802201,61.35190918472652,862
Hitter,Will Bush,sa3022698,813844,2026,AA,AA,5,3,A | A+ | AA,411.0,22.0,True,True,0.08974003142320545,0.5725372904935268,64.14012738853503,3140,69.78021978021978,1638,66.9601735843774,64.14012738853503,863
Hitter,Matthew Wood,sa3019924,687783,2026,AA,AA,5,3,A | A+ | AA,380.0,25.0,True,True,0.12765817210141892,0.44992295755941,53.789808917197455,3140,80.0976800976801,1638,66.94374450743878,53.789808917197455,864
Hitter,Eber Miranda,sa3076629,837763,2026,International Rookie,International Rookie,1,1,International Rookie,133.0,17.0,True,True,0.006741041802435381,0.04092422182184504,61.26970600766936,2347,72.60061919504643,1938,66.9351626013579,61.26970600766936,865
Hitter,Luis Cova,sa3023723,815909,2026,A,A,3,3,International Rookie | Complex | A,255.0,19.0,True,True,0.03055812128249781,0.21639042365327105,66.84849987602281,4033,66.9175911251981,2524,66.88304550061045,66.84849987602281,866
Hitter,Tucker Toman,sa3020132,702283,2026,AA,AA,5,3,A | A+ | AA,81.0,22.0,True,False,0.07114928304639669,0.6553268249177823,70.38216560509554,3140,63.36996336996337,1638,66.87606448752945,63.36996336996337,867
Hitter,Justin Thomas Jr.,sa3043700,702520,2026,AA,AA,5,3,A | A+ | AA,81.0,22.0,True,False,0.06807207223230748,0.6708056837347564,71.62420382165605,3140,62.08791208791209,1638,66.85605795478406,62.08791208791209,868
Hitter,Waner Luciano,sa3018501,800294,2026,A,A,3,3,International Rookie | Complex | A,303.0,21.0,True,True,0.03915353675866839,0.17199896050182673,60.054549962806846,4033,73.61331220285261,2524,66.83393108282974,60.054549962806846,869
Hitter,Gavin Conticello,sa3017770,695521,2026,AA,AA,5,4,Complex | A | A+ | AA,311.0,23.0,True,True,0.0682623369765466,0.6671858978943714,71.30573248407643,3140,62.27106227106227,1638,66.78839737756935,62.27106227106227,870
Hitter,Brooks Bryan,sa3027921,804871,2026,A,A,3,1,A,138.0,21.0,True,True,0.03858875881056405,0.1738528136811046,60.30250433920159,4033,73.21711568938193,2524,66.75981001429176,60.30250433920159,871
Hitter,Logan Wagner,sa3019932,702488,2026,A+,A+,4,3,Complex | A | A+,254.0,22.0,True,True,0.03872730321514644,0.3092056917709232,66.43853645696235,3799,66.98455949137148,2202,66.71154797416692,66.43853645696235,872
Hitter,Luis Steven King,sa3067855,830443,2026,International Rookie,International Rookie,1,1,International Rookie,167.0,18.0,True,True,0.006518551161357996,0.041587413434673925,61.653174265019175,2347,71.56862745098039,1938,66.61090085799978,61.653174265019175,873
Hitter,Esteban Mejia,sa3018527,800354,2026,A+,A,4,4,International Rookie | Complex | A | A+,68.0,20.0,True,False,0.030051133584174737,0.38317367379982903,73.91418794419585,3799,59.08265213442325,2202,66.49842003930955,59.08265213442325,874
Hitter,Luis Lameda,sa3021233,808288,2026,A+,A+,4,4,International Rookie | Complex | A | A+,56.0,20.0,True,False,0.03249786396692316,0.3511943442703309,71.04501184522243,3799,61.80744777475023,2202,66.42622980998632,61.80744777475023,875
Hitter,Robert Calaz,sa3021078,806978,2026,A+,A+,4,4,International Rookie | Complex | A | A+,420.0,20.0,True,True,0.029285507408866828,0.39007170177052897,74.41431955777836,3799,58.310626702997276,2202,66.36247313038781,58.310626702997276,876
Hitter,Ismael Mejia,sa3068401,829765,2026,International Rookie,International Rookie,1,1,International Rookie,153.0,17.0,True,True,0.0036434052011844777,0.09468735254799361,80.48572645930976,2347,52.218782249742,1938,66.35225435452588,52.218782249742,877
Hitter,Damian Bravo,sa3027616,809720,2026,A+,A,4,2,A | A+,98.0,21.0,True,False,0.03804904683407462,0.30759033442256417,66.25427744143195,3799,66.43960036330608,2202,66.34693890236902,66.25427744143195,878
Hitter,Marcos Hernandez,sa3076701,838135,2026,International Rookie,International Rookie,1,1,International Rookie,120.0,17.0,True,True,0.005646407361173037,0.05096707630664718,66.51043885811674,2347,66.15067079463364,1938,66.33055482637519,66.15067079463364,879
Hitter,Chase Davis,sa3022426,690971,2026,AA,AA,5,3,A | A+ | AA,156.0,24.0,True,True,0.07559072047823528,0.6087414043579709,67.38853503184713,3140,65.2014652014652,1638,66.29500011665615,65.2014652014652,880
Hitter,Yorber Semprun,sa3068195,829774,2026,Complex,Complex,2,2,International Rookie | Complex,72.0,18.0,True,False,0.011458099874832088,0.20540797669268193,81.54402895054282,2487,51.04384133611691,1916,66.29393514332986,51.04384133611691,881
Hitter,Byron Chourio,sa3018644,805102,2026,A,A,3,3,International Rookie | Complex | A,235.0,21.0,True,True,0.03231897436342575,0.19510231540868683,64.12100173568064,4033,68.46275752773376,2524,66.29187963170719,64.12100173568064,882
Hitter,Larry Suero,sa3067687,829050,2026,International Rookie,International Rookie,1,1,International Rookie,217.0,18.0,True,True,0.00734224979931897,0.03552923303309804,57.56284618662122,2347,74.87100103199174,1938,66.21692360930648,57.56284618662122,883
Hitter,Javier Mogollon,sa3021855,808684,2026,A,A,3,3,International Rookie | Complex | A,241.0,20.0,True,True,0.03010980305731604,0.20971262525400597,66.05504587155963,4033,66.32329635499208,2524,66.18917111327585,66.05504587155963,884
Hitter,Dean Moss,sa3069262,815830,2026,A,A,3,1,A,300.0,20.0,True,True,0.027864847683474143,0.23146937476795687,68.68336226134392,4033,63.66877971473851,2524,66.17607098804122,63.66877971473851,885
Hitter,Joshua Fermin,sa3068807,835740,2026,International Rookie,International Rookie,1,1,International Rookie,136.0,17.0,True,True,0.004126211598531544,0.07765708341459249,76.2249680443119,2347,55.985552115583076,1938,66.10526007994748,55.985552115583076,886
Hitter,Ty Doucette,sa3030503,802494,2026,A,A,3,1,A,198.0,22.0,True,True,0.04138477157213219,0.15001514253608833,56.43441606744359,4033,75.71315372424722,2524,66.0737848958454,56.43441606744359,887
Hitter,Korbyn Dickerson,sa3030281,702668,2026,A+,A+,4,2,A | A+,133.0,22.0,True,True,0.03698051865222624,0.30942599898939804,66.4648591734667,3799,65.66757493188011,2202,66.06621705267341,65.66757493188011,888
Hitter,Carlos Mota,sa3067871,831574,2026,International Rookie,International Rookie,1,1,International Rookie,170.0,18.0,True,True,0.006246328655169981,0.04190285568507821,62.07925010651896,2347,70.02063983488132,1938,66.04994497070014,62.07925010651896,889
Hitter,Enrique Bradfield Jr.,sa3022917,690961,2026,AAA,AAA,6,4,A | A+ | AA | AAA,342.0,24.0,True,True,0.11990296964511096,0.9287222348109141,70.62019013128112,2209,61.38079827400216,927,66.00049420264165,61.38079827400216,890
Hitter,Thayron Liranzo,sa3015790,699073,2026,AA,AA,5,5,International Rookie | Complex | A | A+ | AA,340.0,22.0,True,True,0.06578901015919744,0.6562138885990769,70.47770700636943,3140,61.47741147741148,1638,65.97755924189045,61.47741147741148,891
Hitter,Jose Alpuria,sa3018562,800434,2026,A,A,3,3,International Rookie | Complex | A,308.0,21.0,True,True,0.023837523605630427,0.2712279133869339,73.93999504091248,4033,58.003169572107765,2524,65.97158230651013,58.003169572107765,892
Hitter,Alejandro Blasco,sa3023938,821246,2026,A,A,3,3,International Rookie | Complex | A,105.0,19.0,True,True,0.02366258493175119,0.27329571755116416,74.21274485494669,4033,57.72583201267829,2524,65.9692884338125,57.72583201267829,893
Hitter,Jose Cerice,sa3024375,822177,2026,A+,A+,4,4,International Rookie | Complex | A | A+,419.0,21.0,True,True,0.027554043872973912,0.4078869892708071,75.78310081600421,3799,56.130790190735695,2202,65.95694550336995,56.130790190735695,894
Hitter,Yeiferth Castillo,sa3023931,821151,2026,A,A,3,3,International Rookie | Complex | A,455.0,19.0,True,True,0.02188613786132395,0.29648780499327376,76.74187949417308,4033,55.15055467511886,2524,65.94621708464597,55.15055467511886,895
Hitter,Luis Guanipa,sa3020884,806994,2026,A+,A+,4,4,International Rookie | Complex | A | A+,146.0,20.0,True,True,0.02669175096467369,0.4148106131044898,76.59910502763886,3799,55.26793823796549,2202,65.93352163280217,55.26793823796549,896
Hitter,Ivan Torres,sa3068406,829977,2026,International Rookie,International Rookie,1,1,International Rookie,134.0,18.0,True,True,0.005459340443113085,0.051726525480993574,66.76608436301662,2347,65.015479876161,1938,65.8907821195888,65.015479876161,897
Hitter,Daniel Pierce,sa3069251,828084,2026,A,A,3,1,A,140.0,19.0,True,True,0.02989353458262172,0.2075785393671771,65.83188693280437,4033,65.9270998415214,2524,65.87949338716288,65.83188693280437,898
Hitter,Luis Duarte,sa3076605,837686,2026,International Rookie,International Rookie,1,1,International Rookie,157.0,17.0,True,True,0.005412145269355221,0.0524656629167898,67.02172986791649,2347,64.70588235294117,1938,65.86380611042884,64.70588235294117,899
Hitter,Juan Matheus,sa3018611,801276,2026,AA,AA,5,5,International Rookie | Complex | A | A+ | AA,341.0,22.0,True,True,0.04437098698420183,0.7965156486437884,81.78343949044586,3140,49.87789987789988,1638,65.83066968417288,49.87789987789988,900
Hitter,Angel Mejia,sa3068533,832694,2026,International Rookie,International Rookie,1,1,International Rookie,177.0,17.0,True,True,0.004593300875401671,0.06426885473300911,72.26246271836386,2347,59.39112487100103,1938,65.82679379468244,59.39112487100103,901
Hitter,Thomas Sosa,sa3018566,800449,2026,AA,AA,5,5,International Rookie | Complex | A | A+ | AA,442.0,21.0,True,True,0.050829731148606214,0.7416087420128873,77.42038216560509,3140,54.21245421245421,1638,65.81641818902965,54.21245421245421,902
Hitter,David Shirley,sa3068944,835485,2026,International Rookie,International Rookie,1,1,International Rookie,149.0,18.0,True,True,0.004701909016381896,0.060325566862353526,70.9842351938645,2347,60.526315789473685,1938,65.7552754916691,60.526315789473685,903
Hitter,Nick Goodwin,sa3022685,800959,2026,AA,AA,5,3,A | A+ | AA,312.0,24.0,True,True,0.08847293329379438,0.551333944373578,62.261146496815286,3140,69.23076923076923,1638,65.74595786379226,62.261146496815286,904
Hitter,Alfredo Velasquez,sa3018556,800414,2026,AA,A+,5,5,International Rookie | Complex | A | A+ | AA,84.0,20.0,True,False,0.03862604568381065,0.8395909286145068,85.76433121019109,3140,45.72649572649573,1638,65.7454134683434,45.72649572649573,905
Hitter,Jean Paredes,sa3075038,822273,2026,International Rookie,International Rookie,1,1,International Rookie,196.0,17.0,True,True,0.01131449348754788,0.020961319425476917,44.311887515977844,2347,87.10010319917441,1938,65.70599535757613,44.311887515977844,906
Hitter,Leandro Briceno,sa3076705,838709,2026,International Rookie,International Rookie,1,1,International Rookie,153.0,17.0,True,True,0.007581648218516367,0.03277100506136518,55.13421389007243,2347,76.2641898864809,1938,65.69920188827666,55.13421389007243,907
Hitter,Carter Graham,sa3022824,807728,2026,AA,AA,5,3,A | A+ | AA,251.0,24.0,True,True,0.08220430785440576,0.5718347380242421,64.14012738853503,3140,67.21611721611721,1638,65.67812230232613,64.14012738853503,908
Hitter,Jack Wheeler,sa3069284,828087,2026,Complex,Complex,2,1,Complex,177.0,19.0,True,True,0.017518378111292057,0.09975516819102093,63.610776035384,2487,67.69311064718163,1916,65.65194334128282,63.610776035384,909
Hitter,Tre' Morgan,sa3022919,691003,2026,AAA,AAA,6,5,Complex | A | A+ | AA | AAA,217.0,23.0,True,True,0.1488587929470093,0.8840569264563662,61.38524219103667,2209,69.90291262135922,927,65.64407740619794,61.38524219103667,910
Hitter,Jose Nelo,sa3076692,837986,2026,International Rookie,International Rookie,1,1,International Rookie,189.0,17.0,True,True,0.005089409357386619,0.05465388788980809,68.17213463996592,2347,63.0030959752322,1938,65.58761530759907,63.0030959752322,911
Hitter,Eybert Sanchez,sa3067729,829734,2026,Complex,Complex,2,2,International Rookie | Complex,235.0,18.0,True,True,0.015760463878957524,0.11327826983694618,66.7470848411741,2487,64.35281837160751,1916,65.5499516063908,64.35281837160751,912
Hitter,Rosnel Alarcon,sa3068219,829964,2026,International Rookie,International Rookie,1,1,International Rookie,100.0,18.0,True,True,0.009617643356855315,0.024324676029511806,47.67788666382616,2347,83.33333333333333,1938,65.50560999857974,47.67788666382616,913
Hitter,Sergio Patino,sa3077059,837234,2026,International Rookie,International Rookie,1,1,International Rookie,114.0,18.0,True,True,0.0031668083937881025,0.1137625019152019,83.72390285470814,2347,47.26522187822498,1938,65.49456236646657,47.26522187822498,914
Hitter,Echedry Vargas,sa3018565,800448,2026,A+,A,4,4,International Rookie | Complex | A | A+,323.0,20.0,True,True,0.024581225565338056,0.44078646907401053,78.36272703342985,3799,52.58855585831063,2202,65.47564144587024,52.58855585831063,915
Hitter,Rafe Perich,sa3025368,825927,2026,A+,A+,4,2,A | A+,165.0,24.0,True,True,0.047285711735790235,0.24414564303330702,58.17320347459858,3799,72.38873751135331,2202,65.28097049297594,58.17320347459858,916
Hitter,Josh Caron,sa3025435,701805,2026,AA,AA,5,3,A | A+ | AA,142.0,22.0,True,True,0.055951543883931046,0.6889551384486277,73.08917197452229,3140,57.44810744810745,1638,65.26863971131488,57.44810744810745,917
Hitter,Jadher Areinamo,sa3015802,699130,2026,AA,AA,5,5,International Rookie | Complex | A | A+ | AA,303.0,22.0,True,True,0.052305171705513215,0.7192016487384906,75.35031847133757,3140,55.12820512820513,1638,65.23926179977136,55.12820512820513,918
Hitter,Ian Petrutz,sa3025159,814413,2026,A+,A+,4,2,A | A+,207.0,23.0,True,True,0.04653773821161073,0.24485958776809896,58.25217162411161,3799,72.20708446866485,2202,65.22962804638823,58.25217162411161,919
Hitter,Braulio Cavero,sa3076518,824007,2026,International Rookie,International Rookie,1,1,International Rookie,102.0,20.0,True,True,0.008192172760154954,0.02850716081053368,51.384746484874306,2347,78.94736842105263,1938,65.16605745296347,51.384746484874306,920
Hitter,Alexander Cuello,sa3076601,837679,2026,International Rookie,International Rookie,1,1,International Rookie,194.0,17.0,True,True,0.0057177726215485464,0.044886686345851655,63.698338304218154,2347,66.51186790505676,1938,65.10510310463746,63.698338304218154,921
Hitter,Jirvin Morillo,sa3023751,821073,2026,A,A,3,3,International Rookie | Complex | A,94.0,19.0,True,False,0.02875004685199225,0.2038793806489071,65.38556905529383,4033,64.81774960380349,2524,65.10165932954865,64.81774960380349,922
Hitter,Tommy Hawke,sa3023055,803142,2026,A+,A+,4,2,A | A+,417.0,23.0,True,True,0.03903159669145286,0.27980212515557257,62.88496972887602,3799,67.25703905540418,2202,65.0710043921401,62.88496972887602,923
Hitter,Manuel Campos,sa3067815,829976,2026,A,A,3,3,International Rookie | Complex | A,113.0,18.0,True,True,0.018273091573316653,0.3429162598946283,81.13067195636003,4033,48.96988906497623,2524,65.05028051066813,48.96988906497623,924
Hitter,Edgleen Perez,sa3021330,814297,2026,A,A,3,3,International Rookie | Complex | A,335.0,20.0,True,True,0.026991591432348454,0.2220081583237535,67.66674931812547,4033,62.40095087163233,2524,65.0338500948789,62.40095087163233,925
Hitter,Edwilmin Matos,sa3068746,833228,2026,International Rookie,International Rookie,1,1,International Rookie,147.0,18.0,True,True,0.00957002300423127,0.02344818014614283,46.655304644226675,2347,83.28173374613003,1938,64.96851919517835,46.655304644226675,926
Hitter,Angel Guzman,sa3021268,808401,2026,A,A,3,3,International Rookie | Complex | A,152.0,20.0,True,True,0.03249067858847149,0.17778548371864072,61.31911728242004,4033,68.46275752773376,2524,64.8909374050769,61.31911728242004,927
Hitter,Ryan Campos,sa3025151,701481,2026,AA,AA,5,3,A | A+ | AA,468.0,23.0,True,True,0.08079419161842309,0.5608792567960208,63.089171974522294,3140,66.6056166056166,1638,64.84739429006945,63.089171974522294,928
Hitter,Frelian Flores,sa3076987,837660,2026,International Rookie,International Rookie,1,1,International Rookie,123.0,17.0,True,True,0.0026322266129111017,0.15634039053984702,89.26288879420537,2347,40.29927760577915,1938,64.78108319999225,40.29927760577915,929
Hitter,Victor Acosta,sa3015705,694193,2026,A+,A+,4,4,International Rookie | Complex | A | A+,166.0,22.0,True,True,0.026860320432427053,0.38291275601847374,73.91418794419585,3799,55.44959128065395,2202,64.6818896124249,55.44959128065395,930
Hitter,Jay McQueen,sa3069321,827084,2026,Complex,Complex,2,1,Complex,201.0,19.0,True,True,0.010416210021174153,0.2050871453745229,81.50381986328911,2487,47.80793319415449,1916,64.65587652872179,47.80793319415449,931
Hitter,Justin Thomas Jr.,sa3043700,702520,2026,A+,A+,4,2,A | A+,446.0,22.0,True,True,0.03765308736758716,0.2810457232768606,63.09555146091077,3799,66.2125340599455,2202,64.65404276042813,63.09555146091077,932
Hitter,Jayson Bass,sa3021323,814188,2026,A,A,3,3,International Rookie | Complex | A,322.0,20.0,True,True,0.023303370304912852,0.254831060188487,71.981155467394,4033,57.25039619651347,2524,64.61577583195374,57.25039619651347,933
Hitter,Yamvier Carrero,sa3076211,829166,2026,A,A,3,2,Complex | A,118.0,19.0,True,True,0.026709454063452702,0.2185642710149218,66.97247706422019,4033,62.12361331220285,2524,64.54804518821152,62.12361331220285,934
Hitter,Erick Torres,sa3018641,805075,2026,A+,A+,4,4,International Rookie | Complex | A | A+,361.0,21.0,True,True,0.029656419006136452,0.34710409575989004,70.43958936562254,3799,58.583106267029976,2202,64.51134781632626,58.583106267029976,935
Hitter,Isaac Garcia,sa3067782,829890,2026,International Rookie,International Rookie,1,1,International Rookie,182.0,18.0,True,True,0.005395693937727833,0.04596704348225708,64.29484448231786,2347,64.60268317853458,1938,64.44876383042622,64.29484448231786,936
Hitter,Quincy Scott,sa3022656,701701,2026,A+,A+,4,2,A | A+,364.0,23.0,True,True,0.044129390101817205,0.24238887462199454,57.98894445906818,3799,70.84468664850137,2202,64.41681555378477,57.98894445906818,937
Hitter,Jan Luis Reyes,sa3067399,813939,2026,Complex,Complex,2,1,Complex,138.0,20.0,True,True,0.015556231083208237,0.10660157472215498,64.97788500201045,2487,63.83089770354906,1916,64.40439135277975,63.83089770354906,938
Hitter,Ezequiel Melburne,sa3076563,836606,2026,International Rookie,International Rookie,1,1,International Rookie,197.0,17.0,True,True,0.005409739736595475,0.045589677311001366,64.12441414571794,2347,64.65428276573788,1938,64.38934845572791,64.12441414571794,939
Hitter,Elijah Hainline,sa3025157,809944,2026,AA,AA,5,3,A | A+ | AA,465.0,23.0,True,True,0.08527399082479342,0.5344582361339175,60.796178343949045,3140,67.94871794871794,1638,64.3724481463335,60.796178343949045,940
Hitter,Dillon Head,sa3022753,702977,2026,A+,A+,4,3,Complex | A | A+,403.0,21.0,True,True,0.02478318711220392,0.40940305610877226,75.88839168202159,3799,52.81562216167121,2202,64.3520069218464,52.81562216167121,941
Hitter,Emil Perez,sa3077042,824950,2026,International Rookie,International Rookie,1,1,International Rookie,143.0,17.0,True,True,0.005213598898105834,0.04724176870822215,64.89135066041756,2347,63.77708978328173,1938,64.33422022184965,63.77708978328173,942
Hitter,Matthew Etzel,sa3022815,803033,2026,AAA,AAA,6,4,A | A+ | AA | AAA,474.0,24.0,True,True,0.14564935891924435,0.873152153865768,59.52919873245813,2209,68.93203883495146,927,64.23061878370478,59.52919873245813,943
Hitter,Darwing Ozuna,sa3068179,829048,2026,International Rookie,International Rookie,1,1,International Rookie,212.0,18.0,True,True,0.004963170722888808,0.04991589496331885,66.12697060076694,2347,62.332301341589265,1938,64.2296359711781,62.332301341589265,944
Hitter,Trent Youngblood,sa3067290,827636,2026,AA,AA,5,3,A | A+ | AA,191.0,24.0,True,True,0.06855629829757497,0.5919337422833529,66.01910828025478,3140,62.39316239316239,1638,64.20613533670858,62.39316239316239,945
Hitter,Wyatt Vincent,sa3069295,831488,2026,Complex,Complex,2,1,Complex,132.0,19.0,True,True,0.013729955070555118,0.12780363336867917,69.8431845597105,2487,58.50730688935282,1916,64.17524572453166,58.50730688935282,946
Hitter,Kenni Gomez,sa3018430,703198,2026,A+,Complex,4,4,International Rookie | Complex | A | A+,365.0,20.0,True,True,0.02241231795618675,0.4352784485491258,78.07317715188208,3799,50.2724795640327,2202,64.17282835795739,50.2724795640327,947
Hitter,Anderson Fermin,sa3023759,821112,2026,A,A,3,3,International Rookie | Complex | A,276.0,19.0,True,True,0.019076677642957764,0.309740425548463,78.08083312670469,4033,50.23771790808241,2524,64.15927551739355,50.23771790808241,948
Hitter,Derek Bernard,sa3018477,800204,2026,A,A,3,3,International Rookie | Complex | A,334.0,20.0,True,True,0.026251941593007505,0.21664254918346537,66.89809075130177,4033,61.41045958795563,2524,64.1542751696287,61.41045958795563,949
Hitter,Corey Collins,sa3025450,690970,2026,AA,AA,5,3,A | A+ | AA,162.0,24.0,True,True,0.06493735448990329,0.6050068099765138,67.03821656050955,3140,61.233211233211236,1638,64.1357138968604,61.233211233211236,950
Hitter,Tre Richardson III,sa3022428,693832,2026,A+,A+,4,2,A | A+,122.0,24.0,True,True,0.04676455233155754,0.22953232453162045,55.98841800473809,3799,72.20708446866485,2202,64.09775123670147,55.98841800473809,951
Hitter,Creed Willems,sa3017562,695735,2026,AAA,AAA,6,4,A | A+ | AA | AAA,423.0,23.0,True,True,0.11865282244431821,0.9150665117614887,67.31552738795835,2209,60.84142394822006,927,64.07847566808921,60.84142394822006,952
Hitter,Sean Gamble,sa3069253,815819,2026,A,A,3,1,A,487.0,19.0,True,True,0.023943387168595915,0.24048327435612135,70.02231589387553,4033,58.0824088748019,2524,64.05236238433872,58.0824088748019,953
Hitter,Yanfri Serrano,sa3076503,822218,2026,International Rookie,International Rookie,1,1,International Rookie,189.0,17.0,True,True,0.005461702994666337,0.043694350371801416,63.05922454196847,2347,65.015479876161,1938,64.03735220906474,63.05922454196847,954
Hitter,Ramcell Medina,sa3067543,829096,2026,Complex,Complex,2,2,International Rookie | Complex,177.0,18.0,True,True,0.01706338383602374,0.09432472655068526,61.680739847205466,2487,66.38830897703549,1916,64.03452441212048,61.680739847205466,955
Hitter,Gustavo Antunez,sa3068402,829816,2026,International Rookie,International Rookie,1,1,International Rookie,123.0,18.0,True,True,0.004541744126340588,0.05596350650217118,69.06689390711547,2347,58.978328173374614,1938,64.02261104024504,58.978328173374614,956
Hitter,Owen Carapellotti,sa3076099,801928,2026,A,A,3,1,A,175.0,23.0,True,True,0.04424816222491691,0.11977862920130798,50.508306471609224,4033,77.41679873217116,2524,63.962552601890195,50.508306471609224,957
Hitter,Eddie Micheletti Jr.,sa3025311,804446,2026,AA,AA,5,3,A | A+ | AA,505.0,24.0,True,True,0.07742195029370658,0.5485309065188262,62.13375796178344,3140,65.68986568986568,1638,63.91181182582456,62.13375796178344,958
Hitter,Leandro Pineda,sa3008905,683610,2026,AAA,AAA,6,6,International Rookie | Complex | A | A+ | AA | AAA,145.0,24.0,True,True,0.11695157238798969,0.917096517507889,67.72295156179267,2209,60.08629989212513,927,63.9046257269589,60.08629989212513,959
Hitter,Cam Lee,sa3069381,834852,2026,Complex,Complex,2,1,Complex,130.0,20.0,True,True,0.011457625560781937,0.16844691722362004,76.75914756735023,2487,51.04384133611691,1916,63.90149445173357,51.04384133611691,960
Hitter,Luke Pelzer,sa3038960,804114,2026,AA,AA,5,3,A | A+ | AA,179.0,23.0,True,True,0.060601188477000224,0.6238995006856223,68.34394904458598,3140,59.401709401709404,1638,63.87282922314769,59.401709401709404,961
Hitter,Edgar Jimenez,sa3024328,821173,2026,International Rookie,International Rookie,1,1,International Rookie,101.0,19.0,True,True,0.007625455093961926,0.027790693321145008,50.873455475074564,2347,76.83178534571724,1938,63.8526204103959,50.873455475074564,962
Hitter,Luis Marquez,sa3019498,805058,2026,A+,A,4,4,International Rookie | Complex | A | A+,68.0,19.0,True,False,0.02471551406569831,0.3970993964232074,74.94077388786523,3799,52.63396911898274,2202,63.787371503423984,52.63396911898274,963
Hitter,Jacob Humphrey,sa3069172,814410,2026,AA,AA,5,2,A+ | AA,72.0,23.0,True,False,0.08614079577301557,0.5151627147649575,59.044585987261144,3140,68.37606837606837,1638,63.71032718166476,59.044585987261144,964
Hitter,Carson Roccaforte,sa3022825,811287,2026,AA,AA,5,3,A | A+ | AA,504.0,24.0,True,True,0.07260435419072549,0.5617496793941755,63.152866242038215,3140,64.16361416361417,1638,63.65824020282619,63.152866242038215,965
Hitter,Tavian Josenberger,sa3022808,694444,2026,AA,AA,5,3,A | A+ | AA,422.0,24.0,True,True,0.08643538615425285,0.512347735145385,58.72611464968153,3140,68.37606837606837,1638,63.55109151287495,58.72611464968153,966
Hitter,Anderson Rodriguez,sa3076649,837829,2026,International Rookie,International Rookie,1,1,International Rookie,111.0,17.0,True,True,0.0037710133557910946,0.07049921987472015,73.88155091606306,2347,53.14757481940144,1938,63.51456286773225,53.14757481940144,967
Hitter,Woody Hadeen,sa3025602,802219,2026,AA,AA,5,3,A | A+ | AA,108.0,23.0,True,True,0.05048034052444479,0.6830976293576086,72.73885350318471,3140,54.15140415140415,1638,63.44512882729443,54.15140415140415,968
Hitter,Isaias Suarez,sa3075070,836616,2026,International Rookie,International Rookie,1,1,International Rookie,155.0,17.0,True,True,0.0067981831256118674,0.031452425561872215,53.98380911802301,2347,72.80701754385964,1938,63.395413330941324,53.98380911802301,969
Hitter,Jefer Lista,sa3067764,829844,2026,International Rookie,International Rookie,1,1,International Rookie,130.0,18.0,True,True,0.006110219896795113,0.03560691673407643,57.648061354921175,2347,69.09184726522187,1938,63.36995431007152,57.648061354921175,970
Hitter,Larry Martinez,sa3019551,800371,2026,A+,A+,4,4,International Rookie | Complex | A | A+,74.0,20.0,True,False,0.029161478537186526,0.32730546254966,68.51803106080547,3799,58.12897366030881,2202,63.32350236055714,58.12897366030881,971
Hitter,Kyle DeBarge,sa3025260,814414,2026,AA,AA,5,3,A | A+ | AA,520.0,22.0,True,True,0.06374347116902192,0.5880481504592089,65.70063694267516,3140,60.68376068376068,1638,63.19219881321792,60.68376068376068,972
Hitter,Nick McLain,sa3037680,695607,2026,A+,A+,4,2,A | A+,117.0,23.0,True,True,0.0615627206925524,0.17157841318941633,47.354566991313504,3799,78.65576748410535,2202,63.00516723770943,47.354566991313504,973
Hitter,Richard Ramirez,sa3018474,800197,2026,A,A,3,3,International Rookie | Complex | A,328.0,20.0,True,True,0.029084284480992807,0.17613592114529739,60.9719811554674,4033,65.01584786053883,2524,62.993914508003115,60.9719811554674,974
Hitter,Robert Phelps,sa3069052,804859,2026,A,A,3,1,A,368.0,22.0,True,True,0.031541194359817226,0.16023107787898683,58.09571038928837,4033,67.82884310618067,2524,62.96227674773452,58.09571038928837,975
Hitter,Avinson Pinto,sa3023761,821130,2026,A,A,3,3,International Rookie | Complex | A,399.0,19.0,True,True,0.019783648311982042,0.2737962986976077,74.26233573022564,4033,51.58478605388272,2524,62.923560892054184,51.58478605388272,976
Hitter,Antonio Pimentel,sa3021214,808240,2026,A,A,3,2,International Rookie | A,420.0,20.0,True,True,0.02226508876868279,0.24072791381258657,70.047111331515,4033,55.66561014263075,2524,62.856360737072876,55.66561014263075,977
Hitter,Jose Silva,sa3076313,834925,2026,Complex,Complex,2,1,Complex,82.0,19.0,True,False,0.01405248231134471,0.11108401513732118,66.02332127060716,2487,59.603340292275576,1916,62.813330781441366,59.603340292275576,978
Hitter,Aidan West,sa3069275,828140,2026,Complex,Complex,2,1,Complex,82.0,19.0,True,False,0.01405248231134471,0.11108401513732118,66.02332127060716,2487,59.603340292275576,1916,62.813330781441366,59.603340292275576,978
Hitter,Diego Rosa,sa3069305,828227,2026,Complex,Complex,2,1,Complex,71.0,19.0,True,False,0.01405248231134471,0.11108401513732118,66.02332127060716,2487,59.603340292275576,1916,62.813330781441366,59.603340292275576,978
Hitter,Leonard Rijo,sa3067656,825616,2026,Complex,Complex,2,2,International Rookie | Complex,85.0,18.0,True,False,0.011919495460545809,0.1470646282083676,73.01970245275432,2487,52.505219206680586,1916,62.762460829717455,52.505219206680586,981
Hitter,Jesus Superlano,sa3021128,807978,2026,A,Complex,3,3,International Rookie | Complex | A,57.0,19.0,True,False,0.028404411193032837,0.17663382271735262,61.04636746838582,4033,64.42155309033281,2524,62.73396027935931,61.04636746838582,982
Hitter,Kala'i Rosario,sa3015199,693850,2026,AA,AA,5,4,Complex | A | A+ | AA,251.0,23.0,True,True,0.07827622925219534,0.5195977066690816,59.36305732484077,3140,65.93406593406593,1638,62.64856162945335,59.36305732484077,983
Hitter,Sam Kulasingam,sa3025316,814528,2026,AA,AA,5,2,A+ | AA,551.0,24.0,True,True,0.08265694385918212,0.49957523635704376,57.89808917197452,3140,67.33821733821733,1638,62.618153255095926,57.89808917197452,984
Hitter,Diego Orro,sa3076642,837794,2026,International Rookie,International Rookie,1,1,International Rookie,119.0,17.0,True,True,0.004245466717997635,0.054688187497967826,68.17213463996592,2347,56.86274509803921,1938,62.517439869002565,56.86274509803921,985
Hitter,Irvin Nunez,sa3023899,815966,2026,A+,A+,4,4,International Rookie | Complex | A | A+,58.0,20.0,True,False,0.03176660893521762,0.2878126487480242,63.990523822058435,3799,60.944595821980016,2202,62.467559822019226,60.944595821980016,986
Hitter,Jhonayker Ugarte,sa3024361,821716,2026,A,A,3,3,International Rookie | Complex | A,61.0,19.0,True,False,0.028357576934181613,0.17412377328399362,60.426481527398956,4033,64.34231378763867,2524,62.38439765751882,60.426481527398956,987
Hitter,Ire Garcia,sa3068200,829809,2026,International Rookie,International Rookie,1,1,International Rookie,145.0,18.0,True,True,0.0070886399047193445,0.0278744179761742,50.91606305922454,2347,73.83900928792569,1938,62.377536173575116,50.91606305922454,988
Hitter,Angel Mateo,sa3018540,800377,2026,A+,A,4,4,International Rookie | Complex | A | A+,92.0,20.0,True,False,0.027534493946803795,0.3281444772941194,68.57067649381416,3799,56.130790190735695,2202,62.35073334227493,56.130790190735695,989
Hitter,Beau Ankeney,sa3026106,801954,2026,A+,A+,4,2,A | A+,115.0,23.0,True,True,0.0562230656717419,0.1753135618773604,47.93366675440905,3799,76.74841053587647,2202,62.34103864514276,47.93366675440905,990
Hitter,Alex Ramirez,sa3014695,691267,2026,AA,AA,5,3,A | A+ | AA,551.0,23.0,True,True,0.06695636178086714,0.5555180867876753,62.64331210191083,3140,62.02686202686203,1638,62.33508706438643,62.02686202686203,991
Hitter,Ty Harvey,sa3069181,829210,2026,A,A,3,1,A,197.0,19.0,True,True,0.021942293526297167,0.2365385273449657,69.50161170344657,4033,55.15055467511886,2524,62.32608318928271,55.15055467511886,992
Hitter,Narciso Polanco,sa3018564,800440,2026,A+,A+,4,4,International Rookie | Complex | A | A+,505.0,21.0,True,True,0.02777487449141766,0.32344113305638145,68.12319031324033,3799,56.44868301544051,2202,62.28593666434042,56.44868301544051,993
Hitter,Oliver Tejada,sa3023972,821762,2026,A,A,3,3,International Rookie | Complex | A,187.0,19.0,True,True,0.023506226068555305,0.21880750944417487,67.02206793949914,4033,57.48811410459588,2524,62.25509102204751,57.48811410459588,994
Hitter,Anthony DePino,sa3030172,834962,2026,AA,AA,5,3,A | A+ | AA,392.0,23.0,True,True,0.07046406379993969,0.5439020752575183,61.560509554140125,3140,62.94261294261294,1638,62.25156124837653,61.560509554140125,995
Hitter,Enmanuel Tejeda,sa3018497,800285,2026,A+,A+,4,4,International Rookie | Complex | A | A+,347.0,21.0,True,True,0.029005013001549992,0.3104517400996088,66.59647275598842,3799,57.90190735694823,2202,62.24919005646832,57.90190735694823,996
Hitter,Cristian Santana,sa3015697,694184,2026,A+,A+,4,3,International Rookie | A | A+,354.0,22.0,True,True,0.04251246535897188,0.2210809854731335,54.64595946301658,3799,69.70935513169846,2202,62.17765729735752,54.64595946301658,997
Hitter,Gustavo Baptista,sa3067824,830000,2026,Complex,Complex,2,2,International Rookie | Complex,161.0,18.0,True,True,0.012223616423314399,0.13181184507149293,70.72778447929232,2487,53.60125260960334,1916,62.16451854444783,53.60125260960334,998
Hitter,Marvin Alcantara,sa3018558,800421,2026,AA,AA,5,5,International Rookie | Complex | A | A+ | AA,306.0,21.0,True,True,0.03510578836392704,0.7974926734276416,81.84713375796179,3140,42.36874236874237,1638,62.10793806335208,42.36874236874237,999
Hitter,Dixon Williams,sa3045282,703483,2026,A+,A+,4,2,A | A+,451.0,22.0,True,True,0.0327404740538878,0.27105330424814905,61.88470650171098,3799,62.07992733878292,2202,61.98231692024695,61.88470650171098,1000
Hitter,Marco Vargas,sa3018632,804614,2026,AA,AA,5,5,International Rookie | Complex | A | A+ | AA,228.0,21.0,True,True,0.031247072797079622,0.8317348766061496,85.09554140127389,3140,38.827838827838825,1638,61.96169011455636,38.827838827838825,1001
Hitter,Jose Ortiz,sa3022693,806176,2026,A+,A+,4,3,Complex | A | A+,54.0,21.0,True,False,0.02937740169440346,0.2990325780022076,65.490918662806,3799,58.35603996366939,2202,61.92347931323769,58.35603996366939,1002
Hitter,Jack Gurevitch,sa3032859,813668,2026,A+,A+,4,2,A | A+,273.0,22.0,True,True,0.030596311426819088,0.2876068388266187,63.990523822058435,3799,59.85467756584923,2202,61.92260069395383,59.85467756584923,1003
Hitter,Isaias Castillo,sa3067862,830461,2026,International Rookie,International Rookie,1,1,International Rookie,240.0,18.0,True,True,0.007693437576703535,0.023506180578505797,46.74051981252663,2347,77.08978328173374,1938,61.915151547130186,46.74051981252663,1004
Hitter,Kelvin Alcantara,sa3021837,808083,2026,Complex,Complex,2,2,International Rookie | Complex,218.0,20.0,True,True,0.021868243596867225,0.06367282237201861,49.57780458383595,2487,74.21711899791232,1916,61.89746179087413,49.57780458383595,1005
Hitter,Emilio Barreras,sa3026631,808903,2026,A+,A+,4,2,A | A+,230.0,22.0,True,True,0.04443574680959934,0.2071783525796018,52.61911029218216,3799,71.16257947320618,2202,61.89084488269417,52.61911029218216,1006
Hitter,Carson Rucker,sa3022926,813620,2026,A+,A+,4,2,A | A+,71.0,21.0,True,False,0.030549545478973678,0.28689724140365047,63.885232956041065,3799,59.85467756584923,2202,61.86995526094515,59.85467756584923,1007
Hitter,Adrian Del Cid,sa3076664,837856,2026,International Rookie,International Rookie,1,1,International Rookie,190.0,17.0,True,True,0.007822409749337803,0.02307738993986712,46.31444397102684,2347,77.34778121775025,1938,61.83111259438854,46.31444397102684,1008
Hitter,Santiago Martinez,sa3067651,825422,2026,International Rookie,International Rookie,1,1,International Rookie,208.0,18.0,True,True,0.004207436874721513,0.052221158739397255,66.97912228376651,2347,56.604747162022704,1938,61.79193472289461,56.604747162022704,1009
Hitter,Erny Orellana,sa3024366,821786,2026,International Rookie,International Rookie,1,1,International Rookie,181.0,19.0,True,True,0.004400008530811889,0.04884827364576256,65.53046442266724,2347,58.04953560371517,1938,61.790000013191204,58.04953560371517,1010
Hitter,Luke Hanson,sa3033183,702630,2026,AA,AA,5,3,A | A+ | AA,56.0,22.0,True,False,0.0517935616428101,0.6293137371675219,68.69426751592357,3140,54.76190476190476,1638,61.728086138914165,54.76190476190476,1011
Hitter,Wellmir Lara,sa3077550,840850,2026,International Rookie,International Rookie,1,1,International Rookie,151.0,17.0,True,True,0.005897375021407903,0.03295066048919681,55.389859394972305,2347,67.90505675954593,1938,61.64745807725912,55.389859394972305,1012
Hitter,Nolan Schubart,sa3041794,702278,2026,A+,A+,4,2,A | A+,340.0,22.0,True,True,0.0385087024772574,0.2334038678284032,56.40958146880758,3799,66.84831970935514,2202,61.628950589081356,56.40958146880758,1013
Hitter,Dylan Jasso,sa3022830,815734,2026,AA,AA,5,4,Complex | A | A+ | AA,249.0,23.0,True,True,0.07369182757107844,0.5091094458096199,58.59872611464968,3140,64.65201465201466,1638,61.62537038333217,58.59872611464968,1014
Hitter,Jhonny Osta,sa3067777,829874,2026,International Rookie,International Rookie,1,1,International Rookie,181.0,18.0,True,True,0.0036496019007371578,0.060140519534313465,70.89902002556455,2347,52.270381836945305,1938,61.58470093125493,52.270381836945305,1015
Hitter,Jose Martinez,sa3067786,829897,2026,International Rookie,International Rookie,1,1,International Rookie,113.0,18.0,True,True,0.00945385919504344,0.017557647792787776,39.88069876438006,2347,83.17853457172343,1938,61.529616668051744,39.88069876438006,1016
Hitter,Oliver Chapman,sa3077060,837644,2026,International Rookie,International Rookie,1,1,International Rookie,121.0,17.0,True,True,0.005246493464714742,0.038197883520366384,59.22454196847039,2347,63.82868937048504,1938,61.526615669477714,59.22454196847039,1017
Hitter,Yeison Morrobel,sa3015720,694218,2026,AA,AA,5,5,International Rookie | Complex | A | A+ | AA,180.0,22.0,True,True,0.036701273633607256,0.7562083098919863,78.47133757961784,3140,44.505494505494504,1638,61.48841604255617,44.505494505494504,1018
Hitter,Josue Brito,sa3023763,821147,2026,A,A,3,3,International Rookie | Complex | A,80.0,19.0,True,False,0.030879995576337502,0.14466789547970776,55.61616662534094,4033,67.31378763866879,2524,61.46497713200486,55.61616662534094,1019
Hitter,Brian Sanchez,sa3021860,809331,2026,A+,A+,4,4,International Rookie | Complex | A | A+,412.0,21.0,True,True,0.0263500687539531,0.3243613074179919,68.2284811792577,3799,54.677565849227975,2202,61.45302351424284,54.677565849227975,1020
Hitter,Cole Conn,sa3029251,813833,2026,AAA,AAA,6,4,A | A+ | AA | AAA,128.0,24.0,True,True,0.12546175029513762,0.8790217671180238,60.298777727478495,2209,62.56742179072276,927,61.43309975910063,60.298777727478495,1021
Hitter,Sami Manzueta,sa3067882,832795,2026,International Rookie,International Rookie,1,1,International Rookie,197.0,17.0,True,True,0.005342427383100793,0.036914813367593044,58.41499786962079,2347,64.44788441692467,1938,61.43144114327273,58.41499786962079,1022
Hitter,Wehiwa Aloy,sa3025961,814450,2026,AA,AA,5,3,A | A+ | AA,150.0,22.0,True,True,0.05174491641649439,0.6183418624791795,68.05732484076434,3140,54.76190476190476,1638,61.40961480133455,54.76190476190476,1023
Hitter,Jake Reinisch,sa3077705,803152,2026,A+,A+,4,1,A+,205.0,24.0,True,True,0.04990305976740304,0.18352518514906407,49.01289813108713,3799,73.7511353315168,2202,61.38201673130197,49.01289813108713,1024
Hitter,Antonis Macias,sa3021057,805950,2026,A+,A+,4,4,International Rookie | Complex | A | A+,392.0,21.0,True,True,0.03505232387792194,0.24738947374720774,58.594366938668074,3799,64.12352406902815,2202,61.35894550384811,58.594366938668074,1025
Hitter,Colby Shelton,sa3042129,701333,2026,AA,AA,5,3,A | A+ | AA,386.0,23.0,True,True,0.0673328467035374,0.5319021469680365,60.57324840764331,3140,62.08791208791209,1638,61.330580247777704,60.57324840764331,1026
Hitter,Carlos Torres,sa3067820,829987,2026,Complex,Complex,2,2,International Rookie | Complex,86.0,18.0,True,False,0.008186733044612853,0.2163652842463025,82.87092882991556,2487,39.77035490605428,1916,61.32064186798492,39.77035490605428,1027
Hitter,Jack Pineda,sa3020762,801442,2026,AA,AA,5,2,A+ | AA,239.0,26.0,True,True,0.06510870490040797,0.5413097379763894,61.17834394904459,3140,61.35531135531136,1638,61.26682765217797,61.17834394904459,1028
Hitter,Hunter Hines,sa3033858,702309,2026,A,A,3,1,A,245.0,23.0,True,True,0.04882691441198299,0.09478307106456804,43.144061492685346,4033,79.3581616481775,2524,61.25111157043142,43.144061492685346,1029
Hitter,Wady Mendez,sa3018615,801525,2026,A+,A,4,4,International Rookie | Complex | A | A+,67.0,20.0,True,False,0.026081090955430226,0.3247143106704355,68.2284811792577,3799,54.26884650317893,2202,61.24866384121832,54.26884650317893,1030
Hitter,Juan Villavicencio,sa3018494,800276,2026,A,A,3,3,International Rookie | Complex | A,304.0,21.0,True,True,0.018737738829094155,0.2601550118434663,72.6506322836598,4033,49.80190174326466,2524,61.226267013462234,49.80190174326466,1031
Hitter,Juan Cabada,sa3067679,829040,2026,Complex,Complex,2,2,International Rookie | Complex,62.0,18.0,True,False,0.010348809207890053,0.15546470083130992,74.82911137917169,2487,47.59916492693111,1916,61.2141381530514,47.59916492693111,1032
Hitter,Justin Riemer,sa3025086,811312,2026,A+,A+,4,1,A+,161.0,24.0,True,True,0.04571694899257898,0.19284681652935412,50.618583837852064,3799,71.7983651226158,2202,61.20847448023393,50.618583837852064,1033
Hitter,Adrian Placencia,sa3014688,691269,2026,AA,A+,5,4,Complex | A | A+ | AA,60.0,20.0,True,False,0.036469487414332355,0.7521567701970658,78.18471337579618,3140,44.2002442002442,1638,61.19247878802019,44.2002442002442,1034
Hitter,John Taylor,sa3068818,822966,2026,AA,AA,5,2,A+ | AA,183.0,25.0,True,True,0.0853933839672612,0.45548619710599725,54.29936305732484,3140,68.00976800976801,1638,61.154565533546425,54.29936305732484,1035
Hitter,Carter Graham,sa3022824,807728,2026,A+,A+,4,2,A | A+,292.0,24.0,True,True,0.04329568192890415,0.20146122683890097,51.987365096077916,3799,70.20890099909174,2202,61.098133047584824,51.987365096077916,1036
Hitter,Enyerberth Guevara,sa3076680,837957,2026,International Rookie,International Rookie,1,1,International Rookie,129.0,17.0,True,True,0.006113360614695789,0.03063226920857098,53.08904985087346,2347,69.09184726522187,1938,61.09044855804767,53.08904985087346,1037
Hitter,Enrique Oropeza,sa3076661,837851,2026,International Rookie,International Rookie,1,1,International Rookie,187.0,17.0,True,True,0.0061047303641674775,0.030562044295883085,53.08904985087346,2347,69.09184726522187,1938,61.09044855804767,53.08904985087346,1037
Hitter,Jesus Morales,sa3024862,824628,2026,Complex,Complex,2,2,International Rookie | Complex,70.0,18.0,True,False,0.012543839416316278,0.11466865216944387,67.06875753920386,2487,55.01043841336117,1916,61.039597976282515,55.01043841336117,1039
Hitter,Daniel Flames,sa3023951,821599,2026,A,A,3,2,International Rookie | A,357.0,19.0,True,True,0.028146732425310992,0.15972291607744682,58.070914951648895,4033,63.985736925515056,2524,61.02832593858197,58.070914951648895,1040
Hitter,Abrahan Ramirez,sa3018943,800254,2026,A,A,3,3,International Rookie | Complex | A,189.0,21.0,True,True,0.025674835457790132,0.17840928078475585,61.4430944706174,4033,60.49920760697306,2524,60.97115103879523,60.49920760697306,1041
Hitter,Victor Gonzalez,sa3077054,834812,2026,International Rookie,International Rookie,1,1,International Rookie,169.0,17.0,True,True,0.005873170525480754,0.0315422353756593,54.11163187047294,2347,67.80185758513932,1938,60.956744727806125,54.11163187047294,1042
Hitter,Justin Barry,sa3023716,815204,2026,A,A,3,3,International Rookie | Complex | A,80.0,19.0,True,False,0.024465434726278917,0.1886140676917905,63.129184230101664,4033,58.676703645007926,2524,60.902943937554795,58.676703645007926,1043
Hitter,Ryan Clifford,sa3020126,691775,2026,AAA,AAA,6,5,Complex | A | A+ | AA | AAA,451.0,22.0,True,True,0.08417321432456087,0.9486636843152877,76.09778180172023,2209,45.52319309600863,927,60.810487448864436,45.52319309600863,1044
Hitter,Abraham Nunez,sa3021156,808041,2026,A,A,3,3,International Rookie | Complex | A,283.0,20.0,True,True,0.02256722026874623,0.20349591881917914,65.33597818001488,4033,56.061806656101425,2524,60.69889241805815,56.061806656101425,1045
Hitter,Jalen Hairston,sa3067395,803630,2026,A,A,3,2,Complex | A,244.0,22.0,True,True,0.030077276704139722,0.14176373400892908,55.1698487478304,4033,66.20443740095087,2524,60.68714307439063,55.1698487478304,1046
Hitter,Nathan Humphreys,sa3069051,801537,2026,A,A,3,1,A,310.0,23.0,True,True,0.027456716261384958,0.16010938179555298,58.09571038928837,4033,63.193343898573694,2524,60.64452714393103,58.09571038928837,1047
Hitter,Tommy Hopfe,sa3025593,809101,2026,A+,A+,4,2,A | A+,459.0,23.0,True,True,0.030017670537584033,0.2748526917610152,62.3848381152935,3799,58.90099909173479,2202,60.64291860351415,58.90099909173479,1048
Hitter,Joseph Sullivan,sa3025413,813896,2026,AA,AA,5,3,A | A+ | AA,343.0,23.0,True,True,0.075993503814055,0.47530463192809347,55.89171974522293,3140,65.38461538461539,1638,60.63816756491916,55.89171974522293,1049
Hitter,Luis Fortunato,sa3076647,837821,2026,International Rookie,International Rookie,1,1,International Rookie,167.0,17.0,True,True,0.0038904067157177055,0.051985674286193266,66.93651469961654,2347,54.12796697626419,1938,60.532240837940364,54.12796697626419,1050
Hitter,Daniel Hernandez,sa3067734,829747,2026,Complex,Complex,2,2,International Rookie | Complex,84.0,18.0,True,False,0.007829421727168296,0.2150681788906203,82.79051065540813,2487,38.15240083507307,1916,60.4714557452406,38.15240083507307,1051
Hitter,Byron Chourio,sa3018644,805102,2026,A+,A+,4,4,International Rookie | Complex | A | A+,94.0,21.0,True,False,0.029394967671445837,0.2748273397617159,62.3848381152935,3799,58.35603996366939,2202,60.37043903948144,58.35603996366939,1052
Hitter,Eriel Dihigo,sa3023927,821128,2026,Complex,Complex,2,2,International Rookie | Complex,140.0,19.0,True,True,0.009393782225763229,0.1664430539167829,76.43747486932047,2487,44.20668058455115,1916,60.32207772693581,44.20668058455115,1053
Hitter,Aiden Taurek,sa3069071,702522,2026,A,A,3,1,A,364.0,22.0,True,True,0.021966162160606345,0.2048990220375721,65.48475080585172,4033,55.15055467511886,2524,60.317652740485286,55.15055467511886,1054
Hitter,Tanner Schobel,sa3020009,802355,2026,AAA,AAA,6,4,A | A+ | AA | AAA,334.0,25.0,True,True,0.1548802584624506,0.8083050107445746,49.16251697600724,2209,71.41316073354908,927,60.28783885477816,49.16251697600724,1055
Hitter,Andy Perez,sa3015857,700321,2026,AA,AA,5,4,International Rookie | A | A+ | AA,549.0,22.0,True,True,0.03804675241711104,0.7182101188036163,75.2547770700637,3140,45.23809523809524,1638,60.24643615407947,45.23809523809524,1056
Hitter,Carlos Sanchez,sa3018465,800176,2026,AA,AA,5,5,International Rookie | Complex | A | A+ | AA,245.0,21.0,True,True,0.0323393872423405,0.778338112251758,80.4140127388535,3140,39.98778998778999,1638,60.20090136332175,39.98778998778999,1057
Hitter,Jose Rivas,sa3067858,830449,2026,International Rookie,International Rookie,1,1,International Rookie,126.0,18.0,True,True,0.004785029972837642,0.03831664325750484,59.26714955262037,2347,61.04231166150671,1938,60.15473060706354,59.26714955262037,1058
Hitter,Cole Mathis,sa3037300,695573,2026,A+,A+,4,2,A | A+,146.0,22.0,True,True,0.03647872186491195,0.22304639645352733,54.988154777573044,3799,65.21344232515895,2202,60.100798551366,54.988154777573044,1059
Hitter,Gregory Rodriguez,sa3076634,837776,2026,International Rookie,International Rookie,1,1,International Rookie,195.0,17.0,True,True,0.00500589341044765,0.03562821102988384,57.733276523221136,2347,62.43550051599587,1938,60.0843885196085,57.733276523221136,1060
Hitter,Alexis Hernandez,sa3015642,692562,2026,A+,A+,4,4,International Rookie | Complex | A | A+,329.0,23.0,True,True,0.026698474158899907,0.2951120335010006,64.8854961832061,3799,55.26793823796549,2202,60.0767172105858,55.26793823796549,1061
Hitter,TJayy Walton,sa3023090,807737,2026,A+,A+,4,2,A | A+,91.0,21.0,True,False,0.03194205981282102,0.24958923780073325,58.91023953672019,3799,61.171662125340596,2202,60.04095083103039,58.91023953672019,1062
Hitter,Jose Marcano,sa3023953,821607,2026,International Rookie,International Rookie,1,1,International Rookie,119.0,19.0,True,True,0.004020636428129442,0.0468157614285241,64.76352790796761,2347,55.21155830753354,1938,59.987543107750575,55.21155830753354,1063
Hitter,Jose Perdomo,sa3076567,836620,2026,International Rookie,International Rookie,1,1,International Rookie,111.0,17.0,True,True,0.0033528844873458624,0.05965883381169729,70.77119727311461,2347,49.07120743034056,1938,59.92120235172759,49.07120743034056,1064
Hitter,Manuel Campos,sa3067815,829976,2026,Complex,Complex,2,2,International Rookie | Complex,196.0,18.0,True,True,0.00600723323540127,0.3110482356539151,90.30960997185363,2487,29.384133611691023,1916,59.84687179177233,29.384133611691023,1065
Hitter,Griffin Burkholder,sa3025418,816120,2026,A,A,3,2,Complex | A,271.0,20.0,True,True,0.01949940896510683,0.23148789090340194,68.68336226134392,4033,50.990491283676704,2524,59.83692677251031,50.990491283676704,1066
Hitter,Angel Ortiz,sa3015171,691292,2026,AAA,AAA,6,5,Complex | A | A+ | AA | AAA,150.0,23.0,True,True,0.066864477688855,0.9663756961788125,81.25848800362155,2209,38.403451995685,927,59.83096999965328,38.403451995685,1067
Hitter,Rosman Verdugo,sa3018393,698916,2026,A+,A+,4,3,Complex | A | A+,461.0,21.0,True,True,0.0293893790871327,0.26666183970480933,61.17399315609371,3799,58.35603996366939,2202,59.765016559881545,58.35603996366939,1068
Hitter,Raynel Quezada,sa3076638,837785,2026,International Rookie,International Rookie,1,1,International Rookie,166.0,17.0,True,True,0.0049722122624640324,0.03499480846493624,57.136770345121434,2347,62.38390092879257,1938,59.760335636957,57.136770345121434,1069
Hitter,Asbel Gonzalez,sa3021639,808706,2026,A+,A+,4,4,International Rookie | Complex | A | A+,510.0,20.0,True,True,0.01629767508034925,0.4430579635907886,78.49434061595157,3799,40.91734786557675,2202,59.705844240764165,40.91734786557675,1070
Hitter,Wehiwa Aloy,sa3025961,814450,2026,A+,A+,4,2,A | A+,375.0,22.0,True,True,0.027884871767182726,0.2775428250507509,62.72703342984996,3799,56.584922797456855,2202,59.655978113653404,56.584922797456855,1071
Hitter,Tyler Rodriguez,sa3021615,808291,2026,A+,A+,4,4,International Rookie | Complex | A | A+,171.0,20.0,True,True,0.02735986969879423,0.28146347670469773,63.20084232692814,3799,56.08537693006358,2202,59.643109628495864,56.08537693006358,1072
Hitter,Oscar Borges,sa3077048,827382,2026,International Rookie,International Rookie,1,1,International Rookie,159.0,17.0,True,True,0.004031644714703662,0.04510011246360682,63.86876864081807,2347,55.36635706914345,1938,59.61756285498076,55.36635706914345,1073
Hitter,Arnaldo Lantigua,sa3021084,806984,2026,A,A,3,3,International Rookie | Complex | A,415.0,20.0,True,True,0.023657255228472833,0.1786217098094709,61.51748078353583,4033,57.68621236133122,2524,59.60184657243353,57.68621236133122,1074
Hitter,Yimy Tovar,sa3022486,811602,2026,A,A,3,3,International Rookie | Complex | A,196.0,20.0,True,True,0.02272838637357422,0.18718400100333976,62.906025291346396,4033,56.25990491283677,2524,59.58296510209158,56.25990491283677,1075
Hitter,Renso Tenas,sa3077072,837786,2026,International Rookie,International Rookie,1,1,International Rookie,132.0,17.0,True,True,0.004189761469854701,0.04262237070339721,62.54793353216873,2347,56.604747162022704,1938,59.576340347095716,56.604747162022704,1076
Hitter,Qrey Lott,sa3075724,812540,2026,A,A,3,1,A,343.0,21.0,True,True,0.021725593959923184,0.1948189850098765,64.04661542276222,4033,54.87321711568938,2524,59.4599162692258,54.87321711568938,1077
Hitter,Jansel Luis,sa3018508,800306,2026,AA,AA,5,5,International Rookie | Complex | A | A+ | AA,486.0,21.0,True,True,0.027023125911894687,0.8363952318901728,85.44585987261146,3140,33.45543345543346,1638,59.45064666402246,33.45543345543346,1078
Hitter,Angel De Los Santos,sa3067737,829751,2026,Complex,Complex,2,2,International Rookie | Complex,204.0,18.0,True,True,0.00757851118990012,0.20457573111588473,81.42340168878167,2487,37.47390396659708,1916,59.44865282768937,37.47390396659708,1079
Hitter,Angel Ortiz,sa3015171,691292,2026,AA,AA,5,4,Complex | A | A+ | AA,321.0,23.0,True,True,0.04117765398998453,0.6667819262462161,71.27388535031847,3140,47.61904761904762,1638,59.44646648468304,47.61904761904762,1080
Hitter,Samuel Munoz,sa3018407,703153,2026,A+,A+,4,4,International Rookie | Complex | A | A+,368.0,21.0,True,True,0.02824848666646476,0.2707698202662388,61.83206106870229,3799,56.9936421435059,2202,59.4128516061041,56.9936421435059,1081
Hitter,Ayberson Ortega,sa3076608,837693,2026,International Rookie,International Rookie,1,1,International Rookie,146.0,17.0,True,True,0.0017752667647472603,0.15119753380276646,89.00724328930549,2347,29.772961816305468,1938,59.39010255280548,29.772961816305468,1082
Hitter,Jay Allen II,sa3017403,695481,2026,AAA,AAA,6,5,Complex | A | A+ | AA | AAA,87.0,23.0,True,False,0.07703747736952231,0.9500962074091772,76.36939791760977,2209,42.394822006472495,927,59.382109962041135,42.394822006472495,1083
Hitter,Luiyin Alastre,sa3021210,808236,2026,A+,A,4,4,International Rookie | Complex | A | A+,303.0,19.0,True,True,0.02188026857160783,0.335166420713766,69.22874440642275,3799,49.45504087193461,2202,59.34189263917868,49.45504087193461,1084
Hitter,Anthony Longo,sa3024652,823856,2026,International Rookie,International Rookie,1,1,International Rookie,177.0,19.0,True,True,0.005290301192113496,0.03218110568889207,54.53770771197273,2347,64.13828689370484,1938,59.33799730283879,54.53770771197273,1085
Hitter,Reiner Herrera,sa3021172,808096,2026,Complex,Complex,2,2,International Rookie | Complex,152.0,20.0,True,True,0.008228693898235249,0.18082871875538348,78.60876558102132,2487,39.77035490605428,1916,59.1895602435378,39.77035490605428,1086
Hitter,Freilyn Rodriguez,sa3067748,829785,2026,International Rookie,International Rookie,1,1,International Rookie,180.0,18.0,True,True,0.0038257131551682174,0.04715939454370528,64.89135066041756,2347,53.457172342621256,1938,59.17426150151941,53.457172342621256,1087
Hitter,Wills Maginnis,sa3059894,815491,2026,A,A,3,1,A,81.0,20.0,True,False,0.026611428122628622,0.14830728931438517,56.23605256632779,4033,62.044374009508715,2524,59.14021328791826,56.23605256632779,1088
Hitter,Cashel Dugger,sa3077956,814158,2026,A,A,3,1,A,64.0,20.0,True,False,0.026611428122628622,0.14830728931438517,56.23605256632779,4033,62.044374009508715,2524,59.14021328791826,56.23605256632779,1088
Hitter,Jimmy Anderson,sa3077994,836084,2026,A,A,3,1,A,91.0,20.0,True,False,0.026611428122628622,0.14830728931438517,56.23605256632779,4033,62.044374009508715,2524,59.14021328791826,56.23605256632779,1088
Hitter,Jack Lines,sa3066763,813922,2026,A,A,3,1,A,81.0,20.0,True,False,0.026611428122628622,0.14830728931438517,56.23605256632779,4033,62.044374009508715,2524,59.14021328791826,56.23605256632779,1088
Hitter,Jake Berkland,sa3078009,811443,2026,A,A,3,1,A,75.0,20.0,True,False,0.026611428122628622,0.14830728931438517,56.23605256632779,4033,62.044374009508715,2524,59.14021328791826,56.23605256632779,1088
Hitter,Manuel Aguilar,sa3077594,839410,2026,International Rookie,International Rookie,1,1,International Rookie,104.0,16.0,True,True,0.0050321713380477836,0.03310127459550919,55.51768214742224,2347,62.64189886480908,1938,59.07979050611566,55.51768214742224,1093
Hitter,Jeremy Almonte,sa3021632,808503,2026,A,A,3,3,International Rookie | Complex | A,148.0,20.0,True,True,0.025447245657729864,0.15814354454096546,57.8725514505331,4033,60.182250396196515,2524,59.02740092336481,57.8725514505331,1094
Hitter,Dakota Jordan,sa3025601,702607,2026,A+,A+,4,2,A | A+,355.0,23.0,True,True,0.026292283017395186,0.2822088109004079,63.30613319294551,3799,54.58673932788374,2202,58.94643626041463,54.58673932788374,1095
Hitter,Josue Rodriguez,sa3076560,835005,2026,International Rookie,International Rookie,1,1,International Rookie,136.0,17.0,True,True,0.003991854806489792,0.04336275865247133,62.888794205368555,2347,54.79876160990712,1938,58.843777907637836,54.79876160990712,1096
Hitter,Oswaldo Osorio,sa3018560,800424,2026,A,A,3,3,International Rookie | Complex | A,223.0,21.0,True,True,0.02955267245268496,0.127643821281521,52.19439623109348,4033,65.49128367670365,2524,58.84283995389856,52.19439623109348,1097
Hitter,TJ Ford,sa3069302,828074,2026,A,A,3,2,Complex | A,61.0,20.0,True,False,0.022223387313018757,0.18151060109644426,61.93900322340689,4033,55.62599049128368,2524,58.782496857345286,55.62599049128368,1098
Hitter,Nolan Beltran,sa3018466,800179,2026,A,A,3,3,International Rookie | Complex | A,405.0,21.0,True,True,0.023684420030081494,0.1709198532285596,59.781800148772625,4033,57.765451664025356,2524,58.77362590639899,57.765451664025356,1099
Hitter,Darrien Miller,sa3011330,687152,2026,AA,AA,5,4,Complex | A | A+ | AA,214.0,25.0,True,True,0.07165424291558001,0.4499059931927313,53.789808917197455,3140,63.675213675213676,1638,58.732511296205566,53.789808917197455,1100
Hitter,Alberto Barriga,sa3018595,800569,2026,AA,AA,5,5,International Rookie | Complex | A | A+ | AA,224.0,21.0,True,True,0.041087125224861375,0.6492143258816213,70.0,3140,47.43589743589744,1638,58.717948717948715,47.43589743589744,1101
Hitter,Hector Ramos,sa3067783,829892,2026,Complex,Complex,2,2,International Rookie | Complex,52.0,18.0,True,False,0.01008561240255122,0.13516450049720863,71.12987535182951,2487,46.29436325678497,1916,58.71211930430724,46.29436325678497,1102
Hitter,JC Vanek,sa3069015,834408,2026,A,A,3,1,A,374.0,21.0,True,True,0.024066613545957766,0.16709203740629824,59.18670964542524,4033,58.20126782884311,2524,58.69398873713418,58.20126782884311,1103
Hitter,Luis Castillo,sa3015801,699127,2026,A+,A+,4,4,International Rookie | Complex | A | A+,440.0,22.0,True,True,0.03450766259558666,0.21663509125546435,53.750987101868915,3799,63.53315168029064,2202,58.64206939107978,53.750987101868915,1104
Hitter,Malvin Fernandez,sa3067745,829768,2026,Complex,Complex,2,2,International Rookie | Complex,129.0,17.0,True,True,0.00971258849015084,0.1408373820948255,72.05468435866506,2487,45.19832985386221,1916,58.62650710626363,45.19832985386221,1105
Hitter,Saivel Zayas,sa3067808,829969,2026,International Rookie,International Rookie,1,1,International Rookie,239.0,18.0,True,True,0.004988020239680827,0.032424280566803104,54.70813804857264,2347,62.43550051599587,1938,58.57181928228425,54.70813804857264,1106
Hitter,Kenni Gomez,sa3018430,703198,2026,AA,AA,5,5,International Rookie | Complex | A | A+ | AA,68.0,21.0,True,False,0.02475952747259369,0.8375143129464122,85.54140127388536,3140,31.562881562881564,1638,58.55214141838346,31.562881562881564,1107
Hitter,Anderdson Rojas,sa3015818,699232,2026,AA,AA,5,4,International Rookie | A | A+ | AA,71.0,22.0,True,False,0.037720896330529656,0.6750411780724398,71.97452229299363,3140,44.99389499389499,1638,58.484208643444305,44.99389499389499,1108
Hitter,Kyle Sinzza,sa3023908,820989,2026,A,A,3,3,International Rookie | Complex | A,62.0,19.0,True,False,0.02333703817389422,0.17024075470784347,59.707413835854204,4033,57.25039619651347,2524,58.47890501618384,57.25039619651347,1109
Hitter,Owen Gregg,sa3076281,816000,2026,Complex,Complex,2,1,Complex,52.0,19.0,True,False,0.012356448701943652,0.0976383549186552,62.80659429030961,2487,54.07098121085595,1916,58.438787750582776,54.07098121085595,1110
Hitter,Tim Piasentin,sa3069278,815992,2026,Complex,Complex,2,1,Complex,86.0,19.0,True,False,0.012356448701943652,0.0976383549186552,62.80659429030961,2487,54.07098121085595,1916,58.438787750582776,54.07098121085595,1110
Hitter,Jaiden Lo Re,sa3069280,828318,2026,Complex,Complex,2,1,Complex,76.0,19.0,True,False,0.012356448701943652,0.0976383549186552,62.80659429030961,2487,54.07098121085595,1916,58.438787750582776,54.07098121085595,1110
Hitter,Michael Oliveto,sa3069256,834672,2026,Complex,Complex,2,1,Complex,83.0,19.0,True,False,0.012356448701943652,0.0976383549186552,62.80659429030961,2487,54.07098121085595,1916,58.438787750582776,54.07098121085595,1110
Hitter,Yamal Encarnacion,sa3015781,699043,2026,AA,AA,5,5,International Rookie | Complex | A | A+ | AA,395.0,22.0,True,True,0.032364232562102455,0.7363847076570488,76.78343949044586,3140,39.98778998778999,1638,58.385614739117926,39.98778998778999,1114
Hitter,Esmil Valencia,sa3021082,806982,2026,A,A,3,3,International Rookie | Complex | A,61.0,20.0,True,False,0.022837133328436024,0.17242923101736157,60.128936275725266,4033,56.497622820919176,2524,58.31327954832222,56.497622820919176,1115
Hitter,Nick Montgomery,sa3066457,807277,2026,A,A,3,1,A,207.0,20.0,True,True,0.0399070673137454,0.09199964200903156,42.32581205058269,4033,74.20760697305863,2524,58.266709511820665,42.32581205058269,1116
Hitter,Feliz Genao,sa3067653,825488,2026,International Rookie,International Rookie,1,1,International Rookie,206.0,18.0,True,True,0.005633735551303103,0.02716534267320629,50.4047720494248,2347,66.09907120743034,1938,58.25192162842757,50.4047720494248,1117
Hitter,Jackson Castillo,sa3023111,814431,2026,AA,AA,5,3,A | A+ | AA,455.0,23.0,True,True,0.06606576162154656,0.4618766151023935,54.745222929936304,3140,61.72161172161172,1638,58.23341732577401,54.745222929936304,1118
Hitter,Kale Fountain,sa3067321,806495,2026,A,A,3,2,Complex | A,63.0,20.0,True,False,0.02303555555303601,0.17109371460618347,59.8065955864121,4033,56.65610142630745,2524,58.23134850635978,56.65610142630745,1119
Hitter,Logan Maxwell,sa3076050,800741,2026,A,A,3,1,A,125.0,23.0,True,True,0.028950618275016493,0.12402263037135844,51.500123977188196,4033,64.93660855784469,2524,58.218366267516444,51.500123977188196,1120
Hitter,Tanner Thach,sa3043649,805880,2026,A+,A+,4,2,A | A+,230.0,22.0,True,True,0.03136474619625862,0.2296574712896436,55.98841800473809,3799,60.445049954586736,2202,58.21673397966241,55.98841800473809,1121
Hitter,Cameron Nelson,sa3038742,806174,2026,A,A,3,1,A,368.0,22.0,True,True,0.02425159621120633,0.1601012711164013,58.09571038928837,4033,58.28050713153724,2524,58.1881087604128,58.09571038928837,1122
Hitter,Anderson De Los Santos,sa3015747,698945,2026,AA,AA,5,5,International Rookie | Complex | A | A+ | AA,470.0,22.0,True,True,0.03695781119840201,0.6701672290186539,71.62420382165605,3140,44.74969474969475,1638,58.1869492856754,44.74969474969475,1123
Hitter,Connor Rasmussen,sa3040471,811278,2026,A,A,3,1,A,294.0,22.0,True,True,0.02381995426038149,0.16193848760583116,58.343664765683116,4033,57.9635499207607,2524,58.15360734322191,57.9635499207607,1124
Hitter,Shotaro Morii,sa3067343,829679,2026,A,A,3,2,Complex | A,207.0,19.0,True,True,0.01856984049172577,0.2154913441456615,66.65013637490702,4033,49.603803486529316,2524,58.12696993071817,49.603803486529316,1125
Hitter,Yamvier Carrero,sa3076211,829166,2026,Complex,Complex,2,1,Complex,108.0,19.0,True,True,0.012084678346956462,0.09899573811306855,63.208685162846805,2487,53.02713987473904,1916,58.11791251879292,53.02713987473904,1126
Hitter,Keiner Delgado,sa3018397,700731,2026,AAA,AAA,6,6,International Rookie | Complex | A | A+ | AA | AAA,75.0,22.0,True,False,0.0679172039880734,0.9544867700185807,77.50113173381621,2209,38.72707659115426,927,58.11410416248523,38.72707659115426,1127
Hitter,Jonathan Linares,sa3018475,800200,2026,A,A,3,3,International Rookie | Complex | A,165.0,21.0,True,True,0.02392033640896542,0.16012894586492427,58.09571038928837,4033,58.0824088748019,2524,58.089059632045135,58.0824088748019,1128
Hitter,Wilberson De Pena,sa3025019,821648,2026,Complex,Complex,2,2,International Rookie | Complex,248.0,19.0,True,True,0.00963254521754839,0.13504068638653133,71.04945717732207,2487,44.98956158663883,1916,58.01950938198045,44.98956158663883,1129
Hitter,Truitt Madonna,sa3069152,833008,2026,A,A,3,1,A,410.0,19.0,True,True,0.01988589727407021,0.1956262046325347,64.24497892387801,4033,51.664025356576865,2524,57.95450214022743,51.664025356576865,1130
Hitter,Seong-Jun Kim,sa3069132,834605,2026,Complex,Complex,2,1,Complex,160.0,19.0,True,True,0.0100946347696295,0.12532207526548858,69.56172094893446,2487,46.34655532359081,1916,57.95413813626264,46.34655532359081,1131
Hitter,Johanse Gomez,sa3067659,825685,2026,International Rookie,International Rookie,1,1,International Rookie,213.0,18.0,True,True,0.006163692538954208,0.0231042333278595,46.31444397102684,2347,69.45304437564499,1938,57.88374417333591,46.31444397102684,1132
Hitter,Diorland Zambrano,sa3024121,821045,2026,Complex,Complex,2,2,International Rookie | Complex,125.0,19.0,True,True,0.00918593697396258,0.14129381302941305,72.17531162042621,2487,43.47599164926931,1916,57.82565163484776,43.47599164926931,1133
Hitter,Cam Cannarella,sa3028360,703448,2026,A+,A+,4,1,A+,82.0,22.0,True,False,0.033615534993865596,0.20629789339089152,52.540142142669126,3799,62.80653950953678,2202,57.67334082610296,52.540142142669126,1134
Hitter,Aiva Arquette,sa3026235,804109,2026,A+,A+,4,1,A+,63.0,22.0,True,False,0.033615534993865596,0.20629789339089152,52.540142142669126,3799,62.80653950953678,2202,57.67334082610296,52.540142142669126,1134
Hitter,Brennan Hudson,sa3034227,830984,2026,A+,A+,4,1,A+,68.0,22.0,True,False,0.033615534993865596,0.20629789339089152,52.540142142669126,3799,62.80653950953678,2202,57.67334082610296,52.540142142669126,1134
Hitter,Damian Ruiz,sa3041281,809452,2026,A+,A+,4,1,A+,51.0,22.0,True,False,0.033615534993865596,0.20629789339089152,52.540142142669126,3799,62.80653950953678,2202,57.67334082610296,52.540142142669126,1134
Hitter,Marco Argudin,sa3067877,831918,2026,A,A,3,3,International Rookie | Complex | A,286.0,20.0,True,True,0.017960003119769193,0.2164937677558241,66.87329531366228,4033,48.41521394611728,2524,57.64425462988978,48.41521394611728,1138
Hitter,Carlos  Garces,sa3024380,823727,2026,Complex,Complex,2,2,International Rookie | Complex,172.0,19.0,True,True,0.00584015237341668,0.25621049028497406,86.85162846803378,2487,28.288100208768267,1916,57.569864338401025,28.288100208768267,1139
Hitter,Lucas Takahashi,sa3069016,836256,2026,International Rookie,International Rookie,1,1,International Rookie,163.0,17.0,True,True,0.01096508878766492,0.010004487785747342,28.674904132935662,2347,86.42930856553147,1938,57.55210634923357,28.674904132935662,1140
Hitter,Junior Franco,sa3015170,691285,2026,AA,AA,5,4,Complex | A | A+ | AA,367.0,23.0,True,True,0.046202226765800186,0.571806490553399,64.14012738853503,3140,50.91575091575091,1638,57.52793915214298,50.91575091575091,1141
Hitter,Ashly Andujar,sa3023890,815903,2026,Complex,Complex,2,2,International Rookie | Complex,62.0,18.0,True,False,0.006153158472685428,0.23377092724243312,84.72054684358665,2487,30.32359081419624,1916,57.52206882889144,30.32359081419624,1142
Hitter,Kendrey Maduro,sa3075522,701342,2026,A,A,3,1,A,395.0,22.0,True,True,0.023262697928209213,0.15743645139842968,57.82296057525415,4033,57.17115689381934,2524,57.49705873453674,57.17115689381934,1143
Hitter,David Colina,sa3077315,837038,2026,International Rookie,International Rookie,1,1,International Rookie,117.0,17.0,True,True,0.0066387193790283005,0.019438586788930252,42.351938645078825,2347,72.44582043343654,1938,57.39887953925768,42.351938645078825,1144
Hitter,Yerald Nin,sa3018479,800206,2026,A+,A+,4,4,International Rookie | Complex | A | A+,270.0,20.0,True,True,0.013788356263260509,0.44250693645060973,78.46801789944722,3799,36.194368755676656,2202,57.331193327561934,36.194368755676656,1145
Hitter,Johanfran Garcia,sa3018424,703190,2026,AA,AA,5,5,International Rookie | Complex | A | A+ | AA,344.0,21.0,True,True,0.03095759470073132,0.7312187175506183,76.24203821656052,3140,38.4004884004884,1638,57.32126330852446,38.4004884004884,1146
Hitter,Aldo Gaxiola,sa3022373,815220,2026,A,A,3,3,International Rookie | Complex | A,369.0,20.0,True,True,0.020329357541242016,0.18149736736029465,61.93900322340689,4033,52.65451664025357,2524,57.29675993183023,52.65451664025357,1147
Hitter,Cristofer Lebron,sa3024314,821036,2026,A,A,3,3,International Rookie | Complex | A,58.0,19.0,True,False,0.021598724945193135,0.1698310572507317,59.65782296057525,4033,54.75435816164818,2524,57.206090561111715,54.75435816164818,1148
Hitter,Alex Lodise,sa3036445,822676,2026,AA,AA,5,3,A | A+ | AA,93.0,22.0,True,False,0.04574034044059462,0.5664882172660552,63.69426751592356,3140,50.67155067155067,1638,57.182909093737116,50.67155067155067,1149
Hitter,Carlos Colmenarez,sa3017480,694181,2026,AAA,AAA,6,5,International Rookie | Complex | A | A+ | AAA,86.0,22.0,True,False,0.08162430776571296,0.9264425184350081,70.1222272521503,2209,44.228694714131606,927,57.17546098314095,44.228694714131606,1150
Hitter,Jorge Quintana,sa3024107,815894,2026,A,A,3,3,International Rookie | Complex | A,443.0,19.0,True,True,0.01665240805731466,0.2302340056110306,68.50979419786759,4033,45.681458003169574,2524,57.09562610051859,45.681458003169574,1151
Hitter,George Wolkow,sa3022817,805804,2026,A+,A+,4,3,Complex | A | A+,557.0,20.0,True,True,0.017969238474936023,0.34715923200960574,70.46591208212688,3799,43.642143505903725,2202,57.0540277940153,43.642143505903725,1152
Hitter,Jack Winnay,sa3045455,813400,2026,A+,A+,4,2,A | A+,251.0,23.0,True,True,0.04322126218947464,0.15262085490827543,43.98525927875757,3799,70.1180744777475,2202,57.05166687825253,43.98525927875757,1153
Hitter,Eric Snow,sa3042680,702526,2026,AA,AA,5,3,A | A+ | AA,113.0,22.0,True,True,0.04251661721094922,0.5839657265319135,65.38216560509554,3140,48.656898656898655,1638,57.01953213099709,48.656898656898655,1154
Hitter,Brennan Milone,sa3019974,686810,2026,AAA,AA,6,4,A | A+ | AA | AAA,109.0,24.0,True,True,0.190527561025996,0.6681246122949296,34.902670891806245,2209,79.0722761596548,927,56.98747352573052,34.902670891806245,1155
Hitter,Bohan Adderley,sa3023728,816339,2026,A,A,3,3,International Rookie | Complex | A,50.0,19.0,True,False,0.021563235907606382,0.1665901180376587,59.137118770146294,4033,54.71473851030111,2524,56.9259286402237,54.71473851030111,1156
Hitter,Caleb Klein,sa3070516,844078,2026,A,A,3,1,A,106.0,21.0,True,True,0.04546855278006898,0.07281299835310928,35.73022563848252,4033,78.05071315372425,2524,56.890469396103384,35.73022563848252,1157
Hitter,Jordan Sanchez,sa3024112,820847,2026,A+,A+,4,4,International Rookie | Complex | A | A+,72.0,20.0,True,False,0.023360707694275142,0.27827991206820607,62.779678862858646,3799,50.99909173478656,2202,56.8893852988226,50.99909173478656,1158
Hitter,Jancel Villarroel,sa3020102,806611,2026,AA,AA,5,5,International Rookie | Complex | A | A+ | AA,132.0,21.0,True,True,0.03532775518166649,0.6633413399293511,71.17834394904459,3140,42.55189255189255,1638,56.86511825046857,42.55189255189255,1159
Hitter,Brendan Jones,sa3025253,800957,2026,AAA,AAA,6,3,A+ | AA | AAA,72.0,24.0,True,False,0.10486336308217907,0.8709704888044858,59.3481213218651,2209,54.36893203883495,927,56.858526680350025,54.36893203883495,1160
Hitter,Bryan Gonzalez Garcia,sa3022617,811314,2026,A,A,3,2,Complex | A,89.0,20.0,True,False,0.022763087778344265,0.1546812493312515,57.25266550954624,4033,56.3391442155309,2524,56.79590486253857,56.3391442155309,1161
Hitter,Matthew Boughton,sa3069293,815592,2026,A,A,3,1,A,452.0,20.0,True,True,0.0224701875590034,0.15572629257623324,57.500619885940985,4033,55.98256735340729,2524,56.741593619674134,55.98256735340729,1162
Hitter,Frank Mieses,sa3067836,830040,2026,Complex,Complex,2,2,International Rookie | Complex,66.0,18.0,True,False,0.010546062660969089,0.10778015046430842,65.2593486127865,2487,48.17327766179541,1916,56.71631313729095,48.17327766179541,1163
Hitter,Roman Martin,sa3037203,800610,2026,A,A,3,1,A,122.0,21.0,True,True,0.02274920438653132,0.15374211069669938,57.128688321348875,4033,56.299524564183834,2524,56.71410644276635,56.299524564183834,1164
Hitter,Jose Escobar,sa3018629,803241,2026,A,A,3,3,International Rookie | Complex | A,165.0,21.0,True,True,0.023360480812235074,0.14748690149514515,56.11207537813043,4033,57.25039619651347,2524,56.68123578732195,56.11207537813043,1165
Hitter,Louis Andujar,sa3068889,829943,2026,Complex,Complex,2,2,International Rookie | Complex,60.0,18.0,True,False,0.008880389762665562,0.13239899008074496,70.84841174105348,2487,42.48434237995825,1916,56.666377060505866,42.48434237995825,1166
Hitter,Jose Anderson,sa3024133,821262,2026,A,A,3,2,International Rookie | A,456.0,19.0,True,True,0.03011656205833194,0.10583657519850452,46.61542276221175,4033,66.32329635499208,2524,56.469359558601916,46.61542276221175,1167
Hitter,Sterling Bazil,sa3067740,829756,2026,International Rookie,International Rookie,1,1,International Rookie,147.0,18.0,True,True,0.007924074652343507,0.013740162018677093,34.767788666382614,2347,78.0185758513932,1938,56.393182258887904,34.767788666382614,1168
Hitter,Jay Harry,sa3022607,803385,2026,AAA,AAA,6,4,A | A+ | AA | AAA,210.0,23.0,True,True,0.06486937457774891,0.9473500600407728,75.78089633318244,2209,37.001078748651565,927,56.390987540917,37.001078748651565,1169
Hitter,Freili Encarnacion,sa3018414,703175,2026,A+,A+,4,3,International Rookie | A | A+,190.0,21.0,True,True,0.028353851357988253,0.2272034575831609,55.5672545406686,3799,57.17529518619437,2202,56.37127486343148,55.5672545406686,1170
Hitter,Sebastian Baquera,sa3023707,802398,2026,A,A,3,3,International Rookie | Complex | A,163.0,19.0,True,True,0.02078814455506952,0.1673264514640148,59.23630052070419,4033,53.40729001584786,2524,56.32179526827603,53.40729001584786,1171
Hitter,Brent Iredale,sa3059570,821348,2026,A,A,3,1,A,283.0,22.0,True,True,0.022710619205552986,0.14887483742094398,56.360029754525165,4033,56.25990491283677,2524,56.309967333680966,56.25990491283677,1172
Hitter,Will Simpson,sa3022530,687310,2026,AA,AA,5,3,A | A+ | AA,504.0,24.0,True,True,0.07168636909390588,0.3941019564064445,48.75796178343949,3140,63.675213675213676,1638,56.216587729326584,48.75796178343949,1173
Hitter,Mairo Martinus,sa3018505,800302,2026,A,A,3,3,International Rookie | Complex | A,421.0,21.0,True,True,0.01755201594244342,0.19936637471819718,64.7408876766675,4033,47.543581616481774,2524,56.142234646574636,47.543581616481774,1174
Hitter,Alexander Rincon,sa3024142,821654,2026,International Rookie,International Rookie,1,1,International Rookie,101.0,19.0,True,True,0.004987602160134991,0.026271960205587377,49.765658287175114,2347,62.43550051599587,1938,56.10057940158549,49.765658287175114,1175
Hitter,Johan Rodriguez,sa3067860,830455,2026,Complex,Complex,2,2,International Rookie | Complex,154.0,18.0,True,True,0.007812888478256282,0.15191861291670816,74.06513872135102,2487,38.10020876826722,1916,56.08267374480912,38.10020876826722,1176
Hitter,Jhomnardo Reyes,sa3067700,829076,2026,A,A,3,3,International Rookie | Complex | A,150.0,18.0,True,True,0.01817160097473305,0.19036756301146698,63.35234316885693,4033,48.77179080824089,2524,56.06206698854891,48.77179080824089,1177
Hitter,Izaac Pacheco,sa3016969,691789,2026,AA,AA,5,4,Complex | A | A+ | AA,366.0,23.0,True,True,0.0499826782986034,0.5065719888366967,58.34394904458599,3140,53.724053724053725,1638,56.03400138431986,53.724053724053725,1178
Hitter,Brandon Winokur,sa3022613,806263,2026,A+,A+,4,3,Complex | A | A+,331.0,21.0,True,True,0.017459282862556103,0.3322194561887745,68.91287180837062,3799,42.915531335149865,2202,55.914201571760245,42.915531335149865,1179
Hitter,Enny Rodriguez,sa3067828,830017,2026,International Rookie,International Rookie,1,1,International Rookie,155.0,18.0,True,True,0.004199096939112759,0.03282817110362073,55.176821474222415,2347,56.604747162022704,1938,55.890784318122556,55.176821474222415,1180
Hitter,Jake Rucker,sa3017757,696160,2026,AA,AA,5,3,A | A+ | AA,205.0,26.0,True,True,0.071093644905059,0.3888551290355354,48.34394904458599,3140,63.30891330891331,1638,55.82643117674965,48.34394904458599,1181
Hitter,Alexis Hernandez,sa3015642,692562,2026,AA,AA,5,5,International Rookie | Complex | A | A+ | AA,102.0,23.0,True,True,0.0324582867467509,0.6698240256613393,71.56050955414013,3140,39.98778998778999,1638,55.77414977096505,39.98778998778999,1182
Hitter,Jose Astudillo,sa3016548,698973,2026,AA,AA,5,5,International Rookie | Complex | A | A+ | AA,66.0,22.0,True,False,0.029350061341351912,0.7170219907017601,75.22292993630573,3140,36.26373626373626,1638,55.743333100021,36.26373626373626,1183
Hitter,Juan Cruz,sa3029641,809397,2026,A,A,3,1,A,342.0,21.0,True,True,0.01997983917944584,0.16911505248061812,59.45945945945946,4033,51.901743264659274,2524,55.68060136205936,51.901743264659274,1184
Hitter,Luis Ramon King,sa3068987,830428,2026,International Rookie,International Rookie,1,1,International Rookie,155.0,18.0,True,True,0.00654167325416835,0.017134865295661498,39.32680017043034,2347,71.9298245614035,1938,55.628312365916926,39.32680017043034,1185
Hitter,Cameron Nickens,sa3038853,800728,2026,A,A,3,1,A,116.0,22.0,True,True,0.028164976804493567,0.10748937527396954,47.086536077361764,4033,64.02535657686212,2524,55.55594632711194,47.086536077361764,1186
Hitter,David Mershon,sa3025335,702574,2026,AAA,A+,6,3,A+ | AA | AAA,57.0,22.0,True,False,0.0677055253144953,0.9360999903937959,72.47623358985966,2209,38.61920172599784,927,55.54771765792875,38.61920172599784,1187
Hitter,Will Verdung,sa3022512,815299,2026,A+,A+,4,2,A | A+,124.0,23.0,True,True,0.03465345621394676,0.17021554217577897,47.1703079757831,3799,63.85104450499546,2202,55.51067624038928,47.1703079757831,1188
Hitter,Carter Beck,sa3058591,807061,2026,A+,A+,4,2,A | A+,85.0,21.0,True,False,0.027597516394974906,0.22178260273579645,54.7775730455383,3799,56.130790190735695,2202,55.454181618137,54.7775730455383,1189
Hitter,Brady Day,sa3025200,800953,2026,A+,A+,4,2,A | A+,148.0,24.0,True,True,0.029729875009998942,0.20359300457189725,52.276914977625694,3799,58.62851952770209,2202,55.45271725266389,52.276914977625694,1190
Hitter,Ben McLaughlin,sa3025256,808768,2026,AA,AA,5,3,A | A+ | AA,526.0,24.0,True,True,0.06928476479315503,0.3917992248680146,48.503184713375795,3140,62.39316239316239,1638,55.44817355326909,48.503184713375795,1191
Hitter,Manuel Pena,sa3015715,694211,2026,AAA,AAA,6,6,International Rookie | Complex | A | A+ | AA | AAA,227.0,22.0,True,True,0.047277241683301385,0.972443269065488,83.97464916251698,2209,26.86084142394822,927,55.4177452932326,26.86084142394822,1192
Hitter,Anthony DePino,sa3030172,834962,2026,A+,A+,4,2,A | A+,142.0,23.0,True,True,0.0315785719117308,0.1902094974546641,50.11845222426955,3799,60.67211625794732,2202,55.395284241108435,50.11845222426955,1193
Hitter,Cole Messina,sa3025359,701783,2026,AA,AA,5,2,A+ | AA,360.0,23.0,True,True,0.06699952529070446,0.3945360707132365,48.75796178343949,3140,62.02686202686203,1638,55.39241190515076,48.75796178343949,1194
Hitter,Colton Becker,sa3025438,813851,2026,AAA,AAA,6,3,A | AA | AAA,50.0,25.0,True,False,0.11913479330895717,0.8112712198911913,49.615210502489816,2209,61.16504854368932,927,55.39012952308957,49.615210502489816,1195
Hitter,Tony Santa Maria,sa3041543,811948,2026,A+,A+,4,1,A+,438.0,24.0,True,True,0.033982979919774364,0.17446398360251072,47.67043958936562,3799,63.079019073569484,2202,55.37472933146755,47.67043958936562,1196
Hitter,Jace LaViolette,sa3036058,702593,2026,AA,AA,5,2,A+ | AA,111.0,22.0,True,True,0.052294879700144875,0.4716772116420454,55.605095541401276,3140,55.06715506715507,1638,55.33612530427817,55.06715506715507,1197
Hitter,Yorvit Diaz,sa3068528,829827,2026,International Rookie,International Rookie,1,1,International Rookie,237.0,18.0,True,True,0.004432587155322159,0.02982496747053168,52.492543672773756,2347,58.152734778121776,1938,55.322639225447766,52.492543672773756,1198
Hitter,Marlon Quintero,sa3023936,821238,2026,A,A,3,3,International Rookie | Complex | A,374.0,19.0,True,True,0.015749763453420065,0.2161441226982007,66.84849987602281,4033,43.74009508716323,2524,55.29429748159302,43.74009508716323,1199
Hitter,Alexis Hernandez,sa3018413,703161,2026,A+,A,4,4,International Rookie | Complex | A | A+,52.0,20.0,True,False,0.018212662472834977,0.31035963660348587,66.57015003948408,3799,44.00544959128065,2202,55.287799815382364,44.00544959128065,1200
Hitter,Nick Goodwin,sa3022685,800959,2026,AAA,AAA,6,4,A | A+ | AA | AAA,89.0,24.0,True,False,0.09521934385215618,0.8736087210873565,59.6650067904029,2209,50.70118662351672,927,55.18309670695981,50.70118662351672,1201
Hitter,Luis Suarez,sa3077070,837755,2026,International Rookie,International Rookie,1,1,International Rookie,128.0,17.0,True,True,0.0031612226657764505,0.043783877740446925,63.05922454196847,2347,47.26522187822498,1938,55.16222321009673,47.26522187822498,1202
Hitter,Jorge Burgos,sa3008929,684222,2026,AA,AA,5,5,International Rookie | Complex | A | A+ | AA,292.0,23.0,True,True,0.04237106193070841,0.5452180848982001,61.71974522292994,3140,48.53479853479853,1638,55.127271878864235,48.53479853479853,1203
Hitter,Leandro Arias,sa3018433,703202,2026,A+,A+,4,4,International Rookie | Complex | A | A+,408.0,21.0,True,True,0.02245560525727265,0.2571053936421972,59.91050276388523,3799,50.2724795640327,2202,55.09149116395896,50.2724795640327,1204
Hitter,Esteban Romero,sa3023787,823015,2026,International Rookie,International Rookie,1,1,International Rookie,105.0,19.0,True,True,0.004598185504062047,0.02744808221082366,50.61780997017469,2347,59.44272445820433,1938,55.03026721418951,50.61780997017469,1205
Hitter,Hector Salas,sa3024156,827504,2026,AA,AA,5,5,International Rookie | Complex | A | A+ | AA,58.0,22.0,True,False,0.025092644058426487,0.7509108965403433,78.12101910828025,3140,31.86813186813187,1638,54.99457548820606,31.86813186813187,1206
Hitter,Luis Puello,sa3021309,809772,2026,A,A,3,3,International Rookie | Complex | A,316.0,20.0,True,True,0.02110192664091871,0.14573061896595216,55.789734688817255,4033,54.16006339144216,2524,54.974899040129706,54.16006339144216,1207
Hitter,Travis Honeyman,sa3023679,802469,2026,AA,AA,5,3,A | A+ | AA,296.0,24.0,True,True,0.04022198715817957,0.5603929317383183,63.02547770700637,3140,46.88644688644688,1638,54.955962296726625,46.88644688644688,1208
Hitter,Damian Bravo,sa3027616,809720,2026,A+,A+,4,2,A | A+,75.0,22.0,True,False,0.02811464800626054,0.2107785218958442,52.98762832324296,3799,56.90281562216167,2202,54.94522197270231,52.98762832324296,1209
Hitter,Fernando Cruz,sa3024303,815890,2026,A,A,3,3,International Rookie | Complex | A,58.0,19.0,True,False,0.02113741482368098,0.14498477401812043,55.66575750061988,4033,54.16006339144216,2524,54.91291044603102,54.16006339144216,1210
Hitter,Gleider Figuereo,sa3015813,699213,2026,A+,A+,4,4,International Rookie | Complex | A | A+,493.0,22.0,True,True,0.02888804530797515,0.2019321042076267,52.0400105290866,3799,57.67484105358765,2202,54.85742579133712,52.0400105290866,1211
Hitter,Keiner Delgado,sa3018397,700731,2026,AA,AA,5,5,International Rookie | Complex | A | A+ | AA,441.0,22.0,True,True,0.030405716990212026,0.6755544214836998,71.97452229299363,3140,37.72893772893773,1638,54.85173001096568,37.72893772893773,1212
Hitter,Jeffrey Mercedes,sa3018942,800253,2026,A+,A+,4,4,International Rookie | Complex | A | A+,357.0,21.0,True,True,0.022228012708940283,0.2554331897723512,59.69992103185049,3799,50.0,2202,54.84996051592525,50.0,1213
Hitter,Raylin Heredia,sa3016826,699712,2026,AA,AA,5,5,International Rookie | Complex | A | A+ | AA,572.0,22.0,True,True,0.029695943279526158,0.6863559127781157,72.96178343949045,3140,36.56898656898657,1638,54.76538500423851,36.56898656898657,1214
Hitter,Dylan Fien,sa3067509,814504,2026,A+,A+,4,2,A | A+,306.0,20.0,True,True,0.021130883826169577,0.26850136163383354,61.43722032113714,3799,48.09264305177112,2202,54.76493168645413,48.09264305177112,1215
Hitter,Gregory Barrios,sa3015800,699126,2026,AA,AA,5,5,International Rookie | Complex | A | A+ | AA,430.0,22.0,True,True,0.02968306252130397,0.6850220017852463,72.80254777070064,3140,36.56898656898657,1638,54.6857671698436,36.56898656898657,1216
Hitter,Wilfredo Lara,sa3017123,702906,2026,A+,A+,4,4,International Rookie | Complex | A | A+,285.0,22.0,True,True,0.024727495615982687,0.23412475017093048,56.64648591734667,3799,52.63396911898274,2202,54.64022751816471,52.63396911898274,1217
Hitter,Noah Mendlinger,sa3017001,702331,2026,AAA,AA,6,4,A | A+ | AA | AAA,102.0,24.0,True,True,0.10085837045382007,0.8565856305905066,56.4961521050249,2209,52.750809061488674,927,54.623480583256786,52.750809061488674,1218
Hitter,Woody Hadeen,sa3025602,802219,2026,A+,A+,4,2,A | A+,263.0,23.0,True,True,0.02606380081788031,0.22189308660985949,54.7775730455383,3799,54.26884650317893,2202,54.52320977435861,54.26884650317893,1219
Hitter,Keaton Anthony,sa3022608,805704,2026,AAA,AAA,6,4,A | A+ | AA | AAA,293.0,25.0,True,True,0.09873186579428314,0.8592854037644003,57.22046174739701,2209,51.77993527508091,927,54.50019851123896,51.77993527508091,1220
Hitter,Jhon Franganten,sa3077736,827274,2026,International Rookie,International Rookie,1,1,International Rookie,119.0,16.0,True,True,0.003917148663706187,0.032143779573012794,54.49510012782275,2347,54.3343653250774,1938,54.414732726450076,54.3343653250774,1221
Hitter,Parks Harber,sa3025308,692238,2026,AAA,AAA,6,4,A | A+ | AA | AAA,212.0,24.0,True,True,0.13620630103953463,0.7458636519202854,42.009959257582615,2209,66.77454153182309,927,54.392250394702856,42.009959257582615,1222
Hitter,Austin Gauthier,sa3017121,702789,2026,AAA,AAA,6,5,Complex | A | A+ | AA | AAA,335.0,27.0,True,True,0.14265847728025455,0.7260136849994926,40.06337709370756,2209,68.71628910463862,927,54.38983309917309,40.06337709370756,1223
Hitter,Starlin Mieses,sa3067884,833069,2026,Complex,Complex,2,2,International Rookie | Complex,89.0,18.0,True,False,0.010438574569338497,0.09206183577920769,60.9167671893848,2487,47.86012526096033,1916,54.388446225172565,47.86012526096033,1224
Hitter,Adonys Guzman,sa3032892,702631,2026,A,A,3,1,A,218.0,22.0,True,True,0.027806233762879298,0.1002405046386794,44.90453756508802,4033,63.629160063391446,2524,54.26684881423974,44.90453756508802,1225
Hitter,Alex Mooney,sa3023070,695612,2026,AA,AA,5,3,A | A+ | AA,452.0,23.0,True,True,0.04501908107660258,0.5067407580128589,58.34394904458599,3140,50.18315018315018,1638,54.263549613868086,50.18315018315018,1226
Hitter,Zach Daudet,sa3029854,836055,2026,A+,A+,4,2,A | A+,429.0,23.0,True,True,0.036413718346599865,0.14862178639266654,43.11660963411424,3799,65.21344232515895,2202,54.165025979636596,43.11660963411424,1227
Hitter,Irvin Nunez,sa3023899,815966,2026,A,A,3,3,International Rookie | Complex | A,190.0,20.0,True,True,0.021645168175766463,0.13418237192066607,53.55814530126457,4033,54.75435816164818,2524,54.15625173145637,53.55814530126457,1228
Hitter,Daiverson Gutierrez,sa3021086,806987,2026,A+,A+,4,4,International Rookie | Complex | A | A+,424.0,20.0,True,True,0.024939852475852575,0.22570133510989443,55.33035009212951,3799,52.951861943687554,2202,54.14110601790853,52.951861943687554,1229
Hitter,Robert Moore,sa3019928,691001,2026,AAA,AAA,6,4,A | A+ | AA | AAA,308.0,24.0,True,True,0.10674525251636481,0.8356594937831364,52.91987324581258,2209,55.33980582524272,927,54.12983953552765,52.91987324581258,1230
Hitter,Victor Leal,sa3023948,821523,2026,Complex,Complex,2,2,International Rookie | Complex,110.0,19.0,True,True,0.010710474107966715,0.08780882479618597,59.38882187374347,2487,48.8517745302714,1916,54.12029820200743,48.8517745302714,1231
Hitter,Sebastian Toro,sa3076615,837725,2026,International Rookie,International Rookie,1,1,International Rookie,215.0,17.0,True,True,0.002884796771891962,0.04612297919447546,64.42266723476779,2347,43.70485036119711,1938,54.063758797982445,43.70485036119711,1232
Hitter,J.R. Freethy,sa3025310,701540,2026,A+,A+,4,2,A | A+,366.0,23.0,True,True,0.030393560865097927,0.17938510552249912,48.53908923400895,3799,59.58219800181653,2202,54.06064361791274,48.53908923400895,1233
Hitter,Ethan Hedges,sa3033512,805260,2026,A+,A+,4,1,A+,513.0,22.0,True,True,0.0308846138297214,0.17564401851104788,48.06528033693077,3799,60.036330608537696,2202,54.05080547273423,48.06528033693077,1234
Hitter,Carson Roccaforte,sa3022825,811287,2026,AAA,AAA,6,4,A | A+ | AA | AAA,86.0,24.0,True,False,0.09173841135268108,0.868687793249398,59.07650520597556,2209,48.975188781014026,927,54.025846993494795,48.975188781014026,1235
Hitter,Francisco Espinoza,sa3024357,821689,2026,A,A,3,3,International Rookie | Complex | A,133.0,19.0,True,True,0.024990449937727997,0.1123850826507115,48.574262335730225,4033,59.42947702060222,2524,54.00186967816622,48.574262335730225,1236
Hitter,TJ Ford,sa3069302,828074,2026,Complex,Complex,2,1,Complex,205.0,20.0,True,True,0.00609309363028363,0.17770098178173044,78.00562927221551,2487,29.958246346555324,1916,53.98193780938542,29.958246346555324,1237
Hitter,Esmil Valencia,sa3021082,806982,2026,A+,A+,4,4,International Rookie | Complex | A | A+,200.0,20.0,True,True,0.01648329868586021,0.31278142322430713,66.72808633851014,3799,41.235240690281564,2202,53.98166351439585,41.235240690281564,1238
Hitter,Logan Wagner,sa3019932,702488,2026,AA,AA,5,4,Complex | A | A+ | AA,122.0,22.0,True,True,0.04619257352430992,0.48871881813743046,56.97452229299363,3140,50.91575091575091,1638,53.94513660437227,50.91575091575091,1239
Hitter,Sherrintley Da Costa Gomez,sa3076681,837959,2026,International Rookie,International Rookie,1,1,International Rookie,164.0,17.0,True,True,0.010121126515339546,0.007133171458084084,23.008095440988495,2347,84.82972136222911,1938,53.9189084016088,23.008095440988495,1240
Hitter,Gavin Conticello,sa3017770,695521,2026,AAA,AAA,6,5,Complex | A | A+ | AA | AAA,155.0,23.0,True,True,0.06029863015517782,0.9388486439024468,73.20054323223178,2209,34.627831715210355,927,53.91418747372107,34.627831715210355,1241
Hitter,Josue Brito,sa3023763,821147,2026,Complex,Complex,2,2,International Rookie | Complex,191.0,19.0,True,True,0.015418374682683277,0.052708517153970076,44.18978689183756,2487,63.46555323590814,1916,53.827670063872844,44.18978689183756,1242
Hitter,Teilon Serrano,sa3067703,829080,2026,Complex,Complex,2,2,International Rookie | Complex,194.0,18.0,True,True,0.007458217149040908,0.13290132906645338,70.8886208283072,2487,36.74321503131524,1916,53.81591792981122,36.74321503131524,1243
Hitter,Jesus Hernandez,sa3015736,698929,2026,A+,A+,4,4,International Rookie | Complex | A | A+,261.0,22.0,True,True,0.02534944665651903,0.21839646269283647,54.06685969992103,3799,53.496821071752954,2202,53.78184038583699,53.496821071752954,1244
Hitter,Feldi Tavarez,sa3023918,821049,2026,Complex,Complex,2,2,International Rookie | Complex,82.0,19.0,True,False,0.011557161007628313,0.07775256901001212,56.09167671893848,2487,51.46137787056367,1916,53.77652729475108,51.46137787056367,1245
Hitter,Kade Snell,sa3042672,820835,2026,A+,A+,4,1,A+,359.0,23.0,True,True,0.026640231329284073,0.20370381844206506,52.276914977625694,3799,55.22252497729337,2202,53.749719977459534,52.276914977625694,1246
Hitter,Joe Tiroly,sa3043858,840332,2026,A,A,3,1,A,71.0,21.0,True,False,0.02281155206679296,0.1214810378637303,50.88023803620134,4033,56.45800316957211,2524,53.66912060288672,50.88023803620134,1247
Hitter,Jack Spanier,sa3042795,822384,2026,A,A,3,1,A,65.0,21.0,True,False,0.02281155206679296,0.1214810378637303,50.88023803620134,4033,56.45800316957211,2524,53.66912060288672,50.88023803620134,1247
Hitter,Henry Ford,sa3031540,814822,2026,A,A,3,1,A,56.0,21.0,True,False,0.02281155206679296,0.1214810378637303,50.88023803620134,4033,56.45800316957211,2524,53.66912060288672,50.88023803620134,1247
Hitter,Jack Natili,sa3060122,814385,2026,A,A,3,1,A,67.0,21.0,True,False,0.02281155206679296,0.1214810378637303,50.88023803620134,4033,56.45800316957211,2524,53.66912060288672,50.88023803620134,1247
Hitter,Alex Sosa,sa3042760,806227,2026,A,A,3,1,A,77.0,21.0,True,False,0.02281155206679296,0.1214810378637303,50.88023803620134,4033,56.45800316957211,2524,53.66912060288672,50.88023803620134,1247
Hitter,Luke Nixon,sa3038891,823352,2026,A,A,3,1,A,54.0,21.0,True,False,0.02281155206679296,0.1214810378637303,50.88023803620134,4033,56.45800316957211,2524,53.66912060288672,50.88023803620134,1247
Hitter,Ryan Niedzwiedz,sa3038865,834710,2026,A,A,3,1,A,56.0,21.0,True,False,0.02281155206679296,0.1214810378637303,50.88023803620134,4033,56.45800316957211,2524,53.66912060288672,50.88023803620134,1247
Hitter,Daniel Jackson,sa3065812,828714,2026,A,A,3,1,A,98.0,21.0,True,False,0.02281155206679296,0.1214810378637303,50.88023803620134,4033,56.45800316957211,2524,53.66912060288672,50.88023803620134,1247
Hitter,Ryan Wynn,sa3045655,807231,2026,A,A,3,1,A,97.0,21.0,True,False,0.02281155206679296,0.1214810378637303,50.88023803620134,4033,56.45800316957211,2524,53.66912060288672,50.88023803620134,1247
Hitter,Myles Naylor,sa3022605,802504,2026,A,A,3,1,A,97.0,21.0,True,False,0.02281155206679296,0.1214810378637303,50.88023803620134,4033,56.45800316957211,2524,53.66912060288672,50.88023803620134,1247
Hitter,Peyton Stovall,sa3025512,696510,2026,A+,A+,4,2,A | A+,324.0,23.0,True,True,0.030674847644930857,0.17202023920366205,47.38088970781784,3799,59.94550408719346,2202,53.66319689750566,47.38088970781784,1257
Hitter,Colton Becker,sa3025438,813851,2026,AA,AA,5,2,A | AA,335.0,25.0,True,True,0.058923060839540346,0.39201504616166716,48.53503184713376,3140,58.79120879120879,1638,53.66312031917127,48.53503184713376,1258
Hitter,Filippo Di Turi,sa3021093,806995,2026,A,A,3,3,International Rookie | Complex | A,421.0,20.0,True,True,0.02093658907038282,0.13459860214712216,53.60773617654352,4033,53.68462757527734,2524,53.64618187591043,53.60773617654352,1259
Hitter,Willy Montero,sa3015869,701206,2026,A,A,3,3,International Rookie | Complex | A,323.0,21.0,True,True,0.020082582332582897,0.14164581642945048,55.12025787255145,4033,52.13946117274168,2524,53.62985952264657,52.13946117274168,1260
Hitter,Jace LaViolette,sa3036058,702593,2026,A+,A+,4,1,A+,388.0,22.0,True,True,0.02654864143565053,0.20282434838363148,52.17162411160832,3799,55.0408719346049,2202,53.60624802310661,52.17162411160832,1261
Hitter,Dillon Lewis,sa3025515,827665,2026,AA,AA,5,3,A | A+ | AA,356.0,23.0,True,True,0.04258045041673652,0.5080144171539112,58.503184713375795,3140,48.656898656898655,1638,53.580041685137225,48.656898656898655,1262
Hitter,Aaron Parker,sa3025152,801590,2026,AA,AA,5,3,A | A+ | AA,341.0,23.0,True,True,0.05005103737422451,0.4415356270605355,53.2484076433121,3140,53.785103785103786,1638,53.516755714207946,53.2484076433121,1263
Hitter,Carter Trice,sa3022661,807714,2026,AA,AA,5,4,Complex | A | A+ | AA,515.0,23.0,True,True,0.04313889423291891,0.5011505004853444,57.99363057324841,3140,48.9010989010989,1638,53.44736473717366,48.9010989010989,1264
Hitter,Jesus Minaya,sa3077312,833197,2026,International Rookie,International Rookie,1,1,International Rookie,119.0,17.0,True,True,0.004649111622462551,0.02371539659363683,46.9961653174265,2347,59.85552115583075,1938,53.42584323662862,46.9961653174265,1265
Hitter,Emilien Pitre,sa3025391,692150,2026,A+,A+,4,2,A | A+,221.0,23.0,True,True,0.023690798744598358,0.22646370501424207,55.46196367465122,3799,51.316984559491374,2202,53.3894741170713,51.316984559491374,1266
Hitter,Jack Gurevitch,sa3032859,813668,2026,A,A,3,1,A,128.0,22.0,True,True,0.025005884056633013,0.10846521935472561,47.26010414083809,4033,59.42947702060222,2524,53.34479058072016,47.26010414083809,1267
Hitter,Kemp Alderman,sa3022562,694580,2026,AAA,AAA,6,4,A | A+ | AA | AAA,421.0,23.0,True,True,0.052329078386587576,0.9517977765605379,76.77682209144409,2209,29.88133764832794,927,53.329079869886016,29.88133764832794,1268
Hitter,Julio Zayas,sa3021234,808289,2026,A,A,3,3,International Rookie | Complex | A,421.0,20.0,True,True,0.020375810747694043,0.1356377404444885,53.90528142821721,4033,52.7337559429477,2524,53.31951868558245,52.7337559429477,1269
Hitter,Kenneth Melendez,sa3077747,837815,2026,International Rookie,International Rookie,1,1,International Rookie,126.0,16.0,True,True,0.0029687489336760486,0.04122156793300081,61.44013634426928,2347,45.14963880288958,1938,53.29488757357943,45.14963880288958,1270
Hitter,Yorger Bautista,sa3067684,829045,2026,Complex,Complex,2,2,International Rookie | Complex,249.0,18.0,True,True,0.008584012407636567,0.10713644274481765,65.09851226377161,2487,41.2839248434238,1916,53.19121855359771,41.2839248434238,1271
Hitter,Cody Miller,sa3038041,811764,2026,A+,A+,4,2,A | A+,354.0,21.0,True,True,0.02501380357218053,0.21261033703946958,53.25085548828639,3799,52.997275204359674,2202,53.124065346323036,52.997275204359674,1272
Hitter,Mitch Jebb,sa3022565,694991,2026,AAA,AAA,6,4,A | A+ | AA | AAA,206.0,24.0,True,True,0.0918827029809704,0.8600726181032328,57.26573110004527,2209,48.975188781014026,927,53.12045994052965,48.975188781014026,1273
Hitter,Ethan Petry,sa3039828,701337,2026,AA,AA,5,3,A | A+ | AA,267.0,22.0,True,True,0.05358520506109954,0.4098946769677409,50.382165605095544,3140,55.7997557997558,1638,53.090960702425676,50.382165605095544,1274
Hitter,Givian Sirvania,sa3023765,821154,2026,A,A,3,2,International Rookie | A,134.0,18.0,True,True,0.01774008838512843,0.16164472823072865,58.26927845276469,4033,47.82091917591125,2524,53.04509881433797,47.82091917591125,1275
Hitter,Adrian De Leon,sa3015864,700369,2026,AA,AA,5,5,International Rookie | Complex | A | A+ | AA,86.0,22.0,True,False,0.026604497558305535,0.6856610894254694,72.86624203821655,3140,33.211233211233214,1638,53.03873762472489,33.211233211233214,1276
Hitter,Logan Poteet,sa3040124,804751,2026,A,A,3,1,A,234.0,22.0,True,True,0.02601732916689945,0.10050048201385647,45.02851475328539,4033,61.014263074484944,2524,53.02138891388517,45.02851475328539,1277
Hitter,Gabriel Rodriguez,sa3024645,821657,2026,A,A,3,3,International Rookie | Complex | A,269.0,19.0,True,True,0.01779486863150881,0.1586635236301499,57.971733201091,4033,47.90015847860539,2524,52.935945839848195,47.90015847860539,1278
Hitter,Mike Boeve,sa3022658,801670,2026,AA,AA,5,2,A+ | AA,495.0,24.0,True,True,0.05981524014047258,0.3687051035828679,46.94267515923567,3140,58.85225885225885,1638,52.89746700574726,46.94267515923567,1279
Hitter,Luis De Leon,sa3067652,825479,2026,Complex,Complex,2,2,International Rookie | Complex,141.0,19.0,True,True,0.004687118664634113,0.22099324662962327,83.55448331322879,2487,22.181628392484342,1916,52.868055852856564,22.181628392484342,1280
Hitter,Edwin Ramirez,sa3077619,836434,2026,International Rookie,International Rookie,1,1,International Rookie,144.0,18.0,True,True,0.002946606987958084,0.040407783467773115,60.843630166169575,2347,44.89164086687307,1938,52.86763551652132,44.89164086687307,1281
Hitter,Osiris Ramirez,sa3076559,834835,2026,International Rookie,International Rookie,1,1,International Rookie,199.0,17.0,True,True,0.004563776277211841,0.0232392302890549,46.52748189177674,2347,59.18472652218782,1938,52.85610420698228,46.52748189177674,1282
Hitter,Luke Pelzer,sa3038960,804114,2026,A+,A+,4,2,A | A+,295.0,23.0,True,True,0.024743623624634233,0.20987619347803602,52.98762832324296,3799,52.63396911898274,2202,52.810798721112846,52.63396911898274,1283
Hitter,Harold Rivas,sa3067705,829093,2026,Complex,Complex,2,2,International Rookie | Complex,198.0,18.0,True,True,0.006697862043538659,0.1461077854651704,72.89907519099316,2487,32.463465553235906,1916,52.68127037211453,32.463465553235906,1284
Hitter,Kevin Verde,sa3021326,814269,2026,AA,AA,5,3,International Rookie | Complex | AA,111.0,20.0,True,True,0.04777613681871907,0.43756036554433714,52.89808917197452,3140,52.25885225885226,1638,52.57847071541339,52.25885225885226,1285
Hitter,Jackson Lovich,sa3036600,804944,2026,A,A,3,1,A,363.0,22.0,True,True,0.019508187051633884,0.1369385332098407,54.103644929333,4033,51.03011093502377,2524,52.566877932178386,51.03011093502377,1286
Hitter,Pascanel Ferreras,sa3022702,814299,2026,AAA,AAA,6,4,A | A+ | AA | AAA,272.0,24.0,True,True,0.08448409171645334,0.8705018849073658,59.3481213218651,2209,45.63106796116505,927,52.489594641515076,45.63106796116505,1287
Hitter,Jhonayker Ugarte,sa3024361,821716,2026,Complex,Complex,2,2,International Rookie | Complex,174.0,19.0,True,True,0.010198705926190611,0.08351901004350565,57.94129473260957,2487,46.920668058455114,1916,52.43098139553234,46.920668058455114,1288
Hitter,Adrian Pinto,sa3015542,691437,2026,AA,AA,5,4,International Rookie | A | A+ | AA,178.0,23.0,True,True,0.03984650052964463,0.5038448858794569,58.152866242038215,3140,46.7032967032967,1638,52.42808147266746,46.7032967032967,1289
Hitter,Logan Braunschweig,sa3027614,824742,2026,A+,A+,4,1,A+,214.0,23.0,True,True,0.03122336867715395,0.15564956386410056,44.4327454593314,3799,60.39963669391462,2202,52.41619107662301,44.4327454593314,1290
Hitter,James Taussig,sa3069162,823173,2026,A+,A+,4,2,A | A+,225.0,23.0,True,True,0.03149222005039343,0.15443944952154323,44.274809160305345,3799,60.53587647593097,2202,52.40534281811816,44.274809160305345,1291
Hitter,Nick Rodriguez,sa3041005,823795,2026,AA,AA,5,2,A | AA,538.0,23.0,True,True,0.06553380629533039,0.3326518905175377,43.31210191082803,3140,61.47741147741148,1638,52.39475669411975,43.31210191082803,1292
Hitter,Maxton Martin,sa3023014,807722,2026,A+,A+,4,3,Complex | A | A+,508.0,21.0,True,True,0.016254008772733,0.28869022904915687,64.0958146880758,3799,40.690281562216164,2202,52.39304812514598,40.690281562216164,1293
Hitter,Carlos Pacheco,sa3018455,800149,2026,A+,A,4,4,International Rookie | Complex | A | A+,60.0,20.0,True,False,0.020908705700157248,0.2346839839393862,56.75177678336404,3799,47.86557674841053,2202,52.308676765887284,47.86557674841053,1294
Hitter,Anthony Potestio,sa3040125,835219,2026,A,A,3,1,A,80.0,21.0,True,False,0.021941288238116387,0.11541908482650924,49.442102653111824,4033,55.15055467511886,2524,52.29632866411534,49.442102653111824,1295
Hitter,Brayden Bakes,sa3058541,806025,2026,A,A,3,1,A,52.0,21.0,True,False,0.021941288238116387,0.11541908482650924,49.442102653111824,4033,55.15055467511886,2524,52.29632866411534,49.442102653111824,1295
Hitter,Macon Winslow,sa3045458,806264,2026,A,A,3,1,A,85.0,21.0,True,False,0.021941288238116387,0.11541908482650924,49.442102653111824,4033,55.15055467511886,2524,52.29632866411534,49.442102653111824,1295
Hitter,Diego Castellanos,sa3028606,824425,2026,A,A,3,1,A,80.0,21.0,True,False,0.021941288238116387,0.11541908482650924,49.442102653111824,4033,55.15055467511886,2524,52.29632866411534,49.442102653111824,1295
Hitter,Aiden Robbins,sa3040859,828657,2026,A,A,3,1,A,89.0,21.0,True,False,0.021941288238116387,0.11541908482650924,49.442102653111824,4033,55.15055467511886,2524,52.29632866411534,49.442102653111824,1295
Hitter,Sherman Johnson,sa3073566,812818,2026,A,A,3,1,A,57.0,21.0,True,False,0.021941288238116387,0.11541908482650924,49.442102653111824,4033,55.15055467511886,2524,52.29632866411534,49.442102653111824,1295
Hitter,Dee Kennedy,sa3035263,806131,2026,A,A,3,1,A,92.0,21.0,True,False,0.021941288238116387,0.11541908482650924,49.442102653111824,4033,55.15055467511886,2524,52.29632866411534,49.442102653111824,1295
Hitter,Dean West,sa3045030,800632,2026,A,A,3,1,A,63.0,21.0,True,False,0.021941288238116387,0.11541908482650924,49.442102653111824,4033,55.15055467511886,2524,52.29632866411534,49.442102653111824,1295
Hitter,Aidan Teel,sa3043601,813359,2026,A,A,3,1,A,77.0,21.0,True,False,0.021941288238116387,0.11541908482650924,49.442102653111824,4033,55.15055467511886,2524,52.29632866411534,49.442102653111824,1295
Hitter,Bear Harrison,sa3059417,824424,2026,A,A,3,1,A,89.0,21.0,True,False,0.021941288238116387,0.11541908482650924,49.442102653111824,4033,55.15055467511886,2524,52.29632866411534,49.442102653111824,1295
Hitter,TJayy Walton,sa3023090,807737,2026,A,A,3,1,A,88.0,21.0,True,False,0.021941288238116387,0.11541908482650924,49.442102653111824,4033,55.15055467511886,2524,52.29632866411534,49.442102653111824,1295
Hitter,Ryan Cooney,sa3029332,807721,2026,A,A,3,1,A,90.0,21.0,True,False,0.021941288238116387,0.11541908482650924,49.442102653111824,4033,55.15055467511886,2524,52.29632866411534,49.442102653111824,1295
Hitter,Owen Henne,sa3077974,842711,2026,A,A,3,1,A,67.0,21.0,True,False,0.021941288238116387,0.11541908482650924,49.442102653111824,4033,55.15055467511886,2524,52.29632866411534,49.442102653111824,1295
Hitter,Will Gasparino,sa3032034,800605,2026,A,A,3,1,A,93.0,21.0,True,False,0.021941288238116387,0.11541908482650924,49.442102653111824,4033,55.15055467511886,2524,52.29632866411534,49.442102653111824,1295
Hitter,Eric Guevara,sa3032834,804561,2026,A,A,3,1,A,61.0,21.0,True,False,0.021941288238116387,0.11541908482650924,49.442102653111824,4033,55.15055467511886,2524,52.29632866411534,49.442102653111824,1295
Hitter,Caden Bogenpohl,sa3027320,806470,2026,A,A,3,1,A,80.0,21.0,True,False,0.021941288238116387,0.11541908482650924,49.442102653111824,4033,55.15055467511886,2524,52.29632866411534,49.442102653111824,1295
Hitter,Reece Moroney,sa3038389,814964,2026,A,A,3,1,A,66.0,21.0,True,False,0.021941288238116387,0.11541908482650924,49.442102653111824,4033,55.15055467511886,2524,52.29632866411534,49.442102653111824,1295
Hitter,Charlie Scholvin,sa3041760,839366,2026,A,A,3,1,A,78.0,21.0,True,False,0.021941288238116387,0.11541908482650924,49.442102653111824,4033,55.15055467511886,2524,52.29632866411534,49.442102653111824,1295
Hitter,Jake Bennett,sa3058621,821327,2026,A,A,3,1,A,85.0,21.0,True,False,0.021941288238116387,0.11541908482650924,49.442102653111824,4033,55.15055467511886,2524,52.29632866411534,49.442102653111824,1295
Hitter,Mulivai Levu,sa3036284,823050,2026,A,A,3,1,A,91.0,21.0,True,False,0.021941288238116387,0.11541908482650924,49.442102653111824,4033,55.15055467511886,2524,52.29632866411534,49.442102653111824,1295
Hitter,Isaiah Lane,sa3035915,805182,2026,A,A,3,1,A,93.0,21.0,True,False,0.021941288238116387,0.11541908482650924,49.442102653111824,4033,55.15055467511886,2524,52.29632866411534,49.442102653111824,1295
Hitter,Max Williams,sa3045333,703637,2026,A,A,3,1,A,71.0,21.0,True,False,0.021941288238116387,0.11541908482650924,49.442102653111824,4033,55.15055467511886,2524,52.29632866411534,49.442102653111824,1295
Hitter,Ramon Mendoza,sa3007513,680636,2026,AAA,AAA,6,6,International Rookie | Complex | A | A+ | AA | AAA,430.0,25.0,True,True,0.06600170527668886,0.9089171057316655,66.13852421910367,2209,38.295577130528585,927,52.21705067481613,38.295577130528585,1317
Hitter,Arturo Flores,sa3067342,829251,2026,A,A,3,1,A,351.0,20.0,True,True,0.02157217753577487,0.11591236735402514,49.51648896603025,4033,54.75435816164818,2524,52.13542356383921,49.51648896603025,1318
Hitter,Bernard Moon,sa3022821,807239,2026,A,A,3,2,Complex | A,435.0,21.0,True,True,0.018663795413251714,0.13873253922543446,54.574758244483014,4033,49.64342313787639,2524,52.1090906911797,49.64342313787639,1319
Hitter,Bryan Acuna,sa3018427,703195,2026,A,A,3,3,International Rookie | Complex | A,167.0,20.0,True,True,0.015434069658931073,0.1759944575624488,60.9719811554674,4033,43.18541996830428,2524,52.07870056188584,43.18541996830428,1320
Hitter,Justin DeCriscio,sa3030012,813664,2026,A+,A+,4,2,A | A+,341.0,23.0,True,True,0.029881412618541395,0.15963697455585157,45.19610423795736,3799,58.85558583106267,2202,52.02584503451001,45.19610423795736,1321
Hitter,Elian Adames,sa3067670,827424,2026,International Rookie,International Rookie,1,1,International Rookie,185.0,18.0,True,True,0.0028744654234728606,0.039664261186144203,60.46016190881977,2347,43.550051599587206,1938,52.00510675420349,43.550051599587206,1322
Hitter,Keith Jones II,sa3025629,695069,2026,AA,AA,5,2,A+ | AA,414.0,24.0,True,True,0.08009058666685118,0.2757688442164413,37.70700636942675,3140,66.3003663003663,1638,52.00368633489653,37.70700636942675,1323
Hitter,Kaleb Freeman,sa3031690,807461,2026,A+,A+,4,2,A | A+,314.0,23.0,True,True,0.037068504313391135,0.1265054465831031,38.32587523032377,3799,65.66757493188011,2202,51.99672508110194,38.32587523032377,1324
Hitter,Tyson Moran,sa3069392,828903,2026,A,A,3,2,Complex | A,63.0,20.0,True,False,0.0203340726043975,0.12316789195445112,51.27696503843293,4033,52.65451664025357,2524,51.96574083934325,51.27696503843293,1325
Hitter,Adrian Martinez,sa3076552,834255,2026,International Rookie,International Rookie,1,1,International Rookie,165.0,17.0,True,True,0.004093578437283672,0.024723620949779052,47.93353216872603,2347,55.88235294117647,1938,51.90794255495125,47.93353216872603,1326
Hitter,Jaxson West,sa3045032,702486,2026,A+,A+,4,2,A | A+,97.0,22.0,True,False,0.025729816986418422,0.18823555368049066,49.64464332719137,3799,53.99636693914623,2202,51.820505133168794,49.64464332719137,1327
Hitter,Sam Brown,sa3023367,694848,2026,AA,AA,5,1,AA,362.0,24.0,True,True,0.10093476093217034,0.20733487085457242,30.318471337579616,3140,73.26007326007326,1638,51.78927229882643,30.318471337579616,1328
Hitter,Parker Brosius,sa3027776,702701,2026,A,A,3,1,A,112.0,22.0,True,True,0.020848495823149963,0.11787181013712265,49.987602281180266,4033,53.56576862123613,2524,51.776685451208195,49.987602281180266,1329
Hitter,Lizandro Espinoza,sa3015611,692371,2026,AAA,AAA,6,6,International Rookie | Complex | A | A+ | AA | AAA,84.0,23.0,True,False,0.03827041147735389,0.9709426363260196,83.25033952014486,2209,20.28047464940669,927,51.765407084775774,20.28047464940669,1330
Hitter,Edgar Montero,sa3024109,815911,2026,A,A,3,2,International Rookie | A,449.0,19.0,True,True,0.019277871439408855,0.13004077832628053,52.81428217208034,4033,50.67353407290016,2524,51.743908122490254,50.67353407290016,1331
Hitter,Jake Casey,sa3028574,814457,2026,A+,A+,4,2,A | A+,252.0,23.0,True,True,0.02171719151914005,0.2192652277006277,54.30376414846012,3799,49.182561307901906,2202,51.74316272818101,49.182561307901906,1332
Hitter,Yeiker Reyes,sa3021126,807975,2026,A,Complex,3,3,International Rookie | Complex | A,381.0,19.0,True,True,0.01376932379858231,0.19581872029767294,64.24497892387801,4033,39.223454833597465,2524,51.73421687873774,39.223454833597465,1333
Hitter,Osmy Osorio,sa3076596,837666,2026,International Rookie,International Rookie,1,1,International Rookie,142.0,17.0,True,True,0.0038570636721048475,0.025923028463787016,49.51001278227525,2347,53.92156862745098,1938,51.71579070486311,49.51001278227525,1334
Hitter,Alejandro Guerrero,sa3067863,830462,2026,International Rookie,International Rookie,1,1,International Rookie,165.0,18.0,True,True,0.0035378672365319365,0.029779585085441894,52.44993608862377,2347,50.98039215686274,1938,51.71516412274326,50.98039215686274,1335
Hitter,Jhonny Severino,sa3018415,703177,2026,A+,A+,4,4,International Rookie | Complex | A | A+,474.0,21.0,True,True,0.018637329631805206,0.24788991220314036,58.64701237167676,3799,44.64123524069028,2202,51.644123806183515,44.64123524069028,1336
Hitter,Quentin Young,sa3069187,815839,2026,A,A,3,1,A,441.0,19.0,True,True,0.018648037311209516,0.1348537317483556,53.63253161418299,4033,49.64342313787639,2524,51.63797737602969,49.64342313787639,1337
Hitter,Lizandro Espinoza,sa3015611,692371,2026,AA,AA,5,5,International Rookie | Complex | A | A+ | AA,156.0,23.0,True,True,0.018043982688781303,0.7853194109979589,80.79617834394904,3140,22.466422466422465,1638,51.631300405185755,22.466422466422465,1338
Hitter,Samuel Gil,sa3018963,800510,2026,A+,A+,4,4,International Rookie | Complex | A | A+,413.0,21.0,True,True,0.016585197291268294,0.27037083118752797,61.64780205317189,3799,41.55313351498638,2202,51.60046778407913,41.55313351498638,1339
Hitter,Carlos Benavides,sa3067714,829694,2026,International Rookie,International Rookie,1,1,International Rookie,138.0,18.0,True,True,0.002904539675861471,0.03817203106523057,59.22454196847039,2347,43.962848297213625,1938,51.59369513284201,43.962848297213625,1340
Hitter,Kehden Hettiger,sa3022812,800607,2026,AA,AA,5,3,A | A+ | AA,246.0,22.0,True,True,0.07358060068919281,0.283082907200084,38.2484076433121,3140,64.65201465201466,1638,51.45021114766338,38.2484076433121,1341
Hitter,Jesus Freitez,sa3022392,815438,2026,A,A,3,3,International Rookie | Complex | A,187.0,20.0,True,True,0.013697923915472426,0.19331412913350754,63.87304735928589,4033,39.02535657686212,2524,51.44920196807401,39.02535657686212,1342
Hitter,Juan Flores,sa3021185,808129,2026,AA,AA,5,4,International Rookie | A | A+ | AA,190.0,20.0,True,True,0.04240719923665849,0.45654791313764476,54.36305732484077,3140,48.53479853479853,1638,51.44892792981965,48.53479853479853,1343
Hitter,Carlos Done,sa3076685,837969,2026,International Rookie,International Rookie,1,1,International Rookie,232.0,17.0,True,True,0.0035992422027633277,0.028379259201940142,51.21431614827439,2347,51.651186790505676,1938,51.432751469390034,51.21431614827439,1344
Hitter,Adrian Sugastey,sa3015190,692368,2026,AA,AA,5,4,Complex | A | A+ | AA,135.0,23.0,True,True,0.04366876117072224,0.44536258196135414,53.503184713375795,3140,49.32844932844933,1638,51.41581702091256,49.32844932844933,1345
Hitter,Enyer Antonio,sa3076504,822230,2026,International Rookie,International Rookie,1,1,International Rookie,188.0,17.0,True,True,0.004758397753057645,0.018953101445388254,41.7980400511291,2347,60.9907120743034,1938,51.39437606271625,41.7980400511291,1346
Hitter,Christian Cerda,sa3015623,692416,2026,AAA,AAA,6,6,International Rookie | Complex | A | A+ | AA | AAA,230.0,23.0,True,True,0.0664123139242755,0.8986624698952315,64.37301946582164,2209,38.403451995685,927,51.38823573075332,38.403451995685,1347
Hitter,Estivel Morillo,sa3023969,821695,2026,Complex,Complex,2,2,International Rookie | Complex,175.0,18.0,True,True,0.007941508784499266,0.10260085655314394,63.97265782066747,2487,38.77870563674322,1916,51.375681728705345,38.77870563674322,1348
Hitter,Tony Santa Maria,sa3041543,811948,2026,AAA,AAA,6,2,A+ | AAA,50.0,24.0,True,False,0.10163792944493366,0.8132705237612116,49.66047985513807,2209,53.07443365695793,927,51.367456756048,49.66047985513807,1349
Hitter,Luis Garcia,sa3067728,829731,2026,International Rookie,International Rookie,1,1,International Rookie,208.0,18.0,True,True,0.005157589713398553,0.01706600153370368,39.284192586280355,2347,63.36429308565531,1938,51.32424283596784,39.284192586280355,1350
Hitter,Roc Riggio,sa3022750,691792,2026,AAA,AAA,6,4,A | A+ | AA | AAA,90.0,24.0,True,False,0.06077559465172924,0.917279056464101,67.76822091444092,2209,34.84358144552319,927,51.30590117998206,34.84358144552319,1351
Hitter,Christian Gonzalez,sa3023982,822619,2026,A,A,3,3,International Rookie | Complex | A,149.0,19.0,True,True,0.020165683717894258,0.11890402991545217,50.285147532853955,4033,52.21870047543582,2524,51.25192400414488,50.285147532853955,1352
Hitter,Jorge Ruiz,sa3015873,702409,2026,A+,A+,4,4,International Rookie | Complex | A | A+,423.0,22.0,True,True,0.017027172762707585,0.2583707002580367,60.094761779415634,3799,42.23433242506812,2202,51.164547102241876,42.23433242506812,1353
Hitter,Jesus  Perez,sa3068197,829777,2026,International Rookie,International Rookie,1,1,International Rookie,170.0,18.0,True,True,0.0026886390818159473,0.04111081284505132,61.3975287601193,2347,40.91847265221878,1938,51.15800070616904,40.91847265221878,1354
Hitter,Cam Clayton,sa3025610,701784,2026,A+,A+,4,2,A | A+,273.0,23.0,True,True,0.025548222557943992,0.17927417619051625,48.53908923400895,3799,53.723887375113534,2202,51.131488304561245,48.53908923400895,1355
Hitter,Jurdrick Profar,sa3023962,821673,2026,A,A,3,3,International Rookie | Complex | A,88.0,19.0,True,False,0.018491549667657283,0.13054073232393462,52.83907760971981,4033,49.40570522979398,2524,51.122391419756894,49.40570522979398,1356
Hitter,Connor Caskenette,sa3025240,683353,2026,AA,A+,5,3,A | A+ | AA,52.0,23.0,True,False,0.04999963355903156,0.39125958799230526,48.503184713375795,3140,53.724053724053725,1638,51.11361921871476,48.503184713375795,1357
Hitter,Juan Matheus,sa3018611,801276,2026,A+,A+,4,4,International Rookie | Complex | A | A+,182.0,22.0,True,True,0.023266129554582234,0.1977667323081965,51.355619899973675,3799,50.817438692098094,2202,51.086529296035884,50.817438692098094,1358
Hitter,Johan Geraldo,sa3076662,837852,2026,International Rookie,International Rookie,1,1,International Rookie,190.0,17.0,True,True,0.002305058850407976,0.048584877984250374,65.53046442266724,2347,36.58410732714138,1938,51.05728587490431,36.58410732714138,1359
Hitter,Rafhlmil Torres,sa3021118,807951,2026,A,A,3,3,International Rookie | Complex | A,518.0,20.0,True,True,0.01579038970658134,0.16130854645455447,58.26927845276469,4033,43.81933438985737,2524,51.04430642131103,43.81933438985737,1360
Hitter,Jaron Elkins,sa3023288,814696,2026,A+,A+,4,3,Complex | A | A+,143.0,21.0,True,True,0.017519181079856398,0.250213948747331,59.09449855225059,3799,42.96094459582198,2202,51.027721574036285,42.96094459582198,1361
Hitter,Brandon Winokur,sa3022613,806263,2026,AA,AA,5,4,Complex | A | A+ | AA,229.0,21.0,True,True,0.02522170946961237,0.6496654263183415,70.03184713375796,3140,31.92918192918193,1638,50.98051453146995,31.92918192918193,1362
Hitter,Jean Carlos Sio,sa3018648,805117,2026,A+,A+,4,4,International Rookie | Complex | A | A+,65.0,22.0,True,False,0.024611708924798623,0.18570540526459928,49.27612529613056,3799,52.58855585831063,2202,50.93234057722059,49.27612529613056,1363
Hitter,Roc Riggio,sa3022750,691792,2026,AA,AA,5,3,A | A+ | AA,380.0,24.0,True,True,0.03673419821462002,0.49320516358071187,57.35668789808917,3140,44.505494505494504,1638,50.93109120179184,44.505494505494504,1364
Hitter,Michael Cordero,sa3068237,831107,2026,International Rookie,International Rookie,1,1,International Rookie,199.0,17.0,True,True,0.003547524936299794,0.027427601762213843,50.61780997017469,2347,51.18679050567595,1938,50.90230023792532,50.61780997017469,1365
Hitter,John Wimmer,sa3022509,814091,2026,A,A,3,2,Complex | A,220.0,21.0,True,True,0.021520169080072628,0.10768563946901238,47.086536077361764,4033,54.635499207606976,2524,50.86101764248437,47.086536077361764,1366
Hitter,Larry Martinez,sa3019551,800371,2026,A,A,3,3,International Rookie | Complex | A,99.0,20.0,True,False,0.018569323390306695,0.1272613839876399,52.09521448053558,4033,49.603803486529316,2524,50.849508983532445,49.603803486529316,1367
Hitter,Anibal Salas,sa3021102,807010,2026,A,A,3,3,International Rookie | Complex | A,359.0,20.0,True,True,0.014806362640448892,0.17254591819161538,60.128936275725266,4033,41.56101426307448,2524,50.844975269399875,41.56101426307448,1368
Hitter,Carl Calixte,sa3067444,821156,2026,Complex,Complex,2,1,Complex,151.0,19.0,True,True,0.007404778101829532,0.10827215084121217,65.42018496180137,2487,36.22129436325678,1916,50.82073966252908,36.22129436325678,1369
Hitter,Euri Rosa,sa3023979,821817,2026,Complex,Complex,2,2,International Rookie | Complex,58.0,18.0,True,False,0.005852492944691847,0.14781891594351465,73.14032971451547,2487,28.49686847599165,1916,50.81859909525356,28.49686847599165,1370
Hitter,Caleb Roberts,sa3016959,681134,2026,AA,AA,5,3,A | A+ | AA,134.0,26.0,True,True,0.06310322784356738,0.31001070924346796,41.01910828025478,3140,60.5006105006105,1638,50.75985939043264,41.01910828025478,1371
Hitter,Luke Davis,sa3067039,701592,2026,A+,A+,4,2,A | A+,184.0,23.0,True,True,0.04094768975837024,0.10163665535157633,32.771782047907344,3799,68.66485013623978,2202,50.718316092073565,32.771782047907344,1372
Hitter,Juan Elejandro,sa3068191,829744,2026,Complex,Complex,2,2,International Rookie | Complex,125.0,18.0,True,True,0.015026927794825154,0.04347983142095506,38.76156011258544,2487,62.63048016701461,1916,50.69602013980003,38.76156011258544,1373
Hitter,Jose Requena,sa3076632,837769,2026,International Rookie,International Rookie,1,1,International Rookie,111.0,17.0,True,True,0.006647693579370092,0.010033628895280072,28.887942053685556,2347,72.44582043343654,1938,50.66688124356105,28.887942053685556,1374
Hitter,Jaime Ferrer,sa3025246,695634,2026,A+,A+,4,2,A | A+,146.0,23.0,True,True,0.02531300101638715,0.174938712804063,47.775730455383,3799,53.496821071752954,2202,50.63627576356798,47.775730455383,1375
Hitter,Hector Barroso,sa3068710,834563,2026,International Rookie,International Rookie,1,1,International Rookie,168.0,18.0,True,True,0.004921707331766456,0.01698861968178475,39.156369833830425,2347,61.919504643962846,1938,50.53793723889663,39.156369833830425,1376
Hitter,Trent Youngblood,sa3067290,827636,2026,A+,A+,4,2,A | A+,296.0,24.0,True,True,0.024774689217469916,0.17696194603611534,48.22321663595683,3799,52.81562216167121,2202,50.51941939881402,48.22321663595683,1377
Hitter,Yeison Acosta,sa3067812,829973,2026,International Rookie,International Rookie,1,1,International Rookie,198.0,18.0,True,True,0.003337577212986617,0.029265671384068777,52.06646783127397,2347,48.81320949432405,1938,50.439838662799005,48.81320949432405,1378
Hitter,Miguel Bleis,sa3016834,694194,2026,AA,AA,5,5,International Rookie | Complex | A | A+ | AA,353.0,22.0,True,True,0.027961993979549106,0.5960780408768673,66.24203821656052,3140,34.61538461538461,1638,50.428711415972565,34.61538461538461,1379
Hitter,Jared Thomas,sa3025252,703606,2026,AA,AA,5,2,A+ | AA,110.0,22.0,True,True,0.05603639737957351,0.33386793095077266,43.40764331210191,3140,57.44810744810745,1638,50.42787538010468,43.40764331210191,1380
Hitter,Kevin Bazzell,sa3025511,695494,2026,A+,A+,4,2,A | A+,213.0,23.0,True,True,0.025366675800403072,0.17131138140708133,47.30192155830482,3799,53.54223433242507,2202,50.42207794536495,47.30192155830482,1381
Hitter,Jackson Strong,sa3025551,825924,2026,A+,A+,4,2,A | A+,435.0,22.0,True,True,0.024639788677677976,0.1775975596300457,48.24953935246118,3799,52.58855585831063,2202,50.4190476053859,48.24953935246118,1382
Hitter,Druw Jones,sa3020676,702258,2026,AA,AA,5,3,A | A+ | AA,496.0,22.0,True,True,0.03582096755627358,0.49563250911424733,57.4203821656051,3140,43.223443223443226,1638,50.32191269452416,43.223443223443226,1383
Hitter,Tre Richardson III,sa3022428,693832,2026,AA,AA,5,3,A | A+ | AA,229.0,24.0,True,True,0.05166614545276578,0.3577763771503628,45.82802547770701,3140,54.7008547008547,1638,50.26444008928085,45.82802547770701,1384
Hitter,Leo Balcazar,sa3015798,699114,2026,AA,AA,5,5,International Rookie | Complex | A | A+ | AA,443.0,22.0,True,True,0.036337919291131844,0.4816012239465708,56.560509554140125,3140,43.956043956043956,1638,50.25827675509204,43.956043956043956,1385
Hitter,Nick Lorusso,sa3022810,700681,2026,AA,AA,5,3,A | A+ | AA,351.0,25.0,True,True,0.04947447683053069,0.37224726173119393,47.07006369426752,3140,53.41880341880342,1638,50.24443355653547,47.07006369426752,1386
Hitter,James Taussig,sa3069162,823173,2026,AA,AA,5,3,A | A+ | AA,60.0,23.0,True,False,0.04324003147265531,0.41997287989748255,51.43312101910828,3140,49.02319902319903,1638,50.228160021153656,49.02319902319903,1387
Hitter,Ryan Cesarini,sa3025440,825761,2026,A+,A+,4,2,A | A+,142.0,23.0,True,True,0.024969759134734267,0.17214588600630618,47.38088970781784,3799,52.951861943687554,2202,50.166375825752695,47.38088970781784,1388
Hitter,Connor McGinnis,sa3059979,821296,2026,AA,AA,5,2,A+ | AA,308.0,23.0,True,True,0.04552474787280381,0.40257577374522957,49.617834394904456,3140,50.67155067155067,1638,50.14469253322756,49.617834394904456,1389
Hitter,Cam Maldonado,sa3036900,809686,2026,A+,A+,4,2,A | A+,96.0,22.0,True,False,0.023563876694799934,0.18458001900285678,49.09186628060016,3799,51.18074477747502,2202,50.136305529037585,49.09186628060016,1390
Hitter,Esterlin Casanova,sa3076633,837774,2026,International Rookie,International Rookie,1,1,International Rookie,191.0,17.0,True,True,0.00493609983195643,0.01622155206533649,38.133787814230935,2347,62.074303405572756,1938,50.104045609901846,38.133787814230935,1391
Hitter,Adolfo Sanchez,sa3023709,807645,2026,A,A,3,3,International Rookie | Complex | A,115.0,19.0,True,True,0.019175596849185645,0.11655683628066586,49.69005702950657,4033,50.47543581616482,2524,50.0827464228357,49.69005702950657,1392
Hitter,Emaarion Boyd,sa3020281,702708,2026,AA,AA,5,3,A | A+ | AA,208.0,22.0,True,True,0.0310884359369357,0.544618644016348,61.62420382165605,3140,38.52258852258852,1638,50.07339617212229,38.52258852258852,1393
Hitter,Luis Perez,sa3076521,824973,2026,International Rookie,International Rookie,1,1,International Rookie,241.0,18.0,True,True,0.003002577379249071,0.0323618656655025,54.62292288027269,2347,45.5108359133127,1938,50.06687939679269,45.5108359133127,1394
Hitter,Victor Labrada,sa3015062,700032,2026,AAA,AAA,6,4,A | A+ | AA | AAA,481.0,26.0,True,True,0.11138530675204494,0.750689278289109,42.372114078768675,2209,57.605177993527505,927,49.98864603614809,42.372114078768675,1395
Hitter,Jude Warwick,sa3067338,827672,2026,A,A,3,2,Complex | A,446.0,20.0,True,True,0.013899876099973564,0.1745839733204745,60.575254153235804,4033,39.38193343898574,2524,49.97859379611077,39.38193343898574,1396
Hitter,Wuilfredo Antunez,sa3011578,686404,2026,AA,A+,5,5,International Rookie | Complex | A | A+ | AA,133.0,23.0,True,True,0.01965411101573129,0.7134792054690187,74.87261146496816,3140,25.03052503052503,1638,49.95156824774659,25.03052503052503,1397
Hitter,Darling Montero,sa3076707,839105,2026,International Rookie,International Rookie,1,1,International Rookie,161.0,17.0,True,True,0.001538846755316722,0.06767634983921049,73.1998295696634,2347,26.676986584107325,1938,49.93840807688536,26.676986584107325,1398
Hitter,Hector Campusano,sa3024148,821763,2026,A,A,3,3,International Rookie | Complex | A,50.0,19.0,True,False,0.018135612023621232,0.12254277530314321,51.17778328787503,4033,48.652931854199686,2524,49.91535757103736,48.652931854199686,1399
Hitter,Michael Mesa,sa3076564,836607,2026,International Rookie,International Rookie,1,1,International Rookie,206.0,17.0,True,True,0.002388056592682636,0.042398996322290806,62.46271836386877,2347,37.35810113519092,1938,49.91040974952985,37.35810113519092,1400
Hitter,Kevin Garcia,sa3024130,821237,2026,A,A,3,3,International Rookie | Complex | A,235.0,18.0,True,True,0.015469857123227833,0.15026513512387718,56.45921150508306,4033,43.30427892234548,2524,49.88174521371427,43.30427892234548,1401
Hitter,Iverson Allen,sa3023750,821044,2026,International Rookie,International Rookie,1,1,International Rookie,132.0,18.0,True,True,0.0049228172548749635,0.01598809091555817,37.7929271410311,2347,61.919504643962846,1938,49.85621589249698,37.7929271410311,1402
Hitter,Fabian Gonzalez,sa3077093,838854,2026,International Rookie,International Rookie,1,1,International Rookie,166.0,17.0,True,True,0.0043330350377827195,0.019406789392230256,42.30933106092885,2347,57.32714138286894,1938,49.81823622189889,42.30933106092885,1403
Hitter,Carson Rucker,sa3022926,813620,2026,A,A,3,1,A,324.0,21.0,True,True,0.01641312650844909,0.13715014869778933,54.22762211753037,4033,45.16640253565769,2524,49.697012326594034,45.16640253565769,1404
Hitter,Emerson Estevez,sa3076524,825178,2026,International Rookie,International Rookie,1,1,International Rookie,152.0,17.0,True,True,0.003129949827971421,0.02967563412915589,52.407328504473796,2347,46.95562435500516,1938,49.681476429739476,46.95562435500516,1405
Hitter,David McCann,sa3076393,806154,2026,A,A,3,1,A,130.0,22.0,True,True,0.023131445825017322,0.09266616212929818,42.47458467641954,4033,56.735340729001585,2524,49.604962702710566,42.47458467641954,1406
Hitter,Yordalin Pena,sa3018489,800266,2026,A+,A+,4,4,International Rookie | Complex | A | A+,77.0,21.0,True,False,0.019293565411165413,0.2154158163688215,53.59305080284285,3799,45.594913714804726,2202,49.593982258823786,45.594913714804726,1407
Hitter,Titus Dumitru,sa3025225,828335,2026,AA,AA,5,3,A | A+ | AA,484.0,23.0,True,True,0.0431173827341565,0.4090656032202101,50.254777070063696,3140,48.9010989010989,1638,49.5779379855813,48.9010989010989,1408
Hitter,Justin DeCriscio,sa3030012,813664,2026,AA,AA,5,3,A | A+ | AA,73.0,23.0,True,False,0.042566305054933196,0.4103038715777586,50.47770700636943,3140,48.656898656898655,1638,49.56730283163404,48.656898656898655,1409
Hitter,Cody Schrier,sa3041782,691794,2026,A+,A+,4,2,A | A+,296.0,23.0,True,True,0.022757627473355604,0.17918425762783388,48.53908923400895,3799,50.45413260672116,2202,49.49661092036506,48.53908923400895,1410
Hitter,Jeanfranco Fernandez,sa3077084,837955,2026,International Rookie,International Rookie,1,1,International Rookie,165.0,17.0,True,True,0.0017388078010017274,0.0565947901386157,69.4077545803153,2347,29.514963880288956,1938,49.46135923030213,29.514963880288956,1411
Hitter,Teo Banks,sa3026520,695493,2026,A+,A+,4,1,A+,312.0,22.0,True,True,0.022113495399655004,0.1840044336832078,49.06554356409581,3799,49.81834695731153,2202,49.441945260703676,49.06554356409581,1412
Hitter,Sam Petersen,sa3025609,695763,2026,AAA,AAA,6,3,A+ | AA | AAA,118.0,23.0,True,True,0.1236147311591558,0.6871959395819088,36.57763693979176,2209,62.24379719525351,927,49.41071706752263,36.57763693979176,1413
Hitter,Luke Heyman,sa3033754,701326,2026,A,A,3,1,A,154.0,22.0,True,True,0.03163274308089643,0.061088264298810376,30.8207289858666,4033,67.94770206022187,2524,49.38421552304423,30.8207289858666,1414
Hitter,Luis Lameda,sa3021233,808288,2026,A,A,3,3,International Rookie | Complex | A,230.0,20.0,True,True,0.016815058781574663,0.13036254600686675,52.83907760971981,4033,45.91917591125198,2524,49.379126760485896,45.91917591125198,1415
Hitter,Will Taylor,sa3025403,696142,2026,AA,AA,5,3,A | A+ | AA,444.0,23.0,True,True,0.041614931926696345,0.41193427731829374,50.6687898089172,3140,47.985347985347985,1638,49.32706889713259,47.985347985347985,1416
Hitter,Yasser Mercedes,sa3019557,703160,2026,A+,A+,4,4,International Rookie | Complex | A | A+,394.0,21.0,True,True,0.017356157488388226,0.22877148643825077,55.804158989207686,3799,42.82470481380563,2202,49.31443190150666,42.82470481380563,1417
Hitter,Kasen Wells,sa3044992,703673,2026,A+,A+,4,2,A | A+,473.0,22.0,True,True,0.019666584223167787,0.20346112326991161,52.25059226112135,3799,46.276112624886466,2202,49.26335244300391,46.276112624886466,1418
Hitter,Caden Kendle,sa3025262,814522,2026,A+,A+,4,2,A | A+,128.0,24.0,True,True,0.030078352770460077,0.13130102099982682,39.352461173993156,3799,59.17347865576748,2202,49.262969914880316,39.352461173993156,1419
Hitter,Luke Hanson,sa3033183,702630,2026,A+,A+,4,2,A | A+,449.0,22.0,True,True,0.022605732174143214,0.17597298572424938,48.06528033693077,3799,50.40871934604905,2202,49.236999841489904,48.06528033693077,1420
Hitter,Cooper Bowman,sa3016966,688682,2026,AAA,AAA,6,4,A | A+ | AA | AAA,70.0,26.0,True,False,0.06889965916273293,0.8696209957848041,59.21231326392033,2209,38.942826321467095,927,49.07756979269371,38.942826321467095,1421
Hitter,Axel Sanchez,sa3015601,692046,2026,AA,A+,5,5,International Rookie | Complex | A | A+ | AA,114.0,22.0,True,True,0.02821466881372995,0.5622757865781693,63.21656050955414,3140,34.92063492063492,1638,49.068597715094526,34.92063492063492,1422
Hitter,Dorian Soto,sa3067678,829039,2026,Complex,Complex,2,2,International Rookie | Complex,161.0,18.0,True,True,0.006787518585384208,0.10706786644598609,65.09851226377161,2487,32.98538622129436,1916,49.041949242532986,32.98538622129436,1423
Hitter,Alfiery Matos,sa3068241,832787,2026,International Rookie,International Rookie,1,1,International Rookie,179.0,18.0,True,True,0.0043786902853683515,0.018016949094700408,40.391989774179805,2347,57.68833849329205,1938,49.04016413373593,40.391989774179805,1424
Hitter,Nate Nankil,sa3022532,694977,2026,AA,A,5,4,Complex | A | A+ | AA,166.0,22.0,True,True,0.029872515030072204,0.5427634273263876,61.36942675159236,3140,36.69108669108669,1638,49.030256721339526,36.69108669108669,1425
Hitter,Carlos Jimenez,sa3015599,692039,2026,A+,A+,4,4,International Rookie | Complex | A | A+,453.0,23.0,True,True,0.020300172304924164,0.19533552258040646,51.066070018425904,3799,46.95731153496821,2202,49.01169077669706,46.95731153496821,1426
Hitter,Darian Castillo,sa3024367,821789,2026,International Rookie,International Rookie,1,1,International Rookie,167.0,19.0,True,True,0.0037230852658411474,0.021879089174242892,45.07882403067746,2347,52.83797729618163,1938,48.95840066342954,45.07882403067746,1427
Hitter,Adrian Sugastey,sa3015190,692368,2026,AAA,AAA,6,5,Complex | A | A+ | AA | AAA,95.0,23.0,True,False,0.0620347188675422,0.8905302058647284,62.74332277048438,2209,35.16720604099245,927,48.95526440573842,35.16720604099245,1428
Hitter,Ricky Duran,sa3075066,836610,2026,International Rookie,International Rookie,1,1,International Rookie,205.0,17.0,True,True,0.0020983162153996055,0.04490734338685806,63.74094588836813,2347,34.158926728586174,1938,48.94993630847715,34.158926728586174,1429
Hitter,Corey Cousin,sa3076282,827474,2026,Complex,Complex,2,1,Complex,184.0,19.0,True,True,0.005810152286586663,0.12577600442813655,69.6421391234419,2487,28.183716075156575,1916,48.91292759929924,28.183716075156575,1430
Hitter,Jesmaylin Arias,sa3024311,820942,2026,Complex,Complex,2,2,International Rookie | Complex,185.0,19.0,True,True,0.006344073792161347,0.11218146380507077,66.3047848813832,2487,31.419624217118997,1916,48.862204549251096,31.419624217118997,1431
Hitter,Victor Arias,sa3015636,692478,2026,AA,AA,5,5,International Rookie | Complex | A | A+ | AA,342.0,22.0,True,True,0.023906581910233007,0.6032639214516202,66.91082802547771,3140,30.70818070818071,1638,48.80950436682921,30.70818070818071,1432
Hitter,Max De La Cruz,sa3076511,822244,2026,International Rookie,International Rookie,1,1,International Rookie,137.0,17.0,True,True,0.0034089662478244695,0.024771506515611948,47.93353216872603,2347,49.63880288957689,1938,48.786167529151456,47.93353216872603,1433
Hitter,Jean Carlos Sio,sa3018648,805117,2026,AA,AA,5,5,International Rookie | Complex | A | A+ | AA,257.0,22.0,True,True,0.02442093175567411,0.5997019139785023,66.46496815286625,3140,31.013431013431013,1638,48.73919958314863,31.013431013431013,1434
Hitter,Frandy Guillen,sa3068409,829999,2026,International Rookie,International Rookie,1,1,International Rookie,128.0,18.0,True,True,0.0031924322226393165,0.026378498624042103,49.89348103962505,2347,47.47162022703819,1938,48.682550633331616,47.47162022703819,1435
Hitter,Maika Niu,sa3077983,809569,2026,A+,A+,4,1,A+,100.0,22.0,True,True,0.02494105163972376,0.15530856059763753,44.380100026322715,3799,52.951861943687554,2202,48.665980985005135,44.380100026322715,1436
Hitter,Warel Solano,sa3067685,829046,2026,International Rookie,International Rookie,1,1,International Rookie,192.0,18.0,True,True,0.003580133787089907,0.022783935825398168,45.930975713677036,2347,51.39318885448916,1938,48.6620822840831,45.930975713677036,1437
Hitter,Josh Tate,sa3043523,702495,2026,A+,A+,4,2,A | A+,233.0,22.0,True,True,0.019220448508099095,0.20103539684648725,51.93471966306923,3799,45.36784741144414,2202,48.65128353725669,45.36784741144414,1438
Hitter,Jan Luis Reyes,sa3067399,813939,2026,A,A,3,2,Complex | A,83.0,20.0,True,False,0.018032639888719566,0.1125033069490444,48.574262335730225,4033,48.49445324881141,2524,48.53435779227082,48.49445324881141,1439
Hitter,Sebastian Pinto,sa3076641,837792,2026,International Rookie,International Rookie,1,1,International Rookie,131.0,18.0,True,True,0.0026234985558819773,0.034710458344352234,56.75330208777162,2347,40.247678018575854,1938,48.500490053173735,40.247678018575854,1440
Hitter,Andres Valor,sa3021278,808516,2026,A,A,3,3,International Rookie | Complex | A,501.0,20.0,True,True,0.014140925989588972,0.15279526619636535,57.02950657079097,4033,39.93660855784469,2524,48.48305756431783,39.93660855784469,1441
Hitter,Ethan Conrad,sa3029266,828255,2026,A,A,3,1,A,123.0,21.0,True,True,0.016551053738847517,0.12383630364476694,51.45053310190925,4033,45.48335974643423,2524,48.46694642417174,45.48335974643423,1442
Hitter,Richard De Los Santos,sa3075042,827342,2026,International Rookie,International Rookie,1,1,International Rookie,206.0,17.0,True,True,0.004995754064067713,0.013541478547685233,34.46953557733276,2347,62.43550051599587,1938,48.452518046664316,34.46953557733276,1443
Hitter,Steven Madero,sa3023950,821591,2026,Complex,Complex,2,2,International Rookie | Complex,168.0,19.0,True,True,0.016196338677714424,0.03226389420978807,31.64455166867712,2487,65.08350730688936,1916,48.36402948778324,31.64455166867712,1444
Hitter,Darwin Nunez,sa3067874,831875,2026,International Rookie,International Rookie,1,1,International Rookie,159.0,18.0,True,True,0.0038208282817461217,0.020046156424921184,43.289305496378354,2347,53.40557275541796,1938,48.347439125898156,43.289305496378354,1445
Hitter,Adonanfer Reyes,sa3076544,829371,2026,International Rookie,International Rookie,1,1,International Rookie,139.0,17.0,True,True,0.0031272868497597404,0.026037455168115654,49.68044311887516,2347,46.95562435500516,1938,48.318033736940166,46.95562435500516,1446
Hitter,Enry Torres,sa3067706,829095,2026,International Rookie,International Rookie,1,1,International Rookie,121.0,18.0,True,True,0.0024268213701256957,0.03724558582472556,58.62803579037069,2347,37.97729618163055,1938,48.30266598600062,37.97729618163055,1447
Hitter,Colton Ledbetter,sa3022897,807742,2026,AAA,AAA,6,4,A | A+ | AA | AAA,439.0,24.0,True,True,0.06110738876788883,0.8846264342565289,61.52105024898144,2209,35.05933117583603,927,48.29019071240873,35.05933117583603,1448
Hitter,Diego Martinez,sa3077050,829735,2026,International Rookie,International Rookie,1,1,International Rookie,101.0,18.0,True,True,0.0030365500901852536,0.027246010552969147,50.48998721772475,2347,45.975232198142415,1938,48.232609707933584,45.975232198142415,1449
Hitter,Willy Montero,sa3015869,701206,2026,A+,A+,4,4,International Rookie | Complex | A | A+,74.0,21.0,True,False,0.021082194274856074,0.17745392686047282,48.24953935246118,3799,48.09264305177112,2202,48.171091202116145,48.09264305177112,1450
Hitter,Jared Sprague-Lott,sa3042867,814445,2026,A,A,3,1,A,120.0,24.0,True,True,0.02410785917502199,0.08100838208432423,38.13538308951153,4033,58.20126782884311,2524,48.16832545917732,38.13538308951153,1451
Hitter,Gustavo Melendez,sa3069270,828116,2026,Complex,Complex,2,1,Complex,157.0,18.0,True,True,0.007086388199699484,0.09353170122681138,61.43948532368315,2487,34.864300626304804,1916,48.15189297499398,34.864300626304804,1452
Hitter,Camden Troyer,sa3044088,803131,2026,A+,A+,4,1,A+,374.0,23.0,True,True,0.025589963972174584,0.14568902715873594,42.511187154514346,3799,53.76930063578565,2202,48.14024389514999,42.511187154514346,1453
Hitter,Jay Beshears,sa3022485,810891,2026,AA,AA,5,3,A | A+ | AA,280.0,24.0,True,True,0.04772584915570317,0.3385801102440985,43.75796178343949,3140,52.25885225885226,1638,48.00840702114587,43.75796178343949,1454
Hitter,Alexander Albertus,sa3018950,800316,2026,A,A,3,3,International Rookie | Complex | A,347.0,21.0,True,True,0.016952078414792373,0.11692167731795745,49.73964790478552,4033,46.23613312202853,2524,47.987890513407024,46.23613312202853,1455
Hitter,Albert Moreno,sa3076522,824976,2026,International Rookie,International Rookie,1,1,International Rookie,149.0,17.0,True,True,0.0028976063341380797,0.029160547387634118,51.98125266297401,2347,43.91124871001032,1938,47.946250686492164,43.91124871001032,1456
Hitter,Allan Castro,sa3016084,691369,2026,AAA,AAA,6,6,International Rookie | Complex | A | A+ | AA | AAA,469.0,23.0,True,True,0.05890891625341166,0.8858049526282431,61.79266636487098,2209,34.088457389428264,927,47.94056187714962,34.088457389428264,1457
Hitter,Christian Olivo,sa3017877,700840,2026,A+,A+,4,3,Complex | A | A+,306.0,22.0,True,True,0.017036452565157338,0.2150859118183257,53.56672808633851,3799,42.23433242506812,2202,47.900530255703316,42.23433242506812,1458
Hitter,Meykel Baro,sa3067807,829965,2026,International Rookie,International Rookie,1,1,International Rookie,209.0,17.0,True,True,0.0037139659339927634,0.01986356503836275,42.90583723902855,2347,52.83797729618163,1938,47.87190726760509,42.90583723902855,1459
Hitter,Lorenzo Meola,sa3037876,823768,2026,A,A,3,1,A,547.0,22.0,True,True,0.014879020189763163,0.13652264406744447,53.97966774113563,4033,41.71949286846276,2524,47.84958030479919,41.71949286846276,1460
Hitter,Jacob Cozart,sa3025434,695524,2026,AA,AA,5,2,A+ | AA,438.0,23.0,True,True,0.06138926392811583,0.2590020574398815,35.89171974522293,3140,59.76800976800977,1638,47.829864756616345,35.89171974522293,1461
Hitter,Kamuel Villar,sa3067803,829958,2026,Complex,Complex,2,2,International Rookie | Complex,229.0,18.0,True,True,0.0030871500719383627,0.21651395859416575,82.87092882991556,2487,12.734864300626304,1916,47.80289656527093,12.734864300626304,1462
Hitter,Camden Janik,sa3034572,812518,2026,A+,A+,4,2,A | A+,166.0,23.0,True,True,0.020827993593820572,0.17538932038450405,47.9599894709134,3799,47.63851044504995,2202,47.79924995798167,47.63851044504995,1463
Hitter,Jacob Friend,sa3031730,701820,2026,A+,A+,4,2,A | A+,286.0,23.0,True,True,0.021966235256265218,0.1633752649954847,46.03843116609634,3799,49.54586739327884,2202,47.79214927968759,46.03843116609634,1464
Hitter,Albert Fabian,sa3008888,683546,2026,AA,AA,5,5,International Rookie | Complex | A | A+ | AA,414.0,24.0,True,True,0.03447113422742846,0.4455405096181905,53.503184713375795,3140,41.81929181929182,1638,47.66123826633381,41.81929181929182,1465
Hitter,Yeison Oviedo,sa3068529,829910,2026,International Rookie,International Rookie,1,1,International Rookie,204.0,18.0,True,True,0.002656591588750446,0.03245543306246149,54.75074563272263,2347,40.55727554179567,1938,47.65401058725915,40.55727554179567,1466
Hitter,Victor Rodriguez,sa3021183,808123,2026,A,A,3,3,International Rookie | Complex | A,85.0,20.0,True,False,0.01709158988597119,0.11219236901852155,48.52467146045128,4033,46.75118858954041,2524,47.637930024995846,46.75118858954041,1467
Hitter,Marcos Torres,sa3018449,800106,2026,A+,A+,4,4,International Rookie | Complex | A | A+,84.0,21.0,True,False,0.017019475947715128,0.21136188267016728,53.04027375625164,3799,42.23433242506812,2202,47.637303090659884,42.23433242506812,1468
Hitter,Jhomnardo Reyes,sa3067700,829076,2026,Complex,Complex,2,2,International Rookie | Complex,193.0,18.0,True,True,0.0040719098501092975,0.16941203971697677,76.87977482911138,2487,18.37160751565762,1916,47.6256911723845,18.37160751565762,1469
Hitter,Brainerh Palacios,sa3067831,830023,2026,International Rookie,International Rookie,1,1,International Rookie,170.0,18.0,True,True,0.0046341661370405875,0.014174964552399728,35.23647209203238,2347,59.85552115583075,1938,47.545996623931565,35.23647209203238,1470
Hitter,Yordalin Pena,sa3018489,800266,2026,A,A,3,3,International Rookie | Complex | A,339.0,21.0,True,True,0.015176355060460727,0.12911225288883119,52.566327795685595,4033,42.51188589540412,2524,47.53910684554486,42.51188589540412,1471
Hitter,Dakota Harris,sa3022431,703766,2026,AA,AA,5,3,A | A+ | AA,394.0,24.0,True,True,0.038540588065325676,0.40051115872548976,49.394904458598724,3140,45.66544566544567,1638,47.530175062022195,45.66544566544567,1472
Hitter,Dakota Jordan,sa3025601,702607,2026,AA,AA,5,3,A | A+ | AA,84.0,23.0,True,False,0.03739292441781235,0.40580941421899563,49.968152866242036,3140,44.99389499389499,1638,47.48102393006852,44.99389499389499,1473
Hitter,Moises Acacio,sa3067852,830432,2026,Complex,Complex,2,2,International Rookie | Complex,87.0,18.0,True,False,0.004634327073544186,0.14783780844194358,73.14032971451547,2487,21.816283924843425,1916,47.478306819679446,21.816283924843425,1474
Hitter,Jadyn Fielder,sa3067400,815723,2026,A,A,3,2,Complex | A,265.0,21.0,True,True,0.01637475662359522,0.11708883097843033,49.789238780064466,4033,45.12678288431062,2524,47.45801083218754,45.12678288431062,1475
Hitter,Max Wagner,sa3020415,694484,2026,AA,AA,5,3,A | A+ | AA,311.0,24.0,True,True,0.0484081412889919,0.32253576134128115,42.197452229299365,3140,52.686202686202684,1638,47.441827457751025,42.197452229299365,1476
Hitter,Anderdson Rojas,sa3015818,699232,2026,AAA,AAA,6,5,International Rookie | A | A+ | AA | AAA,432.0,22.0,True,True,0.044751445991579694,0.9245339065568371,69.80534178361249,2209,25.026968716289105,927,47.4161552499508,25.026968716289105,1477
Hitter,Juan Baez,sa3018525,800345,2026,A+,A+,4,4,International Rookie | Complex | A | A+,309.0,21.0,True,True,0.01911463394525583,0.18783149908195654,49.64464332719137,3799,45.18619436875568,2202,47.41541884797353,45.18619436875568,1478
Hitter,Noah Cardenas,sa3017624,681433,2026,AAA,AAA,6,4,A | A+ | AA | AAA,261.0,26.0,True,True,0.13436425669538282,0.5777835806201517,28.610230873698505,2209,66.12729234088458,927,47.368761607291546,28.610230873698505,1479
Hitter,Cam Maldonado,sa3036900,809686,2026,A,A,3,1,A,323.0,22.0,True,True,0.017747609333973253,0.10669917105660054,46.83858170096702,4033,47.82091917591125,2524,47.329750438439135,46.83858170096702,1480
Hitter,Elioberto Mondesir,sa3077622,842583,2026,International Rookie,International Rookie,1,1,International Rookie,145.0,17.0,True,True,0.0028448942055194115,0.028440840266767926,51.21431614827439,2347,43.343653250774,1938,47.278984699524194,43.343653250774,1481
Hitter,Zander Darby,sa3025549,801592,2026,A+,A+,4,2,A | A+,432.0,23.0,True,True,0.01982643599200738,0.17622688753081064,48.091603053435115,3799,46.45776566757493,2202,47.27468436050502,46.45776566757493,1482
Hitter,Milan Tolentino,sa3014544,675455,2026,AAA,AAA,6,5,Complex | A | A+ | AA | AAA,471.0,24.0,True,True,0.057810912346843775,0.8816237978463456,60.88727931190584,2209,33.65695792880259,927,47.27211862035422,33.65695792880259,1483
Hitter,Cannon Peebles,sa3039628,702555,2026,A,A,3,1,A,274.0,22.0,True,True,0.023155771818781912,0.07952119894727834,37.713860649640466,4033,56.81458003169572,2524,47.26422034066809,37.713860649640466,1484
Hitter,A.J. Vukovich,sa3014525,691021,2026,AAA,AAA,6,4,A | A+ | AA | AAA,226.0,24.0,True,True,0.07484463217649254,0.837872336281544,53.28202806699864,2209,41.20819848975189,927,47.245113278375264,41.20819848975189,1485
Hitter,Kyle Henley,sa3023012,806120,2026,A+,A+,4,3,Complex | A | A+,58.0,21.0,True,False,0.015565117261216748,0.22403776089649974,55.146091076599106,3799,39.32788374205268,2202,47.23698740932589,39.32788374205268,1486
Hitter,Gabriel Lara,sa3021177,808106,2026,A,A,3,3,International Rookie | Complex | A,89.0,20.0,True,False,0.017354654225340983,0.1072918938190146,47.03694520208282,4033,47.42472266244057,2524,47.230833932261696,47.03694520208282,1487
Hitter,Samil Dishmey,sa3021841,808120,2026,A,A,3,3,International Rookie | Complex | A,90.0,20.0,True,False,0.018260173784697974,0.10095533355764717,45.152491941482765,4033,48.96988906497623,2524,47.0611905032295,45.152491941482765,1488
Hitter,Oscar Tineo,sa3075079,837690,2026,International Rookie,International Rookie,1,1,International Rookie,182.0,17.0,True,True,0.0030447033580297375,0.024682859431336128,47.93353216872603,2347,46.130030959752325,1938,47.03178156423918,46.130030959752325,1489
Hitter,Mason Guerra,sa3025222,701653,2026,A+,A+,4,2,A | A+,401.0,23.0,True,True,0.028685511607051146,0.11805212812921366,36.50960779152408,3799,57.5386012715713,2202,47.02410453154769,36.50960779152408,1490
Hitter,Yuaxander Silveira,sa3077057,837101,2026,International Rookie,International Rookie,1,1,International Rookie,157.0,18.0,True,True,0.0038237054917095036,0.01805743221016517,40.47720494247976,2347,53.457172342621256,1938,46.96718864255051,40.47720494247976,1491
Hitter,Luke Heyman,sa3033754,701326,2026,A+,A+,4,2,A | A+,279.0,22.0,True,True,0.027207190184252415,0.12505353567616026,37.93103448275862,3799,55.99455040871935,2202,46.962792445738984,37.93103448275862,1492
Hitter,Ryan Burrowes,sa3018619,802018,2026,AA,AA,5,5,International Rookie | Complex | A | A+ | AA,150.0,21.0,True,True,0.02674606665745811,0.5325231475542774,60.605095541401276,3140,33.211233211233214,1638,46.908164376317245,33.211233211233214,1493
Hitter,Carlos Sanchez,sa3018613,801522,2026,A+,A+,4,4,International Rookie | Complex | A | A+,138.0,21.0,True,True,0.02384001540795579,0.144906062954738,42.405896288496976,3799,51.40781108083561,2202,46.90685368466629,42.405896288496976,1494
Hitter,Ronald Rosario,sa3015525,691385,2026,AA,AA,5,4,Complex | A | A+ | AA,309.0,23.0,True,True,0.03333351973005874,0.4369175869904805,52.89808917197452,3140,40.9035409035409,1638,46.90081503775771,40.9035409035409,1495
Hitter,Yerald Nin,sa3018479,800206,2026,A,A,3,3,International Rookie | Complex | A,207.0,20.0,True,True,0.011800973347977434,0.16726606679799352,59.211505083064715,4033,34.58795562599049,2524,46.899730354527605,34.58795562599049,1496
Hitter,Jack O'Dowd,sa3076117,691942,2026,A+,A+,4,2,A | A+,153.0,25.0,True,True,0.02529149416086387,0.13554451468451115,40.3527244011582,3799,53.40599455040872,2202,46.87935947578346,40.3527244011582,1497
Hitter,Amaury De Leon,sa3076527,825363,2026,International Rookie,International Rookie,1,1,International Rookie,129.0,16.0,True,True,0.0017198423213608438,0.04625753358159304,64.46527481891776,2347,29.256965944272444,1938,46.8611203815951,29.256965944272444,1498
Hitter,Josh Kasevich,sa3020203,688460,2026,AAA,AAA,6,4,A | A+ | AA | AAA,543.0,25.0,True,True,0.0633317151985401,0.8666782497145162,58.26165685830693,2209,35.382955771305284,927,46.822306314806106,35.382955771305284,1499
Hitter,Victor Figueroa,sa3031322,809372,2026,AA,AA,5,3,A | A+ | AA,142.0,22.0,True,True,0.04361850572105627,0.34397441339783624,44.267515923566876,3140,49.32844932844933,1638,46.79798262600811,44.267515923566876,1500
Hitter,Moises Marchan,sa3067544,829081,2026,Complex,Complex,2,2,International Rookie | Complex,87.0,18.0,True,False,0.0043079438932020235,0.1506474714453293,73.74346602332128,2487,19.832985386221296,1916,46.788225704771286,19.832985386221296,1501
Hitter,Payton Green,sa3025195,700243,2026,AA,AA,5,3,A | A+ | AA,246.0,23.0,True,True,0.03541074578715751,0.415056975996857,50.955414012738856,3140,42.61294261294261,1638,46.78417831284074,42.61294261294261,1502
Hitter,Gio Cueto,sa3067075,695530,2026,A+,A+,4,2,A | A+,85.0,22.0,True,False,0.02154742679474323,0.15751905406846423,44.827586206896555,3799,48.728428701180746,2202,46.77800745403865,44.827586206896555,1503
Hitter,Carlos Bello,sa3067864,830470,2026,International Rookie,International Rookie,1,1,International Rookie,210.0,18.0,True,True,0.004566284604139105,0.013418267165964795,34.341712824882826,2347,59.18472652218782,1938,46.763219673535325,34.341712824882826,1504
Hitter,Logan Sauve,sa3041610,702524,2026,A,A,3,1,A,141.0,22.0,True,True,0.021762541418283727,0.08217767581058648,38.507314654103645,4033,54.95245641838352,2524,46.729885536243586,38.507314654103645,1505
Hitter,Adonys Guzman,sa3032892,702631,2026,A+,A+,4,2,A | A+,90.0,22.0,True,False,0.02399690295870772,0.1423790079839426,41.82679652540142,3799,51.58946412352407,2202,46.70813032446274,41.82679652540142,1506
Hitter,Jay Thomason,sa3025265,823295,2026,A+,A+,4,2,A | A+,211.0,24.0,True,True,0.02362631475605551,0.14306979176158646,42.01105554093182,3799,51.22615803814714,2202,46.618606789539484,42.01105554093182,1507
Hitter,Abdias De La Cruz,sa3019401,703192,2026,A+,A+,4,4,International Rookie | Complex | A | A+,58.0,21.0,True,False,0.01973977750063343,0.1678194835253447,46.85443537773098,3799,46.3669391462307,2202,46.61068726198084,46.3669391462307,1508
Hitter,Jonathan Mejia,sa3018411,703158,2026,A,A,3,3,International Rookie | Complex | A,321.0,21.0,True,True,0.013569842854584837,0.13761724824875932,54.351599305727746,4033,38.787638668779714,2524,46.56961898725373,38.787638668779714,1509
Hitter,Brandon Vasquez,sa3024346,821616,2026,International Rookie,International Rookie,1,1,International Rookie,184.0,19.0,True,True,0.0031770116118621165,0.022370399698942563,45.67533020877716,2347,47.42002063983488,1938,46.54767542430602,45.67533020877716,1510
Hitter,Joswa Lugo,sa3023894,815915,2026,A,A,3,3,International Rookie | Complex | A,116.0,19.0,True,True,0.01606123501579945,0.11146260863870777,48.301512521696004,4033,44.37400950871632,2524,46.33776101520616,44.37400950871632,1511
Hitter,Jackson Lovich,sa3036600,804944,2026,A+,A+,4,2,A | A+,147.0,22.0,True,True,0.014887207988502642,0.21949885420429116,54.35640958146881,3799,38.19255222524977,2202,46.27448090335929,38.19255222524977,1512
Hitter,Nick Lorusso,sa3022810,700681,2026,AAA,AAA,6,4,A | A+ | AA | AAA,97.0,25.0,True,False,0.09881426095724,0.7367772772256714,40.69714803078316,2209,51.77993527508091,927,46.238541652932035,40.69714803078316,1513
Hitter,Anthony Scull,sa3017988,703430,2026,A+,A+,4,3,Complex | A | A+,211.0,22.0,True,True,0.01581741081718175,0.20556507155937198,52.461173993156095,3799,40.009082652134424,2202,46.23512832264526,40.009082652134424,1514
Hitter,Cristhian Vaquero,sa3018403,703143,2026,A+,A+,4,4,International Rookie | Complex | A | A+,56.0,21.0,True,False,0.018197729637938448,0.17867564614028789,48.43379836799158,3799,44.00544959128065,2202,46.21962397963611,44.00544959128065,1515
Hitter,Starlyn Nunez,sa3021216,808245,2026,A,A,3,3,International Rookie | Complex | A,434.0,20.0,True,True,0.014535636477607635,0.12404446155504782,51.52491941482767,4033,40.88748019017433,2524,46.206199802501004,40.88748019017433,1516
Hitter,Paxton Kling,sa3035512,702265,2026,A+,A+,4,1,A+,379.0,23.0,True,True,0.02042022488854514,0.16070463418696723,45.38036325348776,3799,47.002724795640326,2202,46.19154402456404,45.38036325348776,1517
Hitter,Yasser Mercedes,sa3019557,703160,2026,A,A,3,3,International Rookie | Complex | A,98.0,21.0,True,False,0.017458771325451997,0.09990091223084449,44.75576493925118,4033,47.50396196513471,2524,46.12986345219294,44.75576493925118,1518
Hitter,Hayden Jatczak,sa3076029,833426,2026,A,A,3,1,A,310.0,24.0,True,True,0.017294327604276776,0.10091551136912824,45.127696503843296,4033,47.10776545166402,2524,46.11773097775366,45.127696503843296,1519
Hitter,Yordany De Los Santos,sa3018408,703154,2026,A+,A+,4,4,International Rookie | Complex | A | A+,404.0,21.0,True,True,0.011784401099786613,0.2565124123611361,59.88418004738089,3799,32.15258855585831,2202,46.0183843016196,32.15258855585831,1520
Hitter,Pedro Blanco,sa3023945,821380,2026,A,A,3,3,International Rookie | Complex | A,456.0,19.0,True,True,0.017482211358934324,0.0992161401991159,44.45821968757748,4033,47.50396196513471,2524,45.981090826356095,44.45821968757748,1521
Hitter,Brendan Summerhill,sa3043325,804911,2026,A,A,3,1,A,288.0,22.0,True,True,0.0142288757026156,0.1256701395498888,51.772873791222416,4033,40.134706814580035,2524,45.953790302901226,40.134706814580035,1522
Hitter,Jared Davis,sa3059003,816207,2026,A+,A+,4,2,Complex | A+,58.0,22.0,True,False,0.018435609836078008,0.17294741973009742,47.48618057383522,3799,44.4141689373297,2202,45.95017475558246,44.4141689373297,1523
Hitter,Coby Morales,sa3022829,815089,2026,AA,AA,5,3,A | A+ | AA,534.0,24.0,True,True,0.03347826939728285,0.4151765770543667,50.955414012738856,3140,40.9035409035409,1638,45.92947745813988,40.9035409035409,1524
Hitter,Brando Mayea,sa3020679,806963,2026,A,A,3,3,International Rookie | Complex | A,316.0,20.0,True,True,0.013116588632109285,0.1368719227795882,54.103644929333,4033,37.67828843106181,2524,45.89096668019741,37.67828843106181,1525
Hitter,Robert Alvarez,sa3067835,830028,2026,International Rookie,International Rookie,1,1,International Rookie,133.0,18.0,True,True,0.0047036352393906265,0.01136903918361578,31.06092884533447,2347,60.526315789473685,1938,45.79362231740408,31.06092884533447,1526
Hitter,Caden Powell,sa3025361,702547,2026,A+,A+,4,2,A | A+,474.0,22.0,True,True,0.017186204278589055,0.18349520283161447,49.01289813108713,3799,42.50681198910082,2202,45.75985506009397,42.50681198910082,1527
Hitter,Jean Joseph,sa3018568,800463,2026,A+,A+,4,4,International Rookie | Complex | A | A+,81.0,21.0,True,False,0.01721670023358826,0.1832768532356833,48.933929981574096,3799,42.55222524977293,2202,45.74307761567351,42.55222524977293,1528
Hitter,Felnin Celesten,sa3023381,806958,2026,AA,AA,5,4,Complex | A | A+ | AA,134.0,20.0,True,True,0.03621963811798475,0.37869494276943605,47.51592356687898,3140,43.894993894993895,1638,45.70545873093644,43.894993894993895,1529
Hitter,Logan Sauve,sa3041610,702524,2026,A+,A+,4,2,A | A+,92.0,22.0,True,False,0.022264573841161983,0.1404779669558536,41.35298762832324,3799,50.04541326067211,2202,45.69920044449768,41.35298762832324,1530
Hitter,Reed Trimble,sa3017180,701655,2026,AAA,AAA,6,4,A | A+ | AA | AAA,64.0,26.0,True,False,0.07746098146871172,0.8048861017464379,48.80036215482119,2209,42.50269687162891,927,45.65152951322505,42.50269687162891,1531
Hitter,Nazzan Zanetello,sa3022893,805801,2026,A+,A+,4,2,A | A+,127.0,21.0,True,True,0.017610816942948578,0.1764605273806863,48.1442484864438,3799,43.05177111716621,2202,45.598009801805006,43.05177111716621,1532
Hitter,David McCann,sa3076393,806154,2026,A+,A+,4,2,A | A+,98.0,22.0,True,False,0.022176199323891903,0.13921836007368432,41.142405896288494,3799,49.90917347865577,2202,45.52578968747213,41.142405896288494,1533
Hitter,Jonnhan Sanchez,sa3024971,821169,2026,International Rookie,International Rookie,1,1,International Rookie,196.0,19.0,True,True,0.005297572195272404,0.00903699188465922,26.84277801448658,2347,64.18988648090816,1938,45.51633224769737,26.84277801448658,1534
Hitter,Yadier Fuentes,sa3076678,837950,2026,International Rookie,International Rookie,1,1,International Rookie,162.0,17.0,True,True,0.0027133620877375624,0.02598736896302035,49.637835534725184,2347,41.38286893704851,1938,45.51035223588684,41.38286893704851,1535
Hitter,Jorgelys Mota,sa3019465,800195,2026,A+,A+,4,4,International Rookie | Complex | A | A+,88.0,21.0,True,False,0.015322983179633204,0.20202130270832358,52.06633324559095,3799,38.828337874659404,2202,45.447335560125175,38.828337874659404,1536
Hitter,Ray Faria,sa3076650,837830,2026,International Rookie,International Rookie,1,1,International Rookie,163.0,17.0,True,True,0.003059975550947347,0.021237357483545913,44.524925436727735,2347,46.23323013415893,1938,45.37907778544333,44.524925436727735,1537
Hitter,Jeremy Rivas,sa3015193,692405,2026,AA,AA,5,4,Complex | A | A+ | AA,143.0,23.0,True,True,0.024410165072768757,0.5212903312464143,59.617834394904456,3140,31.013431013431013,1638,45.31563270416773,31.013431013431013,1538
Hitter,Rashawn Pinder,sa3023729,816344,2026,Complex,Complex,2,2,International Rookie | Complex,109.0,19.0,True,True,0.006553406377627091,0.08524373700713925,58.50422195416164,2487,32.045929018789145,1916,45.275075486475394,32.045929018789145,1539
Hitter,Heins Brito,sa3067694,829065,2026,International Rookie,International Rookie,1,1,International Rookie,182.0,18.0,True,True,0.0019146036448561693,0.037170984574374163,58.62803579037069,2347,31.888544891640866,1938,45.258290341005775,31.888544891640866,1540
Hitter,Colin Tuft,sa3025406,702239,2026,A+,A+,4,2,A | A+,300.0,23.0,True,True,0.01826780397384911,0.16431802379158736,46.222690181626746,3799,44.096276112624885,2202,45.15948314712581,44.096276112624885,1541
Hitter,Joshua Liranzo,sa3021198,808162,2026,A,A,3,3,International Rookie | Complex | A,318.0,19.0,True,True,0.011798921960585702,0.14489557164164246,55.61616662534094,4033,34.58795562599049,2524,45.10206112566571,34.58795562599049,1542
Hitter,Bryce Chance,sa3028732,820842,2026,A+,A+,4,1,A+,103.0,23.0,True,True,0.020624832199682294,0.14599143852892243,42.59015530402738,3799,47.36603088101726,2202,44.978093092522315,42.59015530402738,1543
Hitter,Axel Sanchez,sa3015601,692046,2026,AAA,AAA,6,6,International Rookie | Complex | A | A+ | AA | AAA,69.0,23.0,True,False,0.03682325260265621,0.9280225734338692,70.39384336803984,2209,19.525350593311757,927,44.9595969806758,19.525350593311757,1544
Hitter,Cesar Acosta,sa3067868,830802,2026,International Rookie,International Rookie,1,1,International Rookie,176.0,17.0,True,True,0.002744641827157147,0.024811983756202766,47.93353216872603,2347,41.95046439628483,1938,44.94199828250543,41.95046439628483,1545
Hitter,DJ Newman,sa3038808,823775,2026,A,A,3,1,A,105.0,22.0,True,True,0.015424493002138705,0.10562036406758238,46.54103644929333,4033,43.18541996830428,2524,44.8632282087988,43.18541996830428,1546
Hitter,Jose Pitre,sa3067722,829717,2026,International Rookie,International Rookie,1,1,International Rookie,149.0,18.0,True,True,0.001999658627927935,0.0346699288116067,56.75330208777162,2347,32.972136222910216,1938,44.86271915534092,32.972136222910216,1547
Hitter,Wesly Castillo,sa3067821,829991,2026,International Rookie,International Rookie,1,1,International Rookie,226.0,18.0,True,True,0.0046496896524253675,0.010609992661715984,29.697486152535152,2347,59.907120743034056,1938,44.8023034477846,29.697486152535152,1548
Hitter,Juanfel Peguero,sa3020282,800346,2026,A+,A+,4,3,International Rookie | Complex | A+,81.0,21.0,True,False,0.018763705940589324,0.15685310292236196,44.64332719136615,3799,44.868301544050865,2202,44.75581436770851,44.64332719136615,1549
Hitter,Caleb Lomavita,sa3025404,701616,2026,AA,AA,5,3,A | A+ | AA,347.0,23.0,True,True,0.03161683723167252,0.40621014609551964,49.968152866242036,3140,39.43833943833944,1638,44.70324615229074,39.43833943833944,1550
Hitter,Jesus Villaflor,sa3068780,834565,2026,International Rookie,International Rookie,1,1,International Rookie,146.0,18.0,True,True,0.0030642106548363045,0.01997760413268156,43.11887515977844,2347,46.23323013415893,1938,44.676052646968685,43.11887515977844,1551
Hitter,Korbyn Dickerson,sa3030281,702668,2026,A,A,3,1,A,349.0,22.0,True,True,0.014263074767085977,0.11381473281248126,48.921398462682866,4033,40.1743264659271,2524,44.547862464304984,40.1743264659271,1552
Hitter,Jesus Castillo,sa3015587,691913,2026,AAA,AAA,6,6,International Rookie | Complex | A | A+ | AA | AAA,77.0,22.0,True,False,0.03408113565064646,0.9327018248645241,71.25396106835672,2209,17.79935275080906,927,44.52665690958289,17.79935275080906,1553
Hitter,Brayden Smith,sa3060601,829670,2026,A,A,3,1,A,356.0,22.0,True,True,0.013090207659741965,0.12379240227033265,51.45053310190925,4033,37.5594294770206,2524,44.50498128946492,37.5594294770206,1554
Hitter,Juan Caricipe,sa3068203,829824,2026,International Rookie,International Rookie,1,1,International Rookie,201.0,18.0,True,True,0.004714632226104842,0.00981647477958002,28.37665104388581,2347,60.62951496388029,1938,44.50308300388305,28.37665104388581,1555
Hitter,Tyler Rodriguez,sa3021615,808291,2026,A,A,3,3,International Rookie | Complex | A,98.0,20.0,True,False,0.015374631440044452,0.10361782487711424,45.995536821224896,4033,42.94770206022187,2524,44.47161944072339,42.94770206022187,1556
Hitter,Frederi Montero,sa3024125,821149,2026,A,A,3,3,International Rookie | Complex | A,457.0,19.0,True,True,0.01271440206344133,0.12773277009395104,52.24398710637243,4033,36.687797147385105,2524,44.46589212687877,36.687797147385105,1557
Hitter,Corey Nunez,sa3038969,842969,2026,A,A,3,1,A,108.0,22.0,True,True,0.016979903142907305,0.09325171697818822,42.648152739895856,4033,46.275752773375594,2524,44.461952756635725,42.648152739895856,1558
Hitter,Javen Maduro,sa3076542,829367,2026,International Rookie,International Rookie,1,1,International Rookie,147.0,17.0,True,True,0.002335557505813426,0.029238013640091848,52.06646783127397,2347,36.8421052631579,1938,44.45428654721593,36.8421052631579,1559
Hitter,Yoelvis Betancourt,sa3067847,830410,2026,Complex,Complex,2,2,International Rookie | Complex,115.0,18.0,True,True,0.006552780049388356,0.07944370372334128,56.73502211499799,2487,32.045929018789145,1916,44.39047556689357,32.045929018789145,1560
Hitter,Yadier Crespo,sa3068912,833254,2026,International Rookie,International Rookie,1,1,International Rookie,130.0,18.0,True,True,0.0026194291152197703,0.02533002217029053,48.530038346825734,2347,40.19607843137255,1938,44.36305838909914,40.19607843137255,1561
Hitter,Ichiro Cano,sa3023708,802560,2026,A,A,3,3,International Rookie | Complex | A,447.0,21.0,True,True,0.012219508852535352,0.13168970267924648,52.88866848499876,4033,35.8161648177496,2524,44.352416651374185,35.8161648177496,1562
Hitter,Wanderlin Padilla,sa3068859,835500,2026,International Rookie,International Rookie,1,1,International Rookie,158.0,18.0,True,True,0.0045451291911502755,0.010569769082132242,29.697486152535152,2347,58.978328173374614,1938,44.337907162954885,29.697486152535152,1563
Hitter,Jon Jon Gazdar,sa3025160,822501,2026,AA,AA,5,3,A | A+ | AA,386.0,24.0,True,True,0.03383992976465048,0.3794152447131613,47.547770700636946,3140,41.08669108669109,1638,44.31723089366402,41.08669108669109,1564
Hitter,Alex Lodise,sa3036445,822676,2026,A+,A+,4,2,A | A+,83.0,22.0,True,False,0.020657780339259347,0.13949921937896342,41.221374045801525,3799,47.41144414168937,2202,44.31640909374545,41.221374045801525,1565
Hitter,Oliver Tejada,sa3023972,821762,2026,Complex,Complex,2,2,International Rookie | Complex,83.0,19.0,True,False,0.004931696732969475,0.10737049212909897,65.13872135102532,2487,23.48643006263048,1916,44.3125757068279,23.48643006263048,1566
Hitter,Ali Camarillo,sa3028297,701548,2026,AA,AA,5,3,A | A+ | AA,94.0,23.0,True,False,0.030005116050754895,0.4211561267016981,51.59235668789809,3140,36.99633699633699,1638,44.29434684211754,36.99633699633699,1567
Hitter,Dylan Palmer,sa3039377,805590,2026,A,A,3,1,A,215.0,22.0,True,True,0.014742870151982838,0.10767855408668381,47.086536077361764,4033,41.48177496038035,2524,44.28415551887106,41.48177496038035,1568
Hitter,Marcos Torres,sa3018449,800106,2026,A,A,3,3,International Rookie | Complex | A,331.0,21.0,True,True,0.01155330609568095,0.13981048097383073,54.94668980907513,4033,33.597464342313785,2524,44.272077075694455,33.597464342313785,1569
Hitter,Leni Done,sa3067859,830454,2026,Complex,Complex,2,2,International Rookie | Complex,226.0,19.0,True,True,0.006262447300557775,0.08252776582994403,57.74024929634097,2487,30.793319415448853,1916,44.26678435589491,30.793319415448853,1570
Hitter,Jake McCutcheon,sa3037531,823817,2026,A+,A+,4,2,A | A+,71.0,22.0,True,False,0.021030119679999668,0.1363734001518157,40.484337983679914,3799,48.047229791099,2202,44.26578388738946,40.484337983679914,1571
Hitter,Nick Becker,sa3069151,829306,2026,Complex,Complex,2,1,Complex,237.0,19.0,True,True,0.004881573837989703,0.10812809834009918,65.33976678729393,2487,23.173277661795407,1916,44.25652222454467,23.173277661795407,1572
Hitter,Mitch Jebb,sa3022565,694991,2026,AA,AA,5,3,A | A+ | AA,62.0,24.0,True,False,0.04459874513046178,0.2855164701359596,38.503184713375795,3140,49.93894993894994,1638,44.22106732616287,38.503184713375795,1573
Hitter,Blake Burke,sa3025381,695501,2026,AAA,AAA,6,3,A+ | AA | AAA,108.0,23.0,True,True,0.09419784014623153,0.7079835683112838,38.16206428248076,2209,50.269687162891046,927,44.21587572268591,38.16206428248076,1574
Hitter,Trevor Austin,sa3025365,809338,2026,AA,AA,5,3,A | A+ | AA,483.0,24.0,True,True,0.034155997016448204,0.37104991700047635,47.00636942675159,3140,41.391941391941394,1638,44.19915540934649,41.391941391941394,1575
Hitter,Miguel Briceno,sa3015566,691605,2026,A+,A+,4,4,International Rookie | Complex | A | A+,173.0,22.0,True,True,0.01627406442168823,0.17285330273756475,47.48618057383522,3799,40.7811080835604,2202,44.13364432869781,40.7811080835604,1576
Hitter,Ariel Armas,sa3025454,813666,2026,AA,AA,5,2,A+ | AA,428.0,23.0,True,True,0.04386000997298252,0.2871947192996617,38.69426751592356,3140,49.572649572649574,1638,44.13345854428657,38.69426751592356,1577
Hitter,Keiberg Camacaro,sa3021267,808395,2026,International Rookie,International Rookie,1,1,International Rookie,219.0,19.0,True,True,0.00399476051967528,0.01284290779980753,33.4043459735833,2347,54.85036119711042,1938,44.12735358534686,33.4043459735833,1578
Hitter,Jose Pirela,sa3021191,808141,2026,A,A,3,3,International Rookie | Complex | A,367.0,20.0,True,True,0.017204941661693084,0.08947869590932665,41.40838085792214,4033,46.830427892234546,2524,44.11940437507835,41.40838085792214,1579
Hitter,John Taylor,sa3068818,822966,2026,AAA,AAA,6,3,A+ | AA | AAA,337.0,25.0,True,True,0.0697313574736709,0.8081883658925417,49.16251697600724,2209,39.05070118662351,927,44.106609081315376,39.05070118662351,1580
Hitter,Imanol Feliz,sa3077068,837740,2026,International Rookie,International Rookie,1,1,International Rookie,123.0,17.0,True,True,0.0037127088200693014,0.014233945196388233,35.27907967618236,2347,52.83797729618163,1938,44.058528486182,35.27907967618236,1581
Hitter,Juan Sulbaran,sa3021851,808368,2026,A,A,3,3,International Rookie | Complex | A,58.0,20.0,True,False,0.014839059619947427,0.10503905612285787,46.34267294817754,4033,41.56101426307448,2524,43.95184360562601,41.56101426307448,1582
Hitter,T.J. White,sa3017697,695604,2026,AA,AA,5,4,Complex | A | A+ | AA,225.0,22.0,True,True,0.03901790664554401,0.32097129242576417,42.07006369426752,3140,45.78754578754579,1638,43.928804740906656,42.07006369426752,1583
Hitter,Abdias De La Cruz,sa3019401,703192,2026,A,A,3,3,International Rookie | Complex | A,385.0,21.0,True,True,0.01614065880215182,0.09479545009378847,43.144061492685346,4033,44.61172741679873,2524,43.877894454742034,43.144061492685346,1584
Hitter,Jack Costello,sa3025242,694320,2026,A+,A+,4,2,A | A+,340.0,25.0,True,True,0.03315290584363401,0.07781997384883946,25.401421426691236,3799,62.35240690281562,2202,43.87691416475343,25.401421426691236,1585
Hitter,Kendrey Maduro,sa3075522,701342,2026,A+,A+,4,2,A | A+,124.0,22.0,True,True,0.012914997830570468,0.21559238779216688,53.64569623585154,3799,33.92370572207084,2202,43.78470097896119,33.92370572207084,1586
Hitter,Cody Morissette,sa3017158,681357,2026,AAA,AAA,6,4,A | A+ | AA | AAA,289.0,26.0,True,True,0.08496328925527012,0.7402703280985106,41.2856496152105,2209,46.27831715210356,927,43.781983383657035,41.2856496152105,1587
Hitter,Jose Izarra,sa3019998,692222,2026,AA,A+,5,3,A | A+ | AA,73.0,22.0,True,False,0.02193972649687462,0.5179322514073493,59.23566878980892,3140,28.266178266178265,1638,43.75092352799359,28.266178266178265,1588
Hitter,Alex Binelas,sa3017044,681323,2026,AA,AA,5,3,A | A+ | AA,479.0,26.0,True,True,0.057540514200559674,0.20068247295182448,29.426751592356688,3140,58.05860805860806,1638,43.74267982548237,29.426751592356688,1589
Hitter,Brendan Summerhill,sa3043325,804911,2026,A+,A+,4,2,A | A+,67.0,22.0,True,False,0.018021640304970225,0.15198462726328663,43.77467754672282,3799,43.68755676657584,2202,43.73111715664933,43.68755676657584,1590
Hitter,Warren Calcano,sa3067541,829071,2026,International Rookie,International Rookie,1,1,International Rookie,174.0,18.0,True,True,0.003473328205353038,0.015375983219718095,36.98338304218151,2347,50.41279669762642,1938,43.69808986990397,36.98338304218151,1591
Hitter,Adafel Montiel,sa3077056,837035,2026,International Rookie,International Rookie,1,1,International Rookie,186.0,19.0,True,True,0.004378081967212886,0.010510255275837804,29.654878568385172,2347,57.68833849329205,1938,43.67160853083861,29.654878568385172,1592
Hitter,Dashyll Tejeda,sa3021315,812158,2026,A,A,3,3,International Rookie | Complex | A,302.0,20.0,True,True,0.01224420552060249,0.12411218480497957,51.52491941482767,4033,35.8161648177496,2524,43.67054211628864,35.8161648177496,1593
Hitter,Randy Guzman,sa3021106,807383,2026,A,A,3,3,International Rookie | Complex | A,247.0,21.0,True,True,0.015020065494752948,0.10083302482144815,45.127696503843296,4033,42.115689381933436,2524,43.621692942888366,42.115689381933436,1594
Hitter,Daniel Pena,sa3018634,805015,2026,A,Complex,3,3,International Rookie | Complex | A,212.0,20.0,True,True,0.01405834993064091,0.10867863073130322,47.359285891395984,4033,39.73851030110935,2524,43.54889809625267,39.73851030110935,1595
Hitter,DJ Newman,sa3038808,823775,2026,A+,A+,4,2,A | A+,76.0,22.0,True,False,0.01865202671804595,0.1445306372939073,42.3006054224796,3799,44.73206176203451,2202,43.516333592257055,42.3006054224796,1596
Hitter,Jared Dickey,sa3022688,801406,2026,AA,AA,5,3,A | A+ | AA,69.0,24.0,True,False,0.04424100752788876,0.26945637495044994,37.197452229299365,3140,49.81684981684982,1638,43.50715102307459,37.197452229299365,1597
Hitter,Jose Astudillo,sa3016548,698973,2026,A,A,3,3,International Rookie | Complex | A,199.0,22.0,True,True,0.01615036571509109,0.09218867057796484,42.40019836350112,4033,44.61172741679873,2524,43.505962890149924,42.40019836350112,1598
Hitter,Sam Robertson,sa3069014,816384,2026,A,A,3,1,A,166.0,21.0,True,True,0.012438333211455705,0.12110778735288862,50.75626084800397,4033,36.212361331220286,2524,43.48431108961213,36.212361331220286,1599
Hitter,Luis Caicuto,sa3016923,691276,2026,A+,A+,4,3,Complex | A | A+,205.0,23.0,True,True,0.01939069625987304,0.1393874508604794,41.16872861279284,3799,45.776566757493185,2202,43.472647685143016,41.16872861279284,1600
Hitter,John Spikerman,sa3025197,701811,2026,A+,A+,4,2,A | A+,226.0,23.0,True,True,0.01839849289972713,0.14585778992276688,42.56383258752303,3799,44.368755676657585,2202,43.46629413209031,42.56383258752303,1601
Hitter,Quinn McDaniel,sa3022701,814194,2026,A+,A+,4,3,Complex | A | A+,173.0,23.0,True,True,0.014449522106076645,0.1861824854479803,49.407738878652275,3799,37.51135331516803,2202,43.45954609691015,37.51135331516803,1602
Hitter,Matthew Moses,sa3067766,829849,2026,International Rookie,International Rookie,1,1,International Rookie,119.0,18.0,True,True,0.00453197832911175,0.009545528208192216,27.78014486578611,2347,58.978328173374614,1938,43.37923651958036,27.78014486578611,1603
Hitter,Adolfo Sanchez,sa3023709,807645,2026,Complex,Complex,2,2,International Rookie | Complex,224.0,19.0,True,True,0.005817708874130515,0.08495893597971707,58.4238037796542,2487,28.235908141962422,1916,43.32985596080831,28.235908141962422,1604
Hitter,Dayquer Alfonzo,sa3024479,821628,2026,International Rookie,International Rookie,1,1,International Rookie,222.0,18.0,True,True,0.0032113699893287404,0.016876855877950687,39.02854708138049,2347,47.57481940144479,1938,43.30168324141264,39.02854708138049,1605
Hitter,Diego Mosquera,sa3016825,699305,2026,AA,AA,5,5,International Rookie | Complex | A | A+ | AA,58.0,22.0,True,False,0.018388556500522436,0.5640729678963171,63.34394904458599,3140,23.1990231990232,1638,43.27148612180459,23.1990231990232,1606
Hitter,Caden Merritt,sa3076054,834846,2026,Complex,Complex,2,1,Complex,164.0,19.0,True,True,0.005882216540434279,0.08348452793173974,57.94129473260957,2487,28.60125260960334,1916,43.27127367110646,28.60125260960334,1607
Hitter,Jake McCutcheon,sa3037531,823817,2026,A,A,3,1,A,262.0,22.0,True,True,0.019041795391181556,0.07394154302207086,36.12695264071411,4033,50.23771790808241,2524,43.182335274398255,36.12695264071411,1608
Hitter,Eduardo Rojas,sa3024143,821672,2026,Complex,Complex,2,2,International Rookie | Complex,101.0,19.0,True,True,0.005141646514524862,0.094863520795468,61.881785283474066,2487,24.4258872651357,1916,43.15383627430488,24.4258872651357,1609
Hitter,Felix Amparo,sa3021180,808118,2026,A,A,3,3,International Rookie | Complex | A,220.0,20.0,True,True,0.008918224319924877,0.1762992387792471,61.02157203074634,4033,25.23771790808241,2524,43.12964496941437,25.23771790808241,1610
Hitter,Colby Jones,sa3025224,803475,2026,A+,A+,4,2,A | A+,449.0,22.0,True,True,0.017345137723931862,0.14983258115833073,43.32719136614899,3799,42.82470481380563,2202,43.07594808997731,42.82470481380563,1611
Hitter,Randy De Jesus,sa3018426,703194,2026,A+,A+,4,4,International Rookie | Complex | A | A+,392.0,21.0,True,True,0.015210538434030894,0.17273047194979077,47.433535140826535,3799,38.60127157129882,2202,43.01740335606267,38.60127157129882,1612
Hitter,Eric Snow,sa3042680,702526,2026,A,A,3,1,A,182.0,22.0,True,True,0.017261672381609153,0.08367502837792992,39.003223406893134,4033,46.98890649762282,2524,42.99606495225798,39.003223406893134,1613
Hitter,David Diaz,sa3076690,837983,2026,International Rookie,International Rookie,1,1,International Rookie,144.0,17.0,True,True,0.0039714202688231415,0.011505479803123199,31.273966766084364,2347,54.69556243550051,1938,42.98476460079244,31.273966766084364,1614
Hitter,Griff O'Ferrall,sa3025409,803172,2026,AA,AA,5,3,A | A+ | AA,473.0,23.0,True,True,0.035546221292912336,0.3272163699100207,42.86624203821656,3140,42.918192918192915,1638,42.89221747820474,42.86624203821656,1615
Hitter,Hayden Gilliland,sa3067285,828600,2026,A+,A+,4,1,A+,115.0,24.0,True,True,0.028217592100944745,0.08757245633440797,28.77072913924717,3799,56.94822888283379,2202,42.85947901104048,28.77072913924717,1616
Hitter,Phillip Glasser,sa3022680,701298,2026,AAA,AAA,6,5,Complex | A | A+ | AA | AAA,415.0,26.0,True,True,0.08395764053383788,0.7295303998700086,40.28972385694885,2209,45.415318230852215,927,42.85252104390053,40.28972385694885,1617
Hitter,Tyriq Kemp,sa3035244,822743,2026,A+,A+,4,2,A | A+,448.0,23.0,True,True,0.0187722827332743,0.13699795677307547,40.72124243221901,3799,44.868301544050865,2202,42.79477198813494,40.72124243221901,1618
Hitter,Kelvin Hidalgo,sa3018472,800193,2026,A+,A+,4,4,International Rookie | Complex | A | A+,467.0,21.0,True,True,0.010355198095194435,0.23236920002642833,56.33061331929455,3799,29.24613987284287,2202,42.78837659606871,29.24613987284287,1619
Hitter,Angel Acosta,sa3021290,808665,2026,AA,AA,5,4,International Rookie | A | A+ | AA,54.0,23.0,True,False,0.018246423451136477,0.5532978328538609,62.4203821656051,3140,23.137973137973137,1638,42.77917765178912,23.137973137973137,1620
Hitter,Raymer Medina,sa3067696,829068,2026,International Rookie,International Rookie,1,1,International Rookie,241.0,18.0,True,True,0.004518919560635642,0.00891843352203035,26.629740093736686,2347,58.92672858617131,1938,42.778234339954,26.629740093736686,1621
Hitter,Matt King,sa3035409,823153,2026,A+,A+,4,1,A+,95.0,23.0,True,False,0.02215299886654806,0.11457969792260739,35.6672808633851,3799,49.86376021798365,2202,42.76552054068438,35.6672808633851,1622
Hitter,Connor McGinnis,sa3059979,821296,2026,A+,A+,4,1,A+,71.0,23.0,True,False,0.02215299886654806,0.11457969792260739,35.6672808633851,3799,49.86376021798365,2202,42.76552054068438,35.6672808633851,1622
Hitter,Evan Morrison,sa3078053,844071,2026,A+,A+,4,1,A+,64.0,23.0,True,False,0.02215299886654806,0.11457969792260739,35.6672808633851,3799,49.86376021798365,2202,42.76552054068438,35.6672808633851,1622
Hitter,Hudson White,sa3025357,695742,2026,A+,A+,4,1,A+,71.0,23.0,True,False,0.02215299886654806,0.11457969792260739,35.6672808633851,3799,49.86376021798365,2202,42.76552054068438,35.6672808633851,1622
Hitter,Dean Toigo,sa3060763,831025,2026,A+,A+,4,1,A+,90.0,23.0,True,False,0.02215299886654806,0.11457969792260739,35.6672808633851,3799,49.86376021798365,2202,42.76552054068438,35.6672808633851,1622
Hitter,Alberth Palma,sa3022924,808285,2026,A,A,3,3,International Rookie | Complex | A,483.0,20.0,True,True,0.01129315532188322,0.1290925869509977,52.566327795685595,4033,32.884310618066564,2524,42.72531920687608,32.884310618066564,1627
Hitter,Cristhian Vaquero,sa3018403,703143,2026,A,A,3,3,International Rookie | Complex | A,101.0,21.0,True,True,0.014830716035364434,0.0971031491006651,43.863129184230104,4033,41.56101426307448,2524,42.71207172365229,41.56101426307448,1628
Hitter,Angelo Ugueto,sa3076498,822193,2026,International Rookie,International Rookie,1,1,International Rookie,115.0,17.0,True,True,0.001957763345076626,0.030744704285891634,53.08904985087346,2347,32.19814241486068,1938,42.643596132867074,32.19814241486068,1629
Hitter,Aeverson Arteaga,sa3014707,692348,2026,AA,AA,5,4,Complex | A | A+ | AA,77.0,23.0,True,False,0.029867554243562203,0.393210140887674,48.56687898089172,3140,36.69108669108669,1638,42.628982835989206,36.69108669108669,1630
Hitter,Jack Moroknek,sa3038388,833381,2026,A,A,3,1,A,168.0,23.0,True,True,0.017083236707471396,0.08225830822194025,38.5569055293826,4033,46.67194928684628,2524,42.61442740811444,38.5569055293826,1631
Hitter,Edwin Amparo,sa3018526,800348,2026,A+,A,4,4,International Rookie | Complex | A | A+,59.0,20.0,True,False,0.012911674070897258,0.19741803303379274,51.30297446696499,3799,33.92370572207084,2202,42.613340094517916,33.92370572207084,1632
Hitter,Carlos Taveras,sa3067690,829056,2026,Complex,Complex,2,2,International Rookie | Complex,112.0,18.0,True,True,0.005048848667715858,0.09206864713188165,60.9167671893848,2487,24.16492693110647,1916,42.54084706024564,24.16492693110647,1633
Hitter,Luis Leon,sa3067401,828783,2026,Complex,Complex,2,1,Complex,130.0,19.0,True,True,0.006407713275240046,0.07123385216485903,53.39766787293929,2487,31.680584551148225,1916,42.539126212043755,31.680584551148225,1634
Hitter,Clark Elliott,sa3019972,686499,2026,AA,AA,5,3,A | A+ | AA,448.0,25.0,True,True,0.04892259815642652,0.21758827529636396,31.78343949044586,3140,53.052503052503056,1638,42.41797127147446,31.78343949044586,1635
Hitter,Jorge Hernandez,sa3021301,808702,2026,A,Complex,3,3,International Rookie | Complex | A,186.0,19.0,True,True,0.010634090821636633,0.13572609828851184,53.930076865856684,4033,30.705229793977814,2524,42.31765332991725,30.705229793977814,1636
Hitter,Bryan Gonzalez Garcia,sa3022617,811314,2026,Complex,Complex,2,1,Complex,79.0,20.0,True,False,0.0075618956966966135,0.058871232922407944,47.24567752312023,2487,37.36951983298539,1916,42.30759867805281,37.36951983298539,1637
Hitter,Jake Cunningham,sa3023269,801507,2026,AA,AA,5,3,A | A+ | AA,165.0,23.0,True,True,0.03059112671110707,0.36644650852507277,46.68789808917197,3140,37.91208791208791,1638,42.29999300062994,37.91208791208791,1638
Hitter,Owen Ayers,sa3025449,689196,2026,AAA,AAA,6,4,A | A+ | AA | AAA,176.0,25.0,True,True,0.059538078639954604,0.8179110989119492,50.24898143956541,2209,34.3042071197411,927,42.27659427965325,34.3042071197411,1639
Hitter,Antonio Jimenez,sa3034692,806128,2026,A,A,3,1,A,193.0,22.0,True,True,0.013172668809784883,0.10569946837817557,46.565831886932806,4033,37.83676703645008,2524,42.20129946169144,37.83676703645008,1640
Hitter,Carlos Salazar,sa3068207,829859,2026,International Rookie,International Rookie,1,1,International Rookie,175.0,18.0,True,True,0.0028837271751868663,0.018119083491635622,40.690242863229656,2347,43.70485036119711,1938,42.19754661221339,40.690242863229656,1641
Hitter,Patrick Clohisy,sa3025223,802117,2026,AA,AA,5,3,A | A+ | AA,299.0,24.0,True,True,0.02780876113038605,0.4042241362636974,49.71337579617835,3140,34.61538461538461,1638,42.164380205781484,34.61538461538461,1642
Hitter,Kendrick Herrera,sa3023776,821696,2026,Complex,Complex,2,2,International Rookie | Complex,72.0,19.0,True,False,0.005618701390375637,0.08045626343667898,57.016485725774025,2487,27.296450939457202,1916,42.15646833261562,27.296450939457202,1643
Hitter,Jeremy Ciriaco,sa3021133,807994,2026,A,A,3,3,International Rookie | Complex | A,272.0,19.0,True,True,0.012066065934488364,0.114061503124484,48.97098933796182,4033,35.34072900158478,2524,42.1558591697733,35.34072900158478,1644
Hitter,Michael Dattalo,sa3029852,809633,2026,A+,A+,4,2,A | A+,197.0,22.0,True,True,0.021968403424071793,0.1102407922801583,34.66701763622006,3799,49.54586739327884,2202,42.106442514749446,34.66701763622006,1645
Hitter,Mac Horvath,sa3022885,690991,2026,AA,AA,5,3,A | A+ | AA,503.0,24.0,True,True,0.033559768149012154,0.33003205337983077,43.18471337579618,3140,40.96459096459096,1638,42.07465217019357,40.96459096459096,1646
Hitter,Ben North,sa3077965,823079,2026,A+,A+,4,1,A+,66.0,23.0,True,False,0.021744417413075146,0.11147645723076695,34.95656751776783,3799,49.182561307901906,2202,42.069564412834865,34.95656751776783,1647
Hitter,Tristan Bissetta,sa3077982,803124,2026,A+,A+,4,1,A+,81.0,23.0,True,False,0.021744417413075146,0.11147645723076695,34.95656751776783,3799,49.182561307901906,2202,42.069564412834865,34.95656751776783,1647
Hitter,Luis Hernandez,sa3069031,801346,2026,A+,A+,4,1,A+,90.0,23.0,True,False,0.021744417413075146,0.11147645723076695,34.95656751776783,3799,49.182561307901906,2202,42.069564412834865,34.95656751776783,1647
Hitter,Luis Durango,sa3015232,691411,2026,A+,A+,4,3,Complex | A | A+,107.0,23.0,True,True,0.013062193010807717,0.18701754554335234,49.51302974466965,3799,34.55949137148047,2202,42.03626055807506,34.55949137148047,1650
Hitter,Danny De Andrade,sa3015698,694185,2026,A+,A+,4,4,International Rookie | Complex | A | A+,446.0,22.0,True,True,0.013075881419711324,0.18638604360971062,49.46038431166097,3799,34.60490463215259,2202,42.03264447190678,34.60490463215259,1651
Hitter,Miguel Useche,sa3068933,687766,2026,AA,AA,5,2,A+ | AA,173.0,25.0,True,True,0.04479981224854499,0.23777204895571236,33.66242038216561,3140,50.06105006105006,1638,41.86173522160783,33.66242038216561,1652
Hitter,Kristian Robinson,sa3006884,677565,2026,AAA,AAA,6,4,Complex | A | AA | AAA,481.0,25.0,True,True,0.049147478912077026,0.8511308890286282,55.5454956994115,2209,28.155339805825243,927,41.85041775261837,28.155339805825243,1653
Hitter,Victor Saez,sa3068220,829978,2026,International Rookie,International Rookie,1,1,International Rookie,102.0,18.0,True,True,0.004689059511136608,0.007324845404117527,23.26374094588837,2347,60.371517027863774,1938,41.81762898687607,23.26374094588837,1654
Hitter,Andres Nolaya,sa3018563,800438,2026,A+,A+,4,4,International Rookie | Complex | A | A+,57.0,21.0,True,False,0.014976211615042472,0.15913362499786896,45.14345880494867,3799,38.37420526793824,2202,41.75883203644345,38.37420526793824,1655
Hitter,Cade McGee,sa3025153,801629,2026,A+,A+,4,2,A | A+,363.0,23.0,True,True,0.019011873481124413,0.12692976577890194,38.45748881284548,3799,45.049954586739325,2202,41.75372169979241,38.45748881284548,1656
Hitter,Shalin Polanco,sa3015699,694186,2026,AA,AA,5,5,International Rookie | Complex | A | A+ | AA,64.0,22.0,True,False,0.015388790673350871,0.5773012722521291,64.61783439490446,3140,18.803418803418804,1638,41.710626599161635,18.803418803418804,1657
Hitter,Gabriel Teran,sa3069116,835619,2026,International Rookie,International Rookie,1,1,International Rookie,155.0,18.0,True,True,0.005924483984545766,0.004167871541243897,15.125692373242437,2347,68.26625386996903,1938,41.69597312160573,15.125692373242437,1658
Hitter,Peyton Graham,sa3019990,689931,2026,AA,AA,5,3,A | A+ | AA,495.0,25.0,True,True,0.030432227841075757,0.3555239415448326,45.63694267515923,3140,37.72893772893773,1638,41.682940202048485,37.72893772893773,1659
Hitter,Yordani Martinez,sa3023738,820969,2026,Complex,Complex,2,2,International Rookie | Complex,136.0,19.0,True,True,0.008328563442262174,0.050048338756684914,43.023723361479696,2487,40.292275574112736,1916,41.657999467796216,40.292275574112736,1660
Hitter,Cameron Sisneros,sa3025564,815133,2026,A+,A+,4,2,A | A+,158.0,25.0,True,True,0.033602458343564644,0.06160998370019036,20.452750723874704,3799,62.80653950953678,2202,41.629645116705746,20.452750723874704,1661
Hitter,Jud Fabian,sa3019942,682983,2026,AAA,AAA,6,4,A | A+ | AA | AAA,417.0,25.0,True,True,0.09489612431427263,0.6361010456155751,32.63920325939339,2209,50.5933117583603,927,41.61625750887684,32.63920325939339,1662
Hitter,Dylan Grego,sa3032686,834966,2026,A,A,3,1,A,158.0,22.0,True,True,0.014825940752948304,0.09008138981007847,41.53235804611951,4033,41.56101426307448,2524,41.546686154597,41.53235804611951,1663
Hitter,Eddie King Jr.,sa3035421,695652,2026,A,A,3,1,A,461.0,23.0,True,True,0.016183367633976244,0.08128315474830006,38.234564840069424,4033,44.84944532488114,2524,41.542005082475285,38.234564840069424,1664
Hitter,Eli Serrano III,sa3025407,702501,2026,AA,AA,5,3,A | A+ | AA,280.0,23.0,True,True,0.03750482181344625,0.27959975145208205,37.961783439490446,3140,44.99389499389499,1638,41.477839216692715,37.961783439490446,1665
Hitter,Noah Mendlinger,sa3017001,702331,2026,AAA,AAA,6,4,A | A+ | AA | AAA,217.0,25.0,True,True,0.05471660462403344,0.8244140383814967,51.01856043458579,2209,31.93096008629989,927,41.474760260442835,31.93096008629989,1666
Hitter,Onil Perez,sa3015610,692366,2026,AA,A+,5,5,International Rookie | Complex | A | A+ | AA,62.0,22.0,True,False,0.01774590526089216,0.5337279524132561,60.70063694267516,3140,22.22222222222222,1638,41.46142958244869,22.22222222222222,1667
Hitter,Johnny Ascanio,sa3015526,691392,2026,AA,AA,5,5,International Rookie | Complex | A | A+ | AA,140.0,22.0,True,True,0.01577896341216511,0.5660624405806743,63.59872611464968,3140,19.23076923076923,1638,41.41474767270945,19.23076923076923,1668
Hitter,Jirvin Morillo,sa3023751,821073,2026,Complex,Complex,2,2,International Rookie | Complex,235.0,19.0,True,True,0.004776635309985586,0.09056061808792627,60.31363088057901,2487,22.44258872651357,1916,41.378109803546295,22.44258872651357,1669
Hitter,Roni Cabrera,sa3018575,800492,2026,A,A,3,3,International Rookie | Complex | A,393.0,20.0,True,True,0.011268068187408204,0.11736410587320811,49.86362509298289,4033,32.84469096671949,2524,41.35415802985119,32.84469096671949,1670
Hitter,Tyler McDonough,sa3016869,694812,2026,AAA,AAA,6,4,A | A+ | AA | AAA,118.0,27.0,True,True,0.06552215262205784,0.7697057373973167,44.4545043005885,2209,38.07982740021575,927,41.26716585040212,38.07982740021575,1671
Hitter,Roy Rivero,sa3068234,830450,2026,International Rookie,International Rookie,1,1,International Rookie,176.0,18.0,True,True,0.0016214174453163125,0.0326743347534582,54.96378355347252,2347,27.554179566563466,1938,41.25898156001799,27.554179566563466,1672
Hitter,Leo Balcazar,sa3015798,699114,2026,AAA,AAA,6,6,International Rookie | Complex | A | A+ | AA | AAA,124.0,22.0,True,True,0.05015164783288903,0.8427490620737856,53.915799004074245,2209,28.478964401294498,927,41.19738170268437,28.478964401294498,1673
Hitter,Braylin Morel,sa3021229,808281,2026,A,A,3,3,International Rookie | Complex | A,81.0,20.0,True,False,0.014884337423729887,0.08784152148629641,40.59013141581949,4033,41.71949286846276,2524,41.154812142141125,40.59013141581949,1674
Hitter,Jack Hurley,sa3022564,694815,2026,AA,AA,5,3,Complex | A+ | AA,82.0,24.0,True,False,0.03148957358697124,0.3290123831549583,43.05732484076433,3140,39.133089133089136,1638,41.09520698692673,39.133089133089136,1675
Hitter,Cristian Hernandez,sa3015696,694183,2026,AA,AA,5,5,International Rookie | Complex | A | A+ | AA,475.0,22.0,True,True,0.017164506223869846,0.532809824175915,60.6687898089172,3140,21.489621489621488,1638,41.07920564926934,21.489621489621488,1676
Hitter,Tony Blanco Jr.,sa3019722,703156,2026,A+,A+,4,4,International Rookie | Complex | A | A+,334.0,21.0,True,True,0.01871153562810913,0.12169064616073177,37.37825743616741,3799,44.77747502270663,2202,41.07786622943702,37.37825743616741,1677
Hitter,Ian Lewis Jr.,sa3014691,691588,2026,AA,AA,5,4,Complex | A | A+ | AA,268.0,23.0,True,True,0.020699124689254646,0.47432803709319915,55.796178343949045,3140,26.31257631257631,1638,41.054377328262674,26.31257631257631,1678
Hitter,Gavin Turley,sa3044148,702504,2026,A,A,3,1,A,352.0,22.0,True,True,0.018226283564273593,0.0664407293659135,33.05231837341929,4033,48.96988906497623,2524,41.01110371919776,33.05231837341929,1679
Hitter,Caden Merritt,sa3076054,834846,2026,A,A,3,2,Complex | A,185.0,19.0,True,True,0.011951506200011409,0.10781251626750832,47.11133151500124,4033,34.865293185419965,2524,40.988312350210606,34.865293185419965,1680
Hitter,Hayden Gilliland,sa3067285,828600,2026,AA,AA,5,2,A+ | AA,50.0,24.0,True,False,0.04253157892535078,0.23197901698177695,33.21656050955414,3140,48.656898656898655,1638,40.936729583226395,33.21656050955414,1681
Hitter,Frankeli Mesta,sa3023756,821094,2026,International Rookie,International Rookie,1,1,International Rookie,112.0,19.0,True,True,0.004873999517831039,0.006048062093237137,20.153387302939922,2347,61.50670794633643,1938,40.830047624638176,20.153387302939922,1682
Hitter,Jacob Berry,sa3019825,694351,2026,AAA,AAA,6,4,A | A+ | AA | AAA,396.0,25.0,True,True,0.05539033528961811,0.806914712695183,49.07197827071073,2209,32.362459546925564,927,40.71721890881815,32.362459546925564,1683
Hitter,Lucas Ramirez,sa3067326,813429,2026,A,A,3,2,Complex | A,430.0,20.0,True,True,0.011403379532456532,0.1108764846492643,48.227126208777584,4033,33.20126782884311,2524,40.714197018810346,33.20126782884311,1684
Hitter,Estevan Moreno,sa3038350,803290,2026,A,A,3,1,A,403.0,22.0,True,True,0.015474531977942173,0.08063616437724125,38.03620133895363,4033,43.30427892234548,2524,40.67024013064956,38.03620133895363,1685
Hitter,Brandon Eike,sa3025243,694806,2026,A+,A+,4,2,A | A+,485.0,24.0,True,True,0.019901864380082984,0.11087342183576163,34.877599368254806,3799,46.45776566757493,2202,40.66768251791487,34.877599368254806,1686
Hitter,Marshall Toole,sa3025270,828319,2026,A+,A+,4,2,A | A+,159.0,23.0,True,True,0.01737673826775818,0.12687737118889214,38.45748881284548,3799,42.870118074477745,2202,40.663803443661614,38.45748881284548,1687
Hitter,Anthony Frobose,sa3069292,834597,2026,Complex,Complex,2,1,Complex,167.0,18.0,True,True,0.006977819092179145,0.05833059130209358,47.165259348612786,2487,34.13361169102296,1916,40.64943551981787,34.13361169102296,1688
Hitter,Harold Coll,sa3025185,694563,2026,A+,A+,4,2,A | A+,254.0,24.0,True,True,0.019725431646174574,0.11101955743251067,34.93024480126349,3799,46.3669391462307,2202,40.648591973747095,34.93024480126349,1689
Hitter,Isael Arias,sa3023713,811551,2026,A,A,3,3,International Rookie | Complex | A,51.0,20.0,True,False,0.013602608993870793,0.09237874405331682,42.42499380114059,4033,38.86687797147385,2524,40.645935886307214,38.86687797147385,1690
Hitter,Alex Rodriguez,sa3068246,835182,2026,International Rookie,International Rookie,1,1,International Rookie,186.0,18.0,True,True,0.004674655991222696,0.0063775000489775125,21.090754154239455,2347,60.165118679050565,1938,40.627936416645014,21.090754154239455,1691
Hitter,Jake Cunningham,sa3023269,801507,2026,A+,A+,4,2,A | A+,225.0,23.0,True,True,0.016081654909236513,0.13694729411119141,40.69491971571466,3799,40.508628519527704,2202,40.60177411762118,40.508628519527704,1692
Hitter,Ricardo Crespo,sa3024373,821811,2026,International Rookie,International Rookie,1,1,International Rookie,140.0,19.0,True,True,0.005761354997901193,0.0038214599257563194,14.273540690242863,2347,66.87306501547988,1938,40.573302852861374,14.273540690242863,1693
Hitter,Alberto Hernandez,sa3018582,800516,2026,AA,AA,5,4,International Rookie | Complex | A | AA,107.0,22.0,True,True,0.027636253104787466,0.36744758401253524,46.81528662420382,3140,34.31013431013431,1638,40.56271046716907,34.31013431013431,1694
Hitter,Gabriel Flores,sa3068396,827412,2026,Complex,Complex,2,2,International Rookie | Complex,65.0,18.0,True,False,0.0030980091998581358,0.12066784461378177,68.27503015681545,2487,12.78705636743215,1916,40.5310432621238,12.78705636743215,1695
Hitter,Derlin Figueroa,sa3015851,700283,2026,A+,A+,4,4,International Rookie | Complex | A | A+,452.0,22.0,True,True,0.015498754399575005,0.14227597837475794,41.82679652540142,3799,39.1008174386921,2202,40.46380698204676,39.1008174386921,1696
Hitter,Danny Serretti,sa3019967,681400,2026,AAA,AAA,6,3,A+ | AA | AAA,141.0,26.0,True,True,0.042552929806260575,0.8615993458365576,57.35626980534178,2209,23.516720604099245,927,40.436495204720515,23.516720604099245,1697
Hitter,Yonatan Henriquez,sa3018487,800257,2026,A+,A+,4,4,International Rookie | Complex | A | A+,435.0,21.0,True,True,0.012466032957425986,0.17431986719312104,47.67043958936562,3799,33.060853769300635,2202,40.365646679333125,33.060853769300635,1698
Hitter,Riley Nelson,sa3060133,826043,2026,A+,A+,4,2,A | A+,65.0,22.0,True,False,0.017254280910848293,0.1248707679972576,37.90471176625428,3799,42.688465031789285,2202,40.296588399021786,37.90471176625428,1699
Hitter,Carlos Castillo,sa3069445,837825,2026,International Rookie,International Rookie,1,1,International Rookie,111.0,17.0,True,True,0.003134717773954693,0.012913582910890266,33.44695355773327,2347,47.11042311661507,1938,40.278688337174174,33.44695355773327,1700
Hitter,Kole Myers,sa3038641,801887,2026,AA,A+,5,2,A+ | AA,321.0,24.0,True,True,0.02769226474283226,0.36001157582390536,46.11464968152866,3140,34.37118437118437,1638,40.242917026356515,34.37118437118437,1701
Hitter,Kien Vu,sa3044590,809844,2026,AA,AA,5,3,A | A+ | AA,179.0,22.0,True,True,0.029197498902438522,0.34526083043867195,44.45859872611465,3140,36.01953601953602,1638,40.23906737282533,36.01953601953602,1702
Hitter,Dallas Macias,sa3036796,702582,2026,A,A,3,1,A,260.0,22.0,True,True,0.015803098165537603,0.07586684272111321,36.59806595586412,4033,43.858954041204434,2524,40.22850999853428,36.59806595586412,1703
Hitter,Jeron Williams,sa3022566,700784,2026,AA,AA,5,3,A | A+ | AA,63.0,25.0,True,False,0.04019215437360044,0.23404809795631673,33.439490445859875,3140,46.88644688644688,1638,40.162968666153375,33.439490445859875,1704
Hitter,Adrian De Leon,sa3015864,700369,2026,A+,A,4,4,International Rookie | Complex | A | A+,77.0,21.0,True,False,0.01369580676380551,0.15420951654656564,44.248486443801,3799,36.05812897366031,2202,40.15330770873065,36.05812897366031,1705
Hitter,Robbie Burnett,sa3069072,823754,2026,A+,A+,4,1,A+,155.0,23.0,True,True,0.021553999669662382,0.09629870953630729,31.53461437220321,3799,48.728428701180746,2202,40.13152153669198,31.53461437220321,1706
Hitter,Zach MacDonald,sa3025604,822487,2026,A,A,3,2,Complex | A,402.0,22.0,True,True,0.015125151753147532,0.08011853710898886,37.88742871311678,4033,42.353407290015845,2524,40.120418001566314,37.88742871311678,1707
Hitter,Corey Joyce,sa3010596,687144,2026,AAA,AA,6,4,A | A+ | AA | AAA,206.0,24.0,True,True,0.10654633859429267,0.5206972626059839,24.89814395654142,2209,55.2319309600863,927,40.06503745831386,24.89814395654142,1708
Hitter,Bryan Rodriguez,sa3067809,829970,2026,International Rookie,International Rookie,1,1,International Rookie,118.0,18.0,True,True,0.002242330286764801,0.0213440283916576,44.56753302087772,2347,35.552115583075334,1938,40.059824301976526,35.552115583075334,1709
Hitter,Christian Cairo,sa3010028,686551,2026,AAA,AAA,6,5,Complex | A | A+ | AA | AAA,509.0,25.0,True,True,0.07425482063576744,0.716167456338095,39.11272068809416,2209,40.99244875943905,927,40.0525847237666,39.11272068809416,1710
Hitter,Roderick Arias,sa3019674,703149,2026,AA,AA,5,5,International Rookie | Complex | A | A+ | AA,138.0,21.0,True,True,0.012398394406356938,0.5857835419806968,65.54140127388536,3140,14.52991452991453,1638,40.035657901899945,14.52991452991453,1711
Hitter,James Taussig,sa3069162,823173,2026,A,A,3,1,A,138.0,23.0,True,True,0.021513103665835132,0.04958944971073051,25.464914455740143,4033,54.5958795562599,2524,40.03039700600002,25.464914455740143,1712
Hitter,Andrew Pintar,sa3020715,801464,2026,AAA,AAA,6,4,A | A+ | AA | AAA,364.0,25.0,True,True,0.08792315890026745,0.6286423863033812,32.095971027614304,2209,47.896440129449836,927,39.99620557853207,32.095971027614304,1713
Hitter,Reyli Mariano,sa3023970,821697,2026,Complex,Complex,2,2,International Rookie | Complex,160.0,19.0,True,True,0.003400268102706217,0.10781680007836274,65.2593486127865,2487,14.613778705636744,1916,39.93656365921162,14.613778705636744,1714
Hitter,Juan Brima,sa3067698,829070,2026,International Rookie,International Rookie,1,1,International Rookie,214.0,18.0,True,True,0.004374667271352814,0.00683224261339354,22.113336173838942,2347,57.68833849329205,1938,39.9008373335655,22.113336173838942,1715
Hitter,Andres Nolaya,sa3018563,800438,2026,A,A,3,3,International Rookie | Complex | A,250.0,21.0,True,True,0.011065469166638446,0.10909197294734733,47.50805851723283,4033,32.29001584786054,2524,39.899037182546685,32.29001584786054,1716
Hitter,Javier Vaz,sa3019906,805834,2026,AA,AA,5,3,A | A+ | AA,85.0,25.0,True,False,0.04289230061973833,0.21169534587818647,30.923566878980893,3140,48.84004884004884,1638,39.881807859514865,30.923566878980893,1717
Hitter,Will Vierling,sa3044487,805416,2026,A,A,3,1,A,284.0,22.0,True,True,0.014228038794583087,0.08524874465016617,39.49913215968262,4033,40.134706814580035,2524,39.81691948713133,39.49913215968262,1718
Hitter,Cristian Benavides,sa3067880,832713,2026,International Rookie,International Rookie,1,1,International Rookie,156.0,18.0,True,True,0.002268928106849609,0.020174099033036737,43.54495100127823,2347,36.06811145510836,1938,39.80653122819329,36.06811145510836,1719
Hitter,Yojancel Cabrera,sa3067784,829894,2026,Complex,Complex,2,2,International Rookie | Complex,111.0,18.0,True,True,0.005393350002335129,0.07155388462083187,53.55850422195416,2487,25.887265135699373,1916,39.722884678826766,25.887265135699373,1720
Hitter,Romeo Sanabria,sa3019865,703804,2026,AAA,AAA,6,5,Complex | A | A+ | AA | AAA,83.0,24.0,True,False,0.05310878134913296,0.8050809163541662,48.80036215482119,2209,30.63646170442287,927,39.71841192962203,30.63646170442287,1721
Hitter,Michael Carico,sa3023216,801686,2026,A,A,3,1,A,223.0,23.0,True,True,0.021165349549960542,0.04921380348744129,25.26655095462435,4033,54.16006339144216,2524,39.71330717303326,25.26655095462435,1722
Hitter,Garrett Spain,sa3017174,696521,2026,AA,AA,5,3,A | A+ | AA,486.0,25.0,True,True,0.03473789888784726,0.2706775151572557,37.32484076433121,3140,42.002442002442,1638,39.663641383386604,37.32484076433121,1723
Hitter,Sebastian Maldonado,sa3076569,837036,2026,International Rookie,International Rookie,1,1,International Rookie,143.0,18.0,True,True,0.0022867280022363825,0.019870119810656606,42.94844482317853,2347,36.326109391124874,1938,39.637277107151704,36.326109391124874,1724
Hitter,Jeffery Heard,sa3076340,822153,2026,A,A,3,2,Complex | A,112.0,23.0,True,True,0.014730825188137746,0.07934932949269773,37.639474336722046,4033,41.44215530903328,2524,39.540814822877664,37.639474336722046,1725
Hitter,Nick Monistere,sa3038233,823809,2026,A,A,3,1,A,104.0,22.0,True,True,0.017184616156416282,0.06466717448802566,32.18447805603769,4033,46.830427892234546,2524,39.507452974136115,32.18447805603769,1726
Hitter,Kam Durnin,sa3030695,806494,2026,A,A,3,1,A,91.0,21.0,True,False,0.015526957261529167,0.07237740327328772,35.63104388792462,4033,43.38351822503962,2524,39.50728105648212,35.63104388792462,1727
Hitter,Carter Beck,sa3058591,807061,2026,A,A,3,1,A,50.0,21.0,True,False,0.015526957261529167,0.07237740327328772,35.63104388792462,4033,43.38351822503962,2524,39.50728105648212,35.63104388792462,1727
Hitter,Ben Tryon,sa3044100,830337,2026,A,A,3,1,A,51.0,21.0,True,False,0.015526957261529167,0.07237740327328772,35.63104388792462,4033,43.38351822503962,2524,39.50728105648212,35.63104388792462,1727
Hitter,Camden Johnson,sa3034721,825128,2026,A,A,3,1,A,84.0,21.0,True,False,0.015526957261529167,0.07237740327328772,35.63104388792462,4033,43.38351822503962,2524,39.50728105648212,35.63104388792462,1727
Hitter,Cobb Hightower,sa3066025,826932,2026,A,A,3,1,A,55.0,21.0,True,False,0.015526957261529167,0.07237740327328772,35.63104388792462,4033,43.38351822503962,2524,39.50728105648212,35.63104388792462,1727
Hitter,Caden Sorrell,sa3042754,811294,2026,A,A,3,1,A,95.0,21.0,True,False,0.015526957261529167,0.07237740327328772,35.63104388792462,4033,43.38351822503962,2524,39.50728105648212,35.63104388792462,1727
Hitter,Deiten Lachance,sa3070546,802500,2026,A,A,3,1,A,75.0,21.0,True,False,0.015526957261529167,0.07237740327328768,35.63104388792462,4033,43.38351822503962,2524,39.50728105648212,35.63104388792462,1727
Hitter,Braden Holcomb,sa3033951,804133,2026,A,A,3,1,A,57.0,21.0,True,False,0.015526957261529167,0.07237740327328772,35.63104388792462,4033,43.38351822503962,2524,39.50728105648212,35.63104388792462,1727
Hitter,Crew McChesney,sa3037467,814469,2026,A,A,3,1,A,64.0,21.0,True,False,0.015526957261529167,0.07237740327328772,35.63104388792462,4033,43.38351822503962,2524,39.50728105648212,35.63104388792462,1727
Hitter,Lucas Moore,sa3038303,806169,2026,A,A,3,1,A,57.0,21.0,True,False,0.015526957261529167,0.07237740327328772,35.63104388792462,4033,43.38351822503962,2524,39.50728105648212,35.63104388792462,1727
Hitter,Erick Dessens,sa3069940,840927,2026,A,A,3,1,A,63.0,21.0,True,False,0.015526957261529167,0.07237740327328772,35.63104388792462,4033,43.38351822503962,2524,39.50728105648212,35.63104388792462,1727
Hitter,Avery Ortiz,sa3039217,806499,2026,A,A,3,1,A,72.0,21.0,True,False,0.015526957261529167,0.07237740327328772,35.63104388792462,4033,43.38351822503962,2524,39.50728105648212,35.63104388792462,1727
Hitter,Colton Coates,sa3029070,813832,2026,A,A,3,1,A,74.0,21.0,True,False,0.015526957261529167,0.07237740327328772,35.63104388792462,4033,43.38351822503962,2524,39.50728105648212,35.63104388792462,1727
Hitter,Logan Hughes,sa3034267,813314,2026,A,A,3,1,A,97.0,21.0,True,False,0.015526957261529167,0.07237740327328768,35.63104388792462,4033,43.38351822503962,2524,39.50728105648212,35.63104388792462,1727
Hitter,Ty Head,sa3059446,813935,2026,A,A,3,1,A,61.0,21.0,True,False,0.015526957261529167,0.07237740327328772,35.63104388792462,4033,43.38351822503962,2524,39.50728105648212,35.63104388792462,1727
Hitter,Alejandro Garza,sa3032018,835211,2026,A,A,3,1,A,84.0,21.0,True,False,0.015526957261529167,0.07237740327328772,35.63104388792462,4033,43.38351822503962,2524,39.50728105648212,35.63104388792462,1727
Hitter,Owen Nowak,sa3070893,842660,2026,A,A,3,1,A,93.0,21.0,True,False,0.015526957261529167,0.07237740327328772,35.63104388792462,4033,43.38351822503962,2524,39.50728105648212,35.63104388792462,1727
Hitter,Braedon Karpathios,sa3019863,701682,2026,AA,AA,5,4,Complex | A | A+ | AA,510.0,23.0,True,True,0.028417379574796908,0.33944088894143903,43.88535031847134,3140,35.10378510378511,1638,39.49456771112823,35.10378510378511,1744
Hitter,Trevor Werner,sa3022592,687731,2026,A+,A+,4,2,A | A+,156.0,25.0,True,True,0.0274703784794181,0.06887489864539952,22.84811792576994,3799,56.130790190735695,2202,39.48945405825282,22.84811792576994,1745
Hitter,Luis Cova,sa3023723,815909,2026,Complex,Complex,2,2,International Rookie | Complex,79.0,19.0,True,False,0.006415786960451065,0.05891148838476154,47.24567752312023,2487,31.73277661795407,1916,39.48922707053715,31.73277661795407,1746
Hitter,Landon Arroyos,sa3069314,825968,2026,Complex,Complex,2,1,Complex,173.0,19.0,True,True,0.006271089646042768,0.060400215641678745,47.96944109368717,2487,30.897703549060545,1916,39.43357232137386,30.897703549060545,1747
Hitter,Yovanny Rodriguez,sa3023720,815898,2026,A,A,3,3,International Rookie | Complex | A,102.0,19.0,True,True,0.014118601784918434,0.08358905722854484,38.95363253161418,4033,39.896988906497626,2524,39.4253107190559,38.95363253161418,1748
Hitter,Kyle Walker,sa3044681,809143,2026,A+,A+,4,2,A | A+,429.0,23.0,True,True,0.01798845828593321,0.11281969723226377,35.19347196630692,3799,43.642143505903725,2202,39.417807736105324,35.19347196630692,1749
Hitter,Ahbram Liendo,sa3016173,699157,2026,AA,AA,5,5,International Rookie | Complex | A | A+ | AA,348.0,22.0,True,True,0.015532057948474625,0.5220723280424207,59.77707006369427,3140,18.986568986568987,1638,39.381819525131625,18.986568986568987,1750
Hitter,Tavano Baker,sa3023762,821138,2026,Complex,Complex,2,2,International Rookie | Complex,164.0,19.0,True,True,0.0038418378452903298,0.09547332352281632,61.9622034579815,2487,16.75365344467641,1916,39.35792845132896,16.75365344467641,1751
Hitter,Maddox Latta,sa3069010,823944,2026,A+,A+,4,2,A | A+,443.0,23.0,True,True,0.01554656668277124,0.13153931518537035,39.40510660700184,3799,39.282470481380564,2202,39.3437885441912,39.282470481380564,1752
Hitter,Austin St. Laurent,sa3025241,694318,2026,A+,A+,4,2,A | A+,328.0,23.0,True,True,0.015433521091323298,0.1322285524952003,39.66833377204527,3799,38.91916439600363,2202,39.293749084024455,38.91916439600363,1753
Hitter,Conner Westenburg,sa3076030,836173,2026,A+,A+,4,2,A | A+,78.0,22.0,True,False,0.014485513430847755,0.13867829692771846,40.95814688075809,3799,37.55676657584014,2202,39.25745672829912,37.55676657584014,1754
Hitter,AJ Soldra,sa3042717,831004,2026,A,A,3,1,A,192.0,22.0,True,True,0.013495441177706497,0.08606271548824397,39.920654599553686,4033,38.58954041204437,2524,39.25509750579903,38.58954041204437,1755
Hitter,Owen Ayers,sa3025449,689196,2026,AA,AA,5,3,A | A+ | AA,278.0,25.0,True,True,0.028329086784845674,0.33403606003893427,43.40764331210191,3140,35.042735042735046,1638,39.22518917741848,35.042735042735046,1756
Hitter,Matt King,sa3035409,823153,2026,AA,AA,5,2,A+ | AA,209.0,23.0,True,True,0.03154019524045777,0.2892267271247519,38.94904458598726,3140,39.1941391941392,1638,39.07159189006323,38.94904458598726,1757
Hitter,Frandy Lafond,sa3024956,821143,2026,International Rookie,International Rookie,1,1,International Rookie,180.0,19.0,True,True,0.003001958907205536,0.011999761485320903,32.33915636983383,2347,45.5108359133127,1938,38.92499614157326,32.33915636983383,1758
Hitter,Yohairo Cuevas,sa3015826,699293,2026,A+,A,4,4,International Rookie | Complex | A | A+,121.0,21.0,True,True,0.014836047917030927,0.13246263109614195,39.66833377204527,3799,38.101725703905544,2202,38.88502973797541,38.101725703905544,1759
Hitter,Johnderis Sanchez,sa3076525,825214,2026,International Rookie,International Rookie,1,1,International Rookie,211.0,17.0,True,True,0.00437021217086622,0.005986299217913397,19.94034938219003,2347,57.68833849329205,1938,38.81434393774104,19.94034938219003,1760
Hitter,Timothy Mogen,sa3076591,837648,2026,International Rookie,International Rookie,1,1,International Rookie,225.0,17.0,True,True,0.0026728122754722944,0.015204403502810628,36.77034512143162,2347,40.76367389060888,1938,38.767009506020244,36.77034512143162,1761
Hitter,Colby Shade,sa3023374,694974,2026,AA,AA,5,3,A | A+ | AA,100.0,24.0,True,True,0.02886894264780098,0.31667015146179295,41.71974522292994,3140,35.775335775335776,1638,38.74754049913285,35.775335775335776,1762
Hitter,Kenny Fenelon,sa3067474,829064,2026,Complex,Complex,2,2,International Rookie | Complex,222.0,18.0,True,True,0.004565428919521007,0.0771488935143666,55.9308403699236,2487,21.450939457202505,1916,38.690889913563055,21.450939457202505,1763
Hitter,Nick Roselli,sa3025417,815874,2026,AA,AA,5,3,A | A+ | AA,52.0,23.0,True,False,0.026466088886405705,0.34287430965079535,44.140127388535035,3140,33.08913308913309,1638,38.61463023883407,33.08913308913309,1764
Hitter,Ali Camarillo,sa3028297,701548,2026,A+,A,4,2,A | A+,57.0,22.0,True,False,0.01612509395528376,0.11885222374127219,36.6412213740458,3799,40.508628519527704,2202,38.57492494678675,36.6412213740458,1765
Hitter,Yensi De La Cruz,sa3067655,825570,2026,International Rookie,International Rookie,1,1,International Rookie,201.0,19.0,True,True,0.0028831369501248465,0.012745990321459797,33.27652322113336,2347,43.70485036119711,1938,38.49068679116523,33.27652322113336,1766
Hitter,Ezequiel Aparicio,sa3068412,830452,2026,International Rookie,International Rookie,1,1,International Rookie,106.0,18.0,True,True,0.0031692609476922412,0.010427207281193287,29.569663400085215,2347,47.316821465428276,1938,38.44324243275675,29.569663400085215,1767
Hitter,Diego Mosquera,sa3016825,699305,2026,A+,A+,4,4,International Rookie | Complex | A | A+,86.0,22.0,True,False,0.01333356456942194,0.14112382322320788,41.53724664385365,3799,35.240690281562216,2202,38.388968462707936,35.240690281562216,1768
Hitter,Jeibert Rondon,sa3076616,837729,2026,International Rookie,International Rookie,1,1,International Rookie,114.0,17.0,True,True,0.0029867572702355336,0.01148661372737527,31.231359181934383,2347,45.40763673890609,1938,38.319497960420236,31.231359181934383,1769
Hitter,Nick Dumesnil,sa3030644,825094,2026,A,A,3,1,A,250.0,22.0,True,True,0.012801913928832823,0.0858419071860787,39.82147284899578,4033,36.806656101426306,2524,38.31406447521104,36.806656101426306,1770
Hitter,Brailyn Antunez,sa3067486,829073,2026,Complex,Complex,2,2,International Rookie | Complex,259.0,18.0,True,True,0.002885376713292843,0.10835566941183368,65.50060313630881,2487,11.116910229645095,1916,38.308756682976956,11.116910229645095,1771
Hitter,Johnny Olmstead,sa3022494,675394,2026,AAA,AAA,6,4,A | A+ | AA | AAA,301.0,25.0,True,True,0.05847679316530628,0.7518769750273251,42.462652784065185,2209,33.87270765911543,927,38.1676802215903,33.87270765911543,1772
Hitter,Roni Garcia,sa3068193,829753,2026,International Rookie,International Rookie,1,1,International Rookie,99.0,18.0,True,False,0.0028562630052334516,0.012251018121108783,32.68001704303366,2347,43.4468524251806,1938,38.06343473410713,32.68001704303366,1773
Hitter,John Andy Rodriguez,sa3077809,843979,2026,International Rookie,International Rookie,1,1,International Rookie,56.0,18.0,True,False,0.0028562630052334516,0.012251018121108783,32.68001704303366,2347,43.4468524251806,1938,38.06343473410713,32.68001704303366,1773
Hitter,Roniel Paulino,sa3068671,829830,2026,International Rookie,International Rookie,1,1,International Rookie,50.0,18.0,True,False,0.0028562630052334516,0.012251018121108783,32.68001704303366,2347,43.4468524251806,1938,38.06343473410713,32.68001704303366,1773
Hitter,Manuel Vasquez,sa3068222,829992,2026,International Rookie,International Rookie,1,1,International Rookie,94.0,18.0,True,False,0.0028562630052334516,0.012251018121108796,32.68001704303366,2347,43.4468524251806,1938,38.06343473410713,32.68001704303366,1773
Hitter,Edgar Sanchez,sa3077670,840253,2026,International Rookie,International Rookie,1,1,International Rookie,80.0,18.0,True,False,0.0028562630052334516,0.012251018121108783,32.68001704303366,2347,43.4468524251806,1938,38.06343473410713,32.68001704303366,1773
Hitter,Luis Leon,sa3067830,830020,2026,International Rookie,International Rookie,1,1,International Rookie,78.0,18.0,True,False,0.0028562630052334516,0.012251018121108796,32.68001704303366,2347,43.4468524251806,1938,38.06343473410713,32.68001704303366,1773
Hitter,Albert Medina,sa3068525,829709,2026,International Rookie,International Rookie,1,1,International Rookie,57.0,18.0,True,False,0.0028562630052334516,0.012251018121108783,32.68001704303366,2347,43.4468524251806,1938,38.06343473410713,32.68001704303366,1773
Hitter,Jorge Drullard,sa3068226,830006,2026,International Rookie,International Rookie,1,1,International Rookie,70.0,18.0,True,False,0.0028562630052334516,0.012251018121108783,32.68001704303366,2347,43.4468524251806,1938,38.06343473410713,32.68001704303366,1773
Hitter,Moises Rangel,sa3068410,830404,2026,International Rookie,International Rookie,1,1,International Rookie,88.0,18.0,True,False,0.0028562630052334516,0.012251018121108783,32.68001704303366,2347,43.4468524251806,1938,38.06343473410713,32.68001704303366,1773
Hitter,Jhon Simon,sa3067816,829979,2026,International Rookie,International Rookie,1,1,International Rookie,90.0,18.0,True,False,0.0028562630052334516,0.012251018121108783,32.68001704303366,2347,43.4468524251806,1938,38.06343473410713,32.68001704303366,1773
Hitter,Jefferson Vargas,sa3068218,829963,2026,International Rookie,International Rookie,1,1,International Rookie,55.0,18.0,True,False,0.0028562630052334516,0.012251018121108783,32.68001704303366,2347,43.4468524251806,1938,38.06343473410713,32.68001704303366,1773
Hitter,Daniel Pena,sa3077792,843920,2026,International Rookie,International Rookie,1,1,International Rookie,55.0,18.0,True,False,0.0028562630052334516,0.012251018121108783,32.68001704303366,2347,43.4468524251806,1938,38.06343473410713,32.68001704303366,1773
Hitter,Fabian Dorta,sa3067823,829998,2026,International Rookie,International Rookie,1,1,International Rookie,95.0,18.0,True,False,0.0028562630052334516,0.012251018121108783,32.68001704303366,2347,43.4468524251806,1938,38.06343473410713,32.68001704303366,1773
Hitter,Yeferson Portolatin,sa3068199,829788,2026,International Rookie,International Rookie,1,1,International Rookie,90.0,18.0,True,False,0.0028562630052334516,0.012251018121108783,32.68001704303366,2347,43.4468524251806,1938,38.06343473410713,32.68001704303366,1773
Hitter,Stharling De Los Santos,sa3077593,828377,2026,International Rookie,International Rookie,1,1,International Rookie,55.0,18.0,True,False,0.0028562630052334516,0.012251018121108783,32.68001704303366,2347,43.4468524251806,1938,38.06343473410713,32.68001704303366,1773
Hitter,Jose Montilla,sa3068411,830437,2026,International Rookie,International Rookie,1,1,International Rookie,59.0,18.0,True,False,0.0028562630052334516,0.012251018121108783,32.68001704303366,2347,43.4468524251806,1938,38.06343473410713,32.68001704303366,1773
Hitter,Jose Peralta,sa3068649,825186,2026,International Rookie,International Rookie,1,1,International Rookie,79.0,18.0,True,False,0.0028562630052334516,0.012251018121108783,32.68001704303366,2347,43.4468524251806,1938,38.06343473410713,32.68001704303366,1773
Hitter,Angel Ozuna,sa3077623,842587,2026,International Rookie,International Rookie,1,1,International Rookie,70.0,18.0,True,False,0.0028562630052334516,0.012251018121108783,32.68001704303366,2347,43.4468524251806,1938,38.06343473410713,32.68001704303366,1773
Hitter,Nelson Lopez,sa3077651,842652,2026,International Rookie,International Rookie,1,1,International Rookie,93.0,18.0,True,False,0.0028562630052334516,0.012251018121108783,32.68001704303366,2347,43.4468524251806,1938,38.06343473410713,32.68001704303366,1773
Hitter,Jose Flores,sa3067881,832714,2026,International Rookie,International Rookie,1,1,International Rookie,82.0,18.0,True,False,0.0028562630052334516,0.012251018121108783,32.68001704303366,2347,43.4468524251806,1938,38.06343473410713,32.68001704303366,1773
Hitter,Victor Garcia,sa3068328,829921,2026,International Rookie,International Rookie,1,1,International Rookie,94.0,18.0,True,False,0.0028562630052334516,0.012251018121108796,32.68001704303366,2347,43.4468524251806,1938,38.06343473410713,32.68001704303366,1773
Hitter,Eddison Charles,sa3067861,830458,2026,International Rookie,International Rookie,1,1,International Rookie,63.0,18.0,True,False,0.0028562630052334516,0.012251018121108783,32.68001704303366,2347,43.4468524251806,1938,38.06343473410713,32.68001704303366,1773
Hitter,Jose Serracin,sa3077051,830038,2026,International Rookie,International Rookie,1,1,International Rookie,60.0,18.0,True,False,0.0028562630052334516,0.012251018121108783,32.68001704303366,2347,43.4468524251806,1938,38.06343473410713,32.68001704303366,1773
Hitter,Gerlyn Payano,sa3068661,829911,2026,International Rookie,International Rookie,1,1,International Rookie,62.0,18.0,True,False,0.0028562630052334516,0.012251018121108783,32.68001704303366,2347,43.4468524251806,1938,38.06343473410713,32.68001704303366,1773
Hitter,Luis Sanchez,sa3067759,829829,2026,International Rookie,International Rookie,1,1,International Rookie,93.0,18.0,True,False,0.0028562630052334516,0.012251018121108783,32.68001704303366,2347,43.4468524251806,1938,38.06343473410713,32.68001704303366,1773
Hitter,Eddson Martinez,sa3024140,821647,2026,International Rookie,International Rookie,1,1,International Rookie,60.0,18.0,True,False,0.0028562630052334516,0.012251018121108783,32.68001704303366,2347,43.4468524251806,1938,38.06343473410713,32.68001704303366,1773
Hitter,Jose Zarraga,sa3077313,833201,2026,International Rookie,International Rookie,1,1,International Rookie,76.0,18.0,True,False,0.0028562630052334516,0.012251018121108783,32.68001704303366,2347,43.4468524251806,1938,38.06343473410713,32.68001704303366,1773
Hitter,Stiven De La Cruz,sa3068209,829887,2026,International Rookie,International Rookie,1,1,International Rookie,61.0,18.0,True,False,0.0028562630052334516,0.012251018121108783,32.68001704303366,2347,43.4468524251806,1938,38.06343473410713,32.68001704303366,1773
Hitter,Rodrigo Gonzalez,sa3068399,829745,2026,International Rookie,International Rookie,1,1,International Rookie,67.0,18.0,True,False,0.0028562630052334516,0.012251018121108783,32.68001704303366,2347,43.4468524251806,1938,38.06343473410713,32.68001704303366,1773
Hitter,Luis Luna,sa3068662,830463,2026,International Rookie,International Rookie,1,1,International Rookie,93.0,18.0,True,False,0.0028562630052334516,0.012251018121108783,32.68001704303366,2347,43.4468524251806,1938,38.06343473410713,32.68001704303366,1773
Hitter,Emmanuel Martinez,sa3068230,830415,2026,International Rookie,International Rookie,1,1,International Rookie,80.0,18.0,True,False,0.0028562630052334516,0.012251018121108783,32.68001704303366,2347,43.4468524251806,1938,38.06343473410713,32.68001704303366,1773
Hitter,Johanderson Tarazona,sa3068198,829784,2026,International Rookie,International Rookie,1,1,International Rookie,51.0,18.0,True,False,0.0028562630052334516,0.012251018121108783,32.68001704303366,2347,43.4468524251806,1938,38.06343473410713,32.68001704303366,1773
Hitter,Edgardo Toro,sa3077325,838856,2026,International Rookie,International Rookie,1,1,International Rookie,82.0,18.0,True,False,0.0028562630052334516,0.012251018121108783,32.68001704303366,2347,43.4468524251806,1938,38.06343473410713,32.68001704303366,1773
Hitter,Limanol Payero,sa3067723,829720,2026,International Rookie,International Rookie,1,1,International Rookie,75.0,18.0,True,False,0.0028562630052334516,0.012251018121108783,32.68001704303366,2347,43.4468524251806,1938,38.06343473410713,32.68001704303366,1773
Hitter,Mayobanex Rosa,sa3077700,843069,2026,International Rookie,International Rookie,1,1,International Rookie,50.0,18.0,True,False,0.0028562630052334516,0.012251018121108783,32.68001704303366,2347,43.4468524251806,1938,38.06343473410713,32.68001704303366,1773
Hitter,Lissandro Peralta,sa3077777,843831,2026,International Rookie,International Rookie,1,1,International Rookie,84.0,18.0,True,False,0.0028562630052334516,0.012251018121108783,32.68001704303366,2347,43.4468524251806,1938,38.06343473410713,32.68001704303366,1773
Hitter,Ruben Sanchez,sa3076604,837685,2026,International Rookie,International Rookie,1,1,International Rookie,71.0,18.0,True,False,0.0028562630052334516,0.012251018121108783,32.68001704303366,2347,43.4468524251806,1938,38.06343473410713,32.68001704303366,1773
Hitter,Diego Rondon,sa3067800,829942,2026,International Rookie,International Rookie,1,1,International Rookie,76.0,18.0,True,False,0.0028562630052334516,0.012251018121108783,32.68001704303366,2347,43.4468524251806,1938,38.06343473410713,32.68001704303366,1773
Hitter,David Ortiz Jr.,sa3067707,829127,2026,International Rookie,International Rookie,1,1,International Rookie,86.0,18.0,True,False,0.0028562630052334516,0.012251018121108783,32.68001704303366,2347,43.4468524251806,1938,38.06343473410713,32.68001704303366,1773
Hitter,Oscar Rivas,sa3077316,837042,2026,International Rookie,International Rookie,1,1,International Rookie,79.0,18.0,True,False,0.0028562630052334516,0.012251018121108783,32.68001704303366,2347,43.4468524251806,1938,38.06343473410713,32.68001704303366,1773
Hitter,Angel Roso,sa3068221,829988,2026,International Rookie,International Rookie,1,1,International Rookie,75.0,18.0,True,False,0.0028562630052334516,0.012251018121108783,32.68001704303366,2347,43.4468524251806,1938,38.06343473410713,32.68001704303366,1773
Hitter,Josiel Veras,sa3077707,833264,2026,International Rookie,International Rookie,1,1,International Rookie,53.0,18.0,True,False,0.0028562630052334516,0.012251018121108783,32.68001704303366,2347,43.4468524251806,1938,38.06343473410713,32.68001704303366,1773
Hitter,Carlos Martinez,sa3068216,829931,2026,International Rookie,International Rookie,1,1,International Rookie,93.0,18.0,True,False,0.0028562630052334516,0.012251018121108783,32.68001704303366,2347,43.4468524251806,1938,38.06343473410713,32.68001704303366,1773
Hitter,Eliezer Alfonzo,sa3067757,829821,2026,International Rookie,International Rookie,1,1,International Rookie,81.0,18.0,True,False,0.0028562630052334516,0.012251018121108783,32.68001704303366,2347,43.4468524251806,1938,38.06343473410713,32.68001704303366,1773
Hitter,Omar Guadamuz,sa3067765,829847,2026,International Rookie,International Rookie,1,1,International Rookie,79.0,18.0,True,False,0.0028562630052334516,0.012251018121108783,32.68001704303366,2347,43.4468524251806,1938,38.06343473410713,32.68001704303366,1773
Hitter,Abraham Elvira,sa3068415,832786,2026,International Rookie,International Rookie,1,1,International Rookie,72.0,18.0,True,False,0.0028562630052334516,0.012251018121108783,32.68001704303366,2347,43.4468524251806,1938,38.06343473410713,32.68001704303366,1773
Hitter,Wandi Feliz,sa3067806,829961,2026,International Rookie,International Rookie,1,1,International Rookie,88.0,18.0,True,False,0.0028562630052334516,0.012251018121108783,32.68001704303366,2347,43.4468524251806,1938,38.06343473410713,32.68001704303366,1773
Hitter,Cesar Garcia,sa3067883,833066,2026,International Rookie,International Rookie,1,1,International Rookie,69.0,18.0,True,False,0.0028562630052334516,0.012251018121108783,32.68001704303366,2347,43.4468524251806,1938,38.06343473410713,32.68001704303366,1773
Hitter,Fraimy Santa,sa3067875,831876,2026,International Rookie,International Rookie,1,1,International Rookie,78.0,18.0,True,False,0.0028562630052334516,0.012251018121108796,32.68001704303366,2347,43.4468524251806,1938,38.06343473410713,32.68001704303366,1773
Hitter,Carlos Severino,sa3077049,827423,2026,International Rookie,International Rookie,1,1,International Rookie,83.0,18.0,True,False,0.0028562630052334516,0.012251018121108783,32.68001704303366,2347,43.4468524251806,1938,38.06343473410713,32.68001704303366,1773
Hitter,Elisandro Ramirez,sa3068858,835011,2026,International Rookie,International Rookie,1,1,International Rookie,93.0,18.0,True,False,0.0028562630052334516,0.012251018121108783,32.68001704303366,2347,43.4468524251806,1938,38.06343473410713,32.68001704303366,1773
Hitter,Diego Avila,sa3076710,840599,2026,International Rookie,International Rookie,1,1,International Rookie,95.0,18.0,True,False,0.0028562630052334516,0.012251018121108783,32.68001704303366,2347,43.4468524251806,1938,38.06343473410713,32.68001704303366,1773
Hitter,Hector Paulino,sa3068836,835887,2026,International Rookie,International Rookie,1,1,International Rookie,64.0,18.0,True,False,0.0028562630052334516,0.012251018121108783,32.68001704303366,2347,43.4468524251806,1938,38.06343473410713,32.68001704303366,1773
Hitter,Carlos Salmeron,sa3068189,829738,2026,International Rookie,International Rookie,1,1,International Rookie,75.0,18.0,True,False,0.0028562630052334516,0.012251018121108783,32.68001704303366,2347,43.4468524251806,1938,38.06343473410713,32.68001704303366,1773
Hitter,Yelinson Betances,sa3067770,829861,2026,International Rookie,International Rookie,1,1,International Rookie,82.0,18.0,True,False,0.0028562630052334516,0.012251018121108783,32.68001704303366,2347,43.4468524251806,1938,38.06343473410713,32.68001704303366,1773
Hitter,Luis Almeida,sa3077096,840189,2026,International Rookie,International Rookie,1,1,International Rookie,98.0,18.0,True,False,0.0028562630052334516,0.012251018121108783,32.68001704303366,2347,43.4468524251806,1938,38.06343473410713,32.68001704303366,1773
Hitter,Nicolas Barrios,sa3067746,829770,2026,International Rookie,International Rookie,1,1,International Rookie,58.0,18.0,True,False,0.0028562630052334516,0.012251018121108783,32.68001704303366,2347,43.4468524251806,1938,38.06343473410713,32.68001704303366,1773
Hitter,Luis Aular,sa3068212,829916,2026,International Rookie,International Rookie,1,1,International Rookie,62.0,18.0,True,False,0.0028562630052334516,0.012251018121108783,32.68001704303366,2347,43.4468524251806,1938,38.06343473410713,32.68001704303366,1773
Hitter,Yoiber Ocopio,sa3021159,808060,2026,A+,A+,4,4,International Rookie | Complex | A | A+,59.0,21.0,True,False,0.013581550437792444,0.13493477230696724,40.24743353514083,3799,35.87647593097184,2202,38.06195473305634,35.87647593097184,1831
Hitter,Abrahan Ramirez,sa3018943,800254,2026,A+,A+,4,4,International Rookie | Complex | A | A+,165.0,21.0,True,True,0.013444542929929568,0.13544190929895422,40.3527244011582,3799,35.64940962761126,2202,38.00106701438473,35.64940962761126,1832
Hitter,Esteban Mejia,sa3018527,800354,2026,A+,A+,4,4,International Rookie | Complex | A | A+,157.0,21.0,True,True,0.009862752874594026,0.17474726819864167,47.74940773887865,3799,28.24704813805631,2202,37.99822793846748,28.24704813805631,1833
Hitter,Sandor Feliciano,sa3067779,829884,2026,International Rookie,International Rookie,1,1,International Rookie,181.0,18.0,True,True,0.0035292155881916573,0.008040195389544475,25.010651896037494,2347,50.92879256965944,1938,37.96972223284847,25.010651896037494,1834
Hitter,Colby Shade,sa3023374,694974,2026,AA,A+,5,3,A | A+ | AA,70.0,23.0,True,False,0.023813566415539084,0.3532794135626361,45.382165605095544,3140,30.525030525030527,1638,37.953598065063034,30.525030525030527,1835
Hitter,Angel Guzman,sa3023895,815917,2026,Complex,Complex,2,2,International Rookie | Complex,245.0,19.0,True,True,0.003984939790476024,0.08279606898553317,57.82066747084841,2487,17.90187891440501,1916,37.86127319262671,17.90187891440501,1836
Hitter,Michael Martinez,sa3024654,824765,2026,A,A,3,2,International Rookie | A,140.0,19.0,True,True,0.014381342803285874,0.07129722196718671,35.308703198611454,4033,40.41204437400951,2524,37.86037378631048,35.308703198611454,1837
Hitter,Brett Squires,sa3020714,689531,2026,AAA,AAA,6,4,A | A+ | AA | AAA,385.0,26.0,True,True,0.06288853346380152,0.7304932439577151,40.3349932095971,2209,35.382955771305284,927,37.85897449045119,35.382955771305284,1838
Hitter,George Bilecki,sa3069068,836061,2026,A,A,3,1,A,299.0,22.0,True,True,0.014430322704979737,0.07072750017502714,35.11033969749566,4033,40.57052297939778,2524,37.84043133844672,35.11033969749566,1839
Hitter,Jemone Nuel,sa3024356,821688,2026,Complex,Complex,2,2,International Rookie | Complex,196.0,19.0,True,True,0.003184440738141692,0.09677709188709308,62.40450341777242,2487,13.25678496868476,1916,37.830644193228586,13.25678496868476,1840
Hitter,Cardell Thibodeaux,sa3043664,830964,2026,A,Complex,3,2,Complex | A,74.0,21.0,True,False,0.013503428099694492,0.07701322555801501,37.04438383337466,4033,38.58954041204437,2524,37.81696212270951,37.04438383337466,1841
Hitter,Alan Escobar,sa3067841,830050,2026,Complex,Complex,2,2,International Rookie | Complex,114.0,17.0,True,True,0.002080984795767355,0.12201267853537083,68.51628468033776,2487,6.993736951983299,1916,37.75501081616053,6.993736951983299,1842
Hitter,Josh Owens,sa3069169,831384,2026,Complex,Complex,2,1,Complex,168.0,19.0,True,True,0.007822972356528426,0.04008265662376217,37.35424205870527,2487,38.15240083507307,1916,37.75332144688917,37.35424205870527,1843
Hitter,Miguel Palma,sa3009279,682692,2026,AAA,AA,6,6,International Rookie | Complex | A | A+ | AA | AAA,56.0,23.0,True,False,0.04176024951964811,0.833688854184097,52.55771842462653,2209,22.869471413160735,927,37.713594918893634,22.869471413160735,1844
Hitter,Oscar Pena,sa3077737,837741,2026,International Rookie,International Rookie,1,1,International Rookie,112.0,16.0,True,True,0.0036697124419032474,0.007134574677732562,23.008095440988495,2347,52.37358101135191,1938,37.6908382261702,23.008095440988495,1845
Hitter,Facundo Velasquez,sa3021227,808278,2026,A,A,3,3,International Rookie | Complex | A,73.0,20.0,True,False,0.013990367025766944,0.07222302317026494,35.5566575750062,4033,39.69889064976228,2524,37.627774112384245,35.5566575750062,1846
Hitter,Felix Cotes,sa3022053,800432,2026,A,A,3,3,International Rookie | Complex | A,81.0,20.0,True,False,0.012812923636594111,0.08166481370880946,38.38333746590627,4033,36.84627575277337,2524,37.61480660933982,36.84627575277337,1847
Hitter,Jonathan Valle,sa3076530,825476,2026,International Rookie,International Rookie,1,1,International Rookie,145.0,18.0,True,True,0.002390345000453312,0.015983109498580363,37.750319556881124,2347,37.40970072239422,1938,37.58001013963767,37.40970072239422,1848
Hitter,Nicandro Aybar,sa3018544,800384,2026,A+,A+,4,4,International Rookie | Complex | A | A+,126.0,21.0,True,True,0.01228289438948641,0.14385173035141308,42.19531455646223,3799,32.788374205267935,2202,37.49184438086508,32.788374205267935,1849
Hitter,Durban Arnedo,sa3077620,837784,2026,International Rookie,International Rookie,1,1,International Rookie,127.0,17.0,True,True,0.0024193922326558527,0.015405595715571855,37.06859821048147,2347,37.874097007223945,1938,37.47134760885271,37.06859821048147,1850
Hitter,JT Benson,sa3076097,694842,2026,A,A,3,1,A,133.0,24.0,True,True,0.012361468151307122,0.08295923594697141,38.780064468137866,4033,36.09350237717908,2524,37.43678342265847,36.09350237717908,1851
Hitter,Erick Brito,sa3011753,684081,2026,AAA,AA,6,5,International Rookie | A | A+ | AA | AAA,168.0,23.0,True,True,0.04677618557704704,0.8010462232955334,48.43820733363513,2209,26.429341963322546,927,37.43377464847884,26.429341963322546,1852
Hitter,Spencer Packard,sa3016803,689070,2026,AAA,AAA,6,4,A | A+ | AA | AAA,196.0,28.0,True,True,0.09661324756042161,0.48825756787392144,23.585332729741964,2209,51.24056094929881,927,37.41294683952039,23.585332729741964,1853
Hitter,Mayki De La Rosa,sa3068689,829739,2026,Complex,Complex,2,2,International Rookie | Complex,66.0,18.0,True,False,0.003061233237929158,0.0969153749538651,62.44471250502614,2487,12.31732776617954,1916,37.38102013560284,12.31732776617954,1854
Hitter,Vance Honeycutt,sa3025526,701689,2026,AA,AA,5,2,A+ | AA,76.0,23.0,True,False,0.027638090379057803,0.30320599426869355,40.445859872611464,3140,34.31013431013431,1638,37.37799709137289,34.31013431013431,1855
Hitter,Yonaiker Hernandez,sa3067873,831865,2026,International Rookie,International Rookie,1,1,International Rookie,209.0,18.0,True,True,0.0018903772359759113,0.02001529114299405,43.24669791222838,2347,31.372549019607842,1938,37.30962346591811,31.372549019607842,1856
Hitter,Santiago Mendoza,sa3067888,834712,2026,International Rookie,International Rookie,1,1,International Rookie,137.0,18.0,True,True,0.004495549692903439,0.004358499600057109,15.764806135492117,2347,58.8235294117647,1938,37.29416777362841,15.764806135492117,1857
Hitter,PJ Morlando,sa3025199,703563,2026,A,A,3,1,A,384.0,21.0,True,True,0.012612802191070532,0.0795527224922636,37.73865608727994,4033,36.5689381933439,2524,37.15379714031192,36.5689381933439,1858
Hitter,Casey Yamauchi,sa3022528,671748,2026,AA,AA,5,3,A | A+ | AA,247.0,25.0,True,True,0.024497209779142645,0.3308858897429225,43.21656050955414,3140,31.013431013431013,1638,37.11499576149258,31.013431013431013,1859
Hitter,Romeo Sanabria,sa3019865,703804,2026,AA,AA,5,4,Complex | A | A+ | AA,393.0,24.0,True,True,0.03488820892278217,0.21947433105632333,32.038216560509554,3140,42.124542124542124,1638,37.081379342525835,32.038216560509554,1860
Hitter,Darrien Miller,sa3011330,687152,2026,AAA,AAA,6,5,Complex | A | A+ | AA | AAA,86.0,25.0,True,False,0.04722959790981749,0.7926406994951113,47.397012222725216,2209,26.7529665587918,927,37.07498939075851,26.7529665587918,1861
Hitter,Ronald Hernandez,sa3015738,698933,2026,A+,A+,4,4,International Rookie | Complex | A | A+,454.0,22.0,True,True,0.013289263787144888,0.1294362422280249,39.03658857594104,3799,35.10445049954587,2202,37.07051953774345,35.10445049954587,1862
Hitter,Jared Dickey,sa3022688,801406,2026,AAA,AAA,6,4,A | A+ | AA | AAA,392.0,24.0,True,True,0.06466053830125783,0.6965247045993048,37.347215934812134,2209,36.78532901833873,927,37.066272476575435,36.78532901833873,1863
Hitter,Ariel Roque,sa3075056,836596,2026,International Rookie,International Rookie,1,1,International Rookie,192.0,17.0,True,True,0.0026927920438269155,0.012707279027847735,33.191308052833406,2347,40.91847265221878,1938,37.054890352526094,33.191308052833406,1864
Hitter,Casey Yamauchi,sa3022528,671748,2026,A+,A+,4,2,A | A+,201.0,25.0,True,True,0.016562169793660913,0.10097281892595587,32.64016846538563,3799,41.462306993642144,2202,37.051237729513886,32.64016846538563,1865
Hitter,Will Verdung,sa3022512,815299,2026,AA,AA,5,3,A | A+ | AA,184.0,23.0,True,True,0.0336264211109839,0.23108937566694554,33.05732484076433,3140,41.02564102564103,1638,37.04148293320268,33.05732484076433,1866
Hitter,Pascanel Ferreras,sa3022702,814299,2026,AA,AA,5,3,A | A+ | AA,119.0,24.0,True,True,0.027027229333586436,0.30472806913493283,40.605095541401276,3140,33.45543345543346,1638,37.03026449841737,33.45543345543346,1867
Hitter,Cesar Paredes,sa3067673,827650,2026,International Rookie,International Rookie,1,1,International Rookie,166.0,18.0,True,True,0.0030971988102847076,0.009406110492743308,27.567106945036215,2347,46.49122807017544,1938,37.02916750760583,27.567106945036215,1868
Hitter,Luis Durango,sa3015232,691411,2026,AA,AA,5,4,Complex | A | A+ | AA,70.0,23.0,True,False,0.020399996579263946,0.3849324265379247,47.99363057324841,3140,26.007326007326007,1638,37.000478290287205,26.007326007326007,1869
Hitter,Ricardo Cova,sa3016186,699698,2026,A,A,3,3,International Rookie | Complex | A,354.0,22.0,True,True,0.009977274920161622,0.10301193892638404,45.6979915695512,4033,28.288431061806655,2524,36.99321131567893,28.288431061806655,1870
Hitter,Noah Miller,sa3017512,695653,2026,AAA,AAA,6,5,Complex | A | A+ | AA | AAA,551.0,23.0,True,True,0.037406879532161444,0.8440920801800825,54.23268447261204,2209,19.741100323624597,927,36.98689239811832,19.741100323624597,1871
Hitter,Nelly Taylor,sa3023426,807511,2026,AA,AA,5,3,A | A+ | AA,380.0,23.0,True,True,0.03112148773308238,0.25529092358874683,35.382165605095544,3140,38.58363858363858,1638,36.98290209436706,35.382165605095544,1872
Hitter,Jonny McGill,sa3075761,692169,2026,A,A,3,1,A,291.0,24.0,True,True,0.014217934977353427,0.0679753618707893,33.82097694024299,4033,40.134706814580035,2524,36.977841877411514,33.82097694024299,1873
Hitter,Derek Cerda,sa3066029,832213,2026,A+,A+,4,2,A | A+,108.0,23.0,True,True,0.01296500652656473,0.1332480599670105,39.87891550408002,3799,34.059945504087196,2202,36.969430504083604,34.059945504087196,1874
Hitter,Jose Dickson,sa3023907,820988,2026,Complex,Complex,2,2,International Rookie | Complex,52.0,19.0,True,False,0.0036328086899131925,0.08346479543134126,57.90108564535585,2487,16.022964509394573,1916,36.96202507737521,16.022964509394573,1875
Hitter,Juan Rujano,sa3067752,829794,2026,Complex,Complex,2,2,International Rookie | Complex,77.0,18.0,True,False,0.0032915105734066066,0.08887046896732169,59.79091274628066,2487,14.039665970772443,1916,36.91528935852655,14.039665970772443,1876
Hitter,Logan Poteet,sa3040124,804751,2026,A+,A+,4,2,A | A+,152.0,22.0,True,True,0.017674525433036947,0.09277864696562071,30.586996578046854,3799,43.23342415985468,2202,36.910210368950764,30.586996578046854,1877
Hitter,Eric Genther,sa3069079,823759,2026,A+,A+,4,2,A | A+,490.0,24.0,True,True,0.019589308031165,0.0846123390851322,27.586206896551722,3799,46.18528610354223,2202,36.88574650004698,27.586206896551722,1878
Hitter,Aaron Sabato,sa3014494,693306,2026,AAA,AAA,6,4,A | A+ | AA | AAA,442.0,27.0,True,True,0.07871895030829876,0.6069758415152158,30.647351742870075,2209,43.042071197411005,927,36.84471147014054,30.647351742870075,1879
Hitter,Carter Cunningham,sa3025170,701860,2026,A+,A+,4,2,A | A+,223.0,25.0,True,True,0.020202953796107315,0.08211893461719165,26.717557251908396,3799,46.82107175295186,2202,36.76931450243013,26.717557251908396,1880
Hitter,Anibal Beltre,sa3076618,837733,2026,International Rookie,International Rookie,1,1,International Rookie,183.0,17.0,True,True,0.0024297591359843996,0.014226899548467686,35.27907967618236,2347,38.18369453044376,1938,36.73138710331306,35.27907967618236,1881
Hitter,Robert Phelps,sa3069052,804859,2026,A+,A+,4,2,A | A+,111.0,22.0,True,True,0.017641379150034327,0.09157556020682717,30.350092129507765,3799,43.09718437783833,2202,36.723638253673045,30.350092129507765,1882
Hitter,Garret Forrester,sa3022822,807720,2026,AAA,AAA,6,4,A | A+ | AA | AAA,103.0,24.0,True,True,0.09721627673711662,0.45545178720886303,21.95563603440471,2209,51.45631067961165,927,36.705973357008176,21.95563603440471,1883
Hitter,Oswaldo Linares,sa3015593,692021,2026,AA,A+,5,5,International Rookie | Complex | A | A+ | AA,52.0,22.0,True,False,0.010321511124495412,0.5543489335824003,62.51592356687898,3140,10.866910866910867,1638,36.691417216894926,10.866910866910867,1884
Hitter,Leandro Cedeno,sa873307,660681,2026,AAA,AA,6,5,International Rookie | A | A+ | AA | AAA,58.0,23.0,True,False,0.0467103288436339,0.7912219291121194,47.12539610683567,2209,26.21359223300971,927,36.66949416992269,26.21359223300971,1885
Hitter,Luis Almeyda,sa3021081,806981,2026,A,A,3,3,International Rookie | Complex | A,90.0,20.0,True,False,0.012598653970868436,0.07609044896809787,36.69724770642202,4033,36.52931854199683,2524,36.613283124209424,36.52931854199683,1886
Hitter,Sir Jamison Jones,sa3067322,806550,2026,A,A,3,2,Complex | A,266.0,20.0,True,True,0.012995291808115044,0.07311578355029616,35.80461195140094,4033,37.32171156893819,2524,36.563161760169564,35.80461195140094,1887
Hitter,Junior Tilien,sa3015187,691708,2026,A+,A,4,3,Complex | A | A+,440.0,21.0,True,True,0.01229710386092408,0.13482693022590164,40.24743353514083,3799,32.833787465940055,2202,36.54061050054044,32.833787465940055,1888
Hitter,Elis Cuevas,sa3019509,800433,2026,A+,A+,4,4,International Rookie | Complex | A | A+,218.0,21.0,True,True,0.00871702925564205,0.17199087726771312,47.38088970781784,3799,25.567665758401454,2202,36.474277733109645,25.567665758401454,1889
Hitter,Ryan Rudas,sa3076550,833226,2026,International Rookie,International Rookie,1,1,International Rookie,111.0,17.0,True,True,0.001971510461995216,0.017894026652912606,40.17895185342991,2347,32.45614035087719,1938,36.31754610215355,32.45614035087719,1890
Hitter,Jesus Galiz,sa3015700,694188,2026,A+,A+,4,4,International Rookie | Complex | A | A+,68.0,22.0,True,False,0.012359428275106525,0.13260672967198467,39.66833377204527,3799,32.92461398728429,2202,36.29647387966478,32.92461398728429,1891
Hitter,Guillermo Rosario,sa3021586,806518,2026,A,Complex,3,3,International Rookie | Complex | A,96.0,20.0,True,False,0.013912810543409294,0.06592367825191638,32.95313662286139,4033,39.461172741679874,2524,36.207154682270634,32.95313662286139,1892
Hitter,Cooper Kinney,sa3017793,695692,2026,AAA,AAA,6,4,A | A+ | AA | AAA,199.0,23.0,True,True,0.07328374732581262,0.6279274681035433,32.05070167496605,2209,40.34519956850054,927,36.1979506217333,32.05070167496605,1893
Hitter,Cort MacDonald,sa3036781,822679,2026,A,A,3,1,A,84.0,22.0,True,False,0.014265929292954938,0.0643915476670139,32.13488718075874,4033,40.1743264659271,2524,36.15460682334292,32.13488718075874,1894
Hitter,Caleb Johnson,sa3034718,835868,2026,A,A,3,1,A,96.0,22.0,True,False,0.014265929292954938,0.0643915476670139,32.13488718075874,4033,40.1743264659271,2524,36.15460682334292,32.13488718075874,1894
Hitter,Nu'u Contrades,sa3029287,805225,2026,A,A,3,1,A,98.0,22.0,True,False,0.014265929292954938,0.0643915476670139,32.13488718075874,4033,40.1743264659271,2524,36.15460682334292,32.13488718075874,1894
Hitter,Manolfi Jimenez,sa3018492,800272,2026,A,Complex,3,3,International Rookie | Complex | A,94.0,20.0,True,False,0.011641063770470469,0.08108093938194198,38.160178527151004,4033,34.0729001584786,2524,36.116539342814804,34.0729001584786,1897
Hitter,Jeral Perez,sa3018557,800419,2026,AA,AA,5,5,International Rookie | Complex | A | A+ | AA,248.0,21.0,True,True,0.021678235397981277,0.3397217779284174,43.88535031847134,3140,27.96092796092796,1638,35.92313913969965,27.96092796092796,1898
Hitter,Juan Sierra,sa3021146,808027,2026,A,A,3,3,International Rookie | Complex | A,266.0,20.0,True,True,0.01234631331729239,0.07286387491654038,35.73022563848252,4033,36.05388272583201,2524,35.89205418215727,35.73022563848252,1899
Hitter,Deward Tovar,sa3021237,808297,2026,A,A,3,3,International Rookie | Complex | A,430.0,20.0,True,True,0.012669331433950312,0.070659554934921,35.085544259856185,4033,36.687797147385105,2524,35.886670703620645,35.085544259856185,1900
Hitter,J.D. Gonzalez,sa3023546,806083,2026,A,A,3,1,A,229.0,20.0,True,True,0.009446402693385873,0.10066521260822738,45.078105628564344,4033,26.624405705229794,2524,35.85125566689707,26.624405705229794,1901
Hitter,Alex Lodise,sa3036445,822676,2026,A+,A,4,2,A | A+,109.0,21.0,True,True,0.012416468891549582,0.12751031689915554,38.615425111871545,3799,33.01544050862852,2202,35.81543281025003,33.01544050862852,1902
Hitter,Ethan O'Donnell,sa3022616,807751,2026,AA,AA,5,3,A | A+ | AA,169.0,24.0,True,True,0.027361132859046657,0.27330089289772347,37.547770700636946,3140,34.004884004884005,1638,35.776327352760475,34.004884004884005,1903
Hitter,Chris Meyers,sa3016956,680273,2026,AA,AA,5,3,A | A+ | AA,285.0,27.0,True,True,0.040528744199836715,0.16203791746495147,24.29936305732484,3140,47.252747252747255,1638,35.77605515503605,24.29936305732484,1904
Hitter,Yassel Pena,sa3067661,826523,2026,International Rookie,International Rookie,1,1,International Rookie,144.0,18.0,True,True,0.00290793893978607,0.009308680173752842,27.35406902428632,2347,44.11764705882353,1938,35.73585804155493,27.35406902428632,1905
Hitter,Cristian Jauregui,sa3021231,808286,2026,A,A,3,3,International Rookie | Complex | A,324.0,20.0,True,True,0.008276188006833043,0.11104653050702291,48.227126208777584,4033,23.217115689381934,2524,35.72212094907976,23.217115689381934,1906
Hitter,Fredderick Ovalle,sa3067718,829704,2026,Complex,Complex,2,2,International Rookie | Complex,70.0,19.0,True,False,0.005427034533149115,0.05505073490160933,45.39605950944914,2487,26.04384133611691,1916,35.71995042278302,26.04384133611691,1907
Hitter,Cole Gabrielson,sa3022811,702068,2026,AA,AA,5,3,A | A+ | AA,126.0,25.0,True,True,0.025274267274800196,0.2946074441650157,39.49044585987261,3140,31.92918192918193,1638,35.70981389452727,31.92918192918193,1908
Hitter,Brandon Nigh,sa3077691,801853,2026,A+,A+,4,2,A | A+,63.0,22.0,True,False,0.01484195803466785,0.10490083622675747,33.29823637799421,3799,38.101725703905544,2202,35.69998104094988,33.29823637799421,1909
Hitter,Juan Macero,sa3067865,830471,2026,International Rookie,International Rookie,1,1,International Rookie,154.0,18.0,True,True,0.00230374710259893,0.01380063958459346,34.8103962505326,2347,36.58410732714138,1938,35.697251788836994,34.8103962505326,1910
Hitter,Danny Serretti,sa3019967,681400,2026,AA,AA,5,2,A+ | AA,294.0,26.0,True,True,0.032120410363937486,0.21502366105238388,31.496815286624205,3140,39.804639804639805,1638,35.65072754563201,31.496815286624205,1911
Hitter,Romeli Espinosa,sa3067704,829089,2026,Complex,Complex,2,2,International Rookie | Complex,234.0,18.0,True,True,0.0031899145977679483,0.0833963442268746,57.90108564535585,2487,13.308977035490605,1916,35.605031340423224,13.308977035490605,1912
Hitter,Kevin Parada,sa3020575,691006,2026,AAA,AA,6,3,A+ | AA | AAA,64.0,23.0,True,False,0.06754863688984243,0.632106284178428,32.32231779085559,2209,38.61920172599784,927,35.470759758426716,32.32231779085559,1913
Hitter,Hayden Jatczak,sa3076029,833426,2026,A+,A+,4,2,A | A+,154.0,24.0,True,True,0.015107500064007526,0.09967422426708715,32.376941300342196,3799,38.46503178928247,2202,35.42098654481234,32.376941300342196,1914
Hitter,Luis Palencia,sa3077058,837233,2026,International Rookie,International Rookie,1,1,International Rookie,124.0,18.0,True,True,0.002131391015857978,0.014942565707059551,36.34426927993183,2347,34.36532507739938,1938,35.354797178665606,34.36532507739938,1915
Hitter,Carter Dorighi,sa3025120,826163,2026,A+,A+,4,2,A | A+,390.0,23.0,True,True,0.013081118086437032,0.11549808657376356,35.98315346143722,3799,34.69573115349682,2202,35.339442307467024,34.69573115349682,1916
Hitter,Leonardo Reynoso,sa3076568,836623,2026,International Rookie,International Rookie,1,1,International Rookie,109.0,17.0,True,True,0.0031770292995095357,0.007269229977451294,23.178525777588412,2347,47.42002063983488,1938,35.29927320871165,23.178525777588412,1917
Hitter,Cesar Lugo,sa3024319,821113,2026,Complex,Complex,2,2,International Rookie | Complex,198.0,19.0,True,True,0.003437736678375798,0.07592383410163245,55.52874949738641,2487,14.87473903966597,1916,35.20174426852619,14.87473903966597,1918
Hitter,Alejandro Nunez,sa3018977,805168,2026,AA,AA,5,5,International Rookie | Complex | A | A+ | AA,129.0,21.0,True,True,0.012588132751322383,0.47022049689320194,55.445859872611464,3140,14.957264957264957,1638,35.20156241493821,14.957264957264957,1919
Hitter,Hedbert Perez,sa3014692,691616,2026,AA,AA,5,4,Complex | A | A+ | AA,175.0,23.0,True,True,0.025795131430135787,0.27864901887290494,37.89808917197452,3140,32.356532356532355,1638,35.12731076425344,32.356532356532355,1920
Hitter,Euribiel Angeles,sa3008877,683494,2026,AAA,AA,6,5,International Rookie | A | A+ | AA | AAA,165.0,23.0,True,True,0.05529322364230651,0.7028275893747754,37.89044816659122,2209,32.362459546925564,927,35.12645385675839,32.362459546925564,1921
Hitter,Dallas Macias,sa3036796,702582,2026,A+,A+,4,2,A | A+,113.0,22.0,True,True,0.014777136545345933,0.09874587540980066,32.113714135298764,3799,38.05631244323342,2202,35.085013289266094,32.113714135298764,1922
Hitter,Nelson Prieto,sa3076539,827413,2026,International Rookie,International Rookie,1,1,International Rookie,168.0,18.0,True,True,0.0020009476716676576,0.015533113440533168,37.1964209629314,2347,32.972136222910216,1938,35.08427859292081,32.972136222910216,1923
Hitter,German Ramirez,sa3021092,806993,2026,A,A,3,3,International Rookie | Complex | A,373.0,19.0,True,True,0.007834234934086286,0.11270230548719726,48.5990577733697,4033,21.473851030110936,2524,35.036454401740315,21.473851030110936,1924
Hitter,Kenni Gomez,sa3018430,703198,2026,A+,A,4,4,International Rookie | Complex | A | A+,365.0,20.0,True,True,0.006350726204168455,0.1934401458977374,50.72387470386944,3799,19.30063578564941,2202,35.01225524475942,19.30063578564941,1925
Hitter,Athanael Duarte,sa3019630,805744,2026,A,A,3,3,International Rookie | Complex | A,64.0,21.0,True,False,0.013153361091474917,0.06476445442990277,32.234068931316635,4033,37.717908082408876,2524,34.975988506862755,32.234068931316635,1926
Hitter,Cutter Coffey,sa3020280,702690,2026,AA,AA,5,3,A | A+ | AA,369.0,22.0,True,True,0.03040972763572477,0.21883276169087104,31.97452229299363,3140,37.72893772893773,1638,34.85173001096568,31.97452229299363,1927
Hitter,Juan Rojas,sa3067771,829863,2026,Complex,Complex,2,2,International Rookie | Complex,162.0,18.0,True,True,0.003104630514283682,0.07934619498687302,56.73502211499799,2487,12.943632567849686,1916,34.83932734142384,12.943632567849686,1928
Hitter,Juan Ortega,sa3021239,808302,2026,A,A,3,3,International Rookie | Complex | A,208.0,20.0,True,True,0.008320401389554604,0.10415563373849461,46.09471857178279,4033,23.573692551505548,2524,34.83420556164417,23.573692551505548,1929
Hitter,Ivan Melendez,sa3019859,699471,2026,AAA,AAA,6,4,A | A+ | AA | AAA,50.0,26.0,True,False,0.06236227352494376,0.6604146805089419,34.35943866002716,2209,35.275080906148865,927,34.81725978308801,34.35943866002716,1930
Hitter,Pedro Catuy,sa3021061,806869,2026,A,A,3,3,International Rookie | Complex | A,289.0,20.0,True,True,0.008757759345705243,0.09978276273193719,44.65658318869328,4033,24.960380348652933,2524,34.808481768673104,24.960380348652933,1931
Hitter,Zach Humphreys,sa3016853,668876,2026,AAA,AAA,6,2,AA | AAA,147.0,28.0,True,True,0.0884388276426518,0.4487206181973889,21.593481213218652,2209,47.896440129449836,927,34.74496067133424,21.593481213218652,1932
Hitter,Jose Colmenares,sa3009309,683569,2026,A+,A+,4,3,Complex | A | A+,154.0,24.0,True,True,0.018139961230638924,0.07796725013920414,25.559357725717295,3799,43.869209809264305,2202,34.7142837674908,25.559357725717295,1933
Hitter,Yeiker Reyes,sa3021126,807975,2026,A,A,3,3,International Rookie | Complex | A,133.0,20.0,True,True,0.01002537308513652,0.08876525640153315,40.9620629804116,4033,28.44690966719493,2524,34.704486323803266,28.44690966719493,1934
Hitter,Ethan Wagner,sa3066860,825334,2026,Complex,Complex,2,1,Complex,65.0,20.0,True,False,0.00595504740278997,0.0457607664171307,40.24929634097306,2487,28.914405010438415,1916,34.58185067570574,28.914405010438415,1935
Hitter,Eyeksson Rojas,sa3023872,811325,2026,Complex,Complex,2,1,Complex,78.0,20.0,True,False,0.00595504740278997,0.04576076641713067,40.24929634097306,2487,28.914405010438415,1916,34.58185067570574,28.914405010438415,1935
Hitter,Javier Herrera,sa3021203,808223,2026,A,A,3,3,International Rookie | Complex | A,276.0,21.0,True,True,0.00924302051088994,0.09473084792831278,43.11926605504587,4033,26.03011093502377,2524,34.57468849503482,26.03011093502377,1937
Hitter,Misael Rodriguez,sa3077319,837697,2026,International Rookie,International Rookie,1,1,International Rookie,108.0,17.0,True,True,0.0009809239191866767,0.028273398126543413,51.12910097997444,2347,17.905056759545925,1938,34.517078869760184,17.905056759545925,1938
Hitter,Dalton McIntyre,sa3037634,827637,2026,A+,A+,4,3,Complex | A | A+,64.0,22.0,True,False,0.011381044574694339,0.12164283858930676,37.37825743616741,3799,31.607629427792915,2202,34.492943431980166,31.607629427792915,1939
Hitter,Tyson Lewis,sa3066822,815653,2026,A+,A+,4,3,Complex | A | A+,227.0,20.0,True,True,0.0044318207339857675,0.22404818161297105,55.172413793103445,3799,13.760217983651225,2202,34.46631588837734,13.760217983651225,1940
Hitter,Carlos Caro,sa3021325,814261,2026,A+,A+,4,4,International Rookie | Complex | A | A+,216.0,21.0,True,True,0.008393114538383777,0.1513636716482259,43.616741247696766,3799,25.158946412352407,2202,34.387843830024586,25.158946412352407,1941
Hitter,Bladimir Figueredo,sa3068238,832209,2026,International Rookie,International Rookie,1,1,International Rookie,196.0,18.0,True,True,0.002658235187338022,0.009743329724612556,28.206220707285897,2347,40.55727554179567,1938,34.381748124540785,28.206220707285897,1942
Hitter,Howard Reyes,sa3067837,830042,2026,International Rookie,International Rookie,1,1,International Rookie,123.0,18.0,True,True,0.0036136304521696143,0.004767910092966374,16.829995739241586,2347,51.857585139318886,1938,34.343790439280234,16.829995739241586,1943
Hitter,Theo Hardy,sa3025187,815152,2026,AA,AA,5,2,A+ | AA,80.0,24.0,True,False,0.030140357312086637,0.2137595467695937,31.369426751592357,3140,37.24053724053724,1638,34.3049819960648,31.369426751592357,1944
Hitter,Bryce Martin-Grudzielanek,sa3037136,701727,2026,A,A,3,1,A,404.0,23.0,True,True,0.010695153042446136,0.07871195002105798,37.54029258616415,4033,31.061806656101425,2524,34.30104962113279,31.061806656101425,1945
Hitter,Tre Phelps,sa3039858,804569,2026,A,A,3,1,A,74.0,22.0,True,False,0.013479582514244288,0.05951747941737279,30.002479543763947,4033,38.58954041204437,2524,34.29600997790416,30.002479543763947,1946
Hitter,Ryan Franden,sa3077913,812469,2026,A,A,3,1,A,68.0,22.0,True,False,0.013479582514244288,0.05951747941737279,30.002479543763947,4033,38.58954041204437,2524,34.29600997790416,30.002479543763947,1946
Hitter,Matt Quintanar,sa3071065,825578,2026,A,A,3,1,A,53.0,22.0,True,False,0.013479582514244288,0.05951747941737279,30.002479543763947,4033,38.58954041204437,2524,34.29600997790416,30.002479543763947,1946
Hitter,Jake Ogden,sa3078037,804826,2026,A,A,3,1,A,52.0,22.0,True,False,0.013479582514244288,0.05951747941737279,30.002479543763947,4033,38.58954041204437,2524,34.29600997790416,30.002479543763947,1946
Hitter,Cade Climie,sa3077963,702691,2026,A,A,3,1,A,80.0,22.0,True,False,0.013479582514244288,0.05951747941737279,30.002479543763947,4033,38.58954041204437,2524,34.29600997790416,30.002479543763947,1946
Hitter,Dylan Carey,sa3077914,822406,2026,A,A,3,1,A,75.0,22.0,True,False,0.013479582514244288,0.05951747941737279,30.002479543763947,4033,38.58954041204437,2524,34.29600997790416,30.002479543763947,1946
Hitter,Jayden Lobliner,sa3036429,813488,2026,A,A,3,1,A,54.0,22.0,True,False,0.013479582514244288,0.05951747941737279,30.002479543763947,4033,38.58954041204437,2524,34.29600997790416,30.002479543763947,1946
Hitter,Tyce Armstrong,sa3026212,801489,2026,A,A,3,1,A,86.0,22.0,True,False,0.013479582514244288,0.05951747941737279,30.002479543763947,4033,38.58954041204437,2524,34.29600997790416,30.002479543763947,1946
Hitter,Jack Hopko,sa3077968,844295,2026,A,A,3,1,A,76.0,22.0,True,False,0.013479582514244288,0.05951747941737279,30.002479543763947,4033,38.58954041204437,2524,34.29600997790416,30.002479543763947,1946
Hitter,Euribiel Angeles,sa3008877,683494,2026,AAA,AAA,6,5,International Rookie | A | A+ | AA | AAA,85.0,24.0,True,False,0.04968839411197373,0.7294505107922482,40.28972385694885,2209,28.26321467098166,927,34.276469263965254,28.26321467098166,1955
Hitter,Fabian Gonzalez,sa3069007,835648,2026,International Rookie,International Rookie,1,1,International Rookie,156.0,18.0,True,True,0.0026919933540301587,0.009374980023400226,27.567106945036215,2347,40.91847265221878,1938,34.2427897986275,27.567106945036215,1956
Hitter,Jack Pineda,sa3020762,801442,2026,AAA,AAA,6,3,A+ | AA | AAA,92.0,26.0,True,False,0.04562515788008793,0.7539916510618699,42.73426889995473,2209,25.674217907227614,927,34.20424340359117,25.674217907227614,1957
Hitter,Zach Levenson,sa3022435,804241,2026,AA,AA,5,3,A | A+ | AA,343.0,24.0,True,True,0.03843269262629074,0.1483893267890285,22.70700636942675,3140,45.66544566544567,1638,34.18622601743621,22.70700636942675,1958
Hitter,Luke Cantwell,sa3028378,822877,2026,A+,A+,4,2,A | A+,158.0,23.0,True,True,0.019240793479437954,0.06905084694526861,22.95340879178731,3799,45.41326067211626,2202,34.18333473195179,22.95340879178731,1959
Hitter,Jack Moss,sa3022598,694380,2026,A+,A+,4,2,A | A+,341.0,24.0,True,True,0.014622508565767356,0.0920995898503837,30.402737562516453,3799,37.92007266121708,2202,34.16140511186676,30.402737562516453,1960
Hitter,Jeury Ramirez,sa3067778,829875,2026,Complex,Complex,2,2,International Rookie | Complex,146.0,18.0,True,True,0.00202401317455872,0.09366981355418803,61.47969441093687,2487,6.837160751565762,1916,34.15842758125132,6.837160751565762,1961
Hitter,Poncho Ruiz,sa3022752,695000,2026,AA,AA,5,3,A | A+ | AA,93.0,24.0,True,False,0.028119727646031437,0.23453295492555698,33.439490445859875,3140,34.85958485958486,1638,34.149537652722366,33.439490445859875,1962
Hitter,Jheremy Vargas,sa3015353,691621,2026,AA,AA,5,4,Complex | A | A+ | AA,168.0,23.0,True,True,0.029243347251496604,0.22204648225473886,32.13375796178344,3140,36.08058608058608,1638,34.10717202118476,32.13375796178344,1963
Hitter,Cameron Decker,sa3020223,806306,2026,A+,A+,4,3,Complex | A | A+,181.0,22.0,True,True,0.011001069394168936,0.11978476443037636,36.90444853908923,3799,31.15349682107175,2202,34.02897268008049,31.15349682107175,1964
Hitter,Luis Tovar,sa3068988,830434,2026,International Rookie,International Rookie,1,1,International Rookie,162.0,18.0,True,True,0.002795653026065258,0.008071668751479695,25.053259480187474,2347,42.87925696594427,1938,33.96625822306587,25.053259480187474,1965
Hitter,Jonathan Rangel,sa3024126,821158,2026,Complex,Complex,2,2,International Rookie | Complex,156.0,19.0,True,True,0.002980275873837812,0.07730165028243913,55.9308403699236,2487,11.63883089770355,1916,33.78483563381357,11.63883089770355,1966
Hitter,Dexters Peralta,sa3023745,820996,2026,Complex,Complex,2,2,International Rookie | Complex,227.0,18.0,True,True,0.0023802905877591423,0.08805036189650717,59.4692400482509,2487,8.089770354906054,1916,33.77950520157848,8.089770354906054,1967
Hitter,Daniel Guilarte,sa3018388,694206,2026,AA,AA,5,4,Complex | A | A+ | AA,57.0,22.0,True,False,0.013532162029642289,0.42064639879148036,51.52866242038217,3140,15.995115995115995,1638,33.76188920774908,15.995115995115995,1968
Hitter,Jase Mitchell,sa3069286,834234,2026,Complex,Complex,2,1,Complex,160.0,19.0,True,True,0.0033967646554545565,0.07000218372997126,52.874949738640936,2487,14.613778705636744,1916,33.74436422213884,14.613778705636744,1969
Hitter,Eddie Rynders,sa3066663,815535,2026,A,A,3,2,Complex | A,220.0,20.0,True,True,0.007439820865052728,0.10688158131480065,46.93776345152492,4033,20.5229793977813,2524,33.730371424653114,20.5229793977813,1970
Hitter,Wanderly De La Cruz,sa3068403,829841,2026,International Rookie,International Rookie,1,1,International Rookie,204.0,18.0,True,True,0.0027106907646198496,0.008666537932362663,26.11844908393694,2347,41.3312693498452,1938,33.72485921689107,26.11844908393694,1971
Hitter,Nate Nankil,sa3022532,694977,2026,AA,AA,5,4,Complex | A | A+ | AA,102.0,23.0,True,True,0.01707866801043974,0.359398661886574,46.01910828025478,3140,21.428571428571427,1638,33.7238398544131,21.428571428571427,1972
Hitter,Kadil Rubio,sa3067768,829855,2026,International Rookie,International Rookie,1,1,International Rookie,117.0,18.0,True,True,0.0014222754193784688,0.019363168193275954,42.30933106092885,2347,25.128998968008254,1938,33.71916501446855,25.128998968008254,1973
Hitter,Jose Ramos,sa3016541,692374,2026,A+,A+,4,4,International Rookie | Complex | A | A+,126.0,23.0,True,True,0.012080385225855483,0.110595627649611,34.77230850223743,3799,32.51589464123524,2202,33.644101571736336,32.51589464123524,1974
Hitter,Alam Bruno,sa3067738,829754,2026,International Rookie,International Rookie,1,1,International Rookie,149.0,18.0,True,True,0.002534284186613446,0.009521887418531738,27.78014486578611,2347,39.422084623323016,1938,33.601114744554565,27.78014486578611,1975
Hitter,Andy Lugo,sa3018400,702889,2026,A+,A+,4,3,International Rookie | A | A+,232.0,22.0,True,True,0.012018993770225889,0.11026549773944802,34.66701763622006,3799,32.51589464123524,2202,33.59145613872765,32.51589464123524,1976
Hitter,Bobby Boser,sa3027420,804119,2026,A+,A+,4,2,A | A+,150.0,23.0,True,True,0.01413130821862032,0.09197697429385839,30.402737562516453,3799,36.73932788374205,2202,33.57103272312925,30.402737562516453,1977
Hitter,Diover De Aza,sa3023715,815022,2026,Complex,Complex,2,2,International Rookie | Complex,99.0,18.0,True,False,0.001984350817340081,0.09058228202946607,60.353839967832734,2487,6.732776617954071,1916,33.5433082928934,6.732776617954071,1978
Hitter,Taylor Young,sa3019907,805891,2026,AA,AA,5,3,A | A+ | AA,237.0,27.0,True,True,0.02838196126685598,0.21908279960033755,32.00636942675159,3140,35.042735042735046,1638,33.52455223474332,32.00636942675159,1979
Hitter,Christofer Reyes,sa3023909,820991,2026,Complex,Complex,2,2,International Rookie | Complex,77.0,18.0,True,False,0.0031622176365277573,0.0722881279555857,53.75954965822276,2487,13.152400835073069,1916,33.45597524664792,13.152400835073069,1980
Hitter,Mason Neville,sa3038799,702563,2026,A,Complex,3,2,Complex | A,90.0,21.0,True,False,0.011838958768415645,0.06435224740671301,32.13488718075874,4033,34.7068145800317,2524,33.42085088039522,32.13488718075874,1981
Hitter,Adbiel Feliz,sa3023897,815925,2026,Complex,Complex,2,2,International Rookie | Complex,61.0,19.0,True,False,0.004108865249490766,0.060595455355005774,48.09006835544833,2487,18.684759916492695,1916,33.387414135970516,18.684759916492695,1982
Hitter,Branny De Oleo,sa3021160,808067,2026,A,A,3,3,International Rookie | Complex | A,334.0,21.0,True,True,0.011564466833402662,0.06626452972954124,33.05231837341929,4033,33.63708399366086,2524,33.344701183540074,33.05231837341929,1983
Hitter,Anthony Santa Cruz de Oviedo,sa3067781,829888,2026,Complex,Complex,2,2,International Rookie | Complex,216.0,19.0,True,True,0.003872307343809128,0.06350773331020822,49.45717732207479,2487,17.171189979123174,1916,33.314183650598984,17.171189979123174,1984
Hitter,Azaeel Pacheco,sa3024353,821668,2026,International Rookie,International Rookie,1,1,International Rookie,179.0,19.0,True,True,0.003666275234212655,0.003795566747049133,14.230933106092884,2347,52.37358101135191,1938,33.3022570587224,14.230933106092884,1985
Hitter,Nate Nankil,sa3022532,694977,2026,AA,A+,5,4,Complex | A | A+ | AA,166.0,22.0,True,True,0.015025872027779014,0.3905065957969618,48.503184713375795,3140,18.00976800976801,1638,33.2564763615719,18.00976800976801,1986
Hitter,Nick Cimillo,sa3020129,701177,2026,AAA,AAA,6,4,A | A+ | AA | AAA,347.0,26.0,True,True,0.08828596163072246,0.3923780693786659,18.60570393843368,2209,47.896440129449836,927,33.25107203394176,18.60570393843368,1987
Hitter,Gage Harrelson,sa3033254,702629,2026,A+,A+,4,1,A+,229.0,22.0,True,True,0.011277829359484832,0.11119889855599155,34.93024480126349,3799,31.5622161671208,2202,33.24623048419215,31.5622161671208,1988
Hitter,Randal Diaz,sa3030270,695538,2026,A+,A+,4,2,A | A+,372.0,23.0,True,True,0.011182054667558824,0.1118166467144332,35.06185838378521,3799,31.425976385104452,2202,33.24391738444483,31.425976385104452,1989
Hitter,Johan Gomez,sa3076575,837330,2026,International Rookie,International Rookie,1,1,International Rookie,133.0,18.0,True,True,0.0018380852860160237,0.014487309352831056,35.61994034938219,2347,30.856553147574818,1938,33.2382467484785,30.856553147574818,1990
Hitter,Pedro Dalmagro,sa3021601,808116,2026,A,A,3,3,International Rookie | Complex | A,79.0,20.0,True,False,0.012737401828650982,0.059020865772062434,29.754525167369206,4033,36.687797147385105,2524,33.22116115737715,29.754525167369206,1991
Hitter,Ronald Ramirez,sa3024368,821790,2026,Complex,Complex,2,2,International Rookie | Complex,105.0,19.0,True,True,0.0021887453517864435,0.08683978346959927,58.94652191395255,2487,7.463465553235908,1916,33.20499373359423,7.463465553235908,1992
Hitter,Nelson Quiroz,sa3009565,685716,2026,AA,AA,5,5,International Rookie | Complex | A | A+ | AA,57.0,24.0,True,False,0.019582955544269844,0.3140596079879739,41.43312101910828,3140,24.96947496947497,1638,33.20129799429162,24.96947496947497,1993
Hitter,Jordan Sanchez,sa3024112,820847,2026,A,A,3,3,International Rookie | Complex | A,285.0,20.0,True,True,0.011081256269257562,0.06860003154960215,33.944954128440365,4033,32.329635499207605,2524,33.137294813823985,32.329635499207605,1994
Hitter,Kaden Carpenter,sa3028471,805890,2026,A,A,3,1,A,135.0,23.0,True,True,0.013473907633140436,0.05377622538440326,27.572526655095462,4033,38.58954041204437,2524,33.081033533569915,27.572526655095462,1995
Hitter,Brenden Dixon,sa3017397,686981,2026,AA,AA,5,3,A | A+ | AA,97.0,25.0,True,False,0.03488289776171221,0.15959579622091633,23.980891719745223,3140,42.124542124542124,1638,33.052716922143674,23.980891719745223,1996
Hitter,Jake Cook,sa3029303,834404,2026,A,A,3,1,A,328.0,22.0,True,True,0.008995457619595592,0.08796438691547491,40.66451772873791,4033,25.435816164817748,2524,33.05016694677783,25.435816164817748,1997
Hitter,Yoxander Benitez,sa3024383,823853,2026,International Rookie,International Rookie,1,1,International Rookie,205.0,19.0,True,True,0.0029555707204258863,0.006403275952878769,21.090754154239455,2347,44.99484004127967,1938,33.04279709775956,21.090754154239455,1998
Hitter,Ricardo Gonzalez,sa3018529,800357,2026,A+,A+,4,4,International Rookie | Complex | A | A+,117.0,21.0,True,True,0.008119572818229956,0.14250992682694716,41.853119241905766,3799,24.114441416893733,2202,32.98378032939975,24.114441416893733,1999
Hitter,Ryan McCrystal,sa3025334,701734,2026,A+,A+,4,2,A | A+,324.0,23.0,True,True,0.01606221226052577,0.07765037352696255,25.348775993682548,3799,40.508628519527704,2202,32.92870225660513,25.348775993682548,2000
Hitter,Brailer Guerrero,sa3021072,806967,2026,A,A,3,2,Complex | A,206.0,20.0,True,True,0.009876980752483425,0.08038878989649972,37.937019588395735,4033,27.892234548335974,2524,32.91462706836585,27.892234548335974,2001
Hitter,Tyson Lewis,sa3066822,815653,2026,A,A,3,2,Complex | A,236.0,20.0,True,True,0.0069179095152951675,0.1065463490468353,46.788990825688074,4033,19.01743264659271,2524,32.90321173614039,19.01743264659271,2002
Hitter,Anyelo Marquez,sa3021178,808113,2026,A,A,3,3,International Rookie | Complex | A,458.0,20.0,True,True,0.011118769456558406,0.06693709301536976,33.17629556161666,4033,32.408874801901746,2524,32.79258518175921,32.408874801901746,2003
Hitter,Jakob Christian,sa3025603,814451,2026,A+,A+,4,2,A | A+,224.0,23.0,True,True,0.01217561176152109,0.10223894737202827,32.90339563042906,3799,32.65213442325159,2202,32.77776502684033,32.65213442325159,2004
Hitter,Oswaldo Osorio,sa3018560,800424,2026,A,Complex,3,3,International Rookie | Complex | A,201.0,20.0,True,True,0.014663840414936577,0.046696725685449185,24.225142573766426,4033,41.323296354992074,2524,32.77421946437925,24.225142573766426,2005
Hitter,Aaron Zavala,sa3017665,701648,2026,AAA,AAA,6,4,A | A+ | AA | AAA,485.0,26.0,True,True,0.07986525901447873,0.4578524398146672,22.09144409234948,2209,43.36569579288026,927,32.72856994261487,22.09144409234948,2006
Hitter,Stanley Tucker,sa3022818,805964,2026,A,A,3,1,A,115.0,24.0,True,True,0.01217305361552705,0.058950443012368785,29.72972972972973,4033,35.6973058637084,2524,32.71351779671907,29.72972972972973,2007
Hitter,Luis Sanchez,sa3018578,800506,2026,A+,A,4,4,International Rookie | Complex | A | A+,63.0,21.0,True,False,0.011308455295163665,0.1076199833886795,33.85101342458542,3799,31.5622161671208,2202,32.706614795853106,31.5622161671208,2008
Hitter,Juan Benjamin,sa3017217,691405,2026,AAA,AAA,6,6,International Rookie | Complex | A | A+ | AA | AAA,52.0,23.0,True,False,0.01574682275899417,0.8795883841234251,60.434585785423266,2209,4.962243797195254,927,32.69841479130926,4.962243797195254,2009
Hitter,Josh Wakefield,sa3065621,811718,2026,A,A,3,1,A,318.0,22.0,True,True,0.008941973750226262,0.08664637872028265,40.143813538308954,4033,25.23771790808241,2524,32.69076572319568,25.23771790808241,2010
Hitter,Brennan Orf,sa3022570,804710,2026,A+,A+,4,2,A | A+,132.0,24.0,True,True,0.01622681712190557,0.0741295901226052,24.585417215056594,3799,40.64486830154405,2202,32.61514275830032,24.585417215056594,2011
Hitter,Curley Martha,sa3023722,815907,2026,Complex,Complex,2,2,International Rookie | Complex,64.0,19.0,True,False,0.0029077275772475962,0.0728045769091142,54.041013268998796,2487,11.169102296450939,1916,32.60505778272487,11.169102296450939,2012
Hitter,David McCabe,sa3019964,678173,2026,AAA,AAA,6,4,A | A+ | AA | AAA,70.0,26.0,True,False,0.06668105390602694,0.5490106314255654,26.79945676776822,2209,38.403451995685,927,32.60145438172661,26.79945676776822,2013
Hitter,Albert Jimenez,sa3023780,821767,2026,International Rookie,International Rookie,1,1,International Rookie,208.0,19.0,True,True,0.00307122405254113,0.005468938485429224,18.747337025990625,2347,46.388028895768834,1938,32.56768296087973,18.747337025990625,2014
Hitter,Juan Villavicencio,sa3018494,800276,2026,A+,A+,4,4,International Rookie | Complex | A | A+,145.0,21.0,True,True,0.008204509405735019,0.1368108520137046,40.642274282705976,3799,24.477747502270663,2202,32.56001089248832,24.477747502270663,2015
Hitter,David Carrera,sa3023966,821683,2026,International Rookie,International Rookie,1,1,International Rookie,225.0,19.0,True,True,0.0033404458792837878,0.004586758545142862,16.27609714529186,2347,48.81320949432405,1938,32.544653319807956,16.27609714529186,2016
Hitter,Julio Acosta,sa3068405,829930,2026,International Rookie,International Rookie,1,1,International Rookie,129.0,18.0,True,True,0.003127060600792473,0.005234396270463025,18.108223263740946,2347,46.95562435500516,1938,32.531923809373055,18.108223263740946,2017
Hitter,Yulian Barreto,sa3067124,829905,2026,Complex,Complex,2,2,International Rookie | Complex,173.0,18.0,True,True,0.002963291285104174,0.07151453076446046,53.55850422195416,2487,11.482254697286013,1916,32.52037945962009,11.482254697286013,2018
Hitter,Scott Mudler,sa3077723,808564,2026,A+,A+,4,2,Complex | A+,85.0,23.0,True,False,0.011915256034869764,0.10067271847637216,32.64016846538563,3799,32.37965485921889,2202,32.50991166230226,32.37965485921889,2019
Hitter,Colin Houck,sa3022964,806124,2026,A+,A+,4,2,A | A+,400.0,21.0,True,True,0.00948475070756304,0.12350847835226998,37.64148460121085,3799,27.338782924613987,2202,32.49013376291242,27.338782924613987,2020
Hitter,Garret Forrester,sa3022822,807720,2026,AA,AA,5,3,A | A+ | AA,96.0,24.0,True,False,0.025579416077681102,0.2296522237070145,32.86624203821656,3140,32.11233211233211,1638,32.48928707527433,32.11233211233211,2021
Hitter,Ronny Munoz,sa3075062,836604,2026,International Rookie,International Rookie,1,1,International Rookie,194.0,17.0,True,True,0.003936074595389688,0.0025454357261016137,10.48146570089476,2347,54.4891640866873,1938,32.48531489379103,10.48146570089476,2022
Hitter,Hunter Fitz-Gerald,sa3022482,686638,2026,AA,AA,5,2,A+ | AA,569.0,25.0,True,True,0.03353166374438778,0.1595527170306158,23.94904458598726,3140,40.96459096459096,1638,32.45681777528911,23.94904458598726,2023
Hitter,Anson Aroz,sa3026234,695484,2026,A,A,3,1,A,104.0,23.0,True,True,0.017462757215175696,0.034057279377933354,17.232829159434665,4033,47.50396196513471,2524,32.36839556228469,17.232829159434665,2024
Hitter,Argenis Valdez,sa3024146,821703,2026,International Rookie,International Rookie,1,1,International Rookie,130.0,19.0,True,True,0.002127254997528585,0.010999314328832816,30.293992330634854,2347,34.31372549019608,1938,32.303858910415464,30.293992330634854,2025
Hitter,Angel Gonzalez,sa3024132,821259,2026,International Rookie,International Rookie,1,1,International Rookie,175.0,19.0,True,True,0.0032610598330099923,0.004585236373356651,16.27609714529186,2347,48.142414860681114,1938,32.209256002986486,16.27609714529186,2026
Hitter,Anthony Millan,sa3067769,829860,2026,International Rookie,International Rookie,1,1,International Rookie,176.0,18.0,True,True,0.002812588075444333,0.006497121626540845,21.346399659139326,2347,43.03405572755418,1938,32.190227693346756,21.346399659139326,2027
Hitter,Capri Ortiz,sa3018473,800194,2026,A+,A+,4,4,International Rookie | Complex | A | A+,443.0,21.0,True,True,0.0058141154087636175,0.16686074379442356,46.617530929191894,3799,17.665758401453225,2202,32.14164466532256,17.665758401453225,2028
Hitter,Grayson Fitzwater,sa3031417,842049,2026,A,A,3,1,A,126.0,22.0,True,True,0.01409468914768653,0.047198856996538446,24.3491197619638,4033,39.85736925515055,2524,32.103244508557175,24.3491197619638,2029
Hitter,Miguel Ugueto,sa3015293,692568,2026,AA,AA,5,4,Complex | A | A+ | AA,334.0,23.0,True,True,0.016721933751614015,0.3318429015725306,43.31210191082803,3140,20.81807081807082,1638,32.06508636444942,20.81807081807082,2030
Hitter,Yirer Garcia,sa3021211,808237,2026,A,A,3,3,International Rookie | Complex | A,142.0,20.0,True,True,0.009274804473836383,0.08017611140830934,37.91222415075626,4033,26.188589540412046,2524,32.05040684558415,26.188589540412046,2031
Hitter,Junior Aybar,sa3021607,808166,2026,A,A,3,3,International Rookie | Complex | A,211.0,19.0,True,True,0.00709708334519619,0.09934362938386872,44.53260600049591,4033,19.492868462757528,2524,32.012737231626716,19.492868462757528,2032
Hitter,Corey Collins,sa3025450,690970,2026,A+,A+,4,2,A | A+,289.0,24.0,True,True,0.019082488927010918,0.05661468922454438,18.820742300605424,3799,45.18619436875568,2202,32.00346833468055,18.820742300605424,2033
Hitter,Adrian Gil,sa3021856,808691,2026,A,A,3,3,International Rookie | Complex | A,178.0,20.0,True,True,0.015155319271718603,0.04140243613845361,21.423258120505828,4033,42.47226624405705,2524,31.94776218228144,21.423258120505828,2034
Hitter,Wilfri De La Cruz,sa3067682,829043,2026,Complex,Complex,2,2,International Rookie | Complex,188.0,18.0,True,True,0.002710013452519671,0.0726171261910129,53.96059509449135,2487,9.864300626304802,1916,31.91244786039808,9.864300626304802,2035
Hitter,Rodny Rosario,sa3067822,829993,2026,Complex,Complex,2,2,International Rookie | Complex,128.0,18.0,True,True,0.005523673512771282,0.03924086190939178,36.992360273421795,2487,26.774530271398746,1916,31.88344527241027,26.774530271398746,2036
Hitter,Christopher Vargas,sa3076515,822275,2026,International Rookie,International Rookie,1,1,International Rookie,156.0,17.0,True,True,0.0016421756170207703,0.014400106114645095,35.49211759693225,2347,28.224974200206397,1938,31.858545898569325,28.224974200206397,2037
Hitter,Andrew Cossetti,sa3020493,681355,2026,AA,AA,5,3,A | A+ | AA,453.0,26.0,True,True,0.044043303921210177,0.08421301499399003,13.949044585987261,3140,49.75579975579976,1638,31.852422170893508,13.949044585987261,2038
Hitter,Josh Tate,sa3043523,702495,2026,A,A,3,1,A,214.0,22.0,True,True,0.00910949158106495,0.08035371414279097,37.937019588395735,4033,25.673534072900157,2524,31.805276830647948,25.673534072900157,2039
Hitter,Ricardo Cova,sa3016186,699698,2026,A+,A+,4,4,International Rookie | Complex | A | A+,95.0,22.0,True,False,0.010857579424402977,0.10069212833527723,32.64016846538563,3799,30.881017257039055,2202,31.76059286121234,30.881017257039055,2040
Hitter,Lamar King Jr.,sa3020279,702601,2026,A+,A+,4,3,Complex | A | A+,376.0,22.0,True,True,0.009803475166130006,0.113343606412516,35.32508554882864,3799,28.15622161671208,2202,31.74065358277036,28.15622161671208,2041
Hitter,Yoeilin Cespedes,sa3021085,806985,2026,AA,AA,5,5,International Rookie | Complex | A | A+ | AA,108.0,20.0,True,True,0.013396449182440559,0.3795432211111917,47.5796178343949,3140,15.873015873015873,1638,31.726316853705388,15.873015873015873,2042
Hitter,JoJo Jackson,sa3025267,826142,2026,A,A,3,1,A,229.0,23.0,True,True,0.010470517213619883,0.06663861974348217,33.10190924869824,4033,30.229793977812996,2524,31.66585161325562,30.229793977812996,2043
Hitter,Luis Pino,sa3015866,700720,2026,A+,A+,4,4,International Rookie | Complex | A | A+,165.0,22.0,True,True,0.01074792177736575,0.1019023532144255,32.82442748091603,3799,30.42688465031789,2202,31.62565606561696,30.42688465031789,2044
Hitter,Junior Aybar,sa3021607,808166,2026,Complex,Complex,2,2,International Rookie | Complex,65.0,19.0,True,False,0.003526844676208931,0.0604570643211165,48.009650180940895,2487,15.24008350730689,1916,31.624866844123893,15.24008350730689,2045
Hitter,Victor Marquez,sa3067743,829762,2026,International Rookie,International Rookie,1,1,International Rookie,137.0,18.0,True,True,0.002193949779873213,0.009735602938477228,28.206220707285897,2347,35.03611971104231,1938,31.621170209164106,28.206220707285897,2046
Hitter,Luke Shliger,sa3022694,807740,2026,A+,A+,4,2,A | A+,173.0,24.0,True,True,0.016030662898676596,0.06817590353655505,22.716504343248225,3799,40.508628519527704,2202,31.612566431387965,22.716504343248225,2047
Hitter,Myles Naylor,sa3022605,802504,2026,A+,A+,4,2,A | A+,314.0,21.0,True,True,0.00931812189474636,0.11595037169329664,36.16741247696762,3799,27.020890099909174,2202,31.594151288438397,27.020890099909174,2048
Hitter,Elias Perez,sa3067794,829920,2026,International Rookie,International Rookie,1,1,International Rookie,190.0,18.0,True,True,0.003674252931257906,0.002632431508513792,10.737111205794632,2347,52.42518059855521,1938,31.58114590217492,10.737111205794632,2049
Hitter,Kevin Villavicencio,sa3015673,692944,2026,A+,A+,4,4,International Rookie | Complex | A | A+,73.0,22.0,True,False,0.010463500717244192,0.10498157707022909,33.324559094498554,3799,29.791099000908265,2202,31.557829047703407,29.791099000908265,2050
Hitter,Juan De Jesus,sa3076572,837231,2026,International Rookie,International Rookie,1,1,International Rookie,144.0,18.0,True,True,0.003257707052069871,0.0040949701730567546,14.997869620792502,2347,48.090815273477816,1938,31.544342447135158,14.997869620792502,2051
Hitter,Dalton McIntyre,sa3037634,827637,2026,AA,AA,5,4,Complex | A | A+ | AA,170.0,22.0,True,True,0.015174030234061452,0.34789308822351195,44.64968152866242,3140,18.437118437118436,1638,31.543399982890428,18.437118437118436,2052
Hitter,Raymond Mola,sa3023109,806986,2026,A,A,3,3,International Rookie | Complex | A,68.0,20.0,True,False,0.010943286027097725,0.06202512784981432,31.26704686337714,4033,31.735340729001585,2524,31.501193796189362,31.26704686337714,2053
Hitter,Dalton McIntyre,sa3037634,827637,2026,A,A,3,2,Complex | A,115.0,22.0,True,True,0.010265344995007645,0.06751598348932596,33.42424993801141,4033,29.556259904912835,2524,31.49025492146212,29.556259904912835,2054
Hitter,Skylar King,sa3035415,703455,2026,A,A,3,1,A,391.0,22.0,True,True,0.010431067219566888,0.06560400281967468,32.779568559385076,4033,30.071315372424724,2524,31.425441965904902,30.071315372424724,2055
Hitter,Braylin Tavera,sa3018416,703178,2026,A+,A+,4,4,International Rookie | Complex | A | A+,417.0,21.0,True,True,0.010514338383191343,0.10315800639112162,32.956041063437745,3799,29.881925522252498,2202,31.41898329284512,29.881925522252498,2056
Hitter,Jose Monzon,sa3021222,808267,2026,A,A,3,3,International Rookie | Complex | A,117.0,20.0,True,True,0.009031539491666374,0.0774021484048569,37.24274733449045,4033,25.515055467511885,2524,31.37890140100117,25.515055467511885,2057
Hitter,Grant Jay,sa3034611,703603,2026,A,A,3,1,A,327.0,22.0,True,True,0.014525395392264296,0.04236909538900162,21.84478056037689,4033,40.88748019017433,2524,31.36613037527561,21.84478056037689,2058
Hitter,Nick Becker,sa3069151,829306,2026,A,A,3,2,Complex | A,128.0,19.0,True,True,0.010540061261406754,0.06473865738328197,32.234068931316635,4033,30.467511885895405,2524,31.35079040860602,30.467511885895405,2059
Hitter,CJ Hughes,sa3069246,834620,2026,Complex,Complex,2,1,Complex,209.0,18.0,True,True,0.0037612591145607987,0.056637640419649235,46.20024125452352,2487,16.49269311064718,1916,31.34646718258535,16.49269311064718,2060
Hitter,Walker Janek,sa3025254,801075,2026,AA,AA,5,2,A+ | AA,231.0,23.0,True,True,0.024877190847943223,0.2116702978906034,30.89171974522293,3140,31.684981684981686,1638,31.288350715102307,30.89171974522293,2061
Hitter,Riley Nelson,sa3060133,826043,2026,A,A,3,1,A,187.0,22.0,True,True,0.011966098803415192,0.05391374970542575,27.597322092734938,4033,34.90491283676704,2524,31.25111746475099,27.597322092734938,2062
Hitter,Giaconino Lasaracina,sa3076418,838338,2026,A,A,3,2,Complex | A,148.0,22.0,True,True,0.013668475682927433,0.04546011059337227,23.580461195140096,4033,38.90649762282092,2524,31.24347940898051,23.580461195140096,2063
Hitter,Felix Morrobel,sa3021103,807011,2026,A,A,3,3,International Rookie | Complex | A,111.0,20.0,True,True,0.008817109275153025,0.07763667349949796,37.34192908504835,4033,25.0,2524,31.170964542524175,25.0,2064
Hitter,Matt Klein,sa3035491,702600,2026,A,A,3,1,A,194.0,22.0,True,True,0.01281893216119619,0.0496307185185738,25.48970989337962,4033,36.84627575277337,2524,31.167992823076496,25.48970989337962,2065
Hitter,Keshawn Ogans,sa3019893,687248,2026,AA,AA,5,3,A | A+ | AA,66.0,24.0,True,False,0.025604458748310847,0.20714450071978138,30.222929936305732,3140,32.11233211233211,1638,31.167631024318922,30.222929936305732,2066
Hitter,Dustin Dickerson,sa3022828,815039,2026,AA,AA,5,2,A+ | AA,75.0,25.0,True,False,0.03186192738727823,0.14570248695938737,22.452229299363058,3140,39.743589743589745,1638,31.097909521476403,22.452229299363058,2067
Hitter,Ali Camarillo,sa3028297,701548,2026,A+,A+,4,2,A | A+,389.0,23.0,True,True,0.012493172813744428,0.08826587938439998,28.954988154777574,3799,33.15168029064487,2202,31.05333422271122,28.954988154777574,2068
Hitter,Blake Rambusch,sa3020008,800683,2026,AA,AA,5,2,A+ | AA,251.0,26.0,True,True,0.037662190323102925,0.10522069936273631,17.038216560509554,3140,44.99389499389499,1638,31.016055777202272,17.038216560509554,2069
Hitter,Jacob Walsh,sa3044728,701862,2026,A+,A+,4,2,A | A+,284.0,23.0,True,True,0.01390160544992954,0.07812377912742918,25.585680442221637,3799,36.37602179836512,2202,30.98085112029338,25.585680442221637,2070
Hitter,Christian Astudillo,sa3024144,821682,2026,Complex,Complex,2,2,International Rookie | Complex,102.0,19.0,True,True,0.004745862649101559,0.0446964838281003,39.52553277040611,2487,22.338204592901878,1916,30.931868681653995,22.338204592901878,2071
Hitter,Griffin Burkholder,sa3025418,816120,2026,A+,A+,4,3,Complex | A | A+,125.0,20.0,True,True,0.0062765665420350366,0.14641728258685488,42.72176888654909,3799,19.07356948228883,2202,30.89766918441896,19.07356948228883,2072
Hitter,Roberto Gabot,sa3076551,833302,2026,International Rookie,International Rookie,1,1,International Rookie,150.0,18.0,True,True,0.002199025373765291,0.00893574638860843,26.629740093736686,2347,35.139318885448915,1938,30.8845294895928,26.629740093736686,2073
Hitter,Ludwing Espinoza,sa3021073,806968,2026,A,A,3,3,International Rookie | Complex | A,73.0,20.0,True,False,0.010701730560464343,0.06053574148433163,30.622365484750805,4033,31.061806656101425,2524,30.842086070426113,30.622365484750805,2074
Hitter,J.P. Cabrera,sa3024651,823651,2026,A,A,3,3,International Rookie | Complex | A,100.0,19.0,True,True,0.008442281086664335,0.07948974721712739,37.68906521200099,4033,23.96988906497623,2524,30.82947713848861,23.96988906497623,2075
Hitter,Calvin Harris,sa3022496,691941,2026,AA,AA,5,3,A | A+ | AA,144.0,24.0,True,True,0.029200995517531542,0.1712833839389198,25.477707006369428,3140,36.01953601953602,1638,30.748621512952724,25.477707006369428,2076
Hitter,Jacob Walsh,sa3044728,701862,2026,A,A,3,1,A,168.0,23.0,True,True,0.01190167054939461,0.05129551470045485,26.63030002479544,4033,34.8256735340729,2524,30.72798677943417,26.63030002479544,2077
Hitter,Ariel Abreu,sa3076677,837947,2026,International Rookie,International Rookie,1,1,International Rookie,106.0,17.0,True,True,0.002185123665326268,0.00884448488144272,26.54452492543673,2347,34.88132094943241,1938,30.71292293743457,26.54452492543673,2078
Hitter,Graham Brown,sa3076419,842249,2026,AA,AA,5,3,A | A+ | AA,99.0,24.0,True,False,0.021176132846815566,0.2437797420928124,34.3312101910828,3140,27.045177045177045,1638,30.688193618129922,27.045177045177045,2079
Hitter,Josh Hogue,sa3033938,803811,2026,A,A,3,1,A,250.0,22.0,True,True,0.008829166476020488,0.07431182569053413,36.17654351599306,4033,25.039619651347067,2524,30.608081583670064,25.039619651347067,2080
Hitter,Josh Kross,sa3025158,811339,2026,A+,A+,4,2,A | A+,375.0,23.0,True,True,0.01411974206366817,0.07359330640485402,24.45380363253488,3799,36.73932788374205,2202,30.596565758138464,24.45380363253488,2081
Hitter,Matthew Ellis,sa3067076,700815,2026,A+,A+,4,2,A | A+,339.0,25.0,True,True,0.016971610235291288,0.05750802026902082,19.1102921821532,3799,42.05267938237966,2202,30.581485782266427,19.1102921821532,2082
Hitter,Tyler Wilson,sa3025244,694834,2026,A+,A+,4,2,A | A+,52.0,23.0,True,False,0.012833936998701313,0.08289498338680756,27.191366148986575,3799,33.83287920072661,2202,30.51212267485659,27.191366148986575,2083
Hitter,Kyle Nevin,sa3019894,693819,2026,AA,AA,5,3,A | A+ | AA,293.0,24.0,True,True,0.023673015652553843,0.2109362879835719,30.70063694267516,3140,30.28083028083028,1638,30.49073361175272,30.28083028083028,2084
Hitter,Jared Sprague-Lott,sa3042867,814445,2026,AA,AA,5,3,A | A+ | AA,87.0,24.0,True,False,0.022186253065934674,0.22318591844783542,32.29299363057325,3140,28.632478632478634,1638,30.462736131525944,28.632478632478634,2085
Hitter,Justin Stransky,sa3043207,833458,2026,A+,A+,4,2,A | A+,312.0,23.0,True,True,0.01320775983309796,0.07990134403335881,25.980521189786785,3799,34.9227974568574,2202,30.451659323322094,25.980521189786785,2086
Hitter,Luis Estrella,sa3076496,822187,2026,International Rookie,International Rookie,1,1,International Rookie,107.0,17.0,True,True,0.0014777457029776391,0.013498967751760588,34.46953557733276,2347,26.212590299277604,1938,30.341062938305186,26.212590299277604,2087
Hitter,Dario Reynoso,sa3021329,814294,2026,A,A,3,3,International Rookie | Complex | A,460.0,21.0,True,True,0.009153378119595369,0.06988408353280012,34.66402181998512,4033,25.911251980982566,2524,30.287636900483847,25.911251980982566,2088
Hitter,David Calabrese,sa3014507,683341,2026,AA,A+,5,4,Complex | A | A+ | AA,268.0,22.0,True,True,0.018373031239268006,0.27083430342743303,37.32484076433121,3140,23.1990231990232,1638,30.261931981677208,23.1990231990232,2089
Hitter,Mairo Martinus,sa3018505,800302,2026,A+,A+,4,4,International Rookie | Complex | A | A+,118.0,21.0,True,True,0.00457684889637575,0.16523735151495947,46.35430376414846,3799,14.123524069028155,2202,30.23891391658831,14.123524069028155,2090
Hitter,Drew Brutcher,sa3067038,695046,2026,A+,A+,4,2,A | A+,144.0,24.0,True,True,0.014005361371449084,0.07128547772319765,23.953672018952357,3799,36.51226158038147,2202,30.23296679966691,23.953672018952357,2091
Hitter,Andrick Nava,sa3010693,682774,2026,AAA,AAA,6,5,Complex | A | A+ | AA | AAA,54.0,24.0,True,False,0.02029053473887897,0.8353244050516059,52.82933454051607,2209,7.5512405609492985,927,30.190287550732684,7.5512405609492985,2092
Hitter,Roderick Arias,sa3019674,703149,2026,A+,A+,4,4,International Rookie | Complex | A | A+,395.0,21.0,True,True,0.007053985670052735,0.12927749972150968,38.93129770992366,3799,21.435059037238872,2202,30.183178373581267,21.435059037238872,2093
Hitter,Rayniel Lache,sa3077082,837944,2026,International Rookie,International Rookie,1,1,International Rookie,106.0,17.0,True,True,0.0023855292203849828,0.007101683040058138,22.965487856838518,2347,37.35810113519092,1938,30.16179449601472,22.965487856838518,2094
Hitter,Brett Squires,sa3020714,689531,2026,AA,AA,5,3,A | A+ | AA,139.0,26.0,True,True,0.02856028469782859,0.16791597167201988,25.0,3140,35.28693528693529,1638,30.143467643467645,25.0,2095
Hitter,Garrett Martin,sa3022806,682003,2026,AA,AA,5,3,A | A+ | AA,291.0,26.0,True,True,0.018999607616086375,0.2600994036029259,35.98726114649681,3140,24.297924297924297,1638,30.142592722210555,24.297924297924297,2096
Hitter,Jay Thomason,sa3025265,823295,2026,AA,AA,5,3,A | A+ | AA,136.0,24.0,True,True,0.026086828158438484,0.1875255885346435,27.547770700636942,3140,32.66178266178266,1638,30.1047766812098,27.547770700636942,2097
Hitter,Michael Brooks,sa3069011,690962,2026,A,A,3,1,A,413.0,24.0,True,True,0.014423411174886151,0.038106304185543824,19.538804859905778,4033,40.53090332805071,2524,30.034854093978247,19.538804859905778,2098
Hitter,Jordan Ouanyou,sa3068945,835948,2026,International Rookie,International Rookie,1,1,International Rookie,117.0,18.0,True,True,0.002688081869377185,0.005621218342014164,19.173412867490413,2347,40.86687306501548,1938,30.020142966252948,19.173412867490413,2099
Hitter,Eric Brown Jr.,sa3019923,687521,2026,AA,AA,5,3,A | A+ | AA,212.0,25.0,True,True,0.028385503070192063,0.16679908728729348,24.936305732484076,3140,35.042735042735046,1638,29.98952038760956,24.936305732484076,2100
Hitter,E.J. Exposito,sa3019900,802991,2026,AA,AA,5,3,A | A+ | AA,467.0,25.0,True,True,0.02832655522191931,0.16680756990973192,24.936305732484076,3140,35.042735042735046,1638,29.98952038760956,24.936305732484076,2100
Hitter,Javier Osorio,sa3018410,703157,2026,A,A,3,3,International Rookie | Complex | A,287.0,21.0,True,True,0.010341513663543033,0.05940947511926405,29.977684106124475,4033,29.793977812995244,2524,29.88583095955986,29.793977812995244,2102
Hitter,Franchely Silverio,sa3023746,821002,2026,International Rookie,International Rookie,1,1,International Rookie,213.0,19.0,True,True,0.0021376842610234844,0.008161413338120038,25.308904985087345,2347,34.36532507739938,1938,29.837115031243364,25.308904985087345,2103
Hitter,Conner Westenburg,sa3076030,836173,2026,A,A,3,1,A,359.0,22.0,True,True,0.00792939127836696,0.07849369078892819,37.54029258616415,4033,22.06814580031696,2524,29.804219193240556,22.06814580031696,2104
Hitter,Gabriel Azocar,sa3067664,827411,2026,Complex,Complex,2,2,International Rookie | Complex,75.0,18.0,True,False,0.0016304825526545763,0.07327755582288137,54.28226779252111,2487,5.219206680584551,1916,29.75073723655283,5.219206680584551,2105
Hitter,Jared Sprague-Lott,sa3042867,814445,2026,A+,A+,4,2,A | A+,302.0,24.0,True,True,0.014363138343197423,0.06628630209436803,22.137404580152673,3799,37.28428701180745,2202,29.710845795980063,22.137404580152673,2106
Hitter,Jakey Josepha,sa3017481,699228,2026,A+,A+,4,4,International Rookie | Complex | A | A+,237.0,22.0,True,True,0.006854648581765542,0.12732029806392658,38.56277967886286,3799,20.799273387829246,2202,29.681026533346053,20.799273387829246,2107
Hitter,Theo Hardy,sa3025187,815152,2026,A+,A+,4,1,A+,59.0,24.0,True,False,0.014987576762805238,0.06343650795429796,20.926559620952883,3799,38.37420526793824,2202,29.65038244444556,20.926559620952883,2108
Hitter,Carlos Colmenarez,sa3017480,694181,2026,A+,A+,4,4,International Rookie | Complex | A | A+,141.0,22.0,True,True,0.011580875648760671,0.08348430899439072,27.349302448012637,3799,31.789282470481382,2202,29.56929245924701,27.349302448012637,2109
Hitter,Roberto Campos,sa3014683,691449,2026,AA,AA,5,4,Complex | A | A+ | AA,76.0,23.0,True,False,0.016740243877693076,0.2829079138451956,38.2484076433121,3140,20.87912087912088,1638,29.56376426121649,20.87912087912088,2110
Hitter,Osmar Torrealba,sa3024318,821091,2026,International Rookie,International Rookie,1,1,International Rookie,115.0,19.0,True,True,0.0018412817078798504,0.009783889032082865,28.206220707285897,2347,30.90815273477812,1938,29.55718672103201,28.206220707285897,2111
Hitter,Beau Ankeney,sa3026106,801954,2026,A,A,3,1,A,368.0,23.0,True,True,0.010514308110478168,0.05622983607277333,28.688321348871806,4033,30.3486529318542,2524,29.518487140363003,28.688321348871806,2112
Hitter,Clayton Campbell,sa3018386,693073,2026,A+,A+,4,3,Complex | A | A+,378.0,22.0,True,True,0.00815766103224625,0.10996677880847518,34.614372203211374,3799,24.38692098092643,2202,29.500646592068904,24.38692098092643,2113
Hitter,Edwin Darville,sa3023790,823731,2026,Complex,Complex,2,2,International Rookie | Complex,117.0,19.0,True,True,0.0014021467567565823,0.07360096732914265,54.483313228789704,2487,4.488517745302714,1916,29.48591548704621,4.488517745302714,2114
Hitter,Jalin Flores,sa3031465,703602,2026,A+,A+,4,2,A | A+,492.0,22.0,True,True,0.009010493787076477,0.10084454385041025,32.64016846538563,3799,26.294277929155314,2202,29.46722319727047,26.294277929155314,2115
Hitter,Jesus Castillo,sa3015587,691913,2026,AA,AA,5,5,International Rookie | Complex | A | A+ | AA,254.0,22.0,True,True,0.010464118371760233,0.38071201099540647,47.70700636942675,3140,11.172161172161172,1638,29.43958377079396,11.172161172161172,2116
Hitter,Josueth Quinonez,sa3023882,815017,2026,Complex,Complex,2,2,International Rookie | Complex,84.0,19.0,True,False,0.00264809282163498,0.06290007055206966,49.21592279855247,2487,9.65553235908142,1916,29.435727578816945,9.65553235908142,2117
Hitter,Charlie Pagliarini,sa3022487,813860,2026,AA,AA,5,4,Complex | A | A+ | AA,579.0,25.0,True,True,0.02061819901889432,0.2258863544210295,32.547770700636946,3140,26.25152625152625,1638,29.399648476081598,26.25152625152625,2118
Hitter,Jhostin Genao,sa3067832,830025,2026,International Rookie,International Rookie,1,1,International Rookie,191.0,18.0,True,True,0.0020564079059728698,0.007999010203303946,24.925436727737537,2347,33.79772961816305,1938,29.361583172950297,24.925436727737537,2119
Hitter,Cameron Sisneros,sa3025564,815133,2026,AA,AA,5,3,A | A+ | AA,190.0,25.0,True,True,0.031012926750848966,0.1276650047936904,20.222929936305732,3140,38.46153846153846,1638,29.342234198922096,20.222929936305732,2120
Hitter,Curley Martha,sa3023722,815907,2026,A,A,3,3,International Rookie | Complex | A,184.0,19.0,True,True,0.007519726062976989,0.08044120641967732,37.98661046367469,4033,20.602218700475436,2524,29.294414582075063,20.602218700475436,2121
Hitter,Julio Henriquez,sa3018622,802082,2026,A,A,3,3,International Rookie | Complex | A,157.0,21.0,True,True,0.007096403516938602,0.08388795726344021,39.05281428217208,4033,19.492868462757528,2524,29.272841372464804,19.492868462757528,2122
Hitter,Daniel Lopez,sa3021298,808693,2026,A,A,3,3,International Rookie | Complex | A,186.0,20.0,True,True,0.008521998352187095,0.06921337966206732,34.41606744359038,4033,24.1283676703645,2524,29.272217556977438,24.1283676703645,2123
Hitter,Pedro Gomez,sa3075068,836612,2026,International Rookie,International Rookie,1,1,International Rookie,151.0,17.0,True,True,0.002232790789578949,0.007143789434379363,23.050703025138475,2347,35.44891640866873,1938,29.249809716903602,23.050703025138475,2124
Hitter,Trent Farquhar,sa3022606,802531,2026,AA,A+,5,3,A | A+ | AA,153.0,24.0,True,True,0.025543129055327306,0.18055471021880626,26.369426751592357,3140,32.11233211233211,1638,29.240879431962234,26.369426751592357,2125
Hitter,Omar Alfonzo,sa3015665,692657,2026,AA,AA,5,5,International Rookie | Complex | A | A+ | AA,346.0,22.0,True,True,0.020527820911224362,0.22373850056542016,32.388535031847134,3140,26.068376068376068,1638,29.2284555501116,26.068376068376068,2126
Hitter,Alexander Camacaro,sa3068205,829850,2026,International Rookie,International Rookie,1,1,International Rookie,176.0,18.0,True,True,0.0025911974684853407,0.005337112306263197,18.449083936940774,2347,39.886480908152734,1938,29.167782422546754,18.449083936940774,2127
Hitter,Victor Hurtado,sa3023888,815900,2026,Complex,Complex,2,2,International Rookie | Complex,105.0,19.0,True,True,0.0030093410063214017,0.057027327375593836,46.3610776035384,2487,11.951983298538622,1916,29.15653045103851,11.951983298538622,2128
Hitter,David Calabrese,sa3014507,683341,2026,AA,AA,5,4,Complex | A | A+ | AA,261.0,23.0,True,True,0.019097323412284352,0.24153135290872918,34.01273885350319,3140,24.297924297924297,1638,29.155331575713742,24.297924297924297,2129
Hitter,Garret Guillemette,sa3022677,695048,2026,AAA,AAA,6,4,A | A+ | AA | AAA,72.0,24.0,True,False,0.05378487577799024,0.5533701787741908,27.025803531009508,2209,31.175836030204962,927,29.100819780607235,27.025803531009508,2130
Hitter,Christopher Alvarado,sa3024337,821260,2026,Complex,Complex,2,2,International Rookie | Complex,154.0,19.0,True,True,0.0015917281898903742,0.07028745085718326,53.03578608765581,2487,5.11482254697286,1916,29.075304317314334,5.11482254697286,2131
Hitter,Juan Holmann,sa3076622,837748,2026,International Rookie,International Rookie,1,1,International Rookie,105.0,17.0,True,True,0.0027839751523432055,0.004285578302292993,15.423945462292288,2347,42.72445820433437,1938,29.074201833313328,15.423945462292288,2132
Hitter,Hendry Arvelo,sa3067712,829498,2026,International Rookie,International Rookie,1,1,International Rookie,183.0,19.0,True,True,0.002102016581459585,0.007532037642949527,23.988069876438004,2347,34.158926728586174,1938,29.07349830251209,23.988069876438004,2133
Hitter,Modeifi Marte,sa3018445,800029,2026,A+,A+,4,4,International Rookie | Complex | A | A+,274.0,23.0,True,True,0.01137307720658789,0.08148320232088224,26.506975519873652,3799,31.607629427792915,2202,29.057302473833282,26.506975519873652,2134
Hitter,Roberto Campos,sa3014683,691449,2026,AA,A+,5,4,Complex | A | A+ | AA,403.0,22.0,True,True,0.014546627369535582,0.3049616780282909,40.63694267515923,3140,17.399267399267398,1638,29.018105037213317,17.399267399267398,2135
Hitter,Jack Hurley,sa3022564,694815,2026,AAA,AAA,6,4,Complex | A+ | AA | AAA,122.0,24.0,True,True,0.05726630085522498,0.5063906913445129,24.44545043005885,2209,33.54908306364617,927,28.99726674685251,24.44545043005885,2136
Hitter,Carson Taylor,sa3014468,694930,2026,AA,AA,5,2,A+ | AA,140.0,27.0,True,True,0.04064156824574476,0.06390843355967034,10.73248407643312,3140,47.252747252747255,1638,28.99261566459019,10.73248407643312,2137
Hitter,Kyle Henley,sa3023012,806120,2026,A,A,3,2,Complex | A,383.0,21.0,True,True,0.007226377116165254,0.08069010104486128,38.03620133895363,4033,19.84944532488114,2524,28.94282333191739,19.84944532488114,2138
Hitter,Fernando Gonzalez,sa3032413,692232,2026,A,A,3,1,A,168.0,24.0,True,True,0.014176311848059496,0.03484904598019415,17.803124225142575,4033,40.055467511885894,2524,28.929295868514235,17.803124225142575,2139
Hitter,Adolfo Miranda,sa3025062,827441,2026,Complex,Complex,2,2,International Rookie | Complex,85.0,19.0,True,False,0.0021198759721634732,0.06547179370857886,50.70365902694009,2487,7.150313152400835,1916,28.92698608967046,7.150313152400835,2140
Hitter,Kevin Villavicencio,sa3015673,692944,2026,A+,A,4,4,International Rookie | Complex | A | A+,112.0,20.0,True,True,0.0060053815748159056,0.1323705956558268,39.66833377204527,3799,18.11989100817439,2202,28.894112390109832,18.11989100817439,2141
Hitter,Daniel Rodriguez,sa3067814,829975,2026,Complex,Complex,2,2,International Rookie | Complex,175.0,18.0,True,True,0.00037579448539482637,0.08209642817580527,57.61962203457981,2487,0.15657620041753653,1916,28.888099117498676,0.15657620041753653,2142
Hitter,Brock Jones,sa3020190,677342,2026,AAA,AA,6,4,A | A+ | AA | AAA,77.0,24.0,True,False,0.038576608372610816,0.6961708656189697,37.25667722951562,2209,20.496224379719525,927,28.87645080461757,20.496224379719525,2143
Hitter,Miguel Useche,sa3068933,687766,2026,A+,A+,4,1,A+,176.0,25.0,True,True,0.01430628612184348,0.06196616652033961,20.558041589892078,3799,37.19346049046322,2202,28.875751040177647,20.558041589892078,2144
Hitter,Ryland Zaborowski,sa3076279,695301,2026,A,A,3,1,A,194.0,24.0,True,True,0.01235214562103582,0.041874071117628746,21.62162162162162,4033,36.05388272583201,2524,28.837752173726816,21.62162162162162,2145
Hitter,Eliezer Arias,sa3076600,837675,2026,International Rookie,International Rookie,1,1,International Rookie,109.0,17.0,True,True,0.0027599961477836844,0.004217879758120069,15.338730293992331,2347,42.31166150670795,1938,28.82519590035014,15.338730293992331,2146
Hitter,Michael Carico,sa3023216,801686,2026,A+,A+,4,2,A | A+,99.0,23.0,True,False,0.014171587641774815,0.06271719484958296,20.768623321926825,3799,36.8755676657584,2202,28.822095493842614,20.768623321926825,2147
Hitter,Jean Joseph,sa3018568,800463,2026,A,A,3,3,International Rookie | Complex | A,67.0,21.0,True,False,0.010121788728765626,0.05584957121861621,28.514753285395486,4033,29.001584786053883,2524,28.758169035724684,28.514753285395486,2148
Hitter,Daniel Vazquez,sa3016143,694187,2026,AA,AA,5,4,International Rookie | A | A+ | AA,499.0,22.0,True,True,0.01461217316496072,0.2976084150176443,39.904458598726116,3140,17.582417582417584,1638,28.74343809057185,17.582417582417584,2149
Hitter,Jose Suarez,sa3016156,699027,2026,A+,A+,4,4,International Rookie | Complex | A | A+,391.0,21.0,True,True,0.004874038208419909,0.1467676030363571,42.72176888654909,3799,14.713896457765667,2202,28.71783267215738,14.713896457765667,2150
Hitter,Ryan McCoy,sa3068963,700178,2026,A+,A+,4,2,A | A+,414.0,24.0,True,True,0.010162982490508697,0.08689231458568432,28.454856541195053,3799,28.928247048138058,2202,28.691551794666555,28.454856541195053,2151
Hitter,Nick Roselli,sa3025417,815874,2026,A+,A+,4,2,A | A+,60.0,23.0,True,False,0.012038598086320618,0.07500149548319986,24.848644380100026,3799,32.51589464123524,2202,28.682269510667634,24.848644380100026,2152
Hitter,Stephen Hrustich,sa3067530,812442,2026,A+,A+,4,2,A | A+,197.0,24.0,True,True,0.013015807886085787,0.0693849744492291,23.006054224796,3799,34.287011807447776,2202,28.646533016121886,23.006054224796,2153
Hitter,Pedro Pineda,sa3015703,694191,2026,A+,A+,4,3,Complex | A | A+,306.0,22.0,True,True,0.007296578724519153,0.11281258610319114,35.16714924980258,3799,22.025431425976386,2202,28.59629033788948,22.025431425976386,2154
Hitter,Edgar Walker,sa3067660,825725,2026,Complex,Complex,2,2,International Rookie | Complex,117.0,18.0,True,True,0.0036006446269002423,0.04780170677018875,41.41535987133092,2487,15.762004175365345,1916,28.588682023348134,15.762004175365345,2155
Hitter,Quinn McDaniel,sa3022701,814194,2026,AA,AA,5,4,Complex | A | A+ | AA,111.0,23.0,True,True,0.017737525881058043,0.2508507831564793,34.904458598726116,3140,22.22222222222222,1638,28.56334041047417,22.22222222222222,2156
Hitter,Hans Montero,sa3016321,694215,2026,A,A,3,3,International Rookie | Complex | A,417.0,22.0,True,True,0.009388925729321446,0.0605449849318816,30.64716092239028,4033,26.465927099841522,2524,28.556544011115903,26.465927099841522,2157
Hitter,Robert Hipwell,sa3025186,813771,2026,A+,A+,4,2,A | A+,252.0,23.0,True,True,0.012131574392274946,0.07373455706977834,24.48012634903922,3799,32.561307901907355,2202,28.52071712547329,24.48012634903922,2158
Hitter,D'Angelo Tejada,sa3021263,808382,2026,A,A,3,3,International Rookie | Complex | A,99.0,20.0,True,False,0.009950297519192823,0.05651138667937916,28.837093974708655,4033,28.129952456418383,2524,28.48352321556352,28.129952456418383,2159
Hitter,Payton Eeles,sa3023622,823356,2026,AAA,AAA,6,3,A | A+ | AAA,225.0,26.0,True,True,0.04723784311687934,0.6010369048961431,30.194658216387506,2209,26.7529665587918,927,28.473812387589653,26.7529665587918,2160
Hitter,Cesar Hernandez,sa3023547,821009,2026,A+,A+,4,2,A | A+,150.0,23.0,True,True,0.01042950975973187,0.08294918131455621,27.217688865490917,3799,29.70027247956403,2202,28.458980672527474,27.217688865490917,2161
Hitter,Kevin Parada,sa3020575,691006,2026,AAA,AAA,6,3,A+ | AA | AAA,93.0,24.0,True,False,0.055385975314781344,0.5087998345952379,24.490719782707107,2209,32.362459546925564,927,28.426589664816333,24.490719782707107,2162
Hitter,Rafael Moran,sa3077045,825438,2026,International Rookie,International Rookie,1,1,International Rookie,135.0,17.0,True,True,0.0016730258796150742,0.009360683831512074,27.567106945036215,2347,28.844169246646025,1938,28.20563809584112,27.567106945036215,2163
Hitter,Ryan Galanie,sa3022759,814436,2026,AAA,AAA,6,4,A | A+ | AA | AAA,396.0,26.0,True,True,0.0549114882335646,0.5055027669328073,24.400181077410593,2209,31.93096008629989,927,28.165570581855242,24.400181077410593,2164
Hitter,Andrews Opata,sa3075458,836168,2026,A,A,3,1,A,444.0,22.0,True,True,0.009079879536013623,0.060911463442731587,30.771138110587653,4033,25.554675118858952,2524,28.162906614723305,25.554675118858952,2165
Hitter,Carson Tucker,sa3014470,691020,2026,AA,AA,5,2,A | AA,310.0,24.0,True,True,0.028024262902186296,0.13779365454988543,21.496815286624205,3140,34.737484737484735,1638,28.11715001205447,21.496815286624205,2166
Hitter,Landon Hodge,sa3069268,821933,2026,Complex,Complex,2,1,Complex,130.0,19.0,True,True,0.0031431283629119273,0.050100339761207605,43.06393244873341,2487,13.100208768267223,1916,28.082070608500317,13.100208768267223,2167
Hitter,Shalin Polanco,sa3015699,694186,2026,A+,A+,4,4,International Rookie | Complex | A | A+,271.0,22.0,True,True,0.008282942340255298,0.09588214551069935,31.403000789681496,3799,24.75022706630336,2202,28.076613927992426,24.75022706630336,2168
Hitter,Adam Zebrowski,sa3017221,700845,2026,AA,AA,5,3,A | A+ | AA,232.0,25.0,True,True,0.02018072831971759,0.20855487007508539,30.35031847133758,3140,25.702075702075703,1638,28.02619708670664,25.702075702075703,2169
Hitter,Angel Guzman,sa3021268,808401,2026,Complex,Complex,2,2,International Rookie | Complex,61.0,20.0,True,False,0.0054242070840155405,0.029334863567070695,29.995979091274627,2487,26.04384133611691,1916,28.019910213695766,26.04384133611691,2170
Hitter,Jhorvic Abreus,sa3021838,808094,2026,A,A,3,3,International Rookie | Complex | A,239.0,20.0,True,True,0.008610806656329732,0.06272043342277886,31.51500123977188,4033,24.445324881141048,2524,27.980163060456462,24.445324881141048,2171
Hitter,Andres Arias,sa3025145,815914,2026,Complex,Complex,2,2,International Rookie | Complex,183.0,19.0,True,True,0.002301748766085057,0.06069872836463369,48.17048652995577,2487,7.776617954070981,1916,27.973552242013373,7.776617954070981,2172
Hitter,Ian Moller,sa3017171,695744,2026,AA,AA,5,4,Complex | A | A+ | AA,279.0,23.0,True,True,0.02193900708314777,0.1888722933879289,27.67515923566879,3140,28.266178266178265,1638,27.97066875092353,27.67515923566879,2173
Hitter,Maick Collado,sa3015534,691408,2026,AA,AA,5,5,International Rookie | Complex | A | A+ | AA,111.0,23.0,True,True,0.010932080771908048,0.33534759570649825,43.53503184713376,3140,12.332112332112333,1638,27.933572089623045,12.332112332112333,2174
Hitter,Ediel Rivera,sa3067330,815528,2026,A,A,3,2,Complex | A,233.0,20.0,True,True,0.00820733808781345,0.0655543090795423,32.729977684106125,4033,23.05863708399366,2524,27.894307384049892,23.05863708399366,2175
Hitter,Shane Sasaki,sa3011754,687071,2026,AAA,AA,6,5,Complex | A | A+ | AA | AAA,80.0,24.0,True,False,0.04552490407060738,0.5973895168574536,30.104119511090992,2209,25.674217907227614,927,27.889168709159303,25.674217907227614,2176
Hitter,Canyon Brown,sa3025630,701401,2026,AA,AA,5,2,A+ | AA,313.0,22.0,True,True,0.0226892469733494,0.18107374336220358,26.369426751592357,3140,29.365079365079364,1638,27.867253058335862,26.369426751592357,2177
Hitter,Tyler Whitaker,sa3017376,696264,2026,AA,AA,5,4,Complex | A | A+ | AA,417.0,23.0,True,True,0.014205038136567648,0.28545436293974236,38.503184713375795,3140,17.155067155067155,1638,27.829125934221473,17.155067155067155,2178
Hitter,Brayden Dowd,sa3030520,804053,2026,A,A,3,1,A,107.0,21.0,True,True,0.010018440505264101,0.052693406486744275,27.22539052814282,4033,28.40729001584786,2524,27.81634027199534,27.22539052814282,2179
Hitter,Kenny Castillo,sa3015863,700341,2026,A+,A+,4,4,International Rookie | Complex | A | A+,338.0,22.0,True,True,0.008038784663410991,0.09662203930152907,31.560937088707554,3799,24.069028156221616,2202,27.814982622464584,24.069028156221616,2180
Hitter,Jorge Corona,sa3067209,687262,2026,AA,AA,5,2,A | AA,213.0,25.0,True,True,0.024975969907694687,0.1585926700717896,23.78980891719745,3140,31.807081807081808,1638,27.79844536213963,23.78980891719745,2181
Hitter,Austin Murr,sa3016967,689456,2026,AA,AA,5,3,A | A+ | AA,204.0,27.0,True,True,0.02445619614534284,0.16372085883250637,24.522292993630572,3140,31.013431013431013,1638,27.767862003530794,24.522292993630572,2182
Hitter,Raudelis Martinez,sa3016835,696020,2026,AA,AA,5,5,International Rookie | Complex | A | A+ | AA,68.0,24.0,True,False,0.01275951527865844,0.30149913076822693,40.28662420382165,3140,15.2014652014652,1638,27.74404470264343,15.2014652014652,2183
Hitter,Ethan Workinger,sa3015166,689688,2026,AA,AA,5,4,Complex | A | A+ | AA,149.0,24.0,True,True,0.024381147117827868,0.16312456059570682,24.45859872611465,3140,31.013431013431013,1638,27.73601486977283,24.45859872611465,2184
Hitter,Jose Ramirez,sa3067742,829759,2026,International Rookie,International Rookie,1,1,International Rookie,179.0,18.0,True,True,0.0027541015386866505,0.003373519802302926,13.336173838943331,2347,42.10526315789474,1938,27.720718498419036,13.336173838943331,2185
Hitter,Eli Lovich,sa3067332,815654,2026,A,A,3,2,Complex | A,431.0,20.0,True,True,0.00792609004311709,0.06743914022353013,33.39945450037193,4033,22.02852614896989,2524,27.71399032467091,22.02852614896989,2186
Hitter,Franklin Merisu,sa3076541,828002,2026,International Rookie,International Rookie,1,1,International Rookie,226.0,18.0,True,True,0.0018086178191167928,0.007931027010854972,24.84022155943758,2347,30.392156862745097,1938,27.61618921109134,24.84022155943758,2187
Hitter,Adam Fogel,sa3076094,687148,2026,AA,AA,5,1,AA,91.0,27.0,True,False,0.03986223576047653,0.05221454556876597,8.471337579617835,3140,46.7032967032967,1638,27.58731714145727,8.471337579617835,2188
Hitter,Alcides Hernandez,sa3022446,815584,2026,A,A,3,3,International Rookie | Complex | A,51.0,21.0,True,False,0.011120897055020836,0.04383605460178429,22.76221175303744,4033,32.408874801901746,2524,27.585543277469593,22.76221175303744,2189
Hitter,Dom Keegan,sa3020194,681371,2026,AAA,AA,6,4,A | A+ | AA | AAA,297.0,24.0,True,True,0.06243802257756447,0.4113909466499345,19.73743775464011,2209,35.382955771305284,927,27.560196762972694,19.73743775464011,2190
Hitter,Andres Torres,sa3023781,821770,2026,Complex,Complex,2,2,International Rookie | Complex,212.0,19.0,True,True,0.0020340780234412124,0.06105442238609308,48.25090470446321,2487,6.837160751565762,1916,27.544032728014486,6.837160751565762,2191
Hitter,Chase Davis,sa3022426,690971,2026,AAA,AAA,6,4,A | A+ | AA | AAA,163.0,24.0,True,True,0.06912513606066294,0.34375822834133474,16.115889542779538,2209,38.942826321467095,927,27.529357932123318,16.115889542779538,2192
Hitter,Kyle West,sa3045036,823918,2026,A+,A+,4,1,A+,537.0,23.0,True,True,0.01030058386080272,0.07951966605423387,25.822584890760726,3799,29.155313351498638,2202,27.488949121129682,25.822584890760726,2193
Hitter,Osmar Torrealba,sa3076645,837807,2026,International Rookie,International Rookie,1,1,International Rookie,165.0,17.0,True,True,0.0016740758667093407,0.008641185409779425,26.11844908393694,2347,28.844169246646025,1938,27.481309165291485,26.11844908393694,2194
Hitter,Sebastian Rojas,sa3024123,821121,2026,International Rookie,International Rookie,1,1,International Rookie,154.0,19.0,True,True,0.0021704016183279294,0.006055724847064682,20.32381763953984,2347,34.62332301341589,1938,27.473570326477866,20.32381763953984,2195
Hitter,Isaac Ponce,sa3024482,821784,2026,Complex,Complex,2,2,International Rookie | Complex,93.0,19.0,True,False,0.003014598056054274,0.049792189265125665,42.983514274225975,2487,11.951983298538622,1916,27.467748786382298,11.951983298538622,2196
Hitter,Cesar Nivar,sa3076646,837812,2026,International Rookie,International Rookie,1,1,International Rookie,129.0,17.0,True,True,0.0018110734325318643,0.007750651940350794,24.49936088623775,2347,30.392156862745097,1938,27.445758874491425,24.49936088623775,2197
Hitter,Mani Cedeno,sa3067680,829041,2026,International Rookie,International Rookie,1,1,International Rookie,126.0,17.0,True,True,0.002020379482348462,0.0065448873300577165,21.474222411589263,2347,33.384932920536635,1938,27.429577666062947,21.474222411589263,2198
Hitter,Caden Connor,sa3022755,804645,2026,AAA,AAA,6,4,A | A+ | AA | AAA,377.0,25.0,True,True,0.027769178770240297,0.7530587626109336,42.64373019465822,2209,12.189859762675297,927,27.416794978666758,12.189859762675297,2199
Hitter,Fernando Triana,sa3076599,837673,2026,International Rookie,International Rookie,1,1,International Rookie,154.0,17.0,True,True,0.0015813939512365686,0.009397369323777242,27.567106945036215,2347,27.24458204334365,1938,27.405844494189935,27.24458204334365,2200
Hitter,Max Ferguson,sa3016819,681132,2026,AAA,AA,6,5,Complex | A | A+ | AA | AAA,68.0,25.0,True,False,0.039486670828725465,0.6466392533900561,33.408782254413765,2209,21.359223300970875,927,27.38400277769232,21.359223300970875,2201
Hitter,Manuel Palencia,sa3015659,692633,2026,AA,AA,5,5,International Rookie | Complex | A | A+ | AA,313.0,23.0,True,True,0.01413452818026034,0.2749754009785212,37.67515923566879,3140,16.78876678876679,1638,27.23196301221779,16.78876678876679,2202
Hitter,Bryce Eblin,sa3068921,694469,2026,A+,A+,4,1,A+,157.0,24.0,True,True,0.012696136393731506,0.06329679979186169,20.873914187944195,3799,33.560399636693916,2202,27.217156912319055,20.873914187944195,2203
Hitter,Deivis Velasquez,sa3076540,827414,2026,International Rookie,International Rookie,1,1,International Rookie,165.0,18.0,True,True,0.002235230198200386,0.0055512162297153495,18.96037494674052,2347,35.44891640866873,1938,27.204645677704626,18.96037494674052,2204
Hitter,Ryan Ignoffo,sa3022573,813883,2026,AA,AA,5,4,Complex | A | A+ | AA,305.0,25.0,True,True,0.02499392399315907,0.14771509718805698,22.579617834394906,3140,31.807081807081808,1638,27.193349820738355,22.579617834394906,2205
Hitter,Nathan Hickey,sa3017398,687208,2026,AAA,AAA,6,4,A | A+ | AA | AAA,207.0,26.0,True,True,0.051412602650512375,0.5217210232234998,24.89814395654142,2209,29.449838187702266,927,27.173991072121844,24.89814395654142,2206
Hitter,Junior Castillo,sa3068397,829706,2026,International Rookie,International Rookie,1,1,International Rookie,106.0,18.0,True,True,0.0024657316708275373,0.004389356358746314,15.764806135492117,2347,38.49329205366357,1938,27.129049094577844,15.764806135492117,2207
Hitter,Sandy Presbot,sa3067721,829715,2026,International Rookie,International Rookie,1,1,International Rookie,188.0,18.0,True,True,0.0019478463161917226,0.0067708082300187225,21.942905837239028,2347,32.19814241486068,1938,27.070524126049854,21.942905837239028,2208
Hitter,Ezequiel Pena,sa3024477,821101,2026,Complex,Complex,2,2,International Rookie | Complex,94.0,19.0,True,False,0.002762949462206511,0.051454664520940364,43.667068757539205,2487,10.438413361169102,1916,27.052741059354155,10.438413361169102,2209
Hitter,Esteban Gonzalez,sa3015535,691416,2026,A+,A+,4,4,International Rookie | Complex | A | A+,321.0,23.0,True,True,0.006835567818719195,0.10492449045180353,33.324559094498554,3799,20.708446866485012,2202,27.016502980491783,20.708446866485012,2210
Hitter,Randy Santana,sa3075057,836597,2026,International Rookie,International Rookie,1,1,International Rookie,169.0,17.0,True,True,0.0026712410662489586,0.003341430679577888,13.123135918193439,2347,40.76367389060888,1938,26.94340490440116,13.123135918193439,2211
Hitter,Wyatt Young,sa3017081,696281,2026,AAA,AA,6,3,Complex | AA | AAA,52.0,24.0,True,False,0.06484281536359002,0.3618690009686274,16.88546853779991,2209,37.001078748651565,927,26.943273643225737,16.88546853779991,2212
Hitter,Stone Russell,sa3022819,806212,2026,A+,A+,4,3,Complex | A | A+,61.0,22.0,True,False,0.00781254920117017,0.09112582901128712,30.139510397473018,3799,23.569482288828336,2202,26.85449634315068,23.569482288828336,2213
Hitter,Jaime Ferrer,sa3025246,695634,2026,AA,AA,5,3,A | A+ | AA,300.0,23.0,True,True,0.020072963117109734,0.19161548445556956,28.15286624203822,3140,25.51892551892552,1638,26.83589588048187,25.51892551892552,2214
Hitter,Tyler Howard,sa3034172,804946,2026,A,A,3,1,A,198.0,22.0,True,True,0.008992247136964159,0.05520485861405887,28.19241259608232,4033,25.435816164817748,2524,26.814114380450036,25.435816164817748,2215
Hitter,Guy Lipscomb,sa3020764,805865,2026,AA,AA,5,3,A | A+ | AA,79.0,25.0,True,False,0.02435403881837931,0.1481907024851911,22.67515923566879,3140,30.952380952380953,1638,26.81377009402487,22.67515923566879,2216
Hitter,Luke Shliger,sa3022694,807740,2026,AA,AA,5,3,A | A+ | AA,66.0,24.0,True,False,0.021432968313608514,0.17575840918746324,25.828025477707005,3140,27.77777777777778,1638,26.802901627742393,25.828025477707005,2217
Hitter,Josue Gonzalez,sa3017175,700648,2026,A+,A+,4,4,International Rookie | Complex | A | A+,264.0,22.0,True,True,0.009322618453865431,0.08166196474999525,26.559620952882337,3799,27.020890099909174,2202,26.790255526395754,26.559620952882337,2218
Hitter,Angel Brachi,sa3023784,821791,2026,Complex,Complex,2,2,International Rookie | Complex,63.0,19.0,True,False,0.001485510132547911,0.06192853811475751,48.73341375150784,2487,4.801670146137787,1916,26.767541948822814,4.801670146137787,2219
Hitter,J.R. Freethy,sa3025310,701540,2026,AA,AA,5,3,A | A+ | AA,109.0,23.0,True,True,0.023948416038053297,0.14795911228010072,22.643312101910826,3140,30.76923076923077,1638,26.706271435570798,22.643312101910826,2220
Hitter,Brayden Smith,sa3060601,829670,2026,A+,A+,4,2,A | A+,101.0,22.0,True,True,0.007633037602378533,0.09128692283721665,30.192155830481706,3799,23.206176203451406,2202,26.699166016966558,23.206176203451406,2221
Hitter,Dayber Cruceta,sa3067671,827426,2026,International Rookie,International Rookie,1,1,International Rookie,155.0,18.0,True,True,0.0016233458014429506,0.008458524979914202,25.82019599488709,2347,27.554179566563466,1938,26.687187780725278,25.82019599488709,2222
Hitter,D'Angelo Ortiz,sa3067324,808571,2026,A,A,3,2,Complex | A,287.0,21.0,True,True,0.006885606278832641,0.06939572894639051,34.515249194148275,4033,18.740095087163233,2524,26.627672140655754,18.740095087163233,2223
Hitter,Adrian Tusen,sa3067719,829711,2026,International Rookie,International Rookie,1,1,International Rookie,119.0,18.0,True,True,0.002108131218707997,0.00557141807183855,19.045590115040476,2347,34.158926728586174,1938,26.602258421813325,19.045590115040476,2224
Hitter,Arlenn Manzanillo,sa3067872,831850,2026,Complex,Complex,2,2,International Rookie | Complex,94.0,18.0,True,False,0.0017043528710470482,0.05977569590296394,47.48693204664254,2487,5.688935281837161,1916,26.587933664239852,5.688935281837161,2225
Hitter,Alexander Vargas,sa3008851,683061,2026,AA,AA,5,4,Complex | A | A+ | AA,62.0,24.0,True,False,0.0166661139627777,0.2232215901962713,32.29299363057325,3140,20.81807081807082,1638,26.555532224322036,20.81807081807082,2226
Hitter,Anson Aroz,sa3026234,695484,2026,A+,A+,4,2,A | A+,63.0,23.0,True,False,0.01304661736318369,0.05626788735111034,18.583837852066335,3799,34.514078110808356,2202,26.548957981437347,18.583837852066335,2227
Hitter,Ricardo Pena,sa3018593,800547,2026,A,A,3,3,International Rookie | Complex | A,56.0,21.0,True,False,0.009523452770048697,0.050590013986665676,26.13439127200595,4033,26.743264659271,2524,26.438827965638474,26.13439127200595,2228
Hitter,Yerlin Confidan,sa3015176,691398,2026,A+,A+,4,3,Complex | A | A+,316.0,23.0,True,True,0.009522394377044071,0.07772610683007297,25.348775993682548,3799,27.42960944595822,2202,26.389192719820386,25.348775993682548,2229
Hitter,Manuel Beltre,sa3015710,694202,2026,A+,A+,4,4,International Rookie | Complex | A | A+,225.0,22.0,True,True,0.006843808573344611,0.09806165057224606,31.955777836272702,3799,20.799273387829246,2202,26.377525612050974,20.799273387829246,2230
Hitter,Johnfrank Salazar,sa3015643,692564,2026,A+,A,4,4,International Rookie | Complex | A | A+,121.0,21.0,True,True,0.005076085230587272,0.12140605879428078,37.325612003158724,3799,15.39509536784741,2202,26.360353685503068,15.39509536784741,2231
Hitter,Ruben Gallego,sa3075072,836618,2026,International Rookie,International Rookie,1,1,International Rookie,209.0,17.0,True,True,0.0019127441953368303,0.006286544621131193,20.920323817639538,2347,31.73374613003096,1938,26.327034973835246,20.920323817639538,2232
Hitter,Graysen Tarlow,sa3022443,815104,2026,AA,AA,5,3,A | A+ | AA,135.0,24.0,True,True,0.0225238348844073,0.1549009722143346,23.471337579617835,3140,29.12087912087912,1638,26.296108350248478,23.471337579617835,2233
Hitter,Carlos Mendoza,sa3008944,685332,2026,AAA,AAA,6,6,International Rookie | Complex | A | A+ | AA | AAA,410.0,26.0,True,True,0.03055743222988651,0.7048776738340271,37.98098687188773,2209,14.563106796116505,927,26.27204683400212,14.563106796116505,2234
Hitter,Francisco Espinoza,sa3024357,821689,2026,Complex,Complex,2,2,International Rookie | Complex,57.0,19.0,True,False,0.0022870860529137864,0.05384211432207689,44.833132287897065,2487,7.67223382045929,1916,26.252683054178178,7.67223382045929,2235
Hitter,Yoiber Ocopio,sa3021159,808060,2026,A,A,3,3,International Rookie | Complex | A,262.0,21.0,True,True,0.008289665695804334,0.05666723575127729,28.861889412348127,4033,23.375594294770206,2524,26.118741853559165,23.375594294770206,2236
Hitter,Ronny Ugarte,sa3018460,800164,2026,A,A,3,3,International Rookie | Complex | A,121.0,21.0,True,True,0.012755067075690914,0.03056701247289929,15.497148524671461,4033,36.687797147385105,2524,26.092472836028282,15.497148524671461,2237
Hitter,Bo Walker,sa3067468,815563,2026,Complex,Complex,2,1,Complex,112.0,20.0,True,True,0.0048945612786553214,0.028164687472617817,28.870124648170485,2487,23.2776617954071,1916,26.073893221788794,23.2776617954071,2238
Hitter,Owen Cobb,sa3025193,686540,2026,AA,AA,5,2,A | AA,267.0,25.0,True,True,0.02528872299315235,0.12504935860808533,20.063694267515924,3140,31.99023199023199,1638,26.02696312887396,20.063694267515924,2239
Hitter,Maikol Hernandez,sa3015712,694204,2026,A+,A+,4,4,International Rookie | Complex | A | A+,69.0,22.0,True,False,0.009423530488980668,0.07466153204131817,24.769676230586995,3799,27.247956403269754,2202,26.008816316928375,24.769676230586995,2240
Hitter,Connor Caskenette,sa3025240,683353,2026,AA,AA,5,3,A | A+ | AA,188.0,24.0,True,True,0.02128729086312909,0.16372206635295222,24.522292993630572,3140,27.35042735042735,1638,25.936360172028962,24.522292993630572,2241
Hitter,Eddson Martinez,sa3024140,821647,2026,Complex,Complex,2,2,International Rookie | Complex,96.0,18.0,True,False,0.0018792652143286793,0.055051759952480586,45.39605950944914,2487,6.471816283924843,1916,25.93393789668699,6.471816283924843,2242
Hitter,Gerlyn Payano,sa3068661,829911,2026,Complex,Complex,2,2,International Rookie | Complex,93.0,18.0,True,False,0.0018792652143286793,0.055051759952480586,45.39605950944914,2487,6.471816283924843,1916,25.93393789668699,6.471816283924843,2242
Hitter,Colin Yeaman,sa3060984,829649,2026,A+,A+,4,2,A | A+,406.0,22.0,True,True,0.008949734021008654,0.07807930884206603,25.585680442221637,3799,26.20345140781108,2202,25.89456592501636,25.585680442221637,2244
Hitter,Luke Scherrer,sa3023140,800615,2026,A,A,3,2,Complex | A,263.0,21.0,True,True,0.007216562615446704,0.06374792144504243,31.96131911728242,4033,19.770206022187004,2524,25.865762569734713,19.770206022187004,2245
Hitter,Luis Rodriguez,sa3076558,834827,2026,International Rookie,International Rookie,1,1,International Rookie,141.0,17.0,True,True,0.0015768025059277357,0.007617353067784778,24.286322965487855,2347,27.141382868937047,1938,25.71385291721245,24.286322965487855,2246
Hitter,Fabian Cordero,sa3068227,830021,2026,International Rookie,International Rookie,1,1,International Rookie,180.0,18.0,True,True,0.0022305085471806575,0.004477609639517808,16.02045164039199,2347,35.39731682146543,1938,25.70888423092871,16.02045164039199,2247
Hitter,Hanley Ramirez,sa3068177,827755,2026,International Rookie,International Rookie,1,1,International Rookie,145.0,19.0,True,True,0.002947565542895158,0.0016423603042028114,6.433745206646783,2347,44.89164086687307,1938,25.662693036759926,6.433745206646783,2248
Hitter,Vladi Gomez,sa3021165,808082,2026,Complex,Complex,2,2,International Rookie | Complex,139.0,20.0,True,True,0.0009685707222686691,0.0616323586873875,48.532368315239246,2487,2.7139874739039667,1916,25.623177894571608,2.7139874739039667,2249
Hitter,Dyan Jorge,sa3018387,694170,2026,AA,AA,5,5,International Rookie | Complex | A | A+ | AA,538.0,23.0,True,True,0.009519568034536786,0.3176236137518691,41.7515923566879,3140,9.340659340659341,1638,25.546125848673622,9.340659340659341,2250
Hitter,Matt Halbach,sa3032989,801561,2026,A+,A+,4,2,A | A+,482.0,23.0,True,True,0.010585412590495316,0.06354731016371723,21.031850486970256,3799,29.97275204359673,2202,25.502301265283492,21.031850486970256,2251
Hitter,Gilventon Josephina,sa3076597,837668,2026,International Rookie,International Rookie,1,1,International Rookie,162.0,17.0,True,True,0.0017978706280552634,0.006275687886286387,20.920323817639538,2347,30.082559339525282,1938,25.50144157858241,20.920323817639538,2252
Hitter,Ben Cowles,sa3016976,701496,2026,AAA,AAA,6,4,A | A+ | AA | AAA,428.0,26.0,True,True,0.03731686575064719,0.6133827210147776,31.23585332729742,2209,19.741100323624597,927,25.488476825461007,19.741100323624597,2253
Hitter,Josh Moylan,sa3022865,694742,2026,AA,AA,5,3,A | A+ | AA,246.0,23.0,True,True,0.014399874729074304,0.23473191089438727,33.47133757961783,3140,17.277167277167276,1638,25.374252428392552,17.277167277167276,2254
Hitter,Deinys Gonzalez,sa3023774,821637,2026,Complex,Complex,2,2,International Rookie | Complex,55.0,19.0,True,False,0.0027437334818305845,0.04607117375652761,40.41013268998794,2487,10.334029227557412,1916,25.372080958772678,10.334029227557412,2255
Hitter,Tucker Flint,sa3019856,687272,2026,AAA,AA,6,3,A | AA | AAA,395.0,24.0,True,True,0.05071729626508832,0.4494061622891867,21.638750565866907,2209,29.018338727076593,927,25.328544646471748,21.638750565866907,2256
Hitter,Darling Fernandez,sa3022969,807000,2026,Complex,Complex,2,2,International Rookie | Complex,142.0,20.0,True,True,0.0037410044078418905,0.03550617644790625,34.25814234016888,2487,16.336116910229645,1916,25.29712962519926,16.336116910229645,2257
Hitter,Jack Payton,sa3022675,694552,2026,AA,AA,5,3,A | A+ | AA,297.0,24.0,True,True,0.02289303539997315,0.13355979759768039,20.987261146496817,3140,29.487179487179485,1638,25.23722031683815,20.987261146496817,2258
Hitter,Manny De Los Santos,sa3076666,837862,2026,International Rookie,International Rookie,1,1,International Rookie,182.0,17.0,True,True,0.002576837932540101,0.0025906338878137077,10.694503621644653,2347,39.73168214654283,1938,25.21309288409374,10.694503621644653,2259
Hitter,Dominic Pitelli,sa3022809,694689,2026,AA,AA,5,2,A | AA,130.0,24.0,True,True,0.02805243401493657,0.09555446253745482,15.636942675159236,3140,34.737484737484735,1638,25.187213706321984,15.636942675159236,2260
Hitter,Adam Zebrowski,sa3017221,700845,2026,AAA,AAA,6,4,A | A+ | AA | AAA,70.0,25.0,True,False,0.029898896861034537,0.6832860909373671,36.215482118605706,2209,14.023732470334412,927,25.119607294470057,14.023732470334412,2261
Hitter,Daniel Meza,sa3068224,829995,2026,International Rookie,International Rookie,1,1,International Rookie,121.0,18.0,True,True,0.0032208531723699743,0.0005641035142076176,2.428632296548786,2347,47.6780185758514,1938,25.05332543620009,2.428632296548786,2262
Hitter,Frank Rodriguez,sa3009330,684491,2026,AA,AA,5,4,International Rookie | Complex | A+ | AA,270.0,24.0,True,True,0.017131565009900776,0.19584918110289526,28.662420382165607,3140,21.428571428571427,1638,25.04549590536852,21.428571428571427,2263
Hitter,Aidan Longwell,sa3022574,815067,2026,AA,AA,5,4,Complex | A | A+ | AA,385.0,24.0,True,True,0.022087736176360468,0.13890513426167306,21.656050955414013,3140,28.388278388278387,1638,25.0221646718462,21.656050955414013,2264
Hitter,Dustin Dickerson,sa3022828,815039,2026,AAA,AAA,6,3,A+ | AA | AAA,78.0,25.0,True,False,0.040630478276902436,0.5680950714661037,27.840651878678134,2209,22.114347357065803,927,24.97749961787197,22.114347357065803,2265
Hitter,Marcus Lee Sang,sa3011445,686984,2026,AA,AA,5,4,Complex | A | A+ | AA,425.0,25.0,True,True,0.015099387595817054,0.21545311307049153,31.528662420382165,3140,18.376068376068375,1638,24.952365398225268,18.376068376068375,2266
Hitter,Nathan Humphreys,sa3069051,801537,2026,A+,A+,4,2,A | A+,106.0,23.0,True,True,0.009804792592137035,0.06528995422202673,21.742563832587525,3799,28.15622161671208,2202,24.949392724649805,21.742563832587525,2267
Hitter,Luis Durango,sa3015232,691411,2026,A+,A,4,3,Complex | A | A+,112.0,22.0,True,True,0.0058372298438682585,0.09861750789046254,32.113714135298764,3799,17.71117166212534,2202,24.91244289871205,17.71117166212534,2268
Hitter,Hyungchan Um,sa3021585,805870,2026,A,A,3,2,Complex | A,276.0,22.0,True,True,0.009004226594319936,0.047331102472458246,24.3491197619638,4033,25.47543581616482,2524,24.91227778906431,24.3491197619638,2269
Hitter,Nixon Chirinos,sa3022164,808694,2026,A,A,3,3,International Rookie | Complex | A,113.0,20.0,True,True,0.009214778131528446,0.04609302773340482,23.828415571534837,4033,25.950871632329637,2524,24.889643601932235,23.828415571534837,2270
Hitter,Ivan Brethowr,sa3025415,814442,2026,AA,AA,5,3,A | A+ | AA,217.0,23.0,True,True,0.018959879140568615,0.1724858139329931,25.54140127388535,3140,24.236874236874236,1638,24.889137755379792,24.236874236874236,2271
Hitter,Darian Rojas,sa3076580,837621,2026,International Rookie,International Rookie,1,1,International Rookie,143.0,19.0,True,True,0.0025207840921082896,0.002575223415224668,10.609288453344695,2347,39.1640866873065,1938,24.8866875703256,10.609288453344695,2272
Hitter,Ryan McCrystal,sa3025334,701734,2026,AA,AA,5,3,A | A+ | AA,123.0,23.0,True,True,0.02294232898523953,0.12754716791546888,20.222929936305732,3140,29.54822954822955,1638,24.88557974226764,20.222929936305732,2273
Hitter,Garrett Pennington,sa3025600,693243,2026,A+,A+,4,2,A | A+,252.0,25.0,True,True,0.01181601087439804,0.051245412175616865,17.136088444327456,3799,32.19800181653043,2202,24.667045130428942,17.136088444327456,2274
Hitter,Rolthemnay Marquetti,sa3077078,837868,2026,International Rookie,International Rookie,1,1,International Rookie,126.0,17.0,True,True,0.002432414676496273,0.0027019626402402745,11.035364294844483,2347,38.23529411764706,1938,24.63532920624577,11.035364294844483,2275
Hitter,Enyervert Perez,sa3022379,808381,2026,A,A,3,3,International Rookie | Complex | A,393.0,20.0,True,True,0.008474631381245674,0.0489722210428618,25.09298289114803,4033,24.049128367670363,2524,24.571055629409194,24.049128367670363,2276
Hitter,Joshua Francis,sa3023978,821806,2026,Complex,Complex,2,2,International Rookie | Complex,126.0,19.0,True,True,0.0011810879721987078,0.055250210092776295,45.476477683956574,2487,3.6012526096033404,1916,24.53886514677996,3.6012526096033404,2277
Hitter,Simon Juan,sa3018412,703159,2026,A,A,3,3,International Rookie | Complex | A,298.0,20.0,True,True,0.007065980357162988,0.05818597536862724,29.481775353334985,4033,19.492868462757528,2524,24.487321908046255,19.492868462757528,2278
Hitter,Anderson Areinamo,sa3067775,829868,2026,Complex,Complex,2,2,International Rookie | Complex,168.0,19.0,True,True,0.002860670530512317,0.04137943061562694,37.957378367511055,2487,10.960334029227557,1916,24.458856198369304,10.960334029227557,2279
Hitter,Brayan Buelvas,sa3008868,683454,2026,AAA,AAA,6,6,International Rookie | Complex | A | A+ | AA | AAA,369.0,24.0,True,True,0.019213917484393155,0.745830795860981,42.009959257582615,2209,6.903991370010788,927,24.4569753137967,6.903991370010788,2280
Hitter,Dayson Croes,sa3067396,806401,2026,AA,AA,5,2,A+ | AA,299.0,26.0,True,True,0.02706258525549145,0.09270378165238884,15.414012738853502,3140,33.45543345543346,1638,24.43472309714348,15.414012738853502,2281
Hitter,Danny Cancro,sa3023903,820943,2026,International Rookie,International Rookie,1,1,International Rookie,188.0,19.0,True,True,0.00119302083467119,0.009423013865659807,27.567106945036215,2347,21.207430340557277,1938,24.387268642796748,21.207430340557277,2282
Hitter,Adrian Rodriguez,sa3019899,703641,2026,A,A,3,2,Complex | A,81.0,22.0,True,False,0.0088733566546359,0.045695256744492256,23.679642945697992,4033,25.079239302694138,2524,24.379441124196063,23.679642945697992,2283
Hitter,Max Holy,sa3025362,802959,2026,A+,A+,4,2,A | A+,88.0,23.0,True,False,0.008759672094343442,0.06935206558627519,23.006054224796,3799,25.703905540417804,2202,24.3549798826069,23.006054224796,2284
Hitter,Jose Astudillo,sa3016548,698973,2026,A+,A+,4,4,International Rookie | Complex | A | A+,71.0,22.0,True,False,0.011443321031077853,0.05010738203781926,17.00447486180574,3799,31.65304268846503,2202,24.328758775135384,17.00447486180574,2285
Hitter,Rodney Green Jr.,sa3025384,701587,2026,A+,A+,4,2,A | A+,451.0,23.0,True,True,0.008876417757539435,0.06767147480784229,22.53224532771782,3799,26.021798365122617,2202,24.27702184642022,22.53224532771782,2286
Hitter,Leandro Pineda,sa3008905,683610,2026,AA,AA,5,5,International Rookie | Complex | A | A+ | AA,270.0,24.0,True,True,0.01148087563900559,0.25538217398010177,35.4140127388535,3140,13.125763125763125,1638,24.269887932308315,13.125763125763125,2287
Hitter,Kerrington Cross,sa3029598,701136,2026,A+,A+,4,2,A | A+,211.0,24.0,True,True,0.012631948017103302,0.04483080515975489,15.00394840747565,3799,33.42415985467757,2202,24.214054131076608,15.00394840747565,2288
Hitter,Jaeden Calderon,sa3021274,808496,2026,A,A,3,3,International Rookie | Complex | A,151.0,20.0,True,True,0.006362282321377233,0.06291143581132852,31.589387552690305,4033,16.798732171156892,2524,24.1940598619236,16.798732171156892,2289
Hitter,Mathieu Vallee,sa3076098,700795,2026,A+,A+,4,1,A+,68.0,25.0,True,False,0.012282563122300581,0.04651471914432207,15.556725454066859,3799,32.788374205267935,2202,24.172549829667396,15.556725454066859,2290
Hitter,JT Schwartz,sa3017371,681286,2026,AAA,AA,6,4,A | A+ | AA | AAA,178.0,24.0,True,True,0.05158915250286088,0.39019786622371844,18.60570393843368,2209,29.665587918015103,927,24.135645928224392,18.60570393843368,2291
Hitter,Cade Fergus,sa3019919,681495,2026,AA,AA,5,3,A | A+ | AA,72.0,25.0,True,False,0.02173874302440867,0.12582730154583782,20.159235668789808,3140,28.021978021978022,1638,24.090606845383917,20.159235668789808,2292
Hitter,Wanel Celestin,sa3077053,833244,2026,International Rookie,International Rookie,1,1,International Rookie,126.0,18.0,True,True,0.0025227920727048775,0.0022642448620406224,8.990200255645505,2347,39.1640866873065,1938,24.077143471476003,8.990200255645505,2293
Hitter,Carlos Cauro,sa3019763,803426,2026,A,A,3,3,International Rookie | Complex | A,271.0,21.0,True,True,0.008408334912909602,0.04676911137408346,24.249938011405902,4033,23.851030110935024,2524,24.050484061170465,23.851030110935024,2294
Hitter,Henry Ramos,sa3018432,703201,2026,A,A,3,3,International Rookie | Complex | A,426.0,21.0,True,True,0.006033986797495391,0.06525052204356974,32.581205058269276,4033,15.491283676703645,2524,24.03624436748646,15.491283676703645,2295
Hitter,Naibel Mariano,sa3023711,807648,2026,Complex,Complex,2,2,International Rookie | Complex,249.0,19.0,True,True,0.0024818260116172062,0.043891067261988735,39.163650985122636,2487,8.872651356993737,1916,24.018151171058186,8.872651356993737,2296
Hitter,Enderson Delgado,sa3018576,800503,2026,A,A,3,3,International Rookie | Complex | A,56.0,21.0,True,False,0.009239040908586064,0.04258593669304536,21.919166873295314,4033,26.03011093502377,2524,23.97463890415954,21.919166873295314,2297
Hitter,Cole Mathis,sa3037300,695573,2026,A,A,3,1,A,86.0,22.0,True,False,0.009902116968002162,0.03858574652627286,19.811554673939995,4033,28.01109350237718,2524,23.911324088158587,19.811554673939995,2298
Hitter,Bradley Frye,sa3069147,804503,2026,A,A,3,1,A,350.0,23.0,True,True,0.007445406401972353,0.05280511557939232,27.250185965782297,4033,20.56259904912837,2524,23.906392507455333,20.56259904912837,2299
Hitter,Eduardo Garcia,sa3008751,682633,2026,AA,AA,5,4,Complex | A | A+ | AA,197.0,23.0,True,True,0.014177467738160981,0.21063486980981214,30.70063694267516,3140,17.094017094017094,1638,23.897327018346125,17.094017094017094,2300
Hitter,Derek Datil,sa3067337,827613,2026,A,A,3,2,Complex | A,178.0,20.0,True,True,0.005747472670953855,0.0660495960337597,32.97793206050087,4033,14.778129952456418,2524,23.878031006478643,14.778129952456418,2301
Hitter,Fabelin Volquez,sa3068923,832790,2026,International Rookie,International Rookie,1,1,International Rookie,134.0,18.0,True,True,0.001483049358990186,0.006557705006345276,21.51682999573924,2347,26.212590299277604,1938,23.864710147508422,21.51682999573924,2302
Hitter,Aaron McKeithan,sa3016977,702463,2026,AA,AA,5,3,A | A+ | AA,120.0,26.0,True,True,0.027596121164792445,0.08143415653721758,13.535031847133759,3140,34.18803418803419,1638,23.861533017583973,13.535031847133759,2303
Hitter,Isay Veras,sa3076520,824918,2026,International Rookie,International Rookie,1,1,International Rookie,191.0,18.0,True,True,0.0017139414639648824,0.005422638318611776,18.61951427354069,2347,29.102167182662537,1938,23.860840728101614,18.61951427354069,2304
Hitter,Bradley Frye,sa3069147,804503,2026,A+,A+,4,2,A | A+,70.0,23.0,True,False,0.00905809430096513,0.06404100344531968,21.189786785996315,3799,26.521344232515894,2202,23.855565509256103,21.189786785996315,2305
Hitter,Jose Salas,sa3014690,691191,2026,AA,A+,5,4,Complex | A | A+ | AA,179.0,22.0,True,True,0.007804188952018378,0.3082337574557798,40.92356687898089,3140,6.654456654456655,1638,23.789011766718772,6.654456654456655,2306
Hitter,Luis Rives,sa3023624,823878,2026,Complex,Complex,2,1,Complex,140.0,21.0,True,True,0.002563525458855909,0.0419176563544542,38.118214716525934,2487,9.446764091858038,1916,23.782489404191985,9.446764091858038,2307
Hitter,Alex Ungar,sa3076118,836153,2026,A+,A+,4,1,A+,167.0,24.0,True,True,0.010779637431349626,0.05022544216348392,17.030797578310082,3799,30.517711171662125,2202,23.774254374986103,17.030797578310082,2308
Hitter,Eliezer Rivero,sa3018937,800191,2026,Complex,Complex,2,2,International Rookie | Complex,107.0,21.0,True,True,0.0020987828193017584,0.04590705672649084,40.36992360273422,2487,7.150313152400835,1916,23.760118377567526,7.150313152400835,2309
Hitter,Ernesto Martinez Jr.,sa3003173,667803,2026,AAA,AAA,6,6,International Rookie | Complex | A | A+ | AA | AAA,427.0,27.0,True,True,0.026911550938126697,0.6811310460408025,36.079674060660935,2209,11.434735706580367,927,23.757204883620652,11.434735706580367,2310
Hitter,Walker Martin,sa3023545,806152,2026,A+,A+,4,3,Complex | A | A+,449.0,22.0,True,True,0.004774975420861883,0.1040945784304915,33.06133192945512,3799,14.44141689373297,2202,23.751374411594046,14.44141689373297,2311
Hitter,Wallace Clark,sa3028999,800712,2026,A+,A+,4,1,A+,332.0,24.0,True,True,0.01083719466704754,0.04976646623123229,16.76757041326665,3799,30.69936421435059,2202,23.73346731380862,16.76757041326665,2312
Hitter,Cameron Leary,sa3025469,802474,2026,AA,AA,5,3,A | A+ | AA,476.0,24.0,True,True,0.0161969657934088,0.18877483828379263,27.67515923566879,3140,19.78021978021978,1638,23.727689507944284,19.78021978021978,2313
Hitter,Cristian Perez,sa3022320,807008,2026,Complex,Complex,2,2,International Rookie | Complex,175.0,19.0,True,True,0.003969554654210871,0.0292129814243551,29.754724567752312,2487,17.69311064718163,1916,23.723917607466973,17.69311064718163,2314
Hitter,Trey Faltine,sa3020118,683104,2026,AAA,AA,6,4,A | A+ | AA | AAA,57.0,24.0,True,False,0.016332859055373555,0.7463532340749427,42.009959257582615,2209,5.17799352750809,927,23.593976392545354,5.17799352750809,2315
Hitter,Dayan Frias,sa3008768,682679,2026,AAA,AAA,6,6,International Rookie | Complex | A | A+ | AA | AAA,311.0,24.0,True,True,0.02965742948703027,0.6477997446809122,33.45405160706202,2209,13.700107874865157,927,23.57707974096359,13.700107874865157,2316
Hitter,Vincent Perozo,sa3015188,691710,2026,A+,A+,4,3,Complex | A | A+,69.0,23.0,True,False,0.008637257820871042,0.06514745137757912,21.663595683074494,3799,25.431425976385103,2202,23.5475108297298,21.663595683074494,2317
Hitter,Kevin Bruggeman,sa3023073,815755,2026,A+,A+,4,2,A | A+,146.0,24.0,True,True,0.010426523242875484,0.05144257219116242,17.18873387733614,3799,29.70027247956403,2202,23.444503178450084,17.18873387733614,2318
Hitter,Michael Hallquist,sa3077756,827624,2026,A+,A+,4,1,A+,149.0,24.0,True,True,0.007938009086041323,0.06963926740420416,23.058699657804684,3799,23.79654859218892,2202,23.427624124996804,23.058699657804684,2319
Hitter,Blake Rambusch,sa3020008,800683,2026,AAA,AAA,6,3,A+ | AA | AAA,80.0,26.0,True,False,0.05042753615536092,0.37555919975770746,18.017202354006336,2209,28.802588996763753,927,23.409895675385044,18.017202354006336,2320
Hitter,Max Holy,sa3025362,802959,2026,AA,AA,5,3,A | A+ | AA,363.0,23.0,True,True,0.016899323855143908,0.1745222254127695,25.73248407643312,3140,21.062271062271062,1638,23.39737756935209,21.062271062271062,2321
Hitter,Trevor Haskins,sa3033370,695579,2026,A,A,3,1,A,376.0,23.0,True,True,0.00855160327655944,0.04356020326143644,22.464666501363748,4033,24.247226624405705,2524,23.355946562884725,22.464666501363748,2322
Hitter,Maxwell Romero Jr.,sa3020271,686912,2026,AA,AA,5,3,A | A+ | AA,229.0,25.0,True,True,0.022486306574465757,0.10875991699634636,17.547770700636942,3140,29.12087912087912,1638,23.33432491075803,17.547770700636942,2323
Hitter,Bernardo Doc,sa3076499,822204,2026,International Rookie,International Rookie,1,1,International Rookie,100.0,17.0,True,True,0.0018027772373960928,0.004614208243666247,16.31870472944184,2347,30.340557275541794,1938,23.329631002491816,16.31870472944184,2324
Hitter,Joyner Perez,sa3067762,829836,2026,Complex,Complex,2,2,International Rookie | Complex,101.0,18.0,True,True,0.004571221906652836,0.024176560087320408,24.929634097305993,2487,21.60751565762004,1916,23.268574877463017,21.60751565762004,2325
Hitter,Sandy Luciano,sa3023782,821773,2026,Complex,Complex,2,2,International Rookie | Complex,75.0,19.0,True,False,0.0017266886322230613,0.04640738202465636,40.691596300763976,2487,5.845511482254698,1916,23.268553891509338,5.845511482254698,2326
Hitter,Alejandro Pereira,sa3024325,821163,2026,Complex,Complex,2,2,International Rookie | Complex,76.0,19.0,True,False,0.0013891783688623528,0.04873677408469883,42.09891435464415,2487,4.384133611691023,1916,23.241523983167585,4.384133611691023,2327
Hitter,Eliesbert Alejos,sa3021195,808148,2026,A,A,3,3,International Rookie | Complex | A,333.0,20.0,True,True,0.006648733978868547,0.056129519471214855,28.638730473592858,4033,17.789223454833596,2524,23.213976964213227,17.789223454833596,2328
Hitter,Alexandel Pio,sa3076513,822259,2026,International Rookie,International Rookie,1,1,International Rookie,180.0,17.0,True,True,0.0026099462283207743,0.0016077680370661486,6.263314870046869,2347,40.14447884416925,1938,23.20389685710806,6.263314870046869,2329
Hitter,Ronny Suarez,sa3067733,829742,2026,International Rookie,International Rookie,1,1,International Rookie,125.0,18.0,True,True,0.001819350389680719,0.004351659495353247,15.764806135492117,2347,30.598555211558306,1938,23.18168067352521,15.764806135492117,2330
Hitter,Hans Montero,sa3016321,694215,2026,A+,A+,4,4,International Rookie | Complex | A | A+,66.0,22.0,True,False,0.009230707619862392,0.05837453140843772,19.426164780205315,3799,26.884650317892824,2202,23.15540754904907,19.426164780205315,2331
Hitter,Maick Collado,sa3015534,691408,2026,A+,A+,4,4,International Rookie | Complex | A | A+,136.0,23.0,True,True,0.010160820668508283,0.05238618359346572,17.372992892866545,3799,28.928247048138058,2202,23.1506199705023,17.372992892866545,2332
Hitter,Johnny Ascanio,sa3015526,691392,2026,A+,A+,4,4,International Rookie | Complex | A | A+,122.0,22.0,True,True,0.008252564139002948,0.06465686940500874,21.47933666754409,3799,24.704813805631243,2202,23.092075236587668,21.47933666754409,2333
Hitter,Jorge Rodriguez,sa3023974,821772,2026,Complex,Complex,2,2,International Rookie | Complex,124.0,20.0,True,True,0.0011593449054263579,0.049065095889246194,42.46079613992762,2487,3.549060542797495,1916,23.004928341362557,3.549060542797495,2334
Hitter,Yorwhuyn Toledo,sa3076644,837806,2026,International Rookie,International Rookie,1,1,International Rookie,102.0,17.0,True,True,0.0017325675139500726,0.0046865406491764065,16.57435023434171,2347,29.41176470588235,1938,22.99305747011203,16.57435023434171,2335
Hitter,Luis De Leon,sa3021148,808029,2026,Complex,Complex,2,2,International Rookie | Complex,210.0,20.0,True,True,0.002976118758457062,0.03567210205915494,34.33856051467632,2487,11.63883089770355,1916,22.988695706189933,11.63883089770355,2336
Hitter,Kodey Shojinaga,sa3025412,809975,2026,A+,A+,4,2,A | A+,374.0,23.0,True,True,0.009836484568112315,0.05353539174990059,17.767833640431693,3799,28.201634877384198,2202,22.984734258907945,17.767833640431693,2337
Hitter,Avery Owusu-Asiedu,sa3022604,801938,2026,A+,A+,4,3,Complex | A | A+,358.0,23.0,True,True,0.0063541256456416985,0.081072062664128,26.375361937351936,3799,19.30063578564941,2202,22.837998861500672,19.30063578564941,2338
Hitter,Derek Cerda,sa3066029,832213,2026,A,A,3,1,A,133.0,23.0,True,True,0.00915889655562321,0.03837392766944441,19.761963798661046,4033,25.911251980982566,2524,22.836607889821806,19.761963798661046,2339
Hitter,Arturo Disla,sa3022618,815697,2026,AA,AA,5,4,International Rookie | A | A+ | AA,403.0,25.0,True,True,0.015205615848047107,0.1863854272303309,27.197452229299362,3140,18.437118437118436,1638,22.8172853332089,18.437118437118436,2340
Hitter,Jonny McGill,sa3075761,692169,2026,A+,A+,4,2,A | A+,53.0,24.0,True,False,0.009909213339443347,0.05173184105755083,17.24137931034483,3799,28.292461398728427,2202,22.76692035453663,17.24137931034483,2341
Hitter,Yohendry Sanchez,sa3023896,815921,2026,Complex,Complex,2,2,International Rookie | Complex,79.0,19.0,True,False,0.0010140142276969944,0.04902845367251519,42.4205870526739,2487,3.0271398747390394,1916,22.723863463706472,3.0271398747390394,2342
Hitter,Luca Tresh,sa3017394,681123,2026,AAA,AAA,6,3,A+ | AA | AAA,371.0,26.0,True,True,0.05317125952602068,0.31084194105187535,14.757808963331824,2209,30.63646170442287,927,22.69713533387735,14.757808963331824,2343
Hitter,Homer Bush Jr.,sa3022480,683344,2026,AAA,AAA,6,5,Complex | A | A+ | AA | AAA,372.0,24.0,True,True,0.022907980144252514,0.6792613475953869,35.94386600271616,2209,9.385113268608414,927,22.66448963566229,9.385113268608414,2344
Hitter,Samuel Gonzalez,sa3024117,820997,2026,Complex,Complex,2,2,International Rookie | Complex,105.0,19.0,True,True,0.0009796714968136138,0.04924253096639221,42.501005227181345,2487,2.8183716075156577,1916,22.6596884173485,2.8183716075156577,2345
Hitter,Tomas Frick,sa3023485,694281,2026,AA,AA,5,3,A | A+ | AA,65.0,25.0,True,False,0.0217940281070265,0.10682159192260583,17.197452229299362,3140,28.021978021978022,1638,22.609715125638694,17.197452229299362,2346
Hitter,Graham Brown,sa3076419,842249,2026,A+,A+,4,2,A | A+,112.0,24.0,True,True,0.010135552721204037,0.04828895236982511,16.346406949197156,3799,28.837420526793824,2202,22.59191373799549,16.346406949197156,2347
Hitter,Bobby Blandford,sa3069067,701520,2026,A,A,3,1,A,486.0,23.0,True,True,0.009009387072375518,0.03821847774517373,19.637986610463674,4033,25.47543581616482,2524,22.556711213314244,19.637986610463674,2348
Hitter,Dayne Leonard,sa3068676,802143,2026,AAA,AAA,6,1,AAA,110.0,26.0,True,True,0.0738220115590544,0.06694852658514251,4.210049796287913,2209,40.88457389428263,927,22.54731184528527,4.210049796287913,2349
Hitter,Anyelo Jean,sa3076528,825392,2026,International Rookie,International Rookie,1,1,International Rookie,163.0,17.0,True,True,0.0014337046906084977,0.005754549936689321,19.55688112484022,2347,25.49019607843137,1938,22.523538601635796,19.55688112484022,2350
Hitter,Brayan Cortesia,sa3067686,829049,2026,Complex,Complex,2,2,International Rookie | Complex,176.0,18.0,True,True,0.0018175979137256184,0.04326501631878711,38.72135102533173,2487,6.315240083507307,1916,22.518295554419517,6.315240083507307,2351
Hitter,Anthony Scull,sa3017988,703430,2026,AA,AA,5,4,Complex | A | A+ | AA,155.0,22.0,True,True,0.012576105782039214,0.2029265347351393,29.936305732484076,3140,14.896214896214897,1638,22.416260314349486,14.896214896214897,2352
Hitter,Clay Burdette,sa3058770,812185,2026,A,A,3,1,A,126.0,22.0,True,True,0.00818079081497619,0.04236988835543694,21.84478056037689,4033,22.979397781299525,2524,22.412089170838208,21.84478056037689,2353
Hitter,Yerlin Confidan,sa3015176,691398,2026,AA,AA,5,4,Complex | A | A+ | AA,198.0,23.0,True,True,0.010708221633858666,0.2297655755306401,32.89808917197452,3140,11.782661782661783,1638,22.34037547731815,11.782661782661783,2354
Hitter,JT Benson,sa3076097,694842,2026,AA,AA,5,3,A | A+ | AA,81.0,24.0,True,False,0.014350705193168918,0.187311226434828,27.452229299363058,3140,17.216117216117215,1638,22.334173257740137,17.216117216117215,2355
Hitter,Edward Duran,sa3016719,698927,2026,A+,A+,4,4,International Rookie | Complex | A | A+,181.0,22.0,True,True,0.006566682422709074,0.07449868061882632,24.743353514082653,3799,19.891008174386922,2202,22.317180844234787,19.891008174386922,2356
Hitter,Derik Alcantara,sa3021322,814131,2026,A,Complex,3,3,International Rookie | Complex | A,99.0,20.0,True,False,0.008218732192722513,0.041478330982371796,21.472848995784776,4033,23.09825673534073,2524,22.285552865562753,21.472848995784776,2357
Hitter,Casey Cook,sa3025356,695517,2026,A+,A+,4,2,A | A+,178.0,23.0,True,True,0.00816775668161136,0.060321089236083134,20.136878125822584,3799,24.38692098092643,2202,22.261899553374505,20.136878125822584,2358
Hitter,Jean Walters,sa3015236,695078,2026,AA,AA,5,4,Complex | A | A+ | AA,178.0,24.0,True,True,0.010181871530345728,0.24041518320329724,33.82165605095541,3140,10.683760683760683,1638,22.252708367358046,10.683760683760683,2359
Hitter,Kyle Jones,sa3034889,812807,2026,A,A,3,1,A,105.0,21.0,True,True,0.0064670485685105585,0.052862819959869925,27.250185965782297,4033,17.194928684627577,2524,22.22255732520494,17.194928684627577,2360
Hitter,Jaeden Calderon,sa3021274,808496,2026,Complex,Complex,2,2,International Rookie | Complex,107.0,20.0,True,True,0.0023258798234958478,0.038724426474940975,36.349014877362286,2487,7.985386221294363,1916,22.167200549328324,7.985386221294363,2361
Hitter,Dariel Santana,sa3077044,825266,2026,International Rookie,International Rookie,1,1,International Rookie,200.0,18.0,True,True,0.0023046699596543474,0.002024212976975889,7.711972731146144,2347,36.58410732714138,1938,22.148040029143765,7.711972731146144,2362
Hitter,Jonathan Hogart,sa3069054,814781,2026,A,A,3,1,A,379.0,24.0,True,True,0.008799940025248507,0.03737092910603339,19.216464170592612,4033,25.0,2524,22.108232085296308,19.216464170592612,2363
Hitter,Luis Suisbel,sa3016717,692044,2026,A+,A+,4,4,International Rookie | Complex | A | A+,433.0,23.0,True,True,0.0086261355854004,0.05661127717085836,18.820742300605424,3799,25.386012715712987,2202,22.103377508159205,18.820742300605424,2364
Hitter,Jack Costello,sa3025242,694320,2026,AA,AA,5,3,A | A+ | AA,79.0,25.0,True,False,0.021600117378705062,0.09858271777770064,16.05095541401274,3140,27.96092796092796,1638,22.00594168747035,16.05095541401274,2365
Hitter,Tytus Cissell,sa3067331,815632,2026,A,A,3,2,Complex | A,221.0,20.0,True,True,0.005075460217044231,0.06363062786150657,31.91172824200347,4033,12.083993660855784,2524,21.997860951429626,12.083993660855784,2366
Hitter,Ben Hartl,sa3025364,803015,2026,A+,A+,4,2,A | A+,191.0,23.0,True,True,0.007663085892317121,0.062223192833589236,20.715977888918136,3799,23.206176203451406,2202,21.96107704618477,20.715977888918136,2367
Hitter,Ryan Galanie,sa3022759,814436,2026,AA,AA,5,3,A | A+ | AA,54.0,26.0,True,False,0.024316088595894233,0.0781011754110425,12.961783439490446,3140,30.952380952380953,1638,21.957082195935698,12.961783439490446,2368
Hitter,Zach Evans,sa3066361,828473,2026,A+,A+,4,2,A | A+,296.0,23.0,True,True,0.00922128866875691,0.05016096496879341,17.00447486180574,3799,26.884650317892824,2202,21.944562589849284,17.00447486180574,2369
Hitter,Ethan O'Donnell,sa3022616,807751,2026,AAA,AAA,6,4,A | A+ | AA | AAA,238.0,24.0,True,True,0.042551651271410376,0.4225711285064422,20.32593933906745,2209,23.516720604099245,927,21.921329971583347,20.32593933906745,2370
Hitter,Geuri Lubo,sa3017122,702895,2026,A+,A+,4,4,International Rookie | Complex | A | A+,70.0,22.0,True,False,0.006447454285641938,0.07234511949716842,24.24322190050013,3799,19.482288828337875,2202,21.862755364419,19.482288828337875,2371
Hitter,Edgar Alvarez,sa3025269,827294,2026,AA,AA,5,2,A+ | AA,422.0,25.0,True,True,0.024530740373800902,0.07694031030763746,12.67515923566879,3140,31.013431013431013,1638,21.8442951245499,12.67515923566879,2372
Hitter,Maikol Rodriguez,sa3068236,830465,2026,International Rookie,International Rookie,1,1,International Rookie,162.0,19.0,True,True,0.0015780893501693208,0.004655589402531561,16.446527481891778,2347,27.19298245614035,1938,21.819754969016063,16.446527481891778,2373
Hitter,Chase Heath,sa3069050,800840,2026,A,A,3,1,A,294.0,22.0,True,True,0.008117539587088243,0.04026763948782195,20.679394991321598,4033,22.86053882725832,2524,21.76996690928996,20.679394991321598,2374
Hitter,Carter Garate,sa3075165,804466,2026,A+,A+,4,1,A+,196.0,22.0,True,True,0.008109853609867886,0.058303437682604924,19.399842063700973,3799,24.114441416893733,2202,21.757141740297353,19.399842063700973,2375
Hitter,Anthony Marquez,sa3023960,821645,2026,Complex,Complex,2,2,International Rookie | Complex,199.0,19.0,True,True,0.001642699889508372,0.04186184647566882,38.118214716525934,2487,5.323590814196242,1916,21.72090276536109,5.323590814196242,2376
Hitter,Ryan Spikes,sa3017792,691797,2026,AA,AA,5,3,A | A+ | AA,295.0,23.0,True,True,0.011977601353973832,0.2020431177672477,29.64968152866242,3140,13.736263736263735,1638,21.69297263246308,13.736263736263735,2377
Hitter,Eliander Primera,sa3068691,832706,2026,International Rookie,International Rookie,1,1,International Rookie,187.0,18.0,True,True,0.002000844036774454,0.002528221383305718,10.396250532594802,2347,32.972136222910216,1938,21.684193377752507,10.396250532594802,2378
Hitter,Nic Kent,sa3017160,684715,2026,AAA,AAA,6,4,Complex | A+ | AA | AAA,339.0,26.0,True,True,0.03884307214292207,0.46855181365082393,22.72521502942508,2209,20.604099244875943,927,21.664657137150513,20.604099244875943,2379
Hitter,Chris Newell,sa3019971,683006,2026,AA,AA,5,3,A | A+ | AA,418.0,25.0,True,True,0.022405501372946265,0.08628246624781519,14.299363057324841,3140,28.998778998779,1638,21.64907102805192,14.299363057324841,2380
Hitter,Taylor Young,sa3019907,805891,2026,AAA,AAA,6,4,A | A+ | AA | AAA,50.0,27.0,True,False,0.035103548839403836,0.5087872043192763,24.490719782707107,2209,18.77022653721683,927,21.630473159961966,18.77022653721683,2381
Hitter,Jonah Advincula,sa3023056,809945,2026,AA,A+,5,2,A+ | AA,148.0,24.0,True,True,0.022263449899670915,0.08621303588245785,14.299363057324841,3140,28.937728937728938,1638,21.61854599752689,14.299363057324841,2382
Hitter,Roderick Flores,sa3021205,808228,2026,Complex,Complex,2,2,International Rookie | Complex,106.0,19.0,True,True,0.0009233236627050062,0.04648720195049424,40.73180538801769,2487,2.5052192066805845,1916,21.618512297349138,2.5052192066805845,2383
Hitter,Maxwell Romero Jr.,sa3020271,686912,2026,AAA,AAA,6,4,A | A+ | AA | AAA,143.0,25.0,True,True,0.0473589090926858,0.3461520698512601,16.20642824807605,2209,26.968716289104638,927,21.587572268590343,16.20642824807605,2384
Hitter,Jose Perez,sa3016162,699077,2026,A+,A+,4,4,International Rookie | Complex | A | A+,78.0,22.0,True,False,0.008472546241031904,0.05409274634931082,17.92576993945775,3799,25.204359673024523,2202,21.56506480624114,17.92576993945775,2385
Hitter,Hansel Jimenez,sa3025419,823851,2026,Complex,Complex,2,2,International Rookie | Complex,82.0,19.0,True,False,0.0024741923435737884,0.0352550251645639,34.05709690390028,2487,8.820459290187891,1916,21.438778097044086,8.820459290187891,2386
Hitter,Alfonzo Martinez,sa3021225,808273,2026,Complex,Complex,2,2,International Rookie | Complex,119.0,20.0,True,True,0.004698416841575688,0.019746803183560993,20.62726176115802,2487,22.23382045929019,1916,21.430541110224105,20.62726176115802,2387
Hitter,Carter Cunningham,sa3025170,701860,2026,AA,AA,5,3,A | A+ | AA,272.0,25.0,True,True,0.019128233621421988,0.11438986831141744,18.503184713375795,3140,24.297924297924297,1638,21.400554505650046,18.503184713375795,2388
Hitter,Ariel Reynoso,sa3076578,837605,2026,International Rookie,International Rookie,1,1,International Rookie,145.0,17.0,True,True,0.0016312528906196283,0.004002795531532777,14.784831700042607,2347,27.915376676986583,1938,21.350104188514596,14.784831700042607,2389
Hitter,Derek Berg,sa3025263,815074,2026,AA,AA,5,3,A | A+ | AA,253.0,24.0,True,True,0.017148286737566232,0.13574463457689182,21.24203821656051,3140,21.428571428571427,1638,21.335304822565966,21.24203821656051,2390
Hitter,Keyber Rodriguez,sa3005488,677601,2026,AA,AA,5,5,International Rookie | Complex | A | A+ | AA,189.0,25.0,True,True,0.009129801215539381,0.23771037745566503,33.63057324840764,3140,8.913308913308914,1638,21.271941080858277,8.913308913308914,2391
Hitter,Aaron Piasecki,sa3060267,805491,2026,A,A,3,1,A,86.0,22.0,True,False,0.009016737749026175,0.03378001255554994,17.059261095958345,4033,25.47543581616482,2524,21.267348456061583,17.059261095958345,2392
Hitter,Brandon Nigh,sa3077691,801853,2026,A,A,3,1,A,87.0,22.0,True,False,0.009016737749026175,0.03378001255554994,17.059261095958345,4033,25.47543581616482,2524,21.267348456061583,17.059261095958345,2392
Hitter,Brandon Forrester,sa3069109,822162,2026,A,A,3,1,A,70.0,22.0,True,False,0.009016737749026175,0.03378001255554994,17.059261095958345,4033,25.47543581616482,2524,21.267348456061583,17.059261095958345,2392
Hitter,Nick Monile,sa3076100,836533,2026,A,A,3,1,A,85.0,22.0,True,False,0.009016737749026175,0.03378001255554994,17.059261095958345,4033,25.47543581616482,2524,21.267348456061583,17.059261095958345,2392
Hitter,Carsten Sabathia III,sa3041386,702276,2026,A,A,3,1,A,84.0,22.0,True,False,0.009016737749026175,0.03378001255554994,17.059261095958345,4033,25.47543581616482,2524,21.267348456061583,17.059261095958345,2392
Hitter,Ryan Nicholson,sa3025167,690804,2026,AAA,AAA,6,4,A | A+ | AA | AAA,81.0,25.0,True,False,0.021939372774745378,0.6454586785788625,33.31824354911725,2209,9.169363538295578,927,21.243803543706413,9.169363538295578,2397
Hitter,Raylin Ramos,sa3018561,800426,2026,A,A,3,3,International Rookie | Complex | A,223.0,21.0,True,True,0.005943724954532587,0.05264904520965858,27.22539052814282,4033,15.253565768621236,2524,21.239478148382027,15.253565768621236,2398
Hitter,Cal Conley,sa3017080,695462,2026,AA,AA,5,3,A | A+ | AA,117.0,26.0,True,True,0.016994247729752505,0.13568175579503455,21.21019108280255,3140,21.245421245421245,1638,21.227806164111897,21.21019108280255,2399
Hitter,Yoffry Solano,sa3019638,703200,2026,A,A,3,3,International Rookie | Complex | A,271.0,21.0,True,True,0.005392789548662209,0.057335618491658094,29.258616414579716,4033,13.153724247226624,2524,21.20617033090317,13.153724247226624,2400
Hitter,Darell Morel,sa3066667,829716,2026,Complex,Complex,2,2,International Rookie | Complex,161.0,18.0,True,True,0.0011810008808505437,0.043533993160101224,38.801769199839164,2487,3.6012526096033404,1916,21.201510904721253,3.6012526096033404,2401
Hitter,Bo Walker,sa3067468,815563,2026,A,A,3,2,Complex | A,105.0,20.0,True,True,0.007084780355591568,0.04399768904833488,22.886188941234813,4033,19.492868462757528,2524,21.18952870199617,19.492868462757528,2402
Hitter,Diego Consecion,sa3077094,839308,2026,International Rookie,International Rookie,1,1,International Rookie,158.0,18.0,True,True,0.0016387901280283544,0.0037654432178365863,14.230933106092884,2347,28.07017543859649,1938,21.150554272344685,14.230933106092884,2403
Hitter,Peyton Wilson,sa3017110,686523,2026,AAA,AAA,6,3,A+ | AA | AAA,339.0,26.0,True,True,0.04725436140191654,0.32747520562333987,15.391579900407423,2209,26.86084142394822,927,21.126210662177822,15.391579900407423,2404
Hitter,Chase Call,sa3028273,813842,2026,A+,A+,4,2,A | A+,291.0,24.0,True,True,0.009056186374898561,0.046779349757307014,15.688339036588577,3799,26.521344232515894,2202,21.104841634552237,15.688339036588577,2405
Hitter,Gavin Cross,sa3019985,688457,2026,AAA,AAA,6,4,A | A+ | AA | AAA,448.0,25.0,True,True,0.023103806087729387,0.6383688095813813,32.77501131733816,2209,9.385113268608414,927,21.080062292973288,9.385113268608414,2406
Hitter,Alex McCoy,sa3067170,801932,2026,A+,A+,4,2,A | A+,427.0,24.0,True,True,0.007393648935292051,0.05928969879262455,19.663069228744405,3799,22.434150772025433,2202,21.04861000038492,19.663069228744405,2407
Hitter,Darison Garcia,sa3024359,821691,2026,Complex,Complex,2,2,International Rookie | Complex,197.0,19.0,True,True,0.0010501988062049925,0.043687693071325744,38.96260554885404,2487,3.1315240083507305,1916,21.047064778602387,3.1315240083507305,2408
Hitter,Jake Duer,sa3030609,808786,2026,A,A,3,1,A,56.0,23.0,True,False,0.00889251982374773,0.03311958332187262,16.76171584428465,4033,25.23771790808241,2524,20.99971687618353,16.76171584428465,2409
Hitter,Paul Schoenfeld,sa3071236,840390,2026,A,A,3,1,A,71.0,23.0,True,False,0.00889251982374773,0.03311958332187262,16.76171584428465,4033,25.23771790808241,2524,20.99971687618353,16.76171584428465,2409
Hitter,Weber Neels,sa3038721,809730,2026,A,A,3,1,A,56.0,23.0,True,False,0.00889251982374773,0.03311958332187262,16.76171584428465,4033,25.23771790808241,2524,20.99971687618353,16.76171584428465,2409
Hitter,Nicandro Aybar,sa3018544,800384,2026,A,A,3,3,International Rookie | Complex | A,287.0,21.0,True,True,0.0059404295190197106,0.051837189425613,26.779072650632283,4033,15.213946117274167,2524,20.996509383953224,15.213946117274167,2412
Hitter,Nate Baez,sa3020272,686960,2026,AA,AA,5,3,A | A+ | AA,379.0,25.0,True,True,0.020930685771657864,0.09268045117438233,15.414012738853502,3140,26.55677655677656,1638,20.98539464781503,15.414012738853502,2413
Hitter,Jose Ramos,sa3008845,682947,2026,AAA,AAA,6,6,International Rookie | Complex | A | A+ | AA | AAA,101.0,25.0,True,True,0.04202522419665625,0.40168565879773444,18.877320054323224,2209,23.08522114347357,927,20.981270598898398,18.877320054323224,2414
Hitter,Fabian Lopez,sa3021276,808500,2026,Complex,Complex,2,2,International Rookie | Complex,71.0,20.0,True,False,0.0026402027067533363,0.032694689341222986,32.24768797748291,2487,9.603340292275574,1916,20.925514134879243,9.603340292275574,2415
Hitter,Jose Tovar,sa3021223,808270,2026,Complex,Complex,2,2,International Rookie | Complex,118.0,20.0,True,True,0.002151476290275867,0.03595150254988856,34.53960595094491,2487,7.202505219206681,1916,20.871055585075794,7.202505219206681,2416
Hitter,Colin Davis,sa3016806,695342,2026,AAA,AAA,6,3,A | A+ | AAA,212.0,27.0,True,True,0.028203361341522216,0.5844155555250898,29.33454051607062,2209,12.405609492988134,927,20.870075004529376,12.405609492988134,2417
Hitter,Carlos Matias,sa3023744,820993,2026,Complex,Complex,2,2,International Rookie | Complex,81.0,19.0,True,False,0.001374221107036537,0.04001968143848879,37.35424205870527,2487,4.384133611691023,1916,20.869187835198144,4.384133611691023,2418
Hitter,Diosfran Cabeza,sa3015517,691281,2026,A+,A+,4,4,International Rookie | Complex | A | A+,60.0,23.0,True,False,0.007051797972447702,0.06109944283699786,20.294814424848646,3799,21.435059037238872,2202,20.86493673104376,20.294814424848646,2419
Hitter,Joe Lampe,sa3020642,802407,2026,AA,AA,5,2,A+ | AA,163.0,25.0,True,True,0.02218874357278583,0.07842591818136062,13.02547770700637,3140,28.693528693528695,1638,20.859503200267532,13.02547770700637,2420
Hitter,Vance Honeycutt,sa3025526,701689,2026,A+,A+,4,1,A+,257.0,23.0,True,True,0.008511447393494865,0.04837226634815253,16.399052382205845,3799,25.204359673024523,2202,20.801706027615182,16.399052382205845,2421
Hitter,Matt Koperniak,sa3014834,689288,2026,AAA,AAA,6,3,A | AA | AAA,210.0,28.0,True,True,0.05107886096275107,0.25613315933851605,12.267994567677682,2209,29.23408845738943,927,20.751041512533554,12.267994567677682,2422
Hitter,Yu-Lin Liao,sa3076314,835879,2026,Complex,Complex,2,1,Complex,130.0,18.0,True,True,0.0042852265734463334,0.020697160219112613,21.592279855247288,2487,19.780793319415448,1916,20.686536587331368,19.780793319415448,2423
Hitter,Dawry Guerrero,sa3076534,825671,2026,International Rookie,International Rookie,1,1,International Rookie,154.0,18.0,True,True,0.0016527615871106736,0.003328766715114208,13.03792074989348,2347,28.328173374613,1938,20.68304706225324,13.03792074989348,2424
Hitter,Juan Alva,sa3067708,829264,2026,Complex,Complex,2,2,International Rookie | Complex,139.0,20.0,True,True,0.0011661181627351715,0.04079425401315054,37.71612384398874,2487,3.6012526096033404,1916,20.65868822679604,3.6012526096033404,2425
Hitter,Ryan Stafford,sa3025405,701696,2026,A+,A+,4,2,A | A+,169.0,23.0,True,True,0.00829462640760881,0.048514830069808064,16.425375098710187,3799,24.795640326975477,2202,20.610507712842832,16.425375098710187,2426
Hitter,Luis Aguilera,sa3024374,821813,2026,Complex,Complex,2,2,International Rookie | Complex,118.0,19.0,True,True,0.0013912569055957481,0.039129243917751924,36.791314837153195,2487,4.384133611691023,1916,20.587724224422107,4.384133611691023,2427
Hitter,Ryan Wideman,sa3060916,834240,2026,A+,A+,4,2,A | A+,202.0,22.0,True,True,0.0054493220526198784,0.073950553391116,24.532771782047906,3799,16.575840145322434,2202,20.55430596368517,16.575840145322434,2428
Hitter,JT Benson,sa3076097,694842,2026,A+,A+,4,2,A | A+,187.0,24.0,True,True,0.00670758677610478,0.06294006916111354,20.82126875493551,3799,20.254314259763852,2202,20.53779150734968,20.254314259763852,2429
Hitter,Edgardo Figueroa,sa3067716,829702,2026,Complex,Complex,2,2,International Rookie | Complex,51.0,18.0,True,False,0.0004916174018587091,0.045710628993609226,40.20908725371934,2487,0.8350730688935282,1916,20.522080161306434,0.8350730688935282,2430
Hitter,Vladi Gomez,sa3021165,808082,2026,A,A,3,3,International Rookie | Complex | A,128.0,20.0,True,True,0.005468257298245397,0.05323556461408615,27.44854946689809,4033,13.589540412044373,2524,20.519044939471232,13.589540412044373,2431
Hitter,Douglas Hodo III,sa3020614,683233,2026,AA,AA,5,3,A | A+ | AA,192.0,25.0,True,True,0.015381651301633855,0.14280997691483543,22.1656050955414,3140,18.803418803418804,1638,20.4845119494801,18.803418803418804,2432
Hitter,Oliver Guerrero,sa3067805,829960,2026,International Rookie,International Rookie,1,1,International Rookie,195.0,18.0,True,True,0.002009876632673496,0.002022974808025386,7.711972731146144,2347,33.126934984520126,1938,20.419453857833133,7.711972731146144,2433
Hitter,Austin Smith,sa3042481,801563,2026,A,A,3,1,A,206.0,23.0,True,True,0.00815749128213795,0.034822871422532035,17.7783287875031,4033,22.939778129952458,2524,20.35905345872778,17.7783287875031,2434
Hitter,Ronald Terrero,sa3067818,829985,2026,International Rookie,International Rookie,1,1,International Rookie,104.0,18.0,True,True,0.000879800605922727,0.007856104771520322,24.627183638687686,2347,15.995872033023735,1938,20.31152783585571,15.995872033023735,2435
Hitter,Alfonsin Rosario,sa3022868,806210,2026,AAA,AAA,6,4,A | A+ | AA | AAA,140.0,22.0,True,True,0.04048901361408322,0.3923528460259485,18.60570393843368,2209,22.006472491909385,927,20.306088215171535,18.60570393843368,2436
Hitter,Dayson Croes,sa3067396,806401,2026,AAA,AAA,6,3,A+ | AA | AAA,87.0,26.0,True,False,0.0357762997000452,0.4427255072984509,21.32186509732911,2209,19.2017259978425,927,20.261795547585805,19.2017259978425,2437
Hitter,Enmanuel Figuereo,sa3067833,830026,2026,International Rookie,International Rookie,1,1,International Rookie,174.0,18.0,True,True,0.0014320162165734368,0.004160038717680658,15.083084789092458,2347,25.43859649122807,1938,20.260840640160264,15.083084789092458,2438
Hitter,Jaylen Palmer,sa3008297,681941,2026,AAA,AA,6,5,Complex | A | A+ | AA | AAA,80.0,22.0,True,False,0.020192217798604643,0.6414409904860582,32.910819375282934,2209,7.5512405609492985,927,20.231029968116115,7.5512405609492985,2439
Hitter,Franklin Rojas,sa3025018,815922,2026,Complex,Complex,2,2,International Rookie | Complex,179.0,19.0,True,True,0.002394659980387545,0.032674767903811554,32.20747889022919,2487,8.24634655532359,1916,20.22691272277639,8.24634655532359,2440
Hitter,Tyler Pettorini,sa3069009,808805,2026,A+,A+,4,2,A | A+,234.0,23.0,True,True,0.005738980496757846,0.06955310841625806,23.058699657804684,3799,17.34786557674841,2202,20.20328261727655,17.34786557674841,2441
Hitter,Brendan Tunink,sa3067275,815665,2026,A,A,3,2,Complex | A,352.0,20.0,True,True,0.004476168548223639,0.05992191477754909,30.324820233077112,4033,10.02377179080824,2524,20.174296011942676,10.02377179080824,2442
Hitter,Jack Valbrune,sa3076620,837744,2026,International Rookie,International Rookie,1,1,International Rookie,168.0,18.0,True,True,0.0006969334845750378,0.009267853035235779,27.268853855986364,2347,13.003095975232197,1938,20.13597491560928,13.003095975232197,2443
Hitter,Elvin Garcia,sa3024147,821751,2026,A,A,3,3,International Rookie | Complex | A,252.0,19.0,True,True,0.006185283145373288,0.04644294826805509,24.001983635011158,4033,16.204437400950873,2524,20.103210517981015,16.204437400950873,2444
Hitter,Dom Keegan,sa3020194,681371,2026,AAA,AAA,6,4,A | A+ | AA | AAA,214.0,25.0,True,True,0.05395165395530196,0.1746144875067424,8.736985061113627,2209,31.3915857605178,927,20.064285410815714,8.736985061113627,2445
Hitter,Connor Hujsak,sa3025393,824615,2026,A+,A+,4,2,A | A+,352.0,24.0,True,True,0.005610532363679255,0.07011830468384525,23.24295867333509,3799,16.84831970935513,2202,20.04563919134511,16.84831970935513,2446
Hitter,Caden Rose,sa3023458,694896,2026,AA,AA,5,2,A+ | AA,247.0,24.0,True,True,0.019487909754544095,0.09084952979376673,15.127388535031848,3140,24.90842490842491,1638,20.01790672172838,15.127388535031848,2447
Hitter,Freilyn Rodriguez,sa3076548,832323,2026,International Rookie,International Rookie,1,1,International Rookie,146.0,17.0,True,True,0.0016866555015999636,0.0027168623879125398,11.035364294844483,2347,28.94736842105263,1938,19.991366357948557,11.035364294844483,2448
Hitter,Alex Madera,sa3075809,823702,2026,A+,A+,4,1,A+,135.0,25.0,True,True,0.009508884136817471,0.03694412599950431,12.555935772571729,3799,27.384196185286104,2202,19.970065978928915,12.555935772571729,2449
Hitter,Ryan Reckley,sa3018404,703144,2026,A,Complex,3,2,Complex | A,170.0,20.0,True,True,0.004676248438597591,0.05731105381714674,29.258616414579716,4033,10.618066561014263,2524,19.93834148779699,10.618066561014263,2450
Hitter,Jeremy Rivas,sa3015193,692405,2026,AAA,AAA,6,5,Complex | A | A+ | AA | AAA,104.0,23.0,True,True,0.03381621533194594,0.4578163143921197,22.09144409234948,2209,17.691477885652642,927,19.89146098900106,17.691477885652642,2451
Hitter,Jefrank Silva,sa3068733,830399,2026,Complex,Complex,2,2,International Rookie | Complex,122.0,18.0,True,True,0.0008539727239972629,0.04078743926784047,37.675914756735025,2487,2.0876826722338206,1916,19.88179871448442,2.0876826722338206,2452
Hitter,Victor Cardoza,sa3021230,808282,2026,A,A,3,3,International Rookie | Complex | A,226.0,20.0,True,True,0.004873499763102209,0.05579824903492886,28.465162410116537,4033,11.291600633914422,2524,19.87838152201548,11.291600633914422,2453
Hitter,Alex Madera,sa3075809,823702,2026,AA,AA,5,2,A+ | AA,254.0,25.0,True,True,0.019115979491733315,0.09243816709011089,15.414012738853502,3140,24.297924297924297,1638,19.8559685183889,15.414012738853502,2454
Hitter,Bryan Andrade,sa3018467,800182,2026,A,A,3,3,International Rookie | Complex | A,460.0,21.0,True,True,0.005939975573158715,0.04755108082872287,24.448301512521695,4033,15.213946117274167,2524,19.831123814897932,15.213946117274167,2455
Hitter,Marcus Brown,sa3022676,694939,2026,A+,A+,4,2,A | A+,72.0,24.0,True,False,0.007962501555926095,0.04700794141828247,15.740984469597262,3799,23.841961852861036,2202,19.79147316122915,15.740984469597262,2456
Hitter,Yohairo Cuevas,sa3015826,699293,2026,A+,A+,4,4,International Rookie | Complex | A | A+,181.0,22.0,True,True,0.007399292862590596,0.05079734288387002,17.083443011318767,3799,22.47956403269755,2202,19.78150352200816,17.083443011318767,2457
Hitter,Sam Mongelli,sa3022511,815044,2026,A+,Complex,4,3,Complex | A | A+,348.0,23.0,True,True,0.005442953760163365,0.06900615468518607,22.95340879178731,3799,16.575840145322434,2202,19.76462446855487,16.575840145322434,2458
Hitter,Peyton Stovall,sa3025512,696510,2026,AA,AA,5,3,A | A+ | AA,106.0,23.0,True,True,0.017843499403513773,0.10570112033172656,17.133757961783438,3140,22.344322344322343,1638,19.73904015305289,17.133757961783438,2459
Hitter,Fernando Cruz,sa3024303,815890,2026,Complex,Complex,2,2,International Rookie | Complex,222.0,19.0,True,True,0.0018938457880814982,0.033504850865921504,32.971451548049856,2487,6.471816283924843,1916,19.72163391598735,6.471816283924843,2460
Hitter,Edgardo De Leon,sa3024339,821279,2026,Complex,Complex,2,2,International Rookie | Complex,76.0,19.0,True,False,0.0016764713370909885,0.03510028452033519,33.775633293124244,2487,5.6367432150313155,1916,19.70618825407778,5.6367432150313155,2461
Hitter,Caleb Cali,sa3022651,687730,2026,AA,AA,5,3,A | A+ | AA,506.0,25.0,True,True,0.021030744658756526,0.07558042915929862,12.547770700636942,3140,26.8009768009768,1638,19.674373750806872,12.547770700636942,2462
Hitter,Ricardo Chirinos,sa3068408,829996,2026,International Rookie,International Rookie,1,1,International Rookie,125.0,18.0,True,True,0.0016020617330528982,0.002984594377533561,11.844908393694077,2347,27.502579979360164,1938,19.67374418652712,11.844908393694077,2463
Hitter,David McCabe,sa3019964,678173,2026,AAA,AA,6,4,A | A+ | AA | AAA,112.0,25.0,True,True,0.05049487133135976,0.21233362830480462,10.321412403802626,2209,29.018338727076593,927,19.66987556543961,10.321412403802626,2464
Hitter,Juan Tomas,sa3067758,829823,2026,Complex,Complex,2,2,International Rookie | Complex,219.0,18.0,True,True,0.0014401233158983801,0.03624790445898607,34.70044229995979,2487,4.592901878914405,1916,19.646672089437097,4.592901878914405,2465
Hitter,Evan Estevez,sa3023957,821620,2026,Complex,Complex,2,2,International Rookie | Complex,221.0,18.0,True,True,0.0022940348109367174,0.03187474548755618,31.483715319662245,2487,7.776617954070981,1916,19.630166636866612,7.776617954070981,2466
Hitter,Nick McLain,sa3037680,695607,2026,A,A,3,1,A,132.0,23.0,True,True,0.00941164912222188,0.02557725987250903,12.645673196131911,4033,26.545166402535656,2524,19.595419799333783,12.645673196131911,2467
Hitter,Marco Argudin,sa3067877,831918,2026,Complex,Complex,2,2,International Rookie | Complex,82.0,20.0,True,False,0.0015595962079399384,0.03530121146301955,34.17772416566144,2487,5.010438413361169,1916,19.594081289511305,5.010438413361169,2468
Hitter,Antonio Jimenez,sa3034692,806128,2026,A+,A+,4,2,A | A+,216.0,22.0,True,True,0.0057242990933526975,0.0653132497814067,21.768886549091867,3799,17.34786557674841,2202,19.55837606292014,17.34786557674841,2469
Hitter,Javier Acevedo,sa3023747,821033,2026,Complex,Complex,2,2,International Rookie | Complex,82.0,19.0,True,False,0.0022835688328912,0.03175208733349406,31.403297145154806,2487,7.67223382045929,1916,19.537765482807046,7.67223382045929,2470
Hitter,Jarol Capellan,sa3023884,815857,2026,International Rookie,International Rookie,1,1,International Rookie,140.0,20.0,True,True,0.0010452364775721836,0.005994146594851521,19.98295696634001,2347,19.09184726522188,1938,19.537402115780942,19.09184726522188,2471
Hitter,Adriel Radney,sa3023886,815895,2026,A,A,3,3,International Rookie | Complex | A,117.0,19.0,True,True,0.006356258085611294,0.04318710259127354,22.315893875526903,4033,16.71949286846276,2524,19.51769337199483,16.71949286846276,2472
Hitter,Elijah Nunez,sa3022674,694399,2026,AA,AA,5,3,A | A+ | AA,54.0,24.0,True,False,0.011845426228142811,0.17058369633270468,25.318471337579616,3140,13.675213675213675,1638,19.496842506396646,13.675213675213675,2473
Hitter,Kole Myers,sa3038641,801887,2026,AA,AA,5,2,A+ | AA,339.0,25.0,True,True,0.01751968948470447,0.10562916870467803,17.133757961783438,3140,21.794871794871796,1638,19.464314878327617,17.133757961783438,2474
Hitter,Bobby Boser,sa3027420,804119,2026,AA,AA,5,3,A | A+ | AA,324.0,23.0,True,True,0.014252569507782418,0.13882236575150556,21.656050955414013,3140,17.216117216117215,1638,19.436084085765614,17.216117216117215,2475
Hitter,Bryan Arendt,sa3026168,701699,2026,A,Complex,3,2,Complex | A,71.0,22.0,True,False,0.007687515618929035,0.03498373950156926,17.877510538060996,4033,20.95879556259905,2524,19.418153050330023,17.877510538060996,2476
Hitter,Hector Salas,sa3024156,827504,2026,A+,A,4,4,International Rookie | Complex | A | A+,72.0,21.0,True,False,0.006452058717832149,0.05781258131257531,19.215583048170572,3799,19.482288828337875,2202,19.348935938254222,19.215583048170572,2477
Hitter,Angel Garcia,sa3024352,821665,2026,Complex,Complex,2,2,International Rookie | Complex,71.0,19.0,True,False,0.0006452838250490969,0.039521372147803095,37.153196622436674,2487,1.5135699373695197,1916,19.333383279903096,1.5135699373695197,2478
Hitter,Jack Gurevitch,sa3032859,813668,2026,AA,AA,5,3,A | A+ | AA,132.0,22.0,True,True,0.016154570097968647,0.11658183819938944,18.88535031847134,3140,19.78021978021978,1638,19.33278504934556,18.88535031847134,2479
Hitter,Bryan Arendt,sa3026168,701699,2026,A,A,3,2,Complex | A,118.0,23.0,True,True,0.008788073581123433,0.0274242695295391,13.662286139350359,4033,25.0,2524,19.33114306967518,13.662286139350359,2480
Hitter,Dawson Willis,sa3076396,830619,2026,A,A,3,2,Complex | A,193.0,22.0,True,True,0.0064360773309560535,0.04154066229488328,21.49764443342425,4033,17.155309033280506,2524,19.32647673335238,17.155309033280506,2481
Hitter,Hector Campusano,sa3024148,821763,2026,Complex,Complex,2,2,International Rookie | Complex,190.0,19.0,True,True,0.0008965024667501476,0.03868755341847087,36.349014877362286,2487,2.2964509394572024,1916,19.322732908409744,2.2964509394572024,2482
Hitter,Karson Simas,sa3011739,689302,2026,AAA,AA,6,5,Complex | A | A+ | AA | AAA,69.0,24.0,True,False,0.023586340539778247,0.581153841060986,28.927116342236307,2209,9.492988133764833,927,19.21005223800057,9.492988133764833,2483
Hitter,Andrew Navigato,sa3010703,685382,2026,AAA,AAA,6,5,Complex | A | A+ | AA | AAA,245.0,28.0,True,True,0.02511091566092821,0.5644531587246517,27.79538252602988,2209,10.57173678532902,927,19.18355965567945,10.57173678532902,2484
Hitter,Jose Colmenares,sa3009309,683569,2026,AA,AA,5,4,Complex | A | A+ | AA,88.0,24.0,True,False,0.013374916668020405,0.1458150663363449,22.484076433121018,3140,15.873015873015873,1638,19.178546153068446,15.873015873015873,2485
Hitter,Tytus Cissell,sa3067331,815632,2026,Complex,Complex,2,1,Complex,108.0,20.0,True,True,0.003439176395267165,0.022539088296230376,23.482106956172096,2487,14.87473903966597,1916,19.178422997919032,14.87473903966597,2486
Hitter,Joe Lampe,sa3020642,802407,2026,AAA,AAA,6,3,A+ | AA | AAA,57.0,25.0,True,False,0.03772335127962598,0.38219250528085447,18.379357175192396,2209,19.956850053937433,927,19.168103614564913,18.379357175192396,2487
Hitter,Ian Daugherty,sa3069088,695527,2026,A,A,3,1,A,74.0,23.0,True,False,0.00825361404651107,0.029779539121430703,15.125216960079346,4033,23.177496038034864,2524,19.151356499057105,15.125216960079346,2488
Hitter,Jack Toomey,sa3078038,809057,2026,A,A,3,1,A,53.0,23.0,True,False,0.00825361404651107,0.029779539121430727,15.125216960079346,4033,23.177496038034864,2524,19.151356499057105,15.125216960079346,2488
Hitter,Christian Martin,sa3025155,802353,2026,A,A,3,1,A,84.0,23.0,True,False,0.00825361404651107,0.029779539121430703,15.125216960079346,4033,23.177496038034864,2524,19.151356499057105,15.125216960079346,2488
Hitter,Bryce Fowler,sa3077967,830736,2026,A,A,3,1,A,80.0,23.0,True,False,0.00825361404651107,0.029779539121430703,15.125216960079346,4033,23.177496038034864,2524,19.151356499057105,15.125216960079346,2488
Hitter,Reed Stallman,sa3077966,827671,2026,A,A,3,1,A,64.0,23.0,True,False,0.00825361404651107,0.029779539121430703,15.125216960079346,4033,23.177496038034864,2524,19.151356499057105,15.125216960079346,2488
Hitter,Victor Rodriguez,sa3021183,808123,2026,Complex,Complex,2,2,International Rookie | Complex,69.0,20.0,True,False,0.0016544914037698788,0.03331696460077121,32.810615199034984,2487,5.427974947807933,1916,19.11929507342146,5.427974947807933,2493
Hitter,Hector Cabrera,sa3068758,835616,2026,International Rookie,International Rookie,1,1,International Rookie,119.0,18.0,True,True,0.0016586777965152358,0.0024293769664650057,9.884959522795057,2347,28.328173374613,1938,19.10656644870403,9.884959522795057,2494
Hitter,Nick Peoples,sa3021582,703612,2026,A,A,3,2,Complex | A,264.0,21.0,True,True,0.007652018455906215,0.03403672805585355,17.183238284155717,4033,20.879556259904913,2524,19.031397272030315,17.183238284155717,2495
Hitter,Adriel Radney,sa3023886,815895,2026,Complex,Complex,2,2,International Rookie | Complex,190.0,19.0,True,True,0.0012697751871116115,0.035160363825279886,33.8962605548854,2487,3.9665970772442587,1916,18.93142881606483,3.9665970772442587,2496
Hitter,Paul McIntosh,sa3017372,682192,2026,AAA,AAA,6,3,A | AA | AAA,274.0,28.0,True,True,0.05180974708135328,0.16503431301595273,8.19375282933454,2209,29.665587918015103,927,18.92967037367482,8.19375282933454,2497
Hitter,Cesar Quintas,sa3016109,692364,2026,A+,A+,4,4,International Rookie | Complex | A | A+,90.0,23.0,True,False,0.006523607217476865,0.05449120227505927,18.031060805475125,3799,19.80018165304269,2202,18.915621229258907,18.031060805475125,2498
Hitter,Michael Snyder,sa3025194,688617,2026,AA,AA,5,3,A | A+ | AA,117.0,25.0,True,True,0.017487564141844568,0.09851326574435577,16.019108280254777,3140,21.794871794871796,1638,18.906990037563286,16.019108280254777,2499
Hitter,Mathieu Vallee,sa3076098,700795,2026,AA,AA,5,2,A+ | AA,78.0,25.0,True,False,0.018460061982388098,0.08631159495898993,14.331210191082803,3140,23.44322344322344,1638,18.887216817153124,14.331210191082803,2500
Hitter,Willy Vasquez,sa3011821,691938,2026,AA,AA,5,4,Complex | A | A+ | AA,134.0,24.0,True,True,0.014493202229291619,0.12927971369414654,20.414012738853504,3140,17.338217338217337,1638,18.87611503853542,17.338217338217337,2501
Hitter,Logan Dawson,sa3069204,814973,2026,Complex,Complex,2,1,Complex,227.0,20.0,True,True,0.0036060833212012353,0.020913512872502316,21.833534378769603,2487,15.81419624217119,1916,18.823865310470396,15.81419624217119,2502
Hitter,Nick Raposo,sa3015018,695596,2026,AAA,AAA,6,2,AA | AAA,102.0,28.0,True,True,0.05875018927833146,0.046602316085412564,3.531009506564056,2209,34.088457389428264,927,18.80973344799616,3.531009506564056,2503
Hitter,Jose Ramos,sa3016541,692374,2026,A+,A,4,4,International Rookie | Complex | A | A+,91.0,22.0,True,False,0.006761106509642489,0.05210130088973582,17.26770202684917,3799,20.345140781108082,2202,18.806421403978625,17.26770202684917,2504
Hitter,Brayden Corn,sa3058932,836068,2026,A,A,3,2,Complex | A,85.0,22.0,True,False,0.007078262307773317,0.03551036769525309,18.051078601537316,4033,19.492868462757528,2524,18.77197353214742,18.051078601537316,2505
Hitter,Fernando Pena,sa3024643,821627,2026,International Rookie,International Rookie,1,1,International Rookie,114.0,19.0,True,True,0.001253257615989814,0.004278267466985241,15.338730293992331,2347,22.084623323013417,1938,18.711676808502872,15.338730293992331,2506
Hitter,Justin Capellan,sa3023731,820886,2026,Complex,Complex,2,2,International Rookie | Complex,173.0,19.0,True,True,0.0029040430183843663,0.02542184045319862,26.29674306393245,2487,11.116910229645095,1916,18.706826646788773,11.116910229645095,2507
Hitter,Elian Soto,sa3021228,808279,2026,A,A,3,3,International Rookie | Complex | A,183.0,20.0,True,True,0.006429723437213498,0.03930298807421452,20.257872551450532,4033,17.11568938193344,2524,18.686780966691984,17.11568938193344,2508
Hitter,Ethan Murray,sa3017051,696140,2026,AAA,AAA,6,4,A | A+ | AA | AAA,374.0,26.0,True,True,0.031113518038868943,0.4621611022872521,22.363060208239023,2209,14.994606256742179,927,18.6788332324906,14.994606256742179,2509
Hitter,Colby Halter,sa3022531,690985,2026,AAA,AAA,6,3,A+ | AA | AAA,190.0,24.0,True,True,0.04117703967307809,0.30610012404800213,14.66727025803531,2209,22.545846817691476,927,18.606558537863393,14.66727025803531,2510
Hitter,Caleb Bartolero,sa3022423,680960,2026,A+,A+,4,2,A | A+,163.0,26.0,True,True,0.008707767078729087,0.034017686411078635,11.476704395893655,3799,25.567665758401454,2202,18.522185077147554,11.476704395893655,2511
Hitter,Armando Lao,sa3024343,821603,2026,International Rookie,International Rookie,1,1,International Rookie,53.0,19.0,True,False,0.0014465595878491353,0.0026399270566453774,10.77971878994461,2347,25.90299277605779,1938,18.341355783001198,10.77971878994461,2512
Hitter,Jose Sabino,sa3024155,823873,2026,International Rookie,International Rookie,1,1,International Rookie,97.0,19.0,True,False,0.0014465595878491353,0.0026399270566453753,10.77971878994461,2347,25.90299277605779,1938,18.341355783001198,10.77971878994461,2512
Hitter,Jose Rodriguez,sa3025229,821072,2026,International Rookie,International Rookie,1,1,International Rookie,75.0,19.0,True,False,0.0014465595878491353,0.0026399270566453753,10.77971878994461,2347,25.90299277605779,1938,18.341355783001198,10.77971878994461,2512
Hitter,Robert Lantigua,sa3024348,821624,2026,International Rookie,International Rookie,1,1,International Rookie,93.0,19.0,True,False,0.0014465595878491353,0.0026399270566453753,10.77971878994461,2347,25.90299277605779,1938,18.341355783001198,10.77971878994461,2512
Hitter,Aaron Pinero,sa3023783,821775,2026,International Rookie,International Rookie,1,1,International Rookie,91.0,19.0,True,False,0.0014465595878491353,0.0026399270566453774,10.77971878994461,2347,25.90299277605779,1938,18.341355783001198,10.77971878994461,2512
Hitter,Juan Monso,sa3025110,815021,2026,International Rookie,International Rookie,1,1,International Rookie,71.0,19.0,True,False,0.0014465595878491353,0.0026399270566453753,10.77971878994461,2347,25.90299277605779,1938,18.341355783001198,10.77971878994461,2512
Hitter,Leandy Mella,sa3023741,820985,2026,International Rookie,International Rookie,1,1,International Rookie,55.0,19.0,True,False,0.0014465595878491353,0.0026399270566453753,10.77971878994461,2347,25.90299277605779,1938,18.341355783001198,10.77971878994461,2512
Hitter,Emdys Rosillo,sa3024898,824768,2026,International Rookie,International Rookie,1,1,International Rookie,92.0,19.0,True,False,0.0014465595878491353,0.0026399270566453774,10.77971878994461,2347,25.90299277605779,1938,18.341355783001198,10.77971878994461,2512
Hitter,Angel Rodriguez,sa3024138,821623,2026,International Rookie,International Rookie,1,1,International Rookie,75.0,19.0,True,False,0.0014465595878491353,0.0026399270566453753,10.77971878994461,2347,25.90299277605779,1938,18.341355783001198,10.77971878994461,2512
Hitter,Diego Gonzalez,sa3023939,821249,2026,International Rookie,International Rookie,1,1,International Rookie,98.0,19.0,True,False,0.0014465595878491353,0.0026399270566453753,10.77971878994461,2347,25.90299277605779,1938,18.341355783001198,10.77971878994461,2512
Hitter,Eduardo Perez,sa3021154,808039,2026,International Rookie,International Rookie,1,1,International Rookie,97.0,19.0,True,False,0.0014465595878491353,0.0026399270566453753,10.77971878994461,2347,25.90299277605779,1938,18.341355783001198,10.77971878994461,2512
Hitter,Angel Barboza,sa3068534,835178,2026,International Rookie,International Rookie,1,1,International Rookie,96.0,19.0,True,False,0.0014465595878491353,0.0026399270566453753,10.77971878994461,2347,25.90299277605779,1938,18.341355783001198,10.77971878994461,2512
Hitter,Abel Valdes,sa3068178,828785,2026,International Rookie,International Rookie,1,1,International Rookie,80.0,19.0,True,False,0.0014465595878491353,0.0026399270566453753,10.77971878994461,2347,25.90299277605779,1938,18.341355783001198,10.77971878994461,2512
Hitter,Anthony Delgado,sa3024333,821242,2026,International Rookie,International Rookie,1,1,International Rookie,78.0,19.0,True,False,0.0014465595878491353,0.0026399270566453753,10.77971878994461,2347,25.90299277605779,1938,18.341355783001198,10.77971878994461,2512
Hitter,Yohandy Cruz,sa3024131,821241,2026,International Rookie,International Rookie,1,1,International Rookie,58.0,19.0,True,False,0.0014465595878491353,0.0026399270566453753,10.77971878994461,2347,25.90299277605779,1938,18.341355783001198,10.77971878994461,2512
Hitter,Santiago Ustariz,sa3023926,821108,2026,International Rookie,International Rookie,1,1,International Rookie,62.0,19.0,True,False,0.0014465595878491353,0.0026399270566453753,10.77971878994461,2347,25.90299277605779,1938,18.341355783001198,10.77971878994461,2512
Hitter,Yoneiker Lugo,sa3024639,821268,2026,International Rookie,International Rookie,1,1,International Rookie,83.0,19.0,True,False,0.0014465595878491353,0.0026399270566453753,10.77971878994461,2347,25.90299277605779,1938,18.341355783001198,10.77971878994461,2512
Hitter,Luis Tarifa,sa3077430,837936,2026,International Rookie,International Rookie,1,1,International Rookie,59.0,19.0,True,False,0.0014465595878491353,0.0026399270566453753,10.77971878994461,2347,25.90299277605779,1938,18.341355783001198,10.77971878994461,2512
Hitter,Rafy Peguero,sa3024151,821801,2026,International Rookie,International Rookie,1,1,International Rookie,83.0,19.0,True,False,0.0014465595878491353,0.0026399270566453753,10.77971878994461,2347,25.90299277605779,1938,18.341355783001198,10.77971878994461,2512
Hitter,Jesus Lizardo,sa3023753,821083,2026,International Rookie,International Rookie,1,1,International Rookie,93.0,19.0,True,False,0.0014465595878491353,0.0026399270566453753,10.77971878994461,2347,25.90299277605779,1938,18.341355783001198,10.77971878994461,2512
Hitter,Jeiker Gudino,sa3024371,821799,2026,International Rookie,International Rookie,1,1,International Rookie,73.0,19.0,True,False,0.0014465595878491353,0.0026399270566453753,10.77971878994461,2347,25.90299277605779,1938,18.341355783001198,10.77971878994461,2512
Hitter,Jeyson Moya,sa3023779,821758,2026,International Rookie,International Rookie,1,1,International Rookie,72.0,19.0,True,False,0.0014465595878491353,0.0026399270566453753,10.77971878994461,2347,25.90299277605779,1938,18.341355783001198,10.77971878994461,2512
Hitter,Jesus Guerrero,sa3067560,815334,2026,International Rookie,International Rookie,1,1,International Rookie,55.0,19.0,True,False,0.0014465595878491353,0.0026399270566453753,10.77971878994461,2347,25.90299277605779,1938,18.341355783001198,10.77971878994461,2512
Hitter,Jhonny Chaparro,sa3068184,829502,2026,International Rookie,International Rookie,1,1,International Rookie,98.0,19.0,True,False,0.0014465595878491353,0.0026399270566453753,10.77971878994461,2347,25.90299277605779,1938,18.341355783001198,10.77971878994461,2512
Hitter,Marwin Rivero,sa3024384,823869,2026,International Rookie,International Rookie,1,1,International Rookie,75.0,19.0,True,False,0.0014465595878491353,0.0026399270566453753,10.77971878994461,2347,25.90299277605779,1938,18.341355783001198,10.77971878994461,2512
Hitter,Brayan Holguin,sa3077778,843832,2026,International Rookie,International Rookie,1,1,International Rookie,64.0,19.0,True,False,0.0014465595878491353,0.0026399270566453753,10.77971878994461,2347,25.90299277605779,1938,18.341355783001198,10.77971878994461,2512
Hitter,Alfred Ciriaco,sa3068524,829486,2026,International Rookie,International Rookie,1,1,International Rookie,95.0,19.0,True,False,0.0014465595878491353,0.0026399270566453753,10.77971878994461,2347,25.90299277605779,1938,18.341355783001198,10.77971878994461,2512
Hitter,Christian Saez,sa3024955,821015,2026,International Rookie,International Rookie,1,1,International Rookie,86.0,19.0,True,False,0.0014465595878491353,0.0026399270566453753,10.77971878994461,2347,25.90299277605779,1938,18.341355783001198,10.77971878994461,2512
Hitter,Victor Familia,sa3067654,825497,2026,International Rookie,International Rookie,1,1,International Rookie,87.0,19.0,True,False,0.0014465595878491353,0.0026399270566453753,10.77971878994461,2347,25.90299277605779,1938,18.341355783001198,10.77971878994461,2512
Hitter,Angel Mateo,sa3018540,800377,2026,A+,A+,4,4,International Rookie | Complex | A | A+,122.0,21.0,True,True,0.004628454888138486,0.06720420046949993,22.45327717820479,3799,14.214350590372389,2202,18.33381388428859,14.214350590372389,2541
Hitter,Anyelo Encarnacion,sa3016157,699031,2026,A+,A+,4,4,International Rookie | Complex | A | A+,263.0,22.0,True,True,0.003874264772330245,0.07581509103295285,24.927612529613057,3799,11.716621253405995,2202,18.322116891509527,11.716621253405995,2542
Hitter,Chandler Pollard,sa3020615,702550,2026,A+,A+,4,3,Complex | A | A+,303.0,22.0,True,True,0.0031379013865378887,0.08366617293426665,27.37562516451698,3799,9.264305177111716,2202,18.31996517081435,9.264305177111716,2543
Hitter,Yojackson Laya,sa3024145,821684,2026,Complex,Complex,2,2,International Rookie | Complex,62.0,19.0,True,False,0.0010145740985630562,0.03457912374554651,33.53437876960193,2487,3.079331941544885,1916,18.306855355573408,3.079331941544885,2544
Hitter,Jake Thompson,sa3019945,700081,2026,AA,AA,5,3,A | A+ | AA,138.0,28.0,True,True,0.02024979034853689,0.0643321623857677,10.764331210191083,3140,25.824175824175825,1638,18.294253517183453,10.764331210191083,2545
Hitter,Samuel Pardo,sa3068880,835892,2026,International Rookie,International Rookie,1,1,International Rookie,191.0,18.0,True,True,0.0008470474400617064,0.006373596681332197,21.090754154239455,2347,15.479876160990711,1938,18.285315157615084,15.479876160990711,2546
Hitter,Garret Guillemette,sa3022677,695048,2026,AA,AA,5,3,A | A+ | AA,188.0,24.0,True,True,0.01956147617071146,0.06820632717681992,11.369426751592357,3140,24.96947496947497,1638,18.169450860533665,11.369426751592357,2547
Hitter,Yorvin Morla,sa3024350,821631,2026,International Rookie,International Rookie,1,1,International Rookie,187.0,20.0,True,True,0.0014558679838111116,0.0024760756560160383,10.14060502769493,2347,26.057791537667697,1938,18.099198282681314,10.14060502769493,2548
Hitter,Conner O'Neal,sa3039155,836052,2026,A,A,3,1,A,298.0,23.0,True,True,0.009303343636442458,0.02069320224473153,9.868584180510785,4033,26.26782884310618,2524,18.068206511808484,9.868584180510785,2549
Hitter,Manuel Cabrera,sa3021096,806999,2026,A,A,3,3,International Rookie | Complex | A,252.0,20.0,True,True,0.00818574978758423,0.02640628378298741,13.116786511281925,4033,23.019017432646592,2524,18.067901971964258,13.116786511281925,2550
Hitter,Raul Pereira,sa3067811,829972,2026,International Rookie,International Rookie,1,1,International Rookie,145.0,18.0,True,True,0.0013617868872253273,0.002966093959552826,11.75969322539412,2347,24.355005159958722,1938,18.05734919267642,11.75969322539412,2551
Hitter,Kavares Tears,sa3043596,701837,2026,A+,A+,4,2,A | A+,279.0,23.0,True,True,0.006506610766356126,0.0484064679372903,16.399052382205845,3799,19.709355131698455,2202,18.05420375695215,16.399052382205845,2552
Hitter,Pedro Silva,sa3076695,837997,2026,International Rookie,International Rookie,1,1,International Rookie,128.0,17.0,True,True,0.001210135268638163,0.003937034671589675,14.571793779292713,2347,21.46542827657379,1938,18.01861102793325,14.571793779292713,2553
Hitter,D'Andre Smith,sa3020536,694266,2026,AAA,AAA,6,3,A+ | AA | AAA,83.0,25.0,True,False,0.025172585711128032,0.5258818273586275,25.305568130375736,2209,10.679611650485437,927,17.992589890430587,10.679611650485437,2554
Hitter,Jack O'Dowd,sa3076117,691942,2026,AA,AA,5,3,A | A+ | AA,205.0,25.0,True,True,0.020137542260681512,0.06185999462707797,10.286624203821656,3140,25.641025641025642,1638,17.963824922423647,10.286624203821656,2555
Hitter,Leandro Romero,sa3023727,815933,2026,Complex,Complex,2,2,International Rookie | Complex,196.0,19.0,True,True,0.0027330618173725305,0.024631236333467883,25.61318858061922,2487,10.22964509394572,1916,17.92141683728247,10.22964509394572,2556
Hitter,Juan Benjamin,sa3017217,691405,2026,AA,AA,5,5,International Rookie | Complex | A | A+ | AA,158.0,23.0,True,True,0.004094413327085076,0.2315280136549821,33.152866242038215,3140,2.686202686202686,1638,17.91953446412045,2.686202686202686,2557
Hitter,Ryan Cermak,sa3020204,688714,2026,A+,A+,4,2,A | A+,109.0,25.0,True,True,0.00824928573331825,0.03229066030387067,11.134509081337194,3799,24.659400544959126,2202,17.89695481314816,11.134509081337194,2558
Hitter,Greylin De La Paz,sa3023912,821000,2026,Complex,Complex,2,2,International Rookie | Complex,132.0,19.0,True,True,0.001788038629767824,0.028948540260006296,29.553679131483715,2487,6.106471816283925,1916,17.83007547388382,6.106471816283925,2559
Hitter,Edgardo De Leon,sa3024339,821279,2026,A,A,3,3,International Rookie | Complex | A,145.0,19.0,True,True,0.005133945749441342,0.0449163714057925,23.357302256384827,4033,12.282091917591126,2524,17.819697086987976,12.282091917591126,2560
Hitter,Chris Brito,sa3023486,701594,2026,A+,A+,4,2,A | A+,104.0,26.0,True,True,0.011539563789386503,0.01370238201747137,3.843116609634114,3799,31.69845594913715,2202,17.770786279385632,3.843116609634114,2561
Hitter,Jonathan Alcantara,sa3068969,834886,2026,Complex,Complex,2,2,International Rookie | Complex,108.0,18.0,True,True,0.002968707000335784,0.022989896620480663,23.84398874145557,2487,11.586638830897703,1916,17.715313786176637,11.586638830897703,2562
Hitter,Daniel Lopez,sa3021298,808693,2026,Complex,Complex,2,2,International Rookie | Complex,70.0,20.0,True,False,0.0016535003753293928,0.029393208814533753,29.995979091274627,2487,5.427974947807933,1916,17.71197701954128,5.427974947807933,2563
Hitter,Ayden Johnson,sa3067681,829042,2026,International Rookie,International Rookie,1,1,International Rookie,134.0,18.0,True,True,0.0018288496417480419,0.0010364175528428411,4.5164039198977415,2347,30.753353973168213,1938,17.63487894653298,4.5164039198977415,2564
Hitter,Alberto Rios,sa3022441,814362,2026,A+,A+,4,2,A | A+,90.0,24.0,True,False,0.007005041701423391,0.04130784174295729,13.977362463806266,3799,21.25340599455041,2202,17.61538422917834,13.977362463806266,2565
Hitter,GJ Hill,sa3010335,677338,2026,AA,AA,5,4,Complex | A | A+ | AA,387.0,25.0,True,True,0.01260879853124731,0.12716029644816076,20.222929936305732,3140,14.957264957264957,1638,17.590097446785343,14.957264957264957,2566
Hitter,Jose Devers,sa3015292,691410,2026,AA,AA,5,4,Complex | A | A+ | AA,318.0,23.0,True,True,0.009717023324539425,0.17110034404481012,25.445859872611464,3140,9.706959706959706,1638,17.576409789785586,9.706959706959706,2567
Hitter,Brady Counsell,sa3029467,703519,2026,A+,A+,4,1,A+,284.0,23.0,True,True,0.0073097446156837765,0.03850217529390501,13.108712819162937,3799,22.025431425976386,2202,17.567072122569662,13.108712819162937,2568
Hitter,Andrew Jenkins,sa3019979,687543,2026,AA,AA,5,3,A | A+ | AA,433.0,25.0,True,True,0.01275501779543922,0.12332887901513066,19.872611464968152,3140,15.2014652014652,1638,17.537038333216678,15.2014652014652,2569
Hitter,Royelny Strop,sa3068180,829062,2026,Complex,Complex,2,2,International Rookie | Complex,181.0,18.0,True,True,0.001206783124593252,0.03148889861165848,31.322878970647366,2487,3.7056367432150314,1916,17.5142578569312,3.7056367432150314,2570
Hitter,Manni Ramirez,sa3023959,821642,2026,Complex,Complex,2,2,International Rookie | Complex,88.0,19.0,True,False,0.0012686140744367785,0.030664667132322614,30.920788098110172,2487,3.9665970772442587,1916,17.443692587677216,3.9665970772442587,2571
Hitter,J.J. D'Orazio,sa3008876,683490,2026,AA,AA,5,5,International Rookie | Complex | A | A+ | AA,165.0,24.0,True,True,0.008741197237097481,0.18109794075091026,26.369426751592357,3140,8.485958485958486,1638,17.42769261877542,8.485958485958486,2572
Hitter,Bralyn Brazoban,sa3023725,815923,2026,A,A,3,3,International Rookie | Complex | A,241.0,19.0,True,True,0.006229694533236254,0.035825681989022806,18.34862385321101,4033,16.40253565768621,2524,17.375579755448612,16.40253565768621,2573
Hitter,Moises Polanco,sa3024129,821199,2026,Complex,Complex,2,2,International Rookie | Complex,99.0,19.0,True,False,0.0010206655105575297,0.03199530819834507,31.56413349416968,2487,3.1315240083507305,1916,17.347828751260206,3.1315240083507305,2574
Hitter,Eric Mota,sa3067645,824873,2026,International Rookie,International Rookie,1,1,International Rookie,109.0,18.0,True,True,0.0017063008473828152,0.001348081469457783,5.581593523647209,2347,29.102167182662537,1938,17.341880353154874,5.581593523647209,2575
Hitter,DJ Gladney,sa3010043,687554,2026,AA,AA,5,4,Complex | A | A+ | AA,479.0,24.0,True,True,0.00913675090082159,0.17454107633372642,25.73248407643312,3140,8.913308913308914,1638,17.322896494871017,8.913308913308914,2576
Hitter,Leonardo Pineda,sa3023721,815904,2026,Complex,Complex,2,2,International Rookie | Complex,106.0,19.0,True,True,0.0008341837755609186,0.033104734971070644,32.649778850020105,2487,1.9832985386221293,1916,17.316538694321117,1.9832985386221293,2577
Hitter,Nathan Martorella,sa3019978,687210,2026,AAA,AAA,6,4,A | A+ | AA | AAA,106.0,25.0,True,True,0.05229887374537327,0.07390453574782825,4.7080126754187415,2209,29.88133764832794,927,17.29467516187334,4.7080126754187415,2578
Hitter,Jhonalbert Vargas,sa3076702,838566,2026,International Rookie,International Rookie,1,1,International Rookie,164.0,17.0,True,True,0.001453430418473734,0.00218972606958091,8.606731998295697,2347,25.954592363261092,1938,17.280662180778393,8.606731998295697,2579
Hitter,Chase Meggers,sa3069012,809861,2026,A+,A+,4,2,A | A+,75.0,23.0,True,False,0.006354898284426575,0.04552932560732754,15.24085285601474,3799,19.30063578564941,2202,17.270744320832073,15.24085285601474,2580
Hitter,Alex Linares,sa3076594,837653,2026,International Rookie,International Rookie,1,1,International Rookie,192.0,17.0,True,True,0.0013346722613112735,0.0026087568789973157,10.737111205794632,2347,23.787409700722396,1938,17.262260453258513,10.737111205794632,2581
Hitter,Colby Halter,sa3022531,690985,2026,AAA,AA,6,3,A+ | AA | AAA,133.0,23.0,True,True,0.0275856286636715,0.46538681943696814,22.498868266183795,2209,11.974110032362459,927,17.236489149273126,11.974110032362459,2582
Hitter,Adrian Rodriguez,sa3019899,703641,2026,A+,A+,4,3,Complex | A | A+,151.0,22.0,True,True,0.005309509615140788,0.05477669909277372,18.1363516714925,3799,16.303360581289738,2202,17.219856126391118,16.303360581289738,2583
Hitter,Jax Biggers,sa3008251,680890,2026,AAA,AA,6,3,A | AA | AAA,452.0,27.0,True,True,0.052423971911434955,0.07061068277896933,4.481665912177456,2209,29.88133764832794,927,17.1815017802527,4.481665912177456,2584
Hitter,Darling Pena,sa3076535,825677,2026,International Rookie,International Rookie,1,1,International Rookie,167.0,17.0,True,True,0.0012829778499306973,0.002835860397132777,11.333617383894333,2347,22.961816305469558,1938,17.147716844681945,11.333617383894333,2585
Hitter,Sammy Siani,sa3010704,686445,2026,AAA,AA,6,5,Complex | A | A+ | AA | AAA,104.0,24.0,True,True,0.031000250579100358,0.4078832786081437,19.511090991398824,2209,14.778856526429342,927,17.144973758914084,14.778856526429342,2586
Hitter,Francisco Loreto,sa3023937,821244,2026,Complex,Complex,2,2,International Rookie | Complex,107.0,19.0,True,True,0.0006434210044369309,0.03324434263756077,32.77040611178126,2487,1.5135699373695197,1916,17.14198802457539,1.5135699373695197,2587
Hitter,Trevor Hauver,sa3014448,669386,2026,AAA,AAA,6,4,A | A+ | AA | AAA,480.0,27.0,True,True,0.03813317237572587,0.28869293219089737,13.89769126301494,2209,20.17259978425027,927,17.035145523632604,13.89769126301494,2588
Hitter,Francisco Urbaez,sa3014944,688005,2026,AAA,AAA,6,3,A+ | AA | AAA,452.0,28.0,True,True,0.04289286371208873,0.2134155622762059,10.321412403802626,2209,23.73247033441208,927,17.026941369107355,10.321412403802626,2589
Hitter,Aeverson Arteaga,sa3014707,692348,2026,AAA,AAA,6,5,Complex | A | A+ | AA | AAA,274.0,23.0,True,True,0.02288609136599957,0.513865847027895,24.626527840651878,2209,9.385113268608414,927,17.005820554630148,9.385113268608414,2590
Hitter,Andy Mata,sa3068243,833206,2026,International Rookie,International Rookie,1,1,International Rookie,191.0,18.0,True,True,0.0010634130488388648,0.003914938754400751,14.529186195142735,2347,19.401444788441694,1938,16.965315491792214,14.529186195142735,2591
Hitter,Hayden Cantrelle,sa3014426,676463,2026,AAA,AA,6,4,A | A+ | AA | AAA,278.0,26.0,True,True,0.042779315645638374,0.20836004794322546,10.185604345857854,2209,23.73247033441208,927,16.95903734013497,10.185604345857854,2592
Hitter,John Estevez,sa3021287,808553,2026,Complex,Complex,2,2,International Rookie | Complex,50.0,20.0,True,False,0.0021175610013079472,0.02571065504121571,26.698833936469644,2487,7.150313152400835,1916,16.92457354443524,7.150313152400835,2593
Hitter,J.P. Cabrera,sa3024651,823651,2026,Complex,Complex,2,2,International Rookie | Complex,136.0,19.0,True,True,0.0022446219684263548,0.025402451437283143,26.29674306393245,2487,7.515657620041754,1916,16.906200341987102,7.515657620041754,2594
Hitter,Chris Sargent,sa3069171,690053,2026,AA,AA,5,1,AA,116.0,25.0,True,True,0.026002965261960224,0.012799266355963557,1.2420382165605095,3140,32.53968253968254,1638,16.890860378121523,1.2420382165605095,2595
Hitter,Max Viera,sa3077697,801290,2026,A+,A+,4,2,Complex | A+,69.0,25.0,True,False,0.0063507883986844505,0.043121267747940444,14.477494077388787,3799,19.30063578564941,2202,16.889064931519098,14.477494077388787,2596
Hitter,Andy Polanco,sa3067339,828489,2026,A,A,3,2,Complex | A,393.0,21.0,True,True,0.005327846580933708,0.040411291883769074,20.828167617158442,4033,12.916006339144216,2524,16.87208697815133,12.916006339144216,2597
Hitter,Luke Waddell,sa3017075,680672,2026,AAA,AA,6,3,A+ | AA | AAA,380.0,26.0,True,True,0.04182131571203742,0.22602779783827104,10.864644635581712,2209,22.869471413160735,927,16.867058024371225,10.864644635581712,2598
Hitter,Jose Monserrate,sa3018646,805104,2026,A,A,3,3,International Rookie | Complex | A,128.0,21.0,True,True,0.0038714899984284602,0.050081269167663554,25.78725514505331,4033,7.884310618066561,2524,16.835782881559936,7.884310618066561,2599
Hitter,Javier Rivas,sa3015589,691922,2026,AA,AA,5,5,International Rookie | Complex | A | A+ | AA,306.0,23.0,True,True,0.006635871722033573,0.19221651536125395,28.248407643312103,3140,5.372405372405372,1638,16.810406507858737,5.372405372405372,2600
Hitter,Mac Guscette,sa3025221,691944,2026,A+,A+,4,2,A | A+,169.0,24.0,True,True,0.008045332628659169,0.027842519416572356,9.47617794156357,3799,24.069028156221616,2202,16.77260304889259,9.47617794156357,2601
Hitter,Rylan Galvan,sa3031877,805025,2026,A+,A+,4,2,A | A+,56.0,23.0,True,False,0.00703898128457471,0.0354385149936144,12.055804158989208,3799,21.344232515894642,2202,16.700018337441925,12.055804158989208,2602
Hitter,Jackson Appel,sa3025367,815096,2026,A+,A+,4,2,A | A+,74.0,24.0,True,False,0.007300923515623403,0.03364517376345537,11.34509081337194,3799,22.025431425976386,2202,16.685261119674163,11.34509081337194,2603
Hitter,Samil Dishmey,sa3021841,808120,2026,Complex,Complex,2,2,International Rookie | Complex,80.0,20.0,True,False,0.0022860248879474783,0.02459163480039056,25.61318858061922,2487,7.67223382045929,1916,16.642711200539253,7.67223382045929,2604
Hitter,Keyber Rodriguez,sa3005488,677601,2026,AAA,AAA,6,6,International Rookie | Complex | A | A+ | AA | AAA,311.0,25.0,True,True,0.009190749694645586,0.6231773751631814,31.598008148483476,2209,1.6181229773462784,927,16.608065562914877,1.6181229773462784,2605
Hitter,Leonel Vivas,sa3025161,827765,2026,Complex,Complex,2,2,International Rookie | Complex,151.0,19.0,True,True,0.002130500750474755,0.024930049630191676,26.015279453156413,2487,7.150313152400835,1916,16.582796302778625,7.150313152400835,2606
Hitter,Braylen Wimmer,sa3022671,687918,2026,AA,AA,5,4,Complex | A | A+ | AA,308.0,25.0,True,True,0.009518611487035047,0.1573774089694234,23.78980891719745,3140,9.340659340659341,1638,16.565234128928395,9.340659340659341,2607
Hitter,D'Andre Smith,sa3020536,694266,2026,AA,AA,5,2,A+ | AA,129.0,25.0,True,True,0.015415248909602325,0.08627849619440503,14.299363057324841,3140,18.803418803418804,1638,16.551390930371824,14.299363057324841,2608
Hitter,Yimy Tovar,sa3022486,811602,2026,Complex,Complex,2,2,International Rookie | Complex,64.0,20.0,True,False,0.0012385601278605246,0.02857614742127312,29.27221552070768,2487,3.8100208768267225,1916,16.5411181987672,3.8100208768267225,2609
Hitter,Brady Marget,sa3025513,803067,2026,A,A,3,2,Complex | A,224.0,23.0,True,True,0.006811776362281608,0.02903516619615367,14.629308207289858,4033,18.423137876386686,2524,16.52622304183827,14.629308207289858,2610
Hitter,Elvis Teran,sa3076684,837968,2026,International Rookie,International Rookie,1,1,International Rookie,159.0,17.0,True,True,0.0012804893407604245,0.002487273696072108,10.225820195994887,2347,22.80701754385965,1938,16.516418869927268,10.225820195994887,2611
Hitter,Jose Ramos,sa3024111,815927,2026,Complex,Complex,2,2,International Rookie | Complex,179.0,19.0,True,True,0.0009269079355893688,0.03011162716181725,30.47848813831926,2487,2.5052192066805845,1916,16.49185367249992,2.5052192066805845,2612
Hitter,Christian Colon,sa3067876,831915,2026,International Rookie,International Rookie,1,1,International Rookie,122.0,18.0,True,True,0.001320027593501669,0.0022953895578505727,9.203238176395399,2347,23.63261093911249,1938,16.417924557753942,9.203238176395399,2613
Hitter,Maikol Tovar,sa3068793,829871,2026,International Rookie,International Rookie,1,1,International Rookie,112.0,18.0,True,True,0.0011741645079398294,0.0030418210506019338,12.185769066893908,2347,20.63983488132095,1938,16.41280197410743,12.185769066893908,2614
Hitter,Justice Bigbie,sa3016971,694425,2026,AAA,AA,6,5,Complex | A | A+ | AA | AAA,558.0,25.0,True,True,0.03255566345126372,0.3553757194938251,16.478044363965594,2209,16.2891046386192,927,16.383574501292397,16.2891046386192,2615
Hitter,Tyler Hardman,sa3016955,676205,2026,AA,AA,5,3,A | A+ | AA,167.0,27.0,True,True,0.01397509891909003,0.097589268154651,15.987261146496815,3140,16.666666666666668,1638,16.326963906581742,15.987261146496815,2616
Hitter,Juan Hernandez,sa3021152,808037,2026,A+,A+,4,3,International Rookie | Complex | A+,296.0,20.0,True,True,0.003495524397377081,0.06596067152359499,22.11108186364833,3799,10.535876475930971,2202,16.32347916978965,10.535876475930971,2617
Hitter,Sebastian Pena,sa3067869,830808,2026,International Rookie,International Rookie,1,1,International Rookie,187.0,18.0,True,True,0.0014197326976397133,0.001894821889254385,7.498934810396251,2347,25.128998968008254,1938,16.313966889202252,7.498934810396251,2618
Hitter,Griffin Lockwood-Powell,sa3019303,674976,2026,AA,AA,5,3,A | A+ | AA,221.0,28.0,True,True,0.022537829355965155,0.025190297134051503,3.4713375796178343,3140,29.12087912087912,1638,16.296108350248478,3.4713375796178343,2619
Hitter,Slate Alford,sa3025895,695477,2026,A,A,3,1,A,177.0,23.0,True,True,0.007500550026684127,0.024304850787800245,12.000991817505579,4033,20.56259904912837,2524,16.281795433316972,12.000991817505579,2620
Hitter,Jhoan Peguero,sa3023754,821085,2026,Complex,Complex,2,2,International Rookie | Complex,107.0,20.0,True,True,0.0013644439989590046,0.027414296525280234,28.226779252110976,2487,4.3319415448851775,1916,16.279360398498078,4.3319415448851775,2621
Hitter,Felix Lebron,sa3076529,825473,2026,International Rookie,International Rookie,1,1,International Rookie,197.0,17.0,True,True,0.0015518916396157505,0.0014319615244108447,5.666808691947167,2347,26.883384932920535,1938,16.27509681243385,5.666808691947167,2622
Hitter,Ricardo Pulles,sa3077064,837664,2026,International Rookie,International Rookie,1,1,International Rookie,110.0,17.0,True,True,0.0012672156473670171,0.0024462167508772217,9.927567106945036,2347,22.54901960784314,1938,16.238293357394088,9.927567106945036,2623
Hitter,Kyle Sinzza,sa3023908,820989,2026,Complex,Complex,2,2,International Rookie | Complex,98.0,19.0,True,False,0.001019198697847671,0.028640029226022976,29.3124246079614,2487,3.1315240083507305,1916,16.221974308156064,3.1315240083507305,2624
Hitter,Johan Fernandez,sa3024802,827447,2026,Complex,Complex,2,2,International Rookie | Complex,58.0,19.0,True,False,0.001019198697847671,0.028640029226022976,29.3124246079614,2487,3.1315240083507305,1916,16.221974308156064,3.1315240083507305,2624
Hitter,Christian Gonzalez,sa3023982,822619,2026,Complex,Complex,2,2,International Rookie | Complex,53.0,19.0,True,False,0.001019198697847671,0.028640029226022976,29.3124246079614,2487,3.1315240083507305,1916,16.221974308156064,3.1315240083507305,2624
Hitter,Jorge Lara,sa3021327,814278,2026,Complex,Complex,2,2,International Rookie | Complex,144.0,20.0,True,True,0.001362171135622552,0.0272900514216953,28.146361077603537,2487,4.279749478079332,1916,16.213055277841434,4.279749478079332,2627
Hitter,Caleb Hobson,sa3022610,805931,2026,A+,A+,4,3,Complex | A | A+,97.0,24.0,True,False,0.005458992158980223,0.04704139449285961,15.767307186101606,3799,16.575840145322434,2202,16.17157366571202,15.767307186101606,2628
Hitter,Peyton Williams,sa3020099,805268,2026,AAA,AAA,6,4,A | A+ | AA | AAA,63.0,25.0,True,False,0.024925088544575414,0.45208767276122963,21.729289271163424,2209,10.57173678532902,927,16.150513028246223,10.57173678532902,2629
Hitter,Diego Pacheco,sa3076570,837177,2026,International Rookie,International Rookie,1,1,International Rookie,111.0,17.0,True,True,0.00077465951037344,0.005027419164467823,17.767362590541115,2347,14.447884416924664,1938,16.10762350373289,14.447884416924664,2630
Hitter,Gregori Arias,sa3023734,820954,2026,International Rookie,International Rookie,1,1,International Rookie,133.0,19.0,True,True,0.0016307160188167497,0.0009532420884878399,4.175543246697912,2347,27.915376676986583,1938,16.045459961842248,4.175543246697912,2631
Hitter,Jacob Jenkins-Cowart,sa3025201,801881,2026,A+,A+,4,2,A | A+,213.0,23.0,True,True,0.005706756150351258,0.043974143142585825,14.767043958936561,3799,17.302452316076295,2202,16.034748137506426,14.767043958936561,2632
Hitter,Sam Biller,sa3069175,813697,2026,A+,A+,4,1,A+,161.0,23.0,True,True,0.006506611660800491,0.035950543096995385,12.24006317451961,3799,19.709355131698455,2202,15.974709153109032,12.24006317451961,2633
Hitter,Tyler Tolve,sa3016960,681172,2026,AA,AA,5,3,A | A+ | AA,57.0,25.0,True,False,0.014116692736313202,0.09077564817036927,15.127388535031848,3140,16.78876678876679,1638,15.958077661899319,15.127388535031848,2634
Hitter,Max Burt,sa3007631,661733,2026,AAA,AA,6,3,A | AA | AAA,120.0,24.0,True,True,0.05103072654921772,0.03452649319255398,2.716161158895428,2209,29.12621359223301,927,15.92118737556422,2.716161158895428,2635
Hitter,Robinson Chacon,sa3024382,823850,2026,International Rookie,International Rookie,1,1,International Rookie,125.0,19.0,True,True,0.0013991666185971415,0.001787133352476817,6.902428632296549,2347,24.922600619195048,1938,15.912514625745798,6.902428632296549,2636
Hitter,Elian Reyes,sa3067854,830442,2026,International Rookie,International Rookie,1,1,International Rookie,143.0,17.0,True,True,0.0010644071693202439,0.0031298173062908378,12.3988069876438,2347,19.401444788441694,1938,15.900125888042748,12.3988069876438,2637
Hitter,Dionis Leyba,sa3076554,834308,2026,International Rookie,International Rookie,1,1,International Rookie,120.0,17.0,True,True,0.001004321754660189,0.003272268197041268,12.867490413293567,2347,18.524251805985553,1938,15.69587110963956,12.867490413293567,2638
Hitter,Anielson Buten,sa3021137,808004,2026,A,A,3,3,International Rookie | Complex | A,244.0,20.0,True,True,0.0038232114303760724,0.045529276018395556,23.605256632779568,4033,7.765451664025356,2524,15.685354148402462,7.765451664025356,2639
Hitter,Endy Rios,sa3024372,821810,2026,International Rookie,International Rookie,1,1,International Rookie,163.0,19.0,True,True,0.000892876885153385,0.004183168768838947,15.168299957392415,2347,16.202270381836946,1938,15.68528516961468,15.168299957392415,2640
Hitter,Cooper McMurray,sa3069032,803102,2026,A+,A,4,2,A | A+,80.0,23.0,True,False,0.00666906969687089,0.033240357385719115,11.213477230850224,3799,20.118074477747502,2202,15.665775854298863,11.213477230850224,2641
Hitter,Stanley Tucker,sa3022818,805964,2026,A+,A+,4,2,A | A+,176.0,24.0,True,True,0.006006108698424315,0.038656731204144826,13.108712819162937,3799,18.11989100817439,2202,15.614301913668662,13.108712819162937,2642
Hitter,Jake Holton,sa3010599,687724,2026,AAA,AAA,6,4,A | A+ | AA | AAA,308.0,28.0,True,True,0.043024205462193946,0.1300926049394838,6.971480307831598,2209,24.056094929881336,927,15.513787618856467,6.971480307831598,2643
Hitter,Justin Johnson,sa3022758,813386,2026,AA,AA,5,2,A+ | AA,350.0,26.0,True,True,0.018563134010194392,0.045744280156348405,7.32484076433121,3140,23.68742368742369,1638,15.50613222587745,7.32484076433121,2644
Hitter,Gavin Smith,sa3076312,827332,2026,Complex,Complex,2,1,Complex,131.0,20.0,True,True,0.002728388907027747,0.019894053641138252,20.7880981101729,2487,10.12526096033403,1916,15.456679535253464,10.12526096033403,2645
Hitter,Douglas Olivo,sa3075082,837814,2026,International Rookie,International Rookie,1,1,International Rookie,162.0,17.0,True,True,0.0013306421073382463,0.0018148968171888273,7.158074137196421,2347,23.735810113519094,1938,15.446942125357758,7.158074137196421,2646
Hitter,Arturo Disla,sa3022618,815697,2026,A+,A+,4,3,International Rookie | A | A+,129.0,25.0,True,True,0.010316232210287565,0.0065548674273747404,1.6846538562779678,3799,29.200726612170754,2202,15.442690234224361,1.6846538562779678,2647
Hitter,Alfredo Benzan,sa3023904,820968,2026,Complex,Complex,2,2,International Rookie | Complex,199.0,19.0,True,True,0.00048542451654883325,0.02953617115014348,30.03618817852835,2487,0.8350730688935282,1916,15.435630623710939,0.8350730688935282,2648
Hitter,Kenny Fermin,sa3077639,842538,2026,International Rookie,International Rookie,1,1,International Rookie,125.0,19.0,True,True,0.0014356350813461204,0.0012679459392948643,5.24073285044738,2347,25.49019607843137,1938,15.365464464439375,5.24073285044738,2649
Hitter,Sean McLain,sa3019890,683169,2026,AA,AA,5,3,A | A+ | AA,198.0,25.0,True,True,0.008993343059767964,0.1410567338022583,21.878980891719745,3140,8.73015873015873,1638,15.304569810939238,8.73015873015873,2650
Hitter,Malachai Halterman,sa3076304,836165,2026,Complex,Complex,2,1,Complex,129.0,19.0,True,True,0.002433321607080136,0.021242781565846424,22.0345798150382,2487,8.559498956158665,1916,15.297039385598431,8.559498956158665,2651
Hitter,Jean Rodriguez,sa3077640,842568,2026,International Rookie,International Rookie,1,1,International Rookie,117.0,19.0,True,True,0.0008729161349867818,0.003968584719909511,14.657008947592672,2347,15.89267285861713,1938,15.274840903104902,14.657008947592672,2652
Hitter,Dasan Brown,sa3011717,672018,2026,AA,AA,5,4,Complex | A | A+ | AA,168.0,24.0,True,True,0.014030116439417433,0.08354347735745288,13.853503184713375,3140,16.666666666666668,1638,15.260084925690022,13.853503184713375,2653
Hitter,Hunter Dobbins,sa3067393,701493,2026,A+,A+,4,3,Complex | A | A+,80.0,23.0,True,False,0.0053006101016702355,0.04251568774360137,14.214266912345353,3799,16.25794732061762,2202,15.236107116481488,14.214266912345353,2654
Hitter,Dru Baker,sa3017331,681333,2026,AAA,AAA,6,4,A | A+ | AA | AAA,321.0,26.0,True,True,0.020480971673748672,0.4711599741946423,22.72521502942508,2209,7.659115426105718,927,15.192165227765399,7.659115426105718,2655
Hitter,Ariel Almonte,sa3015708,694200,2026,A+,A+,4,4,International Rookie | Complex | A | A+,112.0,22.0,True,True,0.006688946081601675,0.029440478097415304,10.002632271650434,3799,20.208900999091735,2202,15.105766635371085,10.002632271650434,2656
Hitter,Josh Hood,sa3020268,681377,2026,AA,AA,5,3,A | A+ | AA,287.0,25.0,True,True,0.01433619106099711,0.07765260947685289,12.86624203821656,3140,17.216117216117215,1638,15.041179627166887,12.86624203821656,2657
Hitter,Zach Kokoska,sa3017165,694808,2026,AA,AA,5,3,A | A+ | AA,282.0,27.0,True,True,0.015353200176609575,0.06798718358447256,11.337579617834395,3140,18.681318681318682,1638,15.00944914957654,11.337579617834395,2658
Hitter,John Bay,sa3069004,700083,2026,A+,A+,4,2,A | A+,325.0,25.0,True,True,0.006172973355176262,0.032670898035713526,11.160831797841537,3799,18.84650317892825,2202,15.003667488384892,11.160831797841537,2659
Hitter,Daniel Guilarte,sa3018388,694206,2026,A+,A+,4,3,Complex | A | A+,126.0,22.0,True,True,0.0039028642796520388,0.05439069989923323,18.004738088970782,3799,11.989100817438691,2202,14.996919453204736,11.989100817438691,2660
Hitter,Marcus Smith,sa1169620,687526,2026,AAA,A+,6,5,Complex | A | A+ | AA | AAA,76.0,24.0,True,False,0.013886763100052732,0.5338014722178505,26.075147125396107,2209,3.883495145631068,927,14.979321135513587,3.883495145631068,2661
Hitter,Cristofer Lebron,sa3024314,821036,2026,Complex,Complex,2,2,International Rookie | Complex,179.0,19.0,True,True,0.0006265598212745711,0.027749788388945734,28.468033775633295,2487,1.4091858037578289,1916,14.938609789695562,1.4091858037578289,2662
Hitter,Carlos Caripa,sa3024335,821256,2026,International Rookie,International Rookie,1,1,International Rookie,126.0,19.0,True,True,0.0011422993669160922,0.0023099613097006784,9.331060928845334,2347,20.536635706914346,1938,14.93384831787984,9.331060928845334,2663
Hitter,Belfi Rivera,sa3023891,815905,2026,International Rookie,International Rookie,1,1,International Rookie,110.0,19.0,True,True,0.0013071854031038133,0.0016020759610228259,6.263314870046869,2347,23.374613003095977,1938,14.818963936571423,6.263314870046869,2664
Hitter,Garrett Pennington,sa3025600,693243,2026,AA,AA,5,3,A | A+ | AA,106.0,25.0,True,True,0.012821926056828865,0.08608027164071483,14.203821656050955,3140,15.323565323565324,1638,14.76369348980814,14.203821656050955,2665
Hitter,Seth Stephenson,sa3020495,700931,2026,AA,AA,5,3,A | A+ | AA,459.0,25.0,True,True,0.012101163788326761,0.09117953377332345,15.159235668789808,3140,14.285714285714286,1638,14.722474977252048,14.285714285714286,2666
Hitter,Johan Macias,sa3016095,691571,2026,A+,A+,4,4,International Rookie | Complex | A | A+,254.0,23.0,True,True,0.005078584226471991,0.041751249464332105,14.003685180310608,3799,15.440508628519527,2202,14.722096904415068,14.003685180310608,2667
Hitter,Sebastian De Andrade,sa3021842,808143,2026,Complex,Complex,2,2,International Rookie | Complex,81.0,20.0,True,False,0.0011088768704701425,0.024920750128558405,25.975070365902695,2487,3.4446764091858038,1916,14.70987338754425,3.4446764091858038,2668
Hitter,Luis Pino,sa3015866,700720,2026,A,A,3,3,International Rookie | Complex | A,64.0,22.0,True,False,0.006628564429224259,0.02364490250497085,11.653855690552938,4033,17.709984152139462,2524,14.6819199213462,11.653855690552938,2669
Hitter,Jayln Pinder,sa3067867,830486,2026,International Rookie,International Rookie,1,1,International Rookie,120.0,18.0,True,True,0.0014512191552994355,0.0007393727888879533,3.365999147848317,2347,25.90299277605779,1938,14.634495961953053,3.365999147848317,2670
Hitter,Jacob Sharp,sa3022489,814435,2026,AA,A+,5,3,A | A+ | AA,209.0,23.0,True,True,0.014820833349158982,0.06876157322687605,11.433121019108281,3140,17.765567765567766,1638,14.599344392338024,11.433121019108281,2671
Hitter,Jared Davis,sa3059003,816207,2026,Complex,Complex,2,1,Complex,170.0,22.0,True,True,0.0011470304299728636,0.024559842974950206,25.61318858061922,2487,3.4968684759916493,1916,14.555028528305435,3.4968684759916493,2672
Hitter,Eryks Rivero,sa3067749,829790,2026,International Rookie,International Rookie,1,1,International Rookie,111.0,18.0,True,True,0.0014219881621910942,0.0008790225402935387,3.877290157648061,2347,25.128998968008254,1938,14.503144562828158,3.877290157648061,2673
Hitter,Aiverson Barazarte,sa3068190,829743,2026,International Rookie,International Rookie,1,1,International Rookie,105.0,18.0,True,True,0.0010027472290425252,0.00256676595109497,10.48146570089476,2347,18.524251805985553,1938,14.502858753440156,10.48146570089476,2674
Hitter,Enderson Delgado,sa3018576,800503,2026,A,Complex,3,3,International Rookie | Complex | A,122.0,20.0,True,True,0.0071990103519982244,0.019361888625476668,9.223902801884453,4033,19.770206022187004,2524,14.497054412035729,9.223902801884453,2675
Hitter,Rayne Doncon,sa3016720,699061,2026,A+,A+,4,4,International Rookie | Complex | A | A+,198.0,22.0,True,True,0.005127135827407274,0.03898589405293475,13.319294551197684,3799,15.622161671207992,2202,14.470728111202838,13.319294551197684,2676
Hitter,Tom Poole,sa3069123,809231,2026,A+,A+,4,2,A | A+,118.0,23.0,True,True,0.007177501402756265,0.022415758967916276,7.265069755198737,3799,21.662125340599456,2202,14.463597547899097,7.265069755198737,2677
Hitter,Carlos Franco,sa3015580,691863,2026,A+,A+,4,3,Complex | A | A+,163.0,23.0,True,True,0.005360662232099011,0.0367973437461782,12.503290339563042,3799,16.394187102633968,2202,14.448738721098504,12.503290339563042,2678
Hitter,Anielson Buten,sa3021137,808004,2026,Complex,Complex,2,2,International Rookie | Complex,59.0,20.0,True,False,0.0009670196478834649,0.025078280024641932,26.176115802171292,2487,2.7139874739039667,1916,14.44505163803763,2.7139874739039667,2679
Hitter,Yojanser Calzado,sa3023785,821814,2026,Complex,Complex,2,2,International Rookie | Complex,123.0,19.0,True,True,0.0005974029584011352,0.026500740702233096,27.503015681544028,2487,1.2526096033402923,1916,14.37781264244216,1.2526096033402923,2680
Hitter,Heriberto Caraballo,sa3021317,812430,2026,A,A,3,3,International Rookie | Complex | A,179.0,21.0,True,True,0.004539117783125299,0.035741748075055445,18.29903297793206,4033,10.26148969889065,2524,14.280261338411355,10.26148969889065,2681
Hitter,Francisco Toledo,sa3018519,800331,2026,A,A,3,2,Complex | A,118.0,21.0,True,True,0.005832928889162371,0.027185453058563094,13.538308951152988,4033,15.015847860538827,2524,14.277078405845907,13.538308951152988,2682
Hitter,Carlos Done,sa3067642,821152,2026,International Rookie,International Rookie,1,1,International Rookie,187.0,19.0,True,True,0.0012856391539712182,0.001304553403504382,5.368555602897316,2347,23.065015479876163,1938,14.21678554138674,5.368555602897316,2683
Hitter,Tatem Levins,sa3020278,694420,2026,AAA,AAA,6,4,A | A+ | AA | AAA,366.0,27.0,True,True,0.027072552797726752,0.3579896746357452,16.659121774558624,2209,11.650485436893204,927,14.154803605725913,11.650485436893204,2684
Hitter,Silas Ardoin,sa3019976,686976,2026,AAA,AAA,6,4,A | A+ | AA | AAA,222.0,25.0,True,True,0.03921921684423106,0.13348621130242982,7.152557718424626,2209,21.14347357065804,927,14.148015644541331,7.152557718424626,2685
Hitter,Bralyn Brazoban,sa3023725,815923,2026,Complex,Complex,2,2,International Rookie | Complex,81.0,19.0,True,False,0.0008947611997265683,0.02489396484471754,25.894652191395256,2487,2.244258872651357,1916,14.069455532023307,2.244258872651357,2686
Hitter,Alex McCoy,sa3067170,801932,2026,AA,AA,5,3,A | A+ | AA,103.0,24.0,True,True,0.01063169006270033,0.10164042681308844,16.528662420382165,3140,11.538461538461538,1638,14.033561979421851,11.538461538461538,2687
Hitter,Ryan Nicholson,sa3025167,690804,2026,AA,A+,5,3,A | A+ | AA,143.0,24.0,True,True,0.013529119006305495,0.07202677068588866,12.038216560509554,3140,15.995115995115995,1638,14.016666277812774,12.038216560509554,2688
Hitter,Nick Biddison,sa3019888,680994,2026,A+,A+,4,2,A | A+,350.0,25.0,True,True,0.005589335785066584,0.03291338152897182,11.160831797841537,3799,16.84831970935513,2202,14.004575753598335,11.160831797841537,2689
Hitter,Bennett Lee,sa3022679,700939,2026,AAA,AAA,6,4,A | A+ | AA | AAA,81.0,24.0,True,False,0.009549758161115208,0.5369461033837504,26.256224535989137,2209,1.725997842502697,927,13.991111189245917,1.725997842502697,2690
Hitter,Franco Willias,sa3023714,814293,2026,International Rookie,International Rookie,1,1,International Rookie,233.0,21.0,True,True,0.0009477468752954035,0.002553341343369282,10.48146570089476,2347,17.492260061919506,1938,13.986862881407133,10.48146570089476,2691
Hitter,Harry Genth,sa3069005,702025,2026,A,A,3,1,A,141.0,23.0,True,True,0.00762459328359123,0.015494190647800186,7.141086040168609,4033,20.800316957210775,2524,13.970701498689692,7.141086040168609,2692
Hitter,Yeycol Soriano,sa3021109,807649,2026,Complex,Complex,2,2,International Rookie | Complex,58.0,20.0,True,False,0.0013133652051285551,0.022852998208220024,23.76357056694813,2487,4.123173277661795,1916,13.943371922304962,4.123173277661795,2693
Hitter,Steven Herrera,sa3068192,829749,2026,International Rookie,International Rookie,1,1,International Rookie,167.0,18.0,True,True,0.001007727358939379,0.002273851975385087,9.16063059224542,2347,18.627450980392158,1938,13.89404078631879,9.16063059224542,2694
Hitter,Jemone Nuel,sa3024356,821688,2026,A,A,3,3,International Rookie | Complex | A,124.0,19.0,True,True,0.004702603672583313,0.03371086898724587,17.03446565831887,4033,10.736925515055468,2524,13.885695586687168,10.736925515055468,2695
Hitter,Kevin Rivas,sa3015539,691422,2026,A+,A+,4,3,International Rookie | A | A+,81.0,23.0,True,False,0.006796587422897314,0.022206696840278956,7.21242432219005,3799,20.435967302452315,2202,13.824195812321182,7.21242432219005,2696
Hitter,Yael Romero,sa3021062,806873,2026,Complex,Complex,2,2,International Rookie | Complex,72.0,20.0,True,False,0.0010727870878675647,0.023372103000369664,24.40691596300764,2487,3.2359081419624216,1916,13.821412052485032,3.2359081419624216,2697
Hitter,Landyn Vidourek,sa3044483,811716,2026,A,A,3,1,A,409.0,22.0,True,True,0.006224833694471851,0.02309954385930121,11.182742375402926,4033,16.40253565768621,2524,13.79263901654457,11.182742375402926,2698
Hitter,Ty Hanchey,sa3022684,800643,2026,AA,AA,5,2,A | AA,209.0,26.0,True,True,0.015623872907580869,0.05156515936676527,8.40764331210191,3140,19.047619047619047,1638,13.727631179860479,8.40764331210191,2699
Hitter,Matt Rudick,sa3017334,689822,2026,AA,AA,5,3,Complex | A+ | AA,215.0,27.0,True,True,0.018706490131356026,0.025963333895099767,3.56687898089172,3140,23.87057387057387,1638,13.718726425732795,3.56687898089172,2700
Hitter,Cristopher Polanco,sa3067125,829057,2026,International Rookie,International Rookie,1,1,International Rookie,202.0,18.0,True,True,0.001227640473647261,0.0014149390099334137,5.666808691947167,2347,21.7234262125903,1938,13.695117452268734,5.666808691947167,2701
Hitter,Daniel Campos,sa3021182,808121,2026,Complex,Complex,2,2,International Rookie | Complex,92.0,20.0,True,False,0.000737550406958007,0.024500044431572707,25.61318858061922,2487,1.7223382045929019,1916,13.66776339260606,1.7223382045929019,2702
Hitter,Jose Familia,sa3023879,815007,2026,Complex,Complex,2,2,International Rookie | Complex,142.0,18.0,True,True,0.0017132453068142719,0.020612779283219217,21.552070767993566,2487,5.741127348643007,1916,13.646599058318287,5.741127348643007,2703
Hitter,Gabriel Guanchez,sa3024861,821687,2026,International Rookie,International Rookie,1,1,International Rookie,121.0,19.0,True,True,0.0012389890205966416,0.0012916934199848917,5.368555602897316,2347,21.878224974200208,1938,13.623390288548762,5.368555602897316,2704
Hitter,Charlie Szykowny,sa3022689,805126,2026,AA,AA,5,4,Complex | A | A+ | AA,482.0,26.0,True,True,0.012315536904884527,0.07633497612527367,12.643312101910828,3140,14.52991452991453,1638,13.586613315912679,12.643312101910828,2705
Hitter,Jean Walters,sa3015236,695078,2026,AAA,AAA,6,5,Complex | A | A+ | AA | AAA,109.0,24.0,True,True,0.021249531453433834,0.3953986951599097,18.650973291081936,2209,8.522114347357066,927,13.5865438192195,8.522114347357066,2706
Hitter,Kendry Chirinos,sa3018453,800140,2026,A+,A+,4,4,International Rookie | Complex | A | A+,195.0,21.0,True,True,0.0042387475830119,0.04053043482015525,13.793103448275861,3799,13.215258855585832,2202,13.504181151930847,13.215258855585832,2707
Hitter,AJ Salgado,sa3069033,814514,2026,A,A,3,1,A,235.0,24.0,True,True,0.005289290076408122,0.028385991888626578,14.108604016860898,4033,12.876386687797147,2524,13.492495352329023,12.876386687797147,2708
Hitter,Nick Hollifield,sa3033990,824753,2026,A,A,3,1,A,160.0,22.0,True,True,0.006534461163832593,0.020113186672613064,9.620629804116042,4033,17.35340729001585,2524,13.487018547065945,9.620629804116042,2709
Hitter,Raimundo De Los Santos,sa3021202,808220,2026,A,A,3,3,International Rookie | Complex | A,238.0,21.0,True,True,0.005394985167307505,0.027777270015578885,13.811058765187205,4033,13.153724247226624,2524,13.482391506206914,13.153724247226624,2710
Hitter,Bryan Broecker,sa3022814,802541,2026,A+,A+,4,2,A | A+,85.0,24.0,True,False,0.005675129244993509,0.028720007956938885,9.844695972624375,3799,16.98455949137148,2202,13.414627731997928,9.844695972624375,2711
Hitter,Cesar Quintas,sa3016109,692364,2026,A,A,3,3,International Rookie | Complex | A,417.0,23.0,True,True,0.005053730176577619,0.02913459362044356,14.728489957847756,4033,12.004754358161648,2524,13.366622158004702,12.004754358161648,2712
Hitter,Alexey Lumpuy,sa3022296,815121,2026,A+,A+,4,3,International Rookie | A | A+,100.0,22.0,True,True,0.003174461111407511,0.05236400625743519,17.3466701763622,3799,9.309718437783832,2202,13.328194307073016,9.309718437783832,2713
Hitter,Jose Ramos,sa3008845,682947,2026,AAA,AA,6,6,International Rookie | Complex | A | A+ | AA | AAA,167.0,24.0,True,True,0.028223738565244794,0.29433761975377687,14.124038026256224,2209,12.405609492988134,927,13.264823759622178,12.405609492988134,2714
Hitter,Jakey Josepha,sa3017481,699228,2026,A,A,3,3,International Rookie | Complex | A,214.0,22.0,True,True,0.005337265911374103,0.02725233528884814,13.587899826431936,4033,12.916006339144216,2524,13.251953082788077,12.916006339144216,2715
Hitter,Joe Campagna,sa3076095,690523,2026,AA,AA,5,1,AA,88.0,29.0,True,False,0.020119101124208165,0.009704850209635614,0.89171974522293,3140,25.57997557997558,1638,13.235847662599255,0.89171974522293,2716
Hitter,John Michael Faile,sa3023579,702114,2026,A+,A+,4,2,Complex | A+,362.0,26.0,True,True,0.006241753666195091,0.022759613091550477,7.344037904711766,3799,19.02815622161671,2202,13.186097063164238,7.344037904711766,2717
Hitter,Matt Fraizer,sa918983,670208,2026,AAA,AA,6,3,A+ | AA | AAA,220.0,27.0,True,True,0.035828660704457733,0.12961587747620104,6.971480307831598,2209,19.30960086299892,927,13.140540585415259,6.971480307831598,2718
Hitter,Zane Zielinski,sa3045857,823185,2026,A+,A+,4,1,A+,184.0,24.0,True,True,0.004622663294374389,0.03545931124129687,12.055804158989208,3799,14.214350590372389,2202,13.135077374680797,12.055804158989208,2719
Hitter,Steven Cruz,sa3068393,821161,2026,Complex,Complex,2,2,International Rookie | Complex,160.0,19.0,True,True,0.0007191220195810177,0.023464044097654683,24.44712505026136,2487,1.7223382045929019,1916,13.08473162742713,1.7223382045929019,2720
Hitter,Carlos Rodriguez,sa3015594,692025,2026,A+,A+,4,4,International Rookie | Complex | A | A+,333.0,23.0,True,True,0.005078903706304135,0.03141868935549185,10.687022900763358,3799,15.440508628519527,2202,13.063765764641442,10.687022900763358,2721
Hitter,Andrew Sojka,sa3069107,675382,2026,A+,A+,4,1,A+,382.0,25.0,True,True,0.00509335351754167,0.030768823194285932,10.502763885232955,3799,15.576748410535876,2202,13.039756147884415,10.502763885232955,2722
Hitter,Ryan Jackson,sa3025514,810838,2026,AA,AA,5,3,A | A+ | AA,502.0,24.0,True,True,0.012171799112364564,0.06968172892899681,11.624203821656051,3140,14.346764346764347,1638,12.9854840842102,11.624203821656051,2723
Hitter,Yeider Mindiola,sa3067885,833207,2026,Complex,Complex,2,2,International Rookie | Complex,109.0,19.0,True,True,0.0008620845983503508,0.02293907519506745,23.84398874145557,2487,2.0876826722338206,1916,12.965835706844695,2.0876826722338206,2724
Hitter,Jhosman Theran,sa3068231,830420,2026,International Rookie,International Rookie,1,1,International Rookie,112.0,18.0,True,True,0.0012709949621367781,0.0007268174341348367,3.323391563698338,2347,22.60061919504644,1938,12.962005379372389,3.323391563698338,2725
Hitter,Thomas Gavello,sa3020122,687284,2026,AAA,AAA,6,4,A | A+ | AA | AAA,303.0,25.0,True,True,0.023864935700265547,0.3452276213561911,16.161158895427796,2209,9.70873786407767,927,12.934948379752733,9.70873786407767,2726
Hitter,Bryson Ware,sa3022597,694310,2026,AA,AA,5,3,A | A+ | AA,288.0,25.0,True,True,0.009645913063666398,0.10099721763470926,16.337579617834393,3140,9.523809523809524,1638,12.93069457082196,9.523809523809524,2727
Hitter,Cameron Nickens,sa3038853,800728,2026,A+,A+,4,2,A | A+,164.0,22.0,True,True,0.004851002606725815,0.03234342556426275,11.134509081337194,3799,14.713896457765667,2202,12.924202769551432,11.134509081337194,2728
Hitter,Garrett Howe,sa3025441,827628,2026,A+,A+,4,2,A | A+,256.0,23.0,True,True,0.004647208800214087,0.034233372482900426,11.581995261911029,3799,14.259763851044506,2202,12.920879556477768,11.581995261911029,2729
Hitter,CJ Rodriguez,sa3017283,675430,2026,AA,AA,5,3,A | A+ | AA,95.0,25.0,True,False,0.010984841039087314,0.08054428607903076,13.375796178343949,3140,12.393162393162394,1638,12.884479285753171,12.393162393162394,2730
Hitter,Connor Charping,sa3020014,806464,2026,AA,AA,5,4,Complex | A | A+ | AA,205.0,27.0,True,True,0.011063130785727019,0.07930940976684989,13.152866242038217,3140,12.515262515262515,1638,12.834064378650366,12.515262515262515,2731
Hitter,Jared Sundstrom,sa3022442,814791,2026,AA,AA,5,3,A | A+ | AA,347.0,25.0,True,True,0.012951910114968145,0.06073127279831083,10.127388535031848,3140,15.506715506715507,1638,12.817052020873678,10.127388535031848,2732
Hitter,Emill Olivo,sa3077041,824941,2026,International Rookie,International Rookie,1,1,International Rookie,102.0,18.0,True,True,0.001135173489146198,0.0012261796039176468,5.155517682147423,2347,20.43343653250774,1938,12.794477107327582,5.155517682147423,2733
Hitter,Stone Russell,sa3022819,806212,2026,A,A,3,2,Complex | A,329.0,22.0,True,True,0.0044394371328704205,0.030804428061169987,15.596330275229358,4033,9.944532488114104,2524,12.770431381671731,9.944532488114104,2734
Hitter,Krishan Ulacio,sa3067797,829932,2026,International Rookie,International Rookie,1,1,International Rookie,101.0,18.0,True,True,0.0006581517956575272,0.0034884429321201476,13.549211759693225,2347,11.971104231166152,1938,12.760157995429688,11.971104231166152,2735
Hitter,Cesar Mujica,sa3023880,815009,2026,Complex,Complex,2,2,International Rookie | Complex,53.0,19.0,True,False,0.000467772060096761,0.023692042515671936,24.648170486529956,2487,0.8350730688935282,1916,12.741621777711742,0.8350730688935282,2736
Hitter,Abrahan Pichardo,sa3076514,822264,2026,International Rookie,International Rookie,1,1,International Rookie,142.0,17.0,True,True,0.00102946974423004,0.0016611787483088592,6.476352790796762,2347,18.937048503611972,1938,12.706700647204368,6.476352790796762,2737
Hitter,Vinicius Dos Santos,sa3024150,821778,2026,International Rookie,International Rookie,1,1,International Rookie,207.0,19.0,True,True,0.0009681565839008283,0.002022927612344116,7.711972731146144,2347,17.698658410732715,1938,12.70531557093943,7.711972731146144,2738
Hitter,Matt Suggs,sa3020351,702110,2026,AA,A+,5,2,A+ | AA,51.0,25.0,True,False,0.01283840436207662,0.060068673509800344,10.031847133757962,3140,15.323565323565324,1638,12.677706228661643,10.031847133757962,2739
Hitter,Clayton Gray,sa3067153,694732,2026,A+,A+,4,3,Complex | A | A+,81.0,24.0,True,False,0.0041674880112380465,0.03578614842689751,12.213740458015268,3799,13.079019073569482,2202,12.646379765792375,12.213740458015268,2740
Hitter,Jealmy Frias,sa3068208,829869,2026,International Rookie,International Rookie,1,1,International Rookie,144.0,18.0,True,True,0.0010674125429998478,0.0014864095419236528,5.794631444397103,2347,19.401444788441694,1938,12.5980381164194,5.794631444397103,2741
Hitter,Brody Moore,sa3019839,690914,2026,AAA,AA,6,4,A | A+ | AA | AAA,221.0,24.0,True,True,0.01460055573595602,0.4364966861949654,21.004979628791308,2209,4.099244875943905,927,12.552112252367607,4.099244875943905,2742
Hitter,Ismael Munguia,sa917132,665998,2026,AAA,AAA,6,6,International Rookie | Complex | A | A+ | AA | AAA,235.0,27.0,True,True,0.028713144626689575,0.2572162558488541,12.358533272974196,2209,12.62135922330097,927,12.489946248137583,12.358533272974196,2743
Hitter,Harold Coll,sa3025185,694563,2026,AA,AA,5,3,A | A+ | AA,234.0,24.0,True,True,0.011483235793234008,0.07064190070820263,11.815286624203821,3140,13.125763125763125,1638,12.470524874983473,11.815286624203821,2744
Hitter,Gavin Logan,sa3020191,678099,2026,AA,AA,5,3,A | A+ | AA,229.0,26.0,True,True,0.012567749174010247,0.06063004446273711,10.063694267515924,3140,14.835164835164836,1638,12.44942955134038,10.063694267515924,2745
Hitter,Jeremiah Jenkins,sa3025550,815877,2026,A,A,3,2,Complex | A,464.0,23.0,True,True,0.006077898023974138,0.019212962715379124,9.124721051326556,4033,15.689381933438986,2524,12.40705149238277,9.124721051326556,2746
Hitter,Wilfred Veras,sa3015178,691442,2026,AA,AA,5,4,Complex | A | A+ | AA,178.0,23.0,True,True,0.007745374810675769,0.11269131869880111,18.15286624203822,3140,6.654456654456655,1638,12.403661448247437,6.654456654456655,2747
Hitter,Braiden Ward,sa3017332,685274,2026,AAA,AAA,6,4,A | A+ | AA | AAA,423.0,27.0,True,True,0.030350723616231232,0.2123494446652243,10.321412403802626,2209,14.347357065803667,927,12.334384734803146,10.321412403802626,2748
Hitter,Carlos Pacheco,sa3018455,800149,2026,A+,A+,4,4,International Rookie | Complex | A | A+,109.0,21.0,True,True,0.003233175742700581,0.04470610263402636,14.977625690971308,3799,9.673024523160763,2202,12.325325107066035,9.673024523160763,2749
Hitter,Jose Cordova,sa3006548,682276,2026,AAA,AAA,6,4,International Rookie | A+ | AA | AAA,190.0,26.0,True,True,0.013822729269577064,0.4332373308784029,20.869171570846536,2209,3.7756202804746493,927,12.322395925660592,3.7756202804746493,2750
Hitter,Kendry Martinez,sa3067676,829036,2026,International Rookie,International Rookie,1,1,International Rookie,167.0,18.0,True,True,0.001238318094128482,0.0006013189053049719,2.7268853855986364,2347,21.826625386996906,1938,12.27675538629777,2.7268853855986364,2751
Hitter,Peter Burns,sa3022424,686196,2026,A+,A+,4,1,A+,263.0,26.0,True,True,0.006369099201990929,0.016947519807340477,5.211897867859963,3799,19.30063578564941,2202,12.256266826754686,5.211897867859963,2752
Hitter,Caleb Ricketts,sa3019917,681080,2026,AA,AA,5,3,A | A+ | AA,214.0,26.0,True,True,0.01080005918550222,0.07369928363510345,12.229299363057326,3140,12.026862026862027,1638,12.128080694959676,12.026862026862027,2753
Hitter,Logan Braunschweig,sa3027614,824742,2026,AA,AA,5,2,A+ | AA,140.0,23.0,True,True,0.012648850360176598,0.0562096826978418,9.235668789808917,3140,15.018315018315018,1638,12.126991904061967,9.235668789808917,2754
Hitter,Jose Camacho,sa3024135,821277,2026,International Rookie,International Rookie,1,1,International Rookie,163.0,19.0,True,True,0.0009934650535443723,0.0015412695950446373,6.007669365146996,2347,18.21465428276574,1938,12.111161823956367,6.007669365146996,2755
Hitter,Griffin Lockwood-Powell,sa3019303,674976,2026,AAA,AAA,6,4,A | A+ | AA | AAA,103.0,28.0,True,True,0.03920907698405835,0.03990867626915439,3.0330466274332277,2209,21.14347357065804,927,12.088260099045634,3.0330466274332277,2756
Hitter,Jose Padilla,sa3068527,829797,2026,International Rookie,International Rookie,1,1,International Rookie,130.0,18.0,True,True,0.0012410601073669226,0.0005330494900842924,2.2582019599488707,2347,21.878224974200208,1938,12.06821346707454,2.2582019599488707,2757
Hitter,Dawson Willis,sa3076396,830619,2026,Complex,Complex,2,1,Complex,67.0,22.0,True,False,0.002172894072880824,0.01543214147410853,16.767189384800965,2487,7.306889352818372,1916,12.037039368809669,7.306889352818372,2758
Hitter,Jack Mathey,sa3067286,828602,2026,Complex,Complex,2,1,Complex,88.0,22.0,True,False,0.002172894072880824,0.01543214147410853,16.767189384800965,2487,7.306889352818372,1916,12.037039368809669,7.306889352818372,2758
Hitter,Andry Batista,sa3023956,821614,2026,Complex,Complex,2,2,International Rookie | Complex,122.0,19.0,True,True,0.0017789388524592838,0.016493107736272803,17.973462002412546,2487,6.054279749478079,1916,12.013870875945312,6.054279749478079,2760
Hitter,Drew Compton,sa3022495,686541,2026,AA,AA,5,3,A | A+ | AA,228.0,25.0,True,True,0.014375115375095712,0.04295235960816219,6.751592356687898,3140,17.216117216117215,1638,11.983854786402556,6.751592356687898,2761
Hitter,Marcos Castanon,sa3016818,676203,2026,AAA,AAA,6,5,Complex | A | A+ | AA | AAA,459.0,27.0,True,True,0.023512380430156337,0.3017878728904148,14.440923494794024,2209,9.492988133764833,927,11.966955814279428,9.492988133764833,2762
Hitter,Nick Schnell,sa3007639,678010,2026,AAA,AAA,6,5,Complex | A | A+ | AA | AAA,244.0,26.0,True,True,0.011151279161606777,0.4529115718218425,21.729289271163424,2209,1.941747572815534,927,11.835518421989478,1.941747572815534,2763
Hitter,Maui Ahuna,sa3023373,694757,2026,AA,AA,5,4,Complex | A | A+ | AA,453.0,24.0,True,True,0.008568955074800119,0.09299593093089806,15.445859872611464,3140,8.18070818070818,1638,11.813284026659822,8.18070818070818,2764
Hitter,Emile Torres,sa3068398,829736,2026,International Rookie,International Rookie,1,1,International Rookie,200.0,18.0,True,True,0.0010460589942872178,0.0010288810578751298,4.5164039198977415,2347,19.09184726522188,1938,11.80412559255981,4.5164039198977415,2765
Hitter,Tom Poole,sa3069123,809231,2026,A,A,3,1,A,288.0,23.0,True,True,0.005522335523689451,0.020309946968627146,9.744606992313415,4033,13.787638668779715,2524,11.766122830546564,9.744606992313415,2766
Hitter,German Ortiz,sa3018011,699000,2026,A,Complex,3,3,International Rookie | Complex | A,126.0,20.0,True,True,0.0050063293141027875,0.023531085813321338,11.60426481527399,4033,11.767036450079239,2524,11.685650632676614,11.60426481527399,2767
Hitter,John Garcia,sa3020419,801039,2026,AA,AA,5,3,A | A+ | AA,61.0,25.0,True,False,0.008603593024690498,0.09092129486955622,15.127388535031848,3140,8.241758241758241,1638,11.684573388395044,8.241758241758241,2768
Hitter,Mason Neville,sa3038799,702563,2026,A+,A+,4,3,Complex | A | A+,139.0,22.0,True,True,0.004181355739215358,0.03005363225371276,10.239536720189523,3799,13.079019073569482,2202,11.659277896879502,10.239536720189523,2769
Hitter,Darlyn De Leon,sa3018548,800391,2026,A,A,3,3,International Rookie | Complex | A,237.0,21.0,True,True,0.0038089096049559014,0.030644331401766155,15.497148524671461,4033,7.725832012678288,2524,11.611490268674874,7.725832012678288,2770
Hitter,Alec Briley,sa3025309,701062,2026,AA,AA,5,3,A | A+ | AA,535.0,25.0,True,True,0.008299879840292132,0.09430376908033562,15.54140127388535,3140,7.448107448107448,1638,11.4947543609964,7.448107448107448,2771
Hitter,Dionys Medina,sa3076571,837216,2026,International Rookie,International Rookie,1,1,International Rookie,132.0,18.0,True,True,0.0006855284524223401,0.002450041589949499,9.970174691095014,2347,12.899896800825593,1938,11.435035745960302,9.970174691095014,2772
Hitter,Caleb Bartolero,sa3022423,680960,2026,AA,AA,5,3,A | A+ | AA,304.0,26.0,True,True,0.010766731485184434,0.0642877802900328,10.764331210191083,3140,11.965811965811966,1638,11.365071588001523,10.764331210191083,2773
Hitter,Joel Dragoo,sa3025437,811780,2026,A+,A+,4,2,A | A+,278.0,23.0,True,True,0.003992803964041945,0.03083390677707037,10.502763885232955,3799,12.216167120799273,2202,11.359465503016114,10.502763885232955,2774
Hitter,Ricson Gonzalez,sa3019629,805692,2026,A,A,3,3,International Rookie | Complex | A,67.0,21.0,True,False,0.004956805783751422,0.022508656948108868,11.009174311926605,4033,11.648177496038034,2524,11.328675903982319,11.009174311926605,2775
Hitter,Cole Gabrielson,sa3022811,702068,2026,AA,A+,5,3,A | A+ | AA,272.0,24.0,True,True,0.010598391393901244,0.06614596786073469,11.178343949044587,3140,11.416361416361417,1638,11.297352682703002,11.178343949044587,2776
Hitter,Christian Knapczyk,sa3023425,694387,2026,AA,AA,5,3,A | A+ | AA,269.0,24.0,True,True,0.012474574392688783,0.04833614917956565,7.993630573248407,3140,14.59096459096459,1638,11.2922975821065,7.993630573248407,2777
Hitter,Victor Izturis,sa3018428,703196,2026,A,A,3,3,International Rookie | Complex | A,129.0,21.0,True,True,0.004270402907443567,0.026376525967022623,13.09199107364245,4033,9.469096671949288,2524,11.28054387279587,9.469096671949288,2778
Hitter,Juan Brown,sa3025204,820946,2026,Complex,Complex,2,2,International Rookie | Complex,217.0,18.0,True,True,0.0008091753453311473,0.019719245021926315,20.54684358665058,2487,1.931106471816284,1916,11.238975029233433,1.931106471816284,2779
Hitter,Anthony Abreu,sa3067731,829740,2026,International Rookie,International Rookie,1,1,International Rookie,160.0,18.0,True,True,0.0010425993729732352,0.000761783349078938,3.4086067319982956,2347,19.040247678018577,1938,11.224427205008435,3.4086067319982956,2780
Hitter,Almen Tolentino,sa3024628,820958,2026,Complex,Complex,2,2,International Rookie | Complex,132.0,19.0,True,True,0.0008237617453623035,0.019590853191251187,20.506634499396863,2487,1.931106471816284,1916,11.218870485606574,1.931106471816284,2781
Hitter,Jose Meza,sa3015558,691561,2026,A+,A+,4,4,International Rookie | Complex | A | A+,423.0,23.0,True,True,0.004073815196753164,0.028103962172685865,9.5551460910766,3799,12.62488646684832,2202,11.090016278962459,9.5551460910766,2782
Hitter,Benny Montgomery,sa3017169,695603,2026,AA,AA,5,4,Complex | A | A+ | AA,162.0,23.0,True,True,0.010289955773000662,0.06731057522755074,11.305732484076433,3140,10.866910866910867,1638,11.08632167549365,10.866910866910867,2783
Hitter,Luke Mann,sa3022529,680996,2026,AAA,AA,6,4,A | A+ | AA | AAA,54.0,25.0,True,False,0.01772765155083945,0.3537848950159277,16.38750565866908,2209,5.717367853290184,927,11.052436755979633,5.717367853290184,2784
Hitter,Hayden Friese,sa3031732,835938,2026,A,A,3,1,A,114.0,21.0,True,True,0.005438030306202242,0.01844922731672534,8.653607736176543,4033,13.431061806656102,2524,11.042334771416321,8.653607736176543,2785
Hitter,Pascual Archila,sa3023946,821413,2026,Complex,Complex,2,2,International Rookie | Complex,232.0,19.0,True,True,0.0005068806745907928,0.02025670964283942,21.149979895456372,2487,0.8872651356993737,1916,11.018622515577873,0.8872651356993737,2786
Hitter,Bill Knight,sa3019965,681098,2026,AA,AA,5,3,A | A+ | AA,312.0,26.0,True,True,0.00912612035311017,0.07922180208290994,13.089171974522293,3140,8.913308913308914,1638,11.001240443915602,8.913308913308914,2787
Hitter,Nolan McCarthy,sa3076053,823114,2026,A+,A+,4,2,A | A+,91.0,24.0,True,False,0.0049154078807023775,0.02172853069605309,7.054488023163991,3799,14.895549500454132,2202,10.97501876180906,7.054488023163991,2788
Hitter,Eduardo Garcia,sa3008751,682633,2026,AAA,AAA,6,5,Complex | A | A+ | AA | AAA,190.0,23.0,True,True,0.018146420737374706,0.34370590422491143,16.115889542779538,2209,5.825242718446602,927,10.97056613061307,5.825242718446602,2789
Hitter,Je'Von Ward,sa3004969,669219,2026,AAA,AAA,6,5,Complex | A | A+ | AA | AAA,199.0,26.0,True,True,0.016191337790070585,0.3602720241987778,16.749660479855137,2209,5.17799352750809,927,10.963827003681613,5.17799352750809,2790
Hitter,Samuell Sanchez,sa3067644,823882,2026,International Rookie,International Rookie,1,1,International Rookie,184.0,20.0,True,True,0.0011507120359566185,0.0002771482097391794,1.2356199403493822,2347,20.58823529411765,1938,10.911927617233516,1.2356199403493822,2791
Hitter,Carson Taylor,sa3014468,694930,2026,AAA,AAA,6,3,A+ | AA | AAA,228.0,27.0,True,True,0.034496305602269656,0.04265515167831861,3.3499320959710275,2209,18.446601941747574,927,10.8982670188593,3.3499320959710275,2792
Hitter,Matt Rudick,sa3017334,689822,2026,AAA,AAA,6,4,Complex | A+ | AA | AAA,69.0,27.0,True,False,0.03166078392297243,0.11149068146562387,6.247170665459484,2209,15.533980582524272,927,10.890575623991879,6.247170665459484,2793
Hitter,Dervy Ventura,sa3019218,805319,2026,A,A,3,3,International Rookie | Complex | A,460.0,22.0,True,True,0.0038728653195726813,0.02791226468456222,13.88544507810563,4033,7.884310618066561,2524,10.884877848086095,7.884310618066561,2794
Hitter,Eduardo Herrera,sa3023889,815901,2026,Complex,Complex,2,2,International Rookie | Complex,91.0,19.0,True,False,0.0006961822331721536,0.018778550430001536,20.02412545235223,2487,1.6701461377870563,1916,10.847135795069644,1.6701461377870563,2795
Hitter,Luis Baez,sa3018482,800232,2026,AA,AA,5,5,International Rookie | Complex | A | A+ | AA,104.0,22.0,True,True,0.007117889370861323,0.09728081697689112,15.955414012738853,3140,5.738705738705739,1638,10.847059875722296,5.738705738705739,2796
Hitter,Steven Lancia,sa3077698,831188,2026,A,A,3,1,A,140.0,23.0,True,True,0.004685975927152307,0.022712381810734927,11.058765187205553,4033,10.618066561014263,2524,10.83841587410991,10.618066561014263,2797
Hitter,Kevin Villavicencio,sa3015673,692944,2026,AA,AA,5,5,International Rookie | Complex | A | A+ | AA,109.0,22.0,True,True,0.004662785753241347,0.11311020961583726,18.312101910828027,3140,3.357753357753358,1638,10.834927634290692,3.357753357753358,2798
Hitter,Daniel Rogers,sa3069055,832110,2026,A,A,3,1,A,61.0,24.0,True,False,0.005531702554539255,0.01676284597392549,7.785767418794942,4033,13.866877971473851,2524,10.826322695134397,7.785767418794942,2799
Hitter,Cam Hassert,sa3076049,700668,2026,A,A,3,1,A,70.0,24.0,True,False,0.005531702554539255,0.01676284597392549,7.785767418794942,4033,13.866877971473851,2524,10.826322695134397,7.785767418794942,2799
Hitter,Josi Novas,sa3018594,800548,2026,A,A,3,3,International Rookie | Complex | A,66.0,21.0,True,False,0.004687969893746988,0.02246152634373351,10.984378874287131,4033,10.618066561014263,2524,10.801222717650697,10.618066561014263,2801
Hitter,Julian Brock,sa3023424,683149,2026,AAA,AAA,6,4,A | A+ | AA | AAA,66.0,25.0,True,False,0.016082953404895947,0.353941650229527,16.38750565866908,2209,5.070118662351672,927,10.728812160510376,5.070118662351672,2802
Hitter,Jacob Burke,sa3019934,804240,2026,AA,AA,5,3,A | A+ | AA,305.0,25.0,True,True,0.01155377488818324,0.050295273430544254,8.184713375796179,3140,13.186813186813186,1638,10.685763281304682,8.184713375796179,2803
Hitter,Derniche Valdez,sa3021068,806961,2026,A,A,3,3,International Rookie | Complex | A,420.0,20.0,True,True,0.002777005216228099,0.032894430697673296,16.662534093726755,4033,4.635499207606973,2524,10.649016650666864,4.635499207606973,2804
Hitter,Browm Martinez,sa3024323,821129,2026,Complex,Complex,2,2,International Rookie | Complex,137.0,19.0,True,True,0.0009314943050662268,0.017496952586271267,18.697225572979495,2487,2.55741127348643,1916,10.627318423232962,2.55741127348643,2805
Hitter,Kyle Fossum,sa3076052,822531,2026,A,A,3,1,A,265.0,23.0,True,True,0.005326612198296648,0.01785749904350272,8.281676171584428,4033,12.916006339144216,2524,10.598841255364322,8.281676171584428,2806
Hitter,Starlin Aguilar,sa3015722,694223,2026,A,A,3,3,International Rookie | Complex | A,276.0,22.0,True,True,0.005003658884074683,0.019541770351222645,9.422266303000248,4033,11.767036450079239,2524,10.594651376539744,9.422266303000248,2807
Hitter,Angel Acosta,sa3021290,808665,2026,A+,A+,4,3,International Rookie | A | A+,215.0,23.0,True,True,0.0048509629704604545,0.019919258005335803,6.449065543564096,3799,14.713896457765667,2202,10.581481000664882,6.449065543564096,2808
Hitter,Brody Donay,sa3030451,701330,2026,A,A,3,1,A,156.0,22.0,True,True,0.005327261852993519,0.017693508673674,8.157698983387057,4033,12.916006339144216,2524,10.536852661265637,8.157698983387057,2809
Hitter,Carter Mathison,sa3025196,701296,2026,A+,A+,4,2,A | A+,293.0,23.0,True,True,0.0033812595696839716,0.03190678617271612,10.923927349302447,3799,10.08174386920981,2202,10.502835609256127,10.08174386920981,2810
Hitter,Orlando Martinez,sa3006664,678636,2026,AAA,AA,6,4,A | A+ | AA | AAA,164.0,25.0,True,True,0.032725614346633444,0.07018517488101653,4.391127206880942,2209,16.61272923408846,927,10.5019282204847,4.391127206880942,2811
Hitter,John Bay,sa3069004,700083,2026,AA,AA,5,3,A | A+ | AA,150.0,25.0,True,True,0.009128471658733189,0.0723979825005897,12.038216560509554,3140,8.913308913308914,1638,10.475762736909234,8.913308913308914,2812
Hitter,Josh Moylan,sa3022865,694742,2026,A+,A+,4,2,A | A+,213.0,23.0,True,True,0.003992606074873193,0.02585734136221013,8.712819162937615,3799,12.216167120799273,2202,10.464493141868445,8.712819162937615,2813
Hitter,Pedro Roque,sa3021300,808698,2026,Complex,Complex,2,2,International Rookie | Complex,108.0,20.0,True,True,0.0005087453599425466,0.018772979294574187,20.02412545235223,2487,0.8872651356993737,1916,10.455695294025801,0.8872651356993737,2814
Hitter,Moises Valdez,sa3022282,814229,2026,Complex,Complex,2,2,International Rookie | Complex,170.0,20.0,True,True,0.00044137967700560706,0.01936915576841499,20.426216324889424,2487,0.4697286012526096,1916,10.447972463071016,0.4697286012526096,2815
Hitter,Drake Logan,sa3019936,805763,2026,AA,AA,5,4,Complex | A | A+ | AA,77.0,25.0,True,False,0.005049961878139726,0.10651757212693241,17.1656050955414,3140,3.663003663003663,1638,10.414304379272533,3.663003663003663,2816
Hitter,Abrahan Gutierrez,sa3004263,670868,2026,AAA,AA,6,5,Complex | A | A+ | AA | AAA,99.0,25.0,True,False,0.011151433860542508,0.40052445572853773,18.877320054323224,2209,1.941747572815534,927,10.409533813569379,1.941747572815534,2817
Hitter,Mario Camilletti,sa3020192,680519,2026,AAA,AAA,6,4,A | A+ | AA | AAA,433.0,27.0,True,True,0.024488988010140007,0.22284581888779073,10.72883657763694,2209,10.032362459546926,927,10.380599518591932,10.032362459546926,2818
Hitter,Ivan Cespedes,sa3023901,816406,2026,A,A,3,3,International Rookie | Complex | A,104.0,20.0,True,True,0.006156447417905747,0.011026964267846683,4.661542276221176,4033,16.045958795562598,2524,10.353750535891887,4.661542276221176,2819
Hitter,Daunte Stuart,sa3077650,690715,2026,A+,A+,4,1,A+,227.0,25.0,True,True,0.00465406971106435,0.01988129734209403,6.422742827059753,3799,14.259763851044506,2202,10.341253339052129,6.422742827059753,2820
Hitter,Antoni Urena,sa3067711,829482,2026,International Rookie,International Rookie,1,1,International Rookie,167.0,19.0,True,True,0.0010429026120774738,0.0003463208168777565,1.4912654452492544,2347,19.09184726522188,1938,10.291556355235567,1.4912654452492544,2821
Hitter,Brayden Corn,sa3058932,836068,2026,Complex,Complex,2,1,Complex,141.0,22.0,True,True,0.0010115528384813416,0.016094082248030318,17.490952955367913,2487,3.0271398747390394,1916,10.259046415053476,3.0271398747390394,2822
Hitter,Andy Weber,sa3008282,681581,2026,AAA,AA,6,4,Complex | A | AA | AAA,404.0,27.0,True,True,0.02624447686809216,0.18311450253541067,9.14440923494794,2209,11.326860841423947,927,10.235635038185944,9.14440923494794,2823
Hitter,Johanneiker Leon,sa3076688,837974,2026,International Rookie,International Rookie,1,1,International Rookie,146.0,17.0,True,True,0.0005383532642735975,0.002573773141653734,10.609288453344695,2347,9.855521155830754,1938,10.232404804587723,9.855521155830754,2824
Hitter,Junior Garcia,sa3022283,815010,2026,A,A,3,3,International Rookie | Complex | A,253.0,20.0,True,True,0.004162923189103971,0.023176558257429675,11.232333250681874,4033,9.231378763866879,2524,10.231856007274377,9.231378763866879,2825
Hitter,Israfell Bautista,sa3024116,820984,2026,Complex,Complex,2,2,International Rookie | Complex,207.0,19.0,True,True,0.00034372435343520103,0.01925077570708033,20.345798150381988,2487,0.10438413361169102,1916,10.22509114199684,0.10438413361169102,2826
Hitter,Luis Felipe,sa3067844,830401,2026,International Rookie,International Rookie,1,1,International Rookie,119.0,19.0,True,True,0.0006285210840684491,0.0022252121962234436,8.904985087345548,2347,11.351909184726523,1938,10.128447136036035,8.904985087345548,2827
Hitter,Noah Myers,sa3023377,671956,2026,AA,A+,5,3,A | A+ | AA,75.0,25.0,True,False,0.008419641434242878,0.07564280579947884,12.547770700636942,3140,7.6923076923076925,1638,10.120039196472318,7.6923076923076925,2828
Hitter,Engel Paulino,sa3024127,821162,2026,Complex,Complex,2,2,International Rookie | Complex,125.0,19.0,True,True,0.0006170538181202728,0.017683972438032915,18.85806192199437,2487,1.3569937369519833,1916,10.107527829473177,1.3569937369519833,2829
Hitter,Christian Martin,sa3025155,802353,2026,A+,A+,4,2,A | A+,118.0,23.0,True,True,0.003691706621811088,0.02641954586557328,8.949723611476704,3799,11.217075386012716,2202,10.083399498744711,8.949723611476704,2830
Hitter,Luis Cuevas,sa3068407,829982,2026,International Rookie,International Rookie,1,1,International Rookie,102.0,18.0,True,True,0.0007808438099015121,0.0014002975463465058,5.666808691947167,2347,14.499484004127966,1938,10.083146348037566,5.666808691947167,2831
Hitter,Joe Olsavsky,sa3023289,815586,2026,A+,A,4,2,A | A+,119.0,23.0,True,True,0.0031726442470665864,0.03180896382090631,10.844959199789418,3799,9.309718437783832,2202,10.077338818786625,9.309718437783832,2832
Hitter,Jesus Bastidas,sa916969,665846,2026,AAA,AAA,6,4,International Rookie | A | AA | AAA,154.0,27.0,True,True,0.022780968865653943,0.22251279440648095,10.72883657763694,2209,9.385113268608414,927,10.056974923122677,9.385113268608414,2833
Hitter,Elijah Nunez,sa3022674,694399,2026,A+,A+,4,2,A | A+,216.0,24.0,True,True,0.003984766741261709,0.023987168136990786,7.844169518294288,3799,12.216167120799273,2202,10.030168319546782,7.844169518294288,2834
Hitter,Roybert Herrera,sa3023940,821252,2026,Complex,Complex,2,2,International Rookie | Complex,103.0,19.0,True,True,0.0015580538661756765,0.013893700291405731,15.038198632891033,2487,5.010438413361169,1916,10.024318523126102,5.010438413361169,2835
Hitter,Elijah Green,sa3020210,701327,2026,AA,AA,5,4,Complex | A | A+ | AA,111.0,22.0,True,True,0.00517454851534351,0.09926015914169897,16.11464968152866,3140,3.8461538461538463,1638,9.980401763841254,3.8461538461538463,2836
Hitter,Randy Soto,sa3023923,821079,2026,International Rookie,International Rookie,1,1,International Rookie,106.0,19.0,True,True,0.0008939650910171135,0.0008462461282305956,3.7494674051981254,2347,16.202270381836946,1938,9.975868893517536,3.7494674051981254,2837
Hitter,Isael Arias,sa3023713,811551,2026,Complex,Complex,2,2,International Rookie | Complex,56.0,20.0,True,False,0.0005407984817673593,0.01777560943836473,18.85806192199437,2487,1.0438413361169103,1916,9.95095162905564,1.0438413361169103,2838
Hitter,Omar Hernandez,sa3010155,683427,2026,AA,AA,5,4,Complex | A | A+ | AA,283.0,24.0,True,True,0.00350374313184046,0.11091090683720294,17.929936305732483,3140,1.9536019536019535,1638,9.941769129667218,1.9536019536019535,2839
Hitter,Enmanuel Bonilla,sa3020684,806962,2026,A,A,3,3,International Rookie | Complex | A,127.0,20.0,True,True,0.005154307360238852,0.016110786391354496,7.4634267294817755,4033,12.361331220285262,2524,9.912378974883518,7.4634267294817755,2840
Hitter,Brayan Cota,sa3024369,821794,2026,International Rookie,International Rookie,1,1,International Rookie,160.0,19.0,True,True,0.0007929864290616317,0.0011794924818763438,4.942479761397529,2347,14.80908152734778,1938,9.875780644372654,4.942479761397529,2841
Hitter,Jacob Jarrell,sa3034595,703447,2026,A,A,3,1,A,54.0,23.0,True,False,0.005221677220654683,0.01542358492541597,7.116290602529134,4033,12.599049128367671,2524,9.857669865448402,7.116290602529134,2842
Hitter,Kolby Branch,sa3027580,702705,2026,A,A,3,1,A,95.0,23.0,True,False,0.005221677220654683,0.01542358492541597,7.116290602529134,4033,12.599049128367671,2524,9.857669865448402,7.116290602529134,2842
Hitter,Jhoander Irigoyen,sa3077938,805910,2026,A,A,3,1,A,80.0,23.0,True,False,0.005221677220654683,0.01542358492541597,7.116290602529134,4033,12.599049128367671,2524,9.857669865448402,7.116290602529134,2842
Hitter,Ben Gobbel,sa3019870,806534,2026,AAA,AAA,6,5,Complex | A | A+ | AA | AAA,241.0,26.0,True,True,0.017601967055967612,0.29027083416838917,13.988229968311453,2209,5.717367853290184,927,9.852798910800818,5.717367853290184,2845
Hitter,Dalton Davis,sa3068170,802990,2026,Complex,Complex,2,1,Complex,113.0,25.0,True,True,0.002507577787756451,0.010144263046918296,10.534780860474466,2487,9.133611691022965,1916,9.834196275748717,9.133611691022965,2846
Hitter,Ben Gobbel,sa3019870,806534,2026,AA,AA,5,4,Complex | A | A+ | AA,54.0,26.0,True,False,0.009380746585954577,0.06194138267522749,10.286624203821656,3140,9.340659340659341,1638,9.813641772240498,9.340659340659341,2847
Hitter,Dylan Grego,sa3032686,834966,2026,A+,A+,4,2,A | A+,155.0,22.0,True,True,0.003621534173315265,0.025692169637825092,8.686496446433273,3799,10.853769300635786,2202,9.770132873534529,8.686496446433273,2848
Hitter,Cal Conley,sa3017080,695462,2026,AAA,AAA,6,4,A | A+ | AA | AAA,203.0,26.0,True,True,0.02145841920982883,0.21978413193346086,10.72883657763694,2209,8.629989212513484,927,9.679412895075213,8.629989212513484,2849
Hitter,Eliezer Adames,sa3068229,830414,2026,International Rookie,International Rookie,1,1,International Rookie,111.0,18.0,True,True,0.0009411516937296986,0.00047194123842795097,1.95994887089902,2347,17.3890608875129,1938,9.67450487920596,1.95994887089902,2850
Hitter,Zach Morgan,sa3019968,681439,2026,AAA,AAA,6,4,A | A+ | AA | AAA,119.0,26.0,True,True,0.02888298572641008,0.12279723192382754,6.654594839293798,2209,12.62135922330097,927,9.637977031297385,6.654594839293798,2851
Hitter,Brock Tibbitts,sa3025171,801903,2026,A,A,3,1,A,121.0,23.0,True,True,0.0040846192670274655,0.02124027807051232,10.190924869823952,4033,8.914421553090333,2524,9.552673211457144,8.914421553090333,2852
Hitter,Jackson Cluff,sa3010342,687714,2026,AAA,AAA,6,3,A | AA | AAA,261.0,29.0,True,True,0.03133939124653499,0.05564586781518106,3.9837030330466274,2209,15.102481121898597,927,9.543092077472613,3.9837030330466274,2853
Hitter,C.J. Pittaro,sa3066821,694953,2026,A+,A+,4,2,A | A+,354.0,24.0,True,True,0.004366474590810962,0.01725152864646932,5.396156883390366,3799,13.623978201634877,2202,9.51006754251262,5.396156883390366,2854
Hitter,Lyle Miller-Green,sa3025307,688509,2026,A+,A,4,2,A | A+,104.0,24.0,True,True,0.0045914298216330005,0.015846497439760767,4.843379836799158,3799,14.168937329700272,2202,9.506158583249714,4.843379836799158,2855
Hitter,Justice Bigbie,sa3016971,694425,2026,AAA,AAA,6,5,Complex | A | A+ | AA | AAA,102.0,27.0,True,True,0.029511623436165847,0.09675614736503112,5.52286102308737,2209,13.484358144552319,927,9.503609583819845,5.52286102308737,2856
Hitter,Max Ferguson,sa3016819,681132,2026,AAA,AAA,6,5,Complex | A | A+ | AA | AAA,116.0,26.0,True,True,0.023572026493293066,0.1943544753450673,9.325486645540968,2209,9.492988133764833,927,9.409237389652901,9.325486645540968,2857
Hitter,Hayden Cantrelle,sa3014426,676463,2026,AAA,AAA,6,4,A | A+ | AA | AAA,147.0,27.0,True,True,0.030446589467773004,0.06689554358676712,4.210049796287913,2209,14.563106796116505,927,9.38657829620221,4.210049796287913,2858
Hitter,Angel Ramirez,sa3021107,807587,2026,A,A,3,2,International Rookie | A,129.0,21.0,True,True,0.004802814256749557,0.016912475955958992,7.810562856434416,4033,10.935023771790808,2524,9.372793314112613,7.810562856434416,2859
Hitter,Geuri Lubo,sa3017122,702895,2026,A,A,3,3,International Rookie | Complex | A,152.0,22.0,True,True,0.0034024874623704757,0.02432086616201571,12.000991817505579,4033,6.695721077654516,2524,9.348356447580048,6.695721077654516,2860
Hitter,Jonierbis Garces,sa3068188,829730,2026,International Rookie,International Rookie,1,1,International Rookie,134.0,18.0,True,True,0.0006922008057027747,0.0014172541365981518,5.666808691947167,2347,12.951496388028895,1938,9.30915253998803,5.666808691947167,2861
Hitter,Ambioris Tavarez,sa3019895,694222,2026,AA,AA,5,4,Complex | A | A+ | AA,289.0,22.0,True,True,0.0041992649051039105,0.09686133784082938,15.92356687898089,3140,2.686202686202686,1638,9.304884782591788,2.686202686202686,2862
Hitter,Arxy Hernandez,sa3015693,694065,2026,A+,A,4,4,International Rookie | Complex | A | A+,309.0,21.0,True,True,0.00212990388169794,0.03625321436636109,12.345354040536984,3799,6.2216167120799275,2202,9.283485376308455,6.2216167120799275,2863
Hitter,Ramon Landaeta,sa3021131,807983,2026,A,A,3,3,International Rookie | Complex | A,125.0,20.0,True,True,0.004557767372692582,0.017787288854651823,8.23208529630548,4033,10.301109350237718,2524,9.266597323271599,8.23208529630548,2864
Hitter,Riley Tirotta,sa3017078,694661,2026,AAA,AA,6,4,A | A+ | AA | AAA,463.0,26.0,True,True,0.030677808277765093,0.054838594448164045,3.9384336803983704,2209,14.563106796116505,927,9.250770238257438,3.9384336803983704,2865
Hitter,Nolan McCarthy,sa3076053,823114,2026,A,A,3,1,A,50.0,24.0,True,False,0.005043370188224839,0.014668431631965968,6.545995536821225,4033,11.925515055467512,2524,9.235755296144369,6.545995536821225,2866
Hitter,Austin Green,sa3025258,809719,2026,A,A,3,1,A,89.0,24.0,True,False,0.005043370188224839,0.014668431631965968,6.545995536821225,4033,11.925515055467512,2524,9.235755296144369,6.545995536821225,2866
Hitter,Graham Brown,sa3076419,842249,2026,A,A,3,1,A,59.0,24.0,True,False,0.005043370188224839,0.014668431631965968,6.545995536821225,4033,11.925515055467512,2524,9.235755296144369,6.545995536821225,2866
Hitter,Jack Goodman,sa3032460,806275,2026,A,A,3,1,A,301.0,22.0,True,True,0.0036383027569646042,0.022585363049243554,11.009174311926605,4033,7.369255150554675,2524,9.18921473124064,7.369255150554675,2869
Hitter,Miguel Villarroel,sa3015631,692446,2026,A+,A+,4,4,International Rookie | Complex | A | A+,99.0,24.0,True,False,0.00374216891014176,0.021610449180962905,7.0281653066596474,3799,11.262488646684831,2202,9.145326976672239,7.0281653066596474,2870
Hitter,Peyton Williams,sa3020099,805268,2026,AA,A+,5,3,A | A+ | AA,329.0,24.0,True,True,0.009440598794000568,0.05389524039152535,8.821656050955413,3140,9.340659340659341,1638,9.081157695807377,8.821656050955413,2871
Hitter,Connor Scott,sa3008080,669002,2026,AA,AA,5,4,Complex | A | A+ | AA,341.0,26.0,True,True,0.010273247792182567,0.045448654935017714,7.292993630573249,3140,10.866910866910867,1638,9.079952248742059,7.292993630573249,2872
Hitter,Jhon Diaz,sa3014710,691252,2026,A+,A+,4,4,International Rookie | Complex | A | A+,176.0,23.0,True,True,0.0036273242638062662,0.022315873947302535,7.2387470386943935,3799,10.899182561307901,2202,9.068964800001147,7.2387470386943935,2873
Hitter,Jose Castro,sa3022235,812161,2026,Complex,Complex,2,2,International Rookie | Complex,166.0,20.0,True,True,0.00048456094395644587,0.015912742976209548,17.289907519099316,2487,0.8350730688935282,1916,9.062490293996422,0.8350730688935282,2874
Hitter,Jake Steels,sa3025538,809921,2026,A+,A+,4,2,A | A+,52.0,24.0,True,False,0.0038683240505227893,0.01954726461301047,6.370097394051066,3799,11.671207992733878,2202,9.020652693392472,6.370097394051066,2875
Hitter,Bryce Martin-Grudzielanek,sa3037136,701727,2026,A+,A+,4,2,A | A+,113.0,23.0,True,True,0.002131924585321882,0.034900719581068176,11.792576993945776,3799,6.2216167120799275,2202,9.007096853012852,6.2216167120799275,2876
Hitter,Jordan Sprinkle,sa3019925,688394,2026,AA,AA,5,3,A | A+ | AA,271.0,25.0,True,True,0.006424615849084607,0.07746930596018682,12.770700636942674,3140,5.1892551892551895,1638,8.979977913098931,5.1892551892551895,2877
Hitter,Jose De La Cruz,sa3024899,827452,2026,Complex,Complex,2,2,International Rookie | Complex,103.0,19.0,True,True,0.000987789607388363,0.013863347191395129,14.997989545637314,2487,2.922755741127349,1916,8.960372643382332,2.922755741127349,2878
Hitter,Aiberson Blanco,sa3068690,829845,2026,International Rookie,International Rookie,1,1,International Rookie,159.0,18.0,True,True,0.0007923387554358986,0.0006569762421946048,3.1103536429484446,2347,14.80908152734778,1938,8.959717585148113,3.1103536429484446,2879
Hitter,Michael Turner,sa3020658,694478,2026,AAA,AAA,6,3,A+ | AA | AAA,280.0,27.0,True,True,0.02439695054465248,0.15449504074239648,7.876867360796741,2209,10.032362459546926,927,8.954614910171834,7.876867360796741,2880
Hitter,Ivan Cespedes,sa3023901,816406,2026,Complex,Complex,2,2,International Rookie | Complex,116.0,20.0,True,True,0.0025946487852333638,0.008280403254015748,8.363490148773623,2487,9.498956158663884,1916,8.931223153718754,8.363490148773623,2881
Hitter,Yovanny Rodriguez,sa3023720,815898,2026,Complex,Complex,2,2,International Rookie | Complex,180.0,19.0,True,True,0.0006153972738567463,0.015069708526456366,16.44551668677121,2487,1.3569937369519833,1916,8.901255211861598,1.3569937369519833,2882
Hitter,Tyler Hardman,sa3016955,676205,2026,AAA,AAA,6,4,A | A+ | AA | AAA,336.0,27.0,True,True,0.020065497512882252,0.21144786244116381,10.23087369850611,2209,7.5512405609492985,927,8.891057129727704,7.5512405609492985,2883
Hitter,Kleiver Chauran,sa3021221,808264,2026,Complex,Complex,2,2,International Rookie | Complex,225.0,20.0,True,True,0.0007842193635021213,0.01466630511969961,16.0032167269803,2487,1.7745302713987474,1916,8.888873499189522,1.7745302713987474,2884
Hitter,Jhon Diaz,sa3014710,691252,2026,AA,AA,5,5,International Rookie | Complex | A | A+ | AA,160.0,23.0,True,True,0.002658061509841016,0.10161142142070405,16.496815286624205,3140,1.15995115995116,1638,8.828383223287682,1.15995115995116,2885
Hitter,Yahil Melendez,sa3022692,806161,2026,A,A,3,2,Complex | A,207.0,20.0,True,True,0.003844021160204644,0.020556744746796626,9.794197867592363,4033,7.805071315372425,2524,8.799634591482395,7.805071315372425,2886
Hitter,Broedy Poppell,sa3040084,701435,2026,A,A,3,1,A,310.0,24.0,True,True,0.0038579791271481736,0.020417641768832494,9.744606992313415,4033,7.844690966719493,2524,8.794648979516454,7.844690966719493,2887
Hitter,Freider Rojas,sa3021611,808248,2026,Complex,Complex,2,2,International Rookie | Complex,70.0,20.0,True,False,0.0005675248383958445,0.015021009407286989,16.28468033775633,2487,1.2004175365344467,1916,8.742548937145388,1.2004175365344467,2888
Hitter,Liosward Marin,sa3021619,808314,2026,Complex,Complex,2,2,International Rookie | Complex,97.0,20.0,True,False,0.0009597398077054815,0.013707601359358291,14.756735022114999,2487,2.7139874739039667,1916,8.735361248009482,2.7139874739039667,2889
Hitter,Leider Padilla,sa3023958,821636,2026,Complex,Complex,2,2,International Rookie | Complex,67.0,19.0,True,False,0.0005836314152268928,0.014927376611044107,16.164053075995174,2487,1.2004175365344467,1916,8.68223530626481,1.2004175365344467,2890
Hitter,Freuddy Batista,sa3002866,673945,2026,AA,A+,5,5,International Rookie | Complex | A | A+ | AA,58.0,25.0,True,False,0.0030679069259305614,0.0972856315784387,15.955414012738853,3140,1.404151404151404,1638,8.679782708445128,1.404151404151404,2891
Hitter,Jonathan Rivero,sa3021150,808033,2026,Complex,Complex,2,2,International Rookie | Complex,116.0,20.0,True,True,0.0014073045750591902,0.012300972580742494,12.866907921190188,2487,4.488517745302714,1916,8.677712833246451,4.488517745302714,2892
Hitter,Cameron Barstad,sa3011350,677319,2026,AAA,AAA,6,4,A | A+ | AA | AAA,72.0,25.0,True,False,0.014577435440547439,0.27526096072099093,13.173381620642825,2209,4.099244875943905,927,8.636313248293366,4.099244875943905,2893
Hitter,Santiago Gomez,sa3018616,801726,2026,A,A,3,3,International Rookie | Complex | A,74.0,22.0,True,False,0.004272111638580226,0.016710807765437166,7.760971981155468,4033,9.469096671949288,2524,8.615034326552378,7.760971981155468,2894
Hitter,Robin Ortiz,sa3024336,821258,2026,Complex,Complex,2,2,International Rookie | Complex,131.0,19.0,True,True,0.001635845306266566,0.011545310927895612,11.942098914354645,2487,5.219206680584551,1916,8.580652797469599,5.219206680584551,2895
Hitter,Kevin Kilpatrick Jr.,sa3019891,687201,2026,AA,AA,5,3,A | A+ | AA,298.0,25.0,True,True,0.006522008398967948,0.0711047857449426,11.847133757961783,3140,5.311355311355311,1638,8.579244534658548,5.311355311355311,2896
Hitter,Ryan Lasko,sa3022539,805782,2026,AA,AA,5,3,A | A+ | AA,281.0,24.0,True,True,0.005962613413515015,0.07608887456639107,12.611464968152866,3140,4.517704517704518,1638,8.564584742928691,4.517704517704518,2897
Hitter,Adrian Silva,sa3068966,829792,2026,International Rookie,International Rookie,1,1,International Rookie,112.0,18.0,True,True,0.000886256640984677,0.00021308785624278765,1.0225820195994888,2347,16.09907120743034,1938,8.560826613514916,1.0225820195994888,2898
Hitter,Manuel Almeida,sa3067789,829903,2026,Complex,Complex,2,2,International Rookie | Complex,111.0,18.0,True,True,0.00306041821517606,0.005556764749367441,4.704463208685163,2487,12.265135699373696,1916,8.48479945402943,4.704463208685163,2899
Hitter,Trace Willhoite,sa3066861,688875,2026,A+,A+,4,2,A | A+,229.0,25.0,True,True,0.004428920262351529,0.011457987018426213,3.1587259805211896,3799,13.760217983651225,2202,8.459471982086207,3.1587259805211896,2900
Hitter,Cesar Gonzalez,sa3019308,800177,2026,A,A,3,3,International Rookie | Complex | A,244.0,21.0,True,True,0.003970261272214762,0.018356363944193006,8.554425985618646,4033,8.35974643423138,2524,8.457086209925013,8.35974643423138,2901
Hitter,Esmith Pineda,sa3018435,703204,2026,A+,A+,4,4,International Rookie | Complex | A | A+,218.0,21.0,True,True,0.0025705675854647697,0.02696046648059957,9.186628060015794,3799,7.538601271571299,2202,8.362614665793547,7.538601271571299,2902
Hitter,Elijah Green,sa3020210,701327,2026,A+,A+,4,3,Complex | A | A+,377.0,22.0,True,True,0.001746990710200572,0.035630944457995396,12.134772308502237,3799,4.541326067211626,2202,8.338049187856932,4.541326067211626,2903
Hitter,Joaquin Arias Jr.,sa3024929,821663,2026,Complex,Complex,2,2,International Rookie | Complex,105.0,19.0,True,True,0.0004709171414416675,0.014498697218053936,15.802171290711701,2487,0.8350730688935282,1916,8.318622179802615,0.8350730688935282,2904
Hitter,Shane McGuire,sa3017284,676063,2026,AAA,AA,6,5,Complex | A | A+ | AA | AAA,120.0,26.0,True,True,0.026885611992824923,0.08412072399632953,5.160706201901313,2209,11.434735706580367,927,8.297720954240841,5.160706201901313,2905
Hitter,Jalvin Arias,sa3023875,815003,2026,Complex,Complex,2,2,International Rookie | Complex,92.0,19.0,True,False,0.0009922040199501975,0.01297979776195517,13.630880579010856,2487,2.922755741127349,1916,8.276818160069103,2.922755741127349,2906
Hitter,Francisco Acuna,sa3003291,672696,2026,AA,AA,5,5,International Rookie | Complex | A | A+ | AA,331.0,26.0,True,True,0.008253293024464203,0.055937905615313095,9.203821656050955,3140,7.264957264957265,1638,8.23438946050411,7.264957264957265,2907
Hitter,Luke Mann,sa3022529,680996,2026,AAA,AAA,6,4,A | A+ | AA | AAA,73.0,26.0,True,False,0.0146537256027688,0.25623890267193683,12.267994567677682,2209,4.099244875943905,927,8.183619721810793,4.099244875943905,2908
Hitter,Leonel Espinoza,sa3015735,696083,2026,A+,A+,4,4,International Rookie | Complex | A | A+,207.0,23.0,True,True,0.0024888036847980984,0.026383087788925584,8.923400894972362,3799,7.40236148955495,2202,8.162881192263656,7.40236148955495,2909
Hitter,Edgar Lugo,sa3023874,814812,2026,International Rookie,International Rookie,1,1,International Rookie,162.0,21.0,True,True,0.0006856517381575049,0.0007456421858541352,3.365999147848317,2347,12.899896800825593,1938,8.132947974336954,3.365999147848317,2910
Hitter,Sergio Tapia,sa3009763,685337,2026,A,A,3,3,International Rookie | Complex | A,95.0,23.0,True,False,0.0042573181221508445,0.014886738727701482,6.719563600297545,4033,9.469096671949288,2524,8.094330136123416,6.719563600297545,2911
Hitter,Clayton Gray,sa3067153,694732,2026,A,A,3,2,Complex | A,188.0,24.0,True,True,0.003964330486630441,0.017097986154575005,7.884949169352839,4033,8.240887480190175,2524,8.062918324771507,7.884949169352839,2912
Hitter,Nick Raposo,sa3015018,695596,2026,AAA,AA,6,2,AA | AAA,280.0,26.0,True,True,0.02690770746688531,0.07249119976163224,4.617473970122227,2209,11.434735706580367,927,8.026104838351298,4.617473970122227,2913
Hitter,Angelmis De La Cruz,sa3068417,834889,2026,International Rookie,International Rookie,1,1,International Rookie,80.0,20.0,True,False,0.0007321019074158476,0.0005645586322898922,2.428632296548786,2347,13.622291021671826,1938,8.025461659110306,2.428632296548786,2914
Hitter,Luis Gutierrez,sa3077426,829458,2026,International Rookie,International Rookie,1,1,International Rookie,76.0,20.0,True,False,0.0007321019074158476,0.0005645586322898922,2.428632296548786,2347,13.622291021671826,1938,8.025461659110306,2.428632296548786,2914
Hitter,Richard Meran,sa3022404,808152,2026,International Rookie,International Rookie,1,1,International Rookie,90.0,20.0,True,False,0.0007321019074158476,0.0005645586322898922,2.428632296548786,2347,13.622291021671826,1938,8.025461659110306,2.428632296548786,2914
Hitter,Carlos De Sousa,sa3021240,808306,2026,International Rookie,International Rookie,1,1,International Rookie,65.0,20.0,True,False,0.0007321019074158476,0.0005645586322898922,2.428632296548786,2347,13.622291021671826,1938,8.025461659110306,2.428632296548786,2914
Hitter,Dawel Joseph,sa3023719,815892,2026,International Rookie,International Rookie,1,1,International Rookie,219.0,19.0,True,True,0.0007843827082574021,0.0003273431904280384,1.406050276949297,2347,14.551083591331269,1938,7.978566934140283,1.406050276949297,2918
Hitter,James Nelson,sa875753,663445,2026,AAA,AAA,6,4,Complex | A | A+ | AAA,190.0,28.0,True,True,0.006647394652385775,0.31439644306953324,14.938886373924852,2209,0.970873786407767,927,7.954880080166309,0.970873786407767,2919
Hitter,Owen Ayers,sa3025449,689196,2026,A+,A+,4,2,A | A+,52.0,25.0,True,False,0.003923791139630945,0.01374296090814016,3.8694393261384574,3799,12.034514078110808,2202,7.951976702124632,3.8694393261384574,2920
Hitter,Connor Hujsak,sa3025393,824615,2026,AA,AA,5,3,A | A+ | AA,103.0,24.0,True,True,0.0035378903604226216,0.0841583358819442,13.949044585987261,3140,1.9536019536019535,1638,7.9513232697946075,1.9536019536019535,2921
Hitter,Boris Sarduy,sa3024141,821652,2026,International Rookie,International Rookie,1,1,International Rookie,128.0,19.0,True,True,0.0008446533188281974,0.0001271244228606713,0.5112910097997444,2347,15.376676986584107,1938,7.943983998191926,0.5112910097997444,2922
Hitter,Daniel Liriano,sa3067889,835170,2026,International Rookie,International Rookie,1,1,International Rookie,116.0,19.0,True,True,0.0007956681754317783,0.00022717935951008906,1.0651896037494675,2347,14.80908152734778,1938,7.937135565548624,1.0651896037494675,2923
Hitter,Henry Hunter,sa3076051,802001,2026,A,A,3,1,A,237.0,23.0,True,True,0.00444225109216395,0.013683860727948707,5.901314158194892,4033,9.944532488114104,2524,7.922923323154498,5.901314158194892,2924
Hitter,Damon Keith,sa3017179,701618,2026,AA,AA,5,4,Complex | A | A+ | AA,230.0,26.0,True,True,0.006817021111573232,0.06202884673346358,10.286624203821656,3140,5.555555555555555,1638,7.921089879688606,5.555555555555555,2925
Hitter,Julio Carreras,sa3005598,679734,2026,AAA,A+,6,5,International Rookie | A | A+ | AA | AAA,173.0,25.0,True,True,0.006856798468726237,0.3127320988819982,14.848347668628339,2209,0.970873786407767,927,7.909610727518053,0.970873786407767,2926
Hitter,Josh Rivera,sa3022590,687069,2026,AAA,AAA,6,3,A+ | AA | AAA,356.0,25.0,True,True,0.016483597748908826,0.21677047706946057,10.457220461747397,2209,5.28586839266451,927,7.871544427205953,5.28586839266451,2927
Hitter,Jayden Kim,sa3024293,806739,2026,Complex,Complex,2,2,International Rookie | Complex,60.0,19.0,True,False,0.000924513316358003,0.012614552047073888,13.067953357458785,2487,2.5052192066805845,1916,7.786586282069685,2.5052192066805845,2928
Hitter,Dominic Pitelli,sa3022809,694689,2026,AAA,AAA,6,3,A | AA | AAA,196.0,24.0,True,True,0.025266460267625798,0.07685834500704584,4.7080126754187415,2209,10.787486515641856,927,7.747749595530299,4.7080126754187415,2929
Hitter,Caleb Shpur,sa3076235,835615,2026,A+,A+,4,1,A+,173.0,24.0,True,True,0.003642013324661713,0.01484170872951335,4.527507238747039,3799,10.944595821980018,2202,7.736051530363529,4.527507238747039,2930
Hitter,Esterling Rodriguez,sa3021599,808079,2026,Complex,Complex,2,2,International Rookie | Complex,187.0,20.0,True,True,0.0007874370442818745,0.012796868313851127,13.550462404503417,2487,1.7745302713987474,1916,7.662496337951082,1.7745302713987474,2931
Hitter,Raily Liriano,sa3023911,820995,2026,Complex,Complex,2,2,International Rookie | Complex,104.0,19.0,True,True,0.000553821047960759,0.013272196269747077,14.153598713309208,2487,1.0960334029227556,1916,7.624816058115981,1.0960334029227556,2932
Hitter,Kennew Blanco,sa3067640,815891,2026,Complex,Complex,2,2,International Rookie | Complex,187.0,20.0,True,True,0.00039208389157894055,0.013877049418457582,15.038198632891033,2487,0.20876826722338204,1916,7.623483450057208,0.20876826722338204,2933
Hitter,Jose D. Hernandez,sa3015557,691559,2026,A+,A+,4,4,International Rookie | Complex | A | A+,125.0,23.0,True,True,0.0027618733642381086,0.021322535044239116,6.975519873650961,3799,8.265213442325159,2202,7.620366657988059,6.975519873650961,2934
Hitter,Carlos Tavares,sa3021209,808235,2026,A,Complex,3,3,International Rookie | Complex | A,180.0,19.0,True,True,0.0028395446281925464,0.021716427049553382,10.488470121497645,4033,4.675118858954042,2524,7.581794490225843,4.675118858954042,2935
Hitter,Hunter Dobbins,sa3067393,701493,2026,A,A,3,2,Complex | A,208.0,23.0,True,True,0.004518314538586683,0.011789411808522778,4.959087527894868,4033,10.182250396196514,2524,7.570668962045691,4.959087527894868,2936
Hitter,Victor Duarte,sa3008904,683609,2026,A+,A,4,3,International Rookie | A | A+,65.0,24.0,True,False,0.0035698543593886065,0.014767138959678086,4.4222163727296655,3799,10.717529518619436,2202,7.56987294567455,4.4222163727296655,2937
Hitter,Juan Benjamin,sa3017217,691405,2026,A+,A+,4,4,International Rookie | Complex | A | A+,118.0,23.0,True,True,0.0030965051921408374,0.018548305499924058,5.92261121347723,3799,9.128065395095367,2202,7.525338304286299,5.92261121347723,2938
Hitter,Narbe Cruz,sa3015205,700358,2026,A+,A+,4,3,Complex | A | A+,68.0,25.0,True,False,0.003142627028221526,0.01811304329357036,5.738352197946828,3799,9.264305177111716,2202,7.501328687529272,5.738352197946828,2939
Hitter,Queni Pineda,sa3023920,821065,2026,Complex,Complex,2,2,International Rookie | Complex,240.0,19.0,True,True,0.00048195554336609957,0.013302328267637133,14.153598713309208,2487,0.8350730688935282,1916,7.494335891101368,0.8350730688935282,2940
Hitter,Adam Hackenberg,sa3017041,680753,2026,AAA,A,6,4,A | A+ | AA | AAA,143.0,25.0,True,True,0.018653739008638027,0.17252313689256282,8.691715708465368,2209,6.256742179072276,927,7.474228943768822,6.256742179072276,2941
Hitter,Brody Moore,sa3019839,690914,2026,AAA,AAA,6,4,A | A+ | AA | AAA,316.0,25.0,True,True,0.01094357202828637,0.2731878755809474,12.992304210049797,2209,1.941747572815534,927,7.467025891432666,1.941747572815534,2942
Hitter,Logun Clark,sa3021584,800621,2026,A+,A+,4,3,Complex | A | A+,118.0,23.0,True,True,0.0025843833100765217,0.022618480516528525,7.344037904711766,3799,7.584014532243415,2202,7.46402621847759,7.344037904711766,2943
Hitter,Ryan McCarty,sa3020244,806005,2026,AAA,AAA,6,4,A | A+ | AA | AAA,82.0,27.0,True,False,0.019832478017570838,0.14971612658266625,7.605251244907198,2209,7.227615965480044,927,7.416433605193621,7.227615965480044,2944
Hitter,Diego Arce,sa3068247,835189,2026,International Rookie,International Rookie,1,1,International Rookie,116.0,18.0,True,True,0.000630606708801562,0.000757642883577173,3.365999147848317,2347,11.403508771929825,1938,7.384753959889071,3.365999147848317,2945
Hitter,Ben Newton,sa3067265,809091,2026,A+,A+,4,3,Complex | A | A+,50.0,24.0,True,False,0.0027731575536452157,0.019081694594762118,6.106870229007634,3799,8.310626702997276,2202,7.208748466002454,6.106870229007634,2946
Hitter,Rayner Arias,sa3021076,806976,2026,Complex,Complex,2,2,International Rookie | Complex,120.0,20.0,True,True,0.0007219730205856821,0.012215633033679623,12.665862484921592,2487,1.7223382045929019,1916,7.1941003447572465,1.7223382045929019,2947
Hitter,Jonathan Moya,sa3024632,821030,2026,International Rookie,International Rookie,1,1,International Rookie,173.0,19.0,True,True,0.0005393786640160401,0.0010725176493878612,4.5164039198977415,2347,9.855521155830754,1938,7.185962537864247,4.5164039198977415,2948
Hitter,Brayan Figueroa,sa3076512,822257,2026,International Rookie,International Rookie,1,1,International Rookie,132.0,17.0,True,True,0.0005383532642735975,0.001049946435127448,4.5164039198977415,2347,9.855521155830754,1938,7.185962537864247,4.5164039198977415,2948
Hitter,Nick Lucky,sa3024896,681879,2026,AA,AA,5,3,A | A+ | AA,84.0,26.0,True,False,0.008256739060516672,0.04451559720310583,7.006369426751593,3140,7.264957264957265,1638,7.135663345854429,7.006369426751593,2950
Hitter,Ricson Gonzalez,sa3019629,805692,2026,Complex,Complex,2,2,International Rookie | Complex,119.0,21.0,True,True,0.00036202412412857365,0.013299658423220135,14.153598713309208,2487,0.10438413361169102,1916,7.128991423460449,0.10438413361169102,2951
Hitter,Tanner Smith,sa3069139,695659,2026,A,A,3,1,A,243.0,23.0,True,True,0.004363271835175412,0.010647802246100298,4.413587899826432,4033,9.786053882725833,2524,7.099820891276132,4.413587899826432,2952
Hitter,Brady O'Brien,sa3075858,835614,2026,A,A,3,1,A,256.0,24.0,True,True,0.003156372186481406,0.01771326523315014,8.207289858666005,4033,5.903328050713154,2524,7.055308954689579,5.903328050713154,2953
Hitter,Gabriel Silva,sa3015865,700385,2026,A,A,3,3,International Rookie | Complex | A,71.0,22.0,True,False,0.0038095287872864565,0.014206308501138036,6.372427473344905,4033,7.725832012678288,2524,7.049129743011596,6.372427473344905,2954
Hitter,Andru Arthur,sa3021277,808504,2026,Complex,Complex,2,2,International Rookie | Complex,72.0,20.0,True,False,0.0008407755176069392,0.011576531634552146,11.982308001608363,2487,2.035490605427975,1916,7.008899303518169,2.035490605427975,2955
Hitter,Anthony Donofrio,sa3025266,823703,2026,A+,A+,4,2,A | A+,345.0,26.0,True,True,0.0035471676719135265,0.011786325063827386,3.2376941300342197,3799,10.717529518619436,2202,6.977611824326828,3.2376941300342197,2956
Hitter,Giaconino Lasaracina,sa3076418,838338,2026,Complex,Complex,2,1,Complex,59.0,22.0,True,False,0.0013716856476310533,0.009331612904914863,9.569762766385203,2487,4.384133611691023,1916,6.976948189038113,4.384133611691023,2957
Hitter,Sam White,sa3076280,802517,2026,Complex,Complex,2,1,Complex,79.0,22.0,True,False,0.0013716856476310533,0.009331612904914863,9.569762766385203,2487,4.384133611691023,1916,6.976948189038113,4.384133611691023,2957
Hitter,Bryan Arendt,sa3026168,701699,2026,A+,A+,4,3,Complex | A | A+,125.0,23.0,True,True,0.0030866669483815244,0.01579391853676376,4.817057120294814,3799,9.128065395095367,2202,6.972561257695091,4.817057120294814,2959
Hitter,Yeisy Celesten,sa3025069,821592,2026,International Rookie,International Rookie,1,1,International Rookie,192.0,21.0,True,True,0.0006831756563002811,0.0003062822242821655,1.406050276949297,2347,12.435500515995873,1938,6.920775396472585,1.406050276949297,2960
Hitter,Trey Paige,sa3022440,813852,2026,AA,AA,5,3,A | A+ | AA,250.0,25.0,True,True,0.006228661234814271,0.054029136150248624,8.821656050955413,3140,4.945054945054945,1638,6.883355498005179,4.945054945054945,2961
Hitter,Henniel Alcala,sa3022284,815011,2026,Complex,Complex,2,2,International Rookie | Complex,62.0,20.0,True,False,0.00035520580107717913,0.012862183119575954,13.590671491757137,2487,0.10438413361169102,1916,6.8475278126844135,0.10438413361169102,2962
Hitter,Freddy Zamora,sa3014500,668965,2026,AAA,AAA,6,4,A | A+ | AA | AAA,148.0,27.0,True,True,0.017783790409692912,0.1572592657649752,7.967406066093255,2209,5.717367853290184,927,6.842386959691719,5.717367853290184,2963
Hitter,Jamari Baylor,sa3011446,687072,2026,A+,A+,4,3,Complex | A | A+,118.0,25.0,True,True,0.003016753815218895,0.01562465400486383,4.738088970781785,3799,8.85558583106267,2202,6.796837400922228,4.738088970781785,2964
Hitter,Adrian Bello,sa3021303,808705,2026,Complex,Complex,2,2,International Rookie | Complex,149.0,20.0,True,True,0.0010931404729263238,0.009704569367892227,10.052271813429835,2487,3.4446764091858038,1916,6.74847411130782,3.4446764091858038,2965
Hitter,Newremberg Rondon,sa3015653,692598,2026,A,A,3,3,International Rookie | Complex | A,71.0,22.0,True,False,0.003668161933161471,0.013974379230255657,6.074882221671213,4033,7.408874801901743,2524,6.741878511786478,6.074882221671213,2966
Hitter,Ismael Munguia,sa917132,665998,2026,AAA,AA,6,6,International Rookie | Complex | A | A+ | AA | AAA,315.0,26.0,True,True,0.017262937527384455,0.1457250279528138,7.605251244907198,2209,5.6094929881337645,927,6.607372116520481,5.6094929881337645,2967
Hitter,Renyel Campos,sa3068709,830412,2026,Complex,Complex,2,2,International Rookie | Complex,74.0,19.0,True,False,0.0005676104772749087,0.011501587452486682,11.821471652593486,2487,1.2004175365344467,1916,6.510944594563966,1.2004175365344467,2968
Hitter,Gabriel Cesa,sa3024630,821014,2026,Complex,Complex,2,2,International Rookie | Complex,161.0,19.0,True,True,0.0005878023636813076,0.011432047175047599,11.821471652593486,2487,1.2004175365344467,1916,6.510944594563966,1.2004175365344467,2968
Hitter,Ryan McCarty,sa3020244,806005,2026,AA,AA,5,3,A | A+ | AA,95.0,27.0,True,False,0.009672289705259799,0.025445844731272833,3.4713375796178343,3140,9.523809523809524,1638,6.497573551713679,3.4713375796178343,2970
Hitter,Bohan Adderley,sa3023728,816339,2026,Complex,Complex,2,2,International Rookie | Complex,189.0,19.0,True,True,0.0003557702502150731,0.012326461767370194,12.866907921190188,2487,0.10438413361169102,1916,6.485646027400939,0.10438413361169102,2971
Hitter,Abel Lorenzo,sa3021831,806867,2026,Complex,Complex,2,2,International Rookie | Complex,184.0,20.0,True,True,0.0006097345594277745,0.011195972367012814,11.58021712907117,2487,1.3569937369519833,1916,6.468605433011577,1.3569937369519833,2972
Hitter,Jordan Nwogu,sa3014530,685087,2026,AAA,AAA,6,4,A | A+ | AA | AAA,90.0,27.0,True,False,0.012374540237951348,0.21098546587031305,10.23087369850611,2209,2.696871628910464,927,6.463872663708287,2.696871628910464,2973
Hitter,Matt O'Neill,sa1170279,690841,2026,AAA,AA,6,5,Complex | A | A+ | AA | AAA,65.0,27.0,True,False,0.01384110289898426,0.18114244734495621,9.008601177003168,2209,3.883495145631068,927,6.446048161317118,3.883495145631068,2974
Hitter,T.J. McCants,sa3025355,690996,2026,AA,AA,5,4,Complex | A | A+ | AA,62.0,25.0,True,False,0.0035339077026678967,0.0640919871739896,10.764331210191083,3140,1.9536019536019535,1638,6.358966581896518,1.9536019536019535,2975
Hitter,Matt Scannell,sa3069006,814411,2026,A+,A+,4,2,A | A+,161.0,24.0,True,True,0.003454937394453759,0.008724867410582357,2.342721768886549,3799,10.354223433242506,2202,6.348472601064527,2.342721768886549,2976
Hitter,Cade Doughty,sa3020196,683103,2026,AA,A+,5,3,A | A+ | AA,373.0,24.0,True,True,0.007023470889809914,0.04476369368841687,7.006369426751593,3140,5.677655677655678,1638,6.342012552203635,5.677655677655678,2977
Hitter,Byron Castillo,sa3021171,808092,2026,Complex,Complex,2,2,International Rookie | Complex,61.0,20.0,True,False,0.0005600046236502037,0.011098319150259028,11.459589867310012,2487,1.2004175365344467,1916,6.330003701922229,1.2004175365344467,2978
Hitter,Tyler McDonough,sa3016869,694812,2026,AAA,AA,6,4,A | A+ | AA | AAA,299.0,26.0,True,True,0.010188625049609606,0.22461295324364486,10.864644635581712,2209,1.725997842502697,927,6.295321239042204,1.725997842502697,2979
Hitter,Jackson Hornung,sa3022704,814408,2026,AA,AA,5,3,A | A+ | AA,241.0,25.0,True,True,0.007174919708105521,0.04328429531510049,6.7834394904458595,3140,5.7997557997558,1638,6.291597645100829,5.7997557997558,2980
Hitter,Jack Barker,sa3069173,835716,2026,Complex,Complex,2,1,Complex,241.0,21.0,True,True,0.0009228827600768766,0.009731642378084986,10.052271813429835,2487,2.5052192066805845,1916,6.278745510055209,2.5052192066805845,2981
Hitter,Dennys Riera,sa3019675,800378,2026,International Rookie,International Rookie,1,1,International Rookie,221.0,21.0,True,True,0.0005383532642735975,0.0005997980492789217,2.684277801448658,2347,9.855521155830754,1938,6.269899478639706,2.684277801448658,2982
Hitter,Hunter Hines,sa3033858,702309,2026,A+,A+,4,2,A | A+,128.0,23.0,True,True,0.0031284148393560473,0.01163703897321395,3.2376941300342197,3799,9.264305177111716,2202,6.2509996535729675,3.2376941300342197,2983
Hitter,Chase Meggers,sa3069012,809861,2026,A,A,3,1,A,268.0,23.0,True,True,0.003102802174947319,0.014913042210035185,6.74435903793702,4033,5.744849445324881,2524,6.244604241630951,5.744849445324881,2984
Hitter,Paulo Asprilla,sa3021859,809329,2026,Complex,Complex,2,2,International Rookie | Complex,56.0,20.0,True,False,0.00044626159212770216,0.011555963849573197,11.942098914354645,2487,0.4697286012526096,1916,6.205913757803628,0.4697286012526096,2985
Hitter,Adrian Valdez,sa3067755,829812,2026,International Rookie,International Rookie,1,1,International Rookie,107.0,18.0,True,True,0.0005822619078608948,0.0003881149287929698,1.661695781849169,2347,10.732714138286894,1938,6.1972049600680315,1.661695781849169,2986
Hitter,Michael Trautwein,sa3017043,681114,2026,AAA,AA,6,3,A+ | AA | AAA,290.0,24.0,True,True,0.01527617140037582,0.15308423260633125,7.876867360796741,2209,4.4228694714131604,927,6.149868416104951,4.4228694714131604,2987
Hitter,Judah Morris,sa3076055,835269,2026,Complex,Complex,2,1,Complex,156.0,24.0,True,True,0.0014907826433192414,0.007360657551777507,7.438681141938078,2487,4.853862212943633,1916,6.146271677440856,4.853862212943633,2988
Hitter,John Garcia,sa3020419,801039,2026,AA,A+,5,3,A | A+ | AA,319.0,24.0,True,True,0.006059894769380086,0.04661979245690844,7.547770700636943,3140,4.700854700854701,1638,6.124312700745822,4.700854700854701,2989
Hitter,Cade Doughty,sa3020196,683103,2026,AA,AA,5,3,A | A+ | AA,126.0,25.0,True,True,0.007048804216240875,0.04059459936273987,6.496815286624204,3140,5.677655677655678,1638,6.087235482139941,5.677655677655678,2990
Hitter,Kellen Strahm,sa3010278,687005,2026,AAA,AAA,6,3,A+ | AA | AAA,218.0,29.0,True,True,0.01900719781726346,0.09413204249624926,5.4775916704391125,2209,6.68824163969795,927,6.082916655068532,5.4775916704391125,2991
Hitter,Hogan Windish,sa3019805,702112,2026,AAA,AAA,6,4,A | A+ | AA | AAA,76.0,27.0,True,False,0.017610811163925023,0.11333864552201749,6.428248076052513,2209,5.717367853290184,927,6.072807964671348,5.717367853290184,2992
Hitter,D'Angelo Tejada,sa3021263,808382,2026,Complex,Complex,2,2,International Rookie | Complex,118.0,20.0,True,True,0.0005785956665309679,0.010463433485150928,10.93687173301166,2487,1.2004175365344467,1916,6.068644634773054,1.2004175365344467,2993
Hitter,Arxy Hernandez,sa3015693,694065,2026,A+,A+,4,4,International Rookie | Complex | A | A+,212.0,22.0,True,True,0.0020434384390174564,0.01977391255182329,6.422742827059753,3799,5.676657584014532,2202,6.0497002055371425,5.676657584014532,2994
Hitter,Nayerich Waterfort,sa3024114,820938,2026,International Rookie,International Rookie,1,1,International Rookie,128.0,20.0,True,True,0.0005383532642735975,0.0005233800889473564,2.1729867916489134,2347,9.855521155830754,1938,6.014253973739834,2.1729867916489134,2995
Hitter,Mark Coley II,sa3022534,696501,2026,AA,AA,5,3,A | A+ | AA,282.0,25.0,True,True,0.0064170033388250055,0.043394341322800956,6.7834394904458595,3140,5.1892551892551895,1638,5.986347339850525,5.1892551892551895,2996
Hitter,Angel Mata,sa3018464,800171,2026,A,A,3,3,International Rookie | Complex | A,131.0,21.0,True,True,0.0035164245659497677,0.011739477610159062,4.959087527894868,4033,7.0126782884310614,2524,5.9858829081629645,4.959087527894868,2997
Hitter,Gunner Gouldsmith,sa3032524,802005,2026,A+,A+,4,3,Complex | A | A+,334.0,24.0,True,True,0.0021595527403134498,0.017998528610789658,5.6593840484337985,3799,6.267029972752043,2202,5.963207010592921,5.6593840484337985,2998
Hitter,Abel Lorenzo,sa3021831,806867,2026,A,A,3,3,International Rookie | Complex | A,133.0,20.0,True,True,0.002123016669702232,0.018905543445440296,8.97594842548971,4033,2.931854199683043,2524,5.9539013125863764,2.931854199683043,2999
Hitter,Ishel Comenencia,sa3067856,830444,2026,International Rookie,International Rookie,1,1,International Rookie,104.0,18.0,True,True,0.0005728312876234101,0.0002969552481112319,1.3208351086493395,2347,10.577915376676987,1938,5.949375242663163,1.3208351086493395,3000
Hitter,Jose Perez,sa3022198,814545,2026,A,A,3,3,International Rookie | Complex | A,207.0,21.0,True,True,0.0033700350465129076,0.012326992339368875,5.207041904289611,4033,6.616481774960381,2524,5.911761839624996,5.207041904289611,3001
Hitter,Pedro Dalmagro,sa3021601,808116,2026,Complex,Complex,2,2,International Rookie | Complex,160.0,20.0,True,True,0.0012043334903439524,0.00799103119074149,7.961399276236429,2487,3.7056367432150314,1916,5.83351800972573,3.7056367432150314,3002
Hitter,Jairo Diaz,sa3018606,801260,2026,A,A,3,3,International Rookie | Complex | A,131.0,21.0,True,True,0.00396165726974107,0.008536528183497974,3.4217703942474587,4033,8.201267828843106,2524,5.811519111545282,3.4217703942474587,3003
Hitter,Wilson Weber,sa3044929,701777,2026,A+,A+,4,1,A+,267.0,24.0,True,True,0.0028098811392474254,0.011410757289992798,3.1587259805211896,3799,8.356039963669392,2202,5.757382972095291,3.1587259805211896,3004
Hitter,Jose Salas,sa3014690,691191,2026,AA,AA,5,4,Complex | A | A+ | AA,188.0,23.0,True,True,0.0030078455733670963,0.06057525700058416,10.063694267515924,3140,1.404151404151404,1638,5.733922835833664,1.404151404151404,3005
Hitter,Jeffery Heard,sa3076340,822153,2026,Complex,Complex,2,1,Complex,75.0,23.0,True,False,0.001162802530492911,0.007784838914653139,7.840772014475271,2487,3.6012526096033404,1916,5.7210123120393055,3.6012526096033404,3006
Hitter,Ben Wilmes,sa3077591,801854,2026,Complex,Complex,2,1,Complex,99.0,23.0,True,False,0.001162802530492911,0.007784838914653139,7.840772014475271,2487,3.6012526096033404,1916,5.7210123120393055,3.6012526096033404,3006
Hitter,Gabriel Lopez,sa3023988,823875,2026,Complex,Complex,2,2,International Rookie | Complex,132.0,20.0,True,True,0.000890018820639946,0.009017065580272187,9.248090068355449,2487,2.1920668058455113,1916,5.72007843710048,2.1920668058455113,3008
Hitter,Richer Mata,sa3067851,830425,2026,International Rookie,International Rookie,1,1,International Rookie,145.0,18.0,True,True,0.0005383532642735975,0.00037284320354926624,1.5764806135492118,2347,9.855521155830754,1938,5.716000884689983,1.5764806135492118,3009
Hitter,Alessandro Duran,sa3018521,800333,2026,International Rookie,International Rookie,1,1,International Rookie,116.0,20.0,True,True,0.0005383532642735975,0.00034801827251973173,1.4912654452492544,2347,9.855521155830754,1938,5.673393300540004,1.4912654452492544,3010
Hitter,Ethan Hearn,sa3011502,683001,2026,AAA,AAA,6,5,Complex | A | A+ | AA | AAA,62.0,25.0,True,False,0.00888026328518802,0.20444829975509551,9.823449524671798,2209,1.5102481121898597,927,5.666848818430829,1.5102481121898597,3011
Hitter,Noah Myers,sa3023377,671956,2026,AA,AA,5,3,A | A+ | AA,85.0,26.0,True,False,0.006340962138682991,0.03903449081609835,6.178343949044586,3140,5.128205128205129,1638,5.653274538624857,5.128205128205129,3012
Hitter,Noah Barber,sa3023621,815585,2026,Complex,Complex,2,1,Complex,152.0,21.0,True,True,0.0010604494017863598,0.008094283274688878,8.082026537997587,2487,3.183716075156576,1916,5.632871306577082,3.183716075156576,3013
Hitter,Branden Boissiere,sa3017558,680998,2026,AA,AA,5,3,A | A+ | AA,277.0,26.0,True,True,0.007176198612872906,0.03465549370223634,5.382165605095541,3140,5.7997557997558,1638,5.5909607024256704,5.382165605095541,3014
Hitter,Elvin Jean,sa3077725,843798,2026,International Rookie,International Rookie,1,1,International Rookie,125.0,21.0,True,True,0.0005383532642735975,0.0002780270372576003,1.2356199403493822,2347,9.855521155830754,1938,5.545570548090068,1.2356199403493822,3015
Hitter,Amauri Ramirez,sa3023778,821752,2026,International Rookie,International Rookie,1,1,International Rookie,137.0,19.0,True,True,0.0005383532642735975,0.0002748991793574706,1.1930123561994035,2347,9.855521155830754,1938,5.524266756015079,1.1930123561994035,3016
Hitter,Wagnel Luna,sa3021646,810981,2026,International Rookie,International Rookie,1,1,International Rookie,131.0,20.0,True,True,0.0005383532642735975,0.00027155866664252523,1.1930123561994035,2347,9.855521155830754,1938,5.524266756015079,1.1930123561994035,3016
Hitter,Juan Obispo,sa3022255,808312,2026,Complex,Complex,2,2,International Rookie | Complex,69.0,20.0,True,False,0.00033705638752504354,0.010460483322073161,10.93687173301166,2487,0.10438413361169102,1916,5.520627933311675,0.10438413361169102,3018
Hitter,Ian Francis,sa3076334,832212,2026,A,A,3,1,A,118.0,23.0,True,True,0.003625879801002182,0.008888670076427041,3.6201338953632534,4033,7.369255150554675,2524,5.494694522958964,3.6201338953632534,3019
Hitter,Juarlin Soto,sa3023947,821419,2026,International Rookie,International Rookie,1,1,International Rookie,139.0,19.0,True,True,0.0005383532642735975,0.00023681440292494163,1.1077971878994461,2347,9.855521155830754,1938,5.4816591718651,1.1077971878994461,3020
Hitter,Omar Bustamante,sa3068171,811607,2026,International Rookie,International Rookie,1,1,International Rookie,168.0,20.0,True,True,0.0005383532642735975,0.00022613653499037713,1.0651896037494675,2347,9.855521155830754,1938,5.46035537979011,1.0651896037494675,3021
Hitter,Alejandro Cruz,sa3067702,829078,2026,Complex,Complex,2,2,International Rookie | Complex,164.0,19.0,True,True,0.0008124781072807239,0.008777531797498402,8.926417370325694,2487,1.931106471816284,1916,5.428761921070989,1.931106471816284,3022
Hitter,Joe Vetrano,sa3022501,694838,2026,AA,AA,5,3,A | A+ | AA,344.0,24.0,True,True,0.004172890215799297,0.04899165471732789,8.089171974522293,3140,2.686202686202686,1638,5.387687330362489,2.686202686202686,3023
Hitter,Orlando Martinez,sa3006664,678636,2026,AAA,AAA,6,4,A | A+ | AA | AAA,130.0,28.0,True,True,0.01881660120371043,0.05948518256104657,4.074241738343142,2209,6.68824163969795,927,5.381241689020547,4.074241738343142,3024
Hitter,Edward Vargas,sa3019508,703726,2026,A,A,3,2,International Rookie | A,203.0,22.0,True,True,0.002172141843275162,0.016552783064106992,7.7113811058765185,4033,3.050713153724247,2524,5.381047129800383,3.050713153724247,3025
Hitter,Alan Espinal,sa3031022,694541,2026,A+,A+,4,2,A | A+,341.0,24.0,True,True,0.0020537138199736857,0.016304408310893005,5.001316135825217,3799,5.722070844686648,2202,5.361693490255933,5.001316135825217,3026
Hitter,Derik Alcantara,sa3021322,814131,2026,A,A,3,3,International Rookie | Complex | A,170.0,21.0,True,True,0.00223423367226337,0.01606477399186823,7.4634267294817755,4033,3.248811410459588,2524,5.356119069970681,3.248811410459588,3027
Hitter,Jose Izarra,sa3019998,692222,2026,AA,AA,5,3,A | A+ | AA,165.0,24.0,True,True,0.00492171982612268,0.0450405670757121,7.101910828025478,3140,3.601953601953602,1638,5.35193221498954,3.601953601953602,3028
Hitter,Curtis Washington Jr.,sa3019803,690944,2026,A+,A+,4,3,Complex | A | A+,194.0,26.0,True,True,0.0019282298181943084,0.017130877750926372,5.3171887338773365,3799,5.358764759309718,2202,5.337976746593528,5.3171887338773365,3029
Hitter,Kai Murphy,sa3019857,687625,2026,AA,AA,5,3,A | A+ | AA,183.0,25.0,True,True,0.008056255405645344,0.02467712307791508,3.4076433121019107,3140,7.142857142857143,1638,5.2752502274795265,3.4076433121019107,3030
Hitter,Aaron Antonini,sa3010906,689577,2026,AA,AA,5,2,A+ | AA,117.0,27.0,True,True,0.00924979250508682,0.014094625056375725,1.305732484076433,3140,9.218559218559218,1638,5.262145851317825,1.305732484076433,3031
Hitter,Marcus Brown,sa3022676,694939,2026,AA,AA,5,3,A | A+ | AA,142.0,24.0,True,True,0.005228815921814727,0.0417347393287544,6.592356687898089,3140,3.907203907203907,1638,5.249780297550998,3.907203907203907,3032
Hitter,Rylan Galvan,sa3031877,805025,2026,A,A,3,1,A,170.0,23.0,True,True,0.0039437698457705445,0.006309663387712122,2.330771138110588,4033,8.161648177496039,2524,5.2462096578033135,2.330771138110588,3033
Hitter,Jose De La Cruz,sa3068215,829927,2026,International Rookie,International Rookie,1,1,International Rookie,114.0,18.0,True,True,0.0005383532642735975,0.0001401628332381961,0.5965061780997017,2347,9.855521155830754,1938,5.226013666965228,0.5965061780997017,3034
Hitter,Andy Weber,sa3008282,681581,2026,AAA,AAA,6,4,Complex | A | AA | AAA,320.0,28.0,True,True,0.017466172031159657,0.07688448754261885,4.7080126754187415,2209,5.717367853290184,927,5.212690264354462,4.7080126754187415,3035
Hitter,Jose Cordoba,sa3015614,692390,2026,A+,A+,4,4,International Rookie | Complex | A | A+,156.0,23.0,True,True,0.0016041413926733425,0.01970411287177812,6.396420110555409,3799,3.9963669391462306,2202,5.19639352485082,3.9963669391462306,3036
Hitter,Zavier Warren,sa3014549,680518,2026,AA,AA,5,3,A | A+ | AA,224.0,27.0,True,True,0.009493416610772607,0.010979310981650899,1.0509554140127388,3140,9.340659340659341,1638,5.19580737733604,1.0509554140127388,3037
Hitter,Tyresse Turner,sa3020759,687930,2026,AA,AA,5,3,A | A+ | AA,97.0,26.0,True,False,0.004865265132280601,0.04300918548001885,6.7834394904458595,3140,3.601953601953602,1638,5.1926965461997305,3.601953601953602,3038
Hitter,Manuel Baez,sa3024640,821281,2026,International Rookie,International Rookie,1,1,International Rookie,57.0,21.0,True,False,0.0005383532642735975,0.00012053587152324482,0.5112910097997444,2347,9.855521155830754,1938,5.1834060828152495,0.5112910097997444,3039
Hitter,Facundo Velasquez,sa3021227,808278,2026,Complex,Complex,2,2,International Rookie | Complex,56.0,20.0,True,False,0.000620239098041013,0.008821939736497017,8.966626457579412,2487,1.3569937369519833,1916,5.161810097265698,1.3569937369519833,3040
Hitter,Jack O'Dowd,sa3076117,691942,2026,A,A,3,1,A,96.0,25.0,True,False,0.0034366600336411665,0.008413898670331894,3.37217951896851,4033,6.854199683042789,2524,5.113189601005649,3.37217951896851,3041
Hitter,Bryant Ciriaco,sa3076576,837344,2026,International Rookie,International Rookie,1,1,International Rookie,157.0,18.0,True,True,0.0005383532642735975,9.622962105184727e-05,0.34086067319982954,2347,9.855521155830754,1938,5.098190914515292,0.34086067319982954,3042
Hitter,Jordan Nwogu,sa3014530,685087,2026,AA,AA,5,3,A | A+ | AA,151.0,27.0,True,True,0.007014638072757896,0.0306644244370763,4.490445859872612,3140,5.677655677655678,1638,5.084050768764145,4.490445859872612,3043
Hitter,Willian Berti,sa3021261,808379,2026,International Rookie,International Rookie,1,1,International Rookie,212.0,20.0,True,True,0.0005383532642735975,9.187165073698298e-05,0.2982530890498509,2347,9.855521155830754,1938,5.0768871224403025,0.2982530890498509,3044
Hitter,Edwin Amparo,sa3018526,800348,2026,A+,A+,4,4,International Rookie | Complex | A | A+,122.0,21.0,True,True,0.0014571109799243283,0.019701589210745947,6.396420110555409,3799,3.723887375113533,2202,5.060153742834471,3.723887375113533,3045
Hitter,Diego Villegas,sa3015757,698969,2026,International Rookie,International Rookie,1,1,International Rookie,197.0,22.0,True,True,0.0005383532642735975,5.299318460233312e-05,0.1278227524499361,2347,9.855521155830754,1938,4.991671954140345,0.1278227524499361,3046
Hitter,Anderson Garcia,sa3024644,821629,2026,International Rookie,International Rookie,1,1,International Rookie,105.0,19.0,True,True,0.0005383532642735975,5.299318460233312e-05,0.1278227524499361,2347,9.855521155830754,1938,4.991671954140345,0.1278227524499361,3046
Hitter,Nestor Perez,sa3076712,842320,2026,International Rookie,International Rookie,1,1,International Rookie,122.0,19.0,True,True,0.0005383532642735975,5.5608900806681824e-05,0.1278227524499361,2347,9.855521155830754,1938,4.991671954140345,0.1278227524499361,3046
Hitter,Wuilfredo Antunez,sa3011578,686404,2026,AA,AA,5,5,International Rookie | Complex | A | A+ | AA,330.0,24.0,True,True,0.0034580050804208376,0.048621791896048955,8.02547770700637,3140,1.9536019536019535,1638,4.989539830304162,1.9536019536019535,3049
Hitter,Andy Garriola,sa3020458,696513,2026,AA,AA,5,3,A | A+ | AA,472.0,26.0,True,True,0.005727061370212481,0.03489097130597196,5.414012738853503,3140,4.517704517704518,1638,4.96585862827901,4.517704517704518,3050
Hitter,David Garcia,sa3003197,671272,2026,AA,A+,5,5,International Rookie | Complex | A | A+ | AA,150.0,23.0,True,True,0.0012209235516014098,0.058350480377152854,9.681528662420382,3140,0.2442002442002442,1638,4.962864453310313,0.2442002442002442,3051
Hitter,Austin Hendrick,sa3014521,690988,2026,AA,AA,5,3,A | A+ | AA,218.0,25.0,True,True,0.005572510769156428,0.035143569485317494,5.477707006369426,3140,4.395604395604396,1638,4.936655700986911,4.395604395604396,3052
Hitter,Luis Arias,sa3023259,811323,2026,Complex,Complex,2,1,Complex,146.0,20.0,True,True,0.0016387809105072961,0.005369100372883003,4.624045034177724,2487,5.219206680584551,1916,4.921625857381137,4.624045034177724,3053
Hitter,Henry Kusiak,sa3076325,840570,2026,A+,A+,4,2,A | A+,90.0,25.0,True,False,0.002546898317985407,0.008552481829476906,2.2900763358778624,3799,7.538601271571299,2202,4.914338803724581,2.2900763358778624,3054
Hitter,Reynaldo De La Paz,sa3021119,807956,2026,Complex,Complex,2,2,International Rookie | Complex,114.0,20.0,True,True,0.00046085739667596476,0.008827118761279612,9.006835544833132,2487,0.7306889352818372,1916,4.868762240057484,0.7306889352818372,3055
Hitter,Leandro Alsinois,sa3018624,802098,2026,Complex,Complex,2,2,International Rookie | Complex,54.0,21.0,True,False,0.00022211487280200003,0.009371236753888302,9.650180940892641,2487,0.0,1916,4.8250904704463204,0.0,3056
Hitter,Daniel Rogers,sa3069055,832110,2026,A+,A+,4,2,A | A+,138.0,24.0,True,True,0.002593882512236776,0.007691448614461368,1.921558304817057,3799,7.674841053587648,2202,4.7981996792023525,1.921558304817057,3057
Hitter,Sebastian Cadiz,sa3021602,808126,2026,Complex,Complex,2,2,International Rookie | Complex,67.0,20.0,True,False,0.0003640678941861562,0.009111944711222461,9.489344591877764,2487,0.10438413361169102,1916,4.796864362744727,0.10438413361169102,3058
Hitter,Brock Jones,sa3020190,677342,2026,AAA,AAA,6,4,A | A+ | AA | AAA,183.0,25.0,True,True,0.017233617354270654,0.06050167237032911,4.074241738343142,2209,5.501618122977346,927,4.787929930660244,4.074241738343142,3059
Hitter,Arol Vera,sa3014687,691186,2026,AAA,AAA,6,5,Complex | A | A+ | AA | AAA,116.0,23.0,True,True,0.00873049174613529,0.16470000645112245,8.148483476686284,2209,1.4023732470334411,927,4.775428361859863,1.4023732470334411,3060
Hitter,Kevin Fitzer,sa3031395,822624,2026,A+,A+,4,2,A | A+,309.0,24.0,True,True,0.0023093205686225346,0.009847429027442851,2.7638852329560413,3799,6.766575840145323,2202,4.765230536550682,2.7638852329560413,3061
Hitter,Canon Reeder,sa3040539,822165,2026,A,A,3,1,A,204.0,23.0,True,True,0.002855613994950473,0.011232028703992385,4.711133151500124,4033,4.793977812995245,2524,4.7525554822476845,4.711133151500124,3062
Hitter,Joan Delgado,sa3019676,805062,2026,Complex,Complex,2,2,International Rookie | Complex,137.0,21.0,True,True,0.00019802604791241155,0.009275136710739573,9.489344591877764,2487,0.0,1916,4.744672295938882,0.0,3063
Hitter,Tommy Sacco Jr.,sa3020125,690474,2026,AAA,AA,6,4,A | A+ | AA | AAA,244.0,26.0,True,True,0.016755751724767426,0.05844419738015102,4.074241738343142,2209,5.393743257820928,927,4.733992498082035,4.074241738343142,3064
Hitter,Chase Adkison,sa3022433,801187,2026,A+,A+,4,2,A | A+,69.0,26.0,True,False,0.0025370480616712346,0.007557166613460936,1.8952355883127139,3799,7.538601271571299,2202,4.716918429942006,1.8952355883127139,3065
Hitter,Cristopher Acosta,sa3067475,829067,2026,Complex,Complex,2,2,International Rookie | Complex,121.0,18.0,True,True,0.0005377550945856316,0.008208918931478182,8.323281061519904,2487,0.9394572025052192,1916,4.631369132012561,0.9394572025052192,3066
Hitter,Maikol Orozco,sa3021098,807004,2026,Complex,Complex,2,2,International Rookie | Complex,167.0,20.0,True,True,0.00039788132423886356,0.008797494442235406,8.966626457579412,2487,0.2609603340292276,1916,4.61379339580432,0.2609603340292276,3067
Hitter,Jack Moroknek,sa3038388,833381,2026,A+,A+,4,2,A | A+,160.0,23.0,True,True,0.0021623728745514288,0.010820284065786055,2.948144248486444,3799,6.267029972752043,2202,4.607587110619244,2.948144248486444,3068
Hitter,Alexey Lumpuy,sa3022296,815121,2026,A,A,3,2,International Rookie | A,366.0,22.0,True,True,0.002359527907435401,0.013285085005959764,5.628564344160674,4033,3.565768621236133,2524,4.5971664826984036,3.565768621236133,3069
Hitter,Willy Vasquez,sa3011821,691938,2026,AAA,AAA,6,5,Complex | A | A+ | AA | AAA,156.0,24.0,True,True,0.012096471316785123,0.12660535867347433,6.790402897238569,2209,2.373247033441208,927,4.581824965339889,2.373247033441208,3070
Hitter,Cole Fontenelle,sa3022429,694304,2026,AA,AA,5,3,A | A+ | AA,282.0,24.0,True,True,0.004693705392867074,0.0366570104220405,5.764331210191083,3140,3.357753357753358,1638,4.5610422839722204,3.357753357753358,3071
Hitter,Manolfi Jimenez,sa3018492,800272,2026,A,A,3,3,International Rookie | Complex | A,117.0,21.0,True,True,0.002449868462097124,0.012364731685417999,5.207041904289611,4033,3.7242472266244055,2524,4.4656445654570085,3.7242472266244055,3072
Hitter,Drew Swift,sa3017281,669439,2026,AAA,AAA,6,3,A+ | AA | AAA,482.0,27.0,True,True,0.01462564597546116,0.07814735561136228,4.7080126754187415,2209,4.099244875943905,927,4.403628775681323,4.099244875943905,3073
Hitter,Daniel Vellojin,sa3005587,678962,2026,AA,AA,5,4,International Rookie | A | A+ | AA,113.0,26.0,True,True,0.004239251703526206,0.03732140837455822,5.923566878980892,3140,2.8693528693528694,1638,4.39645987416688,2.8693528693528694,3074
Hitter,Jamari Baylor,sa3011446,687072,2026,A+,A,4,3,Complex | A | A+,130.0,23.0,True,True,0.0016673904562195042,0.015131141739087313,4.606475388260068,3799,4.178019981834696,2202,4.392247685047382,4.178019981834696,3075
Hitter,Blayberg Diaz,sa3015352,691600,2026,A+,A+,4,3,Complex | A | A+,157.0,23.0,True,True,0.0018775259448038939,0.012600697388897672,3.5272440115819954,3799,5.0862851952770205,2202,4.306764603429508,3.5272440115819954,3076
Hitter,Jhoan De La Cruz,sa3067693,829063,2026,Complex,Complex,2,2,International Rookie | Complex,166.0,18.0,True,True,0.00035583423894083123,0.008269487831016772,8.363490148773623,2487,0.10438413361169102,1916,4.233937141192657,0.10438413361169102,3077
Hitter,Ricardo Hurtado,sa3019200,691452,2026,A+,A+,4,4,International Rookie | Complex | A | A+,427.0,23.0,True,True,0.001956164047413011,0.010438099642918112,2.842853382469071,3799,5.495004541326067,2202,4.168928961897569,2.842853382469071,3078
Hitter,Edwin Diaz,sa738152,641521,2026,AAA,AAA,6,5,Complex | A | A+ | AA | AAA,88.0,30.0,True,False,0.014171922774255365,0.06739658188033613,4.25531914893617,2209,3.9913700107874863,927,4.123344579861828,3.9913700107874863,3079
Hitter,Jackson Hauge,sa3076547,832226,2026,A,A,3,1,A,90.0,25.0,True,False,0.0030778758460491508,0.00716853741344015,2.727498140342177,4033,5.507131537242472,2524,4.117314838792325,2.727498140342177,3080
Hitter,Jack Scanlon,sa3077590,687357,2026,A,A,3,1,A,86.0,25.0,True,False,0.0030778758460491508,0.00716853741344015,2.727498140342177,4033,5.507131537242472,2524,4.117314838792325,2.727498140342177,3080
Hitter,Henry Kusiak,sa3076325,840570,2026,A,A,3,1,A,83.0,25.0,True,False,0.0030778758460491508,0.00716853741344015,2.727498140342177,4033,5.507131537242472,2524,4.117314838792325,2.727498140342177,3080
Hitter,Rafael Lantigua,sa3003219,672463,2026,AAA,AAA,6,5,International Rookie | A | A+ | AA | AAA,223.0,28.0,True,True,0.014014113482797939,0.06776383292134233,4.345857854232684,2209,3.883495145631068,927,4.114676499931877,3.883495145631068,3083
Hitter,Tyler Pettorini,sa3069009,808805,2026,A,A,3,1,A,115.0,23.0,True,True,0.0018086942788555413,0.013843962545720354,6.0252913463922635,4033,2.179080824088748,2524,4.102186085240506,2.179080824088748,3084
Hitter,Ramon Rodriguez,sa918698,670232,2026,AAA,AAA,6,5,Complex | A | A+ | AA | AAA,196.0,27.0,True,True,0.006920925293659764,0.13641367371645485,7.197827071072884,2209,0.970873786407767,927,4.084350428740326,0.970873786407767,3085
Hitter,Matt Lloyd,sa1169978,651016,2026,AAA,AAA,6,3,A | AA | AAA,111.0,30.0,True,True,0.020017177629261345,0.01112525105843235,0.724309642372114,2209,7.44336569579288,927,4.083837669082497,0.724309642372114,3086
Hitter,Luis Freitez,sa3017479,693782,2026,A,Complex,3,3,International Rookie | Complex | A,219.0,22.0,True,True,0.0019972511757756968,0.013134046986346024,5.578973468881726,4033,2.535657686212361,2524,4.057315577547044,2.535657686212361,3087
Hitter,Clay Dungan,sa1169803,687867,2026,AAA,AAA,6,2,AA | AAA,348.0,30.0,True,True,0.019182159456301695,0.014869442621305516,1.2675418741511997,2209,6.796116504854369,927,4.031829189502784,1.2675418741511997,3088
Hitter,Jose D. Hernandez,sa3015557,691559,2026,A,A,3,3,International Rookie | Complex | A,81.0,23.0,True,False,0.0026621383525456785,0.00907796160736401,3.7689065212000994,4033,4.239302694136292,2524,4.004104607668196,3.7689065212000994,3089
Hitter,Viandel Pena,sa3005775,678854,2026,AA,AA,5,5,International Rookie | Complex | A | A+ | AA,112.0,25.0,True,True,0.0030232144814494708,0.041921623586019766,6.592356687898089,3140,1.404151404151404,1638,3.998254046024747,1.404151404151404,3090
Hitter,Breyias Dean,sa3021294,808686,2026,Complex,Complex,2,2,International Rookie | Complex,169.0,20.0,True,True,0.0005479986839048692,0.006826754367988707,6.875753920386007,2487,1.0960334029227556,1916,3.9858936616543814,1.0960334029227556,3091
Hitter,Matt Scannell,sa3069006,814411,2026,A,A,3,1,A,99.0,24.0,True,False,0.0030190559176008092,0.006970280547646491,2.62831638978428,4033,5.309033280507132,2524,3.9686748351457055,2.62831638978428,3092
Hitter,Jostin Ogando,sa3068416,834230,2026,Complex,Complex,2,2,International Rookie | Complex,110.0,18.0,True,True,4.7749698418820193e-05,0.007836469914333113,7.880981101728991,2487,0.0,1916,3.9404905508644954,0.0,3093
Hitter,Arturo De Freitas,sa3005939,679972,2026,A+,A+,4,3,International Rookie | A | A+,111.0,25.0,True,True,0.0022877873695438993,0.004933483515007849,1.158199526191103,3799,6.721162579473206,2202,3.9396810528321544,1.158199526191103,3094
Hitter,Raider Tello,sa3025453,808864,2026,A+,A+,4,2,A | A+,150.0,25.0,True,True,0.002003853181959297,0.007824318172813139,2.0005264543300867,3799,5.676657584014532,2202,3.8385920191723093,2.0005264543300867,3095
Hitter,Heriberto Rincon,sa3021238,808298,2026,Complex,Complex,2,2,International Rookie | Complex,132.0,20.0,True,True,0.0005241519697563161,0.006710408706947712,6.71491757137113,2487,0.9394572025052192,1916,3.8271873869381743,0.9394572025052192,3096
Hitter,Luis Mendez,sa3015650,692591,2026,A,A,3,3,International Rookie | Complex | A,261.0,23.0,True,True,0.002174099511773893,0.01078238133378634,4.537565088023803,4033,3.050713153724247,2524,3.794139120874025,3.050713153724247,3097
Hitter,Alex Birge,sa3069174,801130,2026,A,A,3,1,A,176.0,23.0,True,True,0.002166488795582067,0.010800680612700031,4.537565088023803,4033,3.050713153724247,2524,3.794139120874025,3.050713153724247,3097
Hitter,Maximus Martin,sa3037194,703611,2026,A+,A+,4,2,A | A+,124.0,22.0,True,True,0.0017757300452163713,0.010912969260745246,2.974466964990787,3799,4.586739327883742,2202,3.7806031464372643,2.974466964990787,3099
Hitter,Kamren James,sa3020201,687553,2026,AA,AA,5,3,A | A+ | AA,200.0,26.0,True,True,0.005003089581982505,0.02838475651698925,3.8853503184713376,3140,3.663003663003663,1638,3.7741769907375002,3.663003663003663,3100
Hitter,Manuel German,sa3018623,802091,2026,Complex,Complex,2,2,International Rookie | Complex,146.0,21.0,True,True,0.00022312988125621614,0.00754171220878541,7.519099316445517,2487,0.0,1916,3.7595496582227583,0.0,3101
Hitter,Osniel Castillo,sa3069018,836311,2026,Complex,Complex,2,2,International Rookie | Complex,82.0,20.0,True,False,0.00023845191169219178,0.007481968165468162,7.478890229191797,2487,0.0,1916,3.7394451145958985,0.0,3102
Hitter,J.T. Arruda,sa3010036,686793,2026,AAA,AA,6,4,A | A+ | AA | AAA,199.0,27.0,True,True,0.010981779896913927,0.0880830985619071,5.341783612494341,2209,1.941747572815534,927,3.6417655926549375,1.941747572815534,3103
Hitter,Elijah Dunham,sa3014827,685313,2026,AAA,AA,6,4,A | A+ | AA | AAA,303.0,25.0,True,True,0.017466245049313572,0.01972801844090205,1.5391579900407424,2209,5.717367853290184,927,3.628262921665463,1.5391579900407424,3104
Hitter,Santiago Contreras,sa3021272,808493,2026,Complex,Complex,2,2,International Rookie | Complex,134.0,20.0,True,True,0.00017835874043061468,0.0071686839443833575,7.237635705669481,2487,0.0,1916,3.6188178528347406,0.0,3105
Hitter,Omar Urbina,sa3021204,808226,2026,Complex,Complex,2,2,International Rookie | Complex,115.0,20.0,True,True,0.0003454312027000093,0.0070439727076259985,7.117008443908324,2487,0.10438413361169102,1916,3.6106962887600074,0.10438413361169102,3106
Hitter,Raider Tello,sa3025453,808864,2026,AA,AA,5,3,A | A+ | AA,154.0,25.0,True,True,0.004497289105271656,0.028430529696195743,3.8853503184713376,3140,3.1746031746031744,1638,3.529976746537256,3.1746031746031744,3107
Hitter,Natanael Yuten,sa3018486,800256,2026,A+,A+,4,4,International Rookie | Complex | A | A+,107.0,21.0,True,True,0.001366833982560851,0.012690327132922835,3.5535667280863383,3799,3.4514078110808355,2202,3.502487269583587,3.4514078110808355,3108
Hitter,Dariel Garcia,sa3024480,821761,2026,Complex,Complex,2,2,International Rookie | Complex,122.0,19.0,True,True,0.00017360427466440282,0.006922278700928708,6.996381182147165,2487,0.0,1916,3.4981905910735827,0.0,3109
Hitter,Tyler Miller,sa3017109,682011,2026,AA,A+,5,4,Complex | A | A+ | AA,311.0,25.0,True,True,0.0027396226951319387,0.03674986145336415,5.764331210191083,3140,1.15995115995116,1638,3.4621411850711215,1.15995115995116,3110
Hitter,Alberto Rodriguez,sa3005603,679754,2026,AA,AA,5,5,International Rookie | Complex | A | A+ | AA,185.0,25.0,True,True,0.004823836395104161,0.023185569740240632,3.1528662420382165,3140,3.5409035409035408,1638,3.3468848914708786,3.1528662420382165,3111
Hitter,Julio Carreras,sa3005598,679734,2026,AAA,AA,6,5,International Rookie | A | A+ | AA | AAA,173.0,25.0,True,True,0.00442219239139657,0.11947592180168244,6.564056133997284,2209,0.10787486515641856,927,3.3359654995768513,0.10787486515641856,3112
Hitter,Pablo Aliendo,sa3006220,680846,2026,AA,AA,5,4,International Rookie | A | A+ | AA,146.0,25.0,True,True,0.005633373903947441,0.018551858958078198,2.1019108280254777,3140,4.456654456654457,1638,3.2792826423399672,2.1019108280254777,3113
Hitter,Cal Stark,sa3025560,808744,2026,A+,A,4,2,A | A+,144.0,22.0,True,True,0.001246879200986544,0.011641427612087685,3.2376941300342197,3799,3.224341507720254,2202,3.2310178188772367,3.224341507720254,3114
Hitter,Ruben Ibarra,sa3017053,702140,2026,AA,AA,5,3,A | A+ | AA,454.0,27.0,True,True,0.005845307898520012,0.017332371007972417,1.8152866242038217,3140,4.517704517704518,1638,3.1664955709541696,1.8152866242038217,3115
Hitter,Cade Hunter,sa3020199,687192,2026,AA,AA,5,3,A | A+ | AA,309.0,25.0,True,True,0.0049860831580803185,0.020804447311258585,2.643312101910828,3140,3.663003663003663,1638,3.1531578824572453,2.643312101910828,3116
Hitter,Lewis German,sa3067866,830482,2026,Complex,Complex,2,2,International Rookie | Complex,135.0,18.0,True,True,0.00021518436734673988,0.006439776092712293,6.232408524326498,2487,0.0,1916,3.116204262163249,0.0,3117
Hitter,Ty Hodge,sa3076028,695606,2026,A,A,3,1,A,123.0,23.0,True,True,0.0023417509972233387,0.007152484588553338,2.7027027027027026,4033,3.526148969889065,2524,3.114425836295884,2.7027027027027026,3118
Hitter,Jimmy Obertop,sa3067392,687616,2026,AA,AA,5,3,A | A+ | AA,163.0,26.0,True,True,0.004820051561734347,0.021090596773067453,2.6751592356687897,3140,3.5409035409035408,1638,3.1080313882861654,2.6751592356687897,3119
Hitter,Max Burt,sa3007631,661733,2026,AAA,AAA,6,3,A | AA | AAA,229.0,29.0,True,True,0.017481543133155503,0.0075458659600412935,0.49796287913082843,2209,5.717367853290184,927,3.1076653662105063,0.49796287913082843,3120
Hitter,Dylan King,sa3035396,695732,2026,A,A,3,1,A,188.0,23.0,True,True,0.0025056394619774876,0.0065980329020458575,2.429952888668485,4033,3.763866877971474,2524,3.0969098833199795,2.429952888668485,3121
Hitter,Drew Bowser,sa3022594,690958,2026,AA,AA,5,3,A | A+ | AA,100.0,24.0,True,True,0.0016225011489679724,0.03566040389270725,5.6687898089171975,3140,0.42735042735042733,1638,3.0480701181338126,0.42735042735042733,3122
Hitter,Junior Tilien,sa3015187,691708,2026,A+,A+,4,3,Complex | A | A+,192.0,23.0,True,True,0.0016203129124113024,0.008075703752918476,2.0531718873387734,3799,4.041780199818347,2202,3.04747604357856,2.0531718873387734,3123
Hitter,Matt Coutney,sa3020413,671925,2026,AA,A+,5,3,A | A+ | AA,100.0,25.0,True,True,0.005206605036536309,0.018700725558149982,2.1337579617834397,3140,3.907203907203907,1638,3.0204809344936736,2.1337579617834397,3124
Hitter,Yilber Herrera,sa3018425,703191,2026,Complex,Complex,2,2,International Rookie | Complex,135.0,21.0,True,True,3.789934973113224e-05,0.006283987114769862,6.031363088057901,2487,0.0,1916,3.0156815440289506,0.0,3125
Hitter,Grant Magill,sa3067319,686944,2026,A+,A+,4,2,A | A+,131.0,25.0,True,True,0.0016053933231864354,0.007852228448175019,2.0005264543300867,3799,3.9963669391462306,2202,2.9984466967381587,2.0005264543300867,3126
Hitter,Daniel Rojas,sa3021613,808263,2026,Complex,Complex,2,2,International Rookie | Complex,102.0,20.0,True,True,0.0005440008661148461,0.005704600587641086,4.945717732207479,2487,1.0438413361169103,1916,2.994779534162195,1.0438413361169103,3127
Hitter,Connor Dykstra,sa3067036,683270,2026,A,A,3,1,A,251.0,25.0,True,True,0.002283477619963802,0.00672510170325128,2.504339201586908,4033,3.446909667194929,2524,2.9756244343909186,2.504339201586908,3128
Hitter,Daiber De Los Santos,sa3023885,815893,2026,Complex,Complex,2,2,International Rookie | Complex,160.0,19.0,True,True,0.0002279490560715477,0.0060934000004555745,5.830317651789304,2487,0.0,1916,2.915158825894652,0.0,3129
Hitter,Jose Urbina,sa3021192,808142,2026,Complex,Complex,2,2,International Rookie | Complex,93.0,20.0,True,False,0.000166828705287337,0.006084845594090575,5.830317651789304,2487,0.0,1916,2.915158825894652,0.0,3129
Hitter,Brendan Durfee,sa3025268,826545,2026,AA,AA,5,3,A | A+ | AA,126.0,24.0,True,True,0.004177961662711941,0.022787681513706196,3.0573248407643314,3140,2.686202686202686,1638,2.871763763483509,2.686202686202686,3131
Hitter,Mike Jarvis,sa3017401,690448,2026,AAA,AAA,6,4,A | A+ | AA | AAA,93.0,28.0,True,False,0.009308311060341141,0.06149759556013497,4.119511090991399,2209,1.6181229773462784,927,2.8688170341688384,1.6181229773462784,3132
Hitter,Bennett Hostetler,sa3017120,702315,2026,AAA,AAA,6,4,A | A+ | AA | AAA,67.0,28.0,True,False,0.008119587347399673,0.0713373771456378,4.526935264825713,2209,1.186623516720604,927,2.8567793907731587,1.186623516720604,3133
Hitter,Patrick Winkel,sa3017556,680868,2026,AAA,AA,6,4,A | A+ | AA | AAA,180.0,25.0,True,True,0.010741724264650176,0.0517652551838784,3.7573562698053418,2209,1.8338727076591155,927,2.7956144887322285,1.8338727076591155,3134
Hitter,Adam Retzbach,sa3019946,806273,2026,AA,AA,5,2,A+ | AA,255.0,25.0,True,True,0.005723952254201759,0.011398608841169696,1.0509554140127388,3140,4.517704517704518,1638,2.7843299658586282,1.0509554140127388,3135
Hitter,Derek Berg,sa3025263,815074,2026,AAA,AAA,6,4,A | A+ | AA | AAA,120.0,24.0,True,True,0.012435798617943656,0.03634097913916804,2.806699864191942,2209,2.696871628910464,927,2.751785746551203,2.696871628910464,3136
Hitter,Alfredo Rodriguez,sa3021207,808233,2026,Complex,Complex,2,2,International Rookie | Complex,113.0,20.0,True,True,8.779657275437097e-05,0.0059476670396874185,5.3880176919983915,2487,0.0,1916,2.6940088459991958,0.0,3137
Hitter,Vincent Perozo,sa3015188,691710,2026,AA,AA,5,4,Complex | A | A+ | AA,229.0,23.0,True,True,0.00392039769716176,0.021922948107300843,2.8980891719745223,3140,2.442002442002442,1638,2.6700458069884823,2.442002442002442,3138
Hitter,Tevin Tucker,sa3022558,686683,2026,A+,A+,4,3,Complex | A | A+,241.0,26.0,True,True,0.0011860471601779137,0.0083697272006741,2.1847854698604894,3799,3.0881017257039054,2202,2.6364435977821974,2.1847854698604894,3139
Hitter,Estivenzon Montero,sa3023916,821028,2026,Complex,Complex,2,2,International Rookie | Complex,144.0,19.0,True,True,0.0005641345603109045,0.004818825441631446,4.0209087253719344,2487,1.2004175365344467,1916,2.6106631309531907,1.2004175365344467,3140
Hitter,Jose Torres,sa3017396,686958,2026,AAA,AA,6,4,A | A+ | AA | AAA,127.0,25.0,True,True,0.0055748820111747146,0.07923724623008868,4.753282028066999,2209,0.43149946062567424,927,2.5923907443463365,0.43149946062567424,3141
Hitter,Gabriel Rodriguez,sa3067720,829712,2026,Complex,Complex,2,2,International Rookie | Complex,164.0,18.0,True,True,0.00029458384927541693,0.005764668174865067,5.066344993968637,2487,0.10438413361169102,1916,2.585364563790164,0.10438413361169102,3142
Hitter,Mac McCroskey,sa3022444,815151,2026,AA,AA,5,2,A+ | AA,325.0,26.0,True,True,0.005279920107638417,0.01175499616273781,1.0509554140127388,3140,4.09035409035409,1638,2.5706547521834144,1.0509554140127388,3143
Hitter,Austin Hendrick,sa3014521,690988,2026,AAA,AAA,6,4,A | A+ | AA | AAA,214.0,25.0,True,True,0.006694019134906132,0.06395524860194415,4.164780443639656,2209,0.970873786407767,927,2.5678271150237117,0.970873786407767,3144
Hitter,Anthuan Valencia,sa3018422,703188,2026,A,A,3,3,International Rookie | Complex | A,137.0,21.0,True,True,0.0015579295441684093,0.008525716627399343,3.4217703942474587,4033,1.6640253565768621,2524,2.5428978754121605,1.6640253565768621,3145
Hitter,Riley Unroe,sa737614,624523,2026,AAA,AAA,6,5,Complex | A | A+ | AA | AAA,315.0,30.0,True,True,0.011777223221484286,0.03678249163792921,2.897238569488456,2209,2.157497303128371,927,2.527367936308414,2.157497303128371,3146
Hitter,Jose M. Mendoza,sa3067804,829959,2026,Complex,Complex,2,2,International Rookie | Complex,151.0,18.0,True,True,0.0002899055061093721,0.0057132502356981325,4.945717732207479,2487,0.10438413361169102,1916,2.525050932909585,0.10438413361169102,3147
Hitter,Raymond Mola,sa3023109,806986,2026,Complex,Complex,2,2,International Rookie | Complex,68.0,20.0,True,False,0.00018748861138803824,0.00574588310669111,5.026135906714917,2487,0.0,1916,2.5130679533574587,0.0,3148
Hitter,Reginald Preciado,sa3014702,691262,2026,A+,A+,4,3,Complex | A | A+,112.0,23.0,True,True,0.0010295303601913642,0.010461699015180683,2.842853382469071,3799,2.1798365122615806,2202,2.511344947365326,2.1798365122615806,3149
Hitter,Nick Monistere,sa3038233,823809,2026,A+,A+,4,2,A | A+,107.0,22.0,True,True,0.0012372875823251596,0.007193528286994342,1.7899447222953409,3799,3.224341507720254,2202,2.5071431150077976,1.7899447222953409,3150
Hitter,Riley Tirotta,sa3017078,694661,2026,AAA,AAA,6,4,A | A+ | AA | AAA,198.0,27.0,True,True,0.014323419770121727,0.013633299694287136,0.9959257582616569,2209,3.9913700107874863,927,2.4936478845245715,0.9959257582616569,3151
Hitter,Camilo Diaz,sa3021074,806969,2026,A,A,3,3,International Rookie | Complex | A,206.0,20.0,True,True,0.0015731562253931608,0.007955533698022172,3.1490205802132407,4033,1.7432646592709984,2524,2.4461426197421194,1.7432646592709984,3152
Hitter,Caleb Farmer,sa3020354,805957,2026,A+,A+,4,2,A | A+,169.0,26.0,True,True,0.0015364860453992895,0.003919682226831013,0.8686496446433272,3799,3.9963669391462306,2202,2.432508291894779,0.8686496446433272,3153
Hitter,Yaikel Mijares,sa3021181,808119,2026,A,A,3,3,International Rookie | Complex | A,193.0,20.0,True,True,0.001562920732218283,0.007792245681194649,3.099429704934292,4033,1.6640253565768621,2524,2.381727530755577,1.6640253565768621,3154
Hitter,Brady Cerkownyk,sa3022929,814499,2026,Complex,Complex,2,1,Complex,82.0,23.0,True,False,0.0006572807784852238,0.004157337979181603,3.1363088057901085,2487,1.6179540709812108,1916,2.3771314383856597,1.6179540709812108,3155
Hitter,Brady Marget,sa3025513,803067,2026,Complex,Complex,2,1,Complex,66.0,23.0,True,False,0.0006572807784852238,0.004157337979181603,3.1363088057901085,2487,1.6179540709812108,1916,2.3771314383856597,1.6179540709812108,3155
Hitter,Scott Mudler,sa3077723,808564,2026,Complex,Complex,2,1,Complex,54.0,23.0,True,False,0.0006572807784852238,0.004157337979181603,3.1363088057901085,2487,1.6179540709812108,1916,2.3771314383856597,1.6179540709812108,3155
Hitter,Brock Vradenburg,sa3022537,802544,2026,A+,A+,4,2,A | A+,163.0,24.0,True,True,0.0013838779327967642,0.005324840636532568,1.2108449591997894,3799,3.4968210717529518,2202,2.3538330154763707,1.2108449591997894,3158
Hitter,Luis Verdugo,sa3006888,677605,2026,AAA,AA,6,5,Complex | A | A+ | AA | AAA,109.0,24.0,True,True,0.01158151470320809,0.029004154101235205,2.444545043005885,2209,2.157497303128371,927,2.301021173067128,2.157497303128371,3159
Hitter,Frainyer Chavez,sa3007019,669413,2026,AAA,AA,6,5,Complex | A | A+ | AA | AAA,137.0,25.0,True,True,0.00334350621146915,0.07096755753088396,4.526935264825713,2209,0.0,927,2.2634676324128566,0.0,3160
Hitter,Yannic Walther,sa3021064,806921,2026,A+,A+,4,4,International Rookie | Complex | A | A+,121.0,22.0,True,True,0.001482397908169626,0.003496491873176724,0.7896814951302974,3799,3.723887375113533,2202,2.256784435121915,0.7896814951302974,3161
Hitter,Bryan Martinez,sa3021600,808115,2026,Complex,Complex,2,2,International Rookie | Complex,134.0,20.0,True,True,0.00023235492186598667,0.00531879264667892,4.503417772416566,2487,0.0,1916,2.251708886208283,0.0,3162
Hitter,Yerlin Luis,sa3021094,806997,2026,A,A,3,3,International Rookie | Complex | A,217.0,20.0,True,True,0.0017548906459587076,0.00654244809044614,2.3803620133895365,4033,2.0998415213946116,2524,2.240101767392074,2.0998415213946116,3163
Hitter,Jhojan Downer,sa3024363,821755,2026,Complex,Complex,2,2,International Rookie | Complex,132.0,19.0,True,True,0.00013430474277044248,0.005272363961363949,4.463208685162847,2487,0.0,1916,2.2316043425814236,0.0,3164
Hitter,Emilio Sanchez,sa3024110,815916,2026,Complex,Complex,2,2,International Rookie | Complex,112.0,19.0,True,True,0.00016820217916133215,0.0052662528752156585,4.463208685162847,2487,0.0,1916,2.2316043425814236,0.0,3164
Hitter,Anthony Vilar,sa3017660,681036,2026,AAA,AAA,6,4,A | A+ | AA | AAA,190.0,27.0,True,True,0.007057121585872281,0.04607332246294822,3.485740153915799,2209,0.970873786407767,927,2.228306970161783,0.970873786407767,3166
Hitter,Carter Young,sa3020534,677356,2026,AA,AA,5,3,A | A+ | AA,228.0,25.0,True,True,0.004217089497963844,0.016143630815905363,1.624203821656051,3140,2.808302808302808,1638,2.2162533149794297,1.624203821656051,3167
Hitter,Jhosmmel Zue,sa3021049,702435,2026,A,A,3,3,International Rookie | Complex | A,282.0,22.0,True,True,0.0017058586141263465,0.006344257590895594,2.330771138110588,4033,2.0206022187004753,2524,2.1756866784055315,2.0206022187004753,3168
Hitter,Tommy Sacco Jr.,sa3020125,690474,2026,AAA,AAA,6,4,A | A+ | AA | AAA,175.0,27.0,True,True,0.0107173623224372,0.02767778130166109,2.444545043005885,2209,1.8338727076591155,927,2.1392088753325003,1.8338727076591155,3169
Hitter,Aaron Graeber,sa3076333,806016,2026,A+,A+,4,1,A+,151.0,23.0,True,True,0.0012700849733197303,0.00448457688178677,1.0002632271650433,3799,3.224341507720254,2202,2.112302367442649,1.0002632271650433,3170
Hitter,Mike Antico,sa3016922,690443,2026,AAA,AA,6,4,A | A+ | AA | AAA,381.0,27.0,True,True,0.00948232337371584,0.0288197735932944,2.444545043005885,2209,1.725997842502697,927,2.0852714427542907,1.725997842502697,3171
Hitter,Ben Newton,sa3067265,809091,2026,A+,A,4,3,Complex | A | A+,129.0,23.0,True,True,0.0009807307793493823,0.008308238038113303,2.1847854698604894,3799,1.952770208900999,2202,2.0687778393807443,1.952770208900999,3172
Hitter,Diego Guzman,sa3015365,699321,2026,A+,A+,4,3,Complex | A | A+,102.0,22.0,True,True,0.00046233193297179017,0.01203784412632207,3.3166622795472493,3799,0.8174386920980926,2202,2.067050485822671,0.8174386920980926,3173
Hitter,Drew Bowser,sa3022594,690958,2026,A+,A+,4,2,A | A+,218.0,24.0,True,True,0.0010471466801762251,0.00774296830070517,1.9478810213214004,3799,2.1798365122615806,2202,2.0638587667914905,1.9478810213214004,3174
Hitter,Daniel Mielcarek,sa3021147,808028,2026,Complex,Complex,2,2,International Rookie | Complex,152.0,20.0,True,True,0.0007360611073182069,0.0034776177602067254,2.372336147969441,2487,1.7223382045929019,1916,2.0473371762811716,1.7223382045929019,3175
Hitter,Parker Coddou,sa3077706,828620,2026,Complex,Complex,2,1,Complex,55.0,24.0,True,False,0.0006219694617570149,0.003912052609487359,2.6940088459991958,2487,1.3569937369519833,1916,2.0255012914755897,1.3569937369519833,3176
Hitter,Patrick Lee,sa3023666,815268,2026,A+,A+,4,2,A | A+,90.0,26.0,True,False,0.0012413746906162787,0.0033614958887896204,0.7633587786259542,3799,3.224341507720254,2202,1.9938501431731042,0.7633587786259542,3177
Hitter,Dustin Crenshaw,sa3025119,695289,2026,A,A,3,2,Complex | A,309.0,24.0,True,True,0.0013860009073849678,0.007178381474234105,2.727498140342177,4033,1.1885895404120443,2524,1.9580438403771108,1.1885895404120443,3178
Hitter,Cortland Lawson,sa3020202,687751,2026,AA,AA,5,3,A | A+ | AA,360.0,26.0,True,True,0.0043676469653982945,0.009652324161349167,0.8598726114649682,3140,2.9914529914529915,1638,1.9256628014589798,0.8598726114649682,3179
Hitter,Santiago Pinto,sa3021265,808392,2026,Complex,Complex,2,2,International Rookie | Complex,131.0,20.0,True,True,6.198019212693798e-05,0.004659308455184218,3.7394451145958985,2487,0.0,1916,1.8697225572979492,0.0,3180
Hitter,Bracewell Taveras,sa3021193,808145,2026,Complex,Complex,2,2,International Rookie | Complex,151.0,20.0,True,True,0.0006340274912084363,0.003364473349630953,2.251708886208283,2487,1.4613778705636744,1916,1.8565433783859788,1.4613778705636744,3181
Hitter,Juan Alvarez,sa3023900,816085,2026,Complex,Complex,2,2,International Rookie | Complex,183.0,20.0,True,True,0.00022423522938093518,0.0046167614871284865,3.699236027342179,2487,0.0,1916,1.8496180136710896,0.0,3182
Hitter,Marcelo Alcala,sa3021304,808708,2026,A,A,3,3,International Rookie | Complex | A,146.0,20.0,True,True,0.0014335558259543867,0.006372806292574787,2.330771138110588,4033,1.3074484944532487,2524,1.8191098162819181,1.3074484944532487,3183
Hitter,Cameron Barstad,sa3011350,677319,2026,AA,AA,5,3,A | A+ | AA,138.0,25.0,True,True,0.003819162946259427,0.0129138082858536,1.2420382165605095,3140,2.380952380952381,1638,1.8114952987564452,1.2420382165605095,3184
Hitter,Ronny Ugarte,sa3018460,800164,2026,Complex,Complex,2,2,International Rookie | Complex,244.0,21.0,True,True,0.00019672918535058962,0.004609656316183025,3.6188178528347406,2487,0.0,1916,1.8094089264173703,0.0,3185
Hitter,Cooper Johnson,sa3010584,666194,2026,AAA,AAA,6,4,A | A+ | AA | AAA,338.0,28.0,True,True,0.006436817333906297,0.03728255010421077,2.897238569488456,2209,0.6472491909385113,927,1.7722438802134837,0.6472491909385113,3186
Hitter,Roiner Quintana,sa3019510,805452,2026,Complex,Complex,2,2,International Rookie | Complex,134.0,21.0,True,True,0.00011134753867119271,0.004523252369726161,3.538399678327302,2487,0.0,1916,1.769199839163651,0.0,3187
Hitter,David Garcia,sa3003197,671272,2026,AA,AA,5,5,International Rookie | Complex | A | A+ | AA,58.0,26.0,True,False,0.000984313400627893,0.025275500349366813,3.4713375796178343,3140,0.06105006105006105,1638,1.7661938203339476,0.06105006105006105,3188
Hitter,Manuel Dos Passos,sa3024344,821604,2026,Complex,Complex,2,2,International Rookie | Complex,157.0,19.0,True,True,0.0005830698941626714,0.0033722987726705444,2.251708886208283,2487,1.2004175365344467,1916,1.7260632113713648,1.2004175365344467,3189
Hitter,David Beckles,sa3018441,703924,2026,A,A,3,3,International Rookie | Complex | A,100.0,22.0,True,True,0.001959031594087085,0.003424811698442688,0.8430448797421275,4033,2.456418383518225,2524,1.6497316316301762,0.8430448797421275,3190
Hitter,Chase Call,sa3028273,813842,2026,AA,AA,5,3,A | A+ | AA,147.0,24.0,True,True,0.003498629711309604,0.013928164222942815,1.305732484076433,3140,1.9536019536019535,1638,1.6296672188391934,1.305732484076433,3191
Hitter,Taylor Darden,sa3077692,831590,2026,A,A,3,1,A,50.0,26.0,True,False,0.001876925892034401,0.0034897197319487643,0.8678403173816018,4033,2.3771790808240887,2524,1.6225096991028454,0.8678403173816018,3192
Hitter,Zane Zielinski,sa3045857,823185,2026,AA,AA,5,2,A+ | AA,146.0,24.0,True,True,0.002970466624359486,0.017477504469866057,1.8152866242038217,3140,1.404151404151404,1638,1.609719014177613,1.404151404151404,3193
Hitter,Jorel Ortega,sa3020090,687567,2026,AA,AA,5,3,A | A+ | AA,176.0,25.0,True,True,0.004063823050064268,0.005882498023625613,0.445859872611465,3140,2.625152625152625,1638,1.535506248882045,0.445859872611465,3194
Hitter,Juan Espinal,sa3024315,821042,2026,Complex,Complex,2,2,International Rookie | Complex,117.0,19.0,True,True,0.0005849722919073508,0.0030510178952396125,1.8094089264173703,2487,1.2004175365344467,1916,1.5049132314759084,1.2004175365344467,3195
Hitter,Yorman Licourt,sa3023990,827326,2026,A,A,3,3,International Rookie | Complex | A,194.0,22.0,True,True,0.001735656311467765,0.0036379403455451833,0.9670220679394992,4033,2.0206022187004753,2524,1.4938121433199871,0.9670220679394992,3196
Hitter,Mike Antico,sa3016922,690443,2026,AAA,AAA,6,4,A | A+ | AA | AAA,74.0,28.0,True,False,0.007780210605001103,0.022465204130185795,1.810774105930285,2209,1.0787486515641855,927,1.4447613787472353,1.0787486515641855,3197
Hitter,Ed Howard,sa3014540,690992,2026,AA,AA,5,3,A | A+ | AA,116.0,24.0,True,True,0.0027720417123327113,0.016654415438342653,1.7197452229299364,3140,1.15995115995116,1638,1.4398481914405483,1.15995115995116,3198
Hitter,Jordan Dissin,sa3020100,805301,2026,AA,AA,5,3,A | A+ | AA,125.0,24.0,True,True,0.003158954880327536,0.014014943256955625,1.305732484076433,3140,1.5262515262515262,1638,1.4159920051639796,1.305732484076433,3199
Hitter,Nathan Archer,sa3025314,814453,2026,A,A,3,1,A,199.0,23.0,True,True,0.001712181608034956,0.0032000235748167135,0.7686585668237045,4033,2.0206022187004753,2524,1.3946303927620898,0.7686585668237045,3200
Hitter,Austin Machado,sa3025442,827629,2026,A,A,3,1,A,73.0,25.0,True,False,0.001743921183442778,0.0031352801261833813,0.7190676915447558,4033,2.0602218700475436,2524,1.3896447807961496,0.7190676915447558,3201
Hitter,Caleb Ricketts,sa3019917,681080,2026,AAA,AAA,6,4,A | A+ | AA | AAA,175.0,26.0,True,True,0.005044634535372101,0.031076724634680804,2.5350837483023994,2209,0.10787486515641856,927,1.321479306729409,0.10787486515641856,3202
Hitter,Frederik Jimenez,sa3021288,808631,2026,A,A,3,3,International Rookie | Complex | A,141.0,21.0,True,True,0.0014044686340188319,0.004681558859361928,1.388544507810563,4033,1.1885895404120443,2524,1.2885670241113036,1.1885895404120443,3203
Hitter,Marcelo Alcala,sa3021304,808708,2026,Complex,Complex,2,2,International Rookie | Complex,126.0,20.0,True,True,0.00010442945991312072,0.0036255284720840717,2.573381584238038,2487,0.0,1916,1.286690792119019,0.0,3204
Hitter,Agustin Acosta,sa3018627,802528,2026,Complex,Complex,2,2,International Rookie | Complex,74.0,21.0,True,False,0.00013060618889851523,0.0037008323028783017,2.573381584238038,2487,0.0,1916,1.286690792119019,0.0,3204
Hitter,Jake Snider,sa3011559,686744,2026,AA,AA,5,3,A | A+ | AA,61.0,28.0,True,False,0.003375853537947126,0.007747360118565475,0.7006369426751592,3140,1.8315018315018314,1638,1.2660693870884954,0.7006369426751592,3206
Hitter,Nate Rombach,sa3023620,683176,2026,A+,A+,4,3,Complex | A | A+,116.0,25.0,True,True,0.0008051014687302914,0.003949620788001998,0.9212950776520137,3799,1.5440508628519527,2202,1.2326729702519832,0.9212950776520137,3207
Hitter,Bryant Mendez,sa3016148,698915,2026,Complex,Complex,2,2,International Rookie | Complex,54.0,22.0,True,False,0.0001904025542563384,0.00351080477865485,2.45275432247688,2487,0.0,1916,1.22637716123844,0.0,3208
Hitter,Jonathan Vastine,sa3044390,695570,2026,A+,A+,4,1,A+,111.0,23.0,True,True,0.000756442982356057,0.004313856261133058,0.9476177941563569,3799,1.4986376021798364,2202,1.2231276981680967,0.9476177941563569,3209
Hitter,Ramon Landaeta,sa3021131,807983,2026,Complex,Complex,2,2,International Rookie | Complex,113.0,20.0,True,True,0.00016680420624587742,0.0034967761352926955,2.4125452352231602,2487,0.0,1916,1.2062726176115801,0.0,3210
Hitter,Julian Brock,sa3023424,683149,2026,AA,AA,5,3,A | A+ | AA,204.0,25.0,True,True,0.0027349752268986333,0.012835469430400974,1.2420382165605095,3140,1.15995115995116,1638,1.2009946882558347,1.15995115995116,3211
Hitter,Johnathon Thomas,sa3020349,684976,2026,AA,AA,5,3,A | A+ | AA,290.0,26.0,True,True,0.002547296040208397,0.014657783645865603,1.3694267515923566,3140,0.9157509157509157,1638,1.142588833671636,0.9157509157509157,3212
Hitter,Archer Brookman,sa3020950,666386,2026,AA,AA,5,3,A | A+ | AA,291.0,27.0,True,True,0.00316183979742524,0.008210231977535232,0.732484076433121,3140,1.5262515262515262,1638,1.1293678013423236,0.732484076433121,3213
Hitter,Jordan Williams,sa3075706,689052,2026,A,A,3,1,A,308.0,26.0,True,True,0.0011601713873082122,0.004836135424355213,1.462930820728986,4033,0.7527733755942948,2524,1.1078520981616404,0.7527733755942948,3214
Hitter,Mason Neville,sa3038799,702563,2026,A,A,3,2,Complex | A,134.0,22.0,True,True,0.001255859841922257,0.004231895926032153,1.2149764443342426,4033,0.9904912836767037,2524,1.1027338640054731,0.9904912836767037,3215
Hitter,William Simoneit,sa3014885,686766,2026,AAA,AAA,6,3,A+ | AA | AAA,187.0,29.0,True,True,0.008817076304570076,0.01063113608592445,0.724309642372114,2209,1.4023732470334411,927,1.0633414447027776,0.724309642372114,3216
Hitter,P.J. Hilson,sa3007048,680713,2026,AA,AA,5,4,Complex | A | A+ | AA,144.0,25.0,True,True,0.0022910582817751613,0.015568865789884593,1.464968152866242,3140,0.6105006105006106,1638,1.0377343816834261,0.6105006105006106,3217
Hitter,Brandon Lewis,sa3010035,686781,2026,AA,A+,5,3,A | A+ | AA,269.0,25.0,True,True,0.0024189840260696155,0.012340165067984165,1.2101910828025477,3140,0.8547008547008547,1638,1.0324459687517011,0.8547008547008547,3218
Hitter,Bennett Lee,sa3022679,700939,2026,AA,AA,5,3,A | A+ | AA,180.0,24.0,True,True,0.002231058797554379,0.015495757464736944,1.4331210191082802,3140,0.6105006105006106,1638,1.0218108148044454,0.6105006105006106,3219
Hitter,Francisco Vilorio,sa3023893,815910,2026,Complex,Complex,2,2,International Rookie | Complex,117.0,19.0,True,True,9.994308752973211e-05,0.003250637295915024,2.0104543626859672,2487,0.0,1916,1.0052271813429836,0.0,3220
Hitter,Colin Burgess,sa3020535,689878,2026,A+,A+,4,2,A | A+,280.0,25.0,True,True,0.0006999609520111354,0.0022428303486499703,0.4474861805738352,3799,1.4532243415077202,2202,0.9503552610407777,0.4474861805738352,3221
Hitter,Jax Biggers,sa3008251,680890,2026,AAA,AAA,6,3,A | AA | AAA,162.0,29.0,True,True,0.009091653268196118,0.004081146303727794,0.1810774105930285,2209,1.6181229773462784,927,0.8996001939696534,0.1810774105930285,3222
Hitter,Yosweld Vasquez,sa3022361,811633,2026,A,A,3,3,International Rookie | Complex | A,168.0,21.0,True,True,0.0010604936922287576,0.0043331170041780165,1.2645673196131912,4033,0.5150554675118859,2524,0.8898113935625386,0.5150554675118859,3223
Hitter,Will Cresswell,sa3029556,701796,2026,A,A,3,1,A,128.0,22.0,True,True,0.001277457858400614,0.0032594354738645468,0.7686585668237045,4033,0.9904912836767037,2524,0.8795749252502041,0.7686585668237045,3224
Hitter,Kai Roberts,sa3025255,805956,2026,AA,AA,5,3,A | A+ | AA,324.0,25.0,True,True,0.001592176073726997,0.012748388376849211,1.2420382165605095,3140,0.42735042735042733,1638,0.8346943219554684,0.42735042735042733,3225
Hitter,Luke Ritter,sa3009878,682239,2026,AAA,AAA,6,3,A+ | AA | AAA,62.0,29.0,True,False,0.007493752905727271,0.007288877892058817,0.4526935264825713,2209,1.0787486515641855,927,0.7657210890233784,0.4526935264825713,3226
Hitter,Ethan Hearn,sa3011502,683001,2026,AA,AA,5,4,Complex | A | A+ | AA,112.0,25.0,True,True,0.0016811948479926605,0.010454758859746425,0.9872611464968153,3140,0.4884004884004884,1638,0.7378308174486519,0.4884004884004884,3227
Hitter,T.J. McCants,sa3025355,690996,2026,A+,A+,4,3,Complex | A | A+,121.0,25.0,True,True,0.000529135644783655,0.0025305038612692815,0.5001316135825217,3799,0.9082652134423251,2202,0.7041984135124234,0.5001316135825217,3228
Hitter,Luke Ritter,sa3009878,682239,2026,AAA,AA,6,3,A+ | AA | AAA,438.0,28.0,True,True,0.00832148671318376,0.0038980454590493477,0.1810774105930285,2209,1.186623516720604,927,0.6838504636568163,0.1810774105930285,3229
Hitter,Grant Magill,sa3067319,686944,2026,AA,AA,5,3,A | A+ | AA,156.0,25.0,True,True,0.001797352953144495,0.009579508702010832,0.8598726114649682,3140,0.4884004884004884,1638,0.6741365499327283,0.4884004884004884,3230
Hitter,Jacob Hinderleider,sa3067230,688871,2026,A+,A+,4,2,A | A+,279.0,25.0,True,True,0.00040979770930230563,0.0028005165884192875,0.5790997630955514,3799,0.7266121707538601,2202,0.6528559669247058,0.5790997630955514,3231
Hitter,Jancory De La Cruz,sa3021280,808519,2026,Complex,Complex,2,2,International Rookie | Complex,119.0,20.0,True,True,0.00025563128831562694,0.002327631624684679,1.2464817048652996,2487,0.0,1916,0.6232408524326498,0.0,3232
Hitter,Matt O'Neill,sa1170279,690841,2026,AAA,AAA,6,5,Complex | A | A+ | AA | AAA,150.0,28.0,True,True,0.0053674704477742205,0.012133184258379498,0.8148483476686283,2209,0.43149946062567424,927,0.6231739041471513,0.43149946062567424,3233
Hitter,Patrick Lee,sa3023666,815268,2026,AA,AA,5,3,A | A+ | AA,143.0,26.0,True,True,0.0017793666363379302,0.008023097977672443,0.732484076433121,3140,0.4884004884004884,1638,0.6104422824168046,0.4884004884004884,3234
Hitter,Jose Gonzalez,sa3022196,806919,2026,Complex,Complex,2,2,International Rookie | Complex,179.0,21.0,True,True,0.00018016103482212367,0.0022559351849564466,1.1660635303578608,2487,0.0,1916,0.5830317651789304,0.0,3235
Hitter,TT Bowens,sa3015107,688449,2026,AAA,AA,6,4,A | A+ | AA | AAA,296.0,27.0,True,True,0.006372986807198586,0.007382413646205124,0.4526935264825713,2209,0.6472491909385113,927,0.5499713587105413,0.4526935264825713,3236
Hitter,Cal Stark,sa3025560,808744,2026,A+,A+,4,2,A | A+,142.0,23.0,True,True,0.00038536064606578156,0.0019376439895068625,0.315872598052119,3799,0.7266121707538601,2202,0.5212423844029895,0.315872598052119,3237
Hitter,Andy Yerzy,sa917939,647378,2026,AAA,AAA,6,5,Complex | A | A+ | AA | AAA,120.0,27.0,True,True,0.005894347078989201,0.008146321542876313,0.5432322317790855,2209,0.43149946062567424,927,0.4873658462023799,0.43149946062567424,3238
Hitter,Eduarlin Tejeda,sa3021259,808355,2026,Complex,Complex,2,2,International Rookie | Complex,77.0,21.0,True,False,4.360212634975747e-05,0.002113105238458833,0.9248090068355448,2487,0.0,1916,0.4624045034177724,0.0,3239
Hitter,George Feliz,sa3015596,692031,2026,A,A,3,3,International Rookie | Complex | A,274.0,23.0,True,True,0.000956855564858548,0.0026237016866589584,0.4711133151500124,4033,0.39619651347068147,2524,0.433654914310347,0.39619651347068147,3240
Hitter,Jeison Lopez,sa3021136,808000,2026,Complex,Complex,2,2,International Rookie | Complex,116.0,20.0,True,True,6.490140111961413e-05,0.001992286105069114,0.8443908323281062,2487,0.0,1916,0.4221954161640531,0.0,3241
Hitter,Devin Ortiz,sa3020345,668776,2026,AA,AA,5,3,A | A+ | AA,221.0,27.0,True,True,0.0019394886760022046,0.003151388623493274,0.2229299363057325,3140,0.5494505494505495,1638,0.38619024287814097,0.2229299363057325,3242
Hitter,Ivan Sosa,sa3018588,800526,2026,A,A,3,3,International Rookie | Complex | A,162.0,21.0,True,True,0.0009976242851661454,0.0018512290479608883,0.3223406893131664,4033,0.4358161648177496,2524,0.379078427065458,0.3223406893131664,3243
Hitter,Randy Martinez,sa3024358,821690,2026,Complex,Complex,2,2,International Rookie | Complex,196.0,19.0,True,True,0.00010476749322815559,0.001716263781303854,0.6433453960595095,2487,0.0,1916,0.32167269802975473,0.0,3244
Hitter,Luis Frias,sa3018608,801263,2026,Complex,Complex,2,2,International Rookie | Complex,185.0,21.0,True,True,2.5036059238603086e-05,0.0015786859549619902,0.6031363088057901,2487,0.0,1916,0.30156815440289503,0.0,3245
Hitter,Ryan Picollo,sa3039893,827264,2026,A,A,3,1,A,232.0,24.0,True,True,0.0007997977319633604,0.00160152974733156,0.24795437639474338,4033,0.277337559429477,2524,0.2626459679121102,0.24795437639474338,3246
Hitter,Elih Marrero,sa3007822,663503,2026,AAA,AAA,6,4,Complex | A+ | AA | AAA,131.0,29.0,True,True,0.003033521806299311,0.007877746119353657,0.49796287913082843,2209,0.0,927,0.24898143956541421,0.0,3247
Hitter,Moises Alcala,sa3016628,691278,2026,Complex,Complex,2,2,International Rookie | Complex,60.0,23.0,True,False,0.00010392921015865045,0.0013457365511422943,0.4825090470446321,2487,0.0,1916,0.24125452352231605,0.0,3248
Hitter,Yannic Walther,sa3021064,806921,2026,A,A,3,3,International Rookie | Complex | A,125.0,22.0,True,True,0.000786817419195461,0.001471185373374484,0.22315893875526904,4033,0.23771790808240886,2524,0.23043842341883897,0.22315893875526904,3249
Hitter,Jack Rogers,sa3017017,679788,2026,AAA,AA,6,4,A | A+ | AA | AAA,187.0,26.0,True,True,0.0041896888297195374,0.0065471362637976385,0.4074241738343142,2209,0.0,927,0.2037120869171571,0.0,3250
Hitter,Juan Castillo,sa3015541,691435,2026,A+,A+,4,4,International Rookie | Complex | A | A+,191.0,23.0,True,True,0.0002210234926731053,0.0016453510455579632,0.26322716504343247,3799,0.1362397820163488,2202,0.19973347352989063,0.1362397820163488,3251
Hitter,Cruzmel Arias,sa3019527,805466,2026,Complex,Complex,2,2,International Rookie | Complex,60.0,22.0,True,False,1.9961804868583458e-05,0.0012115308060669562,0.32167269802975473,2487,0.0,1916,0.16083634901487737,0.0,3252
Hitter,Jason Matthews,sa3018152,667240,2026,AAA,AAA,6,3,A+ | AA | AAA,168.0,29.0,True,True,0.003947916717085061,0.005216021930363371,0.3168854685377999,2209,0.0,927,0.15844273426889996,0.0,3253
Hitter,Wyatt Hoffman,sa3018219,703715,2026,AA,AA,5,3,A | A+ | AA,117.0,27.0,True,True,0.0011116184607698294,0.0026226463351270656,0.1910828025477707,3140,0.1221001221001221,1638,0.1565914623239464,0.1221001221001221,3254
Hitter,Carlos Gonzalez,sa3018607,801262,2026,Complex,Complex,2,2,International Rookie | Complex,54.0,22.0,True,False,2.1395684642977484e-05,0.0010921690410746515,0.2814636107760354,2487,0.0,1916,0.1407318053880177,0.0,3255
Hitter,Carlos Concepcion,sa3021266,808393,2026,Complex,Complex,2,2,International Rookie | Complex,169.0,20.0,True,True,0.00012558691664160912,0.000989197012634342,0.24125452352231605,2487,0.0,1916,0.12062726176115803,0.0,3256
Hitter,Fabian Alcantara,sa3024309,820925,2026,Complex,Complex,2,2,International Rookie | Complex,115.0,20.0,True,True,0.00011589452414647394,0.0008301263606102488,0.24125452352231605,2487,0.0,1916,0.12062726176115803,0.0,3256
Hitter,Max Viera,sa3077697,801290,2026,Complex,Complex,2,1,Complex,69.0,25.0,True,False,0.0001676181814560218,0.0008193340743744018,0.24125452352231605,2487,0.0,1916,0.12062726176115803,0.0,3256
Hitter,Maddux Houghton,sa3020716,806368,2026,AA,AA,5,3,A | A+ | AA,195.0,27.0,True,True,0.0007895958544301851,0.0030605885685374887,0.2229299363057325,3140,0.0,1638,0.11146496815286625,0.0,3259
Hitter,Martin Gonzalez,sa3018434,703203,2026,Complex,Complex,2,2,International Rookie | Complex,141.0,21.0,True,True,3.0629738078148384e-05,0.000715967240400965,0.2010454362685967,2487,0.0,1916,0.10052271813429835,0.0,3260
Hitter,Jesus Valdez,sa3005492,678232,2026,AAA,AA,6,4,International Rookie | A+ | AA | AAA,139.0,27.0,True,True,0.002601325630965198,0.004106238449649603,0.1810774105930285,2209,0.0,927,0.09053870529651425,0.0,3261
Hitter,Luis Quesada,sa3021308,809683,2026,Complex,Complex,2,2,International Rookie | Complex,125.0,21.0,True,True,3.145922260666987e-05,0.00046586307527976155,0.12062726176115803,2487,0.0,1916,0.06031363088057901,0.0,3262
Hitter,Colton Vincent,sa3023089,694294,2026,A,Complex,3,2,Complex | A,150.0,25.0,True,True,0.0002873404962620115,0.0008824414926578268,0.09918175055789735,4033,0.0,2524,0.049590875278948676,0.0,3263
Hitter,Skyler Messinger,sa3019963,676038,2026,AA,AA,5,4,Complex | A | A+ | AA,107.0,27.0,True,True,0.0007030108537722287,0.0014432261704936825,0.09554140127388536,3140,0.0,1638,0.04777070063694268,0.0,3264
Hitter,Martin Tamara,sa3021257,808344,2026,Complex,Complex,2,2,International Rookie | Complex,86.0,22.0,True,False,1.259129699787071e-05,0.00022075006633247426,0.04020908725371934,2487,0.0,1916,0.02010454362685967,0.0,3265
Hitter,Nicholas Torres,sa828872,657051,2026,AAA,AA,6,4,A | A+ | AA | AAA,125.0,25.0,True,True,0.0020863717471407846,0.00010313564874417392,0.0,2209,0.0,927,0.0,0.0,3266
