PlayerId,Debut Year,MLB Debut Year
1,2009,2006.0
10,2008,2006.0
1001053,2006,
10021,2010,2010.0
1002257,2006,
1002429,2006,
10028,2008,2013.0
1003,2006,2007.0
10030,2010,2013.0
10039,2012,2015.0
1004,2008,
10047,2010,2013.0
10053,2009,2013.0
1005327,2006,
10054,2012,2011.0
10058,2013,2014.0
10059,2010,2013.0
10061,2011,2012.0
1006397,2007,
10065,2013,2013.0
10067,2008,2014.0
10071,2008,2013.0
1007717,2006,
1008248,2006,
1008467,2006,
1008752,2006,
1009709,2006,
10099,2010,2011.0
101,2006,2006.0
1010490,2009,
1011,2006,2006.0
1011453,2006,
1012,2012,2006.0
1012286,2006,
1013,2007,2006.0
1013093,2006,
1015,2007,2006.0
10154,2008,2013.0
10155,2009,2011.0
10160,2014,2015.0
10166,2009,2013.0
1017,2008,2006.0
1019,2006,2006.0
10190,2011,2012.0
10197,2011,2012.0
10199,2009,2013.0
10200,2009,2014.0
1021,2006,2006.0
10218,2013,
10231,2010,2011.0
10233,2010,2013.0
10234,2010,2013.0
1024,2006,
10240,2013,2015.0
10243,2009,2014.0
10257,2013,2010.0
10261,2006,2010.0
10264,2010,2011.0
10265,2015,
10286,2007,2018.0
10289,2007,2011.0
1029,2009,2007.0
10294,2008,2014.0
10299,2007,2012.0
10302,2012,2014.0
10304,2016,2014.0
10306,2008,2013.0
10310,2012,2013.0
10317,2008,2017.0
10322,2008,2014.0
10323,2008,2012.0
10324,2008,2013.0
10327,2009,2015.0
10329,2009,2013.0
1033,2006,2006.0
10336,2009,2015.0
10337,2014,2016.0
10339,2010,2013.0
10340,2009,2017.0
10346,2009,2013.0
10347,2009,2017.0
10348,2009,2014.0
10349,2010,2016.0
10354,2013,2013.0
1037,2006,
1038,2006,2006.0
10386,2013,2014.0
10390,2010,2015.0
1041,2006,2006.0
10416,2009,2013.0
1042,2007,2006.0
10430,2010,2016.0
10441,2009,2014.0
1045,2007,2007.0
10459,2010,2012.0
10466,2013,2013.0
1047,2006,
10472,2009,2014.0
10473,2010,2015.0
1050,2007,2015.0
10533,2011,2015.0
1054,2006,
10542,2011,2013.0
10547,2013,2013.0
10556,2009,2013.0
1056,2012,2006.0
1058,2006,2006.0
10585,2010,2015.0
10587,2014,2013.0
10593,2010,2013.0
1060,2007,
10606,2013,
10607,2011,2014.0
10619,2011,2017.0
1062,2008,2008.0
10620,2013,2014.0
10622,2011,2013.0
10636,2017,
10642,2008,2015.0
10655,2010,2012.0
1066,2012,2006.0
1067,2008,
1068,2006,
10681,2009,2015.0
10688,2012,2012.0
10698,2011,2012.0
107,2008,
1070,2008,2006.0
10700,2010,2015.0
10706,2017,2015.0
10710,2013,
10711,2009,2014.0
10732,2017,2012.0
1074,2006,
10745,2012,2013.0
10762,2011,2013.0
10767,2009,2014.0
10770,2014,2015.0
1079,2009,2006.0
10803,2009,
10807,2010,2015.0
10815,2011,2012.0
10816,2010,2013.0
10822,2010,2013.0
10835,2021,
10838,2011,2015.0
10839,2011,2019.0
1084,2006,
10847,2011,2012.0
1087,2008,
10882,2011,2016.0
10887,2014,
109,2006,2011.0
10925,2013,2014.0
10937,2011,2015.0
10946,2013,2015.0
1095,2007,2006.0
10950,2011,2014.0
10951,2011,2014.0
10953,2010,2013.0
10954,2013,2014.0
1096,2006,2007.0
10961,2010,2016.0
10962,2012,2014.0
10968,2014,2016.0
1099,2006,2006.0
11,2006,2006.0
11003,2011,2013.0
11038,2011,2014.0
1106,2009,2006.0
11071,2016,
1112,2011,2006.0
11133,2012,2013.0
11137,2012,2014.0
11145,2010,2014.0
11146,2011,2013.0
11147,2011,2013.0
1115,2007,
11155,2010,2020.0
11157,2012,2014.0
11165,2009,2015.0
11166,2011,
11167,2011,2012.0
11173,2009,2014.0
11176,2012,2014.0
1118,2008,2008.0
11192,2011,2016.0
1120,2007,2006.0
11200,2011,2012.0
11204,2016,2016.0
11205,2011,2012.0
11209,2013,2015.0
11241,2011,2016.0
11247,2011,2016.0
11250,2013,
11251,2011,2014.0
11255,2010,2014.0
1126,2006,2007.0
11261,2018,
11265,2009,2013.0
11266,2016,2017.0
11270,2009,2014.0
11281,2010,2016.0
11287,2010,2012.0
11294,2012,2016.0
113,2006,2012.0
1131,2009,2006.0
11334,2012,2013.0
11338,2007,2017.0
11339,2010,2013.0
1134,2006,
11342,2008,2014.0
11346,2017,2021.0
1135,2006,2006.0
11350,2019,
1136,2006,2014.0
11366,2012,2013.0
11368,2010,2012.0
11369,2011,2016.0
1137,2006,2006.0
11376,2011,2013.0
11378,2015,2016.0
11379,2010,2015.0
11381,2011,2023.0
11385,2010,2013.0
11391,2010,2014.0
114,2008,2006.0
11400,2010,2015.0
11402,2010,2015.0
1141,2010,
1142,2007,2007.0
11420,2011,2010.0
11426,2012,2011.0
11432,2014,2016.0
11437,2013,2018.0
11442,2010,2015.0
11445,2010,2015.0
11446,2011,2016.0
11464,2010,2014.0
11467,2014,2015.0
11468,2012,2015.0
1147,2006,
11470,2010,2016.0
11471,2011,2014.0
11472,2010,2015.0
11476,2009,2015.0
11477,2010,2013.0
11481,2010,2021.0
11487,2014,
11489,2010,2014.0
1149,2011,
11493,2011,2012.0
11494,2010,2015.0
1151,2006,2006.0
11531,2011,2011.0
11562,2007,
11579,2011,2012.0
11589,2014,2015.0
1159,2008,2010.0
11592,2014,2015.0
11596,2015,2017.0
11602,2009,2014.0
11608,2012,2014.0
11609,2009,2016.0
11611,2010,2018.0
11615,2010,2015.0
11618,2012,2013.0
11624,2011,2015.0
1165,2007,2010.0
11674,2013,2016.0
11680,2010,2015.0
11682,2013,2013.0
11694,2014,2018.0
11710,2013,2013.0
11712,2013,2015.0
11713,2012,2012.0
11737,2010,2013.0
11738,2009,2017.0
11739,2010,2014.0
11743,2009,
11746,2011,2014.0
11754,2014,2015.0
1176,2012,2006.0
11761,2010,2017.0
11762,2014,2015.0
11763,2011,2014.0
11773,2010,2014.0
11776,2015,2017.0
1179,2006,2006.0
11846,2011,2011.0
11850,2011,2016.0
11854,2009,2014.0
11859,2010,2015.0
1186,2009,2006.0
11863,2010,2015.0
11875,2011,2018.0
11894,2011,2018.0
11896,2018,
11899,2010,2014.0
119,2007,
11902,2010,2015.0
11905,2010,2015.0
1191,2007,2009.0
1192,2006,
11935,2012,2017.0
11936,2012,2014.0
1195,2006,2006.0
1197,2009,2006.0
11982,2011,2015.0
1199,2006,
11997,2012,2013.0
12005,2012,2018.0
1201,2012,2006.0
12027,2013,2013.0
12037,2012,2018.0
1204,2006,
12042,2012,
12049,2013,2014.0
1205,2006,2006.0
12056,2018,2024.0
1207,2007,2006.0
1208,2006,2006.0
12090,2009,2016.0
12092,2010,2017.0
1210,2007,2006.0
12101,2009,2014.0
12110,2009,2017.0
12118,2015,2015.0
12119,2012,2018.0
1212,2006,2006.0
1213,2012,2006.0
12138,2010,2015.0
12140,2010,2016.0
12144,2010,2015.0
12147,2012,2014.0
12148,2012,2015.0
12155,2010,2015.0
12158,2012,2015.0
1216,2006,
12160,2010,2016.0
12161,2010,2013.0
12164,2010,2015.0
12174,2010,2017.0
12179,2010,2014.0
12180,2010,2016.0
12181,2012,2015.0
12182,2013,2015.0
12198,2012,2021.0
122,2006,
1221,2006,
12214,2012,2015.0
1222,2006,
12225,2010,2015.0
12235,2012,2013.0
1224,2006,
12240,2016,
12244,2012,2017.0
12268,2012,2019.0
1227,2006,2006.0
12272,2017,2015.0
1228,2010,2006.0
12282,2012,2014.0
12284,2012,2016.0
12294,2011,2014.0
12317,2018,2015.0
1232,2006,2006.0
12321,2013,2014.0
12323,2014,2017.0
12325,2012,2014.0
1237,2008,2006.0
12371,2011,2014.0
12384,2011,2018.0
12394,2011,2022.0
12399,2011,2016.0
124,2007,2006.0
12409,2011,2014.0
1241,2007,2006.0
12434,2012,2013.0
12447,2015,2016.0
1245,2007,2008.0
1246,2006,
1247,2008,2010.0
12490,2014,2017.0
12495,2012,2016.0
12499,2016,2018.0
12508,2011,2015.0
12510,2011,2014.0
12515,2014,2014.0
1253,2006,
12532,2011,2013.0
12533,2011,2013.0
12537,2012,
12545,2013,2018.0
12546,2012,2014.0
12547,2011,2015.0
12552,2011,2014.0
12555,2012,2012.0
1256,2006,2006.0
12564,2012,2016.0
12572,2013,2014.0
12575,2011,2019.0
1258,2009,2006.0
12580,2013,2015.0
12590,2012,2015.0
12594,2012,2017.0
1260,2006,2007.0
12606,2011,2014.0
1261,2008,2006.0
12638,2013,2013.0
12649,2012,2015.0
12664,2021,2015.0
1267,2007,2006.0
12677,2012,2017.0
12699,2015,2019.0
12701,2012,2014.0
12703,2012,2012.0
12718,2015,2019.0
12719,2013,2021.0
12723,2012,2014.0
1274,2013,2006.0
1275,2011,2006.0
12751,2014,2017.0
12756,2015,2016.0
12758,2011,2017.0
12760,2013,2014.0
12774,2008,
12775,2011,2013.0
12778,2014,2017.0
12779,2011,2016.0
1278,2006,
12781,2012,2015.0
12782,2011,2017.0
12784,2013,2013.0
12791,2016,
12797,2010,2014.0
128,2006,2006.0
12801,2013,
12804,2014,2015.0
1281,2016,2006.0
12856,2012,2014.0
12858,2012,2016.0
12859,2011,2014.0
12861,2012,2013.0
1288,2006,
12905,2013,2015.0
12907,2009,2014.0
12916,2012,2015.0
12918,2013,2015.0
12926,2010,2016.0
12927,2011,2016.0
12937,2011,2017.0
12938,2015,2016.0
12944,2010,2015.0
1295,2006,
12950,2011,2017.0
12956,2010,2017.0
12957,2011,2016.0
1296,2007,2006.0
12963,2017,2018.0
1297,2010,2006.0
12972,2015,2015.0
12976,2011,2015.0
12977,2011,2018.0
12979,2011,2014.0
12981,2011,2017.0
12983,2011,2016.0
12984,2011,2013.0
12988,2013,2014.0
12990,2012,2021.0
13005,2011,2015.0
13006,2013,2018.0
13012,2011,2018.0
13046,2014,2014.0
13047,2013,2012.0
1305,2013,2006.0
13050,2013,2014.0
13051,2012,2013.0
1306,2006,2006.0
13066,2011,2016.0
1307,2011,2006.0
13075,2014,2012.0
1311,2011,2006.0
13110,2012,2012.0
13119,2013,2015.0
13130,2012,2015.0
13132,2012,2014.0
13144,2016,
13145,2012,2016.0
1315,2006,2006.0
13151,2010,2018.0
13152,2010,2014.0
13153,2010,2014.0
13154,2010,2016.0
13157,2012,2017.0
13166,2014,
13167,2010,2019.0
13176,2012,2015.0
1318,2006,2007.0
13180,2012,2016.0
13182,2014,
13185,2011,2016.0
13188,2014,2018.0
13190,2011,
13194,2015,2017.0
13218,2015,2016.0
1322,2006,2006.0
13228,2011,2015.0
1323,2006,
1324,2006,
13254,2013,2021.0
1326,2012,2006.0
13265,2012,2013.0
13267,2012,2017.0
13269,2013,2017.0
1327,2007,2007.0
13271,2013,2015.0
13273,2013,2016.0
13277,2013,2016.0
1328,2006,
13284,2012,2015.0
13288,2012,2015.0
1329,2008,2006.0
13300,2014,2016.0
13301,2012,2015.0
13324,2010,2017.0
13325,2013,2015.0
13329,2013,2014.0
1333,2011,2013.0
13331,2017,
13338,2011,2016.0
13339,2014,2019.0
13345,2009,2018.0
13346,2014,2017.0
13355,2013,2015.0
13356,2013,2019.0
13359,2013,2016.0
13361,2014,2015.0
13367,2012,2015.0
13369,2009,2016.0
13403,2015,2017.0
13408,2012,2022.0
13414,2013,2016.0
13419,2013,2014.0
13420,2016,2016.0
13435,2014,2018.0
13443,2013,2016.0
13444,2012,2017.0
13453,2014,2014.0
13470,2015,2017.0
13472,2013,2022.0
13473,2013,2017.0
13485,2010,
13490,2013,2015.0
13499,2013,2015.0
13510,2011,2013.0
13528,2015,2016.0
13546,2013,2016.0
13560,2018,2015.0
13590,2013,2017.0
13593,2011,2015.0
13594,2014,2016.0
13595,2011,2019.0
13602,2013,2018.0
13607,2014,2015.0
13608,2012,2016.0
13611,2013,2014.0
13613,2011,2015.0
13620,2013,2016.0
13621,2011,2016.0
13624,2013,2015.0
13633,2013,2015.0
13649,2016,2018.0
13654,2016,2017.0
13658,2011,2014.0
13663,2012,2021.0
13675,2012,2019.0
13677,2017,2018.0
13684,2017,2016.0
13690,2016,2017.0
13696,2015,2016.0
13718,2011,2017.0
13723,2013,2016.0
13736,2017,
13743,2017,2017.0
13744,2013,2016.0
13750,2014,2022.0
13755,2015,2017.0
13757,2012,2014.0
13761,2015,2016.0
13762,2013,2015.0
13768,2012,2015.0
13769,2013,2016.0
1377,2006,2006.0
13770,2012,2015.0
13774,2015,2016.0
13777,2012,2015.0
13781,2013,2013.0
13788,2012,2016.0
13795,2012,2019.0
13796,2015,2015.0
13804,2017,2018.0
13807,2013,2015.0
13809,2013,2015.0
13818,2017,2017.0
13821,2014,2017.0
13834,2018,2018.0
13836,2013,2014.0
13849,2014,2015.0
13853,2013,2016.0
13854,2013,2019.0
1386,2008,2006.0
13862,2013,2015.0
13866,2012,2016.0
13877,2013,2017.0
1388,2006,2006.0
13881,2013,2015.0
13891,2013,2016.0
13895,2013,2015.0
13896,2017,2017.0
13897,2013,2019.0
13905,2013,2019.0
13906,2013,2018.0
13910,2013,2016.0
1392,2006,2006.0
13932,2019,2017.0
13942,2014,2016.0
1397,2006,2006.0
1398,2007,2006.0
1399,2011,2006.0
1400,2007,
1402,2009,2006.0
14033,2019,
1404,2006,2006.0
1405,2006,2010.0
1407,2006,2006.0
14078,2013,2013.0
1408,2008,2006.0
141,2006,2006.0
14103,2012,2016.0
14106,2012,2015.0
14109,2012,2016.0
14111,2011,2018.0
14113,2010,2017.0
1412,2007,2006.0
14128,2012,2015.0
1413,2006,
14130,2011,2016.0
14131,2011,2015.0
14137,2012,2019.0
14140,2011,2016.0
14145,2012,2017.0
1415,2006,2006.0
14151,2016,2019.0
14158,2012,2015.0
14161,2012,2015.0
14162,2012,2015.0
14165,2016,2016.0
1417,2006,2006.0
1418,2006,
1419,2008,2006.0
14196,2012,2018.0
1420,2008,2006.0
14212,2015,2017.0
14221,2012,2014.0
14225,2012,2013.0
14267,2009,2018.0
14274,2012,2016.0
14282,2013,2016.0
1429,2008,2006.0
14295,2015,2018.0
1430,2008,2006.0
14320,2010,2015.0
14329,2012,2017.0
1433,2006,2010.0
14330,2012,2017.0
14332,2017,
14335,2012,2014.0
14338,2011,
14344,2012,2016.0
14350,2011,2016.0
14352,2012,2017.0
14361,2014,2016.0
14366,2011,2022.0
14371,2015,2016.0
14374,2016,2016.0
14375,2016,2017.0
1438,2007,
14382,2016,
14387,2012,2019.0
14388,2012,2018.0
144,2007,2006.0
1440,2007,2006.0
14412,2013,2018.0
14420,2016,2017.0
1443,2006,2006.0
14441,2013,2013.0
14446,2013,
14448,2013,2013.0
14453,2016,2019.0
14457,2013,2015.0
14467,2018,2021.0
14477,2013,2018.0
1449,2009,2006.0
14503,2011,2016.0
14509,2011,2018.0
14515,2011,2021.0
14523,2011,2015.0
14527,2015,2015.0
14528,2011,2018.0
14545,2015,
14548,2012,2018.0
1455,2007,
14551,2012,2017.0
14552,2012,2021.0
14553,2012,2016.0
14555,2012,2020.0
14556,2012,2016.0
14558,2012,2018.0
1456,2006,2006.0
14566,2012,2018.0
14567,2012,2017.0
1459,2007,
14593,2012,2018.0
1461,2006,2006.0
14636,2010,2021.0
14646,2012,
14663,2019,2019.0
14677,2017,2018.0
14678,2012,2017.0
14682,2018,2016.0
1469,2009,2006.0
14691,2012,2018.0
14697,2014,2015.0
147,2008,2006.0
14706,2016,2017.0
14712,2012,2016.0
14713,2012,2018.0
14735,2012,2017.0
14738,2013,2017.0
14739,2016,2017.0
14764,2017,2018.0
14765,2016,2016.0
14773,2014,2019.0
1479,2007,
1480,2006,2006.0
1481,2006,
14811,2014,2017.0
14812,2015,2017.0
14813,2014,2017.0
14818,2014,2016.0
1483,2008,
14843,2014,2015.0
14854,2014,2019.0
14862,2016,2015.0
14876,2013,2017.0
1488,2006,2009.0
14885,2014,2016.0
1489,2008,2006.0
14894,2013,2016.0
14897,2014,2018.0
1491,2008,2006.0
14914,2014,
14916,2015,2015.0
1493,2006,
14932,2014,2017.0
14934,2014,2016.0
14936,2014,2017.0
14938,2014,2017.0
1494,2007,
14942,2014,2017.0
14950,2012,2017.0
14962,2016,2017.0
14968,2014,2017.0
14973,2012,2019.0
14975,2015,2016.0
14993,2016,
15,2009,2006.0
150,2009,2006.0
1500,2006,
1501,2006,2006.0
15015,2016,2016.0
1502,2006,2006.0
1503,2006,2006.0
15036,2016,2021.0
15038,2016,2016.0
15047,2015,2018.0
15048,2014,2018.0
15055,2015,2019.0
15068,2017,2018.0
15071,2018,2018.0
15082,2014,2017.0
1509,2006,
15094,2016,2016.0
15101,2018,2018.0
15103,2012,2017.0
15104,2015,2018.0
15112,2014,2017.0
15115,2012,2018.0
15117,2013,2016.0
15119,2014,2016.0
15124,2015,2017.0
15130,2017,2018.0
15139,2019,2021.0
15149,2014,2016.0
15156,2014,2019.0
15158,2015,2016.0
15161,2014,2017.0
15166,2017,2017.0
15170,2013,2019.0
15172,2013,2016.0
15179,2015,2016.0
15181,2014,2018.0
15189,2013,2018.0
15191,2014,2016.0
15194,2013,2018.0
15197,2014,2016.0
152,2007,2006.0
15207,2014,2017.0
15214,2013,2018.0
1522,2006,2006.0
15223,2014,2016.0
1523,2009,2006.0
15232,2015,2016.0
15258,2015,2018.0
15271,2014,2018.0
15274,2014,2017.0
15279,2013,2017.0
1528,2008,2008.0
15291,2015,2016.0
153,2006,2006.0
1533,2006,2006.0
1534,2008,2006.0
15343,2014,2017.0
15351,2014,2019.0
15362,2014,2018.0
15369,2017,
15378,2017,2017.0
15402,2014,2019.0
15407,2014,2018.0
15423,2014,2014.0
15429,2013,2015.0
1543,2006,2006.0
1544,2006,
15447,2013,2016.0
15450,2010,2015.0
15451,2016,2018.0
15454,2016,2017.0
15463,2016,2016.0
15464,2013,2016.0
15467,2014,2014.0
15481,2012,2018.0
15482,2011,2018.0
15487,2012,2018.0
15488,2018,2017.0
15490,2013,2018.0
15491,2013,2017.0
15496,2012,2018.0
1550,2006,
15504,2013,2024.0
1551,2007,2006.0
15518,2014,2017.0
15519,2013,2017.0
1552,2007,
15524,2016,2017.0
1553,2006,
15535,2013,2020.0
1554,2006,2006.0
1555,2011,2006.0
15551,2016,2017.0
1556,2006,2006.0
15564,2013,2016.0
15570,2018,2018.0
15580,2013,2015.0
15585,2014,2019.0
15605,2016,
15608,2012,2018.0
1562,2006,2006.0
15627,2017,2017.0
1563,2007,
15639,2016,
1564,2006,2006.0
15640,2014,2016.0
15644,2013,2017.0
15653,2013,2017.0
15654,2013,2018.0
15655,2011,2018.0
15670,2014,2014.0
15672,2013,2018.0
15674,2013,2018.0
15676,2024,2014.0
15679,2013,2018.0
15689,2017,2017.0
15694,2013,2017.0
15697,2013,2022.0
15711,2013,2018.0
1572,2010,2006.0
15722,2013,2017.0
1573,2008,2006.0
15730,2013,2017.0
15734,2017,2018.0
15766,2011,2017.0
15767,2011,2020.0
15769,2012,2017.0
1578,2008,2006.0
15794,2011,2019.0
1580,2007,2006.0
15808,2012,2021.0
15809,2014,2014.0
1581,2007,2014.0
15817,2012,2019.0
15821,2019,2019.0
15830,2013,2019.0
1585,2006,
1586,2006,
1587,2006,
15878,2012,2017.0
15905,2013,2017.0
1591,2009,2006.0
1593,2006,2007.0
15937,2014,2016.0
15941,2012,2019.0
1595,2007,2006.0
15958,2013,2019.0
15964,2017,2018.0
15971,2012,2021.0
1598,2008,2008.0
15982,2013,2017.0
15983,2013,2017.0
15986,2013,2018.0
15988,2013,2019.0
15994,2013,2019.0
15998,2013,2017.0
16017,2017,2014.0
1602,2006,
16041,2015,2018.0
16042,2014,2020.0
1605,2009,2006.0
1609,2007,2006.0
16098,2015,2021.0
1611,2006,
16110,2016,2018.0
16115,2014,2018.0
16125,2016,
1613,2010,2012.0
16149,2015,2015.0
16153,2015,2017.0
16162,2016,2017.0
16165,2016,
1617,2007,2006.0
16192,2015,2017.0
16208,2018,2015.0
1621,2006,2006.0
16211,2015,2019.0
16219,2014,2017.0
1622,2006,
16221,2014,2017.0
1623,2006,
16233,2019,2021.0
1624,2009,2006.0
16246,2014,2016.0
1625,2006,2006.0
16252,2014,2015.0
16256,2016,2017.0
1626,2006,
16263,2014,2017.0
16265,2016,2019.0
16271,2014,2018.0
16285,2013,2018.0
1629,2006,
16291,2013,2018.0
163,2006,2009.0
1630,2009,
16300,2018,2019.0
16313,2012,2018.0
16317,2016,2018.0
16318,2016,2017.0
16337,2015,2021.0
16357,2012,2018.0
16358,2016,2017.0
1637,2007,2007.0
16375,2013,2019.0
16376,2015,2015.0
16377,2017,2021.0
1638,2012,2006.0
16398,2013,2020.0
16400,2016,2016.0
16403,2013,2017.0
16404,2013,2019.0
16411,2013,2017.0
16417,2013,2020.0
16424,2015,2017.0
16426,2013,2019.0
16429,2013,2019.0
1643,2006,2010.0
16434,2013,2017.0
16442,2015,2018.0
16446,2013,2021.0
16448,2013,2018.0
1645,2006,
16451,2013,2018.0
16468,2016,
16472,2015,2017.0
16478,2014,2015.0
1648,2006,
1649,2006,
16496,2015,2023.0
16505,2014,2017.0
16512,2013,2018.0
16524,2015,2019.0
16530,2013,2019.0
16532,2015,2018.0
16535,2013,2018.0
16542,2013,2019.0
16556,2014,2017.0
1656,2006,2006.0
16561,2017,2018.0
16565,2014,2017.0
1657,2012,2006.0
16572,2015,2019.0
16578,2014,2017.0
1658,2006,2006.0
1659,2008,2006.0
16593,2015,2021.0
166,2010,2006.0
16622,2014,2018.0
16623,2015,2017.0
16631,2018,2018.0
1664,2006,
1666,2007,2010.0
16680,2015,2022.0
16686,2015,2021.0
16725,2015,2018.0
16727,2016,2016.0
16729,2015,2019.0
1673,2006,2007.0
1677,2011,2006.0
1679,2007,2006.0
16793,2019,2018.0
1681,2006,2006.0
1682,2006,
16839,2015,2018.0
16852,2014,2020.0
1686,2006,2006.0
16885,2015,2019.0
1689,2009,
1690,2006,
16904,2016,2017.0
16909,2013,2016.0
16918,2017,2016.0
16925,2014,2018.0
16929,2018,2018.0
16930,2013,2020.0
16933,2019,2018.0
16939,2014,2019.0
16942,2017,
16943,2016,2017.0
16947,2014,2020.0
1695,2008,2006.0
16953,2013,2020.0
16959,2014,2020.0
1696,2008,2008.0
16977,2015,2016.0
1698,2008,2006.0
16981,2016,2018.0
16997,2014,2018.0
17,2006,2007.0
17005,2014,2016.0
17016,2015,2014.0
17018,2018,2018.0
1702,2007,2006.0
17022,2013,2018.0
17023,2013,2017.0
17027,2014,2017.0
1704,2006,2006.0
17040,2014,2022.0
1705,2006,
17062,2014,2018.0
17075,2012,2017.0
1708,2007,2006.0
17085,2018,2018.0
17098,2013,2018.0
17109,2014,2018.0
1712,2006,2006.0
17128,2015,2018.0
1715,2006,
1716,2006,
17161,2014,2017.0
1717,2011,2006.0
17171,2015,2015.0
1718,2006,2006.0
17181,2015,
17182,2016,2015.0
1720,2006,
17216,2014,2020.0
1722,2006,2006.0
17232,2015,2016.0
17237,2015,2017.0
1724,2006,2006.0
17264,2016,2021.0
1727,2006,2006.0
17273,2012,2020.0
17276,2014,2019.0
17278,2014,2019.0
1728,2006,
17292,2013,2018.0
173,2007,2010.0
17307,2013,2022.0
17313,2018,2018.0
17321,2014,2019.0
17326,2014,2019.0
17338,2014,2019.0
1735,2006,2006.0
17350,2014,2017.0
17359,2016,
1736,2011,2006.0
1737,2011,2006.0
1738,2016,2006.0
17381,2016,
1740,2006,
1741,2006,2007.0
17423,2011,2020.0
17425,2017,2017.0
1743,2006,
17432,2016,2016.0
17452,2013,2021.0
17468,2013,2019.0
17473,2014,2022.0
17478,2014,2021.0
17479,2017,2017.0
17484,2014,2019.0
1749,2006,
17490,2019,2019.0
17505,2019,
1752,2006,
17528,2015,2015.0
1753,2006,2006.0
17548,2015,2018.0
1755,2010,
17578,2017,2021.0
1758,2006,
17583,2018,
17585,2019,2019.0
17588,2015,2018.0
17594,2018,2019.0
1760,2006,2006.0
17611,2016,2019.0
1762,2006,2006.0
17620,2016,2018.0
17642,2014,2017.0
1765,2006,2006.0
1766,2006,2006.0
1767,2015,2006.0
17678,2015,2016.0
1768,2008,2007.0
17684,2015,2020.0
17689,2015,2018.0
17696,2015,2018.0
17701,2016,
1771,2008,2006.0
17710,2015,2019.0
17714,2015,2018.0
17719,2016,2018.0
17723,2016,2019.0
17736,2016,2019.0
17737,2015,2022.0
17738,2016,2018.0
17750,2016,2020.0
17766,2016,2018.0
1778,2006,
1779,2010,2006.0
17806,2016,2019.0
17807,2016,2019.0
1781,2009,
17837,2014,2021.0
17838,2015,2017.0
17839,2013,2020.0
1784,2006,
17859,2019,2019.0
17860,2021,
17861,2018,
17877,2017,2018.0
17878,2013,2018.0
17893,2017,2021.0
17901,2015,2016.0
17907,2016,2019.0
17910,2014,2022.0
17919,2015,2017.0
17920,2018,2021.0
17922,2014,2019.0
17929,2016,2018.0
17932,2015,2017.0
17954,2016,2019.0
17964,2021,2021.0
17969,2018,2019.0
17975,2015,2018.0
17982,2016,2019.0
17988,2016,2020.0
17992,2015,2018.0
17995,2019,2019.0
18,2018,2012.0
18006,2016,2017.0
18015,2015,2017.0
18027,2016,2021.0
18029,2017,2018.0
1803,2006,2006.0
18030,2015,2017.0
18032,2016,2020.0
18036,2016,2020.0
18042,2015,2019.0
1805,2006,
18054,2016,2019.0
18063,2015,2019.0
18067,2015,2019.0
1807,2006,
1808,2006,2007.0
18083,2016,2019.0
1811,2006,
18123,2016,2023.0
18126,2015,2019.0
18136,2016,2021.0
18142,2016,2021.0
18146,2016,2018.0
18171,2015,2019.0
1819,2006,
182,2009,2006.0
1820,2006,
18206,2016,2019.0
1821,2006,2007.0
18213,2017,2018.0
18217,2016,2023.0
1824,2006,2006.0
1825,2006,2006.0
1826,2009,2006.0
1827,2007,
18282,2016,2018.0
18288,2012,2018.0
18289,2014,2017.0
1829,2006,2007.0
1830,2007,2006.0
18300,2016,2018.0
1831,2006,
18314,2016,2016.0
18316,2016,2019.0
1832,2006,2006.0
18323,2017,2021.0
18325,2018,
18333,2017,2019.0
18345,2015,2018.0
18347,2016,2021.0
1835,2006,2008.0
18353,2015,2020.0
1836,2008,
18360,2015,2019.0
18361,2017,2019.0
18363,2014,2017.0
18365,2014,2020.0
18371,2014,2022.0
18373,2015,2020.0
18383,2017,2018.0
18395,2015,2020.0
18399,2016,2020.0
1840,2006,
18400,2015,2022.0
18401,2015,2018.0
18403,2018,2018.0
18425,2015,2021.0
18433,2015,2021.0
1844,2009,2006.0
1845,2007,2006.0
1846,2006,2010.0
18482,2014,2021.0
1849,2007,2006.0
18497,2016,2016.0
1850,2006,2006.0
1851,2006,
18510,2021,2021.0
1853,2006,
1854,2006,2006.0
18551,2014,2020.0
18555,2019,2019.0
18564,2015,2019.0
18568,2014,2019.0
1857,2009,2006.0
18577,2015,2020.0
18587,2015,2022.0
186,2006,
1860,2006,2006.0
18603,2015,2022.0
18607,2015,2019.0
1861,2008,2006.0
1863,2006,2007.0
1867,2006,2007.0
18674,2018,2021.0
18679,2017,2018.0
18684,2017,2018.0
18690,2015,2022.0
18694,2017,2018.0
18699,2018,2021.0
187,2006,
1872,2007,2006.0
18721,2016,2016.0
18722,2016,2016.0
1873,2008,2006.0
1874,2007,2006.0
1875,2007,2007.0
1876,2007,2006.0
18769,2018,2021.0
1878,2006,2006.0
18790,2017,2017.0
18795,2011,2020.0
1880,2007,2006.0
18819,2016,2021.0
18821,2015,2022.0
1883,2006,2012.0
18839,2015,2019.0
18848,2014,2021.0
1885,2008,2006.0
18854,2018,2018.0
1886,2006,2008.0
1887,2006,2006.0
18872,2015,2020.0
1888,2007,2006.0
18881,2015,2021.0
18882,2016,2018.0
18887,2015,2019.0
18889,2015,2019.0
18899,2016,2022.0
18900,2016,2020.0
18905,2016,2022.0
1891,2006,2006.0
1893,2006,2006.0
1898,2006,
19,2009,2006.0
190,2008,2006.0
1903,2014,2007.0
1904,2008,2006.0
1907,2006,2006.0
1908,2017,2006.0
1915,2007,2011.0
19151,2015,2020.0
19170,2016,2021.0
19181,2016,2019.0
1919,2008,2006.0
19191,2018,2019.0
19197,2016,2019.0
19198,2016,2016.0
19199,2018,2019.0
19205,2021,
19206,2018,2018.0
19212,2016,2023.0
19222,2018,
19225,2018,2021.0
19231,2019,2021.0
19238,2017,2018.0
19244,2017,2019.0
19245,2016,2022.0
19250,2017,2021.0
19251,2017,2019.0
19252,2016,2019.0
19254,2017,2018.0
1926,2006,2006.0
19260,2017,2019.0
19262,2017,2018.0
19264,2018,
19266,2018,2021.0
19267,2017,2020.0
19268,2018,2019.0
19269,2021,2019.0
19273,2014,2022.0
19277,2017,
19278,2018,2021.0
19287,2017,2018.0
19290,2017,2019.0
19291,2018,2019.0
19292,2016,2024.0
19293,2016,2019.0
19294,2017,2019.0
19296,2016,2022.0
193,2007,2012.0
1930,2013,2006.0
19309,2017,2018.0
1931,2012,2006.0
19314,2017,2019.0
19318,2016,2019.0
19326,2016,2019.0
19331,2017,2021.0
19334,2017,2020.0
19339,2017,2019.0
19346,2017,2020.0
19348,2017,2021.0
1935,2012,2006.0
19352,2017,2019.0
19354,2016,2021.0
19358,2017,2023.0
19360,2016,
19361,2017,2018.0
19363,2017,2017.0
19369,2017,2017.0
1938,2006,2006.0
19384,2016,2024.0
19388,2019,2019.0
19392,2016,2020.0
1940,2007,2006.0
1941,2006,
1942,2006,2006.0
19422,2017,2022.0
19432,2015,2021.0
1944,2006,
1945,2006,2006.0
19452,2016,2019.0
19453,2018,2019.0
19454,2018,2021.0
19455,2015,2023.0
19458,2017,2022.0
1946,2007,2006.0
19470,2017,2019.0
19477,2017,2021.0
19487,2018,
19508,2017,2019.0
19514,2017,2019.0
19521,2016,2020.0
19522,2017,2021.0
19528,2016,2021.0
19529,2018,
1953,2006,2010.0
19533,2017,2020.0
1954,2006,2006.0
19546,2019,2019.0
19552,2016,2019.0
19553,2016,2022.0
19556,2016,2019.0
19562,2016,2021.0
19563,2017,2022.0
19566,2017,2019.0
19574,2018,
19577,2017,2020.0
19599,2017,2021.0
196,2007,2006.0
19600,2014,2021.0
19608,2017,2021.0
19610,2015,2020.0
19611,2017,2019.0
19612,2016,2019.0
19615,2013,2021.0
19625,2018,2022.0
19627,2017,2020.0
19634,2016,
19635,2017,2019.0
19643,2017,2020.0
19644,2016,2022.0
1965,2007,2010.0
19665,2018,2019.0
19667,2017,2021.0
19671,2018,
19675,2019,2019.0
19680,2019,
19683,2016,2019.0
19695,2018,
19698,2014,2020.0
197,2006,2006.0
19703,2016,2019.0
19705,2018,
19709,2016,2019.0
19710,2017,2021.0
19716,2019,2019.0
19717,2017,2022.0
19722,2016,2024.0
19727,2017,2022.0
1973,2007,2011.0
19734,2017,2019.0
19736,2021,
19754,2019,2021.0
19768,2018,2022.0
19779,2018,2022.0
19780,2018,2022.0
19788,2016,2023.0
19795,2018,2021.0
198,2007,2010.0
19800,2019,2021.0
19802,2015,2024.0
19805,2019,2021.0
19806,2018,2022.0
19813,2017,2022.0
19818,2016,2021.0
19824,2017,2022.0
19826,2019,2021.0
19828,2016,2022.0
1984,2009,2010.0
19842,2017,2022.0
19844,2017,2019.0
19858,2015,2019.0
19859,2016,2022.0
19864,2018,2021.0
19871,2019,2021.0
19872,2018,2021.0
19873,2018,2021.0
19877,2018,2023.0
19878,2017,2019.0
1989,2010,2012.0
19890,2015,2021.0
19892,2018,2020.0
19896,2017,2021.0
19901,2017,2021.0
19903,2019,2021.0
19906,2015,2022.0
19909,2015,2020.0
1991,2006,
19910,2015,2024.0
19913,2015,2020.0
19918,2018,2020.0
19921,2015,2023.0
19926,2018,2021.0
19928,2015,2021.0
19931,2015,2021.0
19938,2015,2020.0
19948,2016,2020.0
19950,2016,2020.0
19951,2019,2021.0
19952,2016,2021.0
19953,2016,2021.0
19955,2016,2019.0
19956,2016,2020.0
19957,2016,2023.0
19958,2016,2019.0
19960,2017,2021.0
19961,2017,2021.0
19962,2019,
19964,2016,2022.0
19966,2017,2020.0
19967,2016,2022.0
19968,2018,2020.0
19976,2019,
19977,2017,2019.0
19983,2016,2022.0
1999,2006,2006.0
19990,2018,2018.0
19997,2016,2020.0
2,2007,2006.0
20002,2018,2022.0
20003,2017,2019.0
20017,2017,2022.0
20022,2017,2022.0
20023,2018,2019.0
20034,2017,2021.0
20036,2016,2020.0
20040,2017,2020.0
20043,2017,2020.0
20047,2017,2021.0
20054,2018,2022.0
20056,2018,2021.0
2006,2006,
20070,2019,2021.0
20078,2018,2020.0
20084,2017,2025.0
2009,2006,2006.0
201,2006,2006.0
2011,2007,2008.0
20122,2018,2022.0
20123,2016,2018.0
20126,2016,2020.0
20157,2017,2022.0
20165,2017,2022.0
20167,2019,2021.0
2017,2006,2008.0
20175,2019,
20178,2018,2022.0
20186,2018,2019.0
2020,2008,2011.0
20202,2018,2021.0
2022,2007,2006.0
20220,2017,2020.0
20233,2016,2021.0
2024,2006,2008.0
20242,2018,2021.0
20263,2016,2021.0
20275,2015,2020.0
20277,2019,2021.0
20287,2016,2021.0
2029,2006,
20302,2019,2021.0
20308,2018,2021.0
20311,2018,2023.0
20312,2019,2021.0
2032,2006,2006.0
20321,2018,2021.0
20325,2018,2021.0
20332,2017,2020.0
20339,2019,2021.0
2034,2006,2006.0
20348,2021,
20352,2018,2021.0
2036,2008,2008.0
2038,2017,2008.0
20391,2017,2020.0
204,2006,2006.0
2040,2006,2007.0
20404,2018,2022.0
2041,2009,2006.0
2042,2006,2007.0
20437,2017,2022.0
20450,2017,2022.0
20454,2017,2020.0
20463,2018,2023.0
20493,2018,2021.0
205,2006,
20501,2018,2021.0
20503,2015,2020.0
20505,2017,2022.0
20510,2017,2022.0
20521,2018,2020.0
20529,2016,2022.0
20533,2017,2022.0
20536,2015,2021.0
20538,2016,2022.0
20539,2019,2021.0
2054,2006,2009.0
20540,2017,2021.0
20543,2015,2022.0
20548,2019,
20557,2018,2024.0
20565,2019,
20572,2018,2022.0
20599,2017,2022.0
2060,2009,2010.0
20626,2018,2023.0
2066,2008,2011.0
2070,2006,2008.0
2072,2016,2007.0
2073,2006,2006.0
20739,2021,2021.0
2074,2012,2006.0
2075,2007,2006.0
2076,2006,2006.0
20778,2021,
20805,2014,2022.0
2081,2006,2007.0
2082,2006,
2087,2006,
209,2006,2011.0
2090,2006,2006.0
2092,2011,
20926,2015,2022.0
20958,2015,2026.0
2096,2006,2006.0
20970,2015,2022.0
2099,2006,2006.0
210,2010,2006.0
21009,2015,2024.0
2102,2006,2007.0
2103,2008,2006.0
2106,2006,2006.0
21078,2015,2023.0
2108,2006,2006.0
211,2006,2008.0
2112,2006,
21127,2015,2021.0
2113,2006,2006.0
21139,2015,2021.0
2116,2006,2006.0
21183,2021,2021.0
2119,2006,
21270,2018,2022.0
2128,2006,
2129,2006,2006.0
21293,2017,2022.0
2130,2008,2006.0
21304,2018,2022.0
2134,2009,2006.0
2136,2013,2014.0
21386,2018,2022.0
2140,2006,2006.0
2141,2006,2006.0
2142,2006,2006.0
2143,2006,2006.0
2145,2006,2006.0
21454,2019,2021.0
2146,2006,2006.0
21464,2015,2026.0
21479,2018,2019.0
21481,2021,
21489,2019,2025.0
2149,2006,2006.0
21496,2018,2024.0
21497,2018,2023.0
21501,2018,2021.0
2151,2006,2006.0
2152,2006,
21523,2018,2021.0
21524,2018,2020.0
21527,2021,
21534,2019,2021.0
21535,2018,2023.0
21538,2018,2021.0
2154,2012,2006.0
21547,2019,2023.0
2155,2006,2012.0
21558,2018,2021.0
21560,2019,2021.0
21562,2019,2021.0
2157,2006,2006.0
2158,2006,2006.0
21587,2018,2023.0
2159,2013,2006.0
2160,2006,2006.0
2161,2006,2006.0
21614,2018,2021.0
21618,2018,2020.0
2162,2006,2006.0
21622,2018,2021.0
21626,2019,2024.0
2163,2006,2009.0
21634,2019,2022.0
21635,2018,2021.0
21636,2019,2022.0
2164,2007,2006.0
21646,2016,2020.0
21662,2017,
2167,2006,2006.0
21682,2016,2024.0
2169,2006,
21693,2016,2023.0
21707,2016,2022.0
2171,2006,2006.0
21711,2016,2021.0
21716,2016,2023.0
2172,2006,2006.0
2173,2012,2006.0
21730,2016,2024.0
21735,2016,2021.0
2174,2006,
21746,2016,2023.0
2175,2006,2006.0
2178,2006,2006.0
21780,2016,2022.0
2179,2007,2006.0
21794,2016,2020.0
21797,2016,2024.0
2180,2006,2006.0
2182,2006,2007.0
21837,2016,2022.0
2184,2007,2006.0
21840,2016,2022.0
21842,2019,2025.0
21853,2016,2022.0
2186,2006,2007.0
21865,2018,2022.0
2187,2007,2006.0
21871,2016,2022.0
21897,2017,2022.0
2191,2006,
2192,2006,2006.0
21922,2016,
2194,2006,2006.0
2197,2011,2006.0
21987,2016,2021.0
2199,2006,2008.0
22036,2019,
2204,2006,2007.0
22045,2019,2024.0
2205,2006,
22054,2021,2023.0
2207,2006,
2209,2006,2006.0
22093,2018,2022.0
221,2007,2006.0
2211,2006,2006.0
22116,2017,
22117,2017,2022.0
2216,2006,2007.0
22164,2016,2021.0
22165,2018,2021.0
22168,2016,2021.0
22169,2017,2022.0
22175,2021,2021.0
2218,2006,2007.0
22182,2021,
22184,2017,2022.0
22186,2018,2023.0
2219,2011,2009.0
22197,2017,2022.0
22202,2018,2022.0
22209,2016,2020.0
22217,2017,2020.0
2223,2006,2006.0
22232,2018,2023.0
22239,2018,2025.0
2224,2006,
22244,2016,2022.0
2225,2006,2008.0
22253,2016,
22254,2018,2022.0
22261,2017,2022.0
22263,2018,2022.0
22266,2018,2023.0
22272,2018,2026.0
22274,2016,2023.0
22275,2017,2021.0
22277,2017,2022.0
2228,2007,2007.0
2229,2007,2006.0
22294,2021,
2231,2007,2006.0
2234,2006,2007.0
2236,2009,2006.0
2237,2007,2008.0
2238,2006,2006.0
224,2007,2006.0
2240,2006,2006.0
22411,2018,2022.0
22458,2018,2021.0
22471,2017,2022.0
22505,2017,2022.0
22514,2019,2022.0
22515,2017,2022.0
22530,2017,2024.0
22532,2017,2022.0
22541,2018,2025.0
22542,2018,2023.0
22557,2019,2022.0
22558,2018,2021.0
22563,2017,2022.0
22566,2017,2025.0
22581,2019,2020.0
226,2007,2006.0
2264,2007,2011.0
2265,2008,2006.0
22650,2017,2022.0
22664,2017,2022.0
227,2008,2006.0
22707,2017,2024.0
22715,2017,2022.0
22741,2017,2026.0
22766,2017,2024.0
2278,2006,2006.0
2279,2007,2010.0
22799,2017,2021.0
2280,2007,2009.0
22823,2017,2022.0
22842,2017,2023.0
22857,2017,2024.0
22871,2017,2021.0
22896,2017,2022.0
22906,2017,2022.0
23003,2017,2022.0
2307,2006,2006.0
2312,2006,2008.0
23209,2017,2026.0
2324,2006,2010.0
23250,2018,2024.0
23264,2017,2022.0
2329,2006,2006.0
23292,2019,2021.0
23296,2017,2023.0
2331,2006,2006.0
23312,2018,2023.0
2335,2006,
23359,2017,2022.0
23372,2018,2024.0
23378,2018,2020.0
2338,2006,2006.0
23395,2019,2024.0
23401,2018,2023.0
23420,2019,
2344,2006,2006.0
23442,2017,2024.0
23460,2018,
235,2008,2006.0
2351,2008,2006.0
23552,2017,2023.0
23557,2017,2024.0
23559,2017,2021.0
23565,2017,2023.0
236,2006,2006.0
2363,2006,
23631,2019,
2364,2007,2006.0
23667,2019,2021.0
2369,2007,2010.0
23690,2018,2023.0
23691,2018,2023.0
23695,2021,2023.0
23697,2018,2022.0
23698,2018,2023.0
23733,2017,2022.0
2374,2006,2011.0
23772,2017,2023.0
23782,2018,2024.0
23788,2018,2023.0
23789,2018,2024.0
23790,2018,2025.0
23792,2018,2022.0
23794,2018,2022.0
238,2006,
23800,2018,2023.0
23802,2018,2025.0
23813,2018,2026.0
23818,2018,2022.0
2384,2007,2007.0
2387,2006,2006.0
2388,2006,
2390,2006,2010.0
23917,2018,2025.0
2394,2006,2007.0
2396,2006,2010.0
23968,2018,2024.0
23985,2018,2023.0
23986,2019,2023.0
23989,2018,2026.0
240,2006,2008.0
24064,2018,2022.0
2408,2006,2008.0
2411,2006,2010.0
2412,2009,2010.0
24151,2018,2026.0
2416,2006,2008.0
242,2008,2006.0
24257,2018,2024.0
24262,2018,2023.0
24273,2018,2022.0
2429,2010,2013.0
243,2012,2006.0
2430,2007,2010.0
24336,2018,2023.0
2434,2006,2006.0
2437,2006,2006.0
24388,2018,
24400,2019,2022.0
24451,2018,2023.0
2448,2006,2010.0
24485,2018,2023.0
24488,2019,2024.0
24491,2018,2022.0
24496,2019,2024.0
245,2008,
2450,2006,2006.0
2457,2006,2006.0
24574,2018,2026.0
24589,2018,2022.0
24597,2018,2023.0
24598,2018,2024.0
24605,2018,2024.0
24610,2018,2022.0
24617,2018,2021.0
24618,2018,2020.0
24622,2018,2025.0
24641,2019,2025.0
2465,2006,2007.0
24655,2018,2021.0
24671,2019,2021.0
24679,2019,2022.0
2468,2007,2008.0
24703,2019,2022.0
24729,2018,2022.0
24759,2019,2024.0
24765,2018,2022.0
24770,2019,2022.0
24782,2018,2022.0
248,2011,2006.0
2481,2007,2011.0
24816,2018,2024.0
2487,2008,2015.0
24878,2018,2025.0
2491,2007,
24934,2019,2023.0
2495,2009,2010.0
2498,2008,2011.0
25,2009,2006.0
25005,2018,2025.0
2502,2008,2010.0
25040,2018,2022.0
2505,2006,2010.0
25055,2019,2022.0
251,2007,2006.0
2510,2007,2010.0
25111,2018,2022.0
25138,2018,2024.0
2514,2006,2006.0
25180,2018,2024.0
25183,2018,2025.0
2520,2009,2011.0
2521,2006,2006.0
2522,2006,
2530,2008,2010.0
25332,2018,2023.0
25346,2018,2025.0
25353,2018,2022.0
25369,2019,2026.0
25385,2019,2021.0
2539,2007,2011.0
2540,2011,2011.0
25425,2019,2024.0
25434,2021,2025.0
25448,2021,2024.0
25459,2019,2022.0
25467,2021,2025.0
25475,2021,2024.0
25476,2021,2023.0
25477,2021,2024.0
25479,2021,2023.0
25482,2021,2023.0
25483,2021,2024.0
25493,2021,2023.0
25505,2021,2023.0
25524,2021,2024.0
2554,2006,2011.0
25543,2021,2022.0
25569,2021,2023.0
25575,2019,2024.0
2559,2006,2006.0
256,2007,2006.0
25616,2019,2023.0
2562,2006,2006.0
25621,2019,2024.0
25629,2019,2025.0
2563,2006,2006.0
25643,2021,2023.0
25660,2019,2022.0
2567,2008,2010.0
2568,2006,2006.0
25688,2019,2025.0
25690,2019,2024.0
25705,2019,2024.0
25714,2019,2025.0
25764,2019,2022.0
25768,2019,2022.0
25779,2019,2025.0
2578,2007,2010.0
25782,2021,2024.0
2579,2006,2006.0
25796,2019,
25805,2021,2023.0
25807,2021,2023.0
25813,2019,2023.0
25814,2019,2025.0
25816,2019,2022.0
25817,2019,2023.0
25822,2019,2023.0
25844,2021,2025.0
25845,2021,2022.0
25855,2021,2025.0
25867,2021,2022.0
25873,2021,
25878,2019,2022.0
2591,2008,2011.0
25918,2021,
25931,2019,2022.0
25961,2019,2022.0
25967,2019,2024.0
25971,2019,2024.0
25976,2019,2022.0
25979,2019,2024.0
25980,2019,2025.0
25999,2019,2025.0
2602,2006,2012.0
26031,2019,2022.0
26047,2019,2026.0
2608,2009,2010.0
261,2007,2006.0
26106,2021,2025.0
26121,2019,2022.0
26123,2019,2022.0
26143,2021,2025.0
26148,2021,2025.0
26149,2019,2023.0
26151,2021,2022.0
2616,2007,2011.0
26197,2019,2021.0
26202,2021,2025.0
26208,2019,2023.0
2621,2007,2008.0
26213,2021,
26224,2019,2024.0
26244,2019,2025.0
2628,2006,2006.0
26284,2019,2025.0
26288,2019,2022.0
26289,2019,2022.0
26294,2019,2022.0
26295,2019,2024.0
26299,2019,2022.0
263,2009,2009.0
26319,2019,2023.0
26323,2019,2022.0
2636,2007,2011.0
26364,2021,
26365,2019,2023.0
26368,2019,2022.0
26374,2019,2024.0
26396,2021,2022.0
264,2007,2006.0
26420,2019,2023.0
26438,2021,2023.0
26466,2019,2022.0
26467,2019,2023.0
26468,2019,2026.0
26469,2019,2024.0
26477,2021,2023.0
265,2006,
2650,2008,2011.0
2651,2006,2006.0
26517,2019,2023.0
26536,2019,2025.0
26540,2019,2024.0
26546,2019,2025.0
26548,2019,2024.0
2657,2006,2006.0
26599,2019,2024.0
26664,2019,2026.0
26668,2019,2023.0
26693,2019,2026.0
2673,2006,2009.0
2677,2009,2011.0
2695,2006,
26991,2019,2026.0
27,2009,2006.0
270,2006,
2710,2008,
2714,2006,2007.0
2722,2006,2006.0
2731,2006,2006.0
2735,2006,2006.0
27449,2021,2026.0
27459,2021,2020.0
2746,2014,2012.0
27461,2022,2020.0
27462,2021,2024.0
27464,2021,2024.0
27465,2021,2022.0
27467,2021,2023.0
27471,2021,2024.0
27475,2021,2023.0
27478,2021,2023.0
27479,2021,2023.0
2748,2007,2006.0
27482,2021,2025.0
27490,2021,2023.0
27493,2021,2024.0
27496,2021,2025.0
27497,2021,2025.0
27501,2021,2024.0
27504,2021,2024.0
27506,2025,2021.0
27531,2021,2023.0
27534,2021,2023.0
27543,2021,2024.0
27555,2021,2022.0
27562,2021,2023.0
27569,2021,2026.0
27573,2021,2025.0
27577,2021,2023.0
27593,2021,2026.0
27599,2021,2024.0
27604,2021,2023.0
2761,2006,2008.0
27615,2021,2022.0
27630,2021,2023.0
27647,2021,2023.0
27653,2021,2025.0
27676,2021,2022.0
27684,2021,2022.0
27690,2021,2023.0
27698,2021,2024.0
27735,2021,2023.0
27763,2021,2024.0
27769,2021,2023.0
2777,2006,2009.0
27770,2021,2025.0
27781,2021,2024.0
27784,2021,2024.0
27789,2021,2024.0
27790,2021,2023.0
27815,2021,2023.0
2783,2007,2013.0
2784,2006,2013.0
27845,2021,2023.0
27883,2021,2024.0
27899,2021,2024.0
2790,2006,2006.0
27915,2021,2025.0
27931,2021,2025.0
27962,2021,2024.0
27963,2021,2025.0
27969,2021,2026.0
2797,2006,2006.0
2802,2007,2011.0
28020,2021,2026.0
28022,2021,2025.0
2807,2014,2008.0
28080,2021,2023.0
281,2007,2006.0
28142,2021,2025.0
28163,2021,2023.0
28199,2021,2026.0
28253,2021,2024.0
2826,2017,
28272,2021,2026.0
2829,2006,2011.0
283,2006,
2830,2007,2008.0
28312,2021,2024.0
2832,2006,2014.0
28326,2021,2026.0
2833,2006,2011.0
28344,2021,2025.0
2835,2008,2012.0
2845,2006,2011.0
285,2006,
2851,2015,2015.0
2852,2006,2011.0
28552,2021,2025.0
2858,2009,
2859,2011,2009.0
2861,2006,2007.0
2868,2015,
28763,2021,2026.0
28806,2021,2024.0
2881,2007,2010.0
28811,2021,2026.0
28816,2021,2025.0
2882,2011,2012.0
28820,2021,2025.0
28824,2021,2025.0
28833,2021,2026.0
28848,2021,2026.0
2899,2008,2008.0
2900,2009,2014.0
29005,2021,2026.0
29016,2021,2026.0
2905,2006,2008.0
2907,2006,2006.0
2914,2006,
2917,2007,2008.0
2918,2006,2006.0
29189,2021,2026.0
29218,2021,2026.0
2923,2006,2008.0
2929,2011,2011.0
2932,2008,2009.0
2933,2006,
294,2008,2006.0
2945,2006,2006.0
29455,2021,2026.0
29478,2021,2025.0
29487,2021,2024.0
29490,2021,2024.0
29514,2021,
29518,2021,2024.0
29524,2021,2024.0
29539,2021,2026.0
2954,2006,
29547,2021,2024.0
29554,2021,2024.0
29571,2021,2025.0
29573,2021,2024.0
29575,2021,2024.0
29576,2021,2024.0
29577,2021,2026.0
29591,2021,2023.0
29592,2021,2024.0
29596,2021,2026.0
29606,2021,2024.0
29614,2021,2025.0
29617,2021,2023.0
2962,2006,
29622,2021,2023.0
2963,2006,2008.0
29630,2021,2024.0
29634,2021,2024.0
29646,2021,2025.0
29668,2021,2025.0
2967,2007,2014.0
29695,2021,2023.0
297,2006,2007.0
29704,2021,2025.0
29710,2021,2026.0
29712,2021,2025.0
29715,2021,2023.0
29766,2021,2023.0
29767,2021,2026.0
2977,2006,2006.0
29779,2021,2025.0
29780,2021,2026.0
29782,2021,2024.0
29788,2021,2024.0
29794,2021,2024.0
29795,2021,2026.0
298,2006,2006.0
29805,2021,2026.0
29830,2021,2025.0
29844,2021,2025.0
29858,2021,2025.0
29868,2021,
29896,2021,2026.0
29905,2021,2026.0
2991,2006,2006.0
29912,2021,2024.0
29930,2021,2026.0
29931,2021,2023.0
29949,2021,2024.0
29957,2021,2026.0
29958,2021,2025.0
29962,2021,2026.0
29976,2022,2023.0
29993,2021,2025.0
29995,2021,2025.0
300,2008,2006.0
30011,2021,2023.0
30028,2021,2025.0
30038,2021,2025.0
3006,2006,2009.0
30063,2021,2025.0
3007,2006,2006.0
30080,2021,2026.0
3011,2006,
30116,2022,2022.0
30162,2022,2023.0
30163,2022,2025.0
3035,2006,2006.0
30361,2022,2026.0
30384,2022,2026.0
3044,2010,
3048,2006,2007.0
3052,2006,2007.0
3054,2006,2007.0
3057,2006,2006.0
30675,2022,2026.0
307,2006,
3085,2006,2010.0
3086,2008,2010.0
3096,2006,2010.0
31,2006,
3105,2006,2006.0
3106,2007,
311,2009,2006.0
3114,2011,2006.0
31166,2022,2023.0
3118,2006,2009.0
312,2008,2006.0
3123,2006,2008.0
3124,2013,2012.0
3129,2006,2008.0
3131,2006,2007.0
3132,2010,2011.0
3133,2006,2008.0
31347,2022,2023.0
31349,2022,2024.0
31354,2022,2025.0
31357,2022,2025.0
31363,2022,2024.0
3137,2007,2008.0
31370,2022,2025.0
31382,2022,2025.0
31394,2022,2024.0
31396,2022,2024.0
314,2006,2006.0
31415,2022,2026.0
3142,2006,2011.0
3143,2009,2009.0
31431,2022,2024.0
31437,2022,2024.0
31441,2022,2026.0
31443,2022,2026.0
31448,2022,2026.0
3147,2006,2006.0
31471,2022,2026.0
31490,2022,2023.0
315,2008,2006.0
31500,2022,2025.0
31505,2022,2025.0
31522,2022,2025.0
31532,2022,2026.0
31539,2022,2025.0
3154,2006,2010.0
31545,2022,2025.0
31562,2022,2024.0
31564,2022,2025.0
31567,2022,2024.0
31580,2022,2025.0
31583,2022,2025.0
31595,2022,2024.0
316,2006,
3166,2008,2009.0
31661,2022,2025.0
31665,2022,2025.0
31680,2022,2025.0
31695,2022,2025.0
31710,2022,2026.0
3174,2006,2006.0
31765,2022,2024.0
31781,2022,2024.0
3179,2006,2006.0
31791,2022,2026.0
31792,2022,2025.0
31793,2022,2025.0
31812,2022,2025.0
31837,2025,2023.0
31855,2023,2025.0
3188,2006,2008.0
3190,2010,2006.0
31912,2022,2025.0
31958,2023,2026.0
31988,2023,2026.0
31991,2022,2025.0
320,2007,2006.0
3203,2006,2006.0
32051,2023,2026.0
32053,2023,2026.0
32054,2023,2026.0
3206,2006,2007.0
3207,2006,2007.0
3209,2008,2009.0
3211,2008,2015.0
32119,2022,2026.0
32127,2023,2026.0
3216,2007,
3219,2012,2011.0
322,2006,
3231,2006,2006.0
3234,2007,2007.0
324,2006,
3241,2015,2012.0
3243,2013,
3245,2011,2010.0
3248,2006,2008.0
3254,2008,2008.0
3255,2006,2006.0
3256,2006,2010.0
3262,2006,
3263,2012,2008.0
3265,2007,2007.0
3269,2006,2006.0
3274,2007,2015.0
3282,2013,2012.0
3284,2006,2006.0
3285,2006,2008.0
3292,2019,2012.0
3298,2007,2012.0
3299,2007,2010.0
3308,2007,
33098,2023,2025.0
3310,2006,2009.0
3312,2006,2006.0
33189,2023,2023.0
33191,2023,2026.0
33197,2023,2025.0
332,2008,2006.0
33225,2023,2026.0
33252,2023,2025.0
33253,2023,2026.0
33266,2023,2024.0
33270,2023,2026.0
33279,2023,2026.0
33280,2023,2025.0
33312,2023,2026.0
33321,2023,2025.0
33322,2023,2025.0
33323,2023,2026.0
33333,2023,2024.0
33357,2023,2026.0
3336,2006,2006.0
33361,2023,2026.0
33380,2023,2026.0
33381,2023,2026.0
33390,2023,2025.0
33433,2023,2026.0
3344,2007,2008.0
33492,2023,2026.0
33500,2023,2026.0
33514,2023,2026.0
3353,2006,2008.0
33530,2023,2026.0
33541,2023,2024.0
33549,2023,2025.0
3355,2008,
33552,2023,2026.0
3357,2007,2009.0
33571,2023,2026.0
33572,2023,2026.0
33575,2023,2026.0
336,2006,
3361,2006,2008.0
3364,2006,2006.0
33644,2023,2025.0
33656,2023,2026.0
3366,2006,2006.0
3369,2006,2006.0
337,2006,2006.0
33703,2023,
33704,2023,2025.0
33708,2023,2026.0
3371,2006,2007.0
3373,2006,2008.0
3374,2006,2006.0
3376,2006,2008.0
33795,2023,2026.0
3388,2006,2008.0
3390,2006,2009.0
3393,2006,2006.0
3395,2006,2008.0
340,2007,
3402,2006,2009.0
3409,2006,2008.0
341,2006,
3410,2006,2007.0
3411,2006,2010.0
3412,2006,2014.0
3417,2006,2007.0
342,2006,2006.0
3420,2006,2009.0
3424,2006,2006.0
3425,2011,2007.0
3433,2007,2010.0
344,2006,2006.0
3440,2006,2007.0
3441,2006,2009.0
3442,2015,2006.0
3443,2006,2013.0
3448,2006,2006.0
3455,2006,2008.0
3457,2007,2007.0
3460,2007,2006.0
3469,2006,2006.0
3472,2006,2008.0
3473,2007,2011.0
3479,2006,
3486,2006,
3492,2006,2006.0
34967,2024,2026.0
34979,2024,2025.0
34985,2024,2026.0
3499,2006,2006.0
3501,2006,2008.0
3503,2007,
35041,2024,2025.0
35061,2024,2026.0
3507,2015,2015.0
35094,2024,2026.0
35101,2024,2026.0
35107,2024,2026.0
35108,2024,2025.0
35110,2024,2025.0
35111,2024,2026.0
35121,2024,2026.0
35126,2024,2026.0
3516,2009,2011.0
35177,2024,2026.0
3521,2017,
3528,2006,2007.0
353,2006,2008.0
3531,2006,2006.0
3532,2006,2009.0
35322,2025,2025.0
3533,2006,2012.0
3534,2007,2008.0
3536,2006,2009.0
35376,2025,2026.0
35423,2025,2026.0
3545,2009,2008.0
3547,2014,2014.0
3555,2008,
356,2006,2006.0
3566,2006,
3568,2006,2006.0
3577,2006,2006.0
358,2008,
3583,2006,2008.0
3585,2006,2007.0
3593,2009,
36,2008,2012.0
3605,2006,2006.0
362,2006,2006.0
3620,2006,2007.0
3622,2008,2006.0
3630,2006,2010.0
3634,2006,2007.0
3640,2006,2006.0
3648,2007,2006.0
3658,2009,2011.0
3664,2006,2008.0
3669,2006,2007.0
3674,2006,2008.0
3677,2019,2010.0
3685,2009,2009.0
369,2006,2006.0
3692,2006,2006.0
3693,2006,2006.0
37,2008,2006.0
370,2008,2006.0
3702,2006,2007.0
3704,2006,2006.0
3707,2006,2006.0
3708,2006,2006.0
3711,2009,2011.0
37122,2026,2026.0
3714,2006,2008.0
3719,2009,2009.0
3720,2008,2006.0
3725,2006,
3726,2006,2007.0
3727,2006,2006.0
3728,2006,2006.0
373,2007,2008.0
3734,2007,2012.0
3735,2009,2012.0
3751,2006,2007.0
3752,2011,2010.0
3753,2006,2006.0
3767,2006,2007.0
3768,2006,2007.0
3769,2007,2009.0
3773,2010,
3777,2007,2007.0
378,2006,2006.0
3787,2011,2006.0
3789,2006,2009.0
3790,2006,2008.0
3797,2009,2006.0
3802,2009,2010.0
3805,2008,
3806,2006,2011.0
3811,2006,2006.0
3812,2006,2008.0
3814,2007,2011.0
3817,2006,2006.0
3821,2006,2008.0
383,2006,2006.0
3832,2008,2016.0
3833,2007,2007.0
3837,2008,2011.0
3840,2012,2006.0
3847,2006,2010.0
3855,2011,2015.0
3856,2006,2006.0
3862,2010,2011.0
3867,2006,2006.0
3868,2006,2006.0
387,2006,
3870,2007,2009.0
3873,2012,2013.0
3876,2007,2007.0
3877,2012,2013.0
3878,2006,2006.0
3882,2006,2006.0
3888,2007,2006.0
3892,2007,2009.0
3893,2006,2007.0
3900,2006,2010.0
3909,2006,2008.0
3912,2006,2007.0
3913,2006,2006.0
3917,2009,2010.0
3919,2006,2008.0
3920,2008,2008.0
393,2008,2006.0
3935,2008,2009.0
3942,2006,2006.0
3944,2011,
395,2008,2006.0
3950,2012,2013.0
3951,2009,2009.0
3959,2008,2012.0
3972,2008,2011.0
3978,2007,2010.0
3990,2011,2008.0
3993,2011,2015.0
4,2007,
400,2006,
4003,2007,2010.0
4004,2007,2009.0
4006,2006,2011.0
4016,2008,2011.0
4020,2006,2006.0
4022,2006,2006.0
4034,2006,2008.0
4048,2008,2006.0
4049,2008,2013.0
4054,2006,2007.0
4062,2006,2008.0
4063,2006,2011.0
4082,2006,2006.0
4083,2010,2010.0
4086,2010,2015.0
4087,2006,2008.0
4089,2008,2010.0
409,2007,2006.0
410,2006,2006.0
4106,2006,2009.0
411,2008,2006.0
4121,2006,2010.0
4138,2006,2006.0
4142,2007,2013.0
4146,2006,2012.0
4166,2006,2007.0
4177,2006,2008.0
4182,2006,2008.0
4185,2010,
4191,2006,2007.0
4220,2008,2006.0
4222,2012,2008.0
4227,2009,2009.0
4229,2006,2006.0
423,2006,
4241,2010,2010.0
4243,2006,2009.0
4249,2006,2009.0
4251,2006,2006.0
4253,2006,2007.0
426,2012,2006.0
4279,2006,2007.0
4293,2006,2009.0
4295,2006,2007.0
4298,2008,2009.0
43,2006,
4300,2006,2006.0
4301,2010,2013.0
4314,2006,2007.0
4316,2006,2008.0
4328,2006,2007.0
4338,2013,2011.0
4342,2006,2008.0
4346,2007,2006.0
4359,2006,2012.0
4365,2007,2012.0
438,2006,
4381,2006,2008.0
4383,2010,2010.0
4390,2006,2006.0
4393,2009,2009.0
4398,2007,2012.0
4400,2006,2006.0
4403,2006,2010.0
4409,2006,2006.0
4412,2006,2006.0
4418,2006,2008.0
4420,2014,2009.0
4422,2010,2007.0
4424,2008,2008.0
4426,2006,2006.0
4429,2006,2007.0
4439,2006,2006.0
4443,2006,2006.0
4448,2006,2008.0
4450,2006,2010.0
4457,2006,2008.0
446,2008,2006.0
4464,2006,2010.0
4467,2006,2007.0
447,2006,2012.0
45,2007,2006.0
4505,2008,2009.0
4507,2006,2006.0
4511,2006,2006.0
4512,2006,2006.0
4516,2007,
4518,2006,2008.0
4519,2006,2006.0
4521,2006,2006.0
4524,2006,
4535,2006,2009.0
454,2008,2006.0
4544,2015,2009.0
4556,2006,2006.0
4563,2006,2006.0
4576,2010,
4578,2011,2014.0
4579,2007,2010.0
4583,2006,2009.0
4591,2009,
4592,2006,2006.0
4593,2007,2006.0
4599,2015,2006.0
4603,2006,2009.0
4606,2009,2006.0
4611,2006,2008.0
4616,2006,2006.0
4617,2006,2007.0
4623,2007,2012.0
4626,2007,2016.0
4627,2007,2007.0
463,2006,
4632,2006,
4635,2012,2006.0
4640,2006,2006.0
4646,2006,2007.0
4647,2006,2012.0
4652,2006,2007.0
4655,2006,
4656,2010,
466,2006,2006.0
4660,2006,
4661,2006,2008.0
4664,2007,2010.0
4666,2006,2008.0
4672,2007,2013.0
4675,2006,2009.0
4676,2009,2008.0
4677,2006,2007.0
4693,2006,2006.0
4694,2006,2006.0
4697,2006,2009.0
470,2008,2006.0
4704,2006,2007.0
4707,2006,2008.0
4710,2006,2008.0
4712,2007,2010.0
4719,2008,2010.0
4720,2006,2007.0
4727,2006,2007.0
4730,2007,2006.0
4734,2006,2013.0
4738,2006,2006.0
4740,2006,2009.0
4741,2007,2009.0
4746,2006,2006.0
4747,2008,2006.0
4748,2006,2009.0
475,2006,2006.0
4751,2006,2008.0
4755,2006,
4756,2006,2008.0
476,2007,
4771,2006,2006.0
4773,2011,2006.0
4779,2008,2014.0
4781,2007,2008.0
4792,2008,2006.0
4793,2006,2006.0
4806,2006,2006.0
481,2006,2006.0
4810,2013,2006.0
4851,2006,
4852,2006,2009.0
4863,2006,2006.0
4866,2006,2010.0
4875,2008,2013.0
4881,2006,2007.0
4885,2006,2007.0
489,2007,2008.0
4892,2008,2011.0
4893,2009,2009.0
4898,2006,2010.0
49,2006,2009.0
4900,2006,2006.0
4903,2007,2011.0
4906,2006,2007.0
491,2008,2006.0
4913,2009,2011.0
4918,2007,2013.0
4922,2008,2014.0
493,2006,2006.0
4940,2007,2010.0
4946,2006,2007.0
4949,2007,2010.0
495,2007,2008.0
4950,2006,2009.0
4952,2006,2007.0
4955,2018,2014.0
4962,2006,2007.0
4964,2008,2011.0
4969,2006,2008.0
497,2006,2006.0
4984,2006,2013.0
4986,2006,
50,2008,2006.0
5000,2008,2012.0
5002,2008,2013.0
5009,2012,2012.0
5015,2006,2006.0
5028,2013,2014.0
503,2008,2006.0
5038,2007,2010.0
5039,2006,2008.0
505,2006,2006.0
5053,2006,2007.0
5057,2009,2014.0
506,2006,2006.0
5063,2006,2009.0
5066,2007,2007.0
5088,2007,2007.0
5089,2009,2012.0
509,2008,
5097,2008,2012.0
5098,2007,2012.0
5099,2007,2007.0
5106,2012,2011.0
5107,2008,2015.0
5114,2012,2012.0
5124,2006,2008.0
5128,2006,2008.0
513,2008,2006.0
514,2008,2006.0
5157,2009,2009.0
5178,2009,2010.0
518,2006,2006.0
5198,2006,2007.0
5199,2006,2008.0
52,2006,2006.0
520,2009,2006.0
5200,2014,
5202,2006,2006.0
5203,2006,2006.0
5209,2006,2007.0
5212,2006,2013.0
5219,2006,2009.0
5221,2007,2008.0
5222,2006,2007.0
5223,2006,2007.0
5224,2006,2019.0
5225,2009,2013.0
5226,2010,
5227,2006,2010.0
5235,2007,2009.0
5238,2008,2018.0
5247,2009,2011.0
5248,2006,2006.0
5254,2008,2013.0
5257,2017,2018.0
527,2008,2006.0
5273,2007,2012.0
5275,2007,2008.0
5277,2006,2013.0
5278,2006,2010.0
5280,2007,2010.0
5284,2008,2009.0
5285,2007,2013.0
5297,2008,2013.0
5298,2008,2013.0
5305,2007,2010.0
5306,2006,2012.0
531,2006,
5310,2007,2009.0
5311,2006,2010.0
5312,2006,2008.0
5337,2009,2009.0
5342,2006,2012.0
5343,2008,2011.0
5350,2010,2010.0
5352,2006,2014.0
5354,2013,
5358,2011,2013.0
5360,2010,
5361,2007,2010.0
5364,2015,
5365,2015,2015.0
5371,2009,2013.0
5384,2006,2013.0
5386,2007,2013.0
5397,2006,
5398,2006,2016.0
5401,2011,2011.0
5408,2007,2014.0
5409,2006,2008.0
5411,2006,2011.0
5417,2010,2011.0
542,2006,
5420,2007,2016.0
5422,2008,2011.0
5429,2008,2015.0
5432,2006,2012.0
5450,2008,2010.0
5451,2006,2008.0
5452,2010,2016.0
546,2010,2006.0
5462,2006,2008.0
5476,2007,2011.0
548,2012,2006.0
5481,2007,2011.0
5485,2007,2014.0
5486,2006,2013.0
5491,2008,2011.0
5496,2006,2012.0
5497,2006,2012.0
5498,2011,
550,2010,2006.0
5503,2008,2013.0
5506,2006,2008.0
5508,2006,2006.0
5514,2007,2011.0
5517,2008,2017.0
5518,2006,2008.0
5519,2007,2010.0
5523,2007,2009.0
5524,2010,2009.0
5529,2011,2011.0
553,2006,2006.0
5530,2015,2017.0
5538,2006,
5551,2006,2009.0
5552,2006,2014.0
5556,2015,2008.0
5557,2006,2007.0
5559,2007,2007.0
556,2006,2006.0
5561,2008,2006.0
5564,2006,
5570,2009,2008.0
5576,2006,
5578,2006,2006.0
5587,2006,2009.0
5588,2006,2006.0
559,2008,
5590,2006,2006.0
5631,2006,2006.0
5633,2006,2010.0
5640,2008,2007.0
565,2009,2006.0
5653,2006,2006.0
5663,2007,2013.0
5665,2006,2010.0
5666,2007,2011.0
5667,2007,2014.0
5673,2014,2009.0
5677,2006,2008.0
5679,2007,2014.0
5702,2006,2016.0
5712,2007,2008.0
5715,2006,2008.0
5716,2007,2011.0
573,2007,2007.0
5735,2006,2008.0
5744,2014,
5751,2009,2012.0
5760,2009,2012.0
5768,2010,
579,2007,2006.0
580,2007,2006.0
581,2006,
5811,2009,2006.0
5812,2006,2011.0
5827,2009,2013.0
5834,2007,2011.0
5842,2006,2006.0
5843,2010,2008.0
5848,2006,2010.0
585,2006,2006.0
5851,2006,2008.0
586,2006,2006.0
5861,2006,2009.0
5876,2012,2013.0
588,2007,
5887,2006,2008.0
5888,2007,2010.0
589,2010,2006.0
5890,2011,2008.0
5903,2011,
5905,2008,2006.0
5909,2006,2007.0
591,2007,2006.0
5913,2008,2013.0
5916,2008,2009.0
592,2006,
5928,2006,2007.0
593,2006,2007.0
5930,2012,2006.0
5933,2007,2012.0
5938,2006,2008.0
5942,2006,2013.0
5950,2006,2007.0
5960,2010,2009.0
5963,2006,2009.0
5971,2008,
5980,2006,
5985,2011,2011.0
5986,2006,2008.0
5995,2006,2006.0
5997,2009,2006.0
6,2006,2007.0
6002,2006,2006.0
6003,2006,2011.0
6008,2009,2015.0
601,2006,
6010,2006,2008.0
6012,2008,2012.0
6013,2008,2014.0
6019,2006,2013.0
6026,2006,2011.0
6032,2006,2007.0
6035,2006,2006.0
604,2007,
6046,2006,2009.0
6049,2006,2008.0
6050,2006,2012.0
6052,2006,2010.0
6068,2006,2007.0
6073,2006,2007.0
6086,2006,2008.0
6104,2013,2006.0
6109,2015,2012.0
6124,2009,2009.0
6132,2010,2010.0
6141,2006,2006.0
6144,2007,2006.0
6153,2007,2011.0
6155,2006,2008.0
616,2006,2011.0
6165,2006,2012.0
6175,2016,2016.0
6176,2015,2006.0
6178,2009,2013.0
6184,2010,2011.0
6195,2006,2006.0
6201,2006,2007.0
621,2006,
6220,2007,2012.0
6222,2006,2007.0
6230,2007,2007.0
6234,2006,2007.0
6235,2009,2008.0
6246,2006,2009.0
6248,2013,2008.0
6256,2006,2007.0
6262,2009,2011.0
6265,2006,2006.0
6266,2009,2014.0
6267,2006,2007.0
627,2006,2007.0
6270,2006,
6274,2006,2006.0
6288,2006,2010.0
629,2008,2012.0
6292,2007,2008.0
6293,2006,2006.0
6307,2007,2006.0
6310,2006,2008.0
6317,2009,2009.0
6319,2006,2006.0
6335,2006,2006.0
6336,2011,
634,2006,2006.0
6341,2006,2013.0
6343,2008,2011.0
6345,2010,2012.0
635,2006,2006.0
6352,2006,2006.0
6358,2006,2006.0
6364,2007,2010.0
6368,2006,2006.0
6382,2006,
6384,2006,2007.0
6387,2006,2006.0
6398,2012,2015.0
6399,2012,2013.0
6400,2009,2012.0
6402,2008,2010.0
6403,2006,2010.0
6415,2013,2013.0
6419,2006,
6421,2006,2008.0
6432,2006,2006.0
6435,2009,2010.0
6441,2006,2006.0
6444,2006,2007.0
6448,2006,2013.0
6453,2008,2011.0
6457,2007,2006.0
6461,2006,2009.0
6499,2021,2015.0
6527,2016,2014.0
653,2009,2006.0
6533,2006,2009.0
6547,2008,2012.0
6550,2009,2013.0
656,2006,2006.0
6564,2006,2008.0
6570,2010,2012.0
6576,2009,2021.0
6577,2015,
658,2006,2006.0
6582,2010,2013.0
6589,2006,2008.0
6592,2006,2007.0
6596,2010,2012.0
6597,2006,2007.0
66,2006,2006.0
660,2006,
6601,2006,2008.0
6603,2008,2008.0
6609,2008,2012.0
6617,2007,2010.0
662,2008,2006.0
6623,2010,2015.0
6632,2007,2011.0
6635,2009,2012.0
6652,2009,2011.0
6653,2010,
6656,2008,2012.0
6677,2009,2011.0
670,2008,2006.0
6713,2006,2008.0
673,2006,2006.0
6732,2006,2013.0
6740,2008,2011.0
6746,2009,2013.0
6748,2011,2015.0
676,2006,2006.0
677,2008,2006.0
6777,2008,2012.0
6781,2008,2008.0
6785,2010,2007.0
6788,2009,2011.0
6797,2011,2011.0
680,2006,2007.0
6806,2007,2013.0
681,2008,2008.0
6827,2006,2007.0
683,2006,2008.0
6835,2009,2013.0
6848,2006,2010.0
6863,2006,2008.0
6865,2013,2010.0
6867,2007,2012.0
6869,2009,2010.0
6870,2006,2012.0
6876,2006,2010.0
6878,2007,2009.0
688,2007,2006.0
6880,2007,2013.0
6883,2007,2008.0
6885,2006,2009.0
6887,2006,2011.0
6893,2007,2008.0
6895,2012,2014.0
6898,2009,2011.0
6908,2008,2012.0
6936,2010,2011.0
6938,2009,2014.0
6947,2007,2009.0
6955,2013,
6962,2006,2010.0
6968,2006,2012.0
697,2008,2010.0
6978,2006,2009.0
6979,2009,2011.0
6987,2006,2007.0
700,2007,
7002,2009,2012.0
7007,2019,2006.0
7011,2006,2007.0
7015,2006,
7016,2006,2006.0
7022,2006,
7026,2009,
7044,2006,2006.0
7048,2007,
7056,2006,2007.0
7068,2006,2006.0
7077,2008,2017.0
708,2006,
7080,2012,2007.0
7087,2009,2014.0
7095,2006,2008.0
7099,2007,2011.0
7105,2006,2006.0
7106,2012,2013.0
7125,2006,2016.0
7158,2006,2009.0
716,2006,2006.0
7161,2010,2013.0
7164,2006,2007.0
7168,2007,2013.0
7169,2007,2012.0
7175,2009,2010.0
7178,2008,2010.0
7185,2008,2011.0
719,2011,2006.0
720,2006,
7208,2006,2006.0
7215,2008,2012.0
7216,2008,2017.0
7223,2009,2012.0
7226,2010,2013.0
7227,2006,2006.0
7230,2006,
7232,2007,
7242,2006,2007.0
7243,2006,2006.0
7244,2009,2012.0
7250,2008,2011.0
7254,2006,2006.0
7266,2009,
7274,2009,2009.0
728,2010,2007.0
7287,2006,2008.0
7290,2009,2012.0
7304,2007,2011.0
7307,2006,2011.0
731,2009,2006.0
7312,2010,2011.0
7316,2008,2011.0
7320,2013,
7324,2006,2009.0
7331,2006,2007.0
7333,2006,2008.0
7335,2006,2008.0
7341,2006,2009.0
7348,2006,2007.0
7349,2006,2008.0
735,2010,2006.0
7358,2006,2011.0
736,2006,2006.0
7364,2006,2007.0
7365,2006,2008.0
737,2006,
7371,2008,
7389,2009,2013.0
7392,2010,2014.0
7396,2010,2010.0
7397,2009,2011.0
7399,2006,2007.0
74,2006,
740,2006,2006.0
7405,2006,
7409,2009,2014.0
741,2007,2006.0
7410,2006,2007.0
7412,2006,2008.0
7419,2006,2010.0
7422,2013,
7423,2009,2013.0
743,2009,2006.0
7430,2006,2009.0
7432,2009,2019.0
7435,2006,2006.0
7436,2006,2009.0
744,2006,2006.0
7448,2006,2010.0
745,2008,2006.0
7451,2006,2008.0
746,2011,2006.0
7462,2006,2010.0
7463,2006,
7468,2006,2009.0
7471,2006,2009.0
7476,2008,2009.0
7480,2006,2009.0
7485,2006,2008.0
7488,2006,2008.0
7489,2006,2008.0
7490,2006,2006.0
7498,2006,2007.0
7501,2010,
7507,2013,2006.0
751,2006,2006.0
7511,2010,2017.0
7515,2006,2012.0
7528,2006,2006.0
753,2006,2007.0
7531,2013,2012.0
7532,2006,2013.0
7536,2006,2008.0
7539,2006,2009.0
7541,2011,2011.0
7547,2006,2007.0
7548,2006,2008.0
7554,2006,2009.0
7560,2012,
7571,2009,2011.0
7577,2009,2013.0
759,2009,2006.0
7593,2010,2011.0
7595,2006,2008.0
7596,2006,2009.0
7608,2010,2011.0
761,2008,2006.0
7610,2006,2008.0
7619,2006,2007.0
762,2007,2006.0
7620,2006,2007.0
7624,2012,2009.0
763,2006,
7641,2007,2008.0
7652,2007,2007.0
7655,2015,2016.0
768,2007,2006.0
7706,2010,2016.0
7707,2006,2008.0
7725,2012,2013.0
7731,2011,2011.0
7734,2007,2008.0
7738,2010,2012.0
7739,2007,2013.0
7740,2010,2016.0
7752,2008,2011.0
7754,2011,2012.0
7755,2006,2008.0
7759,2007,2008.0
776,2006,2006.0
7765,2009,2013.0
7772,2008,2012.0
778,2012,2006.0
7781,2009,2007.0
7783,2007,2008.0
7799,2009,2013.0
78,2006,2006.0
7802,2007,2014.0
7803,2015,2021.0
784,2006,
785,2007,2011.0
7851,2011,2011.0
7853,2017,2017.0
7859,2009,2011.0
7870,2008,2010.0
7882,2009,2011.0
7888,2009,2012.0
79,2006,
791,2018,2006.0
7927,2007,2010.0
7937,2008,2011.0
7938,2006,2008.0
7942,2010,2012.0
7945,2008,2013.0
7949,2009,2013.0
795,2011,2006.0
7952,2007,
798,2006,2006.0
7980,2007,
7982,2011,2011.0
7983,2007,2012.0
7989,2006,2006.0
799,2006,
7992,2008,2007.0
7995,2008,2011.0
7996,2008,2016.0
8001,2011,2006.0
8002,2006,2011.0
8011,2006,2006.0
802,2006,2006.0
8021,2006,2008.0
8023,2010,
8024,2006,2006.0
8025,2010,2010.0
8027,2006,2006.0
8029,2006,2007.0
8036,2017,2013.0
8037,2011,2016.0
8039,2009,2012.0
804,2007,2006.0
8044,2006,2006.0
8047,2006,
8051,2007,2010.0
8055,2006,2008.0
8056,2006,2010.0
8062,2006,2007.0
8066,2006,2007.0
8070,2006,2008.0
8074,2006,2008.0
8077,2011,2012.0
8079,2007,2008.0
808,2007,2011.0
8090,2009,2011.0
81,2007,2006.0
8110,2010,
812,2006,2007.0
8126,2009,2014.0
8136,2008,2011.0
8137,2007,2008.0
8145,2008,2011.0
8155,2007,2009.0
8173,2006,2007.0
8175,2006,2010.0
8179,2008,2012.0
818,2007,2006.0
8182,2015,2014.0
8202,2008,2011.0
8203,2009,2011.0
8211,2007,2010.0
8216,2006,
8219,2006,2006.0
8228,2006,2006.0
8243,2006,2007.0
8246,2014,2017.0
8250,2006,2010.0
8252,2006,2007.0
8253,2008,2008.0
8254,2006,2007.0
8259,2006,2007.0
826,2013,2006.0
8260,2006,2007.0
8261,2006,2007.0
8265,2007,2011.0
8267,2006,2006.0
8268,2006,2008.0
8270,2009,2010.0
8272,2006,2008.0
8273,2006,2009.0
8276,2006,2008.0
8278,2006,2007.0
828,2011,2006.0
8297,2006,2008.0
8298,2007,2015.0
830,2007,2007.0
8302,2011,2013.0
831,2008,2008.0
8347,2006,2008.0
8352,2010,
8353,2008,2014.0
8356,2006,2006.0
8358,2006,2009.0
8361,2006,2009.0
8362,2006,2007.0
8368,2007,2007.0
8369,2008,2010.0
8370,2006,2006.0
8380,2006,2008.0
8385,2007,2011.0
8392,2008,2010.0
84,2006,2006.0
8418,2006,2013.0
8421,2014,2011.0
8422,2011,
843,2006,2006.0
8433,2009,2010.0
8434,2008,2010.0
846,2006,
8461,2009,
847,2011,2006.0
8471,2008,2012.0
8476,2009,2010.0
8517,2007,2011.0
8524,2008,2014.0
8536,2011,2012.0
8553,2007,2009.0
8556,2010,
856,2006,2006.0
858,2006,
8581,2008,2006.0
8585,2009,2006.0
8586,2007,2007.0
8587,2008,2013.0
8588,2006,
859,2006,2006.0
8598,2006,2007.0
8607,2006,2006.0
8609,2009,2011.0
8610,2006,2006.0
8623,2007,2012.0
8628,2006,2015.0
863,2006,2007.0
8631,2009,2011.0
8653,2008,2008.0
87,2007,2006.0
8709,2006,2009.0
8722,2009,2010.0
8728,2008,2013.0
873,2008,2006.0
8742,2006,2007.0
8743,2009,2012.0
8753,2011,2013.0
8760,2006,2011.0
877,2007,2009.0
8779,2010,2011.0
8782,2009,2010.0
8790,2009,2014.0
8793,2009,2014.0
8796,2010,2011.0
88,2011,2006.0
8810,2009,2011.0
8822,2008,2014.0
8841,2006,2009.0
8844,2008,2009.0
8846,2013,
8848,2006,2012.0
8851,2010,2010.0
886,2013,2013.0
887,2006,2006.0
8879,2009,2011.0
888,2010,
890,2010,2006.0
891,2006,2006.0
892,2006,2006.0
893,2007,2006.0
8948,2012,2011.0
8951,2006,2007.0
8963,2007,2010.0
8975,2006,2006.0
8979,2008,2015.0
8989,2006,2011.0
900,2006,2007.0
9009,2008,2008.0
9013,2008,2010.0
9015,2008,2009.0
9018,2007,2010.0
903,2007,2006.0
9037,2011,2014.0
9048,2007,2011.0
905,2008,2006.0
9054,2008,2010.0
906,2008,2006.0
9060,2009,2011.0
9063,2007,2011.0
907,2006,
9072,2006,2007.0
9077,2006,2010.0
9111,2011,2011.0
9112,2009,2013.0
9113,2008,2015.0
9129,2008,2009.0
9132,2011,2011.0
9134,2007,2009.0
9137,2013,2009.0
914,2007,2010.0
9147,2007,2011.0
9149,2019,2016.0
9154,2011,
9155,2011,
9166,2008,2009.0
917,2008,2011.0
9174,2008,2012.0
9176,2008,2013.0
918,2012,2006.0
9187,2008,2012.0
9205,2006,2010.0
9210,2006,2009.0
9211,2012,2012.0
9218,2010,2011.0
9219,2009,2010.0
9235,2006,2012.0
9241,2007,2012.0
9246,2006,2012.0
9253,2010,2015.0
9256,2009,2012.0
9261,2013,
9266,2012,2014.0
927,2006,2006.0
9272,2007,2008.0
9284,2010,2012.0
9286,2011,2012.0
9303,2015,2013.0
9308,2009,2013.0
931,2006,
9312,2009,2012.0
9323,2011,2012.0
9325,2010,2012.0
9328,2007,2009.0
9331,2007,2010.0
9334,2006,2010.0
9337,2009,
934,2006,2006.0
9343,2006,2008.0
9345,2010,2012.0
936,2009,2009.0
9362,2006,2009.0
9364,2008,
9368,2006,2008.0
9373,2007,2012.0
9393,2010,2012.0
9399,2009,2016.0
94,2011,2006.0
941,2012,2006.0
9412,2012,2013.0
9414,2007,2012.0
9417,2008,2009.0
9423,2009,2013.0
9431,2010,2014.0
9433,2010,2015.0
9434,2011,2012.0
9442,2010,2013.0
945,2012,2006.0
9450,2007,2010.0
9461,2007,2012.0
947,2007,2006.0
9489,2011,2013.0
949,2009,2006.0
9492,2008,2009.0
9494,2011,2011.0
950,2006,2006.0
9514,2006,2012.0
9515,2008,2010.0
9533,2008,2009.0
954,2010,2006.0
9542,2007,2011.0
9549,2006,2009.0
955,2008,2006.0
9557,2008,2009.0
9559,2010,2017.0
957,2006,2009.0
9571,2007,2009.0
9587,2009,2010.0
9591,2010,2013.0
96,2008,2006.0
9627,2009,2012.0
9628,2007,2010.0
9629,2008,2014.0
9632,2009,2012.0
965,2007,2006.0
9654,2011,2015.0
9665,2009,2015.0
9674,2015,2014.0
9682,2006,2008.0
9684,2006,2008.0
9689,2007,2009.0
9698,2006,2009.0
9700,2006,2010.0
971,2010,2006.0
9718,2009,2014.0
972,2007,
9741,2010,2014.0
9744,2009,2014.0
9756,2012,2013.0
9761,2011,2012.0
9767,2010,2014.0
9774,2008,2014.0
9776,2010,2011.0
9777,2010,2013.0
9780,2009,
9785,2009,2011.0
9787,2010,2015.0
98,2007,2006.0
9802,2006,2010.0
9807,2009,2013.0
9810,2009,2012.0
9832,2007,2009.0
9847,2006,2009.0
9848,2006,2010.0
985,2006,2006.0
9853,2009,2013.0
9854,2007,2011.0
9856,2006,2010.0
9866,2008,2013.0
9869,2008,
9871,2006,2010.0
9874,2009,2011.0
9875,2006,2011.0
9883,2006,2009.0
9884,2008,2010.0
9885,2009,
9886,2006,2011.0
9887,2008,2016.0
9889,2011,2008.0
9892,2006,2008.0
9893,2006,2009.0
9895,2011,2012.0
990,2007,2006.0
9901,2007,2008.0
9904,2011,2013.0
991,2007,
9911,2006,2010.0
9919,2013,2016.0
992,2006,2006.0
9920,2007,2009.0
9922,2009,2014.0
9926,2007,2009.0
9927,2006,2008.0
9929,2009,2012.0
9943,2008,2012.0
9948,2006,2010.0
995,2008,2006.0
9952,2010,2015.0
9953,2010,2016.0
9954,2011,2015.0
9955,2006,2010.0
9957,2006,2007.0
9958,2006,2012.0
9959,2009,2014.0
9968,2010,2014.0
9981,2006,2009.0
999,2008,2011.0
sa105000,2017,
sa1052762,2021,
sa1052903,2021,
sa1052965,2021,
sa1053075,2019,
sa1054436,2019,
sa1055770,2021,
sa1056110,2019,
sa1056328,2021,
sa1115500,2021,
sa1115752,2019,
sa1115765,2021,
sa1115804,2019,
sa1115884,2021,
sa1115979,2021,
sa1116000,2021,
sa1116023,2021,
sa1159681,2021,
sa1159694,2019,
sa1159899,2021,
sa1159952,2019,
sa1169595,2021,
sa1169620,2019,
sa1169761,2019,
sa1169773,2019,
sa1169803,2021,
sa1169809,2019,
sa1169818,2021,
sa1169866,2021,
sa1169878,2021,
sa1169879,2021,
sa1169881,2021,
sa1169894,2019,
sa1169940,2021,
sa1169950,2021,
sa1169956,2021,
sa1169970,2019,
sa1169978,2019,
sa1169997,2021,
sa1170006,2021,
sa1170041,2021,
sa1170052,2021,
sa1170279,2019,
sa1170296,2019,
sa1170316,2021,
sa1170340,2019,
sa1170373,2021,
sa1170420,2019,
sa1170427,2019,
sa1170432,2019,
sa1170451,2019,
sa1170495,2021,
sa1170516,2019,
sa1170546,2019,
sa1170553,2019,
sa1170568,2019,
sa1170570,2019,
sa1170615,2021,
sa1170619,2021,
sa1170620,2021,
sa1170749,2021,
sa1170766,2021,
sa1170874,2019,
sa1170876,2021,
sa1170897,2021,
sa1170904,2019,
sa1170909,2019,
sa1171013,2021,
sa1171934,2019,
sa1172729,2019,
sa1172775,2021,
sa1172786,2019,
sa1172803,2019,
sa168567,2007,
sa183957,2006,
sa184229,2006,
sa184232,2006,
sa184238,2008,
sa185525,2018,
sa185700,2011,
sa185841,2014,
sa187955,2017,
sa192041,2008,
sa192829,2006,
sa193994,2006,
sa195266,2010,
sa197992,2006,
sa198019,2006,
sa198033,2006,
sa198044,2006,
sa198108,2006,
sa198113,2006,
sa198148,2006,
sa198152,2006,
sa198160,2006,
sa198177,2006,
sa198181,2006,
sa198185,2006,
sa198187,2006,
sa198203,2006,
sa198210,2006,
sa198219,2006,
sa198249,2007,
sa198268,2006,
sa198276,2006,
sa198284,2006,
sa198286,2006,
sa198295,2006,
sa198302,2006,
sa198315,2006,
sa198386,2006,
sa198396,2006,
sa198399,2006,
sa198413,2008,
sa198415,2006,
sa198470,2006,
sa198576,2006,
sa198590,2007,
sa198676,2006,
sa198691,2006,
sa198746,2006,
sa198748,2006,
sa198800,2006,
sa198824,2006,
sa198827,2006,
sa198828,2006,
sa198843,2009,
sa198879,2007,
sa198892,2006,
sa198923,2006,
sa198932,2006,
sa198958,2006,
sa198964,2006,
sa198973,2006,
sa198974,2006,
sa198987,2006,
sa199015,2006,
sa199045,2006,
sa199051,2006,
sa199056,2006,
sa199057,2006,
sa199062,2006,
sa199071,2006,
sa199105,2006,
sa199116,2006,
sa199126,2006,
sa199134,2006,
sa199135,2006,
sa199137,2006,
sa199160,2006,
sa199167,2006,
sa199173,2006,
sa199185,2006,
sa199211,2006,
sa199212,2006,
sa199222,2006,
sa199234,2006,
sa199245,2006,
sa199270,2006,
sa199272,2006,
sa199279,2006,
sa199286,2006,
sa199287,2006,
sa199288,2006,
sa199479,2006,
sa199492,2009,
sa199527,2006,
sa199531,2006,
sa199599,2007,
sa199615,2006,
sa199618,2006,
sa199634,2006,
sa199653,2006,
sa199657,2006,
sa199658,2006,
sa199659,2007,
sa199668,2007,
sa199677,2006,
sa199690,2006,
sa199694,2006,
sa199696,2006,
sa199707,2006,
sa199710,2006,
sa199723,2006,
sa199738,2006,
sa199748,2006,
sa199752,2006,
sa199764,2006,
sa199851,2006,
sa199853,2006,
sa199856,2008,
sa199874,2007,
sa199899,2006,
sa199915,2006,
sa199949,2006,
sa199950,2006,
sa199997,2006,
sa200014,2006,
sa200015,2006,
sa200029,2006,
sa200045,2006,
sa200063,2006,
sa200065,2006,
sa200069,2006,
sa200070,2006,
sa200086,2007,
sa200092,2006,
sa200095,2006,
sa200099,2006,
sa200103,2006,
sa200105,2006,
sa200107,2006,
sa200139,2006,
sa200141,2006,
sa200157,2006,
sa200174,2006,
sa200180,2006,
sa200183,2006,
sa200184,2006,
sa200186,2006,
sa200201,2008,
sa200207,2006,
sa200210,2006,
sa200211,2006,
sa200213,2006,
sa200225,2006,
sa200226,2006,
sa200244,2006,
sa200268,2006,
sa200276,2006,
sa200288,2006,
sa200289,2006,
sa200296,2006,
sa200301,2006,
sa200304,2006,
sa200313,2006,
sa200316,2007,
sa200342,2006,
sa200344,2007,
sa200358,2006,
sa200361,2006,
sa200367,2006,
sa200372,2006,
sa200375,2006,
sa200376,2006,
sa200380,2006,
sa200419,2006,
sa200420,2006,
sa200434,2006,
sa200441,2006,
sa200449,2006,
sa200453,2006,
sa200479,2006,
sa200482,2006,
sa200485,2006,
sa200497,2006,
sa200506,2006,
sa200523,2006,
sa200556,2006,
sa200558,2006,
sa200559,2006,
sa200563,2006,
sa200574,2008,
sa200576,2006,
sa200578,2006,
sa200580,2006,
sa200581,2006,
sa200593,2006,
sa200599,2007,
sa200609,2006,
sa200663,2006,
sa200721,2006,
sa200737,2006,
sa200786,2007,
sa200791,2006,
sa200795,2006,
sa200862,2006,
sa200882,2007,
sa200925,2006,
sa200949,2006,
sa200952,2012,
sa200955,2006,
sa200984,2006,
sa200986,2006,
sa200991,2006,
sa201017,2006,
sa201039,2006,
sa201061,2006,
sa201062,2006,
sa201065,2006,
sa201066,2006,
sa201081,2006,
sa201082,2006,
sa201086,2006,
sa201087,2006,
sa201090,2006,
sa201101,2006,
sa201102,2006,
sa201125,2006,
sa201142,2006,
sa201157,2006,
sa201193,2006,
sa201203,2006,
sa201210,2006,
sa201212,2006,
sa201213,2006,
sa201234,2006,
sa201244,2006,
sa201247,2006,
sa201248,2006,
sa201250,2006,
sa201258,2006,
sa201265,2008,
sa201269,2006,
sa201271,2006,
sa201275,2006,
sa201324,2006,
sa201325,2006,
sa201326,2006,
sa201327,2007,
sa201344,2006,
sa201378,2006,
sa201380,2007,
sa201388,2006,
sa201409,2006,
sa201423,2007,
sa201443,2006,
sa201453,2006,
sa201465,2006,
sa201466,2006,
sa201467,2007,
sa201469,2006,
sa201486,2006,
sa201493,2006,
sa201500,2006,
sa201503,2006,
sa201505,2006,
sa201506,2006,
sa201513,2006,
sa201519,2006,
sa201530,2006,
sa201534,2007,
sa201537,2006,
sa201539,2006,
sa201545,2006,
sa201549,2006,
sa201557,2006,
sa201560,2006,
sa201561,2006,
sa201563,2007,
sa201574,2006,
sa201577,2008,
sa201583,2006,
sa201588,2006,
sa201590,2006,
sa201597,2006,
sa201600,2006,
sa201601,2006,
sa201604,2006,
sa201607,2006,
sa201608,2006,
sa201610,2006,
sa201612,2006,
sa201614,2008,
sa201626,2006,
sa201629,2006,
sa201631,2006,
sa201647,2006,
sa201661,2006,
sa201675,2006,
sa201678,2006,
sa201680,2006,
sa201684,2006,
sa201694,2007,
sa201700,2006,
sa201704,2006,
sa201706,2006,
sa201715,2006,
sa201726,2006,
sa201750,2006,
sa201751,2006,
sa201755,2006,
sa201757,2006,
sa201759,2006,
sa201765,2006,
sa201774,2006,
sa201776,2006,
sa201781,2006,
sa201787,2006,
sa201791,2006,
sa201792,2006,
sa201793,2006,
sa201798,2006,
sa201804,2006,
sa201809,2006,
sa201812,2006,
sa201822,2006,
sa201825,2006,
sa201829,2006,
sa201831,2006,
sa201837,2006,
sa201838,2006,
sa201840,2006,
sa201846,2006,
sa201847,2006,
sa201848,2006,
sa201849,2006,
sa201852,2006,
sa201860,2006,
sa201861,2006,
sa201868,2006,
sa201870,2008,
sa201873,2006,
sa201880,2006,
sa201892,2006,
sa201896,2006,
sa201898,2006,
sa201899,2006,
sa201904,2010,
sa201918,2006,
sa201923,2006,
sa201927,2006,
sa201932,2006,
sa201935,2006,
sa201993,2006,
sa202000,2006,
sa202021,2006,
sa202049,2006,
sa202050,2006,
sa202053,2006,
sa202057,2006,
sa202063,2006,
sa202067,2006,
sa202079,2006,
sa202098,2006,
sa202102,2010,
sa202103,2006,
sa202104,2006,
sa202106,2006,
sa202119,2006,
sa202120,2006,
sa202124,2006,
sa202137,2006,
sa202138,2006,
sa202144,2006,
sa202151,2006,
sa202154,2006,
sa202221,2006,
sa202225,2006,
sa202232,2006,
sa202233,2006,
sa202240,2006,
sa202242,2009,
sa202246,2006,
sa202248,2006,
sa202261,2006,
sa202297,2006,
sa202299,2006,
sa202300,2006,
sa202302,2006,
sa202303,2006,
sa202308,2006,
sa202313,2006,
sa202318,2006,
sa202325,2008,
sa202330,2006,
sa202341,2006,
sa202342,2006,
sa202345,2006,
sa202353,2006,
sa202355,2006,
sa202357,2006,
sa202363,2007,
sa202364,2006,
sa202365,2006,
sa202368,2006,
sa202370,2006,
sa202371,2006,
sa202374,2006,
sa202378,2006,
sa202381,2006,
sa202382,2006,
sa202384,2006,
sa202391,2006,
sa202394,2006,
sa202403,2006,
sa202414,2006,
sa202460,2007,
sa202477,2008,
sa202544,2006,
sa202626,2006,
sa202644,2006,
sa202653,2006,
sa202659,2006,
sa202661,2006,
sa202666,2006,
sa202669,2006,
sa202670,2006,
sa202677,2006,
sa202680,2006,
sa202707,2009,
sa202744,2006,
sa202757,2006,
sa202762,2006,
sa202764,2006,
sa202773,2006,
sa202775,2006,
sa202783,2006,
sa202820,2006,
sa202822,2006,
sa202823,2006,
sa202824,2006,
sa202826,2006,
sa202846,2006,
sa202867,2006,
sa202868,2006,
sa202878,2006,
sa202881,2006,
sa202890,2006,
sa202901,2006,
sa202919,2006,
sa202930,2006,
sa202947,2006,
sa203042,2006,
sa203124,2006,
sa203149,2006,
sa203172,2006,
sa203192,2006,
sa203286,2006,
sa203287,2006,
sa203337,2006,
sa203425,2006,
sa203433,2006,
sa203434,2006,
sa203768,2006,
sa203803,2008,
sa203881,2006,
sa203887,2006,
sa203894,2006,
sa203900,2006,
sa203920,2006,
sa203940,2006,
sa205121,2007,
sa205395,2008,
sa205611,2006,
sa205847,2006,
sa206208,2006,
sa206210,2007,
sa206219,2006,
sa206467,2006,
sa206496,2012,
sa206749,2006,
sa206785,2006,
sa206823,2006,
sa206826,2006,
sa206991,2006,
sa207057,2006,
sa207088,2006,
sa207101,2006,
sa207119,2006,
sa207149,2006,
sa207152,2006,
sa207412,2006,
sa207424,2006,
sa207615,2006,
sa207653,2006,
sa207788,2006,
sa207925,2010,
sa208238,2006,
sa208294,2007,
sa208503,2006,
sa208622,2006,
sa208844,2006,
sa208884,2006,
sa208902,2006,
sa208908,2007,
sa209103,2006,
sa209108,2006,
sa209463,2006,
sa209497,2010,
sa209508,2008,
sa209515,2006,
sa209718,2006,
sa209737,2006,
sa209869,2006,
sa209887,2006,
sa209900,2006,
sa210143,2006,
sa210202,2006,
sa210203,2006,
sa210413,2006,
sa210508,2008,
sa210653,2006,
sa210998,2009,
sa211013,2006,
sa211044,2006,
sa211054,2006,
sa211071,2006,
sa211121,2006,
sa211343,2006,
sa211408,2006,
sa211480,2006,
sa211513,2006,
sa211652,2007,
sa211707,2006,
sa211741,2006,
sa211827,2007,
sa212075,2006,
sa212115,2006,
sa212121,2006,
sa212191,2006,
sa212417,2009,
sa212544,2006,
sa212592,2006,
sa212911,2006,
sa212917,2006,
sa212944,2011,
sa213149,2006,
sa213432,2006,
sa213464,2006,
sa225652,2006,
sa225655,2006,
sa225660,2006,
sa225663,2006,
sa225667,2007,
sa225671,2006,
sa225672,2006,
sa225677,2006,
sa225678,2006,
sa225681,2006,
sa225682,2006,
sa225685,2006,
sa225696,2006,
sa225703,2006,
sa225705,2006,
sa225712,2006,
sa225716,2006,
sa225722,2006,
sa225728,2006,
sa225730,2006,
sa225731,2006,
sa225732,2006,
sa225736,2006,
sa225740,2006,
sa225744,2006,
sa225745,2007,
sa225750,2006,
sa225758,2006,
sa225759,2006,
sa225765,2006,
sa225782,2006,
sa225783,2006,
sa225788,2007,
sa225789,2006,
sa225794,2006,
sa225796,2006,
sa225801,2006,
sa225808,2006,
sa225821,2006,
sa225824,2006,
sa225828,2006,
sa225831,2006,
sa225832,2006,
sa225836,2006,
sa225842,2006,
sa225845,2006,
sa225851,2006,
sa225873,2006,
sa225876,2009,
sa225880,2006,
sa225881,2006,
sa225887,2006,
sa225896,2006,
sa225898,2006,
sa225906,2006,
sa225908,2006,
sa225913,2006,
sa225917,2006,
sa225936,2006,
sa225941,2006,
sa225955,2006,
sa225958,2006,
sa225961,2006,
sa225968,2006,
sa225969,2006,
sa225975,2006,
sa225980,2006,
sa225987,2007,
sa225988,2006,
sa225990,2006,
sa225991,2006,
sa225992,2006,
sa225993,2006,
sa225997,2006,
sa225999,2006,
sa226004,2006,
sa226026,2006,
sa226027,2006,
sa226030,2008,
sa226043,2006,
sa226045,2006,
sa226050,2006,
sa226076,2006,
sa226099,2006,
sa226123,2007,
sa226126,2006,
sa226127,2006,
sa226130,2006,
sa226132,2006,
sa226145,2006,
sa226147,2006,
sa226151,2006,
sa226153,2006,
sa226156,2006,
sa226157,2006,
sa226159,2006,
sa226165,2006,
sa226168,2006,
sa226172,2006,
sa226173,2006,
sa226178,2006,
sa226208,2006,
sa226210,2006,
sa226215,2006,
sa226217,2007,
sa226235,2009,
sa226241,2006,
sa226247,2006,
sa226256,2006,
sa226259,2006,
sa226262,2006,
sa226268,2006,
sa226269,2006,
sa226270,2006,
sa226274,2006,
sa226279,2007,
sa226298,2006,
sa226306,2006,
sa226314,2006,
sa226318,2006,
sa226322,2006,
sa226337,2006,
sa226339,2006,
sa226340,2006,
sa226345,2006,
sa226346,2006,
sa226348,2006,
sa226360,2006,
sa226379,2006,
sa226381,2012,
sa226430,2006,
sa226431,2006,
sa226457,2006,
sa226474,2006,
sa226486,2009,
sa226493,2006,
sa226520,2007,
sa227568,2006,
sa228858,2006,
sa228863,2006,
sa228866,2008,
sa236455,2006,
sa236456,2006,
sa236457,2007,
sa236458,2006,
sa236468,2006,
sa243491,2006,
sa243989,2006,
sa243993,2006,
sa244003,2006,
sa244004,2006,
sa244006,2006,
sa244018,2007,
sa244024,2006,
sa244027,2006,
sa244028,2006,
sa244031,2006,
sa244038,2006,
sa244040,2006,
sa244043,2006,
sa244047,2007,
sa244055,2006,
sa244057,2006,
sa244060,2006,
sa244078,2006,
sa244081,2006,
sa244082,2006,
sa244090,2006,
sa244092,2006,
sa244094,2006,
sa244103,2007,
sa244105,2006,
sa244110,2006,
sa244115,2009,
sa244117,2007,
sa244147,2006,
sa244148,2006,
sa244156,2007,
sa244166,2006,
sa244170,2006,
sa244172,2007,
sa244174,2006,
sa244177,2006,
sa244178,2006,
sa244189,2006,
sa244195,2007,
sa244219,2006,
sa244220,2006,
sa244221,2007,
sa244227,2006,
sa244229,2006,
sa244234,2006,
sa244235,2006,
sa244242,2006,
sa244246,2006,
sa244248,2008,
sa244287,2006,
sa244288,2006,
sa244292,2006,
sa244293,2006,
sa244307,2006,
sa244326,2006,
sa244328,2006,
sa244333,2006,
sa244345,2006,
sa244346,2006,
sa244353,2006,
sa244356,2006,
sa244363,2006,
sa244367,2006,
sa244371,2010,
sa244372,2006,
sa244376,2006,
sa244377,2006,
sa244385,2006,
sa244469,2006,
sa244705,2006,
sa244913,2006,
sa245445,2006,
sa245541,2006,
sa245574,2006,
sa245577,2006,
sa245874,2010,
sa247444,2006,
sa247669,2006,
sa248180,2006,
sa248602,2007,
sa252879,2006,
sa252881,2006,
sa252882,2006,
sa253132,2006,
sa253193,2006,
sa253230,2012,
sa253233,2006,
sa253235,2007,
sa253246,2006,
sa253247,2006,
sa253248,2006,
sa253266,2006,
sa253270,2006,
sa253271,2006,
sa253284,2006,
sa253286,2006,
sa253288,2006,
sa253289,2006,
sa253292,2006,
sa253299,2007,
sa253302,2006,
sa253306,2006,
sa253307,2006,
sa253312,2006,
sa253319,2006,
sa253330,2006,
sa253332,2006,
sa253549,2006,
sa253551,2006,
sa253555,2006,
sa253556,2010,
sa253562,2006,
sa253570,2006,
sa253573,2006,
sa253575,2006,
sa253579,2006,
sa253580,2006,
sa253625,2006,
sa253627,2006,
sa253630,2006,
sa253642,2007,
sa253643,2006,
sa253647,2007,
sa253703,2006,
sa253705,2006,
sa253707,2006,
sa253709,2006,
sa253714,2006,
sa253718,2007,
sa253723,2006,
sa253725,2006,
sa253726,2006,
sa253734,2007,
sa253738,2006,
sa253740,2006,
sa253743,2006,
sa253746,2006,
sa253748,2006,
sa253749,2006,
sa253750,2006,
sa253753,2006,
sa253754,2006,
sa253756,2006,
sa253757,2006,
sa253758,2006,
sa253760,2006,
sa253763,2006,
sa253764,2006,
sa253771,2009,
sa253773,2006,
sa253784,2010,
sa253791,2006,
sa253792,2006,
sa253795,2006,
sa253800,2006,
sa253801,2006,
sa253802,2006,
sa253803,2006,
sa253811,2006,
sa253816,2006,
sa253819,2006,
sa253824,2006,
sa253825,2006,
sa253826,2006,
sa253829,2006,
sa253831,2006,
sa253840,2006,
sa253843,2006,
sa253848,2006,
sa253853,2006,
sa253855,2006,
sa253859,2006,
sa253875,2006,
sa253876,2006,
sa253914,2006,
sa253915,2006,
sa253916,2006,
sa253918,2006,
sa253923,2006,
sa253928,2006,
sa253929,2006,
sa253933,2007,
sa253934,2006,
sa253935,2006,
sa253941,2006,
sa253942,2006,
sa253944,2006,
sa253945,2006,
sa253949,2006,
sa253952,2006,
sa253955,2006,
sa253957,2006,
sa253959,2006,
sa253960,2006,
sa253964,2006,
sa253967,2007,
sa253969,2006,
sa253977,2006,
sa253984,2006,
sa254024,2008,
sa254029,2006,
sa254031,2006,
sa254033,2006,
sa254034,2006,
sa254036,2006,
sa254041,2006,
sa254148,2006,
sa254151,2006,
sa254152,2006,
sa254153,2006,
sa254156,2006,
sa254157,2006,
sa254162,2009,
sa254165,2006,
sa254175,2006,
sa254182,2006,
sa254183,2006,
sa254185,2006,
sa254187,2007,
sa254188,2006,
sa254195,2006,
sa254237,2006,
sa254239,2006,
sa254241,2006,
sa254314,2010,
sa254327,2007,
sa254333,2006,
sa254335,2007,
sa254336,2006,
sa254343,2006,
sa254344,2007,
sa254347,2008,
sa254350,2006,
sa254351,2006,
sa254352,2006,
sa254353,2006,
sa254354,2006,
sa254355,2006,
sa254357,2016,
sa254420,2006,
sa254422,2006,
sa254423,2006,
sa254442,2006,
sa254444,2007,
sa254446,2006,
sa254449,2006,
sa254452,2006,
sa254453,2006,
sa254454,2006,
sa254456,2007,
sa254458,2006,
sa254461,2006,
sa254467,2006,
sa254470,2006,
sa254471,2006,
sa254472,2006,
sa254474,2007,
sa254478,2006,
sa254481,2006,
sa254485,2006,
sa254489,2006,
sa254490,2006,
sa254493,2006,
sa254494,2006,
sa254497,2006,
sa254498,2006,
sa254500,2006,
sa254502,2007,
sa254503,2006,
sa254504,2006,
sa254505,2007,
sa254509,2006,
sa254513,2006,
sa254517,2006,
sa254518,2006,
sa254519,2006,
sa254527,2007,
sa254528,2006,
sa254533,2007,
sa254534,2006,
sa254536,2006,
sa254537,2006,
sa254539,2006,
sa254540,2006,
sa254545,2006,
sa254548,2006,
sa254550,2006,
sa254554,2006,
sa254566,2006,
sa254568,2006,
sa254572,2006,
sa254576,2007,
sa254577,2006,
sa254583,2006,
sa254590,2006,
sa254591,2009,
sa254601,2006,
sa254609,2008,
sa254621,2006,
sa254624,2007,
sa254626,2006,
sa254628,2007,
sa254636,2006,
sa254639,2006,
sa254640,2006,
sa254641,2006,
sa254642,2006,
sa254653,2007,
sa254654,2006,
sa254662,2006,
sa254672,2006,
sa254673,2006,
sa254674,2006,
sa254678,2006,
sa254682,2008,
sa254685,2007,
sa254690,2006,
sa254694,2006,
sa254695,2006,
sa254697,2006,
sa254759,2006,
sa254761,2006,
sa254797,2007,
sa254832,2006,
sa254889,2007,
sa254899,2006,
sa254902,2006,
sa254906,2006,
sa254912,2006,
sa254917,2006,
sa262046,2006,
sa262052,2006,
sa262060,2010,
sa262061,2008,
sa262069,2006,
sa262070,2006,
sa262084,2006,
sa262096,2006,
sa262098,2006,
sa262134,2011,
sa262143,2006,
sa262148,2007,
sa262153,2006,
sa262155,2006,
sa262156,2006,
sa262158,2010,
sa262161,2006,
sa262169,2006,
sa262262,2006,
sa262263,2006,
sa262272,2007,
sa262279,2007,
sa262286,2006,
sa262429,2006,
sa262430,2006,
sa262432,2009,
sa262433,2006,
sa262435,2008,
sa262440,2006,
sa262447,2006,
sa262553,2006,
sa262555,2006,
sa262562,2006,
sa262564,2006,
sa262810,2006,
sa262859,2006,
sa263268,2006,
sa267843,2008,
sa267846,2009,
sa268142,2006,
sa268421,2006,
sa268556,2010,
sa268668,2006,
sa271308,2006,
sa272556,2006,
sa273165,2006,
sa273168,2006,
sa273169,2006,
sa275853,2006,
sa276659,2006,
sa282907,2015,
sa283191,2007,
sa283192,2006,
sa283193,2006,
sa283194,2006,
sa283461,2006,
sa283464,2007,
sa284807,2006,
sa284888,2007,
sa285954,2006,
sa286039,2006,
sa286168,2006,
sa286639,2006,
sa286640,2006,
sa286643,2006,
sa287103,2008,
sa287534,2009,
sa287833,2006,
sa288317,2006,
sa288449,2006,
sa288469,2006,
sa288758,2006,
sa288761,2010,
sa288762,2006,
sa288764,2007,
sa288768,2006,
sa288771,2006,
sa288772,2006,
sa288775,2006,
sa288779,2007,
sa288782,2006,
sa288792,2007,
sa288795,2006,
sa288798,2007,
sa289011,2006,
sa289014,2007,
sa289017,2006,
sa289020,2006,
sa290174,2008,
sa290175,2006,
sa290179,2007,
sa290183,2009,
sa290185,2007,
sa290196,2006,
sa290197,2006,
sa290199,2006,
sa290200,2006,
sa290201,2006,
sa290207,2006,
sa290209,2006,
sa290210,2007,
sa290212,2009,
sa290214,2006,
sa290222,2006,
sa290223,2006,
sa290224,2007,
sa290225,2006,
sa290227,2006,
sa290229,2006,
sa290364,2006,
sa290365,2006,
sa290370,2006,
sa290371,2006,
sa290372,2006,
sa290379,2006,
sa290474,2008,
sa290477,2006,
sa290503,2006,
sa290607,2006,
sa290608,2006,
sa290610,2006,
sa290612,2006,
sa290613,2006,
sa290617,2006,
sa290622,2006,
sa290623,2006,
sa290638,2006,
sa290640,2006,
sa290646,2009,
sa291067,2007,
sa291071,2006,
sa291074,2006,
sa291075,2006,
sa291077,2007,
sa291079,2006,
sa291080,2006,
sa291083,2006,
sa291085,2006,
sa291089,2007,
sa291090,2006,
sa291091,2007,
sa291093,2006,
sa291094,2006,
sa291095,2006,
sa291097,2006,
sa291098,2006,
sa291101,2006,
sa291104,2006,
sa291105,2006,
sa291106,2008,
sa291107,2006,
sa291109,2006,
sa291115,2006,
sa291121,2006,
sa291123,2006,
sa291124,2006,
sa291127,2006,
sa291129,2006,
sa291131,2006,
sa291134,2006,
sa291135,2006,
sa291136,2006,
sa291137,2006,
sa291141,2006,
sa291142,2007,
sa291146,2006,
sa291148,2006,
sa291152,2007,
sa291153,2006,
sa291158,2006,
sa291160,2007,
sa291161,2006,
sa291163,2006,
sa291167,2008,
sa291168,2006,
sa291170,2006,
sa291171,2007,
sa291238,2008,
sa291240,2006,
sa291242,2007,
sa291246,2006,
sa291247,2007,
sa291259,2006,
sa291261,2006,
sa291263,2007,
sa291264,2007,
sa291291,2006,
sa291314,2006,
sa291400,2006,
sa291408,2011,
sa291412,2008,
sa291439,2006,
sa291442,2007,
sa291462,2006,
sa291483,2006,
sa291486,2006,
sa291494,2006,
sa291501,2008,
sa291515,2006,
sa291517,2007,
sa291524,2006,
sa291526,2006,
sa291534,2006,
sa291537,2007,
sa291544,2006,
sa291548,2006,
sa291698,2006,
sa291702,2006,
sa291705,2006,
sa291709,2006,
sa291710,2006,
sa291711,2006,
sa291716,2006,
sa291719,2006,
sa291723,2006,
sa291727,2006,
sa291729,2006,
sa291730,2006,
sa291732,2009,
sa291733,2006,
sa291734,2006,
sa291736,2006,
sa291738,2007,
sa291745,2006,
sa291746,2006,
sa291748,2007,
sa291751,2006,
sa291754,2007,
sa291755,2006,
sa291759,2007,
sa291760,2006,
sa291762,2006,
sa291765,2006,
sa291768,2007,
sa291769,2006,
sa291770,2006,
sa291771,2006,
sa291772,2007,
sa291780,2006,
sa291781,2006,
sa291783,2006,
sa291784,2006,
sa291788,2006,
sa291797,2006,
sa291799,2006,
sa291800,2006,
sa291803,2006,
sa291804,2006,
sa291808,2007,
sa291809,2006,
sa291812,2006,
sa291814,2006,
sa291815,2006,
sa291818,2006,
sa291821,2007,
sa291822,2006,
sa291825,2006,
sa292359,2006,
sa292362,2006,
sa292363,2006,
sa292368,2006,
sa292372,2006,
sa292374,2006,
sa292377,2006,
sa292378,2006,
sa292715,2006,
sa292720,2006,
sa292721,2006,
sa293083,2006,
sa293084,2006,
sa293085,2006,
sa293089,2006,
sa293091,2008,
sa293094,2006,
sa293097,2006,
sa293101,2006,
sa293105,2006,
sa293106,2006,
sa293187,2006,
sa293188,2006,
sa293190,2006,
sa293191,2006,
sa293197,2006,
sa293199,2006,
sa293201,2006,
sa293207,2006,
sa293209,2006,
sa293210,2006,
sa293518,2006,
sa293519,2006,
sa293520,2006,
sa293523,2006,
sa293529,2006,
sa293531,2006,
sa293537,2006,
sa293540,2006,
sa293541,2007,
sa293542,2006,
sa293544,2006,
sa293546,2006,
sa293547,2006,
sa293548,2006,
sa293550,2007,
sa293551,2006,
sa293554,2006,
sa293555,2006,
sa293559,2006,
sa293563,2006,
sa293564,2006,
sa293565,2006,
sa293566,2006,
sa293568,2006,
sa293569,2007,
sa293570,2006,
sa293571,2006,
sa293690,2006,
sa293693,2006,
sa293711,2007,
sa293725,2006,
sa293727,2006,
sa293728,2006,
sa293730,2006,
sa293732,2006,
sa293741,2006,
sa293782,2006,
sa293797,2006,
sa293846,2006,
sa293857,2006,
sa293865,2006,
sa293973,2006,
sa293982,2006,
sa293985,2007,
sa293986,2010,
sa293987,2006,
sa293988,2007,
sa293990,2006,
sa293993,2006,
sa294002,2006,
sa294015,2006,
sa294031,2007,
sa294039,2006,
sa294040,2006,
sa294042,2006,
sa294043,2006,
sa294053,2006,
sa294081,2006,
sa294093,2006,
sa294095,2006,
sa294097,2006,
sa294105,2006,
sa294113,2006,
sa294116,2006,
sa294122,2006,
sa294128,2006,
sa294130,2006,
sa294138,2006,
sa294147,2006,
sa294169,2007,
sa294199,2006,
sa294202,2006,
sa294203,2010,
sa294206,2006,
sa294210,2006,
sa294211,2006,
sa294213,2007,
sa294214,2006,
sa294215,2012,
sa294216,2006,
sa294229,2006,
sa294238,2006,
sa294283,2007,
sa294287,2006,
sa294292,2007,
sa294295,2006,
sa294300,2006,
sa294302,2006,
sa294304,2008,
sa294305,2006,
sa294309,2007,
sa294315,2006,
sa294324,2006,
sa294326,2006,
sa294327,2006,
sa294329,2006,
sa294330,2006,
sa294333,2007,
sa294342,2007,
sa294346,2006,
sa294358,2006,
sa294361,2006,
sa294363,2006,
sa294373,2008,
sa294377,2006,
sa294382,2008,
sa294384,2007,
sa294401,2011,
sa294415,2006,
sa294416,2006,
sa294419,2006,
sa294438,2006,
sa294444,2007,
sa294473,2009,
sa294477,2006,
sa294503,2006,
sa294505,2008,
sa294506,2006,
sa294511,2007,
sa294512,2006,
sa294513,2006,
sa294515,2006,
sa294650,2006,
sa294654,2006,
sa294667,2006,
sa294674,2006,
sa294678,2006,
sa294681,2006,
sa294684,2007,
sa294685,2007,
sa294697,2006,
sa294700,2006,
sa294705,2006,
sa294728,2011,
sa294742,2009,
sa294769,2007,
sa294843,2011,
sa294917,2006,
sa295111,2006,
sa295112,2006,
sa295113,2006,
sa295114,2006,
sa295116,2007,
sa295117,2006,
sa295121,2006,
sa295122,2006,
sa295123,2006,
sa295125,2006,
sa295129,2012,
sa295152,2007,
sa295157,2007,
sa295166,2006,
sa295168,2006,
sa295171,2006,
sa295172,2006,
sa295173,2006,
sa295174,2006,
sa295175,2006,
sa295179,2010,
sa295188,2007,
sa295192,2006,
sa295195,2007,
sa295196,2006,
sa295197,2006,
sa295198,2006,
sa295199,2006,
sa295202,2006,
sa295204,2007,
sa295205,2006,
sa295207,2006,
sa295209,2006,
sa295210,2006,
sa295211,2006,
sa295212,2006,
sa295214,2006,
sa295219,2006,
sa295220,2006,
sa295221,2006,
sa295223,2006,
sa295224,2006,
sa295225,2006,
sa295405,2008,
sa295406,2006,
sa295413,2006,
sa295416,2006,
sa295417,2006,
sa295505,2006,
sa295506,2006,
sa295515,2006,
sa295620,2006,
sa295621,2006,
sa295622,2006,
sa295626,2006,
sa295630,2006,
sa295638,2006,
sa295640,2006,
sa295641,2006,
sa295642,2006,
sa295726,2006,
sa295728,2006,
sa295730,2007,
sa295739,2006,
sa295743,2006,
sa295747,2006,
sa295748,2006,
sa295750,2006,
sa295819,2006,
sa295967,2007,
sa295981,2006,
sa296147,2006,
sa296355,2006,
sa296710,2006,
sa296719,2006,
sa296902,2006,
sa296971,2008,
sa297067,2006,
sa297502,2006,
sa298507,2006,
sa298508,2007,
sa3000030,2006,
sa3000044,2006,
sa3000054,2006,
sa3000060,2006,
sa3000065,2006,
sa3000071,2006,
sa3000072,2006,
sa3000105,2006,
sa3000174,2006,
sa3000180,2006,
sa3000201,2006,
sa3000235,2006,
sa3000255,2007,
sa3000277,2006,
sa3000371,2006,
sa3000399,2006,
sa3000418,2006,
sa3000422,2006,
sa3000458,2006,
sa3000485,2007,
sa3000500,2006,
sa3000504,2006,
sa3000505,2008,
sa3000506,2006,
sa3000511,2006,
sa3000517,2006,
sa3000520,2006,
sa3000525,2006,
sa3000529,2006,
sa3000536,2006,
sa3000542,2006,
sa3000550,2006,
sa3000551,2006,
sa3000553,2006,
sa3000565,2006,
sa3000566,2006,
sa3000577,2006,
sa3000584,2006,
sa3000591,2006,
sa3000608,2006,
sa3000630,2006,
sa3000631,2006,
sa3000632,2007,
sa3000640,2007,
sa3000694,2007,
sa3000695,2007,
sa3000709,2007,
sa3000718,2007,
sa3000722,2007,
sa3000723,2007,
sa3000728,2007,
sa3000735,2007,
sa3000740,2007,
sa3000742,2007,
sa3000763,2007,
sa3000764,2007,
sa3000774,2007,
sa3000775,2007,
sa3000779,2007,
sa3000792,2007,
sa3000795,2007,
sa3000816,2007,
sa3000853,2008,
sa3000876,2008,
sa3000882,2008,
sa3000907,2008,
sa3000908,2008,
sa3000914,2008,
sa3000927,2008,
sa3000933,2008,
sa3000946,2008,
sa3000957,2008,
sa3000968,2008,
sa3001015,2009,
sa3001023,2009,
sa3001121,2006,
sa3001123,2006,
sa3001124,2006,
sa3001127,2006,
sa3001128,2006,
sa3001130,2006,
sa3001131,2006,
sa3001132,2006,
sa3001135,2006,
sa3001139,2006,
sa3001140,2006,
sa3001141,2006,
sa3001142,2006,
sa3001145,2006,
sa3001146,2006,
sa3001147,2006,
sa3001149,2006,
sa3001150,2006,
sa3001151,2007,
sa3001152,2006,
sa3001153,2007,
sa3001154,2006,
sa3001155,2006,
sa3001156,2006,
sa3001157,2006,
sa3001158,2006,
sa3001160,2006,
sa3001161,2006,
sa3001162,2006,
sa3001163,2006,
sa3001164,2006,
sa3001166,2006,
sa3001167,2006,
sa3001168,2007,
sa3001169,2006,
sa3001170,2006,
sa3001172,2006,
sa3001173,2006,
sa3001174,2006,
sa3001175,2006,
sa3001176,2006,
sa3001180,2006,
sa3001181,2006,
sa3001182,2006,
sa3001183,2006,
sa3001184,2006,
sa3001185,2006,
sa3001186,2006,
sa3001187,2008,
sa3001188,2008,
sa3001189,2006,
sa3001193,2006,
sa3001194,2006,
sa3001196,2006,
sa3001197,2006,
sa3001198,2006,
sa3001204,2006,
sa3001208,2006,
sa3001209,2006,
sa3001211,2006,
sa3001212,2006,
sa3001213,2006,
sa3001214,2006,
sa3001215,2006,
sa3001217,2006,
sa3001220,2006,
sa3001223,2006,
sa3001224,2006,
sa3001225,2006,
sa3001226,2006,
sa3001227,2006,
sa3001228,2006,
sa3001230,2006,
sa3001232,2006,
sa3001238,2006,
sa3001239,2006,
sa3001240,2006,
sa3001241,2006,
sa3001245,2006,
sa3001246,2006,
sa3001249,2006,
sa3001250,2006,
sa3001251,2007,
sa3001252,2006,
sa3001253,2006,
sa3001254,2006,
sa3001255,2006,
sa3001256,2006,
sa3001258,2006,
sa3001260,2006,
sa3001262,2006,
sa3001264,2006,
sa3001265,2006,
sa3001266,2006,
sa3001267,2006,
sa3001268,2006,
sa3001269,2006,
sa3001272,2006,
sa3001273,2006,
sa3001274,2007,
sa3001276,2006,
sa3001277,2006,
sa3001279,2006,
sa3001280,2006,
sa3001281,2006,
sa3001282,2006,
sa3001283,2006,
sa3001286,2006,
sa3001287,2006,
sa3001288,2006,
sa3001289,2006,
sa3001290,2006,
sa3001294,2006,
sa3001295,2007,
sa3001296,2006,
sa3001301,2006,
sa3001302,2006,
sa3001305,2006,
sa3001306,2006,
sa3001308,2006,
sa3001314,2006,
sa3001317,2006,
sa3001318,2006,
sa3001319,2006,
sa3001320,2006,
sa3001321,2006,
sa3001331,2006,
sa3001333,2006,
sa3001334,2006,
sa3001336,2006,
sa3001337,2006,
sa3001339,2006,
sa3001340,2006,
sa3001341,2006,
sa3001399,2006,
sa3001405,2006,
sa3001406,2006,
sa3001407,2006,
sa3001408,2006,
sa3001409,2006,
sa3001411,2006,
sa3001412,2006,
sa3001413,2006,
sa3001414,2006,
sa3001415,2006,
sa3001416,2006,
sa3001417,2006,
sa3001418,2006,
sa3001419,2006,
sa3001420,2006,
sa3001421,2006,
sa3001423,2006,
sa3001424,2006,
sa3001436,2006,
sa3001437,2006,
sa3001439,2008,
sa3001441,2006,
sa3001442,2006,
sa3001444,2006,
sa3001445,2006,
sa3001447,2007,
sa3001451,2008,
sa3001452,2007,
sa3001462,2007,
sa3001463,2007,
sa3001466,2007,
sa3001471,2007,
sa3001474,2006,
sa3001475,2006,
sa3001476,2006,
sa3001477,2006,
sa3001478,2006,
sa3001479,2006,
sa3001481,2006,
sa3001482,2006,
sa3001483,2006,
sa3001484,2006,
sa3001485,2006,
sa3001486,2006,
sa3001487,2006,
sa3001488,2006,
sa3001489,2006,
sa3001490,2006,
sa3001492,2006,
sa3001493,2006,
sa3001494,2006,
sa3001495,2006,
sa3001496,2006,
sa3001497,2006,
sa3001498,2006,
sa3001499,2006,
sa3001500,2006,
sa3001501,2006,
sa3001502,2006,
sa3001503,2006,
sa3001504,2006,
sa3001505,2006,
sa3001506,2006,
sa3001507,2006,
sa3001508,2006,
sa3001509,2006,
sa3001510,2006,
sa3001511,2006,
sa3001512,2006,
sa3001513,2006,
sa3001514,2006,
sa3001515,2006,
sa3001516,2006,
sa3001517,2006,
sa3001518,2006,
sa3001519,2006,
sa3001520,2006,
sa3001521,2006,
sa3001522,2006,
sa3001523,2006,
sa3001524,2006,
sa3001525,2006,
sa3001527,2006,
sa3001528,2007,
sa3001529,2006,
sa3001530,2007,
sa3001532,2006,
sa3001533,2006,
sa3001534,2006,
sa3001535,2006,
sa3001536,2006,
sa3001537,2006,
sa3001538,2006,
sa3001539,2006,
sa3001540,2006,
sa3001541,2006,
sa3001542,2006,
sa3001543,2006,
sa3001544,2006,
sa3001545,2006,
sa3001546,2006,
sa3001547,2006,
sa3001548,2006,
sa3001549,2006,
sa3001550,2006,
sa3001551,2006,
sa3001552,2006,
sa3001553,2006,
sa3001554,2006,
sa3001555,2006,
sa3001556,2006,
sa3001557,2006,
sa3001558,2006,
sa3001559,2006,
sa3001560,2006,
sa3001561,2006,
sa3001562,2006,
sa3001563,2006,
sa3001564,2006,
sa3001565,2006,
sa3001566,2006,
sa3001568,2006,
sa3001570,2006,
sa3001571,2007,
sa3001572,2006,
sa3001573,2006,
sa3001574,2006,
sa3001575,2006,
sa3001576,2006,
sa3001577,2006,
sa3001578,2006,
sa3001579,2006,
sa3001581,2006,
sa3001582,2006,
sa3001584,2006,
sa3001585,2006,
sa3001586,2006,
sa3001587,2006,
sa3001588,2007,
sa3001589,2007,
sa3001590,2007,
sa3001599,2009,
sa3001600,2009,
sa3001602,2008,
sa3001603,2008,
sa3001605,2008,
sa3001606,2008,
sa3001627,2007,
sa3001629,2007,
sa3001630,2007,
sa3001631,2007,
sa3001632,2007,
sa3001633,2007,
sa3001634,2007,
sa3001635,2007,
sa3001636,2007,
sa3001637,2007,
sa3001638,2007,
sa3001639,2007,
sa3001640,2007,
sa3001641,2007,
sa3001642,2007,
sa3001643,2007,
sa3001644,2007,
sa3001645,2007,
sa3001646,2007,
sa3001648,2007,
sa3001649,2007,
sa3001650,2007,
sa3001652,2007,
sa3001653,2007,
sa3001654,2007,
sa3001655,2007,
sa3001656,2007,
sa3001657,2007,
sa3001658,2007,
sa3001659,2007,
sa3001660,2007,
sa3001661,2007,
sa3001662,2007,
sa3001663,2007,
sa3001664,2007,
sa3001665,2007,
sa3001666,2007,
sa3001667,2007,
sa3001668,2007,
sa3001669,2007,
sa3001670,2007,
sa3001671,2007,
sa3001672,2007,
sa3001673,2007,
sa3001674,2007,
sa3001675,2007,
sa3001676,2007,
sa3001677,2007,
sa3001678,2007,
sa3001679,2007,
sa3001680,2007,
sa3001681,2007,
sa3001682,2007,
sa3001683,2007,
sa3001684,2007,
sa3001685,2007,
sa3001686,2007,
sa3001687,2007,
sa3001688,2007,
sa3001689,2007,
sa3001690,2007,
sa3001691,2007,
sa3001692,2007,
sa3001693,2007,
sa3001694,2007,
sa3001695,2007,
sa3001696,2007,
sa3001697,2007,
sa3001698,2007,
sa3001699,2007,
sa3001700,2007,
sa3001701,2007,
sa3001702,2007,
sa3001703,2008,
sa3001704,2007,
sa3001705,2007,
sa3001707,2007,
sa3001710,2007,
sa3001711,2007,
sa3001714,2007,
sa3001715,2007,
sa3001716,2007,
sa3001719,2007,
sa3001720,2007,
sa3001721,2007,
sa3001722,2007,
sa3001725,2008,
sa3001726,2008,
sa3001740,2009,
sa3001741,2009,
sa3001743,2008,
sa3001744,2008,
sa3001745,2008,
sa3001746,2008,
sa3001747,2008,
sa3001748,2008,
sa3001749,2008,
sa3001750,2008,
sa3001751,2008,
sa3001752,2008,
sa3001753,2008,
sa3001754,2008,
sa3001755,2008,
sa3001756,2008,
sa3001757,2008,
sa3001758,2008,
sa3001759,2008,
sa3001760,2008,
sa3001761,2008,
sa3001763,2008,
sa3001764,2008,
sa3001765,2008,
sa3001766,2008,
sa3001767,2008,
sa3001768,2008,
sa3001769,2008,
sa3001770,2008,
sa3001771,2008,
sa3001772,2008,
sa3001773,2008,
sa3001775,2008,
sa3001776,2008,
sa3001777,2008,
sa3001778,2008,
sa3001779,2008,
sa3001780,2008,
sa3001781,2008,
sa3001782,2008,
sa3001783,2008,
sa3001784,2008,
sa3001785,2008,
sa3001786,2008,
sa3001787,2008,
sa3001788,2008,
sa3001789,2008,
sa3001790,2008,
sa3001791,2008,
sa3001792,2008,
sa3001793,2008,
sa3001794,2008,
sa3001795,2008,
sa3001796,2008,
sa3001797,2008,
sa3001798,2008,
sa3001799,2008,
sa3001800,2008,
sa3001801,2008,
sa3001802,2008,
sa3001803,2008,
sa3001804,2008,
sa3001805,2008,
sa3001806,2008,
sa3001807,2008,
sa3001808,2008,
sa3001809,2008,
sa3001810,2008,
sa3001811,2009,
sa3001812,2008,
sa3001813,2008,
sa3001814,2008,
sa3001815,2008,
sa3001816,2008,
sa3001817,2008,
sa3001818,2008,
sa3001819,2008,
sa3001820,2008,
sa3001821,2008,
sa3001822,2008,
sa3001823,2008,
sa3001824,2008,
sa3001825,2008,
sa3001826,2008,
sa3001827,2008,
sa3001828,2008,
sa3001829,2008,
sa3001830,2008,
sa3001831,2008,
sa3001832,2008,
sa3001833,2008,
sa3001835,2008,
sa3001836,2008,
sa3001837,2008,
sa3001838,2008,
sa3001839,2008,
sa3001840,2008,
sa3001841,2008,
sa3001844,2008,
sa3001845,2009,
sa3001846,2009,
sa3001847,2009,
sa3001848,2009,
sa3001855,2009,
sa3001856,2009,
sa3001858,2009,
sa3001859,2009,
sa3001861,2009,
sa3001862,2009,
sa3001864,2009,
sa3001865,2009,
sa3001867,2009,
sa3001868,2009,
sa3001869,2009,
sa3001870,2009,
sa3001871,2009,
sa3001872,2009,
sa3001873,2009,
sa3001874,2009,
sa3001876,2009,
sa3001877,2009,
sa3001878,2009,
sa3001879,2009,
sa3001880,2009,
sa3001881,2010,
sa3001882,2009,
sa3001884,2009,
sa3001888,2009,
sa3001889,2009,
sa3001892,2011,
sa3002574,2017,
sa3002579,2017,
sa3002581,2017,
sa3002621,2017,
sa3002622,2017,
sa3002623,2017,
sa3002624,2017,
sa3002625,2017,
sa3002626,2017,
sa3002627,2017,
sa3002628,2017,
sa3002629,2017,
sa3002630,2017,
sa3002631,2017,
sa3002632,2017,
sa3002633,2017,
sa3002634,2017,
sa3002635,2017,
sa3002636,2017,
sa3002670,2018,
sa3002671,2017,
sa3002692,2017,
sa3002693,2017,
sa3002694,2017,
sa3002695,2017,
sa3002696,2017,
sa3002697,2017,
sa3002698,2017,
sa3002699,2017,
sa3002700,2017,
sa3002701,2017,
sa3002702,2017,
sa3002703,2017,
sa3002704,2017,
sa3002705,2017,
sa3002706,2017,
sa3002707,2017,
sa3002708,2017,
sa3002709,2017,
sa3002710,2017,
sa3002711,2017,
sa3002712,2017,
sa3002713,2017,
sa3002714,2017,
sa3002722,2018,
sa3002723,2018,
sa3002724,2017,
sa3002725,2018,
sa3002728,2017,
sa3002729,2017,
sa3002743,2017,
sa3002753,2018,
sa3002754,2018,
sa3002761,2018,
sa3002815,2017,
sa3002831,2019,
sa3002832,2017,
sa3002834,2018,
sa3002836,2017,
sa3002837,2019,
sa3002839,2017,
sa3002840,2018,
sa3002843,2018,
sa3002844,2017,
sa3002845,2017,
sa3002846,2017,
sa3002847,2017,
sa3002848,2017,
sa3002849,2017,
sa3002850,2017,
sa3002851,2017,
sa3002852,2017,
sa3002853,2017,
sa3002854,2017,
sa3002855,2017,
sa3002856,2017,
sa3002858,2017,
sa3002859,2017,
sa3002860,2017,
sa3002861,2017,
sa3002862,2017,
sa3002863,2017,
sa3002864,2017,
sa3002865,2017,
sa3002866,2017,
sa3002867,2017,
sa3002868,2019,
sa3002869,2017,
sa3002871,2017,
sa3002872,2017,
sa3002874,2017,
sa3002877,2017,
sa3002879,2018,
sa3002880,2019,
sa3002881,2018,
sa3002882,2018,
sa3002883,2018,
sa3002884,2018,
sa3002885,2018,
sa3003100,2019,
sa3003169,2017,
sa3003170,2017,
sa3003173,2017,
sa3003175,2017,
sa3003176,2017,
sa3003177,2017,
sa3003178,2017,
sa3003179,2017,
sa3003180,2018,
sa3003182,2017,
sa3003183,2017,
sa3003184,2017,
sa3003185,2017,
sa3003186,2017,
sa3003187,2017,
sa3003188,2018,
sa3003189,2017,
sa3003190,2017,
sa3003192,2017,
sa3003193,2017,
sa3003194,2017,
sa3003195,2017,
sa3003196,2017,
sa3003197,2017,
sa3003198,2017,
sa3003199,2017,
sa3003200,2017,
sa3003201,2017,
sa3003202,2017,
sa3003203,2017,
sa3003204,2017,
sa3003205,2017,
sa3003206,2017,
sa3003207,2017,
sa3003208,2017,
sa3003209,2017,
sa3003210,2017,
sa3003211,2017,
sa3003212,2017,
sa3003213,2017,
sa3003214,2018,
sa3003215,2017,
sa3003216,2017,
sa3003217,2017,
sa3003218,2017,
sa3003219,2017,
sa3003220,2017,
sa3003222,2017,
sa3003223,2017,
sa3003224,2017,
sa3003225,2017,
sa3003227,2017,
sa3003228,2017,
sa3003229,2017,
sa3003230,2017,
sa3003231,2017,
sa3003232,2017,
sa3003233,2017,
sa3003234,2017,
sa3003235,2017,
sa3003236,2017,
sa3003237,2017,
sa3003238,2017,
sa3003239,2017,
sa3003240,2017,
sa3003241,2017,
sa3003243,2017,
sa3003244,2017,
sa3003245,2017,
sa3003247,2017,
sa3003248,2017,
sa3003249,2017,
sa3003250,2017,
sa3003251,2017,
sa3003252,2017,
sa3003253,2017,
sa3003254,2017,
sa3003255,2017,
sa3003256,2017,
sa3003257,2017,
sa3003258,2017,
sa3003259,2017,
sa3003260,2017,
sa3003261,2017,
sa3003263,2017,
sa3003264,2017,
sa3003265,2017,
sa3003266,2017,
sa3003267,2017,
sa3003268,2017,
sa3003269,2017,
sa3003270,2017,
sa3003271,2017,
sa3003272,2017,
sa3003273,2017,
sa3003274,2017,
sa3003275,2017,
sa3003277,2017,
sa3003278,2017,
sa3003279,2017,
sa3003280,2017,
sa3003281,2017,
sa3003282,2017,
sa3003283,2017,
sa3003284,2017,
sa3003285,2017,
sa3003286,2017,
sa3003287,2017,
sa3003288,2017,
sa3003289,2017,
sa3003291,2017,
sa3003292,2017,
sa3003293,2017,
sa3003294,2017,
sa3003296,2017,
sa3003297,2017,
sa3003298,2017,
sa3003299,2017,
sa3003300,2017,
sa3003301,2017,
sa3003302,2017,
sa3003303,2017,
sa3003304,2017,
sa3003306,2017,
sa3003307,2017,
sa3003308,2017,
sa3003309,2017,
sa3003310,2017,
sa3003311,2017,
sa3003312,2017,
sa3003313,2017,
sa3003314,2017,
sa3003315,2017,
sa3003317,2017,
sa3003318,2017,
sa3003319,2017,
sa3003320,2017,
sa3003321,2017,
sa3003322,2017,
sa3003323,2017,
sa3003324,2017,
sa3003325,2017,
sa3003327,2017,
sa3003328,2017,
sa3003329,2017,
sa3003330,2017,
sa3003331,2017,
sa3003332,2017,
sa3003333,2017,
sa3003334,2017,
sa3003335,2017,
sa3003336,2017,
sa3003337,2017,
sa3003338,2017,
sa3003339,2017,
sa3003340,2017,
sa3003341,2017,
sa3003342,2017,
sa3003343,2017,
sa3003344,2017,
sa3003345,2018,
sa3003346,2017,
sa3003347,2017,
sa3003348,2017,
sa3003349,2017,
sa3003350,2017,
sa3003351,2017,
sa3003352,2017,
sa3003353,2017,
sa3003354,2017,
sa3003355,2017,
sa3003356,2017,
sa3003357,2017,
sa3003359,2017,
sa3003360,2017,
sa3003361,2017,
sa3003362,2017,
sa3003363,2017,
sa3003364,2017,
sa3003365,2017,
sa3003366,2017,
sa3003367,2017,
sa3003369,2017,
sa3003370,2017,
sa3003371,2017,
sa3003372,2017,
sa3003373,2017,
sa3003374,2017,
sa3003375,2017,
sa3003376,2017,
sa3003377,2017,
sa3003378,2017,
sa3003379,2017,
sa3003380,2017,
sa3003381,2017,
sa3003382,2017,
sa3003383,2017,
sa3003384,2017,
sa3003385,2017,
sa3003387,2017,
sa3003388,2017,
sa3003389,2017,
sa3003390,2017,
sa3003391,2017,
sa3003392,2017,
sa3003393,2017,
sa3003394,2017,
sa3003395,2017,
sa3003397,2017,
sa3003398,2017,
sa3003399,2017,
sa3003400,2017,
sa3003401,2017,
sa3003402,2017,
sa3003403,2017,
sa3003404,2017,
sa3003405,2017,
sa3003406,2017,
sa3003407,2017,
sa3003408,2017,
sa3003409,2017,
sa3003410,2017,
sa3003411,2017,
sa3003412,2017,
sa3003413,2017,
sa3003414,2017,
sa3003415,2017,
sa3003416,2017,
sa3003417,2017,
sa3003418,2017,
sa3003419,2017,
sa3003420,2017,
sa3003421,2017,
sa3003422,2017,
sa3003423,2017,
sa3003424,2017,
sa3003425,2017,
sa3003426,2017,
sa3003427,2017,
sa3003428,2017,
sa3003429,2017,
sa3003430,2017,
sa3003431,2017,
sa3003432,2017,
sa3003433,2017,
sa3003434,2019,
sa3003435,2018,
sa3003436,2018,
sa3003437,2017,
sa3003939,2019,
sa3003947,2018,
sa3003948,2018,
sa3003949,2019,
sa3003950,2017,
sa3003953,2018,
sa3003955,2018,
sa3003956,2017,
sa3003959,2018,
sa3003961,2018,
sa3003962,2018,
sa3003963,2017,
sa3003964,2018,
sa3003965,2018,
sa3003967,2018,
sa3004031,2017,
sa3004032,2018,
sa3004037,2017,
sa3004038,2017,
sa3004039,2017,
sa3004040,2017,
sa3004042,2017,
sa3004045,2017,
sa3004046,2017,
sa3004049,2017,
sa3004050,2017,
sa3004052,2017,
sa3004053,2017,
sa3004055,2017,
sa3004057,2017,
sa3004058,2017,
sa3004060,2017,
sa3004061,2017,
sa3004062,2017,
sa3004063,2017,
sa3004065,2017,
sa3004066,2017,
sa3004067,2018,
sa3004069,2018,
sa3004070,2017,
sa3004071,2017,
sa3004072,2017,
sa3004073,2017,
sa3004074,2017,
sa3004076,2017,
sa3004077,2017,
sa3004078,2017,
sa3004122,2017,
sa3004126,2017,
sa3004127,2017,
sa3004128,2017,
sa3004131,2017,
sa3004137,2017,
sa3004142,2017,
sa3004145,2018,
sa3004146,2017,
sa3004148,2017,
sa3004149,2017,
sa3004150,2017,
sa3004151,2018,
sa3004152,2017,
sa3004155,2017,
sa3004156,2017,
sa3004157,2017,
sa3004160,2018,
sa3004161,2017,
sa3004163,2017,
sa3004167,2017,
sa3004168,2017,
sa3004170,2017,
sa3004172,2017,
sa3004175,2017,
sa3004176,2017,
sa3004178,2017,
sa3004180,2017,
sa3004183,2017,
sa3004184,2017,
sa3004185,2017,
sa3004190,2019,
sa3004197,2019,
sa3004235,2017,
sa3004236,2017,
sa3004240,2017,
sa3004242,2018,
sa3004249,2017,
sa3004252,2017,
sa3004254,2017,
sa3004255,2017,
sa3004257,2017,
sa3004260,2018,
sa3004263,2017,
sa3004265,2017,
sa3004266,2017,
sa3004267,2017,
sa3004269,2017,
sa3004270,2017,
sa3004271,2017,
sa3004273,2017,
sa3004277,2017,
sa3004278,2017,
sa3004281,2017,
sa3004282,2017,
sa3004284,2017,
sa3004285,2018,
sa3004286,2017,
sa3004287,2017,
sa3004289,2017,
sa3004290,2018,
sa3004291,2018,
sa3004293,2017,
sa3004294,2017,
sa3004297,2017,
sa3004298,2017,
sa3004299,2017,
sa3004301,2017,
sa3004302,2017,
sa3004303,2017,
sa3004304,2017,
sa3004305,2017,
sa3004341,2019,
sa3004369,2017,
sa3004370,2017,
sa3004373,2017,
sa3004374,2017,
sa3004381,2017,
sa3004382,2017,
sa3004383,2017,
sa3004384,2017,
sa3004386,2017,
sa3004387,2017,
sa3004389,2017,
sa3004390,2017,
sa3004391,2017,
sa3004392,2017,
sa3004394,2017,
sa3004395,2017,
sa3004396,2017,
sa3004397,2018,
sa3004398,2017,
sa3004399,2018,
sa3004400,2017,
sa3004401,2017,
sa3004403,2017,
sa3004404,2017,
sa3004405,2017,
sa3004494,2019,
sa3004498,2017,
sa3004503,2017,
sa3004504,2017,
sa3004505,2017,
sa3004506,2018,
sa3004508,2017,
sa3004509,2017,
sa3004510,2018,
sa3004511,2017,
sa3004512,2018,
sa3004513,2018,
sa3004514,2017,
sa3004515,2017,
sa3004516,2017,
sa3004517,2017,
sa3004521,2017,
sa3004522,2017,
sa3004523,2017,
sa3004524,2017,
sa3004525,2017,
sa3004526,2017,
sa3004527,2017,
sa3004607,2017,
sa3004608,2017,
sa3004610,2019,
sa3004612,2018,
sa3004616,2017,
sa3004619,2017,
sa3004620,2017,
sa3004623,2017,
sa3004686,2018,
sa3004689,2017,
sa3004691,2017,
sa3004695,2017,
sa3004696,2017,
sa3004697,2017,
sa3004719,2018,
sa3004721,2017,
sa3004722,2017,
sa3004725,2017,
sa3004726,2018,
sa3004727,2017,
sa3004728,2018,
sa3004729,2017,
sa3004730,2017,
sa3004751,2018,
sa3004756,2017,
sa3004757,2017,
sa3004758,2019,
sa3004759,2017,
sa3004776,2017,
sa3004780,2018,
sa3004781,2017,
sa3004782,2017,
sa3004783,2018,
sa3004804,2017,
sa3004813,2017,
sa3004815,2017,
sa3004818,2017,
sa3004819,2017,
sa3004820,2017,
sa3004821,2017,
sa3004838,2017,
sa3004839,2017,
sa3004857,2019,
sa3004877,2017,
sa3004878,2017,
sa3004880,2017,
sa3004881,2018,
sa3004882,2017,
sa3004883,2017,
sa3004884,2017,
sa3004885,2017,
sa3004886,2017,
sa3004930,2018,
sa3004931,2018,
sa3004932,2017,
sa3004933,2017,
sa3004934,2017,
sa3004938,2017,
sa3004939,2017,
sa3004940,2017,
sa3004941,2017,
sa3004942,2017,
sa3004949,2017,
sa3004950,2017,
sa3004967,2017,
sa3004968,2017,
sa3004969,2017,
sa3004970,2017,
sa3004971,2017,
sa3004972,2017,
sa3004976,2017,
sa3004978,2018,
sa3004979,2017,
sa3004980,2017,
sa3004981,2017,
sa3004982,2017,
sa3004997,2017,
sa3004998,2017,
sa3004999,2018,
sa3005000,2017,
sa3005020,2017,
sa3005037,2017,
sa3005053,2017,
sa3005054,2017,
sa3005055,2017,
sa3005056,2017,
sa3005058,2018,
sa3005063,2018,
sa3005065,2017,
sa3005077,2019,
sa3005080,2017,
sa3005103,2017,
sa3005104,2017,
sa3005105,2017,
sa3005127,2017,
sa3005128,2017,
sa3005130,2017,
sa3005149,2017,
sa3005150,2017,
sa3005151,2017,
sa3005152,2017,
sa3005165,2017,
sa3005181,2017,
sa3005183,2017,
sa3005223,2017,
sa3005233,2019,
sa3005234,2017,
sa3005235,2017,
sa3005239,2017,
sa3005240,2017,
sa3005241,2017,
sa3005269,2017,
sa3005270,2017,
sa3005289,2017,
sa3005290,2017,
sa3005296,2017,
sa3005297,2017,
sa3005298,2017,
sa3005308,2017,
sa3005322,2017,
sa3005327,2017,
sa3005329,2017,
sa3005330,2017,
sa3005342,2017,
sa3005373,2021,
sa3005394,2018,
sa3005395,2018,
sa3005401,2018,
sa3005402,2018,
sa3005416,2018,
sa3005426,2018,
sa3005472,2018,
sa3005473,2018,
sa3005474,2018,
sa3005475,2018,
sa3005476,2018,
sa3005477,2018,
sa3005478,2018,
sa3005479,2018,
sa3005480,2018,
sa3005481,2018,
sa3005483,2018,
sa3005484,2018,
sa3005485,2018,
sa3005486,2018,
sa3005487,2018,
sa3005488,2018,
sa3005489,2018,
sa3005490,2018,
sa3005491,2018,
sa3005492,2018,
sa3005493,2018,
sa3005494,2018,
sa3005495,2018,
sa3005496,2018,
sa3005497,2018,
sa3005498,2018,
sa3005499,2018,
sa3005500,2018,
sa3005501,2018,
sa3005502,2018,
sa3005503,2018,
sa3005504,2018,
sa3005505,2018,
sa3005506,2018,
sa3005507,2018,
sa3005508,2018,
sa3005509,2018,
sa3005510,2018,
sa3005512,2018,
sa3005513,2018,
sa3005514,2018,
sa3005515,2018,
sa3005516,2018,
sa3005517,2018,
sa3005518,2018,
sa3005519,2018,
sa3005520,2018,
sa3005521,2018,
sa3005522,2018,
sa3005523,2018,
sa3005525,2018,
sa3005526,2018,
sa3005527,2018,
sa3005528,2018,
sa3005529,2018,
sa3005530,2018,
sa3005531,2018,
sa3005532,2018,
sa3005533,2018,
sa3005534,2018,
sa3005535,2018,
sa3005536,2018,
sa3005537,2018,
sa3005538,2018,
sa3005539,2018,
sa3005540,2018,
sa3005541,2018,
sa3005542,2018,
sa3005543,2018,
sa3005544,2018,
sa3005545,2018,
sa3005546,2018,
sa3005547,2018,
sa3005548,2018,
sa3005549,2018,
sa3005550,2018,
sa3005551,2018,
sa3005552,2018,
sa3005553,2018,
sa3005555,2018,
sa3005556,2018,
sa3005557,2018,
sa3005558,2018,
sa3005559,2018,
sa3005560,2018,
sa3005561,2018,
sa3005562,2018,
sa3005563,2018,
sa3005564,2018,
sa3005565,2018,
sa3005566,2018,
sa3005567,2018,
sa3005568,2018,
sa3005569,2018,
sa3005570,2018,
sa3005571,2018,
sa3005572,2018,
sa3005573,2018,
sa3005574,2018,
sa3005575,2018,
sa3005576,2018,
sa3005577,2018,
sa3005578,2018,
sa3005580,2018,
sa3005583,2018,
sa3005584,2018,
sa3005585,2018,
sa3005586,2018,
sa3005587,2018,
sa3005588,2018,
sa3005589,2018,
sa3005590,2018,
sa3005591,2018,
sa3005592,2018,
sa3005593,2018,
sa3005594,2018,
sa3005595,2018,
sa3005596,2018,
sa3005597,2018,
sa3005598,2018,
sa3005599,2018,
sa3005600,2018,
sa3005601,2018,
sa3005602,2018,
sa3005603,2018,
sa3005604,2018,
sa3005605,2018,
sa3005606,2018,
sa3005608,2018,
sa3005609,2018,
sa3005610,2018,
sa3005611,2018,
sa3005612,2018,
sa3005613,2018,
sa3005614,2018,
sa3005615,2018,
sa3005616,2018,
sa3005617,2018,
sa3005618,2018,
sa3005619,2018,
sa3005620,2018,
sa3005621,2018,
sa3005622,2018,
sa3005623,2018,
sa3005624,2018,
sa3005626,2018,
sa3005627,2018,
sa3005628,2018,
sa3005629,2018,
sa3005631,2018,
sa3005632,2018,
sa3005633,2018,
sa3005712,2018,
sa3005713,2018,
sa3005714,2018,
sa3005715,2018,
sa3005716,2018,
sa3005717,2018,
sa3005718,2018,
sa3005719,2018,
sa3005721,2018,
sa3005722,2018,
sa3005723,2018,
sa3005724,2018,
sa3005725,2018,
sa3005726,2018,
sa3005727,2018,
sa3005728,2018,
sa3005730,2018,
sa3005731,2018,
sa3005732,2018,
sa3005733,2018,
sa3005734,2018,
sa3005735,2018,
sa3005736,2018,
sa3005737,2018,
sa3005738,2018,
sa3005739,2018,
sa3005740,2018,
sa3005741,2018,
sa3005742,2018,
sa3005743,2018,
sa3005745,2018,
sa3005746,2018,
sa3005747,2018,
sa3005748,2018,
sa3005749,2018,
sa3005750,2018,
sa3005751,2018,
sa3005752,2018,
sa3005753,2018,
sa3005754,2018,
sa3005755,2018,
sa3005756,2018,
sa3005757,2018,
sa3005758,2018,
sa3005759,2018,
sa3005760,2018,
sa3005761,2018,
sa3005762,2018,
sa3005763,2018,
sa3005764,2018,
sa3005765,2018,
sa3005766,2018,
sa3005767,2018,
sa3005768,2018,
sa3005769,2018,
sa3005770,2018,
sa3005771,2018,
sa3005772,2018,
sa3005773,2018,
sa3005774,2018,
sa3005775,2018,
sa3005776,2018,
sa3005777,2018,
sa3005778,2018,
sa3005779,2018,
sa3005780,2018,
sa3005781,2018,
sa3005782,2018,
sa3005783,2018,
sa3005785,2018,
sa3005786,2018,
sa3005787,2018,
sa3005789,2018,
sa3005790,2018,
sa3005791,2018,
sa3005792,2018,
sa3005793,2018,
sa3005794,2018,
sa3005795,2018,
sa3005796,2018,
sa3005797,2018,
sa3005798,2018,
sa3005799,2018,
sa3005800,2018,
sa3005801,2018,
sa3005802,2018,
sa3005897,2018,
sa3005899,2018,
sa3005900,2018,
sa3005901,2018,
sa3005902,2018,
sa3005903,2018,
sa3005904,2018,
sa3005905,2018,
sa3005906,2018,
sa3005907,2018,
sa3005908,2018,
sa3005909,2018,
sa3005910,2018,
sa3005911,2018,
sa3005912,2018,
sa3005913,2018,
sa3005914,2018,
sa3005915,2018,
sa3005916,2018,
sa3005917,2018,
sa3005918,2018,
sa3005919,2018,
sa3005920,2018,
sa3005921,2018,
sa3005922,2018,
sa3005923,2018,
sa3005924,2018,
sa3005925,2018,
sa3005926,2018,
sa3005927,2018,
sa3005928,2018,
sa3005929,2018,
sa3005930,2018,
sa3005931,2018,
sa3005932,2018,
sa3005933,2018,
sa3005934,2018,
sa3005935,2018,
sa3005936,2018,
sa3005937,2018,
sa3005938,2018,
sa3005939,2018,
sa3005940,2018,
sa3005941,2018,
sa3005942,2018,
sa3005943,2018,
sa3005944,2018,
sa3005945,2018,
sa3005946,2018,
sa3005947,2018,
sa3005948,2018,
sa3005949,2018,
sa3005950,2018,
sa3005951,2018,
sa3005952,2018,
sa3006075,2018,
sa3006076,2018,
sa3006077,2018,
sa3006078,2018,
sa3006079,2018,
sa3006080,2018,
sa3006081,2018,
sa3006082,2018,
sa3006138,2018,
sa3006178,2018,
sa3006179,2018,
sa3006180,2018,
sa3006181,2018,
sa3006182,2018,
sa3006183,2018,
sa3006184,2018,
sa3006185,2018,
sa3006186,2018,
sa3006187,2018,
sa3006188,2018,
sa3006189,2018,
sa3006190,2018,
sa3006191,2018,
sa3006192,2018,
sa3006193,2018,
sa3006194,2018,
sa3006195,2018,
sa3006196,2018,
sa3006197,2018,
sa3006198,2018,
sa3006199,2018,
sa3006200,2018,
sa3006201,2018,
sa3006202,2018,
sa3006203,2018,
sa3006204,2018,
sa3006205,2018,
sa3006206,2018,
sa3006207,2018,
sa3006208,2018,
sa3006209,2018,
sa3006210,2018,
sa3006211,2018,
sa3006212,2018,
sa3006213,2018,
sa3006214,2018,
sa3006216,2018,
sa3006217,2018,
sa3006219,2018,
sa3006220,2018,
sa3006221,2018,
sa3006222,2018,
sa3006223,2018,
sa3006224,2018,
sa3006225,2018,
sa3006226,2018,
sa3006227,2018,
sa3006423,2018,
sa3006424,2018,
sa3006425,2018,
sa3006426,2018,
sa3006427,2018,
sa3006428,2018,
sa3006429,2018,
sa3006430,2018,
sa3006431,2018,
sa3006432,2018,
sa3006433,2018,
sa3006434,2018,
sa3006435,2018,
sa3006436,2018,
sa3006437,2018,
sa3006438,2018,
sa3006439,2018,
sa3006440,2018,
sa3006522,2018,
sa3006523,2018,
sa3006524,2018,
sa3006525,2018,
sa3006526,2018,
sa3006527,2018,
sa3006528,2018,
sa3006529,2018,
sa3006530,2018,
sa3006531,2018,
sa3006532,2018,
sa3006547,2018,
sa3006548,2018,
sa3006563,2018,
sa3006564,2018,
sa3006565,2018,
sa3006566,2018,
sa3006577,2018,
sa3006578,2018,
sa3006579,2018,
sa3006580,2018,
sa3006581,2018,
sa3006582,2018,
sa3006584,2018,
sa3006592,2018,
sa3006593,2018,
sa3006595,2018,
sa3006596,2018,
sa3006604,2018,
sa3006605,2018,
sa3006606,2018,
sa3006607,2018,
sa3006621,2018,
sa3006623,2018,
sa3006624,2018,
sa3006643,2018,
sa3006645,2018,
sa3006646,2019,
sa3006647,2019,
sa3006653,2019,
sa3006654,2018,
sa3006659,2019,
sa3006660,2019,
sa3006661,2019,
sa3006662,2019,
sa3006663,2019,
sa3006664,2018,
sa3006665,2019,
sa3006666,2019,
sa3006667,2019,
sa3006668,2019,
sa3006670,2019,
sa3006671,2019,
sa3006674,2019,
sa3006676,2018,
sa3006677,2021,
sa3006678,2019,
sa3006679,2018,
sa3006680,2019,
sa3006683,2019,
sa3006684,2018,
sa3006685,2018,
sa3006686,2018,
sa3006687,2018,
sa3006701,2019,
sa3006710,2018,
sa3006711,2018,
sa3006712,2019,
sa3006713,2019,
sa3006716,2019,
sa3006717,2018,
sa3006719,2019,
sa3006720,2019,
sa3006721,2018,
sa3006722,2019,
sa3006724,2019,
sa3006725,2018,
sa3006726,2019,
sa3006727,2019,
sa3006728,2019,
sa3006729,2019,
sa3006730,2019,
sa3006732,2018,
sa3006734,2018,
sa3006735,2018,
sa3006736,2018,
sa3006737,2018,
sa3006738,2019,
sa3006778,2019,
sa3006780,2019,
sa3006782,2019,
sa3006783,2018,
sa3006784,2018,
sa3006785,2019,
sa3006788,2019,
sa3006789,2019,
sa3006790,2019,
sa3006791,2019,
sa3006792,2019,
sa3006801,2021,
sa3006845,2018,
sa3006846,2018,
sa3006847,2019,
sa3006848,2018,
sa3006849,2018,
sa3006850,2018,
sa3006851,2018,
sa3006852,2018,
sa3006853,2018,
sa3006854,2018,
sa3006855,2018,
sa3006857,2018,
sa3006858,2018,
sa3006859,2018,
sa3006860,2018,
sa3006862,2018,
sa3006863,2018,
sa3006864,2018,
sa3006865,2018,
sa3006866,2018,
sa3006867,2018,
sa3006869,2018,
sa3006870,2018,
sa3006874,2018,
sa3006876,2018,
sa3006877,2018,
sa3006878,2018,
sa3006879,2018,
sa3006880,2018,
sa3006881,2018,
sa3006882,2018,
sa3006883,2018,
sa3006884,2018,
sa3006885,2018,
sa3006886,2018,
sa3006888,2018,
sa3006889,2018,
sa3006890,2018,
sa3006897,2018,
sa3006898,2018,
sa3006899,2018,
sa3006900,2018,
sa3006901,2018,
sa3006902,2018,
sa3006903,2018,
sa3006904,2018,
sa3006905,2018,
sa3006906,2018,
sa3006907,2018,
sa3006911,2018,
sa3006913,2018,
sa3006914,2018,
sa3006915,2019,
sa3006916,2019,
sa3006918,2018,
sa3006919,2018,
sa3006920,2018,
sa3006921,2019,
sa3006922,2018,
sa3006923,2018,
sa3006924,2018,
sa3006925,2018,
sa3006926,2018,
sa3006927,2018,
sa3006928,2018,
sa3006929,2018,
sa3006930,2018,
sa3006931,2018,
sa3006932,2018,
sa3006933,2018,
sa3006934,2018,
sa3006935,2018,
sa3006938,2018,
sa3006939,2018,
sa3006940,2018,
sa3006941,2018,
sa3006942,2018,
sa3007000,2018,
sa3007001,2018,
sa3007002,2018,
sa3007003,2019,
sa3007004,2018,
sa3007005,2019,
sa3007006,2018,
sa3007007,2019,
sa3007008,2019,
sa3007010,2019,
sa3007011,2018,
sa3007012,2019,
sa3007013,2021,
sa3007016,2018,
sa3007019,2018,
sa3007020,2018,
sa3007021,2018,
sa3007022,2018,
sa3007023,2018,
sa3007024,2018,
sa3007025,2018,
sa3007026,2019,
sa3007027,2019,
sa3007028,2019,
sa3007029,2018,
sa3007030,2018,
sa3007031,2018,
sa3007032,2018,
sa3007035,2018,
sa3007036,2018,
sa3007037,2018,
sa3007038,2018,
sa3007040,2018,
sa3007041,2018,
sa3007042,2018,
sa3007043,2019,
sa3007044,2018,
sa3007045,2018,
sa3007046,2019,
sa3007047,2019,
sa3007048,2018,
sa3007049,2018,
sa3007050,2018,
sa3007052,2018,
sa3007053,2019,
sa3007054,2019,
sa3007055,2018,
sa3007056,2018,
sa3007057,2018,
sa3007058,2018,
sa3007059,2018,
sa3007060,2019,
sa3007061,2018,
sa3007062,2018,
sa3007064,2019,
sa3007065,2018,
sa3007067,2018,
sa3007068,2018,
sa3007069,2019,
sa3007071,2018,
sa3007072,2018,
sa3007073,2018,
sa3007075,2018,
sa3007076,2018,
sa3007077,2019,
sa3007078,2019,
sa3007079,2018,
sa3007080,2018,
sa3007081,2018,
sa3007082,2018,
sa3007083,2019,
sa3007084,2018,
sa3007085,2018,
sa3007086,2018,
sa3007087,2018,
sa3007088,2018,
sa3007089,2018,
sa3007090,2018,
sa3007091,2018,
sa3007092,2018,
sa3007093,2018,
sa3007094,2018,
sa3007095,2018,
sa3007096,2018,
sa3007097,2018,
sa3007098,2018,
sa3007099,2019,
sa3007100,2018,
sa3007280,2019,
sa3007282,2018,
sa3007287,2019,
sa3007289,2018,
sa3007290,2018,
sa3007291,2018,
sa3007292,2019,
sa3007293,2018,
sa3007294,2019,
sa3007295,2018,
sa3007297,2018,
sa3007298,2018,
sa3007299,2018,
sa3007300,2018,
sa3007302,2018,
sa3007303,2018,
sa3007304,2018,
sa3007305,2018,
sa3007307,2019,
sa3007308,2018,
sa3007309,2018,
sa3007310,2018,
sa3007311,2018,
sa3007313,2018,
sa3007314,2018,
sa3007315,2018,
sa3007316,2019,
sa3007317,2018,
sa3007318,2018,
sa3007319,2018,
sa3007320,2018,
sa3007321,2018,
sa3007324,2018,
sa3007325,2018,
sa3007326,2018,
sa3007327,2018,
sa3007328,2018,
sa3007329,2018,
sa3007330,2018,
sa3007331,2018,
sa3007333,2018,
sa3007334,2018,
sa3007335,2018,
sa3007336,2018,
sa3007501,2019,
sa3007502,2018,
sa3007503,2019,
sa3007504,2018,
sa3007505,2018,
sa3007506,2018,
sa3007507,2018,
sa3007508,2018,
sa3007509,2018,
sa3007513,2018,
sa3007514,2018,
sa3007515,2019,
sa3007517,2018,
sa3007518,2018,
sa3007520,2018,
sa3007521,2019,
sa3007522,2021,
sa3007523,2018,
sa3007525,2018,
sa3007526,2019,
sa3007527,2019,
sa3007528,2018,
sa3007529,2018,
sa3007530,2018,
sa3007624,2019,
sa3007629,2018,
sa3007630,2018,
sa3007631,2019,
sa3007632,2018,
sa3007633,2021,
sa3007635,2018,
sa3007636,2019,
sa3007637,2018,
sa3007638,2019,
sa3007639,2018,
sa3007640,2018,
sa3007641,2018,
sa3007642,2018,
sa3007644,2018,
sa3007645,2018,
sa3007646,2018,
sa3007647,2018,
sa3007648,2018,
sa3007650,2019,
sa3007651,2018,
sa3007652,2018,
sa3007653,2018,
sa3007654,2018,
sa3007655,2018,
sa3007713,2021,
sa3007743,2019,
sa3007744,2018,
sa3007745,2018,
sa3007748,2018,
sa3007749,2018,
sa3007751,2018,
sa3007752,2018,
sa3007785,2018,
sa3007787,2018,
sa3007788,2018,
sa3007789,2018,
sa3007790,2018,
sa3007803,2021,
sa3007821,2018,
sa3007822,2018,
sa3007824,2019,
sa3007825,2018,
sa3007826,2019,
sa3007827,2018,
sa3007829,2018,
sa3007830,2018,
sa3007865,2018,
sa3007866,2018,
sa3007868,2018,
sa3007869,2019,
sa3007870,2019,
sa3007871,2018,
sa3007873,2018,
sa3007874,2018,
sa3007875,2018,
sa3007876,2018,
sa3007877,2018,
sa3007878,2018,
sa3007879,2018,
sa3007881,2018,
sa3007882,2018,
sa3007913,2018,
sa3007914,2018,
sa3007915,2018,
sa3007916,2018,
sa3007918,2019,
sa3007942,2018,
sa3007972,2018,
sa3007974,2018,
sa3007975,2018,
sa3007977,2018,
sa3007978,2018,
sa3008001,2018,
sa3008003,2018,
sa3008004,2018,
sa3008005,2018,
sa3008006,2018,
sa3008007,2018,
sa3008008,2018,
sa3008029,2019,
sa3008030,2018,
sa3008031,2019,
sa3008050,2018,
sa3008051,2019,
sa3008052,2018,
sa3008053,2018,
sa3008076,2018,
sa3008077,2018,
sa3008078,2018,
sa3008080,2018,
sa3008081,2018,
sa3008082,2018,
sa3008083,2018,
sa3008084,2018,
sa3008106,2019,
sa3008109,2018,
sa3008110,2018,
sa3008111,2018,
sa3008112,2018,
sa3008113,2018,
sa3008138,2018,
sa3008140,2018,
sa3008141,2018,
sa3008142,2018,
sa3008143,2018,
sa3008144,2018,
sa3008145,2018,
sa3008146,2018,
sa3008147,2018,
sa3008148,2018,
sa3008181,2019,
sa3008183,2018,
sa3008184,2018,
sa3008185,2018,
sa3008186,2019,
sa3008187,2018,
sa3008188,2018,
sa3008189,2018,
sa3008190,2018,
sa3008191,2018,
sa3008192,2018,
sa3008238,2018,
sa3008246,2019,
sa3008248,2018,
sa3008249,2018,
sa3008250,2018,
sa3008251,2019,
sa3008268,2019,
sa3008270,2018,
sa3008271,2018,
sa3008278,2018,
sa3008279,2018,
sa3008281,2018,
sa3008282,2018,
sa3008283,2019,
sa3008293,2019,
sa3008295,2018,
sa3008296,2018,
sa3008297,2018,
sa3008298,2018,
sa3008307,2018,
sa3008317,2018,
sa3008318,2019,
sa3008341,2018,
sa3008363,2018,
sa3008364,2018,
sa3008366,2018,
sa3008378,2018,
sa3008379,2018,
sa3008391,2018,
sa3008407,2018,
sa3008408,2018,
sa3008409,2018,
sa3008410,2018,
sa3008419,2018,
sa3008420,2018,
sa3008430,2018,
sa3008431,2018,
sa3008432,2018,
sa3008441,2018,
sa3008447,2018,
sa3008452,2018,
sa3008463,2019,
sa3008468,2018,
sa3008469,2018,
sa3008474,2018,
sa3008475,2018,
sa3008476,2018,
sa3008482,2018,
sa3008491,2018,
sa3008506,2018,
sa3008507,2018,
sa3008508,2018,
sa3008519,2018,
sa3008543,2022,
sa3008556,2018,
sa3008576,2018,
sa3008590,2021,
sa3008602,2019,
sa3008603,2019,
sa3008616,2019,
sa3008657,2019,
sa3008736,2019,
sa3008737,2019,
sa3008738,2019,
sa3008739,2019,
sa3008740,2019,
sa3008741,2019,
sa3008742,2019,
sa3008743,2019,
sa3008744,2019,
sa3008746,2019,
sa3008747,2019,
sa3008748,2019,
sa3008749,2019,
sa3008750,2019,
sa3008751,2019,
sa3008753,2019,
sa3008754,2019,
sa3008755,2019,
sa3008757,2019,
sa3008758,2019,
sa3008759,2019,
sa3008760,2019,
sa3008763,2019,
sa3008764,2019,
sa3008766,2019,
sa3008768,2019,
sa3008769,2019,
sa3008770,2019,
sa3008771,2019,
sa3008772,2019,
sa3008773,2019,
sa3008774,2019,
sa3008775,2019,
sa3008776,2019,
sa3008777,2019,
sa3008778,2019,
sa3008779,2019,
sa3008780,2019,
sa3008781,2019,
sa3008782,2019,
sa3008783,2019,
sa3008784,2019,
sa3008785,2019,
sa3008786,2019,
sa3008788,2019,
sa3008789,2019,
sa3008790,2019,
sa3008791,2019,
sa3008792,2019,
sa3008793,2019,
sa3008794,2019,
sa3008795,2019,
sa3008796,2019,
sa3008797,2019,
sa3008798,2019,
sa3008799,2019,
sa3008800,2019,
sa3008801,2019,
sa3008802,2019,
sa3008803,2019,
sa3008804,2019,
sa3008805,2019,
sa3008806,2019,
sa3008807,2019,
sa3008808,2019,
sa3008809,2019,
sa3008810,2019,
sa3008811,2019,
sa3008812,2019,
sa3008813,2019,
sa3008814,2019,
sa3008815,2019,
sa3008816,2019,
sa3008817,2019,
sa3008818,2019,
sa3008819,2019,
sa3008820,2019,
sa3008821,2019,
sa3008822,2019,
sa3008823,2019,
sa3008824,2019,
sa3008825,2019,
sa3008826,2019,
sa3008827,2019,
sa3008828,2019,
sa3008829,2019,
sa3008830,2019,
sa3008831,2019,
sa3008832,2019,
sa3008833,2019,
sa3008834,2019,
sa3008835,2019,
sa3008836,2019,
sa3008837,2019,
sa3008838,2019,
sa3008839,2019,
sa3008840,2019,
sa3008841,2019,
sa3008842,2019,
sa3008843,2019,
sa3008844,2019,
sa3008845,2019,
sa3008846,2019,
sa3008847,2019,
sa3008848,2019,
sa3008849,2019,
sa3008850,2019,
sa3008851,2019,
sa3008852,2019,
sa3008853,2019,
sa3008854,2019,
sa3008855,2019,
sa3008856,2019,
sa3008857,2019,
sa3008858,2019,
sa3008859,2019,
sa3008860,2019,
sa3008861,2019,
sa3008862,2019,
sa3008863,2019,
sa3008864,2019,
sa3008865,2019,
sa3008866,2019,
sa3008867,2019,
sa3008868,2019,
sa3008869,2019,
sa3008870,2019,
sa3008871,2019,
sa3008872,2019,
sa3008873,2019,
sa3008874,2019,
sa3008875,2019,
sa3008876,2019,
sa3008877,2019,
sa3008878,2019,
sa3008879,2019,
sa3008880,2019,
sa3008881,2019,
sa3008882,2019,
sa3008883,2019,
sa3008884,2019,
sa3008885,2019,
sa3008886,2019,
sa3008887,2019,
sa3008888,2019,
sa3008889,2019,
sa3008890,2019,
sa3008891,2019,
sa3008892,2019,
sa3008893,2019,
sa3008894,2019,
sa3008895,2019,
sa3008896,2019,
sa3008897,2019,
sa3008898,2019,
sa3008899,2019,
sa3008900,2019,
sa3008901,2019,
sa3008902,2019,
sa3008903,2019,
sa3008904,2019,
sa3008905,2019,
sa3008906,2019,
sa3008907,2019,
sa3008908,2019,
sa3008909,2019,
sa3008910,2019,
sa3008911,2019,
sa3008912,2019,
sa3008913,2019,
sa3008914,2019,
sa3008915,2019,
sa3008917,2019,
sa3008918,2019,
sa3008919,2019,
sa3008920,2019,
sa3008921,2019,
sa3008922,2019,
sa3008923,2019,
sa3008924,2019,
sa3008925,2019,
sa3008926,2019,
sa3008927,2019,
sa3008928,2019,
sa3008929,2019,
sa3008930,2019,
sa3008931,2019,
sa3008932,2019,
sa3008933,2019,
sa3008934,2019,
sa3008935,2019,
sa3008936,2019,
sa3008937,2019,
sa3008938,2019,
sa3008939,2019,
sa3008940,2019,
sa3008941,2019,
sa3008942,2019,
sa3008943,2019,
sa3008944,2019,
sa3008945,2019,
sa3008946,2019,
sa3008947,2019,
sa3008948,2019,
sa3008949,2019,
sa3008950,2019,
sa3008951,2019,
sa3008952,2019,
sa3008953,2019,
sa3008954,2019,
sa3008955,2019,
sa3008956,2019,
sa3008957,2019,
sa3009190,2019,
sa3009191,2019,
sa3009192,2019,
sa3009193,2019,
sa3009194,2019,
sa3009195,2019,
sa3009274,2019,
sa3009275,2019,
sa3009277,2019,
sa3009278,2019,
sa3009279,2019,
sa3009280,2019,
sa3009281,2019,
sa3009282,2019,
sa3009283,2019,
sa3009284,2019,
sa3009285,2019,
sa3009286,2019,
sa3009287,2019,
sa3009288,2019,
sa3009290,2019,
sa3009291,2019,
sa3009292,2019,
sa3009293,2019,
sa3009294,2019,
sa3009295,2019,
sa3009296,2019,
sa3009297,2019,
sa3009298,2019,
sa3009299,2021,
sa3009300,2019,
sa3009301,2019,
sa3009302,2019,
sa3009303,2019,
sa3009304,2019,
sa3009305,2019,
sa3009306,2019,
sa3009307,2019,
sa3009308,2019,
sa3009309,2019,
sa3009310,2019,
sa3009311,2019,
sa3009312,2019,
sa3009313,2019,
sa3009314,2019,
sa3009315,2019,
sa3009316,2019,
sa3009317,2019,
sa3009318,2019,
sa3009319,2019,
sa3009320,2019,
sa3009321,2021,
sa3009322,2019,
sa3009323,2019,
sa3009324,2019,
sa3009325,2019,
sa3009326,2019,
sa3009327,2019,
sa3009328,2019,
sa3009329,2019,
sa3009330,2019,
sa3009331,2019,
sa3009332,2019,
sa3009333,2019,
sa3009334,2019,
sa3009335,2019,
sa3009336,2019,
sa3009337,2019,
sa3009338,2019,
sa3009339,2019,
sa3009340,2019,
sa3009341,2019,
sa3009342,2019,
sa3009343,2019,
sa3009344,2019,
sa3009345,2019,
sa3009534,2019,
sa3009535,2019,
sa3009536,2019,
sa3009537,2019,
sa3009538,2019,
sa3009540,2019,
sa3009541,2019,
sa3009542,2019,
sa3009543,2019,
sa3009544,2019,
sa3009545,2019,
sa3009546,2019,
sa3009547,2019,
sa3009548,2019,
sa3009549,2019,
sa3009550,2019,
sa3009551,2019,
sa3009552,2019,
sa3009553,2019,
sa3009554,2019,
sa3009555,2019,
sa3009556,2019,
sa3009557,2019,
sa3009559,2019,
sa3009560,2019,
sa3009561,2019,
sa3009562,2019,
sa3009563,2019,
sa3009564,2019,
sa3009565,2019,
sa3009566,2019,
sa3009567,2019,
sa3009568,2019,
sa3009569,2019,
sa3009570,2019,
sa3009641,2019,
sa3009642,2019,
sa3009643,2019,
sa3009644,2019,
sa3009645,2019,
sa3009646,2019,
sa3009647,2019,
sa3009648,2019,
sa3009649,2019,
sa3009650,2019,
sa3009651,2019,
sa3009652,2019,
sa3009653,2019,
sa3009654,2019,
sa3009655,2019,
sa3009656,2019,
sa3009657,2019,
sa3009658,2019,
sa3009659,2019,
sa3009660,2019,
sa3009760,2019,
sa3009761,2019,
sa3009762,2019,
sa3009763,2019,
sa3009791,2019,
sa3009792,2019,
sa3009793,2019,
sa3009794,2019,
sa3009795,2019,
sa3009816,2019,
sa3009817,2019,
sa3009818,2019,
sa3009819,2019,
sa3009820,2019,
sa3009832,2019,
sa3009833,2019,
sa3009834,2019,
sa3009835,2019,
sa3009852,2019,
sa3009866,2019,
sa3009867,2021,
sa3009868,2019,
sa3009870,2021,
sa3009872,2021,
sa3009873,2021,
sa3009874,2021,
sa3009875,2021,
sa3009877,2019,
sa3009878,2021,
sa3009880,2019,
sa3009885,2021,
sa3009886,2019,
sa3009887,2021,
sa3009888,2019,
sa3009891,2021,
sa3009892,2021,
sa3009893,2021,
sa3009895,2021,
sa3009896,2021,
sa3009897,2019,
sa3009955,2019,
sa3009961,2021,
sa3009963,2019,
sa3009972,2021,
sa3010006,2019,
sa3010007,2019,
sa3010008,2019,
sa3010010,2019,
sa3010011,2021,
sa3010012,2019,
sa3010013,2019,
sa3010014,2019,
sa3010015,2019,
sa3010016,2019,
sa3010017,2019,
sa3010018,2019,
sa3010019,2019,
sa3010020,2019,
sa3010021,2019,
sa3010023,2019,
sa3010025,2019,
sa3010026,2019,
sa3010027,2019,
sa3010028,2019,
sa3010029,2021,
sa3010030,2019,
sa3010031,2019,
sa3010032,2019,
sa3010033,2021,
sa3010035,2019,
sa3010036,2021,
sa3010037,2019,
sa3010038,2019,
sa3010040,2019,
sa3010041,2019,
sa3010043,2019,
sa3010044,2019,
sa3010045,2021,
sa3010046,2019,
sa3010047,2019,
sa3010048,2019,
sa3010049,2019,
sa3010050,2019,
sa3010051,2019,
sa3010052,2019,
sa3010145,2021,
sa3010146,2019,
sa3010148,2019,
sa3010149,2021,
sa3010150,2019,
sa3010154,2019,
sa3010155,2019,
sa3010156,2019,
sa3010157,2021,
sa3010158,2019,
sa3010159,2019,
sa3010160,2021,
sa3010161,2019,
sa3010162,2019,
sa3010163,2019,
sa3010164,2019,
sa3010165,2019,
sa3010166,2019,
sa3010167,2019,
sa3010169,2019,
sa3010172,2019,
sa3010173,2019,
sa3010174,2019,
sa3010175,2019,
sa3010176,2019,
sa3010177,2021,
sa3010178,2019,
sa3010268,2019,
sa3010270,2021,
sa3010271,2021,
sa3010273,2021,
sa3010274,2019,
sa3010276,2019,
sa3010277,2019,
sa3010278,2021,
sa3010280,2021,
sa3010281,2019,
sa3010282,2019,
sa3010283,2019,
sa3010284,2019,
sa3010330,2021,
sa3010331,2021,
sa3010334,2019,
sa3010335,2019,
sa3010336,2021,
sa3010338,2019,
sa3010340,2019,
sa3010341,2019,
sa3010342,2019,
sa3010343,2021,
sa3010345,2019,
sa3010387,2019,
sa3010389,2019,
sa3010390,2019,
sa3010391,2019,
sa3010392,2021,
sa3010394,2019,
sa3010395,2019,
sa3010396,2019,
sa3010398,2019,
sa3010400,2019,
sa3010402,2019,
sa3010403,2019,
sa3010404,2019,
sa3010582,2019,
sa3010584,2019,
sa3010585,2021,
sa3010588,2021,
sa3010589,2019,
sa3010590,2019,
sa3010591,2021,
sa3010592,2019,
sa3010594,2021,
sa3010596,2019,
sa3010597,2019,
sa3010598,2019,
sa3010599,2021,
sa3010600,2021,
sa3010601,2019,
sa3010602,2021,
sa3010603,2019,
sa3010635,2021,
sa3010636,2019,
sa3010637,2019,
sa3010676,2019,
sa3010677,2019,
sa3010678,2019,
sa3010679,2019,
sa3010680,2019,
sa3010681,2019,
sa3010682,2019,
sa3010683,2019,
sa3010685,2019,
sa3010686,2021,
sa3010687,2019,
sa3010688,2019,
sa3010690,2019,
sa3010691,2019,
sa3010693,2019,
sa3010696,2019,
sa3010697,2019,
sa3010698,2019,
sa3010699,2019,
sa3010701,2019,
sa3010702,2019,
sa3010703,2019,
sa3010704,2019,
sa3010705,2021,
sa3010706,2019,
sa3010707,2019,
sa3010708,2019,
sa3010709,2019,
sa3010710,2019,
sa3010712,2019,
sa3010713,2019,
sa3010714,2019,
sa3010715,2019,
sa3010716,2019,
sa3010717,2019,
sa3010718,2019,
sa3010719,2019,
sa3010720,2019,
sa3010721,2021,
sa3010722,2019,
sa3010723,2019,
sa3010724,2019,
sa3010725,2019,
sa3010790,2019,
sa3010842,2019,
sa3010843,2019,
sa3010844,2019,
sa3010845,2019,
sa3010849,2019,
sa3010852,2021,
sa3010853,2019,
sa3010854,2019,
sa3010855,2019,
sa3010856,2019,
sa3010857,2019,
sa3010859,2019,
sa3010860,2019,
sa3010863,2019,
sa3010864,2019,
sa3010865,2019,
sa3010866,2019,
sa3010867,2019,
sa3010870,2019,
sa3010871,2019,
sa3010872,2019,
sa3010873,2019,
sa3010874,2019,
sa3010876,2019,
sa3010877,2019,
sa3010878,2019,
sa3010879,2019,
sa3010880,2019,
sa3010881,2019,
sa3010882,2019,
sa3010883,2019,
sa3010884,2019,
sa3010885,2019,
sa3010886,2019,
sa3010887,2021,
sa3010888,2021,
sa3010889,2019,
sa3010891,2019,
sa3010894,2019,
sa3010895,2019,
sa3010897,2019,
sa3010898,2019,
sa3010900,2019,
sa3010901,2019,
sa3010902,2019,
sa3010905,2019,
sa3010906,2021,
sa3010908,2019,
sa3010909,2021,
sa3010910,2019,
sa3011074,2019,
sa3011084,2019,
sa3011088,2019,
sa3011114,2019,
sa3011119,2019,
sa3011153,2019,
sa3011154,2019,
sa3011155,2019,
sa3011156,2021,
sa3011157,2019,
sa3011158,2019,
sa3011196,2021,
sa3011203,2019,
sa3011204,2021,
sa3011205,2019,
sa3011207,2019,
sa3011224,2021,
sa3011253,2021,
sa3011254,2019,
sa3011256,2019,
sa3011258,2019,
sa3011259,2019,
sa3011260,2019,
sa3011261,2019,
sa3011262,2019,
sa3011263,2021,
sa3011264,2019,
sa3011265,2021,
sa3011266,2019,
sa3011306,2021,
sa3011307,2021,
sa3011308,2019,
sa3011310,2019,
sa3011327,2021,
sa3011328,2019,
sa3011329,2019,
sa3011330,2019,
sa3011331,2019,
sa3011350,2019,
sa3011352,2019,
sa3011353,2019,
sa3011378,2019,
sa3011379,2021,
sa3011380,2019,
sa3011381,2019,
sa3011382,2019,
sa3011402,2019,
sa3011403,2019,
sa3011404,2019,
sa3011405,2019,
sa3011406,2021,
sa3011407,2019,
sa3011408,2019,
sa3011413,2019,
sa3011414,2021,
sa3011415,2019,
sa3011423,2021,
sa3011425,2019,
sa3011442,2019,
sa3011444,2019,
sa3011445,2019,
sa3011446,2019,
sa3011447,2019,
sa3011467,2019,
sa3011469,2021,
sa3011470,2019,
sa3011471,2019,
sa3011472,2019,
sa3011483,2019,
sa3011501,2019,
sa3011502,2019,
sa3011503,2019,
sa3011504,2019,
sa3011505,2019,
sa3011506,2019,
sa3011507,2019,
sa3011541,2019,
sa3011559,2021,
sa3011560,2019,
sa3011561,2019,
sa3011578,2019,
sa3011579,2019,
sa3011580,2019,
sa3011581,2019,
sa3011587,2021,
sa3011588,2019,
sa3011589,2019,
sa3011590,2019,
sa3011599,2019,
sa3011600,2019,
sa3011601,2019,
sa3011602,2019,
sa3011603,2019,
sa3011614,2019,
sa3011615,2019,
sa3011628,2019,
sa3011629,2019,
sa3011630,2019,
sa3011631,2019,
sa3011632,2019,
sa3011645,2019,
sa3011663,2019,
sa3011664,2019,
sa3011665,2019,
sa3011666,2019,
sa3011667,2019,
sa3011668,2019,
sa3011669,2019,
sa3011691,2019,
sa3011692,2019,
sa3011693,2019,
sa3011702,2021,
sa3011704,2019,
sa3011705,2019,
sa3011706,2019,
sa3011717,2019,
sa3011737,2021,
sa3011738,2019,
sa3011739,2019,
sa3011753,2019,
sa3011754,2019,
sa3011776,2019,
sa3011778,2019,
sa3011789,2019,
sa3011790,2019,
sa3011796,2019,
sa3011798,2019,
sa3011810,2019,
sa3011820,2019,
sa3011821,2019,
sa3011828,2019,
sa3011833,2019,
sa3011851,2019,
sa3011857,2019,
sa3011883,2019,
sa3011884,2019,
sa3011888,2019,
sa3011896,2021,
sa3011899,2021,
sa3014424,2021,
sa3014426,2021,
sa3014436,2021,
sa3014448,2021,
sa3014449,2021,
sa3014452,2021,
sa3014460,2021,
sa3014468,2021,
sa3014470,2021,
sa3014472,2021,
sa3014473,2021,
sa3014494,2021,
sa3014496,2021,
sa3014497,2021,
sa3014500,2021,
sa3014502,2021,
sa3014507,2021,
sa3014521,2021,
sa3014524,2021,
sa3014525,2021,
sa3014529,2023,
sa3014530,2021,
sa3014532,2021,
sa3014540,2021,
sa3014544,2021,
sa3014548,2021,
sa3014549,2021,
sa3014676,2021,
sa3014678,2021,
sa3014679,2021,
sa3014681,2021,
sa3014683,2021,
sa3014685,2021,
sa3014686,2021,
sa3014687,2021,
sa3014688,2021,
sa3014689,2021,
sa3014690,2021,
sa3014691,2021,
sa3014692,2021,
sa3014693,2021,2026.0
sa3014695,2021,
sa3014697,2021,
sa3014702,2021,
sa3014703,2021,
sa3014704,2022,
sa3014707,2021,
sa3014710,2021,
sa3014712,2021,
sa3014714,2021,
sa3014715,2022,
sa3014717,2021,
sa3014718,2021,
sa3014815,2021,
sa3014817,2021,
sa3014819,2021,
sa3014821,2021,
sa3014822,2021,
sa3014823,2021,
sa3014824,2021,
sa3014825,2021,
sa3014826,2021,
sa3014827,2021,
sa3014828,2021,
sa3014829,2021,
sa3014830,2021,
sa3014831,2021,
sa3014832,2021,
sa3014833,2021,
sa3014834,2021,
sa3014835,2021,
sa3014836,2021,
sa3014837,2021,
sa3014839,2021,
sa3014840,2021,
sa3014841,2021,
sa3014877,2021,
sa3014878,2021,
sa3014879,2021,
sa3014880,2021,
sa3014881,2021,
sa3014882,2021,
sa3014883,2021,
sa3014884,2021,
sa3014885,2021,
sa3014886,2021,
sa3014887,2021,
sa3014888,2021,
sa3014889,2021,
sa3014890,2021,
sa3014891,2021,
sa3014892,2021,
sa3014934,2021,
sa3014935,2021,
sa3014936,2021,
sa3014937,2021,
sa3014938,2021,
sa3014939,2021,
sa3014940,2021,
sa3014941,2021,
sa3014942,2021,
sa3014943,2021,
sa3014944,2021,
sa3014945,2021,
sa3014946,2021,
sa3014947,2021,
sa3014949,2021,
sa3014985,2021,
sa3014986,2021,
sa3014987,2021,
sa3014988,2021,
sa3015014,2021,
sa3015015,2021,
sa3015016,2021,
sa3015017,2021,
sa3015018,2021,
sa3015050,2021,
sa3015057,2021,
sa3015062,2021,
sa3015071,2021,
sa3015072,2021,
sa3015076,2021,
sa3015077,2021,
sa3015081,2021,
sa3015088,2021,
sa3015090,2021,
sa3015097,2021,
sa3015103,2021,
sa3015106,2021,
sa3015107,2021,
sa3015115,2021,
sa3015117,2021,
sa3015126,2021,
sa3015137,2021,
sa3015139,2021,
sa3015140,2021,
sa3015143,2021,
sa3015164,2021,
sa3015165,2021,
sa3015166,2021,
sa3015167,2021,
sa3015169,2021,
sa3015170,2021,
sa3015171,2021,
sa3015172,2021,
sa3015173,2021,
sa3015174,2021,
sa3015175,2021,
sa3015176,2021,
sa3015177,2021,
sa3015178,2021,
sa3015179,2021,
sa3015180,2021,
sa3015181,2021,
sa3015182,2021,
sa3015183,2021,
sa3015184,2021,
sa3015185,2021,
sa3015186,2021,
sa3015187,2021,
sa3015188,2021,
sa3015189,2021,
sa3015190,2021,
sa3015191,2021,
sa3015192,2021,
sa3015193,2021,
sa3015194,2021,
sa3015195,2021,
sa3015196,2021,
sa3015197,2021,
sa3015198,2021,
sa3015199,2021,
sa3015200,2021,
sa3015201,2021,
sa3015202,2021,
sa3015203,2021,
sa3015205,2021,
sa3015225,2021,
sa3015226,2021,
sa3015227,2021,
sa3015228,2021,
sa3015229,2021,
sa3015230,2021,
sa3015231,2021,
sa3015232,2021,
sa3015233,2021,
sa3015234,2021,
sa3015235,2021,
sa3015236,2021,
sa3015237,2022,
sa3015238,2021,
sa3015290,2021,
sa3015291,2021,
sa3015292,2021,
sa3015293,2021,
sa3015294,2021,
sa3015295,2021,
sa3015296,2021,
sa3015314,2021,
sa3015315,2021,
sa3015337,2021,
sa3015338,2021,
sa3015352,2021,
sa3015353,2021,
sa3015354,2021,
sa3015364,2021,
sa3015365,2021,
sa3015374,2021,
sa3015375,2021,
sa3015390,2021,
sa3015406,2021,
sa3015513,2021,
sa3015514,2021,
sa3015515,2021,
sa3015516,2021,
sa3015517,2021,
sa3015518,2021,
sa3015519,2021,
sa3015520,2021,
sa3015521,2021,
sa3015522,2021,
sa3015524,2021,
sa3015525,2021,
sa3015526,2021,
sa3015527,2021,
sa3015528,2021,
sa3015529,2021,
sa3015530,2021,
sa3015531,2021,
sa3015533,2021,
sa3015534,2021,
sa3015535,2021,
sa3015536,2021,
sa3015537,2021,
sa3015538,2021,
sa3015539,2021,
sa3015540,2021,
sa3015541,2021,
sa3015542,2021,
sa3015543,2021,
sa3015544,2021,
sa3015545,2021,
sa3015546,2021,
sa3015547,2021,
sa3015548,2021,
sa3015549,2021,
sa3015550,2021,
sa3015551,2021,
sa3015552,2021,
sa3015553,2021,
sa3015554,2021,
sa3015555,2021,
sa3015556,2021,
sa3015557,2021,
sa3015558,2021,
sa3015559,2021,
sa3015560,2021,
sa3015561,2021,
sa3015562,2021,
sa3015563,2021,
sa3015565,2021,
sa3015566,2021,
sa3015567,2021,
sa3015568,2021,
sa3015569,2021,
sa3015570,2021,
sa3015571,2021,
sa3015572,2021,
sa3015573,2021,
sa3015574,2021,
sa3015575,2021,
sa3015576,2021,
sa3015577,2021,
sa3015578,2021,
sa3015580,2021,
sa3015581,2021,
sa3015582,2021,
sa3015583,2021,
sa3015584,2021,
sa3015585,2021,
sa3015586,2021,
sa3015587,2021,
sa3015588,2021,
sa3015589,2021,
sa3015590,2021,
sa3015591,2021,
sa3015592,2021,
sa3015593,2021,
sa3015594,2021,
sa3015595,2021,
sa3015596,2021,
sa3015597,2023,
sa3015598,2021,
sa3015599,2021,
sa3015600,2021,
sa3015601,2021,
sa3015602,2021,
sa3015604,2021,
sa3015605,2021,
sa3015606,2021,
sa3015607,2021,
sa3015608,2021,
sa3015609,2021,
sa3015610,2021,
sa3015611,2021,
sa3015612,2021,
sa3015613,2021,
sa3015614,2021,
sa3015615,2021,
sa3015616,2021,
sa3015617,2021,
sa3015618,2021,
sa3015619,2021,
sa3015620,2021,
sa3015621,2021,
sa3015622,2021,
sa3015623,2021,
sa3015624,2021,
sa3015625,2021,
sa3015626,2021,
sa3015627,2021,
sa3015628,2021,
sa3015629,2021,
sa3015630,2021,
sa3015631,2021,
sa3015632,2021,
sa3015633,2021,
sa3015634,2021,
sa3015635,2021,
sa3015636,2021,
sa3015637,2021,
sa3015638,2021,
sa3015639,2021,
sa3015640,2021,
sa3015641,2021,
sa3015642,2021,
sa3015643,2021,
sa3015644,2021,
sa3015645,2021,
sa3015646,2021,
sa3015647,2021,
sa3015649,2021,
sa3015650,2021,
sa3015651,2021,
sa3015652,2021,
sa3015653,2021,
sa3015654,2021,
sa3015655,2021,
sa3015656,2021,
sa3015657,2021,
sa3015658,2021,
sa3015659,2021,
sa3015660,2021,
sa3015661,2021,
sa3015662,2021,
sa3015663,2021,
sa3015664,2021,
sa3015665,2021,
sa3015666,2021,
sa3015667,2021,
sa3015668,2021,
sa3015669,2021,
sa3015670,2021,
sa3015671,2021,
sa3015672,2021,
sa3015673,2021,
sa3015674,2021,
sa3015675,2021,
sa3015676,2021,
sa3015677,2021,
sa3015678,2021,
sa3015679,2021,
sa3015680,2021,
sa3015681,2021,
sa3015682,2021,
sa3015683,2021,
sa3015684,2021,
sa3015685,2021,
sa3015686,2021,
sa3015687,2021,
sa3015689,2021,
sa3015690,2021,
sa3015691,2021,
sa3015692,2021,
sa3015693,2021,
sa3015694,2021,
sa3015695,2021,
sa3015696,2021,
sa3015697,2021,
sa3015698,2021,
sa3015699,2021,
sa3015700,2021,
sa3015701,2021,
sa3015702,2021,
sa3015703,2021,
sa3015705,2021,
sa3015707,2021,
sa3015708,2021,
sa3015709,2021,
sa3015710,2021,
sa3015712,2021,
sa3015714,2021,
sa3015715,2021,
sa3015717,2021,
sa3015718,2021,
sa3015719,2021,
sa3015720,2021,
sa3015721,2021,
sa3015722,2021,
sa3015724,2021,
sa3015725,2021,
sa3015726,2021,
sa3015727,2021,
sa3015728,2021,
sa3015729,2021,
sa3015730,2021,
sa3015731,2021,
sa3015732,2021,
sa3015733,2021,
sa3015734,2021,
sa3015735,2021,
sa3015736,2021,
sa3015737,2021,
sa3015738,2021,
sa3015739,2021,
sa3015740,2021,
sa3015741,2021,
sa3015742,2021,
sa3015743,2021,
sa3015744,2021,
sa3015745,2022,
sa3015746,2021,
sa3015747,2021,
sa3015748,2021,
sa3015749,2021,
sa3015750,2021,
sa3015751,2021,
sa3015752,2021,
sa3015753,2021,
sa3015754,2021,
sa3015755,2021,
sa3015756,2021,
sa3015757,2021,
sa3015758,2021,
sa3015759,2021,
sa3015760,2021,
sa3015761,2021,
sa3015762,2021,
sa3015763,2021,
sa3015764,2021,
sa3015765,2021,
sa3015766,2021,
sa3015767,2021,
sa3015769,2021,
sa3015770,2021,
sa3015771,2021,
sa3015772,2021,
sa3015774,2021,
sa3015775,2021,
sa3015776,2021,
sa3015777,2021,
sa3015778,2021,
sa3015779,2021,
sa3015780,2021,
sa3015781,2021,
sa3015782,2021,
sa3015783,2021,
sa3015784,2021,
sa3015785,2021,
sa3015786,2021,
sa3015787,2021,
sa3015788,2021,
sa3015789,2021,
sa3015790,2021,
sa3015791,2021,
sa3015792,2021,
sa3015793,2021,
sa3015794,2021,
sa3015795,2021,
sa3015796,2021,
sa3015797,2021,
sa3015798,2021,
sa3015799,2021,
sa3015800,2021,
sa3015801,2021,
sa3015802,2021,
sa3015803,2021,
sa3015804,2021,
sa3015805,2021,
sa3015806,2021,
sa3015807,2021,
sa3015808,2021,
sa3015809,2021,
sa3015810,2021,
sa3015811,2021,
sa3015812,2021,
sa3015813,2021,
sa3015814,2021,
sa3015815,2021,
sa3015816,2021,
sa3015817,2021,
sa3015818,2021,
sa3015819,2021,
sa3015820,2021,
sa3015821,2021,
sa3015822,2021,
sa3015823,2021,
sa3015824,2021,
sa3015825,2021,
sa3015826,2021,
sa3015827,2021,
sa3015829,2021,
sa3015830,2021,
sa3015831,2021,
sa3015832,2021,
sa3015833,2021,
sa3015835,2021,
sa3015836,2021,
sa3015837,2021,
sa3015838,2021,
sa3015839,2021,
sa3015840,2021,
sa3015841,2021,
sa3015842,2021,
sa3015843,2021,
sa3015844,2021,
sa3015845,2021,
sa3015846,2021,
sa3015847,2021,
sa3015848,2021,
sa3015849,2021,
sa3015850,2021,
sa3015851,2021,
sa3015852,2021,
sa3015853,2021,
sa3015854,2021,
sa3015855,2021,
sa3015856,2021,
sa3015857,2021,
sa3015858,2021,
sa3015859,2021,
sa3015860,2021,
sa3015861,2021,
sa3015862,2021,
sa3015863,2021,
sa3015864,2021,
sa3015865,2021,
sa3015866,2021,
sa3015867,2021,
sa3015868,2021,
sa3015869,2021,
sa3015870,2021,
sa3015871,2021,
sa3015872,2021,
sa3015873,2021,
sa3015874,2021,
sa3016074,2021,
sa3016076,2021,
sa3016077,2021,
sa3016078,2021,
sa3016079,2021,
sa3016080,2021,
sa3016081,2021,
sa3016082,2021,
sa3016083,2021,
sa3016084,2021,
sa3016085,2021,
sa3016086,2021,
sa3016087,2021,
sa3016088,2021,
sa3016089,2021,
sa3016090,2021,
sa3016091,2021,
sa3016092,2021,
sa3016093,2021,
sa3016094,2021,
sa3016095,2021,
sa3016096,2021,
sa3016097,2021,
sa3016098,2021,
sa3016099,2021,
sa3016100,2021,
sa3016101,2021,
sa3016102,2021,
sa3016103,2021,
sa3016104,2022,
sa3016105,2021,
sa3016106,2021,
sa3016107,2021,
sa3016108,2021,
sa3016109,2021,
sa3016110,2021,
sa3016111,2021,
sa3016112,2021,
sa3016113,2021,
sa3016114,2021,
sa3016115,2021,
sa3016116,2021,
sa3016117,2021,
sa3016118,2021,
sa3016119,2021,
sa3016120,2021,
sa3016121,2021,
sa3016122,2021,
sa3016123,2021,
sa3016124,2021,
sa3016125,2021,
sa3016126,2021,
sa3016127,2021,
sa3016128,2021,
sa3016129,2021,
sa3016130,2021,
sa3016131,2021,
sa3016132,2021,
sa3016133,2021,
sa3016134,2021,
sa3016135,2021,
sa3016136,2021,
sa3016137,2021,
sa3016138,2021,
sa3016139,2021,
sa3016140,2021,
sa3016141,2021,
sa3016142,2021,
sa3016143,2021,
sa3016144,2021,
sa3016145,2021,
sa3016146,2021,
sa3016147,2021,
sa3016148,2021,
sa3016149,2021,
sa3016150,2021,
sa3016151,2021,
sa3016152,2021,
sa3016153,2021,
sa3016154,2021,
sa3016155,2021,
sa3016156,2021,
sa3016157,2021,
sa3016158,2021,
sa3016159,2021,
sa3016160,2021,
sa3016161,2021,
sa3016162,2021,
sa3016163,2021,
sa3016164,2021,
sa3016165,2021,
sa3016166,2021,
sa3016167,2021,
sa3016168,2021,
sa3016169,2021,
sa3016170,2021,
sa3016171,2021,
sa3016172,2021,
sa3016173,2021,
sa3016174,2021,
sa3016175,2021,
sa3016176,2021,
sa3016177,2021,
sa3016178,2021,
sa3016179,2021,
sa3016180,2021,
sa3016181,2021,
sa3016182,2021,
sa3016183,2021,
sa3016184,2021,
sa3016185,2021,
sa3016186,2021,
sa3016187,2021,
sa3016188,2021,
sa3016189,2021,
sa3016190,2021,
sa3016191,2021,
sa3016192,2021,
sa3016193,2021,
sa3016194,2021,
sa3016195,2021,
sa3016196,2021,
sa3016197,2021,
sa3016296,2021,
sa3016297,2021,
sa3016298,2021,
sa3016299,2021,
sa3016300,2021,
sa3016301,2021,
sa3016302,2021,
sa3016303,2021,
sa3016304,2021,
sa3016305,2021,
sa3016306,2021,
sa3016307,2021,
sa3016308,2021,
sa3016309,2021,
sa3016310,2021,
sa3016311,2021,
sa3016312,2021,
sa3016313,2021,
sa3016314,2021,
sa3016315,2021,
sa3016316,2021,
sa3016317,2021,
sa3016318,2021,
sa3016319,2021,
sa3016320,2021,
sa3016321,2021,
sa3016322,2021,
sa3016323,2021,
sa3016324,2021,
sa3016325,2021,
sa3016326,2021,
sa3016327,2021,
sa3016328,2021,
sa3016329,2021,
sa3016330,2021,
sa3016331,2021,
sa3016332,2021,
sa3016333,2021,
sa3016334,2021,
sa3016335,2021,
sa3016336,2021,
sa3016337,2021,
sa3016338,2021,
sa3016339,2021,
sa3016340,2021,
sa3016341,2022,
sa3016342,2021,
sa3016343,2021,
sa3016344,2021,
sa3016345,2021,
sa3016346,2021,
sa3016530,2021,
sa3016531,2021,
sa3016532,2021,
sa3016533,2021,
sa3016534,2021,
sa3016535,2021,
sa3016536,2021,
sa3016537,2021,
sa3016538,2021,
sa3016539,2021,
sa3016540,2021,
sa3016541,2021,
sa3016542,2021,
sa3016543,2021,
sa3016544,2021,
sa3016545,2021,
sa3016546,2021,
sa3016547,2021,
sa3016548,2021,
sa3016549,2021,
sa3016550,2022,
sa3016551,2021,
sa3016552,2021,
sa3016553,2021,
sa3016554,2021,
sa3016555,2021,
sa3016556,2021,
sa3016557,2021,
sa3016558,2021,
sa3016559,2021,
sa3016560,2021,
sa3016561,2021,
sa3016626,2021,
sa3016627,2021,
sa3016628,2021,
sa3016629,2021,
sa3016630,2021,
sa3016631,2021,
sa3016632,2021,
sa3016633,2021,
sa3016634,2021,
sa3016635,2021,
sa3016636,2021,
sa3016637,2021,
sa3016638,2021,
sa3016639,2021,
sa3016640,2021,
sa3016641,2021,
sa3016642,2021,
sa3016643,2021,
sa3016644,2021,
sa3016645,2021,
sa3016646,2021,
sa3016647,2021,
sa3016648,2021,
sa3016649,2021,
sa3016650,2021,
sa3016651,2021,
sa3016652,2022,
sa3016716,2021,
sa3016717,2021,
sa3016718,2021,
sa3016719,2021,
sa3016720,2021,
sa3016721,2021,
sa3016723,2021,
sa3016753,2021,
sa3016754,2021,
sa3016777,2021,
sa3016778,2021,
sa3016779,2021,
sa3016786,2021,
sa3016787,2021,
sa3016788,2021,
sa3016789,2021,
sa3016790,2021,
sa3016791,2021,
sa3016803,2021,
sa3016804,2021,
sa3016806,2021,
sa3016807,2021,
sa3016810,2021,
sa3016818,2021,
sa3016819,2021,
sa3016820,2021,
sa3016821,2021,
sa3016822,2021,
sa3016824,2021,
sa3016825,2021,
sa3016826,2022,
sa3016827,2021,
sa3016828,2021,
sa3016830,2021,
sa3016834,2021,
sa3016835,2021,
sa3016836,2021,
sa3016837,2021,
sa3016839,2021,
sa3016840,2021,
sa3016852,2021,
sa3016853,2021,
sa3016854,2021,
sa3016855,2021,
sa3016856,2021,
sa3016857,2021,
sa3016858,2021,
sa3016859,2021,
sa3016860,2021,
sa3016861,2021,
sa3016862,2021,
sa3016864,2021,
sa3016865,2021,
sa3016866,2021,
sa3016867,2021,
sa3016868,2021,
sa3016869,2021,
sa3016871,2021,
sa3016872,2021,
sa3016873,2021,
sa3016917,2021,
sa3016918,2021,
sa3016919,2021,
sa3016920,2021,
sa3016921,2021,
sa3016922,2021,
sa3016923,2021,
sa3016924,2021,
sa3016925,2021,
sa3016927,2021,
sa3016950,2021,
sa3016952,2021,
sa3016953,2021,
sa3016954,2021,
sa3016955,2021,
sa3016956,2021,
sa3016958,2021,
sa3016959,2021,
sa3016960,2021,
sa3016961,2021,
sa3016962,2021,
sa3016963,2021,
sa3016964,2021,
sa3016965,2021,
sa3016966,2021,
sa3016967,2021,
sa3016968,2021,
sa3016969,2021,
sa3016971,2021,
sa3016972,2021,
sa3016976,2021,
sa3016977,2021,
sa3016978,2021,
sa3016998,2021,
sa3016999,2021,
sa3017000,2021,
sa3017001,2021,
sa3017016,2021,
sa3017017,2021,
sa3017020,2021,
sa3017023,2021,
sa3017041,2021,
sa3017043,2021,
sa3017044,2021,
sa3017045,2021,
sa3017046,2021,
sa3017048,2021,
sa3017051,2021,
sa3017052,2021,
sa3017053,2021,
sa3017074,2021,
sa3017075,2021,
sa3017076,2021,
sa3017077,2021,
sa3017078,2021,
sa3017080,2021,
sa3017081,2021,
sa3017082,2021,
sa3017107,2021,
sa3017108,2021,
sa3017109,2021,
sa3017110,2021,
sa3017111,2021,
sa3017112,2021,
sa3017113,2021,
sa3017115,2021,
sa3017116,2021,
sa3017117,2021,
sa3017118,2021,
sa3017119,2021,
sa3017120,2021,
sa3017121,2021,
sa3017122,2021,
sa3017123,2021,
sa3017151,2021,
sa3017152,2021,
sa3017153,2021,
sa3017155,2021,
sa3017156,2021,
sa3017157,2021,
sa3017158,2021,
sa3017159,2021,
sa3017160,2021,
sa3017161,2021,
sa3017162,2021,
sa3017163,2021,
sa3017165,2021,
sa3017166,2021,
sa3017168,2021,
sa3017169,2021,
sa3017171,2021,
sa3017172,2021,
sa3017174,2021,
sa3017175,2021,
sa3017176,2021,
sa3017177,2021,
sa3017178,2021,
sa3017179,2021,
sa3017180,2021,
sa3017181,2021,
sa3017182,2021,
sa3017184,2021,
sa3017212,2021,
sa3017213,2021,
sa3017214,2021,
sa3017215,2021,
sa3017216,2021,
sa3017217,2021,
sa3017218,2021,
sa3017219,2021,
sa3017220,2022,
sa3017221,2021,
sa3017222,2021,
sa3017223,2021,
sa3017281,2021,
sa3017282,2021,
sa3017283,2021,
sa3017284,2021,
sa3017285,2021,
sa3017288,2021,
sa3017289,2021,
sa3017291,2021,
sa3017292,2021,
sa3017294,2021,
sa3017296,2021,
sa3017322,2021,
sa3017323,2021,
sa3017324,2021,
sa3017325,2021,
sa3017326,2021,
sa3017327,2022,
sa3017328,2021,
sa3017329,2021,
sa3017331,2021,
sa3017332,2021,
sa3017333,2021,
sa3017334,2021,
sa3017335,2021,
sa3017336,2021,
sa3017338,2021,
sa3017340,2021,
sa3017341,2021,
sa3017343,2021,
sa3017370,2021,
sa3017371,2021,
sa3017372,2021,
sa3017373,2021,
sa3017375,2021,
sa3017376,2021,
sa3017394,2021,
sa3017395,2021,
sa3017396,2021,
sa3017397,2021,
sa3017398,2021,
sa3017399,2021,
sa3017401,2021,
sa3017402,2021,
sa3017403,2021,
sa3017404,2021,
sa3017405,2021,
sa3017406,2021,
sa3017407,2021,
sa3017425,2021,
sa3017427,2021,
sa3017429,2021,
sa3017477,2021,
sa3017478,2021,
sa3017479,2021,
sa301748,2006,
sa3017480,2021,
sa3017481,2021,
sa3017509,2021,
sa3017511,2021,
sa3017512,2021,
sa3017553,2021,
sa3017555,2021,
sa3017556,2021,
sa3017557,2021,
sa3017558,2021,
sa3017559,2021,
sa3017560,2021,
sa3017562,2021,
sa3017603,2021,
sa3017604,2021,
sa3017605,2021,
sa3017622,2021,
sa3017624,2021,
sa3017625,2021,
sa3017628,2021,
sa3017629,2021,
sa3017660,2021,
sa3017661,2021,
sa3017663,2021,
sa3017665,2021,
sa3017666,2021,
sa3017667,2021,
sa3017668,2021,
sa3017695,2021,
sa3017696,2021,
sa3017697,2021,
sa3017699,2021,
sa3017700,2021,
sa3017701,2021,
sa3017702,2021,
sa3017732,2022,
sa3017733,2021,
sa3017734,2021,
sa3017735,2021,
sa3017757,2021,
sa3017770,2021,
sa3017771,2021,
sa3017772,2021,
sa3017791,2021,
sa3017792,2021,
sa3017793,2021,
sa3017794,2021,
sa3017796,2021,
sa3017797,2021,
sa3017827,2021,
sa3017853,2021,
sa3017854,2021,
sa3017877,2021,
sa3017883,2021,
sa3017884,2021,
sa3017901,2021,
sa3017902,2021,
sa3017903,2021,
sa3017921,2021,
sa3017939,2021,
sa3017954,2021,
sa3017969,2021,
sa3017980,2021,
sa3017988,2021,
sa3017994,2021,
sa3018001,2022,
sa3018008,2022,
sa3018009,2022,
sa3018010,2021,
sa3018011,2021,
sa3018021,2021,
sa3018098,2022,
sa3018101,2022,
sa3018120,2022,
sa3018121,2022,
sa3018123,2022,
sa3018152,2022,
sa3018153,2022,
sa3018208,2022,
sa3018209,2022,
sa3018212,2022,
sa3018214,2022,
sa3018215,2022,
sa3018218,2022,
sa3018219,2022,
sa3018240,2022,
sa3018243,2022,
sa3018244,2022,
sa3018245,2022,
sa3018376,2022,
sa3018377,2022,
sa3018378,2022,
sa3018379,2022,
sa3018380,2022,
sa3018381,2022,
sa3018382,2022,
sa3018383,2022,
sa3018384,2022,
sa3018385,2022,
sa3018386,2022,
sa3018387,2022,
sa3018388,2022,
sa3018389,2022,
sa3018390,2022,
sa3018391,2022,
sa3018392,2022,
sa3018393,2022,
sa3018394,2022,
sa3018395,2022,
sa3018396,2022,
sa3018397,2022,
sa3018398,2022,
sa3018399,2022,
sa3018400,2022,
sa3018401,2022,
sa3018402,2022,
sa3018403,2022,
sa3018404,2022,
sa3018405,2022,
sa3018406,2022,
sa3018407,2022,
sa3018408,2022,
sa3018410,2022,
sa3018411,2022,
sa3018412,2022,
sa3018413,2022,
sa3018414,2022,
sa3018415,2022,
sa3018416,2022,
sa3018417,2022,
sa3018418,2022,
sa3018419,2022,
sa3018420,2022,
sa3018421,2022,
sa3018422,2022,
sa3018423,2022,
sa3018424,2022,
sa3018425,2022,
sa3018426,2022,
sa3018427,2022,
sa3018428,2022,
sa3018430,2022,
sa3018431,2022,
sa3018432,2022,
sa3018433,2022,
sa3018434,2022,
sa3018435,2022,
sa3018436,2022,
sa3018437,2022,
sa3018438,2022,
sa3018439,2022,
sa3018440,2022,
sa3018441,2022,
sa3018442,2022,
sa3018443,2022,
sa3018444,2022,
sa3018445,2022,
sa3018446,2022,
sa3018447,2022,
sa3018448,2022,
sa3018449,2022,
sa3018450,2023,
sa3018451,2022,
sa3018452,2022,
sa3018453,2022,
sa3018454,2022,
sa3018455,2022,
sa3018456,2022,
sa3018457,2022,
sa3018458,2022,
sa3018459,2022,
sa3018460,2022,
sa3018461,2022,
sa3018462,2022,
sa3018463,2022,
sa3018464,2022,
sa3018465,2022,
sa3018466,2022,
sa3018467,2022,
sa3018468,2022,
sa3018469,2022,
sa3018470,2022,
sa3018471,2022,
sa3018472,2022,
sa3018473,2022,
sa3018474,2022,
sa3018475,2022,
sa3018476,2022,
sa3018477,2022,
sa3018478,2022,
sa3018479,2022,
sa3018480,2022,
sa3018481,2022,
sa3018482,2022,
sa3018483,2023,
sa3018484,2022,
sa3018485,2022,
sa3018486,2022,
sa3018487,2022,
sa3018488,2022,
sa3018489,2022,
sa3018490,2022,
sa3018491,2022,
sa3018492,2022,
sa3018493,2022,
sa3018494,2022,
sa3018495,2022,
sa3018496,2022,
sa3018497,2022,
sa3018498,2022,
sa3018499,2022,
sa3018500,2022,
sa3018501,2022,
sa3018502,2022,
sa3018503,2022,
sa3018504,2022,
sa3018505,2022,
sa3018506,2022,
sa3018507,2022,
sa3018508,2022,
sa3018509,2022,
sa3018510,2022,
sa3018511,2022,
sa3018512,2022,
sa3018513,2022,
sa3018515,2022,
sa3018516,2022,
sa3018517,2022,
sa3018518,2022,
sa3018519,2022,
sa3018520,2022,
sa3018521,2022,
sa3018522,2022,
sa3018523,2022,
sa3018524,2022,
sa3018525,2022,
sa3018526,2022,
sa3018527,2022,
sa3018528,2022,
sa3018529,2022,
sa3018530,2022,
sa3018531,2022,
sa3018532,2022,
sa3018533,2022,
sa3018534,2022,
sa3018535,2022,
sa3018536,2022,
sa3018537,2022,
sa3018538,2022,
sa3018539,2022,
sa3018540,2022,
sa3018541,2022,
sa3018542,2022,
sa3018543,2022,
sa3018544,2022,
sa3018545,2022,
sa3018546,2022,
sa3018547,2022,
sa3018548,2022,
sa3018549,2022,
sa3018550,2022,
sa3018551,2022,
sa3018552,2022,
sa3018553,2022,
sa3018554,2022,
sa3018555,2022,
sa3018556,2022,
sa3018557,2022,
sa3018558,2022,
sa3018559,2022,
sa3018560,2022,
sa3018561,2022,
sa3018562,2022,
sa3018563,2022,
sa3018564,2022,
sa3018565,2022,
sa3018566,2022,
sa3018567,2022,
sa3018568,2022,
sa3018569,2022,
sa3018570,2022,
sa3018571,2022,
sa3018572,2022,
sa3018573,2022,
sa3018574,2022,
sa3018575,2022,
sa3018576,2022,
sa3018577,2022,
sa3018578,2022,
sa3018579,2022,
sa3018580,2022,
sa3018581,2022,
sa3018582,2022,
sa3018583,2022,
sa3018584,2022,
sa3018585,2022,
sa3018586,2022,
sa3018587,2022,
sa3018588,2022,
sa3018589,2022,
sa3018590,2022,
sa3018591,2022,2026.0
sa3018592,2022,
sa3018593,2022,
sa3018594,2022,
sa3018595,2022,
sa3018596,2022,
sa3018597,2022,
sa3018598,2022,
sa3018599,2022,
sa3018600,2022,
sa3018601,2022,
sa3018602,2022,
sa3018603,2022,
sa3018604,2022,
sa3018605,2022,
sa3018606,2022,
sa3018607,2022,
sa3018608,2022,
sa3018609,2022,
sa3018610,2022,
sa3018611,2022,
sa3018612,2022,
sa3018613,2022,
sa3018614,2022,
sa3018615,2022,
sa3018616,2022,
sa3018617,2022,
sa3018618,2022,
sa3018619,2022,
sa3018620,2022,
sa3018621,2022,
sa3018622,2022,
sa3018623,2022,
sa3018624,2022,
sa3018625,2022,
sa3018626,2022,
sa3018627,2022,
sa3018628,2022,
sa3018629,2022,
sa3018630,2022,
sa3018631,2022,
sa3018632,2022,
sa3018633,2022,
sa3018634,2022,
sa3018635,2022,
sa3018636,2022,
sa3018637,2022,
sa3018638,2022,
sa3018639,2022,
sa3018640,2022,
sa3018641,2022,
sa3018642,2022,
sa3018643,2022,
sa3018644,2022,
sa3018645,2022,
sa3018646,2022,
sa3018647,2022,
sa3018648,2022,
sa3018911,2022,
sa3018912,2022,
sa3018913,2022,
sa3018914,2022,
sa3018915,2022,
sa3018916,2022,
sa3018917,2022,
sa3018918,2022,
sa3018919,2022,
sa3018920,2022,
sa3018921,2022,
sa3018922,2022,
sa3018923,2022,
sa3018924,2022,
sa3018925,2022,
sa3018926,2022,
sa3018927,2022,
sa3018928,2022,
sa3018929,2022,
sa3018930,2022,
sa3018931,2022,
sa3018932,2022,
sa3018933,2022,
sa3018934,2022,
sa3018935,2022,
sa3018936,2022,
sa3018937,2022,
sa3018938,2022,
sa3018939,2022,
sa3018940,2022,
sa3018941,2022,
sa3018942,2022,
sa3018943,2022,
sa3018944,2022,
sa3018945,2022,
sa3018946,2022,
sa3018947,2022,
sa3018948,2022,
sa3018949,2022,
sa3018950,2022,
sa3018951,2022,
sa3018952,2022,
sa3018953,2022,
sa3018954,2022,
sa3018955,2022,
sa3018956,2022,
sa3018957,2022,
sa3018958,2022,
sa3018959,2022,
sa3018960,2022,
sa3018961,2022,
sa3018962,2022,
sa3018963,2022,
sa3018964,2022,
sa3018965,2022,
sa3018966,2022,
sa3018967,2022,
sa3018968,2022,
sa3018969,2022,
sa3018970,2022,
sa3018971,2022,
sa3018972,2022,
sa3018973,2022,
sa3018974,2022,
sa3018975,2022,
sa3018976,2022,
sa3018977,2022,
sa3019089,2022,
sa3019090,2022,
sa3019091,2022,
sa3019092,2022,
sa3019093,2022,
sa3019094,2022,
sa3019095,2022,
sa3019096,2022,
sa3019097,2022,
sa3019098,2022,
sa3019099,2022,
sa3019100,2022,
sa3019101,2022,
sa3019102,2022,
sa3019103,2022,
sa3019199,2022,
sa3019200,2022,
sa3019201,2022,
sa3019202,2022,
sa3019203,2022,
sa3019204,2022,
sa3019205,2022,
sa3019206,2022,
sa3019207,2022,
sa3019208,2022,
sa3019209,2022,
sa3019210,2022,
sa3019211,2022,
sa3019212,2022,
sa3019213,2022,
sa3019214,2022,
sa3019215,2022,
sa3019216,2022,
sa3019217,2022,
sa3019218,2022,
sa3019220,2022,
sa3019221,2022,
sa3019303,2022,
sa3019304,2022,
sa3019305,2022,
sa3019306,2022,
sa3019307,2022,
sa3019308,2022,
sa3019309,2022,
sa3019310,2022,
sa3019311,2022,
sa3019312,2022,
sa3019400,2022,
sa3019401,2022,
sa3019402,2022,
sa3019403,2022,
sa3019404,2022,
sa3019405,2022,
sa3019406,2022,
sa3019407,2022,
sa3019438,2022,
sa3019439,2022,
sa3019440,2022,
sa3019464,2022,
sa3019465,2022,
sa3019482,2022,
sa3019483,2022,
sa3019493,2022,
sa3019494,2022,
sa3019495,2022,
sa3019496,2022,
sa3019497,2022,
sa3019498,2022,
sa3019507,2022,
sa3019508,2022,
sa3019509,2022,
sa3019510,2022,
sa3019511,2022,
sa3019524,2022,
sa3019525,2022,
sa3019526,2022,
sa3019527,2022,
sa3019528,2022,
sa3019531,2022,
sa3019540,2022,
sa3019541,2022,
sa3019542,2022,
sa3019543,2022,
sa3019551,2022,
sa3019557,2022,
sa3019558,2022,
sa3019570,2022,
sa3019577,2022,
sa3019601,2022,
sa3019602,2022,
sa3019618,2022,
sa3019619,2022,
sa3019628,2022,
sa3019629,2022,
sa3019630,2022,
sa3019638,2022,
sa3019639,2023,
sa3019662,2022,
sa3019663,2022,
sa3019664,2022,
sa3019665,2022,
sa3019666,2022,
sa3019674,2022,
sa3019675,2022,
sa3019676,2022,
sa3019684,2022,
sa3019685,2022,
sa3019686,2022,
sa3019687,2022,
sa3019704,2022,
sa3019722,2022,
sa3019723,2022,
sa3019724,2022,
sa3019735,2022,
sa3019763,2022,
sa3019764,2022,
sa3019765,2022,
sa3019766,2023,
sa3019771,2022,
sa3019777,2022,
sa3019778,2022,
sa3019787,2022,
sa3019788,2022,
sa3019798,2022,
sa3019803,2022,
sa3019804,2022,
sa3019805,2022,
sa3019806,2022,
sa3019807,2022,
sa3019808,2022,
sa3019822,2022,
sa3019823,2022,
sa3019824,2022,
sa3019825,2022,
sa3019826,2022,
sa3019836,2022,
sa3019837,2022,
sa3019839,2022,
sa3019840,2022,
sa3019852,2022,
sa3019853,2022,
sa3019854,2022,
sa3019856,2022,
sa3019857,2022,
sa3019859,2022,
sa3019860,2022,
sa3019861,2022,
sa3019862,2022,
sa3019863,2022,
sa3019864,2022,
sa3019865,2022,
sa3019866,2022,
sa3019867,2022,
sa3019869,2022,
sa3019870,2022,
sa3019886,2022,
sa3019887,2022,
sa3019888,2022,
sa3019889,2022,
sa3019890,2022,
sa3019891,2022,
sa3019893,2022,
sa3019894,2022,
sa3019895,2022,
sa3019896,2022,
sa3019897,2022,
sa3019898,2022,
sa3019899,2022,
sa3019900,2022,
sa3019901,2022,
sa3019902,2022,
sa3019903,2022,
sa3019904,2022,
sa3019906,2022,
sa3019907,2022,
sa3019908,2022,
sa3019909,2022,
sa3019910,2022,
sa3019916,2022,
sa3019917,2022,
sa3019919,2022,
sa3019921,2022,
sa3019923,2022,
sa3019924,2023,
sa3019925,2022,
sa3019926,2022,
sa3019927,2022,
sa3019928,2022,
sa3019929,2022,
sa3019930,2022,
sa3019931,2022,
sa3019932,2022,
sa3019933,2022,
sa3019934,2022,
sa3019936,2022,
sa3019938,2022,
sa3019942,2022,
sa3019943,2022,
sa3019944,2022,
sa3019945,2022,
sa3019946,2022,
sa3019963,2022,
sa3019964,2022,
sa3019965,2022,
sa3019966,2022,
sa3019967,2022,
sa3019968,2022,
sa3019971,2022,
sa3019972,2023,
sa3019974,2022,
sa3019975,2022,
sa3019976,2022,
sa3019977,2022,
sa3019978,2022,
sa3019979,2022,
sa3019982,2022,
sa3019984,2022,
sa3019985,2022,
sa3019986,2022,
sa3019987,2023,
sa3019989,2023,
sa3019990,2022,
sa3019991,2022,
sa3019993,2022,
sa3019994,2022,
sa3019995,2022,
sa3019996,2022,
sa3019998,2022,
sa3020000,2022,
sa3020001,2022,
sa3020002,2022,
sa3020003,2022,
sa3020004,2022,
sa3020005,2022,
sa3020007,2022,
sa3020008,2022,
sa3020009,2022,
sa3020010,2022,
sa3020012,2022,
sa3020013,2022,
sa3020014,2022,
sa3020085,2022,
sa3020086,2022,
sa3020087,2022,
sa3020088,2022,
sa3020089,2022,
sa3020090,2023,
sa3020091,2022,
sa3020092,2022,
sa3020093,2022,
sa3020094,2022,
sa3020097,2022,
sa3020098,2022,
sa3020099,2022,
sa3020100,2022,
sa3020101,2022,
sa3020102,2022,
sa3020107,2022,
sa3020115,2022,
sa3020116,2022,
sa3020117,2022,
sa3020118,2022,
sa3020120,2022,
sa3020121,2022,
sa3020122,2022,
sa3020123,2022,
sa3020125,2022,
sa3020126,2022,
sa3020127,2022,
sa3020128,2022,
sa3020129,2022,
sa3020131,2022,
sa3020132,2022,
sa3020133,2022,
sa3020134,2022,
sa3020135,2022,
sa3020136,2023,
sa3020137,2023,
sa3020138,2022,
sa3020139,2022,
sa3020140,2022,
sa3020141,2022,
sa3020142,2022,
sa3020189,2022,
sa3020190,2022,
sa3020191,2022,
sa3020192,2023,
sa3020193,2022,
sa3020194,2022,
sa3020195,2022,
sa3020196,2022,
sa3020197,2022,
sa3020198,2022,
sa3020199,2022,
sa3020200,2022,
sa3020201,2022,
sa3020202,2022,
sa3020203,2022,
sa3020204,2022,
sa3020205,2022,
sa3020207,2022,
sa3020208,2022,
sa3020210,2022,
sa3020213,2022,
sa3020214,2022,
sa3020216,2022,
sa3020217,2022,
sa3020218,2022,
sa3020220,2022,
sa3020221,2022,
sa3020223,2022,
sa3020224,2023,
sa3020238,2022,
sa3020239,2022,
sa3020244,2022,
sa3020245,2022,
sa3020267,2023,
sa3020268,2022,
sa3020269,2022,
sa3020270,2022,
sa3020271,2022,
sa3020272,2022,
sa3020273,2022,
sa3020274,2022,
sa3020275,2022,
sa3020276,2023,
sa3020277,2022,
sa3020278,2022,
sa3020279,2022,
sa3020280,2022,
sa3020281,2022,
sa3020282,2022,
sa3020283,2022,
sa3020284,2022,
sa3020285,2022,
sa3020286,2022,
sa3020287,2022,
sa3020288,2022,
sa3020345,2022,
sa3020346,2022,
sa3020347,2023,
sa3020348,2022,
sa3020349,2022,
sa3020350,2022,
sa3020351,2022,
sa3020352,2022,
sa3020354,2022,
sa3020355,2022,
sa3020356,2023,
sa3020413,2022,
sa3020414,2022,
sa3020415,2022,
sa3020416,2022,
sa3020417,2022,
sa3020419,2022,
sa3020457,2022,
sa3020458,2022,
sa3020460,2022,
sa3020461,2022,
sa3020493,2023,
sa3020494,2023,
sa3020495,2022,
sa3020496,2022,
sa3020497,2022,
sa3020498,2022,
sa3020499,2022,
sa3020534,2022,
sa3020535,2022,
sa3020536,2022,
sa3020537,2022,
sa3020538,2022,
sa3020539,2022,
sa3020540,2022,
sa3020575,2022,
sa3020576,2023,
sa3020602,2022,
sa3020614,2022,
sa3020615,2023,
sa3020639,2022,
sa3020642,2022,
sa3020658,2023,
sa3020676,2023,
sa3020679,2023,
sa3020684,2023,
sa3020714,2023,
sa3020715,2023,
sa3020716,2023,
sa3020717,2023,
sa3020759,2023,
sa3020760,2023,
sa3020761,2023,
sa3020762,2023,
sa3020764,2023,
sa3020824,2023,
sa3020825,2023,
sa3020870,2023,
sa3020884,2023,
sa3020939,2023,
sa3020950,2023,
sa3021047,2023,
sa3021048,2023,
sa3021049,2023,
sa3021050,2023,
sa3021051,2023,
sa3021052,2023,
sa3021054,2023,
sa3021055,2023,
sa3021056,2023,
sa3021057,2023,
sa3021058,2023,
sa3021059,2023,
sa3021060,2023,
sa3021061,2023,
sa3021062,2023,
sa3021063,2023,
sa3021064,2023,
sa3021065,2023,
sa3021066,2023,
sa3021067,2023,
sa3021068,2023,
sa3021069,2023,
sa3021070,2023,
sa3021071,2023,
sa3021072,2023,
sa3021073,2023,
sa3021074,2023,
sa3021075,2023,
sa3021076,2023,
sa3021077,2023,
sa3021078,2023,
sa3021079,2023,
sa3021080,2023,
sa3021081,2023,
sa3021082,2023,
sa3021083,2023,
sa3021084,2023,
sa3021085,2023,
sa3021086,2023,
sa3021087,2023,
sa3021088,2023,
sa3021089,2023,
sa3021090,2023,
sa3021091,2023,
sa3021092,2023,
sa3021093,2023,
sa3021094,2023,
sa3021095,2023,
sa3021096,2023,
sa3021097,2023,
sa3021098,2023,
sa3021099,2023,
sa3021100,2023,
sa3021101,2023,
sa3021102,2023,
sa3021103,2023,
sa3021104,2023,
sa3021105,2023,
sa3021106,2023,
sa3021107,2023,
sa3021108,2023,
sa3021109,2023,
sa3021110,2023,
sa3021111,2023,
sa3021112,2023,
sa3021113,2023,
sa3021114,2023,
sa3021115,2023,
sa3021116,2023,
sa3021117,2023,
sa3021118,2023,
sa3021119,2023,
sa3021120,2023,
sa3021121,2023,
sa3021122,2023,
sa3021123,2023,
sa3021124,2023,
sa3021125,2023,
sa3021126,2023,
sa3021127,2023,
sa3021128,2023,
sa3021129,2023,
sa3021130,2023,
sa3021131,2023,
sa3021132,2023,
sa3021133,2023,
sa3021134,2024,
sa3021135,2023,
sa3021136,2023,
sa3021137,2023,
sa3021138,2023,
sa3021139,2023,
sa3021140,2023,
sa3021141,2023,
sa3021142,2023,
sa3021143,2023,
sa3021144,2023,
sa3021145,2023,
sa3021146,2023,
sa3021147,2023,
sa3021148,2023,
sa3021149,2023,
sa3021150,2023,
sa3021151,2023,
sa3021152,2023,
sa3021153,2023,
sa3021154,2023,
sa3021155,2023,
sa3021156,2023,
sa3021157,2023,
sa3021158,2023,
sa3021159,2023,
sa3021160,2023,
sa3021161,2023,
sa3021162,2023,
sa3021163,2023,
sa3021164,2023,
sa3021165,2023,
sa3021166,2023,
sa3021167,2023,
sa3021168,2023,
sa3021169,2023,
sa3021170,2023,
sa3021171,2023,
sa3021172,2023,
sa3021173,2023,
sa3021174,2023,
sa3021175,2023,
sa3021176,2023,
sa3021177,2023,
sa3021178,2023,
sa3021179,2023,
sa3021180,2023,
sa3021181,2023,
sa3021182,2023,
sa3021183,2023,
sa3021184,2023,
sa3021185,2023,
sa3021186,2023,
sa3021187,2023,
sa3021188,2023,
sa3021189,2023,
sa3021190,2023,
sa3021191,2023,
sa3021192,2023,
sa3021193,2023,
sa3021194,2023,
sa3021195,2023,
sa3021196,2023,
sa3021197,2023,
sa3021198,2023,
sa3021199,2023,
sa3021200,2023,
sa3021201,2023,
sa3021202,2023,
sa3021203,2023,
sa3021204,2024,
sa3021205,2023,
sa3021206,2023,
sa3021207,2023,
sa3021208,2023,
sa3021209,2023,
sa3021210,2023,
sa3021211,2023,
sa3021212,2023,
sa3021213,2023,
sa3021214,2023,
sa3021215,2023,
sa3021216,2023,
sa3021217,2023,
sa3021218,2023,
sa3021219,2023,
sa3021220,2023,
sa3021221,2023,
sa3021222,2023,
sa3021223,2023,
sa3021224,2023,
sa3021225,2023,
sa3021226,2023,
sa3021227,2023,
sa3021228,2023,
sa3021229,2023,
sa3021230,2023,
sa3021231,2023,
sa3021232,2023,
sa3021233,2023,
sa3021234,2023,
sa3021235,2023,
sa3021236,2023,
sa3021237,2023,
sa3021238,2023,
sa3021239,2023,
sa3021240,2023,
sa3021241,2023,
sa3021242,2023,
sa3021243,2023,
sa3021244,2023,
sa3021245,2023,
sa3021246,2023,
sa3021247,2023,
sa3021248,2023,
sa3021249,2023,
sa3021250,2023,
sa3021251,2023,
sa3021252,2023,
sa3021253,2023,
sa3021254,2023,
sa3021255,2023,
sa3021256,2023,
sa3021257,2023,
sa3021258,2023,
sa3021259,2023,
sa3021260,2023,
sa3021261,2023,
sa3021262,2023,
sa3021263,2023,
sa3021264,2023,
sa3021265,2023,
sa3021266,2023,
sa3021267,2023,
sa3021268,2023,
sa3021269,2023,
sa3021270,2023,
sa3021271,2023,
sa3021272,2023,
sa3021273,2023,
sa3021274,2023,
sa3021275,2023,
sa3021276,2023,
sa3021277,2023,
sa3021278,2023,
sa3021279,2023,
sa3021280,2023,
sa3021281,2023,
sa3021282,2023,
sa3021283,2023,
sa3021284,2023,
sa3021285,2023,
sa3021286,2023,
sa3021287,2023,
sa3021288,2023,
sa3021289,2023,
sa3021290,2023,
sa3021291,2023,
sa3021292,2023,
sa3021293,2023,
sa3021294,2023,
sa3021295,2023,
sa3021296,2023,
sa3021297,2023,
sa3021298,2023,
sa3021299,2023,
sa3021300,2023,
sa3021301,2023,
sa3021302,2023,
sa3021303,2023,
sa3021304,2023,
sa3021305,2023,
sa3021306,2023,
sa3021307,2023,
sa3021308,2023,
sa3021309,2023,
sa3021310,2023,
sa3021311,2023,
sa3021312,2023,
sa3021313,2023,
sa3021314,2023,
sa3021315,2023,
sa3021316,2023,
sa3021317,2023,
sa3021318,2023,
sa3021319,2023,
sa3021320,2023,
sa3021321,2023,
sa3021322,2023,
sa3021323,2023,
sa3021324,2023,
sa3021325,2023,
sa3021326,2023,
sa3021327,2023,
sa3021328,2023,
sa3021329,2023,
sa3021330,2023,
sa3021522,2023,
sa3021580,2023,
sa3021581,2023,
sa3021582,2023,
sa3021583,2023,
sa3021584,2023,
sa3021585,2023,
sa3021586,2023,
sa3021587,2023,
sa3021588,2023,
sa3021589,2023,
sa3021590,2023,
sa3021591,2023,
sa3021592,2023,
sa3021593,2023,
sa3021594,2023,
sa3021595,2023,
sa3021596,2023,
sa3021597,2023,
sa3021598,2023,
sa3021599,2023,
sa3021600,2023,
sa3021601,2023,
sa3021602,2023,
sa3021603,2023,
sa3021604,2023,
sa3021605,2023,
sa3021606,2023,
sa3021607,2023,
sa3021608,2023,
sa3021609,2023,
sa3021610,2023,
sa3021611,2023,
sa3021612,2023,
sa3021613,2023,
sa3021614,2023,
sa3021615,2023,
sa3021616,2023,
sa3021617,2023,
sa3021618,2023,
sa3021619,2023,
sa3021620,2023,
sa3021621,2023,
sa3021622,2023,
sa3021623,2023,
sa3021624,2023,
sa3021625,2023,
sa3021626,2023,
sa3021627,2023,
sa3021628,2023,
sa3021629,2023,
sa3021630,2023,
sa3021631,2023,
sa3021632,2023,
sa3021633,2023,
sa3021634,2023,
sa3021636,2023,
sa3021637,2023,
sa3021638,2023,
sa3021639,2023,
sa3021640,2023,
sa3021641,2023,
sa3021642,2023,
sa3021643,2023,
sa3021644,2023,
sa3021645,2023,
sa3021646,2023,
sa3021647,2023,
sa3021648,2023,
sa3021649,2023,
sa3021650,2023,
sa3021651,2023,
sa3021652,2023,
sa3021653,2023,
sa3021828,2023,
sa3021829,2023,
sa3021830,2023,
sa3021831,2023,
sa3021832,2023,
sa3021833,2023,
sa3021834,2023,
sa3021835,2023,
sa3021836,2023,
sa3021837,2023,
sa3021838,2023,
sa3021839,2023,
sa3021840,2023,
sa3021841,2023,
sa3021842,2023,
sa3021843,2023,
sa3021844,2023,
sa3021845,2023,
sa3021846,2023,
sa3021847,2023,
sa3021848,2023,
sa3021849,2023,
sa3021851,2023,
sa3021852,2023,
sa3021853,2023,
sa3021854,2023,
sa3021855,2023,
sa3021856,2023,
sa3021857,2023,
sa3021858,2023,
sa3021859,2023,
sa3021860,2023,
sa3022052,2023,
sa3022053,2023,
sa3022054,2023,
sa3022055,2023,
sa3022056,2023,
sa3022057,2023,
sa3022058,2023,
sa3022059,2023,
sa3022159,2023,
sa3022160,2023,
sa3022161,2023,
sa3022162,2023,
sa3022163,2023,
sa3022164,2023,
sa3022165,2023,
sa3022172,2023,
sa3022173,2023,
sa3022184,2023,
sa3022191,2023,
sa3022195,2023,
sa3022196,2023,
sa3022197,2023,
sa3022198,2023,
sa3022208,2023,
sa3022209,2023,
sa3022210,2023,
sa3022223,2023,
sa3022224,2023,
sa3022234,2023,
sa3022235,2023,
sa3022236,2023,
sa3022243,2023,
sa3022244,2023,
sa3022245,2023,
sa3022246,2023,
sa3022254,2023,
sa3022255,2023,
sa3022256,2023,
sa3022257,2023,
sa3022263,2023,
sa3022264,2023,
sa3022265,2023,
sa3022269,2023,
sa3022270,2023,
sa3022281,2023,
sa3022282,2023,
sa3022283,2023,
sa3022284,2023,
sa3022292,2023,
sa3022294,2023,
sa3022295,2023,
sa3022296,2023,
sa3022305,2023,
sa3022306,2023,
sa3022307,2023,
sa3022320,2023,
sa3022336,2023,
sa3022337,2023,
sa3022345,2023,
sa3022346,2023,
sa3022347,2023,
sa3022361,2023,
sa3022373,2023,
sa3022379,2023,
sa3022384,2023,
sa3022392,2023,
sa3022398,2023,
sa3022399,2023,
sa3022402,2023,
sa3022403,2023,
sa3022404,2023,
sa3022405,2023,
sa3022406,2023,
sa3022414,2023,
sa3022423,2023,
sa3022424,2023,
sa3022425,2023,
sa3022426,2023,
sa3022427,2023,
sa3022428,2023,
sa3022429,2023,
sa3022431,2023,
sa3022433,2023,
sa3022434,2023,
sa3022435,2023,
sa3022436,2023,
sa3022438,2023,
sa3022439,2023,
sa3022440,2023,
sa3022441,2023,
sa3022442,2023,
sa3022443,2023,
sa3022444,2023,
sa3022445,2023,
sa3022446,2023,
sa3022480,2023,
sa3022481,2023,
sa3022482,2023,
sa3022483,2023,
sa3022484,2023,
sa3022485,2023,
sa3022486,2023,
sa3022487,2023,
sa3022488,2023,
sa3022489,2023,
sa3022490,2023,
sa3022491,2023,
sa3022494,2023,
sa3022495,2023,
sa3022496,2023,
sa3022497,2023,
sa3022499,2023,
sa3022500,2023,
sa3022501,2023,
sa3022502,2023,
sa3022503,2023,
sa3022504,2023,
sa3022505,2023,
sa3022506,2023,
sa3022507,2023,
sa3022508,2023,
sa3022509,2023,
sa3022510,2023,
sa3022511,2023,
sa3022512,2023,
sa3022528,2023,
sa3022529,2024,
sa3022530,2023,
sa3022531,2023,
sa3022532,2023,
sa3022533,2023,
sa3022534,2023,
sa3022535,2023,
sa3022536,2023,
sa3022537,2023,
sa3022539,2023,
sa3022542,2023,
sa3022556,2023,
sa3022557,2023,
sa3022558,2023,
sa3022560,2023,
sa3022562,2023,
sa3022564,2023,
sa3022565,2023,
sa3022566,2023,
sa3022567,2023,
sa3022568,2023,
sa3022569,2023,
sa3022570,2023,
sa3022571,2023,
sa3022572,2023,
sa3022573,2023,
sa3022574,2023,
sa3022575,2023,
sa3022588,2023,
sa3022589,2023,
sa3022590,2023,
sa3022591,2023,
sa3022592,2023,
sa3022593,2023,
sa3022594,2023,
sa3022595,2023,
sa3022597,2023,
sa3022598,2023,
sa3022599,2023,
sa3022600,2023,
sa3022601,2023,
sa3022602,2023,
sa3022604,2023,
sa3022605,2023,
sa3022606,2023,
sa3022607,2023,
sa3022608,2023,
sa3022609,2023,
sa3022610,2023,
sa3022611,2023,
sa3022612,2023,
sa3022613,2023,
sa3022616,2023,
sa3022617,2023,
sa3022618,2023,
sa3022651,2023,
sa3022652,2023,
sa3022653,2023,
sa3022655,2023,
sa3022656,2023,
sa3022657,2023,
sa3022658,2023,
sa3022659,2023,
sa3022660,2023,
sa3022661,2023,
sa3022662,2023,
sa3022667,2023,
sa3022668,2023,
sa3022669,2023,
sa3022671,2023,
sa3022673,2023,
sa3022674,2023,
sa3022675,2023,
sa3022676,2023,
sa3022677,2023,
sa3022678,2023,
sa3022679,2023,
sa3022680,2023,
sa3022681,2023,
sa3022684,2023,
sa3022685,2023,
sa3022686,2023,
sa3022687,2023,
sa3022688,2023,
sa3022689,2023,
sa3022690,2023,
sa3022691,2023,
sa3022692,2023,
sa3022693,2023,
sa3022694,2023,
sa3022695,2023,
sa3022696,2023,
sa3022697,2023,
sa3022698,2023,
sa3022699,2023,2026.0
sa3022700,2023,
sa3022701,2023,
sa3022702,2023,
sa3022703,2023,
sa3022704,2023,
sa3022705,2023,
sa3022706,2023,
sa3022747,2023,
sa3022748,2024,
sa3022749,2023,
sa3022750,2023,
sa3022751,2023,
sa3022752,2023,
sa3022753,2023,
sa3022754,2023,
sa3022755,2023,
sa3022756,2023,
sa3022758,2023,
sa3022759,2023,
sa3022760,2023,
sa3022761,2023,
sa3022806,2023,
sa3022807,2023,
sa3022808,2023,
sa3022809,2023,
sa3022810,2023,
sa3022811,2023,
sa3022812,2023,
sa3022813,2023,
sa3022814,2023,
sa3022815,2023,
sa3022816,2023,
sa3022817,2023,
sa3022818,2023,
sa3022819,2023,
sa3022820,2023,
sa3022821,2023,
sa3022822,2023,
sa3022824,2023,
sa3022825,2023,
sa3022826,2023,
sa3022827,2023,
sa3022828,2023,
sa3022829,2023,
sa3022830,2023,
sa3022864,2023,
sa3022865,2023,
sa3022866,2023,
sa3022868,2023,
sa3022883,2023,
sa3022884,2023,
sa3022885,2023,
sa3022888,2023,
sa3022889,2023,
sa3022890,2023,
sa3022892,2023,
sa3022893,2023,
sa3022897,2023,
sa3022898,2023,
sa3022916,2023,
sa3022917,2023,
sa3022918,2023,
sa3022919,2023,
sa3022920,2023,
sa3022921,2023,
sa3022922,2023,
sa3022924,2023,
sa3022925,2023,
sa3022926,2023,
sa3022928,2023,
sa3022929,2025,
sa3022930,2023,
sa3022960,2023,
sa3022961,2024,
sa3022962,2023,
sa3022964,2023,
sa3022965,2024,
sa3022966,2023,
sa3022967,2023,
sa3022968,2023,
sa3022969,2023,
sa3022970,2023,
sa3023012,2023,
sa3023013,2023,
sa3023014,2023,
sa3023015,2024,
sa3023052,2024,
sa3023054,2023,
sa3023055,2023,
sa3023056,2023,
sa3023057,2023,
sa3023070,2023,
sa3023071,2023,
sa3023072,2024,
sa3023073,2023,
sa3023089,2023,
sa3023090,2023,
sa3023109,2023,
sa3023110,2023,
sa3023111,2023,
sa3023140,2024,
sa3023141,2023,
sa3023166,2023,
sa3023167,2023,
sa3023168,2024,
sa3023184,2023,
sa3023216,2023,
sa3023259,2024,
sa3023269,2023,
sa3023270,2023,
sa3023287,2024,
sa3023288,2024,
sa3023289,2024,
sa3023344,2013,
sa3023362,2024,
sa3023363,2024,
sa3023367,2024,
sa3023370,2024,
sa3023373,2024,
sa3023374,2024,
sa3023375,2024,
sa3023377,2024,
sa3023381,2024,
sa302339,2006,
sa3023424,2024,
sa3023425,2024,
sa3023426,2024,
sa302344,2006,
sa3023458,2024,
sa302346,2006,
sa3023485,2024,
sa3023486,2024,
sa3023544,2024,
sa3023545,2024,
sa3023546,2024,
sa3023547,2024,
sa3023579,2024,
sa3023580,2024,
sa3023603,2024,
sa3023620,2024,
sa3023621,2024,
sa3023622,2024,
sa3023623,2024,
sa3023624,2024,
sa3023647,2024,
sa3023651,2024,
sa3023666,2024,
sa3023679,2024,
sa3023707,2024,
sa3023708,2024,
sa3023709,2024,
sa3023710,2024,
sa3023711,2024,
sa3023712,2024,
sa3023713,2024,
sa3023714,2024,
sa3023715,2024,
sa3023716,2024,
sa3023717,2024,
sa3023718,2024,
sa3023719,2024,
sa3023720,2024,
sa3023721,2024,
sa3023722,2024,
sa3023723,2024,
sa3023724,2024,
sa3023725,2024,
sa3023726,2024,
sa3023727,2024,
sa3023728,2024,
sa3023729,2024,
sa3023730,2024,
sa3023731,2024,
sa3023732,2024,
sa3023733,2024,
sa3023734,2024,
sa3023735,2024,
sa3023736,2024,
sa3023737,2024,
sa3023738,2024,
sa3023739,2024,
sa3023740,2024,
sa3023741,2024,
sa3023742,2024,
sa3023743,2024,
sa3023744,2024,
sa3023745,2024,
sa3023746,2024,
sa3023747,2024,
sa3023748,2024,
sa3023749,2024,
sa3023750,2024,
sa3023751,2024,
sa3023752,2024,
sa3023753,2024,
sa3023754,2024,
sa3023755,2024,
sa3023756,2024,
sa3023757,2024,
sa3023758,2024,
sa3023759,2024,
sa3023760,2024,
sa3023761,2024,
sa3023762,2024,
sa3023763,2024,
sa3023764,2024,
sa3023765,2024,
sa3023766,2024,
sa3023767,2024,
sa3023768,2024,
sa3023769,2024,
sa3023770,2024,
sa3023771,2024,
sa3023772,2024,
sa3023773,2024,
sa3023774,2024,
sa3023775,2024,
sa3023776,2024,
sa3023777,2024,
sa3023778,2024,
sa3023779,2024,
sa3023780,2024,
sa3023781,2024,
sa3023782,2024,
sa3023783,2024,
sa3023784,2024,
sa3023785,2024,
sa3023786,2024,
sa3023787,2024,
sa3023788,2024,
sa3023789,2024,
sa3023790,2024,
sa3023791,2024,
sa3023792,2024,
sa3023793,2024,
sa3023871,2024,
sa3023872,2024,
sa3023873,2024,
sa3023874,2024,
sa3023875,2024,
sa3023876,2024,
sa3023877,2024,
sa3023878,2024,
sa3023879,2024,
sa3023880,2024,
sa3023881,2024,
sa3023882,2024,
sa3023883,2024,
sa3023884,2024,
sa3023885,2024,
sa3023886,2024,
sa3023887,2024,
sa3023888,2024,
sa3023889,2024,
sa3023890,2024,
sa3023891,2024,
sa3023892,2024,
sa3023893,2024,
sa3023894,2024,
sa3023895,2024,
sa3023896,2024,
sa3023897,2024,
sa3023898,2024,
sa3023899,2024,
sa3023900,2024,
sa3023901,2024,
sa3023902,2024,
sa3023903,2024,
sa3023904,2024,
sa3023905,2024,
sa3023906,2024,
sa3023907,2024,
sa3023908,2024,
sa3023909,2024,
sa3023910,2024,
sa3023911,2024,
sa3023912,2024,
sa3023913,2024,
sa3023914,2024,
sa3023915,2024,
sa3023916,2024,
sa3023917,2024,
sa3023918,2024,
sa3023919,2024,
sa3023920,2024,
sa3023921,2024,
sa3023922,2024,
sa3023923,2024,
sa3023924,2024,
sa3023925,2024,
sa3023926,2024,
sa3023927,2024,
sa3023928,2024,
sa3023929,2025,
sa3023930,2024,
sa3023931,2024,
sa3023932,2024,
sa3023933,2024,
sa3023934,2024,
sa3023935,2024,
sa3023936,2024,
sa3023937,2024,
sa3023938,2024,
sa3023939,2024,
sa3023940,2024,
sa3023941,2024,
sa3023942,2024,
sa3023943,2024,
sa3023944,2024,
sa3023945,2024,
sa3023946,2024,
sa3023947,2024,
sa3023948,2024,
sa3023949,2024,
sa3023950,2024,
sa3023951,2024,
sa3023952,2024,
sa3023953,2024,
sa3023954,2024,
sa3023955,2024,
sa3023956,2024,
sa3023957,2024,
sa3023958,2024,
sa3023959,2024,
sa3023960,2024,
sa3023961,2024,
sa3023962,2024,
sa3023963,2024,
sa3023964,2024,
sa3023965,2024,
sa3023966,2024,
sa3023967,2024,
sa3023968,2024,
sa3023969,2024,
sa3023970,2024,
sa3023971,2024,
sa3023972,2024,
sa3023973,2024,
sa3023974,2024,
sa3023975,2024,
sa3023976,2024,
sa3023977,2024,
sa3023978,2024,
sa3023979,2024,
sa3023980,2024,
sa3023981,2024,
sa3023982,2024,
sa3023983,2024,
sa3023984,2024,
sa3023985,2024,
sa3023986,2024,
sa3023987,2024,
sa3023988,2024,
sa3023989,2024,
sa3023990,2024,
sa3024106,2024,
sa3024107,2024,
sa3024108,2024,
sa3024109,2024,
sa3024110,2024,
sa3024111,2024,
sa3024112,2024,
sa3024113,2024,
sa3024114,2024,
sa3024115,2024,
sa3024116,2024,
sa3024117,2024,
sa3024118,2024,
sa3024119,2024,
sa3024120,2024,
sa3024121,2024,
sa3024122,2024,
sa3024123,2024,
sa3024124,2024,
sa3024125,2024,
sa3024126,2024,
sa3024127,2024,
sa3024128,2024,
sa3024129,2024,
sa3024130,2024,
sa3024131,2024,
sa3024132,2024,
sa3024133,2024,
sa3024134,2024,
sa3024135,2024,
sa3024136,2024,
sa3024137,2024,
sa3024138,2024,
sa3024139,2024,
sa3024140,2024,
sa3024141,2024,
sa3024142,2024,
sa3024143,2024,
sa3024144,2024,
sa3024145,2024,
sa3024146,2024,
sa3024147,2024,
sa3024148,2024,
sa3024149,2024,
sa3024150,2024,
sa3024151,2024,
sa3024152,2024,
sa3024153,2024,
sa3024154,2024,
sa3024155,2024,
sa3024156,2024,
sa3024293,2024,
sa3024294,2024,
sa3024295,2024,
sa3024296,2024,
sa3024297,2024,
sa3024298,2024,
sa3024299,2024,
sa3024300,2024,
sa3024301,2024,
sa3024302,2024,
sa3024303,2024,
sa3024304,2024,
sa3024305,2024,
sa3024306,2024,
sa3024307,2024,
sa3024308,2024,
sa3024309,2024,
sa3024310,2024,
sa3024311,2024,
sa3024312,2024,
sa3024313,2024,
sa3024314,2024,
sa3024315,2024,
sa3024316,2024,
sa3024317,2024,
sa3024318,2024,
sa3024319,2024,
sa3024320,2024,
sa3024321,2024,
sa3024322,2024,
sa3024323,2024,
sa3024324,2024,
sa3024325,2024,
sa3024326,2024,
sa3024327,2024,
sa3024328,2024,
sa3024329,2024,
sa3024330,2024,
sa3024331,2024,
sa3024332,2024,
sa3024333,2024,
sa3024334,2024,
sa3024335,2024,
sa3024336,2024,
sa3024337,2024,
sa3024338,2024,
sa3024339,2024,
sa3024340,2024,
sa3024341,2024,
sa3024342,2024,
sa3024343,2024,
sa3024344,2024,
sa3024345,2024,
sa3024346,2024,
sa3024347,2024,
sa3024348,2024,
sa3024349,2024,
sa3024350,2024,
sa3024351,2024,
sa3024352,2024,
sa3024353,2024,
sa3024354,2024,
sa3024355,2024,
sa3024356,2024,
sa3024357,2024,
sa3024358,2024,
sa3024359,2024,
sa3024360,2024,
sa3024361,2024,
sa3024362,2024,
sa3024363,2024,
sa3024364,2024,
sa3024365,2024,
sa3024366,2024,
sa3024367,2024,
sa3024368,2024,
sa3024369,2024,
sa3024370,2024,
sa3024371,2024,
sa3024372,2024,
sa3024373,2024,
sa3024374,2024,
sa3024375,2024,
sa3024376,2024,
sa3024377,2024,
sa3024378,2024,
sa3024379,2024,
sa3024380,2024,
sa3024381,2024,
sa3024382,2024,
sa3024383,2024,
sa3024384,2024,
sa3024385,2024,
sa3024386,2024,
sa3024476,2024,
sa3024477,2024,
sa3024478,2024,
sa3024479,2024,
sa3024480,2024,
sa3024481,2024,
sa3024482,2024,
sa3024483,2024,
sa3024624,2024,
sa3024625,2024,
sa3024626,2024,
sa3024627,2024,
sa3024628,2024,
sa3024629,2024,
sa3024630,2024,
sa3024631,2024,
sa3024632,2024,
sa3024633,2024,
sa3024634,2024,
sa3024635,2024,
sa3024636,2024,
sa3024637,2024,
sa3024638,2024,
sa3024639,2024,
sa3024640,2024,
sa3024641,2024,
sa3024642,2024,
sa3024643,2024,
sa3024644,2024,
sa3024645,2024,
sa3024646,2024,
sa3024647,2024,
sa3024649,2024,
sa3024650,2024,
sa3024651,2024,
sa3024652,2024,
sa3024653,2024,
sa3024654,2024,
sa3024798,2024,
sa3024799,2024,
sa3024800,2024,
sa3024801,2024,
sa3024802,2024,
sa3024858,2024,
sa3024859,2024,
sa3024860,2024,
sa3024861,2024,
sa3024862,2024,
sa3024879,2024,
sa3024896,2024,
sa3024897,2024,
sa3024898,2024,
sa3024899,2024,
sa3024920,2024,
sa3024921,2024,
sa3024927,2024,
sa3024928,2024,
sa3024929,2024,
sa3024930,2024,
sa3024943,2024,
sa3024955,2024,
sa3024956,2024,
sa3024957,2024,
sa3024971,2024,
sa3024972,2024,
sa3025018,2024,
sa3025019,2024,
sa3025044,2024,
sa3025050,2024,
sa3025051,2024,
sa3025052,2024,
sa3025062,2024,
sa3025069,2024,
sa3025072,2024,
sa3025076,2024,
sa3025086,2024,
sa3025087,2024,
sa3025104,2024,
sa3025110,2024,
sa3025119,2024,
sa3025120,2024,
sa3025123,2024,
sa3025130,2024,
sa3025131,2024,
sa3025145,2024,
sa3025151,2024,
sa3025152,2024,
sa3025153,2024,
sa3025155,2024,
sa3025156,2024,
sa3025157,2024,
sa3025158,2024,
sa3025159,2024,
sa3025160,2024,
sa3025161,2024,
sa3025167,2024,
sa3025169,2024,
sa3025170,2024,
sa3025171,2024,
sa3025172,2024,
sa3025184,2024,
sa3025185,2025,
sa3025186,2024,
sa3025187,2024,
sa3025188,2024,
sa3025192,2024,
sa3025193,2024,
sa3025194,2024,
sa3025195,2024,
sa3025196,2024,
sa3025197,2024,
sa3025198,2024,
sa3025199,2025,
sa3025200,2024,
sa3025201,2024,
sa3025202,2024,
sa3025203,2024,
sa3025204,2024,
sa3025205,2024,
sa3025221,2024,
sa3025222,2024,
sa3025223,2024,
sa3025224,2024,
sa3025225,2024,
sa3025229,2024,
sa3025230,2024,
sa3025240,2024,
sa3025241,2024,
sa3025242,2024,
sa3025243,2024,
sa3025244,2024,
sa3025246,2024,
sa3025247,2024,
sa3025248,2024,
sa3025249,2024,
sa3025250,2024,
sa3025251,2024,
sa3025252,2024,
sa3025253,2024,
sa3025254,2024,
sa3025255,2024,
sa3025256,2024,
sa3025257,2024,
sa3025258,2024,
sa3025259,2024,
sa3025260,2024,
sa3025262,2024,
sa3025263,2024,
sa3025264,2024,
sa3025265,2024,
sa3025266,2024,
sa3025267,2024,
sa3025268,2024,
sa3025269,2024,
sa3025270,2024,
sa3025271,2024,
sa3025307,2024,
sa3025308,2024,
sa3025309,2024,
sa3025310,2024,
sa3025311,2024,
sa3025312,2024,
sa3025313,2024,
sa3025314,2024,
sa3025315,2024,
sa3025316,2024,
sa3025333,2024,
sa3025334,2024,
sa3025335,2024,
sa3025336,2024,
sa3025355,2024,
sa3025356,2024,
sa3025357,2024,
sa3025359,2024,
sa3025361,2024,
sa3025362,2024,
sa3025364,2024,
sa3025365,2024,
sa3025366,2024,
sa3025367,2024,
sa3025368,2024,
sa3025369,2024,
sa3025370,2024,
sa3025381,2024,
sa3025382,2024,
sa3025384,2024,
sa3025391,2024,
sa3025392,2024,
sa3025393,2024,
sa3025402,2024,
sa3025403,2024,
sa3025404,2024,
sa3025405,2024,
sa3025406,2024,
sa3025407,2024,
sa3025408,2024,
sa3025409,2024,
sa3025410,2024,
sa3025411,2024,
sa3025412,2024,
sa3025413,2024,
sa3025414,2024,
sa3025415,2024,
sa3025416,2024,
sa3025417,2024,
sa3025418,2025,
sa3025419,2024,
sa3025434,2024,
sa3025435,2024,
sa3025436,2024,
sa3025437,2024,
sa3025438,2024,
sa3025439,2024,
sa3025440,2024,
sa3025441,2024,
sa3025442,2024,
sa3025449,2024,
sa3025450,2024,
sa3025451,2024,
sa3025453,2024,
sa3025454,2024,
sa3025469,2024,
sa3025470,2024,
sa3025480,2024,
sa3025481,2024,
sa3025482,2024,
sa3025494,2024,
sa3025495,2024,
sa3025496,2024,
sa3025511,2024,
sa3025512,2024,
sa3025513,2024,
sa3025514,2024,
sa3025515,2024,
sa3025525,2024,
sa3025526,2024,
sa3025538,2024,
sa3025549,2024,
sa3025550,2024,
sa3025551,2024,
sa3025560,2024,
sa3025564,2024,
sa3025565,2024,
sa3025593,2024,
sa3025600,2024,
sa3025601,2025,
sa3025602,2024,
sa3025603,2024,
sa3025604,2024,
sa3025609,2024,
sa3025610,2024,
sa3025611,2024,
sa3025619,2024,
sa3025628,2024,
sa3025629,2024,
sa3025630,2024,
sa3025631,2024,
sa3025647,2024,
sa3025662,2025,
sa3025670,2025,
sa3025895,2025,
sa3025960,2026,
sa3025961,2025,
sa3026106,2025,
sa3026168,2025,
sa3026212,2026,
sa3026234,2026,
sa3026235,2025,
sa3026239,2025,
sa3026315,2025,
sa3026520,2025,
sa3026572,2026,
sa3026631,2025,
sa3026844,2026,
sa3026937,2025,
sa3027305,2025,
sa3027320,2026,
sa3027364,2026,
sa3027420,2025,
sa3027580,2026,
sa3027614,2025,
sa3027616,2025,
sa3027776,2026,
sa3027822,2025,
sa3027844,2026,
sa3027921,2026,
sa3027937,2026,
sa3028100,2026,
sa3028273,2025,
sa3028295,2026,
sa3028297,2025,
sa3028360,2025,
sa3028378,2025,
sa3028459,2025,
sa3028471,2026,
sa3028487,2025,
sa3028498,2026,
sa3028574,2025,
sa3028606,2026,
sa3028732,2026,
sa3028866,2026,
sa3028999,2025,
sa3029013,2026,
sa3029070,2026,
sa3029111,2025,
sa3029229,2025,
sa3029251,2023,
sa3029266,2026,
sa3029287,2026,
sa3029303,2026,
sa3029332,2026,
sa3029467,2026,
sa3029556,2025,
sa3029598,2025,
sa3029641,2026,
sa3029706,2025,
sa3029750,2026,
sa3029852,2025,
sa3029854,2025,
sa3029860,2025,
sa3030012,2025,
sa3030172,2025,
sa3030270,2025,
sa3030281,2026,
sa3030286,2026,
sa3030451,2025,
sa3030503,2026,
sa3030520,2026,
sa3030609,2026,
sa3030644,2025,
sa3030695,2026,
sa3030769,2026,
sa3031022,2025,
sa3031177,2025,
sa3031193,2025,
sa3031322,2025,
sa3031366,2025,
sa3031395,2025,
sa3031417,2026,
sa3031465,2025,
sa3031540,2026,
sa3031690,2025,
sa3031717,2025,
sa3031730,2025,
sa3031732,2025,
sa3031872,2026,
sa3031877,2025,
sa3032018,2026,
sa3032034,2026,
sa3032302,2025,
sa3032331,2025,
sa3032413,2025,
sa3032460,2025,
sa3032524,2025,
sa3032567,2026,
sa3032619,2026,
sa3032686,2025,
sa3032834,2026,
sa3032859,2025,
sa3032892,2026,
sa3032936,2026,
sa3032989,2025,
sa3033038,2026,
sa3033183,2025,
sa3033254,2026,
sa3033370,2025,
sa3033439,2026,
sa3033512,2025,
sa3033556,2026,
sa3033639,2025,
sa3033754,2026,
sa3033826,2025,
sa3033858,2026,
sa3033938,2025,
sa3033951,2026,
sa3033990,2025,
sa3034135,2026,
sa3034152,2025,
sa3034172,2025,
sa3034227,2026,
sa3034267,2026,
sa3034286,2026,
sa3034445,2025,
sa3034485,2025,
sa3034493,2025,
sa3034572,2025,
sa3034595,2026,
sa3034611,2026,
sa3034666,2026,
sa3034692,2025,
sa3034718,2026,
sa3034721,2026,
sa3034881,2025,
sa3034889,2026,
sa3035116,2026,
sa3035244,2025,
sa3035263,2026,
sa3035283,2025,
sa3035293,2025,
sa3035297,2026,
sa3035338,2026,
sa3035353,2025,
sa3035396,2026,
sa3035409,2025,
sa3035415,2025,
sa3035421,2026,
sa3035491,2025,
sa3035512,2025,
sa3035829,2026,
sa3035915,2026,
sa3036054,2026,
sa3036058,2026,
sa3036129,2026,
sa3036284,2026,
sa3036429,2026,
sa3036445,2025,
sa3036600,2025,
sa3036781,2026,
sa3036796,2025,
sa3036900,2025,
sa3036924,2026,
sa3036940,2026,
sa3037119,2026,
sa3037136,2025,
sa3037139,2026,
sa3037194,2025,
sa3037203,2026,
sa3037212,2025,
sa3037300,2025,
sa3037467,2026,
sa3037488,2025,
sa3037490,2025,
sa3037531,2025,
sa3037627,2026,
sa3037634,2025,
sa3037680,2025,
sa3037876,2025,
sa3038041,2025,
sa3038166,2026,
sa3038183,2025,
sa3038233,2025,
sa3038303,2026,
sa3038350,2026,
sa3038388,2026,
sa3038389,2026,
sa3038641,2025,
sa3038721,2026,
sa3038742,2026,
sa3038799,2025,
sa3038808,2026,
sa3038853,2025,
sa3038855,2025,
sa3038865,2026,
sa3038891,2026,
sa3038960,2025,
sa3038969,2026,
sa3039155,2026,
sa3039217,2026,
sa3039377,2025,
sa3039628,2025,
sa3039828,2025,
sa3039836,2026,
sa3039858,2026,
sa3039893,2025,
sa3040084,2026,
sa3040124,2025,
sa3040125,2026,
sa3040344,2025,
sa3040392,2025,
sa3040471,2025,
sa3040539,2026,
sa3040543,2026,
sa3040859,2026,
sa3040921,2025,
sa3041005,2025,
sa3041032,2026,
sa3041154,2026,
sa3041172,2025,
sa3041281,2026,
sa3041386,2026,
sa3041417,2025,
sa3041543,2025,
sa3041610,2026,
sa3041661,2026,
sa3041760,2026,
sa3041782,2025,
sa3041794,2025,
sa3042129,2025,
sa3042287,2025,
sa3042374,2025,
sa3042481,2025,
sa3042491,2026,
sa3042539,2026,
sa3042582,2025,
sa3042608,2025,
sa3042672,2025,
sa3042680,2025,
sa3042717,2026,
sa3042754,2026,
sa3042760,2026,
sa3042775,2026,
sa3042795,2026,
sa3042867,2025,
sa3042879,2025,
sa3043041,2025,
sa3043081,2025,
sa3043207,2025,
sa3043325,2025,
sa3043523,2025,
sa3043560,2025,
sa3043594,2026,
sa3043596,2025,
sa3043601,2026,
sa3043649,2025,
sa3043664,2025,
sa3043700,2025,
sa3043851,2026,
sa3043858,2026,
sa3044088,2025,
sa3044100,2026,
sa3044148,2025,
sa3044160,2026,
sa3044390,2025,
sa3044483,2025,
sa3044487,2025,
sa3044552,2025,
sa3044590,2025,
sa3044681,2025,
sa3044728,2025,
sa3044756,2025,
sa3044929,2025,
sa3044957,2025,
sa3044992,2025,
sa3045030,2026,
sa3045032,2025,
sa3045036,2025,
sa3045125,2025,
sa3045245,2026,
sa3045282,2025,
sa3045313,2026,
sa3045333,2025,
sa3045455,2025,
sa3045458,2026,
sa3045655,2026,
sa3045723,2026,
sa3045857,2025,
sa3058541,2026,
sa3058546,2026,
sa3058591,2026,
sa3058621,2026,
sa3058676,2025,
sa3058738,2026,
sa3058770,2026,
sa3058932,2026,
sa3059003,2026,
sa3059139,2026,
sa3059417,2026,
sa3059446,2026,
sa3059481,2026,
sa3059570,2025,
sa3059764,2026,
sa3059833,2025,
sa3059845,2026,
sa3059894,2026,
sa3059979,2025,
sa3060109,2025,
sa3060122,2026,
sa3060133,2025,
sa3060267,2026,
sa3060352,2026,
sa3060527,2026,
sa3060601,2025,
sa3060617,2026,
sa3060685,2026,
sa3060747,2026,
sa3060763,2026,
sa3060904,2026,
sa3060916,2025,
sa3060984,2025,
sa3065515,2026,
sa3065621,2026,
sa3065812,2026,
sa3066025,2025,
sa3066029,2026,
sa3066361,2025,
sa3066445,2026,
sa3066457,2025,
sa3066458,2025,
sa3066460,2025,
sa3066528,2025,
sa3066592,2025,
sa3066593,2025,
sa3066597,2025,
sa3066663,2025,
sa3066665,2025,
sa3066666,2025,
sa3066667,2025,
sa3066763,2025,
sa3066780,2025,
sa3066821,2025,
sa3066822,2025,
sa3066825,2025,
sa3066842,2025,
sa3066858,2025,
sa3066859,2025,
sa3066860,2025,
sa3066861,2025,
sa3067036,2025,
sa3067037,2025,
sa3067038,2025,
sa3067039,2025,
sa3067040,2025,
sa3067041,2025,
sa3067042,2025,
sa3067043,2025,
sa3067044,2025,
sa3067045,2025,
sa3067075,2025,
sa3067076,2025,
sa3067090,2025,
sa3067091,2025,
sa3067092,2025,
sa3067124,2025,
sa3067125,2025,
sa3067126,2025,
sa3067127,2025,
sa3067128,2025,
sa3067129,2025,
sa3067153,2025,
sa3067170,2025,
sa3067171,2025,
sa3067209,2025,
sa3067230,2025,
sa3067256,2025,
sa3067265,2025,
sa3067275,2025,
sa3067285,2025,
sa3067286,2025,
sa3067288,2025,
sa3067290,2025,
sa3067294,2025,
sa3067316,2026,
sa3067319,2025,
sa3067320,2025,
sa3067321,2025,
sa3067322,2025,
sa3067323,2025,
sa3067324,2025,
sa3067325,2025,
sa3067326,2025,
sa3067327,2025,
sa3067328,2025,
sa3067329,2025,
sa3067330,2025,
sa3067331,2025,
sa3067332,2025,
sa3067333,2025,
sa3067334,2025,
sa3067335,2025,
sa3067336,2025,
sa3067337,2025,
sa3067338,2025,
sa3067339,2025,
sa3067340,2025,
sa3067341,2025,
sa3067342,2025,
sa3067343,2025,
sa3067392,2025,
sa3067393,2025,
sa3067394,2025,
sa3067395,2025,
sa3067396,2025,
sa3067397,2025,
sa3067398,2025,
sa3067399,2025,
sa3067400,2025,
sa3067401,2025,
sa3067423,2025,
sa3067442,2025,
sa3067443,2025,
sa3067444,2025,
sa3067467,2025,
sa3067468,2025,
sa3067474,2025,
sa3067475,2025,
sa3067478,2025,
sa3067486,2025,
sa3067492,2025,
sa3067496,2025,
sa3067509,2025,
sa3067530,2025,
sa3067540,2025,
sa3067541,2025,
sa3067543,2025,
sa3067544,2025,
sa3067548,2025,
sa3067549,2025,
sa3067560,2025,
sa3067586,2025,
sa3067639,2025,
sa3067640,2025,
sa3067641,2025,
sa3067642,2025,
sa3067643,2025,
sa3067644,2025,
sa3067645,2025,
sa3067646,2025,
sa3067647,2025,
sa3067648,2025,
sa3067649,2025,
sa3067650,2025,
sa3067651,2025,
sa3067652,2025,
sa3067653,2025,
sa3067654,2025,
sa3067655,2025,
sa3067656,2025,
sa3067657,2025,
sa3067658,2025,
sa3067659,2025,
sa3067660,2025,
sa3067661,2025,
sa3067662,2025,
sa3067663,2025,
sa3067664,2025,
sa3067665,2025,
sa3067666,2025,
sa3067667,2025,
sa3067668,2025,
sa3067669,2025,
sa3067670,2025,
sa3067671,2025,
sa3067672,2025,
sa3067673,2025,
sa3067674,2025,
sa3067675,2025,
sa3067676,2025,
sa3067677,2025,
sa3067678,2025,
sa3067679,2025,
sa3067680,2025,
sa3067681,2025,
sa3067682,2025,
sa3067683,2025,
sa3067684,2025,
sa3067685,2025,
sa3067686,2025,
sa3067687,2025,
sa3067688,2025,
sa3067689,2025,
sa3067690,2025,
sa3067691,2025,
sa3067692,2025,
sa3067693,2025,
sa3067694,2025,
sa3067695,2025,
sa3067696,2025,
sa3067697,2025,
sa3067698,2025,
sa3067699,2025,
sa3067700,2025,
sa3067701,2025,
sa3067702,2025,
sa3067703,2025,
sa3067704,2025,
sa3067705,2025,
sa3067706,2025,
sa3067707,2025,
sa3067708,2025,
sa3067709,2025,
sa3067710,2025,
sa3067711,2025,
sa3067712,2025,
sa3067713,2025,
sa3067714,2025,
sa3067715,2025,
sa3067716,2025,
sa3067717,2025,
sa3067718,2025,
sa3067719,2025,
sa3067720,2025,
sa3067721,2025,
sa3067722,2025,
sa3067723,2025,
sa3067724,2025,
sa3067725,2025,
sa3067726,2025,
sa3067727,2025,
sa3067728,2025,
sa3067729,2025,
sa3067730,2025,
sa3067731,2025,
sa3067732,2025,
sa3067733,2025,
sa3067734,2025,
sa3067735,2025,
sa3067736,2025,
sa3067737,2025,
sa3067738,2025,
sa3067739,2025,
sa3067740,2025,
sa3067741,2025,
sa3067742,2025,
sa3067743,2025,
sa3067744,2025,
sa3067745,2025,
sa3067746,2025,
sa3067747,2025,
sa3067748,2025,
sa3067749,2025,
sa3067750,2025,
sa3067751,2025,
sa3067752,2025,
sa3067753,2025,
sa3067754,2025,
sa3067755,2025,
sa3067756,2025,
sa3067757,2025,
sa3067758,2025,
sa3067759,2025,
sa3067760,2025,
sa3067761,2025,
sa3067762,2025,
sa3067763,2025,
sa3067764,2025,
sa3067765,2025,
sa3067766,2025,
sa3067767,2025,
sa3067768,2025,
sa3067769,2025,
sa3067770,2025,
sa3067771,2025,
sa3067772,2025,
sa3067773,2025,
sa3067774,2025,
sa3067775,2025,
sa3067776,2025,
sa3067777,2025,
sa3067778,2025,
sa3067779,2025,
sa3067780,2025,
sa3067781,2025,
sa3067782,2025,
sa3067783,2025,
sa3067784,2025,
sa3067785,2025,
sa3067786,2025,
sa3067787,2025,
sa3067788,2025,
sa3067789,2025,
sa3067790,2025,
sa3067791,2025,
sa3067792,2025,
sa3067793,2025,
sa3067794,2025,
sa3067795,2025,
sa3067796,2025,
sa3067797,2025,
sa3067798,2025,
sa3067799,2025,
sa3067800,2025,
sa3067801,2025,
sa3067802,2025,
sa3067803,2025,
sa3067804,2025,
sa3067805,2025,
sa3067806,2025,
sa3067807,2025,
sa3067808,2025,
sa3067809,2025,
sa3067810,2025,
sa3067811,2025,
sa3067812,2025,
sa3067813,2025,
sa3067814,2025,
sa3067815,2025,
sa3067816,2025,
sa3067817,2025,
sa3067818,2025,
sa3067819,2025,
sa3067820,2025,
sa3067821,2025,
sa3067822,2025,
sa3067823,2025,
sa3067824,2025,
sa3067825,2025,
sa3067826,2025,
sa3067827,2025,
sa3067828,2025,
sa3067829,2025,
sa3067830,2025,
sa3067831,2025,
sa3067832,2025,
sa3067833,2025,
sa3067834,2025,
sa3067835,2025,
sa3067836,2025,
sa3067837,2025,
sa3067838,2025,
sa3067839,2025,
sa3067840,2025,
sa3067841,2025,
sa3067842,2025,
sa3067843,2025,
sa3067844,2025,
sa3067845,2025,
sa3067846,2025,
sa3067847,2025,
sa3067848,2025,
sa3067849,2025,
sa3067850,2025,
sa3067851,2025,
sa3067852,2025,
sa3067853,2025,
sa3067854,2025,
sa3067855,2025,
sa3067856,2025,
sa3067857,2025,
sa3067858,2025,
sa3067859,2025,
sa3067860,2025,
sa3067861,2025,
sa3067862,2025,
sa3067863,2025,
sa3067864,2025,
sa3067865,2025,
sa3067866,2025,
sa3067867,2025,
sa3067868,2025,
sa3067869,2025,
sa3067870,2025,
sa3067871,2025,
sa3067872,2025,
sa3067873,2025,
sa3067874,2025,
sa3067875,2025,
sa3067876,2025,
sa3067877,2025,
sa3067878,2025,
sa3067879,2025,
sa3067880,2025,
sa3067881,2025,
sa3067882,2025,
sa3067883,2025,
sa3067884,2025,
sa3067885,2025,
sa3067886,2025,
sa3067887,2025,
sa3067888,2025,
sa3067889,2025,
sa3068122,2025,
sa3068169,2025,
sa3068170,2025,
sa3068171,2025,
sa3068172,2025,
sa3068173,2025,
sa3068174,2025,
sa3068175,2025,
sa3068176,2025,
sa3068177,2025,
sa3068178,2025,
sa3068179,2025,
sa3068180,2025,
sa3068181,2025,
sa3068182,2025,
sa3068183,2025,
sa3068184,2025,
sa3068185,2025,
sa3068186,2025,
sa3068187,2025,
sa3068188,2025,
sa3068189,2025,
sa3068190,2025,
sa3068191,2025,
sa3068192,2025,
sa3068193,2025,
sa3068194,2025,
sa3068195,2025,
sa3068196,2025,
sa3068197,2025,
sa3068198,2025,
sa3068199,2025,
sa3068200,2025,
sa3068201,2025,
sa3068202,2025,
sa3068203,2025,
sa3068204,2025,
sa3068205,2025,
sa3068206,2025,
sa3068207,2025,
sa3068208,2025,
sa3068209,2025,
sa3068210,2025,
sa3068211,2025,
sa3068212,2025,
sa3068213,2025,
sa3068214,2025,
sa3068215,2025,
sa3068216,2025,
sa3068217,2025,
sa3068218,2025,
sa3068219,2025,
sa3068220,2025,
sa3068221,2025,
sa3068222,2025,
sa3068223,2025,
sa3068224,2025,
sa3068225,2025,
sa3068226,2025,
sa3068227,2025,
sa3068228,2025,
sa3068229,2025,
sa3068230,2025,
sa3068231,2025,
sa3068232,2025,
sa3068233,2025,
sa3068234,2025,
sa3068235,2025,
sa3068236,2025,
sa3068237,2025,
sa3068238,2025,
sa3068239,2025,
sa3068240,2025,
sa3068241,2025,
sa3068242,2025,
sa3068243,2025,
sa3068244,2025,
sa3068245,2025,
sa3068246,2025,
sa3068247,2025,
sa3068328,2025,
sa3068392,2025,
sa3068393,2025,
sa3068394,2025,
sa3068395,2025,
sa3068396,2025,
sa3068397,2025,
sa3068398,2025,
sa3068399,2025,
sa3068400,2025,
sa3068401,2025,
sa3068402,2025,
sa3068403,2025,
sa3068404,2025,
sa3068405,2025,
sa3068406,2025,
sa3068407,2025,
sa3068408,2025,
sa3068409,2025,
sa3068410,2025,
sa3068411,2025,
sa3068412,2025,
sa3068413,2025,
sa3068414,2025,
sa3068415,2025,
sa3068416,2025,
sa3068417,2025,
sa3068418,2025,
sa3068523,2025,
sa3068524,2025,
sa3068525,2025,
sa3068526,2025,
sa3068527,2025,
sa3068528,2025,
sa3068529,2025,
sa3068530,2025,
sa3068531,2025,
sa3068532,2025,
sa3068533,2025,
sa3068534,2025,
sa3068649,2026,
sa3068658,2025,
sa3068659,2025,
sa3068661,2025,
sa3068662,2025,
sa3068663,2025,
sa3068669,2025,
sa3068670,2025,
sa3068671,2025,
sa3068676,2025,
sa3068689,2025,
sa3068690,2025,
sa3068691,2026,
sa3068692,2025,
sa3068709,2025,
sa3068710,2025,
sa3068733,2025,
sa3068746,2025,
sa3068747,2025,
sa3068756,2025,
sa3068757,2025,
sa3068758,2025,
sa3068761,2025,
sa3068762,2025,
sa3068780,2025,
sa3068781,2025,
sa3068791,2025,
sa3068792,2025,
sa3068793,2025,
sa3068805,2025,
sa3068806,2025,
sa3068807,2025,
sa3068818,2025,
sa3068835,2025,
sa3068836,2025,
sa3068858,2025,
sa3068859,2025,
sa3068869,2025,
sa3068880,2025,
sa3068888,2025,
sa3068889,2025,
sa3068912,2025,
sa3068913,2025,
sa3068921,2025,
sa3068922,2025,
sa3068923,2025,
sa3068929,2025,
sa3068933,2025,
sa3068936,2025,
sa3068944,2025,
sa3068945,2025,
sa3068963,2025,
sa3068964,2025,
sa3068966,2026,
sa3068967,2025,
sa3068968,2025,
sa3068969,2025,
sa3068987,2025,
sa3068988,2025,
sa3069004,2025,
sa3069005,2025,
sa3069006,2025,
sa3069007,2025,
sa3069009,2025,
sa3069010,2025,
sa3069011,2025,
sa3069012,2025,
sa3069013,2025,
sa3069014,2025,
sa3069015,2025,
sa3069016,2025,
sa3069017,2026,
sa3069018,2025,
sa3069031,2025,
sa3069032,2025,
sa3069033,2025,
sa3069050,2025,
sa3069051,2025,
sa3069052,2025,
sa3069053,2025,
sa3069054,2025,
sa3069055,2025,
sa3069066,2025,
sa3069067,2025,
sa3069068,2025,
sa3069071,2025,
sa3069072,2025,
sa3069073,2025,
sa3069079,2025,
sa3069080,2025,
sa3069088,2025,
sa3069093,2025,
sa3069094,2026,
sa3069100,2025,
sa3069107,2025,
sa3069108,2025,
sa3069109,2025,
sa3069116,2025,
sa3069123,2025,
sa3069132,2025,
sa3069139,2025,
sa3069147,2025,
sa3069148,2025,
sa3069149,2025,
sa3069150,2025,
sa3069151,2025,
sa3069152,2025,
sa3069162,2025,
sa3069164,2025,
sa3069166,2025,
sa3069169,2025,
sa3069171,2025,
sa3069172,2025,
sa3069173,2025,
sa3069174,2026,
sa3069175,2025,
sa3069181,2025,
sa3069187,2025,
sa3069188,2025,
sa3069204,2026,
sa3069246,2026,
sa3069248,2026,
sa3069249,2026,
sa3069250,2026,
sa3069251,2026,
sa3069252,2026,
sa3069253,2026,
sa3069254,2026,
sa3069255,2026,
sa3069256,2026,
sa3069257,2026,
sa3069258,2026,
sa3069260,2026,
sa3069261,2026,
sa3069262,2026,
sa3069266,2026,
sa3069268,2026,
sa3069270,2026,
sa3069275,2026,
sa3069277,2026,
sa3069278,2026,
sa3069279,2026,
sa3069280,2026,
sa3069281,2026,
sa3069284,2026,
sa3069285,2026,
sa3069286,2026,
sa3069292,2026,
sa3069293,2026,
sa3069295,2026,
sa3069298,2026,
sa3069302,2026,
sa3069305,2026,
sa3069308,2026,
sa3069309,2026,
sa3069310,2026,
sa3069313,2026,
sa3069314,2026,
sa3069317,2026,
sa3069318,2026,
sa3069321,2026,
sa3069381,2026,
sa3069385,2026,
sa3069392,2026,
sa3069440,2026,
sa3069441,2026,
sa3069442,2026,
sa3069443,2026,
sa3069445,2026,
sa3069940,2026,
sa3070075,2026,
sa3070516,2026,
sa3070534,2026,
sa3070546,2026,
sa3070576,2026,
sa3070893,2026,
sa3071065,2026,
sa3071236,2026,
sa3073566,2026,
sa3075038,2026,
sa3075039,2026,
sa3075040,2026,
sa3075041,2026,
sa3075042,2026,
sa3075043,2026,
sa3075045,2026,
sa3075046,2026,
sa3075047,2026,
sa3075048,2026,
sa3075049,2026,
sa3075050,2026,
sa3075051,2026,
sa3075052,2026,
sa3075053,2026,
sa3075054,2026,
sa3075055,2026,
sa3075056,2026,
sa3075057,2026,
sa3075058,2026,
sa3075059,2026,
sa3075060,2026,
sa3075061,2026,
sa3075062,2026,
sa3075063,2026,
sa3075064,2026,
sa3075065,2026,
sa3075066,2026,
sa3075067,2026,
sa3075068,2026,
sa3075069,2026,
sa3075070,2026,
sa3075071,2026,
sa3075072,2026,
sa3075073,2026,
sa3075074,2026,
sa3075075,2026,
sa3075076,2026,
sa3075077,2026,
sa3075078,2026,
sa3075079,2026,
sa3075080,2026,
sa3075082,2026,
sa3075083,2026,
sa3075085,2026,
sa3075086,2026,
sa3075087,2026,
sa3075165,2026,
sa3075458,2026,
sa3075522,2026,
sa3075625,2026,
sa3075706,2026,
sa3075707,2026,
sa3075724,2026,
sa3075761,2026,
sa3075809,2026,
sa3075858,2026,
sa3076028,2026,
sa3076029,2026,
sa3076030,2026,
sa3076049,2026,
sa3076050,2026,
sa3076051,2026,
sa3076052,2026,
sa3076053,2026,
sa3076054,2026,
sa3076055,2026,
sa3076081,2026,
sa3076094,2026,
sa3076095,2026,
sa3076096,2026,
sa3076097,2026,
sa3076098,2026,
sa3076099,2026,
sa3076100,2026,
sa3076117,2026,
sa3076118,2026,
sa3076211,2026,
sa3076235,2026,
sa3076279,2026,
sa3076280,2026,
sa3076281,2026,
sa3076282,2026,
sa3076283,2026,
sa3076284,2026,
sa3076304,2026,
sa3076312,2026,
sa3076313,2026,
sa3076314,2026,
sa3076325,2026,
sa3076333,2026,
sa3076334,2026,
sa3076335,2026,
sa3076340,2026,
sa3076341,2026,
sa3076342,2026,
sa3076360,2026,
sa3076393,2026,
sa3076396,2026,
sa3076411,2026,
sa3076417,2026,
sa3076418,2026,
sa3076419,2026,
sa3076495,2026,
sa3076496,2026,
sa3076497,2026,
sa3076498,2026,
sa3076499,2026,
sa3076500,2026,
sa3076501,2026,
sa3076502,2026,
sa3076503,2026,
sa3076504,2026,
sa3076505,2026,
sa3076506,2026,
sa3076507,2026,
sa3076508,2026,
sa3076509,2026,
sa3076510,2026,
sa3076511,2026,
sa3076512,2026,
sa3076513,2026,
sa3076514,2026,
sa3076515,2026,
sa3076516,2026,
sa3076517,2026,
sa3076518,2026,
sa3076519,2026,
sa3076520,2026,
sa3076521,2026,
sa3076522,2026,
sa3076523,2026,
sa3076524,2026,
sa3076525,2026,
sa3076526,2026,
sa3076527,2026,
sa3076528,2026,
sa3076529,2026,
sa3076530,2026,
sa3076531,2026,
sa3076532,2026,
sa3076533,2026,
sa3076534,2026,
sa3076535,2026,
sa3076536,2026,
sa3076537,2026,
sa3076538,2026,
sa3076539,2026,
sa3076540,2026,
sa3076541,2026,
sa3076542,2026,
sa3076543,2026,
sa3076544,2026,
sa3076545,2026,
sa3076546,2026,
sa3076547,2026,
sa3076548,2026,
sa3076549,2026,
sa3076550,2026,
sa3076551,2026,
sa3076552,2026,
sa3076553,2026,
sa3076554,2026,
sa3076555,2026,
sa3076556,2026,
sa3076557,2026,
sa3076558,2026,
sa3076559,2026,
sa3076560,2026,
sa3076561,2026,
sa3076562,2026,
sa3076563,2026,
sa3076564,2026,
sa3076565,2026,
sa3076566,2026,
sa3076567,2026,
sa3076568,2026,
sa3076569,2026,
sa3076570,2026,
sa3076571,2026,
sa3076572,2026,
sa3076573,2026,
sa3076574,2026,
sa3076575,2026,
sa3076576,2026,
sa3076577,2026,
sa3076578,2026,
sa3076579,2026,
sa3076580,2026,
sa3076581,2026,
sa3076582,2026,
sa3076584,2026,
sa3076585,2026,
sa3076586,2026,
sa3076587,2026,
sa3076588,2026,
sa3076589,2026,
sa3076590,2026,
sa3076591,2026,
sa3076592,2026,
sa3076593,2026,
sa3076594,2026,
sa3076595,2026,
sa3076596,2026,
sa3076597,2026,
sa3076598,2026,
sa3076599,2026,
sa3076600,2026,
sa3076601,2026,
sa3076602,2026,
sa3076603,2026,
sa3076604,2026,
sa3076605,2026,
sa3076606,2026,
sa3076607,2026,
sa3076608,2026,
sa3076609,2026,
sa3076610,2026,
sa3076611,2026,
sa3076612,2026,
sa3076613,2026,
sa3076614,2026,
sa3076615,2026,
sa3076616,2026,
sa3076617,2026,
sa3076618,2026,
sa3076619,2026,
sa3076620,2026,
sa3076621,2026,
sa3076622,2026,
sa3076623,2026,
sa3076624,2026,
sa3076625,2026,
sa3076626,2026,
sa3076627,2026,
sa3076628,2026,
sa3076629,2026,
sa3076630,2026,
sa3076631,2026,
sa3076632,2026,
sa3076633,2026,
sa3076634,2026,
sa3076635,2026,
sa3076636,2026,
sa3076637,2026,
sa3076638,2026,
sa3076639,2026,
sa3076640,2026,
sa3076641,2026,
sa3076642,2026,
sa3076643,2026,
sa3076644,2026,
sa3076645,2026,
sa3076646,2026,
sa3076647,2026,
sa3076648,2026,
sa3076649,2026,
sa3076650,2026,
sa3076651,2026,
sa3076652,2026,
sa3076654,2026,
sa3076655,2026,
sa3076656,2026,
sa3076657,2026,
sa3076658,2026,
sa3076659,2026,
sa3076660,2026,
sa3076661,2026,
sa3076662,2026,
sa3076663,2026,
sa3076664,2026,
sa3076665,2026,
sa3076666,2026,
sa3076667,2026,
sa3076668,2026,
sa3076669,2026,
sa3076670,2026,
sa3076671,2026,
sa3076672,2026,
sa3076673,2026,
sa3076674,2026,
sa3076675,2026,
sa3076676,2026,
sa3076677,2026,
sa3076678,2026,
sa3076679,2026,
sa3076680,2026,
sa3076681,2026,
sa3076683,2026,
sa3076684,2026,
sa3076685,2026,
sa3076686,2026,
sa3076687,2026,
sa3076688,2026,
sa3076689,2026,
sa3076690,2026,
sa3076691,2026,
sa3076692,2026,
sa3076693,2026,
sa3076694,2026,
sa3076695,2026,
sa3076696,2026,
sa3076697,2026,
sa3076698,2026,
sa3076699,2026,
sa3076700,2026,
sa3076701,2026,
sa3076702,2026,
sa3076703,2026,
sa3076704,2026,
sa3076705,2026,
sa3076706,2026,
sa3076707,2026,
sa3076708,2026,
sa3076709,2026,
sa3076710,2026,
sa3076711,2026,
sa3076712,2026,
sa3076955,2026,
sa3076960,2026,
sa3076987,2026,
sa3077034,2026,
sa3077035,2026,
sa3077036,2026,
sa3077037,2026,
sa3077038,2026,
sa3077039,2026,
sa3077040,2026,
sa3077041,2026,
sa3077042,2026,
sa3077043,2026,
sa3077044,2026,
sa3077045,2026,
sa3077046,2026,
sa3077047,2026,
sa3077048,2026,
sa3077049,2026,
sa3077050,2026,
sa3077051,2026,
sa3077052,2026,
sa3077053,2026,
sa3077054,2026,
sa3077055,2026,
sa3077056,2026,
sa3077057,2026,
sa3077058,2026,
sa3077059,2026,
sa3077060,2026,
sa3077061,2026,
sa3077062,2026,
sa3077063,2026,
sa3077064,2026,
sa3077065,2026,
sa3077066,2026,
sa3077067,2026,
sa3077068,2026,
sa3077069,2026,
sa3077070,2026,
sa3077071,2026,
sa3077072,2026,
sa3077073,2026,
sa3077074,2026,
sa3077075,2026,
sa3077076,2026,
sa3077077,2026,
sa3077078,2026,
sa3077079,2026,
sa3077080,2026,
sa3077081,2026,
sa3077082,2026,
sa3077083,2026,
sa3077084,2026,
sa3077085,2026,
sa3077086,2026,
sa3077087,2026,
sa3077088,2026,
sa3077089,2026,
sa3077090,2026,
sa3077091,2026,
sa3077092,2026,
sa3077093,2026,
sa3077094,2026,
sa3077095,2026,
sa3077096,2026,
sa3077097,2026,
sa3077216,2026,
sa3077217,2026,
sa3077218,2026,
sa3077219,2026,
sa3077310,2026,
sa3077311,2026,
sa3077312,2026,
sa3077313,2026,
sa3077314,2026,
sa3077315,2026,
sa3077316,2026,
sa3077317,2026,
sa3077318,2026,
sa3077319,2026,
sa3077320,2026,
sa3077321,2026,
sa3077322,2026,
sa3077323,2026,
sa3077324,2026,
sa3077325,2026,
sa3077326,2026,
sa3077327,2026,
sa3077328,2026,
sa3077426,2026,
sa3077427,2026,
sa3077428,2026,
sa3077429,2026,
sa3077430,2026,
sa3077431,2026,
sa3077432,2026,
sa3077433,2026,
sa3077434,2026,
sa3077519,2026,
sa3077545,2026,
sa3077546,2026,
sa3077547,2026,
sa3077548,2026,
sa3077550,2026,
sa3077551,2026,
sa3077567,2026,
sa3077568,2026,
sa3077569,2026,
sa3077577,2026,
sa3077590,2026,
sa3077591,2026,
sa3077592,2026,
sa3077593,2026,
sa3077594,2026,
sa3077595,2026,
sa3077619,2026,
sa3077620,2026,
sa3077621,2026,
sa3077622,2026,
sa3077623,2026,
sa3077639,2026,
sa3077640,2026,
sa3077650,2026,
sa3077651,2026,
sa3077668,2026,
sa3077669,2026,
sa3077670,2026,
sa3077691,2026,
sa3077692,2026,
sa3077697,2026,
sa3077698,2026,
sa3077699,2026,
sa3077700,2026,
sa3077705,2026,
sa3077706,2026,
sa3077707,2026,
sa3077713,2026,
sa3077714,2026,
sa3077715,2026,
sa3077723,2026,
sa3077724,2026,
sa3077725,2026,
sa3077736,2026,
sa3077737,2026,
sa3077738,2026,
sa3077747,2026,
sa3077748,2026,
sa3077749,2026,
sa3077756,2026,
sa3077764,2026,
sa3077777,2026,
sa3077778,2026,
sa3077791,2026,
sa3077792,2026,
sa3077805,2026,
sa3077806,2026,
sa3077809,2026,
sa3077812,2026,
sa3077826,2026,
sa3077827,2026,
sa3077828,2026,
sa3077838,2026,
sa3077842,2026,
sa3077848,2026,
sa3077860,2026,
sa3077865,2026,
sa3077867,2026,
sa3077869,2026,
sa3077880,2026,
sa3077897,2026,
sa3077913,2026,
sa3077914,2026,
sa3077922,2026,
sa3077923,2026,
sa3077924,2026,
sa3077925,2026,
sa3077937,2026,
sa3077938,2026,
sa3077943,2026,
sa3077955,2026,
sa3077956,2026,
sa3077957,2026,
sa3077958,2026,
sa3077963,2026,
sa3077964,2026,
sa3077965,2026,
sa3077966,2026,
sa3077967,2026,
sa3077968,2026,
sa3077974,2026,
sa3077982,2026,
sa3077983,2026,
sa3077984,2026,
sa3077986,2026,
sa3077988,2026,
sa3077993,2026,
sa3077994,2026,
sa3078009,2026,
sa3078010,2026,
sa3078037,2026,
sa3078038,2026,
sa3078039,2026,
sa3078040,2026,
sa3078041,2026,
sa3078050,2026,
sa3078051,2026,
sa3078052,2026,
sa3078053,2026,
sa3078060,2026,
sa3078061,2026,
sa3078073,2026,
sa3078078,2026,
sa3078086,2026,
sa3078091,2026,
sa3078092,2026,
sa3078100,2026,
sa3078105,2026,
sa314143,2006,
sa319175,2006,
sa321737,2007,
sa321739,2006,
sa321740,2006,
sa322912,2006,
sa323012,2006,
sa323152,2017,
sa323416,2006,
sa323418,2007,
sa323427,2011,
sa323452,2008,
sa323564,2006,
sa323904,2006,
sa324602,2006,
sa324904,2006,
sa325096,2006,
sa325559,2006,
sa325983,2006,
sa325986,2006,
sa326041,2006,
sa326096,2006,
sa326098,2006,
sa326099,2008,
sa326100,2006,
sa326105,2007,
sa326109,2007,
sa326112,2006,
sa326113,2006,
sa326115,2008,
sa326116,2008,
sa326117,2006,
sa326119,2006,
sa326120,2006,
sa326124,2006,
sa326125,2007,
sa326126,2007,
sa326152,2006,
sa326252,2009,
sa326253,2007,
sa326254,2006,
sa326256,2013,
sa326259,2006,
sa326261,2006,
sa326418,2006,
sa326420,2007,
sa326424,2006,
sa326425,2007,
sa326431,2008,
sa326437,2006,
sa326459,2006,
sa326461,2006,
sa326462,2007,
sa326464,2006,
sa326465,2007,
sa326469,2006,
sa326471,2007,
sa326486,2007,
sa326488,2006,
sa326496,2006,
sa326499,2008,
sa326500,2011,
sa326504,2006,
sa326508,2006,
sa326518,2013,
sa326519,2006,
sa326520,2008,
sa326524,2007,
sa326534,2006,
sa326537,2006,
sa326541,2009,
sa326543,2007,
sa326544,2006,
sa326546,2007,
sa326552,2009,
sa326554,2006,
sa326570,2007,
sa326581,2006,
sa326584,2006,
sa326675,2009,
sa326676,2006,
sa326677,2007,
sa326678,2010,
sa326679,2006,
sa326680,2007,
sa326687,2006,
sa326688,2007,
sa326690,2007,
sa326691,2011,
sa326695,2010,
sa326701,2007,
sa326702,2007,
sa326703,2006,
sa326705,2009,
sa326707,2006,
sa326708,2006,
sa326711,2012,
sa326712,2009,
sa326715,2007,
sa326716,2006,
sa326722,2006,
sa326723,2007,
sa326725,2007,
sa326728,2008,
sa326736,2007,
sa326737,2007,
sa326742,2009,
sa326743,2007,
sa326747,2008,
sa326749,2007,
sa326750,2009,
sa326756,2007,
sa326760,2008,
sa326763,2007,
sa326765,2007,
sa326767,2006,
sa326772,2007,
sa326776,2007,
sa326778,2007,
sa326780,2007,
sa326786,2008,
sa326789,2006,
sa326791,2006,
sa326803,2007,
sa326805,2007,
sa326808,2007,
sa326816,2006,
sa326821,2007,
sa326826,2006,
sa326830,2006,
sa326832,2007,
sa326840,2007,
sa326841,2006,
sa326842,2006,
sa326844,2007,
sa326845,2007,
sa326848,2006,
sa326849,2006,
sa326850,2012,
sa326860,2007,
sa326866,2006,
sa326867,2006,
sa326872,2008,
sa326876,2009,
sa326878,2007,
sa326879,2010,
sa326880,2007,
sa326881,2006,
sa326936,2007,
sa326944,2006,
sa326946,2008,
sa326947,2008,
sa326948,2006,
sa326953,2006,
sa326958,2006,
sa327036,2006,
sa327039,2006,
sa327041,2007,
sa327043,2006,
sa327045,2006,
sa327046,2006,
sa327047,2007,
sa327050,2006,
sa327051,2006,
sa327053,2009,
sa327057,2007,
sa327059,2010,
sa327064,2006,
sa327069,2006,
sa327073,2009,
sa327077,2006,
sa327078,2007,
sa327079,2007,
sa327082,2008,
sa327084,2007,
sa327085,2009,
sa327086,2007,
sa327090,2010,
sa327092,2006,
sa327097,2006,
sa327099,2006,
sa327104,2006,
sa327106,2007,
sa327108,2008,
sa327112,2007,
sa327116,2009,
sa327120,2007,
sa327121,2007,
sa327128,2007,
sa327130,2007,
sa327134,2012,
sa327137,2007,
sa327140,2006,
sa327141,2007,
sa327142,2006,
sa327144,2008,
sa327149,2007,
sa327157,2013,
sa327160,2007,
sa327162,2007,
sa327171,2007,
sa327175,2007,
sa327176,2007,
sa327179,2007,
sa327180,2006,
sa327188,2007,
sa327189,2007,
sa327390,2007,
sa327457,2009,
sa327649,2007,
sa327653,2006,
sa327656,2007,
sa327659,2007,
sa327660,2007,
sa327662,2008,
sa327664,2007,
sa327665,2006,
sa327667,2009,
sa327668,2006,
sa327674,2007,
sa327677,2008,
sa327679,2006,
sa327709,2006,
sa327710,2009,
sa327711,2006,
sa327712,2006,
sa327716,2006,
sa327717,2008,
sa327718,2007,
sa327720,2006,
sa327721,2008,
sa327723,2007,
sa327724,2007,
sa327729,2009,
sa327731,2007,
sa327733,2007,
sa327743,2007,
sa327747,2007,
sa327748,2012,
sa327749,2007,
sa327750,2008,
sa327754,2007,
sa327757,2006,
sa327758,2007,
sa327761,2007,
sa327766,2009,
sa327767,2006,
sa327773,2007,
sa327774,2008,
sa327775,2011,
sa327778,2006,
sa327780,2007,
sa327782,2006,
sa327786,2007,
sa327787,2007,
sa327789,2007,
sa327792,2007,
sa327793,2007,
sa327795,2006,
sa327798,2006,
sa327803,2007,
sa327805,2007,
sa327808,2007,
sa327812,2006,
sa327815,2007,
sa327816,2007,
sa327819,2006,
sa327821,2007,
sa327822,2009,
sa327825,2008,
sa327827,2007,
sa327828,2006,
sa327829,2009,
sa327830,2017,
sa327831,2007,
sa327832,2009,
sa327834,2007,
sa327839,2006,
sa327841,2006,
sa327844,2010,
sa327853,2006,
sa327858,2008,
sa327860,2007,
sa327861,2009,
sa327862,2007,
sa327863,2008,
sa327865,2007,
sa327868,2007,
sa327871,2006,
sa327872,2006,
sa327874,2007,
sa327875,2007,
sa327885,2007,
sa327886,2007,
sa327887,2007,
sa327888,2006,
sa327891,2009,
sa327893,2006,
sa327894,2013,
sa327895,2006,
sa327899,2007,
sa327976,2007,
sa327978,2006,
sa327979,2007,
sa327983,2008,
sa327994,2009,
sa327996,2007,
sa328003,2009,
sa328009,2007,
sa328010,2007,
sa328012,2007,
sa328017,2007,
sa328023,2007,
sa328028,2012,
sa328033,2007,
sa328035,2006,
sa328036,2006,
sa328040,2007,
sa328041,2007,
sa328044,2011,
sa328052,2006,
sa328059,2009,
sa328066,2007,
sa328069,2007,
sa328070,2007,
sa328071,2007,
sa328072,2007,
sa328074,2008,
sa328082,2007,
sa328090,2007,
sa328092,2006,
sa328094,2008,
sa328103,2006,
sa328104,2007,
sa328108,2006,
sa328113,2006,
sa328116,2007,
sa328117,2009,
sa328120,2008,
sa328129,2006,
sa328130,2006,
sa328135,2006,
sa328136,2007,
sa328144,2008,
sa328146,2006,
sa328149,2007,
sa328150,2010,
sa328151,2008,
sa328155,2007,
sa328156,2006,
sa328158,2006,
sa328167,2009,
sa328170,2008,
sa328172,2007,
sa328177,2008,
sa328181,2006,
sa328182,2007,
sa328184,2006,
sa328188,2007,
sa328189,2006,
sa328190,2007,
sa328192,2007,
sa328194,2008,
sa328195,2007,
sa328200,2006,
sa328202,2008,
sa328203,2006,
sa328208,2012,
sa328217,2007,
sa328225,2007,
sa328231,2006,
sa328234,2007,
sa328237,2007,
sa328241,2010,
sa328244,2007,
sa328245,2008,
sa328250,2007,
sa328252,2006,
sa328255,2010,
sa328262,2007,
sa328267,2008,
sa328269,2011,
sa328277,2007,
sa328280,2008,
sa328283,2008,
sa328291,2006,
sa328293,2006,
sa328306,2013,
sa328308,2007,
sa328316,2006,
sa328317,2007,
sa328319,2011,
sa328324,2008,
sa328325,2006,
sa328328,2006,
sa328330,2007,
sa328331,2009,
sa328418,2007,
sa328421,2006,
sa328424,2009,
sa328430,2006,
sa328431,2008,
sa328434,2006,
sa328438,2007,
sa328442,2006,
sa328447,2007,
sa328448,2007,
sa328450,2006,
sa328451,2006,
sa328452,2007,
sa328453,2007,
sa328459,2009,
sa328460,2008,
sa328465,2009,
sa328468,2007,
sa328470,2007,
sa328471,2007,
sa328472,2010,
sa328476,2007,
sa328482,2006,
sa328484,2006,
sa328486,2006,
sa328487,2006,
sa328488,2006,
sa328489,2006,
sa328490,2006,
sa328491,2006,
sa328492,2006,
sa328495,2006,
sa328496,2007,
sa328500,2006,
sa328502,2006,
sa328503,2006,
sa328505,2006,
sa328507,2006,
sa328509,2006,
sa328510,2006,
sa328511,2006,
sa328517,2009,
sa328572,2007,
sa328573,2006,
sa328579,2006,
sa328580,2006,
sa328582,2006,
sa328583,2006,
sa328584,2006,
sa328588,2006,
sa328596,2006,
sa328600,2006,
sa328601,2006,
sa328602,2010,
sa328604,2007,
sa328605,2007,
sa328606,2007,
sa328607,2007,
sa328608,2006,
sa328610,2007,
sa328611,2007,
sa328612,2007,
sa328613,2007,
sa328616,2006,
sa328617,2006,
sa328740,2006,
sa328741,2008,
sa328743,2006,
sa328744,2006,
sa328746,2006,
sa328748,2007,
sa328749,2007,
sa328750,2006,
sa328751,2006,
sa328759,2007,
sa328761,2006,
sa328768,2007,
sa328769,2006,
sa328771,2006,
sa328819,2006,
sa328820,2006,
sa328821,2006,
sa328825,2006,
sa328826,2006,
sa328829,2006,
sa328830,2006,
sa328831,2006,
sa328832,2006,
sa328834,2006,
sa328835,2006,
sa328836,2006,
sa328838,2006,
sa328840,2006,
sa328844,2006,
sa328845,2006,
sa328846,2006,
sa328847,2006,
sa328848,2009,
sa328849,2006,
sa328850,2006,
sa328853,2006,
sa328854,2008,
sa328855,2007,
sa328857,2006,
sa328858,2006,
sa328859,2008,
sa328860,2006,
sa328902,2006,
sa328903,2006,
sa328904,2006,
sa328907,2006,
sa328910,2006,
sa328915,2007,
sa328919,2006,
sa328920,2006,
sa328926,2006,
sa328927,2006,
sa328934,2006,
sa328936,2006,
sa328937,2006,
sa328938,2006,
sa328939,2006,
sa328946,2006,
sa328947,2006,
sa328953,2006,
sa328956,2006,
sa328960,2007,
sa328971,2006,
sa328972,2006,
sa328973,2009,
sa328974,2006,
sa328977,2006,
sa328978,2006,
sa328979,2006,
sa328986,2006,
sa328993,2011,
sa328994,2006,
sa328995,2007,
sa328997,2006,
sa329001,2006,
sa329004,2006,
sa329007,2012,
sa329059,2009,
sa329060,2006,
sa329062,2006,
sa329067,2007,
sa329070,2006,
sa329071,2008,
sa329079,2006,
sa329090,2006,
sa329097,2012,
sa329105,2006,
sa329106,2006,
sa329110,2006,
sa329115,2006,
sa329123,2006,
sa329125,2006,
sa329127,2006,
sa329129,2006,
sa329131,2007,
sa329161,2006,
sa329162,2006,
sa329202,2006,
sa329205,2006,
sa329215,2006,
sa329216,2006,
sa329218,2006,
sa329229,2006,
sa329230,2006,
sa329231,2006,
sa329233,2006,
sa329234,2006,
sa329235,2008,
sa329306,2006,
sa329307,2006,
sa329308,2006,
sa329326,2006,
sa329327,2006,
sa329342,2006,
sa329368,2006,
sa329390,2006,
sa329393,2007,
sa329433,2006,
sa329434,2006,
sa329435,2006,
sa329436,2006,
sa329437,2007,
sa329490,2006,
sa329493,2006,
sa329501,2006,
sa329639,2006,
sa329640,2006,
sa329986,2006,
sa330037,2006,
sa330038,2006,
sa330039,2006,
sa330400,2007,
sa330401,2006,
sa330854,2006,
sa331044,2007,
sa331346,2006,
sa331347,2006,
sa331348,2006,
sa331349,2006,
sa331350,2006,
sa331354,2006,
sa331355,2007,
sa331540,2007,
sa331541,2006,
sa331867,2007,
sa355427,2007,
sa356978,2007,
sa376270,2007,
sa376320,2007,
sa376321,2007,
sa376521,2007,
sa377586,2011,
sa378376,2008,
sa378381,2007,
sa380403,2006,
sa381319,2007,
sa381342,2006,
sa381343,2007,
sa381344,2007,
sa381346,2006,
sa381476,2007,
sa381479,2007,
sa381480,2006,
sa381573,2007,
sa381974,2007,
sa381975,2006,
sa381978,2007,
sa383624,2007,
sa386156,2007,
sa386782,2006,
sa386980,2007,
sa388360,2007,
sa388362,2006,
sa388364,2009,
sa388368,2009,
sa388372,2011,
sa388375,2010,
sa388376,2007,
sa388379,2007,
sa388380,2007,
sa388381,2009,
sa388383,2008,
sa388384,2007,
sa388387,2008,
sa388392,2008,
sa388399,2007,
sa388400,2008,
sa388403,2008,
sa388408,2007,
sa388816,2013,
sa388822,2008,
sa388830,2007,
sa388831,2008,
sa388834,2012,
sa388838,2007,
sa388839,2008,
sa388840,2007,
sa388841,2010,
sa388849,2008,
sa388937,2008,
sa388945,2007,
sa388947,2007,
sa388951,2008,
sa388958,2007,
sa388959,2008,
sa388960,2007,
sa388967,2007,
sa388968,2007,
sa388969,2007,
sa388977,2008,
sa388979,2008,
sa388980,2008,
sa388981,2009,
sa388983,2007,
sa388984,2007,
sa388986,2008,
sa388987,2007,
sa388988,2008,
sa388992,2007,
sa389176,2008,
sa389184,2008,
sa389185,2008,
sa389188,2013,
sa389189,2008,
sa389190,2007,
sa389193,2007,
sa389194,2007,
sa389196,2007,
sa389199,2007,
sa389203,2011,
sa389210,2008,
sa389212,2013,
sa389213,2007,
sa389215,2007,
sa389217,2008,
sa389218,2008,
sa389219,2007,
sa389220,2008,
sa389221,2008,
sa389222,2008,
sa389223,2009,
sa389225,2009,
sa389228,2008,
sa389231,2007,
sa389233,2008,
sa389235,2007,
sa389243,2008,
sa389251,2007,
sa389254,2007,
sa389255,2008,
sa389256,2007,
sa389257,2007,
sa389258,2008,
sa389260,2007,
sa389261,2008,
sa389264,2008,
sa389267,2007,
sa389273,2008,
sa389281,2007,
sa389283,2008,
sa389287,2009,
sa389289,2008,
sa389292,2008,
sa389297,2008,
sa389298,2007,
sa389302,2007,
sa389303,2008,
sa389308,2008,
sa389362,2007,
sa389382,2007,
sa389387,2007,
sa389390,2008,
sa389391,2008,
sa389395,2014,
sa389397,2007,
sa389401,2008,
sa389402,2007,
sa389403,2007,
sa389414,2007,
sa389418,2008,
sa389419,2008,
sa389420,2007,
sa389423,2008,
sa389429,2008,
sa389430,2007,
sa389434,2007,
sa389438,2007,
sa389440,2007,
sa389442,2007,
sa389443,2008,
sa389444,2008,
sa389445,2007,
sa389486,2007,
sa389664,2007,
sa389665,2007,
sa389666,2007,
sa389668,2008,
sa389669,2008,
sa389675,2007,
sa389676,2007,
sa389677,2007,
sa389684,2008,
sa389687,2008,
sa389688,2008,
sa389689,2008,
sa389690,2008,
sa389691,2010,
sa389692,2007,
sa389695,2008,
sa389700,2007,
sa389701,2010,
sa389702,2007,
sa389703,2008,
sa389704,2007,
sa389705,2008,
sa389707,2008,
sa389712,2008,
sa389713,2008,
sa389716,2007,
sa389720,2008,
sa389727,2007,
sa389728,2008,
sa389732,2008,
sa389736,2008,
sa389741,2007,
sa389746,2008,
sa389750,2011,
sa389755,2008,
sa389763,2007,
sa389764,2007,
sa389766,2007,
sa389769,2007,
sa389772,2008,
sa389777,2008,
sa389778,2008,
sa389780,2008,
sa389785,2008,
sa389786,2008,
sa389787,2007,
sa389788,2008,
sa389789,2008,
sa389790,2008,
sa389791,2007,
sa389797,2008,
sa389801,2009,
sa389809,2008,
sa389814,2008,
sa389819,2008,
sa389825,2008,
sa389826,2008,
sa389827,2007,
sa389831,2008,
sa389832,2008,
sa389840,2011,
sa389843,2007,
sa389845,2007,
sa389849,2007,
sa389850,2008,
sa389852,2007,
sa389857,2007,
sa389860,2008,
sa389861,2007,
sa389862,2007,
sa389865,2008,
sa389866,2008,
sa389868,2008,
sa389873,2008,
sa389875,2007,
sa389878,2008,
sa389880,2007,
sa389881,2007,
sa389882,2009,
sa389885,2008,
sa389889,2009,
sa389890,2007,
sa389891,2007,
sa389892,2007,
sa389894,2008,
sa389895,2007,
sa389899,2009,
sa389900,2007,
sa389902,2008,
sa389903,2012,
sa389904,2007,
sa389905,2008,
sa389906,2009,
sa389907,2008,
sa389910,2008,
sa389913,2007,
sa389916,2009,
sa389917,2008,
sa389918,2008,
sa389920,2008,
sa389926,2007,
sa389927,2007,
sa389928,2007,
sa389930,2012,
sa389931,2009,
sa389932,2007,
sa389933,2009,
sa389934,2008,
sa389935,2010,
sa389937,2009,
sa389941,2007,
sa390173,2007,
sa390176,2008,
sa390179,2007,
sa390182,2007,
sa390184,2008,
sa390188,2008,
sa390192,2008,
sa390205,2007,
sa390227,2007,
sa390228,2008,
sa390229,2008,
sa390232,2008,
sa390233,2008,
sa390235,2010,
sa390236,2009,
sa390238,2012,
sa390245,2008,
sa390254,2013,
sa390258,2008,
sa390259,2010,
sa390262,2008,
sa390266,2009,
sa390269,2008,
sa390278,2008,
sa390280,2008,
sa390281,2008,
sa390284,2008,
sa390285,2007,
sa390288,2008,
sa390290,2008,
sa390292,2007,
sa390293,2007,
sa390294,2007,
sa390300,2008,
sa390301,2008,
sa390307,2007,
sa390310,2007,
sa390311,2008,
sa390314,2007,
sa390327,2008,
sa390330,2008,
sa390353,2007,
sa390360,2007,
sa390364,2008,
sa390365,2008,
sa390369,2009,
sa390372,2007,
sa390382,2007,
sa390386,2008,
sa390391,2008,
sa390398,2008,
sa390402,2008,
sa390431,2008,
sa390432,2010,
sa390437,2007,
sa390449,2007,
sa390450,2007,
sa390456,2007,
sa390461,2007,
sa390468,2007,
sa390481,2007,
sa390593,2007,
sa390594,2008,
sa390596,2008,
sa390601,2008,
sa390606,2011,
sa390607,2007,
sa390612,2007,
sa390613,2008,
sa390615,2007,
sa390616,2010,
sa390620,2007,
sa390622,2008,
sa390628,2008,
sa390629,2009,
sa390633,2008,
sa390634,2007,
sa390635,2011,
sa390637,2008,
sa390638,2008,
sa390639,2007,
sa390642,2010,
sa390643,2008,
sa390645,2009,
sa390646,2011,
sa390648,2007,
sa390665,2007,
sa390671,2010,
sa390684,2007,
sa390686,2007,
sa390687,2007,
sa390690,2007,
sa390691,2007,
sa390692,2007,
sa390693,2006,
sa390694,2006,
sa390695,2007,
sa390697,2007,
sa390699,2007,
sa390700,2007,
sa390701,2008,
sa390702,2006,
sa390703,2008,
sa390704,2008,
sa390705,2008,
sa392047,2007,
sa392049,2007,
sa392052,2009,
sa392060,2008,
sa392066,2008,
sa392068,2012,
sa392073,2007,
sa392074,2007,
sa392083,2010,
sa392084,2010,
sa392089,2007,
sa392101,2009,
sa392103,2010,
sa392107,2007,
sa392108,2007,
sa392122,2007,
sa392123,2008,
sa392127,2007,
sa392128,2008,
sa392140,2006,
sa392145,2007,
sa392148,2006,
sa392151,2007,
sa392154,2007,
sa392161,2011,
sa392162,2013,
sa392163,2014,
sa392165,2011,
sa392167,2008,
sa392174,2010,
sa392176,2012,
sa392178,2015,
sa392182,2007,
sa392183,2011,
sa392185,2007,
sa392187,2010,
sa392189,2007,
sa392192,2008,
sa392193,2011,
sa392203,2009,
sa392208,2009,
sa392209,2007,
sa392212,2012,
sa392213,2011,
sa392214,2011,
sa392218,2013,
sa392219,2010,
sa392229,2008,
sa392238,2012,
sa392239,2010,
sa392240,2007,
sa392354,2006,
sa392355,2006,
sa392356,2008,
sa392358,2006,
sa392359,2006,
sa392360,2006,
sa392362,2006,
sa392363,2007,
sa392364,2007,
sa392365,2007,
sa392366,2007,
sa392367,2007,
sa392369,2007,
sa392371,2006,
sa392372,2006,
sa392373,2007,
sa392374,2007,
sa392376,2007,
sa392378,2007,
sa392379,2006,
sa392380,2007,
sa392381,2007,
sa392382,2007,
sa392383,2007,
sa392386,2006,
sa392404,2007,
sa392406,2007,
sa392407,2007,
sa392408,2007,
sa392410,2007,
sa392412,2006,
sa392416,2006,
sa392418,2006,
sa392421,2006,
sa392422,2006,
sa392461,2011,
sa392739,2006,
sa392742,2006,
sa392744,2007,
sa392746,2006,
sa392755,2008,
sa392763,2009,
sa392772,2006,
sa392778,2006,
sa392779,2006,
sa392783,2006,
sa392785,2006,
sa392794,2006,
sa392824,2008,
sa392825,2007,
sa392826,2007,
sa392827,2007,
sa392830,2008,
sa392831,2008,
sa392832,2007,
sa392834,2008,
sa392837,2007,
sa392839,2007,
sa392841,2007,
sa392842,2007,
sa392844,2015,
sa392846,2007,
sa392847,2006,
sa392848,2007,
sa392849,2010,
sa392852,2008,
sa392853,2009,
sa392857,2007,
sa392858,2006,
sa392859,2006,
sa392860,2009,
sa392862,2008,
sa392863,2007,
sa392865,2006,
sa392868,2007,
sa392873,2006,
sa392874,2007,
sa392875,2007,
sa392876,2009,
sa392877,2006,
sa392878,2007,
sa392879,2007,
sa392880,2007,
sa392881,2007,
sa392882,2006,
sa392883,2006,
sa392884,2006,
sa392885,2007,
sa392886,2007,
sa392887,2008,
sa392889,2007,
sa392890,2007,
sa392891,2006,
sa392892,2007,
sa392918,2007,
sa392920,2007,
sa392921,2007,
sa392923,2008,
sa392924,2009,
sa392926,2009,
sa392927,2008,
sa392928,2007,
sa392929,2006,
sa392930,2006,
sa392931,2006,
sa392932,2006,
sa392934,2007,
sa392935,2007,
sa392937,2007,
sa392938,2007,
sa392939,2006,
sa392940,2006,
sa392941,2007,
sa392963,2007,
sa392967,2007,
sa392969,2007,
sa392972,2006,
sa392974,2007,
sa392976,2007,
sa392979,2006,
sa392982,2007,
sa392983,2007,
sa392984,2006,
sa392986,2006,
sa392988,2006,
sa392989,2007,
sa392991,2006,
sa392993,2007,
sa392994,2007,
sa392996,2008,
sa392997,2006,
sa392999,2007,
sa393000,2006,
sa393001,2007,
sa393002,2007,
sa393005,2006,
sa393006,2007,
sa393009,2009,
sa393010,2006,
sa393011,2006,
sa393012,2006,
sa393013,2006,
sa393017,2007,
sa393018,2006,
sa393019,2007,
sa393067,2010,
sa393235,2011,
sa393262,2014,
sa393266,2006,
sa393282,2006,
sa393302,2011,
sa393387,2007,
sa393388,2007,
sa393389,2007,
sa393390,2007,
sa393391,2007,
sa393392,2007,
sa393393,2007,
sa393394,2007,
sa393404,2007,
sa393405,2007,
sa393406,2007,
sa393407,2007,
sa393408,2008,
sa393409,2008,
sa393410,2014,
sa393422,2007,
sa393425,2007,
sa393426,2007,
sa393450,2007,
sa393574,2006,
sa393862,2007,
sa393917,2006,
sa394062,2008,
sa394384,2008,
sa394385,2007,
sa394386,2007,
sa394388,2006,
sa394403,2007,
sa395347,2007,
sa395463,2007,
sa395471,2007,
sa396220,2007,
sa396221,2007,
sa396222,2006,
sa396223,2007,
sa396225,2007,
sa396226,2006,
sa396227,2006,
sa396228,2006,
sa396229,2007,
sa396230,2006,
sa396231,2007,
sa396232,2006,
sa396233,2006,
sa396234,2006,
sa396235,2007,
sa396236,2007,
sa396237,2007,
sa396238,2006,
sa396239,2007,
sa396240,2007,
sa396241,2006,
sa396242,2007,
sa396243,2007,
sa396244,2007,
sa396245,2007,
sa396246,2007,
sa396247,2007,
sa396248,2006,
sa396249,2007,
sa396250,2007,
sa396251,2007,
sa396252,2007,
sa396254,2006,
sa396281,2007,
sa396468,2006,
sa397030,2007,
sa397321,2008,
sa397322,2007,
sa397552,2007,
sa397812,2007,
sa397842,2007,
sa397843,2007,
sa397844,2007,
sa397967,2009,
sa397998,2007,
sa398077,2007,
sa398079,2007,
sa398204,2007,
sa398372,2007,
sa399075,2007,
sa400830,2007,
sa400832,2008,
sa400981,2007,
sa401593,2009,
sa401626,2007,
sa401991,2006,
sa403057,2009,
sa405016,2008,
sa412979,2009,
sa43152,2006,
sa435628,2009,
sa441531,2008,
sa446859,2007,
sa447186,2006,
sa447531,2008,
sa447629,2008,
sa447630,2008,
sa447648,2012,
sa448190,2008,
sa449143,2006,
sa450821,2007,
sa451714,2008,
sa451715,2008,
sa452248,2008,
sa454224,2007,
sa454225,2012,
sa454333,2008,
sa454377,2009,
sa454381,2008,
sa454395,2009,
sa454396,2008,
sa454428,2008,
sa454430,2009,
sa454437,2008,
sa454439,2011,
sa454440,2010,
sa454442,2008,
sa454447,2009,
sa454457,2013,
sa454459,2008,
sa454460,2008,
sa454463,2008,
sa454496,2009,
sa454500,2011,
sa454510,2011,
sa454512,2012,
sa454513,2010,
sa454522,2009,
sa454525,2012,
sa454529,2008,
sa454530,2008,
sa454533,2009,
sa454538,2008,
sa454542,2008,
sa454543,2009,
sa454544,2009,
sa454548,2009,
sa454552,2009,
sa454553,2010,
sa454554,2009,
sa454555,2010,
sa454556,2014,
sa454558,2010,
sa454562,2009,
sa454571,2008,
sa454572,2008,
sa454574,2008,
sa454575,2009,
sa454577,2008,
sa454578,2009,
sa454579,2009,
sa454580,2009,
sa454582,2008,
sa454588,2009,
sa454589,2012,
sa454590,2009,
sa454591,2009,
sa454593,2009,
sa454598,2009,
sa454600,2008,
sa454601,2009,
sa454602,2009,
sa454605,2009,
sa454606,2008,
sa454608,2009,
sa454609,2008,
sa454611,2009,
sa454612,2009,
sa454616,2008,
sa454617,2009,
sa454620,2009,
sa454625,2008,
sa454692,2009,
sa454693,2010,
sa454694,2008,
sa454696,2009,
sa454697,2010,
sa454701,2010,
sa454702,2008,
sa454703,2008,
sa454706,2008,
sa454708,2008,
sa454711,2009,
sa454712,2009,
sa454714,2011,
sa454726,2008,
sa454727,2008,
sa454730,2009,
sa454732,2009,
sa454735,2009,
sa454737,2010,
sa454739,2009,
sa454740,2008,
sa454744,2008,
sa454748,2009,
sa454751,2009,
sa454759,2008,
sa454764,2008,
sa454765,2012,
sa454767,2013,
sa454768,2009,
sa454769,2008,
sa454776,2009,
sa454777,2011,
sa454779,2008,
sa454782,2009,
sa454788,2008,
sa454795,2008,
sa454797,2009,
sa454798,2008,
sa454850,2009,
sa454851,2008,
sa454857,2010,
sa454859,2008,
sa454860,2009,
sa454865,2009,
sa454869,2009,
sa454872,2009,
sa454873,2009,
sa454878,2009,
sa454880,2008,
sa454881,2008,
sa454883,2008,
sa454891,2009,
sa454895,2008,
sa454896,2008,
sa454900,2008,
sa454901,2008,
sa454904,2010,
sa454906,2009,
sa454907,2009,
sa454908,2008,
sa454910,2009,
sa454911,2009,
sa454914,2009,
sa454916,2009,
sa454918,2008,
sa454921,2008,
sa454930,2009,
sa454931,2010,
sa454935,2008,
sa454937,2008,
sa454938,2008,
sa454940,2008,
sa454942,2008,
sa454945,2009,
sa454946,2009,
sa454947,2009,
sa454953,2011,
sa454958,2009,
sa454963,2008,
sa454964,2009,
sa454965,2008,
sa454966,2008,
sa454967,2009,
sa454968,2008,
sa454975,2008,
sa454977,2009,
sa454983,2012,
sa454985,2008,
sa454988,2012,
sa454991,2009,
sa454993,2009,
sa454996,2009,
sa454999,2009,
sa455004,2008,
sa455006,2008,
sa455009,2009,
sa455010,2008,
sa455015,2008,
sa455016,2009,
sa455020,2009,
sa455022,2008,
sa455023,2009,
sa455031,2008,
sa455032,2009,
sa455033,2008,
sa455034,2008,
sa455037,2009,
sa455039,2009,
sa455040,2010,
sa455041,2009,
sa455044,2009,
sa455046,2008,
sa455047,2009,
sa455054,2008,
sa455055,2014,
sa455065,2008,
sa455075,2010,
sa455078,2008,
sa455085,2009,
sa455095,2008,
sa455105,2009,
sa455106,2008,
sa455107,2008,
sa455109,2009,
sa455117,2008,
sa455124,2009,
sa455130,2009,
sa455132,2008,
sa455134,2008,
sa455139,2008,
sa455146,2010,
sa455152,2009,
sa455157,2008,
sa455160,2011,
sa455161,2009,
sa455162,2012,
sa455165,2009,
sa455167,2009,
sa455170,2010,
sa455173,2008,
sa455174,2010,
sa455176,2008,
sa455177,2008,
sa455182,2008,
sa455189,2009,
sa455190,2009,
sa455192,2008,
sa455195,2009,
sa455197,2008,
sa455200,2009,
sa455201,2010,
sa455203,2008,
sa455206,2008,
sa455231,2009,
sa455232,2009,
sa455233,2008,
sa455236,2009,
sa455237,2008,
sa455238,2008,
sa455239,2009,
sa455246,2009,
sa455250,2010,
sa455255,2008,
sa455259,2006,
sa455260,2008,
sa455262,2009,
sa455263,2008,
sa455265,2008,
sa455266,2011,
sa455272,2009,
sa455273,2008,
sa455274,2008,
sa455275,2011,
sa455277,2009,
sa455279,2008,
sa455283,2008,
sa455286,2009,
sa455287,2008,
sa455291,2008,
sa455292,2008,
sa455293,2008,
sa455294,2009,
sa455298,2008,
sa455302,2008,
sa455305,2012,
sa455308,2009,
sa455310,2008,
sa455311,2008,
sa455318,2008,
sa455319,2009,
sa455322,2009,
sa455327,2009,
sa455332,2009,
sa455334,2008,
sa455335,2009,
sa455336,2008,
sa455337,2008,
sa455338,2009,
sa455340,2009,
sa455344,2008,
sa455345,2008,
sa455351,2008,
sa455354,2008,
sa455355,2008,
sa455363,2008,
sa455364,2008,
sa455365,2010,
sa455367,2008,
sa455397,2008,
sa455399,2008,
sa455400,2015,
sa455401,2009,
sa455403,2011,
sa455404,2013,
sa455405,2009,
sa455407,2008,
sa455409,2009,
sa455410,2009,
sa455415,2009,
sa455422,2012,
sa455430,2012,
sa455432,2009,
sa455433,2009,
sa455434,2008,
sa455436,2010,
sa455437,2008,
sa455442,2008,
sa455443,2011,
sa455445,2008,
sa455448,2008,
sa455450,2013,
sa455451,2012,
sa455452,2009,
sa455455,2012,
sa455460,2013,
sa455461,2008,
sa455463,2008,
sa455466,2011,
sa455471,2008,
sa455476,2008,
sa455481,2009,
sa455484,2009,
sa455493,2012,
sa455497,2008,
sa455499,2009,
sa455501,2008,
sa455505,2008,
sa455507,2009,
sa455519,2008,
sa455522,2008,
sa455526,2009,
sa455532,2008,
sa455535,2012,
sa455538,2010,
sa455539,2008,
sa455540,2008,
sa455548,2012,
sa455549,2013,
sa455551,2010,
sa455553,2012,
sa455557,2008,
sa455559,2012,
sa455562,2009,
sa455565,2009,
sa455566,2012,
sa455580,2006,
sa455590,2007,
sa455592,2009,
sa455593,2009,
sa455595,2010,
sa455598,2008,
sa455599,2006,
sa455600,2009,
sa455601,2009,
sa455602,2009,
sa455603,2007,
sa455605,2006,
sa455606,2006,
sa455607,2008,
sa455608,2007,
sa455610,2008,
sa455611,2007,
sa455612,2006,
sa455613,2009,
sa455614,2007,
sa455615,2006,
sa455618,2007,
sa455619,2009,
sa455622,2007,
sa455624,2007,
sa455626,2006,
sa455628,2006,
sa455629,2010,
sa455630,2007,
sa455631,2007,
sa455632,2009,
sa455633,2007,
sa455634,2007,
sa455662,2009,
sa455663,2009,
sa455664,2006,
sa455665,2009,
sa455666,2007,
sa455667,2009,
sa455668,2011,
sa455670,2007,
sa455671,2009,
sa455672,2007,
sa455674,2008,
sa455688,2010,
sa455706,2008,
sa455708,2008,
sa455711,2006,
sa455712,2006,
sa455713,2006,
sa455714,2006,
sa455715,2006,
sa455717,2007,
sa455718,2006,
sa455719,2008,
sa455720,2007,
sa455721,2008,
sa455722,2006,
sa455723,2006,
sa455724,2007,
sa455725,2008,
sa455726,2008,
sa455727,2008,
sa455728,2006,
sa455730,2008,
sa455731,2009,
sa455732,2006,
sa455733,2007,
sa455734,2009,
sa455735,2007,
sa455736,2008,
sa455737,2009,
sa455739,2006,
sa455740,2008,
sa455742,2008,
sa455746,2007,
sa455747,2006,
sa455748,2008,
sa455749,2008,
sa455750,2007,
sa455751,2008,
sa455752,2006,
sa455753,2008,
sa455754,2008,
sa455755,2008,
sa455756,2007,
sa455757,2008,
sa455758,2007,
sa455759,2007,
sa455776,2008,
sa455780,2010,
sa455803,2007,
sa455866,2009,
sa455868,2008,
sa455870,2007,
sa455871,2008,
sa455875,2006,
sa455881,2008,
sa455882,2008,
sa455891,2008,
sa455893,2008,
sa455895,2006,
sa455898,2009,
sa455900,2009,
sa455902,2007,
sa455903,2006,
sa455904,2006,
sa455906,2008,
sa455907,2008,
sa455909,2008,
sa455913,2009,
sa455916,2008,
sa455921,2008,
sa455923,2007,
sa455924,2007,
sa455927,2008,
sa455931,2008,
sa455932,2008,
sa455933,2006,
sa455934,2008,
sa455935,2007,
sa455937,2008,
sa455938,2006,
sa455940,2007,
sa455942,2006,
sa455943,2008,
sa455945,2007,
sa455948,2007,
sa455950,2007,
sa455951,2008,
sa455952,2008,
sa455953,2008,
sa455954,2008,
sa455955,2007,
sa455956,2007,
sa455958,2007,
sa455959,2007,
sa455960,2007,
sa455961,2008,
sa455963,2008,
sa455964,2008,
sa455968,2006,
sa455969,2008,
sa455970,2006,
sa455971,2006,
sa455972,2006,
sa455973,2007,
sa455974,2007,
sa455976,2007,
sa455977,2008,
sa455978,2007,
sa455979,2006,
sa455980,2006,
sa455982,2006,
sa455984,2008,
sa455986,2008,
sa455989,2013,
sa455990,2008,
sa455991,2006,
sa455994,2008,
sa455997,2007,
sa455999,2008,
sa456001,2006,
sa456004,2007,
sa456005,2007,
sa456007,2007,
sa456008,2008,
sa456009,2006,
sa456010,2007,
sa456012,2008,
sa456014,2008,
sa456016,2008,
sa456019,2008,
sa456020,2008,
sa456021,2008,
sa456023,2006,
sa456041,2008,
sa456054,2006,
sa456055,2007,
sa456079,2006,
sa456088,2006,
sa456089,2007,
sa456090,2006,
sa456091,2006,
sa456092,2006,
sa456093,2008,
sa456094,2008,
sa456095,2008,
sa456096,2007,
sa456097,2006,
sa456098,2007,
sa456099,2009,
sa456100,2008,
sa456101,2008,
sa456102,2007,
sa456104,2008,
sa456105,2006,
sa456117,2006,
sa456340,2008,
sa456341,2008,
sa456342,2008,
sa456343,2008,
sa456344,2006,
sa456345,2008,
sa456346,2008,
sa456348,2008,
sa456350,2007,
sa456351,2008,
sa456426,2008,
sa456428,2007,
sa456429,2008,
sa456430,2008,
sa456431,2008,
sa456432,2008,
sa456433,2008,
sa456434,2008,
sa456435,2006,
sa456436,2008,
sa456437,2008,
sa456438,2009,
sa456463,2008,
sa456464,2007,
sa456465,2006,
sa456466,2006,
sa456467,2006,
sa456468,2006,
sa456470,2006,
sa456471,2006,
sa456509,2008,
sa456510,2008,
sa456599,2008,
sa456600,2006,
sa456601,2008,
sa456602,2008,
sa456603,2008,
sa456605,2013,
sa456607,2006,
sa456661,2008,
sa456662,2006,
sa456841,2009,
sa457105,2008,
sa457106,2008,
sa457107,2007,
sa457149,2008,
sa457150,2008,
sa457151,2008,
sa457152,2007,
sa458619,2006,
sa458767,2009,
sa458768,2009,
sa458791,2008,
sa458862,2007,
sa458865,2008,
sa458867,2008,
sa458870,2009,
sa460145,2008,
sa460148,2007,
sa461019,2009,
sa461089,2016,
sa461440,2009,
sa462328,2008,
sa462358,2008,
sa462415,2008,
sa462418,2009,
sa462419,2009,
sa462936,2008,
sa462937,2009,
sa462938,2009,
sa463210,2008,
sa463211,2008,
sa463212,2008,
sa463777,2008,
sa463883,2007,
sa463884,2009,
sa466022,2008,
sa471319,2008,
sa472883,2009,
sa488532,2006,
sa489713,2009,
sa491165,2014,
sa491177,2011,
sa491609,2009,
sa491613,2009,
sa491878,2009,
sa491879,2009,
sa491889,2010,
sa491894,2009,
sa492233,2009,
sa492636,2011,
sa495744,2009,
sa496271,2008,
sa496301,2010,
sa497336,2009,
sa497562,2009,
sa498035,2008,
sa498571,2009,
sa499640,2008,
sa499795,2009,
sa500566,2010,
sa500727,2010,
sa500732,2010,
sa500743,2010,
sa500746,2010,
sa500800,2009,
sa500803,2009,
sa500821,2009,
sa500824,2013,
sa500834,2009,
sa500836,2010,
sa500838,2009,
sa500843,2013,
sa501191,2010,
sa501198,2010,
sa501202,2010,
sa501205,2012,
sa501211,2010,
sa501219,2014,
sa501227,2012,
sa501228,2010,
sa501230,2010,
sa501240,2009,
sa501242,2009,
sa501246,2010,
sa501250,2010,
sa501256,2009,
sa501259,2011,
sa501261,2009,
sa501263,2013,
sa501266,2010,
sa501268,2010,
sa501270,2009,
sa501301,2010,
sa501303,2012,
sa501327,2013,
sa501445,2010,
sa501447,2010,
sa501448,2009,
sa501451,2009,
sa501452,2012,
sa501457,2010,
sa501459,2009,
sa501469,2010,
sa501476,2009,
sa501484,2010,
sa501487,2009,
sa501489,2009,
sa501490,2009,
sa501491,2010,
sa501494,2009,
sa501496,2015,
sa501502,2010,
sa501503,2009,
sa501504,2010,
sa501508,2012,
sa501510,2009,
sa501511,2010,
sa501513,2010,
sa501520,2013,
sa501523,2010,
sa501524,2009,
sa501525,2010,
sa501528,2009,
sa501529,2010,
sa501531,2009,
sa501533,2010,
sa501536,2009,
sa501537,2010,
sa501541,2010,
sa501547,2009,
sa501548,2009,
sa501551,2010,
sa501552,2010,
sa501554,2012,
sa501556,2010,
sa501557,2010,
sa501559,2009,
sa501560,2009,
sa501561,2009,
sa501563,2009,
sa501569,2010,
sa501570,2012,
sa501573,2009,
sa501575,2010,
sa501579,2009,
sa501582,2009,
sa501583,2009,
sa501585,2009,
sa501590,2010,
sa501594,2011,
sa501599,2009,
sa501600,2010,
sa501603,2011,
sa501605,2010,
sa501606,2010,
sa501607,2009,
sa501608,2010,
sa501609,2010,
sa501612,2010,
sa501615,2010,
sa501616,2009,
sa501618,2015,
sa501621,2010,
sa501622,2009,
sa501624,2009,
sa501626,2009,
sa501631,2011,
sa501633,2009,
sa501636,2010,
sa501637,2010,
sa501639,2010,
sa501641,2010,
sa501643,2009,
sa501645,2010,
sa501646,2013,
sa501648,2011,
sa501650,2010,
sa501651,2011,
sa501652,2010,
sa501654,2010,
sa501655,2010,
sa501657,2009,
sa501661,2010,
sa501662,2010,
sa501663,2009,
sa501665,2010,
sa501670,2009,
sa501672,2009,
sa501673,2009,
sa501676,2010,
sa501677,2012,
sa501684,2010,
sa501687,2009,
sa501688,2009,
sa501690,2009,
sa501696,2010,
sa501701,2010,
sa501702,2012,
sa501709,2011,
sa501710,2010,
sa501718,2010,
sa501720,2013,
sa501721,2010,
sa501723,2009,
sa501732,2010,
sa501733,2010,
sa501736,2010,
sa501737,2011,
sa501741,2009,
sa501743,2010,
sa501747,2009,
sa501748,2010,
sa501749,2013,
sa501750,2009,
sa501752,2010,
sa501753,2010,
sa501762,2010,
sa501766,2010,
sa501768,2011,
sa501772,2010,
sa501778,2010,
sa501900,2010,
sa501901,2010,
sa501902,2009,
sa501906,2010,
sa501907,2010,
sa501910,2011,
sa501914,2009,
sa501923,2009,
sa501931,2009,
sa501934,2009,
sa501936,2009,
sa501937,2009,
sa501942,2010,
sa501943,2011,
sa501946,2011,
sa501947,2011,
sa501949,2012,
sa501950,2009,
sa501953,2009,
sa501954,2013,
sa501956,2009,
sa501959,2009,
sa501963,2009,
sa501965,2010,
sa501974,2010,
sa501976,2009,
sa501978,2009,
sa501981,2009,
sa501983,2013,
sa501990,2009,
sa501993,2012,
sa501997,2012,
sa502000,2010,
sa502004,2010,
sa502006,2010,
sa502007,2010,
sa502011,2010,
sa502017,2009,
sa502020,2013,
sa502025,2010,
sa502026,2010,
sa502028,2012,
sa502037,2010,
sa502038,2009,
sa502040,2011,
sa502041,2010,
sa502042,2010,
sa502045,2009,
sa502048,2017,
sa502051,2009,
sa502052,2009,
sa502055,2009,
sa502056,2009,
sa502058,2010,
sa502061,2010,
sa502065,2010,
sa502068,2009,
sa502070,2009,
sa502071,2010,
sa502072,2011,
sa502075,2010,
sa502078,2012,
sa502082,2009,
sa502086,2011,
sa502087,2010,
sa502091,2009,
sa502095,2010,
sa502096,2009,
sa502097,2010,
sa502107,2009,
sa502108,2009,
sa502109,2011,
sa502113,2010,
sa502114,2010,
sa502115,2009,
sa502118,2010,
sa502119,2009,
sa502121,2010,
sa502124,2010,
sa502127,2009,
sa502129,2009,
sa502131,2010,
sa502133,2009,
sa502138,2009,
sa502144,2013,
sa502145,2010,
sa502150,2009,
sa502153,2010,
sa502154,2013,
sa502165,2012,
sa502172,2009,
sa502179,2009,
sa502187,2009,
sa502188,2009,
sa502189,2009,
sa502194,2010,
sa502195,2010,
sa502198,2009,
sa502199,2009,
sa502200,2009,
sa502224,2013,
sa502263,2011,
sa502295,2009,
sa502300,2009,
sa502308,2009,
sa502309,2009,
sa502313,2010,
sa502316,2009,
sa502319,2010,
sa502320,2009,
sa502323,2009,
sa502326,2010,
sa502330,2009,
sa502333,2010,
sa502335,2010,
sa502336,2009,
sa502337,2009,
sa502339,2009,
sa502340,2013,
sa502348,2012,
sa502365,2009,
sa502401,2014,
sa502405,2009,
sa502407,2009,
sa502408,2010,
sa502412,2010,
sa502417,2010,
sa502424,2011,
sa502425,2012,
sa502429,2009,
sa502432,2009,
sa502437,2014,
sa502438,2010,
sa502519,2009,
sa502520,2009,
sa502521,2010,
sa502522,2010,
sa502524,2010,
sa502525,2010,
sa502526,2010,
sa502528,2010,
sa502529,2006,
sa502535,2010,
sa502536,2010,
sa502537,2008,
sa502538,2007,
sa502539,2008,
sa502540,2010,
sa502541,2010,
sa502545,2010,
sa502546,2009,
sa502548,2010,
sa502557,2010,
sa502565,2006,
sa502566,2009,
sa502567,2009,
sa502568,2006,
sa502569,2008,
sa502570,2009,
sa502571,2009,
sa502572,2007,
sa502584,2008,
sa502591,2008,
sa502592,2009,
sa502594,2009,
sa502596,2009,
sa502597,2007,
sa502599,2006,
sa502601,2009,
sa502602,2008,
sa502603,2007,
sa502604,2009,
sa502605,2006,
sa502606,2009,
sa502607,2008,
sa502608,2008,
sa502609,2006,
sa502610,2009,
sa502611,2008,
sa502612,2008,
sa502613,2009,
sa502614,2007,
sa502615,2006,
sa502617,2009,
sa502621,2008,
sa502623,2007,
sa502628,2008,
sa502648,2009,
sa502653,2007,
sa502658,2009,
sa502669,2007,
sa502672,2009,
sa502674,2012,
sa502678,2009,
sa502680,2009,
sa502682,2011,
sa502684,2009,
sa502686,2011,
sa502687,2011,
sa502690,2009,
sa502693,2009,
sa502711,2012,
sa502713,2009,
sa502716,2009,
sa502724,2011,
sa502726,2009,
sa502727,2011,
sa502728,2009,
sa502732,2010,
sa502734,2009,
sa502750,2009,
sa502756,2011,
sa502759,2011,
sa502768,2011,
sa502769,2011,
sa502770,2012,
sa502774,2011,
sa502776,2012,
sa502784,2009,
sa502786,2010,
sa502787,2012,
sa502795,2009,
sa502796,2008,
sa502797,2007,
sa502799,2009,
sa502800,2010,
sa502801,2010,
sa502802,2010,
sa502803,2010,
sa502805,2007,
sa502806,2007,
sa502807,2008,
sa502814,2008,
sa502815,2008,
sa502915,2010,
sa502916,2009,
sa502917,2013,
sa502918,2008,
sa502920,2009,
sa502921,2009,
sa502926,2013,
sa502939,2006,
sa502943,2006,
sa502948,2014,
sa502949,2009,
sa502956,2009,
sa502958,2007,
sa502960,2007,
sa502962,2007,
sa502965,2009,
sa502967,2006,
sa502969,2009,
sa502972,2009,
sa502975,2009,
sa502978,2009,
sa502979,2009,
sa502980,2009,
sa502981,2009,
sa502982,2009,
sa502983,2008,
sa502984,2008,
sa503003,2008,
sa503005,2006,
sa503011,2009,
sa503012,2008,
sa503014,2007,
sa503019,2009,
sa503020,2009,
sa503022,2009,
sa503023,2009,
sa503024,2009,
sa503025,2010,
sa503028,2007,
sa503031,2006,
sa503032,2009,
sa503041,2009,
sa503047,2010,
sa503048,2013,
sa503050,2014,
sa503053,2013,
sa503055,2009,
sa503056,2014,
sa503062,2010,
sa503066,2010,
sa503071,2009,
sa503073,2011,
sa503143,2011,
sa503145,2006,
sa503151,2012,
sa503152,2007,
sa503157,2007,
sa503160,2009,
sa503163,2009,
sa503164,2013,
sa503170,2011,
sa503175,2014,
sa503208,2014,
sa503210,2015,
sa503215,2012,
sa503216,2009,
sa503217,2009,
sa503219,2008,
sa503220,2009,
sa503226,2009,
sa503227,2008,
sa503228,2008,
sa503229,2008,
sa503230,2007,
sa503232,2010,
sa503233,2008,
sa503234,2007,
sa503236,2008,
sa503238,2006,
sa503239,2011,
sa503243,2009,
sa503244,2009,
sa503245,2007,
sa503246,2007,
sa503247,2008,
sa503248,2009,
sa503250,2009,
sa503253,2009,
sa503255,2008,
sa503257,2006,
sa503258,2008,
sa503259,2010,
sa503260,2006,
sa503263,2009,
sa503264,2006,
sa503265,2009,
sa503266,2009,
sa503267,2007,
sa503268,2008,
sa503269,2009,
sa503272,2009,
sa503273,2009,
sa503281,2013,
sa503284,2009,
sa503288,2012,
sa503289,2007,
sa503292,2009,
sa503293,2009,
sa503294,2011,
sa503295,2009,
sa503297,2009,
sa503298,2012,
sa503299,2009,
sa503300,2006,
sa503302,2010,
sa503303,2011,
sa503304,2009,
sa503306,2007,
sa503308,2008,
sa503311,2009,
sa503313,2007,
sa503314,2007,
sa503315,2009,
sa503316,2007,
sa503319,2009,
sa503320,2009,
sa503321,2009,
sa503322,2009,
sa503326,2010,
sa503328,2013,
sa503329,2011,
sa503330,2011,
sa503331,2009,
sa503333,2011,
sa503356,2011,
sa503364,2011,
sa503366,2012,
sa503370,2010,
sa503371,2011,
sa503375,2012,
sa503377,2012,
sa503378,2010,
sa503389,2013,
sa503390,2012,
sa503391,2011,
sa503393,2011,
sa503399,2013,
sa503405,2013,
sa503410,2012,
sa503411,2011,
sa503416,2010,
sa503425,2014,
sa503426,2013,
sa503427,2011,
sa503432,2011,
sa503436,2011,
sa503445,2012,
sa503456,2008,
sa503458,2006,
sa503461,2009,
sa503462,2010,
sa503463,2010,
sa503464,2007,
sa503465,2009,
sa503466,2007,
sa503467,2006,
sa503468,2010,
sa503469,2008,
sa503470,2009,
sa503471,2009,
sa503472,2009,
sa503519,2011,
sa503525,2013,
sa503531,2011,
sa503533,2009,
sa503556,2011,
sa503571,2011,
sa503583,2017,
sa503586,2014,
sa503589,2009,
sa503598,2009,
sa503601,2013,
sa503607,2013,
sa503616,2007,
sa503621,2010,
sa503642,2013,
sa503651,2013,
sa503658,2012,
sa503660,2011,
sa503661,2009,
sa503664,2009,
sa503667,2013,
sa503668,2009,
sa503670,2010,
sa503672,2013,
sa503673,2013,
sa503674,2006,
sa503676,2008,
sa503682,2009,
sa503684,2009,
sa503690,2010,
sa503697,2009,
sa503700,2013,
sa503702,2018,
sa503712,2009,
sa503716,2011,
sa503718,2010,
sa503721,2012,
sa503726,2014,
sa503730,2012,
sa503731,2013,
sa503740,2015,
sa503750,2011,
sa503763,2009,
sa503767,2009,
sa503768,2010,
sa503769,2013,
sa503770,2011,
sa503784,2010,
sa503786,2010,
sa503787,2010,
sa503802,2009,
sa503803,2010,
sa503812,2012,
sa503813,2013,
sa503820,2011,
sa503821,2013,
sa503822,2010,
sa503830,2012,
sa503837,2014,
sa503841,2010,
sa503842,2006,
sa503843,2006,
sa503845,2007,
sa503847,2008,
sa503848,2007,
sa503849,2007,
sa503850,2009,
sa503852,2009,
sa503854,2009,
sa503855,2008,
sa503856,2007,
sa503857,2008,
sa503858,2009,
sa503859,2008,
sa503860,2008,
sa503861,2008,
sa503871,2006,
sa503872,2007,
sa503873,2009,
sa503876,2008,
sa503877,2008,
sa503878,2007,
sa503884,2006,
sa503885,2008,
sa503889,2009,
sa503890,2008,
sa503891,2009,
sa503892,2009,
sa503893,2008,
sa503895,2008,
sa503943,2009,
sa503944,2009,
sa503945,2007,
sa503950,2017,
sa503953,2006,
sa504012,2008,
sa504048,2009,
sa504050,2009,
sa504051,2008,
sa504052,2009,
sa504054,2007,
sa504055,2009,
sa504056,2009,
sa504057,2009,
sa504058,2009,
sa504179,2008,
sa504182,2008,
sa504183,2009,
sa504205,2006,
sa504206,2015,
sa504230,2006,
sa504424,2009,
sa504599,2007,
sa504700,2010,
sa504702,2010,
sa504704,2011,
sa504706,2007,
sa504715,2011,
sa504717,2008,
sa504754,2010,
sa504755,2010,
sa504759,2006,
sa504777,2011,
sa504778,2010,
sa504779,2011,
sa504780,2011,
sa504781,2011,
sa504782,2011,
sa504813,2010,
sa504821,2010,
sa504823,2010,
sa504824,2009,
sa504825,2012,
sa504826,2010,
sa504829,2010,
sa504835,2010,
sa504861,2007,
sa504864,2010,
sa504867,2010,
sa504870,2011,
sa504872,2010,
sa504935,2011,
sa504936,2010,
sa504938,2010,
sa504939,2010,
sa504941,2010,
sa504945,2011,
sa504965,2009,
sa504966,2011,
sa504968,2007,
sa504970,2013,
sa504977,2010,
sa504982,2011,
sa504983,2011,
sa504985,2009,
sa504988,2012,
sa504990,2012,
sa505031,2010,
sa505034,2010,
sa505037,2010,
sa505038,2010,
sa505039,2012,
sa505040,2011,
sa505065,2010,
sa505229,2009,
sa505249,2008,
sa505250,2007,
sa505251,2009,
sa505252,2009,
sa505253,2009,
sa505255,2009,
sa505256,2008,
sa505257,2007,
sa505258,2009,
sa505260,2009,
sa505264,2008,
sa505265,2008,
sa505267,2008,
sa505268,2009,
sa505269,2009,
sa505283,2007,
sa505286,2007,
sa505287,2008,
sa505289,2008,
sa505290,2009,
sa505292,2009,
sa505293,2009,
sa505295,2009,
sa505297,2008,
sa505298,2009,
sa505300,2008,
sa505302,2008,
sa505303,2009,
sa505304,2009,
sa505441,2009,
sa505443,2009,
sa505444,2009,
sa505514,2009,
sa505516,2008,
sa505518,2008,
sa505519,2008,
sa505522,2008,
sa505525,2009,
sa505526,2009,
sa505527,2007,
sa505529,2009,
sa505532,2007,
sa505546,2008,
sa505578,2009,
sa505579,2009,
sa505580,2009,
sa505581,2009,
sa505583,2011,
sa505632,2010,
sa505940,2007,
sa505941,2007,
sa505946,2009,
sa505948,2008,
sa505954,2009,
sa505974,2009,
sa505982,2008,
sa505985,2009,
sa505988,2009,
sa505990,2009,
sa505992,2008,
sa505996,2009,
sa506002,2009,
sa506005,2009,
sa506011,2008,
sa506013,2007,
sa506018,2006,
sa506023,2008,
sa506025,2008,
sa506028,2009,
sa506030,2009,
sa506032,2008,
sa506033,2009,
sa506034,2008,
sa506039,2008,
sa506042,2009,
sa506047,2008,
sa506049,2008,
sa506050,2009,
sa506053,2009,
sa506054,2009,
sa506056,2008,
sa506058,2008,
sa506091,2010,
sa506092,2007,
sa506095,2009,
sa506097,2008,
sa506101,2009,
sa506107,2009,
sa506108,2008,
sa506112,2009,
sa506116,2009,
sa506117,2007,
sa506119,2009,
sa506133,2009,
sa506134,2008,
sa506136,2007,
sa506139,2007,
sa506140,2007,
sa506141,2008,
sa506142,2006,
sa506144,2008,
sa506145,2008,
sa506148,2009,
sa506149,2009,
sa506151,2009,
sa506152,2009,
sa506155,2008,
sa506156,2009,
sa506157,2007,
sa506159,2008,
sa506160,2007,
sa506161,2007,
sa506162,2009,
sa506167,2009,
sa506168,2007,
sa506171,2008,
sa506172,2009,
sa506193,2008,
sa506194,2011,
sa506196,2007,
sa506220,2008,
sa506221,2009,
sa506222,2009,
sa506223,2009,
sa506225,2009,
sa506226,2009,
sa506227,2009,
sa506229,2008,
sa506230,2008,
sa506232,2009,
sa506234,2008,
sa506238,2007,
sa506239,2008,
sa506241,2009,
sa506242,2008,
sa506244,2008,
sa506254,2009,
sa506257,2009,
sa506259,2009,
sa506260,2008,
sa506261,2009,
sa506262,2009,
sa506263,2007,
sa506264,2009,
sa506265,2009,
sa506266,2008,
sa506267,2008,
sa506268,2009,
sa506269,2008,
sa506270,2009,
sa506271,2009,
sa506272,2009,
sa506273,2008,
sa506274,2009,
sa506275,2008,
sa506278,2007,
sa506286,2008,
sa506294,2008,
sa506295,2009,
sa506298,2008,
sa506299,2008,
sa506300,2008,
sa506301,2009,
sa506302,2009,
sa506303,2007,
sa506304,2009,
sa506305,2007,
sa506307,2009,
sa506311,2018,
sa506313,2008,
sa506333,2009,
sa506334,2009,
sa506335,2009,
sa506336,2009,
sa506339,2009,
sa506341,2009,
sa506346,2009,
sa506349,2008,
sa506350,2009,
sa506352,2009,
sa506356,2009,
sa506357,2009,
sa506473,2009,
sa506475,2009,
sa506524,2009,
sa506526,2008,
sa506528,2009,
sa506532,2009,
sa506534,2009,
sa506536,2008,
sa506568,2009,
sa506569,2008,
sa506570,2008,
sa506571,2009,
sa506572,2009,
sa506573,2008,
sa506575,2008,
sa506577,2009,
sa506579,2007,
sa506581,2008,
sa506582,2009,
sa506585,2009,
sa506587,2008,
sa506595,2007,
sa506655,2007,
sa506661,2008,
sa506667,2009,
sa506668,2008,
sa506672,2011,
sa506673,2008,
sa506674,2009,
sa506676,2009,
sa506677,2008,
sa506678,2015,
sa506694,2007,
sa506697,2009,
sa506699,2009,
sa506700,2009,
sa506701,2008,
sa506702,2007,
sa506704,2008,
sa506705,2008,
sa506706,2008,
sa506707,2008,
sa506709,2008,
sa506711,2009,
sa506712,2009,
sa506714,2009,
sa506716,2009,
sa506718,2007,
sa506721,2009,
sa506750,2007,
sa506753,2008,
sa506754,2009,
sa506755,2009,
sa506756,2009,
sa506759,2009,
sa506760,2008,
sa506761,2009,
sa506762,2009,
sa506763,2009,
sa506764,2009,
sa506765,2008,
sa506766,2009,
sa506767,2009,
sa506768,2015,
sa506770,2009,
sa506771,2009,
sa506772,2009,
sa506773,2008,
sa506774,2009,
sa506776,2008,
sa506778,2008,
sa506779,2008,
sa506781,2009,
sa506782,2009,
sa506783,2009,
sa506785,2009,
sa506786,2009,
sa506790,2007,
sa506818,2009,
sa506819,2010,
sa506821,2009,
sa506822,2008,
sa506823,2009,
sa506824,2009,
sa506825,2009,
sa506827,2009,
sa506828,2009,
sa506830,2009,
sa506831,2009,
sa506837,2009,
sa506839,2009,
sa506881,2008,
sa506883,2008,
sa506901,2008,
sa506902,2008,
sa506903,2009,
sa506905,2009,
sa506906,2009,
sa506907,2007,
sa506908,2009,
sa506909,2009,
sa506910,2009,
sa506911,2009,
sa506913,2009,
sa506914,2009,
sa506916,2009,
sa506917,2009,
sa506918,2009,
sa506919,2009,
sa506920,2008,
sa506926,2009,
sa506928,2007,
sa506929,2009,
sa506931,2007,
sa506934,2007,
sa506936,2009,
sa506938,2008,
sa506942,2009,
sa506944,2009,
sa506948,2009,
sa506975,2007,
sa506976,2008,
sa506978,2008,
sa506979,2007,
sa506980,2009,
sa506981,2009,
sa506983,2009,
sa506998,2009,
sa506999,2009,
sa507000,2009,
sa507002,2009,
sa507021,2008,
sa507022,2007,
sa507023,2009,
sa507024,2008,
sa507029,2009,
sa507031,2007,
sa507032,2009,
sa507034,2007,
sa507036,2009,
sa507041,2007,
sa507054,2009,
sa507055,2009,
sa507087,2009,
sa507089,2008,
sa507090,2008,
sa507091,2007,
sa507092,2008,
sa507093,2008,
sa507094,2008,
sa507095,2007,
sa507096,2008,
sa507097,2008,
sa507098,2008,
sa507099,2009,
sa507101,2007,
sa507103,2007,
sa507104,2009,
sa507108,2009,
sa507118,2007,
sa507119,2008,
sa507126,2008,
sa507131,2008,
sa507133,2009,
sa507137,2009,
sa507139,2009,
sa507142,2007,
sa507143,2008,
sa507146,2009,
sa507148,2008,
sa507149,2009,
sa507150,2009,
sa507151,2009,
sa507152,2008,
sa507153,2008,
sa507154,2009,
sa507155,2009,
sa507157,2009,
sa507159,2009,
sa507161,2007,
sa507163,2009,
sa507164,2009,
sa507165,2009,
sa507166,2009,
sa507189,2007,
sa507193,2009,
sa507195,2009,
sa507196,2009,
sa507197,2009,
sa507198,2009,
sa507199,2008,
sa507201,2009,
sa507202,2009,
sa507204,2009,
sa507207,2009,
sa507240,2007,
sa507242,2009,
sa507244,2009,
sa507246,2007,
sa507247,2008,
sa507248,2009,
sa507249,2009,
sa507250,2009,
sa507251,2009,
sa507252,2009,
sa507253,2008,
sa507254,2009,
sa507255,2009,
sa507257,2009,
sa507258,2009,
sa507259,2009,
sa507260,2009,
sa507262,2008,
sa507263,2009,
sa507264,2009,
sa507265,2009,
sa507266,2009,
sa507267,2009,
sa507269,2009,
sa507274,2009,
sa507276,2015,
sa507286,2008,
sa507300,2007,
sa507425,2007,
sa507426,2010,
sa507709,2009,
sa507712,2007,
sa507715,2008,
sa507718,2009,
sa507721,2009,
sa507724,2009,
sa507727,2008,
sa507865,2009,
sa507866,2009,
sa507867,2009,
sa507869,2009,
sa507871,2009,
sa507872,2009,
sa507873,2009,
sa507874,2009,
sa507875,2009,
sa507879,2009,
sa507880,2009,
sa507882,2009,
sa508065,2013,
sa508100,2011,
sa508111,2009,
sa508115,2007,
sa508116,2009,
sa508126,2009,
sa508151,2009,
sa508178,2009,
sa508267,2010,
sa508462,2009,
sa508601,2013,
sa508779,2009,
sa509281,2014,
sa509385,2006,
sa509440,2006,
sa509484,2009,
sa509491,2009,
sa509509,2007,
sa509564,2008,
sa509591,2009,
sa509692,2006,
sa509852,2010,
sa509863,2009,
sa510259,2009,
sa510311,2007,
sa510313,2006,
sa510347,2009,
sa511026,2009,
sa511572,2008,
sa511667,2010,
sa512552,2008,
sa512894,2009,
sa513056,2009,
sa514938,2010,
sa516161,2007,
sa523975,2010,
sa525881,2011,
sa526134,2011,
sa526135,2011,
sa526149,2010,
sa526176,2010,
sa526184,2014,
sa526187,2011,
sa526191,2010,
sa526193,2012,
sa526198,2011,
sa526207,2012,
sa526209,2010,
sa526211,2011,
sa526232,2011,
sa526245,2012,
sa526254,2010,
sa526258,2010,
sa526270,2010,
sa526271,2011,
sa526274,2016,
sa526283,2011,
sa526284,2011,
sa526314,2012,
sa526317,2011,
sa526326,2012,
sa526329,2013,
sa526331,2011,
sa526346,2011,
sa526366,2011,
sa526389,2011,
sa526396,2011,
sa526398,2011,
sa526399,2011,
sa526405,2010,
sa526416,2011,
sa526429,2011,
sa526442,2011,
sa526443,2012,
sa526453,2011,
sa526458,2011,
sa526467,2015,
sa526470,2012,
sa526485,2011,
sa526505,2010,
sa526538,2011,
sa526548,2011,
sa526553,2010,
sa526557,2011,
sa526558,2011,
sa526564,2013,
sa526567,2011,
sa526570,2011,
sa526661,2011,
sa526812,2010,
sa526813,2010,
sa526819,2012,
sa526820,2015,
sa526822,2011,
sa526826,2012,
sa526843,2011,
sa526845,2011,
sa526876,2012,
sa526880,2016,
sa526883,2010,
sa526884,2012,
sa526885,2012,
sa526886,2012,
sa526887,2012,
sa526932,2010,
sa526933,2010,
sa526934,2013,
sa526943,2012,
sa530473,2012,
sa532459,2011,
sa534456,2010,
sa539932,2010,
sa540435,2010,
sa541190,2010,
sa541927,2010,
sa541928,2010,
sa542553,2010,
sa543301,2010,
sa543367,2013,
sa543867,2010,
sa544481,2010,
sa544568,2014,
sa545042,2011,
sa545043,2011,
sa545063,2010,
sa545091,2012,
sa545092,2011,
sa545105,2010,
sa545109,2012,
sa545171,2010,
sa545191,2012,
sa545208,2011,
sa545217,2010,
sa545418,2011,
sa545433,2012,
sa545809,2011,
sa545816,2010,
sa545850,2011,
sa546473,2011,
sa546484,2012,
sa546486,2011,
sa546487,2013,
sa546488,2012,
sa546504,2011,
sa546506,2012,
sa546507,2014,
sa546508,2012,
sa546526,2013,
sa546529,2011,
sa546537,2011,
sa546549,2012,
sa546553,2019,
sa546561,2010,
sa546562,2010,
sa546564,2013,
sa546566,2011,
sa546567,2011,
sa546568,2012,
sa546569,2013,
sa546572,2012,
sa546600,2012,
sa546620,2012,
sa546622,2011,
sa546623,2012,
sa546626,2011,
sa546629,2011,
sa546631,2010,
sa546633,2012,
sa546652,2012,
sa546653,2011,
sa546654,2013,
sa546673,2012,
sa546687,2012,
sa546691,2011,
sa546696,2014,
sa546699,2011,
sa546706,2012,
sa546710,2012,
sa546717,2011,
sa546724,2011,
sa546748,2012,
sa546756,2014,
sa546775,2012,
sa546776,2012,
sa546779,2010,
sa546781,2011,
sa546782,2010,
sa546783,2012,
sa546784,2012,
sa546786,2013,
sa546789,2012,
sa546791,2011,
sa546794,2012,
sa546795,2012,
sa546797,2013,
sa546800,2011,
sa546802,2013,
sa546810,2012,
sa546815,2012,
sa546820,2011,
sa546822,2011,
sa546827,2012,
sa546832,2010,
sa546833,2013,
sa546837,2011,
sa546838,2011,
sa546839,2011,
sa546840,2011,
sa546843,2012,
sa546846,2010,
sa546852,2011,
sa546859,2011,
sa546865,2011,
sa546869,2013,
sa546882,2012,
sa546885,2010,
sa546887,2011,
sa546893,2010,
sa546925,2013,
sa546946,2010,
sa546964,2012,
sa546989,2012,
sa547003,2012,
sa547007,2012,
sa547010,2012,
sa547020,2012,
sa547025,2011,
sa547036,2010,
sa547088,2012,
sa547091,2011,
sa547093,2010,
sa547109,2011,
sa547114,2010,
sa547198,2010,
sa547200,2010,
sa547202,2011,
sa547230,2011,
sa547235,2010,
sa547444,2011,
sa547724,2010,
sa547736,2010,
sa547737,2010,
sa547738,2010,
sa547766,2010,
sa547767,2010,
sa547768,2010,
sa547769,2010,
sa547770,2010,
sa547771,2010,
sa547772,2010,
sa547773,2010,
sa547778,2010,
sa547779,2010,
sa547780,2010,
sa547781,2010,
sa547782,2010,
sa547783,2010,
sa547786,2010,
sa547787,2010,
sa547790,2010,
sa547791,2010,
sa547792,2010,
sa547793,2010,
sa547794,2010,
sa547805,2010,
sa547806,2010,
sa547807,2010,
sa547808,2010,
sa547809,2010,
sa547810,2010,
sa547811,2010,
sa547812,2010,
sa547813,2010,
sa547814,2010,
sa547815,2016,
sa547817,2010,
sa547818,2010,
sa547820,2010,
sa547822,2010,
sa547824,2010,
sa547825,2010,
sa547828,2010,
sa547829,2010,
sa547831,2010,
sa547832,2010,
sa547833,2010,
sa547835,2010,
sa547836,2010,
sa547837,2010,
sa547838,2010,
sa547839,2010,
sa547842,2010,
sa547843,2010,
sa547844,2010,
sa547845,2010,
sa547846,2010,
sa547848,2010,
sa547849,2010,
sa547850,2010,
sa547851,2010,
sa547852,2010,
sa547853,2010,
sa547854,2010,
sa547855,2010,
sa547856,2010,
sa547860,2010,
sa547894,2012,
sa547895,2012,
sa547897,2010,
sa547898,2010,
sa547899,2010,
sa547900,2010,
sa547901,2010,
sa547903,2010,
sa547904,2010,
sa547905,2010,
sa547906,2010,
sa547907,2010,
sa547909,2010,
sa547910,2010,
sa547911,2010,
sa547914,2010,
sa547915,2010,
sa547916,2010,
sa547928,2010,
sa547929,2010,
sa547936,2010,
sa547937,2010,
sa547944,2010,
sa547945,2010,
sa547946,2010,
sa547970,2010,
sa547972,2010,
sa547973,2010,
sa547974,2010,
sa547977,2010,
sa547982,2010,
sa547983,2010,
sa547984,2010,
sa547985,2010,
sa547986,2010,
sa547987,2010,
sa547988,2010,
sa547989,2010,
sa547990,2010,
sa547991,2010,
sa547992,2010,
sa547994,2010,
sa547997,2010,
sa548000,2010,
sa548001,2010,
sa548004,2010,
sa548016,2010,
sa548017,2010,
sa548021,2010,
sa548024,2010,
sa548025,2010,
sa548026,2010,
sa548029,2010,
sa548030,2010,
sa548032,2010,
sa548034,2010,
sa548035,2010,
sa548036,2010,
sa548037,2010,
sa548042,2010,
sa548043,2010,
sa548044,2010,
sa548045,2010,
sa548046,2010,
sa548047,2010,
sa548048,2010,
sa548050,2010,
sa548051,2010,
sa548052,2010,
sa548053,2010,
sa548055,2010,
sa548056,2010,
sa548057,2010,
sa548058,2010,
sa548059,2010,
sa548060,2010,
sa548064,2010,
sa548065,2010,
sa548066,2010,
sa548067,2010,
sa548068,2010,
sa548071,2010,
sa548072,2010,
sa548073,2010,
sa548074,2010,
sa548079,2010,
sa548082,2010,
sa548084,2010,
sa548085,2010,
sa548086,2010,
sa548089,2010,
sa548094,2010,
sa548095,2010,
sa548104,2010,
sa548105,2008,
sa548109,2010,
sa548110,2010,
sa548114,2010,
sa548116,2010,
sa548120,2010,
sa548129,2010,
sa548130,2010,
sa548166,2012,
sa548168,2010,
sa548170,2010,
sa548175,2010,
sa548177,2010,
sa548179,2010,
sa548183,2012,
sa548187,2010,
sa548189,2010,
sa548192,2012,
sa548193,2010,
sa548194,2011,
sa548196,2010,
sa548202,2010,
sa548218,2010,
sa548221,2010,
sa548243,2010,
sa548249,2010,
sa548254,2010,
sa548258,2010,
sa548259,2011,
sa548261,2011,
sa548265,2010,
sa548268,2010,
sa548269,2010,
sa548279,2010,
sa548287,2010,
sa548305,2011,
sa548307,2010,
sa548314,2010,
sa548315,2010,
sa548324,2010,
sa548330,2011,
sa548331,2010,
sa548337,2010,
sa548341,2010,
sa548345,2012,
sa548346,2012,
sa548348,2011,
sa548351,2011,
sa548359,2010,
sa548361,2010,
sa548399,2010,
sa548430,2010,
sa548432,2011,
sa548434,2010,
sa548441,2011,
sa548443,2010,
sa548449,2011,
sa548454,2010,
sa548456,2010,
sa548460,2011,
sa548462,2011,
sa548464,2011,
sa548470,2010,
sa548473,2011,
sa548475,2018,
sa548481,2010,
sa548483,2010,
sa548490,2011,
sa548548,2010,
sa548549,2010,
sa548551,2010,
sa548552,2010,
sa548555,2010,
sa548556,2010,
sa548638,2010,
sa548641,2010,
sa548643,2010,
sa548717,2010,
sa548721,2010,
sa548724,2010,
sa549068,2010,
sa549069,2011,
sa549070,2010,
sa549071,2013,
sa549072,2010,
sa549075,2015,
sa549082,2011,
sa549083,2014,
sa549087,2010,
sa549094,2015,
sa549097,2010,
sa549099,2011,
sa549102,2010,
sa549103,2014,
sa549106,2010,
sa549111,2011,
sa549116,2012,
sa549119,2010,
sa549121,2011,
sa549122,2010,
sa549125,2011,
sa549126,2011,
sa549131,2010,
sa549139,2010,
sa549140,2014,
sa549141,2012,
sa549145,2011,
sa549148,2014,
sa549168,2011,
sa549171,2010,
sa549174,2011,
sa549180,2015,
sa549186,2010,
sa549187,2010,
sa549192,2010,
sa549193,2010,
sa549196,2010,
sa549198,2010,
sa549201,2011,
sa549202,2012,
sa549206,2010,
sa549208,2010,
sa549213,2011,
sa549219,2010,
sa549220,2010,
sa549224,2010,
sa549227,2010,
sa549228,2010,
sa549259,2013,
sa549270,2010,
sa549271,2012,
sa549272,2011,
sa549273,2011,
sa549276,2012,
sa549279,2010,
sa549280,2013,
sa549285,2010,
sa549286,2012,
sa549287,2016,
sa549289,2011,
sa549292,2011,
sa549293,2011,
sa549294,2011,
sa549297,2011,
sa549298,2011,
sa549299,2011,
sa549302,2011,
sa549303,2014,
sa549307,2011,
sa549308,2011,
sa549309,2010,
sa549311,2012,
sa549312,2011,
sa549321,2012,
sa549322,2011,
sa549323,2010,
sa549324,2011,
sa549325,2011,
sa549344,2012,
sa549347,2010,
sa549352,2010,
sa549353,2010,
sa549355,2010,
sa549356,2011,
sa549360,2011,
sa549361,2011,
sa549364,2011,
sa549365,2011,
sa549369,2012,
sa549377,2010,
sa549379,2010,
sa549382,2010,
sa549392,2013,
sa549403,2010,
sa549425,2011,
sa549426,2010,
sa549427,2010,
sa549443,2010,
sa549447,2012,
sa549450,2012,
sa549455,2010,
sa549457,2010,
sa549458,2011,
sa549480,2010,
sa549485,2011,
sa549487,2015,
sa549488,2010,
sa549499,2011,
sa549500,2010,
sa549503,2011,
sa549514,2010,
sa549515,2010,
sa549519,2010,
sa549520,2010,
sa549523,2010,
sa549524,2012,
sa549527,2011,
sa549528,2010,
sa549531,2010,
sa549535,2010,
sa549537,2010,
sa549538,2010,
sa549539,2010,
sa549540,2010,
sa549549,2010,
sa549551,2010,
sa549552,2010,
sa549553,2010,
sa549556,2010,
sa549558,2010,
sa549560,2010,
sa549563,2010,
sa549568,2010,
sa549570,2010,
sa549572,2014,
sa549574,2014,
sa549576,2010,
sa549577,2010,
sa549579,2015,
sa549594,2010,
sa549596,2010,
sa549597,2012,
sa549598,2010,
sa549599,2010,
sa549600,2011,
sa549602,2011,
sa549603,2012,
sa549605,2011,
sa549611,2010,
sa549612,2011,
sa549614,2010,
sa549616,2010,
sa549620,2010,
sa549621,2010,
sa549623,2010,
sa549627,2010,
sa549628,2010,
sa549633,2010,
sa549635,2010,
sa549636,2010,
sa549641,2010,
sa549642,2010,
sa549644,2010,
sa549645,2010,
sa549646,2010,
sa549648,2010,
sa549649,2010,
sa549657,2010,
sa549661,2011,
sa549663,2010,
sa549666,2013,
sa549668,2013,
sa549676,2010,
sa549683,2010,
sa549691,2010,
sa549694,2010,
sa549695,2010,
sa549697,2010,
sa549698,2010,
sa549701,2010,
sa549702,2010,
sa549710,2010,
sa549719,2010,
sa549725,2013,
sa549726,2015,
sa549730,2015,
sa549738,2010,
sa549745,2011,
sa549747,2010,
sa549751,2011,
sa549762,2011,
sa549764,2010,
sa549774,2010,
sa549777,2015,
sa549781,2012,
sa549784,2012,
sa549785,2015,
sa549786,2010,
sa549791,2010,
sa549793,2010,
sa549800,2010,
sa549818,2011,
sa549827,2013,
sa549828,2011,
sa549829,2010,
sa549830,2013,
sa549840,2010,
sa549844,2012,
sa549845,2014,
sa549866,2010,
sa549868,2011,
sa549873,2010,
sa549874,2010,
sa549876,2011,
sa549880,2010,
sa549887,2011,
sa549888,2011,
sa549898,2010,
sa549901,2010,
sa549907,2010,
sa549909,2010,
sa549911,2010,
sa549912,2010,
sa549915,2010,
sa549920,2010,
sa549921,2010,
sa549925,2010,
sa549926,2013,
sa549932,2010,
sa549933,2011,
sa549938,2010,
sa549944,2011,
sa549945,2016,
sa549946,2011,
sa549949,2011,
sa549952,2010,
sa549953,2011,
sa549958,2011,
sa549982,2010,
sa549990,2010,
sa549993,2010,
sa550001,2010,
sa550003,2015,
sa550009,2014,
sa550014,2013,
sa550016,2010,
sa550017,2013,
sa550024,2013,
sa550031,2014,
sa550032,2015,
sa550047,2010,
sa550050,2010,
sa550053,2010,
sa550060,2014,
sa550079,2018,
sa550081,2013,
sa550086,2014,
sa550088,2014,
sa550102,2013,
sa550115,2012,
sa550116,2014,
sa550120,2011,
sa550129,2011,
sa550133,2015,
sa550137,2015,
sa550138,2011,
sa550142,2011,
sa550147,2014,
sa550153,2015,
sa550155,2016,
sa550159,2013,
sa550160,2015,
sa550163,2012,
sa550164,2014,
sa550170,2013,
sa550175,2014,
sa550177,2010,
sa550180,2013,
sa550184,2012,
sa550189,2011,
sa550190,2010,
sa550196,2014,
sa550202,2017,
sa550208,2011,
sa550209,2010,
sa550218,2011,
sa550221,2012,
sa550222,2010,
sa550234,2010,
sa550235,2010,
sa550243,2010,
sa550253,2015,
sa550254,2010,
sa550265,2014,
sa550270,2011,
sa550271,2014,
sa550272,2013,
sa550275,2013,
sa550279,2016,
sa550288,2014,
sa550296,2013,
sa550302,2010,
sa550310,2014,
sa550313,2013,
sa550323,2013,
sa550329,2014,
sa550332,2012,
sa550335,2014,
sa550341,2010,
sa550343,2010,
sa550346,2010,
sa550348,2014,
sa550371,2010,
sa550375,2014,
sa550376,2010,
sa550381,2014,
sa550383,2014,
sa550387,2011,
sa550391,2014,
sa550398,2012,
sa550405,2015,
sa550406,2014,
sa550407,2012,
sa550417,2010,
sa550444,2011,
sa550455,2010,
sa550461,2010,
sa550464,2007,
sa550466,2010,
sa550482,2010,
sa550501,2013,
sa550519,2010,
sa550525,2010,
sa550526,2010,
sa550527,2010,
sa550532,2011,
sa550534,2010,
sa550538,2010,
sa550539,2017,
sa550543,2010,
sa550544,2010,
sa550545,2010,
sa550546,2010,
sa550550,2010,
sa550552,2010,
sa550561,2010,
sa550569,2010,
sa550571,2010,
sa550586,2010,
sa550587,2010,
sa550588,2010,
sa550590,2016,
sa550592,2010,
sa550597,2010,
sa550598,2010,
sa550599,2010,
sa550604,2010,
sa550605,2010,
sa550608,2010,
sa550609,2010,
sa550612,2010,
sa550613,2010,
sa550619,2010,
sa550625,2010,
sa550626,2010,
sa550628,2010,
sa550638,2014,
sa550640,2010,
sa550645,2010,
sa550659,2010,
sa550666,2010,
sa550667,2010,
sa550675,2010,
sa550684,2010,
sa550690,2010,
sa550694,2010,
sa550707,2010,
sa550710,2010,
sa550714,2019,
sa550722,2010,
sa550726,2010,
sa550731,2010,
sa550739,2010,
sa550740,2010,
sa550742,2010,
sa550746,2010,
sa550747,2010,
sa550926,2010,
sa551001,2010,
sa551002,2010,
sa551006,2010,
sa551007,2010,
sa551009,2010,
sa551010,2010,
sa551012,2010,
sa551014,2010,
sa551018,2010,
sa551021,2010,
sa551038,2010,
sa551051,2010,
sa551246,2010,
sa551247,2010,
sa551248,2010,
sa551250,2010,
sa551259,2010,
sa551267,2010,
sa551269,2010,
sa551275,2010,
sa551276,2010,
sa551285,2010,
sa551300,2010,
sa551301,2010,
sa551309,2010,
sa551313,2011,
sa551317,2010,
sa551329,2010,
sa551331,2010,
sa551334,2010,
sa551336,2010,
sa551374,2010,
sa551375,2010,
sa551376,2010,
sa551378,2010,
sa551380,2010,
sa551602,2011,
sa551707,2010,
sa551824,2010,
sa551962,2010,
sa551988,2010,
sa552021,2010,
sa552212,2010,
sa552213,2010,
sa552283,2010,
sa552487,2010,
sa553049,2010,
sa553214,2010,
sa553252,2010,
sa553379,2007,
sa553380,2017,
sa553501,2010,
sa554133,2010,
sa554214,2010,
sa554787,2010,
sa554947,2010,
sa554987,2011,
sa555178,2010,
sa555253,2010,
sa556054,2011,
sa556097,2010,
sa556873,2010,
sa557049,2010,
sa557050,2010,
sa557661,2010,
sa560967,2010,
sa561375,2011,
sa577007,2013,
sa577013,2013,
sa577016,2013,
sa577017,2011,
sa577018,2011,
sa577019,2013,
sa577674,2013,
sa577691,2012,
sa577695,2012,
sa577698,2011,
sa577723,2012,
sa577732,2011,
sa577740,2015,
sa577746,2011,
sa577748,2014,
sa577753,2014,
sa577787,2013,
sa577801,2014,
sa577808,2013,
sa577850,2013,
sa577859,2013,
sa577878,2012,
sa577885,2013,
sa577892,2013,
sa577935,2016,
sa577954,2012,
sa577957,2013,
sa577962,2012,
sa577969,2012,
sa577980,2012,
sa577995,2013,
sa578004,2011,
sa578005,2012,
sa578020,2012,
sa578021,2011,
sa578022,2012,
sa578097,2012,
sa578134,2011,
sa578145,2012,
sa578149,2011,
sa578168,2013,
sa578218,2012,
sa578858,2011,
sa578913,2012,
sa578983,2013,
sa578987,2014,
sa579042,2011,
sa579058,2015,
sa579062,2013,
sa579120,2013,
sa579127,2013,
sa579133,2013,
sa579269,2013,
sa579278,2012,
sa579292,2014,
sa579296,2013,
sa579297,2012,
sa579325,2013,
sa579327,2011,
sa579381,2012,
sa579484,2012,
sa579528,2012,
sa579539,2013,
sa579540,2012,
sa579554,2012,
sa579638,2013,
sa579643,2013,
sa579778,2014,
sa579780,2013,
sa579799,2012,
sa579805,2014,
sa579806,2012,
sa579845,2014,
sa579865,2012,
sa579867,2012,
sa580380,2017,
sa580418,2012,
sa580429,2015,
sa582792,2012,
sa582793,2011,
sa586281,2011,
sa593844,2011,
sa593846,2012,
sa594138,2011,
sa594139,2011,
sa595300,2012,
sa596025,2012,
sa596027,2012,
sa596028,2012,
sa596034,2013,
sa596038,2013,
sa596170,2012,
sa596171,2012,
sa596172,2012,
sa596219,2013,
sa596220,2012,
sa596234,2012,
sa596235,2013,
sa596237,2012,
sa596239,2015,
sa596240,2014,
sa596241,2013,
sa596282,2012,
sa596283,2012,
sa596287,2015,
sa596293,2011,
sa596316,2012,
sa596317,2012,
sa596365,2014,
sa596372,2013,
sa596392,2011,
sa596833,2011,
sa596835,2011,
sa596836,2011,
sa596837,2011,
sa596839,2011,
sa596840,2011,
sa596844,2011,
sa596845,2011,
sa596846,2011,
sa596849,2011,
sa596852,2011,
sa596853,2011,
sa596854,2011,
sa596855,2011,
sa596856,2011,
sa596860,2011,
sa596862,2011,
sa596863,2011,
sa596864,2011,
sa596865,2011,
sa596866,2011,
sa596904,2011,
sa596905,2011,
sa596907,2011,
sa596910,2011,
sa596918,2011,
sa596919,2011,
sa596924,2011,
sa596931,2011,
sa596942,2011,
sa596944,2011,
sa596947,2011,
sa596950,2011,
sa596951,2011,
sa596953,2011,
sa596955,2011,
sa596957,2011,
sa596961,2011,
sa596963,2011,
sa596965,2011,
sa596966,2011,
sa596970,2011,
sa596971,2011,
sa596972,2011,
sa596973,2011,
sa596975,2011,
sa596977,2011,
sa596978,2011,
sa596981,2011,
sa596985,2011,
sa596986,2011,
sa596987,2011,
sa596988,2011,
sa596989,2011,
sa596990,2011,
sa596992,2011,
sa596996,2011,
sa596998,2011,
sa596999,2011,
sa597000,2011,
sa597001,2011,
sa597002,2011,
sa597003,2011,
sa597006,2011,
sa597007,2011,
sa597015,2011,
sa597019,2016,
sa597025,2011,
sa597027,2011,
sa597028,2011,
sa597031,2011,
sa597032,2011,
sa597033,2011,
sa597034,2011,
sa597036,2011,
sa597039,2011,
sa597040,2011,
sa597043,2011,
sa597046,2011,
sa597047,2011,
sa597048,2011,
sa597049,2011,
sa597050,2011,
sa597052,2011,
sa597053,2011,
sa597054,2011,
sa597057,2011,
sa597061,2011,
sa597062,2011,
sa597063,2011,
sa597072,2011,
sa597074,2011,
sa597076,2011,
sa597079,2011,
sa597080,2011,
sa597081,2011,
sa597082,2011,
sa597084,2011,
sa597087,2011,
sa597088,2011,
sa597089,2011,
sa597090,2011,
sa597092,2011,
sa597093,2011,
sa597094,2011,
sa597097,2011,
sa597098,2011,
sa597100,2011,
sa597101,2014,
sa597103,2011,
sa597104,2011,
sa597105,2011,
sa597107,2011,
sa597108,2011,
sa597111,2011,
sa597113,2011,
sa597114,2011,
sa597115,2011,
sa597116,2011,
sa597118,2011,
sa597119,2011,
sa597120,2011,
sa597121,2011,
sa597152,2011,
sa597154,2011,
sa597155,2011,
sa597158,2011,
sa597162,2011,
sa597164,2011,
sa597167,2011,
sa597168,2011,
sa597173,2011,
sa597174,2011,
sa597177,2011,
sa597179,2011,
sa597181,2011,
sa597185,2011,
sa597189,2011,
sa597190,2011,
sa597191,2011,
sa597192,2011,
sa597195,2011,
sa597198,2011,
sa597210,2011,
sa597211,2011,
sa597213,2011,
sa597218,2011,
sa597221,2011,
sa597222,2011,
sa597225,2011,
sa597227,2011,
sa597231,2011,
sa597232,2011,
sa597234,2011,
sa597235,2011,
sa597236,2011,
sa597237,2011,
sa597238,2011,
sa597239,2011,
sa597240,2011,
sa597241,2011,
sa597247,2011,
sa597249,2019,
sa597252,2011,
sa597261,2011,
sa597268,2011,
sa597275,2011,
sa597323,2011,
sa597328,2011,
sa597422,2011,
sa597425,2011,
sa597429,2011,
sa597503,2011,
sa597505,2016,
sa597507,2011,
sa597510,2011,
sa597511,2011,
sa597512,2011,
sa597590,2011,
sa597592,2011,
sa597593,2011,
sa597594,2011,
sa597624,2011,
sa597684,2011,
sa597685,2011,
sa597686,2011,
sa597689,2011,
sa597690,2011,
sa597692,2011,
sa597695,2011,
sa597696,2011,
sa597729,2011,
sa597731,2011,
sa597733,2012,
sa597735,2011,
sa597737,2011,
sa597738,2011,
sa597739,2013,
sa597740,2012,
sa597752,2011,
sa597756,2011,
sa597759,2013,
sa597772,2013,
sa597776,2011,
sa597782,2011,
sa597785,2011,
sa597789,2014,
sa597795,2014,
sa597800,2012,
sa597801,2011,
sa597804,2011,
sa597808,2012,
sa597836,2013,
sa597837,2012,
sa597839,2013,
sa597853,2011,
sa597861,2011,
sa597866,2011,
sa597869,2011,
sa597884,2013,
sa597885,2011,
sa597897,2011,
sa597928,2011,
sa597932,2011,
sa597933,2011,
sa597940,2011,
sa597955,2014,
sa597957,2012,
sa597960,2011,
sa597963,2011,
sa597964,2011,
sa597966,2011,
sa597967,2011,
sa597971,2012,
sa597972,2011,
sa597974,2011,
sa597977,2011,
sa597980,2011,
sa598009,2011,
sa598018,2011,
sa598037,2012,
sa598065,2011,
sa598090,2011,
sa598092,2011,
sa598093,2011,
sa598095,2011,
sa598099,2015,
sa598106,2012,
sa598118,2011,
sa598142,2011,
sa598144,2011,
sa598164,2011,
sa598166,2011,
sa598168,2013,
sa598169,2011,
sa598170,2011,
sa598172,2012,
sa598175,2011,
sa598178,2011,
sa598179,2011,
sa598240,2011,
sa598241,2011,
sa598263,2011,
sa598264,2011,
sa598265,2011,
sa598271,2011,
sa598283,2012,
sa598287,2019,
sa598291,2011,
sa598302,2014,
sa598306,2014,
sa598309,2011,
sa598314,2012,
sa598315,2012,
sa598316,2013,
sa598323,2013,
sa598324,2012,
sa598325,2012,
sa598329,2012,
sa598330,2012,
sa598336,2012,
sa598337,2011,
sa598338,2012,
sa598342,2013,
sa598344,2012,
sa598345,2012,
sa598423,2011,
sa598424,2011,
sa598427,2011,
sa598428,2012,
sa598474,2012,
sa598475,2013,
sa598478,2011,
sa598479,2014,
sa598483,2012,
sa598484,2012,
sa598485,2011,
sa598487,2013,
sa598488,2013,
sa598489,2011,
sa598550,2012,
sa598557,2011,
sa598562,2012,
sa598564,2012,
sa598565,2015,
sa598601,2011,
sa598602,2011,
sa598603,2011,
sa598610,2011,
sa598611,2011,
sa598612,2011,
sa598613,2011,
sa598615,2011,
sa598616,2015,
sa598620,2011,
sa598621,2011,
sa598622,2011,
sa598623,2011,
sa598626,2011,
sa598636,2011,
sa598640,2011,
sa598641,2011,
sa598644,2011,
sa598645,2011,
sa598653,2011,
sa598656,2011,
sa598663,2011,
sa598665,2011,
sa598671,2011,
sa598678,2011,
sa598680,2011,
sa598684,2011,
sa598687,2011,
sa598692,2011,
sa598695,2011,
sa598754,2011,
sa598759,2013,
sa598772,2011,
sa598782,2012,
sa598783,2011,
sa598785,2011,
sa598794,2012,
sa598796,2011,
sa598801,2011,
sa598802,2011,
sa598804,2013,
sa598807,2012,
sa598810,2011,
sa598812,2011,
sa598813,2011,
sa598817,2011,
sa598819,2011,
sa598822,2011,
sa598823,2011,
sa598824,2011,
sa598825,2011,
sa598826,2011,
sa598828,2011,
sa598829,2011,
sa598832,2011,
sa598833,2011,
sa598909,2015,
sa598911,2017,
sa598912,2011,
sa598952,2011,
sa598958,2011,
sa598974,2015,
sa598986,2015,
sa598994,2011,
sa599002,2011,
sa599004,2016,
sa599014,2011,
sa599021,2011,
sa599036,2013,
sa599037,2011,
sa599042,2011,
sa599048,2011,
sa599049,2014,
sa599056,2011,
sa599079,2011,
sa599081,2015,
sa599087,2011,
sa599111,2013,
sa599112,2016,
sa599115,2011,
sa599156,2011,
sa599157,2015,
sa599171,2014,
sa599177,2013,
sa599180,2012,
sa599184,2014,
sa599191,2015,
sa599196,2012,
sa599208,2012,
sa599211,2012,
sa599216,2014,
sa599226,2012,
sa599227,2015,
sa599235,2014,
sa599239,2012,
sa599240,2012,
sa599243,2012,
sa599244,2012,
sa599247,2011,
sa599249,2015,
sa599252,2011,
sa599254,2011,
sa599256,2015,
sa599268,2014,
sa599271,2011,
sa599272,2013,
sa599275,2011,
sa599277,2015,
sa599278,2015,
sa599282,2012,
sa599286,2014,
sa599287,2011,
sa599290,2014,
sa599292,2016,
sa599295,2015,
sa599296,2011,
sa599300,2011,
sa599302,2012,
sa599306,2011,
sa599310,2012,
sa599318,2014,
sa599324,2012,
sa599326,2011,
sa599327,2011,
sa599332,2013,
sa599333,2016,
sa599334,2018,
sa599339,2013,
sa599345,2012,
sa599347,2012,
sa599352,2011,
sa599355,2011,
sa599356,2012,
sa599369,2012,
sa599380,2011,
sa599384,2011,
sa599385,2012,
sa599386,2012,
sa599387,2014,
sa599388,2011,
sa599390,2013,
sa599394,2012,
sa599395,2012,
sa599396,2012,
sa599397,2012,
sa599398,2011,
sa599400,2011,
sa599401,2011,
sa599406,2011,
sa599407,2011,
sa599409,2011,
sa599410,2011,
sa599411,2011,
sa599467,2011,
sa599478,2011,
sa599480,2011,
sa599482,2011,
sa599492,2013,
sa599493,2013,
sa599494,2015,
sa599498,2011,
sa599502,2011,
sa599503,2012,
sa599505,2015,
sa599509,2012,
sa599513,2014,
sa599515,2011,
sa599516,2015,
sa599517,2011,
sa599518,2013,
sa599522,2016,
sa599526,2014,
sa599527,2011,
sa599529,2015,
sa599530,2016,
sa599531,2014,
sa599536,2015,
sa599548,2011,
sa599550,2011,
sa599558,2011,
sa599559,2011,
sa599564,2014,
sa599565,2011,
sa599569,2011,
sa599570,2011,
sa599571,2011,
sa599572,2011,
sa599575,2011,
sa599705,2011,
sa599717,2014,
sa599718,2012,
sa599726,2011,
sa599735,2012,
sa599736,2011,
sa599740,2015,
sa599741,2011,
sa599743,2014,
sa599748,2012,
sa599801,2012,
sa599811,2012,
sa599816,2012,
sa599823,2011,
sa599825,2012,
sa599826,2011,
sa599831,2011,
sa599834,2011,
sa599880,2011,
sa599885,2011,
sa599886,2011,
sa599888,2011,
sa599897,2011,
sa599906,2011,
sa599912,2011,
sa599914,2011,
sa599916,2011,
sa599992,2011,
sa599996,2011,
sa599997,2011,
sa600032,2011,
sa600034,2011,
sa600037,2011,
sa600134,2012,
sa600255,2015,
sa600283,2012,
sa600291,2011,
sa600295,2011,
sa600412,2011,
sa600461,2011,
sa600601,2011,
sa600606,2011,
sa600696,2011,
sa600736,2011,
sa600737,2011,
sa600738,2011,
sa600814,2011,
sa600896,2011,
sa600897,2011,
sa600900,2011,
sa600968,2011,
sa600971,2011,
sa601040,2011,
sa601043,2012,
sa601049,2011,
sa601249,2012,
sa601311,2012,
sa601442,2011,
sa601456,2011,
sa601457,2011,
sa601529,2011,
sa601530,2011,
sa601536,2011,
sa601623,2012,
sa601629,2011,
sa601745,2011,
sa601924,2014,
sa601928,2011,
sa601944,2011,
sa602377,2016,
sa602385,2013,
sa602386,2012,
sa602394,2012,
sa602399,2015,
sa602402,2014,
sa602429,2015,
sa602430,2011,
sa602498,2012,
sa602513,2013,
sa602515,2012,
sa602523,2015,
sa602531,2017,
sa602546,2013,
sa602548,2015,
sa602586,2014,
sa602591,2016,
sa602593,2015,
sa602597,2016,
sa602605,2012,
sa602606,2015,
sa602610,2013,
sa602623,2019,
sa602626,2015,
sa602648,2015,
sa602651,2017,
sa602652,2011,
sa602658,2017,
sa602662,2015,
sa602663,2015,
sa602664,2012,
sa602665,2013,
sa602667,2014,
sa602676,2017,
sa602678,2015,
sa602679,2012,
sa602681,2012,
sa602687,2013,
sa602693,2012,
sa602697,2014,
sa602701,2015,
sa602702,2012,
sa602817,2015,
sa602819,2015,
sa602820,2015,
sa602857,2014,
sa602862,2014,
sa602869,2012,
sa602873,2013,
sa602877,2015,
sa602888,2015,
sa602889,2013,
sa602899,2016,
sa602916,2016,
sa602920,2011,
sa603007,2011,
sa603087,2015,
sa603116,2015,
sa603121,2016,
sa603123,2012,
sa603124,2014,
sa603199,2011,
sa603205,2011,
sa603234,2011,
sa603945,2011,
sa604003,2011,
sa604167,2011,
sa605348,2011,
sa605349,2011,
sa605615,2011,
sa605888,2012,
sa605974,2011,
sa606586,2006,
sa606880,2011,
sa607178,2011,
sa607356,2011,
sa607474,2012,
sa607894,2011,
sa608039,2011,
sa608118,2011,
sa608348,2013,
sa609307,2012,
sa610029,2012,
sa620945,2014,
sa621129,2012,
sa621361,2013,
sa621374,2014,
sa621379,2014,
sa621466,2012,
sa621485,2014,
sa621486,2013,
sa621502,2012,
sa621523,2013,
sa621537,2015,
sa621559,2013,
sa621576,2014,
sa621577,2013,
sa621579,2012,
sa621581,2013,
sa621584,2012,
sa621599,2013,
sa621600,2012,
sa621607,2012,
sa621610,2012,
sa621612,2012,
sa621614,2012,
sa621615,2014,
sa621617,2013,
sa621622,2013,
sa621629,2012,
sa621634,2012,
sa621638,2014,
sa621639,2013,
sa621647,2013,
sa621648,2014,
sa621653,2013,
sa621655,2016,
sa621657,2014,
sa621660,2014,
sa621662,2012,
sa621668,2016,
sa621672,2012,
sa621678,2015,
sa621791,2013,
sa627295,2013,
sa628321,2013,
sa628486,2013,
sa629410,2012,
sa633208,2013,
sa634679,2008,
sa635035,2012,
sa638830,2007,
sa653546,2012,
sa653585,2012,
sa653950,2014,
sa654219,2012,
sa654759,2012,
sa655900,2014,
sa655903,2013,
sa655912,2013,
sa655913,2013,
sa655914,2013,
sa655915,2013,
sa655916,2014,
sa655917,2014,
sa655918,2016,
sa655950,2014,
sa656043,2019,
sa656575,2012,
sa657134,2012,
sa657135,2012,
sa657138,2012,
sa657139,2012,
sa657140,2012,
sa657141,2012,
sa657142,2012,
sa657143,2012,
sa657209,2012,
sa657223,2012,
sa657224,2012,
sa657225,2012,
sa657226,2012,
sa657227,2012,
sa657232,2012,
sa657237,2012,
sa657241,2012,
sa657242,2012,
sa657243,2012,
sa657248,2012,
sa657251,2012,
sa657253,2012,
sa657259,2012,
sa657261,2012,
sa657265,2012,
sa657270,2012,
sa657277,2012,
sa657280,2012,
sa657281,2012,
sa657285,2012,
sa657289,2012,
sa657298,2012,
sa657307,2012,
sa657309,2012,
sa657310,2012,
sa657311,2012,
sa657314,2012,
sa657315,2012,
sa657316,2012,
sa657317,2012,
sa657319,2012,
sa657320,2012,
sa657321,2012,
sa657322,2012,
sa657323,2012,
sa657324,2012,
sa657325,2012,
sa657393,2012,
sa657394,2012,
sa657395,2012,
sa657396,2012,
sa657398,2012,
sa657399,2012,
sa657403,2012,
sa657404,2012,
sa657406,2012,
sa657407,2012,
sa657408,2012,
sa657409,2012,
sa657411,2012,
sa657412,2012,
sa657413,2012,
sa657422,2012,
sa657424,2012,
sa657425,2012,
sa657426,2012,
sa657427,2012,
sa657428,2012,
sa657429,2012,
sa657431,2012,
sa657433,2012,
sa657434,2012,
sa657435,2012,
sa657454,2012,
sa657456,2012,
sa657458,2012,
sa657460,2012,
sa657468,2012,
sa657469,2012,
sa657472,2012,
sa657476,2012,
sa657479,2012,
sa657480,2012,
sa657483,2012,
sa657485,2012,
sa657491,2012,
sa657493,2012,
sa657494,2012,
sa657495,2012,
sa657496,2012,
sa657497,2012,
sa657498,2012,
sa657499,2012,
sa657501,2012,
sa657502,2012,
sa657503,2012,
sa657505,2012,
sa657506,2012,
sa657511,2012,
sa657512,2012,
sa657515,2012,
sa657521,2012,
sa657522,2012,
sa657523,2012,
sa657525,2012,
sa657526,2012,
sa657527,2012,
sa657530,2012,
sa657532,2012,
sa657534,2012,
sa657535,2012,
sa657537,2012,
sa657539,2012,
sa657540,2012,
sa657541,2012,
sa657542,2012,
sa657543,2012,
sa657545,2012,
sa657546,2012,
sa657550,2012,
sa657555,2012,
sa657561,2012,
sa657562,2012,
sa657563,2012,
sa657568,2012,
sa657572,2012,
sa657577,2012,
sa657585,2012,
sa657586,2012,
sa657590,2012,
sa657593,2012,
sa657594,2012,
sa657597,2012,
sa657598,2012,
sa657610,2012,
sa657627,2012,
sa657652,2012,
sa657655,2012,
sa657658,2018,
sa657676,2012,
sa657681,2012,
sa657684,2012,
sa657688,2012,
sa657694,2012,
sa657696,2012,
sa657705,2012,
sa657706,2012,
sa657707,2012,
sa657708,2012,
sa657710,2018,
sa657724,2012,
sa657726,2012,
sa657732,2012,
sa657742,2012,
sa657748,2012,
sa657759,2012,
sa657761,2012,
sa657764,2012,
sa657766,2012,
sa657768,2015,
sa657771,2012,
sa657772,2012,
sa657775,2012,
sa657776,2012,
sa657777,2012,
sa657783,2012,
sa657785,2012,
sa657789,2012,
sa657792,2012,
sa657793,2013,
sa657794,2012,
sa657795,2012,
sa657796,2012,
sa657800,2012,
sa657802,2012,
sa657807,2015,
sa657810,2012,
sa657811,2012,
sa657814,2012,
sa657818,2012,
sa657819,2012,
sa657820,2012,
sa657823,2012,
sa657827,2012,
sa657828,2012,
sa657831,2012,
sa657839,2012,
sa657841,2012,
sa657855,2012,
sa657864,2013,
sa657873,2014,
sa657874,2012,
sa657884,2012,
sa657904,2012,
sa657906,2016,
sa657909,2012,
sa657912,2012,
sa657917,2017,
sa657918,2012,
sa657920,2012,
sa657922,2012,
sa657927,2012,
sa657928,2012,
sa657935,2012,
sa657939,2012,
sa657942,2012,
sa657944,2012,
sa657952,2013,
sa657956,2012,
sa657961,2012,
sa657964,2012,
sa657967,2012,
sa657968,2012,
sa657969,2012,
sa657972,2012,
sa657974,2017,
sa657975,2012,
sa657976,2012,
sa657987,2012,
sa657988,2013,
sa657990,2012,
sa657991,2012,
sa657993,2012,
sa657994,2012,
sa657998,2013,
sa658001,2012,
sa658004,2014,
sa658012,2012,
sa658013,2013,
sa658015,2012,
sa658016,2012,
sa658021,2012,
sa658023,2012,
sa658025,2012,
sa658026,2013,
sa658030,2012,
sa658031,2013,
sa658032,2014,
sa658035,2012,
sa658078,2012,
sa658079,2012,
sa658081,2012,
sa658082,2012,
sa658085,2012,
sa658089,2012,
sa658091,2012,
sa658092,2012,
sa658093,2012,
sa658094,2012,
sa658096,2014,
sa658097,2012,
sa658100,2012,
sa658101,2012,
sa658103,2013,
sa658110,2016,
sa658111,2012,
sa658113,2012,
sa658123,2012,
sa658124,2012,
sa658125,2012,
sa658126,2012,
sa658130,2014,
sa658131,2016,
sa658134,2013,
sa658144,2012,
sa658146,2013,
sa658148,2012,
sa658149,2013,
sa658154,2012,
sa658157,2012,
sa658163,2012,
sa658166,2012,
sa658167,2017,
sa658171,2015,
sa658173,2013,
sa658175,2012,
sa658180,2013,
sa658186,2012,
sa658187,2014,
sa658191,2013,
sa658194,2014,
sa658195,2012,
sa658197,2012,
sa658198,2012,
sa658201,2012,
sa658204,2012,
sa658206,2012,
sa658210,2012,
sa658231,2015,
sa658233,2012,
sa658235,2015,
sa658241,2012,
sa658243,2012,
sa658245,2012,
sa658248,2012,
sa658249,2012,
sa658250,2012,
sa658253,2013,
sa658257,2013,
sa658259,2013,
sa658263,2013,
sa658264,2012,
sa658267,2013,
sa658269,2012,
sa658271,2013,
sa658277,2012,
sa658283,2012,
sa658288,2012,
sa658289,2012,
sa658290,2012,
sa658293,2012,
sa658296,2012,
sa658299,2016,
sa658300,2013,
sa658301,2012,
sa658310,2013,
sa658311,2012,
sa658312,2012,
sa658313,2013,
sa658315,2014,
sa658317,2012,
sa658326,2012,
sa658327,2012,
sa658329,2016,
sa658345,2012,
sa658346,2012,
sa658350,2013,
sa658355,2012,
sa658396,2013,
sa658398,2012,
sa658401,2016,
sa658469,2012,
sa658471,2012,
sa658472,2012,
sa658478,2012,
sa658487,2012,
sa658488,2012,
sa658498,2012,
sa658502,2014,
sa658512,2014,
sa658515,2012,
sa658516,2012,
sa658526,2012,
sa658535,2012,
sa658536,2013,
sa658538,2012,
sa658539,2012,
sa658541,2016,
sa658545,2012,
sa658558,2012,
sa658561,2016,
sa658563,2012,
sa658566,2013,
sa658567,2016,
sa658569,2013,
sa658571,2017,
sa658574,2012,
sa658575,2014,
sa658576,2017,
sa658578,2018,
sa658579,2013,
sa658583,2013,
sa658586,2015,
sa658589,2012,
sa658594,2012,
sa658595,2013,
sa658597,2012,
sa658599,2012,
sa658601,2012,
sa658602,2013,
sa658608,2016,
sa658614,2014,
sa658616,2016,
sa658617,2017,
sa658622,2012,
sa658623,2013,
sa658626,2012,
sa658627,2012,
sa658629,2016,
sa658631,2014,
sa658633,2012,
sa658637,2012,
sa658642,2013,
sa658646,2012,
sa658647,2012,
sa658653,2014,
sa658662,2013,
sa658665,2012,
sa658666,2012,
sa658668,2015,
sa658673,2012,
sa658676,2012,
sa658680,2013,
sa658686,2012,
sa658687,2012,
sa658689,2012,
sa658690,2012,
sa658693,2012,
sa658768,2012,
sa658784,2012,
sa658787,2013,
sa658792,2012,
sa658796,2014,
sa658800,2012,
sa658801,2013,
sa658802,2013,
sa658803,2012,
sa658806,2012,
sa658808,2012,
sa658810,2013,
sa658820,2013,
sa658821,2018,
sa658828,2017,
sa658834,2014,
sa658840,2013,
sa658848,2012,
sa658893,2012,
sa658894,2012,
sa658896,2012,
sa658899,2012,
sa658901,2015,
sa658903,2014,
sa658907,2014,
sa658909,2012,
sa658914,2012,
sa658920,2014,
sa658923,2015,
sa658928,2012,
sa658934,2015,
sa658939,2012,
sa658944,2012,
sa658947,2016,
sa658948,2012,
sa658954,2016,
sa658963,2012,
sa658966,2015,
sa658968,2016,
sa658970,2012,
sa658974,2016,
sa658977,2016,
sa658978,2012,
sa658980,2016,
sa658982,2015,
sa658985,2013,
sa658989,2012,
sa658990,2018,
sa658994,2016,
sa658996,2012,
sa659001,2013,
sa659003,2015,
sa659004,2016,
sa659006,2012,
sa659009,2012,
sa659010,2012,
sa659015,2012,
sa659034,2018,
sa659036,2016,
sa659043,2016,
sa659046,2012,
sa659050,2012,
sa659055,2012,
sa659058,2012,
sa659064,2012,
sa659065,2012,
sa659068,2017,
sa659072,2013,
sa659074,2017,
sa659079,2016,
sa659081,2012,
sa659188,2012,
sa659190,2012,
sa659193,2012,
sa659194,2012,
sa659204,2012,
sa659205,2012,
sa659223,2012,
sa659239,2013,
sa659257,2012,
sa659259,2014,
sa659264,2016,
sa659278,2012,
sa659281,2015,
sa659282,2014,
sa659285,2017,
sa659286,2015,
sa659290,2016,
sa659295,2012,
sa659296,2015,
sa659297,2017,
sa659302,2013,
sa659303,2012,
sa659304,2017,
sa659310,2012,
sa659312,2012,
sa659313,2012,
sa659318,2012,
sa659319,2012,
sa659349,2012,
sa659358,2013,
sa659366,2012,
sa659406,2012,
sa659409,2012,
sa659410,2012,
sa659438,2012,
sa659439,2012,
sa659440,2012,
sa659442,2015,
sa659444,2014,
sa659447,2013,
sa659448,2012,
sa659449,2012,
sa659451,2012,
sa659452,2012,
sa659462,2012,
sa659464,2012,
sa659467,2012,
sa659491,2012,
sa659492,2012,
sa659509,2012,
sa659510,2012,
sa659511,2012,
sa659512,2012,
sa659547,2012,
sa659555,2012,
sa659562,2012,
sa659588,2012,
sa659601,2012,
sa659669,2012,
sa659671,2012,
sa659713,2012,
sa659747,2012,
sa659756,2012,
sa659787,2012,
sa659864,2012,
sa659902,2012,
sa659905,2014,
sa659906,2012,
sa659908,2012,
sa659947,2012,
sa659951,2012,
sa660295,2012,
sa660408,2012,
sa660585,2012,
sa660745,2012,
sa660831,2012,
sa660832,2014,
sa660901,2012,
sa679475,2012,
sa679482,2012,
sa679714,2012,
sa680082,2013,
sa684259,2012,
sa688600,2012,
sa688601,2012,
sa688945,2012,
sa688986,2015,
sa691183,2012,
sa691752,2012,
sa691813,2012,
sa691863,2019,
sa691994,2012,
sa692031,2012,
sa692214,2012,
sa694155,2012,
sa694161,2012,
sa694185,2012,
sa694186,2012,
sa696310,2012,
sa696418,2013,
sa696493,2012,
sa697588,2013,
sa700757,2012,
sa700975,2012,
sa700977,2013,
sa701852,2019,
sa702762,2013,
sa705802,2013,
sa705811,2015,
sa706880,2014,
sa706969,2017,
sa706987,2014,
sa707750,2014,
sa707769,2013,
sa707773,2013,
sa707778,2014,
sa707779,2015,
sa707784,2014,
sa707788,2013,
sa707796,2014,
sa708213,2015,
sa708216,2013,
sa708424,2013,
sa708431,2014,
sa708432,2014,
sa708438,2014,
sa708444,2015,
sa708481,2013,
sa708968,2014,
sa709000,2014,
sa709013,2013,
sa709022,2014,
sa709037,2014,
sa709040,2015,
sa709292,2014,
sa709509,2018,
sa709519,2013,
sa709542,2016,
sa709544,2015,
sa709546,2014,
sa709549,2015,
sa709555,2013,
sa709557,2014,
sa709594,2014,
sa709595,2013,
sa709596,2013,
sa709715,2017,
sa714135,2014,
sa729572,2013,
sa732032,2015,
sa732567,2013,
sa732726,2013,
sa732908,2013,
sa735825,2014,
sa735830,2014,
sa735837,2015,
sa735840,2014,
sa735842,2014,
sa735846,2014,
sa735849,2015,
sa735861,2014,
sa735862,2015,
sa735873,2015,
sa735884,2014,
sa736472,2015,
sa736554,2015,
sa736583,2015,
sa736620,2013,
sa736621,2013,
sa736640,2013,
sa736642,2013,
sa736643,2013,
sa736644,2013,
sa736658,2013,
sa736659,2013,
sa736660,2013,
sa736661,2013,
sa736662,2013,
sa736663,2013,
sa736666,2013,
sa736686,2013,
sa736687,2013,
sa736688,2013,
sa736689,2013,
sa736691,2013,
sa736692,2013,
sa736694,2013,
sa736695,2013,
sa736696,2013,
sa736697,2013,
sa736698,2013,
sa736699,2013,
sa736741,2013,
sa736745,2013,
sa736746,2013,
sa736747,2013,
sa736748,2013,
sa736749,2013,
sa736754,2013,
sa736755,2013,
sa736756,2013,
sa736757,2013,
sa736758,2013,
sa736759,2013,
sa736760,2013,
sa736761,2019,
sa736810,2013,
sa736812,2013,
sa736813,2013,
sa736815,2013,
sa736816,2013,
sa736817,2013,
sa736818,2013,
sa736819,2013,
sa736820,2013,
sa736821,2013,
sa736822,2013,
sa736823,2013,
sa736824,2013,
sa736825,2013,
sa736830,2013,
sa736831,2013,
sa736832,2013,
sa736836,2013,
sa736837,2013,
sa736838,2013,
sa736841,2013,
sa736842,2013,
sa736844,2013,
sa736845,2013,
sa736846,2013,
sa736852,2013,
sa736856,2013,
sa736862,2013,
sa736864,2013,
sa736865,2013,
sa736867,2013,
sa736869,2013,
sa736871,2013,
sa736874,2013,
sa736875,2013,
sa736876,2013,
sa736877,2013,
sa736878,2013,
sa736879,2013,
sa736880,2013,
sa736882,2013,
sa736883,2013,
sa736884,2013,
sa736890,2013,
sa736891,2013,
sa736892,2013,
sa736893,2013,
sa736902,2013,
sa736903,2013,
sa736904,2013,
sa736907,2013,
sa736909,2013,
sa736911,2013,
sa736912,2013,
sa736913,2013,
sa736917,2013,
sa736918,2013,
sa736919,2013,
sa736920,2013,
sa736921,2013,
sa736923,2013,
sa736924,2013,
sa736930,2013,
sa736932,2013,
sa736934,2013,
sa736935,2013,
sa736941,2013,
sa736942,2013,
sa736943,2013,
sa736945,2013,
sa736946,2013,
sa736948,2013,
sa736953,2013,
sa736954,2013,
sa736955,2013,
sa736957,2013,
sa736958,2013,
sa736959,2013,
sa736960,2013,
sa736961,2013,
sa736962,2013,
sa736963,2013,
sa736964,2013,
sa736967,2013,
sa736968,2013,
sa736970,2013,
sa736971,2013,
sa736993,2013,
sa736995,2013,
sa736997,2013,
sa736998,2013,
sa736999,2013,
sa737004,2013,
sa737006,2013,
sa737007,2013,
sa737008,2013,
sa737017,2013,
sa737022,2013,
sa737023,2013,
sa737024,2013,
sa737025,2013,
sa737026,2013,
sa737027,2013,
sa737028,2013,
sa737029,2013,
sa737030,2013,
sa737033,2013,
sa737034,2013,
sa737035,2013,
sa737037,2018,
sa737040,2013,
sa737043,2013,
sa737047,2013,
sa737048,2018,
sa737052,2013,
sa737054,2013,
sa737057,2013,
sa737058,2013,
sa737061,2013,
sa737065,2013,
sa737068,2013,
sa737069,2013,
sa737073,2013,
sa737074,2013,
sa737080,2013,
sa737085,2013,
sa737087,2013,
sa737088,2013,
sa737090,2013,
sa737192,2013,
sa737198,2013,
sa737199,2013,
sa737202,2013,
sa737204,2013,
sa737205,2013,
sa737206,2013,
sa737208,2013,
sa737209,2013,
sa737210,2013,
sa737211,2013,
sa737212,2013,
sa737213,2013,
sa737214,2013,
sa737217,2013,
sa737218,2013,
sa737222,2013,
sa737228,2013,
sa737230,2013,
sa737231,2013,
sa737237,2013,
sa737240,2013,
sa737245,2013,
sa737246,2013,
sa737250,2013,
sa737255,2013,
sa737257,2013,
sa737258,2013,
sa737259,2013,
sa737261,2013,
sa737294,2013,
sa737296,2013,
sa737301,2013,
sa737303,2013,
sa737323,2013,
sa737324,2013,
sa737327,2013,
sa737336,2013,
sa737337,2013,
sa737338,2013,
sa737339,2013,
sa737349,2013,
sa737350,2013,
sa737356,2013,
sa737360,2013,
sa737363,2013,
sa737365,2013,
sa737366,2013,
sa737369,2013,
sa737370,2013,
sa737373,2013,
sa737376,2013,
sa737383,2013,
sa737384,2013,
sa737426,2016,
sa737438,2019,
sa737445,2013,
sa737458,2014,
sa737474,2013,
sa737488,2013,
sa737536,2013,
sa737540,2013,
sa737547,2013,
sa737549,2013,
sa737563,2013,
sa737565,2013,
sa737572,2013,
sa737574,2013,
sa737614,2013,
sa737620,2013,
sa737621,2014,
sa737622,2016,
sa737623,2013,
sa737624,2013,
sa737627,2013,
sa737636,2013,
sa737639,2013,
sa737640,2013,
sa737642,2013,
sa737644,2013,
sa737647,2013,
sa737650,2013,
sa737651,2013,
sa737686,2013,
sa737690,2013,
sa737777,2013,
sa737781,2013,
sa737782,2016,
sa737783,2013,
sa737784,2013,
sa737808,2019,
sa737816,2013,
sa737820,2013,
sa737822,2013,
sa737823,2013,
sa737827,2014,
sa737828,2013,
sa737832,2014,
sa737835,2013,
sa737836,2016,
sa737838,2013,
sa737845,2014,
sa737846,2014,
sa737847,2013,
sa737849,2014,
sa737854,2013,
sa737858,2014,
sa737859,2014,
sa737860,2014,
sa737861,2015,
sa737862,2013,
sa737864,2013,
sa737868,2014,
sa737872,2013,
sa737874,2014,
sa737877,2013,
sa737886,2013,
sa737887,2014,
sa737892,2014,
sa737895,2014,
sa737901,2017,
sa737904,2016,
sa737908,2013,
sa737911,2015,
sa737912,2013,
sa737918,2014,
sa737919,2013,
sa737922,2013,
sa737924,2013,
sa737926,2014,
sa737930,2014,
sa737931,2013,
sa737944,2013,
sa737949,2014,
sa738118,2013,
sa738124,2013,
sa738130,2013,
sa738134,2013,
sa738139,2015,
sa738141,2013,
sa738144,2014,
sa738151,2013,
sa738152,2013,
sa738155,2013,
sa738157,2014,
sa738161,2015,
sa738165,2014,
sa738168,2013,
sa738172,2013,
sa738174,2013,
sa738176,2017,
sa738179,2013,
sa738181,2013,
sa738187,2015,
sa738190,2014,
sa738192,2014,
sa738193,2014,
sa738195,2013,
sa738198,2014,
sa738199,2013,
sa738202,2019,
sa738204,2016,
sa738208,2014,
sa738209,2013,
sa738225,2014,
sa738227,2015,
sa738230,2015,
sa738231,2014,
sa738233,2013,
sa738237,2014,
sa738244,2015,
sa738251,2014,
sa738256,2013,
sa738260,2013,
sa738261,2013,
sa738262,2017,
sa738266,2013,
sa738271,2014,
sa738272,2014,
sa738276,2014,
sa738277,2013,
sa738280,2013,
sa738282,2015,
sa738290,2013,
sa738292,2014,
sa738298,2013,
sa738302,2013,
sa738305,2013,
sa738316,2014,
sa738319,2013,
sa738324,2013,
sa738325,2013,
sa738326,2013,
sa738329,2015,
sa738331,2014,
sa738337,2013,
sa738338,2013,
sa738339,2014,
sa738343,2013,
sa738349,2013,
sa738359,2013,
sa738366,2017,
sa738367,2013,
sa738368,2017,
sa738381,2013,
sa738385,2015,
sa738386,2013,
sa738401,2017,
sa738403,2013,
sa738411,2014,
sa738417,2013,
sa738419,2016,
sa738426,2013,
sa738430,2013,
sa738431,2014,
sa738432,2015,
sa738433,2013,
sa738434,2013,
sa738444,2013,
sa738445,2013,
sa738447,2013,
sa738448,2017,
sa738450,2014,
sa738452,2014,
sa738454,2013,
sa738466,2013,
sa738471,2013,
sa738475,2013,
sa738486,2015,
sa738491,2013,
sa738492,2017,
sa738493,2013,
sa738494,2013,
sa738507,2015,
sa738512,2018,
sa738516,2014,
sa738525,2013,
sa738529,2016,
sa738531,2013,
sa738532,2014,
sa738544,2014,
sa738553,2013,
sa738554,2013,
sa738556,2013,
sa738557,2014,
sa738567,2013,
sa738568,2013,
sa738569,2013,
sa738572,2014,
sa738573,2013,
sa738574,2013,
sa738591,2014,
sa738594,2013,
sa738608,2016,
sa738610,2016,
sa738617,2013,
sa738624,2018,
sa738625,2014,
sa738627,2017,
sa738630,2017,
sa738632,2013,
sa738642,2014,
sa738643,2014,
sa738646,2013,
sa738650,2013,
sa738653,2017,
sa738660,2013,
sa738661,2013,
sa738664,2013,
sa738665,2013,
sa738666,2014,
sa738667,2018,
sa738672,2014,
sa738674,2017,
sa738676,2017,
sa738678,2016,
sa738679,2013,
sa738683,2017,
sa738688,2013,
sa738689,2015,
sa738691,2016,
sa738695,2013,
sa738697,2018,
sa738699,2013,
sa738703,2013,
sa738704,2014,
sa738708,2013,
sa738710,2013,
sa738711,2015,
sa738714,2017,
sa738715,2013,
sa738716,2014,
sa738726,2013,
sa738727,2016,
sa738737,2013,
sa738883,2017,
sa738886,2015,
sa738888,2013,
sa738889,2013,
sa738890,2015,
sa738891,2013,
sa738892,2014,
sa738895,2014,
sa738897,2014,
sa738898,2013,
sa738900,2014,
sa738901,2018,
sa738902,2019,
sa738903,2016,
sa738906,2017,
sa738923,2013,
sa738930,2017,
sa738933,2014,
sa738936,2018,
sa738943,2014,
sa738948,2013,
sa738955,2016,
sa738963,2016,
sa738974,2017,
sa738977,2016,
sa738979,2016,
sa738981,2013,
sa738984,2017,
sa738988,2017,
sa738989,2016,
sa738997,2013,
sa738998,2016,
sa738999,2017,
sa739006,2015,
sa739008,2013,
sa739010,2013,
sa739013,2018,
sa739014,2017,
sa739037,2013,
sa739039,2014,
sa739046,2013,
sa739047,2013,
sa739048,2013,
sa739156,2013,
sa739254,2013,
sa739259,2013,
sa739264,2013,
sa739467,2013,
sa739469,2013,
sa739471,2013,
sa739522,2013,
sa739539,2013,
sa739541,2013,
sa739547,2014,
sa739558,2013,
sa739559,2013,
sa739560,2013,
sa739564,2013,
sa739574,2013,
sa739576,2013,
sa739577,2013,
sa739578,2013,
sa739594,2013,
sa739597,2013,
sa739603,2013,
sa739608,2013,
sa739611,2013,
sa739612,2013,
sa739615,2013,
sa739621,2013,
sa739627,2015,
sa739630,2014,
sa739640,2015,
sa739642,2013,
sa739643,2013,
sa739648,2013,
sa739657,2013,
sa739659,2013,
sa739662,2013,
sa739664,2013,
sa739669,2013,
sa739670,2013,
sa739688,2014,
sa739689,2013,
sa739702,2013,
sa739707,2013,
sa739746,2013,
sa739748,2013,
sa739750,2013,
sa739758,2013,
sa739769,2014,
sa739771,2013,
sa739789,2013,
sa739791,2013,
sa739794,2015,
sa739806,2013,
sa739832,2013,
sa740102,2013,
sa740124,2013,
sa740126,2013,
sa740127,2013,
sa740136,2013,
sa740143,2013,
sa740158,2013,
sa740281,2013,
sa740295,2013,
sa740301,2013,
sa740304,2013,
sa740410,2013,
sa740415,2014,
sa740416,2014,
sa740427,2013,
sa740444,2013,
sa740518,2013,
sa740521,2013,
sa740529,2013,
sa740555,2013,
sa740607,2013,
sa740608,2013,
sa740782,2013,
sa740813,2013,
sa740961,2013,
sa741089,2013,
sa741156,2014,
sa741337,2013,
sa741479,2013,
sa741491,2013,
sa741552,2013,
sa741703,2013,
sa741704,2013,
sa741869,2014,
sa741946,2013,
sa742869,2014,
sa742871,2013,
sa743080,2013,
sa743087,2013,
sa743089,2013,
sa744254,2013,
sa744255,2013,
sa744714,2013,
sa745012,2013,
sa745014,2013,
sa745197,2013,
sa745229,2013,
sa746252,2013,
sa747574,2013,
sa747591,2013,
sa748442,2013,
sa748873,2013,
sa749655,2013,
sa749724,2013,
sa750371,2014,
sa750488,2013,
sa751541,2013,
sa751817,2013,
sa751968,2014,
sa75328,2006,
sa753429,2014,
sa753986,2013,
sa754679,2014,
sa754712,2013,
sa75538,2006,
sa755474,2014,
sa75569,2006,
sa797676,2013,
sa822170,2014,
sa822884,2014,
sa823925,2014,
sa824868,2016,
sa825763,2016,
sa826646,2015,
sa826647,2016,
sa826648,2016,
sa826649,2016,
sa826651,2016,
sa826652,2015,
sa826653,2016,
sa826656,2016,
sa826657,2016,
sa826658,2017,
sa826663,2015,
sa826664,2016,
sa826665,2016,
sa826667,2015,
sa826670,2016,
sa826672,2015,
sa826675,2014,
sa826676,2015,
sa826773,2016,
sa826777,2015,
sa826778,2015,
sa826786,2015,
sa826787,2015,
sa827077,2016,
sa827078,2016,
sa827084,2016,
sa827122,2014,
sa827126,2014,
sa827127,2015,
sa827128,2014,
sa827129,2015,
sa827130,2016,
sa827131,2015,
sa827132,2015,
sa827133,2014,
sa827134,2015,
sa827135,2015,
sa827136,2016,
sa827138,2016,
sa827139,2015,
sa827140,2015,
sa827145,2017,
sa827146,2015,
sa827150,2016,
sa827157,2014,
sa827158,2016,
sa827159,2016,
sa827162,2016,
sa827166,2015,
sa827169,2016,
sa827171,2015,
sa827174,2014,
sa827177,2015,
sa827178,2016,
sa827182,2014,
sa827185,2015,
sa827186,2016,
sa827188,2014,
sa827195,2014,
sa827200,2017,
sa827201,2014,
sa827209,2015,
sa827213,2016,
sa827245,2016,
sa827246,2016,
sa827247,2016,
sa827313,2015,
sa827317,2014,
sa827319,2016,
sa827323,2015,
sa827324,2017,
sa827327,2015,
sa827329,2015,
sa827330,2015,
sa827332,2014,
sa827335,2015,
sa827344,2016,
sa827347,2015,
sa827348,2015,
sa827354,2016,
sa827356,2015,
sa827357,2017,
sa827358,2015,
sa827359,2017,
sa827365,2015,
sa827369,2014,
sa827432,2017,
sa827936,2014,
sa827937,2014,
sa827938,2014,
sa827939,2014,
sa827940,2014,
sa827941,2014,
sa827943,2014,
sa827944,2014,
sa827945,2014,
sa827946,2014,
sa827947,2014,
sa827948,2014,
sa827951,2014,
sa827952,2014,
sa827953,2014,
sa827954,2014,
sa827955,2014,
sa827958,2014,
sa827959,2014,
sa827960,2014,
sa827962,2014,
sa827963,2014,
sa827964,2014,
sa827965,2014,
sa827966,2014,
sa827967,2014,
sa827968,2014,
sa827969,2014,
sa827970,2014,
sa827974,2014,
sa827975,2014,
sa827976,2014,
sa827977,2014,
sa827978,2014,
sa827979,2014,
sa827980,2014,
sa827981,2014,
sa828116,2014,
sa828117,2014,
sa828118,2014,
sa828119,2014,
sa828121,2014,
sa828122,2014,
sa828123,2014,
sa828124,2014,
sa828125,2014,
sa828126,2014,
sa828127,2014,
sa828128,2014,
sa828129,2014,
sa828130,2014,
sa828131,2014,
sa828132,2014,
sa828133,2014,
sa828136,2014,
sa828139,2014,
sa828146,2014,
sa828147,2014,
sa828148,2014,
sa828149,2014,
sa828150,2014,
sa828151,2014,
sa828159,2014,
sa828162,2014,
sa828163,2014,
sa828164,2014,
sa828166,2014,
sa828167,2014,
sa828168,2014,
sa828173,2014,
sa828175,2014,
sa828176,2014,
sa828177,2014,
sa828178,2014,
sa828179,2014,
sa828180,2014,
sa828181,2014,
sa828184,2014,
sa828185,2014,
sa828187,2014,
sa828188,2014,
sa828189,2014,
sa828196,2014,
sa828197,2014,
sa828200,2014,
sa828202,2014,
sa828204,2014,
sa828205,2014,
sa828206,2014,
sa828208,2014,
sa828209,2014,
sa828210,2014,
sa828212,2014,
sa828213,2014,
sa828218,2014,
sa828219,2014,
sa828220,2014,
sa828223,2015,
sa828229,2014,
sa828230,2014,
sa828231,2014,
sa828232,2014,
sa828233,2014,
sa828235,2014,
sa828237,2014,
sa828238,2014,
sa828240,2014,
sa828242,2014,
sa828243,2014,
sa828244,2014,
sa828245,2014,
sa828248,2014,
sa828249,2014,
sa828250,2014,
sa828252,2014,
sa828253,2014,
sa828254,2014,
sa828255,2014,
sa828256,2014,
sa828257,2014,
sa828259,2014,
sa828264,2014,
sa828266,2014,
sa828269,2014,
sa828270,2014,
sa828272,2014,
sa828274,2014,
sa828276,2014,
sa828279,2014,
sa828281,2014,
sa828284,2014,
sa828285,2014,
sa828286,2014,
sa828287,2014,
sa828292,2014,
sa828293,2014,
sa828294,2014,
sa828295,2014,
sa828296,2014,
sa828299,2014,
sa828300,2014,
sa828301,2014,
sa828302,2014,
sa828303,2014,
sa828305,2014,
sa828306,2014,
sa828307,2014,
sa828309,2014,
sa828311,2014,
sa828313,2014,
sa828314,2014,
sa828315,2014,
sa828316,2014,
sa828319,2014,
sa828320,2014,
sa828321,2014,
sa828322,2014,
sa828323,2014,
sa828324,2014,
sa828328,2014,
sa828329,2014,
sa828331,2014,
sa828332,2014,
sa828334,2014,
sa828335,2014,
sa828336,2014,
sa828337,2014,
sa828338,2014,
sa828339,2014,
sa828340,2014,
sa828341,2014,
sa828342,2014,
sa828344,2014,
sa828345,2014,
sa828355,2015,
sa828362,2014,
sa828363,2014,
sa828371,2014,
sa828378,2014,
sa828379,2014,
sa828380,2014,
sa828381,2014,
sa828382,2014,
sa828387,2014,
sa828389,2014,
sa828391,2014,
sa828392,2014,
sa828394,2014,
sa828397,2014,
sa828401,2014,
sa828403,2014,
sa828405,2014,
sa828406,2014,
sa828410,2014,
sa828411,2014,
sa828414,2014,
sa828415,2014,
sa828417,2014,
sa828418,2014,
sa828419,2014,
sa828422,2014,
sa828423,2014,
sa828425,2014,
sa828427,2014,
sa828429,2014,
sa828430,2014,
sa828432,2014,
sa828433,2014,
sa828436,2014,
sa828438,2014,
sa828441,2014,
sa828448,2014,
sa828449,2014,
sa828478,2014,
sa828487,2014,
sa828492,2014,
sa828497,2014,
sa828499,2014,
sa828502,2014,
sa828503,2014,
sa828504,2014,
sa828505,2019,
sa828507,2014,
sa828510,2014,
sa828522,2014,
sa828525,2014,
sa828526,2014,
sa828528,2014,
sa828537,2014,
sa828542,2014,
sa828544,2014,
sa828550,2014,
sa828551,2014,
sa828556,2014,
sa828573,2014,
sa828582,2014,
sa828587,2014,
sa828596,2014,
sa828597,2014,
sa828599,2014,
sa828601,2014,
sa828602,2014,
sa828664,2018,
sa828679,2014,
sa828683,2014,
sa828684,2015,
sa828685,2014,
sa828686,2014,
sa828692,2014,
sa828696,2016,
sa828705,2015,
sa828707,2018,
sa828708,2014,
sa828709,2014,
sa828715,2014,
sa828718,2014,
sa828720,2014,
sa828721,2014,
sa828732,2014,
sa828735,2014,
sa828745,2014,
sa828790,2015,
sa828792,2014,
sa828793,2016,
sa828797,2014,
sa828804,2018,
sa828808,2014,
sa828819,2014,
sa828826,2014,
sa828858,2014,
sa828860,2014,
sa828863,2014,
sa828864,2014,
sa828865,2014,
sa828866,2014,
sa828869,2014,
sa828870,2015,
sa828872,2015,
sa828876,2016,
sa828878,2014,
sa828893,2014,
sa828894,2014,
sa828896,2014,
sa828897,2014,
sa828959,2014,
sa828968,2014,
sa828969,2014,
sa828971,2014,
sa828973,2014,
sa829010,2015,
sa829014,2015,
sa829017,2014,
sa829018,2014,
sa829021,2014,
sa829026,2017,
sa829028,2014,
sa829029,2015,
sa829030,2014,
sa829034,2014,
sa829039,2015,
sa829043,2016,
sa829044,2014,
sa829045,2014,
sa829046,2014,
sa829047,2015,
sa829051,2015,
sa829055,2015,
sa829058,2015,
sa829059,2014,
sa829062,2016,
sa829066,2014,
sa829069,2014,
sa829073,2015,
sa829078,2017,
sa829082,2015,
sa829083,2014,
sa829085,2014,
sa829086,2014,
sa829106,2014,
sa829108,2014,
sa829110,2014,
sa829114,2014,
sa829115,2014,
sa829119,2015,
sa829120,2015,
sa829122,2016,
sa829123,2015,
sa829125,2014,
sa829126,2014,
sa829127,2014,
sa829128,2014,
sa829135,2015,
sa829137,2015,
sa829138,2014,
sa829139,2015,
sa829142,2014,
sa829150,2015,
sa829151,2014,
sa829153,2015,
sa829159,2016,
sa829161,2015,
sa829162,2015,
sa829163,2015,
sa829164,2014,
sa829167,2015,
sa829168,2018,
sa829169,2015,
sa829172,2015,
sa829180,2015,
sa829182,2014,
sa829184,2014,
sa829188,2016,
sa829189,2015,
sa829192,2014,
sa829199,2015,
sa829204,2015,
sa829211,2014,
sa829212,2014,
sa829215,2017,
sa829219,2015,
sa829222,2015,
sa829229,2014,
sa829230,2014,
sa829232,2014,
sa829237,2016,
sa829239,2014,
sa829240,2014,
sa829242,2019,
sa829252,2014,
sa829253,2015,
sa829254,2015,
sa829257,2018,
sa829261,2015,
sa829264,2014,
sa829268,2017,
sa829269,2015,
sa829270,2014,
sa829275,2014,
sa829276,2014,
sa829277,2017,
sa829278,2015,
sa829280,2014,
sa829282,2014,
sa829283,2014,
sa829287,2014,
sa829288,2015,
sa829292,2014,
sa829293,2014,
sa829294,2019,
sa829295,2014,
sa829296,2014,
sa829297,2015,
sa829300,2014,
sa829301,2014,
sa829302,2015,
sa829305,2016,
sa829306,2014,
sa829309,2014,
sa829317,2014,
sa829318,2014,
sa829319,2014,
sa829320,2015,
sa829321,2015,
sa829322,2014,
sa829325,2016,
sa829326,2014,
sa829329,2015,
sa829338,2015,
sa829341,2015,
sa829343,2015,
sa829344,2014,
sa829345,2014,
sa829348,2014,
sa829352,2014,
sa829356,2014,
sa829359,2014,
sa829362,2014,
sa829364,2014,
sa829366,2014,
sa829367,2015,
sa829372,2018,
sa829374,2015,2026.0
sa829375,2014,
sa829376,2015,
sa829378,2014,
sa829382,2018,
sa829383,2014,
sa829387,2014,
sa829393,2017,
sa829394,2015,
sa829401,2018,
sa829405,2015,
sa829408,2014,
sa829411,2014,
sa829413,2014,
sa829416,2014,
sa829421,2016,
sa829422,2014,
sa829424,2014,
sa829425,2014,
sa829428,2014,
sa829429,2014,
sa829430,2014,
sa829435,2014,
sa829438,2014,
sa829440,2014,
sa829441,2014,
sa829442,2015,
sa829443,2014,
sa829446,2015,
sa829450,2014,
sa829453,2014,
sa829454,2015,
sa829457,2014,
sa829459,2014,
sa829465,2015,
sa829468,2018,
sa829469,2014,
sa829473,2017,
sa829474,2015,
sa829475,2016,
sa829476,2015,
sa829478,2015,
sa829479,2014,
sa829481,2015,
sa829483,2017,
sa829485,2014,
sa829487,2014,
sa829492,2014,
sa829493,2014,
sa829494,2018,
sa829496,2015,
sa829497,2014,
sa829498,2015,
sa829501,2016,
sa829503,2016,
sa829512,2014,
sa829515,2014,
sa829519,2014,
sa829527,2016,
sa829529,2017,
sa829534,2014,
sa829535,2014,
sa829540,2017,
sa829543,2016,
sa829546,2014,
sa829549,2015,
sa829551,2019,
sa829556,2015,
sa829558,2015,
sa829560,2017,
sa829563,2014,
sa829575,2014,
sa829577,2014,
sa829578,2014,
sa829579,2016,
sa829582,2015,
sa829583,2014,
sa829584,2014,
sa829591,2014,
sa829602,2015,
sa829608,2014,
sa829616,2014,
sa829617,2014,
sa829620,2015,
sa829622,2014,
sa829625,2018,
sa829636,2014,
sa829644,2015,
sa829649,2015,
sa829659,2014,
sa829664,2017,
sa829667,2018,
sa829671,2016,
sa829678,2014,
sa829683,2015,
sa829684,2019,
sa829688,2019,
sa829697,2018,
sa829699,2018,
sa829703,2014,
sa829713,2017,
sa829715,2015,
sa829718,2017,
sa829719,2014,
sa829727,2015,
sa829728,2014,
sa829730,2014,
sa829751,2014,
sa829754,2016,
sa829755,2016,
sa829762,2015,
sa829776,2014,
sa829782,2014,
sa829783,2017,
sa829785,2016,
sa829787,2018,
sa829788,2014,
sa829796,2014,
sa829798,2014,
sa829803,2016,
sa829805,2017,
sa829813,2018,
sa829814,2019,
sa829816,2016,
sa829825,2014,
sa829826,2015,
sa829828,2014,
sa829832,2015,
sa829837,2018,
sa829838,2018,
sa829841,2014,
sa829844,2017,
sa829847,2014,
sa829856,2015,
sa829857,2017,
sa829867,2014,
sa829877,2014,
sa829879,2015,
sa829914,2014,
sa829916,2014,
sa829918,2014,
sa829978,2014,
sa830025,2014,
sa830037,2014,
sa830038,2014,
sa830041,2015,
sa830044,2014,
sa830115,2014,
sa830120,2014,
sa830140,2014,
sa830141,2014,
sa830142,2014,
sa830181,2016,
sa830199,2014,
sa830202,2014,
sa830203,2014,
sa830204,2014,
sa830207,2014,
sa830208,2014,
sa830209,2014,
sa830215,2014,
sa830216,2014,
sa830217,2014,
sa830220,2014,
sa830224,2014,
sa830227,2014,
sa830230,2014,
sa830239,2014,
sa830242,2014,
sa830277,2014,
sa830279,2014,
sa830280,2014,
sa830281,2014,
sa830284,2014,
sa830285,2014,
sa830289,2014,
sa830291,2014,
sa830294,2014,
sa830300,2014,
sa830303,2014,
sa830306,2014,
sa830328,2014,
sa830329,2014,
sa830331,2014,
sa830334,2014,
sa830336,2014,
sa830340,2014,
sa830342,2014,
sa830354,2014,
sa830355,2014,
sa830369,2014,
sa830370,2018,
sa830374,2014,
sa830414,2014,
sa830429,2014,
sa830472,2014,
sa830475,2014,
sa830476,2014,
sa830497,2015,
sa830539,2014,
sa830638,2014,
sa830657,2014,
sa830758,2014,
sa830767,2014,
sa830773,2014,
sa830784,2014,
sa830832,2015,
sa831023,2014,
sa831145,2014,
sa831146,2014,
sa831225,2014,
sa831745,2014,
sa831749,2014,
sa831802,2014,
sa831806,2014,
sa831851,2016,
sa831855,2017,
sa831986,2014,
sa832300,2014,
sa832477,2014,
sa832558,2014,
sa832570,2016,
sa832698,2014,
sa832883,2014,
sa832924,2014,
sa833000,2014,
sa833080,2014,
sa833333,2016,
sa833404,2014,
sa833639,2014,
sa833676,2014,
sa833764,2014,
sa834318,2014,
sa834449,2015,
sa834797,2014,
sa834828,2014,
sa836176,2014,
sa836204,2014,
sa836650,2014,
sa837580,2014,
sa837638,2014,
sa837662,2014,
sa837670,2014,
sa837926,2014,
sa838027,2014,
sa838070,2014,
sa839988,2014,
sa840069,2014,
sa840092,2014,
sa840194,2014,
sa842226,2014,
sa852308,2015,
sa856543,2018,
sa857217,2015,
sa857219,2017,
sa857225,2016,
sa857249,2016,
sa857538,2015,
sa857600,2021,
sa857618,2016,
sa857673,2016,
sa857704,2016,
sa857710,2016,
sa857712,2017,
sa857714,2015,
sa857715,2016,
sa857717,2017,
sa857718,2017,
sa857720,2015,
sa857721,2016,
sa857722,2016,
sa857726,2015,
sa857727,2016,
sa857730,2016,
sa857732,2015,
sa857747,2015,
sa857749,2017,
sa857752,2015,
sa857758,2016,
sa857760,2017,
sa857761,2016,
sa857763,2015,
sa857813,2015,
sa857819,2017,
sa857823,2017,
sa857824,2015,
sa857830,2015,
sa857838,2016,
sa857840,2016,
sa858021,2016,
sa858022,2017,
sa858026,2016,
sa858027,2016,
sa858028,2016,
sa858049,2016,
sa858051,2015,
sa858053,2015,
sa858055,2016,
sa858057,2016,
sa858059,2015,
sa858063,2016,
sa858215,2016,
sa858802,2016,
sa858805,2016,
sa858807,2017,
sa858812,2017,
sa858829,2016,
sa858834,2018,
sa858835,2017,
sa861014,2016,
sa862819,2015,
sa863270,2017,
sa863591,2016,
sa863716,2017,
sa868882,2016,
sa869541,2021,
sa869551,2015,
sa869554,2015,
sa869633,2015,
sa869674,2015,
sa869773,2016,
sa871433,2016,
sa871434,2016,
sa871435,2016,
sa871436,2016,
sa871437,2016,
sa871439,2016,
sa871441,2016,
sa871442,2016,
sa871443,2016,
sa871446,2016,
sa871447,2016,
sa871448,2016,
sa871455,2015,
sa871477,2016,
sa871478,2016,
sa871485,2016,
sa871841,2015,
sa872082,2015,
sa872127,2016,
sa872243,2017,
sa872405,2015,
sa872446,2015,
sa872447,2015,
sa872448,2015,
sa872449,2015,
sa872451,2015,
sa872452,2015,
sa872453,2015,
sa872455,2015,
sa872456,2015,
sa872457,2015,
sa872458,2015,
sa872459,2015,
sa872462,2015,
sa872463,2015,
sa872464,2015,
sa872466,2016,
sa872467,2015,
sa872468,2015,
sa872469,2015,
sa872470,2015,
sa872471,2015,
sa872475,2015,
sa872476,2015,
sa872478,2015,
sa872483,2015,
sa872484,2015,
sa872485,2015,
sa872486,2015,
sa872487,2015,
sa872488,2015,
sa872490,2015,
sa872491,2015,
sa872492,2015,
sa872493,2015,
sa872494,2015,
sa872495,2015,
sa872496,2015,
sa872497,2015,
sa872499,2015,
sa872500,2015,
sa872501,2015,
sa872502,2015,
sa872503,2015,
sa872504,2015,
sa872505,2015,
sa872509,2015,
sa872510,2015,
sa872511,2015,
sa872512,2015,
sa872513,2015,
sa872515,2015,
sa872516,2015,
sa872517,2015,
sa872518,2015,
sa872519,2015,
sa872520,2015,
sa872521,2015,
sa872522,2015,
sa872523,2015,
sa872524,2015,
sa872525,2015,
sa872527,2015,
sa872529,2015,
sa872531,2015,
sa872532,2015,
sa872533,2015,
sa872534,2015,
sa872535,2015,
sa872536,2015,
sa872538,2015,
sa872539,2015,
sa872540,2015,
sa872541,2015,
sa872543,2015,
sa872544,2015,
sa872547,2015,
sa872548,2015,
sa872549,2015,
sa872550,2015,
sa872551,2015,
sa872552,2015,
sa872553,2015,
sa872554,2015,
sa872555,2015,
sa872556,2015,
sa872557,2015,
sa872558,2015,
sa872559,2015,
sa872560,2015,
sa872563,2015,
sa872564,2015,
sa872565,2015,
sa872566,2015,
sa872568,2015,
sa872569,2015,
sa872570,2015,
sa872571,2015,
sa872572,2015,
sa872573,2015,
sa872574,2015,
sa872575,2015,
sa872576,2015,
sa872577,2015,
sa872578,2015,
sa872579,2015,
sa872581,2015,
sa872582,2015,
sa872583,2015,
sa872584,2015,
sa872585,2015,
sa872712,2017,
sa872720,2017,
sa872724,2019,
sa872729,2015,
sa872730,2015,
sa872731,2015,
sa872732,2015,
sa872733,2015,
sa872736,2015,
sa872737,2015,
sa872738,2015,
sa872739,2015,
sa872740,2015,
sa872741,2015,
sa872743,2015,
sa872746,2015,
sa872747,2015,
sa872748,2015,
sa872750,2015,
sa872752,2015,
sa872753,2015,
sa872754,2015,
sa872755,2015,
sa872756,2015,
sa872757,2015,
sa872760,2015,
sa872761,2015,
sa872762,2015,
sa872764,2015,
sa872765,2015,
sa872766,2015,
sa872772,2015,
sa872773,2015,
sa872774,2015,
sa872775,2015,
sa872776,2015,
sa872778,2015,
sa872779,2015,
sa872780,2015,
sa872781,2015,
sa872783,2015,
sa872784,2015,
sa872788,2015,
sa872789,2015,
sa872790,2015,
sa872792,2015,
sa872793,2015,
sa872794,2015,
sa872795,2015,
sa872796,2015,
sa872797,2015,
sa872798,2015,
sa872801,2015,
sa872802,2015,
sa872804,2015,
sa872805,2015,
sa872806,2015,
sa872807,2015,
sa872810,2015,
sa872811,2015,
sa872812,2015,
sa872813,2015,
sa872814,2015,
sa872817,2016,
sa872818,2015,
sa872821,2015,
sa872824,2019,
sa872828,2015,
sa872829,2015,
sa872831,2015,
sa872832,2015,
sa872834,2015,
sa872836,2015,
sa872837,2015,
sa872840,2015,
sa872842,2015,
sa872846,2015,
sa872850,2015,
sa872851,2015,
sa872852,2015,
sa872853,2015,
sa872854,2015,
sa872855,2015,
sa872858,2015,
sa872859,2015,
sa872860,2015,
sa872861,2015,
sa872862,2015,
sa872863,2015,
sa872866,2015,
sa872873,2015,
sa872875,2015,
sa872877,2015,
sa872881,2019,
sa873144,2015,
sa873149,2015,
sa873155,2015,
sa873158,2015,
sa873159,2015,
sa873161,2015,
sa873162,2015,
sa873164,2015,
sa873167,2015,
sa873170,2015,
sa873171,2015,
sa873172,2015,
sa873175,2015,
sa873178,2015,
sa873179,2015,
sa873181,2015,
sa873190,2015,
sa873191,2015,
sa873192,2015,
sa873196,2015,
sa873202,2015,
sa873204,2015,
sa873206,2015,
sa873210,2015,
sa873212,2015,
sa873215,2015,
sa873216,2015,
sa873253,2018,
sa873260,2016,
sa873276,2018,
sa873277,2017,
sa873303,2015,
sa873305,2015,
sa873307,2015,
sa873311,2015,
sa873312,2015,
sa873330,2015,
sa873335,2015,
sa873338,2015,
sa873345,2015,
sa873350,2015,
sa873436,2015,
sa873445,2015,
sa873447,2015,
sa873482,2015,
sa873484,2015,
sa873490,2015,
sa873539,2015,
sa873540,2015,
sa873544,2015,
sa873545,2015,
sa873546,2015,
sa873561,2015,
sa873596,2018,
sa873599,2016,
sa873611,2018,
sa873626,2017,
sa873629,2016,
sa873634,2016,
sa873681,2018,
sa873689,2017,
sa873696,2016,
sa873699,2017,
sa873712,2017,
sa873714,2015,
sa873718,2015,
sa873730,2015,
sa873773,2015,
sa873964,2017,
sa873973,2017,
sa873982,2017,
sa873984,2016,
sa873985,2015,
sa873988,2018,
sa873990,2017,
sa873997,2018,
sa873999,2017,
sa874040,2017,
sa874070,2016,
sa874078,2017,
sa874093,2016,
sa874101,2017,
sa874104,2017,
sa874105,2018,
sa874136,2016,
sa874141,2017,
sa874178,2017,
sa874194,2017,
sa874209,2017,
sa874211,2016,
sa874213,2018,
sa874222,2017,
sa874235,2017,
sa874236,2016,
sa874241,2015,
sa874244,2015,
sa874247,2015,
sa874481,2015,
sa874775,2015,
sa874791,2016,
sa874792,2015,
sa874793,2016,
sa874798,2015,
sa874799,2015,
sa874814,2015,
sa874992,2015,
sa875016,2015,
sa875023,2015,
sa875024,2015,
sa875027,2015,
sa875028,2015,
sa875030,2015,
sa875047,2015,
sa875053,2015,
sa875060,2017,
sa875061,2015,
sa875062,2015,
sa875065,2015,
sa875072,2016,
sa875081,2016,
sa875092,2015,
sa875097,2016,
sa875134,2015,
sa875163,2016,
sa875166,2016,
sa875183,2017,
sa875185,2016,
sa875191,2015,
sa875193,2015,
sa875194,2016,
sa875196,2015,
sa875205,2017,
sa875208,2016,
sa875212,2015,
sa875226,2016,
sa875228,2015,
sa875231,2015,
sa875232,2016,
sa875235,2016,
sa875238,2017,
sa875243,2015,
sa875244,2015,
sa875245,2015,
sa875248,2016,
sa875252,2017,
sa875259,2015,
sa875273,2017,
sa875274,2016,
sa875277,2015,
sa875279,2015,
sa875281,2017,
sa875284,2015,
sa875290,2015,
sa875291,2016,
sa875296,2016,
sa875303,2015,
sa875305,2016,
sa875309,2016,
sa875312,2015,
sa875313,2016,
sa875314,2015,
sa875317,2015,
sa875321,2016,
sa875322,2015,
sa875333,2015,
sa875335,2017,
sa875336,2015,
sa875339,2015,
sa875340,2018,
sa875341,2015,
sa875344,2015,
sa875349,2016,
sa875350,2016,
sa875352,2016,
sa875353,2015,
sa875361,2016,
sa875366,2015,
sa875369,2015,
sa875376,2015,
sa875381,2017,
sa875382,2016,
sa875387,2015,
sa875404,2015,
sa875406,2015,
sa875408,2015,
sa875412,2015,
sa875568,2016,
sa875578,2015,
sa875579,2016,
sa875581,2015,
sa875582,2015,
sa875583,2016,
sa875584,2015,
sa875586,2015,
sa875590,2016,
sa875596,2015,
sa875601,2015,
sa875605,2016,
sa875606,2016,
sa875612,2016,
sa875616,2018,
sa875622,2015,
sa875623,2015,
sa875624,2016,
sa875626,2015,
sa875630,2015,
sa875635,2015,
sa875639,2016,
sa875641,2015,
sa875642,2016,
sa875647,2015,
sa875650,2015,
sa875660,2015,
sa875667,2016,
sa875678,2015,
sa875688,2015,
sa875695,2016,
sa875699,2015,
sa875706,2016,
sa875710,2015,
sa875721,2016,
sa875722,2015,
sa875724,2016,
sa875727,2015,
sa875729,2016,
sa875735,2015,
sa875747,2015,
sa875748,2016,
sa875753,2016,
sa875755,2015,
sa875756,2015,
sa875761,2015,
sa875766,2015,
sa875767,2015,
sa875771,2016,
sa875775,2015,
sa875776,2017,
sa875777,2016,
sa875781,2016,
sa875782,2016,
sa875787,2015,
sa875788,2015,
sa875790,2015,
sa875799,2015,
sa875801,2015,
sa875804,2015,
sa875805,2015,
sa875808,2015,
sa875816,2016,
sa875819,2019,
sa875821,2015,
sa875822,2016,
sa875830,2016,
sa875833,2015,
sa875840,2016,
sa875847,2017,
sa875852,2015,
sa875854,2015,
sa875858,2015,
sa875859,2015,
sa875863,2015,
sa875864,2016,
sa875870,2015,
sa875872,2015,
sa875875,2015,
sa875877,2015,
sa875884,2016,
sa875888,2015,
sa875890,2015,
sa875892,2015,
sa875893,2015,
sa875894,2017,
sa875897,2015,
sa875979,2016,
sa875980,2016,
sa875986,2015,
sa875989,2015,
sa875991,2016,
sa875999,2016,
sa876017,2015,
sa876020,2016,
sa876028,2016,
sa876029,2016,
sa876035,2015,
sa876036,2015,
sa876037,2015,
sa876040,2015,
sa876050,2016,
sa876057,2015,
sa876069,2018,
sa876071,2015,
sa876075,2015,
sa876079,2016,
sa876084,2015,
sa876087,2017,
sa876089,2016,
sa876093,2016,
sa876094,2015,
sa876098,2015,
sa876102,2016,
sa876110,2015,
sa876111,2021,
sa876113,2017,
sa876118,2015,
sa876130,2015,
sa876134,2016,
sa876138,2015,
sa876144,2015,
sa876146,2018,
sa876158,2019,
sa876159,2019,
sa876160,2015,
sa876167,2015,
sa876175,2016,
sa876176,2015,
sa876181,2015,
sa876182,2016,
sa876185,2015,
sa876197,2015,
sa876203,2015,
sa876211,2016,
sa876215,2015,
sa876218,2015,
sa876234,2016,
sa876236,2018,
sa876239,2015,
sa876262,2015,
sa876268,2015,
sa876269,2015,
sa876277,2015,
sa876298,2015,
sa876307,2015,
sa876308,2016,
sa876314,2015,
sa876324,2017,
sa876334,2017,
sa876336,2016,
sa876360,2016,
sa876363,2015,
sa876376,2015,
sa876378,2015,
sa876379,2018,
sa876532,2015,
sa876536,2015,
sa876539,2015,
sa876556,2015,
sa876814,2015,
sa876861,2019,
sa877018,2015,
sa877022,2015,
sa877047,2015,
sa877123,2015,
sa877124,2015,
sa877312,2015,
sa877333,2015,
sa877334,2015,
sa877337,2015,
sa877338,2015,
sa877349,2015,
sa877350,2015,
sa877351,2015,
sa877352,2015,
sa877353,2015,
sa877365,2015,
sa877367,2015,
sa877368,2015,
sa877486,2015,
sa877491,2015,
sa877492,2015,
sa877493,2015,
sa877497,2015,
sa877499,2015,
sa877504,2015,
sa877519,2015,
sa877522,2015,
sa877524,2015,
sa877532,2015,
sa877549,2015,
sa877550,2015,
sa877554,2015,
sa877580,2015,
sa877581,2015,
sa877603,2015,
sa877607,2015,
sa877608,2016,
sa877609,2015,
sa877612,2015,
sa877617,2015,
sa877826,2015,
sa877839,2015,
sa877928,2015,
sa877931,2015,
sa878031,2015,
sa878080,2015,
sa878294,2015,
sa878423,2015,
sa878424,2015,
sa878478,2015,
sa878527,2015,
sa878529,2015,
sa878531,2015,
sa878742,2016,
sa878743,2016,
sa878784,2015,
sa878794,2015,
sa878799,2015,
sa879101,2015,
sa879273,2015,
sa879446,2016,
sa879514,2015,
sa879517,2015,
sa879555,2016,
sa879558,2015,
sa879559,2019,
sa879561,2015,
sa879801,2015,
sa879807,2015,
sa880045,2015,
sa880731,2015,
sa880735,2015,
sa880736,2015,
sa880737,2015,
sa880781,2015,
sa880795,2015,
sa880804,2015,
sa880808,2015,
sa880984,2015,
sa881077,2015,
sa881185,2015,
sa881295,2015,
sa881592,2015,
sa881850,2015,
sa881864,2015,
sa881866,2015,
sa882090,2015,
sa882195,2015,
sa882205,2016,
sa882601,2015,
sa882891,2015,
sa883288,2015,
sa883392,2015,
sa883465,2015,
sa883721,2015,
sa885129,2015,
sa888053,2016,
sa900974,2016,
sa906552,2016,
sa908626,2016,
sa913270,2016,
sa913277,2016,
sa913295,2016,
sa913305,2017,
sa913365,2017,
sa913367,2016,
sa913370,2017,
sa913717,2016,
sa913806,2016,
sa913928,2016,
sa914203,2016,
sa914242,2016,
sa914314,2016,
sa914315,2016,
sa914668,2017,
sa914819,2017,
sa915575,2017,
sa915589,2017,
sa915590,2018,
sa915593,2018,
sa915595,2017,
sa915600,2017,
sa915611,2017,
sa915613,2018,
sa915614,2017,
sa915617,2018,
sa915632,2019,
sa915642,2017,
sa915654,2017,
sa915658,2018,
sa915659,2017,
sa915666,2018,
sa915673,2018,
sa915683,2017,
sa915690,2017,
sa915700,2017,
sa915706,2018,
sa915707,2018,
sa915718,2016,
sa915727,2016,
sa915780,2018,
sa915789,2018,
sa915797,2018,
sa915803,2018,
sa915811,2018,
sa915820,2018,
sa915823,2018,
sa915838,2018,
sa915847,2018,
sa915851,2018,
sa915857,2018,
sa915865,2018,
sa915868,2017,
sa916703,2016,
sa916704,2016,
sa916709,2016,
sa916710,2016,
sa916718,2016,
sa916719,2016,
sa916720,2016,
sa916721,2016,
sa916723,2016,
sa916731,2016,
sa916732,2016,
sa916733,2016,
sa916734,2016,
sa916735,2016,
sa916736,2016,
sa916737,2016,
sa916738,2016,
sa916827,2016,
sa916830,2016,
sa916831,2016,
sa916832,2016,
sa916833,2016,
sa916843,2016,
sa916844,2016,
sa916845,2016,
sa916846,2016,
sa916847,2016,
sa916848,2016,
sa916849,2016,
sa916860,2016,
sa916952,2016,
sa916955,2016,
sa916956,2016,
sa916957,2016,
sa916965,2016,
sa916967,2016,
sa916969,2016,
sa916977,2016,
sa916978,2016,
sa916979,2016,
sa916981,2016,
sa916983,2016,
sa916987,2016,
sa916988,2016,
sa916991,2016,
sa916993,2016,
sa916994,2016,
sa916995,2016,
sa916996,2016,
sa916997,2016,
sa916999,2016,
sa917002,2016,
sa917003,2016,
sa917004,2016,
sa917005,2016,
sa917007,2016,
sa917009,2016,
sa917010,2016,
sa917012,2016,
sa917013,2016,
sa917015,2016,
sa917017,2016,
sa917018,2016,
sa917019,2016,
sa917022,2016,
sa917024,2016,
sa917025,2016,
sa917028,2016,
sa917033,2016,
sa917039,2016,
sa917051,2016,
sa917054,2016,
sa917055,2016,
sa917056,2016,
sa917058,2016,
sa917059,2016,
sa917064,2016,
sa917065,2016,
sa917066,2016,
sa917068,2016,
sa917069,2016,
sa917072,2016,
sa917074,2017,
sa917075,2016,
sa917077,2016,
sa917079,2016,
sa917081,2016,
sa917083,2016,
sa917084,2016,
sa917086,2016,
sa917087,2016,
sa917089,2016,
sa917091,2016,
sa917093,2016,
sa917095,2016,
sa917105,2016,
sa917106,2016,
sa917107,2016,
sa917108,2016,
sa917109,2016,
sa917110,2016,
sa917113,2016,
sa917115,2016,
sa917116,2016,
sa917117,2017,
sa917118,2016,
sa917119,2016,
sa917120,2016,
sa917122,2016,
sa917123,2016,
sa917124,2016,
sa917125,2016,
sa917127,2016,
sa917128,2016,
sa917129,2016,
sa917130,2016,
sa917131,2016,
sa917132,2016,
sa917133,2016,
sa917134,2016,
sa917135,2016,
sa917138,2016,
sa917139,2016,
sa917141,2016,
sa917142,2016,
sa917143,2016,
sa917144,2016,
sa917146,2016,
sa917147,2016,
sa917148,2016,
sa917149,2016,
sa917150,2016,
sa917151,2016,
sa917152,2016,
sa917153,2016,
sa917155,2016,
sa917156,2016,
sa917157,2016,
sa917159,2016,
sa917161,2016,
sa917164,2016,
sa917165,2016,
sa917166,2016,
sa917167,2016,
sa917168,2016,
sa917169,2016,
sa917170,2016,
sa917171,2016,
sa917172,2016,
sa917173,2016,
sa917177,2016,
sa917178,2016,
sa917179,2016,
sa917180,2016,
sa917182,2016,
sa917183,2016,
sa917184,2016,
sa917185,2016,
sa917186,2016,
sa917187,2016,
sa917188,2016,
sa917189,2016,
sa917191,2016,
sa917192,2016,
sa917193,2016,
sa917196,2016,
sa917197,2016,
sa917198,2016,
sa917241,2016,
sa917242,2016,
sa917275,2016,
sa917276,2016,
sa917277,2016,
sa917278,2016,
sa917279,2016,
sa917280,2016,
sa917281,2016,
sa917282,2016,
sa917283,2016,
sa917287,2016,
sa917289,2016,
sa917290,2016,
sa917291,2016,
sa917292,2016,
sa917293,2016,
sa917296,2016,
sa917297,2016,
sa917299,2016,
sa917301,2016,
sa917302,2016,
sa917303,2016,
sa917304,2016,
sa917306,2016,
sa917308,2016,
sa917309,2016,
sa917310,2016,
sa917311,2016,
sa917312,2016,
sa917313,2016,
sa917314,2016,
sa917315,2016,
sa917319,2016,
sa917320,2016,
sa917321,2016,
sa917322,2016,
sa917326,2016,
sa917328,2016,
sa917329,2016,
sa917330,2016,
sa917332,2016,
sa917334,2016,
sa917340,2016,
sa917341,2016,
sa917342,2016,
sa917343,2016,
sa917348,2016,
sa917349,2016,
sa917350,2016,
sa917351,2016,
sa917352,2016,
sa917353,2016,
sa917355,2016,
sa917360,2016,
sa917361,2016,
sa917363,2016,
sa917365,2016,
sa917372,2016,
sa917373,2016,
sa917378,2016,
sa917382,2016,
sa917386,2016,
sa917397,2016,
sa917398,2016,
sa917399,2016,
sa917400,2016,
sa917407,2016,
sa917414,2016,
sa917417,2016,
sa917443,2016,
sa917445,2016,
sa917459,2016,
sa917462,2016,
sa917463,2016,
sa917464,2016,
sa917465,2016,
sa917466,2016,
sa917468,2016,
sa917477,2016,
sa917478,2016,
sa917485,2016,
sa917487,2016,
sa917489,2016,
sa917491,2016,
sa917492,2016,
sa917494,2016,
sa917499,2016,
sa917517,2016,
sa917518,2016,
sa917519,2016,
sa917532,2016,
sa917533,2016,
sa917561,2016,
sa917562,2016,
sa917585,2016,
sa917586,2016,
sa917587,2016,
sa917593,2016,
sa917638,2016,
sa917640,2016,
sa917669,2016,
sa917687,2016,
sa917690,2016,
sa917737,2016,
sa917738,2016,
sa917741,2016,
sa917742,2016,
sa917743,2016,
sa917750,2016,
sa917754,2016,
sa917755,2016,
sa917767,2016,
sa917768,2016,
sa917787,2016,
sa917789,2016,
sa917790,2016,
sa917802,2016,
sa917809,2016,
sa917810,2016,
sa917811,2016,
sa917814,2016,
sa917824,2016,
sa917829,2016,
sa917834,2016,
sa917867,2016,
sa917904,2016,
sa917934,2016,
sa917935,2016,
sa917936,2016,
sa917939,2016,
sa917956,2016,
sa917968,2016,
sa917984,2016,
sa917991,2016,
sa917994,2016,
sa918007,2016,
sa918010,2016,
sa918023,2016,
sa918025,2016,
sa918028,2017,
sa918029,2016,
sa918034,2016,
sa918035,2016,
sa918042,2017,
sa918045,2017,
sa918049,2016,
sa918050,2017,
sa918086,2016,
sa918089,2016,
sa918092,2016,
sa918093,2016,
sa918095,2019,
sa918096,2016,
sa918098,2016,
sa918101,2016,
sa918102,2016,
sa918104,2019,
sa918107,2017,
sa918108,2016,
sa918114,2016,
sa918117,2017,
sa918131,2016,
sa918139,2016,
sa918146,2016,
sa918155,2016,
sa918156,2017,
sa918157,2016,
sa918163,2016,
sa918167,2016,
sa918180,2017,
sa918184,2017,
sa918186,2017,
sa918189,2017,
sa918193,2017,
sa918197,2016,
sa918198,2019,
sa918201,2017,
sa918203,2016,
sa918209,2016,
sa918212,2016,
sa918220,2016,
sa918257,2016,
sa918259,2017,
sa918264,2019,
sa918266,2016,
sa918269,2017,
sa918272,2017,
sa918278,2016,
sa918279,2016,
sa918282,2017,
sa918284,2016,
sa918288,2016,
sa918292,2017,
sa918294,2017,
sa918295,2019,
sa918297,2017,
sa918304,2016,
sa918307,2017,
sa918320,2017,
sa918323,2016,
sa918325,2016,
sa918332,2021,
sa918334,2017,
sa918335,2016,
sa918339,2016,
sa918343,2021,
sa918345,2016,
sa918350,2016,
sa918351,2016,
sa918359,2016,
sa918365,2016,
sa918366,2017,
sa918369,2016,
sa918370,2017,
sa918374,2017,
sa918375,2016,
sa918376,2016,
sa918387,2017,
sa918394,2017,
sa918405,2016,
sa918406,2018,
sa918407,2016,
sa918408,2021,
sa918409,2016,
sa918416,2016,
sa918418,2017,
sa918419,2016,
sa918424,2016,
sa918428,2016,
sa918432,2017,
sa918436,2016,
sa918439,2016,
sa918442,2016,
sa918444,2016,
sa918452,2018,
sa918456,2016,
sa918462,2017,
sa918466,2017,
sa918475,2016,
sa918476,2016,
sa918478,2016,
sa918487,2016,
sa918492,2018,
sa918493,2019,
sa918497,2016,
sa918498,2016,
sa918499,2016,
sa918500,2017,
sa918505,2017,
sa918506,2017,
sa918507,2016,
sa918508,2017,
sa918510,2018,
sa918511,2017,
sa918512,2016,
sa918518,2017,
sa918522,2016,
sa918523,2018,
sa918524,2016,
sa918526,2016,
sa918527,2016,
sa918528,2016,
sa918530,2017,
sa918533,2016,
sa918541,2016,
sa918543,2017,
sa918544,2016,
sa918552,2018,
sa918553,2017,
sa918557,2016,
sa918560,2016,
sa918564,2016,
sa918568,2018,
sa918573,2016,
sa918574,2016,
sa918576,2017,
sa918584,2016,
sa918586,2016,
sa918588,2016,
sa918590,2016,
sa918592,2016,
sa918593,2016,
sa918595,2016,
sa918606,2016,
sa918607,2016,
sa918608,2016,
sa918610,2016,
sa918611,2016,
sa918613,2016,
sa918616,2019,
sa918622,2016,
sa918625,2016,
sa918631,2016,
sa918639,2016,
sa918641,2016,
sa918648,2016,
sa918651,2016,
sa918654,2016,
sa918664,2016,
sa918667,2016,
sa918668,2017,
sa918677,2017,
sa918686,2019,
sa918688,2016,
sa918694,2017,
sa918698,2017,
sa918719,2017,
sa918721,2017,
sa918726,2016,
sa918728,2016,
sa918731,2016,
sa918733,2016,
sa918743,2016,
sa918748,2016,
sa918759,2016,
sa918769,2018,
sa918779,2017,
sa918780,2016,
sa918781,2016,
sa918785,2017,
sa918795,2016,
sa918800,2017,
sa918805,2017,
sa918818,2016,
sa918832,2017,
sa918837,2016,
sa918840,2017,
sa918855,2016,
sa918863,2016,
sa918864,2016,
sa918866,2016,
sa918868,2016,
sa918875,2016,
sa918877,2016,
sa918888,2016,
sa918894,2016,
sa918899,2018,
sa918901,2016,
sa918907,2016,
sa918911,2019,
sa918937,2016,
sa918943,2017,
sa918945,2016,
sa918961,2021,
sa918963,2016,
sa918966,2016,
sa918977,2017,
sa918978,2016,
sa918983,2021,
sa918984,2017,
sa918986,2017,
sa918997,2016,
sa919000,2016,
sa919007,2016,
sa919011,2017,
sa919016,2016,
sa919019,2016,
sa919023,2016,
sa919044,2016,
sa919154,2016,
sa919163,2016,
sa919164,2017,
sa919316,2016,
sa919331,2016,
sa919376,2016,
sa919393,2016,
sa919414,2016,
sa919500,2016,
sa919529,2016,
sa919532,2016,
sa919533,2016,
sa919534,2016,
sa919535,2016,
sa919536,2016,
sa919546,2016,
sa919547,2016,
sa919555,2016,
sa919821,2017,
sa919822,2016,
sa919823,2016,
sa919893,2016,
sa919903,2016,
sa919906,2016,
sa919908,2016,
sa919974,2016,
sa920033,2016,
sa920100,2016,
sa920102,2018,
sa920105,2016,
sa920171,2016,
sa920180,2016,
sa920243,2016,
sa920264,2016,
sa920265,2016,
sa920269,2016,
sa920276,2016,
sa920278,2018,
sa920299,2016,
sa920500,2016,
sa920744,2016,
sa920915,2016,
sa920929,2016,
sa920967,2017,
sa921190,2017,
sa921211,2016,
sa921212,2018,
sa921220,2016,
sa921224,2018,
sa921439,2016,
sa921444,2016,
sa921491,2016,
sa921552,2016,
sa921555,2016,
sa921562,2016,
sa921563,2016,
sa921577,2016,
sa921645,2016,
sa922035,2016,
sa922037,2016,
sa922050,2016,
sa922143,2016,
sa922148,2016,
sa922167,2016,
sa922180,2016,
sa922190,2016,
sa922364,2016,
sa922502,2017,
sa922560,2016,
sa922593,2016,
sa923039,2016,
sa923122,2016,
sa923239,2016,
sa923363,2016,
sa923828,2016,
sa923880,2016,
sa924090,2016,
sa924128,2016,
sa924293,2016,
sa924310,2016,
sa924722,2016,
sa924858,2016,
sa924859,2016,
sa925012,2016,
sa925089,2016,
sa927338,2018,
sa928820,2016,
sa929608,2016,
sa930081,2016,
sa930082,2016,
sa932146,2016,
sa943356,2016,
sa943517,2017,
sa944153,2016,
sa944154,2016,
sa944608,2016,
sa944624,2016,
sa945164,2016,
sa945803,2017,
sa945816,2016,
sa946156,2016,
sa946170,2016,
sa947761,2016,
sa948084,2016,
sa948929,2016,
sa956378,2017,
sa959924,2017,
sa962601,2017,
sa964182,2018,
sa964503,2017,
sa969045,2017,
sa969091,2017,
sa970515,2018,
sa975161,2017,
sa977733,2017,
sa977838,2017,
