Role,Player,playerid,mlbamid,Snapshot season,Highest level,Projection level,Highest rank,N levels,Level pattern,Current workload,Current age,Current meets application minimum,Current meets training minimum,History: top-20 age 27-30,History: made MLB,Made MLB percentile,Made MLB percentile reference N,Top-20 percentile,Top-20 percentile reference N,Combined percentile,Conservative percentile,Combined rank
Pitcher,Kendry Chourio,sa3067545,830402,2026,A+,A+,4,2,A | A+,42.666666666666664,18.0,True,True,0.15785493653865723,0.9348526317812064,99.92454728370221,3976,99.5609756097561,2050,99.74276144672916,99.5609756097561,1
Pitcher,David Shields,sa3067433,815789,2026,A+,A+,4,2,A | A+,116.66666666666667,19.000000000000004,True,True,0.16462889073268602,0.9294809438615538,99.84909456740442,3976,99.60975609756098,2050,99.72942533248269,99.60975609756098,2
Pitcher,Christian Zazueta,sa3018867,800537,2026,AA,AA,5,4,International Rookie | A | A+ | AA,50.0,21.0,True,True,0.15828535743182484,0.9852284899869507,99.82708933717579,3470,99.61464354527938,1557,99.72086644122759,99.61464354527938,3
Pitcher,Ramon Marquez,sa3067514,827408,2026,A+,A+,4,3,Complex | A | A+,40.0,20.0,True,True,0.14772942270407632,0.9320612554313079,99.87424547283702,3976,99.51219512195122,2050,99.69322029739412,99.51219512195122,4
Pitcher,Ryan Sloan,sa3067131,815549,2026,AA,AA,5,2,A | AA,97.33333333333333,20.0,True,True,0.1484762698738584,0.978581187827692,99.62536023054756,3470,99.61464354527938,1557,99.62000188791347,99.61464354527938,5
Pitcher,Miguel Sime Jr.,sa3069269,828137,2026,A+,A+,4,2,A | A+,46.0,19.0,True,True,0.18898751997185256,0.8739203115317086,99.44668008048289,3976,99.70731707317073,2050,99.57699857682681,99.44668008048289,6
Pitcher,Kade Anderson,37238,807739,2026,AA,AA,5,1,AA,93.33333333333333,21.0,True,True,0.13127385487588425,0.9893509013401238,99.88472622478386,3470,99.22928709055877,1557,99.55700665767131,99.22928709055877,7
Pitcher,Cam Caminiti,sa3025607,807284,2026,A+,A+,4,2,A | A+,83.33333333333333,19.0,True,True,0.1462752259246348,0.8860098720481746,99.52213279678068,3976,99.51219512195122,2050,99.51716395936594,99.51219512195122,8
Pitcher,Braylon Doughty,sa3067030,815785,2026,AA,AA,5,3,A | A+ | AA,44.666666666666664,20.0,True,True,0.13310288512456753,0.9762041436274815,99.53890489913545,3470,99.22928709055877,1557,99.38409599484712,99.22928709055877,9
Pitcher,Boston Bateman,sa3067145,815348,2026,A+,A+,4,2,A | A+,86.33333333333333,20.0,True,True,0.14819137022713844,0.8571987865435595,99.22032193158954,3976,99.51219512195122,2050,99.36625852677038,99.22032193158954,10
Pitcher,Dasan Hill,sa3067070,815598,2026,A+,A+,4,2,A | A+,61.33333333333333,20.0,True,True,0.13916486902696443,0.8478983815262194,99.14486921529175,3976,99.41463414634147,2050,99.27975168081662,99.14486921529175,11
Pitcher,Johnny King,sa3067123,803516,2026,A+,A+,4,3,Complex | A | A+,84.0,19.0,True,True,0.13322945271529246,0.8617390207604009,99.27062374245473,3976,99.21951219512195,2050,99.24506796878833,99.21951219512195,12
Pitcher,Micah Ashman,sa3025559,809840,2026,AA,AA,5,2,A+ | AA,49.333333333333336,23.0,True,True,0.12276266499152791,0.9838682507553886,99.76945244956772,3470,98.71547848426461,1557,99.24246546691617,98.71547848426461,13
Pitcher,Braylon Doughty,sa3067030,815785,2026,A+,A+,4,2,A | A+,59.666666666666664,20.0,True,True,0.11258138802564048,0.8874973566864727,99.52213279678068,3976,98.58536585365853,2050,99.0537493252196,98.58536585365853,14
Pitcher,Wei-En Lin,sa3067072,827734,2026,AA,AA,5,3,A | A+ | AA,51.333333333333336,20.0,True,True,0.11855838687253874,0.9782841839499187,99.62536023054756,3470,98.45857418111753,1557,99.04196720583255,98.45857418111753,15
Pitcher,Johnny King,sa3067123,803516,2026,AA,AA,5,4,Complex | A | A+ | AA,21.333333333333332,19.0,True,False,0.12517809681305475,0.9603803938793694,98.96253602305475,3470,98.84393063583815,1557,98.90323332944645,98.84393063583815,16
Pitcher,Seth Hernandez,sa3069247,815825,2026,A+,A+,4,2,A | A+,46.0,20.0,True,True,0.11894060766679902,0.8009507775006265,98.46579476861167,3976,98.8780487804878,2050,98.67192177454973,98.46579476861167,17
Pitcher,Junior Sanchez,sa3022009,808087,2026,A+,A+,4,4,International Rookie | Complex | A | A+,41.333333333333336,20.0,True,True,0.09696693300896554,0.8668416845535465,99.34607645875252,3976,97.95121951219512,2050,98.64864798547381,97.95121951219512,18
Pitcher,Yhoiker Fajardo,sa3024273,823369,2026,A+,A+,4,4,International Rookie | Complex | A | A+,76.33333333333333,19.0,True,True,0.09643041518974,0.8518472640128689,99.17002012072435,3976,97.95121951219512,2050,98.56061981645973,97.95121951219512,19
Pitcher,Cam Caminiti,sa3025607,807284,2026,AA,AA,5,3,A | A+ | AA,31.333333333333332,19.0,True,True,0.11500560691743686,0.955023933450544,98.70317002881845,3470,98.330122029544,1557,98.51664602918123,98.330122029544,20
Pitcher,Sandro Santana,sa3021030,811139,2026,A+,A+,4,3,International Rookie | A | A+,30.666666666666668,21.0,True,True,0.10178498709129712,0.8295167171904767,98.96881287726359,3976,98.0,2050,98.4844064386318,98.0,21
Pitcher,Josh Knoth,sa3023420,805807,2026,A+,A+,4,2,A | A+,68.66666666666667,20.0,True,True,0.11144248927404217,0.787489827537364,98.2897384305835,3976,98.58536585365853,2050,98.437552142121,98.2897384305835,22
Pitcher,Kendry Chourio,sa3067545,830402,2026,A,A,3,1,A,48.0,18.0,True,True,0.09421098563240071,0.7798665847994499,99.67112990368804,4257,97.13201180936314,2371,98.40157085652558,97.13201180936314,23
Pitcher,Dylan Brown,sa3027818,832562,2026,A+,A+,4,2,A | A+,83.33333333333333,22.0,True,True,0.1084331966528689,0.7733780025951057,97.93762575452716,3976,98.39024390243902,2050,98.1639348284831,97.93762575452716,24
Pitcher,Landon Harmon,sa3069265,816102,2026,A,A,3,1,A,39.333333333333336,19.0,True,True,0.09553614425718014,0.7177798734205126,98.98989898989899,4257,97.25854070012653,2371,98.12421984501276,97.25854070012653,25
Pitcher,Franklin Gomez,sa3019153,800338,2026,A+,A+,4,3,International Rookie | A | A+,58.0,20.0,True,True,0.09514141163415452,0.7873465403720166,98.2897384305835,3976,97.90243902439025,2050,98.09608872748687,97.90243902439025,26
Pitcher,Yhoiker Fajardo,sa3024273,823369,2026,AA,AA,5,5,International Rookie | Complex | A | A+ | AA,25.0,19.0,True,False,0.12098118218073338,0.9360849523705993,97.43515850144092,3470,98.65125240847784,1557,98.04320545495938,97.43515850144092,27
Pitcher,Braeden Sloan,sa3042435,800630,2026,A+,A+,4,1,A+,46.333333333333336,22.0,True,True,0.09899048604079046,0.7517315284080274,97.45975855130784,3976,98.0,2050,97.72987927565393,97.45975855130784,28
Pitcher,Dylan Jordan,sa3067384,813335,2026,A,A,3,2,Complex | A,80.0,20.0,True,True,0.0850820444736958,0.7107645822383127,98.91942682640357,4257,96.45719105862506,2371,97.68830894251431,96.45719105862506,29
Pitcher,Jedixson Paez,29114,699151,2026,AA,AA,5,5,International Rookie | Complex | A | A+ | AA,49.0,22.0,True,True,0.10929537010154756,0.9370463743891408,97.55043227665706,3470,97.81631342324984,1557,97.68337284995346,97.55043227665706,30
Pitcher,Cam Leiter,sa3036203,804942,2026,A,A,3,1,A,43.666666666666664,22.0,True,True,0.088276548906766,0.6830486122923739,98.42612168193564,4257,96.79460143399409,2371,97.61036155796486,96.79460143399409,31
Pitcher,Ethan Bagwell,sa3025661,815626,2026,A+,A+,4,2,A | A+,40.0,20.0,True,True,0.08668749670719085,0.786742230244027,98.2645875251509,3976,96.92682926829268,2050,97.59570839672179,96.92682926829268,32
Pitcher,Lucas Kelly,sa3059658,805220,2026,A+,A+,4,1,A+,31.333333333333332,22.0,True,True,0.1060863531512995,0.7307774335828949,96.83098591549296,3976,98.34146341463415,2050,97.58622466506355,96.83098591549296,33
Pitcher,Jagger Beck,sa3067440,828672,2026,A,A,3,1,A,86.66666666666667,19.0,True,True,0.0826149265421494,0.6996204399975418,98.68451961475218,4257,96.16195698017714,2371,97.42323829746465,96.16195698017714,34
Pitcher,Gage Jump,35418,695611,2026,AAA,AAA,6,3,A+ | AA | AAA,38.0,23.0,True,True,0.19698723575280289,0.9929100570091743,97.22340879965826,2341,97.44483159117306,861,97.33412019541566,97.22340879965826,35
Pitcher,L.P. Langevin,sa3035936,692137,2026,A+,A+,4,1,A+,55.333333333333336,22.000000000000004,True,True,0.10421734587321621,0.7023298038050091,95.97585513078471,3976,98.29268292682927,2050,97.13426902880698,95.97585513078471,36
Pitcher,Elmer Rodriguez,31811,695684,2026,AAA,AAA,6,5,Complex | A | A+ | AA | AAA,101.66666666666667,22.000000000000004,True,True,0.2039050855047396,0.9916707671516926,96.4545066211021,2341,97.79326364692218,861,97.12388513401214,96.4545066211021,37
Pitcher,Karson Milbrandt,sa3020659,703596,2026,AA,AA,5,3,A | A+ | AA,47.0,22.0,True,True,0.09269968984653514,0.9736253600910234,99.42363112391931,3470,94.79768786127168,1557,97.11065949259549,94.79768786127168,38
Pitcher,Garrett Baumann,sa3023310,803833,2026,AA,AA,5,3,A | A+ | AA,76.0,21.0,True,True,0.09775468811165076,0.9380205203162916,97.6657060518732,3470,96.53179190751445,1557,97.09874897969382,96.53179190751445,39
Pitcher,Johnny Slawinski,sa3069264,828989,2026,Complex,Complex,2,1,Complex,54.0,19.0,True,True,0.032862648800692465,0.39119031076721633,98.75328083989501,1524,95.31548757170172,1046,97.03438420579837,95.31548757170172,40
Pitcher,Daviel Hurtado,sa3023674,808064,2026,A+,A+,4,2,A | A+,77.0,21.0,True,True,0.08818690477064761,0.7326715994861083,96.85613682092556,3976,97.17073170731707,2050,97.01343426412132,96.85613682092556,41
Pitcher,Hagen Smith,35205,696146,2026,AAA,AAA,6,2,AA | AAA,58.333333333333336,22.0,True,True,0.2281996097918491,0.9879150701784444,95.08756941478,2341,98.60627177700349,861,96.84692059589175,95.08756941478,42
Pitcher,Bishop Letson,sa3023526,811309,2026,AA,AA,5,3,A | A+ | AA,94.66666666666667,21.0,True,True,0.09614988995551757,0.9368718490817238,97.55043227665706,3470,95.95375722543352,1557,96.75209475104529,95.95375722543352,43
Pitcher,Nate Snead,sa3042668,805422,2026,A+,A+,4,1,A+,35.333333333333336,22.0,True,True,0.07908713145100589,0.7473468615111144,97.40945674044265,3976,95.95121951219512,2050,96.68033812631889,95.95121951219512,44
Pitcher,Jacob Bresnahan,sa3023066,815298,2026,A+,A+,4,3,Complex | A | A+,98.66666666666667,21.0,True,True,0.08236097626239793,0.7260675287630797,96.68008048289738,3976,96.48780487804878,2050,96.58394268047309,96.48780487804878,45
Pitcher,Ethan Dorchies,sa3067421,828475,2026,A+,A+,4,3,Complex | A | A+,113.0,19.0,True,True,0.07783956135172498,0.7448131213979794,97.38430583501005,3976,95.70731707317073,2050,96.5458114540904,95.70731707317073,46
Pitcher,Tanner Franklin,sa3031652,815119,2026,AA,AA,5,2,A+ | AA,32.333333333333336,22.0,True,True,0.09446732539436183,0.940137540596872,97.7521613832853,3470,95.24727039177907,1557,96.49971588753218,95.24727039177907,47
Pitcher,Luis Gastelum,33027,703725,2026,AAA,AAA,6,3,A | AA | AAA,43.666666666666664,24.0,True,True,0.2051455737441641,0.9879206114824995,95.08756941478,2341,97.90940766550523,861,96.49848854014262,95.08756941478,48
Pitcher,Nicolas Carreno,sa3022004,807993,2026,A,A,3,3,International Rookie | Complex | A,41.666666666666664,20.0,True,True,0.07148884986751003,0.720743998676857,99.01338971106414,4257,93.96878954027837,2371,96.49108962567125,93.96878954027837,49
Pitcher,Lucas Elissalt,sa3067134,827640,2026,A+,A+,4,2,A | A+,75.0,21.0,True,True,0.08123614747445872,0.7204144230996966,96.55432595573441,3976,96.29268292682927,2050,96.42350444128184,96.29268292682927,50
Pitcher,Kelvis Salcedo,sa3021531,808383,2026,A,A,3,3,International Rookie | Complex | A,35.666666666666664,20.0,True,True,0.07488785174933414,0.6410175820452233,97.6979093258163,4257,94.93884436946436,2371,96.31837684764034,94.93884436946436,51
Pitcher,Marty Gair,sa3031829,700248,2026,A,A,3,1,A,33.0,22.0,True,True,0.08630713936936331,0.5640102039064606,95.9830866807611,4257,96.62589624630958,2371,96.30449146353534,95.9830866807611,52
Pitcher,Rory Fox,sa3031610,812431,2026,AA,AA,5,2,A+ | AA,47.666666666666664,21.999999999999996,True,True,0.09790464367419084,0.9190449148378753,95.96541786743516,3470,96.53179190751445,1557,96.24860488747481,95.96541786743516,53
Pitcher,Elier Morillo,sa3022138,808497,2026,A,A,3,2,International Rookie | A,58.0,20.0,True,True,0.07472364957307044,0.6184881880047233,97.3455485083392,4257,94.89666807254324,2371,96.12110829044121,94.89666807254324,54
Pitcher,Kash Mayfield,sa3067104,824026,2026,A+,A+,4,2,A | A+,53.333333333333336,21.0,True,True,0.0781306438029112,0.7044197204814914,96.0513078470825,3976,95.95121951219512,2050,96.00126367963881,95.95121951219512,55
Pitcher,Brady Smith,sa3067255,806224,2026,A,A,3,1,A,65.0,21.0,True,True,0.07434118434056548,0.6090802001850703,97.13413201785295,4257,94.81231547870097,2371,95.97322374827695,94.81231547870097,56
Pitcher,Argenis Cayama,sa3025006,821783,2026,A,A,3,3,International Rookie | Complex | A,57.333333333333336,19.000000000000004,True,True,0.06815224156350931,0.7264643249502811,99.03688043222927,4257,92.83002952340784,2371,95.93345497781856,92.83002952340784,57
Pitcher,Alex Clemmey,sa3023421,806046,2026,AA,AA,5,3,A | A+ | AA,123.33333333333333,20.0,True,True,0.10540978539177315,0.9033762036433601,94.69740634005764,3470,97.10982658959537,1557,95.90361646482651,94.69740634005764,58
Pitcher,Sadbiel Delzine,sa3068089,829094,2026,A,A,3,2,Complex | A,25.0,18.0,True,False,0.07545779401275161,0.5948987199904072,96.75828047921071,4257,95.02319696330662,2371,95.89073872125866,95.02319696330662,59
Pitcher,Mason Peters,sa3060252,830336,2026,A,A,3,1,A,50.333333333333336,22.000000000000004,True,True,0.07250202745733171,0.6159453658894278,97.29856706600893,4257,94.4327288064108,2371,95.86564793620985,94.4327288064108,60
Pitcher,Caden Scarborough,sa3025060,807291,2026,A+,A+,4,2,A | A+,48.333333333333336,21.0,True,True,0.0788149105691584,0.6912194367580815,95.72434607645876,3976,95.95121951219512,2050,95.83778279432694,95.72434607645876,61
Pitcher,Trevor Harrison,sa3023629,807314,2026,A+,A+,4,3,Complex | A | A+,97.66666666666667,20.0,True,True,0.07752417456848838,0.6987572971701725,95.87525150905432,3976,95.65853658536585,2050,95.76689404721009,95.65853658536585,62
Pitcher,Eliazar Dishmey,sa3019181,803244,2026,AA,AA,5,5,International Rookie | Complex | A | A+ | AA,71.0,21.0,True,True,0.08598007169241456,0.9410346382015734,97.80979827089337,3470,92.54977520873474,1557,95.17978673981406,92.54977520873474,63
Pitcher,Levi Sterling,sa3066664,815552,2026,A,A,3,2,Complex | A,96.0,19.0,True,True,0.06641806429632668,0.6413893632220745,97.6979093258163,4257,92.11303247574862,2371,94.90547090078246,92.11303247574862,64
Pitcher,Gage Wood,sa3045536,805906,2026,AA,AA,5,2,A | AA,68.66666666666667,22.0,True,True,0.0841591235780971,0.9418741300828327,97.83861671469741,3470,91.97174052665382,1557,94.90517862067561,91.97174052665382,65
Pitcher,Mavis Graves,sa3021472,703496,2026,A+,A+,4,3,Complex | A | A+,58.333333333333336,22.0,True,True,0.07582969839803583,0.6533610595340169,94.2907444668008,3976,95.51219512195122,2050,94.90146979437601,94.2907444668008,66
Pitcher,Sterling Patick,sa3024981,814507,2026,A+,A+,4,2,A | A+,102.66666666666667,21.0,True,True,0.08026450871718656,0.6438114562179363,93.63682092555332,3976,96.14634146341463,2050,94.89158119448398,93.63682092555332,67
Pitcher,Olmedo Barria,sa3076953,829853,2026,International Rookie,International Rookie,1,1,International Rookie,45.0,19.0,True,True,0.008941513658423538,0.141314311470346,90.19073569482289,2202,99.55357142857143,1568,94.87215356169716,90.19073569482289,68
Pitcher,Dean Livingston,sa3069272,828344,2026,A,A,3,1,A,57.666666666666664,18.999999999999996,True,True,0.06966552576092863,0.5706623111119069,96.2179938924125,4257,93.50485027414592,2371,94.86142208327921,93.50485027414592,69
Pitcher,Liam Paddack,sa3039330,822473,2026,AA,AA,5,3,A | A+ | AA,33.0,22.0,True,True,0.08551346729686198,0.93538173619697,97.37752161383285,3470,92.29287090558766,1557,94.83519625971026,92.29287090558766,70
Pitcher,Cristhian Duarte,sa3067622,832311,2026,International Rookie,International Rookie,1,1,International Rookie,43.0,18.0,True,True,0.00812326800336788,0.14064283813630377,90.19073569482289,2202,99.17091836734694,1568,94.68082703108492,90.19073569482289,71
Pitcher,Caden Hunter,sa3059552,827267,2026,AA,AA,5,3,A | A+ | AA,35.0,22.0,True,True,0.08114608304641317,0.9488357795281032,98.44380403458213,3470,90.87989723827874,1557,94.66185063643044,90.87989723827874,72
Pitcher,Sadbiel Delzine,sa3068089,829094,2026,Complex,Complex,2,1,Complex,39.666666666666664,18.0,True,True,0.02775641186606658,0.31675900262657936,95.60367454068242,1524,93.69024856596559,1046,94.646961553324,93.69024856596559,73
Pitcher,Joe Whitman,sa3023131,802126,2026,AA,AA,5,3,A | A+ | AA,50.333333333333336,24.0,True,True,0.08686783877728371,0.9259686589648717,96.48414985590779,3470,92.80667951188182,1557,94.64541468389481,92.80667951188182,74
Pitcher,Christian Zazueta,sa3018867,800537,2026,A+,A+,4,3,International Rookie | A | A+,48.666666666666664,21.0,True,True,0.061484443231048264,0.780491746939591,98.08853118712274,3976,91.1219512195122,2050,94.60524120331746,91.1219512195122,75
Pitcher,Lan-Hong Su,sa3076261,837088,2026,A,A,3,1,A,32.0,19.0,True,True,0.07121410984434691,0.5436642483681832,94.99647639182523,4257,93.84226064951497,2371,94.4193685206701,93.84226064951497,76
Pitcher,Leonard Garcia,sa3015156,692623,2026,AA,AA,5,4,Complex | A | A+ | AA,41.0,22.0,True,True,0.08269223443028667,0.9316273863245184,97.06051873198847,3470,91.58638407193321,1557,94.32345140196084,91.58638407193321,77
Pitcher,Talon Haley,sa3069296,813989,2026,A,A,3,1,A,87.66666666666667,20.0,True,True,0.0670403332174222,0.5680229384734147,96.14752172891708,4257,92.45044285111767,2371,94.29898229001738,92.45044285111767,78
Pitcher,Mitch Bratt,30003,683352,2026,AAA,AAA,6,4,A | A+ | AA | AAA,58.0,22.0,True,True,0.1761185115061205,0.9807192557298313,92.60999572832122,2341,95.9349593495935,861,94.27247753895736,92.60999572832122,79
Pitcher,Drew Rom,24602,680723,2026,AAA,AAA,6,5,Complex | A | A+ | AA | AAA,41.0,26.0,True,True,0.15071916136419133,0.9904511807426175,95.94190516873131,2341,92.45063879210221,861,94.19627198041675,92.45063879210221,80
Pitcher,Steven Echavarria,sa3023560,806064,2026,AA,AA,5,3,A | A+ | AA,23.666666666666668,20.0,True,False,0.08664013173935083,0.9130130228973132,95.53314121037464,3470,92.80667951188182,1557,94.16991036112823,92.80667951188182,81
Pitcher,Noah Schultz,32056,702273,2026,AAA,AAA,6,4,A | A+ | AA | AAA,44.666666666666664,22.0,True,True,0.15071730339929315,0.9901810019341529,95.85647159333618,2341,92.45063879210221,861,94.1535551927192,92.45063879210221,82
Pitcher,Adrian Ardines,sa3024257,821593,2026,Complex,Complex,2,2,International Rookie | Complex,52.666666666666664,19.0,True,True,0.022350193467918108,0.384395667647199,98.75328083989501,1524,89.48374760994264,1046,94.11851422491883,89.48374760994264,83
Pitcher,Anthony Eyanson,sa3031104,809254,2026,AA,AA,5,2,A+ | AA,79.0,21.0,True,True,0.07711555340409797,0.9685065593043014,99.164265129683,3470,88.95311496467566,1557,94.05869004717934,88.95311496467566,84
Pitcher,Emilio Obispo,sa3024918,827448,2026,A+,A+,4,3,International Rookie | A | A+,27.0,19.0,True,False,0.06699156296811697,0.6696465961606298,94.96981891348088,3976,92.97560975609755,2050,93.97271433478922,92.97560975609755,85
Pitcher,Casey Hintz,sa3033864,808750,2026,A+,A+,4,1,A+,55.0,22.0,True,True,0.07446302445049265,0.6272672737469559,92.6056338028169,3976,95.26829268292683,2050,93.93696324287185,92.6056338028169,86
Pitcher,Jackson Cox,sa3020899,702484,2026,A+,A+,4,2,A | A+,55.333333333333336,22.000000000000004,True,True,0.06769100558262066,0.6516319934390378,94.2655935613682,3976,93.26829268292683,2050,93.76694312214752,93.26829268292683,87
Pitcher,Louis Marinaro,sa3076088,835516,2026,A,A,3,1,A,52.666666666666664,21.0,True,True,0.06245785303607333,0.5973040525265035,96.78177120037586,4257,90.63686208350907,2371,93.70931664194246,90.63686208350907,88
Pitcher,Jacob Kmatz,sa3035522,695771,2026,AA,AA,5,3,A | A+ | AA,42.333333333333336,23.0,True,True,0.0847818681642194,0.91024081216851,95.27377521613833,3470,92.10019267822736,1557,93.68698394718285,92.10019267822736,89
Pitcher,Caden Hunter,sa3059552,827267,2026,A+,A+,4,2,A | A+,45.0,22.0,True,True,0.070024956774373,0.6398329457150785,93.36016096579476,3976,93.95121951219512,2050,93.65569023899494,93.36016096579476,90
Pitcher,Philip Abner,33821,691769,2026,AAA,AAA,6,2,AA | AAA,32.333333333333336,24.0,True,True,0.17386724294130482,0.9738429058491834,91.28577530969672,2341,95.81881533101046,861,93.55229532035358,91.28577530969672,91
Pitcher,Joseph Dzierwa,sa3030726,804530,2026,AA,AA,5,2,A+ | AA,90.33333333333333,22.0,True,True,0.07849300955751776,0.9338607014757153,97.31988472622479,3470,89.72382787411689,1557,93.52185630017084,89.72382787411689,92
Pitcher,Jackson Ferris,sa3020891,701328,2026,AAA,AAA,6,4,A | A+ | AA | AAA,101.33333333333333,21.999999999999996,True,True,0.16192906085548933,0.9812167980996092,92.6527125160188,2341,94.3089430894309,861,93.48082780272485,92.6527125160188,93
Pitcher,Gabriel Hughes,31614,687312,2026,AAA,AAA,6,3,A+ | AA | AAA,40.666666666666664,24.0,True,True,0.14383294359213247,0.991422212976205,96.4545066211021,2341,90.47619047619048,861,93.46534854864629,90.47619047619048,94
Pitcher,Nate Lavender,30109,681320,2026,AAA,AAA,6,2,A+ | AAA,33.0,26.0,True,True,0.15315635728512644,0.9849523880375984,93.89149935924819,2341,93.03135888501743,861,93.46142912213281,93.03135888501743,95
Pitcher,Jaden Woods,sa3023064,692243,2026,AAA,AAA,6,3,A+ | AA | AAA,31.333333333333336,23.999999999999996,True,True,0.16348296008083268,0.9781693358647515,92.18282785134558,2341,94.42508710801394,861,93.30395747967975,92.18282785134558,96
Pitcher,Franco Aleman,30195,680916,2026,AAA,AAA,6,4,A | A+ | AA | AAA,32.666666666666664,26.0,True,True,0.14478468479074702,0.9893612011094396,95.4720205040581,2341,90.82462253193961,861,93.14832151799885,90.82462253193961,97
Pitcher,Leonel Sequera,sa3019268,800320,2026,A+,A+,4,4,International Rookie | Complex | A | A+,79.66666666666667,20.0,True,True,0.06651582685154289,0.6408072808734805,93.43561368209255,3976,92.82926829268293,2050,93.13244098738774,92.82926829268293,98
Pitcher,Christian Oppor,sa3022950,803291,2026,AA,AA,5,4,Complex | A | A+ | AA,24.666666666666668,21.0,True,False,0.08076010788772264,0.9077193833820391,95.07204610951008,3470,90.87989723827874,1557,92.9759716738944,90.87989723827874,99
Pitcher,Gary Gill Hill,sa3020972,804541,2026,AA,AA,5,4,Complex | A | A+ | AA,107.66666666666666,21.000000000000004,True,True,0.0909507633618924,0.8610061626045346,91.5850144092219,3470,94.28387925497752,1557,92.93444683209971,91.5850144092219,100
Pitcher,Jeyver Manaure,sa3077011,838053,2026,International Rookie,International Rookie,1,1,International Rookie,49.0,19.0,True,True,0.007548897833677015,0.12726640723889784,87.05722070844686,2202,98.72448979591837,1568,92.89085525218262,87.05722070844686,101
Pitcher,Nicolas Carreno,sa3022004,807993,2026,A+,A+,4,4,International Rookie | Complex | A | A+,58.333333333333336,20.0,True,True,0.06421304977501228,0.6444403556768512,93.66197183098592,3976,92.04878048780488,2050,92.8553761593954,92.04878048780488,102
Pitcher,Justin Chambers,sa3024201,807724,2026,A+,A+,4,2,A | A+,51.0,20.0,True,True,0.07631823480083423,0.5850549755504585,90.11569416498995,3976,95.5609756097561,2050,92.83833488737302,90.11569416498995,103
Pitcher,Will Hynes,sa3069263,807077,2026,Complex,Complex,2,1,Complex,38.0,18.0,True,True,0.02596096784421971,0.2846686675103445,93.30708661417323,1524,92.35181644359464,1046,92.82945152888394,92.35181644359464,104
Pitcher,Santiago Suarez,sa3019386,800571,2026,AA,AA,5,5,International Rookie | Complex | A | A+ | AA,126.0,21.0,True,True,0.10404122333789892,0.8224772349295472,88.47262247838617,3470,97.04560051380861,1557,92.75911149609739,88.47262247838617,105
Pitcher,Eliazar Dishmey,sa3019181,803244,2026,A+,A+,4,4,International Rookie | Complex | A | A+,33.666666666666664,21.0,True,True,0.05733643228992943,0.7248639686350283,96.65492957746478,3976,88.78048780487805,2050,92.71770869117142,88.78048780487805,106
Pitcher,Liam Paddack,sa3039330,822473,2026,A+,A+,4,2,A | A+,42.0,22.0,True,True,0.0727704030656166,0.5907950034714207,90.46780684104628,3976,94.78048780487805,2050,92.62414732296216,90.46780684104628,107
Pitcher,Mathieu Curtis,sa3029729,813555,2026,A+,A+,4,1,A+,39.0,21.0,True,True,0.06082929921578504,0.6518162050422631,94.2655935613682,3976,90.8780487804878,2050,92.571821170928,90.8780487804878,108
Pitcher,Kruz Schoolcraft,sa3069203,828244,2026,A,A,3,1,A,79.33333333333333,19.0,True,True,0.05997134673297348,0.5476528940560353,95.09043927648578,4257,89.96204133277098,2371,92.52624030462837,89.96204133277098,109
Pitcher,Robby Snelling,31893,702281,2026,AAA,AAA,6,4,A | A+ | AA | AAA,29.0,22.0,True,False,0.1456761924279168,0.9847486489120465,93.80606578385306,2341,91.17305458768874,861,92.4895601857709,91.17305458768874,110
Pitcher,Hunter Hodges,sa3025645,808788,2026,A+,A+,4,2,A | A+,48.333333333333336,23.0,True,True,0.08992513661501775,0.5462530292197492,87.4748490945674,3976,97.36585365853658,2050,92.42035137655199,87.4748490945674,111
Pitcher,Miguel Sime Jr.,sa3069269,828137,2026,A,A,3,1,A,26.333333333333332,19.0,True,False,0.06597995859641093,0.49249004847015404,92.57693211181584,4257,91.98650358498524,2371,92.28171784840055,91.98650358498524,112
Pitcher,Jonathan Russell,sa3022152,812163,2026,A+,A+,4,4,International Rookie | Complex | A | A+,46.0,21.0,True,True,0.054845182078635674,0.7712244849792069,97.91247484909456,3976,86.63414634146342,2050,92.27331059527899,86.63414634146342,113
Pitcher,Edgar Colon,sa3067292,813958,2026,A,A,3,1,A,47.333333333333336,20.0,True,True,0.06145612060421974,0.5224385626946744,94.00986610288936,4257,90.51033319274568,2371,92.26009964781753,90.51033319274568,114
Pitcher,Marcus Phillips,sa3039870,815071,2026,A+,A+,4,1,A+,61.666666666666664,21.0,True,True,0.08834223645916767,0.5441068492387001,87.34909456740442,3976,97.17073170731707,2050,92.25991313736074,87.34909456740442,115
Pitcher,Augusto Mendieta,sa3021473,800078,2026,AA,AA,5,2,A | AA,64.0,21.0,True,True,0.08617195934421476,0.8626694453034833,91.72910662824208,3470,92.54977520873474,1557,92.13944091848842,91.72910662824208,116
Pitcher,Jonah Tong,32157,804636,2026,AAA,AAA,6,3,A+ | AA | AAA,107.0,23.0,True,True,0.157208942113151,0.9711165718734345,90.60230670653567,2341,93.61207897793264,861,92.10719284223416,90.60230670653567,117
Pitcher,Wande Torres,sa3019165,800485,2026,A+,A+,4,3,International Rookie | A | A+,115.0,21.0,True,True,0.06264316328785079,0.6271614304158689,92.5804828973843,3976,91.60975609756098,2050,92.09511949747264,91.60975609756098,118
Pitcher,Iker Redona,sa3068467,827370,2026,Complex,Complex,2,2,International Rookie | Complex,47.0,18.0,True,True,0.018141934200733068,0.3917295534330333,98.75328083989501,1524,85.37284894837477,1046,92.0630648941349,85.37284894837477,119
Pitcher,Jose Meneses,sa3019158,800427,2026,A,A,3,3,International Rookie | Complex | A,38.333333333333336,21.0,True,True,0.056610953257331675,0.5671906361161423,96.10054028658679,4257,87.97975537747786,2371,92.04014783203232,87.97975537747786,120
Pitcher,Junior Sanchez,sa3022009,808087,2026,AA,AA,5,5,International Rookie | Complex | A | A+ | AA,72.33333333333333,20.0,True,True,0.08068001849322519,0.8826231104167305,93.25648414985591,3470,90.81567116249197,1557,92.03607765617394,90.81567116249197,121
Pitcher,Eric Loomis,sa3025615,823793,2026,AA,AA,5,2,A+ | AA,41.333333333333336,24.0,True,True,0.09456448554327665,0.8256806959235085,88.78962536023054,3470,95.24727039177907,1557,92.01844787600481,88.78962536023054,122
Pitcher,Dylan Wilson,sa3021017,808511,2026,Complex,Complex,2,1,Complex,45.333333333333336,20.0,True,True,0.02229224412967528,0.2954785270875997,94.4225721784777,1524,89.48374760994264,1046,91.95315989421016,89.48374760994264,123
Pitcher,Jurrangelo Cijntje,sa3028930,701388,2026,AAA,AAA,6,3,A+ | AA | AAA,42.666666666666664,23.0,True,True,0.14503378434051625,0.9820110897937603,92.99444681759931,2341,90.82462253193961,861,91.90953467476946,90.82462253193961,124
Pitcher,Ethan Pecko,33515,814490,2026,AAA,AAA,6,4,A | A+ | AA | AAA,74.66666666666667,23.0,True,True,0.14920354886046985,0.976321548141951,91.71294318667236,2341,92.10220673635308,861,91.90757496151272,91.71294318667236,125
Pitcher,Devin Futrell,sa3031801,695656,2026,AA,AA,5,3,A | A+ | AA,31.666666666666668,23.0,True,True,0.08406611577348035,0.8631254009439515,91.7579250720461,3470,91.97174052665382,1557,91.86483279934995,91.7579250720461,126
Pitcher,Reinold Navarro,sa3024459,821116,2026,A,A,3,3,International Rookie | Complex | A,69.33333333333333,19.0,True,True,0.05512595396129328,0.5784109155720659,96.40591966173362,4257,87.30493462673977,2371,91.8554271442367,87.30493462673977,127
Pitcher,Connor Phillips,27649,683175,2026,AAA,AAA,6,4,A | A+ | AA | AAA,33.666666666666664,25.0,True,True,0.18908855091331672,0.9592652988163685,86.71507902605724,2341,96.98025551684088,861,91.84766727144907,86.71507902605724,128
Pitcher,Tommy Case,sa3076423,834670,2026,Complex,Complex,2,1,Complex,20.0,18.0,True,False,0.019988022110764687,0.3147220553421767,95.53805774278216,1524,88.14531548757171,1046,91.84168661517694,88.14531548757171,129
Pitcher,Harrison Bodendorf,sa3027303,823746,2026,A,A,3,1,A,30.666666666666668,22.0,True,True,0.05579872093065563,0.5647480985898755,95.9830866807611,4257,87.64234500210881,2371,91.81271584143497,87.64234500210881,130
Pitcher,Gary Gill Hill,sa3020972,804541,2026,A+,A+,4,3,Complex | A | A+,27.0,21.0,True,False,0.07459390597949926,0.5523740503177224,87.92756539235413,3976,95.3170731707317,2050,91.62231928154291,87.92756539235413,131
Pitcher,Gabriel Chinchilla,sa3024773,820976,2026,Complex,Complex,2,2,International Rookie | Complex,42.0,19.0,True,True,0.01920219901184039,0.3271452740302017,96.45669291338582,1524,86.7112810707457,1046,91.58398699206576,86.7112810707457,132
Pitcher,Ethan Bagwell,sa3025661,815626,2026,A,A,3,1,A,68.0,20.0,True,True,0.053356422173667185,0.5973311747145219,96.78177120037586,4257,86.33487979755377,2371,91.55832549896482,86.33487979755377,133
Pitcher,Malachi Witherspoon,sa3045488,802412,2026,A,A,3,1,A,77.0,21.0,True,True,0.06594452485141919,0.4673440188697097,91.07352595724689,4257,91.9443272880641,2371,91.5089266226555,91.07352595724689,134
Pitcher,Michael Forret,sa3023479,702650,2026,AA,AA,5,3,A | A+ | AA,54.333333333333336,22.000000000000004,True,True,0.07681288826764844,0.8897106614596032,93.86167146974063,3470,88.95311496467566,1557,91.40739321720815,88.95311496467566,135
Pitcher,Jesus A. Castro,sa3068332,827463,2026,A,A,3,2,International Rookie | A,90.33333333333333,19.0,True,True,0.051563575965939704,0.6233831899961874,97.46300211416491,4257,85.15394348376212,2371,91.30847279896352,85.15394348376212,136
Pitcher,Josh Hartle,sa3025623,691776,2026,AA,AA,5,2,A+ | AA,122.66666666666666,23.0,True,True,0.08075153280034536,0.8627355324312823,91.72910662824208,3470,90.87989723827874,1557,91.30450193326041,90.87989723827874,137
Pitcher,Po-Chun Lin,sa3069437,806836,2026,Complex,Complex,2,1,Complex,45.0,19.0,True,True,0.020272124895787263,0.2929386359435803,94.16010498687665,1524,88.43212237093691,1046,91.29611367890678,88.43212237093691,138
Pitcher,Ty Johnson,33862,694494,2026,AAA,AAA,6,4,A | A+ | AA | AAA,62.333333333333336,24.0,True,True,0.14351208075969824,0.9782726725923572,92.22554463904315,2341,90.2439024390244,861,91.23472353903378,90.2439024390244,139
Pitcher,Derek Munoz,sa3069320,835352,2026,Complex,Complex,2,1,Complex,39.0,18.0,True,True,0.02077359634031961,0.28953324617339793,93.83202099737532,1524,88.62332695984703,1046,91.22767397861118,88.62332695984703,140
Pitcher,Jose Urbina,sa3022218,808250,2026,A+,A+,4,3,Complex | A | A+,77.66666666666667,20.0,True,True,0.05416957080240487,0.7116895352195429,96.20221327967806,3976,85.90243902439025,2050,91.05232615203415,85.90243902439025,141
Pitcher,JT Quinn,sa3040345,802411,2026,A+,A+,4,1,A+,93.66666666666667,22.000000000000004,True,True,0.06161646117433327,0.5989259695958634,90.89537223340041,3976,91.17073170731707,2050,91.03305197035874,90.89537223340041,142
Pitcher,Jeremy Pilon,sa3023614,802508,2026,Complex,Complex,2,1,Complex,48.666666666666664,20.0,True,True,0.026367665939546096,0.2554699664902752,89.37007874015748,1524,92.54302103250478,1046,90.95654988633113,89.37007874015748,143
Pitcher,Matt Wilkinson,33760,683363,2026,AA,AA,5,3,A | A+ | AA,43.33333333333333,23.0,True,True,0.09074157083187745,0.8114280968628123,87.7521613832853,3470,94.15542710340398,1557,90.95379424334465,87.7521613832853,144
Pitcher,Troy Guthrie,sa3067419,816142,2026,A+,A+,4,3,Complex | A | A+,41.666666666666664,20.0,True,True,0.05503963311903591,0.6693357586881982,94.96981891348088,3976,86.82926829268293,2050,90.8995436030819,86.82926829268293,145
Pitcher,Gage Ziehl,sa3045855,695721,2026,AA,AA,5,3,A | A+ | AA,81.0,23.0,True,True,0.0782291053627089,0.8677579006389183,92.19020172910663,3470,89.53114964675659,1557,90.8606756879316,89.53114964675659,146
Pitcher,Welinton Herrera,29318,700327,2026,AAA,AAA,6,6,International Rookie | Complex | A | A+ | AA | AAA,22.666666666666668,22.0,True,False,0.1399771873317713,0.9799520030489585,92.48184536522854,2341,89.08246225319397,861,90.78215380921125,89.08246225319397,147
Pitcher,Ashton Izzi,sa3022230,802416,2026,AA,AA,5,3,A | A+ | AA,83.0,22.0,True,True,0.0770533829166035,0.8712012647399388,92.47838616714698,3470,88.95311496467566,1557,90.71575056591132,88.95311496467566,148
Pitcher,Elwis Mijares,sa3021009,808274,2026,A,A,3,2,International Rookie | A,51.333333333333336,20.0,True,True,0.0742642592259567,0.40206693509728963,86.30490956072352,4257,94.81231547870097,2371,90.55861251971224,86.30490956072352,149
Pitcher,Victor Duarte,sa3068959,835994,2026,Complex,Complex,2,1,Complex,21.0,18.0,True,False,0.018933346722867127,0.30154882053385207,94.81627296587926,1524,86.23326959847036,1046,90.52477128217481,86.23326959847036,150
Pitcher,Rony Calderon,sa3068997,835930,2026,Complex,Complex,2,1,Complex,20.333333333333332,18.0,True,False,0.018933346722867127,0.30154882053385207,94.81627296587926,1524,86.23326959847036,1046,90.52477128217481,86.23326959847036,150
Pitcher,Joseph Dzierwa,sa3030726,804530,2026,A+,A+,4,1,A+,40.666666666666664,22.0,True,True,0.05600058341613996,0.6391521510918466,93.28470824949699,3976,87.70731707317073,2050,90.49601266133385,87.70731707317073,152
Pitcher,Brian Curley,sa3029705,826536,2026,A+,A+,4,1,A+,69.66666666666667,23.0,True,True,0.06360111457968391,0.571045263670584,89.03420523138833,3976,91.90243902439025,2050,90.46832212788928,89.03420523138833,153
Pitcher,Jamie Arnold,sa3026225,701364,2026,AA,AA,5,1,AA,113.33333333333333,22.0,True,True,0.07699829661947138,0.8660353507827377,91.95965417867436,3470,88.95311496467566,1557,90.45638457167502,88.95311496467566,154
Pitcher,Zach Root,sa3041130,702539,2026,A+,A+,4,1,A+,60.0,22.0,True,True,0.06085940836569209,0.5835320670748672,89.88933601609658,3976,90.8780487804878,2050,90.3836923982922,89.88933601609658,155
Pitcher,Ubaldo Soto,sa3022015,808161,2026,A,A,3,3,International Rookie | Complex | A,94.66666666666667,19.0,True,True,0.052094634545784946,0.5405660755203239,94.90251350716467,4257,85.66005904681569,2371,90.28128627699019,85.66005904681569,156
Pitcher,Cedric De Grandpre,sa3020315,678142,2026,AA,AA,5,3,A | A+ | AA,31.0,24.0,True,True,0.08543779009144442,0.8168800907208806,88.15561959654178,3470,92.2286448298009,1557,90.19213221317133,88.15561959654178,157
Pitcher,Davidxon Lara,sa3022127,808154,2026,A,A,3,3,International Rookie | Complex | A,33.666666666666664,19.0,True,True,0.057116469798655194,0.48314774972355923,92.06013624618276,4257,88.23281315900464,2371,90.14647470259371,88.23281315900464,158
Pitcher,Eli Jones,sa3034868,801796,2026,A+,A+,4,2,A | A+,40.333333333333336,23.0,True,True,0.05862990073970836,0.5977031571534343,90.81991951710262,3976,89.41463414634147,2050,90.11727683172205,89.41463414634147,159
Pitcher,Jackson Kent,35462,800600,2026,AAA,AAA,6,3,A+ | AA | AAA,63.666666666666664,23.0,True,True,0.13449741791489528,0.9813474404267551,92.6527125160188,2341,87.57259001161441,861,90.1126512638166,87.57259001161441,160
Pitcher,Joel Lara,sa3024620,827445,2026,A,A,3,2,International Rookie | A,69.66666666666667,19.0,True,True,0.05197936063598454,0.5360843571883968,94.71458773784356,4257,85.49135385913117,2371,90.10297079848736,85.49135385913117,161
Pitcher,Juan Fraide,sa3067603,830004,2026,A,A,3,1,A,62.333333333333336,20.0,True,True,0.05286424519797009,0.5198578742262716,93.89241249706366,4257,86.20835090679039,2371,90.05038170192702,86.20835090679039,162
Pitcher,Danny Thompson Jr.,sa3043750,834978,2026,AA,AA,5,2,A+ | AA,53.0,23.0,True,True,0.08026145112670159,0.8346003742738246,89.33717579250721,3470,90.5587668593449,1557,89.94797132592606,89.33717579250721,163
Pitcher,Luis Gamez,sa3068502,830800,2026,Complex,Complex,2,2,International Rookie | Complex,43.0,19.0,True,True,0.018607049068101386,0.29082533075932526,93.89763779527559,1524,85.75525812619503,1046,89.82644796073531,85.75525812619503,164
Pitcher,Michael Hilker,sa3069198,830242,2026,A,A,3,1,A,52.333333333333336,21.0,True,True,0.05442114255629711,0.49602537832602606,92.69438571764154,4257,86.9253479544496,2371,89.80986683604557,86.9253479544496,165
Pitcher,Tink Hence,sa3014709,693311,2026,AAA,AAA,6,4,A | A+ | AA | AAA,20.333333333333332,23.0,True,False,0.13355319275124253,0.9764901352097553,91.79837676206749,2341,87.57259001161441,861,89.68548338684096,87.57259001161441,166
Pitcher,Andrew Painter,30091,691725,2026,AAA,AAA,6,4,A | A+ | AA | AAA,23.666666666666668,23.0,True,False,0.13463001993641274,0.9758569189462287,91.71294318667236,2341,87.57259001161441,861,89.64276659914339,87.57259001161441,167
Pitcher,Luke Mensik,sa3069311,834965,2026,Complex,Complex,2,1,Complex,40.333333333333336,18.0,True,True,0.02341638457007082,0.2512064129247249,88.84514435695539,1524,90.43977055449331,1046,89.64245745572435,88.84514435695539,168
Pitcher,Abner Meza,sa3068632,830464,2026,International Rookie,International Rookie,1,1,International Rookie,49.666666666666664,19.0,True,True,0.007215467387684296,0.11294561321766577,82.60672116257948,2202,96.61989795918367,1568,89.61330956088158,82.60672116257948,169
Pitcher,Luis Maracara,sa3024260,821634,2026,A,A,3,3,International Rookie | Complex | A,28.666666666666668,18.0,True,False,0.04918927856982158,0.5585390749295929,95.72468874794457,4257,83.2981864192324,2371,89.51143758358847,83.2981864192324,170
Pitcher,Mason Molina,sa3025586,695766,2026,AA,AA,5,3,A | A+ | AA,69.0,22.0,True,True,0.07653590973881932,0.8509547303603728,90.51873198847262,3470,88.50353243416828,1557,89.51113221132044,88.50353243416828,171
Pitcher,Lewis Sifontes,sa3021016,808508,2026,A,A,3,2,International Rookie | A,42.666666666666664,20.0,True,True,0.05999250009150699,0.4381977232264803,89.05332393704487,4257,89.96204133277098,2371,89.50768263490792,89.05332393704487,172
Pitcher,Caden Dana,31508,702674,2026,AAA,AAA,6,3,A+ | AA | AAA,84.33333333333333,22.0,True,True,0.1333369125056626,0.9742274749432235,91.45664246048698,2341,87.45644599303135,861,89.45654422675916,87.45644599303135,173
Pitcher,Tyler Bremner,sa3027644,803285,2026,A+,A+,4,1,A+,48.333333333333336,22.000000000000004,True,True,0.059184560677112454,0.5687624567318242,88.78269617706238,3976,89.8048780487805,2050,89.29378711292144,88.78269617706238,174
Pitcher,Cedric De Grandpre,sa3020315,678142,2026,A+,A+,4,2,A | A+,55.0,24.0,True,True,0.06631675818313298,0.5233181906400985,85.7394366197183,3976,92.82926829268293,2050,89.28435245620062,85.7394366197183,175
Pitcher,Charlie Christensen,sa3028883,835214,2026,A,A,3,1,A,35.333333333333336,22.0,True,True,0.05253601219908182,0.49428533793552015,92.64740427531125,4257,85.91311682834247,2371,89.28026055182686,85.91311682834247,176
Pitcher,Ryjeteri Merite,sa3025117,820853,2026,Complex,Complex,2,2,International Rookie | Complex,42.333333333333336,20.0,True,True,0.02623260845432847,0.23435737981667618,85.89238845144357,1524,92.54302103250478,1046,89.21770474197417,85.89238845144357,177
Pitcher,Yaqui Rivera,sa3015504,700072,2026,AAA,AAA,6,5,International Rookie | A | A+ | AA | AAA,52.0,22.0,True,True,0.13898550645281735,0.9680534066165227,89.61982058949167,2341,88.73403019744484,861,89.17692539346825,88.73403019744484,178
Pitcher,Jhancarlos Lara,sa3019367,702910,2026,AAA,AA,6,5,International Rookie | A | A+ | AA | AAA,51.0,22.0,True,True,0.15220538182883497,0.9539272366090901,85.43357539513029,2341,92.79907084785134,861,89.11632312149081,85.43357539513029,179
Pitcher,Emilio Obispo,sa3024918,827448,2026,A,A,3,2,International Rookie | A,53.333333333333336,19.0,True,True,0.04760988600449167,0.5711391187141686,96.2179938924125,4257,81.86419232391395,2371,89.04109310816322,81.86419232391395,180
Pitcher,Roberto Castellanos,sa3068897,835931,2026,International Rookie,International Rookie,1,1,International Rookie,57.0,19.0,True,True,0.007901350140608407,0.10376583390478186,78.83742052679382,2202,99.04336734693878,1568,88.9403939368663,78.83742052679382,181
Pitcher,Kamden Edge,sa3069069,833403,2026,A+,A+,4,1,A+,56.0,21.0,True,True,0.05378576916297633,0.6231020458777348,92.27867203219316,3976,85.5609756097561,2050,88.91982382097463,85.5609756097561,182
Pitcher,Jacob Odle,sa3022877,813838,2026,A,A,3,1,A,33.0,22.0,True,True,0.05741991164764225,0.44421152408422704,89.3117218698614,4257,88.3171657528469,2371,88.81444381135415,88.3171657528469,183
Pitcher,Trent Hodgdon,sa3025536,695787,2026,A+,A+,4,2,A | A+,52.0,22.0,True,True,0.07841359043761782,0.4752561391484835,81.63983903420524,3976,95.95121951219512,2050,88.79552927320017,81.63983903420524,184
Pitcher,Isaac Lyon,sa3036750,805214,2026,AA,AA,5,2,A+ | AA,73.66666666666667,22.0,True,True,0.07156024995457738,0.8693946327121027,92.30547550432277,3470,84.97109826589596,1557,88.63828688510937,84.97109826589596,185
Pitcher,Francisco Morao,sa3022130,808262,2026,Complex,Complex,2,2,International Rookie | Complex,34.333333333333336,20.0,True,True,0.020937509049236434,0.2480483121036596,88.51706036745406,1524,88.7189292543021,1046,88.61799481087809,88.51706036745406,186
Pitcher,Giacomo Taschin,sa3076300,806768,2026,A,A,3,2,Complex | A,29.666666666666668,19.000000000000004,True,False,0.05247405488724431,0.47339765489413993,91.33192389006342,4257,85.82876423450021,2371,88.58034406228182,85.82876423450021,187
Pitcher,Kyson Witherspoon,sa3045487,804817,2026,A+,A+,4,1,A+,89.66666666666666,21.000000000000004,True,True,0.05913204048745171,0.5437128969227104,87.34909456740442,3976,89.8048780487805,2050,88.57698630809246,87.34909456740442,188
Pitcher,Luis Gamez,sa3068502,830800,2026,A,A,3,3,International Rookie | Complex | A,31.333333333333332,19.0,True,True,0.05138684394596824,0.48278511380102634,92.06013624618276,4257,85.06959088991987,2371,88.56486356805132,85.06959088991987,189
Pitcher,Reynell Ramos,sa3067611,830688,2026,International Rookie,International Rookie,1,1,International Rookie,37.333333333333336,19.0,True,True,0.006746216237891504,0.13443512329085702,88.87375113533152,2202,88.2015306122449,1568,88.5376408737882,88.2015306122449,190
Pitcher,Nolan Perry,sa3021476,804526,2026,A+,A+,4,3,Complex | A | A+,30.666666666666668,22.0,True,True,0.05020768013537399,0.6566801568415696,94.44164989939638,3976,82.58536585365853,2050,88.51350787652746,82.58536585365853,191
Pitcher,Steven Echavarria,sa3023560,806064,2026,A+,A+,4,2,A | A+,93.66666666666667,20.0,True,True,0.05570075307439187,0.575766080749687,89.31086519114689,3976,87.65853658536585,2050,88.48470088825637,87.65853658536585,192
Pitcher,Yimi Presinal,sa3019169,800580,2026,A+,A+,4,4,International Rookie | Complex | A | A+,52.0,21.0,True,True,0.06393489105128708,0.5110490662436928,84.80885311871228,3976,92.0,2050,88.40442655935614,84.80885311871228,193
Pitcher,Alieski Torres,sa3077605,837313,2026,International Rookie,International Rookie,1,1,International Rookie,30.333333333333332,18.0,True,True,0.006703690752221807,0.1374102761598142,89.50953678474114,2202,87.11734693877551,1568,88.31344186175832,87.11734693877551,194
Pitcher,Jackson Kent,35462,800600,2026,AA,AA,5,2,A+ | AA,30.666666666666668,23.0,True,True,0.06723591597184353,0.9211894099933344,96.1671469740634,3470,80.34682080924856,1557,88.25698389165598,80.34682080924856,195
Pitcher,Luis Serna,sa3016528,702436,2026,A+,A+,4,4,International Rookie | Complex | A | A+,118.66666666666667,21.0,True,True,0.054008083588653305,0.5948237955154463,90.71931589537223,3976,85.7560975609756,2050,88.23770672817392,85.7560975609756,196
Pitcher,Jackson Brockett,sa3076026,801205,2026,A+,A+,4,1,A+,50.333333333333336,23.0,True,True,0.056894879922612426,0.5559637179831423,88.0784708249497,3976,88.29268292682927,2050,88.1855768758895,88.0784708249497,197
Pitcher,Brayan Vergara,sa3024211,815758,2026,A,A,3,3,International Rookie | Complex | A,81.0,20.0,True,True,0.04837379219429086,0.5154169316256598,93.63401456424712,4257,82.6233656684943,2371,88.1286901163707,82.6233656684943,198
Pitcher,Brady Parker,sa3069387,836059,2026,A,A,3,1,A,112.33333333333333,22.0,True,True,0.05193840545032324,0.4634631077436265,90.7211651397698,4257,85.44917756221004,2371,88.08517135098992,85.44917756221004,199
Pitcher,Bjorn Johnson,sa3023617,807723,2026,A+,A+,4,2,A | A+,35.666666666666664,21.0,True,True,0.060621029336236094,0.517695060990995,85.33702213279678,3976,90.78048780487805,2050,88.0587549688374,85.33702213279678,200
Pitcher,Gage Ziehl,sa3045855,695721,2026,AAA,AAA,6,4,A | A+ | AA | AAA,29.333333333333332,23.0,True,False,0.12898307598972564,0.967717685782706,89.53438701409654,2341,86.52729384436701,861,88.03084042923177,86.52729384436701,201
Pitcher,Lucas Kelly,sa3059658,805220,2026,AA,AA,5,2,A+ | AA,21.0,22.0,True,False,0.07226437217514739,0.844723923767331,90.14409221902017,3470,85.74181117533719,1557,87.94295169717867,85.74181117533719,202
Pitcher,Cade Winquest,31850,685464,2026,AAA,AAA,6,4,A | A+ | AA | AAA,39.666666666666664,26.0,True,True,0.13615803741452995,0.9629916579752651,87.91114908158906,2341,87.92102206736354,861,87.9160855744763,87.91114908158906,203
Pitcher,Heriberto Ron,sa3077416,840337,2026,International Rookie,International Rookie,1,1,International Rookie,44.0,19.0,True,True,0.0074620673308584875,0.09859745803843256,77.11171662125341,2202,98.59693877551021,1568,87.85432769838181,77.11171662125341,204
Pitcher,Manuel Genao,sa3024519,808510,2026,A,A,3,3,International Rookie | Complex | A,108.0,20.0,True,True,0.04643891067903274,0.5337976054035268,94.66760629551327,4257,80.85196119780683,2371,87.75978374666005,80.85196119780683,205
Pitcher,Liomar Martinez,sa3019612,801737,2026,A+,A+,4,4,International Rookie | Complex | A | A+,102.33333333333333,21.0,True,True,0.051198691657326344,0.6151397538421326,91.85110663983903,3976,83.60975609756098,2050,87.73043136870001,83.60975609756098,206
Pitcher,Twine Palmer,sa3025618,828520,2026,A+,A+,4,2,A | A+,81.66666666666667,21.0,True,True,0.05481800460693556,0.5641031718465211,88.6317907444668,3976,86.63414634146342,2050,87.6329685429651,86.63414634146342,207
Pitcher,Troy Taylor,31883,700187,2026,AAA,AAA,6,3,A | AA | AAA,53.666666666666664,24.0,True,True,0.1452250600134652,0.9478885836957733,84.1947885519009,2341,91.0569105691057,861,87.6258495605033,84.1947885519009,208
Pitcher,Miqueas Mercedes,sa3025237,823650,2026,A,A,3,2,Complex | A,73.66666666666667,19.0,True,True,0.045811989744268124,0.5399619111537131,94.87902278599952,4257,80.17714044706875,2371,87.52808161653414,80.17714044706875,209
Pitcher,Esteban Mejia,sa3024583,821757,2026,A,A,3,3,International Rookie | Complex | A,52.333333333333336,19.0,True,True,0.05636148965765602,0.41128996399726764,86.96264975334742,4257,87.81105018979333,2371,87.38684997157037,86.96264975334742,210
Pitcher,Cade Obermueller,sa3038991,805261,2026,A,A,3,1,A,35.666666666666664,22.0,True,True,0.05258307929059111,0.43359652546546323,88.77143528306318,4257,85.95529312526361,2371,87.36336420416339,85.95529312526361,211
Pitcher,Hancel Rincon,27144,684516,2026,AAA,AAA,6,6,International Rookie | Complex | A | A+ | AA | AAA,73.33333333333333,24.0,True,True,0.1206715951990462,0.9782763039607744,92.22554463904315,2341,82.4622531939605,861,87.34389891650183,82.4622531939605,212
Pitcher,Alessandro Ercolani,sa3016714,700344,2026,AA,AA,5,4,Complex | A | A+ | AA,20.666666666666668,22.0,True,False,0.07471020751283595,0.8062200753870787,87.31988472622479,3470,87.34746307000643,1557,87.3336738981156,87.31988472622479,213
Pitcher,Rafe Schlesinger,sa3025587,701178,2026,A+,A+,4,2,A | A+,45.0,23.0,True,True,0.05683637167893565,0.5337101951695963,86.3430583501006,3976,88.2439024390244,2050,87.2934803945625,86.3430583501006,214
Pitcher,Steven Brooks,sa3027770,809933,2026,A+,A+,4,2,A | A+,46.333333333333336,23.0,True,True,0.06137930289200444,0.49406606097382655,83.45070422535211,3976,91.1219512195122,2050,87.28632772243216,83.45070422535211,215
Pitcher,Jackson Steensma,sa3043006,805517,2026,A,A,3,1,A,43.333333333333336,22.0,True,True,0.05522040841818974,0.41179356566772507,87.03312191684284,4257,87.38928722058203,2371,87.21120456871245,87.03312191684284,216
Pitcher,Mason Molina,sa3025586,695766,2026,AAA,AAA,6,4,A | A+ | AA | AAA,44.0,22.0,True,True,0.12698434050139798,0.9642436260691952,88.38103374626228,2341,85.9465737514518,861,87.16380374885703,85.9465737514518,217
Pitcher,Yordanis Guerra,sa3068469,829084,2026,Complex,Complex,2,2,International Rookie | Complex,36.666666666666664,19.0,True,True,0.016180140255832042,0.2795094120582838,93.04461942257218,1524,81.07074569789675,1046,87.05768256023447,81.07074569789675,218
Pitcher,Dylan Driessen,sa3030568,834897,2026,A,A,3,1,A,31.333333333333332,21.0,True,True,0.051246058376700154,0.43884387973687566,89.07681465821001,4257,84.94306199915647,2371,87.00993832868323,84.94306199915647,219
Pitcher,Wilmy Sanchez,sa3019396,804522,2026,AA,A+,5,5,International Rookie | Complex | A | A+ | AA,61.0,21.0,True,True,0.07445702471390102,0.7987864570443043,86.77233429394812,3470,87.15478484264611,1557,86.96355956829711,86.77233429394812,220
Pitcher,Alistair Tanner,sa3067385,816305,2026,A,A,3,2,Complex | A,26.0,19.0,True,False,0.0472904972968472,0.4889375817484067,92.38900634249471,4257,81.52678194854492,2371,86.95789414551982,81.52678194854492,221
Pitcher,Fulton Lockhart,sa3025301,702586,2026,A,A,3,1,A,43.666666666666664,22.0,True,True,0.052356639300645956,0.42157878971761353,88.04322292694386,4257,85.78658793757909,2371,86.91490543226146,85.78658793757909,222
Pitcher,Jojo Ingrassia,sa3023475,695293,2026,A+,A+,4,2,A | A+,55.0,23.0,True,True,0.059754600406485295,0.4947955479137843,83.5261569416499,3976,90.14634146341463,2050,86.83624920253226,83.5261569416499,223
Pitcher,Ryan Lambert,sa3025613,822038,2026,AAA,AAA,6,2,AA | AAA,23.0,23.0,True,False,0.12422495724065255,0.9648782624342608,88.55190089705255,2341,85.01742160278745,861,86.78466124991999,85.01742160278745,224
Pitcher,Garrett Baumann,sa3023310,803833,2026,AAA,AAA,6,4,A | A+ | AA | AAA,43.333333333333336,21.0,True,True,0.1333836986532126,0.9571584164659354,86.0316104228962,2341,87.45644599303135,861,86.74402820796377,86.0316104228962,225
Pitcher,Logan Henderson,31475,701656,2026,AAA,AAA,6,3,A | AA | AAA,24.0,24.0,True,False,0.14368325721791114,0.9442144125729989,83.08415207176421,2341,90.36004645760744,861,86.72209926468582,83.08415207176421,226
Pitcher,Jose Sanchez,sa3077611,839998,2026,International Rookie,International Rookie,1,1,International Rookie,31.0,17.0,True,True,0.006654013775086818,0.13345002359074262,88.78292461398729,2202,84.56632653061224,1568,86.67462557229976,84.56632653061224,227
Pitcher,Manuel Rodriguez,sa3019291,804973,2026,AA,AA,5,5,International Rookie | Complex | A | A+ | AA,128.0,20.0,True,True,0.06956637902703679,0.8419483446628507,89.9135446685879,3470,83.1727681438664,1557,86.54315640622715,83.1727681438664,228
Pitcher,Alimber Santa,28846,695001,2026,AAA,AAA,6,3,A | AA | AAA,42.666666666666664,23.0,True,True,0.1260066897994795,0.9617243854632592,87.52669799231097,2341,85.48199767711962,861,86.5043478347153,85.48199767711962,229
Pitcher,Miguel Mejias,sa3022328,814255,2026,A,A,3,1,A,48.0,21.0,True,True,0.05078548266100085,0.4234542463163534,88.16067653276956,4257,84.60565162378744,2371,86.3831640782785,84.60565162378744,230
Pitcher,Diustin Mayorquin,sa3068487,829944,2026,A,A,3,3,International Rookie | Complex | A,34.333333333333336,18.0,True,True,0.04633308375103994,0.4808889721503332,91.89570119802679,4257,80.8097849008857,2371,86.35274304945625,80.8097849008857,231
Pitcher,Jackson Nove,sa3076044,823124,2026,A,A,3,1,A,63.333333333333336,23.0,True,True,0.05203511500745777,0.4108083885165085,86.93915903218229,4257,85.5335301560523,2371,86.2363445941173,85.5335301560523,232
Pitcher,Ronan Kopp,sa3017751,691947,2026,AAA,AAA,6,4,A | A+ | AA | AAA,43.666666666666664,23.0,True,True,0.14465687304796457,0.9377777531243345,81.63178129004699,2341,90.82462253193961,861,86.2282019109933,81.63178129004699,233
Pitcher,Donovan Zsak,sa3025377,805124,2026,A+,A+,4,2,A | A+,45.666666666666664,22.0,True,True,0.06699947032224805,0.45022735273632447,79.47686116700201,3976,92.97560975609755,2050,86.22623546154978,79.47686116700201,234
Pitcher,Roddery Munoz,25311,682610,2026,AAA,AAA,6,4,International Rookie | A | A+ | AAA,49.0,26.0,True,True,0.11797313060301635,0.9729960502696225,91.15762494660402,2341,81.18466898954703,861,86.17114696807553,81.18466898954703,235
Pitcher,Gage Stanifer,sa3021731,804948,2026,AA,AA,5,4,Complex | A | A+ | AA,97.0,22.0,True,True,0.06475051280346618,0.8949560912406659,94.20749279538904,3470,78.09890815671163,1557,86.15320047605033,78.09890815671163,236
Pitcher,John Holobetz,sa3034016,827292,2026,AA,AA,5,3,A | A+ | AA,79.0,23.0,True,True,0.06589882891339964,0.8759671150856004,92.8242074927954,3470,79.1907514450867,1557,86.00747946894106,79.1907514450867,237
Pitcher,Hayden Robinson,sa3023574,815300,2026,A,A,3,1,A,58.333333333333336,20.0,True,True,0.05339246159018885,0.39411456402713285,85.5297157622739,4257,86.33487979755377,2371,85.93229777991382,85.5297157622739,238
Pitcher,Jacob Zibin,sa3067084,802410,2026,A,A,3,1,A,44.0,21.0,True,True,0.0526389067808496,0.39535478771209387,85.71764153159502,4257,85.99746942218474,2371,85.85755547688987,85.71764153159502,239
Pitcher,Ricardo Osorio,sa3068460,822256,2026,International Rookie,International Rookie,1,1,International Rookie,50.666666666666664,18.0,True,True,0.006536941832367512,0.1797625681233619,95.64032697547684,2202,75.89285714285714,1568,85.76659205916698,75.89285714285714,240
Pitcher,Jonathan Santucci,sa3041559,695558,2026,AA,AA,5,2,A+ | AA,90.66666666666667,23.0,True,True,0.06372463328455813,0.9014514972366682,94.63976945244957,3470,76.878612716763,1557,85.75919108460629,76.878612716763,241
Pitcher,Wellington Aracena,sa3019265,800286,2026,AA,AA,5,5,International Rookie | Complex | A | A+ | AA,22.333333333333332,21.0,True,False,0.07180857913172065,0.7924048887273141,86.10951008645533,3470,85.2922286448298,1557,85.70086936564257,85.2922286448298,242
Pitcher,Owen Wild,sa3023278,801643,2026,AAA,AAA,6,4,A | A+ | AA | AAA,34.333333333333336,23.0,True,True,0.11604994043677343,0.9757998337000932,91.71294318667236,2341,79.67479674796748,861,85.69386996731993,79.67479674796748,243
Pitcher,Lucas Mahlstedt,sa3036871,822652,2026,AA,AA,5,1,AA,56.333333333333336,23.0,True,True,0.06924463743485586,0.8231770176111025,88.58789625360231,3470,82.72318561335902,1557,85.65554093348067,82.72318561335902,244
Pitcher,Luis Mey,25620,682825,2026,AAA,AAA,6,5,Complex | A | A+ | AA | AAA,37.333333333333336,25.0,True,True,0.12236300309103969,0.9618737919017916,87.52669799231097,2341,83.73983739837398,861,85.63326769534248,83.73983739837398,245
Pitcher,Eiver Mosquera,sa3068767,820940,2026,A,A,3,2,International Rookie | A,24.0,19.0,True,False,0.04702727293621286,0.4506736137701429,89.80502701432934,4257,81.31590046393927,2371,85.5604637391343,81.31590046393927,246
Pitcher,Diego Arroyo,sa3068474,829485,2026,International Rookie,International Rookie,1,1,International Rookie,37.333333333333336,18.0,True,True,0.0067380558233726484,0.11488833659879569,83.15168029064486,2202,87.94642857142857,1568,85.54905443103672,83.15168029064486,247
Pitcher,Joey Oakie,sa3067418,815841,2026,A,A,3,2,Complex | A,45.333333333333336,20.0,True,True,0.05146088209877046,0.39904517728205835,85.9995301855767,4257,85.06959088991987,2371,85.53456053774829,85.06959088991987,248
Pitcher,Julio Mendez,sa3019580,801249,2026,A,A,3,2,International Rookie | A,71.66666666666667,21.0,True,True,0.0435685363209811,0.4922800957214571,92.57693211181584,4257,78.4479122733024,2371,85.51242219255911,78.4479122733024,249
Pitcher,Cale Wetwiska,sa3069168,835054,2026,A,A,3,1,A,40.666666666666664,21.0,True,True,0.05060139194073004,0.4055645063365498,86.44585388771435,4257,84.47912273302404,2371,85.4624883103692,84.47912273302404,250
Pitcher,Wellington Aracena,sa3019265,800286,2026,A+,A+,4,4,International Rookie | Complex | A | A+,76.33333333333333,21.0,True,True,0.04737299075957567,0.6119158668864075,91.62474849094568,3976,79.26829268292683,2050,85.44652058693626,79.26829268292683,251
Pitcher,Will Gagnon,sa3076085,811668,2026,A,A,3,1,A,55.666666666666664,21.999999999999996,True,True,0.050988100370801454,0.39855687648541577,85.97603946441156,4257,84.77435681147195,2371,85.37519813794175,84.77435681147195,252
Pitcher,Cody Bowker,sa3027486,805790,2026,A+,A+,4,2,A | A+,35.666666666666664,22.0,True,True,0.047255447977605475,0.6102733248186759,91.57444668008048,3976,79.17073170731707,2050,85.37258919369879,79.17073170731707,253
Pitcher,Trey Gregory-Alford,sa3067313,807281,2026,A,A,3,2,Complex | A,98.66666666666667,20.0,True,True,0.045871773713132544,0.4578295261073554,90.41578576462297,4257,80.21931674398988,2371,85.31755125430642,80.21931674398988,254
Pitcher,Jackson Cox,sa3020899,702484,2026,AA,AA,5,3,A | A+ | AA,42.0,22.0,True,True,0.07163822809938035,0.7834552232857059,85.44668587896254,3470,85.09955041746949,1557,85.27311814821601,85.09955041746949,255
Pitcher,Christian Little,sa3036393,691733,2026,A+,A+,4,2,A | A+,53.0,22.0,True,True,0.054429498433361014,0.503792272449056,84.10462776659959,3976,86.29268292682927,2050,85.19865534671443,84.10462776659959,256
Pitcher,Jesus Broca,sa3022905,695871,2026,AA,AA,5,2,A+ | AA,57.333333333333336,22.0,True,True,0.07414051209553946,0.7590309612065265,83.22766570605188,3470,87.02633269107258,1557,85.12699919856223,83.22766570605188,257
Pitcher,Dameivi Tineo,sa3017726,702419,2026,A,A,3,2,Complex | A,82.66666666666667,22.0,True,True,0.05134952813109714,0.3885079002630361,85.10688278130138,4257,85.06959088991987,2371,85.08823683561062,85.06959088991987,258
Pitcher,Cody Bowker,sa3027486,805790,2026,AA,AA,5,3,A | A+ | AA,20.0,22.0,True,False,0.06721028737594612,0.8395578213159058,89.79827089337176,3470,80.34682080924856,1557,85.07254585131017,80.34682080924856,259
Pitcher,Jarrette Bonet,sa3069245,806426,2026,A,A,3,1,A,109.33333333333333,20.0,True,True,0.047937165855881946,0.41946173869280806,87.85529715762274,4257,82.201602699283,2371,85.02844992845287,82.201602699283,260
Pitcher,Adler Cecil,sa3023600,814702,2026,Complex,Complex,2,1,Complex,41.333333333333336,21.0,True,True,0.020862006431035463,0.2135644127638624,81.23359580052494,1524,88.62332695984703,1046,84.92846138018598,81.23359580052494,261
Pitcher,Colton Shaw,sa3042084,823764,2026,A+,A+,4,1,A+,111.66666666666667,23.0,True,True,0.0508227951332355,0.5345108537294488,86.3933601609658,3976,83.17073170731707,2050,84.78204593414144,83.17073170731707,262
Pitcher,Owen Murphy,31761,702566,2026,AA,AA,5,3,A | A+ | AA,20.666666666666668,22.0,True,False,0.0722036340368344,0.7662870700168221,83.86167146974063,3470,85.67758509955041,1557,84.76962828464552,83.86167146974063,263
Pitcher,Jose Saldana,sa3077510,837647,2026,International Rookie,International Rookie,1,1,International Rookie,36.0,16.0,True,True,0.006515044076640795,0.18336254042811181,96.04904632152588,2202,73.46938775510205,1568,84.75921703831396,73.46938775510205,264
Pitcher,Keyner Martinez,sa3023631,815212,2026,A,A,3,2,Complex | A,93.66666666666667,21.0,True,True,0.050995507572847314,0.3815757260352615,84.33168898285177,4257,84.77435681147195,2371,84.55302289716187,84.33168898285177,265
Pitcher,Jacob Zibin,sa3067084,802410,2026,A+,A+,4,2,A | A+,55.666666666666664,21.0,True,True,0.04942686187335686,0.5444206922266132,87.37424547283702,3976,81.65853658536585,2050,84.51639102910144,81.65853658536585,266
Pitcher,Gabriel Chinchilla,sa3024773,820976,2026,A,A,3,3,International Rookie | Complex | A,27.333333333333332,18.999999999999996,True,False,0.046092690616415063,0.4278577363524172,88.39558374442096,4257,80.51455082243778,2371,84.45506728342937,80.51455082243778,267
Pitcher,Anderson Cardenas,sa3020991,807966,2026,Complex,Complex,2,2,International Rookie | Complex,38.0,20.0,True,True,0.01868354813089247,0.21970844933539205,82.74278215223097,1524,85.8508604206501,1046,84.29682128644053,82.74278215223097,268
Pitcher,Rory Fox,sa3031610,812431,2026,A+,A+,4,1,A+,82.33333333333333,22.0,True,True,0.05070096262027243,0.5205255917577881,85.53822937625755,3976,83.02439024390245,2050,84.28130981007999,83.02439024390245,269
Pitcher,Jack Bowery,sa3076042,822817,2026,A,A,3,1,A,100.0,22.0,True,True,0.0460087348631717,0.42301643077107626,88.11369509043928,4257,80.43019822859553,2371,84.2719466595174,80.43019822859553,270
Pitcher,Juan Garcia,sa3068366,830467,2026,International Rookie,International Rookie,1,1,International Rookie,43.0,18.0,True,True,0.006803107357271071,0.10175990496623952,78.33787465940054,2202,89.98724489795919,1568,84.16255977867986,78.33787465940054,271
Pitcher,Ismael Yanez,sa3022354,808254,2026,A,A,3,1,A,21.333333333333332,20.0,True,False,0.051325554769760105,0.37204022656569347,83.25111580925534,4257,84.98523829607761,2371,84.11817705266648,83.25111580925534,272
Pitcher,River Ryan,29514,689981,2026,AAA,AAA,6,3,A | AA | AAA,36.333333333333336,27.0,True,True,0.11403939166571184,0.9682172118923712,89.61982058949167,2341,78.51335656213705,861,84.06658857581436,78.51335656213705,273
Pitcher,Yordanis Guerra,sa3068469,829084,2026,A,A,3,3,International Rookie | Complex | A,22.0,19.0,True,False,0.044898191234073154,0.4309958729565171,88.58350951374207,4257,79.4179671024884,2371,84.00073830811525,79.4179671024884,274
Pitcher,Carlos Castillo,sa3021500,807962,2026,A+,A+,4,4,International Rookie | Complex | A | A+,27.0,20.0,True,False,0.04772402584119553,0.5542071713435143,88.00301810865191,3976,79.85365853658537,2050,83.92833832261864,79.85365853658537,275
Pitcher,Miguel Ullola,29036,699044,2026,AAA,AAA,6,5,International Rookie | A | A+ | AA | AAA,66.33333333333333,24.0,True,True,0.13546264425808002,0.9323464328219453,79.92310978214438,2341,87.68873403019745,861,83.80592190617091,79.92310978214438,276
Pitcher,Dylan Watts,sa3044877,814346,2026,A,A,3,1,A,43.666666666666664,21.0,True,True,0.04605209029536501,0.41136120132733583,86.96264975334742,4257,80.51455082243778,2371,83.73860028789261,80.51455082243778,277
Pitcher,Matthew Fisher,sa3069287,832455,2026,A,A,3,1,A,33.0,20.0,True,True,0.04388011536232955,0.43173187789365064,88.63049095607235,4257,78.65879375790806,2371,83.6446423569902,78.65879375790806,278
Pitcher,Erick Batista,sa3022026,808369,2026,Complex,Complex,2,1,Complex,35.666666666666664,20.0,True,True,0.020678414564239467,0.2004237776810061,78.34645669291339,1524,88.62332695984703,1046,83.48489182638022,78.34645669291339,279
Pitcher,Jordan Woods,sa3023628,806637,2026,A,A,3,2,Complex | A,35.0,22.0,True,True,0.03821668949943625,0.5352665438981816,94.71458773784356,4257,72.16364403205398,2371,83.43911588494876,72.16364403205398,280
Pitcher,AJ Russell,sa3041324,805706,2026,A+,A+,4,2,A | A+,34.0,22.0,True,True,0.05130428647652203,0.4906617886309292,83.07344064386318,3976,83.7560975609756,2050,83.4147691024194,83.07344064386318,281
Pitcher,Rocco Reid,sa3025546,701793,2026,A+,A+,4,1,A+,33.333333333333336,23.0,True,True,0.06556744431691677,0.4013652985951475,74.06941649899396,3976,92.6829268292683,2050,83.37617166413114,74.06941649899396,282
Pitcher,Bryan Balzer,sa3025047,808893,2026,A,A,3,1,A,60.333333333333336,21.0,True,True,0.0469608431178518,0.3873458573435371,84.96593845431055,4257,81.27372416701813,2371,83.11983131066434,81.27372416701813,283
Pitcher,Matt Barr,sa3069374,832699,2026,A,A,3,1,A,23.333333333333332,20.0,True,False,0.050085623690894636,0.36097611683732117,82.24101479915433,4257,83.97300716997047,2371,83.10701098456241,82.24101479915433,284
Pitcher,Seth Hernandez,sa3069247,815825,2026,A,A,3,1,A,28.0,20.0,True,False,0.050085623690894636,0.36097611683732117,82.24101479915433,4257,83.97300716997047,2371,83.10701098456241,82.24101479915433,284
Pitcher,Xavier Mitchell,sa3069301,815718,2026,Complex,Complex,2,1,Complex,24.333333333333332,19.0,True,False,0.014883753511225754,0.24720943109931703,88.4514435695538,1524,77.72466539196941,1046,83.0880544807616,77.72466539196941,286
Pitcher,Josh Owens,sa3069169,831384,2026,Complex,Complex,2,1,Complex,20.666666666666668,19.0,True,False,0.014883753511225754,0.24720943109931703,88.4514435695538,1524,77.72466539196941,1046,83.0880544807616,77.72466539196941,286
Pitcher,Luke Roupe,sa3069312,828069,2026,Complex,Complex,2,1,Complex,24.0,19.0,True,False,0.014883753511225754,0.24720943109931703,88.4514435695538,1524,77.72466539196941,1046,83.0880544807616,77.72466539196941,286
Pitcher,Cesar Nunez,sa3067621,832116,2026,Complex,Complex,2,1,Complex,21.333333333333332,19.0,True,False,0.014883753511225754,0.24720943109931703,88.4514435695538,1524,77.72466539196941,1046,83.0880544807616,77.72466539196941,286
Pitcher,CJ Gray,sa3069276,832457,2026,Complex,Complex,2,1,Complex,26.333333333333332,19.0,True,False,0.014883753511225754,0.24720943109931703,88.4514435695538,1524,77.72466539196941,1046,83.0880544807616,77.72466539196941,286
Pitcher,Aaron Watson,sa3069259,826209,2026,Complex,Complex,2,1,Complex,27.666666666666668,19.000000000000004,True,False,0.014883753511225742,0.2472094310993168,88.4514435695538,1524,77.72466539196941,1046,83.0880544807616,77.72466539196941,286
Pitcher,Bryan Regalado,sa3069070,835203,2026,Complex,Complex,2,1,Complex,28.333333333333332,18.999999999999996,True,False,0.014883753511225768,0.24720943109931717,88.4514435695538,1524,77.72466539196941,1046,83.0880544807616,77.72466539196941,286
Pitcher,Jubrayker Salaya,sa3069144,829478,2026,Complex,Complex,2,1,Complex,28.0,19.0,True,False,0.014883753511225754,0.24720943109931703,88.4514435695538,1524,77.72466539196941,1046,83.0880544807616,77.72466539196941,286
Pitcher,Neiker Palacios,sa3068727,820982,2026,Complex,Complex,2,1,Complex,24.666666666666668,19.0,True,False,0.014883753511225754,0.24720943109931703,88.4514435695538,1524,77.72466539196941,1046,83.0880544807616,77.72466539196941,286
Pitcher,Hayden Vucinovich,sa3069288,836050,2026,Complex,Complex,2,1,Complex,27.333333333333332,18.999999999999996,True,False,0.014883753511225768,0.24720943109931717,88.4514435695538,1524,77.72466539196941,1046,83.0880544807616,77.72466539196941,286
Pitcher,Max Poirier,sa3076392,816038,2026,Complex,Complex,2,1,Complex,26.333333333333332,19.0,True,False,0.014883753511225754,0.24720943109931703,88.4514435695538,1524,77.72466539196941,1046,83.0880544807616,77.72466539196941,286
Pitcher,Marco Raya,30166,694397,2026,AAA,AAA,6,4,A | A+ | AA | AAA,60.333333333333336,23.0,True,True,0.1146384255103954,0.9615210121932639,87.52669799231097,2341,78.51335656213705,861,83.02002727722402,78.51335656213705,297
Pitcher,Liam Doyle,sa3030545,824604,2026,AA,AA,5,1,AA,103.0,22.0,True,True,0.06584371192750786,0.8001193601944604,86.88760806916426,3470,79.12652536929994,1557,83.0070667192321,79.12652536929994,298
Pitcher,Quinn Mathews,33851,687273,2026,AAA,AAA,6,4,A | A+ | AA | AAA,99.0,25.0,True,True,0.12794842323209696,0.9304226299311651,79.45322511747116,2341,86.41114982578397,861,82.93218747162757,79.45322511747116,299
Pitcher,Nathan Blasick,sa3025491,802136,2026,A+,A+,4,2,A | A+,49.333333333333336,25.000000000000004,True,True,0.06512502479751386,0.3965210382577482,73.2394366197183,3976,92.53658536585365,2050,82.88801099278598,73.2394366197183,300
Pitcher,Yoesmerli Beltre,sa3024876,827487,2026,A,A,3,1,A,23.0,20.0,True,False,0.049861300590106974,0.3589622985312792,81.98261686633779,4257,83.76212568536482,2371,82.87237127585131,81.98261686633779,301
Pitcher,Will Dion,30061,702021,2026,AAA,AAA,6,4,A | A+ | AA | AAA,37.333333333333336,26.0,True,True,0.10057524793575,0.9918609615377765,96.62537377189236,2341,69.10569105691057,861,82.86553241440146,69.10569105691057,302
Pitcher,Davian Garcia,sa3031927,807485,2026,AA,AA,5,3,A | A+ | AA,27.666666666666668,22.000000000000004,True,False,0.062406385407262524,0.8505979481915075,90.48991354466858,3470,75.208734746307,1557,82.8493241454878,75.208734746307,303
Pitcher,Blake Wehunt,sa3023220,687762,2026,AA,AA,5,3,A | A+ | AA,53.666666666666664,25.0,True,True,0.06633654752458644,0.7942824242391239,86.1671469740634,3470,79.51188182402055,1557,82.83951439904197,79.51188182402055,304
Pitcher,Tyler Gough,sa3020865,702640,2026,A+,A+,4,2,A | A+,42.0,22.0,True,True,0.050948498198822585,0.4840586040383435,82.21830985915493,3976,83.36585365853658,2050,82.79208175884575,82.21830985915493,305
Pitcher,J.D. Thompson,sa3043764,702505,2026,A+,A+,4,1,A+,30.0,22.0,True,True,0.05069964449360566,0.4871534659941071,82.52012072434607,3976,83.02439024390245,2050,82.77225548412426,82.52012072434607,306
Pitcher,Herick Hernandez,sa3025588,803349,2026,AAA,AAA,6,3,A+ | AA | AAA,26.0,22.0,True,False,0.10941860757442429,0.9677741148769301,89.53438701409654,2341,75.9581881533101,861,82.74628758370332,75.9581881533101,307
Pitcher,William Kempner,31615,687531,2026,AAA,AAA,6,4,A | A+ | AA | AAA,31.666666666666668,25.0,True,True,0.14388854181566876,0.9104348158540886,74.54079453225117,2341,90.70847851335657,861,82.62463652280387,74.54079453225117,308
Pitcher,Jake Bennett,31959,687562,2026,AAA,AAA,6,4,A | A+ | AA | AAA,39.333333333333336,25.0,True,True,0.10993568828098826,0.9651943439494158,88.63733447244768,2341,76.53890824622532,861,82.5881213593365,76.53890824622532,309
Pitcher,Joe Rock,30016,697812,2026,AAA,AAA,6,3,A+ | AA | AAA,32.66666666666667,25.0,True,True,0.14828682864451082,0.9035787092064979,72.9175565997437,2341,91.869918699187,861,82.39373764946535,72.9175565997437,310
Pitcher,Adan Vallenilla,sa3077280,838857,2026,International Rookie,International Rookie,1,1,International Rookie,39.0,20.0,True,True,0.006602307220629395,0.11456116135932573,83.10626702997276,2202,81.63265306122449,1568,82.36946004559863,81.63265306122449,311
Pitcher,Daniel Eagen,sa3030728,811666,2026,AA,AA,5,2,A+ | AA,122.0,23.0,True,True,0.06157177341467633,0.8501373099347683,90.48991354466858,3470,74.18111753371869,1557,82.33551553919364,74.18111753371869,312
Pitcher,Max Rajcic,31873,691008,2026,AAA,AAA,6,4,A | A+ | AA | AAA,40.666666666666664,24.0,True,True,0.11315419943071225,0.959266533380272,86.71507902605724,2341,77.93263646922183,861,82.32385774763954,77.93263646922183,313
Pitcher,Cody Bowker,sa3027486,805790,2026,A,A,3,1,A,39.666666666666664,22.0,True,True,0.0497526034053124,0.35126655222368974,80.94902513507165,4257,83.63559679460144,2371,82.29231096483655,80.94902513507165,314
Pitcher,Camden Minacci,sa3022728,695229,2026,AA,AA,5,2,A+ | AA,46.666666666666664,24.0,True,True,0.06519872295439658,0.7876186934765412,85.82132564841498,3470,78.67694283879256,1557,82.24913424360378,78.67694283879256,315
Pitcher,Tanner Franklin,sa3031652,815119,2026,A+,A+,4,1,A+,72.66666666666667,22.0,True,True,0.04870208626826225,0.4970238626549769,83.65191146881288,3976,80.82926829268293,2050,82.2405898807479,80.82926829268293,316
Pitcher,Jonathan Santucci,sa3041559,695558,2026,AAA,AAA,6,3,A+ | AA | AAA,29.0,23.0,True,False,0.10652071400908046,0.9718509789231433,90.8158906450235,2341,73.63530778164925,861,82.22559921333638,73.63530778164925,317
Pitcher,Jacob Miller,sa3020111,702571,2026,AA,AA,5,3,A | A+ | AA,66.0,22.0,True,True,0.07002603756318225,0.7407250866337587,81.0086455331412,3470,83.42967244701349,1557,82.21915899007735,81.0086455331412,318
Pitcher,Adrian Bohorquez,sa3021501,807974,2026,A+,A+,4,4,International Rookie | Complex | A | A+,38.666666666666664,21.0,True,True,0.04502892576326161,0.5567877375151329,88.12877263581488,3976,76.1951219512195,2050,82.16194729351719,76.1951219512195,319
Pitcher,Paul Gervase,31571,801434,2026,AAA,AAA,6,3,A+ | AA | AAA,46.0,26.0,True,True,0.14087230536298964,0.9126735868921898,74.96796240922683,2341,89.31475029036005,861,82.14135634979344,74.96796240922683,320
Pitcher,Juan Villamizar,sa3076992,837732,2026,International Rookie,International Rookie,1,1,International Rookie,36.66666666666667,17.0,True,True,0.006456889462922335,0.2037213986798164,97.18437783832879,2202,66.90051020408163,1568,82.0424440212052,66.90051020408163,321
Pitcher,Tyler Bremner,sa3027644,803285,2026,AA,AA,5,2,A+ | AA,24.333333333333332,21.999999999999996,True,False,0.06357086348539728,0.8063810997606654,87.34870317002881,3470,76.6859344894027,1557,82.01731882971575,76.6859344894027,322
Pitcher,Eduardo Rivera,31280,700842,2026,AAA,AAA,6,4,A | A+ | AA | AAA,45.666666666666664,23.0,True,True,0.11072805764589903,0.9599875350521865,86.8859461768475,2341,77.11962833914053,861,82.00278725799402,77.11962833914053,323
Pitcher,Alex Barr,sa3069297,828781,2026,A,A,3,1,A,62.333333333333336,19.0,True,True,0.04959249158599474,0.34633674286035265,80.40873854827343,4257,83.50906790383804,2371,81.95890322605574,80.40873854827343,324
Pitcher,David Hagaman,sa3032946,701908,2026,AA,AA,5,2,A+ | AA,30.333333333333332,23.0,True,True,0.06018218034831676,0.8594043098628477,91.44092219020173,3470,72.44701348747591,1557,81.94396783883883,72.44701348747591,325
Pitcher,Joe Whitman,sa3023131,802126,2026,AAA,AAA,6,4,A | A+ | AA | AAA,73.0,24.0,True,True,0.11354030817687545,0.9546459791175544,85.47629218282785,2341,78.397212543554,861,81.93675236319092,78.397212543554,326
Pitcher,Andrew Sears,33664,808825,2026,AA,AA,5,3,A | A+ | AA,35.0,23.0,True,True,0.06452842457002902,0.788103188727441,85.85014409221903,3470,77.97045600513809,1557,81.91030004867855,77.97045600513809,327
Pitcher,Braian Salazar,sa3019741,800317,2026,A+,A+,4,3,Complex | A | A+,55.0,21.0,True,True,0.0440994163178049,0.5696123362524369,88.88329979879276,3976,74.8780487804878,2050,81.88067428964028,74.8780487804878,328
Pitcher,Carlos Lagrange,sa3019390,801739,2026,AAA,AAA,6,5,International Rookie | Complex | A+ | AA | AAA,63.333333333333336,23.0,True,True,0.11229492489029252,0.9574631442978213,86.11704399829132,2341,77.5842044134727,861,81.85062420588201,77.5842044134727,329
Pitcher,Tanner McDougal,29887,701780,2026,AAA,AAA,6,4,A | A+ | AA | AAA,43.666666666666664,23.0,True,True,0.12748679119823153,0.9220729788781719,77.36010252029047,2341,86.17886178861788,861,81.76948215445418,77.36010252029047,330
Pitcher,Johnathan Lavallee,sa3017993,702300,2026,AA,AA,5,3,A | A+ | AA,41.0,26.0,True,True,0.06909469054526902,0.7377052542150484,80.92219020172911,3470,82.53050738599872,1557,81.7263487938639,80.92219020172911,331
Pitcher,Giacomo Taschin,sa3076300,806768,2026,Complex,Complex,2,1,Complex,22.666666666666668,19.0,True,False,0.014500721034526383,0.24174616817202194,87.33595800524934,1524,75.90822179732314,1046,81.62208990128624,75.90822179732314,332
Pitcher,Nick Borquez,sa3024926,826465,2026,Complex,Complex,2,1,Complex,22.333333333333332,19.0,True,False,0.014500721034526383,0.24174616817202194,87.33595800524934,1524,75.90822179732314,1046,81.62208990128624,75.90822179732314,332
Pitcher,Jakson Gamboa,sa3068090,829285,2026,Complex,Complex,2,1,Complex,23.0,19.0,True,False,0.014500721034526383,0.24174616817202194,87.33595800524934,1524,75.90822179732314,1046,81.62208990128624,75.90822179732314,332
Pitcher,Victor Rodriguez,sa3025066,828349,2026,Complex,Complex,2,1,Complex,29.0,19.0,True,False,0.014500721034526383,0.24174616817202194,87.33595800524934,1524,75.90822179732314,1046,81.62208990128624,75.90822179732314,332
Pitcher,Dillon Stiltner,sa3069316,833490,2026,Complex,Complex,2,1,Complex,26.0,19.0,True,False,0.014500721034526383,0.24174616817202194,87.33595800524934,1524,75.90822179732314,1046,81.62208990128624,75.90822179732314,332
Pitcher,Angel Soriano,sa3068680,821007,2026,Complex,Complex,2,1,Complex,29.666666666666668,19.000000000000004,True,False,0.01450072103452637,0.2417461681720217,87.33595800524934,1524,75.90822179732314,1046,81.62208990128624,75.90822179732314,332
Pitcher,Ernesto Mercedes,sa3018835,800233,2026,A,A,3,3,International Rookie | Complex | A,44.666666666666664,22.0,True,True,0.04344918025784469,0.38624148024410593,84.89546629081512,4257,78.32138338253901,2371,81.60842483667707,78.32138338253901,338
Pitcher,Logan VanWey,31884,701121,2026,AAA,AAA,6,2,AA | AAA,48.666666666666664,27.0,True,True,0.11425057416685343,0.9493686719557426,84.53652285348142,2341,78.51335656213705,861,81.52493970780924,78.51335656213705,339
Pitcher,Brad Pacheco,sa3025116,814372,2026,A,A,3,2,Complex | A,101.33333333333333,21.0,True,True,0.03958969367470058,0.44102999919513,89.14728682170542,4257,73.89287220582032,2371,81.52007951376288,73.89287220582032,340
Pitcher,Jhosneyker Colina,sa3068683,830466,2026,International Rookie,International Rookie,1,1,International Rookie,48.0,18.0,True,True,0.006531284910839458,0.12683024683976976,86.96639418710264,2202,75.51020408163265,1568,81.23829913436765,75.51020408163265,341
Pitcher,Ysaias Escalona,sa3068380,832723,2026,International Rookie,International Rookie,1,1,International Rookie,63.333333333333336,19.0,True,True,0.006582745174084533,0.11133805699255246,82.33424159854678,2202,80.10204081632654,1568,81.21814120743666,80.10204081632654,342
Pitcher,Matt Wilkinson,33760,683363,2026,AAA,AAA,6,4,A | A+ | AA | AAA,43.666666666666664,23.0,True,True,0.1287875109005237,0.9160560410768595,75.90773173857326,2341,86.52729384436701,861,81.21751279147014,75.90773173857326,343
Pitcher,Michael Kennedy,sa3021728,702604,2026,A+,A+,4,3,Complex | A | A+,70.0,21.0,True,True,0.04794098569204186,0.4789718937598399,81.94164989939638,3976,80.09756097560975,2050,81.01960543750306,80.09756097560975,344
Pitcher,Nolan Perry,sa3021476,804526,2026,AA,AA,5,4,Complex | A | A+ | AA,27.0,22.0,True,False,0.05908069963979535,0.8604816432481578,91.52737752161383,3470,70.32755298651253,1557,80.92746525406318,70.32755298651253,345
Pitcher,Jacob Odle,sa3022877,813838,2026,A+,A+,4,2,A | A+,63.0,22.0,True,True,0.05313279231622607,0.42456117512658564,76.6851106639839,3976,85.02439024390245,2050,80.85475045394318,76.6851106639839,346
Pitcher,Yaqui Rivera,sa3015504,700072,2026,AA,AA,5,4,International Rookie | A | A+ | AA,24.666666666666668,22.000000000000004,True,False,0.06455546314722482,0.7633382926297123,83.54466858789625,3470,77.97045600513809,1557,80.75756229651716,77.97045600513809,347
Pitcher,Josh Trentadue,sa3023010,815048,2026,AA,AA,5,3,A | A+ | AA,72.33333333333333,24.0,True,True,0.06341787998148293,0.7771867839483362,85.04322766570606,3470,76.36480411046885,1557,80.70401588808745,76.36480411046885,348
Pitcher,Juan Reynoso,sa3017790,702418,2026,A+,A+,4,2,A | A+,55.0,22.0,True,True,0.05355981714798487,0.41677162098649906,76.00603621730383,3976,85.36585365853658,2050,80.6859449379202,76.00603621730383,349
Pitcher,Michael Forret,sa3023479,702650,2026,AAA,AAA,6,4,A | A+ | AA | AAA,61.33333333333333,22.0,True,True,0.1069131362784452,0.9610252092235139,87.27039726612558,2341,73.98373983739837,861,80.62706855176198,73.98373983739837,350
Pitcher,Bryan Magdaleno,sa3016478,692447,2026,AA,AA,5,3,International Rookie | A | AA,56.0,25.0,True,True,0.07156363475285756,0.6953869783618335,76.19596541786744,3470,84.97109826589596,1557,80.5835318418817,76.19596541786744,351
Pitcher,Jackson Nezuh,sa3023411,694545,2026,AAA,AAA,6,4,A | A+ | AA | AAA,33.666666666666664,24.0,True,True,0.12765579111355985,0.91155678868052,74.71166168304144,2341,86.41114982578397,861,80.5614057544127,74.71166168304144,352
Pitcher,Anderson Brito,sa3024232,820901,2026,A+,A+,4,3,International Rookie | A | A+,32.333333333333336,21.0,True,True,0.04202219726554976,0.5641129123780155,88.6317907444668,3976,72.4390243902439,2050,80.53540756735535,72.4390243902439,353
Pitcher,Robinson Smith,sa3068778,829723,2026,Complex,Complex,2,2,International Rookie | Complex,30.333333333333332,18.0,True,True,0.015810684074054327,0.21103534797240295,80.77427821522309,1524,80.21032504780115,1046,80.49230163151212,80.21032504780115,354
Pitcher,Maximo Gonzalez,sa3024541,820947,2026,International Rookie,International Rookie,1,1,International Rookie,32.0,19.0,True,True,0.007992638195861471,0.07263222289100105,61.80744777475023,2202,99.17091836734694,1568,80.48918307104859,61.80744777475023,355
Pitcher,Sean Sullivan,33502,807743,2026,AAA,AAA,6,3,A+ | AA | AAA,56.333333333333336,23.0,True,True,0.11241022897024969,0.9450649001524561,83.25501922255447,2341,77.5842044134727,861,80.41961181801358,77.5842044134727,356
Pitcher,Jack Findlay,sa3031334,701469,2026,AA,AA,5,2,A | AA,44.666666666666664,23.0,True,True,0.0645076570436219,0.7548324750408654,82.8242074927954,3470,77.90622992935131,1557,80.36521871107335,77.90622992935131,357
Pitcher,Wisler Infante,sa3068358,829878,2026,International Rookie,International Rookie,1,1,International Rookie,47.666666666666664,18.0,True,True,0.006738860995897592,0.08980846804813147,72.6158038147139,2202,87.94642857142857,1568,80.28111619307123,72.6158038147139,358
Pitcher,Adam Bates,sa3023637,806724,2026,A+,A+,4,3,Complex | A | A+,22.333333333333332,20.0,True,False,0.0414258625550418,0.5627521241485862,88.45573440643864,3976,71.70731707317073,2050,80.08152573980468,71.70731707317073,359
Pitcher,Enderson Mercado,sa3024254,821253,2026,A,A,3,3,International Rookie | Complex | A,96.33333333333333,19.0,True,True,0.03970622651188235,0.40116483863492414,86.11698379140239,4257,73.9772247996626,2371,80.04710429553249,73.9772247996626,360
Pitcher,Chung-Hsiang Huang,sa3067525,829473,2026,A,A,3,2,Complex | A,68.0,20.0,True,True,0.03922031875948264,0.40882217992639014,86.75123326286116,4257,73.26022775200337,2371,80.00573050743228,73.26022775200337,361
Pitcher,Jeremy Reyes,sa3021018,808512,2026,A+,A+,4,3,Complex | A | A+,53.0,20.0,True,True,0.048615034557252045,0.44719615668372026,79.17505030181087,3976,80.6829268292683,2050,79.92898856553958,79.17505030181087,362
Pitcher,Earle Zulueta,sa3067563,821638,2026,Complex,Complex,2,1,Complex,36.333333333333336,19.0,True,True,0.01762778223613885,0.18916517708995143,75.5249343832021,1524,84.32122370936902,1046,79.92307904628555,75.5249343832021,363
Pitcher,Erigaldi Perez,sa3023812,808122,2026,A,A,3,3,International Rookie | Complex | A,51.333333333333336,20.0,True,True,0.03839039318430688,0.41417506516989006,87.38548273431995,4257,72.41670181358077,2371,79.90109227395035,72.41670181358077,364
Pitcher,Jackson Humphries,sa3021729,703469,2026,A+,A+,4,3,Complex | A | A+,72.33333333333333,21.0,True,True,0.04866786923774866,0.44331182807039254,78.79778672032194,3976,80.78048780487805,2050,79.7891372626,78.79778672032194,365
Pitcher,J.D. Thompson,sa3043764,702505,2026,AA,AA,5,2,A+ | AA,22.333333333333332,22.0,True,False,0.06140507039035873,0.78458534421512,85.56195965417868,3470,73.85998715478485,1557,79.71097340448176,73.85998715478485,366
Pitcher,Kamdyn Perry,sa3023663,815076,2026,A,A,3,2,Complex | A,22.333333333333332,20.0,True,False,0.0427412813602371,0.3571316136166085,81.7477096546864,4257,77.35132855335301,2371,79.54951910401971,77.35132855335301,367
Pitcher,Nigel Belgrave,sa3023180,811310,2026,AA,AA,5,2,A+ | AA,68.33333333333333,24.0,True,True,0.06141564730820788,0.7795211706475953,85.21613832853026,3470,73.85998715478485,1557,79.53806274165755,73.85998715478485,368
Pitcher,Carlos Duran,24458,679922,2026,AAA,AAA,6,5,International Rookie | A | A+ | AA | AAA,42.666666666666664,24.0,True,True,0.10484207424433285,0.9582052268437158,86.37334472447672,2341,72.47386759581882,861,79.42360616014777,72.47386759581882,369
Pitcher,Reinder Gomez,sa3068131,830407,2026,Complex,Complex,2,2,International Rookie | Complex,30.333333333333332,19.0,True,True,0.030606356873541483,0.15463156804266084,64.04199475065617,1524,94.74187380497132,1046,79.39193427781375,64.04199475065617,370
Pitcher,Maique Basanta,sa3077299,840598,2026,International Rookie,International Rookie,1,1,International Rookie,33.66666666666667,17.999999999999996,True,True,0.007038188197604836,0.07544752068794593,63.805631244323344,2202,94.7704081632653,1568,79.28801970379432,63.805631244323344,371
Pitcher,Patrick Forbes,sa3031537,804467,2026,A+,A+,4,1,A+,27.666666666666668,21.0,True,False,0.04834387333639511,0.4365722433134763,77.99295774647888,3976,80.53658536585365,2050,79.26477155616627,77.99295774647888,372
Pitcher,Saul Garcia,sa3017106,702903,2026,AA,AA,5,4,Complex | A | A+ | AA,49.666666666666664,23.0,True,True,0.06064436635750847,0.7804382139206136,85.30259365994236,3470,73.15350032113038,1557,79.22804699053637,73.15350032113038,373
Pitcher,Brandt Thompson,sa3043741,825576,2026,AAA,AAA,6,3,A | AA | AAA,62.666666666666664,23.0,True,True,0.10727698122917473,0.9474189037258395,84.0666381888082,2341,74.21602787456446,861,79.14133303168633,74.21602787456446,374
Pitcher,Justin West,sa3045034,804892,2026,A,A,3,1,A,113.0,22.0,True,True,0.04097409266021583,0.36573815935090376,82.64035705896171,4257,75.53774778574441,2371,79.08905242235306,75.53774778574441,375
Pitcher,Jacob Kisting,sa3035468,827526,2026,A+,A+,4,2,A | A+,86.0,23.0,True,True,0.04232803280023274,0.5166039152496613,85.28672032193158,3976,72.8780487804878,2050,79.08238455120969,72.8780487804878,376
Pitcher,Thomas Conrad,sa3076148,835213,2026,A,A,3,1,A,51.666666666666664,20.0,True,True,0.04546898982992365,0.3319064601224225,78.15362931642001,4257,79.88190636862083,2371,79.01776784252041,78.15362931642001,377
Pitcher,Chase Shores,sa3042212,702274,2026,A+,A+,4,1,A+,63.333333333333336,22.0,True,True,0.04751269855576975,0.4416108753632835,78.52112676056338,3976,79.51219512195122,2050,79.0166609412573,78.52112676056338,378
Pitcher,Brett Wichrowski,sa3023366,814489,2026,AAA,AAA,6,2,AA | AAA,30.666666666666668,23.0,True,True,0.13136611809719587,0.896041432495686,71.16616830414353,2341,86.7595818815331,861,78.96287509283832,71.16616830414353,379
Pitcher,Peyton Niksch,sa3076116,836172,2026,AA,AA,5,2,A | AA,21.0,22.0,True,False,0.06064964289111986,0.7735104667946984,84.63976945244957,3470,73.15350032113038,1557,78.89663488678997,73.15350032113038,380
Pitcher,Anthony Eyanson,sa3031104,809254,2026,A+,A+,4,1,A+,20.333333333333332,21.0,True,False,0.047925804196983696,0.43211748622195045,77.59054325955735,3976,80.09756097560975,2050,78.84405211758354,77.59054325955735,381
Pitcher,Owen Murphy,31761,702566,2026,AAA,AAA,6,4,A | A+ | AA | AAA,96.66666666666667,22.000000000000004,True,True,0.10752727156478595,0.9443263384287539,83.08415207176421,2341,74.56445993031359,861,78.8243060010389,74.56445993031359,382
Pitcher,Erigaldi Perez,sa3023812,808122,2026,Complex,Complex,2,2,International Rookie | Complex,32.333333333333336,20.0,True,True,0.01720714260355325,0.1853317283383455,74.01574803149606,1524,83.46080305927342,1046,78.73827554538474,74.01574803149606,383
Pitcher,Riley Quick,sa3040326,804981,2026,A+,A+,4,1,A+,41.333333333333336,22.0,True,True,0.04473678913551567,0.4751500732656522,81.61468812877264,3976,75.7560975609756,2050,78.68539284487412,75.7560975609756,384
Pitcher,Jack Mahoney,sa3023157,694968,2026,AA,AA,5,3,A | A+ | AA,68.0,24.0,True,True,0.061532391064317744,0.7582342105317132,83.14121037463977,3470,74.11689145793191,1557,78.62905091628585,74.11689145793191,385
Pitcher,Griffin Herring,sa3033707,702622,2026,AA,AA,5,3,A | A+ | AA,23.333333333333332,23.0,True,False,0.06728228968367198,0.7007654044274213,76.88760806916426,3470,80.34682080924856,1557,78.6172144392064,76.88760806916426,386
Pitcher,Adam Serwinowski,sa3020626,703445,2026,AA,AA,5,4,Complex | A | A+ | AA,127.0,22.0,True,True,0.06192263079136754,0.7464273705518563,81.87319884726224,3470,74.75915221579962,1557,78.31617553153093,74.75915221579962,387
Pitcher,Wilkin Ramos,23988,678576,2026,AAA,AAA,6,6,International Rookie | Complex | A | A+ | AA | AAA,57.333333333333336,25.0,True,True,0.10553103303882867,0.9459582999798386,83.63947031183255,2341,72.93844367015099,861,78.28895699099178,72.93844367015099,388
Pitcher,Alexander Meckley,sa3025591,814384,2026,A,A,3,1,A,82.0,22.0,True,True,0.0424845977124857,0.3403905075855982,79.49260042283298,4257,77.01391817798397,2371,78.25325930040847,77.01391817798397,389
Pitcher,Jackson Nezuh,sa3023411,694545,2026,AA,AA,5,3,A | A+ | AA,65.66666666666667,24.0,True,True,0.07024499431019311,0.6609207680037399,72.56484149855908,3470,83.75080282594733,1557,78.15782216225321,72.56484149855908,390
Pitcher,Luke Gabrysh,sa3031808,826939,2026,A+,A+,4,2,A | A+,68.33333333333333,23.0,True,True,0.05013478147314278,0.3991931819410316,73.69215291750503,3976,82.48780487804878,2050,78.0899788977769,73.69215291750503,391
Pitcher,Luis De Leon,30944,801725,2026,AA,AA,5,5,International Rookie | Complex | A | A+ | AA,81.0,23.0,True,True,0.0546765380002524,0.8660584107019264,91.95965417867436,3470,64.16184971098266,1557,78.06075194482851,64.16184971098266,392
Pitcher,Spencer Giesting,sa3020402,801517,2026,AAA,AAA,6,3,A+ | AA | AAA,48.333333333333336,24.0,True,True,0.10290338798126182,0.9525749592755522,85.26270824434003,2341,70.84785133565622,861,78.05527978999812,70.84785133565622,393
Pitcher,Hendry Chivilli,sa3021095,806998,2026,A,A,3,2,Complex | A,33.666666666666664,20.0,True,True,0.03464180508899691,0.44632472037910537,89.35870331219168,4257,66.72290172922817,2371,78.04080252070992,66.72290172922817,394
Pitcher,Ramon Marquez,sa3067514,827408,2026,A,A,3,2,Complex | A,29.0,20.0,True,False,0.041351594469496135,0.345373400549054,80.2677942212826,4257,75.79080556727119,2371,78.0292998942769,75.79080556727119,395
Pitcher,Aaron Savary,sa3041614,808860,2026,A,A,3,1,A,43.666666666666664,21.0,True,True,0.03961495137478259,0.36044059747972057,82.14705191449377,4257,73.89287220582032,2371,78.01996206015704,73.89287220582032,396
Pitcher,Irwin Ramirez,sa3024088,821061,2026,A,A,3,3,International Rookie | Complex | A,41.333333333333336,19.0,True,True,0.044139304285577184,0.32487681586210926,77.143528306319,4257,78.82749894559258,2371,77.98551362595579,77.143528306319,397
Pitcher,JR Ritchie,31760,702275,2026,AAA,AAA,6,4,A | A+ | AA | AAA,76.33333333333333,23.0,True,True,0.10161253143805797,0.9561587066526158,85.9034600598035,2341,70.03484320557492,861,77.9691516326892,70.03484320557492,398
Pitcher,Emilio Ramos,sa3024291,827446,2026,A,A,3,2,International Rookie | A,23.666666666666668,20.0,True,False,0.04146713673815219,0.3439274512127061,79.89194268264036,4257,75.95951075495572,2371,77.92572671879805,75.95951075495572,399
Pitcher,Geury Rodriguez,sa3019581,802085,2026,A,A,3,2,International Rookie | A,48.0,21.0,True,True,0.040742298421937814,0.3468939478016419,80.47921071176886,4257,75.36904259805989,2371,77.92412665491437,75.36904259805989,400
Pitcher,Angelo Ladera,sa3068143,831567,2026,Complex,Complex,2,2,International Rookie | Complex,30.333333333333332,19.0,True,True,0.014471690620018634,0.20689109348375676,79.92125984251969,1524,75.90822179732314,1046,77.9147408199214,75.90822179732314,401
Pitcher,Pierce George,sa3025520,703670,2026,AA,AA,5,2,A | AA,31.0,23.0,True,True,0.06760689598792681,0.6827407440683487,74.6685878962536,3470,81.05330764290302,1557,77.8609477695783,74.6685878962536,402
Pitcher,Riley Quick,sa3040326,804981,2026,AA,AA,5,2,A+ | AA,28.333333333333332,22.0,True,False,0.059390115794350995,0.7764744123401889,85.01440922190201,3470,70.64868336544637,1557,77.8315462936742,70.64868336544637,403
Pitcher,Jonatan Bernal,sa3009271,685763,2026,AA,AA,5,4,International Rookie | Complex | A | AA,32.333333333333336,24.0,True,True,0.06064243991355009,0.7510102140897988,82.36311239193084,3470,73.15350032113038,1557,77.75830635653061,73.15350032113038,404
Pitcher,Braydon Risley,sa3069406,836083,2026,A,A,3,1,A,60.0,21.0,True,True,0.03804737356099268,0.3716887248135449,83.25111580925534,4257,72.0371151412906,2371,77.64411547527297,72.0371151412906,405
Pitcher,Patrick Reilly,sa3023038,694345,2026,AA,AA,5,2,A+ | AA,34.0,24.0,True,True,0.06133510586690584,0.7448611825940291,81.61383285302594,3470,73.66730892742453,1557,77.64057089022523,73.66730892742453,406
Pitcher,Geovanny Villarroel,sa3068475,829494,2026,International Rookie,International Rookie,1,1,International Rookie,36.333333333333336,18.0,True,True,0.006525878645412875,0.10702612277976276,80.38147138964578,2202,74.80867346938776,1568,77.59507242951676,74.80867346938776,407
Pitcher,Drue Hackenberg,sa3023304,802357,2026,AAA,AA,6,3,A+ | AA | AAA,23.666666666666668,22.000000000000004,True,False,0.1008928962919916,0.9540554888421815,85.43357539513029,2341,69.57026713124274,861,77.50192126318652,69.57026713124274,408
Pitcher,Walvin Mena,sa3021505,808005,2026,A,A,3,2,International Rookie | A,24.666666666666668,20.0,True,False,0.04265965071445913,0.32840790291719013,77.66032417195208,4257,77.22479966258962,2371,77.44256191727085,77.22479966258962,409
Pitcher,Garrett Stratton,sa3043212,809784,2026,AA,AA,5,2,A+ | AA,29.666666666666668,22.0,True,False,0.05960248210478413,0.7642895428586532,83.57348703170028,3470,71.2267180475273,1557,77.40010253961378,71.2267180475273,410
Pitcher,Dominic Fritton,sa3031734,804571,2026,A,A,3,1,A,89.33333333333333,23.0,True,True,0.042795888997879325,0.3250972627787447,77.23749119097957,4257,77.47785744411641,2371,77.35767431754799,77.23749119097957,411
Pitcher,Reed Moring,sa3038379,823810,2026,A+,A+,4,2,A | A+,29.0,21.0,True,False,0.04556783171203447,0.43291924376527124,77.71629778672032,3976,76.97560975609755,2050,77.34595377140894,76.97560975609755,412
Pitcher,Ryan Johnson,35325,696270,2026,AA,AA,5,2,A+ | AA,20.333333333333332,23.0,True,False,0.059830497357423594,0.7563644685098837,82.9971181556196,3470,71.67630057803468,1557,77.33670936682714,71.67630057803468,413
Pitcher,Michael Fowler,sa3069077,694725,2026,A+,A+,4,1,A+,37.333333333333336,23.0,True,True,0.052740766711526464,0.37078167681463653,69.69315895372233,3976,84.78048780487805,2050,77.23682337930019,69.69315895372233,414
Pitcher,Wen-Hui Pan,sa3020878,808207,2026,AA,AA,5,3,A | A+ | AA,22.0,23.0,True,False,0.07080756188190247,0.6339983665189172,70.11527377521614,3470,84.32883750802826,1557,77.2220556416222,70.11527377521614,415
Pitcher,Daniel Gomez,sa3067564,822285,2026,International Rookie,International Rookie,1,1,International Rookie,37.333333333333336,18.0,True,True,0.006548226354501438,0.09967278062754542,77.56584922797457,2202,76.84948979591837,1568,77.20766951194648,76.84948979591837,416
Pitcher,Cam Day,sa3023201,701764,2026,AA,AA,5,3,A | A+ | AA,60.0,23.0,True,True,0.06435841685601926,0.6979105338163271,76.57060518731988,3470,77.64932562620425,1557,77.10996540676206,76.57060518731988,417
Pitcher,Wuilliams Rodriguez,sa3021523,808252,2026,A,A,3,3,International Rookie | Complex | A,66.33333333333333,20.0,True,True,0.034269800745123195,0.4223408946744997,88.066713648109,4257,66.09025727541122,2371,77.07848546176011,66.09025727541122,418
Pitcher,Beck Way,27877,694360,2026,AAA,AAA,6,4,A | A+ | AA | AAA,31.0,26.0,True,True,0.10571541712627096,0.9364664350689467,81.07646304997864,2341,72.93844367015099,861,77.00745336006482,72.93844367015099,419
Pitcher,Brandon Barriera,sa3020683,702255,2026,A,A,3,1,A,32.0,22.0,True,True,0.054310147227694346,0.2682441523293326,67.06600892647404,4257,86.9253479544496,2371,76.99567844046183,67.06600892647404,420
Pitcher,Jacob Steinmetz,sa3017976,700255,2026,A+,A+,4,3,Complex | A | A+,21.0,22.0,True,False,0.045432747307077755,0.42915932267453544,77.238430583501,3976,76.6829268292683,2050,76.96067870638464,76.6829268292683,421
Pitcher,Jack Jasiak,sa3020738,687916,2026,AA,AA,5,3,A | A+ | AA,56.666666666666664,25.0,True,True,0.057605192865498346,0.7856473766544949,85.70605187319885,3470,68.07964033397559,1557,76.89284610358722,68.07964033397559,422
Pitcher,Michael Arias,sa3017036,683522,2026,AAA,AA,6,5,International Rookie | A | A+ | AA | AAA,36.333333333333336,22.0,True,True,0.1204011754823244,0.8964972054088145,71.33703545493378,2341,82.34610917537746,861,76.84157231515562,71.33703545493378,423
Pitcher,Keyner Cedeno,sa3067588,829780,2026,International Rookie,International Rookie,1,1,International Rookie,39.0,18.0,True,True,0.006338182582774331,0.3888007542869689,99.90917347865577,2202,53.69897959183673,1568,76.80407653524625,53.69897959183673,424
Pitcher,Danny Watson,sa3017952,702130,2026,AAA,AAA,6,4,A | A+ | AA | AAA,51.0,25.0,True,True,0.12268220609824315,0.8910759286337042,69.62836394703119,2341,83.97212543554006,861,76.80024469128563,69.62836394703119,425
Pitcher,Davis Polo,sa3019637,805175,2026,A,A,3,2,Complex | A,99.66666666666667,21.0,True,True,0.03476052008097397,0.40765908010877233,86.61028893587033,4257,66.89160691691269,2371,76.75094792639152,66.89160691691269,426
Pitcher,Antoine Kelly,25611,681520,2026,AAA,AAA,6,4,Complex | A+ | AA | AAA,48.33333333333333,26.0,True,True,0.11107648500937328,0.9173184005735686,76.37761640324648,2341,77.11962833914053,861,76.7486223711935,76.37761640324648,427
Pitcher,Melkis Hernandez,sa3019148,800292,2026,A+,A+,4,4,International Rookie | Complex | A | A+,83.33333333333333,21.0,True,True,0.04509428834675189,0.4285961032079657,77.18812877263582,3976,76.1951219512195,2050,76.69162536192766,76.1951219512195,428
Pitcher,Titan Kennedy-Hayes,sa3025462,813901,2026,A+,A+,4,2,A | A+,45.333333333333336,24.0,True,True,0.05828083368784654,0.3335514295389579,64.13480885311871,3976,89.17073170731707,2050,76.6527702802179,64.13480885311871,429
Pitcher,Cody Delvecchio,sa3030108,805149,2026,A,A,3,1,A,33.666666666666664,22.0,True,True,0.039101000374073845,0.34472679292894465,80.17383133662203,4257,73.04934626739772,2371,76.61158880200988,73.04934626739772,430
Pitcher,Darlin Saladin,sa3015949,692404,2026,AA,AA,5,5,International Rookie | Complex | A | A+ | AA,53.666666666666664,23.0,True,True,0.0587021786138629,0.7615858438243884,83.45821325648414,3470,69.68529222864483,1557,76.57175274256448,69.68529222864483,431
Pitcher,Henry Lalane,sa3016066,700649,2026,A,A,3,3,International Rookie | Complex | A,62.333333333333336,22.0,True,True,0.03152285380656631,0.47500443433483547,91.42588677472398,4257,61.619569801771405,2371,76.52272828824769,61.619569801771405,432
Pitcher,Will Sanders,sa3023508,691739,2026,AAA,AAA,6,3,A+ | AA | AAA,50.0,24.0,True,True,0.10966895790677134,0.9191315483226256,76.719350704827,2341,76.30662020905923,861,76.51298545694311,76.30662020905923,433
Pitcher,Hunter Mann,sa3023231,815065,2026,A+,A+,4,2,A | A+,57.666666666666664,24.0,True,True,0.05218498128747399,0.3616498116708466,68.43561368209255,3976,84.53658536585365,2050,76.48609952397311,68.43561368209255,434
Pitcher,Carlos De La Rosa,sa3068459,822215,2026,Complex,Complex,2,2,International Rookie | Complex,44.0,18.0,True,True,0.012007205576898723,0.2673762827510879,91.20734908136482,1524,61.66347992351817,1046,76.43541450244149,61.66347992351817,435
Pitcher,Owen Wild,sa3023278,801643,2026,AA,AA,5,3,A | A+ | AA,21.0,23.0,True,False,0.05913416285979612,0.7518550443484456,82.47838616714698,3470,70.39177906229929,1557,76.43508261472314,70.39177906229929,436
Pitcher,Jesus Tillero,sa3021010,808313,2026,A,A,3,3,International Rookie | Complex | A,75.0,20.0,True,True,0.03574385109208889,0.3820652799352957,84.35517970401692,4257,68.49430619991564,2371,76.42474295196628,68.49430619991564,437
Pitcher,Josiah Romeo,sa3067315,812559,2026,A,A,3,2,Complex | A,89.66666666666667,20.0,True,True,0.033468669096144,0.42191142858368236,88.04322292694386,4257,64.57191058625052,2371,76.3075667565972,64.57191058625052,438
Pitcher,Yoel Tejeda Jr.,sa3043611,701347,2026,A+,A+,4,2,A | A+,84.33333333333333,22.0,True,True,0.04088331742630413,0.4712194445178171,81.41348088531187,3976,71.17073170731707,2050,76.29210629631447,71.17073170731707,439
Pitcher,Samuel Ortiz,sa3077237,832063,2026,International Rookie,International Rookie,1,1,International Rookie,37.0,17.0,True,True,0.006388116100610861,0.15554358010013752,92.55222524977293,2202,59.82142857142857,1568,76.18682691060076,59.82142857142857,440
Pitcher,C.J. Culpepper,sa3020563,690217,2026,AA,AA,5,3,A | A+ | AA,22.333333333333332,24.0,True,False,0.06935427528357492,0.6275582722419031,69.48126801152738,3470,82.72318561335902,1557,76.1022268124432,69.48126801152738,441
Pitcher,Charlie Weber,sa3076089,836167,2026,A,A,3,1,A,72.0,22.0,True,True,0.03634527490393744,0.3655436927635438,82.64035705896171,4257,69.54871362294391,2371,76.0945353409528,69.54871362294391,442
Pitcher,Emiliano Teodo,27999,693713,2026,AAA,AAA,6,5,Complex | A | A+ | AA | AAA,57.0,25.0,True,True,0.10063729545412395,0.9430908044469561,82.82785134557881,2341,69.22183507549362,861,76.0248432105362,69.22183507549362,443
Pitcher,Danny Thompson Jr.,sa3043750,834978,2026,A+,A+,4,1,A+,47.333333333333336,23.0,True,True,0.04345561484997742,0.43515280866701966,77.8672032193159,3976,74.14634146341463,2050,76.00677234136526,74.14634146341463,444
Pitcher,Kade Morris,33787,695034,2026,AAA,AAA,6,4,A | A+ | AA | AAA,91.0,24.0,True,True,0.10915844372001628,0.9175879215306981,76.37761640324648,2341,75.60975609756098,861,75.99368625040373,75.60975609756098,445
Pitcher,Seth Clausen,sa3029003,703523,2026,A,A,3,1,A,45.666666666666664,23.0,True,True,0.03924852832791478,0.3352252832540644,78.71740662438337,4257,73.26022775200337,2371,75.98881718819337,73.26022775200337,446
Pitcher,Bryan Balzer,sa3025047,808893,2026,A+,A+,4,2,A | A+,38.333333333333336,21.0,True,True,0.0442409355707227,0.4260627446387316,76.91146881287726,3976,74.97560975609755,2050,75.9435392844874,74.97560975609755,447
Pitcher,Cade Obermueller,sa3038991,805261,2026,A+,A+,4,2,A | A+,22.333333333333332,22.0,True,False,0.04764734253930411,0.3880012023958201,72.08249496981891,3976,79.65853658536585,2050,75.87051577759237,72.08249496981891,448
Pitcher,Troy Guthrie,sa3067419,816142,2026,A,A,3,2,Complex | A,79.33333333333333,20.0,True,True,0.03204408752892112,0.4381532747442534,89.05332393704487,4257,62.54744833403627,2371,75.80038613554056,62.54744833403627,449
Pitcher,Nate Snead,sa3042668,805422,2026,AA,AA,5,2,A+ | AA,69.33333333333333,22.0,True,True,0.05915459278174629,0.7418450923497156,81.18155619596541,3470,70.39177906229929,1557,75.78666762913235,70.39177906229929,450
Pitcher,Carter Lovasz,sa3036586,801921,2026,A,A,3,1,A,48.0,23.0,True,True,0.04070795355965289,0.31777656445701985,76.10993657505286,4257,75.36904259805989,2371,75.73948958655637,75.36904259805989,451
Pitcher,Matt Jachec,sa3022906,801367,2026,AA,AA,5,3,A | A+ | AA,26.333333333333332,24.0,True,False,0.06438940730051715,0.673333703920296,73.57348703170028,3470,77.77777777777777,1557,75.67563240473902,73.57348703170028,452
Pitcher,Brendon Little,21574,663893,2026,AAA,AAA,6,3,A | AA | AAA,32.0,29.0,True,True,0.1530154771120325,0.8270654433120384,58.18026484408372,2341,93.03135888501743,861,75.60581186455057,58.18026484408372,453
Pitcher,Joey Broughton,sa3076308,820833,2026,A,A,3,1,A,45.666666666666664,20.0,True,True,0.042120345057373956,0.30772582963723155,74.65351186281418,4257,76.54997891185154,2371,75.60174538733287,74.65351186281418,454
Pitcher,Josh Randall,sa3025585,695620,2026,A+,A+,4,2,A | A+,43.0,23.0,True,True,0.04327997302075341,0.428730411599027,77.18812877263582,3976,74.0,2050,75.59406438631791,74.0,455
Pitcher,Mason McGwire,sa3020961,702576,2026,A,A,3,2,Complex | A,30.0,22.0,True,True,0.03486592706056325,0.38006112820429955,84.12027249236552,4257,67.06031210459722,2371,75.59029229848136,67.06031210459722,456
Pitcher,Shane Panzini,sa3018257,695556,2026,AAA,AAA,6,4,A | A+ | AA | AAA,24.666666666666668,24.0,True,False,0.10101469846396434,0.9371428471222397,81.3754805638616,2341,69.80255516840883,861,75.58901786613521,69.80255516840883,457
Pitcher,Chris Cortez,sa3029417,700933,2026,AA,AA,5,2,A+ | AA,40.333333333333336,23.0,True,True,0.06333435915827643,0.6833826833939328,74.81268011527378,3470,76.36480411046885,1557,75.58874211287132,74.81268011527378,458
Pitcher,Nate Payne,sa3067390,827626,2026,A+,A+,4,2,Complex | A+,93.0,20.0,True,True,0.03413403259271052,0.6352168605584493,93.13380281690141,3976,58.0,2050,75.5669014084507,58.0,459
Pitcher,Owen Hackman,sa3025349,813706,2026,AA,AA,5,2,A | AA,46.0,24.0,True,True,0.06497700289145675,0.6652722916799739,72.85302593659942,3470,78.22736030828517,1557,75.5401931224423,72.85302593659942,460
Pitcher,Brayan Orrantia,sa3069395,821366,2026,A,A,3,1,A,90.66666666666667,20.0,True,True,0.04613244110631419,0.28564138841667885,70.49565421658446,4257,80.55672711935892,2371,75.52619066797169,70.49565421658446,461
Pitcher,AJ Smith-Shawver,29960,700363,2026,AAA,AAA,6,2,A | AAA,21.666666666666668,23.0,True,False,0.106207715152687,0.923098836397458,77.44553609568561,2341,73.5191637630662,861,75.48234992937591,73.5191637630662,462
Pitcher,Sebastian Gongora,sa3025644,807792,2026,AA,AA,5,3,A | A+ | AA,119.33333333333333,24.0,True,True,0.061520704826078555,0.6984082354630429,76.59942363112393,3470,74.05266538214515,1557,75.32604450663453,74.05266538214515,463
Pitcher,Kyle Carr,sa3023444,694805,2026,AA,AA,5,2,A+ | AA,66.66666666666667,24.0,True,True,0.058731685887731304,0.7366668787104803,80.77809798270893,3470,69.68529222864483,1557,75.23169510567688,69.68529222864483,464
Pitcher,Brandt Thompson,sa3043741,825576,2026,AA,AA,5,2,A | AA,49.666666666666664,23.0,True,True,0.055892463591610174,0.7720833036570993,84.49567723342939,3470,65.9601798330122,1557,75.22792853322079,65.9601798330122,465
Pitcher,Landen Payne,sa3039585,811167,2026,A,A,3,1,A,32.0,23.0,True,True,0.03622367082148329,0.3505656747367425,80.83157152924595,4257,69.54871362294391,2371,75.19014257609493,69.54871362294391,466
Pitcher,Zach Royse,sa3041233,805942,2026,A+,A+,4,2,A | A+,62.0,22.0,True,True,0.042834151696549694,0.4259808330860209,76.91146881287726,3976,73.46341463414635,2050,75.1874417235118,73.46341463414635,467
Pitcher,Kendri Fana,sa3069444,836621,2026,International Rookie,International Rookie,1,1,International Rookie,51.0,17.0,True,True,0.006384774320668836,0.14245514209589463,90.37238873751136,2202,59.50255102040816,1568,74.93746987895976,59.50255102040816,468
Pitcher,Carlos Medina,sa3076040,802392,2026,A+,A+,4,2,A | A+,21.0,21.0,True,False,0.04272169248872562,0.42087606571103053,76.38329979879276,3976,73.26829268292683,2050,74.8257962408598,73.26829268292683,469
Pitcher,Coleman Crow,27926,689441,2026,AAA,AAA,6,3,A | AA | AAA,95.66666666666667,25.000000000000004,True,True,0.10668158418408315,0.9152860303995061,75.65143101238787,2341,73.98373983739837,861,74.81758542489312,73.98373983739837,470
Pitcher,Jacob Mayers,sa3037376,823808,2026,A,A,3,1,A,46.333333333333336,22.0,True,True,0.045065007517877384,0.282649210781269,69.86140474512568,4257,79.62884858709405,2371,74.74512666610987,69.86140474512568,471
Pitcher,Will Watson,sa3025592,814492,2026,AA,AA,5,3,A | A+ | AA,28.666666666666668,23.0,True,False,0.0576579556190087,0.7428463025907556,81.3256484149856,3470,68.14386640976237,1557,74.73475741237398,68.14386640976237,472
Pitcher,Angel Rivero,sa3024548,821022,2026,Complex,Complex,2,2,International Rookie | Complex,42.0,19.0,True,True,0.012998999179730592,0.21284651730339665,80.90551181102362,1524,68.35564053537284,1046,74.63057617319822,68.35564053537284,473
Pitcher,Chris Kean,sa3023576,815454,2026,AAA,AAA,6,4,Complex | A+ | AA | AAA,24.0,24.0,True,False,0.09374326637621459,0.9563763798803591,85.9034600598035,2341,63.18234610917538,861,74.54290308448944,63.18234610917538,474
Pitcher,Marco Barrios,sa3023820,816256,2026,A,A,3,3,International Rookie | Complex | A,52.333333333333336,20.0,True,True,0.029621372218541518,0.4858833548137196,92.17758985200845,4257,56.89582454660481,2371,74.53670719930663,56.89582454660481,475
Pitcher,Michael Trausch,sa3023575,815301,2026,A,A,3,2,Complex | A,57.666666666666664,22.0,True,True,0.03618222777099142,0.3402370617512961,79.49260042283298,4257,69.54871362294391,2371,74.52065702288844,69.54871362294391,476
Pitcher,Dalton Pence,sa3039663,701717,2026,AAA,AAA,6,4,A | A+ | AA | AAA,29.666666666666668,23.0,True,False,0.09854397237109176,0.9383639267314211,81.71721486544212,2341,67.13124274099884,861,74.42422880322047,67.13124274099884,477
Pitcher,Francisco Morao,sa3022130,808262,2026,A,A,3,3,International Rookie | Complex | A,21.666666666666668,20.0,True,False,0.03645140246333671,0.3367219260447311,78.97580455719991,4257,69.80177140447068,2371,74.3887879808353,69.80177140447068,478
Pitcher,Brett Wichrowski,sa3023366,814489,2026,AA,AA,5,1,AA,47.666666666666664,23.0,True,True,0.06375300485147817,0.6501564060185743,71.78674351585015,3470,76.878612716763,1557,74.33267811630657,71.78674351585015,479
Pitcher,Derek Vartanian,sa3076147,826933,2026,A,A,3,1,A,113.66666666666667,22.0,True,True,0.038344192114701074,0.3190348851538453,76.34484378670425,4257,72.29017292281738,2371,74.3175083547608,72.29017292281738,480
Pitcher,Kevin Concepcion,sa3068629,830440,2026,Complex,Complex,2,2,International Rookie | Complex,28.666666666666668,18.0,True,False,0.011457419259966002,0.259171215438723,90.0262467191601,1524,58.604206500956025,1046,74.31522661005806,58.604206500956025,481
Pitcher,Jesus Garcia,sa3023846,821276,2026,A,A,3,2,International Rookie | A,42.666666666666664,20.0,True,True,0.033980044018618934,0.3729008363294968,83.32158797275076,4257,65.28890763390974,2371,74.30524780333025,65.28890763390974,482
Pitcher,Harrison Bodendorf,sa3027303,823746,2026,A+,A+,4,2,A | A+,40.0,22.0,True,True,0.045484110330887485,0.3849056376105717,71.62977867203219,3976,76.78048780487805,2050,74.20513323845512,71.62977867203219,483
Pitcher,Ty Van Dyke,sa3060817,807549,2026,A+,A+,4,2,A | A+,70.66666666666667,22.0,True,True,0.04280820821836841,0.4071059336422164,74.77364185110665,3976,73.46341463414635,2050,74.1185282426265,73.46341463414635,484
Pitcher,Joey Gartrell,sa3032013,813745,2026,A,A,3,1,A,31.0,22.0,True,True,0.03721787879265029,0.3246975839445227,77.12003758515387,4257,70.85617882749895,2371,73.98810820632642,70.85617882749895,485
Pitcher,Victor Diaz,sa3067034,828718,2026,A+,A+,4,2,A | A+,51.333333333333336,23.0,True,True,0.04639630469814447,0.37289748645547866,69.96981891348088,3976,78.0,2050,73.98490945674044,69.96981891348088,486
Pitcher,Carlos Carra,sa3025013,820902,2026,A,A,3,3,International Rookie | Complex | A,96.0,19.0,True,True,0.03364200273301198,0.371772149057478,83.25111580925534,4257,64.69843947701392,2371,73.97477764313463,64.69843947701392,487
Pitcher,Luis Morales,32227,806960,2026,AAA,AAA,6,3,A+ | AA | AAA,67.66666666666667,23.0,True,True,0.10352011811851522,0.9187836045121035,76.719350704827,2341,71.19628339140534,861,73.95781704811617,71.19628339140534,488
Pitcher,George Klassen,33464,691946,2026,AAA,AAA,6,4,A | A+ | AA | AAA,91.0,24.0,True,True,0.10489949839857014,0.913114880919258,75.13882956001709,2341,72.59001161440186,861,73.86442058720948,72.59001161440186,489
Pitcher,Phil Fox,sa3031609,813636,2026,AA,AA,5,2,A+ | AA,37.666666666666664,23.0,True,True,0.06225884511846886,0.6611995605083668,72.56484149855908,3470,75.14450867052022,1557,73.85467508453965,72.56484149855908,490
Pitcher,Ben Jacobs,sa3034527,800624,2026,A+,A+,4,1,A+,75.66666666666667,22.0,True,True,0.038492024865295335,0.4653927906016314,81.01106639839034,3976,66.63414634146342,2050,73.82260636992689,66.63414634146342,491
Pitcher,Wilfred Alvarado,sa3020990,807963,2026,A,A,3,2,International Rookie | A,24.333333333333332,20.0,True,False,0.03603678588277144,0.33276497532900956,78.27108292224571,4257,69.25347954449599,2371,73.76228123337086,69.25347954449599,492
Pitcher,Danny Macchiarola,sa3036776,809059,2026,A,A,3,1,A,33.0,21.0,True,True,0.034867145119004475,0.34560516940391456,80.29128494244773,4257,67.06031210459722,2371,73.67579852352247,67.06031210459722,493
Pitcher,Jairo Iriarte,26907,683568,2026,AAA,AAA,6,6,International Rookie | Complex | A | A+ | AA | AAA,40.666666666666664,24.0,True,True,0.09709603905968194,0.937285301470307,81.46091413925673,2341,65.85365853658537,861,73.65728633792105,65.85365853658537,494
Pitcher,Ty Van Dyke,sa3060817,807549,2026,A,A,3,1,A,33.0,22.0,True,True,0.033293591623054807,0.3674327112553366,82.85177354944797,4257,64.403205398566,2371,73.62748947400698,64.403205398566,495
Pitcher,Williams Montero,sa3068359,829881,2026,Complex,Complex,2,2,International Rookie | Complex,29.0,18.0,True,False,0.010847628866571759,0.2760575680928203,92.6509186351706,1524,54.20650095602294,1046,73.42870979559677,54.20650095602294,496
Pitcher,Tucker Biven,sa3027184,702712,2026,A+,A+,4,1,A+,40.333333333333336,22.0,True,True,0.040067471437173804,0.4257660483215463,76.91146881287726,3976,69.90243902439025,2050,73.40695391863375,69.90243902439025,497
Pitcher,Logan Forsythe,sa3031560,702649,2026,A,A,3,1,A,56.0,22.0,True,True,0.041252613786667953,0.2877497389509331,70.87150575522668,4257,75.74862927035007,2371,73.31006751278838,70.87150575522668,498
Pitcher,Alfred Morillo,sa3018870,801219,2026,AAA,AA,6,4,A | A+ | AA | AAA,29.0,23.0,True,False,0.10217354339806513,0.9165523259322547,76.07859888936352,2341,70.49941927990709,861,73.2890090846353,70.49941927990709,499
Pitcher,Cole Schoenwetter,sa3023567,800616,2026,A+,A+,4,3,Complex | A | A+,23.0,21.0,True,False,0.04161639922639787,0.4048788872907371,74.49698189134809,3976,72.04878048780488,2050,73.27288118957648,72.04878048780488,500
Pitcher,Jose Cabrera,30412,703615,2026,AAA,AAA,6,5,Complex | A | A+ | AA | AAA,45.0,24.0,True,True,0.08947322985652884,0.9593910125207306,86.80051260145237,2341,59.69802555168409,861,73.24926907656823,59.69802555168409,501
Pitcher,Richard Gallardo,sa3009990,682620,2026,AA,AA,5,4,Complex | A | A+ | AA,38.0,24.0,True,True,0.05933489348868914,0.6922010012765748,75.82132564841498,3470,70.64868336544637,1557,73.23500450693068,70.64868336544637,502
Pitcher,Jonas Uzcategui,sa3019281,801387,2026,A,A,3,2,Complex | A,32.666666666666664,21.0,True,True,0.03323158766422322,0.3599584202845165,82.1000704721635,4257,64.36102910164487,2371,73.23054978690419,64.36102910164487,503
Pitcher,Josh Ekness,33785,694795,2026,AAA,AAA,6,3,A+ | AA | AAA,21.0,24.0,True,False,0.09151795276918495,0.949380152246228,84.53652285348142,2341,61.904761904761905,861,73.22064237912166,61.904761904761905,504
Pitcher,Dominic Scheffler,sa3023599,807636,2026,A,A,3,2,Complex | A,48.333333333333336,21.0,True,True,0.03858820480108128,0.3028701688692341,73.80784590086915,4257,72.5854070012653,2371,73.19662645106723,72.5854070012653,505
Pitcher,Luis Vargas,sa3009592,682855,2026,AA,AA,5,4,International Rookie | A | A+ | AA,61.333333333333336,24.0,True,True,0.055119287752519536,0.7433763301489411,81.41210374639769,3470,64.9325626204239,1557,73.17233318341079,64.9325626204239,506
Pitcher,Ismael Obregon,sa3067604,830014,2026,Complex,Complex,2,2,International Rookie | Complex,28.333333333333332,18.0,True,False,0.010839404117944788,0.27233105761065607,92.06036745406824,1524,54.11089866156788,1046,73.08563305781806,54.11089866156788,507
Pitcher,Sheng-En Lin,sa3022820,806823,2026,A,A,3,2,Complex | A,61.0,20.0,True,True,0.030970252159131267,0.3939502430424467,85.5297157622739,4257,60.480809784900885,2371,73.00526277358739,60.480809784900885,508
Pitcher,Jakob Wright,sa3045618,809915,2026,A+,A+,4,1,A+,55.666666666666664,23.0,True,True,0.05291158728501703,0.31359494181941355,61.09154929577465,3976,84.82926829268293,2050,72.96040879422878,61.09154929577465,509
Pitcher,Jose Gonzalez,sa3076450,837212,2026,International Rookie,International Rookie,1,1,International Rookie,31.666666666666668,17.0,True,True,0.006331829871583747,0.1608561128615831,93.3242506811989,2202,52.55102040816327,1568,72.93763554468109,52.55102040816327,510
Pitcher,Nicolas Cruz,sa3019461,800395,2026,A+,A+,4,4,International Rookie | Complex | A | A+,55.0,22.0,True,True,0.03141742246490796,0.6497397322714363,94.13983903420524,3976,51.21951219512195,2050,72.6796756146636,51.21951219512195,511
Pitcher,Jerming Rosario,sa3008678,682645,2026,AAA,AAA,6,6,International Rookie | Complex | A | A+ | AA | AAA,61.666666666666664,24.0,True,True,0.09949335599481966,0.9239879528748601,77.61640324647587,2341,67.71196283391406,861,72.66418304019496,67.71196283391406,512
Pitcher,J.D. McReynolds,sa3069382,800859,2026,A,A,3,1,A,45.666666666666664,23.0,True,True,0.040671701610852755,0.2834603402879598,69.95536762978624,4257,75.36904259805989,2371,72.66220511392306,69.95536762978624,513
Pitcher,Riley Cornelio,31953,683000,2026,AAA,AAA,6,4,A | A+ | AA | AAA,66.0,26.0,True,True,0.10238007147574622,0.911244824224093,74.71166168304144,2341,70.49941927990709,861,72.60554048147426,70.49941927990709,514
Pitcher,Anthony Molina,26952,683627,2026,AAA,AAA,6,5,International Rookie | Complex | A+ | AA | AAA,54.333333333333336,24.0,True,True,0.09267267294368978,0.9397247245525059,82.01623237932507,2341,62.83391405342625,861,72.42507321637567,62.83391405342625,515
Pitcher,Alexander Meckley,sa3025591,814384,2026,A+,A+,4,2,A | A+,28.333333333333332,22.0,True,False,0.04458657202428035,0.36866665712246816,69.3158953722334,3976,75.51219512195122,2050,72.4140452470923,69.3158953722334,516
Pitcher,Garrett Wright,sa3023446,695057,2026,A+,A+,4,1,A+,38.0,24.0,True,True,0.04873105612911517,0.33193504232573057,63.98390342052314,3976,80.82926829268293,2050,72.40658585660303,63.98390342052314,517
Pitcher,Matt Lanzendorfer,sa3059755,831093,2026,A+,A+,4,1,A+,47.333333333333336,24.0,True,True,0.04459687674228034,0.3681440082672383,69.24044265593561,3976,75.5609756097561,2050,72.40070913284586,69.24044265593561,518
Pitcher,Jaiker Garcia,sa3018626,802243,2026,A,A,3,2,International Rookie | A,33.666666666666664,21.0,True,True,0.03873591446546908,0.29463590150301955,71.92858820765798,4257,72.66975959510755,2371,72.29917390138277,71.92858820765798,519
Pitcher,Adam Seminaris,sa3015010,694372,2026,AAA,AA,6,4,A | A+ | AA | AAA,34.333333333333336,23.0,True,True,0.11524012002096448,0.8698645761592984,65.65570269115763,2341,78.86178861788618,861,72.2587456545219,65.65570269115763,520
Pitcher,Jake Clemente,sa3029027,701361,2026,A,A,3,1,A,71.0,22.0,True,True,0.04419244954583264,0.26195402481705143,65.65656565656566,4257,78.82749894559258,2371,72.24203230107912,65.65656565656566,521
Pitcher,Zachary Redner,sa3067318,828412,2026,A+,A+,4,2,A | A+,76.33333333333333,21.0,True,True,0.03677673036286824,0.46943404975073766,81.31287726358148,3976,63.1219512195122,2050,72.21741424154683,63.1219512195122,522
Pitcher,Adriano Marrero,sa3068503,830809,2026,Complex,Complex,2,2,International Rookie | Complex,23.666666666666668,18.0,True,False,0.01163886906129859,0.2303042751471347,84.84251968503936,1524,59.36902485659656,1046,72.10577227081797,59.36902485659656,523
Pitcher,Pat Gallagher,sa3020938,693483,2026,AAA,AAA,6,4,A | A+ | AA | AAA,50.0,26.0,True,True,0.09227335751312689,0.9379396095669627,81.67449807774456,2341,62.48548199767712,861,72.07999003771084,62.48548199767712,524
Pitcher,Randy Ramnarace,sa3069400,835609,2026,A,A,3,1,A,44.0,21.0,True,True,0.04455714981939839,0.25823301265505527,64.88137185811604,4257,79.20708561788275,2371,72.04422873799939,64.88137185811604,525
Pitcher,Robert Cranz,sa3025521,801128,2026,AA,AA,5,2,A | AA,26.333333333333332,23.0,True,False,0.05600456879808146,0.7065583582989486,77.69452449567723,3470,66.15285806037251,1557,71.92369127802488,66.15285806037251,526
Pitcher,Thomas Balboni Jr.,sa3020861,693647,2026,A+,A+,4,2,A | A+,35.0,25.0,True,True,0.04429040688533259,0.3642695010214895,68.73742454728371,3976,74.97560975609755,2050,71.85651715169064,68.73742454728371,527
Pitcher,Adonys Perez,sa3020114,806583,2026,AA,AA,5,4,Complex | A | A+ | AA,23.333333333333332,21.999999999999996,True,False,0.05295388231741166,0.7567300153524726,82.9971181556196,3470,60.69364161849711,1557,71.84537988705836,60.69364161849711,528
Pitcher,Luisberth Valdez,sa3067602,830003,2026,Complex,Complex,2,2,International Rookie | Complex,26.0,18.0,True,False,0.010803431416790212,0.25763721220207214,89.76377952755905,1524,53.82409177820268,1046,71.79393565288086,53.82409177820268,529
Pitcher,Yeison Martinez,sa3025227,823842,2026,Complex,Complex,2,2,International Rookie | Complex,24.666666666666668,18.0,True,False,0.010803431416790212,0.2576372122020721,89.76377952755905,1524,53.82409177820268,1046,71.79393565288086,53.82409177820268,529
Pitcher,Jorge Nunez,sa3024840,821077,2026,Complex,Complex,2,2,International Rookie | Complex,27.666666666666668,18.0,True,False,0.010803431416790212,0.25763721220207214,89.76377952755905,1524,53.82409177820268,1046,71.79393565288086,53.82409177820268,529
Pitcher,Dariel Francia,sa3021526,808333,2026,A,A,3,3,International Rookie | Complex | A,41.666666666666664,19.0,True,True,0.03571500677669808,0.3118894051188168,75.21728917077755,4257,68.36777730915226,2371,71.79253323996491,68.36777730915226,532
Pitcher,Omar Victorino,sa3019273,800466,2026,A,Complex,3,3,International Rookie | Complex | A,26.0,20.0,True,False,0.03401475553617059,0.3302449598504764,77.89523138360347,4257,65.4997891185154,2371,71.69751025105944,65.4997891185154,533
Pitcher,Stephen Still,sa3076410,842192,2026,A+,A+,4,2,A | A+,30.333333333333332,24.0,True,True,0.03874046214881857,0.41894708324581476,76.23239436619718,3976,67.07317073170732,2050,71.65278254895225,67.07317073170732,534
Pitcher,Ismael Agreda,sa3017010,697795,2026,A+,A+,4,3,Complex | A | A+,95.0,22.0,True,True,0.03655540938018789,0.4609048946667664,80.60865191146881,3976,62.63414634146341,2050,71.62139912646612,62.63414634146341,535
Pitcher,Luis Arestigueta,sa3021521,808244,2026,A,A,3,3,International Rookie | Complex | A,62.333333333333336,20.0,True,True,0.03251765166744721,0.3440156334606074,79.9154334038055,4257,63.306621678616615,2371,71.61102754121106,63.306621678616615,536
Pitcher,A.J. Causey,sa3028661,822067,2026,AA,AA,5,2,A+ | AA,36.0,23.0,True,True,0.04932927880211592,0.827453753097606,88.90489913544668,3470,54.271034039820165,1557,71.58796658763342,54.271034039820165,537
Pitcher,John Holobetz,sa3034016,827292,2026,AAA,AAA,6,4,A | A+ | AA | AAA,30.666666666666668,23.0,True,True,0.09040713455207262,0.9428579337629497,82.78513455788125,2341,60.278745644599304,861,71.53194010124028,60.278745644599304,538
Pitcher,Brooks Caple,sa3028388,699944,2026,AA,AA,5,3,A | A+ | AA,86.0,23.0,True,True,0.05684606119311996,0.693260669920263,75.93659942363112,3470,67.05202312138728,1557,71.49431127250921,67.05202312138728,539
Pitcher,Eddy Yean,24248,678868,2026,AAA,AAA,6,6,International Rookie | Complex | A | A+ | AA | AAA,58.0,25.0,True,True,0.1027615608450487,0.899545963131937,72.0632208457924,2341,70.84785133565622,861,71.45553609072431,70.84785133565622,540
Pitcher,Cristofer Gomez,sa3019567,805684,2026,A+,A+,4,3,International Rookie | A | A+,38.333333333333336,23.0,True,True,0.036980313653192945,0.44968024386605504,79.42655935613682,3976,63.46341463414634,2050,71.44498699514158,63.46341463414634,541
Pitcher,Max Carlson,sa3023274,690967,2026,AA,AA,5,3,A | A+ | AA,77.33333333333333,24.0,True,True,0.05137736240339583,0.7728384720634044,84.55331412103746,3470,58.31727681438664,1557,71.43529546771205,58.31727681438664,542
Pitcher,Payton Martin,sa3020869,806293,2026,AA,AA,5,3,A | A+ | AA,101.0,22.0,True,True,0.06076058181494592,0.6270442102163314,69.48126801152738,3470,73.21772639691714,1557,71.34949720422226,69.48126801152738,543
Pitcher,Deimer Rodriguez,sa3068164,834704,2026,International Rookie,International Rookie,1,1,International Rookie,35.666666666666664,18.0,True,True,0.006434502422981565,0.10129096210067233,77.97456857402362,2202,64.66836734693878,1568,71.3214679604812,64.66836734693878,544
Pitcher,Enixon Sanchez,sa3024569,821198,2026,Complex,Complex,2,2,International Rookie | Complex,24.666666666666668,18.0,True,False,0.01084155939295132,0.2482412706031953,88.51706036745406,1524,54.11089866156788,1046,71.31397951451098,54.11089866156788,545
Pitcher,Max Martin,sa3037193,822317,2026,A+,A+,4,2,A | A+,39.0,22.0,True,True,0.04304617043694173,0.3652493212578838,68.86317907444668,3976,73.7560975609756,2050,71.30963831771115,68.86317907444668,546
Pitcher,Riley Maddox,sa3036829,824600,2026,A+,A+,4,1,A+,101.66666666666667,23.0,True,True,0.04016811707528342,0.3909309278229514,72.51006036217304,3976,70.0,2050,71.25503018108651,70.0,547
Pitcher,Oscar Rayo,sa3016749,699325,2026,AA,AA,5,4,International Rookie | A | A+ | AA,47.666666666666664,24.0,True,True,0.05335857204997861,0.736556697617978,80.77809798270893,3470,61.65703275529865,1557,71.2175653690038,61.65703275529865,548
Pitcher,Angel Bastardo,sa3009716,682785,2026,AAA,AAA,6,6,International Rookie | Complex | A | A+ | AA | AAA,52.666666666666664,24.0,True,True,0.08966690466444667,0.9417869076684461,82.52883383169586,2341,59.69802555168409,861,71.11342969168997,59.69802555168409,549
Pitcher,Leandro Rodriguez,sa3067623,832318,2026,A,A,3,3,International Rookie | Complex | A,29.0,20.0,True,False,0.03308673996243708,0.33044096104663817,77.94221282593375,4257,64.19232391396035,2371,71.06726836994704,64.19232391396035,550
Pitcher,Yermain Ruiz,sa3024529,815938,2026,A,A,3,3,International Rookie | Complex | A,42.0,20.0,True,True,0.029146256664038476,0.40068379134048493,86.09349307023726,4257,56.01012231126107,2371,71.05180769074917,56.01012231126107,551
Pitcher,Leighton Finley,sa3031345,803287,2026,A,A,3,1,A,96.0,22.0,True,True,0.03368451656655243,0.32507600889366445,77.23749119097957,4257,64.78279207085617,2371,71.01014163091787,64.78279207085617,552
Pitcher,Christian Rodriguez,sa3022360,815184,2026,A,A,3,2,Complex | A,77.33333333333333,21.0,True,True,0.03374438298675405,0.3231113260294631,77.00258397932816,4257,64.9514972585407,2371,70.97704061893444,64.9514972585407,553
Pitcher,Zach Royse,sa3041233,805942,2026,A,A,3,1,A,59.0,22.0,True,True,0.034369813295933166,0.3143810421428451,75.6636128729152,4257,66.17460986925347,2371,70.91911137108434,66.17460986925347,554
Pitcher,Omar Damian,sa3068364,829945,2026,International Rookie,International Rookie,1,1,International Rookie,40.333333333333336,17.0,True,True,0.006358133263411363,0.12109331745439356,85.14986376021798,2202,56.56887755102041,1568,70.85937065561919,56.56887755102041,555
Pitcher,Victor Juarez,sa3016226,692589,2026,AAA,AAA,6,5,International Rookie | A | A+ | AA | AAA,23.666666666666668,23.0,True,False,0.0893871895396976,0.9400592481460945,82.1016659547202,2341,59.58188153310105,861,70.84177374391062,59.58188153310105,556
Pitcher,Cole Hertzler,sa3025638,826315,2026,A+,A+,4,1,A+,43.0,23.0,True,True,0.03921753942759983,0.3984599644413446,73.49094567404427,3976,67.95121951219512,2050,70.72108259311969,67.95121951219512,557
Pitcher,Bryce Mayer,sa3025558,809343,2026,AA,AA,5,2,A+ | AA,69.0,24.0,True,True,0.05402392607470726,0.7128189710418255,78.29971181556196,3470,63.13423249839435,1557,70.71697215697816,63.13423249839435,558
Pitcher,Reid Easterly,sa3069179,822498,2026,A+,A+,4,1,A+,66.33333333333333,24.0,True,True,0.03917916994043947,0.3976680148952355,73.39034205231388,3976,67.8048780487805,2050,70.59761005054719,67.8048780487805,559
Pitcher,Yenrri Rojas,sa3018366,805060,2026,AA,AA,5,5,International Rookie | Complex | A | A+ | AA,69.33333333333333,22.0,True,True,0.050676533840557134,0.7663225329625669,83.86167146974063,3470,57.09698137443802,1557,70.47932642208933,57.09698137443802,560
Pitcher,David Matoma,sa3021761,807968,2026,A,A,3,2,Complex | A,36.666666666666664,20.0,True,True,0.042904950715292794,0.2505151976550607,63.30749354005168,4257,77.64656263180093,2371,70.4770280859263,63.30749354005168,561
Pitcher,Nelson Keljo,sa3035174,804940,2026,A,A,3,1,A,57.666666666666664,22.0,True,True,0.04231490765704598,0.2536420576604022,64.08268733850129,4257,76.84521299029946,2371,70.46395016440037,64.08268733850129,562
Pitcher,Herick Hernandez,sa3025588,803349,2026,AA,AA,5,2,A+ | AA,45.0,22.0,True,True,0.05380522124248319,0.7127036532853249,78.29971181556196,3470,62.55619781631342,1557,70.4279548159377,62.55619781631342,563
Pitcher,Ashton Izzi,sa3022230,802416,2026,AAA,AAA,6,4,A | A+ | AA | AAA,39.0,22.0,True,True,0.09498921373552252,0.9206004276559379,77.10380179410508,2341,63.64692218350755,861,70.37536198880632,63.64692218350755,564
Pitcher,Blade Tidwell,31701,694918,2026,AAA,AAA,6,3,A+ | AA | AAA,72.0,25.0,True,True,0.09394503125208782,0.922586604695896,77.36010252029047,2341,63.29849012775842,861,70.32929632402444,63.29849012775842,565
Pitcher,Blake Wolters,sa3023513,806265,2026,A,A,3,1,A,27.333333333333332,21.0,True,False,0.039787303003766115,0.26563047619170044,66.38477801268499,4257,74.18810628426824,2371,70.28644214847662,66.38477801268499,566
Pitcher,KK Clark,sa3069397,824616,2026,A,A,3,1,A,23.0,21.0,True,False,0.039787303003766115,0.26563047619170044,66.38477801268499,4257,74.18810628426824,2371,70.28644214847662,66.38477801268499,566
Pitcher,Ryan Heppner,sa3069407,836085,2026,A,A,3,1,A,20.0,21.0,True,False,0.039787303003766115,0.26563047619170044,66.38477801268499,4257,74.18810628426824,2371,70.28644214847662,66.38477801268499,566
Pitcher,Jose Guzman,sa3068695,825245,2026,A,A,3,2,International Rookie | A,56.0,21.0,True,True,0.029115152250116128,0.3847276983416764,84.66055907916373,4257,55.88359342049768,2371,70.2720762498307,55.88359342049768,569
Pitcher,Aiven Cabral,sa3028218,809685,2026,A+,A+,4,2,A | A+,65.0,22.0,True,True,0.03774351014300362,0.4137602189694233,75.55331991951711,3976,64.92682926829268,2050,70.2400745939049,64.92682926829268,570
Pitcher,Nick Garcia,sa3014501,694356,2026,AAA,AAA,6,4,A | A+ | AA | AAA,53.0,27.0,True,True,0.09919683967544331,0.9023079256500319,72.70397266125588,2341,67.71196283391406,861,70.20796774758497,67.71196283391406,571
Pitcher,Yilber Diaz,29271,700270,2026,AAA,AAA,6,5,International Rookie | A | A+ | AA | AAA,51.0,25.0,True,True,0.09413436977541435,0.9189370278206093,76.719350704827,2341,63.41463414634146,861,70.06699242558423,63.41463414634146,572
Pitcher,Ryan Dollar,sa3076166,805001,2026,A+,A+,4,1,A+,38.0,22.0,True,True,0.0408487897952608,0.36476623428104493,68.78772635814889,3976,71.17073170731707,2050,69.97922903273297,68.78772635814889,573
Pitcher,Braylon Owens,sa3039298,823182,2026,A+,A+,4,1,A+,63.666666666666664,23.0,True,True,0.039382104806913745,0.38327926888687125,71.42857142857143,3976,68.48780487804878,2050,69.9581881533101,68.48780487804878,574
Pitcher,Trey Gibson,33794,694346,2026,AAA,AAA,6,4,A | A+ | AA | AAA,82.33333333333333,24.0,True,True,0.08723249031128982,0.9441850250969984,83.08415207176421,2341,56.79442508710802,861,69.93928857943611,56.79442508710802,575
Pitcher,Andrew Healy,sa3033483,804986,2026,A,A,3,1,A,60.666666666666664,22.0,True,True,0.035713543886642767,0.2908241406100764,71.36481089969462,4257,68.36777730915226,2371,69.86629410442345,68.36777730915226,576
Pitcher,Simeon Woods Richardson,24494,680573,2026,AAA,AAA,6,4,A | A+ | AA | AAA,24.333333333333332,24.999999999999996,True,False,0.09077789424371675,0.9279386674374402,78.64160615121743,2341,60.97560975609756,861,69.8086079536575,60.97560975609756,577
Pitcher,Davis Chastain,sa3028782,823803,2026,A+,A+,4,1,A+,53.666666666666664,21.999999999999996,True,True,0.03667809762977907,0.4247954802075584,76.7354124748491,3976,62.8780487804878,2050,69.80673062766846,62.8780487804878,578
Pitcher,Yunior Marte,31097,805074,2026,AA,AA,5,4,Complex | A | A+ | AA,64.33333333333333,22.0,True,True,0.04841500306627127,0.7999341613977154,86.85878962536023,3470,52.7296082209377,1557,69.79419892314897,52.7296082209377,579
Pitcher,Hayden Juenger,29640,696522,2026,AAA,AAA,6,3,A+ | AA | AAA,39.33333333333333,25.0,True,True,0.09381661523121626,0.917118517558893,76.3348996155489,2341,63.18234610917538,861,69.75862286236215,63.18234610917538,580
Pitcher,Blake Wolters,sa3023513,806265,2026,A+,A+,4,2,A | A+,75.66666666666667,21.0,True,True,0.04122495377300124,0.35793370939188507,67.93259557344065,3976,71.5609756097561,2050,69.74678559159838,67.93259557344065,581
Pitcher,Samy Natera Jr.,31936,696519,2026,AAA,AAA,6,3,A+ | AA | AAA,30.0,26.0,True,True,0.11093571656611266,0.8503782630375428,62.28107646304998,2341,77.11962833914053,861,69.70035240109526,62.28107646304998,582
Pitcher,Brandon Langley,sa3076048,835236,2026,A,A,3,1,A,57.0,21.0,True,True,0.03502120165356598,0.29393950792974766,71.85811604416256,4257,67.52425137072964,2371,69.6911837074461,67.52425137072964,583
Pitcher,Carson Messina,sa3067436,703566,2026,A,A,3,1,A,41.333333333333336,20.0,True,True,0.03782057558199638,0.27121232651658095,67.6297862344374,4257,71.65752846900043,2371,69.64365735171891,67.6297862344374,584
Pitcher,Camden Lohman,sa3069289,834242,2026,Complex,Complex,2,1,Complex,43.0,19.0,True,True,0.011806306807603428,0.20256721030781025,78.93700787401575,1524,60.32504780114723,1046,69.63102783758148,60.32504780114723,585
Pitcher,Ben Abeldt,sa3025700,702727,2026,Complex,Complex,2,1,Complex,40.666666666666664,22.0,True,True,0.023590303740389975,0.11858826836897977,48.425196850393704,1524,90.72657743785851,1046,69.57588714412611,48.425196850393704,586
Pitcher,Anderson Encarnacion,sa3077268,837846,2026,International Rookie,International Rookie,1,1,International Rookie,37.333333333333336,17.0,True,True,0.006375451884830464,0.1081422758461587,80.88101725703906,2202,58.22704081632653,1568,69.55402903668279,58.22704081632653,587
Pitcher,Yerison Mendez,sa3076459,837637,2026,International Rookie,International Rookie,1,1,International Rookie,30.0,16.0,True,True,0.006700570887110459,0.06118452064136003,51.998183469573114,2202,86.98979591836735,1568,69.49398969397024,51.998183469573114,588
Pitcher,Kade Bragg,sa3023408,688540,2026,AA,AA,5,2,A+ | AA,49.0,24.0,True,True,0.06026017434091008,0.5971341022666553,66.39769452449568,3470,72.44701348747591,1557,69.4223540059858,66.39769452449568,589
Pitcher,Cade Crossland,sa3058955,827265,2026,A,A,3,1,A,72.0,22.0,True,True,0.04006384928835296,0.25421034645118806,64.27061310782241,4257,74.56769295655842,2371,69.41915303219042,64.27061310782241,590
Pitcher,Jagger Haynes,sa3020876,695247,2026,AA,AA,5,3,A | A+ | AA,94.66666666666667,23.0,True,True,0.05675886925160757,0.6479622433201663,71.61383285302594,3470,66.98779704560052,1557,69.30081494931324,66.98779704560052,591
Pitcher,Esmerlin Vinicio,sa3014708,691263,2026,A+,A+,4,3,Complex | A | A+,51.666666666666664,23.0,True,True,0.03935015422881392,0.37344325770445197,70.07042253521126,3976,68.39024390243902,2050,69.23033321882514,68.39024390243902,592
Pitcher,Bryce Mayer,sa3025558,809343,2026,AAA,AAA,6,3,A+ | AA | AAA,24.333333333333332,24.0,True,False,0.08966982661248313,0.9276666177223306,78.51345578812473,2341,59.69802555168409,861,69.1057406699044,59.69802555168409,593
Pitcher,Jose Silvestre,sa3023849,821621,2026,International Rookie,International Rookie,1,1,International Rookie,32.666666666666664,19.0,True,True,0.006300076408360391,0.14143871519961987,90.19073569482289,2202,47.83163265306123,1568,69.01118417394206,47.83163265306123,594
Pitcher,Karson Milbrandt,sa3020659,703596,2026,AAA,AAA,6,4,A | A+ | AA | AAA,54.0,22.0,True,True,0.10386395811834896,0.8732672803997893,66.33917129431866,2341,71.66085946573752,861,69.00001538002809,66.33917129431866,595
Pitcher,Rafe Schlesinger,sa3025587,701178,2026,AA,AA,5,3,A | A+ | AA,66.0,23.0,True,True,0.0574071560204717,0.631737712935227,69.94236311239193,3470,67.88696210661529,1557,68.91466260950361,67.88696210661529,596
Pitcher,Jacob Kisting,sa3035468,827526,2026,AA,AA,5,3,A | A+ | AA,24.0,23.0,True,False,0.05433887496605053,0.6778542704249481,74.17867435158502,3470,63.6480411046885,1557,68.91335772813676,63.6480411046885,597
Pitcher,Yu-Min Lin,sa3019278,801179,2026,AAA,AAA,6,5,Complex | A | A+ | AA | AAA,122.0,22.0,True,True,0.08936780252007086,0.9262458971283837,78.2998718496369,2341,59.465737514518004,861,68.88280468207745,59.465737514518004,598
Pitcher,Braylon Owens,sa3039298,823182,2026,AA,AA,5,2,A+ | AA,30.0,23.0,True,True,0.049240387614024314,0.7630184285672176,83.51585014409221,3470,54.206807964033395,1557,68.86132905406281,54.206807964033395,599
Pitcher,Drew Pestka,sa3024451,814102,2026,A+,A+,4,2,A | A+,28.666666666666668,22.0,True,False,0.04122523078706464,0.3464919595110133,66.09657947686117,3976,71.5609756097561,2050,68.82877754330863,66.09657947686117,600
Pitcher,Diustin Mayorquin,sa3068487,829944,2026,Complex,Complex,2,2,International Rookie | Complex,34.666666666666664,18.0,True,True,0.009722094434199382,0.2659070752420016,91.0761154855643,1524,46.55831739961759,1046,68.81721644259095,46.55831739961759,601
Pitcher,Joangel Gonzalez,sa3022242,814544,2026,A+,A+,4,2,Complex | A+,61.0,21.0,True,True,0.03990170095390978,0.358742244649046,68.05835010060362,3976,69.5609756097561,2050,68.80966285517985,68.05835010060362,602
Pitcher,Riley Frey,sa3022909,811319,2026,A+,A+,4,2,A | A+,33.0,24.0,True,True,0.039576072409492256,0.3625973459418393,68.61167002012073,3976,68.92682926829268,2050,68.7692496442067,68.61167002012073,603
Pitcher,Kyle Robinson,sa3025537,701836,2026,AA,A+,5,2,A+ | AA,51.0,21.0,True,True,0.0557586607536599,0.6468528114532335,71.55619596541787,3470,65.83172768143866,1557,68.69396182342827,65.83172768143866,604
Pitcher,Ben Peoples,26406,687239,2026,AAA,AAA,6,4,A | A+ | AA | AAA,37.666666666666664,25.0,True,True,0.09934683519259138,0.8906578582273328,69.58564715933362,2341,67.71196283391406,861,68.64880499662384,67.71196283391406,605
Pitcher,Jurrangelo Cijntje,sa3028930,701388,2026,AA,AA,5,2,A+ | AA,80.33333333333333,23.0,True,True,0.05411599542420066,0.6761332002900251,74.00576368876081,3470,63.26268464996789,1557,68.63422416936434,63.26268464996789,606
Pitcher,Merit Jones,sa3034898,809826,2026,A,A,3,1,A,93.66666666666667,22.000000000000004,True,True,0.034224680679146226,0.2902571766033241,71.24735729386892,4257,65.96372838464782,2371,68.60554283925836,65.96372838464782,607
Pitcher,Andrew Alvarez,29914,674841,2026,AAA,AAA,6,4,A | A+ | AA | AAA,34.0,27.0,True,True,0.10897883250156715,0.8471553741595588,61.72575822298163,2341,75.37746806039489,861,68.55161314168826,61.72575822298163,608
Pitcher,Brayan Mendoza,sa3015477,694207,2026,A+,A+,4,3,International Rookie | A | A+,94.66666666666667,22.000000000000004,True,True,0.03488979704480018,0.4368106104846072,77.99295774647888,3976,59.02439024390244,2050,68.50867399519066,59.02439024390244,609
Pitcher,Julio Mendez,sa3019580,801249,2026,A+,A+,4,3,International Rookie | A | A+,38.333333333333336,21.0,True,True,0.030796096564394592,0.5440781310606391,87.34909456740442,3976,49.65853658536585,2050,68.50381557638514,49.65853658536585,610
Pitcher,Jose Chirinos,sa3018859,800452,2026,A,A,3,3,International Rookie | Complex | A,42.0,21.0,True,True,0.0281627892038682,0.37579755718277486,83.55649518440217,4257,53.353015605229864,2371,68.45475539481602,53.353015605229864,611
Pitcher,Jose Martinez,sa3022207,814715,2026,A,A,3,2,International Rookie | A,52.333333333333336,21.0,True,True,0.03190073626696471,0.30794629291089104,74.67700258397933,4257,62.21003795866723,2371,68.44352027132328,62.21003795866723,612
Pitcher,Mason Adams,31663,690279,2026,AAA,AAA,6,3,A | AA | AAA,49.0,26.0,True,True,0.09472358640099256,0.9045061021437075,73.21657411362665,2341,63.64692218350755,861,68.4317481485671,63.64692218350755,613
Pitcher,Mac Heuer,sa3033740,806121,2026,A,A,3,1,A,21.0,21.0,True,False,0.03858408693120471,0.2542579765827584,64.27061310782241,4257,72.5854070012653,2371,68.42801005454385,64.27061310782241,614
Pitcher,Caden Wooster,sa3069202,813770,2026,A,A,3,1,A,29.666666666666668,21.0,True,False,0.03858408693120471,0.2542579765827584,64.27061310782241,4257,72.5854070012653,2371,68.42801005454385,64.27061310782241,614
Pitcher,Jesus Lafalaise,sa3024950,821611,2026,A,A,3,3,International Rookie | Complex | A,95.66666666666667,21.0,True,True,0.029681431284932207,0.34279796022363657,79.84496124031008,4257,56.93800084352594,2371,68.39148104191801,56.93800084352594,616
Pitcher,Kenyer Penaloza,sa3068630,830446,2026,International Rookie,International Rookie,1,1,International Rookie,37.0,17.0,True,True,0.006295622467042098,0.13603936523507143,89.1008174386921,2202,47.51275510204081,1568,68.30678627036646,47.51275510204081,617
Pitcher,Kyle McCoy,sa3037510,702578,2026,A+,A+,4,2,A | A+,66.33333333333333,22.0,True,True,0.03744427291351175,0.3882214662482519,72.1076458752515,3976,64.4390243902439,2050,68.2733351327477,64.4390243902439,618
Pitcher,Pierce Coppola,sa3029364,695518,2026,A,A,3,1,A,40.0,23.0,True,True,0.03462235768596567,0.2829379099532762,69.90838618745596,4257,66.59637283846479,2371,68.25237951296037,66.59637283846479,619
Pitcher,Luis Rujano,sa3020904,701329,2026,AA,AA,5,3,A | A+ | AA,28.666666666666668,23.0,True,False,0.05478035366217898,0.6555181794452389,72.13256484149856,3470,64.35452793834297,1557,68.24354638992077,64.35452793834297,620
Pitcher,Colin Daniel,sa3029823,824763,2026,A+,A+,4,1,A+,55.333333333333336,22.000000000000004,True,True,0.03819136872908369,0.3767389448002822,70.64889336016097,3976,65.8048780487805,2050,68.22688570447073,65.8048780487805,621
Pitcher,Eric Yost,sa3022858,801293,2026,AA,AA,5,3,A | A+ | AA,102.66666666666667,23.0,True,True,0.0577818510923542,0.6135959681926209,68.01152737752162,3470,68.40077071290943,1557,68.20614904521553,68.01152737752162,622
Pitcher,Sawyer Hawks,sa3033436,700895,2026,A+,A+,4,1,A+,43.333333333333336,23.0,True,True,0.03771279441101482,0.3831398536608629,71.42857142857143,3976,64.92682926829268,2050,68.17770034843205,64.92682926829268,623
Pitcher,Tyler Schweitzer,31920,805326,2026,AAA,AAA,6,4,A | A+ | AA | AAA,49.0,25.0,True,True,0.09363576415197877,0.9041770743697504,73.08842375053396,2341,63.18234610917538,861,68.13538492985467,63.18234610917538,624
Pitcher,Kannon Kemp,sa3067314,807748,2026,A+,A+,4,3,Complex | A | A+,33.0,21.0,True,True,0.032201653926162525,0.48861422361557416,82.79678068410463,3976,53.46341463414634,2050,68.13009765912548,53.46341463414634,625
Pitcher,Jervis Alfaro,sa3022113,807697,2026,A,A,3,3,International Rookie | Complex | A,34.666666666666664,22.0,True,True,0.02792005455417678,0.3742350080115462,83.43904157857646,4257,52.80472374525517,2371,68.12188266191582,52.80472374525517,626
Pitcher,Angelo Smith,sa3060599,816212,2026,A,A,3,1,A,45.0,22.0,True,True,0.0395020522414525,0.24571626680308065,62.48531829927179,4257,73.68199072121467,2371,68.08365451024324,62.48531829927179,627
Pitcher,Thomas Harrington,31989,802419,2026,AAA,AAA,6,4,A | A+ | AA | AAA,94.66666666666667,24.0,True,True,0.10064724510621127,0.8765926101273792,66.89448953438702,2341,69.22183507549362,861,68.05816230494031,66.89448953438702,628
Pitcher,Kellan Oakes,sa3038982,822163,2026,A,A,3,1,A,35.333333333333336,22.0,True,True,0.029243113006206408,0.34169650656175626,79.6805261921541,4257,56.178827498945594,2371,67.92967684554985,56.178827498945594,629
Pitcher,David Hagaman,sa3032946,701908,2026,A+,A+,4,1,A+,71.33333333333333,23.0,True,True,0.037893838656857914,0.37501820360877736,70.34708249496983,3976,65.36585365853658,2050,67.8564680767532,65.36585365853658,630
Pitcher,Will Cannon,sa3028369,825756,2026,AA,AA,5,2,A+ | AA,49.0,22.0,True,True,0.05266514257405957,0.6878228996614932,75.24495677233429,3470,60.37251123956326,1557,67.80873400594878,60.37251123956326,631
Pitcher,Winyer Chourio,sa3024615,826466,2026,A,A,3,3,International Rookie | Complex | A,51.666666666666664,21.999999999999996,True,True,0.026400849889384462,0.4108764220909737,86.93915903218229,4257,48.544917756221004,2371,67.74203839420164,48.544917756221004,632
Pitcher,Joseph Herrera,sa3024471,823877,2026,A,A,3,2,International Rookie | A,36.666666666666664,20.0,True,True,0.03510687950893517,0.27207113600439276,67.77073056142824,4257,67.56642766765079,2371,67.66857911453951,67.56642766765079,633
Pitcher,Tayler Montiel,sa3038267,813535,2026,A,A,3,1,A,30.666666666666668,23.0,True,True,0.037603684561276614,0.25257095098091087,63.777307963354474,4257,71.4888232813159,2371,67.63306562233518,63.777307963354474,634
Pitcher,Truman Pauley,sa3039559,831912,2026,A,A,3,1,A,103.66666666666667,22.000000000000004,True,True,0.040257597385629625,0.23622533633178858,60.41813483673949,4257,74.8207507380852,2371,67.61944278741234,60.41813483673949,635
Pitcher,Rolddy Munoz,27407,691548,2026,AAA,AAA,6,4,A | A+ | AA | AAA,47.666666666666664,26.0,True,True,0.10857593868227494,0.837071001725908,59.88893635198633,2341,75.26132404181185,861,67.5751301968991,59.88893635198633,636
Pitcher,Cristofer Brujan,sa3077511,837703,2026,International Rookie,International Rookie,1,1,International Rookie,31.666666666666668,17.0,True,True,0.007141719465526232,0.04721586853418422,39.282470481380564,2202,95.8545918367347,1568,67.56853115905763,39.282470481380564,637
Pitcher,Rodrigo Ramirez,sa3068907,832443,2026,International Rookie,International Rookie,1,1,International Rookie,32.0,19.0,True,True,0.006476058905569709,0.07853518832899435,65.84922797456858,2202,69.26020408163265,1568,67.55471602810061,65.84922797456858,638
Pitcher,Luis Martinez,sa3077496,832327,2026,International Rookie,International Rookie,1,1,International Rookie,34.0,17.0,True,True,0.006479360032162812,0.07797882451605449,65.57674841053587,2202,69.51530612244898,1568,67.54602726649242,65.57674841053587,639
Pitcher,Ethan Walker,sa3044666,833080,2026,A,A,3,1,A,51.0,22.0,True,True,0.03316436474094087,0.28744577562827295,70.80103359173127,4257,64.27667650780262,2371,67.53885504976694,64.27667650780262,640
Pitcher,Riley Maddox,sa3036829,824600,2026,AA,AA,5,2,A+ | AA,25.0,23.0,True,False,0.05355749762065877,0.6693762368779415,73.22766570605188,3470,61.84971098265896,1557,67.53868834435542,61.84971098265896,641
Pitcher,Francis Pena,sa3019374,800212,2026,AAA,AA,6,4,International Rookie | A+ | AA | AAA,52.333333333333336,24.0,True,True,0.097433349806738,0.8868276642425332,68.81674498077744,2341,66.2020905923345,861,67.50941778655597,66.2020905923345,642
Pitcher,Hicter Ruiz,sa3076952,829373,2026,International Rookie,International Rookie,1,1,International Rookie,33.0,18.0,True,True,0.006513621684109185,0.07225599298253846,61.62579473206176,2202,73.34183673469387,1568,67.48381573337781,61.62579473206176,643
Pitcher,Jareth Rayo,sa3077501,837078,2026,International Rookie,International Rookie,1,1,International Rookie,36.0,18.0,True,True,0.006713169431612774,0.05557137669795049,47.41144414168937,2202,87.37244897959184,1568,67.3919465606406,47.41144414168937,644
Pitcher,Alex Cook,32015,702047,2026,AAA,AAA,6,3,A | A+ | AAA,42.666666666666664,24.999999999999996,True,True,0.09689701352750332,0.8887053510905536,69.20119607005553,2341,65.50522648083624,861,67.35321127544589,65.50522648083624,645
Pitcher,Emmanuel Hernandez,sa3077272,837967,2026,International Rookie,International Rookie,1,1,International Rookie,42.666666666666664,17.0,True,True,0.006465116402811874,0.07950301131464992,66.62125340599455,2202,67.85714285714286,1568,67.23919813156871,66.62125340599455,646
Pitcher,Carlson Reed,sa3022793,694788,2026,A+,A+,4,2,A | A+,88.0,23.0,True,True,0.042468217082124476,0.3162100272080372,61.31790744466801,3976,73.1219512195122,2050,67.2199293320901,61.31790744466801,647
Pitcher,Jose Fleury,sa3019255,800067,2026,AAA,AAA,6,4,International Rookie | A | AA | AAA,23.666666666666668,24.0,True,False,0.09267878135472345,0.897517235891681,71.50790260572406,2341,62.83391405342625,861,67.17090832957516,62.83391405342625,648
Pitcher,Rio Britton,sa3023379,694833,2026,A+,A+,4,2,A | A+,97.66666666666667,23.0,True,True,0.04002783152954443,0.3354187299095189,64.51207243460765,3976,69.8048780487805,2050,67.15847524169408,64.51207243460765,649
Pitcher,Denis Samudio,sa3068497,830433,2026,A,A,3,2,International Rookie | A,70.0,21.0,True,True,0.03204366907118126,0.2934124906728071,71.764153159502,4257,62.54744833403627,2371,67.15580074676913,62.54744833403627,650
Pitcher,Ben Hess,sa3033725,696292,2026,AA,AA,5,2,A+ | AA,56.666666666666664,23.0,True,True,0.05358821895898401,0.6596186989856503,72.44956772334294,3470,61.84971098265896,1557,67.14963935300095,61.84971098265896,651
Pitcher,Tyler Renz,sa3067437,815868,2026,A,A,3,2,Complex | A,97.33333333333333,19.0,True,True,0.029669221261065703,0.32468828060067284,77.12003758515387,4257,56.93800084352594,2371,67.02901921433991,56.93800084352594,652
Pitcher,Nestor German,sa3023517,815148,2026,AAA,AAA,6,4,A | A+ | AA | AAA,117.0,24.0,True,True,0.08910109644177577,0.9130856927822,75.01067919692439,2341,59.00116144018583,861,67.00592031855511,59.00116144018583,653
Pitcher,Jose Andrades,sa3068687,835406,2026,International Rookie,International Rookie,1,1,International Rookie,30.333333333333332,19.0,True,True,0.007871542064929397,0.0440324152464373,34.83197093551317,2202,99.04336734693878,1568,66.93766914122597,34.83197093551317,654
Pitcher,Owen Proksch,sa3040240,810896,2026,A+,A+,4,2,A | A+,25.0,22.0,True,False,0.0403524173568681,0.32851675944384234,63.43058350100603,3976,70.4390243902439,2050,66.93480394562496,63.43058350100603,655
Pitcher,Brian Holiday,sa3033970,701509,2026,A,A,3,1,A,50.666666666666664,23.0,True,True,0.0370287680567026,0.2502688095884012,63.30749354005168,4257,70.56094474905103,2371,66.93421914455135,63.30749354005168,656
Pitcher,Yadiel Roquez,sa3068093,829420,2026,International Rookie,International Rookie,1,1,International Rookie,37.0,19.0,True,True,0.006486225208085082,0.07491426663815819,63.44232515894641,2202,70.34438775510205,1568,66.89335645702423,63.44232515894641,657
Pitcher,Daniel Espino,25625,682982,2026,AAA,AAA,6,3,A | A+ | AAA,36.666666666666664,25.0,True,True,0.10280952947355747,0.8540021085272954,62.87911149081589,2341,70.84785133565622,861,66.86348141323606,62.87911149081589,658
Pitcher,Randy Guzman,sa3077377,837102,2026,International Rookie,International Rookie,1,1,International Rookie,38.666666666666664,18.0,True,True,0.006351507998267443,0.10142931809016856,78.11080835603997,2202,55.548469387755105,1568,66.82963887189754,55.548469387755105,659
Pitcher,Carson Dorsey,sa3025643,805955,2026,A+,A+,4,2,A | A+,95.66666666666667,23.0,True,True,0.04045782798931464,0.32654571960728285,63.0533199195171,3976,70.58536585365853,2050,66.81934288658782,63.0533199195171,660
Pitcher,Gunner Mayer,sa3011199,686763,2026,AAA,AAA,6,4,A | A+ | AA | AAA,34.333333333333336,25.0,True,True,0.10668670632957823,0.8335721341462146,59.419051687313114,2341,73.98373983739837,861,66.70139576235574,59.419051687313114,661
Pitcher,Michael Lombardi,sa3036476,813533,2026,A,A,3,1,A,88.0,22.0,True,True,0.03498392711424288,0.2640328770003977,66.00892647404275,4257,67.313369886124,2371,66.66114818008337,66.00892647404275,662
Pitcher,Xavier Rivas,sa3040812,814392,2026,AA,AA,5,3,A | A+ | AA,81.33333333333333,23.0,True,True,0.05116751055776067,0.6879781402769479,75.24495677233429,3470,58.060372511239564,1557,66.65266464178693,58.060372511239564,663
Pitcher,Austin Gordon,sa3032478,803135,2026,AA,AA,5,2,A+ | AA,124.33333333333333,23.0,True,True,0.05391696858696012,0.6334279632691137,70.0864553314121,3470,63.07000642260758,1557,66.57823087700984,63.07000642260758,664
Pitcher,Jose Cabrera,30412,703615,2026,AA,AA,5,4,Complex | A | A+ | AA,45.0,24.0,True,True,0.050448452990459754,0.6968136000571218,76.36887608069165,3470,56.64739884393064,1557,66.50813746231114,56.64739884393064,665
Pitcher,Josh Simpson,25957,681006,2026,AAA,AAA,6,3,A+ | AA | AAA,34.0,28.0,True,True,0.08506276010551672,0.9291873943782456,79.06877402819308,2341,53.89082462253194,861,66.4797993253625,53.89082462253194,666
Pitcher,Brody Hopkins,sa3023515,811315,2026,AAA,AAA,6,4,A | A+ | AA | AAA,94.0,24.0,True,True,0.09688787320535244,0.8804461584077791,67.44980777445537,2341,65.50522648083624,861,66.4775171276458,65.50522648083624,667
Pitcher,Josh Grosz,sa3023478,701056,2026,AA,AA,5,3,A | A+ | AA,56.666666666666664,23.0,True,True,0.050922468553882654,0.6884921670839993,75.3314121037464,3470,57.54656390494541,1557,66.4389880043459,57.54656390494541,668
Pitcher,Brandon Cassedy,sa3076297,836164,2026,A,A,3,1,A,36.0,22.0,True,True,0.031776140999630303,0.2873832629320415,70.77754287056612,4257,62.08350906790384,2371,66.43052596923498,62.08350906790384,669
Pitcher,Victor Juarez,sa3016226,692589,2026,AA,AA,5,4,International Rookie | A | A+ | AA,34.0,23.0,True,True,0.050636172077870995,0.692438352992934,75.82132564841498,3470,56.96852922286448,1557,66.39492743563973,56.96852922286448,670
Pitcher,Jack Sellinger,sa3022934,681415,2026,AA,AA,5,3,A | A+ | AA,53.0,26.0,True,True,0.06272147734140668,0.5233662903380181,57.29106628242075,3470,75.33718689788054,1557,66.31412659015065,57.29106628242075,671
Pitcher,Griffin Kilander,sa3025467,828499,2026,A,A,3,1,A,34.333333333333336,23.0,True,True,0.03298715324697084,0.27606984538722457,68.66337796570355,4257,63.85491353859131,2371,66.25914575214743,63.85491353859131,672
Pitcher,Yanzel Correa,sa3023302,814354,2026,A,A,3,2,Complex | A,53.666666666666664,21.0,True,True,0.0285690079704282,0.32946234445604866,77.82475922010806,4257,54.57612821594264,2371,66.20044371802535,54.57612821594264,673
Pitcher,Hiro Wyatt,sa3023613,702965,2026,A,A,3,2,Complex | A,28.0,21.0,True,False,0.035086326334473485,0.25789251619966225,64.83439041578576,4257,67.56642766765079,2371,66.20040904171827,64.83439041578576,674
Pitcher,Railin Perez,sa3009622,683988,2026,AA,AA,5,5,International Rookie | Complex | A | A+ | AA,50.333333333333336,24.0,True,True,0.052064024608664966,0.6622664025684571,72.76657060518733,3470,59.53757225433526,1557,66.15207142976129,59.53757225433526,675
Pitcher,Dalvin Taveras,sa3077026,839504,2026,International Rookie,International Rookie,1,1,International Rookie,35.333333333333336,18.0,True,True,0.00667412270311398,0.05476872428827844,46.548592188919166,2202,85.71428571428571,1568,66.13143895160243,46.548592188919166,676
Pitcher,Dalton Pence,sa3039663,701717,2026,AA,AA,5,3,A | A+ | AA,55.333333333333336,23.0,True,True,0.05551173419152526,0.5986635815353252,66.62824207492795,3470,65.51059730250482,1557,66.06941968871638,65.51059730250482,677
Pitcher,Isaac Gallegos,sa3023183,814541,2026,AA,AA,5,2,A+ | AA,31.666666666666668,23.0,True,True,0.05043865095214569,0.689573422089382,75.44668587896254,3470,56.64739884393064,1557,66.04704236144659,56.64739884393064,678
Pitcher,Carlos Rey,sa3022732,692229,2026,AA,AA,5,3,A | A+ | AA,53.666666666666664,24.0,True,True,0.054071158210068894,0.6209023149141181,68.84726224783861,3470,63.19845857418112,1557,66.02286041100987,63.19845857418112,679
Pitcher,Nelson Keljo,sa3035174,804940,2026,A+,A+,4,2,A | A+,24.666666666666668,22.000000000000004,True,False,0.04093837545886084,0.3100997160743262,60.638832997987926,3976,71.26829268292683,2050,65.95356284045738,60.638832997987926,680
Pitcher,Augie Mojica,sa3068592,821318,2026,A,A,3,1,A,38.666666666666664,21.0,True,True,0.03903625418311618,0.22806110991636333,58.8912379610054,4257,72.96499367355545,2371,65.92811581728043,58.8912379610054,681
Pitcher,Sam Stuhr,sa3043272,702023,2026,A,A,3,1,A,39.0,23.0,True,True,0.0360058808526321,0.24639823371871777,62.64975334742777,4257,69.16912695065373,2371,65.90944014904075,62.64975334742777,682
Pitcher,Giovanni Vargas,sa3021515,808133,2026,Complex,Complex,2,1,Complex,22.333333333333332,20.0,True,False,0.011094114939817134,0.19056756851297116,75.85301837270342,1524,55.831739961759084,1046,65.84237916723126,55.831739961759084,683
Pitcher,Melvin Hidalgo,sa3068822,835194,2026,Complex,Complex,2,1,Complex,21.0,20.0,True,False,0.011094114939817134,0.19056756851297116,75.85301837270342,1524,55.831739961759084,1046,65.84237916723126,55.831739961759084,683
Pitcher,Jack Bushell,sa3023577,816303,2026,Complex,Complex,2,1,Complex,26.666666666666668,20.0,True,False,0.011094114939817134,0.19056756851297116,75.85301837270342,1524,55.831739961759084,1046,65.84237916723126,55.831739961759084,683
Pitcher,Ronaldys Jimenez,sa3025092,815858,2026,Complex,Complex,2,1,Complex,20.0,20.0,True,False,0.011094114939817134,0.19056756851297116,75.85301837270342,1524,55.831739961759084,1046,65.84237916723126,55.831739961759084,683
Pitcher,Hendry Chivilli,sa3021095,806998,2026,Complex,Complex,2,1,Complex,25.0,20.0,True,False,0.011094114939817134,0.19056756851297116,75.85301837270342,1524,55.831739961759084,1046,65.84237916723126,55.831739961759084,683
Pitcher,Dioris Martinez,sa3022376,808327,2026,Complex,Complex,2,1,Complex,21.333333333333332,20.0,True,False,0.011094114939817134,0.19056756851297113,75.85301837270342,1524,55.831739961759084,1046,65.84237916723126,55.831739961759084,683
Pitcher,Patrick Copen,sa3023283,814527,2026,AA,AA,5,3,A | A+ | AA,110.0,24.0,True,True,0.05846031220893694,0.5699783202154524,62.50720461095101,3470,69.17148362235068,1557,65.83934411665084,62.50720461095101,689
Pitcher,Manuel Gamez,sa3077023,839165,2026,International Rookie,International Rookie,1,1,International Rookie,42.666666666666664,17.0,True,True,0.006323127183084656,0.10699400988437974,80.38147138964578,2202,51.275510204081634,1568,65.8284907968637,51.275510204081634,690
Pitcher,Konner Eaton,sa3025350,820825,2026,AA,AA,5,2,A+ | AA,102.0,23.0,True,True,0.05419995306060013,0.6143507117036215,68.12680115273776,3470,63.51958895311496,1557,65.82319505292637,63.51958895311496,691
Pitcher,Jose Pena Jr.,sa3017821,700247,2026,A+,A+,4,3,Complex | A | A+,24.333333333333332,21.999999999999996,True,False,0.03801073795786001,0.3448679614637938,65.97082494969818,3976,65.60975609756098,2050,65.79029052362958,65.60975609756098,692
Pitcher,Edinzo Marquez,sa3019300,805128,2026,A,Complex,3,3,International Rookie | Complex | A,21.0,20.0,True,False,0.02803754621629898,0.3335781052346251,78.45900869156684,4257,53.09995782370308,2371,65.77948325763495,53.09995782370308,693
Pitcher,Mason McGwire,sa3020961,702576,2026,A+,A+,4,3,Complex | A | A+,49.0,22.0,True,True,0.03259162189631662,0.42848865037817824,77.16297786720322,3976,54.390243902439025,2050,65.77661088482112,54.390243902439025,694
Pitcher,Francisco Pazos,sa3022380,802387,2026,Complex,Complex,2,1,Complex,20.0,20.0,True,False,0.011068222225907103,0.19016048298523963,75.59055118110236,1524,55.736137667304014,1046,65.66334442420319,55.736137667304014,695
Pitcher,Ryan McDonagh,sa3067438,816014,2026,Complex,Complex,2,1,Complex,21.0,20.0,True,False,0.011068222225907103,0.19016048298523963,75.59055118110236,1524,55.736137667304014,1046,65.66334442420319,55.736137667304014,695
Pitcher,Zack Qin,sa3021986,805243,2026,Complex,Complex,2,1,Complex,21.666666666666668,20.0,True,False,0.011068222225907103,0.19016048298523963,75.59055118110236,1524,55.736137667304014,1046,65.66334442420319,55.736137667304014,695
Pitcher,Kyle DeGroat,sa3067388,826940,2026,Complex,Complex,2,1,Complex,23.333333333333332,20.0,True,False,0.011068222225907103,0.19016048298523963,75.59055118110236,1524,55.736137667304014,1046,65.66334442420319,55.736137667304014,695
Pitcher,Jacob Johnson,sa3069384,835375,2026,Complex,Complex,2,1,Complex,25.333333333333332,20.0,True,False,0.011068222225907103,0.19016048298523963,75.59055118110236,1524,55.736137667304014,1046,65.66334442420319,55.736137667304014,695
Pitcher,Cesar Sanchez,sa3068339,829479,2026,Complex,Complex,2,1,Complex,22.0,20.0,True,False,0.011068222225907103,0.19016048298523963,75.59055118110236,1524,55.736137667304014,1046,65.66334442420319,55.736137667304014,695
Pitcher,Juan Rojas,sa3016285,700357,2026,AA,AA,5,5,International Rookie | Complex | A | A+ | AA,24.333333333333332,21.999999999999996,True,False,0.05488589455149336,0.6010529183489515,66.82997118155619,3470,64.48298008991651,1557,65.65647563573634,64.48298008991651,701
Pitcher,Cedric De Grandpre,sa3020315,678142,2026,AAA,AAA,6,4,A | A+ | AA | AAA,33.0,24.0,True,True,0.10485500370484512,0.8303754857527832,58.821016659547205,2341,72.47386759581882,861,65.64744212768301,58.821016659547205,702
Pitcher,Alejandro Rivera,sa3023840,821122,2026,Complex,Complex,2,2,International Rookie | Complex,48.0,19.0,True,True,0.008620047002549024,0.2612055932449559,90.2230971128609,1524,40.91778202676864,1046,65.57043956981477,40.91778202676864,703
Pitcher,Cameron Keshock,sa3035309,804999,2026,A+,A+,4,1,A+,62.0,22.0,True,True,0.03939062288082692,0.3231509831019776,62.57545271629779,3976,68.48780487804878,2050,65.53162879717328,62.57545271629779,704
Pitcher,Brody Brecht,sa3027632,701679,2026,A+,A+,4,2,A | A+,20.666666666666668,23.0,True,False,0.04132185151747094,0.301834020103649,59.25553319919517,3976,71.65853658536585,2050,65.45703489228052,59.25553319919517,705
Pitcher,Simon Gregersen,sa3076398,809130,2026,A,A,3,1,A,32.0,23.0,True,True,0.03409433292936148,0.2601376136364446,65.210241954428,4257,65.66849430619992,2371,65.43936813031397,65.210241954428,706
Pitcher,Cade Crossland,sa3058955,827265,2026,A+,A+,4,2,A | A+,25.333333333333332,21.999999999999996,True,False,0.0402480116069927,0.31023352879432947,60.638832997987926,3976,70.1951219512195,2050,65.41697747460371,60.638832997987926,707
Pitcher,Zack Qin,sa3021986,805243,2026,A,A,3,2,Complex | A,30.0,20.0,True,True,0.03078270225498045,0.28782865941378055,70.9419779187221,4257,59.84816533108393,2371,65.39507162490301,59.84816533108393,708
Pitcher,Yeraldo Salcedo,sa3068668,832448,2026,A,A,3,2,International Rookie | A,39.333333333333336,19.0,True,True,0.030591804358831444,0.2909177687366128,71.38830162085976,4257,59.342049768030364,2371,65.36517569444507,59.342049768030364,709
Pitcher,Samuel Gonzalez,sa3025098,828416,2026,A,A,3,2,International Rookie | A,53.333333333333336,21.0,True,True,0.04403032829055882,0.20102692953446166,51.89100305379375,4257,78.78532264867145,2371,65.3381628512326,51.89100305379375,710
Pitcher,Braden Nett,sa3020336,804556,2026,AAA,AAA,6,4,Complex | A+ | AA | AAA,22.0,24.0,True,False,0.07861060351424255,0.9481010168422641,84.28022212729603,2341,46.10917537746806,861,65.19469875238204,46.10917537746806,711
Pitcher,Yadier Concepcion,sa3077394,837885,2026,International Rookie,International Rookie,1,1,International Rookie,32.0,17.0,True,True,0.0066200505889257855,0.055475434583467126,47.32061762034514,2202,82.97193877551021,1568,65.14627819792767,47.32061762034514,712
Pitcher,Jack Wenninger,sa3023282,811307,2026,AAA,AAA,6,4,A | A+ | AA | AAA,113.33333333333333,24.0,True,True,0.09441413120399379,0.8751624514513313,66.68090559589919,2341,63.530778164924506,861,65.10584188041184,63.530778164924506,713
Pitcher,Michael Watson,sa3025165,828594,2026,AA,AA,5,2,A+ | AA,51.666666666666664,24.0,True,True,0.060959761830082254,0.5172495341416723,56.74351585014409,3470,73.34617854849068,1557,65.04484719931739,56.74351585014409,714
Pitcher,Tyler Schlaffer,sa3011815,690370,2026,AA,AA,5,3,A | A+ | AA,83.66666666666667,25.000000000000004,True,True,0.051621907987975994,0.6448360225736013,71.44092219020173,3470,58.57418111753372,1557,65.00755165386772,58.57418111753372,715
Pitcher,Kervin Castro,21656,665645,2026,AAA,AAA,6,2,International Rookie | AAA,30.0,27.0,True,True,0.07862389460174862,0.9467801358136821,83.89577103801794,2341,46.10917537746806,861,65.00247320774301,46.10917537746806,716
Pitcher,David Bracho,sa3019080,803425,2026,A,A,3,2,International Rookie | A,71.0,21.0,True,True,0.03651247269134292,0.2348838843674644,60.13624618275781,4257,69.84394770139181,2371,64.99009694207481,60.13624618275781,717
Pitcher,Luke Dotson,sa3030498,806060,2026,A+,A+,4,1,A+,32.333333333333336,22.0,True,True,0.034764022564141926,0.37874602747307734,70.92555331991952,3976,58.926829268292686,2050,64.9261912941061,58.926829268292686,718
Pitcher,Angel Brito,sa3077286,839139,2026,International Rookie,International Rookie,1,1,International Rookie,32.666666666666664,18.0,True,True,0.006464271593398064,0.07315631074754475,62.17075386012716,2202,67.66581632653062,1568,64.91828509332889,62.17075386012716,719
Pitcher,Justin Storm,sa3022797,814193,2026,A+,A+,4,2,A | A+,56.0,24.0,True,True,0.040194653024068154,0.3050435228937583,59.80885311871227,3976,70.0,2050,64.90442655935614,59.80885311871227,720
Pitcher,Alix Hernandez,sa3021479,806672,2026,A,A,3,2,Complex | A,47.0,21.0,True,True,0.031489734396928856,0.2729764694385155,67.88818416725394,4257,61.57739350485027,2371,64.73278883605211,61.57739350485027,721
Pitcher,Mikey Cascino,sa3069304,828145,2026,Complex,Complex,2,1,Complex,48.333333333333336,19.0,True,True,0.010072512264969302,0.21223891484099378,80.83989501312335,1524,48.47036328871893,1046,64.65512915092114,48.47036328871893,722
Pitcher,Reed Moring,sa3038379,823810,2026,A,A,3,1,A,52.0,21.0,True,True,0.028575976480272557,0.3075882447792189,74.63002114164905,4257,54.61830451286377,2371,64.62416282725641,54.61830451286377,723
Pitcher,Adler Cecil,sa3023600,814702,2026,A,A,3,2,Complex | A,20.333333333333332,21.0,True,False,0.03352846904978296,0.25730800372445106,64.66995536762978,4257,64.57191058625052,2371,64.62093297694015,64.57191058625052,724
Pitcher,Gabe Davis,sa3029907,805031,2026,AA,AA,5,2,A+ | AA,51.33333333333333,22.0,True,True,0.05298305634888499,0.6169756567603328,68.4149855907781,3470,60.75786769428388,1557,64.586426642531,60.75786769428388,725
Pitcher,Harry Gustin,sa3023229,814480,2026,AA,AA,5,3,A | A+ | AA,58.666666666666664,24.0,True,True,0.052194838573347654,0.6250828608028229,69.36599423631124,3470,59.79447655748234,1557,64.5802353968968,59.79447655748234,726
Pitcher,Jeter Martinez,sa3021738,807002,2026,A,A,3,3,International Rookie | Complex | A,64.33333333333333,20.0,True,True,0.02975654260847422,0.29455232987352276,71.90509748649283,4257,57.23323492197385,2371,64.56916620423334,57.23323492197385,727
Pitcher,Tyler Switalski,sa3043424,802000,2026,AA,AA,5,3,A | A+ | AA,26.0,23.0,True,False,0.047379290509695075,0.7135276397788923,78.38616714697406,3470,50.73859987154785,1557,64.56238350926095,50.73859987154785,728
Pitcher,Andrew Healy,sa3033483,804986,2026,A+,A+,4,2,A | A+,21.333333333333332,22.0,True,False,0.03883740974176434,0.3185422231409572,61.82092555331992,3976,67.26829268292683,2050,64.54460911812338,61.82092555331992,729
Pitcher,Trace Baker,sa3026451,823994,2026,A+,A+,4,1,A+,26.333333333333332,21.999999999999996,True,False,0.038358690616237534,0.32397489441303284,62.72635814889336,3976,66.29268292682927,2050,64.50952053786132,62.72635814889336,730
Pitcher,Tyson Hardin,sa3025574,824620,2026,AAA,AAA,6,3,A+ | AA | AAA,90.33333333333333,24.0,True,True,0.07620057162225743,0.9543579586046833,85.47629218282785,2341,43.20557491289198,861,64.34093354785992,43.20557491289198,731
Pitcher,Jack Anker,sa3026107,804985,2026,A+,A+,4,2,A | A+,57.333333333333336,22.0,True,True,0.03305295498074093,0.3978876143042215,73.41549295774648,3976,55.170731707317074,2050,64.29311233253178,55.170731707317074,732
Pitcher,Wilber Dotel,28901,696062,2026,AAA,AAA,6,5,Complex | A | A+ | AA | AAA,36.0,23.0,True,True,0.0811807783217768,0.9299071005689404,79.45322511747116,2341,49.12891986062718,861,64.29107248904917,49.12891986062718,733
Pitcher,Kade Brown,sa3027851,824044,2026,A,A,3,1,A,40.666666666666664,22.0,True,True,0.03452602246801684,0.24321649908679585,62.10946676062955,4257,66.42766765078026,2371,64.26856720570491,62.10946676062955,734
Pitcher,Jackson Baumeister,sa3023471,691765,2026,AA,AA,5,2,A+ | AA,101.33333333333333,23.0,True,True,0.051615268409034736,0.6313706062867267,69.88472622478386,3470,58.57418111753372,1557,64.2294536711588,58.57418111753372,735
Pitcher,Caleb Nieman,sa3076303,835915,2026,Complex,Complex,2,1,Complex,32.333333333333336,21.0,True,True,0.015823637783340533,0.1181497780821041,48.22834645669291,1524,80.21032504780115,1046,64.21933575224703,48.22834645669291,736
Pitcher,Justin Mitrovich,sa3038180,827521,2026,A+,A+,4,2,A | A+,31.0,22.0,True,True,0.03674591884906353,0.34126881998136704,65.3420523138833,3976,63.073170731707314,2050,64.2076115227953,63.073170731707314,737
Pitcher,Garrett Stratton,sa3043212,809784,2026,A+,A+,4,1,A+,29.666666666666668,22.0,True,False,0.03822452990959218,0.32239137674292084,62.44969818913481,3976,65.90243902439025,2050,64.17606860676253,62.44969818913481,738
Pitcher,Todd Kniebbe,sa3069163,703634,2026,A+,A+,4,1,A+,26.666666666666668,22.000000000000004,True,False,0.03822452990959213,0.32239137674292045,62.44969818913481,3976,65.90243902439025,2050,64.17606860676253,62.44969818913481,738
Pitcher,Gabe Davis,sa3029907,805031,2026,A+,A+,4,1,A+,27.333333333333332,21.999999999999996,True,False,0.0382245299095922,0.32239137674292123,62.44969818913481,3976,65.90243902439025,2050,64.17606860676253,62.44969818913481,738
Pitcher,Brandon Neely,sa3038722,695632,2026,A+,A+,4,1,A+,22.666666666666668,22.0,True,False,0.03822452990959218,0.32239137674292084,62.44969818913481,3976,65.90243902439025,2050,64.17606860676253,62.44969818913481,738
Pitcher,Isaac Lyon,sa3036750,805214,2026,A+,A+,4,1,A+,20.333333333333332,22.0,True,False,0.03822452990959218,0.32239137674292084,62.44969818913481,3976,65.90243902439025,2050,64.17606860676253,62.44969818913481,738
Pitcher,Reid VanScoter,sa3020839,804577,2026,AA,AA,5,2,A+ | AA,33.0,27.0,True,True,0.05480420994298974,0.5805267650574245,63.861671469740635,3470,64.35452793834297,1557,64.1080997040418,63.861671469740635,743
Pitcher,Alexander Mercedes,sa3077366,825636,2026,International Rookie,International Rookie,1,1,International Rookie,34.333333333333336,17.0,True,True,0.006163764658761705,0.20896900846930638,97.36603088101725,2202,30.739795918367346,1568,64.0529133996923,30.739795918367346,744
Pitcher,Enyel Lopez,sa3067495,830472,2026,Complex,Complex,2,1,Complex,31.666666666666668,20.0,True,True,0.013613511691948575,0.13426313373315102,56.2992125984252,1524,71.79732313575526,1046,64.04826786709023,56.2992125984252,745
Pitcher,Ryan Degges,sa3030027,813869,2026,AA,AA,5,3,A | A+ | AA,27.0,23.0,True,False,0.049319818375292215,0.67456691223868,73.80403458213256,3470,54.271034039820165,1557,64.03753431097635,54.271034039820165,746
Pitcher,Luis Perales,28148,691384,2026,AAA,AAA,6,4,Complex | A | A+ | AAA,96.33333333333333,23.0,True,True,0.08684118303565169,0.8989572560345316,71.9350704826997,2341,56.09756097560975,861,64.01631572915473,56.09756097560975,747
Pitcher,Keythel Key,sa3016282,700322,2026,A+,A+,4,3,Complex | A | A+,34.666666666666664,22.0,True,True,0.03658805619120743,0.3407705484748697,65.26659959758551,3976,62.73170731707317,2050,63.99915345732934,62.73170731707317,748
Pitcher,Ben Hansen,sa3033152,810091,2026,A+,A+,4,2,A | A+,41.666666666666664,24.0,True,True,0.03644352900334149,0.341358365086669,65.3672032193159,3976,62.58536585365854,2050,63.97628453648721,62.58536585365854,749
Pitcher,Donny Troconis,sa3020992,807988,2026,A,A,3,3,International Rookie | Complex | A,87.0,20.0,True,True,0.02876605037987479,0.299206731860597,72.86821705426357,4257,55.040067482075074,2371,63.95414226816932,55.040067482075074,750
Pitcher,Levi Wells,sa3023441,694370,2026,AAA,AAA,6,3,A+ | AA | AAA,36.0,24.0,True,True,0.08340828452746966,0.9160296463194924,75.90773173857326,2341,51.91637630662021,861,63.912054022596735,51.91637630662021,751
Pitcher,Marcos Herrera,sa3019261,800154,2026,A,Complex,3,3,International Rookie | Complex | A,100.66666666666667,20.0,True,True,0.02672495877280838,0.3329084431527965,78.31806436457599,4257,49.38844369464361,2371,63.8532540296098,49.38844369464361,752
Pitcher,Kendry Rojas,29423,696070,2026,AAA,AAA,6,4,Complex | A | A+ | AAA,34.0,23.0,True,True,0.07366854859816359,0.9612474604303765,87.35583084152071,2341,40.30197444831591,861,63.828902644918315,40.30197444831591,753
Pitcher,Zuher Yousuf,sa3024271,823358,2026,A,A,3,2,International Rookie | A,78.66666666666667,20.0,True,True,0.026981929036236797,0.32817708085704655,77.63683345078694,4257,49.9367355546183,2371,63.786784502702616,49.9367355546183,754
Pitcher,David Davalillo,sa3020448,699314,2026,AA,AA,5,3,A | A+ | AA,32.333333333333336,25.0,True,True,0.0467112170060872,0.7116966692583654,78.18443804034582,3470,49.19717405266538,1557,63.6908060465056,49.19717405266538,755
Pitcher,Robby Porco,sa3040086,805379,2026,A+,A+,4,2,A | A+,33.666666666666664,22.0,True,True,0.039297384447879405,0.3010806829505665,59.079476861167,3976,68.1951219512195,2050,63.63729940619325,59.079476861167,756
Pitcher,Andry Lara,27967,691251,2026,AAA,AAA,6,5,Complex | A | A+ | AA | AAA,108.33333333333333,23.0,True,True,0.08660527500422022,0.8964474320982029,71.33703545493378,2341,55.86527293844367,861,63.601154196688725,55.86527293844367,757
Pitcher,Chris Kean,sa3023576,815454,2026,AA,AA,5,3,Complex | A+ | AA,35.0,24.0,True,True,0.04916595653602269,0.6648040224042411,72.85302593659942,3470,54.14258188824663,1557,63.497803912423024,54.14258188824663,758
Pitcher,Dalton Pence,sa3039663,701717,2026,A+,A+,4,2,A | A+,24.333333333333332,23.0,True,False,0.04036634399672128,0.28638447638350817,56.514084507042256,3976,70.4390243902439,2050,63.47655444864308,56.514084507042256,759
Pitcher,Jack Crowder,sa3029607,694879,2026,A+,A,4,2,A | A+,22.333333333333332,22.0,True,False,0.038026867727404975,0.31523928971884996,61.24245472837022,3976,65.60975609756098,2050,63.4261054129656,61.24245472837022,760
Pitcher,Gregory Sipion,sa3076447,836563,2026,International Rookie,International Rookie,1,1,International Rookie,44.333333333333336,18.0,True,True,0.0064119650189672465,0.07613578174106438,64.39600363306086,2202,62.37244897959184,1568,63.38422630632635,62.37244897959184,761
Pitcher,Henry Alcantara,sa3067592,829856,2026,International Rookie,International Rookie,1,1,International Rookie,33.666666666666664,18.0,True,True,0.006791774068530326,0.045480136846181234,37.148047229791096,2202,89.54081632653062,1568,63.34443177816085,37.148047229791096,762
Pitcher,Raymond Sarmiento,sa3068482,829808,2026,International Rookie,International Rookie,1,1,International Rookie,48.666666666666664,18.0,True,True,0.006313105794412137,0.09748702185732008,76.70299727520435,2202,49.93622448979592,1568,63.319610882500136,49.93622448979592,763
Pitcher,Angel Herrera,sa3023694,821109,2026,International Rookie,International Rookie,1,1,International Rookie,41.0,18.0,True,True,0.0063610128181683595,0.08371627923122343,69.61852861035422,2202,56.76020408163265,1568,63.189366345993434,56.76020408163265,764
Pitcher,Logan Mercado,sa3067558,694781,2026,AA,AA,5,2,A | AA,52.0,24.0,True,True,0.048059768328683736,0.6773659784648819,74.14985590778097,3470,52.215799614643544,1557,63.18282776121226,52.215799614643544,765
Pitcher,David Colmenares,sa3076451,837214,2026,International Rookie,International Rookie,1,1,International Rookie,30.333333333333332,18.0,True,True,0.006260380544471021,0.11518479867991979,83.2425068119891,2202,43.11224489795919,1568,63.177375854974144,43.11224489795919,766
Pitcher,Ryan Birchard,sa3023449,804670,2026,AA,AA,5,2,A+ | AA,49.0,22.0,True,True,0.04961109246084982,0.6431430398806468,71.26801152737752,3470,55.0417469492614,1557,63.15487923831947,55.0417469492614,767
Pitcher,Cesar Aquino,sa3024469,823714,2026,A+,A+,4,4,International Rookie | Complex | A | A+,26.0,21.0,True,False,0.031314279966770275,0.4111099541404493,75.25150905432595,3976,50.97560975609756,2050,63.11355940521176,50.97560975609756,768
Pitcher,Carson Palmquist,31612,687223,2026,AAA,AAA,6,3,A+ | AA | AAA,41.66666666666667,25.0,True,True,0.09359606366159372,0.8563627399358069,63.13541221700128,2341,63.066202090592334,861,63.10080715379681,63.066202090592334,769
Pitcher,Eudry Alcantara,sa3019701,805122,2026,A,A,3,2,International Rookie | A,25.333333333333332,21.0,True,False,0.0341480626370607,0.23604754362605532,60.39464411557435,4257,65.71067060312105,2371,63.0526573593477,60.39464411557435,770
Pitcher,Miguel Pantoja,sa3068501,830726,2026,Complex,Complex,2,2,International Rookie | Complex,37.0,18.0,True,True,0.011442743163765926,0.1655556144166702,67.38845144356955,1524,58.508604206500955,1046,62.94852782503526,58.508604206500955,771
Pitcher,Khal Stephen,sa3043049,701590,2026,AA,AA,5,3,A | A+ | AA,55.0,23.0,True,True,0.05067048796570454,0.619910593035638,68.73198847262248,3470,57.09698137443802,1557,62.91448492353025,57.09698137443802,772
Pitcher,Cole Miller,sa3067552,800612,2026,A,A,3,1,A,82.33333333333333,21.0,True,True,0.032250179737684154,0.248444487070646,63.02560488607,4257,62.758329818641926,2371,62.89196735235596,62.758329818641926,773
Pitcher,Mitch Farris,33628,815083,2026,AAA,AAA,6,4,A | A+ | AA | AAA,22.0,25.0,True,False,0.08442476545106267,0.9040648208888343,73.04570696283639,2341,52.72938443670151,861,62.88754569976895,52.72938443670151,774
Pitcher,Julio Robaina,sa3006817,678789,2026,AA,AA,5,4,Complex | A | A+ | AA,61.333333333333336,25.0,True,True,0.05311649484645891,0.5853825764382748,64.46685878962536,3470,61.27167630057804,1557,62.8692675451017,61.27167630057804,775
Pitcher,Trevor Martin,31878,694680,2026,AAA,AAA,6,4,A | A+ | AA | AAA,43.666666666666664,24.999999999999996,True,True,0.09027533814462065,0.8693097560684346,65.5702691157625,2341,60.16260162601626,861,62.86643537088938,60.16260162601626,776
Pitcher,Thatcher Hurd,sa3034340,695765,2026,A,A,3,1,A,31.666666666666668,23.0,True,True,0.03584020140719691,0.2211079629595709,57.15292459478506,4257,68.53648249683678,2371,62.84470354581092,57.15292459478506,777
Pitcher,Jhon Rosario,sa3023698,823351,2026,A,A,3,2,Complex | A,26.333333333333332,21.0,True,False,0.030705688552104555,0.2643769940823517,66.00892647404275,4257,59.637283846478276,2371,62.82310516026051,59.637283846478276,778
Pitcher,Wuilinyer Tovar,sa3068652,830441,2026,Complex,Complex,2,2,International Rookie | Complex,41.666666666666664,18.0,True,True,0.011846522010073975,0.15728356601080692,65.0262467191601,1524,60.61185468451243,1046,62.81905070183626,60.61185468451243,779
Pitcher,Antonio Morales,sa3068754,835202,2026,International Rookie,International Rookie,1,1,International Rookie,45.333333333333336,19.0,True,True,0.006418924557896543,0.07355071336341709,62.48864668483197,2202,63.13775510204081,1568,62.81320089343639,62.48864668483197,780
Pitcher,Nazier Mule,sa3023566,702271,2026,A+,A+,4,2,A | A+,63.0,21.0,True,True,0.03331863328208443,0.3709777164192364,69.71830985915493,3976,55.75609756097561,2050,62.73720371006527,55.75609756097561,781
Pitcher,Chase Bentley,sa3069243,828230,2026,Complex,Complex,2,1,Complex,39.0,19.0,True,True,0.01149664764203919,0.16240720446613105,66.40419947506561,1524,58.89101338432123,1046,62.64760642969342,58.89101338432123,782
Pitcher,Deiry Gonzalez,sa3068468,829083,2026,Complex,Complex,2,2,International Rookie | Complex,40.666666666666664,18.0,True,True,0.008026058706870553,0.24179204999666856,87.33595800524934,1524,37.8585086042065,1046,62.59723330472792,37.8585086042065,783
Pitcher,Dylan Ross,35309,697811,2026,AAA,AAA,6,1,AAA,39.333333333333336,25.0,True,True,0.11356361352947132,0.7432548703404194,46.774882528833835,2341,78.397212543554,861,62.58604753619392,46.774882528833835,784
Pitcher,Max Banks,sa3058549,822514,2026,A,A,3,1,A,58.666666666666664,23.0,True,True,0.03255083789879866,0.24152719621189248,61.710124500822175,4257,63.39097427245888,2371,62.550549386640526,61.710124500822175,785
Pitcher,Naimer Rosario,sa3024213,815946,2026,Complex,Complex,2,2,International Rookie | Complex,25.0,19.0,True,False,0.008517448263167257,0.22924681610953349,84.51443569553805,1524,40.53537284894838,1046,62.52490427224322,40.53537284894838,786
Pitcher,Jatnk Diaz,sa3023181,813891,2026,A,A,3,2,Complex | A,26.333333333333332,21.0,True,False,0.03174696207088335,0.2485274559439265,63.049095607235145,4257,61.956980177140444,2371,62.50303789218779,61.956980177140444,787
Pitcher,Nate Savino,sa3023565,691014,2026,AA,A+,5,3,A | A+ | AA,29.0,23.0,True,False,0.050548120602662686,0.6141083556598558,68.09798270893371,3470,56.84007707129094,1557,62.469029890112324,56.84007707129094,788
Pitcher,Blaine Wynk,sa3045653,822360,2026,A,A,3,1,A,66.33333333333333,22.0,True,True,0.029066014690469853,0.27928553517161664,69.13319238900634,4257,55.757064529734286,2371,62.44512845937031,55.757064529734286,789
Pitcher,John Klein,32155,804619,2026,AAA,AAA,6,5,Complex | A | A+ | AA | AAA,80.33333333333333,24.0,True,True,0.08748745697290883,0.8807400066751858,67.5352413498505,2341,57.25900116144019,861,62.397121255645345,57.25900116144019,790
Pitcher,Braden Davis,sa3029886,801078,2026,AA,AA,5,3,A | A+ | AA,108.33333333333333,23.0,True,True,0.052451604828201624,0.5854689106362198,64.46685878962536,3470,60.115606936416185,1557,62.291232863020774,60.115606936416185,791
Pitcher,Cade Denton,sa3023047,814106,2026,AA,AA,5,3,A | A+ | AA,83.0,24.0,True,True,0.050429534212619656,0.6120297858694569,67.86743515850144,3470,56.64739884393064,1557,62.25741700121604,56.64739884393064,792
Pitcher,Luke Little,28036,681432,2026,AAA,AAA,6,3,A | AA | AAA,34.0,25.000000000000004,True,True,0.10334444433799965,0.7934301509043664,53.267834258863736,2341,71.19628339140534,861,62.232058825134544,53.267834258863736,793
Pitcher,Daniel Keaney,sa3023598,806640,2026,A,A,3,2,Complex | A,23.333333333333332,21.0,True,False,0.029446339412710854,0.2707856122021907,67.58280479210711,4257,56.55841417123577,2371,62.07060948167144,56.55841417123577,794
Pitcher,Jose Serva,sa3077521,837845,2026,International Rookie,International Rookie,1,1,International Rookie,30.666666666666668,17.0,True,True,0.006108836533383397,0.2518435700440564,98.77384196185287,2202,25.255102040816325,1568,62.014472001334596,25.255102040816325,795
Pitcher,Marlon Nieves,sa3021567,812363,2026,A,A,3,3,International Rookie | Complex | A,50.0,21.0,True,True,0.028674202056198472,0.2795105337893652,69.15668311017149,4257,54.78700970054829,2371,61.971846405359884,54.78700970054829,796
Pitcher,Brandon White,sa3020589,681449,2026,AA,AA,5,3,A | A+ | AA,33.0,26.0,True,True,0.05303919925598342,0.5737936638595814,63.054755043227665,3470,60.886319845857415,1557,61.97053744454254,60.886319845857415,797
Pitcher,Yujanyer Herrera,sa3015370,692632,2026,A+,A+,4,3,Complex | A | A+,82.0,22.0,True,True,0.036069055076096,0.32042561653725793,62.12273641851107,3976,61.609756097560975,2050,61.86624625803602,61.609756097560975,798
Pitcher,Henry Baez,sa3016584,692013,2026,AA,AA,5,5,International Rookie | Complex | A | A+ | AA,53.333333333333336,23.0,True,True,0.05929801778791259,0.48222856000756364,53.054755043227665,3470,70.64868336544637,1557,61.851719204337016,53.054755043227665,799
Pitcher,Agustin Campusano,sa3068091,829374,2026,International Rookie,International Rookie,1,1,International Rookie,36.0,18.0,True,True,0.006575841121721303,0.05212519375679118,44.18710263396912,2202,79.46428571428571,1568,61.82569417412741,44.18710263396912,800
Pitcher,Julio M Rossi,sa3068610,829772,2026,International Rookie,International Rookie,1,1,International Rookie,45.0,17.0,True,True,0.0062152259033714805,0.12559377741529648,86.46684831970936,2202,37.11734693877551,1568,61.792097629242434,37.11734693877551,801
Pitcher,Blake Holub,sa3018147,700183,2026,AAA,AAA,6,4,A | A+ | AA | AAA,50.666666666666664,27.0,True,True,0.08557640627021024,0.8874135426174007,68.90217855617257,2341,54.47154471544715,861,61.68686163580986,54.47154471544715,802
Pitcher,Franiel Severino,sa3076989,837678,2026,International Rookie,International Rookie,1,1,International Rookie,36.333333333333336,17.0,True,True,0.006283194146662638,0.09879814126758679,77.20254314259763,2202,46.045918367346935,1568,61.62423075497229,46.045918367346935,803
Pitcher,Josh Randall,sa3025585,695620,2026,AA,AA,5,3,A | A+ | AA,85.33333333333333,23.0,True,True,0.049697671381844964,0.6137080868457596,68.04034582132564,3470,55.17019910083494,1557,61.60527246108029,55.17019910083494,804
Pitcher,Ryan Lobus,sa3022744,815590,2026,AA,AA,5,2,A+ | AA,31.666666666666668,25.0,True,True,0.048364946068001756,0.6363528533093512,70.40345821325649,3470,52.7296082209377,1557,61.56653321709709,52.7296082209377,805
Pitcher,Lucas Braun,sa3022996,814351,2026,AA,AA,5,2,A+ | AA,50.666666666666664,24.0,True,True,0.048049626236463604,0.6403125625202278,70.89337175792507,3470,52.215799614643544,1557,61.554585686284305,52.215799614643544,806
Pitcher,Luichi Casilla,sa3018332,800436,2026,A,A,3,3,International Rookie | Complex | A,20.333333333333332,21.0,True,False,0.03249579931076916,0.2331232394945765,59.830866807610995,4257,63.26444538169549,2371,61.54765609465324,59.830866807610995,807
Pitcher,Wikelman Gonzalez,26641,682790,2026,AAA,AAA,6,6,International Rookie | Complex | A | A+ | AA | AAA,24.666666666666668,24.0,True,False,0.08072389093124786,0.9093351865283564,74.36992738146091,2341,48.66434378629501,861,61.51713558387796,48.66434378629501,808
Pitcher,Juan Cazarez,sa3024207,814811,2026,Complex,Complex,2,2,International Rookie | Complex,38.333333333333336,20.0,True,True,0.010414309685324832,0.17828034972667495,71.65354330708661,1524,51.33843212237094,1046,61.49598771472877,51.33843212237094,809
Pitcher,Luke Young,sa3020819,805272,2026,AAA,AAA,6,4,A | A+ | AA | AAA,25.666666666666668,24.0,True,False,0.0796170382647973,0.9161491854421008,76.03588210166595,2341,46.92218350754936,861,61.479032804607655,46.92218350754936,810
Pitcher,Trace Bright,sa3020558,687238,2026,AA,AA,5,2,A+ | AA,30.666666666666668,25.0,True,True,0.04995273978090369,0.6063596175477335,67.20461095100865,3470,55.74823378291586,1557,61.476422366962254,55.74823378291586,811
Pitcher,Brandon White,sa3020589,681449,2026,AAA,AAA,6,4,A | A+ | AA | AAA,72.66666666666667,26.0,True,True,0.09559263848249541,0.828906388484912,58.56471593336181,2341,64.22764227642277,861,61.39617910489229,58.56471593336181,812
Pitcher,Mike Paredes,30187,702474,2026,AAA,AAA,6,4,A | A+ | AA | AAA,34.666666666666664,25.0,True,True,0.07961697288538402,0.9158773151649816,75.86501495087569,2341,46.92218350754936,861,61.393599229212526,46.92218350754936,813
Pitcher,Yander Maria,sa3023842,821175,2026,Complex,Complex,2,2,International Rookie | Complex,26.333333333333332,19.0,True,False,0.00852476733061646,0.21698877710153117,82.02099737532808,1524,40.53537284894838,1046,61.27818511213823,40.53537284894838,814
Pitcher,Corey Avant,sa3023137,813895,2026,AA,AA,5,3,A | A+ | AA,110.33333333333333,24.0,True,True,0.05531734346239344,0.5238020715181231,57.319884726224785,3470,65.18946692357098,1557,61.25467582489788,57.319884726224785,815
Pitcher,Jose Rodriguez,sa3015437,692064,2026,AAA,AAA,6,4,Complex | A | A+ | AAA,29.333333333333332,24.0,True,False,0.0748466059012503,0.9362274218610922,81.03374626228107,2341,41.46341463414634,861,61.2485804482137,41.46341463414634,816
Pitcher,Bryse Wilson,19990,669060,2026,AAA,AAA,6,5,Complex | A | A+ | AA | AAA,54.333333333333336,28.0,True,True,0.09041197688314626,0.8486826057214547,61.982058949167026,2341,60.278745644599304,861,61.13040229688316,60.278745644599304,817
Pitcher,Adonys Perez,sa3020114,806583,2026,A+,A+,4,3,Complex | A | A+,23.333333333333332,21.999999999999996,True,False,0.034987819621918034,0.32579688381783367,62.927565392354126,3976,59.31707317073171,2050,61.122319281542914,59.31707317073171,818
Pitcher,Kelvin Rosario,sa3022128,808163,2026,Complex,Complex,2,2,International Rookie | Complex,27.666666666666668,19.000000000000004,True,False,0.008498451306824438,0.21571555585873517,81.69291338582677,1524,40.43977055449331,1046,61.06634197016004,40.43977055449331,819
Pitcher,Yojansy Perez,sa3077396,837941,2026,International Rookie,International Rookie,1,1,International Rookie,30.333333333333332,18.0,True,True,0.006474728785203649,0.062107511716936875,53.08810172570391,2202,69.00510204081633,1568,61.04660188326012,53.08810172570391,820
Pitcher,Cameron Weston,31696,687721,2026,AAA,AAA,6,3,A+ | AA | AAA,51.333333333333336,25.000000000000004,True,True,0.0889560170979418,0.8580352298203254,63.43442973088424,2341,58.652729384436704,861,61.04357955766047,58.652729384436704,821
Pitcher,Dariel Jaquez,sa3024570,821250,2026,Complex,Complex,2,2,International Rookie | Complex,28.0,19.0,True,False,0.008510335241290579,0.21558411709221567,81.62729658792651,1524,40.43977055449331,1046,61.03353357120991,40.43977055449331,822
Pitcher,Callan Fang,sa3031142,823765,2026,A,A,3,1,A,42.0,22.0,True,True,0.03004098360873892,0.25338973220820354,64.01221517500588,4257,57.99240826655419,2371,61.002311720780035,57.99240826655419,823
Pitcher,Randel Clemente,sa3016003,695003,2026,AA,AA,5,4,International Rookie | Complex | A | AA,48.333333333333336,24.0,True,True,0.04064189496138582,0.8073604186413283,87.43515850144092,3470,34.55362877328195,1557,60.99439363736144,34.55362877328195,824
Pitcher,Jose Melo,sa3077618,842595,2026,International Rookie,International Rookie,1,1,International Rookie,31.333333333333332,21.0,True,True,0.006605162971321265,0.048334663908298194,39.963669391462304,2202,81.9515306122449,1568,60.9576000018536,39.963669391462304,825
Pitcher,Angel Cruz,sa3020988,807654,2026,A,A,3,2,International Rookie | A,27.333333333333332,21.0,True,False,0.031359696621534705,0.2365629172888531,60.512097721400046,4257,61.23998312948123,2371,60.876040425440635,60.512097721400046,826
Pitcher,Thomas Ireland,sa3021469,692179,2026,AAA,AAA,6,4,Complex | A | AA | AAA,34.666666666666664,24.0,True,True,0.08302295391310617,0.8929316461383404,70.22639897479709,2341,51.451800232288036,861,60.839099603542564,51.451800232288036,827
Pitcher,Jagger Haynes,sa3020876,695247,2026,AAA,AAA,6,4,A | A+ | AA | AAA,34.333333333333336,23.0,True,True,0.08708427643582507,0.8681020930124417,65.22853481418197,2341,56.44599303135889,861,60.83726392277043,56.44599303135889,828
Pitcher,Evan Taylor,sa3019950,681117,2026,AA,AA,5,3,A | A+ | AA,49.666666666666664,26.0,True,True,0.053893234292585954,0.5355467856379372,58.61671469740634,3470,63.005780346820806,1557,60.811247522113575,58.61671469740634,829
Pitcher,Austin Newton,sa3038826,813282,2026,A,A,3,1,A,111.0,22.0,True,True,0.03270127892988844,0.22481008088026422,58.06906272022551,4257,63.51750316322227,2371,60.79328294172389,58.06906272022551,830
Pitcher,Caden Favors,sa3025446,801129,2026,AA,AA,5,2,A+ | AA,128.0,24.0,True,True,0.0518031697227212,0.5684612290481035,62.363112391930834,3470,59.152215799614645,1557,60.75766409577274,59.152215799614645,831
Pitcher,Hansel Rincon,sa3015450,692550,2026,A+,A+,4,3,International Rookie | Complex | A+,44.0,23.0,True,True,0.035040747973628786,0.3194682793968691,61.971830985915496,3976,59.51219512195122,2050,60.74201305393336,59.51219512195122,832
Pitcher,Angel Liranzo,sa3022217,808158,2026,Complex,Complex,2,2,International Rookie | Complex,39.333333333333336,19.0,True,True,0.008384398385943244,0.2152737722614223,81.56167979002625,1524,39.866156787762904,1046,60.713918288894575,39.866156787762904,833
Pitcher,Keisther Castillo,sa3068594,824908,2026,Complex,Complex,2,2,International Rookie | Complex,34.0,18.0,True,True,0.009113376357983784,0.19823982051128242,78.01837270341207,1524,43.21223709369025,1046,60.61530489855116,43.21223709369025,834
Pitcher,Daniel Gentile,sa3068490,830008,2026,International Rookie,International Rookie,1,1,International Rookie,42.333333333333336,17.0,True,True,0.0061091839837668326,0.18294912935926017,95.91280653950953,2202,25.255102040816325,1568,60.58395429016293,25.255102040816325,835
Pitcher,Hector Castillo,sa3024872,821134,2026,Complex,Complex,2,2,International Rookie | Complex,21.333333333333332,19.0,True,False,0.008472192101988754,0.211769560494159,80.77427821522309,1524,40.34416826003824,1046,60.55922323763066,40.34416826003824,836
Pitcher,Oscar Vaamonde,sa3068383,833238,2026,International Rookie,International Rookie,1,1,International Rookie,34.333333333333336,18.0,True,True,0.006449346572360049,0.06419002333723928,54.72297910990009,2202,66.26275510204081,1568,60.49286710597045,54.72297910990009,837
Pitcher,Jose Chirinos,sa3018859,800452,2026,A+,A+,4,4,International Rookie | Complex | A | A+,72.0,21.0,True,True,0.028463397208350307,0.4280886227384723,77.08752515090544,3976,43.707317073170735,2050,60.39742111203809,43.707317073170735,838
Pitcher,Jecsua Liborius,sa3021742,807403,2026,A,A,3,2,International Rookie | A,52.666666666666664,21.0,True,True,0.029114485534636084,0.2580839745168395,64.83439041578576,4257,55.88359342049768,2371,60.358991918141726,55.88359342049768,839
Pitcher,Rafael Gonzalez,sa3020995,808003,2026,A,A,3,2,International Rookie | A,22.333333333333332,21.0,True,False,0.030189712422325415,0.2447187229629591,62.391355414611226,4257,58.28764234500211,2371,60.33949887980667,58.28764234500211,840
Pitcher,Braden Osbolt,sa3039231,823776,2026,A,A,3,2,Complex | A,30.666666666666668,21.0,True,True,0.026787611659411615,0.2902106438620762,71.22386657270378,4257,49.38844369464361,2371,60.3061551336737,49.38844369464361,841
Pitcher,Jostin Florentino,sa3021510,808062,2026,A+,A+,4,4,International Rookie | Complex | A | A+,63.0,21.0,True,True,0.02680630194380353,0.47299716918936735,81.56438631790745,3976,39.02439024390244,2050,60.29438828090494,39.02439024390244,842
Pitcher,Gensi Angeles,sa3068154,832399,2026,Complex,Complex,2,2,International Rookie | Complex,55.666666666666664,18.0,True,True,0.010830438340771464,0.1626337371882142,66.53543307086615,1524,54.01529636711281,1046,60.27536471898948,54.01529636711281,843
Pitcher,Garrett McDaniels,31751,680729,2026,AAA,AAA,6,3,A | A+ | AAA,42.0,26.0,True,True,0.09345167424584302,0.8238646666260153,57.45407945322512,2341,63.066202090592334,861,60.26014077190872,57.45407945322512,844
Pitcher,Yereny Teus,sa3020978,806711,2026,A,A,3,3,International Rookie | Complex | A,54.0,22.0,True,True,0.021853411339772803,0.3891598192968354,85.13037350246653,4257,35.30156052298608,2371,60.2159670127263,35.30156052298608,845
Pitcher,Trent Harris,33214,805345,2026,AAA,AAA,6,3,A | A+ | AAA,40.333333333333336,27.0,True,True,0.08461441263796741,0.8783244311386776,67.1507902605724,2341,53.19396051103368,861,60.17237538580304,53.19396051103368,846
Pitcher,Irwin Ramirez,sa3024088,821061,2026,Complex,Complex,2,2,International Rookie | Complex,27.0,19.0,True,False,0.008315776265726682,0.21010437617616676,80.77427821522309,1524,39.48374760994264,1046,60.129012912582866,39.48374760994264,847
Pitcher,Brendan Parks,sa3076310,836150,2026,A,A,3,1,A,32.333333333333336,23.0,True,True,0.03219008966753658,0.22275793066009625,57.55226685459244,4257,62.673977224799664,2371,60.11312203969605,57.55226685459244,848
Pitcher,Sean Paul Linan,sa3019270,800344,2026,A+,A+,4,4,International Rookie | Complex | A | A+,83.33333333333333,21.0,True,True,0.029823732213441305,0.392495270766362,72.7364185110664,3976,47.46341463414634,2050,60.099916572606375,47.46341463414634,849
Pitcher,Nick Potter,sa3060295,830769,2026,A,A,3,1,A,59.666666666666664,22.0,True,True,0.029620900290487483,0.2500701266345007,63.23702137655626,4257,56.89582454660481,2371,60.06642296158053,56.89582454660481,850
Pitcher,Grant Holman,30002,680880,2026,AAA,AAA,6,3,A+ | AA | AAA,26.0,26.0,True,False,0.08429020653218897,0.8795473415584482,67.2789406236651,2341,52.613240418118465,861,59.94609052089178,52.613240418118465,851
Pitcher,Marc Church,26353,687847,2026,AAA,AAA,6,3,A | A+ | AAA,30.333333333333332,25.0,True,True,0.08726894069336452,0.8538958973208859,62.83639470311832,2341,57.0267131242741,861,59.93155391369621,57.0267131242741,852
Pitcher,Zane Barnhart,sa3023226,813829,2026,AA,AA,5,2,A+ | AA,54.333333333333336,24.0,True,True,0.05358070982413169,0.5296299818040335,58.01152737752162,3470,61.84971098265896,1557,59.93061918009029,58.01152737752162,853
Pitcher,Wyatt Mills,20010,670090,2026,AAA,AAA,6,3,A+ | AA | AAA,37.333333333333336,31.000000000000004,True,True,0.0887612935333148,0.8453539314870516,61.5121742844938,2341,58.304297328687575,861,59.90823580659069,58.304297328687575,854
Pitcher,Shane Van Dam,sa3044327,822461,2026,A,A,3,1,A,93.33333333333333,21.999999999999996,True,True,0.02826108061954425,0.2645546035685498,66.0324171952079,4257,53.774778574441164,2371,59.903597884824535,53.774778574441164,855
Pitcher,Zach Jacobs,sa3020600,806303,2026,AA,AA,5,3,A | A+ | AA,27.0,24.0,True,False,0.048547894868553286,0.6005906880135027,66.82997118155619,3470,52.92228644829801,1557,59.8761288149271,52.92228644829801,856
Pitcher,Jose Trevizo,sa3068161,833067,2026,International Rookie,International Rookie,1,1,International Rookie,38.333333333333336,18.0,True,True,0.006133737014382417,0.15535180930322393,92.55222524977293,2202,27.104591836734695,1568,59.828408543253815,27.104591836734695,857
Pitcher,Alan Carpinteiro,sa3068626,830408,2026,Complex,Complex,2,2,International Rookie | Complex,21.333333333333332,19.0,True,False,0.008505630944375944,0.20353369764096002,79.1994750656168,1524,40.43977055449331,1046,59.81962281005505,40.43977055449331,858
Pitcher,Devin Futrell,sa3031801,695656,2026,A+,A+,4,2,A | A+,74.66666666666667,23.0,True,True,0.030133237749431788,0.38516431574642523,71.65492957746478,3976,47.90243902439025,2050,59.778684300927516,47.90243902439025,859
Pitcher,Aiven Cabral,sa3028218,809685,2026,A,A,3,1,A,49.666666666666664,21.999999999999996,True,True,0.02972295153125957,0.24475961545519428,62.391355414611226,4257,57.10670603121046,2371,59.749030722910845,57.10670603121046,860
Pitcher,Raimy Rodriguez,sa3018326,800321,2026,A+,A+,4,3,International Rookie | A | A+,47.0,20.0,True,True,0.033231024004986474,0.32920471013430436,63.656941649899395,3976,55.609756097560975,2050,59.633348873730185,55.609756097560975,861
Pitcher,Leandro Lopez,sa3016748,699214,2026,AA,AA,5,4,International Rookie | A | A+ | AA,51.333333333333336,24.0,True,True,0.04896760583062205,0.5907736049440645,65.38904899135447,3470,53.82145150931278,1557,59.605250250333626,53.82145150931278,862
Pitcher,Dalvi Nunez,sa3068374,831810,2026,Complex,Complex,2,2,International Rookie | Complex,28.0,19.0,True,False,0.008503894392976361,0.20112357968784297,78.6745406824147,1524,40.43977055449331,1046,59.557155618454004,40.43977055449331,863
Pitcher,Jose Montero,sa3018312,800017,2026,A+,A+,4,4,International Rookie | Complex | A | A+,46.0,22.0,True,True,0.029631456924777585,0.38774470026585817,72.03219315895372,3976,46.97560975609756,2050,59.50390145752564,46.97560975609756,864
Pitcher,Tyson Hardin,sa3025574,824620,2026,AA,AA,5,2,A+ | AA,29.333333333333332,24.0,True,False,0.049547711003462704,0.5829272534029565,64.26512968299711,3470,54.72061657032755,1557,59.49287312666233,54.72061657032755,865
Pitcher,Ryan Prager,sa3040167,696492,2026,A,A,3,1,A,67.0,23.0,True,True,0.031165044817551554,0.22526353770272117,58.16302560488607,4257,60.81822016026993,2371,59.490622882578,58.16302560488607,866
Pitcher,Brycen Mautz,31910,802408,2026,AAA,AAA,6,4,A | A+ | AA | AAA,85.66666666666667,24.0,True,True,0.09321995100767162,0.8126672504273729,55.873558308415205,2341,62.95005807200929,861,59.41180819021225,55.873558308415205,867
Pitcher,Cristian Aray,sa3024266,821774,2026,Complex,Complex,2,2,International Rookie | Complex,28.333333333333332,18.999999999999996,True,False,0.008528332230666739,0.19874973171928173,78.28083989501312,1524,40.53537284894838,1046,59.40810637198075,40.53537284894838,868
Pitcher,Cristopher Silvestre,sa3076965,837095,2026,International Rookie,International Rookie,1,1,International Rookie,30.0,17.0,True,True,0.006826300968978781,0.03885610409826508,28.110808356039964,2202,90.68877551020408,1568,59.399791933122025,28.110808356039964,869
Pitcher,Nicolas De La Cruz,sa3021796,808658,2026,A,A,3,2,International Rookie | A,48.333333333333336,20.0,True,True,0.03599620468209458,0.19386693744593286,49.70636598543575,4257,69.08477435681147,2371,59.39557017112361,49.70636598543575,870
Pitcher,Gerinton Mendez,sa3024543,820961,2026,Complex,Complex,2,2,International Rookie | Complex,21.0,19.0,True,False,0.008290457561554474,0.20423089422399693,79.39632545931758,1524,39.29254302103251,1046,59.34443424017505,39.29254302103251,871
Pitcher,Santiago Rojas,sa3024585,821798,2026,Complex,Complex,2,2,International Rookie | Complex,29.666666666666668,19.000000000000004,True,False,0.008295046761906717,0.203950095592122,79.39632545931758,1524,39.29254302103251,1046,59.34443424017505,39.29254302103251,871
Pitcher,Spencer Bengard,sa3023092,675248,2026,AA,AA,5,3,A | A+ | AA,61.333333333333336,24.0,True,True,0.05054272356536464,0.5632004084425066,61.757925072046106,3470,56.84007707129094,1557,59.29900107166853,56.84007707129094,873
Pitcher,Kamdyn Perry,sa3023663,815076,2026,A+,A+,4,3,Complex | A | A+,42.0,20.0,True,True,0.03295630953441633,0.32971929428734575,63.70724346076459,3976,54.8780487804878,2050,59.292646120626195,54.8780487804878,874
Pitcher,Fisher Jameson,sa3034551,701404,2026,A+,A+,4,2,A | A+,41.333333333333336,23.0,True,True,0.03374343342692769,0.3178161528539462,61.64486921529175,3976,56.78048780487805,2050,59.2126785100849,56.78048780487805,875
Pitcher,Bryson Hammer,sa3022664,694811,2026,A+,A+,4,2,A | A+,85.0,24.0,True,True,0.035475655290845905,0.29652753256310094,58.274647887323944,3976,60.048780487804876,2050,59.161714187564414,58.274647887323944,876
Pitcher,Carson Whisenhunt,31676,687931,2026,AAA,AAA,6,2,A+ | AAA,82.33333333333333,24.999999999999996,True,True,0.07688282641810523,0.9073319306937424,73.98547629218282,2341,44.250871080139376,861,59.1181736861611,44.250871080139376,877
Pitcher,Jared Southard,sa3019951,683177,2026,AAA,AAA,6,4,A | A+ | AA | AAA,71.33333333333333,25.0,True,True,0.0842696028988593,0.8696094108081341,65.61298590346006,2341,52.613240418118465,861,59.11311316078926,52.613240418118465,878
Pitcher,Jackson Finley,sa3023406,686533,2026,AA,AA,5,2,A | AA,48.666666666666664,24.999999999999996,True,True,0.050651147347913074,0.5566609684549265,61.03746397694525,3470,57.09698137443802,1557,59.06722267569164,57.09698137443802,879
Pitcher,Alexander Almonte,sa3024593,823012,2026,Complex,Complex,2,2,International Rookie | Complex,22.666666666666668,19.0,True,False,0.008286797786164738,0.20148710658171262,78.74015748031496,1524,39.29254302103251,1046,59.01635025067374,39.29254302103251,880
Pitcher,Kolten Smith,sa3042589,701368,2026,A+,A+,4,2,A | A+,26.333333333333332,21.999999999999996,True,False,0.034222691782601365,0.3045290121431472,59.6579476861167,3976,58.19512195121951,2050,58.9265348186681,58.19512195121951,881
Pitcher,Caedmon Parker,sa3039449,696488,2026,A,A,3,1,A,75.33333333333333,23.0,True,True,0.03284203773656566,0.2072954508317754,54.07564012215175,4257,63.72838464782792,2371,58.90201238498984,54.07564012215175,882
Pitcher,Ma'Kale Holden,sa3069244,829204,2026,Complex,Complex,2,1,Complex,37.666666666666664,19.0,True,True,0.012246438893427192,0.13225549234908307,54.85564304461942,1524,62.90630975143404,1046,58.88097639802673,54.85564304461942,883
Pitcher,Jaron DeBerry,sa3029984,809229,2026,AA,AA,5,2,A+ | AA,128.66666666666666,23.0,True,True,0.04977177713325561,0.5692832932058606,62.44956772334294,3470,55.17019910083494,1557,58.809883412088936,55.17019910083494,884
Pitcher,Ryan McDonagh,sa3067438,816014,2026,A,A,3,2,Complex | A,46.0,20.0,True,True,0.028871599158577933,0.2440595683541324,62.29739252995067,4257,55.29312526360186,2371,58.79525889677626,55.29312526360186,885
Pitcher,Juan De La Cruz,sa3019171,801275,2026,A+,A+,4,4,International Rookie | Complex | A | A+,25.666666666666668,21.0,True,False,0.028418494611932427,0.40107986685422253,73.99396378269617,3976,43.5609756097561,2050,58.777469696226134,43.5609756097561,886
Pitcher,Wyatt Olds,29922,681544,2026,AAA,AAA,6,4,Complex | A+ | AA | AAA,50.666666666666664,26.0,True,True,0.07300693260132848,0.9250181022826038,77.91542076035883,2341,39.60511033681765,861,58.76026554858824,39.60511033681765,887
Pitcher,Jose Parra,sa3024574,821280,2026,Complex,Complex,2,2,International Rookie | Complex,39.666666666666664,20.0,True,True,0.015389164213781273,0.09803904542782559,38.4514435695538,1524,79.06309751434034,1046,58.75727054194707,38.4514435695538,888
Pitcher,Jordan Valenzuela,sa3021820,814227,2026,A,A,3,3,International Rookie | Complex | A,27.666666666666668,21.0,True,False,0.02985883190024434,0.2323741037954513,59.76039464411557,4257,57.48629270350063,2371,58.6233436738081,57.48629270350063,889
Pitcher,Anderson Guevara,sa3019182,803373,2026,A,A,3,2,International Rookie | A,24.666666666666668,21.0,True,False,0.028918073650315245,0.24217858960507183,61.82757810664788,4257,55.37747785744411,2371,58.602527982046,55.37747785744411,890
Pitcher,Logan Allen,27589,671106,2026,AAA,AAA,6,3,A+ | AA | AAA,98.66666666666667,27.0,True,True,0.08156471831691359,0.8806453362699447,67.49252456215292,2341,49.70963995354239,861,58.60108225784766,49.70963995354239,891
Pitcher,Brooks Auger,sa3026300,824624,2026,A+,A+,4,1,A+,59.666666666666664,24.0,True,True,0.034524133564744854,0.29595633102274016,58.24949698189135,3976,58.63414634146341,2050,58.44182166167738,58.24949698189135,892
Pitcher,Raminel Almonte,sa3025380,828776,2026,Complex,Complex,2,2,International Rookie | Complex,29.333333333333332,18.999999999999996,True,False,0.00847769368664943,0.19333205129806585,76.44356955380577,1524,40.43977055449331,1046,58.44167005414954,40.43977055449331,893
Pitcher,Manuel Colon,sa3024788,823841,2026,Complex,Complex,2,2,International Rookie | Complex,27.333333333333332,18.999999999999996,True,False,0.00847769368664943,0.19333205129806585,76.44356955380577,1524,40.43977055449331,1046,58.44167005414954,40.43977055449331,893
Pitcher,Kahley Chan,sa3077362,822226,2026,International Rookie,International Rookie,1,1,International Rookie,35.333333333333336,17.0,True,True,0.0063451958102571475,0.07323104203922044,62.21616712079928,2202,54.65561224489796,1568,58.43588968284862,54.65561224489796,895
Pitcher,Caleb Leys,sa3036316,834393,2026,A,A,3,1,A,63.0,22.0,True,True,0.03179277823523489,0.20902103324968935,54.592435987784825,4257,62.12568536482497,2371,58.35906067630489,54.592435987784825,896
Pitcher,Joey Gartrell,sa3032013,813745,2026,A+,A+,4,2,A | A+,36.666666666666664,22.0,True,True,0.03792049805227824,0.2564969248316248,51.18209255533199,3976,65.46341463414635,2050,58.32275359473917,51.18209255533199,897
Pitcher,Vince Reilly,sa3040586,805291,2026,AA,AA,5,3,A | A+ | AA,39.0,25.0,True,True,0.051366365901952815,0.531401562267975,58.27089337175793,3470,58.31727681438664,1557,58.29408509307228,58.27089337175793,898
Pitcher,Eric Silva,sa3017965,696150,2026,AA,AA,5,3,A | A+ | AA,50.0,23.0,True,True,0.04596138237117683,0.62882950337537,69.65417867435158,3470,46.885035324341686,1557,58.269606999346635,46.885035324341686,899
Pitcher,Hunter Parks,sa3017640,688609,2026,AAA,AAA,6,4,A | A+ | AA | AAA,37.333333333333336,25.0,True,True,0.09767990816721142,0.7668473886178265,50.14950875694148,2341,66.31823461091754,861,58.23387168392951,50.14950875694148,900
Pitcher,Luis De La Torre,sa3022880,815219,2026,A+,A+,4,4,International Rookie | Complex | A | A+,100.66666666666667,22.000000000000004,True,True,0.02997996374246387,0.36453598217235056,68.76257545271629,3976,47.65853658536585,2050,58.21055601904107,47.65853658536585,901
Pitcher,Jarol Lopez,sa3077539,842323,2026,International Rookie,International Rookie,1,1,International Rookie,31.333333333333332,17.0,True,True,0.006096595036036024,0.15196750387669672,92.05267938237965,2202,24.362244897959183,1568,58.20746214016942,24.362244897959183,902
Pitcher,Francis Texido,sa3021028,809814,2026,A+,A+,4,3,International Rookie | A | A+,67.66666666666667,21.0,True,True,0.03267510547340952,0.31898986085083114,61.9215291750503,3976,54.4390243902439,2050,58.1802767826471,54.4390243902439,903
Pitcher,Marcos Pimentel,sa3024085,821021,2026,Complex,Complex,2,2,International Rookie | Complex,21.666666666666668,19.0,True,False,0.00852529809485052,0.19034332311301155,75.7217847769029,1524,40.53537284894838,1046,58.12857881292564,40.53537284894838,904
Pitcher,Frank Camarillo,sa3028299,805273,2026,A+,A+,4,2,A | A+,25.333333333333332,21.999999999999996,True,False,0.033524657367788986,0.30536192710535914,59.859154929577464,3976,56.390243902439025,2050,58.12469941600824,56.390243902439025,905
Pitcher,Justin Lamkin,sa3035887,703610,2026,A+,A+,4,1,A+,28.333333333333332,22.0,True,False,0.035121791440378025,0.28548282092623367,56.36317907444668,3976,59.707317073170735,2050,58.0352480738087,56.36317907444668,906
Pitcher,Tyler Mattison,sa3018117,694331,2026,AAA,AAA,6,4,A | A+ | AA | AAA,52.333333333333336,26.0,True,True,0.09624553631119194,0.7760312975626609,51.04656129859035,2341,64.92450638792103,861,57.98553384325569,51.04656129859035,907
Pitcher,Johan Simon,sa3015481,696059,2026,AA,AA,5,4,International Rookie | Complex | A | AA,54.666666666666664,24.0,True,True,0.04372652344722464,0.6749802433821447,73.86167146974063,3470,42.06807964033398,1557,57.9648755550373,42.06807964033398,908
Pitcher,Jean Robles,sa3023831,821005,2026,Complex,Complex,2,2,International Rookie | Complex,24.0,19.0,True,False,0.00828436811025053,0.19384055371365028,76.5748031496063,1524,39.29254302103251,1046,57.9336730853194,39.29254302103251,909
Pitcher,Mason Englert,22288,669438,2026,AAA,AAA,6,3,A | A+ | AAA,75.66666666666667,26.0,True,True,0.0660363928170061,0.9507174698808284,84.79282357966682,2341,31.010452961672474,861,57.90163827066964,31.010452961672474,910
Pitcher,Jaxon Wiggins,sa3023635,694393,2026,AAA,AAA,6,4,A | A+ | AA | AAA,31.666666666666668,24.0,True,True,0.08779012707907659,0.8276172208069574,58.26569841947885,2341,57.491289198606275,861,57.87849380904257,57.491289198606275,911
Pitcher,Christopher Cordero,sa3068486,829935,2026,Complex,Complex,2,2,International Rookie | Complex,30.0,17.0,True,True,0.010647451680096402,0.15208972285142763,63.05774278215223,1524,52.67686424474187,1046,57.867303513447055,52.67686424474187,912
Pitcher,Andrew Dutkanych IV,sa3030700,702254,2026,A,A,3,1,A,40.666666666666664,22.0,True,True,0.02842624388049088,0.24039191338176322,61.45172656800564,4257,54.196541543652465,2371,57.82413405582905,54.196541543652465,913
Pitcher,Jake Shelagowski,sa3069391,835657,2026,A,A,3,1,A,34.666666666666664,22.0,True,True,0.027921454202535428,0.24747312894793763,62.81418839558374,4257,52.80472374525517,2371,57.80945607041946,52.80472374525517,914
Pitcher,David Medina,sa3068879,835928,2026,International Rookie,International Rookie,1,1,International Rookie,35.0,19.0,True,True,0.006320141152861865,0.07620250923937909,64.44141689373296,2202,51.08418367346939,1568,57.76280028360118,51.08418367346939,915
Pitcher,Joe Boyle,29608,671212,2026,AAA,AAA,6,3,A+ | AA | AAA,66.66666666666667,26.0,True,True,0.08724500982444709,0.8288152630372205,58.56471593336181,2341,56.91056910569106,861,57.73764251952643,56.91056910569106,916
Pitcher,Marino Santy,sa3017422,696091,2026,AA,AA,5,4,International Rookie | A | A+ | AA,51.0,24.0,True,True,0.04587028089372175,0.6188614347998919,68.64553314121038,3470,46.820809248554916,1557,57.733171194882644,46.820809248554916,917
Pitcher,Joel Jimenez,sa3076981,837523,2026,International Rookie,International Rookie,1,1,International Rookie,32.666666666666664,18.0,True,True,0.006244080537830161,0.09193243658572157,74.11444141689373,2202,41.26275510204081,1568,57.68859825946727,41.26275510204081,918
Pitcher,Alex McFarlane,31773,686934,2026,AA,AA,5,3,A | A+ | AA,35.0,25.0,True,True,0.050353203834923775,0.5403375682583864,58.90489913544668,3470,56.45472061657033,1557,57.679809876008505,56.45472061657033,919
Pitcher,Esteban Luna,sa3024100,823718,2026,Complex,Complex,2,2,International Rookie | Complex,27.333333333333332,18.999999999999996,True,False,0.008282819883171616,0.19081064962517322,75.91863517060368,1524,39.29254302103251,1046,57.60558909581809,39.29254302103251,920
Pitcher,Santiago Guerrero,sa3077031,840872,2026,International Rookie,International Rookie,1,1,International Rookie,35.0,18.0,True,True,0.006218318296658676,0.10082669434677737,77.88374205267938,2202,37.308673469387756,1568,57.59620776103357,37.308673469387756,921
Pitcher,Jack Cebert,sa3028683,701411,2026,AA,AA,5,1,AA,74.33333333333333,24.0,True,True,0.05022045753452586,0.5407522197177834,58.99135446685879,3470,56.19781631342325,1557,57.59458539014102,56.19781631342325,922
Pitcher,Justin Batista,sa3076461,837655,2026,International Rookie,International Rookie,1,1,International Rookie,30.666666666666668,17.0,True,True,0.006130370234487211,0.13237427700986718,88.19255222524977,2202,26.913265306122447,1568,57.55290876568611,26.913265306122447,923
Pitcher,Griffin Kilander,sa3025467,828499,2026,A+,A+,4,2,A | A+,35.333333333333336,23.0,True,True,0.0326324814112509,0.3105773270701959,60.638832997987926,3976,54.4390243902439,2050,57.53892869411591,54.4390243902439,924
Pitcher,Accimias Morales,sa3018809,703193,2026,A,A,3,3,International Rookie | Complex | A,42.333333333333336,21.0,True,True,0.030617666796437733,0.2132991809207054,55.55555555555556,4257,59.426402361872626,2371,57.490978958714095,55.55555555555556,925
Pitcher,Cy Nielson,sa3020321,686951,2026,AA,AA,5,2,A+ | AA,53.0,25.0,True,True,0.05167914961050055,0.5124278208572439,56.10951008645533,3470,58.83108542068079,1557,57.47029775356806,56.10951008645533,926
Pitcher,Luke Murphy,29952,684665,2026,AAA,AA,6,3,A+ | AA | AAA,28.666666666666668,25.0,True,False,0.08206122504677935,0.8642014749353919,64.5877829987185,2341,50.29036004645761,861,57.43907152258805,50.29036004645761,927
Pitcher,Jose Zerpa,sa3021037,813683,2026,A,A,3,2,International Rookie | A,23.0,21.0,True,False,0.028379938117860517,0.23751831990585842,60.723514211886304,4257,54.112188949810204,2371,57.41785158084825,54.112188949810204,928
Pitcher,Magnus Ellerts,sa3020813,701884,2026,AA,AA,5,3,A | A+ | AA,20.0,25.0,True,False,0.04988941213598514,0.5416636311800883,59.19308357348703,3470,55.55555555555556,1557,57.374319564521294,55.55555555555556,929
Pitcher,Yadiel Ramon,sa3024600,823724,2026,International Rookie,International Rookie,1,1,International Rookie,31.666666666666664,18.0,True,True,0.006433343426694967,0.0590799473389484,50.13623978201635,2202,64.47704081632654,1568,57.30664029917144,50.13623978201635,930
Pitcher,David Hernandez,sa3076302,829967,2026,Complex,Complex,2,1,Complex,30.333333333333332,19.0,True,True,0.008949875460439431,0.18102391143748484,72.24409448818898,1524,42.35181644359464,1046,57.29795546589181,42.35181644359464,931
Pitcher,Cesar Navarro,sa3077491,822228,2026,International Rookie,International Rookie,1,1,International Rookie,47.333333333333336,17.0,True,True,0.006164685540198953,0.11738901343946935,83.7874659400545,2202,30.803571428571427,1568,57.29551868431297,30.803571428571427,932
Pitcher,Rordy Mejia,sa3024772,820882,2026,A,A,3,2,International Rookie | A,62.333333333333336,21.0,True,True,0.0298509017327484,0.22077549385179568,57.08245243128964,4257,57.48629270350063,2371,57.28437256739514,57.08245243128964,933
Pitcher,Carlos Torres,sa3020387,688876,2026,AA,AA,5,3,A | A+ | AA,62.666666666666664,25.0,True,True,0.05506009581532368,0.44849716942714246,49.62536023054755,3470,64.9325626204239,1557,57.27896142548572,49.62536023054755,934
Pitcher,David Sandlin,31743,689818,2026,AAA,AAA,6,4,A | A+ | AA | AAA,65.0,25.0,True,True,0.08117907971042021,0.8686928506835836,65.35668517727467,2341,49.12891986062718,861,57.242802518950924,49.12891986062718,935
Pitcher,Jonathan Rosario,sa3024540,820937,2026,Complex,Complex,2,2,International Rookie | Complex,27.333333333333332,18.999999999999996,True,False,0.008258138761145674,0.18876090433263337,75.26246719160105,1524,39.19694072657744,1046,57.22970395908924,39.19694072657744,936
Pitcher,Miguel Flores,sa3024465,821793,2026,A,A,3,3,International Rookie | Complex | A,89.33333333333333,21.0,True,True,0.02457179138811498,0.287146622046245,70.75405214940099,4257,43.69464361029102,2371,57.22434787984601,43.69464361029102,937
Pitcher,Riley Kelly,sa3035229,804465,2026,A,A,3,1,A,65.0,22.0,True,True,0.03131007218868232,0.20495623616930084,53.32393704486728,4257,61.11345423871784,2371,57.218695641792564,53.32393704486728,938
Pitcher,Carlos Alvarez,sa3068082,825419,2026,International Rookie,International Rookie,1,1,International Rookie,44.333333333333336,18.0,True,True,0.006157710455758406,0.11821143820149878,84.0599455040872,2202,30.357142857142858,1568,57.20854418061503,30.357142857142858,939
Pitcher,Connor O'Halloran,sa3023219,683354,2026,A+,A+,4,2,A | A+,22.333333333333332,23.0,True,False,0.0361601804126457,0.26390291589322096,52.46478873239437,3976,61.853658536585364,2050,57.15922363448986,52.46478873239437,940
Pitcher,Jose Corniell,27984,692030,2026,AAA,AAA,6,5,Complex | A | A+ | AA | AAA,35.333333333333336,23.0,True,True,0.07674212007938808,0.8927477659553531,70.18368218709954,2341,44.13472706155633,861,57.159204624327934,44.13472706155633,941
Pitcher,Kellan Oakes,sa3038982,822163,2026,A+,A+,4,2,A | A+,40.666666666666664,22.0,True,True,0.03587919103247015,0.2663958940322391,52.94265593561368,3976,61.1219512195122,2050,57.03230357756294,52.94265593561368,942
Pitcher,Christian Roa,27662,685005,2026,AAA,AAA,6,3,A+ | AA | AAA,35.666666666666664,27.000000000000004,True,True,0.0878822569765321,0.818598510477063,56.55702691157625,2341,57.491289198606275,861,57.02415805509126,56.55702691157625,943
Pitcher,Keegan Zinn,sa3023088,815111,2026,A,A,3,2,Complex | A,60.0,21.0,True,True,0.026222601431558037,0.26412827521552507,66.00892647404275,4257,48.03880219316744,2371,57.0238643336051,48.03880219316744,944
Pitcher,Barrett Morgan,sa3069386,834900,2026,A,A,3,1,A,46.0,21.0,True,True,0.027303409122708493,0.24916339447916683,63.09607704956542,4257,50.948966680725434,2371,57.02252186514543,50.948966680725434,945
Pitcher,Chase Centala,sa3025431,694555,2026,A+,A+,4,2,A | A+,69.33333333333333,24.0,True,True,0.03369104674760258,0.2907586079892344,57.26861167002012,3976,56.68292682926829,2050,56.9757692496442,56.68292682926829,946
Pitcher,Beiker Rodriguez,sa3068155,832710,2026,International Rookie,International Rookie,1,1,International Rookie,37.333333333333336,19.0,True,True,0.0066741045900344945,0.03883999619846932,28.065395095367847,2202,85.71428571428571,1568,56.88984040482678,28.065395095367847,947
Pitcher,Jayden Dubanewicz,sa3067382,803848,2026,A+,A+,4,3,Complex | A | A+,59.666666666666664,20.0,True,True,0.024679165125440255,0.46857887420801675,81.23742454728371,3976,32.4390243902439,2050,56.838224468763805,32.4390243902439,948
Pitcher,Melvin Robles,sa3068142,831448,2026,International Rookie,International Rookie,1,1,International Rookie,35.666666666666664,18.0,True,True,0.006081075852298567,0.14623379842039888,91.05358764759309,2202,22.5765306122449,1568,56.81505912991899,22.5765306122449,949
Pitcher,Adam Bates,sa3023637,806724,2026,A,A,3,2,Complex | A,43.666666666666664,20.0,True,True,0.02833441731432653,0.23207946990078065,59.57246887479446,4257,54.02783635596795,2371,56.80015261538121,54.02783635596795,950
Pitcher,Carson Hobbs,sa3023573,814481,2026,AA,AA,5,2,A+ | AA,64.33333333333333,24.0,True,True,0.04926143588282383,0.5429586732040945,59.36599423631124,3470,54.206807964033395,1557,56.78640110017231,54.206807964033395,951
Pitcher,Erick Lanza,sa3024589,821820,2026,International Rookie,International Rookie,1,1,International Rookie,46.0,19.0,True,True,0.006197734251412059,0.10233932376487759,78.47411444141689,2202,35.076530612244895,1568,56.77532252683089,35.076530612244895,952
Pitcher,Alex Santos II,sa3014684,691012,2026,AA,AA,5,3,A | A+ | AA,53.333333333333336,24.0,True,True,0.04765590201732766,0.5660556731705148,62.10374639769452,3470,51.380860629415544,1557,56.74230351355503,51.380860629415544,953
Pitcher,Erick Matos,sa3024094,821760,2026,Complex,Complex,2,2,International Rookie | Complex,29.666666666666668,19.000000000000004,True,False,0.008538559976919428,0.1829591710248891,72.83464566929133,1524,40.63097514340344,1046,56.73281040634738,40.63097514340344,954
Pitcher,Skylar Hales,sa3022739,813766,2026,AAA,AAA,6,3,A+ | AA | AAA,42.0,24.0,True,True,0.08800419704258583,0.8132888519952443,55.91627509611277,2341,57.491289198606275,861,56.70378214735952,55.91627509611277,955
Pitcher,Connor Wietgrefe,sa3025401,809733,2026,AA,AA,5,2,A+ | AA,66.66666666666667,24.0,True,True,0.04637200503739565,0.5891392440746873,65.01440922190201,3470,48.36223506743738,1557,56.6883221446697,48.36223506743738,956
Pitcher,Carson Seymour,30084,693313,2026,AAA,AAA,6,4,A | A+ | AA | AAA,76.0,27.0,True,True,0.0827024207232592,0.8499214331669255,62.152926099957284,2341,51.21951219512195,861,56.68621914753962,51.21951219512195,957
Pitcher,Nick Frasso,27861,693308,2026,AAA,AAA,6,3,A | AA | AAA,24.666666666666668,27.0,True,False,0.08339506658142369,0.8428023121746173,61.255873558308416,2341,51.91637630662021,861,56.586124932464315,51.91637630662021,958
Pitcher,Lyon Richardson,24581,680689,2026,AAA,AAA,6,4,A | A+ | AA | AAA,71.66666666666667,26.0,True,True,0.08546172737514661,0.8303600664462669,58.821016659547205,2341,54.239256678281066,861,56.53013666891414,54.239256678281066,959
Pitcher,Justin Burgos,sa3077370,832060,2026,International Rookie,International Rookie,1,1,International Rookie,33.0,17.0,True,True,0.0062945226606607296,0.0782645422020815,65.66757493188011,2202,47.38520408163265,1568,56.52638950675638,47.38520408163265,960
Pitcher,Ricky Vanasco,23391,676568,2026,AAA,AAA,6,4,Complex | A+ | AA | AAA,46.333333333333336,27.0,True,True,0.07652431298295789,0.8867257891781388,68.81674498077744,2341,44.01858304297329,861,56.41766401187537,44.01858304297329,961
Pitcher,Aiden May,sa3037366,801995,2026,A+,A+,4,2,A | A+,91.0,23.0,True,True,0.03264746109831129,0.29690952843000373,58.37525150905432,3976,54.4390243902439,2050,56.40713794964911,54.4390243902439,962
Pitcher,Dominic Fritton,sa3031734,804571,2026,A+,A+,4,2,A | A+,24.0,23.0,True,False,0.035617356859878255,0.264659361086914,52.56539235412475,3976,60.24390243902439,2050,56.40464739657457,52.56539235412475,963
Pitcher,Jhose Brea,sa3068120,829934,2026,International Rookie,International Rookie,1,1,International Rookie,43.0,18.0,True,True,0.006254090028712232,0.08525952836191293,70.48138056312443,2202,42.28316326530612,1568,56.38227191421528,42.28316326530612,964
Pitcher,Anthony Flores,sa3019377,800260,2026,AA,AA,5,5,International Rookie | Complex | A | A+ | AA,46.333333333333336,21.0,True,True,0.05308185649320888,0.4671790466117332,51.38328530259366,3470,61.143224149004496,1557,56.26325472579908,51.38328530259366,965
Pitcher,Yondrei Rojas,sa3016783,700292,2026,AA,AA,5,5,International Rookie | Complex | A | A+ | AA,42.333333333333336,23.0,True,True,0.04968960927191121,0.5222887563017035,57.262247838616716,3470,55.17019910083494,1557,56.21622346972583,55.17019910083494,966
Pitcher,Tyler Owens,26030,687074,2026,AAA,AA,6,4,A | A+ | AA | AAA,30.0,24.0,True,True,0.09219146745355068,0.7649207941451559,49.893208030756085,2341,62.48548199767712,861,56.1893450142166,49.893208030756085,967
Pitcher,Cesar Aquino,sa3024469,823714,2026,A,A,3,3,International Rookie | Complex | A,29.333333333333332,21.0,True,False,0.027831645845086683,0.2328768680883962,59.78388536528072,4257,52.55166596372838,2371,56.167775664504546,52.55166596372838,968
Pitcher,Jacob Pruitt,sa3040257,809131,2026,A,A,3,1,A,43.666666666666664,22.0,True,True,0.032639339484455424,0.19083020551124422,48.813718581160444,4257,63.47532686630114,2371,56.14452272373079,48.813718581160444,969
Pitcher,Yunior Marte,31097,805074,2026,A+,A+,4,3,Complex | A | A+,43.333333333333336,22.0,True,True,0.028171702352460366,0.36874853079600367,69.3158953722334,3976,42.926829268292686,2050,56.121362320263046,42.926829268292686,970
Pitcher,Kenyer Navarro,sa3077298,840445,2026,International Rookie,International Rookie,1,1,International Rookie,34.666666666666664,17.0,True,True,0.006215706691279178,0.09371417352809007,75.02270663033606,2202,37.18112244897959,1568,56.10191453965783,37.18112244897959,971
Pitcher,Ovis Portes,sa3019644,802086,2026,A,A,3,2,International Rookie | A,22.666666666666668,21.0,True,False,0.027794818705957423,0.23284799215498403,59.78388536528072,4257,52.382960776043866,2371,56.08342307066229,52.382960776043866,972
Pitcher,Greysen Carter,sa3028529,701706,2026,A,A,3,2,Complex | A,51.666666666666664,23.0,True,True,0.031167321062771144,0.1986115784547933,51.30373502466526,4257,60.81822016026993,2371,56.060977592467594,51.30373502466526,973
Pitcher,Stiven Cruz,sa3015938,691602,2026,AA,AA,5,4,International Rookie | A | A+ | AA,61.0,24.0,True,True,0.05272996828101942,0.4687028586532208,51.527377521613836,3470,60.56518946692357,1557,56.04628349426871,51.527377521613836,974
Pitcher,Jacob Morrison,sa3038406,804756,2026,A+,A+,4,2,A | A+,20.666666666666668,22.0,True,False,0.03349411219653835,0.2827090428694833,55.885311871227366,3976,56.19512195121951,2050,56.04021691122344,55.885311871227366,975
Pitcher,Eybersson Polanco,sa3018301,702882,2026,AA,AA,5,4,International Rookie | Complex | A | AA,95.0,22.0,True,True,0.04141548878350996,0.6912399433483927,75.64841498559078,3470,36.28773281952473,1557,55.96807390255775,36.28773281952473,976
Pitcher,Luis Martinez-Gomez,sa3023285,815292,2026,AA,AA,5,3,Complex | A | AA,46.333333333333336,23.0,True,True,0.04621705786616248,0.5808984564562264,63.919308357348704,3470,47.97687861271676,1557,55.94809348503273,47.97687861271676,977
Pitcher,Jay Dill,sa3030328,701839,2026,AA,AA,5,1,AA,33.0,23.0,True,True,0.052470656781938296,0.47041921071033155,51.585014409221905,3470,60.244059087989726,1557,55.91453674860581,51.585014409221905,978
Pitcher,Luke LaCourse,sa3069283,834241,2026,Complex,Complex,2,1,Complex,41.0,19.0,True,True,0.0096341837128145,0.15975607651124493,65.61679790026247,1524,46.17590822179732,1046,55.8963530610299,46.17590822179732,979
Pitcher,Alex Breckheimer,sa3058721,832225,2026,A,A,3,1,A,33.333333333333336,22.0,True,True,0.028942504800328964,0.216887058806876,56.33074935400517,4257,55.461830451286374,2371,55.896289902645776,55.461830451286374,980
Pitcher,Cesar Perdomo,30334,702885,2026,AA,AA,5,4,Complex | A | A+ | AA,72.33333333333333,24.0,True,True,0.04286914470237647,0.6489588837227233,71.72910662824208,3470,39.948619139370585,1557,55.83886288380633,39.948619139370585,981
Pitcher,Alejandro Hidalgo,sa3015151,691576,2026,AA,AA,5,4,Complex | A | A+ | AA,20.666666666666668,23.0,True,False,0.04856970382090739,0.5362097732447463,58.64553314121037,3470,52.92228644829801,1557,55.783909794754194,52.92228644829801,982
Pitcher,Ryan Gusto,26440,687473,2026,AAA,AAA,6,4,A | A+ | AA | AAA,44.666666666666664,27.0,True,True,0.07630005820401929,0.8832786732342214,68.21870995301154,2341,43.321718931475026,861,55.77021444224329,43.321718931475026,983
Pitcher,Brian Curley,sa3029705,826536,2026,AA,AA,5,2,A+ | AA,46.333333333333336,23.0,True,True,0.052327574611948494,0.46776173456335984,51.4121037463977,3470,60.115606936416185,1557,55.76385534140694,51.4121037463977,984
Pitcher,Eric Reyzelman,sa3020611,801432,2026,AAA,AAA,6,2,AA | AAA,31.333333333333332,25.0,True,True,0.10074054690665511,0.7023466618293421,42.0333190944041,2341,69.4541231126597,861,55.7437211035319,42.0333190944041,985
Pitcher,Juan Reyes,sa3025021,808219,2026,A,A,3,3,International Rookie | Complex | A,23.666666666666668,21.0,True,False,0.027442158845359433,0.23446022663587895,60.018792576932114,4257,51.32855335301561,2371,55.67367296497386,51.32855335301561,986
Pitcher,Chase Petty,30170,695534,2026,AAA,AAA,6,4,A | A+ | AA | AAA,56.0,23.0,True,True,0.07319668168315865,0.8968639384341444,71.37975224263135,2341,39.95354239256678,861,55.66664731759907,39.95354239256678,987
Pitcher,Nick Dean,sa3023506,686953,2026,AA,AA,5,3,A | A+ | AA,46.666666666666664,24.999999999999996,True,True,0.04291670968401791,0.6415476464092915,71.09510086455332,3470,40.20552344251766,1557,55.65031215353549,40.20552344251766,988
Pitcher,Zander Mueth,sa3023569,805800,2026,A,A,3,2,Complex | A,33.333333333333336,21.0,True,True,0.03617874548733953,0.167486005014864,41.62555790462767,4257,69.54871362294391,2371,55.58713576378579,41.62555790462767,989
Pitcher,Logan Samuels,sa3025571,808469,2026,A+,A+,4,2,A | A+,47.333333333333336,24.0,True,True,0.03231811339753225,0.29008925060855645,57.19315895372233,3976,53.80487804878049,2050,55.49901850125141,53.80487804878049,990
Pitcher,Khristian Curtis,33865,694753,2026,AAA,AAA,6,4,A | A+ | AA | AAA,33.0,24.0,True,True,0.08828238936142027,0.790050207935323,52.96881674498078,2341,57.955865272938446,861,55.46234100895961,52.96881674498078,991
Pitcher,Ty Langenberg,sa3023101,807716,2026,AA,AA,5,3,A | A+ | AA,86.33333333333333,24.0,True,True,0.04841054971914121,0.5304892757996922,58.09798270893372,3470,52.7296082209377,1557,55.41379546493571,52.7296082209377,992
Pitcher,Kyle Robinson,sa3025537,701836,2026,AA,AA,5,2,A+ | AA,41.66666666666667,22.0,True,True,0.048876909153836634,0.5220874978181798,57.262247838616716,3470,53.564547206165706,1557,55.41339752239121,53.564547206165706,993
Pitcher,Max Banks,sa3058549,822514,2026,A+,A+,4,2,A | A+,44.333333333333336,23.0,True,True,0.03302468852849893,0.280589019381512,55.658953722334005,3976,54.97560975609756,2050,55.31728173921579,54.97560975609756,994
Pitcher,Liam Best,sa3027094,807555,2026,A,A,3,1,A,40.666666666666664,22.0,True,True,0.02798343344632816,0.22295511990465008,57.59924829692272,4257,53.01560522986082,2371,55.30742676339177,53.01560522986082,995
Pitcher,Zac Thornton,33891,804267,2026,AAA,AAA,6,4,A | A+ | AA | AAA,37.666666666666664,24.0,True,True,0.08822927948264618,0.7882641134887091,52.840666381888084,2341,57.72357723577236,861,55.282121808830226,52.840666381888084,996
Pitcher,Zach Maxwell,31610,687209,2026,AAA,AAA,6,3,A | A+ | AAA,42.333333333333336,25.000000000000004,True,True,0.08573277011199312,0.8119545900154186,55.83084152071764,2341,54.70383275261324,861,55.26733713666544,54.70383275261324,997
Pitcher,Branneli Franco,sa3023818,815919,2026,Complex,Complex,2,2,International Rookie | Complex,22.0,19.0,True,False,0.00827560788028293,0.1770947790051297,71.19422572178478,1524,39.29254302103251,1046,55.24338437140864,39.29254302103251,998
Pitcher,Chandler Marsh,sa3025652,694285,2026,A+,A+,4,1,A+,48.666666666666664,23.0,True,True,0.029998369809681256,0.3234561520897554,62.65090543259557,3976,47.65853658536585,2050,55.154721008980715,47.65853658536585,999
Pitcher,Adam Macko,25590,671936,2026,AAA,AAA,6,5,Complex | A | A+ | AA | AAA,24.333333333333332,24.999999999999996,True,False,0.07818323430824166,0.8663099281991066,64.84408372490388,2341,45.412311265969805,861,55.128197495436844,45.412311265969805,1000
Pitcher,Cade Feeney,sa3023228,814366,2026,AA,AA,5,2,A+ | AA,35.333333333333336,24.0,True,True,0.046593951743558425,0.5583292437141278,61.268011527377524,3470,48.94026974951831,1557,55.104140638447916,48.94026974951831,1001
Pitcher,Juan De La Cruz,sa3019171,801275,2026,A,A,3,3,International Rookie | Complex | A,24.666666666666668,21.0,True,False,0.027529193241713275,0.22639781333268988,58.468404980032886,4257,51.70814002530578,2371,55.088272502669334,51.70814002530578,1002
Pitcher,Leonel Murrieta,sa3068505,831046,2026,International Rookie,International Rookie,1,1,International Rookie,40.0,19.0,True,True,0.006294375335490935,0.073743326581191,62.71571298819255,2202,47.32142857142857,1568,55.01857077981056,47.32142857142857,1003
Pitcher,Khristian Curtis,33865,694753,2026,AA,AA,5,3,A | A+ | AA,53.333333333333336,24.0,True,True,0.04511240002719112,0.5855160849634201,64.49567723342939,3470,45.472061657032754,1557,54.98386944523107,45.472061657032754,1004
Pitcher,Ryan Gallagher,sa3031857,801594,2026,AAA,AAA,6,3,A+ | AA | AAA,95.0,23.0,True,True,0.07911735390432295,0.8581583894024362,63.477146518581804,2341,46.45760743321719,861,54.9673769758995,46.45760743321719,1005
Pitcher,Styven Paez,sa3022155,814230,2026,A,A,3,2,International Rookie | A,41.0,21.0,True,True,0.024760693918829013,0.26283999885618387,65.82100070472164,4257,44.032053985660056,2371,54.92652734519085,44.032053985660056,1006
Pitcher,Ryan Lobus,sa3022744,815590,2026,AAA,AAA,6,3,A+ | AA | AAA,25.666666666666668,25.000000000000004,True,False,0.0757207029369992,0.8790907685353241,67.2789406236651,2341,42.508710801393725,861,54.893825712529406,42.508710801393725,1007
Pitcher,Dominick Reid,sa3040572,805255,2026,A,A,3,1,A,49.666666666666664,21.999999999999996,True,True,0.028138941295770378,0.21729976652333052,56.42471223866573,4257,53.31083930830873,2371,54.867775773487224,53.31083930830873,1008
Pitcher,Yoniel Curet,sa3015446,692414,2026,AAA,AA,6,6,International Rookie | Complex | A | A+ | AA | AAA,31.333333333333332,22.0,True,True,0.08171991549460929,0.8347711060972741,59.58991883810337,2341,50.05807200929152,861,54.82399542369745,50.05807200929152,1009
Pitcher,Braylon Myers,sa3076130,830742,2026,A,A,3,1,A,62.333333333333336,23.0,True,True,0.026536423318526663,0.23779376118701445,60.79398637538172,4257,48.840151834668916,2371,54.81706910502532,48.840151834668916,1010
Pitcher,Mason Morris,sa3038414,702568,2026,A,A,3,1,A,92.66666666666667,22.0,True,True,0.02991035700558078,0.20018456481534805,51.679586563307495,4257,57.654997891185154,2371,54.66729222724632,51.679586563307495,1011
Pitcher,Zebby Matthews,31827,805673,2026,AAA,AAA,6,4,A | A+ | AA | AAA,34.333333333333336,26.0,True,True,0.08906975035414164,0.7691129693652028,50.405809483126866,2341,58.88501742160279,861,54.64541345236483,50.405809483126866,1012
Pitcher,Bernard Jose,sa3021812,811594,2026,AA,AA,5,5,International Rookie | Complex | A | A+ | AA,27.0,23.0,True,False,0.04487992203882091,0.5841735921090823,64.38040345821325,3470,44.82980089916506,1557,54.60510217868915,44.82980089916506,1013
Pitcher,Alex Martinez,sa3015284,692624,2026,A,A,3,2,Complex | A,35.0,23.0,True,True,0.02335842484608459,0.2806453977652633,69.39159032182287,4257,39.81442429354703,2371,54.60300730768495,39.81442429354703,1014
Pitcher,Stharlin Torres,sa3024080,820941,2026,A,A,3,3,International Rookie | Complex | A,68.33333333333333,20.0,True,True,0.02301592006101396,0.28387380813709856,70.00234907211652,4257,39.18177983973007,2371,54.59206445592329,39.18177983973007,1015
Pitcher,Frederi Altagracia,sa3077202,825585,2026,International Rookie,International Rookie,1,1,International Rookie,34.333333333333336,18.0,True,True,0.0062233362789183115,0.0867892932136475,71.16257947320618,2202,38.01020408163265,1568,54.586391777419415,38.01020408163265,1016
Pitcher,Winston Santos,28489,692437,2026,AAA,AAA,6,5,Complex | A | A+ | AA | AAA,39.333333333333336,24.0,True,True,0.07419734039995393,0.8836717118177815,68.30414352840667,2341,40.76655052264808,861,54.53534702552737,40.76655052264808,1017
Pitcher,Jackson Kelley,sa3020755,805958,2026,AA,AA,5,2,A+ | AA,71.66666666666667,26.0,True,True,0.05326172079291743,0.4293532649050805,47.6657060518732,3470,61.40012845215157,1557,54.53291725201238,47.6657060518732,1018
Pitcher,Victor Lizarraga,sa3015220,694205,2026,AA,AA,5,4,Complex | A | A+ | AA,83.33333333333333,22.0,True,True,0.049877806600201524,0.48755714867867334,53.487031700288185,3470,55.49132947976879,1557,54.48918059002848,53.487031700288185,1019
Pitcher,Higor Requena,sa3077403,838137,2026,International Rookie,International Rookie,1,1,International Rookie,38.333333333333336,18.0,True,True,0.006154498464570491,0.10376053657429749,78.83742052679382,2202,30.102040816326532,1568,54.46973067156018,30.102040816326532,1020
Pitcher,Steven Duran,sa3068703,832704,2026,International Rookie,International Rookie,1,1,International Rookie,42.666666666666664,17.0,True,True,0.00636307291462568,0.06112615123450946,51.952770208901,2202,56.951530612244895,1568,54.45215041057295,51.952770208901,1021
Pitcher,Yhosneiber Torres,sa3068609,829757,2026,International Rookie,International Rookie,1,1,International Rookie,35.333333333333336,18.0,True,True,0.0060706313854439605,0.12903008798159382,87.4205267938238,2202,21.428571428571427,1568,54.424549111197614,21.428571428571427,1022
Pitcher,Leuris Portorreal,sa3021520,808224,2026,A,A,3,3,International Rookie | Complex | A,64.66666666666667,20.0,True,True,0.02043491089773758,0.3262090639205337,77.35494479680526,4257,31.16828342471531,2371,54.261614110760284,31.16828342471531,1023
Pitcher,Juaron Watts-Brown,sa3023352,695033,2026,AAA,AAA,6,4,A | A+ | AA | AAA,29.0,24.0,True,False,0.06933521751054418,0.9041790465493679,73.08842375053396,2341,35.42392566782811,861,54.25617470918104,35.42392566782811,1024
Pitcher,Kenya Huggins,sa3020609,695761,2026,AA,AA,5,2,A | AA,89.33333333333333,23.0,True,True,0.0425715486012503,0.6218850227850309,68.9913544668588,3470,39.43481053307643,1557,54.21308249996761,39.43481053307643,1025
Pitcher,Ethan Cole,sa3069408,836087,2026,A,A,3,1,A,104.33333333333333,21.999999999999996,True,True,0.02675645911845221,0.22793559021731957,58.844256518675124,4257,49.38844369464361,2371,54.11635010665937,49.38844369464361,1026
Pitcher,Jose Vega,sa3077498,834249,2026,International Rookie,International Rookie,1,1,International Rookie,38.666666666666664,17.0,True,True,0.00632787959468128,0.06599862096241176,56.357856494096275,2202,51.785714285714285,1568,54.07178538990528,51.785714285714285,1027
Pitcher,Anderson Carias,sa3076469,837853,2026,International Rookie,International Rookie,1,1,International Rookie,33.666666666666664,17.0,True,True,0.006124928546541515,0.1100834960391779,81.69845594913714,2202,26.403061224489797,1568,54.05075858681347,26.403061224489797,1028
Pitcher,Anderson Rivera,sa3068856,835492,2026,International Rookie,International Rookie,1,1,International Rookie,33.0,19.0,True,True,0.0064215174371916855,0.05265006204981461,44.822888283378745,2202,63.265306122448976,1568,54.04409720291386,44.822888283378745,1029
Pitcher,Andrew Landry,sa3024982,815069,2026,A+,A+,4,2,A | A+,45.333333333333336,24.0,True,True,0.03167086724882966,0.2837141643471501,55.985915492957744,3976,52.09756097560975,2050,54.04173823428375,52.09756097560975,1030
Pitcher,Gavin Collyer,26349,686560,2026,AAA,AAA,6,4,A | A+ | AA | AAA,28.333333333333332,25.0,True,False,0.07726567291996117,0.8585032037208719,63.51986330627937,2341,44.48315911730546,861,54.00151121179242,44.48315911730546,1031
Pitcher,Roderic Ramirez,sa3077271,837948,2026,International Rookie,International Rookie,1,1,International Rookie,33.333333333333336,17.0,True,True,0.006096870458970177,0.11589520641529913,83.60581289736604,2202,24.362244897959183,1568,53.98402889766261,24.362244897959183,1032
Pitcher,Aidan Foeller,sa3025616,826538,2026,A+,A+,4,2,A | A+,54.666666666666664,24.0,True,True,0.030823890524541615,0.2963022015617828,58.274647887323944,3976,49.65853658536585,2050,53.966592236344894,49.65853658536585,1033
Pitcher,Angel Jimenez,sa3018287,691439,2026,A,A,3,3,International Rookie | Complex | A,62.333333333333336,22.0,True,True,0.021807255534186453,0.29809159733016877,72.53934695795161,4257,35.0485027414593,2371,53.793924849705455,35.0485027414593,1034
Pitcher,Tyson Neighbors,sa3025569,695695,2026,AA,AA,5,2,A+ | AA,30.0,23.0,True,True,0.0467174249817425,0.5342325788366662,58.38616714697406,3470,49.19717405266538,1557,53.791670599819724,49.19717405266538,1035
Pitcher,Peyton Pallette,31865,688883,2026,AAA,AAA,6,4,A | A+ | AA | AAA,27.666666666666668,25.0,True,False,0.07527898330780354,0.8690217450456061,65.48483554036737,2341,41.92799070847851,861,53.70641312442294,41.92799070847851,1036
Pitcher,Robby Porco,sa3040086,805379,2026,A,A,3,1,A,25.666666666666668,22.000000000000004,True,False,0.031041350231666195,0.18348930839220196,46.69955367629786,4257,60.691691269506535,2371,53.6956224729022,46.69955367629786,1037
Pitcher,Blake Hammond,sa3033097,813768,2026,A,A,3,1,A,27.0,22.0,True,False,0.031041350231666223,0.18348930839220218,46.69955367629786,4257,60.691691269506535,2371,53.6956224729022,46.69955367629786,1037
Pitcher,Tyler Gough,sa3020865,702640,2026,A,A,3,1,A,20.333333333333332,22.0,True,False,0.031041350231666223,0.18348930839220218,46.69955367629786,4257,60.691691269506535,2371,53.6956224729022,46.69955367629786,1037
Pitcher,Connor Foley,sa3031511,805879,2026,A,A,3,1,A,21.0,22.0,True,False,0.031041350231666223,0.18348930839220218,46.69955367629786,4257,60.691691269506535,2371,53.6956224729022,46.69955367629786,1037
Pitcher,JB Middleton,sa3037985,822477,2026,A,A,3,1,A,20.0,22.0,True,False,0.031041350231666223,0.18348930839220218,46.69955367629786,4257,60.691691269506535,2371,53.6956224729022,46.69955367629786,1037
Pitcher,Bryson Hammer,sa3022664,694811,2026,AA,AA,5,3,A | A+ | AA,24.666666666666668,24.0,True,False,0.04880508573528746,0.4908318418359843,53.89048991354467,3470,53.436095054592165,1557,53.66329248406842,53.436095054592165,1042
Pitcher,Luke Hayden,sa3025504,695569,2026,AA,AA,5,2,A+ | AA,25.0,23.0,True,False,0.04600376199272366,0.5525030763876501,60.37463976945245,3470,46.94926140012845,1557,53.661950584790446,46.94926140012845,1043
Pitcher,Nelfy Ynfante,sa3019149,800295,2026,A,A,3,3,International Rookie | Complex | A,42.666666666666664,21.0,True,True,0.023564597239813783,0.2672984212190097,66.76062955132723,4257,40.53142134120624,2371,53.646025446266734,40.53142134120624,1044
Pitcher,Brock Moore,sa3025654,822160,2026,AA,AA,5,1,AA,35.0,26.0,True,True,0.04929776502563838,0.48169427921329355,52.997118155619596,3470,54.271034039820165,1557,53.634076097719884,52.997118155619596,1045
Pitcher,Yonleg Gaetano,sa3068728,832441,2026,A,A,3,2,International Rookie | A,68.33333333333333,20.0,True,True,0.024273140193448003,0.25731913082534935,64.66995536762978,4257,42.59805989034163,2371,53.63400762898571,42.59805989034163,1046
Pitcher,Ryan Long,sa3017616,702465,2026,AA,AA,5,3,A | A+ | AA,38.666666666666664,26.0,True,True,0.042637195543750415,0.6095754521180285,67.6657060518732,3470,39.4990366088632,1557,53.582371330368204,39.4990366088632,1047
Pitcher,Carson Fischer,sa3069199,831572,2026,A,A,3,1,A,65.0,23.0,True,True,0.025830230320444066,0.2346924522418912,60.08926474042753,4257,47.02657106706031,2371,53.55791790374392,47.02657106706031,1048
Pitcher,Michael Perez,sa3019721,805872,2026,A+,A+,4,3,Complex | A | A+,50.333333333333336,23.0,True,True,0.02699882230718469,0.3548054170481647,67.40442655935614,3976,39.65853658536585,2050,53.531481572360995,39.65853658536585,1049
Pitcher,Brett Sears,sa3041892,822412,2026,AA,AA,5,1,AA,94.66666666666667,26.0,True,True,0.04840299651621719,0.49239121809785685,54.26512968299712,3470,52.7296082209377,1557,53.49736895196741,52.7296082209377,1050
Pitcher,Jake Brooks,sa3023205,694860,2026,AA,AA,5,3,A | A+ | AA,78.33333333333333,24.0,True,True,0.04395450952902809,0.5846592779381444,64.4092219020173,3470,42.58188824662813,1557,53.49555507432271,42.58188824662813,1051
Pitcher,Isaac Prince,sa3068346,829708,2026,International Rookie,International Rookie,1,1,International Rookie,36.33333333333333,18.000000000000004,True,True,0.006082159654158126,0.1181346530551088,84.0599455040872,2202,22.895408163265305,1568,53.47767683367625,22.895408163265305,1052
Pitcher,C.J. Culpepper,sa3020563,690217,2026,AAA,AAA,6,4,A | A+ | AA | AAA,56.333333333333336,24.0,True,True,0.0851837724859194,0.7913405668209055,53.05425032037591,2341,53.89082462253194,861,53.47253747145392,53.05425032037591,1053
Pitcher,Cash Kuiper,sa3069133,834954,2026,A,A,3,1,A,52.0,21.0,True,True,0.027565990192281,0.2119067489454077,55.06225041108762,4257,51.83466891606917,2371,53.44845966357839,51.83466891606917,1054
Pitcher,Jose Montero,sa3018312,800017,2026,AA,AA,5,5,International Rookie | Complex | A | A+ | AA,55.333333333333336,22.000000000000004,True,True,0.0487645202066553,0.48769400580464056,53.51585014409222,3470,53.307642903018625,1557,53.41174652355542,53.307642903018625,1055
Pitcher,Mason Olson,sa3068903,802981,2026,AA,AA,5,2,A | AA,81.66666666666667,24.0,True,True,0.041549510466424605,0.6326900856152516,70.0,3470,36.60886319845857,1557,53.30443159922929,36.60886319845857,1056
Pitcher,Cristian Hernandez,sa3021788,808349,2026,Complex,Complex,2,2,International Rookie | Complex,47.333333333333336,21.0,True,True,0.009840877302495646,0.14296439358411428,59.186351706036746,1524,47.41873804971319,1046,53.302544877874965,47.41873804971319,1057
Pitcher,Jhostin Betances,sa3024083,820992,2026,International Rookie,International Rookie,1,1,International Rookie,30.333333333333332,19.0,True,True,0.00808440775832197,0.019115811696237297,7.266121707538601,2202,99.17091836734694,1568,53.21852003744277,7.266121707538601,1058
Pitcher,Evan Yates,sa3025545,696524,2026,A+,A+,4,2,A | A+,24.333333333333332,23.0,True,False,0.03263249844642795,0.26066012032281066,51.98692152917505,3976,54.4390243902439,2050,53.212972959709475,51.98692152917505,1059
Pitcher,Micah Ottenbreit,sa3017860,695648,2026,A+,A+,4,2,A | A+,22.333333333333332,23.0,True,False,0.03307564911614342,0.2551946201922892,51.03118712273642,3976,55.21951219512195,2050,53.12534965892918,51.03118712273642,1060
Pitcher,JeanPierre Ortiz,sa3024922,701370,2026,A+,A+,4,2,A | A+,67.0,22.0,True,True,0.030052246270253637,0.29756519413586285,58.501006036217305,3976,47.707317073170735,2050,53.104161554694016,47.707317073170735,1061
Pitcher,Ovis Portes,sa3019644,802086,2026,A+,A+,4,3,International Rookie | A | A+,47.333333333333336,21.0,True,True,0.027772939268852447,0.33544235407349543,64.53722334004024,3976,41.5609756097561,2050,53.04909947489817,41.5609756097561,1062
Pitcher,Ben Hansen,sa3033152,810091,2026,AA,AA,5,3,A | A+ | AA,35.0,24.0,True,True,0.04033362028037172,0.6564000390997444,72.13256484149856,3470,33.91136801541426,1557,53.02196642845641,33.91136801541426,1063
Pitcher,Adam Kloffenstein,24493,680572,2026,AAA,AAA,6,3,A+ | AA | AAA,112.33333333333333,25.0,True,True,0.08215112951768563,0.809446477364031,55.48910721913712,2341,50.52264808362369,861,53.0058776513804,50.52264808362369,1064
Pitcher,D.J. McCarty,sa3015222,695769,2026,AA,AA,5,4,Complex | A | A+ | AA,24.0,23.0,True,False,0.04735092575360739,0.5017573679642056,55.273775216138326,3470,50.67437379576108,1557,52.9740745059497,50.67437379576108,1065
Pitcher,Cole Henry,27570,669371,2026,AAA,AAA,6,3,A+ | AA | AAA,21.0,26.0,True,False,0.07275965110473759,0.8732237345825818,66.33917129431866,2341,39.48896631823461,861,52.91406880627663,39.48896631823461,1066
Pitcher,Abraham Parra,sa3022369,811600,2026,A+,A+,4,4,International Rookie | Complex | A | A+,89.0,20.0,True,True,0.023010187383410662,0.4383307964474172,78.09356136820925,3976,27.70731707317073,2050,52.90043922068999,27.70731707317073,1067
Pitcher,Ben Grable,sa3032539,695066,2026,AA,AA,5,1,AA,29.0,24.0,True,False,0.0479635827325251,0.48992487319745764,53.7463976945245,3470,52.02312138728324,1557,52.88475954090387,52.02312138728324,1068
Pitcher,Aiden Jimenez,sa3034689,804525,2026,A+,A+,4,1,A+,77.66666666666667,22.0,True,True,0.029145737025793882,0.30833866131664306,60.26156941649899,3976,45.46341463414634,2050,52.862492025322666,45.46341463414634,1069
Pitcher,Parker Carlson,sa3075826,800686,2026,A+,A+,4,1,A+,56.666666666666664,23.0,True,True,0.02945556190130562,0.30148280317797366,59.20523138832998,3976,46.48780487804878,2050,52.84651813318938,46.48780487804878,1070
Pitcher,Ben Vespi,sa3066731,694978,2026,AA,AA,5,3,A | A+ | AA,39.333333333333336,25.0,True,True,0.05561561376784087,0.36695855319228815,40.028818443804035,3470,65.63904945407836,1557,52.833933948941194,40.028818443804035,1071
Pitcher,Sam Mettert,sa3076299,805329,2026,A,A,3,1,A,29.333333333333332,22.0,True,False,0.030758809747390377,0.18088867077897605,45.92435987784825,4257,59.72163644032054,2371,52.82299815908439,45.92435987784825,1072
Pitcher,AJ Russell,sa3041324,805706,2026,A,A,3,1,A,26.666666666666668,22.000000000000004,True,False,0.030758809747390342,0.18088867077897572,45.92435987784825,4257,59.72163644032054,2371,52.82299815908439,45.92435987784825,1072
Pitcher,Caden Hunter,sa3059552,827267,2026,A,A,3,1,A,23.0,22.0,True,False,0.030758809747390377,0.18088867077897605,45.92435987784825,4257,59.72163644032054,2371,52.82299815908439,45.92435987784825,1072
Pitcher,Owen Proksch,sa3040240,810896,2026,A,A,3,1,A,24.666666666666668,22.000000000000004,True,False,0.030758809747390342,0.18088867077897572,45.92435987784825,4257,59.72163644032054,2371,52.82299815908439,45.92435987784825,1072
Pitcher,Luke Jackson,sa3034507,703683,2026,A,A,3,1,A,26.333333333333332,21.999999999999996,True,False,0.030758809747390405,0.1808886707789763,45.92435987784825,4257,59.72163644032054,2371,52.82299815908439,45.92435987784825,1072
Pitcher,Myles Patton,sa3039548,811573,2026,A,A,3,1,A,22.666666666666668,22.0,True,False,0.030758809747390377,0.18088867077897605,45.92435987784825,4257,59.72163644032054,2371,52.82299815908439,45.92435987784825,1072
Pitcher,Dylan Brown,sa3027818,832562,2026,A,A,3,1,A,23.333333333333332,21.999999999999996,True,False,0.030758809747390405,0.1808886707789763,45.92435987784825,4257,59.72163644032054,2371,52.82299815908439,45.92435987784825,1072
Pitcher,Aiden Moffett,sa3076144,702268,2026,A,A,3,1,A,21.0,22.0,True,False,0.030758809747390377,0.18088867077897605,45.92435987784825,4257,59.72163644032054,2371,52.82299815908439,45.92435987784825,1072
Pitcher,Max Martin,sa3037193,822317,2026,A,A,3,1,A,21.0,22.0,True,False,0.030758809747390377,0.18088867077897605,45.92435987784825,4257,59.72163644032054,2371,52.82299815908439,45.92435987784825,1072
Pitcher,Peyton Niksch,sa3076116,836172,2026,A,A,3,1,A,26.666666666666668,22.000000000000004,True,False,0.030758809747390342,0.18088867077897572,45.92435987784825,4257,59.72163644032054,2371,52.82299815908439,45.92435987784825,1072
Pitcher,Yilmar Samudio,sa3076462,837692,2026,International Rookie,International Rookie,1,1,International Rookie,32.0,17.0,True,True,0.005820325721806029,0.2973978679154726,99.31880108991825,2202,6.313775510204081,1568,52.81628830006117,6.313775510204081,1082
Pitcher,Will McCausland,sa3037464,823790,2026,A,A,3,1,A,50.666666666666664,21.999999999999996,True,True,0.026946492548486033,0.21377714491274444,55.71999060371154,4257,49.894559257697175,2371,52.80727493070435,49.894559257697175,1083
Pitcher,Alexander Alberto,sa3015986,693739,2026,AAA,AAA,6,6,International Rookie | Complex | A | A+ | AA | AAA,27.0,24.0,True,False,0.061617705722726075,0.9283172431397203,78.89790687740282,2341,26.713124274099883,861,52.80551557575135,26.713124274099883,1084
Pitcher,Drew Thorpe,31967,689672,2026,AAA,AAA,6,3,A+ | AA | AAA,24.666666666666668,25.000000000000004,True,False,0.06972028063433945,0.8904749801526983,69.58564715933362,2341,36.00464576074332,861,52.79514646003847,36.00464576074332,1085
Pitcher,Alex Pham,sa3017550,702129,2026,AA,AA,5,2,A+ | AA,37.0,26.0,True,True,0.049275314323511905,0.46703611348489754,51.38328530259366,3470,54.206807964033395,1557,52.79504663331353,51.38328530259366,1086
Pitcher,Geowin Gomez,sa3077606,837813,2026,International Rookie,International Rookie,1,1,International Rookie,32.0,17.0,True,True,0.005997021494032104,0.14284412460709894,90.37238873751136,2202,15.178571428571429,1568,52.775480083041394,15.178571428571429,1087
Pitcher,Sheroky Rodriguez,sa3068121,829951,2026,International Rookie,International Rookie,1,1,International Rookie,45.333333333333336,18.0,True,True,0.006231948370238768,0.07893788313431065,66.2125340599455,2202,39.2219387755102,1568,52.71723641772785,39.2219387755102,1088
Pitcher,Juaron Watts-Brown,sa3023352,695033,2026,AA,AA,5,3,A | A+ | AA,59.333333333333336,24.0,True,True,0.04018282942027957,0.650164937621134,71.78674351585015,3470,33.59023763648041,1557,52.68849057616528,33.59023763648041,1089
Pitcher,Gabriel Barbosa,sa3009593,682858,2026,AA,AA,5,5,International Rookie | Complex | A | A+ | AA,21.333333333333332,24.0,True,False,0.046919882443616605,0.5048714346455975,55.53314121037464,3470,49.77520873474631,1557,52.65417497256047,49.77520873474631,1090
Pitcher,Luis Diaz,sa3076944,822222,2026,International Rookie,International Rookie,1,1,International Rookie,34.333333333333336,17.0,True,True,0.006125118980990763,0.10378471792070923,78.83742052679382,2202,26.403061224489797,1568,52.62024087564181,26.403061224489797,1091
Pitcher,Jaren Warwick,sa3025164,805262,2026,A,A,3,1,A,46.333333333333336,24.0,True,True,0.0297498849451805,0.1878310755117662,47.99154334038055,4257,57.23323492197385,2371,52.6123891311772,47.99154334038055,1092
Pitcher,Carlos Galindo,sa3068361,829902,2026,International Rookie,International Rookie,1,1,International Rookie,56.333333333333336,18.0,True,True,0.006318711894334701,0.06380915854248981,54.405086285195274,2202,50.765306122448976,1568,52.58519620382212,50.765306122448976,1093
Pitcher,Joey Volini,sa3044555,804123,2026,A+,A+,4,1,A+,34.0,23.0,True,True,0.025999683976929266,0.36623566599850016,68.98893360160966,3976,36.146341463414636,2050,52.56763753251215,36.146341463414636,1094
Pitcher,Ryan Verdugo,sa3044453,822456,2026,A,A,3,1,A,88.66666666666667,23.0,True,True,0.03185576107348422,0.1706829722988109,42.91754756871036,4257,62.1678616617461,2371,52.54270461522823,42.91754756871036,1095
Pitcher,Nolan Sparks,sa3025182,822463,2026,A+,A+,4,2,A | A+,48.0,23.0,True,True,0.030753744161394966,0.2802448943737616,55.60865191146881,3976,49.46341463414634,2050,52.53603327280757,49.46341463414634,1096
Pitcher,Izaak Martinez,sa3025345,801555,2026,A+,A+,4,1,A+,39.666666666666664,24.0,True,True,0.029782077826634154,0.2934690645834819,57.67102615694165,3976,47.36585365853659,2050,52.51843990773912,47.36585365853659,1097
Pitcher,Jose Navarrete,sa3077246,837180,2026,International Rookie,International Rookie,1,1,International Rookie,57.333333333333336,18.0,True,True,0.006041215150363412,0.12498317740785464,86.28519527702089,2202,18.75,1568,52.517597638510445,18.75,1098
Pitcher,Cesar Acosta,sa3068506,831048,2026,International Rookie,International Rookie,1,1,International Rookie,51.666666666666664,19.0,True,True,0.005853252216750452,0.20669117175970644,97.32061762034515,2202,7.589285714285714,1568,52.45495166731543,7.589285714285714,1099
Pitcher,Jaden Woods,sa3023064,692243,2026,AA,AA,5,2,A+ | AA,25.666666666666668,24.0,True,False,0.047053881982755064,0.4977591251957297,54.668587896253605,3470,50.09633911368015,1557,52.38246350496688,50.09633911368015,1100
Pitcher,Ronald Kelly,sa3077008,837956,2026,International Rookie,International Rookie,1,1,International Rookie,30.0,17.0,True,True,0.00601518838427151,0.1317465688279866,87.9654859218892,2202,16.709183673469386,1568,52.33733479767929,16.709183673469386,1101
Pitcher,Owen Hall,sa3066594,815157,2026,Complex,Complex,2,1,Complex,39.666666666666664,20.0,True,True,0.010254609015149383,0.13083429308070996,54.39632545931759,1524,50.19120458891013,1046,52.29376502411386,50.19120458891013,1102
Pitcher,Christian Romero,sa3016260,699071,2026,AAA,AAA,6,5,International Rookie | Complex | A | A+ | AAA,125.33333333333333,23.0,True,True,0.07263828885811005,0.8685265410888605,65.35668517727467,2341,39.14053426248548,861,52.24860971988008,39.14053426248548,1103
Pitcher,Carlos Medina,sa3076040,802392,2026,A,A,3,1,A,54.333333333333336,21.0,True,True,0.023130492461546075,0.25969826440608534,65.18675123326287,4257,39.308308730493465,2371,52.247529981878166,39.308308730493465,1104
Pitcher,Emmanuel Reyes,sa3019071,800539,2026,A+,A+,4,4,International Rookie | Complex | A | A+,112.0,22.0,True,True,0.031030198738903635,0.27319851983672905,54.20020120724346,3976,50.19512195121951,2050,52.197661579231486,50.19512195121951,1105
Pitcher,Wyatt Parliament,sa3039489,811963,2026,A,A,3,1,A,61.666666666666664,22.0,True,True,0.023829570869683427,0.24912358626711387,63.09607704956542,4257,41.07971320118094,2371,52.08789512537318,41.07971320118094,1106
Pitcher,Brandan Bidois,28052,684049,2026,AAA,AAA,6,4,A | A+ | AA | AAA,20.0,25.0,True,False,0.07560482195451673,0.8473541006686718,61.72575822298163,2341,42.27642276422764,861,52.001090493604636,42.27642276422764,1107
Pitcher,Taylor Dollard,sa3014982,693440,2026,AA,A+,5,3,A | A+ | AA,144.0,23.0,True,True,0.04509888425850359,0.534485256940471,58.44380403458213,3470,45.40783558124598,1557,51.92581980791405,45.40783558124598,1108
Pitcher,Miguel Mendez,sa3015506,700280,2026,AA,AA,5,5,International Rookie | Complex | A | A+ | AA,45.33333333333333,23.0,True,True,0.038228978992592026,0.6775423834248461,74.14985590778097,3470,29.415542710340397,1557,51.78269930906069,29.415542710340397,1109
Pitcher,Yeferson Vargas,sa3021044,814279,2026,A+,A+,4,4,International Rookie | Complex | A | A+,99.0,21.0,True,True,0.025376103736511245,0.36572715391818017,68.96378269617706,3976,34.58536585365854,2050,51.774574274917796,34.58536585365854,1110
Pitcher,Brady Choban,sa3023212,813882,2026,AAA,AAA,6,3,A+ | AA | AAA,33.333333333333336,25.0,True,True,0.08632596638315473,0.7559753516597211,48.483554036736436,2341,55.05226480836237,861,51.7679094225494,48.483554036736436,1111
Pitcher,Cade Povich,30055,700249,2026,AAA,AAA,6,3,A+ | AA | AAA,55.666666666666664,26.0,True,True,0.08173200555880211,0.795611205978959,53.39598462195643,2341,50.05807200929152,861,51.727028315623976,50.05807200929152,1112
Pitcher,Antwone Kelly,29000,699008,2026,AAA,AAA,6,6,International Rookie | Complex | A | A+ | AA | AAA,91.33333333333333,22.0,True,True,0.07355516161287848,0.8560092355961614,63.04997864160615,2341,40.30197444831591,861,51.67597654496103,40.30197444831591,1113
Pitcher,Quinton Low,sa3017921,701703,2026,A+,A+,4,2,A | A+,34.666666666666664,23.0,True,True,0.039107161531482006,0.185360525687537,35.53822937625755,3976,67.8048780487805,2050,51.67155371251902,35.53822937625755,1114
Pitcher,Michael Walsh,sa3020337,805315,2026,AA,AA,5,3,A | A+ | AA,36.0,25.0,True,True,0.04871866617356002,0.45034661158928624,49.711815561959654,3470,53.307642903018625,1557,51.509729232489136,49.711815561959654,1115
Pitcher,Eliseo Mota,sa3019718,803252,2026,A,A,3,3,International Rookie | Complex | A,33.0,23.0,True,True,0.019532822350076504,0.30354667103511235,73.92529950669486,4257,29.059468578658795,2371,51.492384042676825,29.059468578658795,1116
Pitcher,Dax Fulton,27757,690978,2026,AAA,AAA,6,4,A | A+ | AA | AAA,58.666666666666664,24.0,True,True,0.08157556440226801,0.7933799895287064,53.1824006834686,2341,49.70963995354239,861,51.4460203185055,49.70963995354239,1117
Pitcher,Jack Anker,sa3026107,804985,2026,A,A,3,1,A,50.333333333333336,22.000000000000004,True,True,0.02316810088067175,0.25006115328173845,63.23702137655626,4257,39.47701391817798,2371,51.357017647367115,39.47701391817798,1118
Pitcher,Franyer Mendez,sa3024544,820967,2026,International Rookie,International Rookie,1,1,International Rookie,37.0,19.0,True,True,0.00649361328355569,0.041613582642755456,31.51680290644868,2202,71.1734693877551,1568,51.3451361471019,31.51680290644868,1119
Pitcher,Henry Lalane,sa3016066,700649,2026,A+,A+,4,4,International Rookie | Complex | A | A+,37.333333333333336,21.999999999999996,True,True,0.023488882208435098,0.40009029868247786,73.8682092555332,3976,28.78048780487805,2050,51.324348530205626,28.78048780487805,1120
Pitcher,Nolan DeVos,sa3020453,801700,2026,AA,AA,5,3,A | A+ | AA,33.666666666666664,25.0,True,True,0.05467673038675688,0.35274729711774433,38.414985590778095,3470,64.16184971098266,1557,51.288417650880376,38.414985590778095,1121
Pitcher,Tate Kuehner,sa3023099,804249,2026,AAA,AAA,6,3,A+ | AA | AAA,55.0,25.0,True,True,0.07667453417123958,0.8285189239814666,58.39384878257155,2341,44.13472706155633,861,51.26428792206394,44.13472706155633,1122
Pitcher,Adiel Melendez,sa3076219,699719,2026,A,A,3,1,A,52.0,24.0,True,True,0.027966476333899874,0.1932399615237768,49.56542165844491,4257,52.931252636018556,2371,51.24833714723174,49.56542165844491,1123
Pitcher,Jose Vasquez,sa3022116,807833,2026,A,A,3,3,International Rookie | Complex | A,20.333333333333332,21.0,True,False,0.023002350037311693,0.2504376660107678,63.30749354005168,4257,39.13960354280894,2371,51.22354854143031,39.13960354280894,1124
Pitcher,Fredy Penuelas,sa3068160,832798,2026,International Rookie,International Rookie,1,1,International Rookie,52.0,19.0,True,True,0.006002298034192693,0.12552657015504637,86.46684831970936,2202,15.816326530612244,1568,51.1415874251608,15.816326530612244,1125
Pitcher,Po-Yu Chen,sa3014699,696040,2026,AA,AA,5,4,Complex | A | A+ | AA,29.0,24.0,True,False,0.045839345673853595,0.5052625016776104,55.53314121037464,3470,46.692357096981375,1557,51.11274915367801,46.692357096981375,1126
Pitcher,Luke Fox,sa3023673,803183,2026,AA,AA,5,3,A | A+ | AA,25.333333333333332,24.0,True,False,0.047345823710674306,0.4684017384571083,51.4985590778098,3470,50.67437379576108,1557,51.08646643678544,50.67437379576108,1127
Pitcher,Brandon Decker,sa3030001,804698,2026,A+,A+,4,2,A | A+,51.0,23.0,True,True,0.02837816592825183,0.2984795504903821,58.57645875251509,3976,43.5609756097561,2050,51.0687171811356,43.5609756097561,1128
Pitcher,Miguel Toscano,sa3022031,808537,2026,Complex,Complex,2,2,International Rookie | Complex,42.666666666666664,20.0,True,True,0.008846328582565706,0.14611912828165427,60.498687664041995,1524,41.491395793499045,1046,50.995041728770516,41.491395793499045,1129
Pitcher,Kelvin Zapata,sa3068622,829981,2026,International Rookie,International Rookie,1,1,International Rookie,38.333333333333336,18.0,True,True,0.005749786789909147,0.20033289115315808,97.04813805631244,2202,4.910714285714286,1568,50.979426171013365,4.910714285714286,1130
Pitcher,Estibenzon Jimenez,sa3015983,693732,2026,AA,AA,5,5,International Rookie | Complex | A | A+ | AA,30.666666666666668,24.0,True,True,0.03795081337292762,0.66453114276979,72.85302593659942,3470,29.094412331406552,1557,50.97371913400299,29.094412331406552,1131
Pitcher,Luis Delgado,sa3077257,837677,2026,International Rookie,International Rookie,1,1,International Rookie,41.666666666666664,17.0,True,True,0.005770978029660682,0.19153733074739057,96.68483197093552,2202,5.229591836734694,1568,50.95721190383511,5.229591836734694,1132
Pitcher,Liam Simon,sa3020256,687216,2026,A+,A+,4,2,A | A+,47.333333333333336,25.000000000000004,True,True,0.03859621810873244,0.1839512851882172,35.085513078470825,3976,66.78048780487805,2050,50.93300044167444,35.085513078470825,1133
Pitcher,Joan Gonzalez,sa3076473,838000,2026,International Rookie,International Rookie,1,1,International Rookie,39.666666666666664,17.0,True,True,0.006003874980830813,0.12372789333713576,85.96730245231608,2202,15.880102040816327,1568,50.9237022465662,15.880102040816327,1134
Pitcher,Jack Eshleman,sa3067088,828749,2026,A+,A+,4,2,A | A+,45.333333333333336,22.0,True,True,0.02976267356058633,0.27418850880540846,54.47686116700201,3976,47.36585365853659,2050,50.9213574127693,47.36585365853659,1135
Pitcher,Daniel Corniel,sa3019395,802192,2026,A+,A+,4,4,International Rookie | Complex | A | A+,41.0,21.0,True,True,0.026845169649954172,0.3226020344462055,62.44969818913481,3976,39.36585365853659,2050,50.9077759238357,39.36585365853659,1136
Pitcher,Juan Reyes,sa3025021,808219,2026,Complex,Complex,2,2,International Rookie | Complex,41.0,21.0,True,True,0.007959286875200236,0.15482580816550506,64.04199475065617,1524,37.762906309751436,1046,50.90245053020381,37.762906309751436,1137
Pitcher,Jordan Woods,sa3023628,806637,2026,A+,A+,4,3,Complex | A | A+,40.333333333333336,22.0,True,True,0.02213197742825281,0.4251817190276927,76.86116700201207,3976,24.926829268292682,2050,50.89399813515237,24.926829268292682,1138
Pitcher,Inmer Lobo,sa3019151,800308,2026,A+,A+,4,3,International Rookie | A | A+,25.0,22.0,True,False,0.025888002386753057,0.3453104832742795,66.02112676056338,3976,35.707317073170735,2050,50.86422191686705,35.707317073170735,1139
Pitcher,Juan Olmos,sa3019778,703181,2026,Complex,Complex,2,1,Complex,24.0,21.0,True,False,0.008480924293502164,0.14810736671665056,61.28608923884514,1524,40.43977055449331,1046,50.86292989666923,40.43977055449331,1140
Pitcher,Mason Davenport,sa3076087,828495,2026,Complex,Complex,2,1,Complex,21.333333333333332,21.0,True,False,0.008480924293502164,0.14810736671665056,61.28608923884514,1524,40.43977055449331,1046,50.86292989666923,40.43977055449331,1140
Pitcher,Luis Gomez,sa3068813,827688,2026,Complex,Complex,2,1,Complex,27.0,21.0,True,False,0.008480924293502164,0.14810736671665056,61.28608923884514,1524,40.43977055449331,1046,50.86292989666923,40.43977055449331,1140
Pitcher,Johnathan Rogers,sa3023182,814164,2026,Complex,Complex,2,1,Complex,21.333333333333332,21.0,True,False,0.008480924293502164,0.14810736671665056,61.28608923884514,1524,40.43977055449331,1046,50.86292989666923,40.43977055449331,1140
Pitcher,Bryce Alewine,sa3067422,828508,2026,Complex,Complex,2,1,Complex,20.0,21.0,True,False,0.008480924293502164,0.14810736671665056,61.28608923884514,1524,40.43977055449331,1046,50.86292989666923,40.43977055449331,1140
Pitcher,Jonas Uzcategui,sa3019281,801387,2026,Complex,Complex,2,1,Complex,26.0,21.0,True,False,0.008480924293502164,0.14810736671665056,61.28608923884514,1524,40.43977055449331,1046,50.86292989666923,40.43977055449331,1140
Pitcher,Wilkin Paredes,sa3020998,808051,2026,A+,A,4,3,Complex | A | A+,34.666666666666664,21.0,True,True,0.02378109069313036,0.38508412588270774,71.62977867203219,3976,29.951219512195124,2050,50.790499092113656,29.951219512195124,1146
Pitcher,Derek Diamond,sa3020470,682981,2026,AAA,AAA,6,3,A | A+ | AAA,39.0,25.0,True,True,0.06367345257741527,0.901267839404746,72.53310551046562,2341,29.036004645760745,861,50.78455507811318,29.036004645760745,1147
Pitcher,Jamie Hitt,sa3033882,699546,2026,AA,AA,5,2,A+ | AA,43.333333333333336,23.0,True,True,0.045983885461307925,0.4973063968857687,54.63976945244957,3470,46.885035324341686,1557,50.76240238839563,46.885035324341686,1148
Pitcher,Dariel Morillo,sa3023700,823871,2026,International Rookie,International Rookie,1,1,International Rookie,30.0,19.0,True,True,0.006837812046983201,0.02230803387989474,10.354223433242506,2202,91.07142857142857,1568,50.71282600233554,10.354223433242506,1149
Pitcher,Tyler Switalski,sa3043424,802000,2026,A+,A+,4,2,A | A+,74.66666666666667,23.0,True,True,0.02739641978623253,0.3100489422489661,60.638832997987926,3976,40.78048780487805,2050,50.709660401432984,40.78048780487805,1150
Pitcher,Emanuel Jimenez,sa3077367,825706,2026,International Rookie,International Rookie,1,1,International Rookie,33.0,19.0,True,True,0.005891975669488737,0.15593490526780535,92.64305177111717,2202,8.673469387755102,1568,50.65826057943614,8.673469387755102,1151
Pitcher,Javen Coleman,sa3029151,694495,2026,AA,AA,5,3,A | A+ | AA,25.0,24.0,True,False,0.04386294151270439,0.5410008665244227,58.99135446685879,3470,42.32498394348105,1557,50.65816920516992,42.32498394348105,1152
Pitcher,Chen-Wei Lin,sa3022876,813820,2026,AA,AA,5,3,A | A+ | AA,102.66666666666667,24.0,True,True,0.04432508869250259,0.5303438799670728,58.069164265129686,3470,43.15992292870906,1557,50.614543596919376,43.15992292870906,1153
Pitcher,Ben Peterson,sa3067064,803292,2026,AA,AA,5,3,A | A+ | AA,20.666666666666668,24.0,True,False,0.04356756847574848,0.5442799545642135,59.51008645533141,3470,41.68272318561336,1557,50.59640482047239,41.68272318561336,1154
Pitcher,Brandon Beckel,sa3023276,699552,2026,A+,A+,4,2,A | A+,71.0,24.0,True,True,0.027469519850245788,0.3069911473423635,60.06036217303823,3976,41.02439024390244,2050,50.54237620847033,41.02439024390244,1155
Pitcher,Jordarlin Mendoza,sa3017321,702212,2026,A,A,3,3,International Rookie | Complex | A,38.0,22.0,True,True,0.024532009571320155,0.2225292857393881,57.55226685459244,4257,43.525938422606494,2371,50.539102638599466,43.525938422606494,1156
Pitcher,Winston Santos,28489,692437,2026,AA,AA,5,4,Complex | A | A+ | AA,42.333333333333336,24.0,True,True,0.04393243268079602,0.5331534221222751,58.38616714697406,3470,42.58188824662813,1557,50.48402769680109,42.58188824662813,1157
Pitcher,Jose M. Rodriguez,sa3022396,815278,2026,A,A,3,2,Complex | A,43.666666666666664,22.0,True,True,0.02311585604467056,0.24063081207402046,61.49870801033592,4257,39.308308730493465,2371,50.40350837041469,39.308308730493465,1158
Pitcher,Charlis Medina,sa3076487,840232,2026,International Rookie,International Rookie,1,1,International Rookie,40.666666666666664,21.0,True,True,0.006576104477099784,0.032522043761017,21.071752951861942,2202,79.46428571428571,1568,50.26801933307382,21.071752951861942,1159
Pitcher,Casey Anderson,sa3022742,814783,2026,AAA,AAA,6,4,A | A+ | AA | AAA,27.0,25.0,True,False,0.07647167403759846,0.8194377380942791,56.72789406236651,2341,43.786295005807204,861,50.25709453408686,43.786295005807204,1160
Pitcher,Jesus Vasquez,sa3077503,837235,2026,International Rookie,International Rookie,1,1,International Rookie,36.666666666666664,17.0,True,True,0.006047261972124488,0.10939141853257671,81.38056312443233,2202,19.132653061224488,1568,50.25660809282841,19.132653061224488,1161
Pitcher,Gleiner Diaz,sa3015501,699695,2026,A,A,3,3,International Rookie | Complex | A,54.666666666666664,21.999999999999996,True,True,0.01971836655554942,0.2864549077560534,70.66008926474042,4257,29.73428932939688,2371,50.19718929706865,29.73428932939688,1162
Pitcher,Zac Thornton,33891,804267,2026,AA,AA,5,3,A | A+ | AA,25.0,24.0,True,False,0.04470893239255577,0.5127181995954917,56.138328530259365,3470,44.18754014129737,1557,50.16293433577837,44.18754014129737,1163
Pitcher,Adolfo Oviedo,sa3018882,801743,2026,A,A,3,2,International Rookie | A,36.333333333333336,21.0,True,True,0.02156223722814649,0.2628164642822575,65.82100070472164,4257,34.37368199072122,2371,50.097341347721425,34.37368199072122,1164
Pitcher,Jadon Bercovich,sa3068330,694793,2026,A+,A+,4,2,A | A+,30.333333333333332,24.0,True,True,0.03003764705478449,0.2634124582460643,52.43963782696177,3976,47.65853658536585,2050,50.04908720616381,47.65853658536585,1165
Pitcher,Josbel Garcia,sa3019250,703863,2026,A,A,3,3,International Rookie | Complex | A,44.333333333333336,22.0,True,True,0.022402790136518243,0.24722330755882715,62.767206953253464,4257,37.241670181358074,2371,50.00443856730577,37.241670181358074,1166
Pitcher,Kolten Smith,sa3042589,701368,2026,A,A,3,1,A,52.666666666666664,21.999999999999996,True,True,0.023704656483926594,0.23062174855215448,59.22010805731736,4257,40.74230282581189,2371,49.981205441564626,40.74230282581189,1167
Pitcher,Colin Fields,sa3021985,802953,2026,AA,AA,5,3,A | A+ | AA,38.333333333333336,26.0,True,True,0.04531451068252574,0.4932178176448277,54.351585014409224,3470,45.600513808606294,1557,49.97604941150776,45.600513808606294,1168
Pitcher,Christian Suarez,sa3009222,682949,2026,AA,AA,5,4,International Rookie | A | A+ | AA,68.0,25.0,True,True,0.047668290203815016,0.439234907378716,48.55907780979827,3470,51.380860629415544,1557,49.96996921960691,48.55907780979827,1169
Pitcher,Tyler Schmitt,sa3060515,831325,2026,A,A,3,1,A,98.33333333333333,21.0,True,True,0.026474553127137614,0.19843170424409726,51.25675358233498,4257,48.67144664698439,2371,49.964100114659686,48.67144664698439,1170
Pitcher,Yorman Gomez,sa3015931,691414,2026,AAA,AAA,6,6,International Rookie | Complex | A | A+ | AA | AAA,55.333333333333336,23.0,True,True,0.07966911125112887,0.791080259051319,52.96881674498078,2341,46.92218350754936,861,49.945500126265074,46.92218350754936,1171
Pitcher,Andres Ortiz,sa3068094,829422,2026,International Rookie,International Rookie,1,1,International Rookie,39.666666666666664,19.0,True,True,0.006650738081305175,0.02753844816213439,15.39509536784741,2202,84.43877551020408,1568,49.91693543902575,15.39509536784741,1172
Pitcher,Kyle McCoy,sa3037510,702578,2026,A,A,3,1,A,23.666666666666668,22.000000000000004,True,False,0.02964131813616677,0.17066372561211107,42.91754756871036,4257,56.89582454660481,2371,49.90668605765758,42.91754756871036,1173
Pitcher,Jack Eshleman,sa3067088,828749,2026,A,A,3,1,A,22.0,22.0,True,False,0.029641318136166793,0.17066372561211135,42.91754756871036,4257,56.89582454660481,2371,49.90668605765758,42.91754756871036,1173
Pitcher,Anthony Watts,sa3044875,825101,2026,A,A,3,1,A,22.333333333333332,22.0,True,False,0.029641318136166793,0.17066372561211138,42.91754756871036,4257,56.89582454660481,2371,49.90668605765758,42.91754756871036,1173
Pitcher,Gage Wood,sa3045536,805906,2026,A,A,3,1,A,26.333333333333332,21.999999999999996,True,False,0.029641318136166817,0.17066372561211157,42.91754756871036,4257,56.89582454660481,2371,49.90668605765758,42.91754756871036,1173
Pitcher,Xavier Kolhosser,sa3035617,828492,2026,A,A,3,1,A,20.0,22.0,True,False,0.029641318136166793,0.17066372561211138,42.91754756871036,4257,56.89582454660481,2371,49.90668605765758,42.91754756871036,1173
Pitcher,Matthew DesMarets,sa3076210,835867,2026,A,A,3,1,A,20.333333333333332,22.0,True,False,0.029641318136166793,0.17066372561211135,42.91754756871036,4257,56.89582454660481,2371,49.90668605765758,42.91754756871036,1173
Pitcher,Ryan Schiefer,sa3041702,700987,2026,A,A,3,1,A,53.0,22.0,True,True,0.028481310021053058,0.17939636824474328,45.52501761804088,4257,54.2387178405736,2371,49.88186772930724,45.52501761804088,1179
Pitcher,Jhoster Baez,sa3024611,823891,2026,Complex,Complex,2,2,International Rookie | Complex,33.0,21.0,True,True,0.011651471143311956,0.10150021888223112,40.22309711286089,1524,59.46462715105162,1046,49.84386213195626,40.22309711286089,1180
Pitcher,Aidan Deakins,sa3067473,827604,2026,A,A,3,2,Complex | A,75.66666666666667,22.0,True,True,0.023316443408238314,0.2332260328616251,59.830866807610995,4257,39.730071699704766,2371,49.780469253657884,39.730071699704766,1181
Pitcher,Austin Cates,sa3028648,827110,2026,AA,AA,5,3,A | A+ | AA,95.66666666666667,23.0,True,True,0.04261516994963628,0.5479464336679619,59.94236311239193,3470,39.4990366088632,1557,49.72069986062756,39.4990366088632,1182
Pitcher,Aidan Foeller,sa3025616,826538,2026,AA,AA,5,3,A | A+ | AA,28.666666666666668,24.0,True,False,0.04490606807627616,0.4942408693070583,54.4956772334294,3470,44.89402697495183,1557,49.694852104190616,44.89402697495183,1183
Pitcher,Luke Hoskins,sa3069201,830141,2026,A,A,3,1,A,40.333333333333336,23.0,True,True,0.029563070103664907,0.1698822726859056,42.5886774723984,4257,56.76929565584142,2371,49.67898656411991,42.5886774723984,1184
Pitcher,Garrett Langrell,sa3035946,836072,2026,A,A,3,1,A,37.0,25.0,True,True,0.02753169520600479,0.18638977937946657,47.592201080573176,4257,51.70814002530578,2371,49.65017055293948,47.592201080573176,1185
Pitcher,Jean Ballesteros,sa3076962,836861,2026,International Rookie,International Rookie,1,1,International Rookie,30.0,18.0,True,True,0.006142373207763816,0.08610260798495958,70.89009990917347,2202,28.380102040816325,1568,49.6351009749949,28.380102040816325,1186
Pitcher,Bradley Brehmer,sa3020828,682017,2026,AA,A+,5,3,A | A+ | AA,30.666666666666668,24.0,True,True,0.0405613968428631,0.5880759046944395,64.95677233429394,3470,34.296724470134876,1557,49.62674840221441,34.296724470134876,1187
Pitcher,Mauricio Estrella,sa3018857,800442,2026,A,A,3,3,International Rookie | Complex | A,45.666666666666664,22.0,True,True,0.018854594762267595,0.2952338657487965,72.04604181348367,4257,27.16153521720793,2371,49.6037885153458,27.16153521720793,1188
Pitcher,Alton Davis II,sa3029880,702671,2026,A,A,3,1,A,76.0,22.0,True,True,0.027396230779353183,0.18748145313955006,47.87408973455485,4257,51.159848165331084,2371,49.516968949942964,47.87408973455485,1189
Pitcher,Marcos Veras,sa3077000,837860,2026,International Rookie,International Rookie,1,1,International Rookie,34.0,17.0,True,True,0.0060960462716033266,0.09290779425121946,74.65940054495913,2202,24.2984693877551,1568,49.478934966357116,24.2984693877551,1190
Pitcher,Justin Militello,sa3023568,805505,2026,A,A,3,2,Complex | A,39.0,22.0,True,True,0.025204501519925617,0.20581905502605752,53.60582569884895,4257,45.21299029945171,2371,49.40940799915033,45.21299029945171,1191
Pitcher,Jonathan Cannon,31730,686563,2026,AAA,AAA,6,3,A+ | AA | AAA,117.33333333333333,25.0,True,True,0.07940668688983353,0.7807431904518375,51.85818026484409,2341,46.80603948896632,861,49.33210987690521,46.80603948896632,1192
Pitcher,Johan Moreno,sa3020999,808052,2026,AA,AA,5,3,International Rookie | A | AA,45.333333333333336,23.0,True,True,0.04114003437054751,0.5741368276728254,63.054755043227665,3470,35.58124598587026,1557,49.31800051454896,35.58124598587026,1193
Pitcher,Owen Kellington,sa3018801,701685,2026,A+,A+,4,2,A | A+,27.0,23.0,True,False,0.03177096768956901,0.23165603849326458,46.27766599597585,3976,52.34146341463415,2050,49.309564705305,46.27766599597585,1194
Pitcher,Cesar Espinal,sa3019192,805238,2026,Complex,Complex,2,2,International Rookie | Complex,21.333333333333332,20.0,True,False,0.00631619049724912,0.16824969234473294,68.1758530183727,1524,30.40152963671128,1046,49.288691327542,30.40152963671128,1195
Pitcher,Evan Reifert,sa3014860,682126,2026,AAA,AAA,6,3,A+ | AA | AAA,55.333333333333336,27.0,True,True,0.07233503084225702,0.8338091461720264,59.419051687313114,2341,39.14053426248548,861,49.279792974899294,39.14053426248548,1196
Pitcher,Jordin Jhonni,sa3024534,816402,2026,International Rookie,International Rookie,1,1,International Rookie,37.0,21.0,True,True,0.006699480841661614,0.023608482677052865,11.489554950045413,2202,86.98979591836735,1568,49.23967543420638,11.489554950045413,1197
Pitcher,Lender Bracho,sa3023866,823894,2026,International Rookie,International Rookie,1,1,International Rookie,34.333333333333336,21.0,True,True,0.006656059544098348,0.026007395677220473,13.71480472297911,2202,84.75765306122449,1568,49.2362288921018,13.71480472297911,1198
Pitcher,Landen Maroudis,sa3023351,805793,2026,A+,A+,4,2,A | A+,96.66666666666667,21.0,True,True,0.028925436308964825,0.2679645204304351,53.34507042253521,3976,45.1219512195122,2050,49.2335108210237,45.1219512195122,1199
Pitcher,Daniel Keaney,sa3023598,806640,2026,Complex,Complex,2,1,Complex,24.333333333333332,21.0,True,False,0.008222658805050903,0.14376260662600374,59.44881889763779,1524,39.005736137667306,1046,49.22727751765255,39.005736137667306,1200
Pitcher,Maicol Reyes,sa3067441,829410,2026,Complex,Complex,2,1,Complex,23.0,21.0,True,False,0.008222658805050903,0.1437626066260038,59.44881889763779,1524,39.005736137667306,1046,49.22727751765255,39.005736137667306,1200
Pitcher,Braden Osbolt,sa3039231,823776,2026,Complex,Complex,2,1,Complex,26.666666666666668,21.0,True,False,0.008222658805050903,0.14376260662600374,59.44881889763779,1524,39.005736137667306,1046,49.22727751765255,39.005736137667306,1200
Pitcher,Modesto Vargas,sa3024243,821048,2026,Complex,Complex,2,1,Complex,20.333333333333332,21.0,True,False,0.008222658805050903,0.14376260662600374,59.44881889763779,1524,39.005736137667306,1046,49.22727751765255,39.005736137667306,1200
Pitcher,Gregori Ramirez,sa3020412,806646,2026,Complex,Complex,2,1,Complex,27.666666666666668,21.0,True,False,0.008222658805050903,0.14376260662600374,59.44881889763779,1524,39.005736137667306,1046,49.22727751765255,39.005736137667306,1200
Pitcher,Yovanny Cruz,22622,672442,2026,AAA,AAA,6,4,International Rookie | Complex | AA | AAA,35.666666666666664,26.0,True,True,0.07167381351558008,0.8376587327337442,59.97436992738146,2341,38.443670150987224,861,49.20902003918434,38.443670150987224,1205
Pitcher,Brian Walters,sa3044742,805758,2026,A,A,3,1,A,52.0,23.0,True,True,0.03036164607468031,0.1625919298977655,39.74630021141649,4257,58.66722901729228,2371,49.206764614354384,39.74630021141649,1206
Pitcher,Manuel Mercedes,sa3015214,692352,2026,AA,AA,5,4,Complex | A | A+ | AA,47.333333333333336,23.0,True,True,0.05259852856929111,0.34800215309211197,38.069164265129686,3470,60.308285163776496,1557,49.18872471445309,38.069164265129686,1207
Pitcher,Luis Peralta,24203,678821,2026,AAA,AAA,6,5,International Rookie | Complex | A | A+ | AAA,33.666666666666664,25.0,True,True,0.07380863358182002,0.8253070265126553,57.795813754805636,2341,40.534262485481996,861,49.16503812014382,40.534262485481996,1208
Pitcher,Shea Sprague,sa3042868,801873,2026,A+,A+,4,2,A | A+,56.666666666666664,23.0,True,True,0.0302163374826906,0.2520468542694722,50.22635814889336,3976,48.09756097560975,2050,49.16195956225155,48.09756097560975,1209
Pitcher,Jhordari Jimenez,sa3068700,829799,2026,International Rookie,International Rookie,1,1,International Rookie,35.0,18.0,True,True,0.006213471643390371,0.07195177364082954,61.444141689373296,2202,36.86224489795919,1568,49.15319329366624,36.86224489795919,1210
Pitcher,D.J. McCarty,sa3015222,695769,2026,A+,A+,4,3,Complex | A | A+,64.33333333333333,23.0,True,True,0.02557792418358759,0.3272495454498084,63.15392354124749,3976,35.1219512195122,2050,49.13793738037984,35.1219512195122,1211
Pitcher,Jose Cedeno,sa3077293,839505,2026,International Rookie,International Rookie,1,1,International Rookie,33.333333333333336,17.0,True,True,0.006215395797414016,0.07152752367779294,61.03542234332425,2202,37.18112244897959,1568,49.10827239615192,37.18112244897959,1212
Pitcher,Will McCausland,sa3037464,823790,2026,A+,A+,4,2,A | A+,53.333333333333336,22.000000000000004,True,True,0.02684332093779767,0.2996478401183267,58.80281690140845,3976,39.36585365853659,2050,49.08433527997252,39.36585365853659,1213
Pitcher,Eric Cerantola,30128,672021,2026,AAA,AAA,6,4,A | A+ | AA | AAA,48.0,26.0,True,True,0.07166543375154186,0.8364596874505437,59.71806920119607,2341,38.443670150987224,861,49.08086967609165,38.443670150987224,1214
Pitcher,Alejandro Hidalgo,sa3015151,691576,2026,AAA,AAA,6,5,Complex | A | A+ | AA | AAA,42.333333333333336,23.0,True,True,0.08992394371898642,0.6643072860233087,38.27424177701837,2341,59.81416957026713,861,49.04420567364275,38.27424177701837,1215
Pitcher,Leandro Rodriguez,sa3067623,832318,2026,Complex,Complex,2,2,International Rookie | Complex,47.333333333333336,20.0,True,True,0.007671943400436015,0.14835099191957077,61.351706036745405,1524,36.7112810707457,1046,49.03149355374555,36.7112810707457,1216
Pitcher,Sam Carlson,sa3005015,672277,2026,AAA,AAA,6,4,A | A+ | AA | AAA,36.333333333333336,27.0,True,True,0.0724167946210118,0.8307766714769417,58.906450234942334,2341,39.14053426248548,861,49.02349224871391,39.14053426248548,1217
Pitcher,Brandon Cain,sa3058793,827610,2026,A,A,3,1,A,39.0,21.0,True,True,0.027408305064224325,0.18402476759999153,46.8404980032887,4257,51.20202446225221,2371,49.021261232770456,46.8404980032887,1218
Pitcher,Manuel Perez,sa3019373,800207,2026,Complex,Complex,2,2,International Rookie | Complex,22.333333333333332,20.0,True,False,0.006305307832614599,0.16634456468016826,67.6509186351706,1524,30.305927342256215,1046,48.978422988713405,30.305927342256215,1219
Pitcher,Teddy McGraw,sa3025220,803141,2026,AA,AA,5,1,AA,29.666666666666668,24.0,True,False,0.0463662295277262,0.44793575498496135,49.596541786743515,3470,48.29800899165061,1557,48.94727538919706,48.29800899165061,1220
Pitcher,Colby Martin,sa3025304,814508,2026,AA,AA,5,2,A | AA,45.333333333333336,25.000000000000004,True,True,0.04732695284350292,0.4258108239009671,47.20461095100865,3470,50.67437379576108,1557,48.939492373384866,47.20461095100865,1221
Pitcher,Jan Cabrera,sa3068371,831050,2026,Complex,Complex,2,2,International Rookie | Complex,42.666666666666664,21.0,True,True,0.01006099415855056,0.12170072416308778,49.67191601049869,1524,48.18355640535373,1046,48.92773620792621,48.18355640535373,1222
Pitcher,Joe Vogatsky,sa3044544,815143,2026,A+,A+,4,2,A | A+,33.333333333333336,24.0,True,True,0.027787874262553428,0.28532994414251406,56.287726358148895,3976,41.5609756097561,2050,48.92435098395249,41.5609756097561,1223
Pitcher,Jimmy Romano,sa3025543,695740,2026,A+,A+,4,1,A+,45.666666666666664,23.0,True,True,0.028588379457592912,0.2699199772642066,53.64688128772636,3976,44.09756097560975,2050,48.872221131668056,44.09756097560975,1224
Pitcher,Victor De Leon,sa3076468,837834,2026,International Rookie,International Rookie,1,1,International Rookie,33.333333333333336,18.0,True,True,0.006216502203883194,0.07076884949364001,60.490463215258856,2202,37.244897959183675,1568,48.867680587221265,37.244897959183675,1225
Pitcher,Victor Vizcaya,sa3077500,837044,2026,International Rookie,International Rookie,1,1,International Rookie,34.0,19.0,True,True,0.00628238651894099,0.060748104649114044,51.58946412352407,2202,45.982142857142854,1568,48.785803490333464,45.982142857142854,1226
Pitcher,Carlos Martorella,sa3024552,821047,2026,Complex,Complex,2,2,International Rookie | Complex,36.333333333333336,19.0,True,True,0.008724474281748565,0.13437029336385056,56.2992125984252,1524,41.20458891013384,1046,48.75190075427952,41.20458891013384,1227
Pitcher,Trey Pooser,sa3040077,823129,2026,A,A,3,1,A,32.0,24.0,True,True,0.025772297333717085,0.19674434337895202,50.62250411087621,4257,46.857865879375794,2371,48.740184995126,46.857865879375794,1228
Pitcher,Jamie Hitt,sa3033882,699546,2026,A+,A+,4,1,A+,57.666666666666664,23.0,True,True,0.02944030824760717,0.2559820818114288,51.08148893360161,3976,46.390243902439025,2050,48.73586641802032,46.390243902439025,1229
Pitcher,Andrew Bolivar,sa3024521,810977,2026,Complex,Complex,2,2,International Rookie | Complex,28.333333333333332,20.0,True,False,0.006320633817700882,0.16422867774366834,66.99475065616798,1524,30.40152963671128,1046,48.69814014643963,30.40152963671128,1230
Pitcher,Aidan Curry,sa3015334,695778,2026,AA,AA,5,4,Complex | A | A+ | AA,67.0,23.0,True,True,0.036934849325165525,0.6318506118763811,69.97118155619597,3470,27.29608220937701,1557,48.63363188278649,27.29608220937701,1231
Pitcher,Bjay Cooke,sa3019807,805737,2026,A,A,3,1,A,43.333333333333336,23.0,True,True,0.02653888403371237,0.1895108646460841,48.41437632135307,4257,48.840151834668916,2371,48.627264078010995,48.41437632135307,1232
Pitcher,Caleb Bolden,sa3020463,676700,2026,AA,AA,5,2,A | AA,73.66666666666667,27.0,True,True,0.04711856356214941,0.42303665442470595,46.74351585014409,3470,50.417469492614,1557,48.58049267137905,46.74351585014409,1233
Pitcher,Chad Dallas,30158,689149,2026,AAA,AAA,6,3,A+ | AA | AAA,68.0,26.0,True,True,0.06983854476924171,0.8410332058470857,60.95685604442546,2341,36.00464576074332,861,48.48075090258439,36.00464576074332,1234
Pitcher,Enniel Cortez,sa3021525,808308,2026,A,A,3,3,International Rookie | Complex | A,37.333333333333336,20.0,True,True,0.026844155545139022,0.18536213057303164,47.23984026309608,4257,49.55714888232813,2371,48.3984945727121,47.23984026309608,1235
Pitcher,Wilner Berroteran,sa3068617,829848,2026,International Rookie,International Rookie,1,1,International Rookie,58.0,18.0,True,True,0.005995995126591759,0.10960726031934097,81.5622161671208,2202,15.178571428571429,1568,48.37039379784611,15.178571428571429,1236
Pitcher,Yunior Villavicencio,sa3077492,825148,2026,International Rookie,International Rookie,1,1,International Rookie,31.0,18.0,True,True,0.005983805246920991,0.11129051772437616,82.28882833787466,2202,14.41326530612245,1568,48.35104682199856,14.41326530612245,1237
Pitcher,Luke Sinnard,sa3042362,820827,2026,A+,A+,4,2,A | A+,29.666666666666668,23.0,True,False,0.03142492892320161,0.22916862054583648,45.47283702213279,3976,51.21951219512195,2050,48.34617460862737,45.47283702213279,1238
Pitcher,Edwin Nunez,sa3014813,695835,2026,AA,AA,5,4,Complex | A | A+ | AA,23.0,24.0,True,False,0.04385475728987742,0.49350812487358553,54.40922190201729,3470,42.26075786769428,1557,48.33498988485579,42.26075786769428,1239
Pitcher,Ty Langenberg,sa3023101,807716,2026,AAA,AAA,6,4,A | A+ | AA | AAA,37.333333333333336,24.0,True,True,0.07572872158944492,0.8006812765247637,54.07945322511747,2341,42.508710801393725,861,48.2940820132556,42.508710801393725,1240
Pitcher,Jose Acuna,sa3015331,691641,2026,AA,AA,5,4,Complex | A | A+ | AA,84.0,23.0,True,True,0.041213308666564724,0.5546741167229298,60.720461095100866,3470,35.77392421323057,1557,48.247192654165715,35.77392421323057,1241
Pitcher,Ricardo Heredia,sa3068855,832316,2026,International Rookie,International Rookie,1,1,International Rookie,30.333333333333332,20.0,True,True,0.006725607942291905,0.020946931313749965,8.85558583106267,2202,87.62755102040816,1568,48.241568425735416,8.85558583106267,1242
Pitcher,Christian Foutch,sa3031591,702257,2026,A,A,3,1,A,70.0,22.0,True,True,0.028729751967326276,0.16718762561041067,41.531595019967114,4257,54.913538591311685,2371,48.2225668056394,41.531595019967114,1243
Pitcher,Darwin Rodriguez,sa3021497,807841,2026,A,A,3,3,International Rookie | Complex | A,115.0,22.0,True,True,0.021557254510795168,0.2426656337082322,61.99201315480385,4257,34.37368199072122,2371,48.18284757276253,34.37368199072122,1244
Pitcher,Derlin Garcia,sa3068831,835501,2026,International Rookie,International Rookie,1,1,International Rookie,56.666666666666664,18.999999999999996,True,True,0.006172133330819134,0.07671988802797691,64.66848319709355,2202,31.696428571428573,1568,48.18245588426106,31.696428571428573,1245
Pitcher,Jhonan Coba,sa3025048,826173,2026,Complex,Complex,2,2,International Rookie | Complex,39.333333333333336,19.0,True,True,0.005336815026395493,0.1780163371162184,71.58792650918635,1524,24.665391969407267,1046,48.12665923929681,24.665391969407267,1246
Pitcher,Darlin Pinales,sa3016211,692329,2026,A+,A+,4,4,International Rookie | Complex | A | A+,39.0,23.0,True,True,0.024691365710162724,0.3296708229919144,63.70724346076459,3976,32.53658536585366,2050,48.12191441330913,32.53658536585366,1247
Pitcher,Bryce Jenkins,sa3023211,808743,2026,A+,A+,4,1,A+,40.666666666666664,25.0,True,True,0.029082266199232664,0.2539327470394037,50.80482897384306,3976,45.41463414634146,2050,48.10973156009226,45.41463414634146,1248
Pitcher,Yusef Hanania,sa3068848,835486,2026,International Rookie,International Rookie,1,1,International Rookie,30.333333333333332,20.0,True,True,0.005815828054921575,0.14029665653065368,90.14532243415077,2202,5.994897959183674,1568,48.07011019666722,5.994897959183674,1249
Pitcher,Yohanfer Santana,sa3022143,808690,2026,Complex,Complex,2,2,International Rookie | Complex,29.666666666666668,20.0,True,False,0.006308693584086363,0.1604547035434442,65.74803149606299,1524,30.305927342256215,1046,48.0269794191596,30.305927342256215,1250
Pitcher,Marwys Cabrera,sa3021992,807009,2026,Complex,Complex,2,2,International Rookie | Complex,29.666666666666668,20.0,True,False,0.00631028742819345,0.160570633330963,65.74803149606299,1524,30.305927342256215,1046,48.0269794191596,30.305927342256215,1250
Pitcher,Kevin Martinez,sa3068133,830427,2026,International Rookie,International Rookie,1,1,International Rookie,39.666666666666664,18.0,True,True,0.006095732672652002,0.08781378323898535,71.75295186194369,2202,24.23469387755102,1568,47.993822869747355,24.23469387755102,1252
Pitcher,Felipe De La Cruz,sa3016065,700370,2026,AAA,AA,6,6,International Rookie | Complex | A | A+ | AA | AAA,24.666666666666668,24.0,True,False,0.05794125017406835,0.9044638115388219,73.21657411362665,2341,22.764227642276424,861,47.99040087795154,22.764227642276424,1253
Pitcher,Alison Zacarias,sa3022388,808026,2026,Complex,Complex,2,2,International Rookie | Complex,25.0,20.0,True,False,0.006319440657171932,0.15903745537380062,65.55118110236221,1524,30.40152963671128,1046,47.97635536953675,30.40152963671128,1254
Pitcher,Hayden Mullins,sa3023218,683093,2026,AA,AA,5,2,A+ | AA,92.66666666666667,25.000000000000004,True,True,0.042063788913125115,0.5300301888204157,58.069164265129686,3470,37.76493256262042,1557,47.91704841387505,37.76493256262042,1255
Pitcher,Francisco Frias,sa3022278,814374,2026,A+,A+,4,3,Complex | A | A+,43.0,21.0,True,True,0.02497353780671839,0.32245601522889644,62.44969818913481,3976,33.36585365853659,2050,47.9077759238357,33.36585365853659,1256
Pitcher,Johander Rivero,sa3068126,830035,2026,International Rookie,International Rookie,1,1,International Rookie,31.0,18.0,True,True,0.005661498971613279,0.15532868980011028,92.55222524977293,2202,3.252551020408163,1568,47.90238813509055,3.252551020408163,1257
Pitcher,Kelena Sauer,sa3022665,694989,2026,AA,AA,5,1,AA,39.666666666666664,23.0,True,True,0.04307344618132232,0.5004089621571678,54.985590778097986,3470,40.719332048811815,1557,47.852461413454904,40.719332048811815,1258
Pitcher,Luis Martinez,sa3077001,837863,2026,International Rookie,International Rookie,1,1,International Rookie,36.666666666666664,19.0,True,True,0.006281274789164402,0.058689793010205146,49.90917347865577,2202,45.79081632653061,1568,47.84999490259319,45.79081632653061,1259
Pitcher,Evan Yates,sa3025545,696524,2026,AA,AA,5,3,A | A+ | AA,91.66666666666667,23.0,True,True,0.04465384854504805,0.47045955269511824,51.585014409221905,3470,43.99486191393706,1557,47.789938161579485,43.99486191393706,1260
Pitcher,Domingo Gonzalez,25241,682445,2026,AAA,AAA,6,6,International Rookie | Complex | A | A+ | AA | AAA,56.666666666666664,26.0,True,True,0.07319541902096025,0.8097379673952753,55.48910721913712,2341,39.95354239256678,861,47.72132480585195,39.95354239256678,1261
Pitcher,Austin Cates,sa3028648,827110,2026,A+,A+,4,2,A | A+,24.0,23.0,True,False,0.030372856181285907,0.23479609889020017,46.856136820925556,3976,48.53658536585366,2050,47.69636109338961,46.856136820925556,1262
Pitcher,Connor McCullough,sa3020603,681410,2026,AA,AA,5,3,A | A+ | AA,103.0,26.0,True,True,0.04666039509741023,0.4195648302798112,46.31123919308357,3470,49.06872190109184,1557,47.68998054708771,46.31123919308357,1263
Pitcher,Tanner Kohlhepp,sa3022238,681289,2026,AA,AA,5,3,A | A+ | AA,61.0,27.0,True,True,0.04348979929272312,0.48914503429266387,53.68876080691643,3470,41.68272318561336,1557,47.685741996264895,41.68272318561336,1264
Pitcher,Victor De La Cruz,sa3077210,837942,2026,International Rookie,International Rookie,1,1,International Rookie,37.333333333333336,18.0,True,True,0.00609394080682336,0.08694283379157987,71.29881925522253,2202,24.043367346938776,1568,47.67109330108065,24.043367346938776,1265
Pitcher,Frankie Scalzo Jr.,sa3017724,700794,2026,AAA,AA,6,4,A | A+ | AA | AAA,28.666666666666668,24.0,True,False,0.0744915800095563,0.8008828856471071,54.164886800512605,2341,41.11498257839721,861,47.639934689454904,41.11498257839721,1266
Pitcher,Martires Polanco,sa3077201,824870,2026,International Rookie,International Rookie,1,1,International Rookie,37.333333333333336,19.0,True,True,0.005776749940340661,0.13900547070843688,89.9636693914623,2202,5.293367346938775,1568,47.62851836920054,5.293367346938775,1267
Pitcher,Edinzo Marquez,sa3019300,805128,2026,A,A,3,3,International Rookie | Complex | A,27.333333333333332,21.0,True,False,0.02175155773196413,0.23620609511675386,60.41813483673949,4257,34.83762125685365,2371,47.62787804679657,34.83762125685365,1268
Pitcher,Blake Burkhalter,31809,686628,2026,AAA,AAA,6,3,A+ | AA | AAA,27.0,25.0,True,False,0.06965429237157414,0.8321907324093453,59.29090132422042,2341,35.88850174216028,861,47.58970153319035,35.88850174216028,1269
Pitcher,Jacob Bimbi,sa3025547,805266,2026,A+,A+,4,1,A+,73.66666666666667,24.0,True,True,0.03316089412596696,0.2026700880440145,39.7887323943662,3976,55.36585365853659,2050,47.57729302645139,39.7887323943662,1270
Pitcher,Sam Tookoian,sa3043930,702494,2026,A+,A+,4,1,A+,43.666666666666664,23.0,True,True,0.03147539955438791,0.22124154974605362,43.7625754527163,3976,51.36585365853659,2050,47.56421455562644,43.7625754527163,1271
Pitcher,Kyle Larsen,sa3021983,701686,2026,A+,A+,4,2,A | A+,50.0,23.0,True,True,0.02889536573428983,0.2509981969982359,50.0251509054326,3976,45.073170731707314,2050,47.54916081856996,45.073170731707314,1272
Pitcher,Hayden Merda,sa3020826,675296,2026,AA,AA,5,3,A | A+ | AA,41.666666666666664,26.0,True,True,0.04150523249957564,0.532938207452147,58.38616714697406,3470,36.60886319845857,1557,47.49751517271632,36.60886319845857,1273
Pitcher,Alex Bouchard,sa3027439,827635,2026,A+,A+,4,1,A+,65.0,22.0,True,True,0.02834760502805892,0.25746466311168026,51.43360160965795,3976,43.5609756097561,2050,47.49728860970703,43.5609756097561,1274
Pitcher,Jackson Holmes,sa3076257,801920,2026,A,A,3,1,A,47.666666666666664,23.0,True,True,0.02611340631125689,0.1848210970162922,47.02842377260982,4257,47.74356811471953,2371,47.385995943664675,47.02842377260982,1275
Pitcher,Grayson Grinsell,sa3032742,804852,2026,A,A,3,1,A,74.0,22.0,True,True,0.025142635705749043,0.19406253130865483,49.75334742776603,4257,45.00210881484605,2371,47.37772812130604,45.00210881484605,1276
Pitcher,Garrett Hodges,sa3067071,823748,2026,A+,A+,4,2,A | A+,29.333333333333332,23.0,True,False,0.03147523051685451,0.21952889032209796,43.385311871227366,3976,51.36585365853659,2050,47.375582764881976,43.385311871227366,1277
Pitcher,Moises Rodriguez,sa3017389,685481,2026,AA,AA,5,5,International Rookie | Complex | A | A+ | AA,41.666666666666664,24.0,True,True,0.039656821749314994,0.57047170245126,62.65129682997118,3470,32.048811817597944,1557,47.35005432378456,32.048811817597944,1278
Pitcher,Luke Young,sa3020819,805272,2026,AA,AA,5,3,A | A+ | AA,34.333333333333336,24.0,True,True,0.03779783931723264,0.5926912758279732,65.76368876080691,3470,28.90173410404624,1557,47.33271143242658,28.90173410404624,1279
Pitcher,Ramiro Villanueva,sa3024602,823821,2026,A,A,3,1,A,52.0,20.0,True,True,0.023389506519247757,0.20971406547952026,54.70988959361053,4257,39.940953184310416,2371,47.32542138896047,39.940953184310416,1280
Pitcher,Efrailin Ramos,sa3023691,820889,2026,Complex,Complex,2,2,International Rookie | Complex,23.666666666666668,20.0,True,False,0.0063255256726817465,0.15521914059838546,64.23884514435696,1524,30.40152963671128,1046,47.320187390534116,30.40152963671128,1281
Pitcher,Bryce Archie,sa3026155,804643,2026,A,A,3,1,A,46.333333333333336,22.0,True,True,0.025827924438097397,0.18633817889132026,47.592201080573176,4257,47.02657106706031,2371,47.30938607381674,47.02657106706031,1282
Pitcher,Daiverson Blanco,sa3077513,837735,2026,International Rookie,International Rookie,1,1,International Rookie,24.666666666666668,16.0,True,False,0.005464377749923917,0.16090085040999383,93.36966394187102,2202,1.211734693877551,1568,47.290699317874285,1.211734693877551,1283
Pitcher,Adrian Martinez,sa3077383,837701,2026,International Rookie,International Rookie,1,1,International Rookie,29.666666666666668,16.0,True,False,0.005464377749923917,0.16090085040999383,93.36966394187102,2202,1.211734693877551,1568,47.290699317874285,1.211734693877551,1283
Pitcher,Rafeli Moronta,sa3076463,837700,2026,International Rookie,International Rookie,1,1,International Rookie,25.666666666666668,16.0,True,False,0.005464377749923917,0.16090085040999383,93.36966394187102,2202,1.211734693877551,1568,47.290699317874285,1.211734693877551,1283
Pitcher,Francisco Mercedes,sa3077406,838747,2026,International Rookie,International Rookie,1,1,International Rookie,23.0,16.0,True,False,0.005464377749923917,0.16090085040999383,93.36966394187102,2202,1.211734693877551,1568,47.290699317874285,1.211734693877551,1283
Pitcher,Ismael Contreras,sa3075081,837772,2026,International Rookie,International Rookie,1,1,International Rookie,24.333333333333332,16.0,True,False,0.005464377749923917,0.16090085040999388,93.36966394187102,2202,1.211734693877551,1568,47.290699317874285,1.211734693877551,1283
Pitcher,Jordy Brache,sa3077003,837883,2026,International Rookie,International Rookie,1,1,International Rookie,23.666666666666668,16.0,True,False,0.005464377749923917,0.16090085040999383,93.36966394187102,2202,1.211734693877551,1568,47.290699317874285,1.211734693877551,1283
Pitcher,Yordany Marte,sa3076477,838016,2026,International Rookie,International Rookie,1,1,International Rookie,29.0,16.0,True,False,0.005464377749923917,0.16090085040999388,93.36966394187102,2202,1.211734693877551,1568,47.290699317874285,1.211734693877551,1283
Pitcher,Evan Da Souza,sa3077400,838008,2026,International Rookie,International Rookie,1,1,International Rookie,21.333333333333332,16.0,True,False,0.005464377749923917,0.16090085040999383,93.36966394187102,2202,1.211734693877551,1568,47.290699317874285,1.211734693877551,1283
Pitcher,Enmanuel Rodriguez,sa3077526,838010,2026,International Rookie,International Rookie,1,1,International Rookie,20.0,16.0,True,False,0.005464377749923917,0.16090085040999383,93.36966394187102,2202,1.211734693877551,1568,47.290699317874285,1.211734693877551,1283
Pitcher,Yoel Zambrano,sa3076478,838164,2026,International Rookie,International Rookie,1,1,International Rookie,28.0,16.0,True,False,0.005464377749923917,0.16090085040999383,93.36966394187102,2202,1.211734693877551,1568,47.290699317874285,1.211734693877551,1283
Pitcher,Tyler Bowen,sa3069388,834579,2026,A,A,3,1,A,39.666666666666664,23.0,True,True,0.03291573468560663,0.13610041886626914,30.74935400516796,4257,63.812737241670185,2371,47.281045623419075,30.74935400516796,1293
Pitcher,Jonathan Jimenez,sa3022343,815183,2026,A,A,3,3,International Rookie | Complex | A,39.333333333333336,22.0,True,True,0.025299209525852503,0.19153017686389548,49.00164435048156,4257,45.42387178405736,2371,47.21275806726946,45.42387178405736,1294
Pitcher,Albert Ramos,sa3024581,821675,2026,International Rookie,International Rookie,1,1,International Rookie,34.0,20.0,True,True,0.006406409396556091,0.04243751810892763,32.47048138056312,2202,61.798469387755105,1568,47.13447538415912,32.47048138056312,1295
Pitcher,Isaac Gallegos,sa3023183,814541,2026,A+,A+,4,1,A+,24.666666666666668,23.0,True,False,0.030424261065568923,0.2292784116582481,45.49798792756539,3976,48.68292682926829,2050,47.09045737841684,45.49798792756539,1296
Pitcher,Tanner Witt,sa3025651,691027,2026,A+,A+,4,1,A+,29.666666666666668,23.0,True,False,0.030424261065568923,0.2292784116582481,45.49798792756539,3976,48.68292682926829,2050,47.09045737841684,45.49798792756539,1296
Pitcher,Pico Kohn,sa3035607,695560,2026,A+,A+,4,1,A+,22.666666666666668,23.0,True,False,0.030424261065568923,0.2292784116582481,45.49798792756539,3976,48.68292682926829,2050,47.09045737841684,45.49798792756539,1296
Pitcher,Alexis Liebano,sa3019885,806536,2026,A+,A,4,3,Complex | A | A+,20.666666666666668,22.0,True,False,0.02374235854103113,0.33362330040159943,64.15995975855131,3976,29.853658536585368,2050,47.00680914756834,29.853658536585368,1299
Pitcher,Sabier Marte,sa3019431,800239,2026,Complex,Complex,2,2,International Rookie | Complex,34.333333333333336,22.0,True,True,0.008519920801517283,0.12892553395623557,53.41207349081365,1524,40.53537284894838,1046,46.97372316988101,40.53537284894838,1300
Pitcher,Xavier Kolhosser,sa3035617,828492,2026,A+,A+,4,2,A | A+,30.666666666666668,22.0,True,True,0.026101735911772738,0.2925125539270538,57.52012072434608,3976,36.390243902439025,2050,46.955182313392555,36.390243902439025,1301
Pitcher,Junior Ciprian,sa3023107,815795,2026,A+,A+,4,4,International Rookie | Complex | A | A+,32.666666666666664,21.0,True,True,0.019210494555909532,0.4235932265087692,76.58450704225352,3976,17.26829268292683,2050,46.92639986259017,17.26829268292683,1302
Pitcher,Handrychson Colina,sa3068927,835192,2026,International Rookie,International Rookie,1,1,International Rookie,31.0,19.0,True,True,0.006564206468949114,0.027665096588613776,15.576748410535876,2202,78.18877551020408,1568,46.882761960369976,15.576748410535876,1303
Pitcher,Jared Simpson,33458,688692,2026,AA,AA,5,2,A+ | AA,39.666666666666664,26.0,True,True,0.054669021535010215,0.27933244969075605,29.45244956772334,3470,64.16184971098266,1557,46.807149639353,29.45244956772334,1304
Pitcher,Parker Smith,sa3042618,809789,2026,A+,A+,4,2,A | A+,98.0,23.0,True,True,0.028234945255684683,0.252284030366669,50.37726358148893,3976,43.170731707317074,2050,46.773997644403,43.170731707317074,1305
Pitcher,Ethan Bell,sa3067260,809754,2026,A+,A+,4,2,A | A+,40.0,24.0,True,True,0.0310922520407731,0.21817496708364154,43.083501006036215,3976,50.4390243902439,2050,46.76126269814006,43.083501006036215,1306
Pitcher,Moises Meza,sa3023822,816396,2026,Complex,Complex,2,2,International Rookie | Complex,26.0,20.0,True,False,0.006307398938378984,0.15216053397524743,63.188976377952756,1524,30.305927342256215,1046,46.74745186010448,30.305927342256215,1307
Pitcher,Joshua Quezada,sa3021789,808350,2026,A,A,3,3,International Rookie | Complex | A,45.0,22.0,True,True,0.01854562605405802,0.2690975332802667,67.25393469579517,4257,26.191480388021933,2371,46.72270754190855,26.191480388021933,1308
Pitcher,Albert Perez,sa3069039,832707,2026,International Rookie,International Rookie,1,1,International Rookie,36.333333333333336,18.0,True,True,0.005975681494289835,0.10505869962336331,79.47320617620345,2202,13.966836734693878,1568,46.72002145544866,13.966836734693878,1309
Pitcher,Alex Amalfi,sa3020489,806334,2026,AA,AA,5,3,A | A+ | AA,90.0,25.0,True,True,0.045263613717000696,0.430793371511772,47.83861671469741,3470,45.600513808606294,1557,46.71956526165185,45.600513808606294,1310
Pitcher,Sean Barnett,sa3025496,826141,2026,A,A,3,1,A,36.333333333333336,23.0,True,True,0.02559294800724564,0.1849346917358539,47.05191449377496,4257,46.26739772247996,2371,46.659656108127464,46.26739772247996,1311
Pitcher,Edgar Liriano,sa3069114,836397,2026,International Rookie,International Rookie,1,1,International Rookie,35.333333333333336,19.0,True,True,0.006400270792105107,0.04214705306879456,32.19800181653043,2202,60.90561224489796,1568,46.551807030714194,32.19800181653043,1312
Pitcher,Zach Franklin,sa3022735,702103,2026,AAA,AAA,6,3,A+ | AA | AAA,57.66666666666667,26.999999999999996,True,True,0.07660956298132905,0.7596595095958808,48.95343870140965,2341,44.13472706155633,861,46.54408288148299,44.13472706155633,1313
Pitcher,Welin Aponte,sa3068816,835196,2026,International Rookie,International Rookie,1,1,International Rookie,34.333333333333336,19.0,True,True,0.006225368161076722,0.06426068906098963,54.81380563124432,2202,38.265306122448976,1568,46.53955587684665,38.265306122448976,1314
Pitcher,Andrew Baker,sa3017196,687900,2026,AAA,AAA,6,3,A+ | AA | AAA,32.333333333333336,26.0,True,True,0.0788840674471933,0.7450092022307186,46.94574967962409,2341,46.10917537746806,861,46.52746252854608,46.10917537746806,1315
Pitcher,Nick Falter,sa3076047,833413,2026,A,A,3,1,A,44.666666666666664,23.0,True,True,0.02329869678534584,0.20493080313517978,53.32393704486728,4257,39.68789540278364,2371,46.50591622382546,39.68789540278364,1316
Pitcher,Jason Gilman,sa3069398,835610,2026,A+,A+,4,2,A | A+,21.666666666666668,23.0,True,False,0.03040442208697738,0.22359660215210198,44.39134808853119,3976,48.58536585365854,2050,46.48835697109486,44.39134808853119,1317
Pitcher,Dawson Brown,sa3027812,804502,2026,AA,AA,5,2,A+ | AA,38.0,25.0,True,True,0.050416823452756956,0.33327762966959973,36.2536023054755,3470,56.64739884393064,1557,46.45050057470307,36.2536023054755,1318
Pitcher,Landon Sims,sa3021979,683085,2026,AAA,AAA,6,4,A | A+ | AA | AAA,29.666666666666668,25.0,True,False,0.0665080533617509,0.8398502216985493,60.57240495514737,2341,32.055749128919864,861,46.31407704203362,32.055749128919864,1319
Pitcher,Alex Wallace,sa3069396,834971,2026,A,A,3,1,A,97.0,22.0,True,True,0.02558978615821195,0.18210248844079896,46.253229974160206,4257,46.26739772247996,2371,46.26031384832008,46.253229974160206,1320
Pitcher,Landon Sims,sa3021979,683085,2026,AA,AA,5,3,A | A+ | AA,27.666666666666668,25.0,True,False,0.04368899463709331,0.4594664233424445,50.403458213256485,3470,42.06807964033398,1557,46.23576892679523,42.06807964033398,1321
Pitcher,Fidel Ulloa,sa3025235,801842,2026,AA,AA,5,2,A | AA,45.333333333333336,23.0,True,True,0.04432631281161054,0.44564655154947547,49.30835734870317,3470,43.15992292870906,1557,46.23414013870611,43.15992292870906,1322
Pitcher,Juanmi Vasquez,sa3020344,806666,2026,A+,A+,4,2,A | A+,54.33333333333333,22.0,True,True,0.026743740340902468,0.26981589886303725,53.64688128772636,3976,38.78048780487805,2050,46.213684546302204,38.78048780487805,1323
Pitcher,Ivran Romero,sa3066699,813676,2026,A+,A+,4,2,A | A+,77.33333333333333,24.0,True,True,0.03002066879497177,0.22545676404273357,44.743460764587525,3976,47.65853658536585,2050,46.20099867497669,44.743460764587525,1324
Pitcher,Mason Burns,sa3028089,826314,2026,AA,AA,5,3,A | A+ | AA,21.666666666666668,24.0,True,False,0.04213141079709756,0.49304064973214273,54.351585014409224,3470,38.021836865767504,1557,46.18671094008836,38.021836865767504,1325
Pitcher,Luis Carias,sa3021006,808218,2026,A,A,3,3,International Rookie | Complex | A,85.0,21.0,True,True,0.023786888042745407,0.19779203142537474,51.092318534179,4257,41.07971320118094,2371,46.08601586767997,41.07971320118094,1326
Pitcher,Luis Ghisays,sa3024474,827114,2026,Complex,Complex,2,2,International Rookie | Complex,26.0,20.0,True,False,0.006318393241481168,0.14970768728044878,61.74540682414698,1524,30.40152963671128,1046,46.07346823042913,30.40152963671128,1327
Pitcher,Jack Mahoney,sa3023157,694968,2026,AAA,AAA,6,4,A | A+ | AA | AAA,31.0,24.0,True,True,0.07265025683138833,0.7907701328903662,52.96881674498078,2341,39.14053426248548,861,46.05467550373313,39.14053426248548,1328
Pitcher,Everett Catlett,sa3028650,700481,2026,A+,A+,4,2,A | A+,123.66666666666667,23.0,True,True,0.028435435633060415,0.24385976909817336,48.39034205231388,3976,43.609756097560975,2050,46.00004907493743,43.609756097560975,1329
Pitcher,Josh Mallitz,sa3025568,695256,2026,AA,AA,5,2,A+ | AA,60.666666666666664,24.0,True,True,0.04139314309700971,0.5064359960011127,55.67723342939481,3470,36.22350674373796,1557,45.95037008656638,36.22350674373796,1330
Pitcher,Alex Makarewich,sa3023642,801317,2026,A+,A+,4,2,A | A+,38.666666666666664,24.0,True,True,0.040276767887226936,0.13165302350992458,21.6046277665996,3976,70.29268292682927,2050,45.94865534671443,21.6046277665996,1331
Pitcher,Luimy Munoz,sa3021803,808891,2026,A,A,3,3,International Rookie | Complex | A,36.333333333333336,23.0,True,True,0.019494252714214635,0.24808320169465403,62.93164200140944,4257,28.932939687895402,2371,45.93229084465242,28.932939687895402,1332
Pitcher,David Davalillo,sa3020448,699314,2026,AAA,AAA,6,4,A | A+ | AA | AAA,50.666666666666664,24.999999999999996,True,True,0.07441534632917536,0.7720762429950121,50.74754378470739,2341,41.11498257839721,861,45.931263181552296,41.11498257839721,1333
Pitcher,Sammy Peralta,25589,671111,2026,AAA,AAA,6,4,A | A+ | AA | AAA,49.66666666666667,28.0,True,True,0.06439435567029919,0.8519164290111931,62.45194361384024,2341,29.384436701509873,861,45.918190157675056,29.384436701509873,1334
Pitcher,Allan Griman,sa3067636,835013,2026,International Rookie,International Rookie,1,1,International Rookie,33.666666666666664,19.0,True,True,0.00562900249713134,0.1345502949597435,88.87375113533152,2202,2.933673469387755,1568,45.90371230235964,2.933673469387755,1335
Pitcher,Zack Mack,sa3059884,821340,2026,A,A,3,1,A,46.666666666666664,23.0,True,True,0.023056347740570426,0.20305611359435752,52.572233967582804,4257,39.2239561366512,2371,45.898095052117,39.2239561366512,1336
Pitcher,Drew Sommers,32026,805427,2026,AAA,AAA,6,4,A | A+ | AA | AAA,21.0,25.0,True,False,0.06932322882069131,0.8170009426115524,56.34344297308842,2341,35.42392566782811,861,45.883684320458265,35.42392566782811,1337
Pitcher,Connor Gehr,sa3069409,836090,2026,Complex,Complex,2,1,Complex,46.333333333333336,20.0,True,True,0.009115236998309911,0.11854989677659199,48.425196850393704,1524,43.21223709369025,1046,45.818716972041976,43.21223709369025,1338
Pitcher,Edward Cedano,sa3021792,808523,2026,Complex,Complex,2,2,International Rookie | Complex,20.333333333333332,20.0,True,False,0.006308693584086363,0.14819342257943363,61.28608923884514,1524,30.305927342256215,1046,45.79600829055068,30.305927342256215,1339
Pitcher,Camron Hill,sa3033811,701320,2026,A+,A+,4,1,A+,42.666666666666664,23.0,True,True,0.025539731493651116,0.28563419190791695,56.38832997987927,3976,34.926829268292686,2050,45.65757962408598,34.926829268292686,1340
Pitcher,Cole Reynolds,sa3067031,822636,2026,A+,A+,4,2,A | A+,77.0,24.0,True,True,0.031069479698833728,0.20623134242766394,40.66901408450704,3976,50.34146341463415,2050,45.505238749570594,40.66901408450704,1341
Pitcher,Charlie Beilenson,sa3025590,810897,2026,AA,AA,5,2,A+ | AA,40.0,26.0,True,True,0.03968712414167884,0.5395902616075738,58.81844380403458,3470,32.048811817597944,1557,45.43362781081626,32.048811817597944,1342
Pitcher,Wilian Bormie,sa3020327,693781,2026,AAA,AAA,6,5,Complex | A | A+ | AA | AAA,26.0,25.0,True,False,0.057333166331174,0.8855056982970567,68.56044425459206,2341,22.299651567944252,861,45.430047911268154,22.299651567944252,1343
Pitcher,Juan Amarante,sa3019048,702431,2026,A+,A+,4,4,International Rookie | Complex | A | A+,49.333333333333336,22.000000000000004,True,True,0.017709473596302695,0.43179004811389415,77.54024144869216,3976,13.21951219512195,2050,45.379876821907054,13.21951219512195,1344
Pitcher,Kelvin Ramirez,sa3015492,699062,2026,AA,AA,5,4,Complex | A | A+ | AA,65.0,25.0,True,True,0.04219742680922137,0.4784980571928561,52.47838616714697,3470,38.27874116891458,1557,45.37856366803078,38.27874116891458,1345
Pitcher,Evan Siary,sa3042246,804905,2026,A,A,3,1,A,109.0,22.0,True,True,0.02284911727863796,0.20152663327390555,52.05543810194973,4257,38.67566427667651,2371,45.36555118931312,38.67566427667651,1346
Pitcher,Alexander Alberto,sa3015986,693739,2026,AA,AA,5,5,International Rookie | Complex | A | A+ | AA,28.666666666666668,24.0,True,False,0.03712873527208692,0.57190839668245,62.91066282420749,3470,27.617212588310853,1557,45.26393770625917,27.617212588310853,1347
Pitcher,Dony Aguilera,sa3024470,823865,2026,Complex,Complex,2,2,International Rookie | Complex,37.0,19.0,True,True,0.00660469246431217,0.13996266472283192,58.07086614173228,1524,32.409177820267686,1046,45.240021980999984,32.409177820267686,1348
Pitcher,Merlin Bido,sa3023821,816264,2026,Complex,Complex,2,2,International Rookie | Complex,25.0,20.0,True,False,0.006349879532450324,0.14435258029684603,59.645669291338585,1524,30.78393881453155,1046,45.214804052935065,30.78393881453155,1349
Pitcher,Pete Hansen,sa3020798,677337,2026,AAA,AAA,6,4,A | A+ | AA | AAA,96.66666666666667,25.000000000000004,True,True,0.07102537532239832,0.7868031945833258,52.712516018795384,2341,37.63066202090592,861,45.17158901985066,37.63066202090592,1350
Pitcher,Jacob Hartlaub,sa3033345,826935,2026,A,A,3,1,A,38.333333333333336,23.0,True,True,0.02528109862278664,0.17743825838511892,44.84378670425182,4257,45.38169548713623,2371,45.11274109569402,44.84378670425182,1351
Pitcher,Jose Romero,sa3021791,808487,2026,A,A,3,3,International Rookie | Complex | A,106.33333333333333,21.0,True,True,0.01789833930806297,0.26263673126361403,65.7975099835565,4257,24.124841838886546,2371,44.96117591122152,24.124841838886546,1352
Pitcher,Corey Braun,sa3027612,701409,2026,A,A,3,1,A,69.0,23.0,True,True,0.02576113672766269,0.17086711222666529,42.96452901104064,4257,46.81568958245466,2371,44.89010929674765,42.96452901104064,1353
Pitcher,Trey Cooper,sa3076082,801858,2026,A+,A+,4,2,A | A+,24.666666666666668,23.0,True,False,0.02965090346334817,0.21629969643523356,42.70623742454728,3976,47.02439024390244,2050,44.865313834224864,42.70623742454728,1354
Pitcher,Brady Tygart,sa3044198,695551,2026,A+,A+,4,2,A | A+,21.666666666666668,23.0,True,False,0.02965090346334817,0.21629969643523356,42.70623742454728,3976,47.02439024390244,2050,44.865313834224864,42.70623742454728,1354
Pitcher,Alvin Veras,sa3022216,807998,2026,International Rookie,International Rookie,1,1,International Rookie,49.666666666666664,20.0,True,True,0.006403790356251353,0.039119949695584355,28.337874659400544,2202,61.35204081632653,1568,44.84495773786354,28.337874659400544,1356
Pitcher,Ryan Long,sa3017616,702465,2026,AAA,AAA,6,4,A | A+ | AA | AAA,26.333333333333332,26.0,True,False,0.0680496564440529,0.8151026927990858,56.04442545920547,2341,33.56562137049942,861,44.80502341485244,33.56562137049942,1357
Pitcher,Ryan Dromboski,sa3067032,823804,2026,A+,A+,4,2,A | A+,73.66666666666667,23.0,True,True,0.02577244600998723,0.2716947684329973,54.02414486921529,3976,35.5609756097561,2050,44.792560239485695,35.5609756097561,1358
Pitcher,Josh Stephan,sa3015286,695776,2026,AAA,AAA,6,5,Complex | A | A+ | AA | AAA,135.66666666666666,24.0,True,True,0.06446311317038673,0.8380122709517718,60.10252029047415,2341,29.384436701509873,861,44.743478495992015,29.384436701509873,1359
Pitcher,Alex Martinez,sa3015284,692624,2026,A+,A+,4,3,Complex | A | A+,32.0,23.0,True,True,0.025545806272905845,0.2740448120271901,54.45171026156942,3976,34.97560975609756,2050,44.713660008833486,34.97560975609756,1360
Pitcher,Jarold Rosado,sa3016502,695316,2026,AA,AA,5,3,Complex | A | AA,35.0,23.0,True,True,0.04494076483548783,0.40510734102536883,44.52449567723343,3470,44.89402697495183,1557,44.70926132609263,44.52449567723343,1361
Pitcher,Adrianyer Lopez,sa3077376,837040,2026,International Rookie,International Rookie,1,1,International Rookie,33.0,18.0,True,True,0.006092561737242602,0.07827410348733994,65.66757493188011,2202,23.724489795918366,1568,44.696032363899235,23.724489795918366,1362
Pitcher,Isaias Acosta,sa3077528,839214,2026,International Rookie,International Rookie,1,1,International Rookie,36.0,17.0,True,True,0.006197188102033349,0.06358624458294543,54.31425976385105,2202,35.076530612244895,1568,44.69539518804797,35.076530612244895,1363
Pitcher,Joe La Sorsa,25481,686747,2026,AAA,AAA,6,4,A | A+ | AA | AAA,26.0,28.0,True,False,0.0777020681760471,0.7222831234207351,44.29730884237505,2341,45.063879210220676,861,44.68059402629787,44.29730884237505,1364
Pitcher,Luke Fernandez,sa3069112,804855,2026,A,A,3,1,A,68.0,22.0,True,True,0.028489968183196244,0.1477355015933035,35.071646699553675,4257,54.28089413749473,2371,44.6762704185242,35.071646699553675,1365
Pitcher,Kiefer Lord,sa3023135,811296,2026,A+,A+,4,2,A | A+,32.666666666666664,24.0,True,True,0.02793410910877323,0.23747024874593478,47.45975855130785,3976,41.853658536585364,2050,44.65670854394661,41.853658536585364,1366
Pitcher,Easton Marks,sa3037064,831560,2026,A,A,3,1,A,57.666666666666664,22.0,True,True,0.028263726257796037,0.14946190292565145,35.47098895936105,4257,53.774778574441164,2371,44.62288376690111,35.47098895936105,1367
Pitcher,Stu Flesland III,sa3023000,687317,2026,AA,AA,5,3,A | A+ | AA,80.33333333333333,25.0,True,True,0.041947997084853715,0.47048593968506286,51.585014409221905,3470,37.57225433526011,1557,44.57863437224101,37.57225433526011,1368
Pitcher,Ryan Degges,sa3030027,813869,2026,A+,A+,4,2,A | A+,20.666666666666668,23.0,True,False,0.029391565167055513,0.21689330110696264,42.88229376257545,3976,46.24390243902439,2050,44.56309810079992,42.88229376257545,1369
Pitcher,Efrailin Ramos,sa3023691,820889,2026,A,A,3,3,International Rookie | Complex | A,30.0,20.0,True,True,0.01825300102706931,0.2512480038248907,63.589382194033355,4257,25.432307043441586,2371,44.51084461873747,25.432307043441586,1370
Pitcher,Evan Chrest,sa3028874,805971,2026,A,A,3,1,A,38.0,22.0,True,True,0.02439951617114783,0.1801484601785272,45.85388771435283,4257,43.01982285955293,2371,44.43685528695288,43.01982285955293,1371
Pitcher,Dylan Crooks,sa3029583,822043,2026,A+,A+,4,2,A | A+,20.333333333333332,23.0,True,False,0.028623607592042168,0.22524164250620363,44.743460764587525,3976,44.09756097560975,2050,44.42051087009864,44.09756097560975,1372
Pitcher,Yonaiker Perez,sa3069002,832801,2026,International Rookie,International Rookie,1,1,International Rookie,39.333333333333336,19.0,True,True,0.006297578030436476,0.04957558926569251,41.235240690281564,2202,47.576530612244895,1568,44.40588565126323,41.235240690281564,1373
Pitcher,Douglas Orellana,sa3016817,702878,2026,AA,AA,5,4,Complex | A | A+ | AA,59.333333333333336,24.0,True,True,0.04175172631112443,0.47009613108415255,51.585014409221905,3470,37.1868978805395,1557,44.3859561448807,37.1868978805395,1374
Pitcher,Edgar Gallegos,sa3023857,823735,2026,Complex,Complex,2,2,International Rookie | Complex,20.666666666666668,20.0,True,False,0.0063395575819732855,0.13981303580861018,58.00524934383202,1524,30.592734225621413,1046,44.29899178472672,30.592734225621413,1375
Pitcher,Denison Sanchez,sa3018907,805091,2026,Complex,Complex,2,2,International Rookie | Complex,21.333333333333332,20.0,True,False,0.00633136881726418,0.1399272271382036,58.07086614173228,1524,30.497131931166347,1046,44.283999036449316,30.497131931166347,1376
Pitcher,Omar Gonzalez,sa3019380,800439,2026,Complex,Complex,2,2,International Rookie | Complex,35.666666666666664,20.0,True,True,0.005743780254764914,0.14918445251056878,61.61417322834646,1524,26.864244741873804,1046,44.23920898511013,26.864244741873804,1377
Pitcher,Victor Trejo,sa3024218,816292,2026,Complex,Complex,2,2,International Rookie | Complex,22.666666666666668,20.0,True,False,0.0063253857655473054,0.13955630835525146,58.00524934383202,1524,30.40152963671128,1046,44.20338949027165,30.40152963671128,1378
Pitcher,Robinson Martinez,sa3077302,842067,2026,International Rookie,International Rookie,1,1,International Rookie,43.666666666666664,18.0,True,True,0.0061282979667125785,0.0722633154530697,61.62579473206176,2202,26.721938775510203,1568,44.17386675378599,26.721938775510203,1379
Pitcher,Erik Rivera,sa3010867,682992,2026,AA,AA,5,2,A+ | AA,59.0,25.0,True,True,0.04637228959035148,0.3664914843086584,39.971181556195965,3470,48.36223506743738,1557,44.16670831181668,39.971181556195965,1380
Pitcher,Joey Volini,sa3044555,804123,2026,AA,AA,5,2,A+ | AA,33.0,23.0,True,True,0.03893737358823204,0.5220016213624459,57.262247838616716,3470,30.764290301862555,1557,44.01326907023964,30.764290301862555,1381
Pitcher,Yander Pinero,sa3024870,821087,2026,Complex,Complex,2,2,International Rookie | Complex,36.0,19.0,True,True,0.0055997795866327945,0.14954417072341827,61.74540682414698,1524,26.195028680688335,1046,43.97021775241766,26.195028680688335,1382
Pitcher,Walin Castillo,sa3019280,801384,2026,A,A,3,3,International Rookie | Complex | A,71.33333333333333,21.0,True,True,0.021066884818908026,0.20998773069364293,54.80385247827108,4257,33.024040489245046,2371,43.91394648375807,33.024040489245046,1383
Pitcher,Andrew Taylor,sa3020873,800063,2026,A+,A+,4,2,A | A+,20.0,24.0,True,False,0.031121099932413715,0.19180991129069722,37.32394366197183,3976,50.48780487804878,2050,43.9058742700103,37.32394366197183,1384
Pitcher,Tucker Novotny,sa3038957,701512,2026,A+,A+,4,2,A | A+,75.0,23.0,True,True,0.02674732096433493,0.2472781024005897,48.99396378269618,3976,38.78048780487805,2050,43.88722579378711,38.78048780487805,1385
Pitcher,Paul Hoff,sa3024777,821155,2026,International Rookie,International Rookie,1,1,International Rookie,44.666666666666664,19.0,True,True,0.005920773882910687,0.09888176873803217,77.24795640326975,2202,10.52295918367347,1568,43.88545779347161,10.52295918367347,1386
Pitcher,Drue Hackenberg,sa3023304,802357,2026,AAA,AAA,6,3,A+ | AA | AAA,52.0,24.0,True,True,0.0682550401180035,0.7980106433067216,53.90858607432721,2341,33.79790940766551,861,43.85324774099636,33.79790940766551,1387
Pitcher,Kohl Franklin,sa3008335,681673,2026,AAA,AAA,6,3,A+ | AA | AAA,23.333333333333332,26.0,True,False,0.07043468402483086,0.7703360190044842,50.57667663391713,2341,36.933797909407666,861,43.755237271662395,36.933797909407666,1388
Pitcher,Moises Morales,sa3022803,815473,2026,A,A,3,3,International Rookie | Complex | A,97.66666666666667,22.000000000000004,True,True,0.016290460024399035,0.26996307394516394,67.48884190744656,4257,19.822859552931252,2371,43.6558507301889,19.822859552931252,1389
Pitcher,Yorman Galindez,sa3018322,800223,2026,AA,AA,5,3,Complex | A | AA,47.666666666666664,23.0,True,True,0.04634489254815307,0.3579925176267165,38.96253602305475,3470,48.29800899165061,1557,43.630272507352686,38.96253602305475,1390
Pitcher,Henry Williams,sa3020901,689275,2026,AA,AA,5,3,A | A+ | AA,34.333333333333336,24.0,True,True,0.04518940999608548,0.38044827760304567,41.44092219020173,3470,45.536287732819524,1557,43.48860496151063,41.44092219020173,1391
Pitcher,Mason Nichols,sa3038845,805783,2026,A,A,3,1,A,39.333333333333336,23.0,True,True,0.02408752066853137,0.1779388172522583,45.0082217524078,4257,41.838886545761284,2371,43.42355414908454,41.838886545761284,1392
Pitcher,Gerardo Carrillo,22754,672629,2026,AAA,AAA,6,5,International Rookie | A | A+ | AA | AAA,44.333333333333336,27.0,True,True,0.07492180077776113,0.7313421279592665,45.27979495941905,2341,41.46341463414634,861,43.37160479678269,41.46341463414634,1393
Pitcher,Raymond Sosa,sa3021516,808136,2026,Complex,Complex,2,2,International Rookie | Complex,29.666666666666668,20.0,True,False,0.006308693584086363,0.13495061248580106,56.43044619422572,1524,30.305927342256215,1046,43.36818676824097,30.305927342256215,1394
Pitcher,Jake Knapp,sa3035531,810830,2026,AA,AA,5,1,AA,34.0,25.0,True,True,0.041616672824548465,0.4542858313475741,50.028818443804035,3470,36.67308927424534,1557,43.350953859024685,36.67308927424534,1395
Pitcher,Irvin Gonzalez,sa3021995,807634,2026,Complex,Complex,2,2,International Rookie | Complex,27.333333333333332,20.0,True,False,0.006293898550010274,0.13464257179299952,56.36482939632546,1524,30.305927342256215,1046,43.33537836929084,30.305927342256215,1396
Pitcher,Sergio Villa,sa3024200,807640,2026,Complex,Complex,2,2,International Rookie | Complex,24.0,20.0,True,False,0.006293898550010274,0.13464257179299946,56.36482939632546,1524,30.305927342256215,1046,43.33537836929084,30.305927342256215,1396
Pitcher,Alberto Arias,sa3069131,822216,2026,International Rookie,International Rookie,1,1,International Rookie,33.0,18.0,True,True,0.005844857945592572,0.10455024874834813,79.20072661217075,2202,7.461734693877551,1568,43.33123065302415,7.461734693877551,1398
Pitcher,Jose Serrano,sa3019597,805431,2026,A,A,3,2,International Rookie | A,42.0,22.0,True,True,0.025610829990689025,0.16429829409872418,40.310077519379846,4257,46.351750316322224,2371,43.330913917851035,40.310077519379846,1399
Pitcher,Brandon Neeck,sa3021978,677957,2026,AAA,AAA,6,4,A | A+ | AA | AAA,37.666666666666664,26.0,True,True,0.07695893724565088,0.7051128612210785,42.28961982058949,2341,44.36701509872242,861,43.328317459655956,42.28961982058949,1400
Pitcher,Leonardo Leon,sa3025347,808006,2026,Complex,Complex,2,2,International Rookie | Complex,21.0,20.0,True,False,0.006330251085292008,0.13418082108815474,56.23359580052493,1524,30.40152963671128,1046,43.317562718618106,30.40152963671128,1401
Pitcher,Andy Basora,sa3019168,800576,2026,A,A,3,3,International Rookie | Complex | A,59.0,21.0,True,True,0.018996911158993855,0.22961712297817002,59.10265445149166,4257,27.498945592576973,2371,43.300800022034316,27.498945592576973,1402
Pitcher,Josh Perez,sa3068351,829789,2026,International Rookie,International Rookie,1,1,International Rookie,31.333333333333332,18.0,True,True,0.006106940579792918,0.07186769114733985,61.444141689373296,2202,25.127551020408163,1568,43.28584635489073,25.127551020408163,1403
Pitcher,Cody Adcock,sa3023175,694832,2026,AA,AA,5,3,A | A+ | AA,37.0,24.0,True,True,0.039392193522160196,0.49813682048239155,54.69740634005764,3470,31.7276814386641,1557,43.21254388936087,31.7276814386641,1404
Pitcher,Andres Silvera,sa3016284,700353,2026,Complex,Complex,2,2,International Rookie | Complex,25.0,21.0,True,False,0.004844290530567933,0.15421984757117382,63.84514435695538,1524,22.562141491395792,1046,43.20364292417558,22.562141491395792,1405
Pitcher,Riley Stanford,sa3042934,702279,2026,A,A,3,1,A,34.0,23.0,True,True,0.021929972708926052,0.19735731459305994,50.90439276485788,4257,35.428089413749476,2371,43.16624108930368,35.428089413749476,1406
Pitcher,Peyton Fosher,sa3031567,833439,2026,A+,A+,4,1,A+,73.33333333333333,23.0,True,True,0.028649007881633038,0.21321863751422984,42.15291750503018,3976,44.146341463414636,2050,43.14962948422241,42.15291750503018,1407
Pitcher,Wensloby Jhon,sa3076984,837612,2026,International Rookie,International Rookie,1,1,International Rookie,31.333333333333332,18.0,True,True,0.006090086582199748,0.07375674765858847,62.76112624886467,2202,23.533163265306122,1568,43.1471447570854,23.533163265306122,1408
Pitcher,Josh White,31738,687985,2026,AAA,AAA,6,4,A | A+ | AA | AAA,56.0,25.0,True,True,0.07669743628644884,0.7023189408745908,42.0333190944041,2341,44.13472706155633,861,43.08402307798022,42.0333190944041,1409
Pitcher,Yokelvin Reyes,sa3016067,700714,2026,A,A,3,3,International Rookie | Complex | A,80.33333333333333,22.0,True,True,0.019921012043435868,0.21554840224275537,56.02536997885835,4257,30.113876001687053,2371,43.069622990272705,30.113876001687053,1410
Pitcher,Cole Hertzler,sa3025638,826315,2026,AA,AA,5,2,A+ | AA,40.666666666666664,23.0,True,True,0.04299969049853301,0.4123737555561362,45.5043227665706,3470,40.52665382145151,1557,43.01548829401106,40.52665382145151,1411
Pitcher,Victor Jimenez,sa3068957,835645,2026,International Rookie,International Rookie,1,1,International Rookie,38.666666666666664,19.0,True,True,0.006404095815294565,0.035682609130130216,24.568574023614897,2202,61.41581632653061,1568,42.99219517507275,24.568574023614897,1412
Pitcher,Cam Tilly,sa3043836,806704,2026,A,A,3,1,A,54.333333333333336,22.000000000000004,True,True,0.024416962789226365,0.17075371303423523,42.9410382898755,4257,43.01982285955293,2371,42.98043057471422,42.9410382898755,1413
Pitcher,Cesar Perdomo,30334,702885,2026,AAA,AAA,6,5,Complex | A | A+ | AA | AAA,47.666666666666664,24.0,True,True,0.06269944894562922,0.8253525927682367,57.795813754805636,2341,28.106852497096398,861,42.95133312595102,28.106852497096398,1414
Pitcher,Shane Murphy,sa3020389,690294,2026,AA,AA,5,3,A | A+ | AA,53.333333333333336,25.0,True,True,0.042793975312734184,0.41664078614534,46.05187319884726,3470,39.820166987797045,1557,42.936020093322156,39.820166987797045,1415
Pitcher,Cody Morse,sa3067028,701808,2026,A+,A+,4,2,A | A+,29.0,23.0,True,False,0.02864047990706691,0.21131092506394628,41.64989939637827,3976,44.146341463414636,2050,42.89812042989645,41.64989939637827,1416
Pitcher,Junior Ciprian,sa3023107,815795,2026,A,A,3,3,International Rookie | Complex | A,71.66666666666667,21.0,True,True,0.016741484657270156,0.2580728092377302,64.83439041578576,4257,20.87726697595951,2371,42.85582869587264,20.87726697595951,1417
Pitcher,Chandler Champlain,sa3018138,669441,2026,AAA,AAA,6,4,A | A+ | AA | AAA,120.0,26.0,True,True,0.06757820157826665,0.7861166154568411,52.58436565570269,2341,33.10104529616725,861,42.84270547593497,33.10104529616725,1418
Pitcher,Chase Lee,29574,695445,2026,AAA,AAA,6,2,AA | AAA,52.666666666666664,27.0,True,True,0.07091327835346545,0.7528877205873001,48.22725331055105,2341,37.39837398373984,861,42.81281364714545,37.39837398373984,1419
Pitcher,Reese Lumpkin,sa3069105,813609,2026,A,A,3,1,A,52.333333333333336,24.0,True,True,0.022499406362536528,0.1885634889837387,48.17946910970167,4257,37.4103753690426,2371,42.794922239372134,37.4103753690426,1420
Pitcher,Manuel Osorio,sa3021772,808130,2026,Complex,Complex,2,2,International Rookie | Complex,35.333333333333336,20.0,True,True,0.007996531501253542,0.11664789676229609,47.76902887139108,1524,37.762906309751436,1046,42.76596759057126,37.762906309751436,1421
Pitcher,Mark McLaughlin,sa3020604,687202,2026,AA,AA,5,4,Complex | A | A+ | AA,21.666666666666668,25.000000000000004,True,False,0.03905015502713527,0.49484204737542575,54.4956772334294,3470,30.956968529222866,1557,42.72632288132613,30.956968529222866,1422
Pitcher,Brayan Cabello,sa3018304,703082,2026,International Rookie,International Rookie,1,1,International Rookie,36.333333333333336,22.0,True,True,0.006452119447430977,0.030477975685549562,18.982742960944595,2202,66.3265306122449,1568,42.65463678659474,18.982742960944595,1423
Pitcher,David Rodriguez,sa3023659,815095,2026,A+,A+,4,3,Complex | A | A+,56.0,24.0,True,True,0.019340474359642573,0.3574214676439812,67.83199195171026,3976,17.414634146341463,2050,42.62331304902587,17.414634146341463,1424
Pitcher,Cesar De Jesus,sa3017767,702904,2026,A,A,3,2,Complex | A,26.666666666666668,22.000000000000004,True,False,0.0226604131591638,0.18506283098881604,47.09889593610524,4257,38.043019822859556,2371,42.57095787948239,38.043019822859556,1425
Pitcher,Michel Otanez,22533,671305,2026,AAA,AAA,6,5,International Rookie | Complex | A+ | AA | AAA,52.0,28.0,True,True,0.06425796035187234,0.8127198811768938,55.873558308415205,2341,29.26829268292683,861,42.57092549567102,29.26829268292683,1426
Pitcher,Wilmis Paulino,sa3021815,811637,2026,Complex,Complex,2,2,International Rookie | Complex,26.333333333333332,20.0,True,False,0.006326115857081657,0.13166379313704818,54.724409448818896,1524,30.40152963671128,1046,42.56296954276509,30.40152963671128,1427
Pitcher,Junior Tavera,sa3023813,812563,2026,International Rookie,International Rookie,1,1,International Rookie,48.333333333333336,19.0,True,True,0.006118927930688021,0.06953082792391639,59.2188919164396,2202,25.892857142857142,1568,42.55587452964837,25.892857142857142,1428
Pitcher,Justin Long,sa3022871,700043,2026,A+,A+,4,1,A+,42.333333333333336,24.0,True,True,0.03358807561501516,0.15981631436844237,28.571428571428573,3976,56.53658536585366,2050,42.55400696864112,28.571428571428573,1429
Pitcher,Francis Aquino,sa3068600,829457,2026,International Rookie,International Rookie,1,1,International Rookie,38.0,19.0,True,True,0.006057173220532638,0.07681514662144033,64.75930971843778,2202,20.34438775510204,1568,42.55184873676991,20.34438775510204,1430
Pitcher,Levi Huesman,sa3034240,702612,2026,A,A,3,1,A,49.333333333333336,22.000000000000004,True,True,0.025981174771124514,0.15577212549276054,37.63213530655391,4257,47.40615773935048,2371,42.5191465229522,37.63213530655391,1431
Pitcher,Dariel Polanco,sa3022419,811595,2026,Complex,Complex,2,2,International Rookie | Complex,42.666666666666664,20.0,True,True,0.007464480913059184,0.11922724364569758,48.68766404199475,1524,36.32887189292543,1046,42.508267967460085,36.32887189292543,1432
Pitcher,Drew Beam,sa3026785,701795,2026,AA,AA,5,2,A+ | AA,129.0,23.0,True,True,0.040374677523716165,0.4652577849686718,51.06628242074928,3470,33.91136801541426,1557,42.48882521808177,33.91136801541426,1433
Pitcher,Joe Vogatsky,sa3044544,815143,2026,AA,AA,5,3,A | A+ | AA,46.333333333333336,24.0,True,True,0.040113593525811904,0.47086124730900447,51.585014409221905,3470,33.333333333333336,1557,42.45917387127762,33.333333333333336,1434
Pitcher,Zachary Cawyer,sa3025378,815045,2026,AA,AA,5,2,A+ | AA,61.0,23.0,True,True,0.04113201870501158,0.4456046113497597,49.30835734870317,3470,35.58124598587026,1557,42.44480166728671,35.58124598587026,1435
Pitcher,Jack O'Connor,sa3039026,702560,2026,A,A,3,2,Complex | A,25.333333333333332,21.999999999999996,True,False,0.021912329668231485,0.19281682100867997,49.494949494949495,4257,35.38591311682834,2371,42.44043130588892,35.38591311682834,1436
Pitcher,Josh Tiedemann,sa3022967,806244,2026,A,A,3,1,A,43.333333333333336,22.0,True,True,0.02422820169860123,0.16958378783865208,42.47122386657271,4257,42.38717840573597,2371,42.42920113615434,42.38717840573597,1437
Pitcher,Sean Youngerman,sa3060992,823781,2026,A,A,3,1,A,80.66666666666667,21.0,True,True,0.02331198439732552,0.1780796177295548,45.05520319473808,4257,39.68789540278364,2371,42.371549298760854,39.68789540278364,1438
Pitcher,Cristopher Aranguren,sa3067583,829523,2026,Complex,Complex,2,2,International Rookie | Complex,23.666666666666668,20.0,True,False,0.00631382339439125,0.13094013404871632,54.39632545931759,1524,30.305927342256215,1046,42.3511264007869,30.305927342256215,1439
Pitcher,Daniel Guerra,sa3019786,806413,2026,A+,A+,4,4,International Rookie | Complex | A | A+,59.0,22.0,True,True,0.014668126055733074,0.42457130544323,76.6851106639839,3976,8.0,2050,42.34255533199195,8.0,1440
Pitcher,Michael Cuevas,sa3011437,689821,2026,AA,A+,5,3,A | A+ | AA,25.666666666666668,24.0,True,False,0.045840330106120215,0.34619266633468904,37.89625360230548,3470,46.692357096981375,1557,42.29430534964342,37.89625360230548,1441
Pitcher,Jacob Kuhn,sa3069377,834873,2026,A,A,3,1,A,78.66666666666667,22.0,True,True,0.023473642686445858,0.17517878859817101,44.256518675123324,4257,40.27836355967946,2371,42.26744111740139,40.27836355967946,1442
Pitcher,Conner Ware,sa3062918,811172,2026,A,A,3,1,A,71.66666666666667,22.0,True,True,0.02734540891942155,0.14359569656327636,33.380314775663614,4257,51.07549557148882,2371,42.22790517357622,33.380314775663614,1443
Pitcher,Thomas Ireland,sa3021469,692179,2026,AA,AA,5,3,Complex | A | AA,24.333333333333332,24.0,True,False,0.03838794685331171,0.4940294091161915,54.4956772334294,3470,29.800899165061015,1557,42.14828819924521,29.800899165061015,1444
Pitcher,Austin Peterson,31994,804926,2026,AAA,AAA,6,4,A | A+ | AA | AAA,95.33333333333333,26.0,True,True,0.06474035871454521,0.8032973186203511,54.59205467748825,2341,29.61672473867596,861,42.1043897080821,29.61672473867596,1445
Pitcher,Greiber Mendez,sa3018041,700356,2026,A+,A+,4,4,International Rookie | Complex | A | A+,20.0,22.0,True,False,0.02083643187768809,0.32263360254967055,62.44969818913481,3976,21.658536585365855,2050,42.05411738725033,21.658536585365855,1446
Pitcher,Colton Gordon,31312,676467,2026,AAA,AAA,6,4,A | A+ | AA | AAA,119.0,27.0,True,True,0.06540737524050372,0.7934472174087384,53.267834258863736,2341,30.545876887340302,861,41.90685557310202,30.545876887340302,1447
Pitcher,Maickol Reyes,sa3067569,825466,2026,International Rookie,International Rookie,1,1,International Rookie,35.333333333333336,18.0,True,True,0.006196385009740672,0.057685007465266704,49.04632152588556,2202,34.75765306122449,1568,41.901987293555024,34.75765306122449,1448
Pitcher,Carson Myers,sa3069008,816362,2026,A+,A+,4,2,A | A+,51.0,23.0,True,True,0.026048449544510594,0.2381327025703971,47.510060362173036,3976,36.292682926829265,2050,41.901371644501154,36.292682926829265,1449
Pitcher,Jack Seppings,sa3025573,808952,2026,A+,A+,4,2,A | A+,26.666666666666668,23.0,True,False,0.028797398569582258,0.19910404788941904,39.15995975855131,3976,44.58536585365854,2050,41.87266280610493,39.15995975855131,1450
Pitcher,Tyler Ras,sa3017718,680724,2026,AA,AA,5,2,A | AA,65.66666666666667,26.0,True,True,0.04427459884216683,0.3715571840338647,40.54755043227666,3470,43.15992292870906,1557,41.85373668049286,40.54755043227666,1451
Pitcher,Justin Mitrovich,sa3038180,827521,2026,A,A,3,1,A,42.666666666666664,22.0,True,True,0.022483064275531036,0.18182143288004998,46.15926708949965,4257,37.4103753690426,2371,41.784821229271124,37.4103753690426,1452
Pitcher,Stainer Valdez,sa3068786,825383,2026,Complex,Complex,2,1,Complex,30.333333333333332,19.0,True,True,0.009966957807083277,0.09277216918250951,35.56430446194226,1524,47.992351816443595,1046,41.77832813919292,35.56430446194226,1453
Pitcher,Paulshawn Pasqualotto,sa3023476,695308,2026,AA,AA,5,3,A | A+ | AA,41.333333333333336,25.000000000000004,True,True,0.04151203382723209,0.4242604267269488,46.945244956772335,3470,36.60886319845857,1557,41.77705407761545,36.60886319845857,1454
Pitcher,Dylan MacLean,sa3014508,694395,2026,AA,AA,5,3,A | A+ | AA,90.66666666666667,23.0,True,True,0.03965093168157236,0.46849264817366765,51.4985590778098,3470,32.048811817597944,1557,41.77368544770387,32.048811817597944,1455
Pitcher,Raibel Reyes,sa3077236,825647,2026,International Rookie,International Rookie,1,1,International Rookie,23.0,17.0,True,False,0.005464377749923917,0.11143105398299591,82.33424159854678,2202,1.211734693877551,1568,41.772988146212164,1.211734693877551,1456
Pitcher,Antony Constanza,sa3077405,838406,2026,International Rookie,International Rookie,1,1,International Rookie,24.0,17.0,True,False,0.005464377749923917,0.11143105398299591,82.33424159854678,2202,1.211734693877551,1568,41.772988146212164,1.211734693877551,1456
Pitcher,Santiago Lopez,sa3077391,837855,2026,International Rookie,International Rookie,1,1,International Rookie,29.666666666666668,17.0,True,False,0.005464377749923917,0.11143105398299591,82.33424159854678,2202,1.211734693877551,1568,41.772988146212164,1.211734693877551,1456
Pitcher,Andres Perez,sa3077518,837797,2026,International Rookie,International Rookie,1,1,International Rookie,29.333333333333332,17.0,True,False,0.005464377749923917,0.11143105398299591,82.33424159854678,2202,1.211734693877551,1568,41.772988146212164,1.211734693877551,1456
Pitcher,Esteban Mejia,sa3077588,842391,2026,International Rookie,International Rookie,1,1,International Rookie,24.333333333333332,17.0,True,False,0.005464377749923917,0.11143105398299591,82.33424159854678,2202,1.211734693877551,1568,41.772988146212164,1.211734693877551,1456
Pitcher,Santiago De Freitas,sa3077214,840326,2026,International Rookie,International Rookie,1,1,International Rookie,20.0,17.0,True,False,0.005464377749923917,0.11143105398299591,82.33424159854678,2202,1.211734693877551,1568,41.772988146212164,1.211734693877551,1456
Pitcher,Yoandres Valdiviezo,sa3076474,838004,2026,International Rookie,International Rookie,1,1,International Rookie,29.666666666666668,17.0,True,False,0.005464377749923917,0.11143105398299591,82.33424159854678,2202,1.211734693877551,1568,41.772988146212164,1.211734693877551,1456
Pitcher,Sebastian Gomez,sa3077277,838017,2026,International Rookie,International Rookie,1,1,International Rookie,29.0,17.0,True,False,0.005464377749923917,0.11143105398299591,82.33424159854678,2202,1.211734693877551,1568,41.772988146212164,1.211734693877551,1456
Pitcher,Angel Roa,sa3077392,837879,2026,International Rookie,International Rookie,1,1,International Rookie,22.333333333333332,17.0,True,False,0.005464377749923917,0.11143105398299591,82.33424159854678,2202,1.211734693877551,1568,41.772988146212164,1.211734693877551,1456
Pitcher,Ramon Pena,sa3077240,834731,2026,International Rookie,International Rookie,1,1,International Rookie,26.666666666666668,17.0,True,False,0.005464377749923917,0.11143105398299591,82.33424159854678,2202,1.211734693877551,1568,41.772988146212164,1.211734693877551,1456
Pitcher,Alejandro Beltran,sa3077266,837820,2026,International Rookie,International Rookie,1,1,International Rookie,26.666666666666668,17.0,True,False,0.005464377749923917,0.11143105398299591,82.33424159854678,2202,1.211734693877551,1568,41.772988146212164,1.211734693877551,1456
Pitcher,Cristian Rego,sa3077497,832328,2026,International Rookie,International Rookie,1,1,International Rookie,29.666666666666668,17.0,True,False,0.005464377749923917,0.11143105398299591,82.33424159854678,2202,1.211734693877551,1568,41.772988146212164,1.211734693877551,1456
Pitcher,Samuel Teran,sa3068125,830018,2026,International Rookie,International Rookie,1,1,International Rookie,21.333333333333332,17.0,True,False,0.005464377749923917,0.11143105398299591,82.33424159854678,2202,1.211734693877551,1568,41.772988146212164,1.211734693877551,1456
Pitcher,Luis Garces,sa3077404,838163,2026,International Rookie,International Rookie,1,1,International Rookie,28.0,17.0,True,False,0.005464377749923917,0.11143105398299591,82.33424159854678,2202,1.211734693877551,1568,41.772988146212164,1.211734693877551,1456
Pitcher,Micheal Morfe,sa3077250,837314,2026,International Rookie,International Rookie,1,1,International Rookie,25.333333333333332,17.0,True,False,0.005464377749923917,0.11143105398299591,82.33424159854678,2202,1.211734693877551,1568,41.772988146212164,1.211734693877551,1456
Pitcher,Tom Apfelbaum,sa3077255,837608,2026,International Rookie,International Rookie,1,1,International Rookie,29.666666666666668,17.0,True,False,0.005464377749923917,0.11143105398299591,82.33424159854678,2202,1.211734693877551,1568,41.772988146212164,1.211734693877551,1456
Pitcher,Jehiber Fernandez,sa3077022,839140,2026,International Rookie,International Rookie,1,1,International Rookie,28.0,17.0,True,False,0.005464377749923917,0.11143105398299591,82.33424159854678,2202,1.211734693877551,1568,41.772988146212164,1.211734693877551,1456
Pitcher,Daniel Munoz,sa3077389,837809,2026,International Rookie,International Rookie,1,1,International Rookie,24.333333333333332,17.0,True,False,0.005464377749923917,0.11143105398299591,82.33424159854678,2202,1.211734693877551,1568,41.772988146212164,1.211734693877551,1456
Pitcher,Dioscaride Sarit,sa3076982,837604,2026,International Rookie,International Rookie,1,1,International Rookie,29.0,17.0,True,False,0.005464377749923917,0.11143105398299591,82.33424159854678,2202,1.211734693877551,1568,41.772988146212164,1.211734693877551,1456
Pitcher,Miguel Vargas,sa3076994,837775,2026,International Rookie,International Rookie,1,1,International Rookie,21.666666666666668,17.0,True,False,0.005464377749923917,0.11143105398299591,82.33424159854678,2202,1.211734693877551,1568,41.772988146212164,1.211734693877551,1456
Pitcher,Jeremy Jimenez,sa3076990,837710,2026,International Rookie,International Rookie,1,1,International Rookie,22.666666666666668,17.0,True,False,0.005464377749923917,0.11143105398299591,82.33424159854678,2202,1.211734693877551,1568,41.772988146212164,1.211734693877551,1456
Pitcher,Yenderberth Rivas,sa3076985,837631,2026,International Rookie,International Rookie,1,1,International Rookie,24.0,17.0,True,False,0.005464377749923917,0.11143105398299591,82.33424159854678,2202,1.211734693877551,1568,41.772988146212164,1.211734693877551,1456
Pitcher,Jhon Beltre,sa3077423,842321,2026,International Rookie,International Rookie,1,1,International Rookie,27.666666666666668,17.0,True,False,0.005464377749923917,0.11143105398299587,82.33424159854678,2202,1.211734693877551,1568,41.772988146212164,1.211734693877551,1456
Pitcher,Emanuel Mejia,sa3076466,837779,2026,International Rookie,International Rookie,1,1,International Rookie,25.0,17.0,True,False,0.005464377749923917,0.11143105398299591,82.33424159854678,2202,1.211734693877551,1568,41.772988146212164,1.211734693877551,1456
Pitcher,Michael Moreno,sa3077032,841139,2026,International Rookie,International Rookie,1,1,International Rookie,22.333333333333332,17.0,True,False,0.005464377749923917,0.11143105398299591,82.33424159854678,2202,1.211734693877551,1568,41.772988146212164,1.211734693877551,1456
Pitcher,Brandol Fernandez,sa3077385,837760,2026,International Rookie,International Rookie,1,1,International Rookie,24.666666666666664,17.0,True,False,0.005464377749923917,0.11143105398299591,82.33424159854678,2202,1.211734693877551,1568,41.772988146212164,1.211734693877551,1456
Pitcher,Adrian Moreta,sa3076988,837665,2026,International Rookie,International Rookie,1,1,International Rookie,21.333333333333332,17.0,True,False,0.005464377749923917,0.11143105398299591,82.33424159854678,2202,1.211734693877551,1568,41.772988146212164,1.211734693877551,1456
Pitcher,Freddy Lopez,sa3077534,840309,2026,International Rookie,International Rookie,1,1,International Rookie,27.0,17.0,True,False,0.005464377749923917,0.11143105398299591,82.33424159854678,2202,1.211734693877551,1568,41.772988146212164,1.211734693877551,1456
Pitcher,Dennison Rodriguez,sa3076983,837610,2026,International Rookie,International Rookie,1,1,International Rookie,28.0,17.0,True,False,0.005464377749923917,0.11143105398299591,82.33424159854678,2202,1.211734693877551,1568,41.772988146212164,1.211734693877551,1456
Pitcher,Jesus Miranda,sa3076998,837819,2026,International Rookie,International Rookie,1,1,International Rookie,21.666666666666668,17.0,True,False,0.005464377749923917,0.11143105398299591,82.33424159854678,2202,1.211734693877551,1568,41.772988146212164,1.211734693877551,1456
Pitcher,Jesus Lopez,sa3077407,838819,2026,International Rookie,International Rookie,1,1,International Rookie,24.333333333333332,17.0,True,False,0.005464377749923917,0.11143105398299591,82.33424159854678,2202,1.211734693877551,1568,41.772988146212164,1.211734693877551,1456
Pitcher,Erlyn Lauriano,sa3077007,837953,2026,International Rookie,International Rookie,1,1,International Rookie,23.666666666666668,17.0,True,False,0.005464377749923917,0.11143105398299591,82.33424159854678,2202,1.211734693877551,1568,41.772988146212164,1.211734693877551,1456
Pitcher,Steuri Amancio,sa3077660,825687,2026,International Rookie,International Rookie,1,1,International Rookie,28.0,17.0,True,False,0.005464377749923917,0.11143105398299591,82.33424159854678,2202,1.211734693877551,1568,41.772988146212164,1.211734693877551,1456
Pitcher,Rickelby Ramos,sa3077508,837620,2026,International Rookie,International Rookie,1,1,International Rookie,29.333333333333332,17.0,True,False,0.005464377749923917,0.11143105398299591,82.33424159854678,2202,1.211734693877551,1568,41.772988146212164,1.211734693877551,1456
Pitcher,Jordan Beltran,sa3076991,837712,2026,International Rookie,International Rookie,1,1,International Rookie,23.666666666666668,17.0,True,False,0.005464377749923917,0.11143105398299591,82.33424159854678,2202,1.211734693877551,1568,41.772988146212164,1.211734693877551,1456
Pitcher,Jose Romero,sa3077004,837932,2026,International Rookie,International Rookie,1,1,International Rookie,20.333333333333332,17.0,True,False,0.005464377749923917,0.11143105398299591,82.33424159854678,2202,1.211734693877551,1568,41.772988146212164,1.211734693877551,1456
Pitcher,Giovanni Medina,sa3077609,837975,2026,International Rookie,International Rookie,1,1,International Rookie,23.666666666666668,17.0,True,False,0.005464377749923917,0.11143105398299591,82.33424159854678,2202,1.211734693877551,1568,41.772988146212164,1.211734693877551,1456
Pitcher,Kleiver Benitez,sa3068846,831344,2026,International Rookie,International Rookie,1,1,International Rookie,23.333333333333332,17.0,True,False,0.005464377749923917,0.11143105398299591,82.33424159854678,2202,1.211734693877551,1568,41.772988146212164,1.211734693877551,1456
Pitcher,Yanixan Resendiz,sa3077212,838768,2026,International Rookie,International Rookie,1,1,International Rookie,27.333333333333332,17.0,True,False,0.005464377749923917,0.11143105398299591,82.33424159854678,2202,1.211734693877551,1568,41.772988146212164,1.211734693877551,1456
Pitcher,Emilio Jimenez,sa3077382,837696,2026,International Rookie,International Rookie,1,1,International Rookie,28.333333333333332,17.0,True,False,0.005464377749923917,0.11143105398299591,82.33424159854678,2202,1.211734693877551,1568,41.772988146212164,1.211734693877551,1456
Pitcher,Jose Rosal,sa3076460,837646,2026,International Rookie,International Rookie,1,1,International Rookie,27.333333333333332,17.0,True,False,0.005464377749923917,0.11143105398299591,82.33424159854678,2202,1.211734693877551,1568,41.772988146212164,1.211734693877551,1456
Pitcher,Luis Acevedo,sa3077029,840161,2026,International Rookie,International Rookie,1,1,International Rookie,20.0,17.0,True,False,0.005464377749923917,0.11143105398299591,82.33424159854678,2202,1.211734693877551,1568,41.772988146212164,1.211734693877551,1456
Pitcher,Herkyn Taveras,sa3076492,840918,2026,International Rookie,International Rookie,1,1,International Rookie,26.666666666666668,17.0,True,False,0.005464377749923917,0.11143105398299591,82.33424159854678,2202,1.211734693877551,1568,41.772988146212164,1.211734693877551,1456
Pitcher,Luciano Prince,sa3077522,837887,2026,International Rookie,International Rookie,1,1,International Rookie,24.333333333333332,17.0,True,False,0.005464377749923917,0.11143105398299591,82.33424159854678,2202,1.211734693877551,1568,41.772988146212164,1.211734693877551,1456
Pitcher,Mario Garcia,sa3076491,840529,2026,International Rookie,International Rookie,1,1,International Rookie,23.0,17.0,True,False,0.005464377749923917,0.11143105398299591,82.33424159854678,2202,1.211734693877551,1568,41.772988146212164,1.211734693877551,1456
Pitcher,Kevin Meza,sa3077573,839442,2026,International Rookie,International Rookie,1,1,International Rookie,20.666666666666668,17.0,True,False,0.005464377749923917,0.11143105398299591,82.33424159854678,2202,1.211734693877551,1568,41.772988146212164,1.211734693877551,1456
Pitcher,Fredery Solano,sa3077256,837661,2026,International Rookie,International Rookie,1,1,International Rookie,25.666666666666668,17.0,True,False,0.005464377749923917,0.11143105398299591,82.33424159854678,2202,1.211734693877551,1568,41.772988146212164,1.211734693877551,1456
Pitcher,Franchel Crisostomo,sa3077393,837882,2026,International Rookie,International Rookie,1,1,International Rookie,22.0,17.0,True,False,0.005464377749923917,0.11143105398299591,82.33424159854678,2202,1.211734693877551,1568,41.772988146212164,1.211734693877551,1456
Pitcher,Jhosued Marcano,sa3077209,837877,2026,International Rookie,International Rookie,1,1,International Rookie,29.0,17.0,True,False,0.005464377749923917,0.11143105398299591,82.33424159854678,2202,1.211734693877551,1568,41.772988146212164,1.211734693877551,1456
Pitcher,Alexander De Los Santos,sa3076943,822195,2026,International Rookie,International Rookie,1,1,International Rookie,24.666666666666668,17.0,True,False,0.005464377749923917,0.11143105398299591,82.33424159854678,2202,1.211734693877551,1568,41.772988146212164,1.211734693877551,1456
Pitcher,Antonio Menendez,sa3018799,694674,2026,AAA,AA,6,4,A | A+ | AA | AAA,21.666666666666668,26.0,True,False,0.06909620183429986,0.7537309284945751,48.31268688594618,2341,35.19163763066202,861,41.7521622583041,35.19163763066202,1506
Pitcher,Jacob Kmatz,sa3035522,695771,2026,A+,A+,4,2,A | A+,28.333333333333332,23.0,True,False,0.027645700313640262,0.21306131645369786,42.10261569416499,3976,41.36585365853659,2050,41.73423467635079,41.36585365853659,1507
Pitcher,Cohen Achen,sa3067146,828494,2026,AA,AA,5,2,A+ | AA,26.666666666666668,24.0,True,False,0.04247843161700595,0.4027800842922469,44.20749279538905,3470,39.24213230571612,1557,41.724812550552585,39.24213230571612,1508
Pitcher,Chris Clark,sa3022874,805363,2026,AA,AA,5,3,A | A+ | AA,72.33333333333333,24.0,True,True,0.038416652842038775,0.4880298193989056,53.57348703170029,3470,29.800899165061015,1557,41.687193098380654,29.800899165061015,1509
Pitcher,Jeff Criswell,27608,676105,2026,AAA,AAA,6,3,A+ | AA | AAA,30.333333333333332,27.0,True,True,0.0748211483813399,0.6993936536980567,41.905168731311406,2341,41.46341463414634,861,41.68429168272887,41.46341463414634,1510
Pitcher,Jholbran Herder,sa3019272,800408,2026,A,A,3,3,International Rookie | Complex | A,64.0,21.0,True,True,0.020056145454708567,0.20366948658738146,52.83063190039934,4257,30.535638970898354,2371,41.68313543564885,30.535638970898354,1511
Pitcher,Noah Edders,sa3030774,833415,2026,A,A,3,1,A,62.333333333333336,23.0,True,True,0.022950853944241713,0.1752155766241558,44.256518675123324,4257,39.05525094896668,2371,41.655884812045,39.05525094896668,1512
Pitcher,Sam Aldegheri,26443,691951,2026,AAA,AAA,6,4,A | A+ | AA | AAA,92.33333333333333,24.0,True,True,0.07488921723792721,0.6972375573845387,41.77701836821871,2341,41.46341463414634,861,41.620216501182526,41.46341463414634,1513
Pitcher,Marlon De La Cruz,sa3023833,821023,2026,A,A,3,2,International Rookie | A,51.0,20.0,True,True,0.022956716055309846,0.17405215795155854,44.068592905802205,4257,39.05525094896668,2371,41.56192192738445,39.05525094896668,1514
Pitcher,Hyun-Seok Jang,sa3023601,815794,2026,A,A,3,2,Complex | A,67.0,22.0,True,True,0.02082135539225388,0.1973418955427206,50.88090204369274,4257,32.22269084774357,2371,41.55179644571815,32.22269084774357,1515
Pitcher,Cole Peschl,sa3039760,828497,2026,A+,A+,4,2,A | A+,65.0,23.0,True,True,0.025594986738637228,0.23944538102733545,47.811871227364186,3976,35.1219512195122,2050,41.46691122343819,35.1219512195122,1516
Pitcher,Dilan Figueredo,sa3019555,700310,2026,A+,A+,4,3,International Rookie | A | A+,55.666666666666664,23.0,True,True,0.019464705133377152,0.3410163829898718,65.26659959758551,3976,17.658536585365855,2050,41.46256809147568,17.658536585365855,1517
Pitcher,Hayden Minton,sa3023155,688354,2026,AA,AA,5,3,A | A+ | AA,35.0,25.0,True,True,0.042379165924880134,0.3996858027145655,43.861671469740635,3470,39.049454078355815,1557,41.455562774048225,39.049454078355815,1518
Pitcher,Brody Fowler,sa3069402,703415,2026,A,A,3,2,Complex | A,26.666666666666668,22.000000000000004,True,False,0.021690476722779736,0.1885161446443418,48.17946910970167,4257,34.66891606916913,2371,41.4241925894354,34.66891606916913,1519
Pitcher,Blake Wehunt,sa3023220,687762,2026,AAA,AAA,6,4,A | A+ | AA | AAA,41.666666666666664,24.999999999999996,True,True,0.06980138874263139,0.7442199788377327,46.8175993165314,2341,36.00464576074332,861,41.41112253863736,36.00464576074332,1520
Pitcher,Channing Austin,sa3025635,694537,2026,A+,A+,4,2,A | A+,38.333333333333336,24.0,True,True,0.026295349361804807,0.22971678222860112,45.57344064386318,3976,37.02439024390244,2050,41.298915443882805,37.02439024390244,1521
Pitcher,Mason Estrada,sa3069379,833386,2026,A,A,3,1,A,75.66666666666667,22.0,True,True,0.029003799041681527,0.12530276103789928,26.873385012919897,4257,55.6305356389709,2371,41.2519603259454,26.873385012919897,1522
Pitcher,Christian Worley,sa3045583,802371,2026,A+,A+,4,2,A | A+,52.333333333333336,24.0,True,True,0.027571585467396263,0.2085818103999122,41.19718309859155,3976,41.170731707317074,2050,41.18395740295431,41.170731707317074,1523
Pitcher,Nick Altermatt,sa3023451,805892,2026,AA,AA,5,3,A | A+ | AA,41.333333333333336,26.0,True,True,0.04462527420667229,0.35127036675309986,38.357348703170025,3470,43.99486191393706,1557,41.176105308553545,38.357348703170025,1524
Pitcher,Lazaro Mena,sa3076311,836567,2026,Complex,Complex,2,1,Complex,36.333333333333336,19.0,True,True,0.009280827433898966,0.09764597937150342,38.05774278215223,1524,44.168260038240916,1046,41.113001410196574,38.05774278215223,1525
Pitcher,Julio Pinales,sa3068996,835396,2026,International Rookie,International Rookie,1,1,International Rookie,30.666666666666668,19.0,True,True,0.006425422086504587,0.029942619755292357,18.48319709355132,2202,63.71173469387755,1568,41.097465893714435,18.48319709355132,1526
Pitcher,Dennis Colleran Jr.,sa3029168,701207,2026,AA,AA,5,3,A | A+ | AA,51.666666666666664,21.999999999999996,True,True,0.04572950065280706,0.3265381585922809,35.4178674351585,3470,46.563904945407835,1557,40.99088619028316,35.4178674351585,1527
Pitcher,Aidan Cremarosa,sa3029549,809093,2026,A,A,3,1,A,76.66666666666667,22.0,True,True,0.02156497730880259,0.1863830422129627,47.592201080573176,4257,34.37368199072122,2371,40.9829415356472,34.37368199072122,1528
Pitcher,Jhon Medina,sa3022121,808042,2026,A,A,3,3,International Rookie | Complex | A,45.666666666666664,20.0,True,True,0.02370698798883918,0.1659588538874198,41.06178059666432,4257,40.74230282581189,2371,40.902041711238105,40.74230282581189,1529
Pitcher,Jose Guedez,sa3019682,803247,2026,AA,AA,5,4,International Rookie | A | A+ | AA,44.0,24.0,True,True,0.03659833107902925,0.5008035223139723,55.07204610951008,3470,26.718047527296083,1557,40.89504681840308,26.718047527296083,1530
Pitcher,Dylan Lesko,sa3020677,702266,2026,A+,A,4,2,A | A+,84.0,20.000000000000004,True,True,0.02586195862836026,0.23086381041366774,46.001006036217305,3976,35.707317073170735,2050,40.854161554694016,35.707317073170735,1531
Pitcher,Kolby Allard,18694,663465,2026,AAA,AAA,6,3,A | AA | AAA,66.66666666666667,28.0,True,True,0.07295944423305445,0.7027086292997727,42.0333190944041,2341,39.60511033681765,861,40.819214715610876,39.60511033681765,1532
Pitcher,Tobias Myers,22191,668964,2026,AAA,AAA,6,4,A | A+ | AA | AAA,36.333333333333336,27.0,True,True,0.07069962520986672,0.7247133807655216,44.55360956856045,2341,37.04994192799071,861,40.801775748275574,37.04994192799071,1533
Pitcher,Jordy Vargas,sa3016052,700174,2026,A+,A+,4,4,International Rookie | Complex | A | A+,109.0,22.0,True,True,0.022718880103032434,0.2749830601991134,54.60261569416499,3976,26.73170731707317,2050,40.66716150561908,26.73170731707317,1534
Pitcher,Tyler Vogel,sa3020406,804922,2026,AA,AA,5,3,A | A+ | AA,51.666666666666664,24.999999999999996,True,True,0.04657582290822496,0.30144994749781967,32.39193083573487,3470,48.87604367373154,1557,40.6339872547332,32.39193083573487,1535
Pitcher,Frederik Dolsi,sa3068621,829954,2026,International Rookie,International Rookie,1,1,International Rookie,41.333333333333336,18.0,True,True,0.006236481743016504,0.049725921835909834,41.37148047229791,2202,39.859693877551024,1568,40.61558717492447,39.859693877551024,1536
Pitcher,Mike Villani,sa3044503,814525,2026,A,A,3,1,A,30.666666666666668,23.0,True,True,0.02903338992461762,0.12105302049564173,25.53441390650693,4257,55.67271193589203,2371,40.60356292119948,25.53441390650693,1537
Pitcher,Nick Falter,sa3076047,833413,2026,A+,A+,4,2,A | A+,27.333333333333332,23.0,True,False,0.02701416191046011,0.20896895509946609,41.34808853118712,3976,39.65853658536585,2050,40.50331255827649,39.65853658536585,1538
Pitcher,Yosber Sanchez,sa3011636,681458,2026,AA,AA,5,4,International Rookie | A | A+ | AA,45.0,25.0,True,True,0.03726348864201589,0.48306942605205444,53.170028818443804,3470,27.809890815671164,1557,40.48995981705748,27.809890815671164,1539
Pitcher,Jose Ledesma,sa3023811,702874,2026,A,A,3,3,International Rookie | Complex | A,38.666666666666664,23.0,True,True,0.019318127954125602,0.20285225326676673,52.45478036175711,4257,28.46900042176297,2371,40.461890391760036,28.46900042176297,1540
Pitcher,Eli Jerzembeck,sa3034672,702260,2026,A+,A+,4,1,A+,22.0,23.0,True,False,0.027877991287966804,0.1992031577698813,39.15995975855131,3976,41.75609756097561,2050,40.45802865976346,39.15995975855131,1541
Pitcher,Clay Edmondson,sa3030792,811667,2026,A+,A+,4,1,A+,27.0,23.0,True,False,0.027877991287966804,0.1992031577698813,39.15995975855131,3976,41.75609756097561,2050,40.45802865976346,39.15995975855131,1541
Pitcher,Duncan Davitt,31886,701474,2026,AAA,AAA,6,3,A+ | AA | AAA,59.333333333333336,26.0,True,True,0.07172941642463095,0.7076191541070221,42.46048697137975,2341,38.443670150987224,861,40.452078561183484,38.443670150987224,1543
Pitcher,Yadiel Batista,sa3021558,810098,2026,A,A,3,3,International Rookie | Complex | A,65.0,22.0,True,True,0.020936214456082868,0.1895177486516521,48.41437632135307,4257,32.43357233234922,2371,40.423974326851145,32.43357233234922,1544
Pitcher,Javier Perez,sa3024099,823649,2026,A+,A+,4,4,International Rookie | Complex | A | A+,20.666666666666668,22.0,True,False,0.017785115064958064,0.3540811026525137,67.27867203219316,3976,13.365853658536585,2050,40.32226284536487,13.365853658536585,1545
Pitcher,Luke Stofel,sa3023087,814477,2026,A+,A+,4,2,A | A+,49.333333333333336,24.0,True,True,0.027583497565148458,0.20023642239759154,39.41146881287727,3976,41.21951219512195,2050,40.31549050399961,39.41146881287727,1546
Pitcher,Franco Zabaleta,sa3024242,821032,2026,Complex,Complex,2,2,International Rookie | Complex,50.0,19.0,True,True,0.006467070713307703,0.12000162290643408,48.884514435695536,1524,31.739961759082217,1046,40.31223809738888,31.739961759082217,1547
Pitcher,Marlon Quintana,sa3024603,823822,2026,International Rookie,International Rookie,1,1,International Rookie,34.0,20.0,True,True,0.006013217050980379,0.07558178149698212,63.94187102633969,2202,16.645408163265305,1568,40.2936395948025,16.645408163265305,1548
Pitcher,Stefan Raeth,sa3020487,806288,2026,AA,AA,5,3,A | A+ | AA,21.333333333333332,24.999999999999996,True,False,0.040391194168136656,0.42082300724985583,46.54178674351585,3470,34.039820166987795,1557,40.29080345525182,34.039820166987795,1549
Pitcher,Blake Adams,31492,687060,2026,AA,AA,5,3,A | A+ | AA,27.333333333333332,25.0,True,False,0.04461334054723052,0.3368160777855494,36.570605187319885,3470,43.99486191393706,1557,40.28273355062847,36.570605187319885,1550
Pitcher,Connor Wietgrefe,sa3025401,809733,2026,AAA,AAA,6,3,A+ | AA | AAA,73.0,24.0,True,True,0.06347119462840307,0.7809150715505271,51.85818026484409,2341,28.687572590011616,861,40.27287642742785,28.687572590011616,1551
Pitcher,Jackson Wentworth,sa3045002,695741,2026,AA,AA,5,2,A+ | AA,115.0,23.0,True,True,0.039918201937503194,0.43077450507055765,47.83861671469741,3470,32.69107257546564,1557,40.264844645081524,32.69107257546564,1552
Pitcher,Danny Flatt,sa3023618,814343,2026,A,A,3,2,Complex | A,29.666666666666668,22.0,True,False,0.0222091049022001,0.17393454074257453,44.04510218463707,4257,36.4403205398566,2371,40.24271136224684,36.4403205398566,1553
Pitcher,Wilinyer Ardiles,sa3024566,821186,2026,International Rookie,International Rookie,1,1,International Rookie,30.666666666666668,18.0,True,True,0.0062456575343135525,0.047150597924903705,39.19164396003633,2202,41.26275510204081,1568,40.22719953103857,39.19164396003633,1554
Pitcher,Yerry De los Santos,21420,660787,2026,AAA,AAA,6,3,International Rookie | A | AAA,43.333333333333336,28.000000000000004,True,True,0.06536336989213089,0.7649325874377619,49.893208030756085,2341,30.545876887340302,861,40.21954245904819,30.545876887340302,1555
Pitcher,Anhuar Garcia,sa3067383,806879,2026,A,A,3,2,Complex | A,25.333333333333332,21.999999999999996,True,False,0.02084387556050209,0.18829708876320328,48.10899694620625,4257,32.307043441585826,2371,40.20802019389603,32.307043441585826,1556
Pitcher,Caden Grice,sa3023166,694364,2026,A+,A+,4,2,A | A+,82.66666666666667,24.0,True,True,0.02831655044807482,0.18976615455826865,36.896378269617706,3976,43.51219512195122,2050,40.20428669578446,36.896378269617706,1557
Pitcher,Matt McShane,sa3037749,823791,2026,A+,A+,4,1,A+,49.0,23.0,True,True,0.024984623468502706,0.234317360202841,46.80583501006036,3976,33.51219512195122,2050,40.15901506600579,33.51219512195122,1558
Pitcher,Carter Holton,sa3025599,692290,2026,A,A,3,1,A,33.666666666666664,23.0,True,True,0.022940729545571668,0.16641342411693633,41.27319708715058,4257,38.92872205820329,2371,40.100959572676935,38.92872205820329,1559
Pitcher,Frandel Pineda,sa3076448,836622,2026,International Rookie,International Rookie,1,1,International Rookie,38.0,17.0,True,True,0.006057395976803794,0.07003581820093126,59.718437783832876,2202,20.34438775510204,1568,40.03141276946746,20.34438775510204,1560
Pitcher,Brooks Caple,sa3028388,699944,2026,A+,A+,4,2,A | A+,21.666666666666668,23.0,True,False,0.02690157394482855,0.20565936636033133,40.56841046277666,3976,39.46341463414634,2050,40.0159125484615,39.46341463414634,1561
Pitcher,Jider Corpas,sa3067596,829926,2026,International Rookie,International Rookie,1,1,International Rookie,38.666666666666664,18.0,True,True,0.006142723857554708,0.06062204623682304,51.544050862851954,2202,28.380102040816325,1568,39.962076451834136,28.380102040816325,1562
Pitcher,Marques Johnson,sa3020741,688730,2026,AAA,AAA,6,4,A | A+ | AA | AAA,30.333333333333332,25.0,True,True,0.0758772831110059,0.6526063197983144,36.821870995301154,2341,43.08943089430894,861,39.95565094480504,36.821870995301154,1563
Pitcher,Nolan Perry,sa3021476,804526,2026,A,A,3,2,Complex | A,21.0,22.0,True,False,0.022883659251119032,0.16615918973653565,41.08527131782946,4257,38.76001687051877,2371,39.92264409417412,38.76001687051877,1564
Pitcher,Nathan Dettmer,sa3023207,700579,2026,A+,A,4,2,A | A+,29.666666666666668,23.0,True,False,0.02740906259506175,0.19818038684646377,39.00905432595574,3976,40.829268292682926,2050,39.919161309319335,39.00905432595574,1565
Pitcher,Gerardo Lopez,sa3024891,825751,2026,Complex,Complex,2,2,International Rookie | Complex,32.0,20.0,True,True,0.005852162897111637,0.12700315728586808,52.36220472440945,1524,27.437858508604208,1046,39.90003161650683,27.437858508604208,1566
Pitcher,Jonatan Bernal,sa3009271,685763,2026,AAA,AAA,6,5,International Rookie | Complex | A | AA | AAA,38.333333333333336,24.0,True,True,0.06559201850279044,0.7598296217414596,48.99615548910722,2341,30.662020905923345,861,39.82908819751528,30.662020905923345,1567
Pitcher,Nick Weyrich,sa3045065,811721,2026,A,A,3,1,A,45.666666666666664,23.0,True,True,0.02575897902759762,0.14213308476612263,32.840028188865396,4257,46.77351328553353,2371,39.806770737199464,32.840028188865396,1568
Pitcher,Jack Choate,sa3020407,805257,2026,AA,AA,5,3,A | A+ | AA,51.333333333333336,25.000000000000004,True,True,0.041988841370934095,0.3849533916567105,41.90201729106628,3470,37.70070648683365,1557,39.80136188894997,37.70070648683365,1569
Pitcher,Sam Whiting,sa3023078,688519,2026,AA,A+,5,3,A | A+ | AA,23.0,24.0,True,False,0.03880064499077067,0.44427163661486846,49.19308357348703,3470,30.37893384714194,1557,39.78600871031448,30.37893384714194,1570
Pitcher,Matt Svanson,29629,694335,2026,AAA,AAA,6,4,A | A+ | AA | AAA,20.666666666666668,27.0,True,False,0.07276745685628609,0.6826469521352029,40.068346860316105,2341,39.48896631823461,861,39.77865658927536,39.48896631823461,1571
Pitcher,Adolfo Oviedo,sa3018882,801743,2026,A+,A+,4,3,International Rookie | A | A+,34.0,21.0,True,True,0.022677097011746892,0.2661290695448825,52.8672032193159,3976,26.682926829268293,2050,39.7750650242921,26.682926829268293,1572
Pitcher,Aaron Munson,sa3023257,815317,2026,AA,AA,5,3,A | A+ | AA,57.333333333333336,24.0,True,True,0.03924589013488898,0.43436705233441897,48.069164265129686,3470,31.47077713551702,1557,39.769970700323356,31.47077713551702,1573
Pitcher,Angel Jimenez,sa3018287,691439,2026,A+,A+,4,4,International Rookie | Complex | A | A+,21.333333333333332,22.0,True,False,0.0206154818404593,0.29778557970281755,58.501006036217305,3976,21.024390243902438,2050,39.76269814005987,21.024390243902438,1574
Pitcher,Irving Cota,sa3022108,806522,2026,A+,A+,4,4,International Rookie | Complex | A | A+,24.666666666666668,22.000000000000004,True,False,0.0202181301028422,0.30398838320253685,59.6327967806841,3976,19.853658536585368,2050,39.74322765863474,19.853658536585368,1575
Pitcher,Aneury Lora,sa3019365,699699,2026,A,A,3,3,International Rookie | Complex | A,58.333333333333336,22.0,True,True,0.01566867001648728,0.23991295965875328,61.26380079868452,4257,18.17798397300717,2371,39.72089238584584,18.17798397300717,1576
Pitcher,Jason Gilman,sa3069398,835610,2026,A,A,3,1,A,55.666666666666664,23.0,True,True,0.02573435582319454,0.14188007696219784,32.76955602536998,4257,46.646984394770136,2371,39.708270210070054,32.76955602536998,1577
Pitcher,Sandy Gaston,sa3011136,682624,2026,AA,AA,5,4,Complex | A | A+ | AA,52.333333333333336,24.0,True,True,0.04334354712909558,0.3476137212405133,38.01152737752162,3470,41.36159280667951,1557,39.686560092100564,38.01152737752162,1578
Pitcher,Carlos Rodriguez,30161,692230,2026,AAA,AAA,6,4,A | A+ | AA | AAA,49.666666666666664,24.0,True,True,0.06988436021924961,0.7131459915396527,43.27210593763349,2341,36.00464576074332,861,39.63837584918841,36.00464576074332,1579
Pitcher,Jose Bello,sa3021530,808366,2026,A,A,3,3,International Rookie | Complex | A,69.33333333333333,21.0,True,True,0.021982515886406283,0.17190450274164573,43.45783415550857,4257,35.765499789118515,2371,39.61166697231354,35.765499789118515,1580
Pitcher,Joan Pena,sa3068485,829877,2026,Complex,Complex,2,2,International Rookie | Complex,39.0,18.0,True,True,0.004702693124075236,0.13693352249812474,57.21784776902887,1524,21.988527724665392,1046,39.603187746847134,21.988527724665392,1581
Pitcher,Wifrailyn Jaquez,sa3024278,823868,2026,Complex,Complex,2,2,International Rookie | Complex,33.333333333333336,19.0,True,True,0.007029273094173809,0.10992375463267634,44.68503937007874,1524,34.51242829827916,1046,39.59873383417895,34.51242829827916,1582
Pitcher,Emmanuel Pena,sa3068124,830015,2026,International Rookie,International Rookie,1,1,International Rookie,30.333333333333332,18.0,True,True,0.006105036832556814,0.06339756720194004,54.178019981834694,2202,25.0,1568,39.58900999091735,25.0,1583
Pitcher,Jake Jekielek,sa3025646,828364,2026,A,A,3,1,A,33.0,23.0,True,True,0.024559814317692726,0.14902942433398514,35.377026074700495,4257,43.69464361029102,2371,39.53583484249576,35.377026074700495,1584
Pitcher,Javier Perez,sa3024099,823649,2026,A,A,3,3,International Rookie | Complex | A,89.33333333333333,22.0,True,True,0.01717567739344024,0.21960887130259923,56.800563777307964,4257,22.05820328975116,2371,39.42938353352956,22.05820328975116,1585
Pitcher,Ranger Sarit,sa3068911,835993,2026,International Rookie,International Rookie,1,1,International Rookie,44.0,20.0,True,True,0.00624321291128809,0.04609689930372561,37.87465940054496,2202,40.94387755102041,1568,39.40926847578268,37.87465940054496,1586
Pitcher,James Hicks,sa3023161,801802,2026,AA,AA,5,2,A+ | AA,114.33333333333333,25.0,True,True,0.041024224251691895,0.3946001628288548,43.14121037463977,3470,35.58124598587026,1557,39.36122818025501,35.58124598587026,1587
Pitcher,Greg Farone,sa3031164,805661,2026,AA,AA,5,3,A | A+ | AA,107.0,24.0,True,True,0.045065691857057444,0.3096543454686156,33.429394812680115,3470,45.27938342967245,1557,39.35438912117628,33.429394812680115,1588
Pitcher,Jhon Almonte,sa3067577,829383,2026,Complex,Complex,2,2,International Rookie | Complex,47.666666666666664,19.0,True,True,0.009332088893278788,0.09125148956426675,34.38320209973753,1524,44.263862332695986,1046,39.32353221621676,34.38320209973753,1589
Pitcher,Craig Yoho,33248,684974,2026,AAA,AAA,6,3,A+ | AA | AAA,23.0,26.0,True,False,0.06508511649054334,0.7552833698586594,48.44083724903887,2341,30.197444831591174,861,39.319141040315024,30.197444831591174,1590
Pitcher,Yosver Zulueta,27765,691172,2026,AAA,AAA,6,2,A+ | AAA,38.0,28.0,True,True,0.07462458572974348,0.6573424367045811,37.3771892353695,2341,41.23112659698025,861,39.30415791617487,37.3771892353695,1591
Pitcher,Adrian Heredia,sa3024791,823892,2026,A,A,3,3,International Rookie | Complex | A,58.0,21.0,True,True,0.02267796813668327,0.16473816057194973,40.5214940098661,4257,38.08519611978068,2371,39.30334506482339,38.08519611978068,1592
Pitcher,Holt Jones,sa3017368,695366,2026,AA,AA,5,3,A | A+ | AA,44.666666666666664,27.0,True,True,0.04037007953101614,0.4057542562183138,44.63976945244957,3470,33.91136801541426,1557,39.27556873393192,33.91136801541426,1593
Pitcher,Will Childers,sa3021720,682999,2026,AAA,AAA,6,3,A | AA | AAA,33.333333333333336,25.0,True,True,0.07138595088482622,0.6849450464491612,40.28193079880393,2341,38.21138211382114,861,39.246656456312536,38.21138211382114,1594
Pitcher,Alfredo Guzman,sa3076951,829091,2026,International Rookie,International Rookie,1,1,International Rookie,32.33333333333333,21.000000000000004,True,True,0.0065355744910156,0.012445113167381311,2.5885558583106265,2202,75.7015306122449,1568,39.14504323527776,2.5885558583106265,1595
Pitcher,Joey Mancini,sa3020858,686223,2026,AAA,AAA,6,4,A | A+ | AA | AAA,29.666666666666668,26.0,True,False,0.061871579921964924,0.774583252949685,50.91841093549765,2341,27.293844367015097,861,39.10612765125637,27.293844367015097,1596
Pitcher,Jun-Seok Shim,sa3022110,807149,2026,Complex,Complex,2,1,Complex,20.0,22.0,True,False,0.006479231173028961,0.11377786893514061,46.45669291338583,1524,31.739961759082217,1046,39.09832733623402,31.739961759082217,1597
Pitcher,Blake Gillespie,sa3032227,805730,2026,Complex,Complex,2,1,Complex,25.333333333333332,21.999999999999996,True,False,0.006479231173028967,0.11377786893514068,46.45669291338583,1524,31.739961759082217,1046,39.09832733623402,31.739961759082217,1597
Pitcher,Holden deJong,sa3030040,834722,2026,Complex,Complex,2,1,Complex,21.0,22.0,True,False,0.006479231173028961,0.11377786893514061,46.45669291338583,1524,31.739961759082217,1046,39.09832733623402,31.739961759082217,1597
Pitcher,Austin Breedlove,sa3076309,824445,2026,Complex,Complex,2,1,Complex,23.0,22.0,True,False,0.006479231173028961,0.11377786893514061,46.45669291338583,1524,31.739961759082217,1046,39.09832733623402,31.739961759082217,1597
Pitcher,Will Eldridge,sa3076272,804885,2026,Complex,Complex,2,1,Complex,21.0,22.0,True,False,0.006479231173028961,0.11377786893514061,46.45669291338583,1524,31.739961759082217,1046,39.09832733623402,31.739961759082217,1597
Pitcher,Noah Palmese,sa3069393,807546,2026,Complex,Complex,2,1,Complex,25.333333333333332,21.999999999999996,True,False,0.006479231173028967,0.11377786893514068,46.45669291338583,1524,31.739961759082217,1046,39.09832733623402,31.739961759082217,1597
Pitcher,Stanly Alcantara,sa3022151,811625,2026,Complex,Complex,2,1,Complex,29.666666666666668,22.0,True,False,0.006479231173028961,0.11377786893514061,46.45669291338583,1524,31.739961759082217,1046,39.09832733623402,31.739961759082217,1597
Pitcher,Wyatt Crowell,sa3023662,694573,2026,AA,AA,5,2,A+ | AA,69.0,24.0,True,True,0.04259349060663671,0.3565249788296988,38.731988472622476,3470,39.43481053307643,1557,39.08339950284945,38.731988472622476,1604
Pitcher,Cole Tolbert,sa3025352,824613,2026,A,A,3,1,A,51.0,23.0,True,True,0.02307849500179865,0.15967560982179704,38.87714352830632,4257,39.26613243357233,2371,39.07163798093933,38.87714352830632,1605
Pitcher,Juan Arnaud,sa3018294,699304,2026,A+,A+,4,4,International Rookie | Complex | A | A+,51.666666666666664,23.0,True,True,0.019153301475731323,0.31358062991671065,61.06639839034205,3976,17.073170731707318,2050,39.06978456102468,17.073170731707318,1606
Pitcher,Fernando Sanchez,sa3010134,685719,2026,AA,AA,5,4,Complex | A | A+ | AA,49.333333333333336,25.000000000000004,True,True,0.04023463979084024,0.4035863818344918,44.40922190201729,3470,33.71868978805395,1557,39.06395584503562,33.71868978805395,1607
Pitcher,Hans Crouse,22192,668968,2026,AAA,AAA,6,4,Complex | A | AA | AAA,38.666666666666664,27.0,True,True,0.07307386598416087,0.6669820083913015,38.40239214011106,2341,39.721254355400696,861,39.06182324775588,38.40239214011106,1608
Pitcher,Mitch Mueller,sa3067317,823671,2026,AA,AA,5,3,A | A+ | AA,21.333333333333332,24.0,True,False,0.03743019615599682,0.453546468672851,50.0,3470,28.00256904303147,1557,39.001284521515736,28.00256904303147,1609
Pitcher,Luis Carrasco,sa1172127,682918,2026,A+,A+,4,3,Complex | A | A+,43.333333333333336,24.0,True,True,0.025048294473525877,0.22379213689286181,44.39134808853119,3976,33.609756097560975,2050,39.00055209304608,33.609756097560975,1610
Pitcher,Dariel Florentino,sa3024894,827693,2026,International Rookie,International Rookie,1,1,International Rookie,31.333333333333332,20.0,True,True,0.006228765882991362,0.04703811249900401,39.14623069936422,2202,38.839285714285715,1568,38.992758206824966,38.839285714285715,1611
Pitcher,Aidan Haugh,sa3033399,815063,2026,A,A,3,1,A,118.33333333333333,23.0,True,True,0.02300027071323701,0.1595388950004743,38.83016208597604,4257,39.13960354280894,2371,38.98488281439249,38.83016208597604,1612
Pitcher,Xavier Martinez,sa3066661,821970,2026,A+,A+,4,2,A | A+,42.333333333333336,23.0,True,True,0.027983768312868463,0.18672389112498566,35.86519114688129,3976,42.0,2050,38.93259557344064,35.86519114688129,1613
Pitcher,Hunter Barco,33174,682995,2026,AAA,AAA,6,3,A+ | AA | AAA,68.33333333333333,25.0,True,True,0.06545020877895871,0.7465097041914562,47.287483981204616,2341,30.545876887340302,861,38.91668043427246,30.545876887340302,1614
Pitcher,Ethan Roberts,24930,681799,2026,AAA,AAA,6,4,A | A+ | AA | AAA,25.0,28.0,True,False,0.061957783298081166,0.7685967767998924,50.3630926954293,2341,27.40998838559814,861,38.88654054051372,27.40998838559814,1615
Pitcher,Aidan Major,sa3036887,802146,2026,A,A,3,1,A,44.333333333333336,23.0,True,True,0.023880798997877022,0.15315740764018548,36.5045806906272,4257,41.206242091944326,2371,38.85541139128576,36.5045806906272,1616
Pitcher,Seojun Moon,sa3069439,836688,2026,Complex,Complex,2,1,Complex,30.333333333333332,19.0,True,True,0.0047913812047581245,0.1328219227593651,55.31496062992126,1524,22.37093690248566,1046,38.84294876620346,22.37093690248566,1617
Pitcher,Brandon Herbold,sa3021988,806776,2026,A,A,3,2,Complex | A,30.0,21.0,True,True,0.021278107383454873,0.1738818120569877,44.02161146347193,4257,33.656684943062,2371,38.83914820326696,33.656684943062,1618
Pitcher,Tanner Bauman,sa3026750,703748,2026,A+,A+,4,2,A | A+,35.666666666666664,24.0,True,True,0.025822580273393063,0.2123254296842465,42.00201207243461,3976,35.65853658536585,2050,38.83027432890023,35.65853658536585,1619
Pitcher,Yoel Tejeda Jr.,sa3043611,701347,2026,AA,AA,5,3,A | A+ | AA,32.0,22.0,True,True,0.04137274426318354,0.3797886419548872,41.4121037463977,3470,36.22350674373796,1557,38.81780524506783,36.22350674373796,1620
Pitcher,Luis De La Cruz,sa3020981,806927,2026,A,A,3,2,International Rookie | A,40.666666666666664,23.0,True,True,0.02403882049234145,0.15091952471034648,35.96429410382899,4257,41.67018135807676,2371,38.817237730952876,35.96429410382899,1621
Pitcher,Matt Turner,sa3005029,676666,2026,AAA,AAA,6,5,Complex | A | A+ | AA | AAA,28.666666666666668,26.0,True,False,0.06416422106038894,0.7548167046901733,48.35540367364374,2341,29.26829268292683,861,38.81184817828529,29.26829268292683,1622
Pitcher,Yunny Tovar,sa3024648,821771,2026,International Rookie,International Rookie,1,1,International Rookie,39.0,19.0,True,True,0.006219334815355333,0.04858222734913202,40.19073569482289,2202,37.37244897959184,1568,38.781592337207364,37.37244897959184,1623
Pitcher,Will Koger,sa3035600,695572,2026,A+,A+,4,2,A | A+,25.666666666666668,23.0,True,False,0.02741015623088201,0.18924612680040065,36.69517102615694,3976,40.829268292682926,2050,38.762219659419934,36.69517102615694,1624
Pitcher,Anthony Feliz,sa3068476,829497,2026,International Rookie,International Rookie,1,1,International Rookie,39.0,19.0,True,True,0.005950999285787721,0.07713141378709426,64.94096276112624,2202,12.563775510204081,1568,38.75236913566516,12.563775510204081,1625
Pitcher,Pedro Da Costa Lemos,sa3016781,692038,2026,A+,A+,4,3,Complex | A | A+,23.0,23.0,True,False,0.02336439499999721,0.24663608201480627,48.943661971830984,3976,28.536585365853657,2050,38.74012366884232,28.536585365853657,1626
Pitcher,Chayce McDermott,29866,694646,2026,AAA,AAA,6,3,A+ | AA | AAA,26.333333333333332,27.0,True,False,0.06727180716284153,0.7238220751454452,44.46817599316531,2341,32.868757259001164,861,38.66846662608324,32.868757259001164,1627
Pitcher,Hayden Snelsire,sa3023138,814388,2026,AA,AA,5,3,A | A+ | AA,54.0,25.0,True,True,0.039928429660181744,0.4054731099991183,44.5821325648415,3470,32.69107257546564,1557,38.63660257015357,32.69107257546564,1628
Pitcher,Yaury Jimenez,sa3068331,825146,2026,International Rookie,International Rookie,1,1,International Rookie,33.333333333333336,19.0,True,True,0.006213749671040488,0.04865975194332289,40.32697547683924,2202,36.92602040816327,1568,38.62649794250125,36.92602040816327,1629
Pitcher,Brendan Beck,33043,694341,2026,AAA,AAA,6,3,A+ | AA | AAA,131.0,27.0,True,True,0.05913858588860608,0.7890413548080832,52.92609995728321,2341,24.274099883855982,861,38.6000999205696,24.274099883855982,1630
Pitcher,Wyatt Lunsford-Shenkman,sa3036703,701828,2026,A+,A+,4,1,A+,49.666666666666664,23.0,True,True,0.02800548718613063,0.18304212551610133,34.83400402414487,3976,42.19512195121951,2050,38.51456298768219,34.83400402414487,1631
Pitcher,Silvano Hechavarria,sa3024856,827664,2026,A+,A,4,3,International Rookie | A | A+,22.333333333333332,22.0,True,False,0.02122814021678876,0.27372842677936465,54.37625754527163,3976,22.585365853658537,2050,38.48081169946508,22.585365853658537,1632
Pitcher,Miguel Herrera,sa3076470,837858,2026,International Rookie,International Rookie,1,1,International Rookie,40.333333333333336,17.0,True,True,0.005760539825267591,0.08842473323312407,71.88919164396003,2202,5.038265306122449,1568,38.46372847504124,5.038265306122449,1633
Pitcher,Sam Garcia,sa3031950,822760,2026,AA,AA,5,3,A | A+ | AA,38.0,24.0,True,True,0.03787356278945009,0.43123567654056366,47.89625360230548,3470,28.96596017983301,1557,38.43110689106925,28.96596017983301,1634
Pitcher,Lionel Prevosti,sa3068107,829684,2026,International Rookie,International Rookie,1,1,International Rookie,33.666666666666664,19.0,True,True,0.006308578482890817,0.03844275209646266,27.52043596730245,2202,49.298469387755105,1568,38.409452677528776,27.52043596730245,1635
Pitcher,Rayner Castillo,sa3015487,698982,2026,A+,A+,4,4,International Rookie | Complex | A | A+,87.33333333333333,22.0,True,True,0.021399186738199447,0.2700675178881985,53.672032193158955,3976,23.121951219512194,2050,38.39699170633558,23.121951219512194,1636
Pitcher,Brody Fowler,sa3069402,703415,2026,Complex,Complex,2,1,Complex,40.333333333333336,22.0,True,True,0.006065943646963796,0.11717817591045507,47.965879265091864,1524,28.776290630975144,1046,38.371084948033506,28.776290630975144,1637
Pitcher,Drey Jameson,26260,686753,2026,AAA,AAA,6,3,A+ | AA | AAA,29.0,28.0,True,False,0.06044133117151763,0.7764390851749013,51.08927808628791,2341,25.551684088269454,861,38.32048108727868,25.551684088269454,1638
Pitcher,Shane Smith,31687,681343,2026,AAA,AAA,6,4,A | A+ | AA | AAA,50.333333333333336,26.0,True,True,0.07132279155702516,0.6677397626075644,38.445108927808626,2341,38.095238095238095,861,38.27017351152336,38.095238095238095,1639
Pitcher,Luke Hansel,sa3077645,802957,2026,A,A,3,1,A,37.333333333333336,24.0,True,True,0.023031759540253015,0.15509225605537666,37.32675593140709,4257,39.18177983973007,2371,38.25426788556858,37.32675593140709,1640
Pitcher,Dash Albus,sa3025855,822836,2026,A+,A+,4,2,A | A+,29.333333333333332,23.0,True,False,0.027167544028219116,0.1875127052908348,36.14185110663984,3976,40.292682926829265,2050,38.21726701673455,36.14185110663984,1641
Pitcher,Justin Campbell,sa3028334,683235,2026,AA,AA,5,1,AA,36.666666666666664,25.0,True,True,0.035752762217127566,0.4617978637906415,50.778097982708935,3470,25.497752087347465,1557,38.1379250350282,25.497752087347465,1642
Pitcher,Mauricio Estrella,sa3018857,800442,2026,A+,A+,4,4,International Rookie | Complex | A | A+,28.333333333333332,22.0,True,False,0.019176616530610854,0.3007965039192911,59.054325955734406,3976,17.121951219512194,2050,38.0881385876233,17.121951219512194,1643
Pitcher,Jack Seppings,sa3025573,808952,2026,AA,AA,5,3,A | A+ | AA,41.0,23.0,True,True,0.037547955583744394,0.4321458497694623,47.89625360230548,3470,28.19524727039178,1557,38.04575043634863,28.19524727039178,1644
Pitcher,Cole Stasio,sa3074192,801453,2026,AA,AA,5,2,A+ | AA,37.0,24.0,True,True,0.04051058338011426,0.38239135035172717,41.757925072046106,3470,34.296724470134876,1557,38.02732477109049,34.296724470134876,1645
Pitcher,Jonathan Stevens,sa3069085,828716,2026,A,A,3,1,A,52.333333333333336,22.000000000000004,True,True,0.02533985275130324,0.13539612109492907,30.37350246652572,4257,45.46604808097849,2371,37.91977527375211,30.37350246652572,1646
Pitcher,Blake Aita,sa3025822,820832,2026,A+,A+,4,2,A | A+,57.333333333333336,23.0,True,True,0.02279221502322445,0.24723047012455643,48.99396378269618,3976,26.829268292682926,2050,37.911616037689555,26.829268292682926,1647
Pitcher,Yosangel Braffit,sa3077021,838980,2026,International Rookie,International Rookie,1,1,International Rookie,30.0,18.0,True,True,0.006099333179601746,0.060240747844951155,51.22615803814714,2202,24.553571428571427,1568,37.88986473335928,24.553571428571427,1648
Pitcher,Matthew Tippie,sa3076043,822915,2026,A,A,3,1,A,47.0,23.0,True,True,0.022410034198167145,0.15777426927928576,38.40732910500353,4257,37.28384647827921,2371,37.845587791641364,37.28384647827921,1649
Pitcher,Orlando Marcelin,sa3069029,830430,2026,International Rookie,International Rookie,1,1,International Rookie,32.0,18.0,True,True,0.0057947230679200245,0.08391795528424698,69.8455949137148,2202,5.676020408163265,1568,37.76080766093904,5.676020408163265,1650
Pitcher,Evan Shaw,sa3025563,822627,2026,AA,AA,5,2,A+ | AA,63.666666666666664,25.0,True,True,0.04195306061140516,0.34657977421691266,37.89625360230548,3470,37.57225433526011,1557,37.734253968782795,37.57225433526011,1651
Pitcher,Nick Robertson,26226,687798,2026,AAA,AAA,6,2,AA | AAA,25.0,27.0,True,False,0.06645295150919735,0.7139452094037037,43.35753951302862,2341,31.939605110336817,861,37.64857231168272,31.939605110336817,1652
Pitcher,Trenton Denholm,sa3018139,671143,2026,AAA,AAA,6,4,A | A+ | AA | AAA,118.33333333333333,26.0,True,True,0.06619823095576383,0.7195662675596611,44.041008116189666,2341,31.24274099883856,861,37.641874557514114,31.24274099883856,1653
Pitcher,Maikel Miralles,sa3022418,808063,2026,A+,A+,4,2,A | A+,63.333333333333336,21.0,True,True,0.02780551568689631,0.1781145533837913,33.5513078470825,3976,41.707317073170735,2050,37.62931246012661,33.5513078470825,1654
Pitcher,Juan Medina,sa3077414,839782,2026,International Rookie,International Rookie,1,1,International Rookie,38.333333333333336,19.0,True,True,0.006090433109013854,0.06073762283876917,51.58946412352407,2202,23.660714285714285,1568,37.62508920461917,23.660714285714285,1655
Pitcher,Grant Kipp,sa3020185,805990,2026,AA,AA,5,3,A | A+ | AA,51.333333333333336,26.0,True,True,0.03797143387034855,0.41735185491267407,46.080691642651296,3470,29.094412331406552,1557,37.587551987028924,29.094412331406552,1656
Pitcher,Adam Falinski,sa3076083,802709,2026,A+,A+,4,2,A | A+,29.333333333333332,23.0,True,False,0.026624807677770333,0.1897078569739441,36.84607645875251,3976,38.24390243902439,2050,37.54498944888845,36.84607645875251,1657
Pitcher,Jake Brooks,sa3023205,694860,2026,AAA,AAA,6,4,A | A+ | AA | AAA,67.33333333333333,24.0,True,True,0.05674382776202721,0.795297684032837,53.39598462195643,2341,21.60278745644599,861,37.49938603920121,21.60278745644599,1658
Pitcher,Eric Prado,sa3021780,808260,2026,A,A,3,3,International Rookie | Complex | A,48.666666666666664,20.0,True,True,0.01942838054450244,0.18226050981819955,46.300211416490484,4257,28.67988190636862,2371,37.49004666142955,28.67988190636862,1659
Pitcher,Anthony Astudillo,sa3025166,828713,2026,Complex,Complex,2,2,International Rookie | Complex,32.666666666666664,20.0,True,True,0.005792420227569061,0.11685138968569286,47.83464566929134,1524,27.05544933078394,1046,37.44504750003764,27.05544933078394,1660
Pitcher,Luis Beltran,sa3021509,808055,2026,A,A,3,2,International Rookie | A,25.0,22.0,True,False,0.022107407329572518,0.1583976877145156,38.595254874324645,4257,36.22943905525095,2371,37.4123469647878,36.22943905525095,1661
Pitcher,Masahiro Fukuda,sa3068828,829431,2026,International Rookie,International Rookie,1,1,International Rookie,31.333333333333332,24.0,True,True,0.006524031626756018,0.006115947736198066,0.36330608537693004,2202,74.42602040816327,1568,37.3946632467701,0.36330608537693004,1662
Pitcher,Aneudy Santos,sa3068508,831345,2026,International Rookie,International Rookie,1,1,International Rookie,43.0,20.0,True,True,0.006061085216125469,0.06326104144619242,54.04178019981835,2202,20.599489795918366,1568,37.32063499786835,20.599489795918366,1663
Pitcher,Nathan Dettmer,sa3023207,700579,2026,AA,AA,5,3,A | A+ | AA,35.666666666666664,24.0,True,True,0.039933307792710725,0.3842720741968513,41.873198847262245,3470,32.75529865125241,1557,37.31424874925733,32.75529865125241,1664
Pitcher,Kade Strowd,26191,669704,2026,AAA,AAA,6,3,A+ | AA | AAA,43.0,28.0,True,True,0.07469470822477621,0.6164563613313417,33.14822725331055,2341,41.347270615563296,861,37.24774893443693,33.14822725331055,1665
Pitcher,Daison Acosta,sa944989,670897,2026,AAA,AAA,6,5,Complex | A | A+ | AA | AAA,22.666666666666668,27.0,True,False,0.057409126829079414,0.783989432542012,52.15719777872704,2341,22.299651567944252,861,37.228424673335645,22.299651567944252,1666
Pitcher,Jay Driver,sa3023044,807718,2026,AA,AA,5,2,A+ | AA,62.0,24.0,True,True,0.041492997964951574,0.34607515426268315,37.89625360230548,3470,36.5446371226718,1557,37.22044536248864,36.5446371226718,1667
Pitcher,Brady Afthim,sa3025791,808833,2026,A+,A+,4,2,A | A+,26.333333333333332,23.0,True,False,0.02680538651773865,0.184920114579036,35.36217303822938,3976,39.02439024390244,2050,37.19328164106591,35.36217303822938,1668
Pitcher,Marcos Herrera,sa3019261,800154,2026,A,A,3,3,International Rookie | Complex | A,73.66666666666667,21.0,True,True,0.020994673328279857,0.1672162557191026,41.55508574113225,4257,32.813159004639395,2371,37.184122372885824,32.813159004639395,1669
Pitcher,Yadier Zamora,sa3077420,842281,2026,International Rookie,International Rookie,1,1,International Rookie,30.0,20.0,True,True,0.005890032172819207,0.07813571069228963,65.62216167120799,2202,8.673469387755102,1568,37.14781552948155,8.673469387755102,1670
Pitcher,Riley Eikhoff,sa3030851,694408,2026,A,A,3,1,A,65.66666666666667,24.0,True,True,0.02340772373822878,0.1457238480572751,34.225980737608644,4257,40.067482075073805,2371,37.146731406341225,34.225980737608644,1671
Pitcher,Cameron Wagoner,sa3019952,687726,2026,AA,AA,5,2,A+ | AA,26.666666666666668,25.0,True,False,0.041258300101273335,0.35161030131459053,38.38616714697406,3470,35.90237636480411,1557,37.144271755889086,35.90237636480411,1672
Pitcher,Chandler Welch,sa3025667,803068,2026,A+,A+,4,2,A | A+,60.333333333333336,23.0,True,True,0.025192512543325822,0.20388083979377497,40.04024144869215,3976,34.24390243902439,2050,37.14207194385827,34.24390243902439,1673
Pitcher,Eiberson Castellano,28040,682769,2026,AA,AA,5,4,International Rookie | A | A+ | AA,53.0,25.0,True,True,0.03888075727597951,0.3975415247752725,43.60230547550432,3470,30.571612074502248,1557,37.08695877500328,30.571612074502248,1674
Pitcher,Jordan Henriquez,sa3023867,823932,2026,A,A,3,2,International Rookie | A,68.33333333333333,22.0,True,True,0.018752214303702535,0.18553673608123689,47.263330984261216,4257,26.824124841838888,2371,37.04372791305005,26.824124841838888,1675
Pitcher,Evan Fitterer,sa3011433,683157,2026,AAA,AAA,6,5,Complex | A | A+ | AA | AAA,88.33333333333333,26.0,True,True,0.06346668214900232,0.7312990461731429,45.27979495941905,2341,28.687572590011616,861,36.98368377471533,28.687572590011616,1676
Pitcher,Nick Robertson,26226,687798,2026,AAA,AA,6,2,AA | AAA,52.33333333333333,26.0,True,True,0.06936641905457865,0.6681361296972917,38.4878257155062,2341,35.42392566782811,861,36.95587569166715,35.42392566782811,1677
Pitcher,Tzu-Chen Sha,sa3021551,809223,2026,A+,A+,4,3,Complex | A | A+,72.33333333333333,22.0,True,True,0.019517928989474145,0.2832101459873226,55.93561368209256,3976,17.902439024390244,2050,36.9190263532414,17.902439024390244,1678
Pitcher,Simon Colmenares,sa3069044,815208,2026,International Rookie,International Rookie,1,1,International Rookie,35.333333333333336,19.0,True,True,0.00618210927974463,0.04910838423255761,40.59945504087194,2202,33.22704081632653,1568,36.91324792859923,33.22704081632653,1679
Pitcher,Franyer Herrera,sa3019520,800471,2026,A+,A+,4,3,International Rookie | Complex | A+,92.33333333333333,21.0,True,True,0.017501482647713455,0.3122162005697411,60.89034205231388,3976,12.731707317073171,2050,36.81102468469353,12.731707317073171,1680
Pitcher,Gerald Ogando,sa3005026,676012,2026,AAA,AAA,6,5,International Rookie | Complex | A+ | AA | AAA,25.666666666666668,25.000000000000004,True,False,0.05558300046867802,0.7936724666929018,53.3105510465613,2341,20.209059233449477,861,36.75980514000539,20.209059233449477,1681
Pitcher,Cam Walty,sa3044767,808754,2026,AA,AA,5,3,A | A+ | AA,21.0,24.0,True,False,0.03410616854933046,0.4763410800372847,52.16138328530259,3470,21.32305716120745,1557,36.74222022325502,21.32305716120745,1682
Pitcher,Riley Gowens,sa3022948,803035,2026,AAA,AAA,6,3,A+ | AA | AAA,27.666666666666668,26.0,True,False,0.061131969660987856,0.7448773937093708,46.94574967962409,2341,26.480836236933797,861,36.71329295827894,26.480836236933797,1683
Pitcher,Angel Peralta,sa3024549,821029,2026,Complex,Complex,2,2,International Rookie | Complex,38.666666666666664,19.0,True,True,0.004591164183239854,0.12708071984205327,52.42782152230971,1524,20.936902485659655,1046,36.682362003984686,20.936902485659655,1684
Pitcher,Jose Franco,27014,683742,2026,AAA,AAA,6,5,International Rookie | A | A+ | AA | AAA,55.666666666666664,25.0,True,True,0.06141740904691609,0.7445971607412654,46.860316104228964,2341,26.480836236933797,861,36.670576170581384,26.480836236933797,1685
Pitcher,Alexis Diaz,21132,664747,2026,AAA,AAA,6,4,Complex | A | AA | AAA,41.333333333333336,29.0,True,True,0.057514721691125814,0.7726117448660509,50.790260572404954,2341,22.415795586527295,861,36.60302807946613,22.415795586527295,1686
Pitcher,Dylan Ray,sa3020392,691009,2026,AAA,AAA,6,3,A+ | AA | AAA,77.33333333333333,25.0,True,True,0.06353351872168529,0.7225403757783239,44.29730884237505,2341,28.80371660859466,861,36.55051272548486,28.80371660859466,1687
Pitcher,Steven Perez,sa3008362,682897,2026,AAA,AAA,6,6,International Rookie | Complex | A | A+ | AA | AAA,54.333333333333336,25.0,True,True,0.05511345735517968,0.7948061904510438,53.353267834258865,2341,19.51219512195122,861,36.43273147810504,19.51219512195122,1688
Pitcher,Jacob Morrison,sa3038406,804756,2026,A,A,3,1,A,30.333333333333332,22.0,True,True,0.022102182946733454,0.153217402902907,36.52807141179234,4257,36.22943905525095,2371,36.378755233521645,36.22943905525095,1689
Pitcher,Dylan Smith,30145,681916,2026,AAA,AAA,6,3,A+ | AA | AAA,20.333333333333332,26.0,True,False,0.06194435063606725,0.7321511723960528,45.322511747116614,2341,27.40998838559814,861,36.36625006635738,27.40998838559814,1690
Pitcher,Grant Kipp,sa3020185,805990,2026,AAA,AAA,6,4,A | A+ | AA | AAA,37.666666666666664,26.0,True,True,0.07512714707850392,0.5929048172068294,30.627936779154208,2341,41.81184668989547,861,36.219891734524836,30.627936779154208,1691
Pitcher,Robert Gasser,29812,688107,2026,AAA,AAA,6,3,A+ | AA | AAA,26.666666666666668,27.0,True,False,0.06060507155884753,0.7413156087243802,46.60401537804357,2341,25.78397212543554,861,36.193993751739555,25.78397212543554,1692
Pitcher,Landon Beidelschies,sa3026885,804860,2026,A,A,3,1,A,86.0,22.0,True,True,0.02422693325996927,0.13424042021108384,29.927178764388067,4257,42.38717840573597,2371,36.15717858506202,29.927178764388067,1693
Pitcher,Yunior Tur,33026,814305,2026,AAA,AAA,6,4,A | A+ | AA | AAA,61.333333333333336,26.0,True,True,0.06306374553914808,0.7185600033459515,44.041008116189666,2341,28.222996515679444,861,36.13200231593456,28.222996515679444,1694
Pitcher,Jack O'Connor,sa3039026,702560,2026,Complex,Complex,2,1,Complex,22.0,22.0,True,False,0.006104154443824595,0.10718712758278133,43.43832020997375,1524,28.776290630975144,1046,36.10730542047445,28.776290630975144,1695
Pitcher,Kendry Garcia,sa3076339,837215,2026,Complex,Complex,2,1,Complex,24.0,22.0,True,False,0.006104154443824595,0.10718712758278133,43.43832020997375,1524,28.776290630975144,1046,36.10730542047445,28.776290630975144,1695
Pitcher,Jose T. Perez,sa3017966,698952,2026,Complex,Complex,2,1,Complex,22.0,22.0,True,False,0.006104154443824595,0.10718712758278133,43.43832020997375,1524,28.776290630975144,1046,36.10730542047445,28.776290630975144,1695
Pitcher,Carlos Gonzalez,sa3022036,808712,2026,International Rookie,International Rookie,1,1,International Rookie,34.666666666666664,20.0,True,True,0.006206434701528615,0.04480274252356666,35.967302452316076,2202,36.224489795918366,1568,36.09589612411722,35.967302452316076,1698
Pitcher,Jack Sinclair,29945,695378,2026,AAA,AAA,6,4,A | A+ | AA | AAA,60.333333333333336,27.0,True,True,0.06202722531328492,0.7238883665629621,44.51089278086288,2341,27.642276422764226,861,36.07658460181355,27.642276422764226,1699
Pitcher,Eiberson Castellano,28040,682769,2026,AAA,AAA,6,5,International Rookie | A | A+ | AA | AAA,56.666666666666664,25.0,True,True,0.06115224250743565,0.7344708968064917,45.66424604869714,2341,26.480836236933797,861,36.07254114281547,26.480836236933797,1700
Pitcher,Grif Hughes,sa3068779,835627,2026,A,A,3,1,A,39.666666666666664,24.0,True,True,0.022889613568654002,0.1437345221851298,33.380314775663614,4257,38.76001687051877,2371,36.07016582309119,33.380314775663614,1701
Pitcher,Zach Brzykcy,27783,694350,2026,AAA,AAA,6,3,A+ | AA | AAA,53.333333333333336,26.0,True,True,0.06505826154400635,0.6998652931484323,41.905168731311406,2341,30.197444831591174,861,36.05130678145129,30.197444831591174,1702
Pitcher,Jeremy Gonzalez,sa3019086,805078,2026,Complex,Complex,2,2,International Rookie | Complex,29.666666666666668,21.0,True,False,0.00467891368680796,0.12351803053611345,50.39370078740158,1524,21.70172084130019,1046,36.047710814350886,21.70172084130019,1703
Pitcher,Roberto Medina,sa3021498,807947,2026,Complex,Complex,2,2,International Rookie | Complex,20.0,21.0,True,False,0.004820971160321784,0.12102243775035226,49.4750656167979,1524,22.562141491395792,1046,36.01860355409684,22.562141491395792,1704
Pitcher,Trent Baker,sa3017504,694536,2026,AAA,AAA,6,4,A | A+ | AA | AAA,70.33333333333333,27.0,True,True,0.061070656512551204,0.7335621392645889,45.536095685604444,2341,26.480836236933797,861,36.008465961269124,26.480836236933797,1705
Pitcher,Kaden Echeman,sa3030766,834989,2026,A,A,3,1,A,46.666666666666664,23.0,True,True,0.027377184744832195,0.10644030140541938,20.836269673478977,4257,51.159848165331084,2371,35.99805891940503,20.836269673478977,1706
Pitcher,Stephen Jones,sa3009935,682240,2026,AAA,AAA,6,4,A | A+ | AA | AAA,46.0,28.0,True,True,0.07730364739916977,0.5557508113599725,27.338744126441693,2341,44.48315911730546,861,35.91095162187358,27.338744126441693,1707
Pitcher,James Tallon,sa3043491,810890,2026,A,A,3,1,A,30.0,22.0,True,True,0.021964670261519437,0.15160325858504542,36.12872915198496,4257,35.68114719527625,2371,35.90493817363061,35.68114719527625,1708
Pitcher,Carter Rustad,sa3041350,686811,2026,AA,AA,5,2,A+ | AA,78.0,25.0,True,True,0.04036101346402688,0.34681359069285944,37.89625360230548,3470,33.91136801541426,1557,35.90381080885987,33.91136801541426,1709
Pitcher,Raudi Perez,sa3076471,837935,2026,International Rookie,International Rookie,1,1,International Rookie,37.0,18.0,True,True,0.006374728927765997,0.025677860715923467,13.578564940962762,2202,58.22704081632653,1568,35.90280287864464,13.578564940962762,1710
Pitcher,Bradley Hanner,26097,690440,2026,AAA,AAA,6,5,Complex | A | A+ | AA | AAA,55.333333333333336,27.0,True,True,0.05226045108423946,0.8102729394487139,55.61725758222982,2341,16.144018583042975,861,35.880638082636395,16.144018583042975,1711
Pitcher,Mason Black,30171,696131,2026,AAA,AAA,6,4,A | A+ | AA | AAA,58.0,26.0,True,True,0.06914794643572987,0.647564854954222,36.48013669372063,2341,35.19163763066202,861,35.83588716219133,35.19163763066202,1712
Pitcher,Domenic Picone,sa3068844,822472,2026,AA,AA,5,1,AA,52.666666666666664,25.0,True,True,0.04194670308753906,0.31626357242604364,34.09221902017291,3470,37.57225433526011,1557,35.83223667771651,34.09221902017291,1713
Pitcher,Bailey Falter,20070,663559,2026,AAA,AAA,6,5,Complex | A | A+ | AA | AAA,53.666666666666664,29.0,True,True,0.06636225612029127,0.6818628777261387,39.89747970952585,2341,31.59117305458769,861,35.74432638205677,31.59117305458769,1714
Pitcher,Jean Cabrera,sa3015433,691893,2026,AAA,AAA,6,5,International Rookie | A | A+ | AA | AAA,28.0,24.0,True,False,0.05827253702666782,0.7538512145222592,48.31268688594618,2341,23.112659698025553,861,35.712673291985865,23.112659698025553,1715
Pitcher,Jared Shuster,27472,694363,2026,AAA,AAA,6,3,A+ | AA | AAA,58.0,27.0,True,True,0.0644511301270728,0.7030220091798619,42.0333190944041,2341,29.384436701509873,861,35.70887789795699,29.384436701509873,1716
Pitcher,Frank Mozzicato,sa3018242,700924,2026,AA,AA,5,3,A | A+ | AA,69.66666666666667,23.0,True,True,0.04580874419789749,0.23447960050839514,24.553314121037463,3470,46.692357096981375,1557,35.62283560900942,24.553314121037463,1717
Pitcher,Anderson Alvarez,sa3068623,830011,2026,International Rookie,International Rookie,1,1,International Rookie,47.333333333333336,18.0,True,True,0.006082689033125528,0.05685017121577184,48.27429609445958,2202,22.959183673469386,1568,35.616739883964485,22.959183673469386,1718
Pitcher,Dioris De La Rosa,sa3024240,820981,2026,Complex,Complex,2,2,International Rookie | Complex,30.0,19.0,True,True,0.003965743371118327,0.1289424835599895,53.41207349081365,1524,17.782026768642446,1046,35.597050129728046,17.782026768642446,1719
Pitcher,Anthony Herrera,sa3077610,838935,2026,International Rookie,International Rookie,1,1,International Rookie,32.0,18.0,True,True,0.00600448861748185,0.0646945108414439,55.22252497729337,2202,15.943877551020408,1568,35.58320126415689,15.943877551020408,1720
Pitcher,Michael Knorr,sa3020872,681077,2026,AAA,AAA,6,3,A+ | AA | AAA,29.333333333333332,26.0,True,False,0.06074095119715684,0.7298228476783409,45.06621102093123,2341,25.900116144018583,861,35.4831635824749,25.900116144018583,1721
Pitcher,Luis Hernandez,sa3025447,815211,2026,International Rookie,International Rookie,1,1,International Rookie,39.0,20.0,True,True,0.006448739552021715,0.015614535311389201,4.677565849227975,2202,66.26275510204081,1568,35.470160475634394,4.677565849227975,1722
Pitcher,Jordan Gottesman,sa3059332,831149,2026,A,A,3,1,A,102.33333333333333,23.0,True,True,0.02075593563250677,0.1595732639796273,38.83016208597604,4257,32.096161956980175,2371,35.46316202147811,32.096161956980175,1723
Pitcher,Ethan Flanagan,sa3031428,701579,2026,A+,A+,4,2,A | A+,65.66666666666667,24.0,True,True,0.020971884763742996,0.24679129650638232,48.96881287726358,3976,21.951219512195124,2050,35.46001619472935,21.951219512195124,1724
Pitcher,Dalvin Marte,sa3076956,833315,2026,International Rookie,International Rookie,1,1,International Rookie,34.666666666666664,18.0,True,True,0.006238172181196369,0.040789002881924545,30.653950953678475,2202,40.05102040816327,1568,35.35248568092087,30.653950953678475,1725
Pitcher,Stephen Still,sa3076410,842192,2026,A,A,3,1,A,41.333333333333336,24.0,True,True,0.020786934298478096,0.1580002492056281,38.454310547333804,4257,32.18051455082244,2371,35.31741254907812,32.18051455082244,1726
Pitcher,Evan Shawver,sa3017780,686900,2026,AAA,AAA,6,3,A+ | AA | AAA,45.0,26.0,True,True,0.06296579303274398,0.7065796844779461,42.37505339598462,2341,28.222996515679444,861,35.29902495583203,28.222996515679444,1727
Pitcher,Starlin Savinon,sa3021735,806710,2026,Complex,Complex,2,2,International Rookie | Complex,26.333333333333332,21.0,True,False,0.004823592585627937,0.11742388247895884,48.031496062992126,1524,22.562141491395792,1046,35.29681877719396,22.562141491395792,1728
Pitcher,Jose Gonzalez,sa3015415,683681,2026,AA,AA,5,5,International Rookie | Complex | A | A+ | AA,90.0,24.0,True,True,0.03155778370270022,0.4936788505841227,54.43804034582133,3470,16.120745022479127,1557,35.279392684150224,16.120745022479127,1729
Pitcher,Ryan Slater,sa3042417,695421,2026,A+,A+,4,2,A | A+,32.0,24.0,True,True,0.02163043289325779,0.23524125520552042,46.93158953722334,3976,23.609756097560975,2050,35.27067281739215,23.609756097560975,1730
Pitcher,Kohl Drake,32070,684442,2026,AAA,AAA,6,4,A | A+ | AA | AAA,76.33333333333333,25.0,True,True,0.07264850830492983,0.6015777326605689,31.39683895771038,2341,39.14053426248548,861,35.26868661009793,31.39683895771038,1731
Pitcher,Brian Metoyer,sa3008361,682260,2026,AA,AA,5,2,A+ | AA,39.0,29.0,True,True,0.03988891026414704,0.3455379586599366,37.83861671469741,3470,32.69107257546564,1557,35.264844645081524,32.69107257546564,1732
Pitcher,Luke Hayden,sa3025504,695569,2026,A+,A+,4,1,A+,38.0,23.0,True,True,0.023114306375387177,0.21559433428025887,42.58048289738431,3976,27.902439024390244,2050,35.241460960887274,27.902439024390244,1733
Pitcher,Marco Vega,sa3019486,800148,2026,Complex,Complex,2,2,International Rookie | Complex,23.333333333333332,21.0,True,False,0.004669984435126304,0.11964320615572314,48.75328083989501,1524,21.606118546845124,1046,35.17969969337007,21.606118546845124,1734
Pitcher,Matt Ager,sa3025798,700400,2026,AA,AA,5,2,A | AA,99.66666666666667,23.0,True,True,0.037727975449554925,0.3819683330127466,41.72910662824207,3470,28.580603725112397,1557,35.15485517667723,28.580603725112397,1735
Pitcher,Blake Morgan,sa3038359,834581,2026,A,A,3,2,Complex | A,62.333333333333336,23.0,True,True,0.01724437028479916,0.18815475438690007,48.06201550387597,4257,22.18473218051455,2371,35.123373842195264,22.18473218051455,1736
Pitcher,Michael Morales,sa3017783,691786,2026,AA,AA,5,3,A | A+ | AA,66.33333333333333,23.0,True,True,0.03983901220558372,0.343681542409974,37.60806916426513,3470,32.62684649967887,1557,35.117457831972004,32.62684649967887,1737
Pitcher,Ryan Cusick,sa3017385,680743,2026,AAA,AAA,6,2,AA | AAA,77.66666666666667,26.0,True,True,0.08142059586228773,0.46699308887003416,20.76035882101666,2341,49.361207897793264,861,35.060783359404965,20.76035882101666,1738
Pitcher,Jose Varela,sa3021987,806102,2026,A,A,3,3,International Rookie | Complex | A,31.666666666666668,21.0,True,True,0.017862692089408366,0.1817875402329322,46.15926708949965,4257,23.913960354280896,2371,35.03661372189028,23.913960354280896,1739
Pitcher,Mason Barnett,31741,686930,2026,AAA,AAA,6,3,A+ | AA | AAA,57.333333333333336,25.0,True,True,0.06217168524963954,0.7070514465452037,42.41777018368219,2341,27.642276422764226,861,35.0300233032232,27.642276422764226,1740
Pitcher,Allen Facundo,sa3016071,702098,2026,A+,A+,4,4,International Rookie | Complex | A | A+,99.33333333333333,23.0,True,True,0.022992417027397148,0.21463976714072908,42.40442655935614,3976,27.5609756097561,2050,34.98270108455612,27.5609756097561,1741
Pitcher,Mervin Fell,sa3022267,807818,2026,A,A,3,2,International Rookie | A,83.66666666666667,23.0,True,True,0.018175507095208075,0.17702143379924903,44.726333098426124,4257,25.221425558835936,2371,34.97387932863103,25.221425558835936,1742
Pitcher,Anfernny Reyes,sa3018807,703102,2026,A,A,3,3,International Rookie | Complex | A,22.0,22.0,True,False,0.020434480617429834,0.15907429132953063,38.73619920131548,4257,31.16828342471531,2371,34.95224131301539,31.16828342471531,1743
Pitcher,Abraham Utrera,sa3068353,829810,2026,International Rookie,International Rookie,1,1,International Rookie,35.333333333333336,21.0,True,True,0.005651305621900948,0.07965455055306349,66.7574931880109,2202,3.125,1568,34.94124659400545,3.125,1744
Pitcher,Ryan Andrade,sa3026078,822876,2026,A+,A+,4,2,A | A+,40.333333333333336,23.0,True,True,0.024055687296755817,0.19827098312421787,39.03420523138833,3976,30.78048780487805,2050,34.90734651813319,30.78048780487805,1745
Pitcher,Jared Lyons,sa3020483,805723,2026,AA,AA,5,3,A | A+ | AA,53.0,25.0,True,True,0.03742494761301838,0.3833783505551535,41.78674351585014,3470,28.00256904303147,1557,34.89465627944081,28.00256904303147,1746
Pitcher,Niko Mazza,sa3037404,695789,2026,A+,A+,4,2,A | A+,95.33333333333333,24.0,True,True,0.024805771119813413,0.18985364073148603,36.9215291750503,3976,32.829268292682926,2050,34.87539873386662,32.829268292682926,1747
Pitcher,Aidan Curry,sa3015334,695778,2026,A+,A+,4,3,Complex | A | A+,31.0,23.0,True,True,0.01783852961901025,0.28496705151195806,56.16197183098591,3976,13.560975609756097,2050,34.861473720371,13.560975609756097,1748
Pitcher,Joey Estes,26257,683155,2026,AAA,AAA,6,4,A | A+ | AA | AAA,86.33333333333333,24.0,True,True,0.06748307309082896,0.6525150903540677,36.821870995301154,2341,32.868757259001164,861,34.845314127151156,32.868757259001164,1749
Pitcher,Luis Mata,sa3068096,829475,2026,Complex,Complex,2,1,Complex,30.333333333333332,20.0,True,True,0.00830924679602248,0.08505761398706858,30.38057742782152,1524,39.29254302103251,1046,34.83656022442702,30.38057742782152,1750
Pitcher,Cal Riehl,sa3076276,836166,2026,A,A,3,1,A,24.333333333333332,23.0,True,False,0.02441901102615213,0.12461989258310716,26.614987080103358,4257,43.01982285955293,2371,34.81740496982815,26.614987080103358,1751
Pitcher,Will Koger,sa3035600,695572,2026,A,A,3,1,A,25.333333333333332,23.0,True,False,0.02441901102615213,0.12461989258310716,26.614987080103358,4257,43.01982285955293,2371,34.81740496982815,26.614987080103358,1751
Pitcher,Vicarte Domingo,sa3066779,692157,2026,A,A,3,1,A,26.666666666666668,23.0,True,False,0.02441901102615213,0.12461989258310716,26.614987080103358,4257,43.01982285955293,2371,34.81740496982815,26.614987080103358,1751
Pitcher,Thomas Higgins,sa3033794,825099,2026,A,A,3,1,A,25.0,23.0,True,False,0.02441901102615213,0.12461989258310716,26.614987080103358,4257,43.01982285955293,2371,34.81740496982815,26.614987080103358,1751
Pitcher,Tyler Davis,34847,699823,2026,AAA,AAA,6,3,A | AA | AAA,23.0,27.0,True,False,0.06344724929446235,0.6908695915207491,40.92268261426741,2341,28.687572590011616,861,34.805127602139514,28.687572590011616,1755
Pitcher,Landon Knack,27487,689017,2026,AAA,AAA,6,3,A+ | AA | AAA,34.666666666666664,28.0,True,True,0.058095399076896356,0.7410110716600734,46.51858180264844,2341,22.99651567944251,861,34.757548741045476,22.99651567944251,1756
Pitcher,Michel Cervantes,sa3076440,830483,2026,International Rookie,International Rookie,1,1,International Rookie,32.333333333333336,18.0,True,True,0.0059586011338678595,0.06597754547854794,56.31244323342416,2202,13.073979591836734,1568,34.69321141263045,13.073979591836734,1757
Pitcher,Alexander Martinez,sa3068655,835325,2026,A,A,3,2,International Rookie | A,67.0,23.0,True,True,0.02230113841035236,0.1411346356521129,32.487667371388305,4257,36.8620835090679,2371,34.67487544022811,32.487667371388305,1758
Pitcher,Lucas Braun,sa3022996,814351,2026,AAA,AAA,6,3,A+ | AA | AAA,72.33333333333333,24.0,True,True,0.06349116489193043,0.6885765007438679,40.45279794959419,2341,28.80371660859466,861,34.62825727909443,28.80371660859466,1759
Pitcher,Dylan Crooks,sa3029583,822043,2026,A,A,3,1,A,35.0,23.0,True,True,0.02129072973212488,0.14970615817807123,35.49447968052619,4257,33.69886123998313,2371,34.59667046025466,33.69886123998313,1760
Pitcher,Anthony Susac,sa3025400,695618,2026,A+,A+,4,1,A+,51.333333333333336,23.0,True,True,0.024759099919025297,0.18867800293548012,36.49396378269618,3976,32.68292682926829,2050,34.58844530598223,32.68292682926829,1761
Pitcher,Luis Burgos,sa3024292,827469,2026,A,A,3,2,International Rookie | A,46.0,20.0,True,True,0.017831563547349556,0.17856349813720432,45.21963824289406,4257,23.829607760438634,2371,34.52462300166634,23.829607760438634,1762
Pitcher,Samuel Carpio,sa3022650,815704,2026,A,A,3,2,Complex | A,60.0,23.0,True,True,0.022126865620617855,0.1417962770002651,32.76955602536998,4257,36.22943905525095,2371,34.499497540310465,32.76955602536998,1763
Pitcher,Chen Zhong-Ao Zhuang,sa3018174,800018,2026,AA,AA,5,3,A | A+ | AA,23.0,25.0,True,False,0.03736453475431218,0.37689506965913117,41.09510086455332,3470,27.87411689145793,1557,34.48460887800562,27.87411689145793,1764
Pitcher,Greiber Mendez,sa3018041,700356,2026,A,A,3,3,International Rookie | Complex | A,41.666666666666664,22.0,True,True,0.015825048330090935,0.19574963831847003,50.3875968992248,4257,18.515394348376212,2371,34.45149562380051,18.515394348376212,1765
Pitcher,Kenny Leiner,sa3025354,828666,2026,A,A,3,1,A,30.333333333333332,24.0,True,True,0.02884449107604974,0.08457081890034313,13.577636833450788,4257,55.250948966680724,2371,34.41429290006575,13.577636833450788,1766
Pitcher,Luis Palacios,sa3003021,672712,2026,AA,AA,5,5,International Rookie | Complex | A | A+ | AA,72.0,25.0,True,True,0.0484697580502057,0.166430014300706,16.023054755043226,3470,52.79383429672447,1557,34.40844452588385,16.023054755043226,1767
Pitcher,Nick Conte,sa3029280,694921,2026,A+,A+,4,2,A | A+,51.666666666666664,24.0,True,True,0.030971375581800527,0.1200452711205917,18.812877263581488,3976,50.0,2050,34.40643863179074,18.812877263581488,1768
Pitcher,Evan Truitt,sa3025236,822462,2026,A+,A+,4,1,A+,109.0,23.0,True,True,0.022034905397615275,0.22229897104953014,44.06438631790744,3976,24.73170731707317,2050,34.398046817490304,24.73170731707317,1769
Pitcher,Luis Cohen,sa3019269,800324,2026,A+,A,4,4,International Rookie | Complex | A | A+,23.666666666666668,22.000000000000004,True,False,0.017590849300675608,0.2826533861354724,55.885311871227366,3976,12.878048780487806,2050,34.38168032585759,12.878048780487806,1770
Pitcher,Cole Cheatham,sa3076357,701473,2026,A,A,3,1,A,31.666666666666668,22.0,True,True,0.0208511376396633,0.15285413303150971,36.434108527131784,4257,32.307043441585826,2371,34.37057598435881,32.307043441585826,1771
Pitcher,Jesus Carrasco,sa3068477,829690,2026,International Rookie,International Rookie,1,1,International Rookie,38.0,20.0,True,True,0.0062909401811231955,0.032853906197514146,21.707538601271573,2202,46.93877551020408,1568,34.32315705573782,21.707538601271573,1772
Pitcher,Garrett Edwards,sa3024980,801435,2026,AA,AA,5,2,A+ | AA,120.66666666666667,24.0,True,True,0.039877627360250266,0.3307609376152943,35.90778097982709,3470,32.69107257546564,1557,34.29942677764636,32.69107257546564,1773
Pitcher,Samir Chires,sa3016254,698968,2026,A,A,3,3,International Rookie | Complex | A,24.666666666666668,22.000000000000004,True,False,0.018015161672355246,0.17393864508625906,44.04510218463707,4257,24.46225221425559,2371,34.25367719944633,24.46225221425559,1774
Pitcher,Antonio Menendez,sa3018799,694674,2026,AAA,AAA,6,4,A | A+ | AA | AAA,23.333333333333332,27.0,True,False,0.06297562852229481,0.6850336134714258,40.28193079880393,2341,28.222996515679444,861,34.252463657241684,28.222996515679444,1775
Pitcher,Joel Cruz,sa3023819,816144,2026,A,A,3,3,International Rookie | Complex | A,24.333333333333332,21.999999999999996,True,False,0.018485775449470793,0.1693911253503386,42.40075170307728,4257,26.06495149725854,2371,34.23285160016791,26.06495149725854,1776
Pitcher,Aiden Butler,sa3067513,804210,2026,A,A,3,1,A,88.66666666666667,22.0,True,True,0.021288331372796378,0.14696326841687185,34.6723044397463,4257,33.69886123998313,2371,34.185582839864715,33.69886123998313,1777
Pitcher,James Gonzalez,sa3011609,686857,2026,AAA,AAA,6,5,Complex | A | A+ | AA | AAA,53.333333333333336,25.0,True,True,0.05536558779829795,0.7566659938894199,48.568987612131565,2341,19.744483159117305,861,34.15673538562444,19.744483159117305,1778
Pitcher,Ethan Young,sa3060988,831273,2026,A,A,3,1,A,31.0,22.0,True,True,0.02027863531332961,0.15519736909092188,37.397228094902516,4257,30.915225643188528,2371,34.156226869045526,30.915225643188528,1779
Pitcher,Jared Johnson,sa3011626,687991,2026,AA,AA,5,3,A | A+ | AA,35.666666666666664,25.0,True,True,0.04213119980533401,0.2844651695310143,30.288184438040346,3470,38.021836865767504,1557,34.15501065190392,30.288184438040346,1780
Pitcher,Kyle Ayers,sa3026337,695486,2026,A+,A+,4,2,A | A+,102.0,23.0,True,True,0.022327665757788523,0.21673754081544847,42.857142857142854,3976,25.317073170731707,2050,34.08710801393728,25.317073170731707,1781
Pitcher,Raymon Rosario,sa3022801,815320,2026,Complex,Complex,2,2,International Rookie | Complex,24.0,21.0,True,False,0.004832940640206897,0.1115034567831487,45.60367454068241,1524,22.562141491395792,1046,34.0829080160391,22.562141491395792,1782
Pitcher,Cameron Nohos,sa3069180,823208,2026,Complex,Complex,2,1,Complex,37.666666666666664,23.0,True,True,0.0064539234948051685,0.09401823166620427,36.41732283464567,1524,31.739961759082217,1046,34.07864229686394,31.739961759082217,1783
Pitcher,Igor Gil,sa3023652,815951,2026,A+,A+,4,2,A | A+,33.666666666666664,25.0,True,True,0.02908720106452655,0.13768566268090446,22.736418511066397,3976,45.41463414634146,2050,34.07552632870393,22.736418511066397,1784
Pitcher,Dominic Perachi,sa3020841,806270,2026,AA,AA,5,3,A | A+ | AA,36.666666666666664,25.0,True,True,0.043461273647054106,0.2517679463160343,26.512968299711815,3470,41.61849710982659,1557,34.065732704769204,26.512968299711815,1785
Pitcher,Lucas Gordon,sa3023036,690981,2026,AA,AA,5,3,A | A+ | AA,114.66666666666667,24.0,True,True,0.03627014551914042,0.3814238632331413,41.72910662824207,3470,26.332691072575464,1557,34.03089885040877,26.332691072575464,1786
Pitcher,Derik Aquino,sa3068135,830468,2026,International Rookie,International Rookie,1,1,International Rookie,34.333333333333336,19.0,True,True,0.005852027231732113,0.07065869964816364,60.445049954586736,2202,7.589285714285714,1568,34.01716783443622,7.589285714285714,1787
Pitcher,Hunter Owen,sa3023474,694818,2026,AA,AA,5,2,A+ | AA,94.0,24.0,True,True,0.03800595994985689,0.3576338731663513,38.847262247838614,3470,29.15863840719332,1557,34.00295032751597,29.15863840719332,1788
Pitcher,Hayden Minton,sa3023155,688354,2026,A+,A+,4,2,A | A+,51.333333333333336,25.000000000000004,True,True,0.0247386175142576,0.18482930652110027,35.33702213279678,3976,32.63414634146341,2050,33.9855842371301,32.63414634146341,1789
Pitcher,Victor Zarraga,sa3067535,828393,2026,A,A,3,2,Complex | A,43.666666666666664,22.0,True,True,0.01960190447258855,0.15842350223373353,38.595254874324645,4257,29.312526360185576,2371,33.95389061725511,29.312526360185576,1790
Pitcher,Peter Bonilla,sa3018850,800361,2026,Complex,Complex,2,2,International Rookie | Complex,20.333333333333332,21.0,True,False,0.004702620470130187,0.11128604058040586,45.53805774278215,1524,21.988527724665392,1046,33.76329273372377,21.988527724665392,1791
Pitcher,Nolan Hoffman,23381,676510,2026,AAA,AAA,6,4,A | A+ | AA | AAA,34.333333333333336,28.0,True,True,0.05951112927737831,0.710661696837704,42.84493806065784,2341,24.62253193960511,861,33.733735000131475,24.62253193960511,1792
Pitcher,Sabier Marte,sa3019431,800239,2026,A,A,3,3,International Rookie | Complex | A,26.333333333333332,21.999999999999996,True,False,0.019644722602155974,0.15624968613211102,37.91402396053559,4257,29.523407844791226,2371,33.718715902663405,29.523407844791226,1793
Pitcher,Tyler McLoughlin,sa3037700,823230,2026,A,A,3,1,A,43.333333333333336,23.0,True,True,0.02410166389723871,0.12093014323087926,25.48743246417665,4257,41.88106284268241,2371,33.68424765342953,25.48743246417665,1794
Pitcher,Grayson Moore,sa3023275,694383,2026,A+,A+,4,1,A+,30.333333333333332,24.0,True,True,0.023459741541276495,0.19634481452932787,38.60663983903421,3976,28.73170731707317,2050,33.66917357805369,28.73170731707317,1795
Pitcher,Kyle Bischoff,sa3022176,680253,2026,AAA,AA,6,4,Complex | A+ | AA | AAA,34.333333333333336,25.0,True,True,0.055871705182601816,0.7446231861670246,46.860316104228964,2341,20.441347270615562,861,33.65083168742226,20.441347270615562,1796
Pitcher,Alexander Cornielle,sa3011779,529017,2026,AAA,AAA,6,5,Complex | A | A+ | AA | AAA,66.0,24.0,True,True,0.06217251801957923,0.6801551878250316,39.64117898334045,2341,27.642276422764226,861,33.64172770305234,27.642276422764226,1797
Pitcher,Andres Cova,sa3024530,815945,2026,Complex,Complex,2,2,International Rookie | Complex,22.666666666666668,21.0,True,False,0.004672829464308015,0.11185953563343069,45.669291338582674,1524,21.606118546845124,1046,33.637704942713896,21.606118546845124,1798
Pitcher,Jesus Escobar,sa3022013,808127,2026,A,A,3,3,International Rookie | Complex | A,76.33333333333333,20.0,True,True,0.018857160763714353,0.1631362614631671,40.05167958656331,4257,27.16153521720793,2371,33.60660740188562,27.16153521720793,1799
Pitcher,Juan Carela,sa3009237,683636,2026,AA,AA,5,4,Complex | A | A+ | AA,38.333333333333336,24.0,True,True,0.04275723671716353,0.2583073676203401,27.55043227665706,3470,39.62748876043674,1557,33.5889605185469,27.55043227665706,1800
Pitcher,Jack Sokol,sa3067081,694662,2026,A+,A+,4,2,A | A+,41.666666666666664,24.0,True,True,0.024978639661599356,0.178814488282154,33.70221327967807,3976,33.46341463414634,2050,33.582813956912204,33.46341463414634,1801
Pitcher,Fisher Jameson,sa3034551,701404,2026,AA,AA,5,3,A | A+ | AA,47.333333333333336,23.0,True,True,0.03670754132734236,0.3667893537535755,40.0,3470,27.103403982016697,1557,33.55170199100835,27.103403982016697,1802
Pitcher,Jean Munoz,sa3016594,692663,2026,A,A,3,2,International Rookie | A,48.666666666666664,23.0,True,True,0.0230348227506392,0.12847648100962947,27.906976744186046,4257,39.18177983973007,2371,33.544378291958054,27.906976744186046,1803
Pitcher,Antony Carela,sa3077512,837713,2026,International Rookie,International Rookie,1,1,International Rookie,33.0,17.0,True,True,0.005911162972388313,0.06690716792630064,57.129881925522255,2202,9.821428571428571,1568,33.47565524847541,9.821428571428571,1804
Pitcher,Ben Hernandez,sa3014541,690989,2026,A+,A+,4,2,A | A+,29.0,24.0,True,False,0.02694296754960567,0.1557529169422177,27.38933601609658,3976,39.51219512195122,2050,33.4507655690239,27.38933601609658,1805
Pitcher,Holden Wilkerson,sa3045217,828334,2026,A+,A+,4,3,Complex | A | A+,100.0,23.0,True,True,0.018787886587531007,0.25204710404898095,50.22635814889336,3976,16.536585365853657,2050,33.38147175737351,16.536585365853657,1806
Pitcher,Henry Williams,sa3020901,689275,2026,AAA,AAA,6,4,A | A+ | AA | AAA,92.66666666666667,24.0,True,True,0.06771293479098237,0.620550591194605,33.40452797949594,2341,33.333333333333336,861,33.36893065641463,33.333333333333336,1807
Pitcher,Gavin Bruni,sa3027900,696491,2026,A+,A+,4,2,A | A+,39.0,23.0,True,True,0.023338403364494054,0.19464838848458574,38.12877263581489,3976,28.536585365853657,2050,33.332679000834275,28.536585365853657,1808
Pitcher,Travis Smith,sa3042647,695605,2026,A+,A+,4,2,A | A+,40.333333333333336,23.0,True,True,0.024110688626877316,0.18550261128170398,35.563380281690144,3976,31.073170731707318,2050,33.31827550669873,31.073170731707318,1809
Pitcher,Walter Ford,sa3022190,703609,2026,A+,A+,4,3,Complex | A | A+,102.33333333333333,21.0,True,True,0.016756289047736822,0.27869898681730987,55.28169014084507,3976,11.268292682926829,2050,33.27499141188595,11.268292682926829,1810
Pitcher,Seth Shuman,sa3011187,670234,2026,AAA,AAA,6,2,A+ | AAA,46.333333333333336,28.000000000000004,True,True,0.07104758021642293,0.5700796182086488,28.705681332763778,2341,37.746806039488966,861,33.226243686126374,28.705681332763778,1811
Pitcher,Randy Maria,sa3068868,835912,2026,International Rookie,International Rookie,1,1,International Rookie,36.666666666666664,21.0,True,True,0.006323994131820567,0.027217013209456055,14.940962761126249,2202,51.4030612244898,1568,33.172011992808024,14.940962761126249,1812
Pitcher,Gregori Louis,sa3019699,805774,2026,A+,A+,4,3,Complex | A | A+,44.666666666666664,23.0,True,True,0.020825917998215204,0.22535502047519324,44.743460764587525,3976,21.463414634146343,2050,33.103437699366935,21.463414634146343,1813
Pitcher,Junior Pina,sa3016911,695283,2026,Complex,International Rookie,2,2,International Rookie | Complex,26.0,20.0,True,False,0.0061964291084742554,0.09404008508264335,36.41732283464567,1524,29.73231357552581,1046,33.07481820508574,29.73231357552581,1814
Pitcher,Marques Johnson,sa3020741,688730,2026,AA,AA,5,3,A | A+ | AA,20.333333333333332,25.0,True,False,0.039922283570383146,0.3091177257954769,33.40057636887608,3470,32.69107257546564,1557,33.045824472170864,32.69107257546564,1815
Pitcher,Roberto Urdaneta,sa3021504,807992,2026,Complex,Complex,2,1,Complex,36.333333333333336,20.0,True,True,0.006305953276551194,0.09287685067491662,35.76115485564304,1524,30.305927342256215,1046,33.03354109894963,30.305927342256215,1816
Pitcher,Javi Torres,sa3068954,815679,2026,A,A,3,1,A,33.666666666666664,21.0,True,True,0.01979614948298623,0.15202222229578913,36.222692036645526,4257,29.818641923239138,2371,33.020666979942334,29.818641923239138,1817
Pitcher,Yeremi Mendez,sa3076993,837745,2026,International Rookie,International Rookie,1,1,International Rookie,31.0,17.0,True,True,0.006074257398622513,0.0522318088677434,44.27792915531335,2202,21.747448979591837,1568,33.0126890674526,21.747448979591837,1818
Pitcher,Sebastian Castillo,sa3077371,832492,2026,International Rookie,International Rookie,1,1,International Rookie,37.333333333333336,19.0,True,True,0.006042481042840481,0.05541032479336837,47.229791099000906,2202,18.75,1568,32.98989554950045,18.75,1819
Pitcher,Salvador Burgos,sa3068612,829817,2026,International Rookie,International Rookie,1,1,International Rookie,30.333333333333332,20.0,True,True,0.006073746499316449,0.0522510917729434,44.27792915531335,2202,21.683673469387756,1568,32.98080131235055,21.683673469387756,1820
Pitcher,Dawson Netz,sa3067466,683100,2026,AA,AA,5,2,Complex | AA,82.0,25.0,True,True,0.03203248163736067,0.44069606802220956,48.70317002881844,3470,17.148362235067438,1557,32.925766131942936,17.148362235067438,1821
Pitcher,Claudio Estelie,sa3068992,829680,2026,Complex,Complex,2,1,Complex,31.666666666666668,22.0,True,True,0.006185632212729363,0.09383220010674338,36.28608923884514,1524,29.54110898661568,1046,32.91359911273041,29.54110898661568,1822
Pitcher,Gregg Ferrera,sa3025038,828305,2026,International Rookie,International Rookie,1,1,International Rookie,40.0,20.0,True,True,0.005863045588438644,0.0679853323043919,57.90190735694823,2202,7.908163265306122,1568,32.90503531112718,7.908163265306122,1823
Pitcher,Tyler Davis,sa3029944,824623,2026,AA,AA,5,2,A+ | AA,32.333333333333336,24.0,True,True,0.03916223064538114,0.3200036554137981,34.40922190201729,3470,31.34232498394348,1557,32.87577344298039,31.34232498394348,1824
Pitcher,J.D. Hennen,sa3076277,836169,2026,A,A,3,1,A,20.0,23.0,True,False,0.023728425132698586,0.11880763229175474,24.782710829222456,4257,40.82665541965415,2371,32.804683124438306,24.782710829222456,1825
Pitcher,Jackson Wells,sa3076090,836170,2026,A,A,3,1,A,23.333333333333332,23.0,True,False,0.023728425132698586,0.11880763229175474,24.782710829222456,4257,40.82665541965415,2371,32.804683124438306,24.782710829222456,1825
Pitcher,Dash Albus,sa3025855,822836,2026,A,A,3,1,A,27.333333333333332,23.0,True,False,0.023728425132698586,0.11880763229175474,24.782710829222456,4257,40.82665541965415,2371,32.804683124438306,24.782710829222456,1825
Pitcher,Trey Cooper,sa3076082,801858,2026,A,A,3,1,A,26.666666666666668,23.0,True,False,0.023728425132698586,0.11880763229175474,24.782710829222456,4257,40.82665541965415,2371,32.804683124438306,24.782710829222456,1825
Pitcher,Jacob Weaver,sa3076338,823750,2026,A,A,3,1,A,20.0,23.0,True,False,0.023728425132698586,0.11880763229175474,24.782710829222456,4257,40.82665541965415,2371,32.804683124438306,24.782710829222456,1825
Pitcher,Daniel Brooks,sa3076306,695500,2026,A,A,3,1,A,27.666666666666668,23.0,True,False,0.023728425132698586,0.11880763229175474,24.782710829222456,4257,40.82665541965415,2371,32.804683124438306,24.782710829222456,1825
Pitcher,Brady Tygart,sa3044198,695551,2026,A,A,3,1,A,26.666666666666668,23.0,True,False,0.023728425132698586,0.11880763229175474,24.782710829222456,4257,40.82665541965415,2371,32.804683124438306,24.782710829222456,1825
Pitcher,Ettore Giulianelli,sa3015281,692372,2026,A,A,3,1,A,24.666666666666668,23.0,True,False,0.023728425132698586,0.11880763229175474,24.782710829222456,4257,40.82665541965415,2371,32.804683124438306,24.782710829222456,1825
Pitcher,Henry Cone,sa3076397,801456,2026,A,A,3,1,A,21.0,23.0,True,False,0.023728425132698586,0.11880763229175474,24.782710829222456,4257,40.82665541965415,2371,32.804683124438306,24.782710829222456,1825
Pitcher,Michael Caldon,sa3067147,828511,2026,A,A,3,1,A,25.333333333333332,23.0,True,False,0.023728425132698586,0.11880763229175474,24.782710829222456,4257,40.82665541965415,2371,32.804683124438306,24.782710829222456,1825
Pitcher,Jason Shockley,sa3076273,811949,2026,A,A,3,1,A,20.666666666666668,23.0,True,False,0.023728425132698586,0.11880763229175474,24.782710829222456,4257,40.82665541965415,2371,32.804683124438306,24.782710829222456,1825
Pitcher,Ryan Mathiesen,sa3025617,827698,2026,A,A,3,1,A,24.0,23.0,True,False,0.023728425132698586,0.11880763229175474,24.782710829222456,4257,40.82665541965415,2371,32.804683124438306,24.782710829222456,1825
Pitcher,Choyce Diffey,sa3076252,840335,2026,A,A,3,1,A,27.0,23.0,True,False,0.023728425132698586,0.11880763229175474,24.782710829222456,4257,40.82665541965415,2371,32.804683124438306,24.782710829222456,1825
Pitcher,Yoendris Gonzalez,sa3020334,803248,2026,A,A,3,1,A,20.333333333333332,23.0,True,False,0.023728425132698586,0.11880763229175474,24.782710829222456,4257,40.82665541965415,2371,32.804683124438306,24.782710829222456,1825
Pitcher,Tanner Perry,sa3076115,811697,2026,A,A,3,1,A,25.666666666666668,23.0,True,False,0.023728425132698586,0.11880763229175474,24.782710829222456,4257,40.82665541965415,2371,32.804683124438306,24.782710829222456,1825
Pitcher,Richard Gallardo,sa3009990,682620,2026,AAA,AAA,6,5,Complex | A | A+ | AA | AAA,62.0,24.0,True,True,0.05990285336033792,0.6851737752733128,40.28193079880393,2341,25.203252032520325,861,32.742591415662126,25.203252032520325,1840
Pitcher,Ernesto Meza,sa3068337,829381,2026,International Rookie,International Rookie,1,1,International Rookie,25.0,18.0,True,False,0.005464377749923917,0.0757970826862125,64.25976385104451,2202,1.211734693877551,1568,32.73574927246103,1.211734693877551,1841
Pitcher,Angel Medina,sa3077252,837317,2026,International Rookie,International Rookie,1,1,International Rookie,23.666666666666668,18.0,True,False,0.005464377749923917,0.0757970826862125,64.25976385104451,2202,1.211734693877551,1568,32.73574927246103,1.211734693877551,1841
Pitcher,Sahir De La Cruz,sa3077381,837619,2026,International Rookie,International Rookie,1,1,International Rookie,24.666666666666668,18.0,True,False,0.005464377749923917,0.0757970826862125,64.25976385104451,2202,1.211734693877551,1568,32.73574927246103,1.211734693877551,1841
Pitcher,Kevin Colmenares,sa3077544,842466,2026,International Rookie,International Rookie,1,1,International Rookie,28.0,18.0,True,False,0.005464377749923917,0.0757970826862125,64.25976385104451,2202,1.211734693877551,1568,32.73574927246103,1.211734693877551,1841
Pitcher,Wilmer Duarte,sa3076980,837327,2026,International Rookie,International Rookie,1,1,International Rookie,29.0,18.0,True,False,0.005464377749923917,0.0757970826862125,64.25976385104451,2202,1.211734693877551,1568,32.73574927246103,1.211734693877551,1841
Pitcher,Yoslaniel Hernandez,sa3068993,829701,2026,International Rookie,International Rookie,1,1,International Rookie,26.666666666666668,18.0,True,False,0.005464377749923917,0.0757970826862125,64.25976385104451,2202,1.211734693877551,1568,32.73574927246103,1.211734693877551,1841
Pitcher,Christopher Peralta,sa3077696,842390,2026,International Rookie,International Rookie,1,1,International Rookie,20.666666666666668,18.0,True,False,0.005464377749923917,0.0757970826862125,64.25976385104451,2202,1.211734693877551,1568,32.73574927246103,1.211734693877551,1841
Pitcher,Miguel Vargas,sa3068998,836139,2026,International Rookie,International Rookie,1,1,International Rookie,20.666666666666668,18.0,True,False,0.005464377749923917,0.0757970826862125,64.25976385104451,2202,1.211734693877551,1568,32.73574927246103,1.211734693877551,1841
Pitcher,Cesar Pastrano,sa3077410,839166,2026,International Rookie,International Rookie,1,1,International Rookie,21.666666666666668,18.0,True,False,0.005464377749923917,0.0757970826862125,64.25976385104451,2202,1.211734693877551,1568,32.73574927246103,1.211734693877551,1841
Pitcher,Roldanny Sena,sa3076479,838293,2026,International Rookie,International Rookie,1,1,International Rookie,22.333333333333332,18.0,True,False,0.005464377749923917,0.0757970826862125,64.25976385104451,2202,1.211734693877551,1568,32.73574927246103,1.211734693877551,1841
Pitcher,Keury De Jesus,sa3077417,840477,2026,International Rookie,International Rookie,1,1,International Rookie,20.333333333333332,18.0,True,False,0.005464377749923917,0.0757970826862125,64.25976385104451,2202,1.211734693877551,1568,32.73574927246103,1.211734693877551,1841
Pitcher,Enyel Garcia,sa3068865,835078,2026,International Rookie,International Rookie,1,1,International Rookie,25.0,18.0,True,False,0.005464377749923917,0.0757970826862125,64.25976385104451,2202,1.211734693877551,1568,32.73574927246103,1.211734693877551,1841
Pitcher,Adrian Pena,sa3068110,829763,2026,International Rookie,International Rookie,1,1,International Rookie,28.0,18.0,True,False,0.005464377749923917,0.0757970826862125,64.25976385104451,2202,1.211734693877551,1568,32.73574927246103,1.211734693877551,1841
Pitcher,Hector Moreno,sa3068595,825396,2026,International Rookie,International Rookie,1,1,International Rookie,27.333333333333332,18.0,True,False,0.005464377749923917,0.0757970826862125,64.25976385104451,2202,1.211734693877551,1568,32.73574927246103,1.211734693877551,1841
Pitcher,Yolcar Garcia,sa3077306,842299,2026,International Rookie,International Rookie,1,1,International Rookie,29.0,18.0,True,False,0.005464377749923917,0.0757970826862125,64.25976385104451,2202,1.211734693877551,1568,32.73574927246103,1.211734693877551,1841
Pitcher,Jodarlin Perez,sa3076950,829088,2026,International Rookie,International Rookie,1,1,International Rookie,24.333333333333332,18.0,True,False,0.005464377749923917,0.0757970826862125,64.25976385104451,2202,1.211734693877551,1568,32.73574927246103,1.211734693877551,1841
Pitcher,Misael Almanzar,sa3077648,842662,2026,International Rookie,International Rookie,1,1,International Rookie,22.0,18.0,True,False,0.005464377749923917,0.0757970826862125,64.25976385104451,2202,1.211734693877551,1568,32.73574927246103,1.211734693877551,1841
Pitcher,Hector Perez,sa3076452,837218,2026,International Rookie,International Rookie,1,1,International Rookie,27.666666666666668,18.0,True,False,0.005464377749923917,0.0757970826862125,64.25976385104451,2202,1.211734693877551,1568,32.73574927246103,1.211734693877551,1841
Pitcher,Yolber Mendez,sa3077305,842279,2026,International Rookie,International Rookie,1,1,International Rookie,28.333333333333332,18.0,True,False,0.005464377749923917,0.0757970826862125,64.25976385104451,2202,1.211734693877551,1568,32.73574927246103,1.211734693877551,1841
Pitcher,Keivan Vasquez,sa3068607,829713,2026,International Rookie,International Rookie,1,1,International Rookie,26.0,18.0,True,False,0.005464377749923917,0.0757970826862125,64.25976385104451,2202,1.211734693877551,1568,32.73574927246103,1.211734693877551,1841
Pitcher,Ire Martinez,sa3068743,830451,2026,International Rookie,International Rookie,1,1,International Rookie,20.333333333333332,18.0,True,False,0.005464377749923917,0.0757970826862125,64.25976385104451,2202,1.211734693877551,1568,32.73574927246103,1.211734693877551,1841
Pitcher,Albert Castillo,sa3077530,839251,2026,International Rookie,International Rookie,1,1,International Rookie,25.666666666666668,18.0,True,False,0.005464377749923917,0.0757970826862125,64.25976385104451,2202,1.211734693877551,1568,32.73574927246103,1.211734693877551,1841
Pitcher,Christian Rojas,sa3076966,837183,2026,International Rookie,International Rookie,1,1,International Rookie,22.333333333333332,18.0,True,False,0.005464377749923917,0.0757970826862125,64.25976385104451,2202,1.211734693877551,1568,32.73574927246103,1.211734693877551,1841
Pitcher,Yariel Valdez,sa3068156,832712,2026,International Rookie,International Rookie,1,1,International Rookie,24.0,18.0,True,False,0.005464377749923917,0.0757970826862125,64.25976385104451,2202,1.211734693877551,1568,32.73574927246103,1.211734693877551,1841
Pitcher,Anderson Reyes,sa3068958,835929,2026,International Rookie,International Rookie,1,1,International Rookie,21.0,18.0,True,False,0.005464377749923917,0.0757970826862125,64.25976385104451,2202,1.211734693877551,1568,32.73574927246103,1.211734693877551,1841
Pitcher,Brandy Luis,sa3077683,842651,2026,International Rookie,International Rookie,1,1,International Rookie,26.333333333333332,18.0,True,False,0.005464377749923917,0.0757970826862125,64.25976385104451,2202,1.211734693877551,1568,32.73574927246103,1.211734693877551,1841
Pitcher,Noel Brito,sa3077244,837037,2026,International Rookie,International Rookie,1,1,International Rookie,22.666666666666668,18.0,True,False,0.005464377749923917,0.0757970826862125,64.25976385104451,2202,1.211734693877551,1568,32.73574927246103,1.211734693877551,1841
Pitcher,Jhondel Salas,sa3068347,829722,2026,International Rookie,International Rookie,1,1,International Rookie,29.666666666666668,18.0,True,False,0.005464377749923917,0.0757970826862125,64.25976385104451,2202,1.211734693877551,1568,32.73574927246103,1.211734693877551,1841
Pitcher,Derlin Rojas,sa3076488,840306,2026,International Rookie,International Rookie,1,1,International Rookie,21.0,18.0,True,False,0.005464377749923917,0.0757970826862125,64.25976385104451,2202,1.211734693877551,1568,32.73574927246103,1.211734693877551,1841
Pitcher,Ronaldson Estevez,sa3077284,839103,2026,International Rookie,International Rookie,1,1,International Rookie,24.333333333333332,18.0,True,False,0.005464377749923917,0.0757970826862125,64.25976385104451,2202,1.211734693877551,1568,32.73574927246103,1.211734693877551,1841
Pitcher,Luis Aguayo,sa3076947,827653,2026,International Rookie,International Rookie,1,1,International Rookie,29.333333333333332,18.0,True,False,0.005464377749923917,0.0757970826862125,64.25976385104451,2202,1.211734693877551,1568,32.73574927246103,1.211734693877551,1841
Pitcher,Samuel Santos,sa3076481,838641,2026,International Rookie,International Rookie,1,1,International Rookie,21.333333333333332,18.0,True,False,0.005464377749923917,0.0757970826862125,64.25976385104451,2202,1.211734693877551,1568,32.73574927246103,1.211734693877551,1841
Pitcher,Junior Pena,sa3076435,825605,2026,International Rookie,International Rookie,1,1,International Rookie,25.0,18.0,True,False,0.005464377749923917,0.0757970826862125,64.25976385104451,2202,1.211734693877551,1568,32.73574927246103,1.211734693877551,1841
Pitcher,Edwin Mendoza,sa3068606,829710,2026,International Rookie,International Rookie,1,1,International Rookie,21.0,18.0,True,False,0.005464377749923917,0.0757970826862125,64.25976385104451,2202,1.211734693877551,1568,32.73574927246103,1.211734693877551,1841
Pitcher,Arnaldo Tejeda,sa3076945,822249,2026,International Rookie,International Rookie,1,1,International Rookie,26.666666666666668,18.0,True,False,0.005464377749923917,0.0757970826862125,64.25976385104451,2202,1.211734693877551,1568,32.73574927246103,1.211734693877551,1841
Pitcher,David Mendoza,sa3077506,837339,2026,International Rookie,International Rookie,1,1,International Rookie,20.333333333333332,18.0,True,False,0.005464377749923917,0.0757970826862125,64.25976385104451,2202,1.211734693877551,1568,32.73574927246103,1.211734693877551,1841
Pitcher,Amilkar Romero,sa3068616,829846,2026,International Rookie,International Rookie,1,1,International Rookie,21.333333333333332,18.0,True,False,0.005464377749923917,0.0757970826862125,64.25976385104451,2202,1.211734693877551,1568,32.73574927246103,1.211734693877551,1841
Pitcher,Esmerbin Guerrero,sa3076978,837325,2026,International Rookie,International Rookie,1,1,International Rookie,23.333333333333332,18.0,True,False,0.005464377749923917,0.0757970826862125,64.25976385104451,2202,1.211734693877551,1568,32.73574927246103,1.211734693877551,1841
Pitcher,Jesus Martinez,sa3068618,829919,2026,International Rookie,International Rookie,1,1,International Rookie,21.333333333333332,18.0,True,False,0.005464377749923917,0.0757970826862125,64.25976385104451,2202,1.211734693877551,1568,32.73574927246103,1.211734693877551,1841
Pitcher,Jefrey Gonzalez,sa3077288,839329,2026,International Rookie,International Rookie,1,1,International Rookie,21.333333333333332,18.0,True,False,0.005464377749923917,0.0757970826862125,64.25976385104451,2202,1.211734693877551,1568,32.73574927246103,1.211734693877551,1841
Pitcher,Frandy Lora,sa3076964,837082,2026,International Rookie,International Rookie,1,1,International Rookie,24.333333333333332,18.0,True,False,0.005464377749923917,0.0757970826862125,64.25976385104451,2202,1.211734693877551,1568,32.73574927246103,1.211734693877551,1841
Pitcher,Jesus Cova,sa3077663,830436,2026,International Rookie,International Rookie,1,1,International Rookie,29.333333333333332,18.0,True,False,0.005464377749923917,0.0757970826862125,64.25976385104451,2202,1.211734693877551,1568,32.73574927246103,1.211734693877551,1841
Pitcher,Denichel Javier,sa3077559,840528,2026,International Rookie,International Rookie,1,1,International Rookie,26.666666666666668,18.0,True,False,0.005464377749923917,0.0757970826862125,64.25976385104451,2202,1.211734693877551,1568,32.73574927246103,1.211734693877551,1841
Pitcher,Janiel Hernandez,sa3077263,837783,2026,International Rookie,International Rookie,1,1,International Rookie,22.666666666666668,18.0,True,False,0.005464377749923917,0.0757970826862125,64.25976385104451,2202,1.211734693877551,1568,32.73574927246103,1.211734693877551,1841
Pitcher,Carlos Falcon,sa3068384,833260,2026,International Rookie,International Rookie,1,1,International Rookie,22.333333333333332,18.0,True,False,0.005464377749923917,0.0757970826862125,64.25976385104451,2202,1.211734693877551,1568,32.73574927246103,1.211734693877551,1841
Pitcher,Carlos Lara,sa3077247,837255,2026,International Rookie,International Rookie,1,1,International Rookie,26.0,18.0,True,False,0.005464377749923917,0.0757970826862125,64.25976385104451,2202,1.211734693877551,1568,32.73574927246103,1.211734693877551,1841
Pitcher,Jainer Almanza,sa3068492,830030,2026,International Rookie,International Rookie,1,1,International Rookie,20.666666666666668,18.0,True,False,0.005464377749923917,0.0757970826862125,64.25976385104451,2202,1.211734693877551,1568,32.73574927246103,1.211734693877551,1841
Pitcher,Antonio Gonzalez,sa3076972,837304,2026,International Rookie,International Rookie,1,1,International Rookie,20.333333333333332,18.0,True,False,0.005464377749923917,0.0757970826862125,64.25976385104451,2202,1.211734693877551,1568,32.73574927246103,1.211734693877551,1841
Pitcher,Sebastian Pina,sa3068667,832279,2026,International Rookie,International Rookie,1,1,International Rookie,22.666666666666668,18.0,True,False,0.005464377749923917,0.0757970826862125,64.25976385104451,2202,1.211734693877551,1568,32.73574927246103,1.211734693877551,1841
Pitcher,Gleiderson Mendoza,sa3068625,830022,2026,International Rookie,International Rookie,1,1,International Rookie,26.0,18.0,True,False,0.005464377749923917,0.0757970826862125,64.25976385104451,2202,1.211734693877551,1568,32.73574927246103,1.211734693877551,1841
Pitcher,Mauricio Flores,sa3077248,837258,2026,International Rookie,International Rookie,1,1,International Rookie,20.333333333333332,18.0,True,False,0.005464377749923917,0.0757970826862125,64.25976385104451,2202,1.211734693877551,1568,32.73574927246103,1.211734693877551,1841
Pitcher,Randy Soto,sa3076958,834895,2026,International Rookie,International Rookie,1,1,International Rookie,27.0,18.0,True,False,0.005464377749923917,0.0757970826862125,64.25976385104451,2202,1.211734693877551,1568,32.73574927246103,1.211734693877551,1841
Pitcher,Luis Mirabal,sa3077006,837940,2026,International Rookie,International Rookie,1,1,International Rookie,23.333333333333332,18.0,True,False,0.005464377749923917,0.0757970826862125,64.25976385104451,2202,1.211734693877551,1568,32.73574927246103,1.211734693877551,1841
Pitcher,Gustavo Garcia,sa3068146,831788,2026,International Rookie,International Rookie,1,1,International Rookie,22.666666666666668,18.0,True,False,0.005464377749923917,0.0757970826862125,64.25976385104451,2202,1.211734693877551,1568,32.73574927246103,1.211734693877551,1841
Pitcher,Jean Rivero,sa3077388,837801,2026,International Rookie,International Rookie,1,1,International Rookie,29.333333333333332,18.0,True,False,0.005464377749923917,0.0757970826862125,64.25976385104451,2202,1.211734693877551,1568,32.73574927246103,1.211734693877551,1841
Pitcher,Freddy Hernandez,sa3068357,829852,2026,International Rookie,International Rookie,1,1,International Rookie,29.0,18.0,True,False,0.005464377749923917,0.0757970826862125,64.25976385104451,2202,1.211734693877551,1568,32.73574927246103,1.211734693877551,1841
Pitcher,Luis Cepeda,sa3068373,831532,2026,International Rookie,International Rookie,1,1,International Rookie,27.666666666666668,18.0,True,False,0.005464377749923917,0.0757970826862125,64.25976385104451,2202,1.211734693877551,1568,32.73574927246103,1.211734693877551,1841
Pitcher,Brayan Amoroso,sa3023910,820994,2026,International Rookie,International Rookie,1,1,International Rookie,21.0,18.0,True,False,0.005464377749923917,0.0757970826862125,64.25976385104451,2202,1.211734693877551,1568,32.73574927246103,1.211734693877551,1841
Pitcher,Alvin De Leon,sa3077419,842077,2026,International Rookie,International Rookie,1,1,International Rookie,28.0,18.0,True,False,0.005464377749923917,0.0757970826862125,64.25976385104451,2202,1.211734693877551,1568,32.73574927246103,1.211734693877551,1841
Pitcher,Miguel Liendo,sa3068613,829832,2026,International Rookie,International Rookie,1,1,International Rookie,20.666666666666668,18.0,True,False,0.005464377749923917,0.0757970826862125,64.25976385104451,2202,1.211734693877551,1568,32.73574927246103,1.211734693877551,1841
Pitcher,Jose Taveras,sa3077543,842465,2026,International Rookie,International Rookie,1,1,International Rookie,26.333333333333332,18.0,True,False,0.005464377749923917,0.0757970826862125,64.25976385104451,2202,1.211734693877551,1568,32.73574927246103,1.211734693877551,1841
Pitcher,Anderson Jimenez,sa3024571,821254,2026,International Rookie,International Rookie,1,1,International Rookie,26.666666666666668,18.0,True,False,0.005464377749923917,0.0757970826862125,64.25976385104451,2202,1.211734693877551,1568,32.73574927246103,1.211734693877551,1841
Pitcher,Leudy Reyes,sa3068478,829707,2026,International Rookie,International Rookie,1,1,International Rookie,27.0,18.0,True,False,0.005464377749923917,0.0757970826862125,64.25976385104451,2202,1.211734693877551,1568,32.73574927246103,1.211734693877551,1841
Pitcher,Randy Angomas,sa3067607,830411,2026,International Rookie,International Rookie,1,1,International Rookie,26.0,18.0,True,False,0.005464377749923917,0.0757970826862125,64.25976385104451,2202,1.211734693877551,1568,32.73574927246103,1.211734693877551,1841
Pitcher,Joseph Uzeta,sa3077694,827462,2026,International Rookie,International Rookie,1,1,International Rookie,24.333333333333332,18.0,True,False,0.005464377749923917,0.0757970826862125,64.25976385104451,2202,1.211734693877551,1568,32.73574927246103,1.211734693877551,1841
Pitcher,Starlin Alberto,sa3067594,829900,2026,International Rookie,International Rookie,1,1,International Rookie,22.666666666666668,18.0,True,False,0.005464377749923917,0.0757970826862125,64.25976385104451,2202,1.211734693877551,1568,32.73574927246103,1.211734693877551,1841
Pitcher,Javier Rojas,sa3068634,830473,2026,International Rookie,International Rookie,1,1,International Rookie,22.0,18.0,True,False,0.005464377749923917,0.0757970826862125,64.25976385104451,2202,1.211734693877551,1568,32.73574927246103,1.211734693877551,1841
Pitcher,Scarling Sterling,sa3077372,833144,2026,International Rookie,International Rookie,1,1,International Rookie,20.0,18.0,True,False,0.005464377749923917,0.0757970826862125,64.25976385104451,2202,1.211734693877551,1568,32.73574927246103,1.211734693877551,1841
Pitcher,Hancer Regalado,sa3069048,836333,2026,International Rookie,International Rookie,1,1,International Rookie,24.333333333333332,18.0,True,False,0.005464377749923917,0.0757970826862125,64.25976385104451,2202,1.211734693877551,1568,32.73574927246103,1.211734693877551,1841
Pitcher,Jairo Iriarte,26907,683568,2026,AAA,AA,6,6,International Rookie | Complex | A | A+ | AA | AAA,46.0,23.0,True,True,0.05683321381146813,0.7162319920519333,43.74199060230671,2341,21.60278745644599,861,32.67238902937635,21.60278745644599,1910
Pitcher,Zane Taylor,sa3043592,823990,2026,AA,AA,5,2,A+ | AA,23.0,24.0,True,False,0.03706860824449106,0.3449670880233564,37.809798270893374,3470,27.488760436737316,1557,32.649279353815345,27.488760436737316,1911
Pitcher,Andy Encarnacion,sa3018498,800287,2026,International Rookie,International Rookie,1,1,International Rookie,34.0,21.0,True,True,0.00634833839418003,0.02193870342821019,9.990917347865576,2202,55.29336734693877,1568,32.64214234740217,9.990917347865576,1912
Pitcher,Braxton Garrett,21844,666129,2026,AAA,AAA,6,2,A+ | AAA,98.33333333333334,28.000000000000004,True,True,0.057553111126243374,0.7095721249107194,42.75950448526271,2341,22.415795586527295,861,32.587650035895,22.415795586527295,1913
Pitcher,Santiago Linares,sa3068109,829728,2026,International Rookie,International Rookie,1,1,International Rookie,36.66666666666667,17.999999999999996,True,True,0.005916319105330196,0.06447536020577338,54.99545867393279,2202,10.14030612244898,1568,32.56788239819088,10.14030612244898,1914
Pitcher,Yoelvin Chirino,sa3022303,811236,2026,Complex,Complex,2,2,International Rookie | Complex,23.0,21.0,True,False,0.004831609732299315,0.10508122820789075,42.32283464566929,1524,22.562141491395792,1046,32.44248806853254,22.562141491395792,1915
Pitcher,Graham Osman,sa3023063,690104,2026,A+,A+,4,2,A | A+,41.666666666666664,24.999999999999996,True,True,0.028655586720197575,0.12698972403158496,20.598591549295776,3976,44.19512195121951,2050,32.39685675025764,20.598591549295776,1916
Pitcher,Tony Rossi,sa3067082,702036,2026,AA,AA,5,2,A+ | AA,33.333333333333336,26.0,True,True,0.03384698589401092,0.4019539351473516,44.12103746397695,3470,20.616570327552985,1557,32.36880389576497,20.616570327552985,1917
Pitcher,Leonardo Rossell,sa3022317,814548,2026,Complex,Complex,2,2,International Rookie | Complex,21.0,21.0,True,False,0.004817205964225655,0.10409504892210933,41.666666666666664,1524,22.562141491395792,1046,32.11440407903123,22.562141491395792,1918
Pitcher,Jack Martinez,sa3037172,822956,2026,A,A,3,1,A,60.666666666666664,23.0,True,True,0.020048018544012506,0.14456218084518543,33.68569415081043,4257,30.535638970898354,2371,32.11066656085439,30.535638970898354,1919
Pitcher,Anyel Manzueta,sa3068590,821003,2026,International Rookie,International Rookie,1,1,International Rookie,35.0,19.0,True,True,0.006159604772599444,0.04335103050752983,33.69663941871026,2202,30.48469387755102,1568,32.09066664813064,30.48469387755102,1920
Pitcher,Jake Garland,sa3020077,687195,2026,AA,AA,5,3,A | A+ | AA,29.0,25.0,True,False,0.0391885329241202,0.30429429801178876,32.76657060518732,3470,31.40655105973025,1557,32.08656083245879,31.40655105973025,1921
Pitcher,Yeri Perez,sa3019566,805615,2026,A,A,3,3,International Rookie | Complex | A,49.0,21.0,True,True,0.022504037703812447,0.12495938418042608,26.7559314070942,4257,37.4103753690426,2371,32.083153388068396,26.7559314070942,1922
Pitcher,Nick Sandlin,20517,680704,2026,AAA,AAA,6,1,AAA,41.0,29.0,True,True,0.07153598861945076,0.536275840479402,25.67278940623665,2341,38.32752613240418,861,32.00015776932042,25.67278940623665,1923
Pitcher,Rubender Pena,sa3024097,823214,2026,Complex,Complex,2,2,International Rookie | Complex,21.333333333333332,21.0,True,False,0.00483918889354367,0.10349765914015531,41.20734908136483,1524,22.562141491395792,1046,31.884745286380312,22.562141491395792,1924
Pitcher,David Sanchez,sa3024845,822691,2026,Complex,Complex,2,2,International Rookie | Complex,47.0,19.0,True,True,0.00652886011752663,0.08667496028588449,31.496062992125985,1524,32.217973231357554,1046,31.85701811174177,31.496062992125985,1925
Pitcher,TJ Nichols,sa3023039,694375,2026,AA,AA,5,3,A | A+ | AA,89.66666666666667,24.0,True,True,0.035368719963003774,0.36041422556193237,39.221902017291065,3470,24.470134874759154,1557,31.84601844602511,24.470134874759154,1926
Pitcher,Eric Hammond,sa3076126,695727,2026,A,A,3,1,A,69.0,23.0,True,True,0.01812238020448645,0.15887146287199821,38.71270848015034,4257,24.92619148038802,2371,31.81944998026918,24.92619148038802,1927
Pitcher,Adam Falinski,sa3076083,802709,2026,A,A,3,1,A,40.0,23.0,True,True,0.022231511932813416,0.12620158563976358,27.131782945736433,4257,36.48249683677773,2371,31.80713989125708,27.131782945736433,1928
Pitcher,Braxton Roxby,27793,694820,2026,AAA,AAA,6,3,A+ | AA | AAA,59.0,27.0,True,True,0.05964671985836571,0.6708634864602535,38.744126441691584,2341,24.854819976771196,861,31.79947320923139,24.854819976771196,1929
Pitcher,Mario Gonzalez,sa3068102,829496,2026,International Rookie,International Rookie,1,1,International Rookie,32.333333333333336,19.0,True,True,0.005959739651318528,0.059523731009075334,50.49954586739328,2202,13.073979591836734,1568,31.786762729615006,13.073979591836734,1930
Pitcher,Isaiah Campbell,25551,663462,2026,AAA,AAA,6,3,A+ | AA | AAA,52.0,28.0,True,True,0.05882685524598141,0.6812707472369646,39.854762921828275,2341,23.693379790940767,861,31.77407135638452,23.693379790940767,1931
Pitcher,Will Bednar,sa3017844,687218,2026,AA,AA,5,2,A | AA,41.666666666666664,26.0,True,True,0.03826530209832402,0.3158587694069464,34.06340057636888,3470,29.479768786127167,1557,31.771584681248022,29.479768786127167,1932
Pitcher,Robby Ahlstrom,30167,695239,2026,AAA,AAA,6,4,A | A+ | AA | AAA,29.333333333333332,27.0,True,False,0.05841987630620714,0.6847646197956162,40.28193079880393,2341,23.228803716608596,861,31.75536725770626,23.228803716608596,1933
Pitcher,Andrew Moore,sa3016795,681097,2026,AA,AA,5,2,A | AA,24.333333333333332,26.0,True,False,0.04520839510462255,0.18024358590630843,17.896253602305475,3470,45.536287732819524,1557,31.716270667562497,17.896253602305475,1934
Pitcher,Julian Aguiar,30031,687924,2026,AAA,AAA,6,4,A | A+ | AA | AAA,43.333333333333336,25.000000000000004,True,True,0.06918426285229155,0.5619006321899482,28.022212729602735,2341,35.19163763066202,861,31.60692518013238,28.022212729602735,1935
Pitcher,Joey Danielson,sa3025479,828506,2026,AA,AA,5,2,A+ | AA,31.0,25.0,True,True,0.038466552921182715,0.3088062698461102,33.34293948126801,3470,29.865125240847785,1557,31.604032361057897,29.865125240847785,1936
Pitcher,Xiomer Guacache,sa3018887,802084,2026,A,A,3,3,International Rookie | Complex | A,29.333333333333332,22.0,True,False,0.016919250925534177,0.16793028477510932,41.74301151045337,4257,21.425558835934204,2371,31.584285173193788,21.425558835934204,1937
Pitcher,Sean Hermann,sa3019429,702314,2026,A,A,3,2,Complex | A,65.0,23.0,True,True,0.019999568590392074,0.14146821686054575,32.69908386187456,4257,30.451286377056096,2371,31.57518511946533,30.451286377056096,1938
Pitcher,Gilberto Batista,sa3020987,807625,2026,A+,A+,4,4,International Rookie | Complex | A | A+,87.0,21.0,True,True,0.019218327614232887,0.23018940911794938,45.72434607645875,3976,17.317073170731707,2050,31.52070962359523,17.317073170731707,1939
Pitcher,Carlos Espinosa,sa3019549,800514,2026,AA,AA,5,4,Complex | A | A+ | AA,68.66666666666667,24.0,True,True,0.031140075794396222,0.43396945227910655,48.01152737752162,3470,14.964675658317276,1557,31.488101517919446,14.964675658317276,1940
Pitcher,Andrew Lindsey,sa3022734,701604,2026,AA,AA,5,2,A+ | AA,30.666666666666668,26.0,True,True,0.0396912844068646,0.29042818839214274,30.922190201729105,3470,32.048811817597944,1557,31.485501009663523,30.922190201729105,1941
Pitcher,Cannon Pickell,sa3039890,695384,2026,A+,A+,4,1,A+,41.0,23.0,True,True,0.02726847844399309,0.13576485826984738,22.43460764587525,3976,40.48780487804878,2050,31.461206261962012,22.43460764587525,1942
Pitcher,Kelly Austin,sa3023264,675502,2026,AA,AA,5,2,A+ | AA,56.333333333333336,25.0,True,True,0.0362086289843875,0.33682358440171706,36.570605187319885,3470,26.268464996788698,1557,31.41953509205429,26.268464996788698,1943
Pitcher,Euri Montero,sa3015989,693759,2026,A+,A+,4,3,International Rookie | A | A+,40.666666666666664,24.0,True,True,0.02406478774881971,0.17135600979036913,31.966800804828974,3976,30.829268292682926,2050,31.398034548755952,30.829268292682926,1944
Pitcher,Austin Amaral,sa3022903,694544,2026,A+,A,4,2,A | A+,41.333333333333336,23.0,True,True,0.020864077508242276,0.2077237243169169,40.99597585513079,3976,21.75609756097561,2050,31.3760367080532,21.75609756097561,1945
Pitcher,Jaylen Nowlin,sa3017978,701549,2026,AA,AA,5,3,A | A+ | AA,46.0,25.0,True,True,0.0410186289986371,0.2559594672438274,27.175792507204612,3470,35.51701991008349,1557,31.34640620864405,27.175792507204612,1946
Pitcher,Jack Nedrow,sa3076368,828616,2026,A+,A+,4,2,A | A+,29.666666666666668,23.0,True,False,0.022440653748049946,0.19066955646403266,37.072434607645874,3976,25.609756097560975,2050,31.341095352603425,25.609756097560975,1947
Pitcher,Sann Omosako,sa3022315,808020,2026,Complex,Complex,2,2,International Rookie | Complex,34.666666666666664,20.0,True,True,0.0041902974920567295,0.10661555921790067,43.24146981627297,1524,19.407265774378587,1046,31.324367795325777,19.407265774378587,1948
Pitcher,Enmanuel Carela,sa3024966,821016,2026,International Rookie,International Rookie,1,1,International Rookie,35.333333333333336,19.0,True,True,0.006341125746945881,0.020757661564410605,8.583106267029972,2202,54.017857142857146,1568,31.300481704943557,8.583106267029972,1949
Pitcher,Carson Coleman,sa3014857,679693,2026,AAA,AAA,6,3,A | AA | AAA,44.0,28.0,True,True,0.06467670075495373,0.6158970300310098,32.977360102520294,2341,29.61672473867596,861,31.297042420598125,29.61672473867596,1950
Pitcher,Keegan Batka,sa3069185,700176,2026,A+,A+,4,1,A+,37.333333333333336,24.0,True,True,0.020937944958019962,0.20626489076326146,40.66901408450704,3976,21.902439024390244,2050,31.285726554448644,21.902439024390244,1951
Pitcher,Logan Tabeling,sa3067065,805841,2026,A+,A+,4,2,A | A+,24.333333333333332,24.0,True,False,0.02553758905153334,0.15686712792505364,27.590543259557343,3976,34.926829268292686,2050,31.258686263925014,27.590543259557343,1952
Pitcher,Tyler Schoff,sa3017545,694887,2026,AA,A+,5,3,A | A+ | AA,32.0,25.0,True,True,0.03903439831729738,0.29474490086860916,31.498559077809798,3470,30.956968529222866,1557,31.227763803516332,30.956968529222866,1953
Pitcher,Nate Williams,sa3062924,802699,2026,A+,A+,4,1,A+,42.333333333333336,24.0,True,True,0.022388175200089004,0.18967470210110302,36.84607645875251,3976,25.463414634146343,2050,31.154745546449426,25.463414634146343,1954
Pitcher,Albieris Polanco,sa3076949,827999,2026,International Rookie,International Rookie,1,1,International Rookie,31.0,20.0,True,True,0.0063285940054603656,0.022338757143475878,10.399636693914623,2202,51.849489795918366,1568,31.124563244916494,10.399636693914623,1955
Pitcher,Lucas Wepf,sa3020704,689233,2026,AA,AA,5,3,A | A+ | AA,51.0,26.0,True,True,0.04112944137947282,0.25244122887370507,26.628242074927954,3470,35.58124598587026,1557,31.104744030399107,26.628242074927954,1956
Pitcher,Zach Messinger,sa3018093,684725,2026,AAA,AAA,6,4,A | A+ | AA | AAA,69.0,26.0,True,True,0.06604190230997427,0.5977733495961487,31.183255019222553,2341,31.010452961672474,861,31.096853990447514,31.010452961672474,1957
Pitcher,Connor Van Scoyoc,sa3010243,681854,2026,AAA,AA,6,5,Complex | A | A+ | AA | AAA,86.0,25.0,True,True,0.05683875731526877,0.686614649558121,40.3246475865015,2341,21.718931475029034,861,31.02178953076527,21.718931475029034,1958
Pitcher,Brady Kirtner,sa3035459,802374,2026,A+,A+,4,2,A | A+,39.666666666666664,24.0,True,True,0.023914285072508822,0.17024695167351447,31.690140845070424,3976,30.341463414634145,2050,31.015802129852283,30.341463414634145,1959
Pitcher,Luke Schafer,sa3076386,841138,2026,A+,A+,4,1,A+,60.333333333333336,25.0,True,True,0.02342290627627612,0.17746103183341413,33.32494969818914,3976,28.682926829268293,2050,31.003938263728713,28.682926829268293,1960
Pitcher,Michael Prosecky,sa3020526,687087,2026,AA,AA,5,3,A | A+ | AA,20.666666666666668,25.000000000000004,True,False,0.03915678183453587,0.2883342277092049,30.662824207492797,3470,31.27809890815671,1557,30.970461557824756,30.662824207492797,1961
Pitcher,Erik Tolman,32065,680899,2026,AAA,AAA,6,4,A | A+ | AA | AAA,31.0,27.0,True,True,0.06131162821154099,0.6382705551404169,35.36950021358394,2341,26.480836236933797,861,30.92516822525887,26.480836236933797,1962
Pitcher,Daniel Avitia,sa3026327,701220,2026,A,A,3,1,A,59.0,23.0,True,True,0.020609106009908812,0.13493709091504438,30.209067418369745,4257,31.632222690847744,2371,30.920645054608745,30.209067418369745,1963
Pitcher,Casey Anderson,sa3022742,814783,2026,AA,AA,5,3,A | A+ | AA,34.0,25.0,True,True,0.03964483294726429,0.2817286797156071,29.855907780979827,3470,31.984585741811177,1557,30.920246761395504,29.855907780979827,1964
Pitcher,Melvin Pineda,sa3018815,703941,2026,A,A,3,3,International Rookie | Complex | A,22.666666666666668,22.0,True,False,0.015327554983868081,0.17549376193616906,44.35048155978389,4257,17.334458034584564,2371,30.842469797184226,17.334458034584564,1965
Pitcher,Jordi Infante,sa3021482,806708,2026,Complex,Complex,2,2,International Rookie | Complex,26.0,21.0,True,False,0.0048303663662055555,0.09978204125997174,39.10761154855643,1524,22.562141491395792,1046,30.83487651997611,22.562141491395792,1966
Pitcher,Dale Stanavich,sa3019833,689359,2026,AAA,AA,6,3,A | AA | AAA,28.0,26.0,True,False,0.06159456652768008,0.6345299291311611,34.94233233660829,2341,26.713124274099883,861,30.827728305354086,26.713124274099883,1967
Pitcher,Josehp Marte,sa3024284,824213,2026,Complex,Complex,2,2,International Rookie | Complex,22.333333333333332,21.0,True,False,0.004669984435126304,0.10088849477156422,40.026246719160106,1524,21.606118546845124,1046,30.816182633002615,21.606118546845124,1968
Pitcher,Julio Gutierrez,sa3022280,815012,2026,Complex,Complex,2,2,International Rookie | Complex,24.0,21.0,True,False,0.004669984435126304,0.10088849477156422,40.026246719160106,1524,21.606118546845124,1046,30.816182633002615,21.606118546845124,1968
Pitcher,Anthony Veneziano,27453,685107,2026,AAA,AAA,6,3,A+ | AA | AAA,32.333333333333336,28.0,True,True,0.05002725217668486,0.7477985969159627,47.62921828278513,2341,13.821138211382113,861,30.725178247083623,13.821138211382113,1970
Pitcher,Peyton Olejnik,sa3025492,803021,2026,A+,A+,4,2,A | A+,106.66666666666667,23.0,True,True,0.0202208446329688,0.21099070797215988,41.574446680080484,3976,19.853658536585368,2050,30.714052608332928,19.853658536585368,1971
Pitcher,Aneury Montilla,sa3068144,831570,2026,Complex,Complex,2,2,International Rookie | Complex,30.0,19.0,True,True,0.004068110491982591,0.10592760331348745,42.84776902887139,1524,18.54684512428298,1046,30.697307076577186,18.54684512428298,1972
Pitcher,Junior Fernandez,18496,658551,2026,AAA,AAA,6,6,International Rookie | Complex | A | A+ | AA | AAA,31.0,29.0,True,True,0.07426819668092337,0.46058073176570075,20.589491670226398,2341,40.76655052264808,861,30.67802109643724,20.589491670226398,1973
Pitcher,Bradley Blalock,26419,687134,2026,AAA,AAA,6,4,A | A+ | AA | AAA,109.0,25.0,True,True,0.05800074100862691,0.6686277185397703,38.573259290901326,2341,22.764227642276424,861,30.668743466588875,22.764227642276424,1974
Pitcher,Luis Vasquez,sa3021001,808070,2026,International Rookie,International Rookie,1,1,International Rookie,34.0,21.0,True,True,0.00631373412067444,0.023384556533770424,11.398728428701181,2202,49.93622448979592,1568,30.66747645924855,11.398728428701181,1975
Pitcher,Connor Thomas,25873,671162,2026,AAA,AAA,6,3,A | AA | AAA,27.333333333333332,28.0,True,False,0.061050801483432414,0.6319507258125853,34.814181973515595,2341,26.480836236933797,861,30.647509105224696,26.480836236933797,1976
Pitcher,Tyler Boudreau,sa3069160,683332,2026,A,A,3,1,A,103.0,23.0,True,True,0.019296917682236597,0.14147612362656628,32.69908386187456,4257,28.42682412484184,2371,30.5629539933582,28.42682412484184,1977
Pitcher,Jacob Frost,sa3031744,815088,2026,A+,A+,4,1,A+,76.0,23.0,True,True,0.022867167458503857,0.17967232314668077,34.02917505030181,3976,27.073170731707318,2050,30.551172891004562,27.073170731707318,1978
Pitcher,Blake Aita,sa3025822,820832,2026,AA,AA,5,3,A | A+ | AA,48.0,23.0,True,True,0.03478011265893706,0.349064603374435,38.15561959654179,3470,22.928709055876684,1557,30.54216432620924,22.928709055876684,1979
Pitcher,Zach Pop,20185,647315,2026,AAA,AAA,6,3,A+ | AA | AAA,22.0,29.0,True,False,0.056203401312670806,0.6820697231049783,39.94019649722341,2341,21.13821138211382,861,30.539203939668617,21.13821138211382,1980
Pitcher,Luis De La Cruz,sa3020981,806927,2026,A+,A+,4,3,International Rookie | A | A+,23.333333333333332,23.0,True,False,0.019147584730048066,0.22207842354087876,43.96378269617706,3976,17.073170731707318,2050,30.518476713942192,17.073170731707318,1981
Pitcher,Jesus Colina,sa3019776,806239,2026,Complex,Complex,2,2,International Rookie | Complex,25.0,21.0,True,False,0.004695820430970821,0.09919133153396657,39.041994750656166,1524,21.988527724665392,1046,30.51526123766078,21.988527724665392,1982
Pitcher,Andrew Morones,sa3025299,688474,2026,AA,AA,5,2,A+ | AA,21.666666666666668,25.000000000000004,True,False,0.03839170182639272,0.2921462307265167,31.21037463976945,3470,29.800899165061015,1557,30.505636902415233,29.800899165061015,1983
Pitcher,Jakob Guardado,sa3074974,824200,2026,A,A,3,1,A,51.666666666666664,24.0,True,True,0.021529504270243353,0.12487654371828791,26.708949964763917,4257,34.289329396878955,2371,30.499139680821436,26.708949964763917,1984
Pitcher,Esteban Dicent,sa3022033,808663,2026,International Rookie,International Rookie,1,1,International Rookie,30.0,23.0,True,True,0.006346352242386556,0.017471205375144256,6.085376930063578,2202,54.8469387755102,1568,30.466157852786893,6.085376930063578,1985
Pitcher,Omar Calcurian,sa3025025,821598,2026,International Rookie,International Rookie,1,1,International Rookie,39.666666666666664,21.0,True,True,0.006225535419908413,0.033601017519471865,22.524977293369663,2202,38.265306122448976,1568,30.395141707909318,22.524977293369663,1986
Pitcher,Franly Urena,sa3022050,814288,2026,A,A,3,2,Complex | A,41.0,22.0,True,True,0.0166683385623379,0.1630539641700381,40.02818886539817,4257,20.75073808519612,2371,30.389463475297145,20.75073808519612,1987
Pitcher,Richie Cortese,sa3069404,834395,2026,A,A,3,1,A,21.666666666666668,23.0,True,False,0.022722259693901275,0.11048163000244987,22.48062015503876,4257,38.29607760438633,2371,30.388348879712545,22.48062015503876,1988
Pitcher,Win Scott,sa3076366,803094,2026,A,A,3,1,A,25.666666666666668,23.0,True,False,0.022722259693901275,0.11048163000244987,22.48062015503876,4257,38.29607760438633,2371,30.388348879712545,22.48062015503876,1988
Pitcher,Tegan Cain,sa3025465,823136,2026,A,A,3,1,A,23.666666666666668,23.0,True,False,0.022722259693901275,0.11048163000244987,22.48062015503876,4257,38.29607760438633,2371,30.388348879712545,22.48062015503876,1988
Pitcher,Anyer Laureano,sa3019123,703242,2026,A,A,3,1,A,27.333333333333332,23.0,True,False,0.022722259693901275,0.11048163000244987,22.48062015503876,4257,38.29607760438633,2371,30.388348879712545,22.48062015503876,1988
Pitcher,Jordan Little,sa3036399,804111,2026,A,A,3,1,A,21.666666666666668,23.0,True,False,0.022722259693901275,0.11048163000244987,22.48062015503876,4257,38.29607760438633,2371,30.388348879712545,22.48062015503876,1988
Pitcher,Luis Alvarez,sa3016847,700351,2026,A,A,3,1,A,25.0,23.0,True,False,0.022722259693901275,0.11048163000244993,22.48062015503876,4257,38.29607760438633,2371,30.388348879712545,22.48062015503876,1988
Pitcher,Tristan Smith,sa3042648,702280,2026,A,A,3,1,A,20.666666666666668,23.0,True,False,0.022722259693901275,0.11048163000244987,22.48062015503876,4257,38.29607760438633,2371,30.388348879712545,22.48062015503876,1988
Pitcher,Brady Afthim,sa3025791,808833,2026,A,A,3,1,A,27.0,23.0,True,False,0.022722259693901275,0.11048163000244987,22.48062015503876,4257,38.29607760438633,2371,30.388348879712545,22.48062015503876,1988
Pitcher,Carson Myers,sa3069008,816362,2026,A,A,3,1,A,20.666666666666668,23.0,True,False,0.022722259693901275,0.11048163000244987,22.48062015503876,4257,38.29607760438633,2371,30.388348879712545,22.48062015503876,1988
Pitcher,Andrew Shaffner,sa3042042,810836,2026,A,A,3,1,A,29.0,23.0,True,False,0.022722259693901275,0.11048163000244987,22.48062015503876,4257,38.29607760438633,2371,30.388348879712545,22.48062015503876,1988
Pitcher,Yomar De La Rosa,sa3068080,825230,2026,Complex,Complex,2,2,International Rookie | Complex,24.0,21.0,True,False,0.004849703175796969,0.09738540958503718,37.99212598425197,1524,22.562141491395792,1046,30.27713373782388,22.562141491395792,1998
Pitcher,Edwin Jimenez,sa3010800,683720,2026,AA,AA,5,5,International Rookie | Complex | A | A+ | AA,48.0,24.0,True,True,0.0367960634197026,0.3089671204105002,33.40057636887608,3470,27.103403982016697,1557,30.251990175446387,27.103403982016697,1999
Pitcher,Kendeglys Virguez,sa3018351,802068,2026,A+,A+,4,3,International Rookie | Complex | A+,25.666666666666668,22.000000000000004,True,False,0.015821101290315963,0.2526507643347101,50.503018108651915,3976,9.951219512195122,2050,30.22711881042352,9.951219512195122,2000
Pitcher,Codi Heuer,23293,676051,2026,AAA,AAA,6,3,A+ | AA | AAA,40.666666666666664,29.0,True,True,0.058315063018244934,0.657001965962214,37.334472447671935,2341,23.112659698025553,861,30.223566072848744,23.112659698025553,2001
Pitcher,Garrett Hawkins,sa3017383,678184,2026,AAA,AAA,6,4,A | A+ | AA | AAA,27.666666666666668,26.0,True,False,0.057082059640388656,0.6659081269888544,38.31695856471593,2341,22.067363530778167,861,30.19216104774705,22.067363530778167,2002
Pitcher,Carlos Toro,sa3068601,829481,2026,International Rookie,International Rookie,1,1,International Rookie,31.666666666666668,19.0,True,True,0.0062617682872012,0.028804297772162733,17.120799273387828,2202,43.23979591836735,1568,30.18029759587759,17.120799273387828,2003
Pitcher,Carlton Perkins,sa3022740,813855,2026,A,A,3,2,Complex | A,25.333333333333332,23.0,True,False,0.021798618613878763,0.11998122812076178,25.041108762038995,4257,35.0485027414593,2371,30.04480575174915,25.041108762038995,2004
Pitcher,Woo-Suk Go,33827,808970,2026,AAA,AAA,6,2,AA | AAA,27.666666666666668,27.0,True,False,0.06262809095238463,0.6053812034562013,31.994873985476293,2341,27.990708478513355,861,29.992791231994822,27.990708478513355,2005
Pitcher,Ty Cummings,sa3023365,807744,2026,AA,AA,5,2,A+ | AA,55.666666666666664,24.0,True,True,0.03868228939388636,0.2822241573391237,29.971181556195965,3470,29.993577392421322,1557,29.982379474308644,29.971181556195965,2006
Pitcher,Roque Gutierrez,sa3015440,692262,2026,AA,AA,5,4,Complex | A | A+ | AA,77.33333333333333,23.0,True,True,0.03429957547180677,0.3460209522906268,37.89625360230548,3470,21.965317919075144,1557,29.930785760690313,21.965317919075144,2007
Pitcher,Garrett Schoenle,sa3016937,676881,2026,AAA,AAA,6,4,A | A+ | AA | AAA,53.0,28.0,True,True,0.06611108331066542,0.570742105615352,28.705681332763778,2341,31.010452961672474,861,29.858067147218126,28.705681332763778,2008
Pitcher,Kyle Backhus,29615,679775,2026,AAA,AAA,6,3,A+ | AA | AAA,24.333333333333332,28.0,True,False,0.06117609109341418,0.6176393040687477,33.23366082870568,2341,26.480836236933797,861,29.85724853281974,26.480836236933797,2009
Pitcher,Hudson Leach,sa3023649,813865,2026,AA,AA,5,3,A | A+ | AA,37.666666666666664,24.0,True,True,0.034677992721673316,0.33773803116767503,36.65706051873199,3470,22.864482980089917,1557,29.760771749410953,22.864482980089917,2010
Pitcher,Yoralbert Cadiz,sa3021822,814257,2026,Complex,Complex,2,2,International Rookie | Complex,20.0,21.0,True,False,0.004817205964225655,0.09468959298454944,36.94225721784777,1524,22.562141491395792,1046,29.75219935462178,22.562141491395792,2011
Pitcher,Jake Curtis,sa3067491,813268,2026,A+,A+,4,3,Complex | A | A+,80.33333333333333,24.0,True,True,0.012073237095924828,0.27545336072060056,54.75352112676056,3976,4.682926829268292,2050,29.718223978014425,4.682926829268292,2012
Pitcher,Nolan DeVos,sa3020453,801700,2026,A+,A+,4,2,A | A+,61.666666666666664,25.0,True,True,0.02406728561688871,0.1597098192126264,28.546277665995976,3976,30.878048780487806,2050,29.71216322324189,28.546277665995976,2013
Pitcher,Jogly Garcia,sa3019633,805702,2026,A+,A+,4,4,International Rookie | Complex | A | A+,73.66666666666667,22.0,True,True,0.01903948240980691,0.21518937277213088,42.530181086519114,3976,16.878048780487806,2050,29.70411493350346,16.878048780487806,2014
Pitcher,Billy Corcoran,sa3020172,682225,2026,AAA,AA,6,4,A | A+ | AA | AAA,21.333333333333332,24.999999999999996,True,False,0.056390000194040196,0.6626491315246448,38.10337462622811,2341,21.254355400696863,861,29.678865013462485,21.254355400696863,2015
Pitcher,Nick Zwack,sa3017867,686873,2026,AAA,AAA,6,3,A+ | AA | AAA,39.666666666666664,27.0,True,True,0.0640511413729539,0.5885220782328194,30.15805211448099,2341,29.152148664343787,861,29.65510038941239,29.152148664343787,2016
Pitcher,Jake Peppers,sa3023008,811304,2026,A+,A+,4,2,A | A+,26.666666666666668,24.0,True,False,0.02410308710240849,0.15884259769848394,28.194164989939637,3976,31.024390243902438,2050,29.609277616921037,28.194164989939637,2017
Pitcher,Itsuki Takemoto,sa3043475,823771,2026,A,A,3,1,A,51.666666666666664,21.999999999999996,True,True,0.020545385005583713,0.1279716427939195,27.789523138360348,4257,31.421341206242094,2371,29.60543217230122,27.789523138360348,2018
Pitcher,Luis Porfirio,sa3021015,808506,2026,International Rookie,International Rookie,1,1,International Rookie,36.666666666666664,20.0,True,True,0.005942660425392809,0.05552403018092136,47.36603088101726,2202,11.798469387755102,1568,29.58225013438618,11.798469387755102,2019
Pitcher,Daniel Lloyd,sa3017538,681463,2026,AA,AA,5,3,A | A+ | AA,25.666666666666668,25.000000000000004,True,False,0.03809850374303597,0.2824615677941598,29.971181556195965,3470,29.15863840719332,1557,29.56490998169464,29.15863840719332,2020
Pitcher,Carlos Rodriguez,sa3024277,823864,2026,Complex,Complex,2,2,International Rookie | Complex,38.333333333333336,20.0,True,True,0.004319565631025783,0.09998612280562032,39.23884514435696,1524,19.78967495219885,1046,29.514260048277905,19.78967495219885,2021
Pitcher,Myles Caba,sa3067130,703821,2026,AA,AA,5,3,A | A+ | AA,48.0,24.0,True,True,0.04074926092817133,0.2318571585277996,24.207492795389047,3470,34.81053307642903,1557,29.50901293590904,24.207492795389047,2022
Pitcher,Jormy Nivar,sa3022022,808343,2026,A,A,3,3,International Rookie | Complex | A,63.666666666666664,23.0,True,True,0.02163802182591874,0.11719930907346725,24.38336856941508,4257,34.54238717840573,2371,29.462877873910408,24.38336856941508,2023
Pitcher,Ricardo Reyes,sa3067598,829955,2026,International Rookie,International Rookie,1,1,International Rookie,46.333333333333336,18.0,True,True,0.00585035646829562,0.06037316125775025,51.316984559491374,2202,7.589285714285714,1568,29.453135136888545,7.589285714285714,2024
Pitcher,Josh Hansell,sa3023158,700985,2026,A+,A+,4,2,A | A+,40.666666666666664,24.0,True,True,0.023325632685067984,0.16557680931028684,30.155935613682093,3976,28.536585365853657,2050,29.346260489767875,28.536585365853657,2025
Pitcher,Nathan Shinn,sa3077643,835433,2026,A,A,3,1,A,33.666666666666664,22.0,True,True,0.021502323127650776,0.11732601106403877,24.4538407329105,4257,34.20497680303669,2371,29.329408767973597,24.4538407329105,2026
Pitcher,Josh Sanders,sa3067414,699560,2026,A+,A+,4,1,A+,25.333333333333332,24.0,True,False,0.024175738696734814,0.1568338948828333,27.56539235412475,3976,31.073170731707318,2050,29.319281542916034,27.56539235412475,2027
Pitcher,Cole Stasio,sa3074192,801453,2026,A+,A+,4,1,A+,27.0,24.0,True,False,0.024175738696734814,0.1568338948828333,27.56539235412475,3976,31.073170731707318,2050,29.319281542916034,27.56539235412475,2027
Pitcher,Cohen Achen,sa3067146,828494,2026,A+,A+,4,1,A+,20.666666666666668,24.0,True,False,0.024175738696734814,0.1568338948828333,27.56539235412475,3976,31.073170731707318,2050,29.319281542916034,27.56539235412475,2027
Pitcher,Case Matter,sa3023085,811318,2026,A+,A+,4,1,A+,29.333333333333332,24.0,True,False,0.024175738696734814,0.1568338948828333,27.56539235412475,3976,31.073170731707318,2050,29.319281542916034,27.56539235412475,2027
Pitcher,Jesus Carrera,sa3022377,811632,2026,A,A,3,2,Complex | A,85.33333333333333,21.0,True,True,0.01765968898701801,0.14815361721922224,35.1421188630491,4257,23.49219738506959,2371,29.317158124059347,23.49219738506959,2031
Pitcher,Hamlet Garcia,sa3021022,808697,2026,Complex,Complex,2,2,International Rookie | Complex,31.666666666666668,20.0,True,True,0.004424113340751523,0.09817473735494697,38.51706036745407,1524,20.076481835564053,1046,29.296771101509062,20.076481835564053,2032
Pitcher,Pierce Coppola,sa3029364,695518,2026,A+,A+,4,2,A | A+,35.333333333333336,23.0,True,True,0.020806601651968386,0.19152743656706248,37.27364185110664,3976,21.317073170731707,2050,29.295357510919175,21.317073170731707,2033
Pitcher,Yendy Gomez,sa3016287,700365,2026,A,A,3,3,International Rookie | Complex | A,57.666666666666664,22.0,True,True,0.014206812007274774,0.17462902448478587,44.11557434813249,4257,14.42429354702657,2371,29.26993394757953,14.42429354702657,2034
Pitcher,Kevin Valdez,sa3019052,703936,2026,AA,AA,5,4,International Rookie | A | A+ | AA,39.333333333333336,24.0,True,True,0.026651889096795663,0.4695030233133152,51.585014409221905,3470,6.936416184971098,1557,29.260715297096503,6.936416184971098,2035
Pitcher,Jesus Colmenarez,sa3077418,840507,2026,International Rookie,International Rookie,1,1,International Rookie,31.333333333333332,18.0,True,True,0.006227447851089742,0.03133598133193822,19.845594913714805,2202,38.64795918367347,1568,29.24677704869414,19.845594913714805,2036
Pitcher,Christian Rodriguez,sa3040970,691010,2026,A,A,3,1,A,94.66666666666667,24.0,True,True,0.01780136247779917,0.14703600279574366,34.69579516091144,4257,23.787431463517503,2371,29.24161331221447,23.787431463517503,2037
Pitcher,Victor Garcia,sa3023615,806625,2026,A,A,3,2,Complex | A,36.0,22.0,True,True,0.02126629468437513,0.118974797048468,24.8062015503876,4257,33.656684943062,2371,29.231443246724798,24.8062015503876,2038
Pitcher,Cade Smith,sa3023371,694696,2026,AA,AA,5,3,A | A+ | AA,120.0,24.0,True,True,0.03570197569448407,0.30856154259249563,33.31412103746398,3470,25.112395632626846,1557,29.21325833504541,25.112395632626846,2039
Pitcher,Sean Matson,sa3037314,822483,2026,AA,AA,5,3,A | A+ | AA,61.0,24.0,True,True,0.037625719254467685,0.2817443434239989,29.855907780979827,3470,28.32369942196532,1557,29.089803601472575,28.32369942196532,2040
Pitcher,Noah Millikan,sa3076425,842247,2026,Complex,Complex,2,1,Complex,32.333333333333336,23.0,True,True,0.005901420204619551,0.08521630913702016,30.446194225721786,1524,27.724665391969406,1046,29.085429808845596,27.724665391969406,2041
Pitcher,German Arvayo,sa3077018,838938,2026,International Rookie,International Rookie,1,1,International Rookie,35.0,19.0,True,True,0.0060308054412341605,0.04876720445916097,40.32697547683924,2202,17.793367346938776,1568,29.06017141188901,17.793367346938776,2042
Pitcher,Jake Eder,27590,671109,2026,AAA,AAA,6,2,AA | AAA,21.0,27.0,True,False,0.06014891206683437,0.6130247483944324,32.678342588637335,2341,25.43554006968641,861,29.056941329161873,25.43554006968641,2043
Pitcher,Gerald Ogando,sa3005026,676012,2026,AA,AA,5,4,International Rookie | Complex | A+ | AA,21.333333333333332,24.999999999999996,True,False,0.03640549034559263,0.2955283114819357,31.613832853025936,3470,26.461143224149005,1557,29.03748803858747,26.461143224149005,2044
Pitcher,Drew Christo,sa3069104,695513,2026,A+,A+,4,1,A+,38.0,23.0,True,True,0.02288572489528039,0.16722093399166912,30.809859154929576,3976,27.121951219512194,2050,28.965905187220883,27.121951219512194,2045
Pitcher,Reece Fields,sa3077932,808191,2026,A+,A+,4,1,A+,21.666666666666668,24.0,True,False,0.02400365569379723,0.15492005066080874,27.137826961770624,3976,30.73170731707317,2050,28.934767139421897,27.137826961770624,2046
Pitcher,Carson Pierce,sa3023179,804544,2026,A+,A+,4,1,A+,21.333333333333332,24.0,True,False,0.02400365569379723,0.15492005066080874,27.137826961770624,3976,30.73170731707317,2050,28.934767139421897,27.137826961770624,2046
Pitcher,Alexander Pichardo,sa3076433,822225,2026,International Rookie,International Rookie,1,1,International Rookie,36.666666666666664,18.0,True,True,0.005886681061250854,0.0578323368430136,49.182561307901906,2202,8.673469387755102,1568,28.928015347828506,8.673469387755102,2048
Pitcher,Jace Beck,sa3011811,689476,2026,AAA,AAA,6,4,Complex | A+ | AA | AAA,34.33333333333333,26.000000000000004,True,True,0.05436518812277052,0.6759578311153558,39.171294318667236,2341,18.583042973286876,861,28.877168645977058,18.583042973286876,2049
Pitcher,Ricardo Guzman,sa3023830,820970,2026,International Rookie,International Rookie,1,1,International Rookie,32.666666666666664,21.0,True,True,0.005941315244603478,0.05405864455095721,46.049046321525886,2202,11.670918367346939,1568,28.85998234443641,11.670918367346939,2050
Pitcher,Jensey Duran,sa3076434,825087,2026,International Rookie,International Rookie,1,1,International Rookie,31.333333333333332,19.0,True,True,0.005994240974442854,0.0510794295466346,42.77929155313352,2202,14.923469387755102,1568,28.85138047044431,14.923469387755102,2051
Pitcher,Oniel Diaz,sa3024089,821117,2026,International Rookie,International Rookie,1,1,International Rookie,56.0,20.0,True,True,0.006257741171685145,0.027273796589525414,15.03178928247048,2202,42.66581632653061,1568,28.848802804500544,15.03178928247048,2052
Pitcher,Kevin Valdez,sa3019052,703936,2026,A+,A+,4,3,International Rookie | A | A+,58.333333333333336,24.0,True,True,0.016528909767601442,0.23341012140568076,46.65492957746479,3976,10.975609756097562,2050,28.815269666781177,10.975609756097562,2053
Pitcher,Fabian Ysalla,sa3021020,808674,2026,A,A,3,3,International Rookie | Complex | A,32.666666666666664,21.0,True,True,0.0149682206911354,0.16643052935858624,41.27319708715058,4257,16.026992830029524,2371,28.650094958590053,16.026992830029524,2054
Pitcher,Wilian Bormie,sa3020327,693781,2026,AA,AA,5,4,Complex | A | A+ | AA,29.666666666666668,25.0,True,False,0.031741771645169,0.37315691733417206,40.69164265129683,3470,16.570327552986512,1557,28.630985102141672,16.570327552986512,2055
Pitcher,Angel De Jesus,sa3068387,835037,2026,International Rookie,International Rookie,1,1,International Rookie,42.0,20.0,True,True,0.0062952748149425,0.021723517697567318,9.673024523160763,2202,47.51275510204081,1568,28.592889812600788,9.673024523160763,2056
Pitcher,Jack Martinez,sa3037172,822956,2026,A+,A+,4,2,A | A+,33.0,23.0,True,True,0.021192674691416714,0.18260469598563167,34.683098591549296,3976,22.48780487804878,2050,28.585451734799037,22.48780487804878,2057
Pitcher,Preston Johnson,sa3020565,699980,2026,AA,AA,5,2,A+ | AA,85.66666666666667,26.0,True,True,0.037897380763201816,0.26501301919343584,28.097982708933717,3470,29.030186255619782,1557,28.564084482276748,28.097982708933717,2058
Pitcher,Tanner Jones,sa3034912,823017,2026,A+,A+,4,2,A | A+,101.33333333333333,23.0,True,True,0.01897226796364075,0.2048701364960634,40.3672032193159,3976,16.73170731707317,2050,28.549455268194535,16.73170731707317,2059
Pitcher,Jonathan Jimenez,sa3022343,815183,2026,A+,A+,4,4,International Rookie | Complex | A | A+,31.333333333333332,22.0,True,True,0.016111534640975523,0.23373766854028574,46.70523138832998,3976,10.292682926829269,2050,28.498957157579625,10.292682926829269,2060
Pitcher,Dylan Carmouche,sa3023412,694581,2026,A+,A+,4,2,A | A+,29.0,24.0,True,False,0.023253994422498026,0.16003794109099634,28.64688128772636,3976,28.341463414634145,2050,28.494172351180254,28.341463414634145,2061
Pitcher,Manuel Cruz,sa3067567,825268,2026,Complex,Complex,2,2,International Rookie | Complex,38.0,20.0,True,True,0.006558055456721808,0.07539636923331233,24.73753280839895,1524,32.217973231357554,1046,28.47775301987825,24.73753280839895,2062
Pitcher,Trey Seeley,sa3069394,834682,2026,A,A,3,1,A,40.333333333333336,24.0,True,True,0.025927499577286815,0.07164343595982732,9.584214235377026,4257,47.32180514550822,2371,28.453009690442624,9.584214235377026,2063
Pitcher,Caden Monke,sa3017305,681387,2026,AA,AA,5,2,A+ | AA,45.333333333333336,26.0,True,True,0.04127116623580754,0.20568798060720483,20.922190201729105,3470,35.96660244059088,1557,28.444396321159992,20.922190201729105,2064
Pitcher,Lisnerkin Lantigua,sa3019258,800128,2026,A,A,3,3,International Rookie | Complex | A,67.33333333333333,21.0,True,True,0.016851351524227388,0.14968009697801093,35.49447968052619,4257,21.341206242091943,2371,28.417842961309066,21.341206242091943,2065
Pitcher,Blas Castano,26117,680604,2026,AAA,AAA,6,6,International Rookie | Complex | A | A+ | AA | AAA,23.0,27.0,True,False,0.03863629931122799,0.7820039145433765,52.029047415634345,2341,4.645760743321719,861,28.33740407947803,4.645760743321719,2066
Pitcher,Enrique Segura,sa3019147,800283,2026,A+,A+,4,4,International Rookie | Complex | A | A+,75.33333333333333,21.0,True,True,0.017446507837917895,0.22182246472507527,43.86317907444668,3976,12.634146341463415,2050,28.248662707955045,12.634146341463415,2067
Pitcher,Oswal Rodriguez,sa3024953,827745,2026,Complex,Complex,2,2,International Rookie | Complex,26.666666666666668,21.0,True,False,0.004669984435126304,0.0917430966373127,34.84251968503937,1524,21.606118546845124,1046,28.224319115942247,21.606118546845124,2068
Pitcher,Jhan Almeida,sa3024237,820950,2026,Complex,Complex,2,2,International Rookie | Complex,23.333333333333332,21.0,True,False,0.004669984435126304,0.0917430966373127,34.84251968503937,1524,21.606118546845124,1046,28.224319115942247,21.606118546845124,2068
Pitcher,Grant Umberger,sa3067156,802359,2026,A+,A+,4,2,A | A+,120.66666666666667,24.0,True,True,0.0198682139339209,0.1921417321930344,37.399396378269614,3976,18.975609756097562,2050,28.187503067183588,18.975609756097562,2070
Pitcher,Manuel Ruiz,sa3067585,829687,2026,International Rookie,International Rookie,1,1,International Rookie,32.666666666666664,20.0,True,True,0.0061268688332566865,0.04015824111925434,29.745685740236148,2202,26.59438775510204,1568,28.170036747669094,26.59438775510204,2071
Pitcher,Blake Morgan,sa3038359,834581,2026,A+,A+,4,3,Complex | A | A+,21.333333333333332,23.0,True,False,0.01681960367414797,0.2258066100239031,44.818913480885314,3976,11.512195121951219,2050,28.16555430141827,11.512195121951219,2072
Pitcher,Bryce Cunningham,sa3029687,701480,2026,A+,A+,4,1,A+,80.33333333333333,23.0,True,True,0.02099411021684281,0.18131869681711899,34.33098591549296,3976,22.0,2050,28.16549295774648,22.0,2073
Pitcher,Winyer Chourio,sa3024615,826466,2026,A+,A+,4,4,International Rookie | Complex | A | A+,41.0,22.0,True,True,0.012575377877011733,0.2550692994764011,51.00603621730382,3976,5.317073170731708,2050,28.161554694017767,5.317073170731708,2074
Pitcher,Joey Mancini,sa3020858,686223,2026,AA,AA,5,3,A | A+ | AA,46.0,26.0,True,True,0.03391994278999992,0.32684136131918573,35.47550432276657,3470,20.809248554913296,1557,28.142376438839932,20.809248554913296,2075
Pitcher,Alexis Marinez,sa3068376,831980,2026,International Rookie,International Rookie,1,1,International Rookie,38.333333333333336,20.0,True,True,0.005915888615805068,0.05406971740670792,46.049046321525886,2202,10.14030612244898,1568,28.094676221987434,10.14030612244898,2076
Pitcher,Jordan Morales,sa3076296,803409,2026,A,A,3,1,A,41.0,26.0,True,True,0.01970020804448616,0.12371967867905798,26.4035705896171,4257,29.69211303247575,2371,28.047841811046425,26.4035705896171,2077
Pitcher,Hunter Dobbins,30240,690928,2026,AAA,AAA,6,4,A | A+ | AA | AAA,62.666666666666664,26.0,True,True,0.053102045490445005,0.6695764285063073,38.61597607859889,2341,17.421602787456447,861,28.01878943302767,17.421602787456447,2078
Pitcher,Ryan Ramsey,sa3020605,687547,2026,AAA,AAA,6,4,A | A+ | AA | AAA,111.66666666666667,25.0,True,True,0.061012274973880176,0.5777486893285078,29.560017086715078,2341,26.364692218350754,861,27.962354652532916,26.364692218350754,2079
Pitcher,Joelvis Perez,sa3021511,808065,2026,Complex,Complex,2,2,International Rookie | Complex,24.0,21.0,True,False,0.004698892954191615,0.09053903991402244,33.9238845144357,1524,21.988527724665392,1046,27.956206119550544,21.988527724665392,2080
Pitcher,Yunior Jerez,sa3077363,824881,2026,International Rookie,International Rookie,1,1,International Rookie,43.0,20.0,True,True,0.005875248539260697,0.05577047086147737,47.59309718437784,2202,8.290816326530612,1568,27.941956755454225,8.290816326530612,2081
Pitcher,Juan Burgos,27271,686228,2026,AAA,AAA,6,5,International Rookie | A | A+ | AA | AAA,45.666666666666664,26.0,True,True,0.056070701388967456,0.6314594919945887,34.814181973515595,2341,21.022067363530777,861,27.918124668523184,21.022067363530777,2082
Pitcher,J.T. Etheridge,sa3067420,822950,2026,A,A,3,1,A,71.33333333333333,24.0,True,True,0.01911898191011248,0.1285083767408663,27.930467465351185,4257,27.878532264867143,2371,27.904499865109166,27.878532264867143,2083
Pitcher,Dylan Phillips,sa3019862,701488,2026,A+,A+,4,2,A | A+,46.666666666666664,27.0,True,True,0.02177874108316784,0.17054825035542764,31.76559356136821,3976,24.0,2050,27.882796780684103,24.0,2084
Pitcher,Nathan Dettmer,sa3023207,700579,2026,A+,A+,4,2,A | A+,53.0,24.0,True,True,0.020315060912562622,0.18523048277961446,35.46277665995976,3976,20.29268292682927,2050,27.877729793394515,20.29268292682927,2085
Pitcher,Andre Granillo,29542,701552,2026,AAA,AAA,6,3,A+ | AA | AAA,44.333333333333336,26.0,True,True,0.06497293164810372,0.5375590388695485,25.758222981631782,2341,29.965156794425088,861,27.861689888028437,25.758222981631782,2086
Pitcher,Ryan Minckler,sa3038123,828514,2026,A,A,3,1,A,37.333333333333336,23.0,True,True,0.023207378743296533,0.09165710999722673,16.161616161616163,4257,39.56136651202024,2371,27.861491336818204,16.161616161616163,2087
Pitcher,Hagen Danner,22116,668470,2026,AAA,AAA,6,2,A+ | AAA,32.666666666666664,27.0,True,True,0.05923059956190325,0.596548361254074,31.14053823152499,2341,24.506387921022068,861,27.823463076273526,24.506387921022068,2088
Pitcher,Edelvis Perez,sa3024783,821821,2026,Complex,Complex,2,2,International Rookie | Complex,24.0,21.0,True,False,0.0046778886805639,0.09046483501617482,33.9238845144357,1524,21.70172084130019,1046,27.812802677867943,21.70172084130019,2089
Pitcher,Carson Montgomery,sa3023470,691000,2026,A+,A+,4,1,A+,93.0,23.0,True,True,0.022611293942444436,0.1624316190733279,29.124748490945674,3976,26.390243902439025,2050,27.75749619669235,26.390243902439025,2090
Pitcher,Bobby Olsen,sa3069092,822410,2026,A+,A+,4,1,A+,56.666666666666664,24.0,True,True,0.020462989024255446,0.18317353884293824,34.83400402414487,3976,20.634146341463413,2050,27.73407518280414,20.634146341463413,2091
Pitcher,Reese Dutton,sa3025570,700848,2026,AA,AA,5,3,A | A+ | AA,22.0,25.0,True,False,0.03296348665542742,0.3361687636259987,36.54178674351585,3470,18.88246628131021,1557,27.71212651241303,18.88246628131021,2092
Pitcher,Aric McAtee,sa3067068,813878,2026,A+,A+,4,1,A+,33.0,26.0,True,True,0.02399471613594344,0.14541369218054684,24.72334004024145,3976,30.682926829268293,2050,27.70313343475487,24.72334004024145,2093
Pitcher,Matt Keating,sa3020625,702046,2026,AA,AA,5,3,A | A+ | AA,38.333333333333336,25.0,True,True,0.03572985860701224,0.2828237312750592,30.028818443804035,3470,25.369299935773924,1557,27.69905918978898,25.369299935773924,2094
Pitcher,Michael Darrell-Hicks,31501,690382,2026,AAA,AAA,6,4,A | A+ | AA | AAA,41.0,28.0,True,True,0.066220659758655,0.5167658956230127,24.134985049124307,2341,31.24274099883856,861,27.688863023981433,24.134985049124307,2095
Pitcher,Jack Kartsonas,sa3075388,832307,2026,A+,A+,4,1,A+,67.0,25.0,True,True,0.020008188816565905,0.1873387511395543,36.09154929577465,3976,19.21951219512195,2050,27.6555307454483,19.21951219512195,2096
Pitcher,Brandon Downer,sa3030530,827317,2026,A,A,3,1,A,32.666666666666664,23.0,True,True,0.02001716308548103,0.11837827409440911,24.665257223396758,4257,30.493462673977223,2371,27.579359948686992,24.665257223396758,2097
Pitcher,Aaron Combs,sa3025490,694551,2026,AA,AA,5,2,A+ | AA,37.333333333333336,24.0,True,True,0.032764810882151406,0.33769405525213037,36.65706051873199,3470,18.432883750802826,1557,27.544972134767406,18.432883750802826,2098
Pitcher,Tanner Gresham,sa3076146,823242,2026,A,A,3,1,A,42.666666666666664,24.0,True,True,0.02100727086494719,0.10985290839812917,22.151750058726805,4257,32.85533530156052,2371,27.503542680143664,22.151750058726805,2099
Pitcher,Jason Reitz,sa3040605,805279,2026,A,A,3,1,A,34.0,21.0,True,True,0.018526152549222935,0.13128923290614783,28.823114869626497,4257,26.10712779417967,2371,27.465121331903084,26.10712779417967,2100
Pitcher,Michael Ross,sa3041178,828374,2026,A+,A+,4,2,A | A+,97.33333333333333,23.0,True,True,0.019120337090416495,0.19341710414105528,37.852112676056336,3976,17.024390243902438,2050,27.438251459979387,17.024390243902438,2101
Pitcher,Treyson Peters,sa3076128,824288,2026,A+,A+,4,1,A+,51.0,23.0,True,True,0.020762655679449175,0.17744350187477342,33.32494969818914,3976,21.317073170731707,2050,27.321011434460424,21.317073170731707,2102
Pitcher,Yeiber Cartaya,sa3019599,805699,2026,A+,A+,4,3,Complex | A | A+,72.0,23.0,True,True,0.016719642936760214,0.219336892486703,43.36016096579477,3976,11.21951219512195,2050,27.28983658045836,11.21951219512195,2103
Pitcher,Blake Morgan,sa3038359,834581,2026,Complex,Complex,2,1,Complex,21.333333333333332,23.0,True,False,0.004947626172655197,0.08659667161180382,31.430446194225723,1524,23.135755258126196,1046,27.28310072617596,23.135755258126196,2104
Pitcher,Brad Rudis,sa3076359,809766,2026,Complex,Complex,2,1,Complex,26.333333333333332,23.0,True,False,0.004947626172655197,0.08659667161180382,31.430446194225723,1524,23.135755258126196,1046,27.28310072617596,23.135755258126196,2104
Pitcher,Colby Frieda,sa3076365,695640,2026,Complex,Complex,2,1,Complex,20.666666666666668,23.0,True,False,0.004947626172655197,0.08659667161180382,31.430446194225723,1524,23.135755258126196,1046,27.28310072617596,23.135755258126196,2104
Pitcher,Carlos Marcano,sa3015509,700354,2026,A+,A+,4,3,International Rookie | A | A+,50.666666666666664,21.999999999999996,True,True,0.019835270459518287,0.18510478282632914,35.43762575452716,3976,18.975609756097562,2050,27.20661775531236,18.975609756097562,2107
Pitcher,Mark Manfredi,33603,815081,2026,AAA,AAA,6,3,A+ | AA | AAA,23.333333333333332,26.0,True,False,0.0541245308230331,0.6438629385189968,35.88210166595472,2341,18.35075493612079,861,27.116428301037757,18.35075493612079,2108
Pitcher,Brandon Neeck,sa3021978,677957,2026,AA,AA,5,3,A | A+ | AA,27.0,26.0,True,False,0.035551590144412365,0.2783116755601332,29.365994236311238,3470,24.85549132947977,1557,27.110742782895503,24.85549132947977,2109
Pitcher,Robinson Ortiz,sa3004006,673662,2026,AAA,AAA,6,6,International Rookie | Complex | A | A+ | AA | AAA,46.0,26.0,True,True,0.05823889947900497,0.5957391000315876,31.012387868432295,2341,23.112659698025553,861,27.062523783228926,23.112659698025553,2110
Pitcher,Henson Leal,sa3019175,802088,2026,A,A,3,2,International Rookie | A,57.0,22.0,True,True,0.014730460919027596,0.15980204776852178,38.9241249706366,4257,15.183466891606917,2371,27.05379593112176,15.183466891606917,2111
Pitcher,Edwardo Melendez,sa3024281,823898,2026,A,A,3,3,International Rookie | Complex | A,61.666666666666664,22.0,True,True,0.01371755270357259,0.1653663348095087,40.7564012215175,4257,13.243357233234923,2371,26.999879227376212,13.243357233234923,2112
Pitcher,Luis Palacios,sa3003021,672712,2026,AAA,AAA,6,6,International Rookie | Complex | A | A+ | AA | AAA,25.0,25.0,True,False,0.05106175119675054,0.6767341181563465,39.256727894062365,2341,14.634146341463415,861,26.94543711776289,14.634146341463415,2113
Pitcher,Adam Maier,sa3020883,683264,2026,A+,A+,4,2,A | A+,92.66666666666667,24.0,True,True,0.019773148449560882,0.1841193632714753,35.13581488933602,3976,18.73170731707317,2050,26.933761103204596,18.73170731707317,2114
Pitcher,Brendan Girton,sa3025584,694858,2026,AA,AA,5,2,A+ | AA,83.0,24.0,True,True,0.03749814908125564,0.24528082272351104,25.792507204610953,3470,28.06679511881824,1557,26.929651161714595,25.792507204610953,2115
Pitcher,Matt Krook,19315,640454,2026,AAA,AAA,6,3,A+ | AA | AAA,44.666666666666664,31.0,True,True,0.06510423113521274,0.5102725490627172,23.622383596753526,2341,30.197444831591174,861,26.90991421417235,23.622383596753526,2116
Pitcher,Pedro Peralta,sa3022182,808155,2026,Complex,Complex,2,2,International Rookie | Complex,35.0,19.0,True,True,0.0043118026344436105,0.09058728879423934,33.9238845144357,1524,19.694072657743785,1046,26.808978586089744,19.694072657743785,2117
Pitcher,Stiven Rogers,sa3024560,821098,2026,International Rookie,International Rookie,1,1,International Rookie,40.0,19.0,True,True,0.006199306004996226,0.029814896479314984,18.30154405086285,2202,35.267857142857146,1568,26.78470059686,18.30154405086285,2118
Pitcher,Nick Sando,sa3023511,805311,2026,AA,AA,5,3,A | A+ | AA,20.666666666666668,25.000000000000004,True,False,0.032171642150014876,0.33485009950780736,36.34005763688761,3470,17.21258831085421,1557,26.776322973870908,17.21258831085421,2119
Pitcher,Scott Rouse,sa3076349,833071,2026,A,A,3,1,A,77.0,24.0,True,True,0.01696027950486294,0.13915768982214774,31.947380784590088,4257,21.509911429776466,2371,26.728646107183277,21.509911429776466,2120
Pitcher,Daury Vasquez,sa3021767,808035,2026,A,A,3,3,International Rookie | Complex | A,47.666666666666664,20.0,True,True,0.019044031512731138,0.12195090255028376,25.74583039699319,4257,27.709827077182624,2371,26.727828737087904,25.74583039699319,2121
Pitcher,Brandon Eisert,27668,685126,2026,AAA,AAA,6,2,A+ | AAA,27.0,28.0,True,False,0.05296682672419529,0.6460553970310204,36.35198633062794,2341,17.073170731707318,861,26.71257853116763,17.073170731707318,2122
Pitcher,Jackson Wells,sa3076090,836170,2026,A+,A+,4,2,A | A+,36.666666666666664,23.0,True,True,0.023248216019471652,0.14678681487518044,25.050301810865193,3976,28.341463414634145,2050,26.69588261274967,25.050301810865193,2123
Pitcher,JJ Goss,sa3011420,683101,2026,AA,AA,5,3,A | A+ | AA,51.666666666666664,24.999999999999996,True,True,0.04069200476601469,0.18581342980054322,18.67435158501441,3470,34.68208092485549,1557,26.678216254934952,18.67435158501441,2124
Pitcher,Amilcar Chirinos,sa3017149,702847,2026,AA,AA,5,4,International Rookie | A | A+ | AA,56.0,24.0,True,True,0.03132666348496507,0.34389885942245646,37.694524495677236,3470,15.542710340398202,1557,26.61861741803772,15.542710340398202,2125
Pitcher,Derek Clark,sa3025183,823909,2026,A,A,3,1,A,123.0,24.0,True,True,0.019983673820096498,0.11141697660082542,22.856471693680994,4257,30.366933783213835,2371,26.611702738447413,22.856471693680994,2126
Pitcher,Ezequiel Martinez,sa3068894,832278,2026,International Rookie,International Rookie,1,1,International Rookie,39.0,19.0,True,True,0.005958688703959769,0.04834872612700254,39.963669391462304,2202,13.073979591836734,1568,26.518824491649518,13.073979591836734,2127
Pitcher,Victor Mederos,31533,682989,2026,AAA,AAA,6,2,AA | AAA,40.333333333333336,25.0,True,True,0.05704504279619844,0.5947778185713986,30.8842375053396,2341,22.067363530778167,861,26.475800518058882,22.067363530778167,2128
Pitcher,Jace Beck,sa3011811,689476,2026,AA,AA,5,3,Complex | A+ | AA,59.666666666666664,26.0,True,True,0.030483946931868615,0.3596356742773578,39.106628242074926,3470,13.808606294155426,1557,26.457617268115175,13.808606294155426,2129
Pitcher,Justin Loer,sa3025306,820830,2026,A+,A+,4,2,A | A+,65.0,23.0,True,True,0.02349909675101518,0.1417523369391884,23.96881287726358,3976,28.926829268292682,2050,26.447821072778133,23.96881287726358,2130
Pitcher,Andres Galan,sa3031833,800883,2026,A+,A+,4,2,A | A+,55.333333333333336,22.000000000000004,True,True,0.0176880673365428,0.20134219323091979,39.587525150905435,3976,13.170731707317072,2050,26.379128429111255,13.170731707317072,2131
Pitcher,Jake Shirk,sa3042195,827620,2026,AA,AA,5,3,A | A+ | AA,54.666666666666664,24.0,True,True,0.03462131676639861,0.2822241436058098,29.971181556195965,3470,22.736030828516377,1557,26.35360619235617,22.736030828516377,2132
Pitcher,Joe Glassey,sa3025303,812521,2026,A+,A+,4,2,A | A+,28.333333333333332,24.0,True,False,0.023197127764643447,0.14473332462485333,24.59758551307847,3976,28.097560975609756,2050,26.34757324434411,24.59758551307847,2133
Pitcher,Jason Doktorczyk,sa3030419,822503,2026,A+,A+,4,2,A | A+,38.0,23.0,True,True,0.020656345160516495,0.16895103605030296,31.338028169014084,3976,21.121951219512194,2050,26.22998969426314,21.121951219512194,2134
Pitcher,Jake Murray,sa3076084,810920,2026,A,A,3,1,A,30.333333333333332,25.0,True,True,0.019619130999825138,0.11193840049440579,23.020906741836974,4257,29.439055250948968,2371,26.22998099639297,23.020906741836974,2135
Pitcher,Corbin Martin,19884,656686,2026,AAA,AAA,6,2,AA | AAA,24.0,30.0,True,False,0.059077673783278696,0.5617695720337088,28.022212729602735,2341,24.274099883855982,861,26.14815630672936,24.274099883855982,2136
Pitcher,Luke Savage,sa3022943,694504,2026,A+,A+,4,2,A | A+,57.666666666666664,24.0,True,True,0.023204326109625282,0.14271981909801001,24.170020120724345,3976,28.097560975609756,2050,26.13379054816705,24.170020120724345,2137
Pitcher,Bernard Jose,sa3021812,811594,2026,A+,A+,4,4,International Rookie | Complex | A | A+,22.333333333333332,23.0,True,False,0.016256583502488965,0.21184378377484248,41.77565392354125,3976,10.439024390243903,2050,26.107339156892575,10.439024390243903,2138
Pitcher,Alaska Abney,sa3017308,685095,2026,AA,AA,5,2,A+ | AA,28.666666666666668,26.0,True,False,0.03789002267582578,0.22310581045273128,23.170028818443804,3470,29.030186255619782,1557,26.100107537031793,23.170028818443804,2139
Pitcher,Luis German,sa3019658,702445,2026,A+,A+,4,2,A | A+,25.333333333333332,24.0,True,False,0.02436513569646272,0.1260366376675589,20.4476861167002,3976,31.609756097560975,2050,26.028721107130586,20.4476861167002,2140
Pitcher,Nestor Lorant,sa3011640,686544,2026,AA,AA,5,5,International Rookie | Complex | A | A+ | AA,22.333333333333332,24.0,True,False,0.03054870514338087,0.34890895921032344,38.15561959654179,3470,13.872832369942197,1557,26.014225983241992,13.872832369942197,2141
Pitcher,Cameron Nohos,sa3069180,823208,2026,A,A,3,2,Complex | A,24.333333333333332,23.0,True,False,0.017348792733167296,0.1331726637904507,29.52783650458069,4257,22.437789962041332,2371,25.982813233311013,22.437789962041332,2142
Pitcher,Reidis Sena,sa3009626,684128,2026,AA,AA,5,5,International Rookie | Complex | A | A+ | AA,41.666666666666664,24.999999999999996,True,True,0.03314827651545968,0.30494357944963446,32.85302593659942,3470,19.010918432883752,1557,25.93197218474159,19.010918432883752,2143
Pitcher,Dylan Carter,sa3069190,701214,2026,A,A,3,1,A,52.333333333333336,24.0,True,True,0.01737631069655023,0.13215847719367202,29.198966408268735,4257,22.606495149725855,2371,25.902730778997295,22.606495149725855,2144
Pitcher,Florangel Vasquez,sa3067618,831960,2026,Complex,Complex,2,2,International Rookie | Complex,30.333333333333332,20.0,True,True,0.003194538284609344,0.0989856964826285,39.041994750656166,1524,12.715105162523901,1046,25.878549956590035,12.715105162523901,2145
Pitcher,Javier Chacon,sa3015312,700274,2026,A+,A+,4,3,Complex | A | A+,50.0,23.0,True,True,0.02010268214041623,0.17188953471493232,32.06740442655936,3976,19.609756097560975,2050,25.838580262060166,19.609756097560975,2146
Pitcher,Rorik Maltrud,sa3023510,702045,2026,AAA,AAA,6,4,A | A+ | AA | AAA,125.66666666666667,26.0,True,True,0.055890486068061795,0.5992962603223063,31.22597180692012,2341,20.441347270615562,861,25.83365953876784,20.441347270615562,2147
Pitcher,Isaac Brujan,sa3077259,837727,2026,International Rookie,International Rookie,1,1,International Rookie,38.0,18.0,True,True,0.006107520730356566,0.03722290146090934,26.385104450499547,2202,25.191326530612244,1568,25.788215490555896,25.191326530612244,2148
Pitcher,Dusty Revis,sa3040639,834961,2026,A,A,3,1,A,46.333333333333336,22.0,True,True,0.01877691420103325,0.11822306170026271,24.61827578106648,4257,26.86630113876002,2371,25.742288459913247,24.61827578106648,2149
Pitcher,Riely Hunsaker,sa3059549,836074,2026,A,A,3,1,A,85.0,23.0,True,True,0.018511623817120668,0.12020413694186535,25.158562367864693,4257,26.10712779417967,2371,25.632845081022182,25.158562367864693,2150
Pitcher,Antonio Knowles,sa3017387,682087,2026,AA,AA,5,2,A+ | AA,22.0,26.0,True,False,0.03749968656283481,0.22355952719460803,23.19884726224784,3470,28.06679511881824,1557,25.63282119053304,23.19884726224784,2151
Pitcher,Jhoriel De La Rosa,sa3076485,839716,2026,International Rookie,International Rookie,1,1,International Rookie,34.0,19.0,True,True,0.005913462290509982,0.049573440261405775,41.235240690281564,2202,10.012755102040817,1568,25.623997896161193,10.012755102040817,2152
Pitcher,Davis Daniel,27582,669721,2026,AAA,AAA,6,4,A | A+ | AA | AAA,93.66666666666667,29.0,True,True,0.052078298135928104,0.6399282961362953,35.412217001281505,2341,15.795586527293844,861,25.603901764287674,15.795586527293844,2153
Pitcher,Ryan DeSanto,sa3030191,823756,2026,A,A,3,1,A,65.66666666666667,22.0,True,True,0.019216584777733473,0.11167519070887044,22.926943857176415,4257,28.258118937157317,2371,25.592531397166866,22.926943857176415,2154
Pitcher,Griff McGarry,sa3017130,676046,2026,AAA,AAA,6,3,A+ | AA | AAA,24.333333333333332,27.0,True,False,0.04860717506919368,0.665872791698204,38.31695856471593,2341,12.659698025551684,861,25.488328295133808,12.659698025551684,2155
Pitcher,Joe Scarborough,sa3069200,833376,2026,A,A,3,1,A,36.0,22.0,True,True,0.018989468572571704,0.11380408069858777,23.51421188630491,4257,27.456769295655842,2371,25.485490590980376,23.51421188630491,2156
Pitcher,Bryce Shaffer,sa3067293,815144,2026,A,A,3,1,A,51.666666666666664,24.0,True,True,0.01890806579060536,0.114721026707916,23.725628376791168,4257,27.203711514129058,2371,25.464669945460113,23.725628376791168,2157
Pitcher,Roberto Perez,sa3023703,826947,2026,Complex,Complex,2,2,International Rookie | Complex,45.666666666666664,22.0,True,True,0.005026598870454656,0.07988997911752067,27.362204724409448,1524,23.518164435946463,1046,25.440184580177956,23.518164435946463,2158
Pitcher,Anthony Maldonado,26034,687424,2026,AAA,AAA,6,2,AA | AAA,22.0,28.0,True,False,0.05308085844890092,0.6225449184353605,33.61811191798377,2341,17.18931475029036,861,25.403713334137066,17.18931475029036,2159
Pitcher,Jonathan Pintaro,33980,702752,2026,AAA,AAA,6,3,A+ | AA | AAA,40.333333333333336,28.000000000000004,True,True,0.05924428033198637,0.5425102617597591,26.228107646305,2341,24.506387921022068,861,25.367247783663533,24.506387921022068,2160
Pitcher,Eliezer Pena,sa3022119,807979,2026,Complex,Complex,2,2,International Rookie | Complex,40.0,20.0,True,True,0.0044952433213376886,0.08472223500055676,30.183727034120736,1524,20.45889101338432,1046,25.321309023752526,20.45889101338432,2161
Pitcher,Jose Acuna,sa3015331,691641,2026,AAA,AAA,6,5,Complex | A | A+ | AA | AAA,40.666666666666664,23.0,True,True,0.06326460462289947,0.49239465448215075,22.127296027338744,2341,28.45528455284553,861,25.291290290092135,22.127296027338744,2162
Pitcher,Jason Woodward,sa3025012,814710,2026,A+,A+,4,1,A+,41.666666666666664,23.0,True,True,0.022599973796682354,0.1425632718013111,24.170020120724345,3976,26.390243902439025,2050,25.280132011581685,24.170020120724345,2163
Pitcher,James Karinchak,20151,675916,2026,AAA,AAA,6,2,A+ | AAA,39.0,30.0,True,True,0.054716133116192944,0.6029847095128869,31.610422896198205,2341,18.931475029036005,861,25.270948962617105,18.931475029036005,2164
Pitcher,Alain Pena,sa3019050,703900,2026,A+,A+,4,4,International Rookie | Complex | A | A+,22.333333333333332,23.0,True,False,0.014106461319028976,0.21946764542005523,43.385311871227366,3976,7.073170731707317,2050,25.22924130146734,7.073170731707317,2165
Pitcher,Felix Arronde,sa3016526,702373,2026,AA,AA,5,5,International Rookie | Complex | A | A+ | AA,101.33333333333333,23.0,True,True,0.03205876634047581,0.30807555556419036,33.25648414985591,3470,17.148362235067438,1557,25.202423192461673,17.148362235067438,2166
Pitcher,Cory Lewis,sa3020702,675375,2026,AAA,AA,6,4,A | A+ | AA | AAA,73.0,24.0,True,True,0.06325019422327396,0.49016508688214877,22.041862451943615,2341,28.339140534262487,861,25.19050149310305,22.041862451943615,2167
Pitcher,Ruddy Gomez,sa3067415,803276,2026,AA,AA,5,2,A | AA,21.0,26.0,True,False,0.03258585068510763,0.30331394504628434,32.564841498559076,3470,17.79062299293513,1557,25.1777322457471,17.79062299293513,2168
Pitcher,Luis Curvelo,24710,681168,2026,AAA,AAA,6,6,International Rookie | Complex | A | A+ | AA | AAA,35.666666666666664,25.0,True,True,0.055798842506273004,0.5857298044521023,30.029901751388294,2341,20.32520325203252,861,25.17755250171041,20.32520325203252,2169
Pitcher,Charlie McDaniel,sa3067132,826052,2026,A+,A+,4,2,A | A+,38.333333333333336,24.0,True,True,0.016874370692422692,0.1976678993602449,38.83299798792756,3976,11.512195121951219,2050,25.17259655493939,11.512195121951219,2170
Pitcher,Jose Gutierrez,sa3019742,805073,2026,A,A,3,2,Complex | A,114.33333333333333,23.0,True,True,0.01427997008602479,0.1503310352326818,35.70589617101245,4257,14.592998734711092,2371,25.14944745286177,14.592998734711092,2171
Pitcher,Drew McDaniel,sa3020384,687077,2026,A+,A+,4,2,A | A+,90.66666666666667,25.000000000000004,True,True,0.022222075962638616,0.14703968470283682,25.150905432595575,3976,25.073170731707318,2050,25.112038082151447,25.073170731707318,2172
Pitcher,Kenten Egbert,sa3023500,687881,2026,A+,A+,4,2,A | A+,24.0,24.0,True,False,0.02255240118129186,0.14210864917954877,24.044265593561367,3976,26.0,2050,25.02213279678068,24.044265593561367,2173
Pitcher,Ryan Costeiu,sa3017260,695065,2026,AA,AA,5,2,A+ | AA,86.0,25.0,True,True,0.03535959947817041,0.24249385554623837,25.446685878962537,3470,24.470134874759154,1557,24.958410376860847,24.470134874759154,2174
Pitcher,Brody McCullough,sa3020599,805664,2026,AA,AA,5,3,A | A+ | AA,42.333333333333336,26.0,True,True,0.03508986412247986,0.2490333061181128,26.311239193083573,3470,23.50674373795761,1557,24.908991465520593,23.50674373795761,2175
Pitcher,Will Varmette,sa3022881,815580,2026,A+,A+,4,2,A | A+,56.0,23.0,True,True,0.019966820325743005,0.16617502462544417,30.45774647887324,3976,19.121951219512194,2050,24.789848849192715,19.121951219512194,2176
Pitcher,Jeury Espinal,sa3024105,824216,2026,Complex,Complex,2,2,International Rookie | Complex,38.0,19.0,True,True,0.002765243793098423,0.10031066749447544,39.43569553805774,1524,9.94263862332696,1046,24.68916708069235,9.94263862332696,2177
Pitcher,Jan Caraballo,sa3015485,698959,2026,A,A,3,2,International Rookie | A,46.0,22.0,True,True,0.01999269537631553,0.10119268884744174,18.980502701432933,4257,30.366933783213835,2371,24.673718242323382,18.980502701432933,2178
Pitcher,Colby Langford,sa3022800,815308,2026,A+,A+,4,2,A | A+,49.666666666666664,24.0,True,True,0.024265252380608855,0.11517824657315366,17.83199195171026,3976,31.51219512195122,2050,24.67209353683074,17.83199195171026,2179
Pitcher,Jason Savacool,sa3022856,691013,2026,A+,A+,4,2,A | A+,26.0,24.0,True,False,0.02258959873627145,0.13849737975238324,23.06338028169014,3976,26.24390243902439,2050,24.653641360357263,23.06338028169014,2180
Pitcher,Geoffrey Gilbert,sa3020807,687280,2026,AA,AA,5,3,A | A+ | AA,38.0,25.0,True,True,0.03133203673588978,0.31272324899121784,33.71757925072046,3470,15.542710340398202,1557,24.630144795559332,15.542710340398202,2181
Pitcher,Randry De Leon,sa3022025,808359,2026,International Rookie,International Rookie,1,1,International Rookie,48.333333333333336,20.0,True,True,0.005988985540869642,0.044056283502325516,34.83197093551317,2202,14.41326530612245,1568,24.62261812081781,14.41326530612245,2182
Pitcher,Diego Dominguez,sa3019063,800435,2026,A,A,3,3,International Rookie | Complex | A,35.666666666666664,21.0,True,True,0.016576464846241017,0.1307263771876795,28.68217054263566,4257,20.53985660059047,2371,24.611013571613064,20.53985660059047,2183
Pitcher,Cody Adcock,sa3023175,694832,2026,A+,A+,4,2,A | A+,25.666666666666668,24.0,True,False,0.02247158941120485,0.13972504373862427,23.365191146881287,3976,25.804878048780488,2050,24.585034597830887,23.365191146881287,2184
Pitcher,Cam Schuelke,sa3025346,807575,2026,A+,A+,4,2,A | A+,59.333333333333336,24.0,True,True,0.023517586985364616,0.12487679688335056,20.120724346076457,3976,29.024390243902438,2050,24.572557294989448,20.120724346076457,2185
Pitcher,Christian Herberholz,sa3066289,815179,2026,AA,AA,5,2,A+ | AA,35.666666666666664,25.0,True,True,0.03624174088599758,0.2187762200562194,22.65129682997118,3470,26.332691072575464,1557,24.491993951273322,22.65129682997118,2186
Pitcher,Carson Laws,sa3059768,830894,2026,A+,A+,4,1,A+,88.66666666666667,23.0,True,True,0.020822815147955382,0.1565574479223348,27.464788732394368,3976,21.463414634146343,2050,24.464101683270357,21.463414634146343,2187
Pitcher,Jose Belisario,sa3077013,838517,2026,International Rookie,International Rookie,1,1,International Rookie,32.666666666666664,22.0,True,True,0.006155056478725258,0.030286371984904633,18.80108991825613,2202,30.102040816326532,1568,24.45156536729133,18.80108991825613,2188
Pitcher,Patrick Halligan,sa3017319,701856,2026,AA,AA,5,2,A+ | AA,56.666666666666664,26.0,True,True,0.03180890661278884,0.29979397006289055,32.190201729106626,3470,16.634553628773283,1557,24.412377678939954,16.634553628773283,2189
Pitcher,LJ McDonough,sa3023172,690229,2026,AA,AA,5,2,A | AA,42.666666666666664,26.0,True,True,0.04056227713017043,0.151594662787574,14.351585014409222,3470,34.296724470134876,1557,24.32415474227205,14.351585014409222,2190
Pitcher,Brady Basso,25582,669620,2026,AAA,AAA,6,4,Complex | A+ | AA | AAA,31.666666666666668,28.0,True,True,0.043119147526111214,0.6917033124093596,41.093549765057666,2341,7.549361207897793,861,24.32145548647773,7.549361207897793,2191
Pitcher,Kendy Richard,sa3024555,821062,2026,A,A,3,3,International Rookie | Complex | A,57.666666666666664,21.0,True,True,0.013690314086286287,0.14949369641005364,35.47098895936105,4257,13.11682834247153,2371,24.29390865091629,13.11682834247153,2192
Pitcher,Noah Millikan,sa3076425,842247,2026,A,A,3,2,Complex | A,25.333333333333332,23.0,True,False,0.016627667915585502,0.12826694253888815,27.85999530185577,4257,20.708561788274988,2371,24.284278545065376,20.708561788274988,2193
Pitcher,Trey McLoughlin,sa3017277,694381,2026,AAA,AAA,6,3,A | AA | AAA,37.666666666666664,27.0,True,True,0.05659308478079301,0.5547143206251657,27.25331055104656,2341,21.254355400696863,861,24.25383297587171,21.254355400696863,2194
Pitcher,Braulio Salas,sa3019820,806466,2026,A,A,3,2,International Rookie | A,49.666666666666664,21.0,True,True,0.01562726392559843,0.13503820852985018,30.256048860700023,4257,18.05145508224378,2371,24.153751971471902,18.05145508224378,2195
Pitcher,Ray Cebulski,sa3076027,838328,2026,A,A,3,1,A,48.333333333333336,23.0,True,True,0.017764923931673306,0.11781103584615486,24.571294338736198,4257,23.70307886967524,2371,24.13718660420572,23.70307886967524,2196
Pitcher,Alex Carrillo,26463,692024,2026,AAA,AAA,6,1,AAA,32.666666666666664,29.0,True,True,0.06464310834104975,0.42998521790537225,18.58180264844084,2341,29.61672473867596,861,24.0992636935584,18.58180264844084,2197
Pitcher,Adam Shoemaker,sa3017888,692248,2026,A,A,3,2,Complex | A,26.0,23.0,True,False,0.016227364295886792,0.13023232169059806,28.49424477331454,4257,19.696330662167863,2371,24.0952877177412,19.696330662167863,2198
Pitcher,Melvin Pineda,sa3018815,703941,2026,Complex,Complex,2,2,International Rookie | Complex,26.666666666666668,22.000000000000004,True,False,0.003461193014117074,0.08905602113652172,33.267716535433074,1524,14.818355640535373,1046,24.043036087984223,14.818355640535373,2199
Pitcher,Kyle Nicolas,27775,693312,2026,AAA,AAA,6,3,A+ | AA | AAA,38.666666666666664,27.0,True,True,0.0600995654126622,0.49713921649980053,22.639897479709525,2341,25.43554006968641,861,24.037718774697968,22.639897479709525,2200
Pitcher,Easton Sikorski,sa3020250,675783,2026,AA,AA,5,3,A | A+ | AA,24.333333333333332,26.0,True,False,0.033726434619335305,0.26202735994680637,27.896253602305475,3470,20.1669877970456,1557,24.031620699675535,20.1669877970456,2201
Pitcher,Gerelmi Maldonado,sa3016018,698965,2026,A+,A+,4,4,International Rookie | Complex | A | A+,32.333333333333336,22.0,True,True,0.022885856942098316,0.12891773934977918,20.925553319919516,3976,27.121951219512194,2050,24.023752269715857,20.925553319919516,2202
Pitcher,Matthew Dalquist,sa3029795,801574,2026,A,A,3,1,A,67.66666666666667,23.0,True,True,0.01480563887802832,0.14102945875669168,32.46417665022316,4257,15.563053563897089,2371,24.013615107060126,15.563053563897089,2203
Pitcher,Angel Perez,sa3024276,823862,2026,A,A,3,3,International Rookie | Complex | A,49.666666666666664,21.999999999999996,True,True,0.017898705929796963,0.11514735770555376,23.819591261451727,4257,24.124841838886546,2371,23.972216550169136,23.819591261451727,2204
Pitcher,Peyton Stumbo,sa3023009,814482,2026,AA,AA,5,3,A | A+ | AA,121.33333333333333,24.0,True,True,0.03289970697549415,0.2757391624149303,29.135446685878964,3470,18.754014129736674,1557,23.944730407807818,18.754014129736674,2205
Pitcher,Ethan Storm,sa3069390,833401,2026,A,A,3,1,A,96.0,22.0,True,True,0.017990177058419987,0.11298433146078977,23.373267559314073,4257,24.46225221425559,2371,23.91775988678483,23.373267559314073,2206
Pitcher,Hayden Cuthbertson,sa3062581,836078,2026,A+,A+,4,1,A+,30.333333333333332,22.0,True,True,0.023545924372083835,0.11958728012453605,18.712273641851105,3976,29.073170731707318,2050,23.89272218677921,18.712273641851105,2207
Pitcher,Thomas Schultz,sa3022936,686463,2026,AA,AA,5,3,A | A+ | AA,53.666666666666664,26.0,True,True,0.03074787777497691,0.30903950794756235,33.40057636887608,3470,14.322414900449582,1557,23.86149563466283,14.322414900449582,2208
Pitcher,Gerardo Salas,sa3016216,692401,2026,A+,A+,4,4,International Rookie | Complex | A | A+,62.666666666666664,23.0,True,True,0.010453381580621948,0.22533418374383204,44.743460764587525,3976,2.926829268292683,2050,23.835145016440105,2.926829268292683,2209
Pitcher,Landry Jurecka,sa3035000,800970,2026,Complex,Complex,2,1,Complex,24.333333333333332,23.0,True,False,0.00452897384232189,0.07905784695441458,26.902887139107612,1524,20.745697896749522,1046,23.82429251792857,20.745697896749522,2210
Pitcher,Michael Braswell III,sa3076271,691771,2026,Complex,Complex,2,1,Complex,29.0,23.0,True,False,0.00452897384232189,0.07905784695441458,26.902887139107612,1524,20.745697896749522,1046,23.82429251792857,20.745697896749522,2210
Pitcher,Ty Adcock,25651,686654,2026,AAA,AAA,6,1,AAA,24.666666666666668,29.0,True,False,0.054787419092956195,0.5704875175458471,28.705681332763778,2341,18.931475029036005,861,23.81857818089989,18.931475029036005,2212
Pitcher,Jesus Oliveira,sa3023051,815777,2026,Complex,Complex,2,1,Complex,32.333333333333336,21.0,True,True,0.002939956662030918,0.09423768704856472,36.61417322834646,1524,10.994263862332696,1046,23.804218545339577,10.994263862332696,2213
Pitcher,Freddy Rodriguez,sa3040979,809934,2026,Complex,Complex,2,1,Complex,38.333333333333336,22.0,True,True,0.004578737441494292,0.07871749387404983,26.64041994750656,1524,20.936902485659655,1046,23.788661216583108,20.936902485659655,2214
Pitcher,Tanner Burns,sa3014451,669142,2026,AAA,AAA,6,3,A+ | AA | AAA,26.666666666666668,27.0,True,False,0.04977478647645519,0.627621576699099,34.21614694574968,2341,13.356562137049941,861,23.78635454139981,13.356562137049941,2215
Pitcher,Deivi Villafana,sa3025142,812151,2026,A+,A+,4,3,Complex | A | A+,33.0,23.0,True,True,0.013515758735887977,0.2078400492890003,40.99597585513079,3976,6.341463414634147,2050,23.668719634882468,6.341463414634147,2216
Pitcher,Garrett Hawkins,sa3017383,678184,2026,AA,AA,5,3,A | A+ | AA,23.0,26.0,True,False,0.03518098721005824,0.22705203807804575,23.487031700288185,3470,23.763648041104688,1557,23.625339870696436,23.487031700288185,2217
Pitcher,Paxton Schultz,25501,687606,2026,AAA,AAA,6,3,A+ | AA | AAA,24.333333333333332,28.0,True,False,0.053240126817445575,0.581591790026552,29.81631781290047,2341,17.421602787456447,861,23.618960300178458,17.421602787456447,2218
Pitcher,Payton Graham,sa3032565,804979,2026,A,A,3,1,A,53.666666666666664,21.999999999999996,True,True,0.01838689434069959,0.10822020634111901,21.353065539112052,4257,25.85407001265289,2371,23.60356777588247,21.353065539112052,2219
Pitcher,Juan Muniz,sa3068684,832802,2026,Complex,Complex,2,2,International Rookie | Complex,31.666666666666668,18.0,True,True,0.004486662781265768,0.07931685803141048,26.968503937007874,1524,20.17208413001912,1046,23.5702940335135,20.17208413001912,2220
Pitcher,Adam Stone,sa3020944,688636,2026,A+,A+,4,2,A | A+,49.0,24.0,True,True,0.021212890996795776,0.1449081420272006,24.622736418511067,3976,22.48780487804878,2050,23.555270648279922,22.48780487804878,2221
Pitcher,Christian McGowan,sa3017896,694909,2026,AA,AA,5,1,AA,44.666666666666664,26.0,True,True,0.03490076591058353,0.2298402908783519,23.8328530259366,3470,23.249839434810532,1557,23.541346230373566,23.249839434810532,2222
Pitcher,Riley Huge,sa3034253,803314,2026,A+,A+,4,2,A | A+,54.333333333333336,24.0,True,True,0.022468418601890673,0.1303268207091971,21.277665995975855,3976,25.804878048780488,2050,23.541272022378173,21.277665995975855,2223
Pitcher,Ian Medina,sa3024939,826183,2026,A,A,3,2,International Rookie | A,38.666666666666664,21.0,True,True,0.01722575171381083,0.11902830917792538,24.8062015503876,4257,22.14255588359342,2371,23.474378716990508,22.14255588359342,2224
Pitcher,Nate Dohm,sa3030418,702296,2026,A+,A+,4,2,A | A+,59.333333333333336,23.0,True,True,0.021056695066788016,0.14588204655827658,24.798792756539235,3976,22.097560975609756,2050,23.448176866074498,22.097560975609756,2225
Pitcher,Harrison Cohen,sa3020811,694660,2026,AAA,AA,6,3,A+ | AA | AAA,28.666666666666668,26.0,True,False,0.05205707791669789,0.5969189622850065,31.14053823152499,2341,15.679442508710801,861,23.409990370117896,15.679442508710801,2226
Pitcher,Carson Fischer,sa3069199,831572,2026,A+,A+,4,2,A | A+,59.666666666666664,23.0,True,True,0.017829912456780207,0.17689396276269598,33.22434607645875,3976,13.560975609756097,2050,23.392660843107425,13.560975609756097,2227
Pitcher,Will Johnston,sa3022940,690658,2026,AA,AA,5,2,A+ | AA,33.333333333333336,25.0,True,True,0.03396233777460289,0.244818104235697,25.734870317002883,3470,21.001926782273603,1557,23.368398549638243,21.001926782273603,2228
Pitcher,Ben Johnson,sa3034710,814118,2026,A+,A+,4,1,A+,27.0,24.0,True,False,0.022094000220172376,0.13410518453805614,21.856136820925553,3976,24.878048780487806,2050,23.36709280070668,21.856136820925553,2229
Pitcher,Cory Ronan,sa3069192,826044,2026,A+,A+,4,1,A+,28.666666666666668,24.0,True,False,0.022094000220172376,0.13410518453805614,21.856136820925553,3976,24.878048780487806,2050,23.36709280070668,21.856136820925553,2229
Pitcher,Houston Roth,sa3011527,674175,2026,AAA,AAA,6,4,A | A+ | AA | AAA,56.666666666666664,28.0,True,True,0.061209210498001154,0.4555110949001321,20.24775736864588,2341,26.480836236933797,861,23.364296802789838,20.24775736864588,2231
Pitcher,Andrew Dalquist,sa3011841,686643,2026,AA,AA,5,3,A | A+ | AA,21.0,25.0,True,False,0.03442892780836188,0.23434504222847063,24.52449567723343,3470,22.093770070648684,1557,23.309132873941056,22.093770070648684,2232
Pitcher,Deivi Villafana,sa3025142,812151,2026,A,A,3,2,Complex | A,66.33333333333333,23.0,True,True,0.012396893499087017,0.15031268008087897,35.70589617101245,4257,10.839308308730493,2371,23.27260223987147,10.839308308730493,2233
Pitcher,J'Briell Easley,sa3067101,695037,2026,A+,A+,4,2,A | A+,53.333333333333336,24.0,True,True,0.02010100977802517,0.15414610583991328,26.911468812877263,3976,19.609756097560975,2050,23.260612455219118,19.609756097560975,2234
Pitcher,Joe Miller,sa3020393,701464,2026,AA,AA,5,3,A | A+ | AA,66.0,26.0,True,True,0.02951744637994817,0.31834600859070655,34.293948126801155,3470,12.202954399486192,1557,23.24845126314367,12.202954399486192,2235
Pitcher,Ben Bybee,sa3028186,803286,2026,A,A,3,1,A,78.33333333333333,22.0,True,True,0.017397169017179435,0.11497294087871474,23.749119097956306,4257,22.648671446646983,2371,23.198895272301645,22.648671446646983,2236
Pitcher,Sam Armstrong,sa3023046,814098,2026,AA,AA,5,2,A+ | AA,115.0,25.0,True,True,0.035052722996743786,0.22189975315611746,22.939481268011527,3470,23.442517662170843,1557,23.190999465091185,22.939481268011527,2237
Pitcher,Jordan Wicks,30094,696136,2026,AAA,AAA,6,3,A+ | AA | AAA,86.0,26.0,True,True,0.053522909395313435,0.5687259701193674,28.705681332763778,2341,17.653890824622533,861,23.179786078693155,17.653890824622533,2238
Pitcher,Bryan Mena,sa3016613,700167,2026,A+,A+,4,4,International Rookie | Complex | A | A+,88.66666666666667,22.0,True,True,0.013737930114264793,0.20244770343448446,39.71327967806841,3976,6.585365853658536,2050,23.149322765863474,6.585365853658536,2239
Pitcher,Ethan Sloan,sa3025548,826942,2026,A+,A+,4,2,A | A+,42.0,23.0,True,True,0.01937393280838039,0.16081573015622863,28.772635814889338,3976,17.463414634146343,2050,23.11802522451784,17.463414634146343,2240
Pitcher,Eliseo Mota,sa3019718,803252,2026,A+,A+,4,4,International Rookie | Complex | A | A+,23.0,23.0,True,False,0.011637962341007325,0.2119750950064976,41.87625754527163,3976,4.341463414634147,2050,23.108860479952888,4.341463414634147,2241
Pitcher,Raul Garayzar,sa3031906,814340,2026,A,A,3,1,A,79.66666666666667,23.0,True,True,0.01818881615095797,0.10655323639178628,20.906741836974394,4257,25.263601855757063,2371,23.08517184636573,20.906741836974394,2242
Pitcher,Andy Rodriguez,sa3017620,703142,2026,A+,A+,4,3,Complex | A | A+,30.333333333333332,23.0,True,True,0.014540560156001284,0.19492714738430425,38.254527162977865,3976,7.902439024390244,2050,23.078483093684056,7.902439024390244,2243
Pitcher,Cade Vernon,sa3044462,827293,2026,A+,A+,4,2,A | A+,75.66666666666667,24.0,True,True,0.021899655932298416,0.13443869977446601,21.956740442655935,3976,24.195121951219512,2050,23.075931196937724,21.956740442655935,2244
Pitcher,Easton McGee,22176,668834,2026,AAA,AAA,6,4,Complex | A | AA | AAA,55.666666666666664,28.0,True,True,0.056880352163432235,0.5188958054371972,24.263135412217,2341,21.835075493612077,861,23.04910545291454,21.835075493612077,2245
Pitcher,Joel Hurtado,sa3019774,805871,2026,AA,AA,5,3,A | A+ | AA,101.66666666666667,25.000000000000004,True,True,0.033858113335030755,0.24122244082284236,25.360230547550433,3470,20.680796403339755,1557,23.020513475445092,20.680796403339755,2246
Pitcher,Austin Amaral,sa3022903,694544,2026,A+,A+,4,2,A | A+,23.0,24.0,True,False,0.02172320100709239,0.13472376555347523,22.007042253521128,3976,23.951219512195124,2050,22.979130882858126,22.007042253521128,2247
Pitcher,Jacob Roberts,sa3076041,807480,2026,A+,A+,4,2,A | A+,22.333333333333332,24.0,True,False,0.02172320100709239,0.13472376555347523,22.007042253521128,3976,23.951219512195124,2050,22.979130882858126,22.007042253521128,2247
Pitcher,Seth Keener,sa3022949,803143,2026,A+,A+,4,2,A | A+,46.0,24.0,True,True,0.019835287462306186,0.15434735536411434,26.961770623742456,3976,18.975609756097562,2050,22.96869018992001,18.975609756097562,2249
Pitcher,Chris Murphy,26214,669684,2026,AAA,AAA,6,3,A+ | AA | AAA,20.333333333333332,27.999999999999996,True,False,0.04897315187679335,0.6147257530166964,32.763776164032464,2341,13.008130081300813,861,22.88595312266664,13.008130081300813,2250
Pitcher,Luis Gonzalez,sa3019164,800461,2026,Complex,Complex,2,2,International Rookie | Complex,53.0,20.0,True,True,0.002865120477874596,0.09220805325979586,35.17060367454068,1524,10.516252390057362,1046,22.84342803229902,10.516252390057362,2251
Pitcher,Dom Hamel,30153,687589,2026,AAA,AA,6,4,A | A+ | AA | AAA,67.66666666666667,26.0,True,True,0.049481332523251154,0.6120030913000852,32.55019222554464,2341,13.124274099883856,861,22.83723316271425,13.124274099883856,2252
Pitcher,Denton Biller,sa3069167,833410,2026,A,A,3,1,A,42.0,21.0,True,True,0.01899376890780856,0.09822130880014095,18.111346018322763,4257,27.498945592576973,2371,22.805145805449868,18.111346018322763,2253
Pitcher,Frank Camarillo,sa3028299,805273,2026,A,A,3,1,A,31.0,22.0,True,True,0.01680184124823405,0.11675526147776791,24.312896405919663,4257,21.214677351328554,2371,22.76378687862411,21.214677351328554,2254
Pitcher,Blake Adams,31492,687060,2026,AAA,AAA,6,4,A | A+ | AA | AAA,58.0,25.0,True,True,0.05509874422584928,0.5403261229324539,26.014523707817172,2341,19.51219512195122,861,22.763359414884196,19.51219512195122,2255
Pitcher,Derrick Edington,sa3023665,689433,2026,AA,AA,5,2,A+ | AA,41.333333333333336,26.0,True,True,0.035828170821799,0.19588762015632127,19.827089337175792,3470,25.626204238921,1557,22.7266467880484,19.827089337175792,2256
Pitcher,Brayden Spears,sa3067025,687168,2026,A+,A+,4,2,A | A+,66.33333333333333,25.0,True,True,0.020189098594663748,0.14928364110201423,25.729376257545272,3976,19.70731707317073,2050,22.718346665358002,19.70731707317073,2257
Pitcher,Jacob Webb,sa3017547,701288,2026,AAA,AAA,6,4,A | A+ | AA | AAA,28.333333333333332,27.0,True,False,0.050114295730599105,0.6019757442955372,31.610422896198205,2341,13.821138211382113,861,22.71578055379016,13.821138211382113,2258
Pitcher,Leosmar Perez,sa3068488,829946,2026,International Rookie,International Rookie,1,1,International Rookie,33.333333333333336,19.0,True,True,0.006097616505126044,0.03248418325164998,20.935513169845596,2202,24.426020408163264,1568,22.68076678900443,20.935513169845596,2259
Pitcher,Justin Henschel,sa3033637,832044,2026,A,A,3,1,A,76.66666666666667,22.0,True,True,0.019239123552945134,0.09475544448013397,17.05426356589147,4257,28.300295234078447,2371,22.67727939998496,17.05426356589147,2260
Pitcher,Yoenis Morales,sa3077254,837607,2026,International Rookie,International Rookie,1,1,International Rookie,34.0,22.0,True,True,0.006139765760391167,0.029029132302394837,17.484105358764758,2202,27.869897959183675,1568,22.677001658974216,17.484105358764758,2261
Pitcher,Rafael Arias,sa3025007,828266,2026,Complex,Complex,2,2,International Rookie | Complex,24.333333333333332,21.999999999999996,True,False,0.0036835877561071833,0.08196353179610476,28.871391076115486,1524,16.347992351816444,1046,22.609691713965965,16.347992351816444,2262
Pitcher,Michael Flynn,sa3006803,663901,2026,AAA,AAA,6,2,A+ | AAA,20.666666666666668,29.0,True,False,0.052696829454968126,0.5640883777212241,28.363947031183255,2341,16.840882694541232,861,22.602414862862243,16.840882694541232,2263
Pitcher,Joey Lucchesi,19320,664192,2026,AAA,AAA,6,3,A+ | AA | AAA,33.333333333333336,33.0,True,True,0.04979362990393387,0.6040785803018638,31.82400683468603,2341,13.356562137049941,861,22.590284485867986,13.356562137049941,2264
Pitcher,Brock Porter,sa3020708,702548,2026,A+,A+,4,2,A | A+,59.0,23.0,True,True,0.02022904321150759,0.14747501129999152,25.251509054325957,3976,19.902439024390244,2050,22.5769740393581,19.902439024390244,2265
Pitcher,Lazaro Estrada,24914,681751,2026,AAA,AAA,6,5,International Rookie | A | A+ | AA | AAA,33.333333333333336,27.0,True,True,0.054836442003870375,0.5397011220772309,25.971806920119608,2341,19.16376306620209,861,22.56778499316085,19.16376306620209,2266
Pitcher,Josias Figuereo,sa3068599,829415,2026,International Rookie,International Rookie,1,1,International Rookie,40.0,19.0,True,True,0.0060974379172444495,0.03224391163693828,20.6630336058129,2202,24.426020408163264,1568,22.544527006988083,20.6630336058129,2267
Pitcher,Shinnosuke Ogasawara,35324,829272,2026,AAA,AA,6,2,AA | AAA,25.0,27.0,True,False,0.05367202391269676,0.5523806110454573,27.16787697565143,2341,17.88617886178862,861,22.527027918720023,17.88617886178862,2268
Pitcher,Adisyn Coffey,sa3014738,676249,2026,AAA,AAA,6,4,A | A+ | AA | AAA,56.666666666666664,27.0,True,True,0.05458219633109284,0.5418769851224375,26.185390858607434,2341,18.81533101045296,861,22.5003609345302,18.81533101045296,2269
Pitcher,Lluveres Severino,sa3020601,806684,2026,A,A,3,3,International Rookie | Complex | A,41.0,22.0,True,True,0.013110353225715283,0.14245319121970917,32.840028188865396,4257,12.146773513285533,2371,22.493400851075464,12.146773513285533,2270
Pitcher,Patrick Galle,sa3031862,702642,2026,A+,A+,4,1,A+,41.666666666666664,22.0,True,True,0.019774703274669656,0.15125942161103642,26.106639839034205,3976,18.73170731707317,2050,22.419173578053687,18.73170731707317,2271
Pitcher,Kyle Luckham,sa3020378,680734,2026,AAA,AA,6,3,A+ | AA | AAA,31.333333333333332,25.0,True,True,0.048125096842536845,0.6144366439321495,32.7210593763349,2341,12.07897793263647,861,22.400018654485685,12.07897793263647,2272
Pitcher,Samir Chires,sa3016254,698968,2026,Complex,Complex,2,2,International Rookie | Complex,26.0,22.0,True,False,0.003477085883791776,0.0833651973557478,29.79002624671916,1524,15.009560229445507,1046,22.399793238082335,15.009560229445507,2273
Pitcher,Jake Miller,sa3018171,681313,2026,AAA,AAA,6,4,A | A+ | AA | AAA,49.0,25.0,True,True,0.06141234349987462,0.42449386758405955,18.240068346860316,2341,26.480836236933797,861,22.360452291897055,18.240068346860316,2274
Pitcher,Gabe Craig,sa3029515,700582,2026,A+,A+,4,2,A | A+,20.0,24.0,True,False,0.021391632365978998,0.1324667912771408,21.62977867203219,3976,23.073170731707318,2050,22.351474701869755,21.62977867203219,2275
Pitcher,Junior Medina,sa3068707,835495,2026,International Rookie,International Rookie,1,1,International Rookie,42.666666666666664,19.0,True,True,0.005728771375856682,0.04862455802140493,40.236148955495004,2202,4.400510204081633,1568,22.31832957978832,4.400510204081633,2276
Pitcher,Ramsey David,sa3025476,687062,2026,AA,AA,5,3,A | A+ | AA,49.666666666666664,24.999999999999996,True,True,0.035913210685831545,0.18647161292998443,18.73198847262248,3470,25.754656390494542,1557,22.24332243155851,18.73198847262248,2277
Pitcher,Fidel Montero,sa3015856,700320,2026,Complex,Complex,2,2,International Rookie | Complex,40.666666666666664,22.0,True,True,0.006419494611977231,0.0562808818667009,12.926509186351707,1524,31.548757170172085,1046,22.237633178261895,12.926509186351707,2278
Pitcher,Yeriel Santos,sa3018891,802105,2026,A+,A+,4,4,International Rookie | Complex | A | A+,82.33333333333333,22.0,True,True,0.017134164254985745,0.17367095236189795,32.52012072434608,3976,11.951219512195122,2050,22.2356701182706,11.951219512195122,2279
Pitcher,Jhendry Ciriaco,sa3068800,834946,2026,International Rookie,International Rookie,1,1,International Rookie,36.0,20.0,True,True,0.006236713254936949,0.015258295173635536,4.359673024523161,2202,39.98724489795919,1568,22.173458961241174,4.359673024523161,2280
Pitcher,Mason Thompson,21850,666168,2026,AAA,AAA,6,3,A | A+ | AAA,39.666666666666664,27.999999999999996,True,True,0.04556022502519809,0.6315642037751459,34.814181973515595,2341,9.523809523809524,861,22.16899574866256,9.523809523809524,2281
Pitcher,Alejandro Chiquillo,sa3024270,823330,2026,A,A,3,3,International Rookie | Complex | A,51.666666666666664,23.0,True,True,0.01455402435192234,0.13284399228274588,29.43387361992013,4257,14.888232813159005,2371,22.161053216539568,14.888232813159005,2282
Pitcher,Jack Anderson,30086,681252,2026,AAA,AAA,6,4,A | A+ | AA | AAA,86.33333333333333,26.0,True,True,0.052615132559841134,0.5583375767919232,27.637761640324648,2341,16.608594657375146,861,22.123178148849895,16.608594657375146,2283
Pitcher,Mathias LaCombe,sa3067312,807187,2026,A+,A+,4,2,Complex | A+,25.0,24.0,True,False,0.019141960490392334,0.1549260032265282,27.137826961770624,3976,17.073170731707318,2050,22.10549884673897,17.073170731707318,2284
Pitcher,Axel Perez,sa3068854,821612,2026,International Rookie,International Rookie,1,1,International Rookie,32.333333333333336,20.0,True,True,0.006154660132130472,0.026198805371617534,14.07811080835604,2202,30.102040816326532,1568,22.090075812341286,14.07811080835604,2285
Pitcher,Brody Jessee,sa3020447,689297,2026,AA,AA,5,3,A | A+ | AA,46.0,25.0,True,True,0.038493224662862376,0.1471709794843694,13.976945244956772,3470,29.865125240847785,1557,21.921035242902278,13.976945244956772,2286
Pitcher,Raimi Mueses,sa3068775,824926,2026,International Rookie,International Rookie,1,1,International Rookie,27.333333333333332,18.999999999999996,True,False,0.005464377749923917,0.050905494797722745,42.59763851044505,2202,1.211734693877551,1568,21.904686602161302,1.211734693877551,2287
Pitcher,Christopher Rochin,sa3025466,825265,2026,International Rookie,International Rookie,1,1,International Rookie,25.0,19.0,True,False,0.005464377749923917,0.05090549479772268,42.59763851044505,2202,1.211734693877551,1568,21.904686602161302,1.211734693877551,2287
Pitcher,Jhoan Thomas,sa3024546,821010,2026,International Rookie,International Rookie,1,1,International Rookie,20.666666666666668,19.0,True,False,0.005464377749923917,0.05090549479772268,42.59763851044505,2202,1.211734693877551,1568,21.904686602161302,1.211734693877551,2287
Pitcher,Henderson Hernandez,sa3068641,833253,2026,International Rookie,International Rookie,1,1,International Rookie,27.0,19.0,True,False,0.005464377749923917,0.05090549479772268,42.59763851044505,2202,1.211734693877551,1568,21.904686602161302,1.211734693877551,2287
Pitcher,Yosniel Menendez,sa3068104,829521,2026,International Rookie,International Rookie,1,1,International Rookie,24.0,19.0,True,False,0.005464377749923917,0.05090549479772268,42.59763851044505,2202,1.211734693877551,1568,21.904686602161302,1.211734693877551,2287
Pitcher,Nomar Meza,sa3025125,828279,2026,International Rookie,International Rookie,1,1,International Rookie,20.333333333333332,19.0,True,False,0.005464377749923917,0.05090549479772268,42.59763851044505,2202,1.211734693877551,1568,21.904686602161302,1.211734693877551,2287
Pitcher,Jhoangel Marquez,sa3076472,837939,2026,International Rookie,International Rookie,1,1,International Rookie,25.333333333333332,19.0,True,False,0.005464377749923917,0.05090549479772268,42.59763851044505,2202,1.211734693877551,1568,21.904686602161302,1.211734693877551,2287
Pitcher,Victor De Jesus,sa3068385,833483,2026,International Rookie,International Rookie,1,1,International Rookie,26.333333333333332,19.0,True,False,0.005464377749923917,0.05090549479772268,42.59763851044505,2202,1.211734693877551,1568,21.904686602161302,1.211734693877551,2287
Pitcher,Carlos Virla,sa3068643,834907,2026,International Rookie,International Rookie,1,1,International Rookie,20.0,19.0,True,False,0.005464377749923917,0.05090549479772268,42.59763851044505,2202,1.211734693877551,1568,21.904686602161302,1.211734693877551,2287
Pitcher,Miguel Martinez,sa3076442,832578,2026,International Rookie,International Rookie,1,1,International Rookie,26.0,19.0,True,False,0.005464377749923917,0.05090549479772268,42.59763851044505,2202,1.211734693877551,1568,21.904686602161302,1.211734693877551,2287
Pitcher,Josbel Torrez,sa3077030,840720,2026,International Rookie,International Rookie,1,1,International Rookie,25.666666666666668,19.0,True,False,0.005464377749923917,0.05090549479772268,42.59763851044505,2202,1.211734693877551,1568,21.904686602161302,1.211734693877551,2287
Pitcher,Jarlin Ugarte,sa3068829,831952,2026,International Rookie,International Rookie,1,1,International Rookie,26.0,19.0,True,False,0.005464377749923917,0.05090549479772268,42.59763851044505,2202,1.211734693877551,1568,21.904686602161302,1.211734693877551,2287
Pitcher,Olyver Rosas,sa3076494,842302,2026,International Rookie,International Rookie,1,1,International Rookie,28.0,19.0,True,False,0.005464377749923917,0.05090549479772268,42.59763851044505,2202,1.211734693877551,1568,21.904686602161302,1.211734693877551,2287
Pitcher,Kevin Pino,sa3068908,832493,2026,International Rookie,International Rookie,1,1,International Rookie,22.666666666666668,19.0,True,False,0.005464377749923917,0.05090549479772268,42.59763851044505,2202,1.211734693877551,1568,21.904686602161302,1.211734693877551,2287
Pitcher,Wilfran Ortega,sa3069086,835195,2026,International Rookie,International Rookie,1,1,International Rookie,28.666666666666668,19.000000000000004,True,False,0.005464377749923917,0.0509054947977226,42.59763851044505,2202,1.211734693877551,1568,21.904686602161302,1.211734693877551,2287
Pitcher,Randy Constanza,sa3068335,829206,2026,International Rookie,International Rookie,1,1,International Rookie,20.0,19.0,True,False,0.005464377749923917,0.05090549479772268,42.59763851044505,2202,1.211734693877551,1568,21.904686602161302,1.211734693877551,2287
Pitcher,Franyerson Reyes,sa3024586,821802,2026,International Rookie,International Rookie,1,1,International Rookie,20.333333333333332,19.0,True,False,0.005464377749923917,0.05090549479772268,42.59763851044505,2202,1.211734693877551,1568,21.904686602161302,1.211734693877551,2287
Pitcher,Roimer Rosas,sa3068943,836099,2026,International Rookie,International Rookie,1,1,International Rookie,23.666666666666668,19.0,True,False,0.005464377749923917,0.05090549479772268,42.59763851044505,2202,1.211734693877551,1568,21.904686602161302,1.211734693877551,2287
Pitcher,Geremias Pena,sa3025191,828709,2026,International Rookie,International Rookie,1,1,International Rookie,26.0,19.0,True,False,0.005464377749923917,0.05090549479772268,42.59763851044505,2202,1.211734693877551,1568,21.904686602161302,1.211734693877551,2287
Pitcher,Angel Salazar,sa3077267,837827,2026,International Rookie,International Rookie,1,1,International Rookie,24.666666666666668,19.0,True,False,0.005464377749923917,0.05090549479772268,42.59763851044505,2202,1.211734693877551,1568,21.904686602161302,1.211734693877551,2287
Pitcher,Geferlyn Avelino,sa3077373,833331,2026,International Rookie,International Rookie,1,1,International Rookie,23.0,19.0,True,False,0.005464377749923917,0.05090549479772268,42.59763851044505,2202,1.211734693877551,1568,21.904686602161302,1.211734693877551,2287
Pitcher,Diego Castro,sa3068642,834392,2026,International Rookie,International Rookie,1,1,International Rookie,29.0,19.0,True,False,0.005464377749923917,0.05090549479772268,42.59763851044505,2202,1.211734693877551,1568,21.904686602161302,1.211734693877551,2287
Pitcher,Thomas Sveyda,sa3077529,839250,2026,International Rookie,International Rookie,1,1,International Rookie,21.666666666666668,19.0,True,False,0.005464377749923917,0.05090549479772268,42.59763851044505,2202,1.211734693877551,1568,21.904686602161302,1.211734693877551,2287
Pitcher,Julio J Rossi,sa3069030,836330,2026,International Rookie,International Rookie,1,1,International Rookie,24.0,19.0,True,False,0.005464377749923917,0.05090549479772268,42.59763851044505,2202,1.211734693877551,1568,21.904686602161302,1.211734693877551,2287
Pitcher,Edwin Reynoso,sa3068802,835647,2026,International Rookie,International Rookie,1,1,International Rookie,25.666666666666668,19.0,True,False,0.005464377749923917,0.05090549479772268,42.59763851044505,2202,1.211734693877551,1568,21.904686602161302,1.211734693877551,2287
Pitcher,Carlos Martinez,sa3077017,838934,2026,International Rookie,International Rookie,1,1,International Rookie,24.0,19.0,True,False,0.005464377749923917,0.05090549479772268,42.59763851044505,2202,1.211734693877551,1568,21.904686602161302,1.211734693877551,2287
Pitcher,Nehemias Valdez,sa3077241,834757,2026,International Rookie,International Rookie,1,1,International Rookie,24.666666666666668,19.0,True,False,0.005464377749923917,0.05090549479772268,42.59763851044505,2202,1.211734693877551,1568,21.904686602161302,1.211734693877551,2287
Pitcher,Alam Soriano,sa3077243,836545,2026,International Rookie,International Rookie,1,1,International Rookie,28.0,19.0,True,False,0.005464377749923917,0.05090549479772268,42.59763851044505,2202,1.211734693877551,1568,21.904686602161302,1.211734693877551,2287
Pitcher,Diego Carrillo,sa3068158,832796,2026,International Rookie,International Rookie,1,1,International Rookie,23.333333333333332,19.0,True,False,0.005464377749923917,0.05090549479772268,42.59763851044505,2202,1.211734693877551,1568,21.904686602161302,1.211734693877551,2287
Pitcher,Jhonny Aranguren,sa3024259,821609,2026,International Rookie,International Rookie,1,1,International Rookie,27.666666666666668,19.000000000000004,True,False,0.005464377749923917,0.0509054947977226,42.59763851044505,2202,1.211734693877551,1568,21.904686602161302,1.211734693877551,2287
Pitcher,Angel Alcantara,sa3077287,839213,2026,International Rookie,International Rookie,1,1,International Rookie,28.0,19.0,True,False,0.005464377749923917,0.05090549479772268,42.59763851044505,2202,1.211734693877551,1568,21.904686602161302,1.211734693877551,2287
Pitcher,Argenis Granado,sa3077411,839196,2026,International Rookie,International Rookie,1,1,International Rookie,23.333333333333332,19.0,True,False,0.005464377749923917,0.05090549479772268,42.59763851044505,2202,1.211734693877551,1568,21.904686602161302,1.211734693877551,2287
Pitcher,Rafi Santo,sa3068887,835975,2026,International Rookie,International Rookie,1,1,International Rookie,24.333333333333332,19.0,True,False,0.005464377749923917,0.05090549479772268,42.59763851044505,2202,1.211734693877551,1568,21.904686602161302,1.211734693877551,2287
Pitcher,Juan Santillan,sa3076456,837309,2026,International Rookie,International Rookie,1,1,International Rookie,22.666666666666668,19.0,True,False,0.005464377749923917,0.05090549479772268,42.59763851044505,2202,1.211734693877551,1568,21.904686602161302,1.211734693877551,2287
Pitcher,Juan Rivera,sa3024917,821792,2026,International Rookie,International Rookie,1,1,International Rookie,20.666666666666668,19.0,True,False,0.005464377749923917,0.05090549479772268,42.59763851044505,2202,1.211734693877551,1568,21.904686602161302,1.211734693877551,2287
Pitcher,Luisangel Chirino,sa3068516,832724,2026,International Rookie,International Rookie,1,1,International Rookie,22.666666666666668,19.0,True,False,0.005464377749923917,0.05090549479772268,42.59763851044505,2202,1.211734693877551,1568,21.904686602161302,1.211734693877551,2287
Pitcher,Aneury Sosa,sa3077575,842039,2026,International Rookie,International Rookie,1,1,International Rookie,20.666666666666668,19.0,True,False,0.005464377749923917,0.05090549479772268,42.59763851044505,2202,1.211734693877551,1568,21.904686602161302,1.211734693877551,2287
Pitcher,Jabes Martinez,sa3077233,822252,2026,International Rookie,International Rookie,1,1,International Rookie,24.0,19.0,True,False,0.005464377749923917,0.05090549479772268,42.59763851044505,2202,1.211734693877551,1568,21.904686602161302,1.211734693877551,2287
Pitcher,Franniel Reynoso,sa3023832,821013,2026,International Rookie,International Rookie,1,1,International Rookie,25.0,19.0,True,False,0.005464377749923917,0.05090549479772268,42.59763851044505,2202,1.211734693877551,1568,21.904686602161302,1.211734693877551,2287
Pitcher,Dalvin Bodre,sa3025081,821182,2026,International Rookie,International Rookie,1,1,International Rookie,20.333333333333332,19.0,True,False,0.005464377749923917,0.05090549479772268,42.59763851044505,2202,1.211734693877551,1568,21.904686602161302,1.211734693877551,2287
Pitcher,Jhony Osoria,sa3068986,836198,2026,International Rookie,International Rookie,1,1,International Rookie,26.666666666666668,19.0,True,False,0.005464377749923917,0.05090549479772268,42.59763851044505,2202,1.211734693877551,1568,21.904686602161302,1.211734693877551,2287
Pitcher,Lukas Gonzalez,sa3024778,821172,2026,International Rookie,International Rookie,1,1,International Rookie,25.666666666666668,19.0,True,False,0.005464377749923917,0.05090549479772268,42.59763851044505,2202,1.211734693877551,1568,21.904686602161302,1.211734693877551,2287
Pitcher,Alexis Reyes,sa3068341,829490,2026,International Rookie,International Rookie,1,1,International Rookie,20.333333333333332,19.0,True,False,0.005464377749923917,0.05090549479772268,42.59763851044505,2202,1.211734693877551,1568,21.904686602161302,1.211734693877551,2287
Pitcher,Roberto Mendoza,sa3076484,839712,2026,International Rookie,International Rookie,1,1,International Rookie,23.666666666666668,19.0,True,False,0.005464377749923917,0.05090549479772268,42.59763851044505,2202,1.211734693877551,1568,21.904686602161302,1.211734693877551,2287
Pitcher,Ruben Torres,sa3076976,837322,2026,International Rookie,International Rookie,1,1,International Rookie,24.666666666666668,19.0,True,False,0.005464377749923917,0.05090549479772268,42.59763851044505,2202,1.211734693877551,1568,21.904686602161302,1.211734693877551,2287
Pitcher,Ricardo Arredondo,sa3069121,836362,2026,International Rookie,International Rookie,1,1,International Rookie,29.0,19.0,True,False,0.005464377749923917,0.05090549479772268,42.59763851044505,2202,1.211734693877551,1568,21.904686602161302,1.211734693877551,2287
Pitcher,Ranci Castillo,sa3067568,825350,2026,International Rookie,International Rookie,1,1,International Rookie,22.333333333333332,19.0,True,False,0.005464377749923917,0.05090549479772268,42.59763851044505,2202,1.211734693877551,1568,21.904686602161302,1.211734693877551,2287
Pitcher,Deiby Marrero,sa3077307,842327,2026,International Rookie,International Rookie,1,1,International Rookie,22.666666666666668,19.0,True,False,0.005464377749923917,0.05090549479772268,42.59763851044505,2202,1.211734693877551,1568,21.904686602161302,1.211734693877551,2287
Pitcher,Filippo Sabatini,sa3077661,829364,2026,International Rookie,International Rookie,1,1,International Rookie,20.0,19.0,True,False,0.005464377749923917,0.05090549479772268,42.59763851044505,2202,1.211734693877551,1568,21.904686602161302,1.211734693877551,2287
Pitcher,Jostin Alcantara,sa3077285,839104,2026,International Rookie,International Rookie,1,1,International Rookie,27.333333333333332,18.999999999999996,True,False,0.005464377749923917,0.050905494797722745,42.59763851044505,2202,1.211734693877551,1568,21.904686602161302,1.211734693877551,2287
Pitcher,Erickson Ettien,sa3068847,834888,2026,International Rookie,International Rookie,1,1,International Rookie,25.666666666666668,19.0,True,False,0.005464377749923917,0.05090549479772268,42.59763851044505,2202,1.211734693877551,1568,21.904686602161302,1.211734693877551,2287
Pitcher,Ismanuel Rondon,sa3077424,842324,2026,International Rookie,International Rookie,1,1,International Rookie,21.0,19.0,True,False,0.005464377749923917,0.05090549479772268,42.59763851044505,2202,1.211734693877551,1568,21.904686602161302,1.211734693877551,2287
Pitcher,Jose Sequera,sa3068660,829689,2026,International Rookie,International Rookie,1,1,International Rookie,23.0,19.0,True,False,0.005464377749923917,0.05090549479772268,42.59763851044505,2202,1.211734693877551,1568,21.904686602161302,1.211734693877551,2287
Pitcher,Luis Cruz,sa3068139,830608,2026,International Rookie,International Rookie,1,1,International Rookie,25.333333333333332,19.0,True,False,0.005464377749923917,0.05090549479772268,42.59763851044505,2202,1.211734693877551,1568,21.904686602161302,1.211734693877551,2287
Pitcher,Josue Perez,sa3068919,834908,2026,International Rookie,International Rookie,1,1,International Rookie,27.0,19.0,True,False,0.005464377749923917,0.05090549479772268,42.59763851044505,2202,1.211734693877551,1568,21.904686602161302,1.211734693877551,2287
Pitcher,Guillermo Baldelomar,sa3068511,831982,2026,International Rookie,International Rookie,1,1,International Rookie,23.666666666666668,19.0,True,False,0.005464377749923917,0.05090549479772268,42.59763851044505,2202,1.211734693877551,1568,21.904686602161302,1.211734693877551,2287
Pitcher,Luis Perdomo,sa3068833,835643,2026,International Rookie,International Rookie,1,1,International Rookie,24.0,19.0,True,False,0.005464377749923917,0.05090549479772268,42.59763851044505,2202,1.211734693877551,1568,21.904686602161302,1.211734693877551,2287
Pitcher,Manuel Parra,sa3077207,837682,2026,International Rookie,International Rookie,1,1,International Rookie,20.0,19.0,True,False,0.005464377749923917,0.05090549479772268,42.59763851044505,2202,1.211734693877551,1568,21.904686602161302,1.211734693877551,2287
Pitcher,Luis  Avila,sa3068866,835395,2026,International Rookie,International Rookie,1,1,International Rookie,24.0,19.0,True,False,0.005464377749923917,0.05090549479772268,42.59763851044505,2202,1.211734693877551,1568,21.904686602161302,1.211734693877551,2287
Pitcher,Juan Collado,sa3077384,837736,2026,International Rookie,International Rookie,1,1,International Rookie,23.333333333333332,19.0,True,False,0.005464377749923917,0.05090549479772268,42.59763851044505,2202,1.211734693877551,1568,21.904686602161302,1.211734693877551,2287
Pitcher,Logan Tinkam,sa3068391,835198,2026,International Rookie,International Rookie,1,1,International Rookie,22.666666666666668,19.0,True,False,0.005464377749923917,0.05090549479772268,42.59763851044505,2202,1.211734693877551,1568,21.904686602161302,1.211734693877551,2287
Pitcher,Cristian Ron,sa3076979,837326,2026,International Rookie,International Rookie,1,1,International Rookie,28.0,19.0,True,False,0.005464377749923917,0.05090549479772268,42.59763851044505,2202,1.211734693877551,1568,21.904686602161302,1.211734693877551,2287
Pitcher,Enmanuel Rodriguez,sa3077301,840917,2026,International Rookie,International Rookie,1,1,International Rookie,25.333333333333332,19.0,True,False,0.005464377749923917,0.05090549479772268,42.59763851044505,2202,1.211734693877551,1568,21.904686602161302,1.211734693877551,2287
Pitcher,Starling Reyes,sa3067625,832488,2026,International Rookie,International Rookie,1,1,International Rookie,23.333333333333332,19.0,True,False,0.005464377749923917,0.05090549479772268,42.59763851044505,2202,1.211734693877551,1568,21.904686602161302,1.211734693877551,2287
Pitcher,Ronelbi Garcia,sa3076486,840181,2026,International Rookie,International Rookie,1,1,International Rookie,23.666666666666668,19.0,True,False,0.005464377749923917,0.05090549479772268,42.59763851044505,2202,1.211734693877551,1568,21.904686602161302,1.211734693877551,2287
Pitcher,Stiveen Rojas,sa3021775,808164,2026,International Rookie,International Rookie,1,1,International Rookie,29.333333333333332,18.999999999999996,True,False,0.005464377749923917,0.050905494797722745,42.59763851044505,2202,1.211734693877551,1568,21.904686602161302,1.211734693877551,2287
Pitcher,Luis Contreras,sa3076455,837306,2026,International Rookie,International Rookie,1,1,International Rookie,28.0,19.0,True,False,0.005464377749923917,0.05090549479772268,42.59763851044505,2202,1.211734693877551,1568,21.904686602161302,1.211734693877551,2287
Pitcher,Keiver De Horta,sa3076454,837266,2026,International Rookie,International Rookie,1,1,International Rookie,21.666666666666668,19.0,True,False,0.005464377749923917,0.05090549479772268,42.59763851044505,2202,1.211734693877551,1568,21.904686602161302,1.211734693877551,2287
Pitcher,Ronald Tejada,sa3023705,827348,2026,International Rookie,International Rookie,1,1,International Rookie,25.333333333333332,19.0,True,False,0.005464377749923917,0.05090549479772268,42.59763851044505,2202,1.211734693877551,1568,21.904686602161302,1.211734693877551,2287
Pitcher,Daniel Ramos,sa3068788,829957,2026,International Rookie,International Rookie,1,1,International Rookie,21.666666666666668,19.0,True,False,0.005464377749923917,0.05090549479772268,42.59763851044505,2202,1.211734693877551,1568,21.904686602161302,1.211734693877551,2287
Pitcher,Maxgregori Harvey,sa3024258,821608,2026,International Rookie,International Rookie,1,1,International Rookie,28.666666666666668,19.000000000000004,True,False,0.005464377749923917,0.0509054947977226,42.59763851044505,2202,1.211734693877551,1568,21.904686602161302,1.211734693877551,2287
Pitcher,Jerlin Madera,sa3077016,838801,2026,International Rookie,International Rookie,1,1,International Rookie,20.666666666666668,19.0,True,False,0.005464377749923917,0.05090549479772268,42.59763851044505,2202,1.211734693877551,1568,21.904686602161302,1.211734693877551,2287
Pitcher,Dylan DeLucia,sa3024964,690626,2026,AA,AA,5,2,A+ | AA,87.33333333333333,24.999999999999996,True,True,0.03765230988178798,0.16029433440574997,15.244956772334294,3470,28.387925497752086,1557,21.816441135043192,15.244956772334294,2359
Pitcher,Jean Cabrera,sa3015433,691893,2026,AA,AA,5,4,International Rookie | A | A+ | AA,60.333333333333336,24.0,True,True,0.03489150655279293,0.20090874072584147,20.403458213256485,3470,23.185613359023765,1557,21.794535786140123,20.403458213256485,2360
Pitcher,Marcelo Perez,sa3020889,681041,2026,AA,AA,5,3,A | A+ | AA,42.0,26.0,True,True,0.03446229270825488,0.2095859865178109,21.412103746397694,3470,22.15799614643545,1557,21.78504994641657,21.412103746397694,2361
Pitcher,Sunayro Martina,sa3022106,806103,2026,Complex,Complex,2,2,International Rookie | Complex,22.333333333333332,22.0,True,False,0.003677027800394754,0.07940391236232877,27.165354330708663,1524,16.347992351816444,1046,21.756673341262555,16.347992351816444,2362
Pitcher,David Lorduy,sa3019135,800124,2026,A+,A+,4,4,International Rookie | Complex | A | A+,61.333333333333336,22.0,True,True,0.009478041088975719,0.20971697575981774,41.4486921529175,3976,2.048780487804878,2050,21.74873632036119,2.048780487804878,2363
Pitcher,Noah Murdock,27908,668716,2026,AAA,AAA,6,3,A+ | AA | AAA,29.333333333333332,27.0,True,False,0.04966372784515522,0.5870890142732261,30.072618539085862,2341,13.356562137049941,861,21.7145903380679,13.356562137049941,2364
Pitcher,Noah Beal,sa3067027,695063,2026,A+,A+,4,2,A | A+,55.0,24.0,True,True,0.018939736980998025,0.1524675754003162,26.483903420523138,3976,16.682926829268293,2050,21.583415124895716,16.682926829268293,2365
Pitcher,Trey Dombroski,sa3020833,690667,2026,AA,AA,5,3,A | A+ | AA,92.0,25.0,True,True,0.03424840673564372,0.20863897963778683,21.239193083573486,3470,21.901091843288373,1557,21.57014246343093,21.239193083573486,2366
Pitcher,Trevor Kuncl,sa3066360,805321,2026,AAA,AAA,6,2,AA | AAA,38.333333333333336,27.0,True,True,0.06403738583751267,0.3592374236548378,13.925672789406237,2341,29.152148664343787,861,21.538910726875013,13.925672789406237,2367
Pitcher,Matt Waldron,25550,663362,2026,AAA,AAA,6,3,A+ | AA | AAA,27.0,29.0,True,False,0.05277507897749319,0.5416024539756785,26.185390858607434,2341,16.840882694541232,861,21.513136776574335,16.840882694541232,2368
Pitcher,Chase Mobley,sa3067542,813949,2026,A,A,3,1,A,32.0,20.0,True,True,0.021633904656028043,0.06685703142488737,8.268733850129198,4257,34.54238717840573,2371,21.405560514267464,8.268733850129198,2369
Pitcher,Raymond Burgos,22370,670103,2026,AAA,AAA,6,5,Complex | A | A+ | AA | AAA,70.0,27.0,True,True,0.05068247684834069,0.5659866512001349,28.57753096967108,2341,14.169570267131244,861,21.37355061840116,14.169570267131244,2370
Pitcher,Ty Floyd,sa3031488,692226,2026,A+,A+,4,2,A | A+,25.0,24.0,True,False,0.021285486954955884,0.12406867322038247,19.8943661971831,3976,22.78048780487805,2050,21.337427001030576,19.8943661971831,2371
Pitcher,Nestor Lorant,sa3011640,686544,2026,A+,A+,4,4,International Rookie | Complex | A | A+,40.666666666666664,24.0,True,True,0.009864539948688557,0.20413154823222815,40.19114688128773,3976,2.3902439024390243,2050,21.290695391863377,2.3902439024390243,2372
Pitcher,Luis Guerrero,31184,692285,2026,AAA,AAA,6,3,A | AA | AAA,37.333333333333336,25.0,True,True,0.0651940098050496,0.3339928740796916,12.174284493806066,2341,30.313588850174217,861,21.24393667199014,12.174284493806066,2373
Pitcher,Ryan Magdic,sa3036846,678163,2026,AAA,AAA,6,4,A | A+ | AA | AAA,45.666666666666664,26.0,True,True,0.04061801133790473,0.6480076598420418,36.522853481418196,2341,5.923344947735192,861,21.223099214576692,5.923344947735192,2374
Pitcher,Luke Russo,sa3023502,689726,2026,AA,AA,5,3,A | A+ | AA,121.33333333333333,25.0,True,True,0.03056605477651194,0.2690105258093454,28.501440922190202,3470,13.872832369942197,1557,21.1871366460662,13.872832369942197,2375
Pitcher,Saul Teran,sa3018296,699703,2026,AA,AA,5,5,International Rookie | Complex | A | A+ | AA,40.0,24.0,True,True,0.03222025314766544,0.2398849710764199,25.15850144092219,3470,17.21258831085421,1557,21.185544875888198,17.21258831085421,2376
Pitcher,Tommy Molsky,sa3025642,701695,2026,AA,AA,5,2,A+ | AA,46.333333333333336,23.0,True,True,0.035431234039160965,0.17920374358824043,17.723342939481267,3470,24.53436095054592,1557,21.128851945013594,17.723342939481267,2377
Pitcher,Ismael Luciano,sa3016227,692593,2026,A+,A+,4,4,International Rookie | Complex | A | A+,23.333333333333332,23.0,True,False,0.010701510941793647,0.1979558057330173,38.93360160965795,3976,3.317073170731707,2050,21.12533739019483,3.317073170731707,2378
Pitcher,Ryan Magdic,sa3036846,678163,2026,A+,A+,4,2,A | A+,36.333333333333336,26.0,True,True,0.01607119756775045,0.17146539181618953,31.99195171026157,3976,10.24390243902439,2050,21.11792707464298,10.24390243902439,2379
Pitcher,Carson Jacobs,sa3022872,801941,2026,AA,AA,5,3,Complex | A+ | AA,41.666666666666664,24.0,True,True,0.025347573280658547,0.336851281729704,36.570605187319885,3470,5.65189466923571,1557,21.111249928277797,5.65189466923571,2380
Pitcher,Jose Nova,sa3023641,703360,2026,A+,A+,4,2,A | A+,23.0,24.0,True,False,0.02119782555648804,0.1235013935909342,19.718309859154928,3976,22.48780487804878,2050,21.103057368601853,19.718309859154928,2381
Pitcher,Zane Petty,sa3039843,806272,2026,A,A,3,1,A,73.0,22.0,True,True,0.01989222708839593,0.08070587224434844,12.1681935635424,4257,30.029523407844792,2371,21.098858485693597,12.1681935635424,2382
Pitcher,Beau Blanchard,sa3067505,699782,2026,AA,AA,5,3,A | A+ | AA,37.333333333333336,24.0,True,True,0.03249669868526333,0.23422320630071566,24.52449567723343,3470,17.662170841361593,1557,21.09333325929751,17.662170841361593,2383
Pitcher,Ryan Weiss,24621,680802,2026,AAA,AAA,6,4,A | A+ | AA | AAA,63.0,29.0,True,True,0.060231227204221575,0.39996862275614553,16.61683041435284,2341,25.551684088269454,861,21.084257251311147,16.61683041435284,2384
Pitcher,Hayden Frank,sa3031647,810070,2026,A,A,3,1,A,76.66666666666667,23.0,True,True,0.017833952237825322,0.09935727295242869,18.32276250880902,4257,23.829607760438634,2371,21.076185134623827,18.32276250880902,2385
Pitcher,Max Lazar,23426,676661,2026,AAA,AAA,6,4,A | A+ | AA | AAA,33.666666666666664,27.0,True,True,0.0513387150529786,0.5501544223141188,26.868859461768476,2341,15.21486643437863,861,21.041862948073554,15.21486643437863,2386
Pitcher,Jesus Gamez,sa3021056,804966,2026,A+,A+,4,2,International Rookie | A+,43.333333333333336,23.0,True,True,0.015119263838825633,0.17724829598310265,33.29979879275654,3976,8.682926829268293,2050,20.991362811012415,8.682926829268293,2387
Pitcher,Connor Wilford,sa3077601,809949,2026,A,A,3,1,A,36.333333333333336,25.0,True,True,0.020198230505936055,0.07676330796232562,11.20507399577167,4257,30.746520455504008,2371,20.97579722563784,11.20507399577167,2388
Pitcher,Alex Williams,sa3020314,677354,2026,AA,AA,5,2,A+ | AA,84.0,26.0,True,True,0.03331216199240877,0.21980575306324038,22.737752161383284,3470,19.20359666024406,1557,20.970674410813672,19.20359666024406,2389
Pitcher,Daysbel Hernandez,20271,678226,2026,AAA,AAA,6,4,A | A+ | AA | AAA,21.333333333333332,29.0,True,False,0.04710990607273904,0.5959246533963276,31.05510465612986,2341,10.801393728222996,861,20.928249192176427,10.801393728222996,2390
Pitcher,Logan McGuire,sa3037620,695661,2026,A+,A+,4,2,A | A+,55.333333333333336,23.0,True,True,0.01915991840377189,0.1452571067758191,24.673038229376257,3976,17.121951219512194,2050,20.897494724444226,17.121951219512194,2391
Pitcher,Kai Wynyard,sa3015311,698785,2026,A+,A+,4,3,Complex | A | A+,50.666666666666664,24.0,True,True,0.01844134061976012,0.15260132355149597,26.483903420523138,3976,15.268292682926829,2050,20.876098051724984,15.268292682926829,2392
Pitcher,Brett Kerry,29826,695049,2026,AAA,AAA,6,2,AA | AAA,113.0,27.0,True,True,0.057858050969818435,0.4336528993665116,18.83810337462623,2341,22.64808362369338,861,20.743093499159805,18.83810337462623,2393
Pitcher,Javier Assad,21741,665871,2026,AAA,AAA,6,5,Complex | A | A+ | AA | AAA,25.0,28.0,True,False,0.049898850475733086,0.5560180707323642,27.381460914139257,2341,13.588850174216027,861,20.485155544177644,13.588850174216027,2394
Pitcher,Devereaux Harrison,sa3020259,687288,2026,AAA,AAA,6,3,A+ | AA | AAA,64.0,25.0,True,True,0.05246990040619934,0.5218509641025,24.476719350704826,2341,16.492450638792103,861,20.484584994748467,16.492450638792103,2395
Pitcher,Will Gervase,sa3032155,822654,2026,A,A,3,1,A,21.0,24.0,True,False,0.019181508982587296,0.08272417741747193,12.849424477331453,4257,28.089413749472797,2371,20.469419113402125,12.849424477331453,2396
Pitcher,Austin Emener,sa3022799,815305,2026,A,A,3,1,A,23.333333333333332,24.0,True,False,0.019181508982587296,0.08272417741747193,12.849424477331453,4257,28.089413749472797,2371,20.469419113402125,12.849424477331453,2396
Pitcher,Griffin Kirn,sa3059692,822488,2026,A,A,3,1,A,20.0,24.0,True,False,0.019181508982587296,0.08272417741747193,12.849424477331453,4257,28.089413749472797,2371,20.469419113402125,12.849424477331453,2396
Pitcher,Julien Hernandez,sa3077718,835862,2026,A,A,3,1,A,22.666666666666668,24.0,True,False,0.019181508982587296,0.08272417741747193,12.849424477331453,4257,28.089413749472797,2371,20.469419113402125,12.849424477331453,2396
Pitcher,Cesar Rojas,sa3019244,700291,2026,A,A,3,2,International Rookie | A,33.666666666666664,24.0,True,True,0.01784836618000583,0.09473489754920177,17.05426356589147,4257,23.871784057359765,2371,20.463023811625618,17.05426356589147,2400
Pitcher,Xavier Lopez,sa3024539,820931,2026,Complex,Complex,2,2,International Rookie | Complex,56.333333333333336,21.0,True,True,0.005548067263169025,0.05924468828918326,14.829396325459317,1524,25.908221797323137,1046,20.368809061391225,14.829396325459317,2401
Pitcher,Jhon Reyes,sa3022355,808671,2026,A,A,3,2,Complex | A,51.0,22.0,True,True,0.016319873548635552,0.10596358068252047,20.64834390415786,4257,19.907212146773514,2371,20.277778025465686,19.907212146773514,2402
Pitcher,Eric Torres,sa3017262,701539,2026,AAA,AA,6,2,AA | AAA,33.666666666666664,23.0,True,True,0.06496465519341185,0.29650629790805527,10.508329773601025,2341,29.965156794425088,861,20.236743284013055,10.508329773601025,2403
Pitcher,Christian MacLeod,sa3018005,681306,2026,AAA,AA,6,3,A+ | AA | AAA,35.0,25.0,True,True,0.06230623735760463,0.3392055397403383,12.772319521571978,2341,27.642276422764226,861,20.207297972168103,12.772319521571978,2404
Pitcher,Trace Bright,sa3020558,687238,2026,AAA,AAA,6,3,A+ | AA | AAA,83.33333333333333,24.999999999999996,True,True,0.05535852911269514,0.4614268154950574,20.632208457923966,2341,19.744483159117305,861,20.188345808520637,19.744483159117305,2405
Pitcher,Grant Rogers,sa3023522,814804,2026,AAA,AAA,6,4,A | A+ | AA | AAA,120.66666666666667,25.0,True,True,0.05057605391077416,0.5412243548284341,26.142674070909866,2341,14.169570267131244,861,20.156122169020556,14.169570267131244,2406
Pitcher,Connor Fenlong,sa3023034,689181,2026,A+,A+,4,2,A | A+,37.0,26.0,True,True,0.01807845717231351,0.15117644356781523,26.106639839034205,3976,14.195121951219512,2050,20.15088089512686,14.195121951219512,2407
Pitcher,Brendan Cellucci,sa3011710,676454,2026,AAA,AAA,6,3,A+ | AA | AAA,51.333333333333336,28.0,True,True,0.0540080060938217,0.49048729962327575,22.041862451943615,2341,18.234610917537747,861,20.138236684740683,18.234610917537747,2408
Pitcher,Joey Gerber,24591,680702,2026,AAA,AAA,6,3,A+ | AA | AAA,26.666666666666668,29.0,True,False,0.04890928087102558,0.5557574500958583,27.381460914139257,2341,12.89198606271777,861,20.136723488428515,12.89198606271777,2409
Pitcher,Mark Manfredi,33603,815081,2026,AA,AA,5,2,A+ | AA,22.333333333333332,26.0,True,False,0.03454472683694943,0.1794113839157714,17.723342939481267,3470,22.4791265253693,1557,20.101234732425283,17.723342939481267,2410
Pitcher,Ben Simon,sa3023164,815084,2026,AAA,AAA,6,2,A+ | AAA,35.0,24.0,True,True,0.05022333708817825,0.5413608114150875,26.142674070909866,2341,13.821138211382113,861,19.98190614114599,13.821138211382113,2411
Pitcher,Hoss Brewer,sa3025636,804546,2026,A+,A+,4,2,A | A+,33.0,25.0,True,True,0.0196571466138183,0.13013492500609214,21.277665995975855,3976,18.390243902439025,2050,19.83395494920744,18.390243902439025,2412
Pitcher,Ryan Murphy,sa3014871,694885,2026,AAA,AAA,6,4,A | A+ | AA | AAA,46.0,26.0,True,True,0.056849601932556816,0.4179507226828171,17.898334045279796,2341,21.718931475029034,861,19.808632760154417,17.898334045279796,2413
Pitcher,Brady Hill,sa3020559,687984,2026,A+,A+,4,2,A | A+,38.666666666666664,25.0,True,True,0.02046572517330761,0.120428000344561,18.938631790744466,3976,20.634146341463413,2050,19.78638906610394,18.938631790744466,2414
Pitcher,Merrick Baldo,sa3022957,813707,2026,A+,A+,4,2,A | A+,52.333333333333336,25.0,True,True,0.018154718425205926,0.14700032708712937,25.150905432595575,3976,14.390243902439025,2050,19.7705746675173,14.390243902439025,2415
Pitcher,Christian Herberholz,sa3066289,815179,2026,AAA,AAA,6,3,A+ | AA | AAA,49.0,25.0,True,True,0.05660944902470285,0.4246542512455393,18.28278513455788,2341,21.254355400696863,861,19.76857026762737,18.28278513455788,2416
Pitcher,Trystan Vrieling,sa3020681,801639,2026,AA,AA,5,1,AA,106.33333333333333,25.0,True,True,0.033850503019711584,0.18738405286908297,18.78962536023055,3470,20.616570327552985,1557,19.70309784389177,18.78962536023055,2417
Pitcher,Anthony Patterson III,sa3076086,815101,2026,A,A,3,1,A,49.333333333333336,25.000000000000004,True,True,0.020356452297305996,0.0670401683457258,8.268733850129198,4257,31.08393083087305,2371,19.676332340501126,8.268733850129198,2418
Pitcher,Kleiber Olmedo,sa3022420,811598,2026,A+,A+,4,3,Complex | A | A+,32.0,21.0,True,True,0.015511830183652474,0.16465480080462258,29.77867203219316,3976,9.560975609756097,2050,19.669823820974628,9.560975609756097,2419
Pitcher,Tanner Gillis,sa3067074,828705,2026,AA,AA,5,3,A | A+ | AA,57.0,25.0,True,True,0.027665026089524314,0.28938353913335635,30.778097982708935,3470,8.477842003853565,1557,19.62796999328125,8.477842003853565,2420
Pitcher,Carlos Pena,sa3009519,685329,2026,AA,AA,5,4,International Rookie | A | A+ | AA,99.0,27.0,True,True,0.031059452177867063,0.23274607420075624,24.35158501440922,3470,14.836223506743737,1557,19.59390426057648,14.836223506743737,2421
Pitcher,Daniel Nunez,sa3023597,805982,2026,A+,A,4,2,A | A+,78.0,22.0,True,True,0.017295408061109543,0.15419667831569644,26.961770623742456,3976,12.146341463414634,2050,19.554056043578544,12.146341463414634,2422
Pitcher,Chance Huff,sa3020317,680770,2026,AA,AA,5,2,A+ | AA,37.333333333333336,26.0,True,True,0.037051106578267344,0.12889228293418792,11.613832853025936,3470,27.488760436737316,1557,19.551296644881624,11.613832853025936,2423
Pitcher,Tanner Gordon,27669,685299,2026,AAA,AAA,6,4,A | A+ | AA | AAA,20.333333333333332,27.999999999999996,True,False,0.048528169172037956,0.5453243074736929,26.48440837249039,2341,12.543554006968641,861,19.513981189729513,12.543554006968641,2424
Pitcher,Logan Martin,sa3023213,814803,2026,AA,AA,5,3,A | A+ | AA,49.0,24.0,True,True,0.02838588178385968,0.27499292170430917,29.04899135446686,3470,9.890815671162493,1557,19.469903512814675,9.890815671162493,2425
Pitcher,Jake Garland,sa3020077,687195,2026,AAA,AAA,6,4,A | A+ | AA | AAA,32.0,25.0,True,True,0.05084730063716285,0.5217611925444443,24.476719350704826,2341,14.285714285714286,861,19.381216818209555,14.285714285714286,2426
Pitcher,Ricky Castro,sa3023681,690462,2026,AAA,AAA,6,4,A | A+ | AA | AAA,52.333333333333336,26.0,True,True,0.055323686972144154,0.4363115509398851,18.966253737718922,2341,19.628339140534262,861,19.29729643912659,18.966253737718922,2427
Pitcher,Tyler Uberstine,29961,700413,2026,AAA,AAA,6,4,A | A+ | AA | AAA,44.666666666666664,27.0,True,True,0.0461797770573831,0.5704205310610153,28.705681332763778,2341,9.872241579558652,861,19.288961456161214,9.872241579558652,2428
Pitcher,Ben Vespi,sa3066731,694978,2026,A+,A+,4,2,A | A+,26.666666666666668,25.0,True,False,0.020368270222121728,0.11572805918578546,17.932595573440643,3976,20.4390243902439,2050,19.185809981842272,17.932595573440643,2429
Pitcher,Ricardo Yan,sa3016056,700282,2026,A+,A,4,4,International Rookie | Complex | A | A+,70.66666666666667,22.0,True,True,0.01284409040788982,0.17327503211063278,32.469818913480886,3976,5.7560975609756095,2050,19.11295823722825,5.7560975609756095,2430
Pitcher,Johnathan Harmon,sa3020452,801333,2026,AA,AA,5,3,A | A+ | AA,106.66666666666667,25.0,True,True,0.033071773551358874,0.1909562207340316,19.2507204610951,3470,18.946692357096982,1557,19.09870640909604,18.946692357096982,2431
Pitcher,Hunter Bigge,26259,685801,2026,AAA,AAA,6,3,A+ | AA | AAA,29.333333333333332,28.0,True,False,0.04541869631750133,0.5664110493597738,28.620247757368645,2341,9.523809523809524,861,19.072028640589085,9.523809523809524,2432
Pitcher,Luis Ramirez,sa3018353,802092,2026,A,A,3,2,International Rookie | A,30.0,24.0,True,True,0.016715998850236457,0.09528845960815674,17.265680056377732,4257,20.87726697595951,2371,19.071473516168624,17.265680056377732,2433
Pitcher,Jose Menes,sa3068515,832494,2026,International Rookie,International Rookie,1,1,International Rookie,48.666666666666664,21.999999999999996,True,True,0.006158160666871351,0.019545933943734523,7.584014532243415,2202,30.42091836734694,1568,19.00246644979518,7.584014532243415,2434
Pitcher,Luke Johnson,sa3034784,810022,2026,A,A,3,2,Complex | A,72.33333333333333,24.0,True,True,0.012480690998621261,0.1256047115665151,26.967347897580456,4257,11.008013496415014,2371,18.987680696997735,11.008013496415014,2435
Pitcher,Garrett Stallings,27485,668831,2026,AAA,AAA,6,3,A+ | AA | AAA,81.0,28.0,True,True,0.05063357568597485,0.5119458526723073,23.793250747543784,2341,14.169570267131244,861,18.981410507337515,14.169570267131244,2436
Pitcher,Mikey Tepper,sa3023065,694366,2026,A+,A+,4,2,A | A+,46.333333333333336,24.0,True,True,0.021314611478367287,0.10277886658111078,15.090543259557345,3976,22.78048780487805,2050,18.935515532217696,15.090543259557345,2437
Pitcher,Helcris Olivarez,sa3002965,672487,2026,AAA,AAA,6,4,International Rookie | A+ | AA | AAA,31.666666666666668,25.0,True,True,0.06125353829482783,0.31234089081247135,11.319948739854762,2341,26.480836236933797,861,18.90039248839428,11.319948739854762,2438
Pitcher,Jake Brink,sa3027698,834673,2026,A,A,3,1,A,56.666666666666664,23.0,True,True,0.0187323120121197,0.07595396894339627,10.946676062955133,4257,26.781948544917757,2371,18.864312303936444,10.946676062955133,2439
Pitcher,Zack Lee,sa3023124,687033,2026,A+,A+,4,2,A | A+,60.666666666666664,25.0,True,True,0.016267458758513587,0.1555209051586026,27.263581488933603,3976,10.439024390243903,2050,18.851302939588752,10.439024390243903,2440
Pitcher,Yehizon Sanchez,sa3011574,691315,2026,A+,A+,4,4,International Rookie | Complex | A | A+,57.0,25.0,True,True,0.01347765572383336,0.16865767613886423,31.287726358148895,3976,6.341463414634147,2050,18.81459488639152,6.341463414634147,2441
Pitcher,Jarret Whorff,sa3020905,806337,2026,AAA,A+,6,4,A | A+ | AA | AAA,45.333333333333336,26.0,True,True,0.05115949026959247,0.4973577019568125,22.725331055104657,2341,14.750290360046458,861,18.73781070757556,14.750290360046458,2442
Pitcher,Dylan Howard,sa3034164,703440,2026,A+,A+,4,2,A | A+,98.0,23.0,True,True,0.018227912827075556,0.1381498525580278,22.93762575452716,3976,14.487804878048781,2050,18.71271531628797,14.487804878048781,2443
Pitcher,Micah Dallas,sa3020391,690921,2026,AA,AA,5,2,A | AA,53.333333333333336,26.0,True,True,0.032275137761936044,0.19800299102602284,20.144092219020173,3470,17.276814386640975,1557,18.710453302830572,17.276814386640975,2444
Pitcher,Steven Zobac,sa3020875,686632,2026,AA,AA,5,3,A | A+ | AA,39.666666666666664,25.0,True,True,0.03537172242895978,0.14027840566561608,12.939481268011527,3470,24.470134874759154,1557,18.70480807138534,12.939481268011527,2445
Pitcher,Pedro Rodriguez,sa3015962,692646,2026,A,A,3,2,International Rookie | A,29.333333333333332,23.0,True,False,0.016293266074620578,0.09586564008654877,17.524077989194268,4257,19.822859552931252,2371,18.67346877106276,17.524077989194268,2446
Pitcher,Luis Avila,sa3021805,809701,2026,A,A,3,2,International Rookie | A,25.666666666666668,23.0,True,False,0.016293266074620578,0.09586564008654877,17.524077989194268,4257,19.822859552931252,2371,18.67346877106276,17.524077989194268,2446
Pitcher,Christian Becerra,sa3025606,800875,2026,A+,A+,4,2,A | A+,48.0,23.0,True,True,0.01679795249721578,0.14965900379230776,25.880281690140844,3976,11.414634146341463,2050,18.64745791824115,11.414634146341463,2448
Pitcher,Jonathan Heasley,22224,669169,2026,AAA,AAA,6,3,A | AA | AAA,27.666666666666668,29.0,True,False,0.05115810029122013,0.4954647219255624,22.469030328919267,2341,14.750290360046458,861,18.60966034448286,14.750290360046458,2449
Pitcher,Jack Dallas,sa3020490,806585,2026,AA,AA,5,3,A | A+ | AA,63.0,27.0,True,True,0.03406763222636228,0.16592903329407513,16.023054755043226,3470,21.19460500963391,1557,18.60882988233857,16.023054755043226,2450
Pitcher,Jack Young,sa3045743,808865,2026,A+,A+,4,2,A | A+,50.333333333333336,24.0,True,True,0.019414068524291943,0.12238911496654514,19.466800804828974,3976,17.5609756097561,2050,18.51388820729254,17.5609756097561,2451
Pitcher,Yeuris Jimenez,sa3006386,678883,2026,A+,A+,4,4,International Rookie | Complex | A | A+,52.333333333333336,25.0,True,True,0.013528253990835596,0.16680229704891533,30.658953722334005,3976,6.341463414634147,2050,18.500208568484076,6.341463414634147,2452
Pitcher,Travis Sthele,sa3022941,691017,2026,A+,A,4,2,A | A+,138.66666666666666,23.0,True,True,0.01635117193033874,0.15224972126283157,26.383299798792756,3976,10.585365853658537,2050,18.484332826225646,10.585365853658537,2453
Pitcher,Orlando Suarez,sa3023863,823861,2026,Complex,Complex,2,2,International Rookie | Complex,38.333333333333336,19.0,True,True,0.00445201328074806,0.06395490420329072,16.863517060367453,1524,20.076481835564053,1046,18.469999447965755,16.863517060367453,2454
Pitcher,Guillermo Romero,sa3068857,835625,2026,International Rookie,International Rookie,1,1,International Rookie,32.666666666666664,21.0,True,True,0.005885050360638062,0.03904479781762558,28.24704813805631,2202,8.673469387755102,1568,18.460258762905706,8.673469387755102,2455
Pitcher,Brenan Hanifee,22304,669724,2026,AAA,AAA,6,4,A | A+ | AA | AAA,34.666666666666664,28.0,True,True,0.04664164789273287,0.5445426703440166,26.39897479709526,2341,10.452961672473867,861,18.425968234784563,10.452961672473867,2456
Pitcher,Gus Hughes,sa3034262,694964,2026,A,A,3,1,A,49.0,24.0,True,True,0.015220995939625767,0.10384670514889903,19.849659384543106,4257,16.91269506537326,2371,18.381177224958183,16.91269506537326,2457
Pitcher,Misael Tamarez,sa3009632,685377,2026,AAA,AAA,6,5,International Rookie | A | A+ | AA | AAA,48.333333333333336,26.0,True,True,0.05129642302283569,0.48553848258623017,21.657411362665528,2341,15.098722415795587,861,18.378066889230556,15.098722415795587,2458
Pitcher,Teofilo Mendez,sa3008795,682754,2026,A,A,3,3,International Rookie | Complex | A,50.0,24.0,True,True,0.013400766797104016,0.11639655759584892,24.218933521259103,4257,12.526360185575706,2371,18.372646853417404,12.526360185575706,2459
Pitcher,Leomar Rosario,sa3019127,703855,2026,A,A,3,2,International Rookie | A,48.0,23.0,True,True,0.017856110685092477,0.08265794402582566,12.849424477331453,4257,23.871784057359765,2371,18.360604267345607,12.849424477331453,2460
Pitcher,Seth Johnson,26020,686751,2026,AAA,AAA,6,4,A | A+ | AA | AAA,29.0,27.0,True,False,0.049343239766759674,0.5112496123013726,23.707817172148655,2341,13.008130081300813,861,18.357973626724736,13.008130081300813,2461
Pitcher,Tyler Samaniego,30081,701719,2026,AAA,AAA,6,2,AA | AAA,35.666666666666664,27.0,True,True,0.05248982440851392,0.4533659132735466,20.11960700555318,2341,16.492450638792103,861,18.306028822172642,16.492450638792103,2462
Pitcher,Jhony Brito,25386,666745,2026,AAA,AAA,6,5,International Rookie | A | A+ | AA | AAA,42.333333333333336,28.000000000000004,True,True,0.04154402342586969,0.5786408424157352,29.688167449807775,2341,6.852497096399535,861,18.270332273103655,6.852497096399535,2463
Pitcher,Daniel Wright,sa3045608,812372,2026,A,A,3,1,A,40.333333333333336,24.0,True,True,0.014942416983246297,0.10610620177909615,20.671834625322997,4257,15.858287642345003,2371,18.265061133834,15.858287642345003,2464
Pitcher,Kiefer Lord,sa3023135,811296,2026,A,A,3,1,A,20.333333333333332,24.0,True,False,0.01827464233089978,0.07605453760455849,10.946676062955133,4257,25.516659637283848,2371,18.23166785011949,10.946676062955133,2465
Pitcher,Jacob Roberts,sa3076041,807480,2026,A,A,3,1,A,22.333333333333332,24.0,True,False,0.01827464233089978,0.07605453760455849,10.946676062955133,4257,25.516659637283848,2371,18.23166785011949,10.946676062955133,2465
Pitcher,Zach McCambley,27666,685112,2026,AAA,AAA,6,3,A+ | AA | AAA,60.66666666666667,26.999999999999996,True,True,0.047509428855272144,0.5276573338045358,25.032037590773175,2341,11.265969802555169,861,18.149003696664174,11.265969802555169,2467
Pitcher,Randy Dobnak,23798,677976,2026,AAA,AAA,6,4,A | A+ | AA | AAA,80.66666666666667,30.999999999999996,True,True,0.054157847250102524,0.4180914734721049,17.898334045279796,2341,18.35075493612079,861,18.124544490700295,17.898334045279796,2468
Pitcher,Logan Berrier,sa3067508,828603,2026,A+,A+,4,2,A | A+,54.666666666666664,25.0,True,True,0.01931920753789212,0.120316798222451,18.86317907444668,3976,17.365853658536587,2050,18.114516366491635,17.365853658536587,2469
Pitcher,Hunter Stanley,sa3018148,701533,2026,AAA,AA,6,2,AA | AAA,28.666666666666668,26.0,True,False,0.049794559085141105,0.5009318817540671,22.85348141819735,2341,13.356562137049941,861,18.105021777623648,13.356562137049941,2470
Pitcher,Jackson Wolf,29832,680232,2026,AAA,AAA,6,3,A+ | AA | AAA,117.0,27.0,True,True,0.05049858749240938,0.4928748597187913,22.127296027338744,2341,14.053426248548199,861,18.09036113794347,14.053426248548199,2471
Pitcher,Tommy McCollum,sa3017204,695294,2026,AA,AA,5,3,A | A+ | AA,48.666666666666664,27.0,True,True,0.036539002942155355,0.10979119355018573,9.423631123919309,3470,26.653821451509312,1557,18.03872628771431,9.423631123919309,2472
Pitcher,Franderly Morel,sa3020980,806918,2026,Complex,Complex,2,2,International Rookie | Complex,28.666666666666668,22.0,True,False,0.003476000311615976,0.07043189781327105,21.062992125984252,1524,15.009560229445507,1046,18.03627617771488,15.009560229445507,2473
Pitcher,Jervis Alfaro,sa3022113,807697,2026,A+,A+,4,4,International Rookie | Complex | A | A+,34.0,22.0,True,True,0.011385865472949322,0.17140751280072966,31.966800804828974,3976,4.097560975609756,2050,18.032180890219365,4.097560975609756,2474
Pitcher,Manuel Gomez,sa3069122,836396,2026,International Rookie,International Rookie,1,1,International Rookie,30.0,22.0,True,True,0.00608872595311048,0.0244660330198792,12.443233424159855,2202,23.40561224489796,1568,17.924422834528908,12.443233424159855,2475
Pitcher,Berny Ortiz,sa3067578,829397,2026,Complex,Complex,2,2,International Rookie | Complex,30.0,20.0,True,True,0.004642747726642767,0.05845844712406406,14.304461942257218,1524,21.510516252390058,1046,17.907489097323637,14.304461942257218,2476
Pitcher,R.J. Gordon,sa3032485,822161,2026,AA,AA,5,2,A+ | AA,89.66666666666667,24.0,True,True,0.028305499740788533,0.2466940075694777,25.99423631123919,3470,9.698137443802183,1557,17.846186877520687,9.698137443802183,2477
Pitcher,Jose Guevara,sa3023823,816397,2026,Complex,Complex,2,2,International Rookie | Complex,32.0,21.0,True,True,0.0021399159463051597,0.08047837945427332,27.821522309711288,1524,7.839388145315487,1046,17.830455227513387,7.839388145315487,2478
Pitcher,Geoff Hartlieb,19558,664129,2026,AAA,AAA,6,4,A | A+ | AA | AAA,48.333333333333336,32.0,True,True,0.04022739423832897,0.5888931682866508,30.15805211448099,2341,5.342624854819976,861,17.750338484650484,5.342624854819976,2479
Pitcher,Pablo Aldonis,sa3018289,692454,2026,A+,A+,4,3,Complex | A | A+,27.333333333333332,24.0,True,False,0.016702699544131495,0.14373718186881762,24.37122736418511,3976,11.121951219512194,2050,17.74658929184865,11.121951219512194,2480
Pitcher,Jesus Lopez,sa3021529,808362,2026,International Rookie,International Rookie,1,1,International Rookie,40.0,21.0,True,True,0.006152090654693657,0.01698187272332171,5.722070844686648,2202,29.65561224489796,1568,17.688841544792304,5.722070844686648,2481
Pitcher,Dominic Niman,sa3038884,823116,2026,A+,A+,4,2,A | A+,85.66666666666667,25.000000000000004,True,True,0.01836496202263726,0.12583653209560025,20.372233400402415,3976,14.975609756097562,2050,17.67392157824999,14.975609756097562,2482
Pitcher,Holden Powell,sa3014854,676026,2026,AAA,AA,6,3,A+ | AA | AAA,35.666666666666664,25.0,True,True,0.05252139822098001,0.4341493183753458,18.83810337462623,2341,16.492450638792103,861,17.665277006709168,16.492450638792103,2483
Pitcher,Mason Vinyard,sa3020753,804912,2026,AAA,AAA,6,4,A | A+ | AA | AAA,27.0,27.0,True,False,0.046470014216409145,0.529995588235161,25.202904741563433,2341,10.104529616724738,861,17.653717179144085,10.104529616724738,2484
Pitcher,Mitch Mueller,sa3067317,823671,2026,A+,A+,4,2,A | A+,20.333333333333332,24.0,True,False,0.019544827654263436,0.1127970003050716,17.253521126760564,3976,18.048780487804876,2050,17.65115080728272,17.253521126760564,2485
Pitcher,Dalton Neuschwander,sa3069383,834985,2026,A,A,3,1,A,85.0,24.0,True,True,0.016607055138864405,0.0878971425111309,14.658210007047217,4257,20.62420919443273,2371,17.641209600739973,14.658210007047217,2486
Pitcher,Charlie McDaniel,sa3067132,826052,2026,AA,AA,5,3,A | A+ | AA,80.66666666666667,24.0,True,True,0.029684667435298216,0.22127064819470246,22.881844380403457,3470,12.3956326268465,1557,17.638738503624978,12.3956326268465,2487
Pitcher,Sam Rochard,sa3068686,835380,2026,A+,A+,4,1,A+,34.0,25.0,True,True,0.01959594110792925,0.11091514429690491,16.87625754527163,3976,18.146341463414632,2050,17.511299504343132,16.87625754527163,2488
Pitcher,Joan Ogando,sa3022325,808010,2026,A+,A+,4,3,Complex | A | A+,37.0,22.0,True,True,0.01677716104089686,0.14073577480445243,23.616700201207244,3976,11.317073170731707,2050,17.466886685969477,11.317073170731707,2489
Pitcher,Gilberto Lopez,sa3024782,821595,2026,Complex,Complex,2,2,International Rookie | Complex,24.0,22.0,True,False,0.0034743750744268605,0.06901881852733312,19.881889763779526,1524,15.009560229445507,1046,17.445724996612515,15.009560229445507,2490
Pitcher,Kenyon Yovan,sa3016839,668719,2026,AAA,AA,6,2,AA | AAA,39.0,27.0,True,True,0.050556813709175905,0.46266177086414506,20.67492524562153,2341,14.169570267131244,861,17.422247756376386,14.169570267131244,2491
Pitcher,Joel Hurtado,sa3019774,805871,2026,AAA,AAA,6,4,A | A+ | AA | AAA,30.666666666666668,25.0,True,True,0.052313584483531406,0.4293482784464401,18.58180264844084,2341,16.260162601626018,861,17.420982625033428,16.260162601626018,2492
Pitcher,Austin Emener,sa3022799,815305,2026,A+,A+,4,2,A | A+,39.666666666666664,24.0,True,True,0.020131456044256677,0.10345340951816104,15.216297786720322,3976,19.609756097560975,2050,17.413026942140647,15.216297786720322,2493
Pitcher,Beau Brieske,26079,689225,2026,AAA,AAA,6,3,A+ | AA | AAA,30.0,28.0,True,True,0.05400459464686933,0.39815982143216166,16.574113626655276,2341,18.234610917537747,861,17.404362272096513,16.574113626655276,2494
Pitcher,Javier Bartolozzi,sa3021568,812745,2026,A,A,3,3,International Rookie | Complex | A,49.0,21.0,True,True,0.01280663702447859,0.112153215827336,23.091378905332395,4257,11.59848165331084,2371,17.344930279321616,11.59848165331084,2495
Pitcher,Sam Bower,sa3027483,804984,2026,A,A,3,1,A,48.666666666666664,24.999999999999996,True,True,0.01575380840194294,0.09232824090416698,16.23208832511158,4257,18.43104175453395,2371,17.331565039822763,16.23208832511158,2496
Pitcher,Ethan Lanthier,sa3025614,822490,2026,A,A,3,1,A,32.666666666666664,23.0,True,True,0.017459453937828866,0.07851509508818205,11.533944092083628,4257,22.943905525094898,2371,17.238924808589264,11.533944092083628,2497
Pitcher,Julian Garcia,22362,670062,2026,AAA,AAA,6,4,A | A+ | AA | AAA,35.666666666666664,30.999999999999996,True,True,0.04605653576587055,0.5226955153316519,24.476719350704826,2341,9.75609756097561,861,17.11640845584022,9.75609756097561,2498
Pitcher,Halton Hardy,sa3077565,842446,2026,Complex,Complex,2,1,Complex,29.333333333333332,24.0,True,False,0.00377669616779609,0.06542956802972756,17.322834645669293,1524,16.826003824091778,1046,17.074419234880537,16.826003824091778,2499
Pitcher,Jake Covey,sa3077360,675356,2026,Complex,Complex,2,1,Complex,25.666666666666668,24.0,True,False,0.00377669616779609,0.06542956802972756,17.322834645669293,1524,16.826003824091778,1046,17.074419234880537,16.826003824091778,2499
Pitcher,Bryson Van Sickle,sa3068737,809819,2026,A,A,3,1,A,72.33333333333333,25.0,True,True,0.016467892562648096,0.0854523427732941,13.765562602771904,4257,20.328975115984818,2371,17.047268859378363,13.765562602771904,2501
Pitcher,Michael Mercado,23223,675650,2026,AAA,AAA,6,4,Complex | A+ | AA | AAA,50.333333333333336,27.0,True,True,0.04976663152192134,0.4639866553705299,20.717642033319095,2341,13.356562137049941,861,17.037102085184518,13.356562137049941,2502
Pitcher,Joel Cruz,sa3023819,816144,2026,Complex,Complex,2,2,International Rookie | Complex,39.0,22.0,True,True,0.003820571933468535,0.06406141768530858,16.929133858267715,1524,17.11281070745698,1046,17.020972282862346,16.929133858267715,2503
Pitcher,Aneudis Mejia,sa3019960,805874,2026,A,A,3,2,Complex | A,40.333333333333336,22.0,True,True,0.016279192697314274,0.0864191443262265,14.188395583744422,4257,19.73850695908899,2371,16.963451271416705,14.188395583744422,2504
Pitcher,Edwin Marte,sa3067635,835012,2026,Complex,Complex,2,2,International Rookie | Complex,31.0,19.0,True,True,0.002233527011256597,0.07645985410860558,25.393700787401574,1524,8.413001912045889,1046,16.90335134972373,8.413001912045889,2505
Pitcher,Jacob Edwards,sa3020491,806652,2026,A+,A+,4,2,A | A+,59.0,25.0,True,True,0.018024456833614564,0.12299329092689867,19.617706237424546,3976,14.146341463414634,2050,16.88202385041959,14.146341463414634,2506
Pitcher,Jose Atencio,sa3010304,682719,2026,A+,A+,4,4,International Rookie | Complex | A | A+,49.666666666666664,24.0,True,True,0.013616722250273432,0.15551249853301954,27.263581488933603,3976,6.487804878048781,2050,16.875693183491194,6.487804878048781,2507
Pitcher,Carson Swilling,sa3067026,691018,2026,A,A,3,1,A,35.666666666666664,24.0,True,True,0.017626743091023366,0.07435901738651825,10.382898754991778,4257,23.323492197385068,2371,16.853195476188425,10.382898754991778,2508
Pitcher,Ty Madden,30140,680744,2026,AAA,AAA,6,3,A+ | AA | AAA,48.333333333333336,26.0,True,True,0.0541931271659969,0.38218769691345444,15.335326783425886,2341,18.35075493612079,861,16.84304085977334,15.335326783425886,2509
Pitcher,Jose Lopez,sa3025068,828372,2026,Complex,Complex,2,2,International Rookie | Complex,27.333333333333332,21.999999999999996,True,False,0.003677027800394754,0.0655301004429009,17.322834645669293,1524,16.347992351816444,1046,16.835413498742867,16.347992351816444,2510
Pitcher,Marco Manzano,sa3024246,821070,2026,Complex,Complex,2,2,International Rookie | Complex,21.0,22.0,True,False,0.003677027800394754,0.06553010044290085,17.322834645669293,1524,16.347992351816444,1046,16.835413498742867,16.347992351816444,2510
Pitcher,John West,sa3045033,802482,2026,A+,A+,4,1,A+,86.66666666666667,24.0,True,True,0.019296537974020242,0.10834663310439206,16.24748490945674,3976,17.365853658536587,2050,16.806669283996662,16.24748490945674,2512
Pitcher,Jonathan Clark,sa3067083,702165,2026,AA,AA,5,2,A | AA,49.333333333333336,26.0,True,True,0.027821224054876553,0.23418645906282148,24.52449567723343,3470,8.99165061014772,1557,16.758073143690574,8.99165061014772,2513
Pitcher,Geovanny Vasquez,sa3023865,823893,2026,Complex,Complex,2,2,International Rookie | Complex,22.333333333333332,22.0,True,False,0.0034636025260683734,0.06765384798177462,18.635170603674542,1524,14.818355640535373,1046,16.726763122104956,14.818355640535373,2514
Pitcher,Reiss Knehr,21541,663753,2026,AAA,AAA,6,3,A+ | AA | AAA,38.0,29.0,True,True,0.042330196207769594,0.5399117466095859,25.971806920119608,2341,7.4332171893147505,861,16.70251205471718,7.4332171893147505,2515
Pitcher,Joel Payamps,14332,606303,2026,AAA,AAA,6,5,International Rookie | A | A+ | AA | AAA,37.666666666666664,32.0,True,True,0.05678410496708834,0.3234213229807867,11.789833404527979,2341,21.60278745644599,861,16.696310430486985,11.789833404527979,2516
Pitcher,Connor Staine,sa3020739,688422,2026,AA,AA,5,3,A | A+ | AA,123.33333333333333,25.0,True,True,0.02833252443364945,0.2279076227519549,23.602305475504323,3470,9.698137443802183,1557,16.650221459653253,9.698137443802183,2517
Pitcher,Justin King,sa3018278,659381,2026,AAA,AAA,6,3,A+ | AA | AAA,34.333333333333336,28.0,True,True,0.05434138459688939,0.3739120943383258,14.822725331055105,2341,18.466898954703833,861,16.64481214287947,14.822725331055105,2518
Pitcher,Manuel Marchan,sa3024869,820963,2026,International Rookie,International Rookie,1,1,International Rookie,37.666666666666664,19.0,True,True,0.0058837026004352625,0.035692440604511225,24.568574023614897,2202,8.673469387755102,1568,16.621021705685,8.673469387755102,2519
Pitcher,Dylan Coleman,22276,669395,2026,AAA,AAA,6,2,AA | AAA,21.0,29.0,True,False,0.048996565450474226,0.4550888583348155,20.205040580948314,2341,13.008130081300813,861,16.606585331124563,13.008130081300813,2520
Pitcher,Bryce Hubbart,sa3020323,687114,2026,AA,AA,5,3,A | A+ | AA,34.333333333333336,25.0,True,True,0.023080510828107286,0.28270522712127777,30.0,3470,3.147077713551702,1557,16.57353885677585,3.147077713551702,2521
Pitcher,Andrew Magno,sa3010824,687841,2026,AAA,AAA,6,4,A | A+ | AA | AAA,50.0,28.0,True,True,0.05265894624772176,0.39591169703141804,16.403246475865014,2341,16.72473867595819,861,16.563992575911602,16.403246475865014,2522
Pitcher,Baron Stuart,sa3020888,685067,2026,AA,A+,5,3,A | A+ | AA,45.0,25.0,True,True,0.029817605060092758,0.20148861489414213,20.461095100864554,3470,12.652536929993577,1557,16.556816015429064,12.652536929993577,2523
Pitcher,Michael Grove,23221,675627,2026,AAA,AAA,6,3,A+ | AA | AAA,33.0,29.0,True,True,0.046116213266985076,0.5065225670696442,23.195215719777874,2341,9.872241579558652,861,16.533728649668262,9.872241579558652,2524
Pitcher,Luke Taggart,sa3017932,689450,2026,AAA,AAA,6,3,A+ | AA | AAA,22.666666666666668,28.000000000000004,True,False,0.048329695737896895,0.4647662457017771,20.717642033319095,2341,12.195121951219512,861,16.456381992269304,12.195121951219512,2525
Pitcher,Sawyer Gipson-Long,26048,687830,2026,AAA,AAA,6,4,A | A+ | AA | AAA,98.66666666666667,28.0,True,True,0.051931692754377534,0.4069061512899299,17.086715079026057,2341,15.679442508710801,861,16.383078793868428,15.679442508710801,2526
Pitcher,Michael Fulmer,13218,605242,2026,AAA,AAA,6,4,A | A+ | AA | AAA,42.333333333333336,33.0,True,True,0.047868724810345646,0.4670547165127662,20.76035882101666,2341,11.846689895470384,861,16.30352435824352,11.846689895470384,2527
Pitcher,Nate Wohlgemuth,sa3068675,691028,2026,A+,A+,4,1,A+,21.333333333333332,24.999999999999996,True,False,0.019185142084491916,0.1041852299938609,15.29175050301811,3976,17.21951219512195,2050,16.25563134907003,15.29175050301811,2528
Pitcher,Ben DeTaeye,sa3077642,808878,2026,A+,A+,4,1,A+,27.0,25.0,True,False,0.019185142084491895,0.10418522999386076,15.29175050301811,3976,17.21951219512195,2050,16.25563134907003,15.29175050301811,2528
Pitcher,Joey Danielson,sa3025479,828506,2026,A+,A+,4,1,A+,21.666666666666668,25.000000000000004,True,False,0.01918514208449188,0.10418522999386051,15.29175050301811,3976,17.21951219512195,2050,16.25563134907003,15.29175050301811,2528
Pitcher,Ryan Cabarcas,sa3067309,686572,2026,A+,A+,4,1,A+,22.0,25.0,True,False,0.019185142084491895,0.10418522999386076,15.29175050301811,3976,17.21951219512195,2050,16.25563134907003,15.29175050301811,2528
Pitcher,Izack Tiger,sa3022875,806094,2026,A+,A+,4,1,A+,20.666666666666668,25.000000000000004,True,False,0.01918514208449188,0.10418522999386051,15.29175050301811,3976,17.21951219512195,2050,16.25563134907003,15.29175050301811,2528
Pitcher,Ryan Magdic,sa3036846,678163,2026,AA,AA,5,3,A | A+ | AA,22.0,26.0,True,False,0.027737237872727766,0.2290062679031951,23.688760806916427,3470,8.798972382787412,1557,16.24386659485192,8.798972382787412,2533
Pitcher,Adilson Peralta,sa3018816,800012,2026,A+,A+,4,4,International Rookie | Complex | A | A+,32.0,23.0,True,True,0.009307586955492657,0.16620762342867762,30.45774647887324,3976,2.0,2050,16.22887323943662,2.0,2534
Pitcher,Draven Zeigler,sa3069097,825932,2026,A+,A+,4,1,A+,54.333333333333336,25.0,True,True,0.018061781575393242,0.11708587994392324,18.259557344064387,3976,14.146341463414634,2050,16.20294940373951,14.146341463414634,2535
Pitcher,Will Brian,sa3020621,684608,2026,AA,AA,5,1,AA,27.666666666666668,27.0,True,False,0.03346622309055524,0.13941387186518522,12.853025936599424,3470,19.524727039177908,1557,16.188876487888667,12.853025936599424,2536
Pitcher,Austin Marozas,sa3068884,676540,2026,AA,AA,5,1,AA,25.333333333333332,27.0,True,False,0.03346622309055524,0.13941387186518522,12.853025936599424,3470,19.524727039177908,1557,16.188876487888667,12.853025936599424,2536
Pitcher,Sadrac Franco,sa3005073,677614,2026,AA,AA,5,4,Complex | A | A+ | AA,58.666666666666664,26.0,True,True,0.031919650956021776,0.16047724373532032,15.27377521613833,3470,16.95568400770713,1557,16.11472961192273,15.27377521613833,2538
Pitcher,Adam Boucher,sa3023128,694780,2026,A+,A+,4,2,A | A+,33.666666666666664,24.0,True,True,0.02286103943263703,0.057481910337947285,5.130784708249497,3976,27.073170731707318,2050,16.101977719978407,5.130784708249497,2539
Pitcher,Jonathan Hernandez,17464,642546,2026,AAA,AAA,6,6,International Rookie | Complex | A | A+ | AA | AAA,27.333333333333336,29.0,True,False,0.03399103092338153,0.5911785533353632,30.328919265271253,2341,1.8583042973286876,861,16.09361178129997,1.8583042973286876,2540
Pitcher,Shane Murphy,sa3020389,690294,2026,AAA,AAA,6,4,A | A+ | AA | AAA,81.0,25.0,True,True,0.050553240633795744,0.4197870099408582,17.983767620674925,2341,14.169570267131244,861,16.076668943903083,14.169570267131244,2541
Pitcher,Bryce Osmond,sa3020800,683098,2026,AA,AA,5,2,A+ | AA,62.0,25.0,True,True,0.033831793368468234,0.12786026505434273,11.498559077809798,3470,20.616570327552985,1557,16.05756470268139,11.498559077809798,2542
Pitcher,Trey McLoughlin,sa3017277,694381,2026,AA,AA,5,2,A | AA,27.0,27.0,True,False,0.03155651510556624,0.16538528262705537,15.936599423631124,3470,16.120745022479127,1557,16.028672223055125,15.936599423631124,2543
Pitcher,Cesar Lares,sa3019384,800544,2026,A+,A+,4,4,International Rookie | Complex | A | A+,37.666666666666664,22.0,True,True,0.014165909520475887,0.14519293345707188,24.673038229376257,3976,7.317073170731708,2050,15.995055700053982,7.317073170731708,2544
Pitcher,Matt Pushard,31870,690155,2026,AAA,AAA,6,3,A+ | AA | AAA,49.0,28.0,True,True,0.05112635897324727,0.4072752527059948,17.086715079026057,2341,14.750290360046458,861,15.918502719536257,14.750290360046458,2545
Pitcher,Calvin Schapira,sa3067024,681064,2026,A+,A+,4,1,A+,44.333333333333336,26.0,True,True,0.01833059303102282,0.11166840324901123,17.0523138832998,3976,14.731707317073171,2050,15.892010600186484,14.731707317073171,2546
Pitcher,Austin Love,sa3017609,676153,2026,AA,AA,5,2,A+ | AA,25.333333333333332,27.0,True,False,0.033189295886855985,0.13791642765978218,12.76657060518732,3470,19.010918432883752,1557,15.888744519035537,12.76657060518732,2547
Pitcher,Connor Oliver,sa3023200,700179,2026,A+,A+,4,2,A | A+,43.666666666666664,24.999999999999996,True,True,0.016690038407373528,0.12734828759367037,20.598591549295776,3976,11.121951219512194,2050,15.860271384403985,11.121951219512194,2548
Pitcher,Eduardo Salazar,23135,674285,2026,AAA,AAA,6,5,International Rookie | A | A+ | AA | AAA,22.0,28.0,True,False,0.043155683418110144,0.5161549539545873,24.134985049124307,2341,7.549361207897793,861,15.84217312851105,7.549361207897793,2549
Pitcher,Ramon Sanchez,sa3019132,800013,2026,A,A,3,1,A,26.0,24.0,True,False,0.01738934708684058,0.06973733307583772,9.020436927413671,4257,22.648671446646983,2371,15.834554187030328,9.020436927413671,2550
Pitcher,Mitch Mueller,sa3067317,823671,2026,A,A,3,1,A,20.0,24.0,True,False,0.01738934708684058,0.06973733307583772,9.020436927413671,4257,22.648671446646983,2371,15.834554187030328,9.020436927413671,2550
Pitcher,Gabe Craig,sa3029515,700582,2026,A,A,3,1,A,22.0,24.0,True,False,0.01738934708684058,0.06973733307583772,9.020436927413671,4257,22.648671446646983,2371,15.834554187030328,9.020436927413671,2550
Pitcher,Aubrey Smith,sa3042482,703502,2026,A,A,3,1,A,90.0,22.0,True,True,0.01566800015566475,0.08375430438472903,13.29574817946911,4257,18.17798397300717,2371,15.73686607623814,13.29574817946911,2553
Pitcher,Jack Ralston,26104,667652,2026,AAA,AAA,6,3,A+ | AA | AAA,59.666666666666664,28.0,True,True,0.04537691932964541,0.4906101595034415,22.041862451943615,2341,9.40766550522648,861,15.724763978585049,9.40766550522648,2554
Pitcher,Jefferson Encarnacion,sa3068145,831575,2026,International Rookie,International Rookie,1,1,International Rookie,31.666666666666668,21.0,True,True,0.005965201722896269,0.029210594270929435,17.801998183469575,2202,13.456632653061224,1568,15.6293154182654,13.456632653061224,2555
Pitcher,Jean Brito,sa3025348,808117,2026,Complex,Complex,2,2,International Rookie | Complex,32.0,20.0,True,True,0.0037451615046375447,0.058961211107714,14.63254593175853,1524,16.539196940726576,1046,15.585871436242552,14.63254593175853,2556
Pitcher,Diego Lanzosa,sa3068648,835330,2026,Complex,Complex,2,2,International Rookie | Complex,30.666666666666668,20.0,True,True,0.0019722809116387604,0.07509693886981035,24.409448818897637,1524,6.692160611854685,1046,15.550804715376161,6.692160611854685,2557
Pitcher,Brandon Bielak,19866,656232,2026,AAA,AAA,6,3,A+ | AA | AAA,24.666666666666668,30.0,True,False,0.04532144846774242,0.48595276972753954,21.657411362665528,2341,9.40766550522648,861,15.532538433946005,9.40766550522648,2558
Pitcher,Indigo Diaz,sa3011726,666301,2026,AA,AA,5,2,A+ | AA,23.666666666666668,27.0,True,False,0.03267592118327348,0.13738721106623758,12.708933717579251,3470,18.304431599229286,1557,15.50668265840427,12.708933717579251,2559
Pitcher,Yolvin Mesa,sa3023690,820883,2026,International Rookie,International Rookie,1,1,International Rookie,30.0,20.0,True,True,0.005747443306735695,0.036958869766505906,26.067211625794734,2202,4.846938775510204,1568,15.457075200652469,4.846938775510204,2560
Pitcher,Harrison Ruiz,sa3022193,806916,2026,Complex,Complex,2,2,International Rookie | Complex,20.333333333333332,22.0,True,False,0.0034748064336649455,0.06132560090543506,15.879265091863518,1524,15.009560229445507,1046,15.444412660654512,15.009560229445507,2561
Pitcher,Ricky Castro,sa3023681,690462,2026,AA,AA,5,3,A | A+ | AA,22.666666666666668,26.0,True,False,0.028007241239822043,0.21183030810275807,21.671469740634006,3470,9.184328837508028,1557,15.427899289071018,9.184328837508028,2562
Pitcher,Luis Rodriguez,sa3021816,812160,2026,A+,A+,4,4,International Rookie | Complex | A | A+,62.0,22.0,True,True,0.011209439871181153,0.15380310931122565,26.81086519114688,3976,4.0,2050,15.40543259557344,4.0,2563
Pitcher,Bayant Melo,sa3022028,808485,2026,International Rookie,International Rookie,1,1,International Rookie,31.666666666666668,21.0,True,True,0.005954926780022241,0.029358399109141925,17.801998183469575,2202,12.946428571428571,1568,15.374213377449074,12.946428571428571,2564
Pitcher,Chen Zhong-Ao Zhuang,sa3018174,800018,2026,AAA,AAA,6,4,A | A+ | AA | AAA,59.666666666666664,25.0,True,True,0.0555859099945902,0.29433246107226024,10.508329773601025,2341,20.209059233449477,861,15.35869450352525,10.508329773601025,2565
Pitcher,Angel Obando,sa3006637,679752,2026,AA,AA,5,3,International Rookie | A | AA,29.0,27.0,True,False,0.025162013131437476,0.24243413615261547,25.446685878962537,3470,5.266538214515093,1557,15.356612046738816,5.266538214515093,2566
Pitcher,Mason Green,sa3017717,679057,2026,AAA,AAA,6,4,A | A+ | AA | AAA,79.66666666666667,27.0,True,True,0.046377818302527546,0.4650556883520927,20.717642033319095,2341,9.988385598141695,861,15.353013815730396,9.988385598141695,2567
Pitcher,Marlon Franco,sa3016242,693812,2026,Complex,Complex,2,2,International Rookie | Complex,39.0,23.0,True,True,0.0035953012378685404,0.05965941657560277,14.960629921259843,1524,15.678776290630974,1046,15.319703105945408,14.960629921259843,2568
Pitcher,Harrison Cohen,sa3020811,694660,2026,AAA,AAA,6,3,A+ | AA | AAA,20.333333333333332,27.0,True,False,0.04537224897200059,0.47394325018500727,21.230243485689876,2341,9.40766550522648,861,15.318954495458179,9.40766550522648,2569
Pitcher,Wandisson Charles,sa874818,664301,2026,AAA,AA,6,6,International Rookie | Complex | A | A+ | AA | AAA,25.666666666666668,27.0,True,False,0.04253055096730222,0.5062967985492659,23.195215719777874,2341,7.4332171893147505,861,15.314216454546312,7.4332171893147505,2570
Pitcher,John Rooney,24590,680701,2026,AAA,AAA,6,4,A | A+ | AA | AAA,23.333333333333332,29.0,True,False,0.04375910020848284,0.4974703351520277,22.725331055104657,2341,7.897793263646922,861,15.31156215937579,7.897793263646922,2571
Pitcher,Zane Taylor,sa3043592,823990,2026,A+,A+,4,1,A+,81.0,24.0,True,True,0.015236663256417607,0.1330261062456422,21.730382293762574,3976,8.878048780487806,2050,15.30421553712519,8.878048780487806,2572
Pitcher,Samuel Dutton,sa3030705,695542,2026,A+,A+,4,1,A+,122.33333333333333,23.0,True,True,0.016002027439008422,0.12564437066307493,20.321931589537222,3976,10.24390243902439,2050,15.282917014280805,10.24390243902439,2573
Pitcher,Brayan Narvaez,sa3022133,808352,2026,Complex,Complex,2,2,International Rookie | Complex,38.666666666666664,21.0,True,True,0.0029840207817510337,0.06828685292456697,19.16010498687664,1524,11.376673040152964,1046,15.268389013514803,11.376673040152964,2574
Pitcher,Charlie Barnes,19865,656212,2026,AAA,AAA,6,4,A | A+ | AA | AAA,73.66666666666667,29.999999999999996,True,True,0.04500229370512789,0.47095067705037735,21.059376334899614,2341,9.40766550522648,861,15.233520920063047,9.40766550522648,2575
Pitcher,Koen Moreno,sa3014509,691103,2026,A+,A+,4,2,A | A+,48.333333333333336,24.0,True,True,0.017182740747551425,0.11820318025750642,18.385311871227366,3976,12.0,2050,15.192655935613683,12.0,2576
Pitcher,Tanner Andrews,24698,681084,2026,AAA,AAA,6,2,A | AAA,44.0,30.0,True,True,0.052729308561053324,0.35047400822866914,13.413071337035454,2341,16.840882694541232,861,15.126977015788343,13.413071337035454,2577
Pitcher,Roman Angelo,sa3022737,809109,2026,AA,AA,5,3,A | A+ | AA,39.666666666666664,26.0,True,True,0.030048012447166855,0.17485662865773693,17.262247838616716,3470,12.973667308927425,1557,15.11795757377207,12.973667308927425,2578
Pitcher,Jose Puello,sa3068470,829131,2026,International Rookie,International Rookie,1,1,International Rookie,39.333333333333336,19.0,True,True,0.006003412840475501,0.026323136062314813,14.259763851044506,2202,15.880102040816327,1568,15.069932945930416,14.259763851044506,2579
Pitcher,Cade Gibson,31815,806188,2026,AAA,AAA,6,4,A | A+ | AA | AAA,21.333333333333332,27.999999999999996,True,False,0.04525298012106849,0.465486978418578,20.717642033319095,2341,9.40766550522648,861,15.062653769272789,9.40766550522648,2580
Pitcher,Raul Trujillo,sa3024458,821105,2026,International Rookie,International Rookie,1,1,International Rookie,32.333333333333336,19.0,True,True,0.005892645141037446,0.032608591359289466,21.344232515894642,2202,8.737244897959183,1568,15.040738706926913,8.737244897959183,2581
Pitcher,Trent Sellers,sa3023454,815587,2026,AA,AA,5,2,A+ | AA,77.33333333333333,26.0,True,True,0.029320739591590327,0.18401545828047153,18.414985590778098,3470,11.624919717405266,1557,15.019952654091682,11.624919717405266,2582
Pitcher,Reese Dutton,sa3025570,700848,2026,A+,A+,4,2,A | A+,82.33333333333333,24.999999999999996,True,True,0.016193778762856815,0.12309655952106752,19.642857142857142,3976,10.341463414634147,2050,14.992160278745644,10.341463414634147,2583
Pitcher,Cristobal Abreu,sa3022169,808515,2026,A,A,3,2,International Rookie | A,30.0,20.0,True,True,0.016666161517372016,0.07060747244142132,9.231853417899929,4257,20.75073808519612,2371,14.991295751548023,9.231853417899929,2584
Pitcher,Julio Rodriguez,sa3007992,680588,2026,AA,AA,5,3,A | A+ | AA,27.666666666666668,26.0,True,False,0.03147174848067337,0.1473137554676813,13.976945244956772,3470,15.928066795118818,1557,14.952506020037795,13.976945244956772,2585
Pitcher,Fabian Ysalla,sa3021020,808674,2026,Complex,Complex,2,2,International Rookie | Complex,36.0,21.0,True,True,0.004661415738505218,0.047736438630253585,8.333333333333334,1524,21.510516252390058,1046,14.921924792861695,8.333333333333334,2586
Pitcher,Alek Jacob,29628,689690,2026,AAA,AAA,6,2,AA | AAA,58.333333333333336,28.0,True,True,0.0539818625746964,0.3166156074089876,11.576249466040153,2341,18.234610917537747,861,14.90543019178895,11.576249466040153,2587
Pitcher,Cooper Adams,sa3023457,822416,2026,AA,AA,5,2,A+ | AA,70.66666666666667,26.0,True,True,0.03086122372294633,0.15993551973192596,15.21613832853026,3470,14.515093127809891,1557,14.865615728170075,14.515093127809891,2588
Pitcher,Jake Eddington,sa3023409,690974,2026,A+,A+,4,2,A | A+,48.666666666666664,24.999999999999996,True,True,0.019704085530199058,0.08775321044544536,11.267605633802816,3976,18.4390243902439,2050,14.853315012023359,11.267605633802816,2589
Pitcher,Ben Bowden,20198,641386,2026,AAA,AAA,6,4,A | A+ | AA | AAA,48.333333333333336,31.0,True,True,0.04896165029386164,0.402396512956582,16.744980777445537,2341,12.89198606271777,861,14.818483420081654,12.89198606271777,2590
Pitcher,Parker Seay,sa3076114,703752,2026,A,A,3,1,A,31.333333333333332,25.0,True,True,0.015017282887649815,0.08455350070973902,13.554146112285647,4257,16.069169126950655,2371,14.81165761961815,13.554146112285647,2591
Pitcher,Blaze Pontes,sa3020486,806281,2026,AA,AA,5,3,A | A+ | AA,30.0,26.0,True,True,0.03297977569063993,0.12218214522820704,10.662824207492795,3470,18.946692357096982,1557,14.804758282294888,10.662824207492795,2592
Pitcher,Alec Gamboa,26227,687941,2026,AAA,AAA,6,4,Complex | A+ | AA | AAA,51.333333333333336,29.0,True,True,0.02746597023673841,0.5679701941097122,28.66296454506621,2341,0.9291521486643438,861,14.796058346865276,0.9291521486643438,2593
Pitcher,Tyler Hampu,sa3033115,812407,2026,A+,A+,4,2,A | A+,43.666666666666664,23.0,True,True,0.019581253629229082,0.08760709059823076,11.267605633802816,3976,18.146341463414632,2050,14.706973548608724,11.267605633802816,2594
Pitcher,Logan Workman,sa3017313,694312,2026,AAA,AAA,6,4,A | A+ | AA | AAA,97.66666666666667,27.0,True,True,0.04777219350353194,0.41401083336766126,17.556599743699273,2341,11.846689895470384,861,14.701644819584828,11.846689895470384,2595
Pitcher,Jarret Whorff,sa3020905,806337,2026,AAA,AA,6,4,A | A+ | AA | AAA,45.333333333333336,26.0,True,True,0.04702489288813017,0.4292535407856448,18.58180264844084,2341,10.56910569105691,861,14.575454169748873,10.56910569105691,2596
Pitcher,Yohn Melendez,sa3076436,828110,2026,International Rookie,International Rookie,1,1,International Rookie,31.666666666666668,20.0,True,True,0.006110705593839008,0.014489333956388725,3.5876475930971843,2202,25.446428571428573,1568,14.517038082262879,3.5876475930971843,2597
Pitcher,Max Gieg,sa3019954,688944,2026,A+,A+,4,2,A | A+,41.0,25.0,True,True,0.021079066129981013,0.06918431656320603,6.866197183098592,3976,22.146341463414632,2050,14.506269323256612,6.866197183098592,2598
Pitcher,Brennan Stuprich,sa3043279,834863,2026,A,A,3,1,A,45.333333333333336,24.0,True,True,0.014963270745344101,0.08285247632804041,12.872915198496594,4257,16.026992830029524,2371,14.44995401426306,12.872915198496594,2599
Pitcher,Gabriel Rodriguez,sa3016784,700421,2026,A,A,3,3,International Rookie | Complex | A,65.66666666666667,22.0,True,True,0.014651744674726498,0.08536845135209069,13.765562602771904,4257,15.056938000843527,2371,14.411250301807716,13.765562602771904,2600
Pitcher,Michael Plassmeyer,23191,674681,2026,AAA,AAA,6,4,A | A+ | AA | AAA,40.333333333333336,29.0,True,True,0.04970717300350001,0.38321930246998526,15.335326783425886,2341,13.356562137049941,861,14.345944460237913,13.356562137049941,2601
Pitcher,Eiker Huizi,sa3007842,678973,2026,A+,A+,4,3,International Rookie | A | A+,54.333333333333336,25.0,True,True,0.011534553044075116,0.14318916560555794,24.32092555331992,3976,4.2926829268292686,2050,14.306804240074595,4.2926829268292686,2602
Pitcher,Austin Love,sa3017609,676153,2026,AAA,AAA,6,3,A+ | AA | AAA,28.0,27.0,True,False,0.04260127507551789,0.4728719557997622,21.144809910294747,2341,7.4332171893147505,861,14.289013549804748,7.4332171893147505,2603
Pitcher,Madinson Frias,sa3024244,821052,2026,A,A,3,3,International Rookie | Complex | A,31.0,21.0,True,True,0.011914771943031472,0.1005380591401105,18.816067653276956,4257,9.742724588781105,2371,14.27939612102903,9.742724588781105,2604
Pitcher,Zak Kent,25703,687849,2026,AAA,AAA,6,3,A+ | AA | AAA,49.666666666666664,28.0,True,True,0.04022316774454304,0.5071376758331387,23.195215719777874,2341,5.342624854819976,861,14.268920287298926,5.342624854819976,2605
Pitcher,Liam Sullivan,sa3022952,807715,2026,A,A,3,2,Complex | A,55.0,24.0,True,True,0.012421893255083093,0.09640751565859805,17.59455015268969,4257,10.839308308730493,2371,14.21692923071009,10.839308308730493,2606
Pitcher,Luis Cohen,sa3019269,800324,2026,A+,A+,4,4,International Rookie | Complex | A | A+,31.666666666666668,23.0,True,True,0.010347039817435913,0.14854653618913893,25.50301810865191,3976,2.8780487804878048,2050,14.190533444569859,2.8780487804878048,2607
Pitcher,Hunter Stratton,23455,676702,2026,AAA,AAA,6,4,A | A+ | AA | AAA,40.333333333333336,29.0,True,True,0.047298316619502505,0.410099894363137,17.214865442118754,2341,11.149825783972126,861,14.18234561304544,11.149825783972126,2608
Pitcher,Sammy Zarraga,sa3076967,837184,2026,International Rookie,International Rookie,1,1,International Rookie,44.333333333333336,20.0,True,True,0.005802052639613734,0.03366655807557659,22.615803814713896,2202,5.739795918367347,1568,14.17779986654062,5.739795918367347,2609
Pitcher,Hunter Dryden,sa3067105,827500,2026,A+,A+,4,2,A | A+,106.66666666666667,24.0,True,True,0.014647975806860789,0.12562520309521763,20.321931589537222,3976,8.0,2050,14.160965794768611,8.0,2610
Pitcher,Bradley Wilson,sa3076401,701052,2026,A,A,3,1,A,41.666666666666664,24.999999999999996,True,True,0.017709172141930005,0.05102279156101206,4.463237021376556,4257,23.61872627583298,2371,14.040981648604768,4.463237021376556,2611
Pitcher,Ian Koenig,sa3020568,701617,2026,AA,AA,5,3,A | A+ | AA,121.33333333333333,25.0,True,True,0.02926451356838182,0.16868222528166887,16.42651296829971,3470,11.624919717405266,1557,14.025716342852489,11.624919717405266,2612
Pitcher,Jake Woodford,18674,663765,2026,AAA,AAA,6,5,Complex | A | A+ | AA | AAA,20.333333333333332,29.0,True,False,0.04296129899036628,0.45875375573628263,20.546774882528833,2341,7.4332171893147505,861,13.989996035921791,7.4332171893147505,2613
Pitcher,Luke Cooper,sa3076427,842303,2026,A+,A+,4,1,A+,34.333333333333336,25.0,True,True,0.016519451920959383,0.11109241780907303,16.92655935613682,3976,10.926829268292684,2050,13.926694312214753,10.926829268292684,2614
Pitcher,Chase Hampton,sa3020682,694633,2026,AA,AA,5,2,A+ | AA,35.666666666666664,24.0,True,True,0.030396343628828575,0.14923617841365774,14.14985590778098,3470,13.680154142581888,1557,13.915005025181433,13.680154142581888,2615
Pitcher,Chen-Hsun Lee,sa3022527,808486,2026,Complex,Complex,2,1,Complex,24.666666666666668,24.0,True,False,0.0033588958137159056,0.05783240275041344,13.976377952755906,1524,13.766730401529637,1046,13.871554177142771,13.766730401529637,2616
Pitcher,Silvano Hechavarria,sa3024856,827664,2026,A+,A+,4,3,International Rookie | A | A+,49.0,23.0,True,True,0.011004026399522021,0.14202542761692213,23.993963782696177,3976,3.707317073170732,2050,13.850640427933454,3.707317073170732,2617
Pitcher,Brandon McPherson,sa3068705,835483,2026,AA,AA,5,3,A | A+ | AA,24.666666666666668,26.0,True,False,0.027373290250125127,0.19680307078139025,19.913544668587896,3470,7.771355170199101,1557,13.842449919393498,7.771355170199101,2618
Pitcher,Isaac Ayon,sa3026340,694847,2026,A,A,3,2,Complex | A,27.333333333333332,24.0,True,False,0.013046665294670995,0.08955580871061433,15.480385247827108,4257,12.062420919443273,2371,13.77140308363519,12.062420919443273,2619
Pitcher,JP Sears,23429,676664,2026,AAA,AAA,6,4,A | A+ | AA | AAA,81.66666666666667,30.0,True,True,0.04694737858831587,0.4054440432427433,16.958564715933363,2341,10.56910569105691,861,13.763835203495137,10.56910569105691,2620
Pitcher,Mitch Spence,27707,687765,2026,AAA,AAA,6,3,A+ | AA | AAA,74.0,28.0,True,True,0.04354467699643406,0.4462799893841267,19.735155916275097,2341,7.781649245063879,861,13.758402580669488,7.781649245063879,2621
Pitcher,Jhon Leon,sa3024525,815217,2026,International Rookie,International Rookie,1,1,International Rookie,31.666666666666668,22.0,True,True,0.005423986278770249,0.037174798825029776,26.294277929155314,2202,1.211734693877551,1568,13.753006311516433,1.211734693877551,2622
Pitcher,Logan Whitaker,sa3025561,681315,2026,AA,AA,5,2,A+ | AA,22.333333333333332,26.0,True,False,0.03116686039394509,0.13472778846664246,12.39193083573487,3470,15.093127809890815,1557,13.742529322812842,12.39193083573487,2623
Pitcher,Sam Gardner,sa3021721,814217,2026,AAA,AAA,6,3,A+ | AA | AAA,24.0,29.0,True,False,0.04464375845805112,0.42478333686486713,18.28278513455788,2341,9.175377468060395,861,13.729081301309137,9.175377468060395,2624
Pitcher,Luke Taggart,sa3017932,689450,2026,AA,AA,5,2,A+ | AA,34.333333333333336,28.0,True,True,0.0304738209323614,0.14517488617530674,13.602305475504323,3470,13.808606294155426,1557,13.705455884829874,13.602305475504323,2625
Pitcher,Ryan Jensen,sa3011496,686754,2026,AAA,AAA,6,3,A+ | AA | AAA,21.666666666666668,28.000000000000004,True,False,0.0401617849058176,0.4900036866283489,22.041862451943615,2341,5.342624854819976,861,13.692243653381796,5.342624854819976,2626
Pitcher,Blake Townsend,sa3010125,678620,2026,AA,AA,5,3,A | A+ | AA,90.66666666666667,25.000000000000004,True,True,0.030013496098963564,0.1516414139562047,14.351585014409222,3470,12.909441233140655,1557,13.63051312377494,12.909441233140655,2627
Pitcher,Connor O'Hara,sa3076422,822476,2026,Complex,Complex,2,1,Complex,38.0,25.0,True,True,0.005019617761616346,0.036159650791219994,3.8057742782152233,1524,23.422562141491397,1046,13.614168209853311,3.8057742782152233,2628
Pitcher,Sean Boyle,sa3007618,682044,2026,AAA,AAA,6,3,A | AA | AAA,113.66666666666667,29.0,True,True,0.0450680702471588,0.4140567211685909,17.556599743699273,2341,9.40766550522648,861,13.482132624462878,9.40766550522648,2629
Pitcher,Coleman Picard,sa3023202,814537,2026,A,A,3,1,A,49.666666666666664,24.0,True,True,0.015094620130766925,0.07522827324578299,10.664787408973455,4257,16.280050611556305,2371,13.472419010264879,10.664787408973455,2630
Pitcher,Nick Merkel,sa3019962,806581,2026,AA,AA,5,3,A | A+ | AA,25.333333333333332,27.0,True,False,0.02763809076285584,0.18465472835931807,18.530259365994237,3470,8.413615928066795,1557,13.471937647030515,8.413615928066795,2631
Pitcher,Gabe Bierman,sa3016939,685321,2026,AA,AA,5,3,A | A+ | AA,58.333333333333336,26.0,True,True,0.02845416576081514,0.17280258144861915,16.85878962536023,3470,10.019267822736031,1557,13.439028724048132,10.019267822736031,2632
Pitcher,Eris Albino,sa3018894,802741,2026,Complex,Complex,2,2,International Rookie | Complex,38.0,22.0,True,True,0.004023531501813169,0.04801171409350864,8.661417322834646,1524,18.164435946462714,1046,13.41292663464868,8.661417322834646,2633
Pitcher,Peyton Alford,sa3016843,688230,2026,AAA,AAA,6,3,A+ | AA | AAA,39.666666666666664,27.999999999999996,True,True,0.04659294424409006,0.3962599252783411,16.53139683895771,2341,10.220673635307781,861,13.376035237132747,10.220673635307781,2634
Pitcher,Trey Pooser,sa3040077,823129,2026,A+,A+,4,2,A | A+,36.66666666666667,23.999999999999996,True,True,0.015434454130041493,0.11340351394634916,17.404426559356136,3976,9.317073170731707,2050,13.360749865043921,9.317073170731707,2635
Pitcher,Davison Palermo,sa3020480,801754,2026,AA,AA,5,3,A | A+ | AA,66.33333333333333,26.0,True,True,0.029631128540256433,0.15488207735534973,14.409221902017292,3470,12.26718047527296,1557,13.338201188645126,12.26718047527296,2636
Pitcher,Ryan Costeiu,sa3017260,695065,2026,AAA,AAA,6,3,A+ | AA | AAA,30.666666666666668,25.0,True,True,0.04074279488190047,0.46142804183127,20.632208457923966,2341,6.039488966318235,861,13.3358487121211,6.039488966318235,2637
Pitcher,Diego Barrera,sa3023203,685290,2026,AA,AA,5,3,A | A+ | AA,43.333333333333336,26.0,True,True,0.02964796583388115,0.15300410637466635,14.351585014409222,3470,12.26718047527296,1557,13.309382744841091,12.26718047527296,2638
Pitcher,Ryan Fernandez,24862,681676,2026,AAA,AAA,6,5,Complex | A | A+ | AA | AAA,34.0,28.0,True,True,0.040928156371517456,0.4577583869881029,20.41862451943614,2341,6.155632984901278,861,13.287128752168709,6.155632984901278,2639
Pitcher,Anderson Pilar,sa917899,666768,2026,AAA,AA,6,5,International Rookie | A | A+ | AA | AAA,61.333333333333336,27.0,True,True,0.03972377541581856,0.48352023096428903,21.486544211875266,2341,4.994192799070848,861,13.240368505473057,4.994192799070848,2640
Pitcher,Giussepe Velasquez,sa3016463,691908,2026,A+,A+,4,4,International Rookie | Complex | A | A+,50.333333333333336,23.0,True,True,0.010333377344834159,0.14019792732783695,23.490945674044266,3976,2.8292682926829267,2050,13.160106983363596,2.8292682926829267,2641
Pitcher,Calvin Bickerstaff,sa3025463,814810,2026,A+,A+,4,2,A | A+,63.0,24.0,True,True,0.013440942239986648,0.12434141560538847,19.969818913480886,3976,6.2439024390243905,2050,13.106860676252637,6.2439024390243905,2642
Pitcher,Shaun Anderson,19453,641312,2026,AAA,AAA,6,4,A | A+ | AA | AAA,45.666666666666664,31.0,True,True,0.046679597843965547,0.38549883286174463,15.719777872703972,2341,10.452961672473867,861,13.08636977258892,10.452961672473867,2643
Pitcher,Hayden Harris,31913,802686,2026,AAA,AAA,6,2,AA | AAA,46.0,27.0,True,True,0.0507707265143542,0.3285481091412163,11.917983767620674,2341,14.169570267131244,861,13.043777017375959,11.917983767620674,2644
Pitcher,Parker Mushinski,21324,656786,2026,AAA,AAA,6,4,A | A+ | AA | AAA,55.0,30.0,True,True,0.041801629174159756,0.4348322094389354,18.83810337462623,2341,7.084785133565622,861,12.961444254095925,7.084785133565622,2645
Pitcher,Junior William,sa3016072,702396,2026,A+,A+,4,3,International Rookie | A | A+,33.666666666666664,26.0,True,True,0.013287883856421923,0.1236193363075455,19.76861167002012,3976,6.097560975609756,2050,12.933086322814939,6.097560975609756,2646
Pitcher,Logan Allen,18555,663531,2026,AAA,AAA,6,5,Complex | A | A+ | AA | AAA,53.333333333333336,29.0,True,True,0.04447592031475374,0.40211332087884205,16.744980777445537,2341,8.94308943089431,861,12.844035104169922,8.94308943089431,2647
Pitcher,Nick Hull,sa3020624,701314,2026,AAA,AAA,6,4,A | A+ | AA | AAA,54.0,26.0,True,True,0.041452540488858436,0.43109995208518087,18.709953011533532,2341,6.852497096399535,861,12.781225053966534,6.852497096399535,2648
Pitcher,Austin Roberts,sa3010254,686762,2026,AAA,AA,6,3,A+ | AA | AAA,34.666666666666664,26.0,True,True,0.03958906480660792,0.45889031297539945,20.546774882528833,2341,4.994192799070848,861,12.770483840799841,4.994192799070848,2649
Pitcher,Ben Wereski,sa3018234,686844,2026,AAA,AAA,6,3,A | A+ | AAA,36.333333333333336,28.0,True,True,0.04716267410921826,0.3655928622959664,14.352840666381889,2341,11.033681765389083,861,12.693261215885485,11.033681765389083,2650
Pitcher,Christian Ruebeck,sa3020900,687199,2026,AA,AA,5,3,A | A+ | AA,33.0,25.0,True,True,0.02791227940670466,0.16743792939667548,16.22478386167147,3470,9.12010276172126,1557,12.672443311696364,9.12010276172126,2651
Pitcher,Joseilyn Gonzalez,sa3018910,805120,2026,A+,A+,4,3,International Rookie | A | A+,35.666666666666664,24.0,True,True,0.012524883935356808,0.12488081928806585,20.120724346076457,3976,5.219512195121951,2050,12.670118270599204,5.219512195121951,2652
Pitcher,Dariel Fregio,sa3067524,829338,2026,AA,AA,5,2,A+ | AA,55.0,26.0,True,True,0.028917157419808437,0.15254051744872052,14.351585014409222,3470,10.918432883750803,1557,12.635008949080014,10.918432883750803,2653
Pitcher,Kyle Roche,sa3067135,828314,2026,A+,A+,4,2,A | A+,62.666666666666664,24.0,True,True,0.01545624778018233,0.10666350678406952,15.920523138832998,3976,9.317073170731707,2050,12.618798154782352,9.317073170731707,2654
Pitcher,Kenyi Perez,sa3016008,695990,2026,A+,A+,4,4,International Rookie | Complex | A | A+,20.333333333333332,24.0,True,False,0.012478400939697003,0.12437102059177278,19.969818913480886,3976,5.219512195121951,2050,12.594665554301418,5.219512195121951,2655
Pitcher,K.C. Hunt,sa3022937,687268,2026,AA,AA,5,2,A+ | AA,32.666666666666664,25.0,True,True,0.02757586589299077,0.17308644702838827,16.85878962536023,3470,8.220937700706488,1557,12.539863663033358,8.220937700706488,2656
Pitcher,Jorge Marcheco,sa3018025,703420,2026,A+,A+,4,3,Complex | A | A+,61.0,23.0,True,True,0.014023034319938435,0.11657350635417778,18.23440643863179,3976,6.829268292682927,2050,12.531837365657358,6.829268292682927,2657
Pitcher,Duque Hebbert,sa3021026,808986,2026,A+,A+,4,3,International Rookie | A | A+,20.666666666666668,24.0,True,False,0.013816757284587413,0.11862511805423927,18.435613682092555,3976,6.585365853658536,2050,12.510489767875546,6.585365853658536,2658
Pitcher,Brandon McPherson,sa3068705,835483,2026,AAA,AAA,6,4,A | A+ | AA | AAA,57.666666666666664,26.0,True,True,0.049839291093955726,0.314601743802573,11.490815890645024,2341,13.472706155632984,861,12.481761023139004,11.490815890645024,2659
Pitcher,Luis Moreno,sa3009950,691032,2026,AAA,AA,6,5,International Rookie | A | A+ | AA | AAA,26.0,26.0,True,False,0.03468900402998791,0.49690335196658536,22.639897479709525,2341,2.3228803716608595,861,12.481388925685192,2.3228803716608595,2660
Pitcher,Samuel Strickland,sa3017139,694436,2026,AA,AA,5,3,A | A+ | AA,50.666666666666664,27.0,True,True,0.02864269881195276,0.1541618023557068,14.409221902017292,3470,10.533076429030187,1557,12.47114916552374,10.533076429030187,2661
Pitcher,Logan Gillaspie,22461,670810,2026,AAA,AAA,6,3,A | AA | AAA,81.33333333333333,29.0,True,True,0.04430167469570693,0.3898511422995144,15.976078598889364,2341,8.826945412311266,861,12.401512005600315,8.826945412311266,2662
Pitcher,Ryan Vanderhei,sa3023671,687864,2026,A+,A+,4,2,A | A+,26.333333333333332,25.0,True,False,0.016805565077176884,0.09586984119609057,13.304828973843058,3976,11.463414634146341,2050,12.384121803994699,11.463414634146341,2663
Pitcher,Joel Diaz,sa3015500,699309,2026,A+,A+,4,3,International Rookie | A | A+,47.666666666666664,21.999999999999996,True,True,0.014275744679622874,0.11209685856260584,17.127766599597585,3976,7.609756097560975,2050,12.36876134857928,7.609756097560975,2664
Pitcher,Seth Lonsway,30064,675920,2026,AAA,AAA,6,4,A | A+ | AA | AAA,83.66666666666667,27.0,True,True,0.050605704295654405,0.2925288244492449,10.508329773601025,2341,14.169570267131244,861,12.338950020366134,10.508329773601025,2665
Pitcher,Tyler Santana,sa3017542,687825,2026,AAA,AAA,6,4,A | A+ | AA | AAA,24.333333333333332,28.0,True,False,0.04047500978105207,0.4320729168396477,18.795386586928664,2341,5.691056910569106,861,12.243221748748885,5.691056910569106,2666
Pitcher,Kade Woods,sa3045561,701515,2026,A,A,3,1,A,30.666666666666668,23.0,True,True,0.015033073777169736,0.06731012589487162,8.339206013624619,4257,16.069169126950655,2371,12.204187570287637,8.339206013624619,2667
Pitcher,Gus Varland,24737,681402,2026,AAA,AAA,6,3,A+ | AA | AAA,25.0,29.0,True,False,0.04256254833013197,0.40545608204994366,16.958564715933363,2341,7.4332171893147505,861,12.195890952624056,7.4332171893147505,2668
Pitcher,Jayden Murray,26482,681151,2026,AAA,AAA,6,3,A+ | AA | AAA,40.333333333333336,29.0,True,True,0.0446026101521249,0.3796607302684658,15.207176420333191,2341,9.175377468060395,861,12.191276944196794,9.175377468060395,2669
Pitcher,Carlos Rangel,sa3024283,823933,2026,International Rookie,International Rookie,1,1,International Rookie,27.666666666666668,20.0,True,False,0.005464377749923917,0.03388851191986339,23.115349682107176,2202,1.211734693877551,1568,12.163542187992364,1.211734693877551,2670
Pitcher,Moises Semerite,sa3021246,808320,2026,International Rookie,International Rookie,1,1,International Rookie,25.0,20.0,True,False,0.005464377749923917,0.03388851191986339,23.115349682107176,2202,1.211734693877551,1568,12.163542187992364,1.211734693877551,2670
Pitcher,Gustavo De La Cruz,sa3025150,828552,2026,International Rookie,International Rookie,1,1,International Rookie,20.333333333333332,20.0,True,False,0.005464377749923917,0.03388851191986339,23.115349682107176,2202,1.211734693877551,1568,12.163542187992364,1.211734693877551,2670
Pitcher,Andre Avila,sa3068495,830403,2026,International Rookie,International Rookie,1,1,International Rookie,26.666666666666668,20.0,True,False,0.005464377749923917,0.03388851191986339,23.115349682107176,2202,1.211734693877551,1568,12.163542187992364,1.211734693877551,2670
Pitcher,Isaac Mendez,sa3077005,837933,2026,International Rookie,International Rookie,1,1,International Rookie,21.0,20.0,True,False,0.005464377749923917,0.03388851191986339,23.115349682107176,2202,1.211734693877551,1568,12.163542187992364,1.211734693877551,2670
Pitcher,Luis Yepes,sa3025464,816405,2026,International Rookie,International Rookie,1,1,International Rookie,25.666666666666668,20.0,True,False,0.005464377749923917,0.03388851191986339,23.115349682107176,2202,1.211734693877551,1568,12.163542187992364,1.211734693877551,2670
Pitcher,Christian Polanco,sa3077615,842588,2026,International Rookie,International Rookie,1,1,International Rookie,23.0,20.0,True,False,0.005464377749923917,0.03388851191986339,23.115349682107176,2202,1.211734693877551,1568,12.163542187992364,1.211734693877551,2670
Pitcher,Hector Dos Santos,sa3068152,832310,2026,International Rookie,International Rookie,1,1,International Rookie,25.333333333333332,20.0,True,False,0.005464377749923917,0.03388851191986339,23.115349682107176,2202,1.211734693877551,1568,12.163542187992364,1.211734693877551,2670
Pitcher,Wandy Cabrera,sa3024527,815770,2026,International Rookie,International Rookie,1,1,International Rookie,22.666666666666668,20.0,True,False,0.005464377749923917,0.03388851191986339,23.115349682107176,2202,1.211734693877551,1568,12.163542187992364,1.211734693877551,2670
Pitcher,Wascar Berroa,sa3068804,835650,2026,International Rookie,International Rookie,1,1,International Rookie,21.666666666666668,20.0,True,False,0.005464377749923917,0.03388851191986339,23.115349682107176,2202,1.211734693877551,1568,12.163542187992364,1.211734693877551,2670
Pitcher,Deiker Rojas,sa3076973,837310,2026,International Rookie,International Rookie,1,1,International Rookie,24.666666666666668,20.0,True,False,0.005464377749923917,0.03388851191986339,23.115349682107176,2202,1.211734693877551,1568,12.163542187992364,1.211734693877551,2670
Pitcher,Ismanuel Pina,sa3068119,829906,2026,International Rookie,International Rookie,1,1,International Rookie,20.333333333333332,20.0,True,False,0.005464377749923917,0.03388851191986339,23.115349682107176,2202,1.211734693877551,1568,12.163542187992364,1.211734693877551,2670
Pitcher,Juan Cordero,sa3077238,833193,2026,International Rookie,International Rookie,1,1,International Rookie,28.333333333333332,20.0,True,False,0.005464377749923917,0.03388851191986339,23.115349682107176,2202,1.211734693877551,1568,12.163542187992364,1.211734693877551,2670
Pitcher,Osvaldo Heredia,sa3021282,808529,2026,International Rookie,International Rookie,1,1,International Rookie,22.0,20.0,True,False,0.005464377749923917,0.03388851191986339,23.115349682107176,2202,1.211734693877551,1568,12.163542187992364,1.211734693877551,2670
Pitcher,Frainer Mejias,sa3021535,808409,2026,International Rookie,International Rookie,1,1,International Rookie,22.666666666666668,20.0,True,False,0.005464377749923917,0.03388851191986339,23.115349682107176,2202,1.211734693877551,1568,12.163542187992364,1.211734693877551,2670
Pitcher,Dariel Pena,sa3069115,836398,2026,International Rookie,International Rookie,1,1,International Rookie,20.666666666666668,20.0,True,False,0.005464377749923917,0.03388851191986339,23.115349682107176,2202,1.211734693877551,1568,12.163542187992364,1.211734693877551,2670
Pitcher,Ricardo Morel,sa3077542,842392,2026,International Rookie,International Rookie,1,1,International Rookie,21.0,20.0,True,False,0.005464377749923917,0.03388851191986339,23.115349682107176,2202,1.211734693877551,1568,12.163542187992364,1.211734693877551,2670
Pitcher,Daiher Hernandez,sa3021811,811235,2026,International Rookie,International Rookie,1,1,International Rookie,28.666666666666668,20.0,True,False,0.005464377749923917,0.03388851191986339,23.115349682107176,2202,1.211734693877551,1568,12.163542187992364,1.211734693877551,2670
Pitcher,Abelardo Medrano,sa3021184,808124,2026,International Rookie,International Rookie,1,1,International Rookie,24.666666666666668,20.0,True,False,0.005464377749923917,0.03388851191986339,23.115349682107176,2202,1.211734693877551,1568,12.163542187992364,1.211734693877551,2670
Pitcher,Alexander Lopez,sa3067631,834713,2026,International Rookie,International Rookie,1,1,International Rookie,26.0,20.0,True,False,0.005464377749923917,0.03388851191986339,23.115349682107176,2202,1.211734693877551,1568,12.163542187992364,1.211734693877551,2670
Pitcher,Angel Rosado,sa3067628,833255,2026,International Rookie,International Rookie,1,1,International Rookie,25.333333333333332,20.0,True,False,0.005464377749923917,0.03388851191986339,23.115349682107176,2202,1.211734693877551,1568,12.163542187992364,1.211734693877551,2670
Pitcher,Robert Moreno,sa3068742,829474,2026,International Rookie,International Rookie,1,1,International Rookie,29.333333333333332,20.0,True,False,0.005464377749923917,0.03388851191986339,23.115349682107176,2202,1.211734693877551,1568,12.163542187992364,1.211734693877551,2670
Pitcher,Albert Feliz,sa3068381,833184,2026,International Rookie,International Rookie,1,1,International Rookie,22.333333333333332,20.0,True,False,0.005464377749923917,0.03388851191986339,23.115349682107176,2202,1.211734693877551,1568,12.163542187992364,1.211734693877551,2670
Pitcher,Ariel De La Cruz,sa3024287,824766,2026,International Rookie,International Rookie,1,1,International Rookie,27.333333333333332,20.0,True,False,0.005464377749923917,0.03388851191986339,23.115349682107176,2202,1.211734693877551,1568,12.163542187992364,1.211734693877551,2670
Pitcher,Carlos Martinez,sa3068702,830052,2026,International Rookie,International Rookie,1,1,International Rookie,28.0,20.0,True,False,0.005464377749923917,0.03388851191986339,23.115349682107176,2202,1.211734693877551,1568,12.163542187992364,1.211734693877551,2670
Pitcher,Kevin Centeno,sa3068130,830400,2026,International Rookie,International Rookie,1,1,International Rookie,21.666666666666668,20.0,True,False,0.005464377749923917,0.03388851191986339,23.115349682107176,2202,1.211734693877551,1568,12.163542187992364,1.211734693877551,2670
Pitcher,Lenixon Armas,sa3069143,820897,2026,International Rookie,International Rookie,1,1,International Rookie,27.0,20.0,True,False,0.005464377749923917,0.03388851191986339,23.115349682107176,2202,1.211734693877551,1568,12.163542187992364,1.211734693877551,2670
Pitcher,Anthony Aquino,sa3025108,826464,2026,International Rookie,International Rookie,1,1,International Rookie,22.666666666666668,20.0,True,False,0.005464377749923917,0.03388851191986339,23.115349682107176,2202,1.211734693877551,1568,12.163542187992364,1.211734693877551,2670
Pitcher,Rafael Gonzalez,sa3068745,835403,2026,International Rookie,International Rookie,1,1,International Rookie,22.0,20.0,True,False,0.005464377749923917,0.03388851191986339,23.115349682107176,2202,1.211734693877551,1568,12.163542187992364,1.211734693877551,2670
Pitcher,Juan Ramirez,sa3024851,824215,2026,International Rookie,International Rookie,1,1,International Rookie,23.333333333333332,20.0,True,False,0.005464377749923917,0.03388851191986339,23.115349682107176,2202,1.211734693877551,1568,12.163542187992364,1.211734693877551,2670
Pitcher,David Hernandez,sa3069038,830395,2026,International Rookie,International Rookie,1,1,International Rookie,24.0,20.0,True,False,0.005464377749923917,0.03388851191986339,23.115349682107176,2202,1.211734693877551,1568,12.163542187992364,1.211734693877551,2670
Pitcher,Jefferson Lopez,sa3076948,827690,2026,International Rookie,International Rookie,1,1,International Rookie,27.333333333333332,20.0,True,False,0.005464377749923917,0.03388851191986339,23.115349682107176,2202,1.211734693877551,1568,12.163542187992364,1.211734693877551,2670
Pitcher,Yordy Magdariaga,sa3068520,835009,2026,International Rookie,International Rookie,1,1,International Rookie,20.666666666666668,20.0,True,False,0.005464377749923917,0.03388851191986339,23.115349682107176,2202,1.211734693877551,1568,12.163542187992364,1.211734693877551,2670
Pitcher,Ruben Saldana,sa3025095,828297,2026,International Rookie,International Rookie,1,1,International Rookie,22.333333333333332,20.0,True,False,0.005464377749923917,0.03388851191986339,23.115349682107176,2202,1.211734693877551,1568,12.163542187992364,1.211734693877551,2670
Pitcher,Alex Gonzalez,sa3068103,829513,2026,International Rookie,International Rookie,1,1,International Rookie,27.666666666666668,20.0,True,False,0.005464377749923917,0.03388851191986339,23.115349682107176,2202,1.211734693877551,1568,12.163542187992364,1.211734693877551,2670
Pitcher,Steven Garcia,sa3076449,837093,2026,International Rookie,International Rookie,1,1,International Rookie,29.0,20.0,True,False,0.005464377749923917,0.03388851191986339,23.115349682107176,2202,1.211734693877551,1568,12.163542187992364,1.211734693877551,2670
Pitcher,Julio Ozoria,sa3068820,825669,2026,International Rookie,International Rookie,1,1,International Rookie,20.666666666666668,20.0,True,False,0.005464377749923917,0.03388851191986339,23.115349682107176,2202,1.211734693877551,1568,12.163542187992364,1.211734693877551,2670
Pitcher,David De Los Santos,sa3025094,825231,2026,International Rookie,International Rookie,1,1,International Rookie,24.666666666666668,20.0,True,False,0.005464377749923917,0.03388851191986339,23.115349682107176,2202,1.211734693877551,1568,12.163542187992364,1.211734693877551,2670
Pitcher,Ericksson De Los Santos,sa3021823,814264,2026,International Rookie,International Rookie,1,1,International Rookie,23.0,20.0,True,False,0.005464377749923917,0.03388851191986339,23.115349682107176,2202,1.211734693877551,1568,12.163542187992364,1.211734693877551,2670
Pitcher,Leyvi Rodriguez,sa3024563,821133,2026,International Rookie,International Rookie,1,1,International Rookie,28.666666666666668,20.0,True,False,0.005464377749923917,0.03388851191986339,23.115349682107176,2202,1.211734693877551,1568,12.163542187992364,1.211734693877551,2670
Pitcher,Fayon Dumorne,sa3077365,824907,2026,International Rookie,International Rookie,1,1,International Rookie,28.333333333333332,20.0,True,False,0.005464377749923917,0.03388851191986339,23.115349682107176,2202,1.211734693877551,1568,12.163542187992364,1.211734693877551,2670
Pitcher,Juan Perez,sa3077294,839714,2026,International Rookie,International Rookie,1,1,International Rookie,29.666666666666668,20.0,True,False,0.005464377749923917,0.03388851191986339,23.115349682107176,2202,1.211734693877551,1568,12.163542187992364,1.211734693877551,2670
Pitcher,Greudis De Los Santos,sa3022012,808107,2026,International Rookie,International Rookie,1,1,International Rookie,23.666666666666668,20.0,True,False,0.005464377749923917,0.03388851191986339,23.115349682107176,2202,1.211734693877551,1568,12.163542187992364,1.211734693877551,2670
Pitcher,Aurelvys Batista,sa3068961,836142,2026,International Rookie,International Rookie,1,1,International Rookie,20.666666666666668,20.0,True,False,0.005464377749923917,0.03388851191986339,23.115349682107176,2202,1.211734693877551,1568,12.163542187992364,1.211734693877551,2670
Pitcher,Nic Swanson,sa3017551,702462,2026,AA,AA,5,3,A | A+ | AA,71.0,26.0,True,True,0.027325249936210095,0.17080253790160269,16.628242074927954,3470,7.642903018625562,1557,12.135572546776757,7.642903018625562,2714
Pitcher,Cade Citelli,sa3028952,699530,2026,A+,A+,4,2,A | A+,44.333333333333336,24.0,True,True,0.015320565358621804,0.10336297006626814,15.191146881287727,3976,9.073170731707316,2050,12.132158806497522,9.073170731707316,2715
Pitcher,Tristan Beck,21584,663941,2026,AAA,AAA,6,2,A+ | AAA,37.666666666666664,30.000000000000004,True,True,0.04190474617402266,0.40818835442897544,17.17214865442119,2341,7.084785133565622,861,12.128466893993405,7.084785133565622,2716
Pitcher,William Fleming,sa3017314,694389,2026,AAA,AA,6,4,A | A+ | AA | AAA,41.333333333333336,26.0,True,True,0.03393548374708918,0.4963934036152094,22.469030328919267,2341,1.7421602787456445,861,12.105595303832455,1.7421602787456445,2717
Pitcher,Clark Candiotti,sa3028358,690711,2026,A+,A+,4,1,A+,23.666666666666668,25.000000000000004,True,False,0.017488455103269625,0.08794442121845562,11.393360160965795,3976,12.731707317073171,2050,12.062533739019482,11.393360160965795,2718
Pitcher,Enmanuel De Jesus,18554,646241,2026,AAA,AAA,6,6,International Rookie | Complex | A | A+ | AA | AAA,20.0,29.0,True,False,0.03397991488912024,0.49276732016272745,22.127296027338744,2341,1.8583042973286876,861,11.992800162333715,1.8583042973286876,2719
Pitcher,Bryce Jarvis,27477,686826,2026,AAA,AAA,6,3,A+ | AA | AAA,64.0,28.0,True,True,0.04820432571987819,0.32592018580909055,11.87526697992311,2341,12.07897793263647,861,11.97712245627979,11.87526697992311,2720
Pitcher,Nick Raquet,20333,675919,2026,AAA,AAA,6,4,A | A+ | AA | AAA,41.0,30.0,True,True,0.035577352906378715,0.47623015256754114,21.27296027338744,2341,2.671312427409988,861,11.972136350398713,2.671312427409988,2721
Pitcher,Frank Martinez,sa3022132,808347,2026,A,A,3,3,International Rookie | Complex | A,47.0,24.0,True,True,0.01336378132964758,0.07745845010604031,11.392999765092789,4257,12.526360185575706,2371,11.959679975334247,11.392999765092789,2722
Pitcher,Noah Hall,sa3023416,801801,2026,A+,A+,4,1,A+,88.33333333333333,24.999999999999996,True,True,0.01677151076400449,0.09313488145938406,12.600603621730382,3976,11.317073170731707,2050,11.958838396231044,11.317073170731707,2723
Pitcher,Kailen Hamson,sa3069380,834596,2026,A,A,3,1,A,67.33333333333333,24.0,True,True,0.01589903164313042,0.05236956130529204,4.815597838853653,4257,19.021509911429778,2371,11.918553875141715,4.815597838853653,2724
Pitcher,Cam Walty,sa3044767,808754,2026,A+,A+,4,2,A | A+,37.333333333333336,24.0,True,True,0.012638068721405837,0.11742553688004248,18.284708249496983,3976,5.463414634146342,2050,11.874061441821663,5.463414634146342,2725
Pitcher,Cristhian Tortosa,sa920454,665993,2026,AA,AA,5,4,Complex | A | A+ | AA,44.33333333333333,27.000000000000004,True,True,0.028344637357960004,0.14817564256412918,14.034582132564841,3470,9.698137443802183,1557,11.866359788183512,9.698137443802183,2726
Pitcher,Landon Tomkins,sa3022798,814280,2026,AA,AA,5,3,A | A+ | AA,63.333333333333336,26.0,True,True,0.03023086760343418,0.11883459237445916,10.403458213256485,3470,13.294797687861271,1557,11.849127950558877,10.403458213256485,2727
Pitcher,Justin Meis,sa3017207,701568,2026,AAA,AAA,6,4,A | A+ | AA | AAA,53.333333333333336,26.0,True,True,0.049504733692992325,0.2910638195713283,10.337462622810765,2341,13.240418118466899,861,11.788940370638832,10.337462622810765,2728
Pitcher,Reiver Sanmartin,19754,665665,2026,AAA,AAA,6,5,International Rookie | A | A+ | AA | AAA,27.666666666666668,30.0,True,False,0.039508085082281756,0.4300872556090521,18.58180264844084,2341,4.994192799070848,861,11.787997723755844,4.994192799070848,2729
Pitcher,Isaac Ayon,sa3026340,694847,2026,A+,A+,4,3,Complex | A | A+,60.0,24.0,True,True,0.009475481200001214,0.13113454414770506,21.428571428571427,3976,2.048780487804878,2050,11.738675958188153,2.048780487804878,2730
Pitcher,Harry Blum,sa3076093,838799,2026,A,A,3,1,A,63.0,24.0,True,True,0.015488855998473718,0.056755836506907825,5.661263800798684,4257,17.714044706874738,2371,11.687654253836712,5.661263800798684,2731
Pitcher,Jimmy Kingsbury,sa3016838,700675,2026,AA,AA,5,3,A | A+ | AA,58.333333333333336,27.0,True,True,0.024129458824478804,0.19273985828005344,19.423631123919307,3470,3.917790622992935,1557,11.670710873456121,3.917790622992935,2732
Pitcher,Trennor O'Donnell,sa3023531,815064,2026,A+,A+,4,2,A | A+,21.333333333333332,24.999999999999996,True,False,0.017085562070331316,0.0878615709428565,11.393360160965795,3976,11.902439024390244,2050,11.64789959267802,11.393360160965795,2733
Pitcher,Jackson Phipps,sa3039879,691007,2026,A,A,3,1,A,99.33333333333333,24.0,True,True,0.014908199771420345,0.06396468670957269,7.540521494009866,4257,15.73175875158161,2371,11.636140122795737,7.540521494009866,2734
Pitcher,Eduarniel Nunez,23162,674384,2026,AAA,AAA,6,4,Complex | A+ | AA | AAA,30.666666666666664,27.000000000000004,True,True,0.05079094497571723,0.26518340906818927,9.055958991883811,2341,14.169570267131244,861,11.612764629507527,9.055958991883811,2735
Pitcher,Franklyn Moreta,sa3018888,802089,2026,A,A,3,2,International Rookie | A,30.0,22.0,True,True,0.014690433522213013,0.0657597106403886,8.10429880197322,4257,15.099114297764656,2371,11.601706549868938,8.10429880197322,2736
Pitcher,Johan Otanez,sa3009782,683634,2026,A,A,3,3,International Rookie | Complex | A,22.333333333333332,24.0,True,False,0.014195122328610048,0.06867659628275415,8.762038994597134,4257,14.382117250105441,2371,11.572078122351288,8.762038994597134,2737
Pitcher,Ian Hamilton,19261,641656,2026,AAA,AAA,6,4,A | A+ | AA | AAA,37.666666666666664,30.999999999999996,True,True,0.0349482927503091,0.4621244197489972,20.67492524562153,2341,2.4390243902439024,861,11.556974817932716,2.4390243902439024,2738
Pitcher,Josh Fleming,20418,676596,2026,AAA,AAA,6,4,A | A+ | AA | AAA,101.99999999999999,30.000000000000004,True,True,0.03612813370952627,0.4547764190894427,20.16232379325075,2341,2.9036004645760745,861,11.532962128913411,2.9036004645760745,2739
Pitcher,Carlos Lequerica,sa3023081,701557,2026,A+,A+,4,2,A | A+,42.333333333333336,25.000000000000004,True,True,0.015966135891538332,0.09381166443049156,12.801810865191147,3976,10.24390243902439,2050,11.52285665210777,10.24390243902439,2740
Pitcher,Ryan Walker,20423,676254,2026,AAA,AAA,6,4,A | A+ | AA | AAA,29.666666666666668,30.0,True,False,0.04045362690601593,0.412972045151137,17.343015805211447,2341,5.691056910569106,861,11.517036357890277,5.691056910569106,2741
Pitcher,Juan Lopez,sa3068105,829681,2026,Complex,Complex,2,2,International Rookie | Complex,37.0,21.0,True,True,0.0035317965252011003,0.04565503215575692,7.414698162729659,1524,15.391969407265774,1046,11.403333784997717,7.414698162729659,2742
Pitcher,Anthony Simonelli,sa3017312,690206,2026,AA,AA,5,2,A+ | AA,21.666666666666668,27.0,True,False,0.029676494678502627,0.11771785268517622,10.37463976945245,3470,12.3956326268465,1557,11.385136198149475,10.37463976945245,2743
Pitcher,Jacob Heatherly,sa3004736,669436,2026,AA,AA,5,3,Complex | A | AA,23.0,28.0,True,False,0.03148273269589369,0.08539848970503972,6.599423631123919,3470,15.992292870905588,1557,11.295858251014753,6.599423631123919,2744
Pitcher,Alfredo Romero,sa3018345,801252,2026,A+,A+,4,3,International Rookie | A | A+,87.0,23.0,True,True,0.010409098973255473,0.12310395153517203,19.642857142857142,3976,2.926829268292683,2050,11.284843205574912,2.926829268292683,2745
Pitcher,Ben Sears,sa3020178,700786,2026,AAA,AAA,6,4,A | A+ | AA | AAA,68.0,26.0,True,True,0.042501938804547106,0.37770618691295144,15.12174284493806,2341,7.4332171893147505,861,11.277480017126406,7.4332171893147505,2746
Pitcher,Jared Lyons,sa3020483,805723,2026,AAA,AAA,6,4,A | A+ | AA | AAA,38.0,25.0,True,True,0.04294743901672715,0.3782853168539467,15.12174284493806,2341,7.4332171893147505,861,11.277480017126406,7.4332171893147505,2746
Pitcher,MT Morrissey,sa3076080,700429,2026,A,A,3,1,A,40.0,24.0,True,True,0.015298593622823363,0.05431273589847205,5.214940098661029,4257,17.292281737663433,2371,11.25361091816223,5.214940098661029,2748
Pitcher,Manuel Olivares,sa3009471,683416,2026,A,A,3,3,International Rookie | Complex | A,83.66666666666667,24.0,True,True,0.010261447549566701,0.09082861950130038,15.856236786469344,4257,6.5795023196963305,2371,11.217869553082837,6.5795023196963305,2749
Pitcher,Darien Smith,sa3067264,700800,2026,AA,AA,5,3,A | A+ | AA,31.666666666666668,26.0,True,True,0.02016599864527283,0.2043838355887515,20.69164265129683,3470,1.7341040462427746,1557,11.212873348769802,1.7341040462427746,2750
Pitcher,Griffin Kirn,sa3059692,822488,2026,A+,A+,4,2,A | A+,32.666666666666664,24.0,True,True,0.014142168632459384,0.10305613211809371,15.140845070422536,3976,7.2682926829268295,2050,11.204568876674683,7.2682926829268295,2751
Pitcher,Aleiman Cruz,sa3069120,829462,2026,Complex,Complex,2,1,Complex,39.333333333333336,20.0,True,True,0.0020460898270988617,0.06001878973652369,15.091863517060368,1524,7.265774378585086,1046,11.178818947822727,7.265774378585086,2752
Pitcher,Efrain Cubilla,sa3024289,827384,2026,Complex,Complex,2,2,International Rookie | Complex,39.666666666666664,21.0,True,True,0.003142054037759335,0.05064318881264012,10.301837270341208,1524,12.045889101338432,1046,11.17386318583982,10.301837270341208,2753
Pitcher,Trevor Stephan,19932,663986,2026,AAA,AAA,6,3,A+ | AA | AAA,20.666666666666668,30.0,True,False,0.04040229274039798,0.4027674012235504,16.744980777445537,2341,5.574912891986063,861,11.1599468347158,5.574912891986063,2754
Pitcher,Avery Short,sa3011712,683008,2026,AA,AA,5,3,A | A+ | AA,87.0,25.0,True,True,0.030258587762012956,0.10655602875978189,9.020172910662824,3470,13.294797687861271,1557,11.157485299262047,9.020172910662824,2755
Pitcher,Ricardo Velez,sa3017602,703106,2026,AA,AA,5,3,A | A+ | AA,24.333333333333332,27.0,True,False,0.02674995885818821,0.16004584745364506,15.21613832853026,3470,7.064868336544637,1557,11.140503332537449,7.064868336544637,2756
Pitcher,Justin Sinibaldi,sa3025524,811958,2026,A+,A+,4,2,A | A+,115.33333333333333,24.0,True,True,0.012990214233925296,0.10901615771373985,16.448692152917506,3976,5.804878048780488,2050,11.126785100848997,5.804878048780488,2757
Pitcher,Moises Amezquita,sa3022203,808668,2026,Complex,Complex,2,2,International Rookie | Complex,30.0,21.0,True,True,0.0043164801387826105,0.029421391980271144,2.2309711286089238,1524,19.694072657743785,1046,10.962521893176355,2.2309711286089238,2758
Pitcher,Jonathan Brand,sa3020567,701213,2026,AA,AA,5,3,A | A+ | AA,61.333333333333336,26.0,True,True,0.027394252898892503,0.1500375408603517,14.14985590778098,3470,7.771355170199101,1557,10.960605538990041,7.771355170199101,2759
Pitcher,Evan Gates,sa3017311,688753,2026,AAA,AA,6,4,A | A+ | AA | AAA,35.0,26.0,True,True,0.037034234431371334,0.41861110623510933,17.94105083297736,2341,3.832752613240418,861,10.88690172310889,3.832752613240418,2760
Pitcher,Connor Noland,sa3020834,690939,2026,AAA,AAA,6,3,A+ | AA | AAA,68.66666666666667,26.0,True,True,0.04159397439163872,0.3741731256715022,14.86544211875267,2341,6.852497096399535,861,10.858969607576103,6.852497096399535,2761
Pitcher,Spencer Adams,sa828687,656181,2026,AAA,AAA,6,5,Complex | A | A+ | AA | AAA,20.666666666666668,30.0,True,False,0.04583489214860531,0.3297282059832055,11.96070055531824,2341,9.75609756097561,861,10.858399058146926,9.75609756097561,2762
Pitcher,Grant Manning,sa3076045,824015,2026,A,A,3,1,A,59.333333333333336,25.0,True,True,0.013020189712284108,0.07152584499885883,9.584214235377026,4257,11.978068325601011,2371,10.781141280489019,9.584214235377026,2763
Pitcher,Wilmer Blanco,sa3019184,804627,2026,A,A,3,3,International Rookie | Complex | A,33.0,22.0,True,True,0.008764734448966782,0.09544638671307311,17.359642941038288,4257,4.175453395191902,2371,10.767548168115095,4.175453395191902,2764
Pitcher,Dylan Simmons,sa3023468,687535,2026,A+,A+,4,2,A | A+,23.333333333333332,24.999999999999996,True,False,0.01696898738315737,0.08172783134328544,9.783702213279678,3976,11.658536585365853,2050,10.721119399322767,9.783702213279678,2765
Pitcher,Richard Fernandez,sa3018898,803370,2026,Complex,Complex,2,2,International Rookie | Complex,20.0,23.0,True,False,0.002580498224300168,0.05512562238739085,12.007874015748031,1524,9.27342256214149,1046,10.64064828894476,9.27342256214149,2766
Pitcher,Frenny Grant,sa3021572,814133,2026,Complex,Complex,2,2,International Rookie | Complex,31.0,22.0,True,True,0.003094154990364514,0.048940183633551064,9.317585301837271,1524,11.950286806883366,1046,10.63393605436032,9.317585301837271,2767
Pitcher,Jose Gabriel Torres,sa3076129,829258,2026,A,A,3,1,A,29.333333333333332,25.0,True,False,0.015050040674170364,0.05404373786214942,5.09748649283533,4257,16.111345423871786,2371,10.604415958353558,5.09748649283533,2768
Pitcher,Jeferson Villabona,sa3068685,834232,2026,A,A,3,1,A,21.0,25.0,True,False,0.015050040674170364,0.05404373786214942,5.09748649283533,4257,16.111345423871786,2371,10.604415958353558,5.09748649283533,2768
Pitcher,CJ Van Eyk,27568,669310,2026,AAA,AAA,6,3,A+ | AA | AAA,99.0,27.0,True,True,0.04086103483418374,0.37458085649725265,14.86544211875267,2341,6.039488966318235,861,10.452465542535453,6.039488966318235,2770
Pitcher,Fernando Vasquez,sa3015475,694029,2026,A,A,3,1,A,60.0,24.0,True,True,0.014763456735000732,0.05574084707636804,5.496828752642706,4257,15.394348376212568,2371,10.445588564427638,5.496828752642706,2771
Pitcher,Fabian Gallardo,sa3024091,821142,2026,Complex,Complex,2,2,International Rookie | Complex,30.0,20.0,True,True,0.003919973349986129,0.03449168770951212,3.2808398950131235,1524,17.590822179732314,1046,10.435831037372719,3.2808398950131235,2772
Pitcher,Adam Leverett,sa1169991,687190,2026,AA,AA,5,2,A+ | AA,96.0,27.0,True,True,0.028788217314026424,0.11531823199962496,10.144092219020173,3470,10.725754656390494,1557,10.434923437705333,10.144092219020173,2773
Pitcher,Edrwin Veras,sa3068378,832312,2026,Complex,Complex,2,2,International Rookie | Complex,24.333333333333332,23.0,True,False,0.002825422295522573,0.05088447906731653,10.36745406824147,1524,10.325047801147228,1046,10.34625093469435,10.325047801147228,2774
Pitcher,Alain Pena,sa3019050,703900,2026,A+,Complex,4,4,International Rookie | Complex | A | A+,47.666666666666664,21.999999999999996,True,True,0.009992101572883315,0.11720303126476998,18.284708249496983,3976,2.3902439024390243,2050,10.337476075968004,2.3902439024390243,2775
Pitcher,Janser Lara,sa917460,665878,2026,AA,AA,5,3,International Rookie | A | AA,50.0,29.0,True,True,0.02842231062047764,0.12042446575306737,10.547550432276656,3470,9.955041746949261,1557,10.251296089612959,9.955041746949261,2776
Pitcher,Gabriel Reyes,sa3016833,694050,2026,A+,A+,4,4,International Rookie | Complex | A | A+,33.0,22.0,True,True,0.014247015380216473,0.09460815273073184,13.003018108651911,3976,7.414634146341464,2050,10.208826127496687,7.414634146341464,2777
Pitcher,Adam Smith,sa3017147,702111,2026,AA,AA,5,2,A+ | AA,27.0,26.0,True,False,0.029128864088594875,0.10693090458987306,9.077809798270893,3470,11.30378933847142,1557,10.190799568371157,9.077809798270893,2778
Pitcher,Adam Tulloch,sa3020588,671969,2026,AA,AA,5,3,A | A+ | AA,33.666666666666664,25.0,True,True,0.02928065220136168,0.10122504698498314,8.472622478386167,3470,11.624919717405266,1557,10.048771097895717,8.472622478386167,2779
Pitcher,Jose Urquidy,18413,664353,2026,AAA,AAA,6,4,A | A+ | AA | AAA,95.66666666666667,31.0,True,True,0.038753385275727935,0.3828519921380097,15.335326783425886,2341,4.645760743321719,861,9.990543763373802,4.645760743321719,2780
Pitcher,Joe Jacques,25178,682175,2026,AAA,AAA,6,3,A | A+ | AAA,24.333333333333332,31.0,True,False,0.03784191669850146,0.3913604747365938,16.146945749679624,2341,3.832752613240418,861,9.989849181460022,3.832752613240418,2781
Pitcher,Carter Holjes,sa3076275,823981,2026,Complex,Complex,2,1,Complex,28.666666666666668,25.0,True,False,0.002882081677573365,0.04915795417932696,9.317585301837271,1524,10.611854684512428,1046,9.96471999317485,9.317585301837271,2782
Pitcher,Osvaldo Berrios,sa3004702,676047,2026,AAA,AAA,6,5,Complex | A | A+ | AA | AAA,43.333333333333336,26.0,True,True,0.04557612455627883,0.28852474943699685,10.294745835113199,2341,9.523809523809524,861,9.909277679461361,9.523809523809524,2783
Pitcher,Hung-Leng Chang,sa3019518,800213,2026,A+,A+,4,3,Complex | A | A+,90.66666666666667,24.0,True,True,0.01202271620811751,0.1030849839816149,15.140845070422536,3976,4.634146341463414,2050,9.887495705942975,4.634146341463414,2784
Pitcher,Reece Wissinger,sa3076168,834882,2026,A+,A+,4,1,A+,54.666666666666664,25.0,True,True,0.013735010409426016,0.09466762139237819,13.028169014084508,3976,6.585365853658536,2050,9.806767433871522,6.585365853658536,2785
Pitcher,Tanner Rainey,17610,663432,2026,AAA,AAA,6,3,A | A+ | AAA,44.0,33.0,True,True,0.03650779069815109,0.39571536957510633,16.36052968816745,2341,3.252032520325203,861,9.806281104246327,3.252032520325203,2786
Pitcher,Wuilliams Rodriguez,sa3019672,805777,2026,Complex,Complex,2,2,International Rookie | Complex,32.0,22.0,True,True,0.002716337878633236,0.04991080129461318,9.84251968503937,1524,9.751434034416826,1046,9.796976859728098,9.751434034416826,2787
Pitcher,Matthew Watson,sa3044862,822459,2026,A+,A+,4,1,A+,61.333333333333336,24.0,True,True,0.0142955705863307,0.09021116184115162,11.971830985915492,3976,7.609756097560975,2050,9.790793541738234,7.609756097560975,2788
Pitcher,Preston Howey,sa3025660,813796,2026,A+,A+,4,1,A+,39.666666666666664,24.0,True,True,0.015034879426831417,0.08627270075707522,10.940643863179075,3976,8.634146341463415,2050,9.787395102321245,8.634146341463415,2789
Pitcher,Brayan Restituyo,sa3015461,692844,2026,A,A,3,3,International Rookie | Complex | A,22.0,24.0,True,False,0.010526829584215086,0.08212911354701613,12.684989429175475,4257,6.874736398144243,2371,9.779862913659858,6.874736398144243,2790
Pitcher,Keiber Armas,sa3023848,821589,2026,Complex,Complex,2,2,International Rookie | Complex,24.333333333333332,23.0,True,False,0.002586183538511123,0.0504914758131163,10.236220472440944,1524,9.27342256214149,1046,9.754821517291218,9.27342256214149,2791
Pitcher,Shane Rademacher,sa3023258,815780,2026,AA,AA,5,3,A | A+ | AA,61.333333333333336,25.0,True,True,0.028680664984163873,0.10599783802216313,8.93371757925072,3470,10.533076429030187,1557,9.733397004140453,8.93371757925072,2792
Pitcher,TJ Shook,27567,669298,2026,AAA,AAA,6,4,A | A+ | AA | AAA,56.333333333333336,28.0,True,True,0.04137757858493078,0.33567187542848687,12.473302007689021,2341,6.852497096399535,861,9.662899552044278,6.852497096399535,2793
Pitcher,Dalton Rogers,sa3020479,800059,2026,AA,AA,5,3,A | A+ | AA,80.0,25.0,True,True,0.029789965498695545,0.08548968522326679,6.628242074927954,3470,12.588310854206808,1557,9.608276464567382,6.628242074927954,2794
Pitcher,Gabriel Rodriguez,sa3007219,676082,2026,AA,AA,5,2,A | AA,46.333333333333336,27.0,True,True,0.03046538244839508,0.07388019303648781,5.389048991354467,3470,13.808606294155426,1557,9.598827642754946,5.389048991354467,2795
Pitcher,Mike McKenna,sa3076091,837351,2026,A,A,3,1,A,38.666666666666664,25.0,True,True,0.013252960259211764,0.0607420892762547,6.741836974395114,4257,12.399831294812316,2371,9.570834134603714,6.741836974395114,2796
Pitcher,Jawilme Ramirez,sa3016204,691711,2026,A+,A+,4,4,International Rookie | Complex | A | A+,36.0,24.0,True,True,0.00845966141400675,0.1140551676242257,17.55533199195171,3976,1.5609756097560976,2050,9.558153800853905,1.5609756097560976,2797
Pitcher,Alejandro Manzano,sa3019125,703835,2026,A,A,3,3,International Rookie | Complex | A,37.666666666666664,24.0,True,True,0.011948602988413012,0.07059093154878539,9.231853417899929,4257,9.869253479544495,2371,9.550553448722212,9.231853417899929,2798
Pitcher,Konnor Pilkington,21453,663455,2026,AAA,AAA,6,4,A | A+ | AA | AAA,33.333333333333336,28.0,True,True,0.04739416418027309,0.24177771100127154,7.902605724049551,2341,11.149825783972126,861,9.526215754010838,7.902605724049551,2799
Pitcher,Jack Little,26152,669193,2026,AAA,AAA,6,3,A+ | AA | AAA,57.666666666666664,28.0,True,True,0.04405590731139196,0.2978081924316507,10.551046561298591,2341,8.362369337979095,861,9.456707949638844,8.362369337979095,2800
Pitcher,Jhonathan Diaz,20298,646242,2026,AAA,AAA,6,6,International Rookie | Complex | A | A+ | AA | AAA,125.66666666666667,29.0,True,True,0.04199740181454518,0.31955997721069407,11.70439982913285,2341,7.200929152148665,861,9.452664490640757,7.200929152148665,2801
Pitcher,Jose Olivares,sa3016267,699276,2026,AA,AA,5,4,Complex | A | A+ | AA,37.666666666666664,23.0,True,True,0.024570198736596046,0.14805326553358825,14.005763688760807,3470,4.881181759794477,1557,9.443472724277642,4.881181759794477,2802
Pitcher,Morris Austin,sa3022955,809459,2026,AA,AA,5,3,A | A+ | AA,30.666666666666668,26.0,True,True,0.025066134020980995,0.14594088582869683,13.804034582132564,3470,5.073859987154785,1557,9.438947284643675,5.073859987154785,2803
Pitcher,Austin Smith,sa3017071,694518,2026,AA,AA,5,2,A+ | AA,46.666666666666664,27.0,True,True,0.03072051345662229,0.0649407316154467,4.582132564841499,3470,14.258188824662813,1557,9.420160694752155,4.582132564841499,2804
Pitcher,Nick Dombkowski,sa3017201,694298,2026,AAA,AA,6,2,AA | AAA,71.33333333333333,26.0,True,True,0.04626518408152,0.2595887833519983,8.927808628791114,2341,9.872241579558652,861,9.400025104174883,8.927808628791114,2805
Pitcher,Eddy Peralta,sa3021757,807842,2026,International Rookie,International Rookie,1,1,International Rookie,32.0,23.0,True,True,0.005645760092069621,0.02800476458419003,15.849227974568574,2202,2.933673469387755,1568,9.391450721978165,2.933673469387755,2806
Pitcher,Josh Walker,23617,677020,2026,AAA,AAA,6,3,A+ | AA | AAA,31.333333333333332,31.0,True,True,0.0417317609067953,0.32689626998879584,11.917983767620674,2341,6.852497096399535,861,9.385240432010104,6.852497096399535,2807
Pitcher,Dylan Cumming,sa3020818,804706,2026,AA,A+,5,3,A | A+ | AA,20.0,26.0,True,False,0.026027777741493553,0.1346053313159551,12.363112391930835,3470,6.358381502890174,1557,9.360746947410505,6.358381502890174,2808
Pitcher,Brayden Heidel,sa3076167,828419,2026,A,A,3,1,A,34.333333333333336,24.0,True,True,0.01348632663962803,0.05737472637665977,5.919661733615222,4257,12.652889076339097,2371,9.28627540497716,5.919661733615222,2809
Pitcher,Doug Nikhazy,30142,680951,2026,AAA,AAA,6,3,A+ | AA | AAA,44.66666666666667,26.0,True,True,0.044316739230755166,0.2757301548083585,9.739427595044853,2341,8.826945412311266,861,9.28318650367806,8.826945412311266,2810
Pitcher,Isaiah Lowe,sa3020864,702584,2026,A+,A+,4,2,A | A+,55.666666666666664,23.0,True,True,0.013843298871175505,0.0902551868311161,11.971830985915492,3976,6.585365853658536,2050,9.278598419787015,6.585365853658536,2811
Pitcher,Matt Dunaway,sa3068824,835882,2026,A+,A+,4,1,A+,32.333333333333336,27.0,True,True,0.014656698741374161,0.0849586689772107,10.538229376257545,3976,8.0,2050,9.269114688128774,8.0,2812
Pitcher,Jose Garces,sa3015490,699010,2026,A+,A+,4,4,International Rookie | Complex | A | A+,46.0,22.0,True,True,0.008768017194409698,0.11110175859491384,16.92655935613682,3976,1.6097560975609757,2050,9.268157726848898,1.6097560975609757,2813
Pitcher,Lebarron Johnson Jr.,sa3034782,694316,2026,A+,A+,4,2,A | A+,65.0,24.0,True,True,0.012343375638206701,0.09683026091504017,13.506036217303823,3976,4.975609756097561,2050,9.240822986700692,4.975609756097561,2814
Pitcher,Austin Strickland,sa3023380,814088,2026,A+,A+,4,1,A+,34.333333333333336,24.0,True,True,0.016352092456239368,0.07152353864514782,7.67102615694165,3976,10.585365853658537,2050,9.128196005300094,7.67102615694165,2815
Pitcher,Sam Highfill,sa3025519,687122,2026,A+,A+,4,2,A | A+,74.0,25.0,True,True,0.013953860968144176,0.0885246895010014,11.544265593561368,3976,6.682926829268292,2050,9.11359621141483,6.682926829268292,2816
Pitcher,Ryan Harvey,sa3021724,687308,2026,A+,A+,4,2,A | A+,55.666666666666664,25.0,True,True,0.01220220697628585,0.09613732836639603,13.35513078470825,3976,4.780487804878049,2050,9.067809294793149,4.780487804878049,2817
Pitcher,Beau Blanchard,sa3067505,699782,2026,A+,A+,4,2,A | A+,61.0,24.0,True,True,0.012534586113434876,0.0941669443993083,12.877263581488934,3976,5.219512195121951,2050,9.048387888305443,5.219512195121951,2818
Pitcher,Liam Sullivan,sa3022952,807715,2026,A+,A+,4,3,Complex | A | A+,35.333333333333336,24.0,True,True,0.009195111202935723,0.10707020398532574,15.995975855130785,3976,1.9024390243902438,2050,8.949207439760514,1.9024390243902438,2819
Pitcher,Bryce Warrecker,sa3023364,695425,2026,A+,A+,4,2,A | A+,34.0,24.0,True,True,0.014355916473891688,0.08330190961844884,10.135814889336016,3976,7.7560975609756095,2050,8.945956225155813,7.7560975609756095,2820
Pitcher,Braydon Tucker,sa3023249,685319,2026,AA,AA,5,3,A | A+ | AA,100.33333333333333,26.0,True,True,0.027027400228141898,0.1182239803111122,10.403458213256485,3470,7.450224791265254,1557,8.926841502260869,7.450224791265254,2821
Pitcher,Jared Beck,sa3020571,805724,2026,A,A,3,1,A,27.666666666666668,25.0,True,False,0.014056318579722074,0.04785077655328451,3.735024665257223,4257,14.002530577815268,2371,8.868777621536246,3.735024665257223,2822
Pitcher,Kodi Whitley,19731,676831,2026,AAA,AAA,6,3,A | AA | AAA,28.333333333333332,31.0,True,False,0.040629049634819864,0.32181460972952486,11.747116616830414,2341,5.923344947735192,861,8.835230782282803,5.923344947735192,2823
Pitcher,Tyler Gilbert,17964,656457,2026,AAA,AAA,6,4,A | A+ | AA | AAA,33.333333333333336,32.0,True,True,0.04670844589771027,0.2267329923509068,7.048269970098248,2341,10.452961672473867,861,8.750615821286058,7.048269970098248,2824
Pitcher,Jake Walkinshaw,sa3010317,688445,2026,AAA,AAA,6,5,Complex | A | A+ | AA | AAA,34.666666666666664,29.0,True,True,0.02810683162880518,0.3947102434957027,16.36052968816745,2341,0.9291521486643438,861,8.644840918415897,0.9291521486643438,2825
Pitcher,Eli Morgan,20203,669212,2026,AAA,AAA,6,4,A | A+ | AA | AAA,25.666666666666668,30.0,True,False,0.040132417771665076,0.32803578310738896,11.917983767620674,2341,5.342624854819976,861,8.630304311220325,5.342624854819976,2826
Pitcher,Jason Ruffcorn,sa3017193,674022,2026,AA,AA,5,2,A+ | AA,66.0,27.0,True,True,0.02906962365076902,0.07962113705603302,5.994236311239193,3470,11.175337186897881,1557,8.584786749068538,5.994236311239193,2827
Pitcher,Tommy Henry,26285,674072,2026,AAA,AAA,6,2,AA | AAA,79.0,28.0,True,True,0.04655893768146199,0.22497787306305903,6.962836394703118,2341,10.104529616724738,861,8.533683005713929,6.962836394703118,2828
Pitcher,Ricardo Estrada,sa3016017,698962,2026,A,A,3,3,International Rookie | Complex | A,91.66666666666667,24.0,True,True,0.011213148700613466,0.06953743346795681,8.902983321587973,4257,8.097849008857022,2371,8.500416165222497,8.097849008857022,2829
Pitcher,Hunter Gregory,sa3017754,695347,2026,AA,AA,5,2,A+ | AA,28.666666666666668,27.0,True,False,0.028218468100891902,0.09363577620241884,7.492795389048991,3470,9.505459216441876,1557,8.499127302745434,7.492795389048991,2830
Pitcher,Jonny Cuevas,sa3017931,681328,2026,AA,AA,5,3,A | A+ | AA,37.666666666666664,25.0,True,True,0.0206778248871256,0.15915391431138037,15.129682997118156,3470,1.8625561978163134,1557,8.496119597467235,1.8625561978163134,2831
Pitcher,Mason Vinyard,sa3020753,804912,2026,AA,AA,5,3,A | A+ | AA,24.0,27.0,True,False,0.025656240517831694,0.12402614692129507,10.922190201729107,3470,6.0372511239563265,1557,8.479720662842716,6.0372511239563265,2832
Pitcher,Jeremy Wu-Yelland,sa3014520,695026,2026,AA,AA,5,3,A | A+ | AA,28.666666666666668,27.0,True,False,0.027416106071324366,0.10504117114969094,8.93371757925072,3470,7.83558124598587,1557,8.384649412618295,7.83558124598587,2833
Pitcher,Ryan Hawks,sa3022999,686470,2026,AA,AA,5,2,A+ | AA,104.66666666666667,25.0,True,True,0.026486528147403484,0.11222847688947434,9.884726224783861,3470,6.8079640333975595,1557,8.346345129090711,6.8079640333975595,2834
Pitcher,Xzavion Curry,25595,675540,2026,AAA,AAA,6,4,A | A+ | AA | AAA,70.33333333333333,27.0,True,True,0.03916024152389894,0.32673644783917005,11.917983767620674,2341,4.761904761904762,861,8.339944264762718,4.761904761904762,2835
Pitcher,Valente Bellozo,23899,678368,2026,AAA,AAA,6,5,International Rookie | A | A+ | AA | AAA,105.0,26.0,True,True,0.045085802517107094,0.23098805068474207,7.261853908586074,2341,9.40766550522648,861,8.334759706906278,7.261853908586074,2836
Pitcher,Sam McWilliams,sa829124,656726,2026,AAA,AAA,6,5,Complex | A | A+ | AA | AAA,22.333333333333332,30.0,True,False,0.03525630392250156,0.363895034834373,14.224690303289192,2341,2.4390243902439024,861,8.331857346766547,2.4390243902439024,2837
Pitcher,Michael Sansone,sa3020083,806333,2026,AA,AA,5,3,A | A+ | AA,50.333333333333336,26.0,True,True,0.02125038503672709,0.1488820866932069,14.063400576368876,3470,2.4405908798972384,1557,8.251995728133057,2.4405908798972384,2838
Pitcher,Antoni Cuello,sa3015947,692391,2026,A,A,3,2,Complex | A,33.0,23.0,True,True,0.011009076107597486,0.06826454894509786,8.668076109936575,4257,7.80261493040911,2371,8.235345520172842,7.80261493040911,2839
Pitcher,Ryan Vanderhei,sa3023671,687864,2026,AA,AA,5,3,A | A+ | AA,33.333333333333336,25.0,True,True,0.020982537236570963,0.1486607401614636,14.034582132564841,3470,2.376364804110469,1557,8.205473468337654,2.376364804110469,2840
Pitcher,Dailoui Abad,sa3016027,699060,2026,A,A,3,3,International Rookie | Complex | A,26.666666666666668,24.0,True,False,0.010094454888355505,0.07320488519070266,9.889593610523843,4257,6.326444538169548,2371,8.108019074346696,6.326444538169548,2841
Pitcher,Omar Cruz,23875,678316,2026,AAA,AA,6,5,Complex | A | A+ | AA | AAA,83.33333333333333,26.0,True,True,0.04002642456408705,0.30476849177365095,10.892780862879112,2341,5.2264808362369335,861,8.059630849558022,5.2264808362369335,2842
Pitcher,Ryan Webb,sa3018280,669067,2026,AAA,AAA,6,4,A | A+ | AA | AAA,62.333333333333336,27.0,True,True,0.04748948197552619,0.1782018175912737,4.955147372917557,2341,11.149825783972126,861,8.052486578444842,4.955147372917557,2843
Pitcher,Chris Roycroft,31261,688297,2026,AAA,AAA,6,3,A+ | AA | AAA,24.666666666666668,29.0,True,False,0.03873956340575209,0.3133551401234026,11.405382315249893,2341,4.645760743321719,861,8.025571529285806,4.645760743321719,2844
Pitcher,Jose Lopez,sa3025068,828372,2026,A,A,3,3,International Rookie | Complex | A,33.333333333333336,22.0,True,True,0.01029787588500589,0.07103701850812837,9.30232558139535,4257,6.706031210459722,2371,8.004178395927536,6.706031210459722,2845
Pitcher,Abraham Gaitan,sa3020492,806675,2026,A,A,3,3,International Rookie | Complex | A,60.333333333333336,22.0,True,True,0.00761202564117926,0.08292914362399671,12.990368804322292,4257,2.9101644875579926,2371,7.950266645940142,2.9101644875579926,2846
Pitcher,Carlos Guzman,sa871477,664346,2026,AA,AA,5,4,Complex | A | A+ | AA,46.333333333333336,28.000000000000004,True,True,0.020880341185242516,0.14528672370689494,13.631123919308358,3470,2.24791265253693,1557,7.939518285922644,2.24791265253693,2847
Pitcher,Daniel Duarte,17480,650960,2026,AAA,AAA,6,2,International Rookie | AAA,30.333333333333332,29.0,True,True,0.04029646840136843,0.29377221027096784,10.508329773601025,2341,5.342624854819976,861,7.9254773142105,5.342624854819976,2848
Pitcher,Livan Reinoso,sa3020331,802984,2026,AA,AA,5,3,A | A+ | AA,45.0,27.0,True,True,0.029457848664483248,0.05568780078944928,3.8328530259365996,3470,12.010276172125883,1557,7.921564599031241,3.8328530259365996,2849
Pitcher,Frankeli Arias,sa3018352,802087,2026,A+,A+,4,4,International Rookie | Complex | A | A+,35.666666666666664,23.0,True,True,0.007641851625733111,0.10137164963356031,14.738430583501007,3976,1.0731707317073171,2050,7.905800657604162,1.0731707317073171,2850
Pitcher,Ethan Bosacker,sa3023163,815073,2026,AAA,AAA,6,4,A | A+ | AA | AAA,50.666666666666664,24.999999999999996,True,True,0.041655127533525446,0.2555176694902405,8.799658265698419,2341,6.852497096399535,861,7.826077681048977,6.852497096399535,2851
Pitcher,JP Wheat,sa3024884,702516,2026,A+,A+,4,2,A | A+,30.333333333333332,23.0,True,True,0.016696876298611194,0.05320401815560106,4.451710261569416,3976,11.121951219512194,2050,7.786830740540806,4.451710261569416,2852
Pitcher,Chaily Ramirez,sa3068111,829807,2026,Complex,Complex,2,2,International Rookie | Complex,31.0,21.0,True,True,0.002069174458201894,0.04730060607710081,8.202099737532809,1524,7.361376673040153,1046,7.781738205286481,7.361376673040153,2853
Pitcher,Noah Hall,sa3023416,801801,2026,AA,AA,5,2,A+ | AA,35.0,25.0,True,True,0.026605287110189547,0.10221111535593264,8.61671469740634,3470,6.872190109184329,1557,7.744452403295335,6.872190109184329,2854
Pitcher,Andrew Lindsey,sa3022734,701604,2026,A+,A+,4,1,A+,25.666666666666668,26.0,True,False,0.015208697793599207,0.06778959363879417,6.639839034205232,3976,8.829268292682928,2050,7.73455366344408,6.639839034205232,2855
Pitcher,Kaleb Corbett,sa3029367,804254,2026,A+,A+,4,2,A | A+,63.666666666666664,24.0,True,True,0.013873255420884132,0.07589453031825684,8.727364185110664,3976,6.585365853658536,2050,7.6563650193846,6.585365853658536,2856
Pitcher,Lucas Knowles,sa3011676,686731,2026,AA,A+,5,3,A | A+ | AA,24.666666666666668,26.0,True,False,0.025804439757148887,0.10854565974870091,9.193083573487032,3470,6.101477199743096,1557,7.647280386615064,6.101477199743096,2857
Pitcher,Nick McAuliffe,sa3076251,800997,2026,A,A,3,1,A,26.666666666666668,25.0,True,False,0.013291046346236441,0.04328781251799554,2.795395818651633,4257,12.399831294812316,2371,7.597613556731974,2.795395818651633,2858
Pitcher,Chase Jessee,sa3075101,829524,2026,AA,AA,5,1,AA,62.333333333333336,27.0,True,True,0.02786612577929218,0.08073178048901511,6.138328530259366,3470,9.05587668593449,1557,7.597102608096927,6.138328530259366,2859
Pitcher,Travis Smith,sa3042647,695605,2026,AA,AA,5,3,A | A+ | AA,32.0,23.0,True,True,0.025286066222878326,0.11206622582569321,9.855907780979827,3470,5.330764290301863,1557,7.593336035640845,5.330764290301863,2860
Pitcher,Luis Flores,sa3018818,800058,2026,A+,A+,4,4,International Rookie | Complex | A | A+,38.333333333333336,22.0,True,True,0.01061429685545693,0.09069891952516758,12.04728370221328,3976,3.1219512195121952,2050,7.584617460862738,3.1219512195121952,2861
Pitcher,Jesus Rios,sa3021471,694947,2026,A+,A+,4,2,A | A+,58.0,24.0,True,True,0.0147148281838271,0.0697042955638874,7.0674044265593565,3976,8.097560975609756,2050,7.582482701084556,7.0674044265593565,2862
Pitcher,Josh Hendrickson,sa3011196,681973,2026,AAA,AAA,6,2,AA | AAA,103.66666666666667,28.0,True,True,0.03563351601504721,0.3357648435112537,12.473302007689021,2341,2.671312427409988,861,7.572307217549505,2.671312427409988,2863
Pitcher,Jeferson Villabona,sa3068685,834232,2026,A+,A+,4,2,A | A+,25.333333333333332,24.999999999999996,True,False,0.014782312883125204,0.06959152978891332,6.966800804828974,3976,8.146341463414634,2050,7.556571134121804,6.966800804828974,2864
Pitcher,Daichi Moriki,sa3076046,831683,2026,A,A,3,1,A,30.666666666666668,23.0,True,True,0.014244033509128846,0.025780611674457034,0.6342494714587738,4257,14.466469843947701,2371,7.550359657703237,0.6342494714587738,2865
Pitcher,Amos Willingham,26128,686294,2026,AAA,AAA,6,4,A | A+ | AA | AAA,50.0,27.0,True,True,0.04097180180880198,0.2599793818519106,8.927808628791114,2341,6.155632984901278,861,7.541720806846196,6.155632984901278,2866
Pitcher,Jack Weisenburger,26333,674073,2026,AAA,AAA,6,2,AA | AAA,62.0,28.0,True,True,0.04266753815562161,0.23777584829024243,7.646304997864161,2341,7.4332171893147505,861,7.539761093589456,7.4332171893147505,2867
Pitcher,Andrew Herbert,sa3076414,842191,2026,A,A,3,1,A,72.0,25.0,True,True,0.012332731036469338,0.051235573110822365,4.463237021376556,4257,10.586250527203712,2371,7.524743774290133,4.463237021376556,2868
Pitcher,Peyton Havard,sa3069191,823028,2026,A,A,3,1,A,37.666666666666664,24.0,True,True,0.013532955413910919,0.04052711177636208,2.3255813953488373,4257,12.695065373260228,2371,7.510323384304533,2.3255813953488373,2869
Pitcher,T.J. Fondtain,sa3023271,677334,2026,AA,AA,5,2,A+ | AA,41.666666666666664,24.999999999999996,True,True,0.024819178525696674,0.11312015144617694,9.913544668587896,3470,5.073859987154785,1557,7.493702327871341,5.073859987154785,2870
Pitcher,Christian Rodriguez,sa3040970,691010,2026,A+,A+,4,2,A | A+,30.333333333333332,24.0,True,True,0.010768032261684051,0.08918659210036727,11.59456740442656,3976,3.317073170731707,2050,7.455820287579133,3.317073170731707,2871
Pitcher,Adam Smith,sa3017147,702111,2026,A+,A+,4,1,A+,27.0,26.0,True,False,0.014937283182073413,0.06552948233482801,6.3631790744466805,3976,8.536585365853659,2050,7.44988222015017,6.3631790744466805,2872
Pitcher,Blake Purnell,sa3076399,822470,2026,A,A,3,1,A,53.666666666666664,24.0,True,True,0.01217257038820588,0.051750845956511686,4.604181348367395,4257,10.2910164487558,2371,7.447598898561598,4.604181348367395,2873
Pitcher,Reynardo Cruz,sa3016032,699106,2026,A+,A+,4,3,Complex | A | A+,71.66666666666667,24.0,True,True,0.011732921797760967,0.0848143900566298,10.462776659959758,3976,4.390243902439025,2050,7.426510281199391,4.390243902439025,2874
Pitcher,Grant Hartwig,29946,701643,2026,AAA,AAA,6,2,AA | AAA,40.0,28.0,True,True,0.040378963898299584,0.2697691889496384,9.22682614267407,2341,5.574912891986063,861,7.400869517330067,5.574912891986063,2875
Pitcher,Brett Gillis,sa3020110,702094,2026,AA,AA,5,2,A+ | AA,89.0,26.0,True,True,0.02649883372609087,0.0974821239411381,7.982708933717579,3470,6.8079640333975595,1557,7.3953364835575695,6.8079640333975595,2876
Pitcher,Bruce Zimmermann,20370,669145,2026,AAA,AAA,6,3,A | AA | AAA,78.66666666666667,31.000000000000004,True,True,0.03595574328141692,0.32869970717972585,11.917983767620674,2341,2.7874564459930316,861,7.352720106806853,2.7874564459930316,2877
Pitcher,Tyler LaPorte,sa3067023,679489,2026,AA,AA,5,2,A+ | AA,49.0,29.0,True,True,0.02531576205624606,0.10808638628453339,9.106628242074928,3470,5.5876685934489405,1557,7.347148417761934,5.5876685934489405,2878
Pitcher,Andrew Perez,sa3006640,680970,2026,AAA,AAA,6,4,A | A+ | AA | AAA,42.666666666666664,27.999999999999996,True,True,0.04523685472236116,0.18797221640043651,5.211448099102947,2341,9.40766550522648,861,7.309556802164714,5.211448099102947,2879
Pitcher,Stevie Emanuels,sa3014698,669434,2026,AA,AA,5,3,A | A+ | AA,35.666666666666664,27.0,True,True,0.02036463129964524,0.13870033243057087,12.76657060518732,3470,1.798330122029544,1557,7.282450363608432,1.798330122029544,2880
Pitcher,Danyony Pulido,sa3015502,699707,2026,A+,A+,4,4,International Rookie | Complex | A | A+,38.0,23.0,True,True,0.007941971284583951,0.0962707869300926,13.380281690140846,3976,1.170731707317073,2050,7.275506698728959,1.170731707317073,2881
Pitcher,Darren Bowen,sa3020945,804539,2026,AA,AA,5,3,A | A+ | AA,66.0,25.0,True,True,0.023540295240554163,0.12444322179051728,10.951008645533141,3470,3.5324341682723186,1557,7.24172140690273,3.5324341682723186,2882
Pitcher,Anthony Misiewicz,18152,664948,2026,AAA,AAA,6,3,A+ | AA | AAA,43.333333333333336,31.000000000000004,True,True,0.03638790306549513,0.3102124127247685,11.191798376762067,2341,3.252032520325203,861,7.221915448543635,3.252032520325203,2883
Pitcher,Ubert Mejias,sa3021562,811229,2026,A,A,3,2,Complex | A,40.333333333333336,25.0,True,True,0.00771919836684734,0.07721859835478345,11.322527601597368,4257,3.0788696752425135,2371,7.200698638419941,3.0788696752425135,2884
Pitcher,Zach Bryant,sa3011368,687926,2026,AA,AA,5,2,A+ | AA,56.333333333333336,28.0,True,True,0.028986116710422342,0.051545967220756134,3.400576368876081,3470,10.982658959537572,1557,7.191617664206826,3.400576368876081,2885
Pitcher,Nate Peterson,sa3020804,685396,2026,AA,AA,5,3,A | A+ | AA,77.66666666666667,26.0,True,True,0.02606665667104392,0.09787003922443259,7.982708933717579,3470,6.358381502890174,1557,7.170545218303877,6.358381502890174,2886
Pitcher,Aidan Anderson,sa3011250,689379,2026,AAA,AAA,6,4,Complex | A+ | AA | AAA,34.333333333333336,29.0,True,True,0.031961676962539404,0.34346481117326333,12.985903460059804,2341,1.2775842044134726,861,7.131743832236638,1.2775842044134726,2887
Pitcher,Brandon Downer,sa3030530,827317,2026,A+,A+,4,2,A | A+,31.333333333333332,23.0,True,True,0.01220098019642754,0.07997118254243914,9.456740442655935,3976,4.780487804878049,2050,7.118614123766992,4.780487804878049,2888
Pitcher,Tyler Santana,sa3017542,687825,2026,AA,AA,5,3,A | A+ | AA,33.0,28.0,True,True,0.02403125802999999,0.11758553243393552,10.345821325648416,3470,3.8535645472061657,1557,7.0996929364272905,3.8535645472061657,2889
Pitcher,Nick Jones,sa3017419,694559,2026,AA,A+,5,2,A+ | AA,53.0,26.0,True,True,0.028034477316760818,0.06793761268361027,4.985590778097983,3470,9.184328837508028,1557,7.084959807803005,4.985590778097983,2890
Pitcher,Jacob Kroeger,sa3025344,800811,2026,A+,A+,4,2,A | A+,50.0,26.0,True,True,0.014147563003061385,0.06939232315616994,6.8913480885311875,3976,7.2682926829268295,2050,7.0798203857290085,6.8913480885311875,2891
Pitcher,Melvin Rodriguez,sa3024087,821060,2026,Complex,Complex,2,2,International Rookie | Complex,33.666666666666664,20.0,True,True,0.002528758276191698,0.0406184930486899,4.8556430446194225,1524,9.27342256214149,1046,7.064532803380457,4.8556430446194225,2892
Pitcher,Alejandro Torres,sa3023265,687776,2026,AA,AA,5,1,AA,52.333333333333336,25.0,True,True,0.028323956602909612,0.062006483392656596,4.409221902017291,3470,9.698137443802183,1557,7.0536796729097375,4.409221902017291,2893
Pitcher,Chuck King,sa3023436,666155,2026,AAA,AAA,6,3,A+ | AA | AAA,112.0,28.0,True,True,0.03902334917143489,0.2710026404041268,9.312259718069201,2341,4.761904761904762,861,7.037082239986981,4.761904761904762,2894
Pitcher,Abel Mercedes,sa3017013,701951,2026,A+,A+,4,4,International Rookie | Complex | A | A+,36.666666666666664,24.0,True,True,0.012561615745351074,0.07522794549760423,8.677062374245473,3976,5.317073170731708,2050,6.99706777248859,5.317073170731708,2895
Pitcher,Dan Hammer,sa3011525,669285,2026,AAA,AAA,6,4,A | A+ | AA | AAA,37.333333333333336,28.000000000000004,True,True,0.04003729321329986,0.252464704389685,8.671507902605724,2341,5.2264808362369335,861,6.948994369421328,5.2264808362369335,2896
Pitcher,Mason Miller,sa3023658,692223,2026,A+,A+,4,3,Complex | A | A+,63.666666666666664,24.0,True,True,0.009313771474711212,0.0896993470689886,11.846076458752515,3976,2.0,2050,6.923038229376258,2.0,2897
Pitcher,Cole Hillier,sa3023232,815779,2026,A+,A+,4,2,A | A+,52.666666666666664,25.0,True,True,0.012159695088878174,0.07755237936352519,9.054325955734406,3976,4.780487804878049,2050,6.917406880306228,4.780487804878049,2898
Pitcher,Reynaldo Yean,sa3018303,702905,2026,A+,A+,4,3,International Rookie | A | A+,32.333333333333336,22.0,True,True,0.015825327670158956,0.0489529887996455,3.6971830985915495,3976,9.951219512195122,2050,6.824201305393336,3.6971830985915495,2899
Pitcher,Bryan Polanco,sa3016915,702877,2026,A+,A+,4,4,International Rookie | Complex | A | A+,90.33333333333333,24.0,True,True,0.0042051088860195285,0.09590099198288003,13.304828973843058,3976,0.2926829268292683,2050,6.798755950336163,0.2926829268292683,2900
Pitcher,Tanner Gresham,sa3076146,823242,2026,A+,A+,4,2,A | A+,56.333333333333336,24.0,True,True,0.010955082675867315,0.08007972772938692,9.456740442655935,3976,3.707317073170732,2050,6.582028757913333,3.707317073170732,2901
Pitcher,Anthony Cruz,sa3019534,800045,2026,A+,A+,4,4,International Rookie | Complex | A | A+,72.0,23.0,True,True,0.0069226351791756265,0.09130543870891954,12.223340040241448,3976,0.926829268292683,2050,6.575084654267066,0.926829268292683,2902
Pitcher,Julio Valdez,sa3019687,805063,2026,Complex,Complex,2,2,International Rookie | Complex,34.0,21.0,True,True,0.001977576376518869,0.04356874439784224,6.233595800524935,1524,6.8833652007648185,1046,6.558480500644876,6.233595800524935,2903
Pitcher,Dakota Hawkins,sa3023103,809950,2026,A+,A+,4,1,A+,39.0,26.0,True,True,0.010412775013514272,0.0835784859646019,10.160965794768611,3976,2.926829268292683,2050,6.5438975315306465,2.926829268292683,2904
Pitcher,Noah Takacs,sa3023612,692176,2026,A,A,3,2,Complex | A,40.666666666666664,24.0,True,True,0.009874509586737804,0.0636311799580078,7.470049330514446,4257,5.609447490510333,2371,6.53974841051239,5.609447490510333,2905
Pitcher,Scott Blewett,16427,656240,2026,AAA,AAA,6,4,A | A+ | AA | AAA,48.666666666666664,30.0,True,True,0.03257555182917058,0.3116615099026134,11.319948739854762,2341,1.5098722415795587,861,6.41491049071716,1.5098722415795587,2906
Pitcher,Dane Dunning,19409,641540,2026,AAA,AAA,6,4,A | A+ | AA | AAA,40.333333333333336,31.000000000000004,True,True,0.04317846442670743,0.18332426163000123,5.083297736010252,2341,7.549361207897793,861,6.316329471954022,5.083297736010252,2907
Pitcher,Jhonny Jimenez,sa3016506,699075,2026,A,A,3,2,International Rookie | A,38.333333333333336,22.0,True,True,0.011071489435171347,0.05204670992035331,4.721634954193093,4257,7.886967524251371,2371,6.304301239222232,4.721634954193093,2908
Pitcher,Jake Dykhoff,sa3076437,829517,2026,Complex,Complex,2,1,Complex,34.666666666666664,27.0,True,True,0.0026955095746697276,0.03266024147812441,2.952755905511811,1524,9.655831739961759,1046,6.304293822736785,2.952755905511811,2909
Pitcher,Joshua Loeschorn,sa3020837,700380,2026,AA,AA,5,3,A | A+ | AA,63.0,26.0,True,True,0.026953197175378956,0.07330938159234499,5.244956772334294,3470,7.321772639691715,1557,6.283364706013004,5.244956772334294,2910
Pitcher,Tyler Cleveland,sa3020840,804663,2026,AA,AA,5,3,A | A+ | AA,58.333333333333336,26.0,True,True,0.023746406147060327,0.10362849813313664,8.818443804034581,3470,3.6608863198458574,1557,6.23966506194022,3.6608863198458574,2911
Pitcher,Shay Schanaman,sa3022933,681212,2026,AA,AA,5,2,A+ | AA,60.666666666666664,26.0,True,True,0.0234947020436064,0.10619808559346636,8.93371757925072,3470,3.5324341682723186,1557,6.2330758737615195,3.5324341682723186,2912
Pitcher,Peter Strzelecki,21367,657265,2026,AAA,AAA,6,3,A | AA | AAA,26.333333333333332,31.0,True,False,0.03639716080873857,0.2693374706964781,9.184109354976506,2341,3.252032520325203,861,6.218070937650855,3.252032520325203,2913
Pitcher,Sam Benschoter,sa3017639,680397,2026,AAA,AAA,6,3,A | AA | AAA,66.66666666666667,28.0,True,True,0.038478108318631264,0.24112691577882128,7.902605724049551,2341,4.529616724738676,861,6.216111224394114,4.529616724738676,2914
Pitcher,Jake Palisch,31598,669449,2026,AA,AA,5,2,A+ | AA,119.0,27.0,True,True,0.027695444919195532,0.05430066763675822,3.804034582132565,3470,8.606294155427104,1557,6.205164368779835,3.804034582132565,2915
Pitcher,Tyler Zuber,20379,676604,2026,AAA,AAA,6,4,A | A+ | AA | AAA,27.666666666666668,31.0,True,False,0.03508335549753717,0.2779725814567036,9.867577958137549,2341,2.4390243902439024,861,6.153301174190726,2.4390243902439024,2916
Pitcher,Cole Gilley,sa3032230,809126,2026,A,A,3,1,A,66.33333333333333,24.0,True,True,0.011380746316891592,0.04764229461176108,3.664552501761804,4257,8.477435681147195,2371,6.0709940914545,3.664552501761804,2917
Pitcher,Ty Bothwell,sa3076385,701299,2026,Complex,Complex,2,1,Complex,25.666666666666668,26.0,True,False,0.0021989135180361117,0.03677368631207446,3.8713910761154855,1524,8.221797323135755,1046,6.04659419962562,3.8713910761154855,2918
Pitcher,Brayan Palencia,sa3016011,696037,2026,A+,A+,4,3,Complex | A | A+,30.333333333333332,23.0,True,True,0.007095358090987353,0.0869471451980571,11.14185110663984,3976,0.926829268292683,2050,6.034340187466261,0.926829268292683,2919
Pitcher,Jacob Shafer,sa3025390,822465,2026,A+,A+,4,2,A | A+,42.0,24.0,True,True,0.014542689705063823,0.05116844064291642,4.099597585513078,3976,7.902439024390244,2050,6.0010183049516606,4.099597585513078,2920
Pitcher,Cade Kuehler,sa3023306,805780,2026,A+,A+,4,2,A | A+,109.33333333333333,24.0,True,True,0.012235036316036329,0.07001774104328432,7.193158953722334,3976,4.780487804878049,2050,5.9868233793001915,4.780487804878049,2921
Pitcher,Danny Kirwin,sa3023553,814460,2026,A+,A+,4,2,A | A+,25.333333333333332,26.0,True,False,0.013557098306801194,0.06062607063213707,5.50804828973843,3976,6.439024390243903,2050,5.973536339991167,5.50804828973843,2922
Pitcher,Tom Cosgrove,23443,676680,2026,AAA,AAA,6,4,A | A+ | AA | AAA,29.333333333333332,30.0,True,False,0.035176443956033025,0.27283035477401835,9.483126868859461,2341,2.4390243902439024,861,5.961075629551682,2.4390243902439024,2923
Pitcher,Brent Francisco,sa3067529,828671,2026,A+,A+,4,2,A | A+,20.666666666666668,25.000000000000004,True,False,0.012157599052381477,0.06968922221373965,7.042253521126761,3976,4.780487804878049,2050,5.911370663002405,4.780487804878049,2924
Pitcher,Francis Rivera,sa3009217,682863,2026,A+,A+,4,2,International Rookie | A+,51.333333333333336,25.000000000000004,True,True,0.01053976737512567,0.07582868000586243,8.727364185110664,3976,3.073170731707317,2050,5.90026745840899,3.073170731707317,2925
Pitcher,Jarod Bayless,sa3010236,663681,2026,AAA,AA,6,3,A+ | AA | AAA,23.0,28.0,True,False,0.03666902855175332,0.24567554937541258,8.287056813327638,2341,3.484320557491289,861,5.885688685409463,3.484320557491289,2926
Pitcher,Dominic Pipkin,sa3007896,669421,2026,AA,AA,5,4,Complex | A | A+ | AA,39.0,26.0,True,True,0.026713283192711695,0.06582400765460117,4.697406340057637,3470,7.064868336544637,1557,5.881137338301137,4.697406340057637,2927
Pitcher,Connor Schultz,sa3024948,701565,2026,AA,AA,5,3,A | A+ | AA,63.333333333333336,27.0,True,True,0.02127711563699938,0.10854641034400565,9.193083573487032,3470,2.504816955684008,1557,5.84895026458552,2.504816955684008,2928
Pitcher,Michael Sansone,sa3020083,806333,2026,AAA,AAA,6,4,A | A+ | AA | AAA,51.333333333333336,26.0,True,True,0.03911857863897277,0.2233023191047306,6.920119607005553,2341,4.761904761904762,861,5.841012184455158,4.761904761904762,2929
Pitcher,Luis Rodriguez,sa3067609,830447,2026,International Rookie,International Rookie,1,1,International Rookie,24.666666666666668,21.0,True,False,0.005464377749923917,0.022425652985814136,10.44504995458674,2202,1.211734693877551,1568,5.828392324232145,1.211734693877551,2930
Pitcher,Richard Jimenez,sa3022335,814841,2026,International Rookie,International Rookie,1,1,International Rookie,28.333333333333332,21.0,True,False,0.005464377749923917,0.022425652985814136,10.44504995458674,2202,1.211734693877551,1568,5.828392324232145,1.211734693877551,2930
Pitcher,Deivi Garcia,sa3068941,835491,2026,International Rookie,International Rookie,1,1,International Rookie,24.333333333333332,21.0,True,False,0.005464377749923917,0.022425652985814136,10.44504995458674,2202,1.211734693877551,1568,5.828392324232145,1.211734693877551,2930
Pitcher,Delvis Heredia,sa3024524,815210,2026,International Rookie,International Rookie,1,1,International Rookie,24.0,21.0,True,False,0.005464377749923917,0.022425652985814136,10.44504995458674,2202,1.211734693877551,1568,5.828392324232145,1.211734693877551,2930
Pitcher,Oliver Castillo,sa3068099,829489,2026,International Rookie,International Rookie,1,1,International Rookie,24.666666666666668,21.0,True,False,0.005464377749923917,0.022425652985814136,10.44504995458674,2202,1.211734693877551,1568,5.828392324232145,1.211734693877551,2930
Pitcher,Alvaro Carrillo,sa3025127,828592,2026,International Rookie,International Rookie,1,1,International Rookie,21.666666666666668,21.0,True,False,0.005464377749923917,0.022425652985814136,10.44504995458674,2202,1.211734693877551,1568,5.828392324232145,1.211734693877551,2930
Pitcher,Michael Castillo,sa3076969,837217,2026,International Rookie,International Rookie,1,1,International Rookie,22.333333333333332,21.0,True,False,0.005464377749923917,0.022425652985814136,10.44504995458674,2202,1.211734693877551,1568,5.828392324232145,1.211734693877551,2930
Pitcher,Bryan Landaez,sa3022421,815564,2026,International Rookie,International Rookie,1,1,International Rookie,25.666666666666668,21.0,True,False,0.005464377749923917,0.022425652985814136,10.44504995458674,2202,1.211734693877551,1568,5.828392324232145,1.211734693877551,2930
Pitcher,Michael Gil,sa3025082,822529,2026,International Rookie,International Rookie,1,1,International Rookie,22.0,21.0,True,False,0.005464377749923917,0.022425652985814136,10.44504995458674,2202,1.211734693877551,1568,5.828392324232145,1.211734693877551,2930
Pitcher,Oliver Del Rosario,sa3024888,821660,2026,International Rookie,International Rookie,1,1,International Rookie,28.666666666666668,21.0,True,False,0.005464377749923917,0.022425652985814136,10.44504995458674,2202,1.211734693877551,1568,5.828392324232145,1.211734693877551,2930
Pitcher,Marcos Reynoso,sa3077364,824894,2026,International Rookie,International Rookie,1,1,International Rookie,20.666666666666668,21.0,True,False,0.005464377749923917,0.022425652985814136,10.44504995458674,2202,1.211734693877551,1568,5.828392324232145,1.211734693877551,2930
Pitcher,Samuel Bello,sa3025144,828658,2026,International Rookie,International Rookie,1,1,International Rookie,20.0,21.0,True,False,0.005464377749923917,0.022425652985814136,10.44504995458674,2202,1.211734693877551,1568,5.828392324232145,1.211734693877551,2930
Pitcher,Junior Suarez,sa3021031,811145,2026,International Rookie,International Rookie,1,1,International Rookie,24.333333333333332,21.0,True,False,0.005464377749923917,0.022425652985814136,10.44504995458674,2202,1.211734693877551,1568,5.828392324232145,1.211734693877551,2930
Pitcher,Kevin Tejada,sa3022046,813979,2026,International Rookie,International Rookie,1,1,International Rookie,20.0,21.0,True,False,0.005464377749923917,0.022425652985814136,10.44504995458674,2202,1.211734693877551,1568,5.828392324232145,1.211734693877551,2930
Pitcher,Joismer Sandoval,sa3069003,836275,2026,International Rookie,International Rookie,1,1,International Rookie,20.333333333333332,21.0,True,False,0.005464377749923917,0.022425652985814136,10.44504995458674,2202,1.211734693877551,1568,5.828392324232145,1.211734693877551,2930
Pitcher,Fleury Soriano,sa3068519,834945,2026,International Rookie,International Rookie,1,1,International Rookie,23.333333333333332,21.0,True,False,0.005464377749923917,0.022425652985814136,10.44504995458674,2202,1.211734693877551,1568,5.828392324232145,1.211734693877551,2930
Pitcher,Samuel Carmona,sa3023050,815776,2026,International Rookie,International Rookie,1,1,International Rookie,29.333333333333332,21.0,True,False,0.005464377749923917,0.022425652985814136,10.44504995458674,2202,1.211734693877551,1568,5.828392324232145,1.211734693877551,2930
Pitcher,Gabriel Fuentes,sa3077249,837303,2026,International Rookie,International Rookie,1,1,International Rookie,23.0,21.0,True,False,0.005464377749923917,0.022425652985814136,10.44504995458674,2202,1.211734693877551,1568,5.828392324232145,1.211734693877551,2930
Pitcher,Jose Cruz,sa3024843,821781,2026,International Rookie,International Rookie,1,1,International Rookie,25.0,21.0,True,False,0.005464377749923917,0.022425652985814136,10.44504995458674,2202,1.211734693877551,1568,5.828392324232145,1.211734693877551,2930
Pitcher,Neftali Taveras,sa3024224,820824,2026,International Rookie,International Rookie,1,1,International Rookie,22.0,21.0,True,False,0.005464377749923917,0.022425652985814136,10.44504995458674,2202,1.211734693877551,1568,5.828392324232145,1.211734693877551,2930
Pitcher,Josue Silvestre,sa3024875,827440,2026,International Rookie,International Rookie,1,1,International Rookie,22.0,21.0,True,False,0.005464377749923917,0.022425652985814136,10.44504995458674,2202,1.211734693877551,1568,5.828392324232145,1.211734693877551,2930
Pitcher,Jack Nedrow,sa3076368,828616,2026,A,A,3,1,A,49.333333333333336,23.0,True,True,0.009650470963270123,0.06033857696571644,6.577401926239135,4257,5.061155630535639,2371,5.819278778387387,5.061155630535639,2951
Pitcher,Troy Watson,sa3007249,681890,2026,AAA,AAA,6,3,A | AA | AAA,68.33333333333333,29.000000000000004,True,True,0.02749684744680329,0.2993744900560655,10.679196924391286,2341,0.9291521486643438,861,5.804174536527815,0.9291521486643438,2952
Pitcher,Richard Guasch,sa3008434,683014,2026,AA,AA,5,4,International Rookie | A | A+ | AA,22.333333333333332,27.999999999999996,True,False,0.02585897494803674,0.0758982702592154,5.504322766570605,3470,6.101477199743096,1557,5.80289998315685,5.504322766570605,2953
Pitcher,Evan Gray,sa3032609,690367,2026,A,A,3,1,A,50.333333333333336,25.000000000000004,True,True,0.010326648819034267,0.05289898348675267,4.8390885600187925,4257,6.748207507380852,2371,5.793648033699823,4.8390885600187925,2954
Pitcher,Deiker Pineda,sa3068163,833484,2026,Complex,Complex,2,2,International Rookie | Complex,33.0,20.0,True,True,0.001987281940928828,0.039122779123750936,4.4619422572178475,1524,6.9789674952198855,1046,5.7204548762188665,4.4619422572178475,2955
Pitcher,Benny Thompson,sa3022873,802967,2026,A+,A+,4,2,A | A+,58.0,24.0,True,True,0.01259187813198388,0.06417578844058183,6.111670020120724,3976,5.317073170731708,2050,5.714371595426216,5.317073170731708,2956
Pitcher,Genesis Cabrera,17490,650893,2026,AAA,AAA,6,5,International Rookie | A | A+ | AA | AAA,36.33333333333333,29.0,True,True,0.035877095300127226,0.2502694599996525,8.543357539513028,2341,2.7874564459930316,861,5.66540699275303,2.7874564459930316,2957
Pitcher,Max Alba,sa3020525,681294,2026,AA,AA,5,3,A | A+ | AA,82.33333333333333,26.0,True,True,0.023842687209172677,0.09380531002147197,7.579250720461095,3470,3.725112395632627,1557,5.652181558046861,3.725112395632627,2958
Pitcher,Chris McElvain,sa3020806,687226,2026,AA,AA,5,3,A | A+ | AA,76.33333333333333,25.0,True,True,0.026024935026734843,0.06652249321006033,4.812680115273775,3470,6.358381502890174,1557,5.585530809081974,4.812680115273775,2959
Pitcher,Enmanuel De La Rosa,sa3069049,836342,2026,International Rookie,International Rookie,1,1,International Rookie,41.666666666666664,23.0,True,True,0.0058607279179455594,0.014039156236907779,3.3151680290644867,2202,7.844387755102041,1568,5.579777892083264,3.3151680290644867,2960
Pitcher,Lou Trivino III,15043,642152,2026,AAA,AAA,6,4,A | A+ | AA | AAA,41.333333333333336,34.0,True,True,0.030927998618738812,0.27732185234585,9.824861170439982,2341,1.2775842044134726,861,5.551222687426727,1.2775842044134726,2961
Pitcher,Kenny Serwa,sa3067062,690162,2026,AA,AA,5,2,A+ | AA,117.0,28.0,True,True,0.027711985377849736,0.04296259046813484,2.4207492795389047,3470,8.670520231213873,1557,5.545634755376389,2.4207492795389047,2962
Pitcher,Jaycob Deese,sa3020376,671600,2026,AA,AA,5,2,A+ | AA,59.666666666666664,26.0,True,True,0.025511253306020696,0.06989375558364591,5.129682997118156,3470,5.908798972382788,1557,5.519240984750471,5.129682997118156,2963
Pitcher,Rob Hensey,sa3020332,802996,2026,A+,A+,4,2,A | A+,21.0,26.0,True,False,0.013599264409505095,0.05335282835296978,4.476861167002012,3976,6.487804878048781,2050,5.482333022525396,4.476861167002012,2964
Pitcher,Jackson Lancaster,sa3021468,688776,2026,AA,AA,5,2,A+ | AA,25.333333333333332,27.0,True,False,0.026047756405127093,0.0651779026176253,4.582132564841499,3470,6.358381502890174,1557,5.4702570338658365,4.582132564841499,2965
Pitcher,Ruben Menes,sa3022122,808048,2026,A+,A+,4,2,Complex | A+,51.666666666666664,24.0,True,True,0.007357163904608636,0.08210236109954937,9.859154929577464,3976,0.975609756097561,2050,5.417382342837513,0.975609756097561,2966
Pitcher,Chase Solesky,25480,686678,2026,AAA,AAA,6,4,A | A+ | AA | AAA,70.66666666666667,28.0,True,True,0.03280644169302752,0.2712762750718085,9.312259718069201,2341,1.5098722415795587,861,5.4110659798243805,1.5098722415795587,2967
Pitcher,Mitch Myers,sa3018179,688490,2026,AA,A+,5,3,A | A+ | AA,22.666666666666668,26.0,True,False,0.022460905879480478,0.09657769873349627,7.838616714697406,3470,2.954399486191394,1557,5.3965081004444,2.954399486191394,2968
Pitcher,Brian Zeldin,sa3076127,823227,2026,A+,A+,4,1,A+,32.333333333333336,25.0,True,True,0.013821413409801624,0.05124060865432959,4.124748490945674,3976,6.585365853658536,2050,5.355057172302105,4.124748490945674,2969
Pitcher,Yerlin Rodriguez,sa3015362,693750,2026,A+,A+,4,3,Complex | A | A+,38.0,24.0,True,True,0.012600711039949641,0.058158592045628454,5.331991951710261,3976,5.317073170731708,2050,5.324532561220984,5.317073170731708,2970
Pitcher,Cam Sanders,23479,676742,2026,AAA,AAA,6,3,A | AA | AAA,24.333333333333332,29.0,True,False,0.03463706902525438,0.2453648261557025,8.244340025630073,2341,2.3228803716608595,861,5.283610198645467,2.3228803716608595,2971
Pitcher,Nolan Kingham,21573,663884,2026,AAA,AAA,6,3,A+ | AA | AAA,66.33333333333334,28.999999999999996,True,True,0.0328840409760508,0.25857649331031596,8.842375053395985,2341,1.5098722415795587,861,5.176123647487772,1.5098722415795587,2972
Pitcher,Jonathan Todd,sa3025575,828496,2026,A+,A+,4,1,A+,45.0,24.0,True,True,0.010902727436619025,0.06741867970033437,6.589537223340041,3976,3.658536585365854,2050,5.1240369043529475,3.658536585365854,2973
Pitcher,Raul Brito,sa928287,669993,2026,AAA,AAA,6,5,International Rookie | A | A+ | AA | AAA,53.0,29.0,True,True,0.03818268555567332,0.20821348797097944,6.151217428449381,2341,4.065040650406504,861,5.108129039427943,4.065040650406504,2974
Pitcher,Taylor Rashi,26344,688497,2026,AAA,AAA,6,3,A+ | AA | AAA,43.33333333333333,30.000000000000004,True,True,0.037063218504578936,0.21477420125726218,6.364801366937206,2341,3.832752613240418,861,5.098776990088812,3.832752613240418,2975
Pitcher,Ubert Mejias,sa3021562,811229,2026,A+,A+,4,3,Complex | A | A+,36.0,25.0,True,True,0.004967979777917173,0.08115924255176625,9.683098591549296,3976,0.43902439024390244,2050,5.061061490896599,0.43902439024390244,2976
Pitcher,Jake Bockenstedt,sa3023007,804728,2026,A+,A+,4,2,A | A+,23.333333333333332,26.0,True,False,0.012775512395259578,0.05197613947973848,4.351106639839034,3976,5.609756097560975,2050,4.980431368700005,4.351106639839034,2977
Pitcher,Zane Morehouse,sa3023062,689557,2026,AA,AA,5,2,A+ | AA,34.666666666666664,26.0,True,True,0.025682553670367737,0.05640810947476988,3.861671469740634,3470,6.0372511239563265,1557,4.94946129684848,3.861671469740634,2978
Pitcher,Isaac Mattson,20385,676755,2026,AAA,AAA,6,4,A | A+ | AA | AAA,20.333333333333332,30.0,True,False,0.035916220865025175,0.22605342215071428,7.048269970098248,2341,2.7874564459930316,861,4.91786320804564,2.7874564459930316,2979
Pitcher,Drew Smith,17755,622098,2026,AAA,AAA,6,3,A | A+ | AAA,24.666666666666668,32.0,True,False,0.03304053150167214,0.2455975952202297,8.287056813327638,2341,1.5098722415795587,861,4.898464527453598,1.5098722415795587,2980
Pitcher,Tanner Perry,sa3076115,811697,2026,A+,A+,4,2,A | A+,37.333333333333336,23.0,True,True,0.009802740137446793,0.07063812087887186,7.4195171026156945,3976,2.341463414634146,2050,4.880490258624921,2.341463414634146,2981
Pitcher,Steffon Moore,sa3007857,682064,2026,AA,AA,5,2,A | AA,25.0,29.0,True,False,0.024519902844564567,0.06783444182087653,4.927953890489913,3470,4.8169556840077075,1557,4.87245478724881,4.8169556840077075,2982
Pitcher,Erian Rodriguez,sa3019625,701477,2026,AA,AA,5,3,A | A+ | AA,34.666666666666664,24.0,True,True,0.023055675595680888,0.08380765954048244,6.5706051873198845,3470,3.147077713551702,1557,4.8588414504357935,3.147077713551702,2983
Pitcher,Thomas Hatch,19264,641672,2026,AAA,AAA,6,3,A+ | AA | AAA,51.666666666666664,31.0,True,True,0.03807595731361675,0.2008970617624527,5.766766339171294,2341,3.948896631823461,861,4.857831485497377,3.948896631823461,2984
Pitcher,Victor Cabreja,sa3018342,800573,2026,A+,A+,4,4,International Rookie | Complex | A | A+,73.66666666666667,24.0,True,True,0.004413816551504034,0.07899634554574744,9.280684104627767,3976,0.3902439024390244,2050,4.835464003533396,0.3902439024390244,2985
Pitcher,Morris Austin,sa3022955,809459,2026,A+,A+,4,2,A | A+,23.666666666666668,26.0,True,False,0.012563453101581152,0.0519789400335827,4.351106639839034,3976,5.317073170731708,2050,4.834089905285371,4.351106639839034,2986
Pitcher,Justin Dunn,19268,643290,2026,AAA,AAA,6,3,A+ | AA | AAA,39.666666666666664,30.000000000000004,True,True,0.03651453749015378,0.21465504949195244,6.364801366937206,2341,3.252032520325203,861,4.8084169436312045,3.252032520325203,2987
Pitcher,Gerson Garabito,19835,642520,2026,AAA,AAA,6,6,International Rookie | Complex | A | A+ | AA | AAA,39.666666666666664,30.000000000000004,True,True,0.03280108129387714,0.24353231746757117,8.030756087142247,2341,1.5098722415795587,861,4.770314164360903,1.5098722415795587,2988
Pitcher,Michael Rucker,19454,621074,2026,AAA,AAA,6,3,A+ | AA | AAA,22.666666666666668,32.0,True,False,0.03489757202103038,0.22508217254193458,6.962836394703118,2341,2.4390243902439024,861,4.70093039247351,2.4390243902439024,2989
Pitcher,Chase Chaney,sa3010369,681116,2026,AA,AA,5,4,Complex | A | A+ | AA,63.333333333333336,26.0,True,True,0.021985592495799948,0.0833541776605277,6.54178674351585,3470,2.697495183044316,1557,4.619640963280083,2.697495183044316,2990
Pitcher,Gabe Tanner,sa3077616,842589,2026,A,A,3,1,A,66.33333333333333,24.0,True,True,0.010294422722085974,0.041413866773660844,2.4900164435048158,4257,6.663854913538591,2371,4.5769356785217035,2.4900164435048158,2991
Pitcher,Colin Peluse,sa3011126,668761,2026,AAA,AA,6,3,A+ | AA | AAA,65.0,25.0,True,True,0.03975772150935416,0.15013639097294487,4.100811618966254,2341,4.994192799070848,861,4.547502209018551,4.100811618966254,2992
Pitcher,Justin Fuson,sa3076406,842085,2026,Complex,Complex,2,1,Complex,44.0,26.0,True,True,0.002194464948461555,0.022846090672984983,1.0498687664041995,1524,8.030592734225621,1046,4.54023075031491,1.0498687664041995,2993
Pitcher,Jefry Yan,27902,642376,2026,AAA,AA,6,3,International Rookie | AA | AAA,29.666666666666668,28.0,True,False,0.03271470198108064,0.23627912192191367,7.56087142246903,2341,1.5098722415795587,861,4.535371832024294,1.5098722415795587,2994
Pitcher,Jack Leftwich,sa3018169,676393,2026,AAA,AAA,6,4,A | A+ | AA | AAA,57.333333333333336,27.0,True,True,0.03667885596414556,0.19375359089106725,5.510465612985904,2341,3.484320557491289,861,4.497393085238596,3.484320557491289,2995
Pitcher,Lael Lockhart,sa3017502,679712,2026,AAA,AA,6,3,A+ | AA | AAA,86.0,27.0,True,True,0.03216598530899476,0.23897850934037423,7.689021785561725,2341,1.2775842044134726,861,4.483302994987599,1.2775842044134726,2996
Pitcher,Luis Victorino,sa3019289,804613,2026,A,A,3,3,International Rookie | Complex | A,31.0,23.0,True,True,0.0060359396967340885,0.0633055918129542,7.376086445853888,4257,1.560522986081822,2371,4.468304715967855,1.560522986081822,2997
Pitcher,Adrian Belen,sa3024795,825432,2026,Complex,Complex,2,2,International Rookie | Complex,34.666666666666664,21.0,True,True,0.001587999298732595,0.03940545589869052,4.6587926509186355,1524,4.2065009560229445,1046,4.43264680347079,4.2065009560229445,2998
Pitcher,Garrett Gainey,sa3025668,822535,2026,A+,A+,4,1,A+,69.66666666666667,26.0,True,True,0.01006158537973117,0.0651329405310585,6.312877263581489,3976,2.5365853658536586,2050,4.424731314717574,2.5365853658536586,2999
Pitcher,Zac Leigh,sa3017873,684949,2026,AAA,AAA,6,3,A+ | AA | AAA,36.333333333333336,28.0,True,True,0.03809518903223666,0.17363313844098785,4.784280222127296,2341,3.948896631823461,861,4.366588426975379,3.948896631823461,3000
Pitcher,Tayler Saucedo,17888,642048,2026,AAA,AAA,6,4,A | A+ | AA | AAA,38.333333333333336,33.0,True,True,0.038547712636013344,0.1448956895653117,3.9726612558735583,2341,4.645760743321719,861,4.309210999597639,3.9726612558735583,3001
Pitcher,Jack Dashwood,sa3015035,669081,2026,AAA,AA,6,4,A | A+ | AA | AAA,54.0,27.0,True,True,0.03480509815427943,0.2076799678252514,6.151217428449381,2341,2.4390243902439024,861,4.295120909346641,2.4390243902439024,3002
Pitcher,Erick Reynoso,sa3021749,807791,2026,A,A,3,2,Complex | A,31.333333333333332,23.0,True,True,0.008463707579897088,0.05300744842069219,4.862579281183932,4257,3.7115141290594686,2371,4.287046705121701,3.7115141290594686,3003
Pitcher,Ethan Routzahn,sa3017206,701240,2026,AAA,AAA,6,3,A+ | AA | AAA,66.0,28.0,True,True,0.037682741822040254,0.16699984719743013,4.613413071337035,2341,3.832752613240418,861,4.2230828422887265,3.832752613240418,3004
Pitcher,Brent Francisco,sa3067529,828671,2026,A,A,3,1,A,43.666666666666664,24.999999999999996,True,True,0.008014500427500649,0.05441466472587384,5.238430819826169,4257,3.2053985660059046,2371,4.2219146929160365,3.2053985660059046,3005
Pitcher,Nick Pinto,sa3025641,688902,2026,A,A,3,1,A,25.333333333333332,26.0,True,False,0.010800994902784198,0.02976900349769324,0.8926474042753113,4257,7.549557148882328,2371,4.2211022765788195,0.8926474042753113,3006
Pitcher,Zac Lampton,sa3076330,804803,2026,A,A,3,1,A,21.333333333333332,26.0,True,False,0.010800994902784198,0.02976900349769324,0.8926474042753113,4257,7.549557148882328,2371,4.2211022765788195,0.8926474042753113,3006
Pitcher,Jeisson Cabrera,sa3006501,678922,2026,AA,AA,5,4,International Rookie | Complex | A+ | AA,50.333333333333336,27.0,True,True,0.01998188527860756,0.08344914223318185,6.54178674351585,3470,1.7341040462427746,1557,4.137945394879313,1.7341040462427746,3008
Pitcher,Huascar Ynoa,20468,660623,2026,AAA,AAA,6,5,International Rookie | Complex | A | A+ | AAA,60.0,28.0,True,True,0.027616036611121702,0.23101641321151145,7.261853908586074,2341,0.9291521486643438,861,4.095503028625209,0.9291521486643438,3009
Pitcher,Jordan Montgomery,16511,656756,2026,AAA,AAA,6,4,A | A+ | AA | AAA,21.0,33.0,True,False,0.03341748965440583,0.2146701595796569,6.364801366937206,2341,1.6260162601626016,861,3.9954088135499037,1.6260162601626016,3010
Pitcher,Jose G. Gonzalez,sa3016249,696035,2026,Complex,Complex,2,2,International Rookie | Complex,22.0,24.0,True,False,0.001914366313923422,0.02596585165188242,1.5091863517060367,1524,6.405353728489484,1046,3.95727004009776,1.5091863517060367,3011
Pitcher,Wily Villar,sa3067638,835183,2026,A,A,3,1,A,40.666666666666664,27.0,True,True,0.010231790084552814,0.03422049010904355,1.3154803852478272,4257,6.5795023196963305,2371,3.947491352472079,1.3154803852478272,3012
Pitcher,Grant Gambrell,sa3011129,669183,2026,AAA,AA,6,3,A+ | AA | AAA,83.66666666666667,26.0,True,True,0.029066354337086233,0.221017680230733,6.791969243912858,2341,1.0452961672473868,861,3.9186327055801224,1.0452961672473868,3013
Pitcher,Devin Sweet,25348,682967,2026,AAA,AAA,6,3,A | AA | AAA,60.333333333333336,29.0,True,True,0.039297449138564866,0.11828518852487041,3.032891926527125,2341,4.761904761904762,861,3.8973983442159437,3.032891926527125,3014
Pitcher,Brandon Johnson,sa3020610,699489,2026,AAA,AA,6,3,A+ | AA | AAA,49.333333333333336,26.0,True,True,0.03875249328882397,0.12075154646823061,3.0756087142246904,2341,4.645760743321719,861,3.8606847287732045,3.0756087142246904,3015
Pitcher,Josnier Parra,sa3021488,807206,2026,A,A,3,3,International Rookie | Complex | A,47.333333333333336,24.0,True,True,0.006719597583644871,0.056201181366427086,5.567300916138126,4257,2.1509911429776465,2371,3.859146029557886,2.1509911429776465,3016
Pitcher,Joe Ross,12972,605452,2026,AAA,AAA,6,4,A | A+ | AA | AAA,57.666666666666664,33.0,True,True,0.030601008666621802,0.21795927717096322,6.5356685177274665,2341,1.1614401858304297,861,3.8485543517789482,1.1614401858304297,3017
Pitcher,Kirby Snead,19179,669912,2026,AAA,AAA,6,4,A | A+ | AA | AAA,43.333333333333336,31.000000000000004,True,True,0.03260346563402495,0.20829953735868123,6.151217428449381,2341,1.5098722415795587,861,3.8305448350144697,1.5098722415795587,3018
Pitcher,Dillon Tate,17796,622253,2026,AAA,AAA,6,4,A | A+ | AA | AAA,26.666666666666668,32.0,True,False,0.03018886941478991,0.21641109605633146,6.407518154634771,2341,1.1614401858304297,861,3.7844791702326006,1.1614401858304297,3019
Pitcher,Ofreidy Gomez,sa737451,628709,2026,AAA,AAA,6,5,International Rookie | A | A+ | AA | AAA,39.666666666666664,30.000000000000004,True,True,0.03401220369461976,0.19656559491779615,5.595899188381034,2341,1.8583042973286876,861,3.7271017428548605,1.8583042973286876,3020
Pitcher,Gabe Klobosits,19881,656620,2026,AAA,AAA,6,2,AA | AAA,30.0,31.0,True,True,0.03699698351155443,0.13667590535278057,3.545493378897907,2341,3.832752613240418,861,3.6891229960691625,3.545493378897907,3021
Pitcher,Geison Urbaez,sa3015135,696064,2026,AA,AA,5,4,Complex | A | A+ | AA,33.0,25.0,True,True,0.024971682662679354,0.04154814056883832,2.276657060518732,3470,5.073859987154785,1557,3.6752585238367583,2.276657060518732,3022
Pitcher,Cole Roland,sa3076367,813401,2026,A+,A+,4,1,A+,46.333333333333336,27.0,True,True,0.009955062323819153,0.05609046626545139,4.82897384305835,3976,2.3902439024390243,2050,3.6096088727486872,2.3902439024390243,3023
Pitcher,CJ Weins,sa3023221,694291,2026,A+,A+,4,2,A | A+,35.0,25.0,True,True,0.011579528751231919,0.04217888084295991,2.8923541247484907,3976,4.2926829268292686,2050,3.5925185257888796,2.8923541247484907,3024
Pitcher,Joe Adametz,sa3022323,701564,2026,A+,A+,4,3,Complex | A | A+,68.33333333333333,26.0,True,True,0.006561902676386039,0.06535719878624191,6.338028169014085,3976,0.8292682926829268,2050,3.583648230848506,0.8292682926829268,3025
Pitcher,Connor Oliver,sa3023200,700179,2026,AA,AA,5,3,A | A+ | AA,68.0,25.0,True,True,0.018885369105265067,0.07839632131570166,5.792507204610951,3470,1.348747591522158,1557,3.5706273980665544,1.348747591522158,3026
Pitcher,Darren McCaughan,20038,670766,2026,AAA,AAA,6,3,A+ | AA | AAA,55.333333333333336,30.0,True,True,0.03938894309580176,0.10082883038811886,2.349423323366083,2341,4.761904761904762,861,3.5556640426354225,2.349423323366083,3027
Pitcher,Kevin Abel,sa3017879,674265,2026,AA,AA,5,3,A | A+ | AA,93.0,27.0,True,True,0.022087146735422183,0.06068998259043232,4.293948126801153,3470,2.7617212588310855,1557,3.5278346928161195,2.7617212588310855,3028
Pitcher,Alec Baker,sa3022794,696508,2026,AA,AA,5,2,A+ | AA,66.0,26.0,True,True,0.022144052529789755,0.05935026635259202,4.207492795389049,3470,2.825947334617855,1557,3.516720065003452,2.825947334617855,3029
Pitcher,P.J. Labriola,sa3068587,686623,2026,A+,A+,4,2,A | A+,33.666666666666664,25.0,True,True,0.012122065322953804,0.03807143725985413,2.339034205231388,3976,4.682926829268292,2050,3.5109805172498403,2.339034205231388,3030
Pitcher,Gavin Adams,sa3067453,701400,2026,A,A,3,1,A,33.333333333333336,23.0,True,True,0.010470368971411992,0.0155438489115611,0.1644350481559784,4257,6.790383804301983,2371,3.4774094262289803,0.1644350481559784,3031
Pitcher,Tyler Beede,16981,595881,2026,AAA,AAA,6,3,A+ | AA | AAA,22.666666666666668,33.0,True,False,0.030764996224291748,0.19732304310642934,5.595899188381034,2341,1.2775842044134726,861,3.4367416963972532,1.2775842044134726,3032
Pitcher,Jordan Geber,sa3019958,802363,2026,AA,AA,5,3,A | A+ | AA,38.333333333333336,26.0,True,True,0.02406307012965794,0.04883761755226136,2.9394812680115274,3470,3.917790622992935,1557,3.428635945502231,2.9394812680115274,3033
Pitcher,Matt Bowman,13528,621199,2026,AAA,AAA,6,4,A | A+ | AA | AAA,49.666666666666664,35.0,True,True,0.025849502730449433,0.21180251258510094,6.236651003844511,2341,0.5807200929152149,861,3.4086855483798626,0.5807200929152149,3034
Pitcher,Javy Guerra,17292,642770,2026,AAA,AAA,6,1,AAA,37.0,30.0,True,True,0.0366240243756844,0.12905985436497508,3.3319094404100813,2341,3.484320557491289,861,3.408114998950685,3.3319094404100813,3035
Pitcher,Mitch Neunborn,sa3021722,666748,2026,AAA,AAA,6,3,A+ | AA | AAA,22.333333333333332,29.0,True,False,0.03399101680603364,0.1793839915023507,4.955147372917557,2341,1.8583042973286876,861,3.406725835123122,1.8583042973286876,3036
Pitcher,Nicolo Pinazzi,sa3015335,695950,2026,A,A,3,2,Complex | A,29.333333333333332,26.0,True,False,0.00977265352843967,0.035061779025759715,1.432933991073526,4257,5.314213412062421,2371,3.3735737015679734,1.432933991073526,3037
Pitcher,Jason Alexander,19666,669920,2026,AAA,AAA,6,4,Complex | A+ | AA | AAA,76.33333333333333,33.0,True,True,0.023492544216970935,0.2087793783111161,6.193934216146946,2341,0.4645760743321719,861,3.329255145239559,0.4645760743321719,3038
Pitcher,Hunter Stanley,sa3018148,701533,2026,AAA,AAA,6,2,AA | AAA,31.0,28.0,True,True,0.03550093129393411,0.14774683863127408,4.100811618966254,2341,2.5551684088269453,861,3.327990013896599,2.5551684088269453,3039
Pitcher,Anderson Severino,20582,644429,2026,AAA,AAA,6,5,Complex | A | A+ | AA | AAA,20.666666666666668,31.000000000000004,True,False,0.024751910118405128,0.2070115880999909,6.06578385305425,2341,0.5807200929152149,861,3.3232519729847323,0.5807200929152149,3040
Pitcher,Enoli Paredes,20447,660600,2026,AAA,AAA,6,5,Complex | A | A+ | AA | AAA,41.333333333333336,30.0,True,True,0.034386193767919584,0.16501247373304306,4.5279794959419055,2341,2.0905923344947737,861,3.3092859152183394,2.0905923344947737,3041
Pitcher,Hobie Harris,18615,665048,2026,AAA,AAA,6,3,A | A+ | AAA,21.333333333333332,33.0,True,False,0.03150132540999499,0.19173906754143977,5.339598462195643,2341,1.2775842044134726,861,3.308591333304558,1.2775842044134726,3042
Pitcher,Sean Hunley,sa3017316,695038,2026,AAA,AA,6,2,AA | AAA,30.666666666666668,25.0,True,True,0.03755476881695719,0.10953012948847315,2.691157624946604,2341,3.832752613240418,861,3.261955119093511,2.691157624946604,3043
Pitcher,Alan Rangel,19524,660604,2026,AAA,AAA,6,5,Complex | A | A+ | AA | AAA,103.0,28.0,True,True,0.03311209996971521,0.1756696776728552,4.912430585219991,2341,1.5098722415795587,861,3.211151413399775,1.5098722415795587,3044
Pitcher,Drew Conover,sa3023279,805418,2026,A+,A+,4,2,Complex | A+,36.666666666666664,24.0,True,True,0.008182834468071139,0.057065577210692345,5.030181086519114,3976,1.3170731707317074,2050,3.173627128625411,1.3170731707317074,3045
Pitcher,Inohan Paniagua,sa3006417,681644,2026,A+,A+,4,4,International Rookie | Complex | A | A+,22.666666666666668,26.0,True,False,0.007049379578012246,0.05854453789390552,5.382293762575452,3976,0.926829268292683,2050,3.1545615154340676,0.926829268292683,3046
Pitcher,Alek Manoah,26410,666201,2026,AAA,AAA,6,1,AAA,30.666666666666668,28.0,True,True,0.040635995652544145,0.026329232194271697,0.34173430158052115,2341,5.923344947735192,861,3.1325396246578565,0.34173430158052115,3047
Pitcher,Thomas Pannone,17281,623381,2026,AAA,AAA,6,5,Complex | A | A+ | AA | AAA,95.66666666666667,32.0,True,True,0.02958819810787987,0.18788943909903313,5.211448099102947,2341,1.0452961672473868,861,3.128372133175167,1.0452961672473868,3048
Pitcher,J.P. France,21212,641585,2026,AAA,AAA,6,3,A+ | AA | AAA,47.0,31.0,True,True,0.03339058573357081,0.1655203697540851,4.57069628363947,2341,1.6260162601626016,861,3.098356271901036,1.6260162601626016,3049
Pitcher,Andrew Pogue,sa3069138,689535,2026,A,A,3,1,A,34.333333333333336,25.0,True,True,0.009869830908891679,0.024242212410200987,0.5402865867982147,4257,5.609447490510333,2371,3.074867038654274,0.5402865867982147,3050
Pitcher,Jose Geraldo,sa3016295,702751,2026,A+,A+,4,3,International Rookie | A | A+,47.0,26.0,True,True,0.0060690754291564735,0.05883098867207756,5.407444668008048,3976,0.7317073170731707,2050,3.069575992540609,0.7317073170731707,3051
Pitcher,Jacob Waguespack,18318,621097,2026,AAA,AAA,6,4,A | A+ | AA | AAA,21.666666666666668,32.0,True,False,0.02990054783718904,0.17950906496058497,4.955147372917557,2341,1.1614401858304297,861,3.0582937793739933,1.1614401858304297,3052
Pitcher,Tucker Davidson,19871,656353,2026,AAA,AAA,6,5,Complex | A | A+ | AA | AAA,93.33333333333333,30.0,True,True,0.03055585396229002,0.17797052464547047,4.955147372917557,2341,1.1614401858304297,861,3.0582937793739933,1.1614401858304297,3052
Pitcher,Jalen Evans,sa3076092,837584,2026,A+,A+,4,1,A+,48.666666666666664,27.0,True,True,0.010528490778365136,0.04506512068966986,3.0684104627766597,3976,2.975609756097561,2050,3.0220101094371103,2.975609756097561,3054
Pitcher,Jay Schueler,sa3025300,700849,2026,A+,A+,4,2,A | A+,39.666666666666664,25.0,True,True,0.008999988547107223,0.05140846660524497,4.149899396378269,3976,1.8048780487804879,2050,2.9773887225793785,1.8048780487804879,3055
Pitcher,Zach Peek,sa3014469,686745,2026,AA,AA,5,3,A | A+ | AA,37.0,28.0,True,True,0.02339884107177969,0.04487142705699265,2.564841498559078,3470,3.3397559409120103,1557,2.952298719735544,2.564841498559078,3056
Pitcher,Anderson Pilar,sa917899,666768,2026,AAA,AAA,6,5,International Rookie | A | A+ | AA | AAA,45.0,28.0,True,True,0.029806746259442997,0.17092697798903655,4.741563434429731,2341,1.1614401858304297,861,2.9515018101300803,1.1614401858304297,3057
Pitcher,Elieser Hernandez,16933,622694,2026,AAA,AAA,6,5,International Rookie | Complex | A | A+ | AAA,81.33333333333333,30.999999999999996,True,True,0.030465961159817426,0.16870141779111153,4.613413071337035,2341,1.1614401858304297,861,2.8874266285837327,1.1614401858304297,3058
Pitcher,Seth Martinez,21045,661527,2026,AAA,AAA,6,4,A | A+ | AA | AAA,72.0,31.0,True,True,0.031247873829724885,0.1608932291203926,4.357112345151645,2341,1.2775842044134726,861,2.817348274782559,1.2775842044134726,3059
Pitcher,Cooper McGrath,sa3037613,822824,2026,A,A,3,1,A,54.666666666666664,25.0,True,True,0.008887195974326776,0.0348676881359028,1.409443269908386,4257,4.217629692113032,2371,2.813536481010709,1.409443269908386,3060
Pitcher,Jack Mahoney,sa3068674,680823,2026,A+,A+,4,1,A+,24.0,27.0,True,False,0.01092735510737809,0.03602994972639843,1.9617706237424548,3976,3.658536585365854,2050,2.8101536045541544,1.9617706237424548,3061
Pitcher,Eston Stull,sa3067506,834575,2026,A+,A+,4,1,A+,26.666666666666668,27.0,True,False,0.01092735510737809,0.03602994972639843,1.9617706237424548,3976,3.658536585365854,2050,2.8101536045541544,1.9617706237424548,3061
Pitcher,Domingo Robles,sa872881,660781,2026,AA,AA,5,5,International Rookie | Complex | A | A+ | AA,38.0,28.0,True,True,0.019882837939637608,0.05756525413909227,3.9769452449567724,3470,1.6056518946692357,1557,2.791298569813004,1.6056518946692357,3063
Pitcher,Caleb Freeman,26255,673965,2026,AAA,AA,6,3,A+ | AA | AAA,33.0,27.0,True,True,0.03564057119241964,0.11537063316899168,2.90474156343443,2341,2.671312427409988,861,2.788026995422209,2.671312427409988,3064
Pitcher,Javi Rivera,sa3018184,695373,2026,AA,AA,5,3,A | A+ | AA,87.66666666666667,26.0,True,True,0.023097433043882742,0.042723707230218115,2.3919308357348705,3470,3.147077713551702,1557,2.7695042746432863,2.3919308357348705,3065
Pitcher,John Brebbia,12777,605154,2026,AAA,AAA,6,4,A | A+ | AA | AAA,51.66666666666667,36.0,True,True,0.02462770037740353,0.17881016399493305,4.955147372917557,2341,0.5807200929152149,861,2.7679337329163856,0.5807200929152149,3066
Pitcher,Jacob Cravey,sa3023423,814837,2026,A+,A+,4,2,A | A+,32.333333333333336,24.0,True,True,0.010152200865533846,0.04318408635692887,2.942655935613682,3976,2.5853658536585367,2050,2.764010894636109,2.5853658536585367,3067
Pitcher,Dom Hamel,30153,687589,2026,AAA,AAA,6,4,A | A+ | AA | AAA,91.33333333333333,27.0,True,True,0.03538091880448934,0.11646708682903709,3.032891926527125,2341,2.4390243902439024,861,2.7359581583855137,2.4390243902439024,3068
Pitcher,Gerlin Rosario,sa3019251,703895,2026,A+,A+,4,3,International Rookie | A | A+,42.0,24.0,True,True,0.008572676095035476,0.05007280307964785,3.898390342052314,3976,1.5609756097560976,2050,2.729682975904206,1.5609756097560976,3069
Pitcher,Orlando Ortiz-Mayr,sa3018181,689508,2026,AA,AA,5,3,A | A+ | AA,87.66666666666667,28.000000000000004,True,True,0.017729010688538438,0.06458859778264232,4.582132564841499,3470,0.8349389852280026,1557,2.7085357750347505,0.8349389852280026,3070
Pitcher,Hunter Hayes,sa3020450,702119,2026,AA,AA,5,3,A | A+ | AA,39.333333333333336,25.0,True,True,0.017698636389546434,0.061610696843005595,4.380403458213256,3470,0.8349389852280026,1557,2.6076712217206293,0.8349389852280026,3071
Pitcher,Jesse Scholtens,19205,669947,2026,AAA,AAA,6,4,A | A+ | AA | AAA,36.666666666666664,32.0,True,True,0.02681105233917381,0.1634170524763866,4.442545920546775,2341,0.6968641114982579,861,2.5697050160225166,0.6968641114982579,3072
Pitcher,Rainiel Duran,sa3069046,820930,2026,International Rookie,International Rookie,1,1,International Rookie,26.333333333333332,21.999999999999996,True,False,0.005464377749923917,0.01478080924860085,3.905540417801998,2202,1.211734693877551,1568,2.5586375558397747,1.211734693877551,3073
Pitcher,Cristian Alvarado,sa3076432,800079,2026,International Rookie,International Rookie,1,1,International Rookie,23.666666666666668,22.000000000000004,True,False,0.005464377749923917,0.014780809248600799,3.905540417801998,2202,1.211734693877551,1568,2.5586375558397747,1.211734693877551,3073
Pitcher,Devin Kirby-Williams,sa3022908,808846,2026,A,A,3,2,Complex | A,23.666666666666668,26.0,True,False,0.007387501969734016,0.040279683380856496,2.2785999530185577,4257,2.7414592998734713,2371,2.5100296264460145,2.2785999530185577,3075
Pitcher,Trendan Parish,sa3039436,701829,2026,A,A,3,1,A,38.0,24.0,True,True,0.008433320915623103,0.03394634559264128,1.2919896640826873,4257,3.6693378321383383,2371,2.480663748110513,1.2919896640826873,3076
Pitcher,Mitch White,sa3075808,813266,2026,AA,AA,5,1,AA,47.666666666666664,26.0,True,True,0.023764942894718345,0.02956100927283467,1.1527377521613833,3470,3.725112395632627,1557,2.438925073897005,1.1527377521613833,3077
Pitcher,Stephen Quigley,sa3025572,808839,2026,A+,A+,4,2,A | A+,47.333333333333336,26.0,True,True,0.01030566667800963,0.03645824140505406,2.0875251509054324,3976,2.7804878048780486,2050,2.4340064778917405,2.0875251509054324,3078
Pitcher,Taylor Floyd,sa3011367,687905,2026,AA,AA,5,2,A+ | AA,68.66666666666667,28.0,True,True,0.021790731472651818,0.03942229350993198,2.0172910662824206,3470,2.697495183044316,1557,2.3573931246633686,2.0172910662824206,3079
Pitcher,Jose Dicochea,sa3011497,686946,2026,A+,A+,4,2,A | A+,52.666666666666664,25.0,True,True,0.008987404498167243,0.04182203907911584,2.867203219315895,3976,1.8048780487804879,2050,2.3360406340481914,1.8048780487804879,3080
Pitcher,Daniel Harper,sa3020316,679702,2026,AA,AA,5,3,A | A+ | AA,36.666666666666664,27.0,True,True,0.019720906334559113,0.04950973626747159,3.0835734870317,3470,1.5414258188824663,1557,2.3124996529570834,1.5414258188824663,3081
Pitcher,Abdiel Mendoza,sa916829,665959,2026,AA,AA,5,4,International Rookie | A | A+ | AA,34.333333333333336,27.0,True,True,0.02001723739053535,0.046887369315645404,2.7377521613832854,3470,1.7341040462427746,1557,2.23592810381303,1.7341040462427746,3082
Pitcher,Hunter Patteson,sa3020954,687593,2026,AA,AA,5,3,A | A+ | AA,99.66666666666667,26.0,True,True,0.01868235852505199,0.05042818914507852,3.1412103746397695,3470,1.2845215157353886,1557,2.212865945187579,1.2845215157353886,3083
Pitcher,Sam Weatherly,sa3014455,676333,2026,AA,AA,5,2,A | AA,51.0,27.0,True,True,0.021071830505346348,0.0400210938978018,2.0461095100864553,3470,2.376364804110469,1557,2.211237157098462,2.0461095100864553,3084
Pitcher,Keynan Middleton,15264,641871,2026,AAA,AAA,6,3,A | A+ | AAA,30.333333333333332,32.0,True,True,0.029385797440220563,0.13111185297874356,3.3746262281076462,2341,1.0452961672473868,861,2.2099611976775164,1.0452961672473868,3085
Pitcher,John Michael Bertrand,sa3020082,802609,2026,AAA,AAA,6,3,A+ | AA | AAA,67.0,28.0,True,True,0.028304036972861907,0.13261582043248443,3.4600598035027765,2341,0.9291521486643438,861,2.1946059760835603,0.9291521486643438,3086
Pitcher,Nick Dombkowski,sa3017201,694298,2026,AAA,AAA,6,2,AA | AAA,73.33333333333333,27.0,True,True,0.03129049611118008,0.12292545143006896,3.0756087142246904,2341,1.2775842044134726,861,2.1765964593190814,1.2775842044134726,3087
Pitcher,Nick Trabacchi,sa3068327,806713,2026,A+,A+,4,1,A+,55.0,27.0,True,True,0.009788722483386619,0.03501552517470118,1.8611670020120725,3976,2.341463414634146,2050,2.1013152083231095,1.8611670020120725,3088
Pitcher,Dylan Cumming,sa3020818,804706,2026,AA,AA,5,3,A | A+ | AA,95.66666666666667,27.0,True,True,0.01883635772203711,0.04781927948414574,2.8530259365994235,3470,1.2845215157353886,1557,2.068773726167406,1.2845215157353886,3089
Pitcher,Cole Irvin,19244,608344,2026,AAA,AAA,6,3,A+ | AA | AAA,129.33333333333334,32.0,True,True,0.02919177833420612,0.11746342829360502,3.032891926527125,2341,1.0452961672473868,861,2.039094046887256,1.0452961672473868,3090
Pitcher,Reid Johnston,sa3018183,694773,2026,AA,AA,5,3,A | A+ | AA,30.666666666666668,27.0,True,True,0.021649241102920228,0.032379853281681005,1.3256484149855907,3470,2.6332691072575467,1557,1.9794587611215686,1.3256484149855907,3091
Pitcher,Ben Lively,14932,594902,2026,AAA,AAA,6,3,A+ | AA | AAA,22.666666666666668,34.0,True,False,0.026126075236764856,0.13018868601071856,3.3319094404100813,2341,0.5807200929152149,861,1.9563147666626481,0.5807200929152149,3092
Pitcher,Nico Tellache,sa3067257,688548,2026,AA,AA,5,2,A+ | AA,129.0,28.0,True,True,0.020843064517198143,0.03565305460537245,1.585014409221902,3470,2.1836865767501608,1557,1.8843504929860315,1.585014409221902,3093
Pitcher,Miguel Cienfuegos,sa3020816,800550,2026,AAA,AAA,6,3,A+ | AA | AAA,49.0,29.0,True,True,0.03066637785644057,0.10362630397253103,2.6057240495514735,2341,1.1614401858304297,861,1.8835821176909517,1.1614401858304297,3094
Pitcher,Odarlin Cruz,sa3021814,811636,2026,Complex,Complex,2,2,International Rookie | Complex,31.666666666666668,21.0,True,True,0.0005944491619104854,0.03296981573646136,3.0183727034120733,1524,0.6692160611854685,1046,1.8437943822987708,0.6692160611854685,3095
Pitcher,Andrew Wantz,24933,681806,2026,AAA,AAA,6,3,A+ | AA | AAA,64.0,30.0,True,True,0.031820298766508645,0.10112806696167556,2.349423323366083,2341,1.2775842044134726,861,1.813503763889778,1.2775842044134726,3096
Pitcher,Aaron Shortridge,sa3006759,663336,2026,AAA,AA,6,3,A+ | AA | AAA,48.666666666666664,27.0,True,True,0.02847133235488954,0.11041571948322873,2.691157624946604,2341,0.9291521486643438,861,1.8101548868054738,0.9291521486643438,3097
Pitcher,Emmanuel Chapman,sa3023456,820888,2026,AA,AA,5,1,AA,44.666666666666664,27.0,True,True,0.021082400896446356,0.031105877940764762,1.2103746397694524,3470,2.376364804110469,1557,1.7933697219399607,1.2103746397694524,3098
Pitcher,Andrew Bash,sa3010259,687856,2026,AAA,AAA,6,4,A | A+ | AA | AAA,68.33333333333333,29.0,True,True,0.024258403184894892,0.11863688043847138,3.032891926527125,2341,0.4645760743321719,861,1.7487340004296485,0.4645760743321719,3099
Pitcher,Rob Kaminsky,15792,641739,2026,AAA,AAA,6,5,Complex | A | A+ | AA | AAA,39.0,31.0,True,True,0.023805938165065633,0.118133584560171,3.032891926527125,2341,0.4645760743321719,861,1.7487340004296485,0.4645760743321719,3099
Pitcher,Tristan Garnett,sa3017473,702911,2026,AA,AA,5,3,A | A+ | AA,38.333333333333336,28.000000000000004,True,True,0.020241093277138977,0.03725973181734175,1.7002881844380404,3470,1.7341040462427746,1557,1.7171961153404074,1.7002881844380404,3101
Pitcher,Zach Penrod,25368,683068,2026,AAA,AAA,6,3,A+ | AA | AAA,46.333333333333336,29.0,True,True,0.032908988212924435,0.07619435427572223,1.8368218709953013,2341,1.5098722415795587,861,1.67334705628743,1.5098722415795587,3102
Pitcher,Patrick Monteverde,29564,687287,2026,AAA,AAA,6,3,A+ | AA | AAA,96.0,28.0,True,True,0.028877119017468904,0.09360393848390738,2.2639897479709528,2341,1.0452961672473868,861,1.6546429576091697,1.0452961672473868,3103
Pitcher,Jose Espada,21131,664744,2026,AAA,AAA,6,4,Complex | A+ | AA | AAA,45.666666666666664,29.0,True,True,0.025295549564704554,0.1105621524764628,2.691157624946604,2341,0.5807200929152149,861,1.6359388589309094,0.5807200929152149,3104
Pitcher,Trevin Michael,sa3020400,800723,2026,AA,AA,5,2,A+ | AA,49.333333333333336,28.0,True,True,0.016991519459767082,0.04418724252920449,2.478386167146974,3470,0.7707129094412332,1557,1.6245495382941035,0.7707129094412332,3105
Pitcher,German Marquez,15038,608566,2026,AAA,AAA,6,4,A | A+ | AA | AAA,40.66666666666667,31.0,True,True,0.028776238320077457,0.08946740038200737,2.1785561725758225,2341,1.0452961672473868,861,1.6119261699116048,1.0452961672473868,3106
Pitcher,Lucas Knowles,sa3011676,686731,2026,AA,AA,5,3,A | A+ | AA,39.0,28.0,True,True,0.018901378481551337,0.03773133604297158,1.8731988472622478,3470,1.348747591522158,1557,1.610973219392203,1.348747591522158,3107
Pitcher,Shohei Tomioka,sa3014808,693388,2026,AA,AA,5,2,A+ | AA,44.333333333333336,30.0,True,True,0.022757828737132967,0.00947804878526535,0.2017291066282421,3470,3.0186255619781632,1557,1.6101773343032026,0.2017291066282421,3108
Pitcher,Ryder Ryan,19891,656924,2026,AAA,AAA,6,4,A | A+ | AA | AAA,69.66666666666667,31.000000000000004,True,True,0.023000687351980464,0.1113776147733636,2.691157624946604,2341,0.4645760743321719,861,1.577866849639388,0.4645760743321719,3109
Pitcher,Jack Carey,sa3017887,681004,2026,AA,AA,5,2,A+ | AA,33.333333333333336,26.0,True,True,0.01999672301361374,0.03314649690882861,1.38328530259366,3470,1.7341040462427746,1557,1.5586946744182173,1.38328530259366,3110
Pitcher,Rafi Vazquez,sa3077853,690207,2026,A+,A+,4,1,A+,21.333333333333332,27.999999999999996,True,False,0.009535129319374024,0.02764373965141045,1.0060362173038229,3976,2.097560975609756,2050,1.5517985964567895,1.0060362173038229,3111
Pitcher,Donye Evans,sa3023037,692288,2026,A,A,3,1,A,33.333333333333336,24.0,True,True,0.006957823269187454,0.0272965620987312,0.7282123561193329,4257,2.361872627583298,2371,1.5450424918513155,0.7282123561193329,3112
Pitcher,Kent Emanuel,15849,592288,2026,AAA,AAA,6,4,A | A+ | AA | AAA,27.666666666666668,34.0,True,False,0.026858016758295893,0.09695902774966471,2.3067065356685177,2341,0.6968641114982579,861,1.5017853235833878,0.6968641114982579,3113
Pitcher,Noah Davis,25862,663562,2026,AAA,AAA,6,3,A+ | AA | AAA,122.0,29.0,True,True,0.029843900141261388,0.07722875426740117,1.8368218709953013,2341,1.1614401858304297,861,1.4991310284128656,1.1614401858304297,3114
Pitcher,Sam Ryan,sa3010627,687857,2026,AA,AA,5,2,A+ | AA,38.0,27.0,True,True,0.02083156984177943,0.024716480066469704,0.8645533141210374,3470,2.1194605009633913,1557,1.4920069075422144,0.8645533141210374,3115
Pitcher,C.J. Widger,sa3020960,702448,2026,A+,A+,4,2,A | A+,22.0,27.0,True,False,0.009170028231860501,0.027964950031164428,1.056338028169014,3976,1.9024390243902438,2050,1.479388526279629,1.056338028169014,3116
Pitcher,Chase Plymell,sa3017985,684384,2026,AAA,AAA,6,4,A | A+ | AA | AAA,33.0,28.0,True,True,0.028673091377241153,0.082025923168785,2.007689021785562,2341,0.9291521486643438,861,1.4684205852249528,0.9291521486643438,3117
Pitcher,Noah Song,sa3011695,679977,2026,AAA,AAA,6,3,A+ | AA | AAA,71.33333333333333,29.0,True,True,0.027504202695384707,0.08247231314209835,2.007689021785562,2341,0.9291521486643438,861,1.4684205852249528,0.9291521486643438,3117
Pitcher,Beau Burrows,18873,663366,2026,AAA,AAA,6,5,Complex | A | A+ | AA | AAA,62.333333333333336,29.0,True,True,0.026804524717432377,0.09268315355933718,2.2212729602733874,2341,0.6968641114982579,861,1.4590685358858226,0.6968641114982579,3119
Pitcher,Spencer Bivens,30226,702352,2026,AAA,AAA,6,3,A | AA | AAA,75.0,32.0,True,True,0.02597839805006414,0.09644155122780762,2.3067065356685177,2341,0.5807200929152149,861,1.4437133142918663,0.5807200929152149,3120
Pitcher,Keegan Thompson,19795,624522,2026,AAA,AAA,6,3,A+ | AA | AAA,70.0,31.0,True,True,0.025129734526185943,0.09644755248109595,2.3067065356685177,2341,0.5807200929152149,861,1.4437133142918663,0.5807200929152149,3120
Pitcher,Ian Mejia,sa3019911,681256,2026,AA,AA,5,2,A+ | AA,63.666666666666664,26.0,True,True,0.019216669631356664,0.0351140492056296,1.4697406340057637,3470,1.4129736673089275,1557,1.4413571506573457,1.4129736673089275,3122
Pitcher,Aaron Rozek,sa3015224,702065,2026,AAA,AAA,6,4,A | A+ | AA | AAA,96.0,30.0,True,True,0.03150330433267847,0.06867393238876336,1.5805211448099103,2341,1.2775842044134726,861,1.4290526746116914,1.2775842044134726,3123
Pitcher,Devin Kirby-Williams,sa3022908,808846,2026,A+,A+,4,3,Complex | A | A+,21.333333333333332,26.0,True,False,0.004963388003809123,0.03826402522998338,2.3641851106639837,3976,0.43902439024390244,2050,1.401604750453943,0.43902439024390244,3124
Pitcher,Mike Clevinger,12808,605182,2026,AAA,AAA,6,4,A | A+ | AA | AAA,24.666666666666668,35.0,True,False,0.02557442908472534,0.09148042185615421,2.2212729602733874,2341,0.5807200929152149,861,1.4009965265943012,0.5807200929152149,3125
Pitcher,Marco Gonzales,15467,594835,2026,AAA,AAA,6,3,A+ | AA | AAA,69.0,34.0,True,True,0.026057282935167243,0.09245969910370337,2.2212729602733874,2341,0.5807200929152149,861,1.4009965265943012,0.5807200929152149,3125
Pitcher,Ryan Garcia,sa3011190,674114,2026,AAA,AA,6,3,A | AA | AAA,55.333333333333336,27.0,True,True,0.03349651219032246,0.05773142753602722,1.1533532678342588,2341,1.6260162601626016,861,1.3896847639984302,1.1533532678342588,3127
Pitcher,Nolan Santos,sa3023104,813828,2026,A+,A+,4,2,A | A+,44.333333333333336,25.000000000000004,True,True,0.008154538608467071,0.03286799492900033,1.4587525150905432,3976,1.3170731707317074,2050,1.3879128429111254,1.3170731707317074,3128
Pitcher,Austin Gomber,16561,596295,2026,AAA,AAA,6,4,A | A+ | AA | AAA,104.66666666666666,32.0,True,True,0.02536304660290182,0.08531956518219701,2.1785561725758225,2341,0.5807200929152149,861,1.3796381327455187,0.5807200929152149,3129
Pitcher,Ryan Brown,sa3022939,688664,2026,A+,A+,4,2,A | A+,34.0,25.0,True,True,0.0061916904393168725,0.03541601978784294,1.9366197183098592,3976,0.7317073170731707,2050,1.334163517691515,0.7317073170731707,3130
Pitcher,Carson Fulmer,18311,608334,2026,AAA,AAA,6,3,A+ | AA | AAA,116.66666666666667,32.0,True,True,0.023116909106361234,0.08674341975420263,2.1785561725758225,2341,0.4645760743321719,861,1.3215661234539973,0.4645760743321719,3131
Pitcher,K.C. Hunt,sa3022937,687268,2026,AAA,AAA,6,3,A+ | AA | AAA,30.0,25.0,True,True,0.03140465601876245,0.062302638137276954,1.2815036309269543,2341,1.2775842044134726,861,1.2795439176702135,1.2775842044134726,3132
Pitcher,Braden Scott,sa3018143,685310,2026,AA,AA,5,1,AA,39.666666666666664,27.999999999999996,True,True,0.01912036691040181,0.029023289977098975,1.0662824207492796,3470,1.4129736673089275,1557,1.2396280440291036,1.0662824207492796,3133
Pitcher,Carl Edwards Jr.,13607,605218,2026,AAA,AAA,6,5,Complex | A | A+ | AA | AAA,84.66666666666667,34.0,True,True,0.021792144399907332,0.07891055253583161,2.007689021785562,2341,0.4645760743321719,861,1.236132548058867,0.4645760743321719,3134
Pitcher,Kyle Brnovich,sa3014923,686599,2026,AAA,AA,6,3,A+ | AA | AAA,79.66666666666667,27.0,True,True,0.025302552585277405,0.07683706482798637,1.8368218709953013,2341,0.5807200929152149,861,1.2087709819552581,0.5807200929152149,3135
Pitcher,Trevor Gott,15046,641627,2026,AAA,AAA,6,4,A | A+ | AA | AAA,33.0,33.0,True,True,0.029102939653897073,0.06565458958960448,1.3669372063220846,2341,1.0452961672473868,861,1.2061166867847357,1.0452961672473868,3136
Pitcher,Yulian Quintana,sa3067459,831951,2026,A+,A+,4,3,Complex | A | A+,39.666666666666664,25.0,True,True,0.005624470959250921,0.03411064523033789,1.7354124748490947,3976,0.5853658536585366,2050,1.1603891642538156,0.5853658536585366,3137
Pitcher,Kyle Keller,18890,664918,2026,AAA,AAA,6,3,A | AA | AAA,31.333333333333332,33.0,True,True,0.029983142493056215,0.058444977406272094,1.1533532678342588,2341,1.1614401858304297,861,1.1573967268323444,1.1533532678342588,3138
Pitcher,Jesse Hahn,13287,534910,2026,AAA,AAA,6,3,A+ | AA | AAA,21.666666666666668,36.0,True,False,0.02336305719665382,0.07632144340950023,1.8368218709953013,2341,0.4645760743321719,861,1.1506989726637367,0.4645760743321719,3139
Pitcher,CD Pelham,19820,641962,2026,AAA,AAA,6,4,A | A+ | AA | AAA,39.666666666666664,30.999999999999996,True,True,0.025435356493931457,0.07222703315908142,1.7086715079026058,2341,0.5807200929152149,861,1.1446958004089103,0.5807200929152149,3140
Pitcher,Dominic Freeberger,sa3023418,802683,2026,A+,A+,4,1,A+,35.333333333333336,26.0,True,True,0.0077436534883919775,0.02844302894986602,1.0814889336016096,3976,1.1219512195121952,2050,1.1017200765569024,1.0814889336016096,3141
Pitcher,Thomas Bruss,sa3023480,800798,2026,A+,A+,4,2,A | A+,23.0,27.0,True,False,0.008227315531398516,0.024502256340741452,0.829979879275654,3976,1.3658536585365855,2050,1.0979167689061198,0.829979879275654,3142
Pitcher,Erick Mejia,15817,625510,2026,AA,AA,5,1,AA,24.0,31.0,True,False,0.0205686512679542,0.01487166288188197,0.2881844380403458,3470,1.8625561978163134,1557,1.0753703179283296,0.2881844380403458,3143
Pitcher,Cam Hill,16840,657611,2026,AAA,AAA,6,4,A | A+ | AA | AAA,55.333333333333336,32.0,True,True,0.027972942495618918,0.058722926968977865,1.1533532678342588,2341,0.9291521486643438,861,1.0412527082493013,0.9291521486643438,3144
Pitcher,Alexander Campos,sa3022221,814226,2026,Complex,Complex,2,2,International Rookie | Complex,32.333333333333336,23.0,True,True,0.0009828304096252231,0.016538360610522367,0.45931758530183725,1524,1.5296367112810707,1046,0.994477148291454,0.45931758530183725,3145
Pitcher,Justin Yeager,sa3010825,687866,2026,AAA,AAA,6,3,A | AA | AAA,45.333333333333336,28.000000000000004,True,True,0.02979894814613393,0.043568268525143755,0.7689021785561726,2341,1.1614401858304297,861,0.9651711821933011,0.7689021785561726,3146
Pitcher,Thomas Farr,sa3017720,686671,2026,AA,AA,5,2,A+ | AA,43.0,27.0,True,True,0.018284776626572997,0.02193975597537375,0.69164265129683,3470,1.2202954399486192,1557,0.9559690456227246,0.69164265129683,3147
Pitcher,Vince Velasquez,11189,592826,2026,AAA,AAA,6,4,A | A+ | AA | AAA,75.0,34.0,True,True,0.028362687846062086,0.049440141726688785,0.9397693293464332,2341,0.9291521486643438,861,0.9344607390053885,0.9291521486643438,3148
Pitcher,Domingo Acevedo,17092,642758,2026,AAA,AAA,6,5,International Rookie | A | A+ | AA | AAA,31.0,32.0,True,True,0.02010334102984984,0.06723795452051877,1.49508756941478,2341,0.34843205574912894,861,0.9217598125819545,0.34843205574912894,3149
Pitcher,Gabe Mosser,sa3006834,682077,2026,AAA,AAA,6,4,A | A+ | AA | AAA,125.66666666666667,30.0,True,True,0.020981311272169643,0.06361594739001407,1.3242204186245194,2341,0.4645760743321719,861,0.8943982464783456,0.4645760743321719,3150
Pitcher,Angel Obando,sa3006637,679752,2026,A,A,3,2,International Rookie | A,23.333333333333332,27.0,True,False,0.006120581543906199,0.014100958094211665,0.14094432699083861,4257,1.6448755799240826,2371,0.8929099534574606,0.14094432699083861,3151
Pitcher,Collin Snider,23307,676092,2026,AAA,AAA,6,4,A | A+ | AA | AAA,40.333333333333336,30.0,True,True,0.03026423250908109,0.033327280047573744,0.598035027765912,2341,1.1614401858304297,861,0.8797376067981708,0.598035027765912,3152
Pitcher,Kaleb Bowman,sa3020745,689337,2026,AAA,AAA,6,2,AA | AAA,50.0,29.0,True,True,0.031654960441907624,0.02974059339450486,0.4698846646732166,2341,1.2775842044134726,861,0.8737344345433447,0.4698846646732166,3153
Pitcher,Donal Montas,sa3019394,802075,2026,International Rookie,International Rookie,1,1,International Rookie,25.0,24.0,True,False,0.005464377749923917,0.006375696745821856,0.45413260672116257,2202,1.211734693877551,1568,0.8329336502993568,0.45413260672116257,3154
Pitcher,Lael Lockhart,sa3017502,679712,2026,AAA,AAA,6,3,A+ | AA | AAA,39.666666666666664,27.999999999999996,True,True,0.02253842965403282,0.060495629105922516,1.1533532678342588,2341,0.4645760743321719,861,0.8089646710832153,0.4645760743321719,3155
Pitcher,Dan Altavilla,16507,656186,2026,AAA,AAA,6,3,A+ | AA | AAA,44.333333333333336,33.0,True,True,0.02697163130657102,0.04710202230550694,0.8543357539513029,2341,0.6968641114982579,861,0.7755999327247804,0.6968641114982579,3156
Pitcher,Tommy Mace,sa3018140,676390,2026,AAA,AAA,6,3,A+ | AA | AAA,40.333333333333336,27.0,True,True,0.028634498444670673,0.033402634967101004,0.598035027765912,2341,0.9291521486643438,861,0.7635935882151279,0.598035027765912,3157
Pitcher,Domingo Robles,sa872881,660781,2026,AAA,AAA,6,6,International Rookie | Complex | A | A+ | AA | AAA,35.0,28.0,True,True,0.017147678904144453,0.06599900454987301,1.3669372063220846,2341,0.11614401858304298,861,0.7415406124525638,0.11614401858304298,3158
Pitcher,Josh Hejka,sa3011152,691196,2026,AA,AA,5,2,A+ | AA,23.333333333333332,29.0,True,False,0.01839471526655322,0.014472668480687517,0.25936599423631124,3470,1.2202954399486192,1557,0.7398307170924652,0.25936599423631124,3159
Pitcher,Will Armbruester,sa3067413,687006,2026,A,A,3,2,Complex | A,45.666666666666664,24.999999999999996,True,True,0.0049975397041073745,0.027990778757356616,0.7517030772844726,4257,0.6748207507380852,2371,0.7132619140112789,0.6748207507380852,3160
Pitcher,Paul Campbell,22248,669294,2026,AAA,AAA,6,4,A | A+ | AA | AAA,66.33333333333333,30.0,True,True,0.025060859034835244,0.0457673028710369,0.8116189662537378,2341,0.5807200929152149,861,0.6961695295844763,0.5807200929152149,3161
Pitcher,Hunter Omlid,sa3025589,804528,2026,A+,A+,4,1,A+,34.333333333333336,26.0,True,True,0.0063506626309417615,0.02042387283751259,0.5533199195171026,3976,0.7804878048780488,2050,0.6669038621975757,0.5533199195171026,3162
Pitcher,Pedro Avila,18864,658648,2026,AAA,AAA,6,5,International Rookie | A | A+ | AA | AAA,60.0,29.0,True,True,0.02429219780526168,0.045728588907520115,0.8116189662537378,2341,0.4645760743321719,861,0.6380975202929549,0.4645760743321719,3163
Pitcher,Houston Harding,sa3017820,699613,2026,AAA,AAA,6,3,A+ | AA | AAA,43.666666666666664,27.999999999999996,True,True,0.02291547644215135,0.04048219276068943,0.7261853908586074,2341,0.4645760743321719,861,0.5953807325953897,0.4645760743321719,3164
Pitcher,Tyler Ferguson,19481,621053,2026,AAA,AAA,6,3,A+ | AA | AAA,31.666666666666664,32.0,True,True,0.02400762792423329,0.03928856450839879,0.7261853908586074,2341,0.4645760743321719,861,0.5953807325953897,0.4645760743321719,3164
Pitcher,Max Green,sa3004092,676055,2026,AA,AA,5,3,A | A+ | AA,35.0,30.0,True,True,0.017376471638250006,0.019163272678836617,0.4034582132564842,3470,0.7707129094412332,1557,0.5870855613488587,0.4034582132564842,3166
Pitcher,Ryan Miller,22187,668943,2026,AAA,AAA,6,4,A | A+ | AA | AAA,59.0,30.0,True,True,0.020511771776969563,0.03800419727907628,0.6834686031610423,2341,0.4645760743321719,861,0.5740223387466071,0.4645760743321719,3167
Pitcher,Tommy Kahnle,11384,592454,2026,AAA,AAA,6,4,A | A+ | AA | AAA,25.333333333333332,36.0,True,False,0.020221389927751836,0.04294000044450039,0.7689021785561726,2341,0.34843205574912894,861,0.5586671171526507,0.34843205574912894,3168
Pitcher,Jose Cuas,17701,621016,2026,AAA,AAA,6,3,A | AA | AAA,40.0,32.0,True,True,0.020734505203306455,0.0376184512851373,0.6407518154634771,2341,0.4645760743321719,861,0.5526639448978246,0.4645760743321719,3169
Pitcher,Kaleb Ort,20061,672391,2026,AAA,AAA,6,3,A+ | AA | AAA,55.666666666666664,34.0,True,True,0.02154877018327208,0.03663048663842899,0.6407518154634771,2341,0.4645760743321719,861,0.5526639448978246,0.4645760743321719,3169
Pitcher,Pedro Garcia,sa3018872,801221,2026,A,A,3,3,International Rookie | Complex | A,56.333333333333336,24.0,True,True,0.004799145019287812,0.02449197678686345,0.5637773079633545,4257,0.5061155630535639,2371,0.5349464355084592,0.5061155630535639,3171
Pitcher,Michael Kelly,12791,547184,2026,AAA,AAA,6,5,Complex | A | A+ | AA | AAA,25.333333333333332,33.0,True,False,0.014357491491804635,0.054557915078443535,1.0679196924391285,2341,0.0,861,0.5339598462195643,0.0,3172
Pitcher,Chris Kachmar,sa1170503,690148,2026,AAA,AAA,6,3,A+ | AA | AAA,31.333333333333332,29.0,True,True,0.020666733286527388,0.03329044772887356,0.598035027765912,2341,0.4645760743321719,861,0.531305551049042,0.4645760743321719,3173
Pitcher,Anthony Gose,5097,543238,2026,AAA,AAA,6,1,AAA,46.0,35.0,True,True,0.025564367101542827,0.03056331455925442,0.4698846646732166,2341,0.5807200929152149,861,0.5253023787942157,0.4698846646732166,3174
Pitcher,Ben Anderson,sa3010560,670391,2026,AAA,AA,6,4,A | A+ | AA | AAA,32.0,27.0,True,True,0.01926838496136919,0.04321683477681731,0.7689021785561726,2341,0.23228803716608595,861,0.5005951078611293,0.23228803716608595,3175
Pitcher,Matt Seelinger,23563,676910,2026,AAA,AAA,6,3,A | AA | AAA,58.66666666666667,31.0,True,True,0.023853874605795362,0.030671104172023008,0.5126014523707817,2341,0.4645760743321719,861,0.48858876335147683,0.4645760743321719,3176
Pitcher,Aaron Sanchez,11490,592717,2026,AAA,AAA,6,4,A | A+ | AA | AAA,42.0,33.0,True,True,0.025213544767611843,0.027857012878451416,0.3844510892780863,2341,0.5807200929152149,861,0.48258559109665056,0.3844510892780863,3177
Pitcher,Rafael Montero,12760,606160,2026,AAA,AAA,6,5,Complex | A | A+ | AA | AAA,27.0,35.0,True,False,0.01521467722540716,0.05160695914307112,0.9397693293464332,2341,0.0,861,0.4698846646732166,0.0,3178
Pitcher,Conor Steinbaugh,sa3023419,805772,2026,A+,A+,4,2,A | A+,30.333333333333332,27.0,True,True,0.0054005446553288235,0.018005316101893456,0.4024144869215292,3976,0.5365853658536586,2050,0.46949992638759386,0.4024144869215292,3179
Pitcher,Josh Sborz,18323,622250,2026,AAA,AAA,6,3,A+ | AA | AAA,38.0,32.0,True,True,0.02142417304279029,0.030265657463754883,0.4698846646732166,2341,0.4645760743321719,861,0.46723036950269425,0.4645760743321719,3180
Pitcher,Nick Hernandez,19281,663321,2026,AAA,AAA,6,3,A+ | AA | AAA,55.0,31.0,True,True,0.020781875817054575,0.029545758032517796,0.4698846646732166,2341,0.4645760743321719,861,0.46723036950269425,0.4645760743321719,3180
Pitcher,Patrick Weigel,17792,622256,2026,AAA,AAA,6,3,A | AA | AAA,44.333333333333336,31.0,True,True,0.024171525619970616,0.028699213578916038,0.42716787697565145,2341,0.4645760743321719,861,0.4458719756539117,0.42716787697565145,3182
Pitcher,Scott Effross,18384,664123,2026,AAA,AAA,6,4,A | A+ | AA | AAA,51.333333333333336,32.0,True,True,0.018065789114337594,0.04496012446967122,0.7689021785561726,2341,0.11614401858304298,861,0.4425230985696078,0.11614401858304298,3183
Pitcher,Trey Supak,sa828707,657022,2026,AAA,AAA,6,5,Complex | A | A+ | AA | AAA,90.0,30.0,True,True,0.01852455899621826,0.04018473621110695,0.7261853908586074,2341,0.11614401858304298,861,0.42116470472082523,0.11614401858304298,3184
Pitcher,Chris Vallimont,24935,681808,2026,AAA,AA,6,4,A | A+ | AA | AAA,42.0,27.0,True,True,0.020369923852936414,0.029874814351077226,0.4698846646732166,2341,0.34843205574912894,861,0.4091583602111728,0.34843205574912894,3185
Pitcher,Brian Keller,19593,662144,2026,AAA,AAA,6,5,Complex | A | A+ | AA | AAA,58.666666666666664,32.0,True,True,0.014286915995123942,0.045715244995327434,0.8116189662537378,2341,0.0,861,0.4058094831268689,0.0,3186
Pitcher,Drake Fellows,sa3015208,666148,2026,AAA,AAA,6,2,AA | AAA,83.33333333333333,27.999999999999996,True,True,0.018597481966821004,0.03805000079916107,0.6834686031610423,2341,0.11614401858304298,861,0.39980631087204266,0.11614401858304298,3187
Pitcher,Dylan File,sa3004197,668766,2026,AAA,AAA,6,4,A | A+ | AA | AAA,119.33333333333333,30.0,True,True,0.018131712302019556,0.03700060869448592,0.6407518154634771,2341,0.11614401858304298,861,0.3784479170232601,0.11614401858304298,3188
Pitcher,Dallas Keuchel,9434,572971,2026,AAA,AAA,6,3,A+ | AA | AAA,25.0,38.0,True,False,0.017524499264190686,0.03414910825707616,0.598035027765912,2341,0.11614401858304298,861,0.3570895231744775,0.11614401858304298,3189
Pitcher,Mitch Myers,sa3018179,688490,2026,AA,AA,5,3,A | A+ | AA,35.0,27.0,True,True,0.014378042372229219,0.02086181022824905,0.6340057636887608,3470,0.06422607578676943,1557,0.3491159197377651,0.06422607578676943,3190
Pitcher,Roel Garcia III,sa3020253,684967,2026,AA,AA,5,2,A+ | AA,44.333333333333336,27.0,True,True,0.016016486571036884,0.013940011047681992,0.25936599423631124,3470,0.32113037893384716,1557,0.2902481865850792,0.25936599423631124,3191
Pitcher,Erasmo Ramirez,10314,541640,2026,AAA,AAA,6,3,A | AA | AAA,31.0,36.0,True,True,0.023390021761609283,0.009392758128639662,0.0,2341,0.4645760743321719,861,0.23228803716608595,0.0,3192
Pitcher,Wander Suero,15855,593833,2026,AAA,AAA,6,6,International Rookie | Complex | A | A+ | AA | AAA,51.333333333333336,34.0,True,True,0.015848018282179115,0.027702480488973297,0.3844510892780863,2341,0.0,861,0.19222554463904315,0.0,3193
Pitcher,Roilan Portuondo,sa3068784,820905,2026,A,A,3,2,International Rookie | A,38.333333333333336,27.0,True,True,0.004005111281276517,0.007733022096018079,0.04698144233027954,4257,0.3374103753690426,2371,0.1921959088496611,0.04698144233027954,3194
Pitcher,Blane Abeyta,sa3014975,686588,2026,AA,AA,5,3,A | A+ | AA,48.666666666666664,27.0,True,True,0.012739155060968387,0.016964454750992296,0.3170028818443804,3470,0.06422607578676943,1557,0.19061447881557492,0.06422607578676943,3195
Pitcher,Austin Voth,15047,608723,2026,AAA,AAA,6,4,A | A+ | AA | AAA,44.333333333333336,34.0,True,True,0.018014207760338807,0.02472453773157935,0.25630072618539085,2341,0.11614401858304298,861,0.1862223723842169,0.11614401858304298,3196
Pitcher,Ryan Brasier,5615,518489,2026,AAA,AAA,6,4,A | A+ | AA | AAA,22.666666666666668,38.0,True,False,0.016792550549226702,0.026784280038179138,0.34173430158052115,2341,0.0,861,0.17086715079026057,0.0,3197
Pitcher,Bryce Conley,sa3004704,676785,2026,AAA,AA,6,4,A | A+ | AA | AAA,73.66666666666667,29.999999999999996,True,True,0.016984199140088946,0.021045868113721902,0.21358393848782573,2341,0.11614401858304298,861,0.16486397853543436,0.11614401858304298,3198
Pitcher,Bryan Sammons,20462,676614,2026,AAA,AAA,6,4,A | A+ | AA | AAA,41.0,31.0,True,True,0.01694951523069205,0.0158742769031979,0.17086715079026057,2341,0.11614401858304298,861,0.14350558468665178,0.11614401858304298,3199
Pitcher,Jordan Carr,sa3017769,703103,2026,A+,A+,4,2,A | A+,46.666666666666664,27.999999999999996,True,True,0.003878287983221686,0.009922513469238331,0.07545271629778671,3976,0.1951219512195122,2050,0.13528733375864946,0.07545271629778671,3200
Pitcher,Ty Blach,14361,621389,2026,AAA,AAA,6,3,A+ | AA | AAA,58.0,35.0,True,True,0.013593713845261651,0.015279692062367966,0.12815036309269542,2341,0.0,861,0.06407518154634771,0.0,3201
Pitcher,Brandon Leibrandt,16135,605335,2026,AAA,AAA,6,3,A+ | AA | AAA,79.0,33.0,True,True,0.01736006531010989,0.01233323462565281,0.0,2341,0.11614401858304298,861,0.05807200929152149,0.0,3202
Pitcher,Dylan Hecht,sa3067284,663408,2026,AA,AA,5,1,AA,33.666666666666664,32.0,True,True,0.01361358933017455,0.0007409961697971532,0.0,3470,0.06422607578676943,1557,0.03211303789338472,0.0,3203
Pitcher,Andrew Thurman,sa621668,592806,2026,AA,AA,5,3,A | A+ | AA,58.333333333333336,34.0,True,True,0.00937878404998258,0.000857421776590043,0.0,3470,0.06422607578676943,1557,0.03211303789338472,0.0,3203
Pitcher,Cam Booser,16061,592155,2026,AAA,AAA,6,3,A | AA | AAA,20.0,34.0,True,False,0.014310798298358183,0.013554483597626062,0.042716787697565144,2341,0.0,861,0.021358393848782572,0.0,3205
Pitcher,Dietrich Enns,13932,608650,2026,AAA,AAA,6,4,A | A+ | AA | AAA,49.666666666666664,35.0,True,True,0.013913973113779713,0.004498932092332319,0.0,2341,0.0,861,0.0,0.0,3206
Pitcher,Casey Lawrence,11121,596271,2026,AAA,AAA,6,4,A | A+ | AA | AAA,153.33333333333331,38.0,True,True,0.005415159472634287,0.001335801232819121,0.0,2341,0.0,861,0.0,0.0,3206
Pitcher,Carlos Carrasco,6632,471911,2026,AAA,AAA,6,4,A | A+ | AA | AAA,35.333333333333336,39.0,True,True,0.015921115931292546,0.011476227703228047,0.0,2341,0.0,861,0.0,0.0,3206
